dataset,model,elapsed_mean,elapsed_std,nnz_mean,nnz_std,fdr_mean,fdr_std,tpr_mean,tpr_std,fpr_mean,fpr_std,precision_mean,precision_std,recall_mean,recall_std,F1_mean,F1_std,shd_mean,shd_std,SID_mean,SID_std,source_kind,graph_kind,n_nodes,filename_n_edges,n_edges,graph_type,graph_type_label,NSHD_mean,NSHD_std,SID_low_mean,SID_low_std,SID_high_mean,SID_high_std,NSID_mean,NSID_std,NSID_low_mean,NSID_low_std,NSID_high_mean,NSID_high_std
dag_10_nodes_10_edges_degrees_ER,FGS,0.2,0.21,6.64,1.52,0.94,0.1,0.04,0.07,0.18,0.04,0.06,0.1,0.04,0.07,0.05,0.08,14.94,1.54,35.04,4.04,,dag,10,10,10,ER,ER,1.494,0.154,35.04,4.04,35.04,4.04,3.504,0.404,3.504,0.404,3.504,0.404
dag_10_nodes_10_edges_degrees_ER,NOTEARS-MLP,0.83,2.12,0.04,0.2,0.04,0.2,0.0,0.0,0.0,0.01,0.0,0.0,0.0,0.0,0.0,0.0,10.0,0.0,31.12,0.85,,dag,10,10,10,ER,ER,1.0,0.0,31.12,0.85,31.12,0.85,3.112,0.08499999999999999,3.112,0.08499999999999999,3.112,0.08499999999999999
dag_10_nodes_10_edges_degrees_ER,Random,0.0,0.0,27.68,10.14,0.9,0.06,0.28,0.2,0.71,0.26,0.1,0.06,0.28,0.2,0.14,0.09,28.88,7.0,27.08,8.77,,dag,10,10,10,ER,ER,2.888,0.7,27.08,8.77,27.08,8.77,2.7079999999999997,0.877,2.7079999999999997,0.877,2.7079999999999997,0.877
dag_10_nodes_10_edges_degrees_SF,FGS,0.16,0.01,4.24,1.44,0.92,0.13,0.04,0.06,0.11,0.04,0.08,0.13,0.04,0.06,0.05,0.08,11.92,1.44,18.38,4.56,,dag,10,10,9,SF,SF,1.3244444444444445,0.16,18.38,4.56,18.38,4.56,2.042222222222222,0.5066666666666666,2.042222222222222,0.5066666666666666,2.042222222222222,0.5066666666666666
dag_10_nodes_10_edges_degrees_SF,NOTEARS-MLP,0.81,0.31,0.1,0.3,0.0,0.0,0.01,0.03,0.0,0.0,0.1,0.3,0.01,0.03,0.02,0.06,8.9,0.3,13.9,0.3,,dag,10,10,9,SF,SF,0.9888888888888889,0.03333333333333333,13.9,0.3,13.9,0.3,1.5444444444444445,0.03333333333333333,1.5444444444444445,0.03333333333333333,1.5444444444444445,0.03333333333333333
dag_10_nodes_10_edges_degrees_SF,Random,0.0,0.0,27.68,10.14,0.9,0.05,0.29,0.18,0.7,0.26,0.1,0.05,0.29,0.18,0.14,0.08,28.5,7.54,22.36,11.07,,dag,10,10,9,SF,SF,3.1666666666666665,0.8377777777777777,22.36,11.07,22.36,11.07,2.4844444444444442,1.23,2.4844444444444442,1.23,2.4844444444444442,1.23
dag_10_nodes_10_edges_degrees_random,FGS,0.17,0.02,6.64,1.43,0.94,0.07,0.04,0.05,0.18,0.04,0.06,0.07,0.04,0.05,0.05,0.06,14.82,1.51,33.76,6.91,,dag,10,10,10,random,LT,1.482,0.151,33.76,6.91,33.76,6.91,3.376,0.6910000000000001,3.376,0.6910000000000001,3.376,0.6910000000000001
dag_10_nodes_10_edges_degrees_random,NOTEARS-MLP,0.79,0.35,0.06,0.24,0.0,0.0,0.01,0.02,0.0,0.0,0.06,0.24,0.01,0.02,0.01,0.04,9.94,0.24,22.94,0.24,,dag,10,10,10,random,LT,0.994,0.024,22.94,0.24,22.94,0.24,2.294,0.024,2.294,0.024,2.294,0.024
dag_10_nodes_10_edges_degrees_random,Random,0.0,0.0,27.68,10.14,0.89,0.06,0.29,0.14,0.71,0.27,0.11,0.06,0.29,0.14,0.15,0.07,28.32,7.68,31.24,9.71,,dag,10,10,10,random,LT,2.832,0.768,31.24,9.71,31.24,9.71,3.1239999999999997,0.9710000000000001,3.1239999999999997,0.9710000000000001,3.1239999999999997,0.9710000000000001
dag_10_nodes_10_edges_none_ER,FGS,0.09,0.01,7.5,1.61,0.66,0.18,0.26,0.14,0.27,0.1,0.34,0.18,0.26,0.14,0.29,0.15,10.84,2.74,35.88,5.22,,dag,10,10,10,ER,ER,1.084,0.274,35.88,5.22,35.88,5.22,3.588,0.522,3.588,0.522,3.588,0.522
dag_10_nodes_10_edges_none_ER,NOTEARS-MLP,0.2,0.09,0.1,0.3,0.06,0.24,0.0,0.02,0.0,0.01,0.04,0.2,0.0,0.02,0.01,0.04,9.96,0.2,46.78,1.42,,dag,10,10,10,ER,ER,0.9960000000000001,0.02,46.78,1.42,46.78,1.42,4.678,0.142,4.678,0.142,4.678,0.142
dag_10_nodes_10_edges_none_ER,Random,0.0,0.0,18.22,6.1,0.82,0.09,0.34,0.21,0.82,0.27,0.18,0.09,0.34,0.21,0.23,0.12,18.34,3.28,32.16,10.0,,dag,10,10,10,ER,ER,1.834,0.32799999999999996,32.16,10.0,32.16,10.0,3.2159999999999997,1.0,3.2159999999999997,1.0,3.2159999999999997,1.0
dag_10_nodes_10_edges_none_SF,FGS,0.08,0.01,3.2,1.37,0.61,0.21,0.12,0.02,0.06,0.04,0.39,0.21,0.12,0.02,0.17,0.03,9.26,0.94,16.9,6.23,,dag,10,10,9,SF,SF,1.028888888888889,0.10444444444444444,16.9,6.23,16.9,6.23,1.8777777777777775,0.6922222222222223,1.8777777777777775,0.6922222222222223,1.8777777777777775,0.6922222222222223
dag_10_nodes_10_edges_none_SF,NOTEARS-MLP,0.28,0.09,0.04,0.2,0.0,0.0,0.0,0.02,0.0,0.0,0.04,0.2,0.0,0.02,0.01,0.04,8.96,0.2,11.96,0.2,,dag,10,10,9,SF,SF,0.9955555555555556,0.022222222222222223,11.96,0.2,11.96,0.2,1.328888888888889,0.022222222222222223,1.328888888888889,0.022222222222222223,1.328888888888889,0.022222222222222223
dag_10_nodes_10_edges_none_SF,Random,0.0,0.0,27.68,10.14,0.9,0.08,0.3,0.22,0.69,0.26,0.1,0.08,0.3,0.22,0.14,0.11,28.64,7.39,21.5,14.34,,dag,10,10,9,SF,SF,3.1822222222222223,0.8211111111111111,21.5,14.34,21.5,14.34,2.388888888888889,1.5933333333333333,2.388888888888889,1.5933333333333333,2.388888888888889,1.5933333333333333
dag_10_nodes_10_edges_none_random,FGS,0.09,0.01,6.32,1.62,0.83,0.11,0.11,0.07,0.15,0.04,0.17,0.11,0.11,0.07,0.14,0.08,13.82,1.4,15.72,3.63,,dag,10,10,10,random,LT,1.3820000000000001,0.13999999999999999,15.72,3.63,15.72,3.63,1.572,0.363,1.572,0.363,1.572,0.363
dag_10_nodes_10_edges_none_random,NOTEARS-MLP,0.3,0.1,0.06,0.24,0.02,0.14,0.0,0.02,0.0,0.0,0.04,0.2,0.0,0.02,0.01,0.04,9.98,0.25,16.96,0.2,,dag,10,10,10,random,LT,0.998,0.025,16.96,0.2,16.96,0.2,1.6960000000000002,0.02,1.6960000000000002,0.02,1.6960000000000002,0.02
dag_10_nodes_10_edges_none_random,Random,0.0,0.0,27.68,10.14,0.9,0.06,0.26,0.18,0.72,0.27,0.1,0.06,0.26,0.18,0.14,0.08,28.92,7.15,25.64,10.78,,dag,10,10,10,random,LT,2.8920000000000003,0.7150000000000001,25.64,10.78,25.64,10.78,2.564,1.0779999999999998,2.564,1.0779999999999998,2.564,1.0779999999999998
dag_10_nodes_10_edges_semantics_ER,FGS,0.09,0.01,6.0,1.68,0.95,0.09,0.03,0.06,0.16,0.05,0.05,0.09,0.03,0.06,0.04,0.07,14.94,1.61,40.0,5.72,,dag,10,10,10,ER,ER,1.494,0.161,40.0,5.72,40.0,5.72,4.0,0.572,4.0,0.572,4.0,0.572
dag_10_nodes_10_edges_semantics_ER,NOTEARS-MLP,0.55,0.32,0.06,0.24,0.04,0.2,0.0,0.01,0.0,0.01,0.02,0.14,0.0,0.01,0.0,0.03,9.98,0.14,39.98,0.65,,dag,10,10,10,ER,ER,0.998,0.014000000000000002,39.98,0.65,39.98,0.65,3.9979999999999998,0.065,3.9979999999999998,0.065,3.9979999999999998,0.065
dag_10_nodes_10_edges_semantics_ER,Random,0.0,0.0,27.68,10.14,0.89,0.06,0.31,0.19,0.7,0.26,0.11,0.06,0.31,0.19,0.16,0.08,28.32,7.31,34.38,13.29,,dag,10,10,10,ER,ER,2.832,0.731,34.38,13.29,34.38,13.29,3.438,1.329,3.438,1.329,3.438,1.329
dag_10_nodes_10_edges_semantics_SF,FGS,0.15,0.02,4.34,1.19,0.88,0.19,0.05,0.09,0.11,0.04,0.12,0.19,0.05,0.09,0.07,0.12,12.02,1.8,19.9,5.26,,dag,10,10,9,SF,SF,1.3355555555555556,0.2,19.9,5.26,19.9,5.26,2.211111111111111,0.5844444444444444,2.211111111111111,0.5844444444444444,2.211111111111111,0.5844444444444444
dag_10_nodes_10_edges_semantics_SF,NOTEARS-MLP,0.92,0.45,0.06,0.24,0.0,0.0,0.01,0.03,0.0,0.0,0.06,0.24,0.01,0.03,0.01,0.05,8.94,0.24,12.94,0.24,,dag,10,10,9,SF,SF,0.9933333333333333,0.026666666666666665,12.94,0.24,12.94,0.24,1.4377777777777778,0.026666666666666665,1.4377777777777778,0.026666666666666665,1.4377777777777778,0.026666666666666665
dag_10_nodes_10_edges_semantics_SF,Random,0.0,0.0,27.68,10.14,0.89,0.07,0.33,0.2,0.69,0.27,0.11,0.07,0.33,0.2,0.16,0.09,27.94,8.25,21.36,12.92,,dag,10,10,9,SF,SF,3.104444444444445,0.9166666666666666,21.36,12.92,21.36,12.92,2.373333333333333,1.4355555555555555,2.373333333333333,1.4355555555555555,2.373333333333333,1.4355555555555555
dag_10_nodes_10_edges_semantics_random,FGS,0.09,0.01,6.68,1.63,0.95,0.08,0.03,0.05,0.18,0.05,0.05,0.08,0.03,0.05,0.04,0.06,15.4,1.78,42.98,6.96,,dag,10,10,10,random,LT,1.54,0.178,42.98,6.96,42.98,6.96,4.298,0.696,4.298,0.696,4.298,0.696
dag_10_nodes_10_edges_semantics_random,NOTEARS-MLP,0.27,0.1,0.0,0.0,0.0,0.0,0.0,0.0,0.0,0.0,0.0,0.0,0.0,0.0,0.0,0.0,10.0,0.0,37.0,0.0,,dag,10,10,10,random,LT,1.0,0.0,37.0,0.0,37.0,0.0,3.7,0.0,3.7,0.0,3.7,0.0
dag_10_nodes_10_edges_semantics_random,Random,0.0,0.0,27.68,10.14,0.89,0.06,0.31,0.18,0.7,0.26,0.11,0.06,0.31,0.18,0.16,0.08,29.02,7.03,46.66,12.08,,dag,10,10,10,random,LT,2.902,0.7030000000000001,46.66,12.08,46.66,12.08,4.6659999999999995,1.208,4.6659999999999995,1.208,4.6659999999999995,1.208
dag_10_nodes_15_edges_degrees_ER,FGS,0.09,0.01,9.7,1.69,0.84,0.09,0.11,0.07,0.27,0.05,0.16,0.09,0.11,0.07,0.13,0.08,20.36,1.84,52.8,5.89,,dag,10,15,15,ER,ER,1.3573333333333333,0.12266666666666667,52.8,5.89,52.8,5.89,3.52,0.39266666666666666,3.52,0.39266666666666666,3.52,0.39266666666666666
dag_10_nodes_15_edges_degrees_ER,NOTEARS-MLP,0.3,0.1,0.02,0.14,0.0,0.0,0.0,0.01,0.0,0.0,0.02,0.14,0.0,0.01,0.0,0.02,14.98,0.14,55.98,0.14,,dag,10,15,15,ER,ER,0.9986666666666667,0.009333333333333334,55.98,0.14,55.98,0.14,3.7319999999999998,0.009333333333333334,3.7319999999999998,0.009333333333333334,3.7319999999999998,0.009333333333333334
dag_10_nodes_15_edges_degrees_ER,Random,0.0,0.0,27.68,10.14,0.84,0.06,0.31,0.17,0.77,0.28,0.16,0.06,0.31,0.17,0.21,0.09,29.06,5.26,53.02,10.66,,dag,10,15,15,ER,ER,1.9373333333333334,0.3506666666666666,53.02,10.66,53.02,10.66,3.534666666666667,0.7106666666666667,3.534666666666667,0.7106666666666667,3.534666666666667,0.7106666666666667
dag_10_nodes_15_edges_degrees_SF,FGS,0.17,0.03,7.9,1.75,0.74,0.1,0.12,0.05,0.21,0.06,0.26,0.1,0.12,0.05,0.16,0.06,19.14,1.58,37.94,9.46,,dag,10,15,17,SF,SF,1.1258823529411766,0.09294117647058824,37.94,9.46,37.94,9.46,2.2317647058823527,0.5564705882352942,2.2317647058823527,0.5564705882352942,2.2317647058823527,0.5564705882352942
dag_10_nodes_15_edges_degrees_SF,NOTEARS-MLP,0.69,0.3,0.0,0.0,0.0,0.0,0.0,0.0,0.0,0.0,0.0,0.0,0.0,0.0,0.0,0.0,17.0,0.0,33.0,0.0,,dag,10,15,17,SF,SF,1.0,0.0,33.0,0.0,33.0,0.0,1.9411764705882353,0.0,1.9411764705882353,0.0,1.9411764705882353,0.0
dag_10_nodes_15_edges_degrees_SF,Random,0.0,0.0,27.68,10.14,0.83,0.08,0.29,0.19,0.81,0.28,0.17,0.08,0.29,0.19,0.21,0.11,29.44,4.53,48.42,13.14,,dag,10,15,17,SF,SF,1.731764705882353,0.2664705882352941,48.42,13.14,48.42,13.14,2.848235294117647,0.7729411764705882,2.848235294117647,0.7729411764705882,2.848235294117647,0.7729411764705882
dag_10_nodes_15_edges_degrees_random,FGS,0.17,0.02,11.14,1.88,0.76,0.09,0.17,0.06,0.28,0.06,0.24,0.09,0.17,0.06,0.2,0.07,19.42,2.11,58.0,8.25,,dag,10,15,15,random,LT,1.2946666666666669,0.14066666666666666,58.0,8.25,58.0,8.25,3.8666666666666667,0.55,3.8666666666666667,0.55,3.8666666666666667,0.55
dag_10_nodes_15_edges_degrees_random,NOTEARS-MLP,0.64,0.25,0.0,0.0,0.0,0.0,0.0,0.0,0.0,0.0,0.0,0.0,0.0,0.0,0.0,0.0,15.0,0.0,53.0,0.0,,dag,10,15,15,random,LT,1.0,0.0,53.0,0.0,53.0,0.0,3.533333333333333,0.0,3.533333333333333,0.0,3.533333333333333,0.0
dag_10_nodes_15_edges_degrees_random,Random,0.0,0.0,27.68,10.14,0.84,0.07,0.3,0.14,0.77,0.3,0.16,0.07,0.3,0.14,0.21,0.08,29.38,6.15,54.26,12.94,,dag,10,15,15,random,LT,1.9586666666666666,0.41000000000000003,54.26,12.94,54.26,12.94,3.6173333333333333,0.8626666666666666,3.6173333333333333,0.8626666666666666,3.6173333333333333,0.8626666666666666
dag_10_nodes_15_edges_none_ER,FGS,0.16,0.03,8.84,2.11,0.79,0.09,0.12,0.05,0.23,0.07,0.21,0.09,0.12,0.05,0.15,0.06,18.04,1.76,55.6,6.38,,dag,10,15,15,ER,ER,1.2026666666666666,0.11733333333333333,55.6,6.38,55.6,6.38,3.7066666666666666,0.42533333333333334,3.7066666666666666,0.42533333333333334,3.7066666666666666,0.42533333333333334
dag_10_nodes_15_edges_none_ER,NOTEARS-MLP,0.97,0.42,0.02,0.14,0.0,0.0,0.0,0.01,0.0,0.0,0.02,0.14,0.0,0.01,0.0,0.02,14.98,0.14,48.9,0.71,,dag,10,15,15,ER,ER,0.9986666666666667,0.009333333333333334,48.9,0.71,48.9,0.71,3.26,0.04733333333333333,3.26,0.04733333333333333,3.26,0.04733333333333333
dag_10_nodes_15_edges_none_ER,Random,0.0,0.0,27.68,10.14,0.84,0.08,0.3,0.18,0.77,0.29,0.16,0.08,0.3,0.18,0.2,0.1,28.98,6.23,49.52,13.2,,dag,10,15,15,ER,ER,1.932,0.4153333333333334,49.52,13.2,49.52,13.2,3.3013333333333335,0.88,3.3013333333333335,0.88,3.3013333333333335,0.88
dag_10_nodes_15_edges_none_SF,FGS,0.17,0.02,8.48,2.03,0.75,0.1,0.12,0.05,0.23,0.07,0.25,0.1,0.12,0.05,0.16,0.07,20.5,1.93,43.02,6.85,,dag,10,15,17,SF,SF,1.2058823529411764,0.11352941176470588,43.02,6.85,43.02,6.85,2.530588235294118,0.4029411764705882,2.530588235294118,0.4029411764705882,2.530588235294118,0.4029411764705882
dag_10_nodes_15_edges_none_SF,NOTEARS-MLP,0.72,0.25,0.0,0.0,0.0,0.0,0.0,0.0,0.0,0.0,0.0,0.0,0.0,0.0,0.0,0.0,17.0,0.0,39.0,0.0,,dag,10,15,17,SF,SF,1.0,0.0,39.0,0.0,39.0,0.0,2.2941176470588234,0.0,2.2941176470588234,0.0,2.2941176470588234,0.0
dag_10_nodes_15_edges_none_SF,Random,0.0,0.0,27.68,10.14,0.82,0.08,0.3,0.17,0.81,0.29,0.18,0.08,0.3,0.17,0.22,0.1,28.9,5.04,51.9,13.63,,dag,10,15,17,SF,SF,1.7,0.2964705882352941,51.9,13.63,51.9,13.63,3.052941176470588,0.8017647058823529,3.052941176470588,0.8017647058823529,3.052941176470588,0.8017647058823529
dag_10_nodes_15_edges_none_random,FGS,0.17,0.03,8.6,2.05,0.82,0.13,0.11,0.09,0.23,0.06,0.18,0.13,0.11,0.09,0.13,0.1,18.88,2.04,38.8,6.7,,dag,10,15,15,random,LT,1.2586666666666666,0.136,38.8,6.7,38.8,6.7,2.5866666666666664,0.44666666666666666,2.5866666666666664,0.44666666666666666,2.5866666666666664,0.44666666666666666
dag_10_nodes_15_edges_none_random,NOTEARS-MLP,0.68,0.25,0.0,0.0,0.0,0.0,0.0,0.0,0.0,0.0,0.0,0.0,0.0,0.0,0.0,0.0,15.0,0.0,34.0,0.0,,dag,10,15,15,random,LT,1.0,0.0,34.0,0.0,34.0,0.0,2.2666666666666666,0.0,2.2666666666666666,0.0,2.2666666666666666,0.0
dag_10_nodes_15_edges_none_random,Random,0.0,0.0,27.68,10.14,0.84,0.06,0.3,0.16,0.77,0.29,0.16,0.06,0.3,0.16,0.2,0.08,29.08,5.83,45.12,11.03,,dag,10,15,15,random,LT,1.9386666666666665,0.38866666666666666,45.12,11.03,45.12,11.03,3.008,0.7353333333333333,3.008,0.7353333333333333,3.008,0.7353333333333333
dag_10_nodes_15_edges_semantics_ER,FGS,0.17,0.04,7.74,1.83,0.86,0.11,0.08,0.07,0.22,0.05,0.14,0.11,0.08,0.07,0.1,0.08,18.98,1.52,47.94,8.69,,dag,10,15,15,ER,ER,1.2653333333333334,0.10133333333333333,47.94,8.69,47.94,8.69,3.1959999999999997,0.5793333333333333,3.1959999999999997,0.5793333333333333,3.1959999999999997,0.5793333333333333
dag_10_nodes_15_edges_semantics_ER,NOTEARS-MLP,0.91,0.36,0.04,0.2,0.0,0.0,0.0,0.01,0.0,0.0,0.04,0.2,0.0,0.01,0.0,0.02,14.96,0.2,42.76,1.19,,dag,10,15,15,ER,ER,0.9973333333333334,0.013333333333333334,42.76,1.19,42.76,1.19,2.8506666666666667,0.07933333333333333,2.8506666666666667,0.07933333333333333,2.8506666666666667,0.07933333333333333
dag_10_nodes_15_edges_semantics_ER,Random,0.0,0.0,27.68,10.14,0.83,0.1,0.31,0.18,0.77,0.3,0.17,0.1,0.31,0.18,0.21,0.11,28.74,6.42,49.92,13.01,,dag,10,15,15,ER,ER,1.916,0.428,49.92,13.01,49.92,13.01,3.3280000000000003,0.8673333333333333,3.3280000000000003,0.8673333333333333,3.3280000000000003,0.8673333333333333
dag_10_nodes_15_edges_semantics_SF,FGS,0.17,0.03,11.32,2.01,0.85,0.08,0.1,0.06,0.34,0.07,0.15,0.08,0.1,0.06,0.12,0.07,22.7,1.98,53.78,7.7,,dag,10,15,17,SF,SF,1.3352941176470587,0.11647058823529412,53.78,7.7,53.78,7.7,3.163529411764706,0.45294117647058824,3.163529411764706,0.45294117647058824,3.163529411764706,0.45294117647058824
dag_10_nodes_15_edges_semantics_SF,NOTEARS-MLP,0.73,0.35,0.02,0.14,0.0,0.0,0.0,0.01,0.0,0.0,0.02,0.14,0.0,0.01,0.0,0.02,16.98,0.14,39.96,0.28,,dag,10,15,17,SF,SF,0.9988235294117648,0.00823529411764706,39.96,0.28,39.96,0.28,2.3505882352941176,0.01647058823529412,2.3505882352941176,0.01647058823529412,2.3505882352941176,0.01647058823529412
dag_10_nodes_15_edges_semantics_SF,Random,0.0,0.0,27.68,10.14,0.8,0.06,0.32,0.14,0.8,0.3,0.2,0.06,0.32,0.14,0.23,0.08,28.9,5.2,52.28,9.25,,dag,10,15,17,SF,SF,1.7,0.3058823529411765,52.28,9.25,52.28,9.25,3.0752941176470587,0.5441176470588235,3.0752941176470587,0.5441176470588235,3.0752941176470587,0.5441176470588235
dag_10_nodes_15_edges_semantics_random,FGS,0.18,0.04,10.06,2.04,0.8,0.11,0.14,0.08,0.27,0.06,0.2,0.11,0.14,0.08,0.16,0.09,18.54,1.93,45.24,7.86,,dag,10,15,15,random,LT,1.236,0.12866666666666665,45.24,7.86,45.24,7.86,3.016,0.524,3.016,0.524,3.016,0.524
dag_10_nodes_15_edges_semantics_random,NOTEARS-MLP,0.84,0.33,0.02,0.14,0.02,0.14,0.0,0.0,0.0,0.0,0.0,0.0,0.0,0.0,0.0,0.0,15.0,0.0,41.12,0.85,,dag,10,15,15,random,LT,1.0,0.0,41.12,0.85,41.12,0.85,2.741333333333333,0.056666666666666664,2.741333333333333,0.056666666666666664,2.741333333333333,0.056666666666666664
dag_10_nodes_15_edges_semantics_random,Random,0.0,0.0,27.68,10.14,0.84,0.07,0.29,0.16,0.78,0.29,0.16,0.07,0.29,0.16,0.19,0.08,29.08,5.76,52.84,12.35,,dag,10,15,15,random,LT,1.9386666666666665,0.384,52.84,12.35,52.84,12.35,3.522666666666667,0.8233333333333334,3.522666666666667,0.8233333333333334,3.522666666666667,0.8233333333333334
dag_15_nodes_15_edges_degrees_ER,FGS,0.18,0.03,8.72,1.8,0.92,0.08,0.05,0.05,0.11,0.02,0.08,0.08,0.05,0.05,0.06,0.06,21.28,1.54,41.4,5.49,,dag,15,15,15,ER,ER,1.4186666666666667,0.10266666666666667,41.4,5.49,41.4,5.49,2.76,0.366,2.76,0.366,2.76,0.366
dag_15_nodes_15_edges_degrees_ER,NOTEARS-MLP,1.6,0.71,0.1,0.3,0.06,0.24,0.0,0.01,0.0,0.0,0.04,0.2,0.0,0.01,0.0,0.02,14.96,0.2,42.98,1.44,,dag,15,15,15,ER,ER,0.9973333333333334,0.013333333333333334,42.98,1.44,42.98,1.44,2.865333333333333,0.096,2.865333333333333,0.096,2.865333333333333,0.096
dag_15_nodes_15_edges_degrees_ER,Random,0.0,0.0,55.1,22.8,0.92,0.03,0.31,0.18,0.66,0.27,0.08,0.03,0.31,0.18,0.12,0.05,56.78,16.84,38.5,12.19,,dag,15,15,15,ER,ER,3.7853333333333334,1.1226666666666667,38.5,12.19,38.5,12.19,2.566666666666667,0.8126666666666666,2.566666666666667,0.8126666666666666,2.566666666666667,0.8126666666666666
dag_15_nodes_15_edges_degrees_SF,FGS,0.18,0.03,7.58,1.51,0.94,0.07,0.03,0.04,0.08,0.02,0.06,0.07,0.03,0.04,0.04,0.05,20.14,1.64,33.9,5.78,,dag,15,15,14,SF,SF,1.4385714285714286,0.11714285714285713,33.9,5.78,33.9,5.78,2.4214285714285713,0.41285714285714287,2.4214285714285713,0.41285714285714287,2.4214285714285713,0.41285714285714287
dag_15_nodes_15_edges_degrees_SF,NOTEARS-MLP,1.84,0.76,0.06,0.24,0.04,0.2,0.0,0.01,0.0,0.0,0.02,0.14,0.0,0.01,0.0,0.02,13.98,0.14,32.1,0.76,,dag,15,15,14,SF,SF,0.9985714285714286,0.01,32.1,0.76,32.1,0.76,2.292857142857143,0.054285714285714284,2.292857142857143,0.054285714285714284,2.292857142857143,0.054285714285714284
dag_15_nodes_15_edges_degrees_SF,Random,0.0,0.0,62.82,25.82,0.93,0.03,0.31,0.21,0.64,0.26,0.07,0.03,0.31,0.21,0.11,0.05,63.96,20.51,47.24,18.54,,dag,15,15,14,SF,SF,4.5685714285714285,1.465,47.24,18.54,47.24,18.54,3.3742857142857146,1.3242857142857143,3.3742857142857146,1.3242857142857143,3.3742857142857146,1.3242857142857143
dag_15_nodes_15_edges_degrees_random,FGS,0.19,0.04,9.48,1.72,0.82,0.07,0.11,0.04,0.09,0.02,0.18,0.07,0.11,0.04,0.13,0.05,20.42,1.87,33.36,5.08,,dag,15,15,15,random,LT,1.3613333333333335,0.12466666666666668,33.36,5.08,33.36,5.08,2.2239999999999998,0.33866666666666667,2.2239999999999998,0.33866666666666667,2.2239999999999998,0.33866666666666667
dag_15_nodes_15_edges_degrees_random,NOTEARS-MLP,1.63,0.82,0.1,0.42,0.03,0.16,0.0,0.01,0.0,0.0,0.03,0.16,0.0,0.01,0.0,0.02,15.0,0.35,33.02,0.32,,dag,15,15,15,random,LT,1.0,0.02333333333333333,33.02,0.32,33.02,0.32,2.2013333333333334,0.021333333333333333,2.2013333333333334,0.021333333333333333,2.2013333333333334,0.021333333333333333
dag_15_nodes_15_edges_degrees_random,Random,0.0,0.0,62.82,25.82,0.93,0.03,0.31,0.16,0.65,0.27,0.07,0.03,0.31,0.16,0.12,0.05,64.06,20.29,46.58,18.71,,dag,15,15,15,random,LT,4.270666666666667,1.3526666666666667,46.58,18.71,46.58,18.71,3.1053333333333333,1.2473333333333334,3.1053333333333333,1.2473333333333334,3.1053333333333333,1.2473333333333334
dag_15_nodes_15_edges_none_ER,FGS,0.19,0.07,10.06,1.71,0.88,0.08,0.09,0.06,0.12,0.02,0.12,0.08,0.09,0.06,0.1,0.06,22.24,1.71,44.3,4.57,,dag,15,15,15,ER,ER,1.4826666666666666,0.114,44.3,4.57,44.3,4.57,2.953333333333333,0.3046666666666667,2.953333333333333,0.3046666666666667,2.953333333333333,0.3046666666666667
dag_15_nodes_15_edges_none_ER,NOTEARS-MLP,1.96,0.83,0.16,0.47,0.1,0.29,0.0,0.01,0.0,0.0,0.02,0.1,0.0,0.01,0.0,0.02,14.96,0.2,49.16,0.98,,dag,15,15,15,ER,ER,0.9973333333333334,0.013333333333333334,49.16,0.98,49.16,0.98,3.277333333333333,0.06533333333333333,3.277333333333333,0.06533333333333333,3.277333333333333,0.06533333333333333
dag_15_nodes_15_edges_none_ER,Random,0.0,0.0,55.1,22.8,0.92,0.05,0.29,0.15,0.67,0.28,0.08,0.05,0.29,0.15,0.13,0.06,56.44,17.8,52.88,19.84,,dag,15,15,15,ER,ER,3.7626666666666666,1.1866666666666668,52.88,19.84,52.88,19.84,3.5253333333333337,1.3226666666666667,3.5253333333333337,1.3226666666666667,3.5253333333333337,1.3226666666666667
dag_15_nodes_15_edges_none_SF,FGS,0.1,0.02,5.48,1.63,0.92,0.13,0.03,0.05,0.06,0.02,0.08,0.13,0.03,0.05,0.05,0.07,18.22,1.97,26.2,7.75,,dag,15,15,14,SF,SF,1.3014285714285714,0.1407142857142857,26.2,7.75,26.2,7.75,1.8714285714285714,0.5535714285714286,1.8714285714285714,0.5535714285714286,1.8714285714285714,0.5535714285714286
dag_15_nodes_15_edges_none_SF,NOTEARS-MLP,0.49,0.15,0.06,0.31,0.02,0.14,0.0,0.01,0.0,0.0,0.02,0.14,0.0,0.01,0.0,0.02,14.02,0.32,26.54,3.97,,dag,15,15,14,SF,SF,1.0014285714285713,0.022857142857142857,26.54,3.97,26.54,3.97,1.8957142857142857,0.2835714285714286,1.8957142857142857,0.2835714285714286,1.8957142857142857,0.2835714285714286
dag_15_nodes_15_edges_none_SF,Random,0.0,0.0,62.82,25.82,0.93,0.04,0.29,0.18,0.65,0.27,0.07,0.04,0.29,0.18,0.1,0.06,64.84,20.56,47.66,22.71,,dag,15,15,14,SF,SF,4.631428571428572,1.4685714285714284,47.66,22.71,47.66,22.71,3.404285714285714,1.622142857142857,3.404285714285714,1.622142857142857,3.404285714285714,1.622142857142857
dag_15_nodes_15_edges_none_random,FGS,0.11,0.03,10.08,2.15,0.86,0.07,0.09,0.04,0.1,0.02,0.14,0.07,0.09,0.04,0.11,0.05,21.72,2.08,54.58,9.93,,dag,15,15,15,random,LT,1.448,0.13866666666666666,54.58,9.93,54.58,9.93,3.6386666666666665,0.662,3.6386666666666665,0.662,3.6386666666666665,0.662
dag_15_nodes_15_edges_none_random,NOTEARS-MLP,0.4,0.14,0.04,0.2,0.02,0.14,0.0,0.01,0.0,0.0,0.02,0.14,0.0,0.01,0.0,0.02,14.98,0.14,59.92,1.08,,dag,15,15,15,random,LT,0.9986666666666667,0.009333333333333334,59.92,1.08,59.92,1.08,3.994666666666667,0.07200000000000001,3.994666666666667,0.07200000000000001,3.994666666666667,0.07200000000000001
dag_15_nodes_15_edges_none_random,Random,0.0,0.0,62.82,25.82,0.93,0.03,0.31,0.17,0.65,0.27,0.07,0.03,0.31,0.17,0.11,0.05,64.18,20.41,61.14,18.82,,dag,15,15,15,random,LT,4.278666666666667,1.3606666666666667,61.14,18.82,61.14,18.82,4.076,1.2546666666666666,4.076,1.2546666666666666,4.076,1.2546666666666666
dag_15_nodes_15_edges_semantics_ER,FGS,0.11,0.04,8.74,2.08,0.87,0.09,0.08,0.06,0.08,0.02,0.13,0.09,0.08,0.06,0.1,0.07,20.5,2.09,35.0,4.17,,dag,15,15,15,ER,ER,1.3666666666666667,0.13933333333333334,35.0,4.17,35.0,4.17,2.3333333333333335,0.27799999999999997,2.3333333333333335,0.27799999999999997,2.3333333333333335,0.27799999999999997
dag_15_nodes_15_edges_semantics_ER,NOTEARS-MLP,0.49,0.18,0.02,0.14,0.02,0.14,0.0,0.0,0.0,0.0,0.0,0.0,0.0,0.0,0.0,0.0,15.0,0.0,35.02,0.14,,dag,15,15,15,ER,ER,1.0,0.0,35.02,0.14,35.02,0.14,2.3346666666666667,0.009333333333333334,2.3346666666666667,0.009333333333333334,2.3346666666666667,0.009333333333333334
dag_15_nodes_15_edges_semantics_ER,Random,0.0,0.0,62.82,25.82,0.93,0.03,0.3,0.17,0.65,0.27,0.07,0.03,0.3,0.17,0.11,0.05,64.12,20.47,37.68,12.39,,dag,15,15,15,ER,ER,4.274666666666667,1.3646666666666667,37.68,12.39,37.68,12.39,2.512,0.8260000000000001,2.512,0.8260000000000001,2.512,0.8260000000000001
dag_15_nodes_15_edges_semantics_SF,FGS,0.11,0.04,7.04,2.06,0.93,0.1,0.04,0.06,0.07,0.02,0.07,0.1,0.04,0.06,0.05,0.07,18.84,1.69,42.92,11.57,,dag,15,15,14,SF,SF,1.3457142857142856,0.1207142857142857,42.92,11.57,42.92,11.57,3.065714285714286,0.8264285714285714,3.065714285714286,0.8264285714285714,3.065714285714286,0.8264285714285714
dag_15_nodes_15_edges_semantics_SF,NOTEARS-MLP,0.39,0.18,0.02,0.14,0.0,0.0,0.0,0.01,0.0,0.0,0.02,0.14,0.0,0.01,0.0,0.02,13.98,0.14,31.9,0.71,,dag,15,15,14,SF,SF,0.9985714285714286,0.01,31.9,0.71,31.9,0.71,2.2785714285714285,0.05071428571428571,2.2785714285714285,0.05071428571428571,2.2785714285714285,0.05071428571428571
dag_15_nodes_15_edges_semantics_SF,Random,0.0,0.0,62.82,25.82,0.94,0.03,0.28,0.17,0.65,0.26,0.06,0.03,0.28,0.17,0.09,0.05,64.84,20.54,51.22,20.92,,dag,15,15,14,SF,SF,4.631428571428572,1.467142857142857,51.22,20.92,51.22,20.92,3.6585714285714284,1.4942857142857144,3.6585714285714284,1.4942857142857144,3.6585714285714284,1.4942857142857144
dag_15_nodes_15_edges_semantics_random,FGS,0.13,0.07,9.96,1.99,0.9,0.08,0.07,0.05,0.1,0.02,0.1,0.08,0.07,0.05,0.08,0.06,22.42,2.44,67.8,11.11,,dag,15,15,15,random,LT,1.4946666666666668,0.16266666666666665,67.8,11.11,67.8,11.11,4.52,0.7406666666666666,4.52,0.7406666666666666,4.52,0.7406666666666666
dag_15_nodes_15_edges_semantics_random,NOTEARS-MLP,1.86,0.75,0.08,0.34,0.03,0.16,0.0,0.01,0.0,0.0,0.03,0.16,0.0,0.01,0.0,0.02,14.96,0.2,68.74,1.86,,dag,15,15,15,random,LT,0.9973333333333334,0.013333333333333334,68.74,1.86,68.74,1.86,4.582666666666666,0.12400000000000001,4.582666666666666,0.12400000000000001,4.582666666666666,0.12400000000000001
dag_15_nodes_15_edges_semantics_random,Random,0.0,0.0,62.82,25.82,0.92,0.03,0.32,0.17,0.65,0.27,0.08,0.03,0.32,0.17,0.12,0.05,63.76,20.61,86.58,22.76,,dag,15,15,15,random,LT,4.250666666666667,1.3739999999999999,86.58,22.76,86.58,22.76,5.772,1.5173333333333334,5.772,1.5173333333333334,5.772,1.5173333333333334
dag_15_nodes_22_edges_degrees_ER,FGS,0.21,0.06,13.72,2.56,0.92,0.06,0.05,0.04,0.15,0.03,0.08,0.06,0.05,0.04,0.06,0.05,31.32,2.85,113.84,15.48,,dag,15,22,22,ER,ER,1.4236363636363636,0.12954545454545455,113.84,15.48,113.84,15.48,5.174545454545455,0.7036363636363636,5.174545454545455,0.7036363636363636,5.174545454545455,0.7036363636363636
dag_15_nodes_22_edges_degrees_ER,NOTEARS-MLP,2.31,0.79,0.12,0.33,0.1,0.3,0.0,0.01,0.0,0.0,0.02,0.14,0.0,0.01,0.0,0.01,21.98,0.14,99.1,1.34,,dag,15,22,22,ER,ER,0.9990909090909091,0.006363636363636364,99.1,1.34,99.1,1.34,4.504545454545454,0.06090909090909091,4.504545454545454,0.06090909090909091,4.504545454545454,0.06090909090909091
dag_15_nodes_22_edges_degrees_ER,Random,0.0,0.0,62.82,25.82,0.9,0.04,0.29,0.17,0.68,0.28,0.1,0.04,0.29,0.17,0.14,0.06,65.34,17.99,99.3,20.05,,dag,15,22,22,ER,ER,2.97,0.8177272727272726,99.3,20.05,99.3,20.05,4.513636363636364,0.9113636363636364,4.513636363636364,0.9113636363636364,4.513636363636364,0.9113636363636364
dag_15_nodes_22_edges_degrees_SF,FGS,0.11,0.03,9.28,1.65,0.96,0.06,0.02,0.04,0.1,0.02,0.04,0.06,0.02,0.04,0.03,0.04,21.24,1.66,42.98,5.96,,dag,15,22,14,SF,SF,1.5171428571428571,0.11857142857142856,42.98,5.96,42.98,5.96,3.07,0.4257142857142857,3.07,0.4257142857142857,3.07,0.4257142857142857
dag_15_nodes_22_edges_degrees_SF,NOTEARS-MLP,0.65,0.53,0.1,0.58,0.04,0.2,0.0,0.0,0.0,0.01,0.0,0.0,0.0,0.0,0.0,0.0,14.06,0.42,31.78,4.08,,dag,15,22,14,SF,SF,1.0042857142857142,0.03,31.78,4.08,31.78,4.08,2.27,0.2914285714285714,2.27,0.2914285714285714,2.27,0.2914285714285714
dag_15_nodes_22_edges_degrees_SF,Random,0.0,0.0,62.82,25.82,0.93,0.03,0.29,0.17,0.65,0.27,0.07,0.03,0.29,0.17,0.1,0.05,64.24,21.51,56.82,21.54,,dag,15,22,14,SF,SF,4.588571428571428,1.5364285714285715,56.82,21.54,56.82,21.54,4.058571428571429,1.5385714285714285,4.058571428571429,1.5385714285714285,4.058571428571429,1.5385714285714285
dag_15_nodes_22_edges_degrees_random,FGS,0.11,0.03,15.54,2.22,0.92,0.06,0.06,0.04,0.17,0.02,0.08,0.06,0.06,0.04,0.07,0.05,32.46,2.32,116.62,10.33,,dag,15,22,22,random,LT,1.4754545454545456,0.10545454545454545,116.62,10.33,116.62,10.33,5.300909090909091,0.46954545454545454,5.300909090909091,0.46954545454545454,5.300909090909091,0.46954545454545454
dag_15_nodes_22_edges_degrees_random,NOTEARS-MLP,0.42,0.22,0.02,0.14,0.0,0.0,0.0,0.01,0.0,0.0,0.02,0.14,0.0,0.01,0.0,0.01,21.98,0.14,108.86,0.99,,dag,15,22,22,random,LT,0.9990909090909091,0.006363636363636364,108.86,0.99,108.86,0.99,4.948181818181818,0.045,4.948181818181818,0.045,4.948181818181818,0.045
dag_15_nodes_22_edges_degrees_random,Random,0.0,0.0,62.82,25.82,0.89,0.04,0.3,0.16,0.68,0.28,0.11,0.04,0.3,0.16,0.15,0.06,65.04,18.19,115.36,22.78,,dag,15,22,22,random,LT,2.9563636363636365,0.8268181818181819,115.36,22.78,115.36,22.78,5.243636363636363,1.0354545454545454,5.243636363636363,1.0354545454545454,5.243636363636363,1.0354545454545454
dag_15_nodes_22_edges_none_ER,FGS,0.11,0.03,12.0,2.34,0.87,0.07,0.07,0.04,0.13,0.03,0.13,0.07,0.07,0.04,0.09,0.05,29.94,2.49,86.94,7.49,,dag,15,22,22,ER,ER,1.360909090909091,0.11318181818181819,86.94,7.49,86.94,7.49,3.9518181818181817,0.34045454545454545,3.9518181818181817,0.34045454545454545,3.9518181818181817,0.34045454545454545
dag_15_nodes_22_edges_none_ER,NOTEARS-MLP,0.52,0.15,0.02,0.14,0.02,0.14,0.0,0.0,0.0,0.0,0.0,0.0,0.0,0.0,0.0,0.0,22.0,0.0,75.02,0.14,,dag,15,22,22,ER,ER,1.0,0.0,75.02,0.14,75.02,0.14,3.4099999999999997,0.006363636363636364,3.4099999999999997,0.006363636363636364,3.4099999999999997,0.006363636363636364
dag_15_nodes_22_edges_none_ER,Random,0.0,0.0,62.82,25.82,0.9,0.05,0.28,0.14,0.68,0.28,0.1,0.05,0.28,0.14,0.14,0.06,65.84,18.4,88.78,21.85,,dag,15,22,22,ER,ER,2.9927272727272727,0.8363636363636363,88.78,21.85,88.78,21.85,4.035454545454545,0.9931818181818183,4.035454545454545,0.9931818181818183,4.035454545454545,0.9931818181818183
dag_15_nodes_22_edges_none_SF,FGS,0.11,0.04,8.92,2.09,0.99,0.05,0.01,0.03,0.1,0.02,0.01,0.05,0.01,0.03,0.01,0.04,22.2,2.23,33.24,8.75,,dag,15,22,14,SF,SF,1.5857142857142856,0.15928571428571428,33.24,8.75,33.24,8.75,2.3742857142857146,0.625,2.3742857142857146,0.625,2.3742857142857146,0.625
dag_15_nodes_22_edges_none_SF,NOTEARS-MLP,0.43,0.2,0.14,0.35,0.02,0.14,0.01,0.02,0.0,0.0,0.12,0.33,0.01,0.02,0.02,0.04,13.88,0.33,29.88,0.77,,dag,15,22,14,SF,SF,0.9914285714285714,0.023571428571428573,29.88,0.77,29.88,0.77,2.1342857142857143,0.055,2.1342857142857143,0.055,2.1342857142857143,0.055
dag_15_nodes_22_edges_none_SF,Random,0.0,0.0,62.82,25.82,0.93,0.03,0.32,0.18,0.64,0.26,0.07,0.03,0.32,0.18,0.11,0.04,63.8,20.5,41.42,17.16,,dag,15,22,14,SF,SF,4.557142857142857,1.4642857142857142,41.42,17.16,41.42,17.16,2.9585714285714286,1.2257142857142858,2.9585714285714286,1.2257142857142858,2.9585714285714286,1.2257142857142858
dag_15_nodes_22_edges_none_random,FGS,0.11,0.05,13.32,2.1,0.85,0.08,0.09,0.05,0.14,0.02,0.15,0.08,0.09,0.05,0.11,0.06,30.14,2.5,96.56,11.97,,dag,15,22,22,random,LT,1.37,0.11363636363636363,96.56,11.97,96.56,11.97,4.38909090909091,0.5440909090909091,4.38909090909091,0.5440909090909091,4.38909090909091,0.5440909090909091
dag_15_nodes_22_edges_none_random,NOTEARS-MLP,0.48,0.16,0.04,0.28,0.02,0.14,0.0,0.0,0.0,0.0,0.0,0.0,0.0,0.0,0.0,0.0,22.02,0.14,86.18,1.27,,dag,15,22,22,random,LT,1.000909090909091,0.006363636363636364,86.18,1.27,86.18,1.27,3.9172727272727275,0.05772727272727273,3.9172727272727275,0.05772727272727273,3.9172727272727275,0.05772727272727273
dag_15_nodes_22_edges_none_random,Random,0.0,0.0,62.82,25.82,0.89,0.05,0.31,0.18,0.67,0.27,0.11,0.05,0.31,0.18,0.15,0.06,65.18,17.56,97.7,27.62,,dag,15,22,22,random,LT,2.962727272727273,0.7981818181818181,97.7,27.62,97.7,27.62,4.440909090909091,1.2554545454545456,4.440909090909091,1.2554545454545456,4.440909090909091,1.2554545454545456
dag_15_nodes_22_edges_semantics_ER,FGS,0.2,0.05,14.76,2.29,0.88,0.08,0.08,0.06,0.16,0.03,0.12,0.08,0.08,0.06,0.1,0.07,32.18,2.62,131.46,12.72,,dag,15,22,22,ER,ER,1.4627272727272727,0.1190909090909091,131.46,12.72,131.46,12.72,5.975454545454546,0.5781818181818182,5.975454545454546,0.5781818181818182,5.975454545454546,0.5781818181818182
dag_15_nodes_22_edges_semantics_ER,NOTEARS-MLP,2.22,0.77,0.0,0.0,0.0,0.0,0.0,0.0,0.0,0.0,0.0,0.0,0.0,0.0,0.0,0.0,22.0,0.0,128.0,0.0,,dag,15,22,22,ER,ER,1.0,0.0,128.0,0.0,128.0,0.0,5.818181818181818,0.0,5.818181818181818,0.0,5.818181818181818,0.0
dag_15_nodes_22_edges_semantics_ER,Random,0.0,0.0,62.82,25.82,0.9,0.04,0.28,0.14,0.68,0.28,0.1,0.04,0.28,0.14,0.14,0.05,65.48,18.44,110.1,20.76,,dag,15,22,22,ER,ER,2.9763636363636365,0.8381818181818183,110.1,20.76,110.1,20.76,5.004545454545454,0.9436363636363637,5.004545454545454,0.9436363636363637,5.004545454545454,0.9436363636363637
dag_15_nodes_22_edges_semantics_SF,FGS,0.19,0.06,8.9,1.98,0.91,0.08,0.06,0.05,0.09,0.02,0.09,0.08,0.06,0.05,0.07,0.06,20.6,2.03,38.06,15.59,,dag,15,22,14,SF,SF,1.4714285714285715,0.145,38.06,15.59,38.06,15.59,2.718571428571429,1.1135714285714287,2.718571428571429,1.1135714285714287,2.718571428571429,1.1135714285714287
dag_15_nodes_22_edges_semantics_SF,NOTEARS-MLP,1.7,0.86,0.14,0.5,0.04,0.2,0.0,0.02,0.0,0.0,0.06,0.24,0.0,0.02,0.01,0.03,13.94,0.24,30.72,5.12,,dag,15,22,14,SF,SF,0.9957142857142857,0.017142857142857144,30.72,5.12,30.72,5.12,2.1942857142857144,0.3657142857142857,2.1942857142857144,0.3657142857142857,2.1942857142857144,0.3657142857142857
dag_15_nodes_22_edges_semantics_SF,Random,0.0,0.0,62.82,25.82,0.94,0.03,0.3,0.2,0.64,0.26,0.06,0.03,0.3,0.2,0.1,0.05,64.82,20.29,44.92,21.27,,dag,15,22,14,SF,SF,4.63,1.4492857142857143,44.92,21.27,44.92,21.27,3.2085714285714286,1.5192857142857144,3.2085714285714286,1.5192857142857144,3.2085714285714286,1.5192857142857144
dag_15_nodes_22_edges_semantics_random,FGS,0.2,0.07,12.76,2.32,0.91,0.08,0.05,0.05,0.14,0.03,0.09,0.08,0.05,0.05,0.07,0.06,31.6,2.29,101.82,14.88,,dag,15,22,22,random,LT,1.4363636363636365,0.1040909090909091,101.82,14.88,101.82,14.88,4.628181818181818,0.6763636363636364,4.628181818181818,0.6763636363636364,4.628181818181818,0.6763636363636364
dag_15_nodes_22_edges_semantics_random,NOTEARS-MLP,2.23,0.76,0.02,0.14,0.0,0.0,0.0,0.01,0.0,0.0,0.02,0.14,0.0,0.01,0.0,0.01,21.98,0.14,84.88,0.85,,dag,15,22,22,random,LT,0.9990909090909091,0.006363636363636364,84.88,0.85,84.88,0.85,3.858181818181818,0.038636363636363635,3.858181818181818,0.038636363636363635,3.858181818181818,0.038636363636363635
dag_15_nodes_22_edges_semantics_random,Random,0.0,0.0,62.82,25.82,0.9,0.04,0.3,0.17,0.68,0.28,0.1,0.04,0.3,0.17,0.15,0.06,65.06,17.64,109.1,25.36,,dag,15,22,22,random,LT,2.9572727272727275,0.8018181818181819,109.1,25.36,109.1,25.36,4.959090909090909,1.1527272727272726,4.959090909090909,1.1527272727272726,4.959090909090909,1.1527272727272726
dag_5_nodes_5_edges_degrees_ER,FGS,0.14,0.05,3.28,1.11,0.88,0.18,0.09,0.14,0.56,0.19,0.12,0.18,0.09,0.14,0.1,0.15,6.76,1.1,16.54,1.82,,dag,5,5,5,ER,ER,1.3519999999999999,0.22000000000000003,16.54,1.82,16.54,1.82,3.308,0.364,3.308,0.364,3.308,0.364
dag_5_nodes_5_edges_degrees_ER,NOTEARS-MLP,0.28,0.11,0.04,0.2,0.04,0.2,0.0,0.0,0.01,0.04,0.0,0.0,0.0,0.0,0.0,0.0,5.0,0.0,15.06,0.42,,dag,5,5,5,ER,ER,1.0,0.0,15.06,0.42,15.06,0.42,3.012,0.08399999999999999,3.012,0.08399999999999999,3.012,0.08399999999999999
dag_5_nodes_5_edges_degrees_ER,Random,0.0,0.0,7.72,1.8,0.75,0.14,0.38,0.22,1.16,0.37,0.25,0.14,0.38,0.22,0.3,0.17,6.98,1.44,11.04,4.46,,dag,5,5,5,ER,ER,1.3960000000000001,0.288,11.04,4.46,11.04,4.46,2.2079999999999997,0.892,2.2079999999999997,0.892,2.2079999999999997,0.892
dag_5_nodes_5_edges_degrees_SF,FGS,0.14,0.07,2.28,0.98,0.31,0.29,0.35,0.17,0.14,0.15,0.64,0.33,0.35,0.17,0.41,0.21,3.26,1.14,6.24,2.86,,dag,5,5,4,SF,SF,0.815,0.285,6.24,2.86,6.24,2.86,1.56,0.715,1.56,0.715,1.56,0.715
dag_5_nodes_5_edges_degrees_SF,NOTEARS-MLP,0.26,0.1,0.0,0.0,0.0,0.0,0.0,0.0,0.0,0.0,0.0,0.0,0.0,0.0,0.0,0.0,4.0,0.0,10.0,0.0,,dag,5,5,4,SF,SF,1.0,0.0,10.0,0.0,10.0,0.0,2.5,0.0,2.5,0.0,2.5,0.0
dag_5_nodes_5_edges_degrees_SF,Random,0.0,0.0,7.72,1.8,0.8,0.11,0.38,0.21,1.03,0.3,0.2,0.11,0.38,0.21,0.26,0.14,6.92,1.5,11.22,4.45,,dag,5,5,4,SF,SF,1.73,0.375,11.22,4.45,11.22,4.45,2.805,1.1125,2.805,1.1125,2.805,1.1125
dag_5_nodes_5_edges_degrees_random,FGS,0.14,0.04,3.24,1.32,0.98,0.07,0.02,0.05,0.63,0.25,0.02,0.07,0.02,0.05,0.02,0.06,7.14,0.86,8.92,2.86,,dag,5,5,5,random,LT,1.428,0.172,8.92,2.86,8.92,2.86,1.784,0.572,1.784,0.572,1.784,0.572
dag_5_nodes_5_edges_degrees_random,NOTEARS-MLP,0.31,0.12,0.0,0.0,0.0,0.0,0.0,0.0,0.0,0.0,0.0,0.0,0.0,0.0,0.0,0.0,5.0,0.0,9.0,0.0,,dag,5,5,5,random,LT,1.0,0.0,9.0,0.0,9.0,0.0,1.8,0.0,1.8,0.0,1.8,0.0
dag_5_nodes_5_edges_degrees_random,Random,0.0,0.0,7.72,1.8,0.75,0.14,0.4,0.25,1.14,0.3,0.25,0.14,0.4,0.25,0.31,0.18,6.96,1.41,10.44,4.19,,dag,5,5,5,random,LT,1.392,0.282,10.44,4.19,10.44,4.19,2.088,0.8380000000000001,2.088,0.8380000000000001,2.088,0.8380000000000001
dag_5_nodes_5_edges_none_ER,FGS,0.14,0.05,3.5,1.04,0.86,0.16,0.1,0.12,0.6,0.18,0.14,0.16,0.1,0.12,0.12,0.13,6.72,0.93,10.32,1.45,,dag,5,5,5,ER,ER,1.3439999999999999,0.186,10.32,1.45,10.32,1.45,2.064,0.29,2.064,0.29,2.064,0.29
dag_5_nodes_5_edges_none_ER,NOTEARS-MLP,0.25,0.1,0.02,0.14,0.02,0.14,0.0,0.0,0.0,0.03,0.0,0.0,0.0,0.0,0.0,0.0,5.0,0.0,11.04,0.28,,dag,5,5,5,ER,ER,1.0,0.0,11.04,0.28,11.04,0.28,2.2079999999999997,0.05600000000000001,2.2079999999999997,0.05600000000000001,2.2079999999999997,0.05600000000000001
dag_5_nodes_5_edges_none_ER,Random,0.0,0.0,7.72,1.8,0.75,0.16,0.4,0.26,1.15,0.33,0.25,0.16,0.4,0.26,0.3,0.19,6.66,1.6,10.64,4.52,,dag,5,5,5,ER,ER,1.332,0.32,10.64,4.52,10.64,4.52,2.128,0.9039999999999999,2.128,0.9039999999999999,2.128,0.9039999999999999
dag_5_nodes_5_edges_none_SF,FGS,0.14,0.08,2.39,0.86,0.43,0.29,0.3,0.1,0.2,0.17,0.56,0.3,0.3,0.1,0.37,0.15,3.49,0.92,5.65,2.55,,dag,5,5,4,SF,SF,0.8725,0.23,5.65,2.55,5.65,2.55,1.4125,0.6375,1.4125,0.6375,1.4125,0.6375
dag_5_nodes_5_edges_none_SF,NOTEARS-MLP,0.32,0.12,0.0,0.0,0.0,0.0,0.0,0.0,0.0,0.0,0.0,0.0,0.0,0.0,0.0,0.0,4.0,0.0,5.0,0.0,,dag,5,5,4,SF,SF,1.0,0.0,5.0,0.0,5.0,0.0,1.25,0.0,1.25,0.0,1.25,0.0
dag_5_nodes_5_edges_none_SF,Random,0.0,0.0,7.72,1.8,0.8,0.14,0.38,0.29,1.03,0.3,0.2,0.14,0.38,0.29,0.26,0.18,7.1,1.5,6.72,4.43,,dag,5,5,4,SF,SF,1.775,0.375,6.72,4.43,6.72,4.43,1.68,1.1075,1.68,1.1075,1.68,1.1075
dag_5_nodes_5_edges_none_random,FGS,0.14,0.05,3.57,1.21,0.77,0.19,0.16,0.14,0.56,0.25,0.22,0.2,0.16,0.14,0.18,0.16,5.16,1.36,13.98,2.55,,dag,5,5,5,random,LT,1.032,0.272,13.98,2.55,13.98,2.55,2.7960000000000003,0.51,2.7960000000000003,0.51,2.7960000000000003,0.51
dag_5_nodes_5_edges_none_random,NOTEARS-MLP,0.29,0.12,0.0,0.0,0.0,0.0,0.0,0.0,0.0,0.0,0.0,0.0,0.0,0.0,0.0,0.0,5.0,0.0,12.0,0.0,,dag,5,5,5,random,LT,1.0,0.0,12.0,0.0,12.0,0.0,2.4,0.0,2.4,0.0,2.4,0.0
dag_5_nodes_5_edges_none_random,Random,0.0,0.0,7.72,1.8,0.73,0.12,0.4,0.17,1.14,0.34,0.27,0.12,0.4,0.17,0.32,0.13,6.88,1.22,12.14,4.76,,dag,5,5,5,random,LT,1.376,0.244,12.14,4.76,12.14,4.76,2.428,0.952,2.428,0.952,2.428,0.952
dag_5_nodes_5_edges_semantics_ER,FGS,0.15,0.1,3.08,1.03,0.73,0.22,0.21,0.19,0.41,0.08,0.27,0.22,0.21,0.19,0.23,0.2,5.84,0.89,6.82,1.47,,dag,5,5,5,ER,ER,1.168,0.178,6.82,1.47,6.82,1.47,1.364,0.294,1.364,0.294,1.364,0.294
dag_5_nodes_5_edges_semantics_ER,NOTEARS-MLP,0.36,0.14,0.0,0.0,0.0,0.0,0.0,0.0,0.0,0.0,0.0,0.0,0.0,0.0,0.0,0.0,5.0,0.0,8.0,0.0,,dag,5,5,5,ER,ER,1.0,0.0,8.0,0.0,8.0,0.0,1.6,0.0,1.6,0.0,1.6,0.0
dag_5_nodes_5_edges_semantics_ER,Random,0.0,0.0,7.72,1.8,0.76,0.16,0.38,0.27,1.17,0.35,0.24,0.16,0.38,0.27,0.29,0.2,7.12,1.56,7.64,4.13,,dag,5,5,5,ER,ER,1.424,0.312,7.64,4.13,7.64,4.13,1.528,0.826,1.528,0.826,1.528,0.826
dag_5_nodes_5_edges_semantics_SF,FGS,0.14,0.06,2.43,1.04,0.83,0.19,0.13,0.14,0.32,0.12,0.16,0.19,0.13,0.14,0.13,0.15,3.81,0.77,9.74,2.86,,dag,5,5,4,SF,SF,0.9525,0.1925,9.74,2.86,9.74,2.86,2.435,0.715,2.435,0.715,2.435,0.715
dag_5_nodes_5_edges_semantics_SF,NOTEARS-MLP,0.28,0.08,0.02,0.14,0.02,0.14,0.0,0.0,0.0,0.02,0.0,0.0,0.0,0.0,0.0,0.0,4.0,0.0,7.04,0.28,,dag,5,5,4,SF,SF,1.0,0.0,7.04,0.28,7.04,0.28,1.76,0.07,1.76,0.07,1.76,0.07
dag_5_nodes_5_edges_semantics_SF,Random,0.0,0.0,7.72,1.8,0.81,0.12,0.36,0.24,1.04,0.28,0.19,0.12,0.36,0.24,0.24,0.16,7.42,1.44,8.28,3.69,,dag,5,5,4,SF,SF,1.855,0.36,8.28,3.69,8.28,3.69,2.07,0.9225,2.07,0.9225,2.07,0.9225
dag_5_nodes_5_edges_semantics_random,FGS,0.08,0.05,3.42,1.14,0.26,0.28,0.48,0.21,0.2,0.23,0.74,0.28,0.48,0.21,0.57,0.22,3.26,1.74,4.68,2.44,,dag,5,5,5,random,LT,0.6519999999999999,0.348,4.68,2.44,4.68,2.44,0.9359999999999999,0.488,0.9359999999999999,0.488,0.9359999999999999,0.488
dag_5_nodes_5_edges_semantics_random,NOTEARS-MLP,0.13,0.04,0.04,0.2,0.04,0.2,0.0,0.0,0.01,0.04,0.0,0.0,0.0,0.0,0.0,0.0,5.0,0.0,9.12,0.59,,dag,5,5,5,random,LT,1.0,0.0,9.12,0.59,9.12,0.59,1.8239999999999998,0.118,1.8239999999999998,0.118,1.8239999999999998,0.118
dag_5_nodes_5_edges_semantics_random,Random,0.0,0.0,7.72,1.8,0.73,0.14,0.4,0.23,1.14,0.34,0.27,0.14,0.4,0.23,0.32,0.16,6.64,1.47,10.16,3.87,,dag,5,5,5,random,LT,1.3279999999999998,0.294,10.16,3.87,10.16,3.87,2.032,0.774,2.032,0.774,2.032,0.774
dag_5_nodes_7_edges_degrees_ER,FGS,0.08,0.05,4.34,1.0,0.6,0.21,0.24,0.12,0.89,0.39,0.4,0.21,0.24,0.12,0.3,0.14,6.96,1.09,12.92,3.55,,dag,5,7,7,ER,ER,0.9942857142857143,0.15571428571428572,12.92,3.55,12.92,3.55,1.8457142857142856,0.5071428571428571,1.8457142857142856,0.5071428571428571,1.8457142857142856,0.5071428571428571
dag_5_nodes_7_edges_degrees_ER,NOTEARS-MLP,0.13,0.04,0.0,0.0,0.0,0.0,0.0,0.0,0.0,0.0,0.0,0.0,0.0,0.0,0.0,0.0,7.0,0.0,16.0,0.0,,dag,5,7,7,ER,ER,1.0,0.0,16.0,0.0,16.0,0.0,2.2857142857142856,0.0,2.2857142857142856,0.0,2.2857142857142856,0.0
dag_5_nodes_7_edges_degrees_ER,Random,0.0,0.0,7.72,1.8,0.63,0.18,0.41,0.21,1.62,0.58,0.37,0.18,0.41,0.21,0.38,0.18,6.44,1.58,12.68,3.62,,dag,5,7,7,ER,ER,0.92,0.22571428571428573,12.68,3.62,12.68,3.62,1.8114285714285714,0.5171428571428571,1.8114285714285714,0.5171428571428571,1.8114285714285714,0.5171428571428571
dag_5_nodes_7_edges_degrees_SF,FGS,0.08,0.05,2.59,1.04,0.9,0.17,0.07,0.12,0.38,0.16,0.09,0.17,0.07,0.12,0.08,0.14,5.57,0.91,6.43,1.62,,dag,5,7,4,SF,SF,1.3925,0.2275,6.43,1.62,6.43,1.62,1.6075,0.405,1.6075,0.405,1.6075,0.405
dag_5_nodes_7_edges_degrees_SF,NOTEARS-MLP,0.1,0.03,0.02,0.14,0.0,0.0,0.0,0.04,0.0,0.0,0.02,0.14,0.0,0.04,0.01,0.06,3.98,0.14,6.96,0.28,,dag,5,7,4,SF,SF,0.995,0.035,6.96,0.28,6.96,0.28,1.74,0.07,1.74,0.07,1.74,0.07
dag_5_nodes_7_edges_degrees_SF,Random,0.0,0.0,7.72,1.8,0.8,0.14,0.38,0.27,1.03,0.28,0.2,0.14,0.38,0.27,0.26,0.18,6.98,1.56,8.3,4.13,,dag,5,7,4,SF,SF,1.745,0.39,8.3,4.13,8.3,4.13,2.075,1.0325,2.075,1.0325,2.075,1.0325
dag_5_nodes_7_edges_degrees_random,FGS,0.08,0.05,4.66,1.22,0.88,0.16,0.07,0.1,1.39,0.48,0.12,0.16,0.07,0.1,0.09,0.12,7.56,1.23,18.24,2.82,,dag,5,7,7,random,LT,1.0799999999999998,0.1757142857142857,18.24,2.82,18.24,2.82,2.6057142857142854,0.40285714285714286,2.6057142857142854,0.40285714285714286,2.6057142857142854,0.40285714285714286
dag_5_nodes_7_edges_degrees_random,NOTEARS-MLP,0.1,0.06,0.06,0.31,0.04,0.2,0.0,0.0,0.02,0.1,0.0,0.0,0.0,0.0,0.0,0.0,7.0,0.0,16.16,0.79,,dag,5,7,7,random,LT,1.0,0.0,16.16,0.79,16.16,0.79,2.3085714285714287,0.11285714285714286,2.3085714285714287,0.11285714285714286,2.3085714285714287,0.11285714285714286
dag_5_nodes_7_edges_degrees_random,Random,0.0,0.0,7.72,1.8,0.65,0.18,0.38,0.21,1.68,0.61,0.35,0.18,0.38,0.21,0.36,0.19,6.58,1.64,14.04,3.92,,dag,5,7,7,random,LT,0.9400000000000001,0.23428571428571426,14.04,3.92,14.04,3.92,2.005714285714286,0.5599999999999999,2.005714285714286,0.5599999999999999,2.005714285714286,0.5599999999999999
dag_5_nodes_7_edges_none_ER,FGS,0.08,0.05,4.48,1.07,0.85,0.14,0.1,0.08,1.26,0.33,0.15,0.14,0.1,0.08,0.12,0.1,6.6,0.67,16.24,2.1,,dag,5,7,7,ER,ER,0.9428571428571428,0.09571428571428572,16.24,2.1,16.24,2.1,2.32,0.3,2.32,0.3,2.32,0.3
dag_5_nodes_7_edges_none_ER,NOTEARS-MLP,0.12,0.04,0.02,0.14,0.02,0.14,0.0,0.0,0.01,0.05,0.0,0.0,0.0,0.0,0.0,0.0,7.0,0.0,15.02,0.14,,dag,5,7,7,ER,ER,1.0,0.0,15.02,0.14,15.02,0.14,2.1457142857142855,0.02,2.1457142857142855,0.02,2.1457142857142855,0.02
dag_5_nodes_7_edges_none_ER,Random,0.0,0.0,7.72,1.8,0.62,0.16,0.42,0.2,1.6,0.56,0.38,0.16,0.42,0.2,0.39,0.17,6.36,1.54,12.08,3.89,,dag,5,7,7,ER,ER,0.9085714285714286,0.22,12.08,3.89,12.08,3.89,1.7257142857142858,0.5557142857142857,1.7257142857142858,0.5557142857142857,1.7257142857142858,0.5557142857142857
dag_5_nodes_7_edges_none_SF,FGS,0.08,0.06,2.3,0.93,0.84,0.22,0.11,0.15,0.31,0.15,0.15,0.22,0.11,0.15,0.12,0.17,5.21,0.88,4.91,1.08,,dag,5,7,4,SF,SF,1.3025,0.22,4.91,1.08,4.91,1.08,1.2275,0.27,1.2275,0.27,1.2275,0.27
dag_5_nodes_7_edges_none_SF,NOTEARS-MLP,0.13,0.05,0.0,0.0,0.0,0.0,0.0,0.0,0.0,0.0,0.0,0.0,0.0,0.0,0.0,0.0,4.0,0.0,5.0,0.0,,dag,5,7,4,SF,SF,1.0,0.0,5.0,0.0,5.0,0.0,1.25,0.0,1.25,0.0,1.25,0.0
dag_5_nodes_7_edges_none_SF,Random,0.0,0.0,7.72,1.8,0.8,0.13,0.38,0.27,1.03,0.28,0.2,0.13,0.38,0.27,0.26,0.17,7.16,1.5,6.94,4.38,,dag,5,7,4,SF,SF,1.79,0.375,6.94,4.38,6.94,4.38,1.735,1.095,1.735,1.095,1.735,1.095
dag_5_nodes_7_edges_none_random,FGS,0.09,0.06,4.94,1.08,0.53,0.29,0.34,0.23,0.85,0.47,0.47,0.29,0.34,0.23,0.39,0.25,6.02,1.62,12.24,4.56,,dag,5,7,7,random,LT,0.86,0.23142857142857146,12.24,4.56,12.24,4.56,1.7485714285714287,0.6514285714285714,1.7485714285714287,0.6514285714285714,1.7485714285714287,0.6514285714285714
dag_5_nodes_7_edges_none_random,NOTEARS-MLP,0.11,0.04,0.0,0.0,0.0,0.0,0.0,0.0,0.0,0.0,0.0,0.0,0.0,0.0,0.0,0.0,7.0,0.0,16.0,0.0,,dag,5,7,7,random,LT,1.0,0.0,16.0,0.0,16.0,0.0,2.2857142857142856,0.0,2.2857142857142856,0.0,2.2857142857142856,0.0
dag_5_nodes_7_edges_none_random,Random,0.0,0.0,7.72,1.8,0.68,0.17,0.37,0.22,1.72,0.55,0.32,0.17,0.37,0.22,0.34,0.19,6.84,1.57,13.74,4.32,,dag,5,7,7,random,LT,0.9771428571428571,0.22428571428571428,13.74,4.32,13.74,4.32,1.9628571428571429,0.6171428571428572,1.9628571428571429,0.6171428571428572,1.9628571428571429,0.6171428571428572
dag_5_nodes_7_edges_semantics_ER,FGS,0.09,0.07,5.02,1.24,0.79,0.15,0.16,0.11,1.31,0.32,0.21,0.15,0.16,0.11,0.18,0.12,6.54,1.15,16.28,3.26,,dag,5,7,7,ER,ER,0.9342857142857143,0.16428571428571428,16.28,3.26,16.28,3.26,2.325714285714286,0.4657142857142857,2.325714285714286,0.4657142857142857,2.325714285714286,0.4657142857142857
dag_5_nodes_7_edges_semantics_ER,NOTEARS-MLP,0.11,0.04,0.0,0.0,0.0,0.0,0.0,0.0,0.0,0.0,0.0,0.0,0.0,0.0,0.0,0.0,7.0,0.0,12.0,0.0,,dag,5,7,7,ER,ER,1.0,0.0,12.0,0.0,12.0,0.0,1.7142857142857142,0.0,1.7142857142857142,0.0,1.7142857142857142,0.0
dag_5_nodes_7_edges_semantics_ER,Random,0.0,0.0,7.72,1.8,0.65,0.14,0.39,0.19,1.67,0.52,0.35,0.14,0.39,0.19,0.36,0.16,6.74,1.38,12.88,3.88,,dag,5,7,7,ER,ER,0.9628571428571429,0.19714285714285712,12.88,3.88,12.88,3.88,1.84,0.5542857142857143,1.84,0.5542857142857143,1.84,0.5542857142857143
dag_5_nodes_7_edges_semantics_SF,FGS,0.09,0.07,2.78,0.96,0.92,0.13,0.07,0.11,0.41,0.13,0.08,0.13,0.07,0.11,0.07,0.12,6.14,0.82,5.35,1.03,,dag,5,7,4,SF,SF,1.535,0.205,5.35,1.03,5.35,1.03,1.3375,0.2575,1.3375,0.2575,1.3375,0.2575
dag_5_nodes_7_edges_semantics_SF,NOTEARS-MLP,0.1,0.03,0.0,0.0,0.0,0.0,0.0,0.0,0.0,0.0,0.0,0.0,0.0,0.0,0.0,0.0,4.0,0.0,6.0,0.0,,dag,5,7,4,SF,SF,1.0,0.0,6.0,0.0,6.0,0.0,1.5,0.0,1.5,0.0,1.5,0.0
dag_5_nodes_7_edges_semantics_SF,Random,0.0,0.0,7.72,1.8,0.82,0.12,0.35,0.23,1.05,0.26,0.18,0.12,0.35,0.23,0.23,0.15,7.22,1.22,7.68,4.15,,dag,5,7,4,SF,SF,1.805,0.305,7.68,4.15,7.68,4.15,1.92,1.0375,1.92,1.0375,1.92,1.0375
dag_5_nodes_7_edges_semantics_random,FGS,0.1,0.08,4.56,1.01,0.63,0.16,0.25,0.12,0.95,0.3,0.37,0.16,0.25,0.12,0.29,0.13,6.28,1.34,14.36,2.92,,dag,5,7,7,random,LT,0.8971428571428571,0.19142857142857145,14.36,2.92,14.36,2.92,2.051428571428571,0.41714285714285715,2.051428571428571,0.41714285714285715,2.051428571428571,0.41714285714285715
dag_5_nodes_7_edges_semantics_random,NOTEARS-MLP,0.1,0.04,0.02,0.14,0.02,0.14,0.0,0.0,0.01,0.05,0.0,0.0,0.0,0.0,0.0,0.0,7.0,0.0,16.0,0.0,,dag,5,7,7,random,LT,1.0,0.0,16.0,0.0,16.0,0.0,2.2857142857142856,0.0,2.2857142857142856,0.0,2.2857142857142856,0.0
dag_5_nodes_7_edges_semantics_random,Random,0.0,0.0,7.72,1.8,0.68,0.16,0.36,0.2,1.73,0.53,0.32,0.16,0.36,0.2,0.34,0.17,6.94,1.48,14.42,3.41,,dag,5,7,7,random,LT,0.9914285714285714,0.21142857142857144,14.42,3.41,14.42,3.41,2.06,0.48714285714285716,2.06,0.48714285714285716,2.06,0.48714285714285716
dag_10_nodes_10_edges_degrees_ER,GRaSP,8.33,2.36,4.54,1.67,0.08,0.17,0.42,0.18,0.01,0.03,0.92,0.17,0.42,0.18,0.58,0.17,5.88,1.8,19.32,5.98,npy,dag,10,10,10,ER,ER,0.588,0.18,19.32,5.98,19.32,5.98,1.932,0.5980000000000001,1.932,0.5980000000000001,1.932,0.5980000000000001
dag_10_nodes_10_edges_degrees_ER,BOSS,9.9,2.82,5.04,1.38,0.04,0.1,0.49,0.15,0.0,0.01,0.96,0.1,0.49,0.15,0.65,0.15,5.1,1.53,16.9,5.14,npy,dag,10,10,10,ER,ER,0.51,0.153,16.9,5.14,16.9,5.14,1.69,0.514,1.69,0.514,1.69,0.514
dag_10_nodes_10_edges_degrees_SF,GRaSP,2.5,1.27,2.84,2.06,0.13,0.3,0.25,0.2,0.02,0.04,0.86,0.32,0.25,0.2,0.45,0.16,6.96,1.98,11.16,4.51,npy,dag,10,10,9,SF,SF,0.7733333333333333,0.22,11.16,4.51,11.16,4.51,1.24,0.5011111111111111,1.24,0.5011111111111111,1.24,0.5011111111111111
dag_10_nodes_10_edges_degrees_SF,BOSS,3.34,2.02,3.2,2.14,0.06,0.16,0.32,0.2,0.01,0.03,0.94,0.16,0.32,0.2,0.46,0.18,6.34,1.72,10.02,3.86,npy,dag,10,10,9,SF,SF,0.7044444444444444,0.19111111111111112,10.02,3.86,10.02,3.86,1.1133333333333333,0.4288888888888889,1.1133333333333333,0.4288888888888889,1.1133333333333333,0.4288888888888889
dag_10_nodes_10_edges_degrees_random,GRaSP,4.5,1.96,6.7,1.8,0.23,0.29,0.53,0.23,0.04,0.05,0.77,0.29,0.53,0.23,0.63,0.24,5.26,2.83,13.88,8.21,npy,dag,10,10,10,random,LT,0.526,0.28300000000000003,13.88,8.21,13.88,8.21,1.3880000000000001,0.8210000000000001,1.3880000000000001,0.8210000000000001,1.3880000000000001,0.8210000000000001
dag_10_nodes_10_edges_degrees_random,BOSS,6.43,2.82,7.28,1.59,0.25,0.3,0.54,0.24,0.05,0.07,0.75,0.3,0.54,0.24,0.66,0.21,5.22,3.13,14.84,10.52,npy,dag,10,10,10,random,LT,0.522,0.313,14.84,10.52,14.84,10.52,1.484,1.052,1.484,1.052,1.484,1.052
dag_10_nodes_10_edges_none_ER,GRaSP,6.88,2.99,3.9,1.53,0.01,0.06,0.38,0.14,0.01,0.03,0.99,0.06,0.38,0.14,0.54,0.13,6.22,1.34,36.74,4.17,npy,dag,10,10,10,ER,ER,0.622,0.134,36.74,4.17,36.74,4.17,3.6740000000000004,0.417,3.6740000000000004,0.417,3.6740000000000004,0.417
dag_10_nodes_10_edges_none_ER,BOSS,9.18,4.79,3.66,1.41,0.01,0.09,0.36,0.15,0.0,0.02,0.99,0.1,0.36,0.15,0.53,0.14,6.38,1.46,37.42,4.54,npy,dag,10,10,10,ER,ER,0.638,0.146,37.42,4.54,37.42,4.54,3.742,0.454,3.742,0.454,3.742,0.454
dag_10_nodes_10_edges_none_SF,GRaSP,1.2,0.68,1.98,1.5,0.06,0.21,0.2,0.14,0.01,0.02,0.93,0.23,0.2,0.14,0.39,0.08,7.3,1.28,10.72,1.44,npy,dag,10,10,9,SF,SF,0.8111111111111111,0.14222222222222222,10.72,1.44,10.72,1.44,1.1911111111111112,0.16,1.1911111111111112,0.16,1.1911111111111112,0.16
dag_10_nodes_10_edges_none_SF,BOSS,1.46,1.0,2.34,1.47,0.02,0.09,0.25,0.14,0.0,0.01,0.98,0.09,0.25,0.14,0.4,0.12,6.78,1.28,10.0,2.14,npy,dag,10,10,9,SF,SF,0.7533333333333334,0.14222222222222222,10.0,2.14,10.0,2.14,1.1111111111111112,0.23777777777777778,1.1111111111111112,0.23777777777777778,1.1111111111111112,0.23777777777777778
dag_10_nodes_10_edges_none_random,GRaSP,3.49,1.44,4.74,1.94,0.24,0.33,0.36,0.2,0.03,0.05,0.76,0.33,0.36,0.2,0.53,0.18,6.76,2.5,12.82,5.39,npy,dag,10,10,10,random,LT,0.6759999999999999,0.25,12.82,5.39,12.82,5.39,1.282,0.5389999999999999,1.282,0.5389999999999999,1.282,0.5389999999999999
dag_10_nodes_10_edges_none_random,BOSS,4.31,1.97,5.06,1.72,0.14,0.27,0.44,0.2,0.02,0.03,0.86,0.27,0.44,0.2,0.61,0.17,5.76,2.25,11.22,5.54,npy,dag,10,10,10,random,LT,0.576,0.225,11.22,5.54,11.22,5.54,1.122,0.554,1.122,0.554,1.122,0.554
dag_10_nodes_10_edges_semantics_ER,GRaSP,10.51,3.09,4.28,1.82,0.09,0.19,0.38,0.18,0.01,0.03,0.91,0.2,0.38,0.18,0.55,0.17,6.4,2.03,27.02,8.16,npy,dag,10,10,10,ER,ER,0.64,0.20299999999999999,27.02,8.16,27.02,8.16,2.702,0.8160000000000001,2.702,0.8160000000000001,2.702,0.8160000000000001
dag_10_nodes_10_edges_semantics_ER,BOSS,11.59,4.01,4.64,1.89,0.05,0.14,0.43,0.18,0.01,0.02,0.95,0.14,0.43,0.18,0.61,0.15,5.74,1.83,24.72,8.66,npy,dag,10,10,10,ER,ER,0.5740000000000001,0.183,24.72,8.66,24.72,8.66,2.472,0.866,2.472,0.866,2.472,0.866
dag_10_nodes_10_edges_semantics_SF,GRaSP,1.54,1.1,3.06,2.17,0.24,0.39,0.22,0.21,0.03,0.05,0.7,0.42,0.22,0.21,0.5,0.14,7.5,2.29,12.2,5.32,npy,dag,10,10,9,SF,SF,0.8333333333333334,0.2544444444444445,12.2,5.32,12.2,5.32,1.3555555555555554,0.5911111111111111,1.3555555555555554,0.5911111111111111,1.3555555555555554,0.5911111111111111
dag_10_nodes_10_edges_semantics_SF,BOSS,2.16,1.79,3.88,2.39,0.06,0.15,0.39,0.24,0.01,0.03,0.93,0.16,0.39,0.24,0.58,0.16,5.68,2.16,9.66,4.39,npy,dag,10,10,9,SF,SF,0.6311111111111111,0.24000000000000002,9.66,4.39,9.66,4.39,1.0733333333333333,0.48777777777777775,1.0733333333333333,0.48777777777777775,1.0733333333333333,0.48777777777777775
dag_10_nodes_10_edges_semantics_random,GRaSP,5.62,2.69,6.84,2.64,0.15,0.21,0.57,0.25,0.03,0.04,0.84,0.21,0.57,0.25,0.66,0.22,4.98,2.84,18.72,12.53,npy,dag,10,10,10,random,LT,0.49800000000000005,0.284,18.72,12.53,18.72,12.53,1.8719999999999999,1.253,1.8719999999999999,1.253,1.8719999999999999,1.253
dag_10_nodes_10_edges_semantics_random,BOSS,6.85,2.99,6.58,2.49,0.28,0.3,0.47,0.26,0.05,0.06,0.72,0.3,0.47,0.26,0.58,0.24,6.32,3.38,28.66,12.2,npy,dag,10,10,10,random,LT,0.632,0.33799999999999997,28.66,12.2,28.66,12.2,2.866,1.22,2.866,1.22,2.866,1.22
dag_10_nodes_15_edges_degrees_ER,GRaSP,10.16,5.02,10.02,2.93,0.13,0.18,0.57,0.2,0.05,0.07,0.87,0.18,0.57,0.2,0.68,0.18,6.98,3.38,28.24,12.52,npy,dag,10,15,15,ER,ER,0.4653333333333334,0.22533333333333333,28.24,12.52,28.24,12.52,1.8826666666666665,0.8346666666666667,1.8826666666666665,0.8346666666666667,1.8826666666666665,0.8346666666666667
dag_10_nodes_15_edges_degrees_ER,BOSS,13.16,5.75,9.92,2.83,0.08,0.14,0.6,0.18,0.03,0.05,0.92,0.14,0.6,0.18,0.71,0.16,6.4,2.89,26.68,11.37,npy,dag,10,15,15,ER,ER,0.4266666666666667,0.19266666666666668,26.68,11.37,26.68,11.37,1.7786666666666666,0.7579999999999999,1.7786666666666666,0.7579999999999999,1.7786666666666666,0.7579999999999999
dag_10_nodes_15_edges_degrees_SF,GRaSP,2.95,2.07,6.7,2.54,0.31,0.37,0.27,0.16,0.08,0.1,0.69,0.37,0.27,0.16,0.41,0.19,13.32,3.72,29.06,12.28,npy,dag,10,15,17,SF,SF,0.7835294117647059,0.21882352941176472,29.06,12.28,29.06,12.28,1.7094117647058822,0.7223529411764705,1.7094117647058822,0.7223529411764705,1.7094117647058822,0.7223529411764705
dag_10_nodes_15_edges_degrees_SF,BOSS,4.63,2.43,7.26,2.12,0.22,0.33,0.35,0.17,0.05,0.07,0.78,0.33,0.35,0.17,0.51,0.17,11.74,3.5,24.26,11.44,npy,dag,10,15,17,SF,SF,0.6905882352941176,0.20588235294117646,24.26,11.44,24.26,11.44,1.427058823529412,0.6729411764705882,1.427058823529412,0.6729411764705882,1.427058823529412,0.6729411764705882
dag_10_nodes_15_edges_degrees_random,GRaSP,7.25,2.63,10.98,2.65,0.13,0.22,0.64,0.22,0.05,0.08,0.87,0.22,0.64,0.22,0.72,0.22,5.96,3.82,22.0,16.55,npy,dag,10,15,15,random,LT,0.3973333333333333,0.25466666666666665,22.0,16.55,22.0,16.55,1.4666666666666666,1.1033333333333333,1.4666666666666666,1.1033333333333333,1.4666666666666666,1.1033333333333333
dag_10_nodes_15_edges_degrees_random,BOSS,9.92,4.1,10.64,2.32,0.08,0.19,0.66,0.2,0.03,0.06,0.92,0.19,0.66,0.2,0.76,0.19,5.48,3.52,18.9,12.59,npy,dag,10,15,15,random,LT,0.36533333333333334,0.23466666666666666,18.9,12.59,18.9,12.59,1.26,0.8393333333333334,1.26,0.8393333333333334,1.26,0.8393333333333334
dag_10_nodes_15_edges_none_ER,GRaSP,9.2,4.52,6.54,2.74,0.14,0.19,0.36,0.16,0.04,0.05,0.86,0.19,0.36,0.16,0.5,0.16,9.78,2.48,35.52,8.82,npy,dag,10,15,15,ER,ER,0.6519999999999999,0.16533333333333333,35.52,8.82,35.52,8.82,2.3680000000000003,0.588,2.3680000000000003,0.588,2.3680000000000003,0.588
dag_10_nodes_15_edges_none_ER,BOSS,11.48,4.91,7.58,2.9,0.12,0.15,0.44,0.17,0.03,0.05,0.88,0.15,0.44,0.17,0.56,0.17,8.74,2.73,32.56,8.72,npy,dag,10,15,15,ER,ER,0.5826666666666667,0.182,32.56,8.72,32.56,8.72,2.170666666666667,0.5813333333333334,2.170666666666667,0.5813333333333334,2.170666666666667,0.5813333333333334
dag_10_nodes_15_edges_none_SF,GRaSP,3.18,2.17,6.36,2.41,0.15,0.27,0.31,0.15,0.04,0.07,0.85,0.27,0.31,0.15,0.46,0.16,12.12,3.07,26.18,10.45,npy,dag,10,15,17,SF,SF,0.7129411764705882,0.18058823529411763,26.18,10.45,26.18,10.45,1.54,0.6147058823529411,1.54,0.6147058823529411,1.54,0.6147058823529411
dag_10_nodes_15_edges_none_SF,BOSS,5.03,3.32,7.32,1.89,0.09,0.21,0.39,0.13,0.03,0.07,0.91,0.21,0.39,0.13,0.54,0.16,10.66,2.81,21.82,10.56,npy,dag,10,15,17,SF,SF,0.6270588235294118,0.1652941176470588,21.82,10.56,21.82,10.56,1.2835294117647058,0.6211764705882353,1.2835294117647058,0.6211764705882353,1.2835294117647058,0.6211764705882353
dag_10_nodes_15_edges_none_random,GRaSP,3.01,1.56,7.62,2.41,0.24,0.28,0.39,0.19,0.06,0.07,0.76,0.28,0.39,0.19,0.53,0.19,9.68,3.3,22.76,9.85,npy,dag,10,15,15,random,LT,0.6453333333333333,0.22,22.76,9.85,22.76,9.85,1.5173333333333334,0.6566666666666666,1.5173333333333334,0.6566666666666666,1.5173333333333334,0.6566666666666666
dag_10_nodes_15_edges_none_random,BOSS,4.91,2.27,7.92,2.52,0.18,0.24,0.43,0.18,0.05,0.06,0.82,0.24,0.43,0.18,0.56,0.19,8.9,3.03,20.64,10.18,npy,dag,10,15,15,random,LT,0.5933333333333334,0.20199999999999999,20.64,10.18,20.64,10.18,1.3760000000000001,0.6786666666666666,1.3760000000000001,0.6786666666666666,1.3760000000000001,0.6786666666666666
dag_10_nodes_15_edges_semantics_ER,GRaSP,5.92,2.74,6.44,3.02,0.35,0.37,0.25,0.17,0.09,0.09,0.64,0.37,0.25,0.17,0.4,0.16,12.22,3.01,39.0,8.79,npy,dag,10,15,15,ER,ER,0.8146666666666668,0.20066666666666666,39.0,8.79,39.0,8.79,2.6,0.586,2.6,0.586,2.6,0.586
dag_10_nodes_15_edges_semantics_ER,BOSS,8.19,3.88,6.46,3.12,0.15,0.26,0.34,0.17,0.05,0.09,0.84,0.26,0.34,0.17,0.47,0.19,10.5,3.16,34.04,8.31,npy,dag,10,15,15,ER,ER,0.7,0.21066666666666667,34.04,8.31,34.04,8.31,2.2693333333333334,0.554,2.2693333333333334,0.554,2.2693333333333334,0.554
dag_10_nodes_15_edges_semantics_SF,GRaSP,5.54,2.66,10.48,2.43,0.25,0.28,0.47,0.22,0.09,0.11,0.75,0.28,0.47,0.22,0.59,0.23,9.88,4.77,26.22,13.91,npy,dag,10,15,17,SF,SF,0.5811764705882353,0.28058823529411764,26.22,13.91,26.22,13.91,1.5423529411764705,0.8182352941176471,1.5423529411764705,0.8182352941176471,1.5423529411764705,0.8182352941176471
dag_10_nodes_15_edges_semantics_SF,BOSS,8.07,3.54,11.04,2.36,0.24,0.27,0.48,0.19,0.1,0.11,0.76,0.27,0.48,0.19,0.58,0.21,9.98,4.26,25.6,11.99,npy,dag,10,15,17,SF,SF,0.5870588235294117,0.2505882352941176,25.6,11.99,25.6,11.99,1.5058823529411764,0.7052941176470588,1.5058823529411764,0.7052941176470588,1.5058823529411764,0.7052941176470588
dag_10_nodes_15_edges_semantics_random,GRaSP,6.4,3.41,8.5,3.38,0.22,0.23,0.43,0.17,0.07,0.09,0.78,0.23,0.43,0.17,0.54,0.18,9.46,3.1,30.76,9.18,npy,dag,10,15,15,random,LT,0.6306666666666667,0.20666666666666667,30.76,9.18,30.76,9.18,2.050666666666667,0.612,2.050666666666667,0.612,2.050666666666667,0.612
dag_10_nodes_15_edges_semantics_random,BOSS,9.43,4.67,8.68,2.55,0.07,0.14,0.53,0.16,0.02,0.05,0.93,0.14,0.53,0.16,0.66,0.15,7.32,2.65,24.5,6.95,npy,dag,10,15,15,random,LT,0.48800000000000004,0.17666666666666667,24.5,6.95,24.5,6.95,1.6333333333333333,0.4633333333333333,1.6333333333333333,0.4633333333333333,1.6333333333333333,0.4633333333333333
dag_15_nodes_15_edges_degrees_ER,GRaSP,15.25,5.56,4.4,2.26,0.11,0.22,0.25,0.13,0.01,0.02,0.88,0.23,0.25,0.13,0.39,0.14,11.46,1.93,33.14,6.5,npy,dag,15,15,15,ER,ER,0.764,0.12866666666666665,33.14,6.5,33.14,6.5,2.2093333333333334,0.43333333333333335,2.2093333333333334,0.43333333333333335,2.2093333333333334,0.43333333333333335
dag_15_nodes_15_edges_degrees_ER,BOSS,19.48,8.71,4.68,2.15,0.08,0.15,0.28,0.12,0.01,0.01,0.92,0.15,0.28,0.12,0.42,0.14,11.0,1.93,31.42,4.91,npy,dag,15,15,15,ER,ER,0.7333333333333333,0.12866666666666665,31.42,4.91,31.42,4.91,2.094666666666667,0.32733333333333337,2.094666666666667,0.32733333333333337,2.094666666666667,0.32733333333333337
dag_15_nodes_15_edges_degrees_SF,GRaSP,9.22,3.34,6.82,2.33,0.08,0.15,0.44,0.14,0.01,0.02,0.92,0.15,0.44,0.14,0.58,0.14,8.22,2.12,20.0,6.95,npy,dag,15,15,14,SF,SF,0.5871428571428572,0.15142857142857144,20.0,6.95,20.0,6.95,1.4285714285714286,0.49642857142857144,1.4285714285714286,0.49642857142857144,1.4285714285714286,0.49642857142857144
dag_15_nodes_15_edges_degrees_SF,BOSS,10.83,4.29,5.98,2.39,0.08,0.16,0.38,0.16,0.01,0.01,0.92,0.16,0.38,0.16,0.52,0.16,8.92,2.35,20.16,8.4,npy,dag,15,15,14,SF,SF,0.6371428571428571,0.16785714285714287,20.16,8.4,20.16,8.4,1.44,0.6,1.44,0.6,1.44,0.6
dag_15_nodes_15_edges_degrees_random,GRaSP,12.73,4.86,7.18,2.45,0.14,0.26,0.4,0.15,0.01,0.02,0.86,0.26,0.4,0.15,0.54,0.16,9.58,2.89,21.98,9.7,npy,dag,15,15,15,random,LT,0.6386666666666667,0.19266666666666668,21.98,9.7,21.98,9.7,1.4653333333333334,0.6466666666666666,1.4653333333333334,0.6466666666666666,1.4653333333333334,0.6466666666666666
dag_15_nodes_15_edges_degrees_random,BOSS,15.48,6.08,7.78,1.9,0.03,0.12,0.5,0.13,0.0,0.01,0.97,0.12,0.5,0.13,0.65,0.13,7.58,2.2,15.42,7.33,npy,dag,15,15,15,random,LT,0.5053333333333333,0.14666666666666667,15.42,7.33,15.42,7.33,1.028,0.4886666666666667,1.028,0.4886666666666667,1.028,0.4886666666666667
dag_15_nodes_15_edges_none_ER,GRaSP,22.34,8.69,6.28,2.11,0.11,0.17,0.36,0.1,0.01,0.02,0.89,0.17,0.36,0.1,0.5,0.12,10.0,1.77,33.6,5.69,npy,dag,15,15,15,ER,ER,0.6666666666666666,0.11800000000000001,33.6,5.69,33.6,5.69,2.24,0.37933333333333336,2.24,0.37933333333333336,2.24,0.37933333333333336
dag_15_nodes_15_edges_none_ER,BOSS,27.1,9.84,6.36,1.94,0.1,0.17,0.38,0.12,0.01,0.02,0.9,0.17,0.38,0.12,0.52,0.14,9.62,2.1,32.22,6.5,npy,dag,15,15,15,ER,ER,0.6413333333333333,0.14,32.22,6.5,32.22,6.5,2.148,0.43333333333333335,2.148,0.43333333333333335,2.148,0.43333333333333335
dag_15_nodes_15_edges_none_SF,GRaSP,4.14,1.83,4.04,1.73,0.12,0.24,0.24,0.11,0.01,0.01,0.87,0.24,0.24,0.11,0.39,0.13,10.78,1.74,17.2,9.02,npy,dag,15,15,14,SF,SF,0.7699999999999999,0.12428571428571429,17.2,9.02,17.2,9.02,1.2285714285714284,0.6442857142857142,1.2285714285714284,0.6442857142857142,1.2285714285714284,0.6442857142857142
dag_15_nodes_15_edges_none_SF,BOSS,5.22,2.14,4.64,2.15,0.22,0.32,0.24,0.14,0.01,0.02,0.77,0.32,0.24,0.14,0.4,0.14,11.2,2.66,19.04,10.52,npy,dag,15,15,14,SF,SF,0.7999999999999999,0.19,19.04,10.52,19.04,10.52,1.3599999999999999,0.7514285714285714,1.3599999999999999,0.7514285714285714,1.3599999999999999,0.7514285714285714
dag_15_nodes_15_edges_none_random,GRaSP,13.87,4.2,8.62,2.47,0.11,0.21,0.51,0.17,0.01,0.02,0.89,0.21,0.51,0.17,0.65,0.15,7.78,2.92,35.24,13.65,npy,dag,15,15,15,random,LT,0.5186666666666667,0.19466666666666665,35.24,13.65,35.24,13.65,2.3493333333333335,0.91,2.3493333333333335,0.91,2.3493333333333335,0.91
dag_15_nodes_15_edges_none_random,BOSS,17.61,4.39,7.44,2.0,0.13,0.2,0.42,0.13,0.01,0.02,0.87,0.2,0.42,0.13,0.56,0.15,9.12,2.31,36.3,10.73,npy,dag,15,15,15,random,LT,0.608,0.154,36.3,10.73,36.3,10.73,2.42,0.7153333333333334,2.42,0.7153333333333334,2.42,0.7153333333333334
dag_15_nodes_15_edges_semantics_ER,GRaSP,16.0,6.22,7.26,2.69,0.19,0.26,0.39,0.17,0.02,0.02,0.81,0.26,0.39,0.17,0.52,0.19,9.7,3.0,24.14,8.59,npy,dag,15,15,15,ER,ER,0.6466666666666666,0.2,24.14,8.59,24.14,8.59,1.6093333333333333,0.5726666666666667,1.6093333333333333,0.5726666666666667,1.6093333333333333,0.5726666666666667
dag_15_nodes_15_edges_semantics_ER,BOSS,19.63,7.52,7.46,2.51,0.11,0.17,0.44,0.17,0.01,0.02,0.89,0.17,0.44,0.17,0.58,0.16,8.84,2.77,21.56,6.61,npy,dag,15,15,15,ER,ER,0.5893333333333334,0.18466666666666667,21.56,6.61,21.56,6.61,1.4373333333333334,0.4406666666666667,1.4373333333333334,0.4406666666666667,1.4373333333333334,0.4406666666666667
dag_15_nodes_15_edges_semantics_SF,GRaSP,8.7,2.58,6.34,3.22,0.14,0.26,0.38,0.18,0.01,0.03,0.86,0.26,0.38,0.18,0.52,0.18,9.2,2.99,23.66,8.81,npy,dag,15,15,14,SF,SF,0.6571428571428571,0.21357142857142858,23.66,8.81,23.66,8.81,1.69,0.6292857142857143,1.69,0.6292857142857143,1.69,0.6292857142857143
dag_15_nodes_15_edges_semantics_SF,BOSS,10.65,3.56,5.98,2.77,0.1,0.21,0.38,0.19,0.01,0.01,0.9,0.21,0.38,0.19,0.52,0.2,8.92,2.89,22.12,8.53,npy,dag,15,15,14,SF,SF,0.6371428571428571,0.20642857142857143,22.12,8.53,22.12,8.53,1.58,0.6092857142857142,1.58,0.6092857142857142,1.58,0.6092857142857142
dag_15_nodes_15_edges_semantics_random,GRaSP,10.8,3.53,11.44,2.65,0.16,0.22,0.65,0.21,0.02,0.02,0.84,0.22,0.65,0.21,0.74,0.18,5.96,3.86,27.48,19.73,npy,dag,15,15,15,random,LT,0.3973333333333333,0.2573333333333333,27.48,19.73,27.48,19.73,1.832,1.3153333333333335,1.832,1.3153333333333335,1.832,1.3153333333333335
dag_15_nodes_15_edges_semantics_random,BOSS,14.9,4.02,11.24,2.07,0.19,0.23,0.61,0.21,0.02,0.02,0.81,0.23,0.61,0.21,0.71,0.19,6.76,3.85,34.18,18.51,npy,dag,15,15,15,random,LT,0.45066666666666666,0.25666666666666665,34.18,18.51,34.18,18.51,2.2786666666666666,1.2340000000000002,2.2786666666666666,1.2340000000000002,2.2786666666666666,1.2340000000000002
dag_15_nodes_22_edges_degrees_ER,GRaSP,19.84,9.45,11.14,3.59,0.1,0.13,0.45,0.15,0.01,0.02,0.9,0.13,0.45,0.15,0.59,0.15,12.54,3.41,59.78,15.82,npy,dag,15,22,22,ER,ER,0.57,0.155,59.78,15.82,59.78,15.82,2.7172727272727273,0.7190909090909091,2.7172727272727273,0.7190909090909091,2.7172727272727273,0.7190909090909091
dag_15_nodes_22_edges_degrees_ER,BOSS,30.86,16.39,11.44,4.22,0.14,0.18,0.43,0.17,0.02,0.03,0.86,0.18,0.43,0.17,0.56,0.17,13.18,4.03,65.34,18.36,npy,dag,15,22,22,ER,ER,0.5990909090909091,0.1831818181818182,65.34,18.36,65.34,18.36,2.97,0.8345454545454545,2.97,0.8345454545454545,2.97,0.8345454545454545
dag_15_nodes_22_edges_degrees_SF,GRaSP,6.75,3.17,8.86,2.87,0.24,0.3,0.47,0.23,0.03,0.04,0.76,0.3,0.47,0.23,0.6,0.21,8.46,4.38,23.28,15.19,npy,dag,15,22,14,SF,SF,0.6042857142857143,0.31285714285714283,23.28,15.19,23.28,15.19,1.662857142857143,1.085,1.662857142857143,1.085,1.662857142857143,1.085
dag_15_nodes_22_edges_degrees_SF,BOSS,10.29,4.84,10.34,2.59,0.13,0.24,0.63,0.21,0.02,0.03,0.87,0.24,0.63,0.21,0.72,0.21,5.98,4.18,16.26,12.81,npy,dag,15,22,14,SF,SF,0.42714285714285716,0.29857142857142854,16.26,12.81,16.26,12.81,1.1614285714285715,0.915,1.1614285714285715,0.915,1.1614285714285715,0.915
dag_15_nodes_22_edges_degrees_random,GRaSP,14.6,6.2,14.36,2.11,0.1,0.14,0.59,0.12,0.02,0.03,0.9,0.14,0.59,0.12,0.71,0.12,9.62,3.1,52.16,16.7,npy,dag,15,22,22,random,LT,0.43727272727272726,0.1409090909090909,52.16,16.7,52.16,16.7,2.3709090909090906,0.759090909090909,2.3709090909090906,0.759090909090909,2.3709090909090906,0.759090909090909
dag_15_nodes_22_edges_degrees_random,BOSS,21.85,10.37,15.08,2.21,0.07,0.1,0.64,0.1,0.01,0.02,0.93,0.1,0.64,0.1,0.75,0.1,8.34,2.56,45.9,14.63,npy,dag,15,22,22,random,LT,0.3790909090909091,0.11636363636363636,45.9,14.63,45.9,14.63,2.0863636363636364,0.665,2.0863636363636364,0.665,2.0863636363636364,0.665
dag_15_nodes_22_edges_none_ER,GRaSP,15.58,6.65,10.42,3.44,0.14,0.18,0.4,0.14,0.02,0.03,0.86,0.18,0.4,0.14,0.53,0.15,13.9,3.6,49.98,14.11,npy,dag,15,22,22,ER,ER,0.6318181818181818,0.16363636363636364,49.98,14.11,49.98,14.11,2.2718181818181815,0.6413636363636364,2.2718181818181815,0.6413636363636364,2.2718181818181815,0.6413636363636364
dag_15_nodes_22_edges_none_ER,BOSS,23.32,8.61,11.78,2.74,0.18,0.19,0.44,0.15,0.02,0.02,0.82,0.19,0.44,0.15,0.57,0.16,13.2,4.02,46.06,12.94,npy,dag,15,22,22,ER,ER,0.6,0.1827272727272727,46.06,12.94,46.06,12.94,2.0936363636363637,0.5881818181818181,2.0936363636363637,0.5881818181818181,2.0936363636363637,0.5881818181818181
dag_15_nodes_22_edges_none_SF,GRaSP,17.07,7.76,6.02,2.92,0.13,0.23,0.35,0.16,0.01,0.03,0.87,0.23,0.35,0.16,0.47,0.18,9.54,2.68,20.64,10.44,npy,dag,15,22,14,SF,SF,0.6814285714285714,0.19142857142857145,20.64,10.44,20.64,10.44,1.4742857142857144,0.7457142857142857,1.4742857142857144,0.7457142857142857,1.4742857142857144,0.7457142857142857
dag_15_nodes_22_edges_none_SF,BOSS,21.53,8.24,6.08,2.44,0.07,0.17,0.4,0.17,0.01,0.01,0.93,0.17,0.4,0.17,0.54,0.19,8.64,2.53,15.94,8.24,npy,dag,15,22,14,SF,SF,0.6171428571428572,0.1807142857142857,15.94,8.24,15.94,8.24,1.1385714285714286,0.5885714285714286,1.1385714285714286,0.5885714285714286,1.1385714285714286,0.5885714285714286
dag_15_nodes_22_edges_none_random,GRaSP,9.59,4.01,10.98,2.98,0.28,0.28,0.36,0.17,0.04,0.03,0.72,0.28,0.36,0.17,0.49,0.18,15.24,4.51,62.04,20.74,npy,dag,15,22,22,random,LT,0.6927272727272727,0.205,62.04,20.74,62.04,20.74,2.82,0.9427272727272726,2.82,0.9427272727272726,2.82,0.9427272727272726
dag_15_nodes_22_edges_none_random,BOSS,13.57,5.95,11.48,3.09,0.16,0.22,0.45,0.16,0.02,0.02,0.84,0.22,0.45,0.16,0.59,0.17,12.62,3.95,50.66,19.22,npy,dag,15,22,22,random,LT,0.5736363636363636,0.17954545454545456,50.66,19.22,50.66,19.22,2.3027272727272727,0.8736363636363635,2.3027272727272727,0.8736363636363635,2.3027272727272727,0.8736363636363635
dag_15_nodes_22_edges_semantics_ER,GRaSP,27.9,10.27,15.32,2.58,0.13,0.18,0.6,0.15,0.03,0.04,0.87,0.18,0.6,0.15,0.71,0.15,9.3,3.94,59.08,25.12,npy,dag,15,22,22,ER,ER,0.4227272727272728,0.17909090909090908,59.08,25.12,59.08,25.12,2.6854545454545455,1.1418181818181818,2.6854545454545455,1.1418181818181818,2.6854545454545455,1.1418181818181818
dag_15_nodes_22_edges_semantics_ER,BOSS,36.06,13.53,14.12,3.97,0.12,0.17,0.57,0.21,0.02,0.03,0.88,0.17,0.57,0.21,0.68,0.19,9.84,4.95,63.96,29.48,npy,dag,15,22,22,ER,ER,0.44727272727272727,0.225,63.96,29.48,63.96,29.48,2.9072727272727272,1.34,2.9072727272727272,1.34,2.9072727272727272,1.34
dag_15_nodes_22_edges_semantics_SF,GRaSP,15.8,6.64,5.8,2.48,0.15,0.27,0.33,0.16,0.01,0.02,0.85,0.27,0.33,0.16,0.48,0.17,9.7,2.57,21.46,10.43,npy,dag,15,22,14,SF,SF,0.6928571428571428,0.18357142857142855,21.46,10.43,21.46,10.43,1.532857142857143,0.745,1.532857142857143,0.745,1.532857142857143,0.745
dag_15_nodes_22_edges_semantics_SF,BOSS,18.69,8.33,4.3,2.08,0.14,0.27,0.25,0.14,0.01,0.02,0.86,0.28,0.25,0.14,0.39,0.16,10.74,2.19,22.8,8.72,npy,dag,15,22,14,SF,SF,0.7671428571428571,0.15642857142857142,22.8,8.72,22.8,8.72,1.6285714285714286,0.6228571428571429,1.6285714285714286,0.6228571428571429,1.6285714285714286,0.6228571428571429
dag_15_nodes_22_edges_semantics_random,GRaSP,12.94,6.41,6.6,2.95,0.13,0.19,0.26,0.12,0.01,0.02,0.87,0.19,0.26,0.12,0.38,0.15,16.62,2.84,70.22,9.27,npy,dag,15,22,22,random,LT,0.7554545454545455,0.1290909090909091,70.22,9.27,70.22,9.27,3.191818181818182,0.42136363636363633,3.191818181818182,0.42136363636363633,3.191818181818182,0.42136363636363633
dag_15_nodes_22_edges_semantics_random,BOSS,18.26,8.59,7.68,3.07,0.1,0.15,0.31,0.12,0.01,0.02,0.9,0.15,0.31,0.12,0.45,0.15,15.4,2.71,68.18,11.32,npy,dag,15,22,22,random,LT,0.7000000000000001,0.12318181818181818,68.18,11.32,68.18,11.32,3.0990909090909096,0.5145454545454545,3.0990909090909096,0.5145454545454545,3.0990909090909096,0.5145454545454545
dag_5_nodes_5_edges_degrees_ER,GRaSP,1.55,0.68,1.64,0.78,0.02,0.1,0.32,0.16,0.01,0.04,0.98,0.11,0.32,0.16,0.56,0.06,3.4,0.78,11.84,1.61,npy,dag,5,5,5,ER,ER,0.6799999999999999,0.156,11.84,1.61,11.84,1.61,2.368,0.322,2.368,0.322,2.368,0.322
dag_5_nodes_5_edges_degrees_ER,BOSS,1.63,0.69,1.68,0.74,0.02,0.1,0.33,0.15,0.01,0.04,0.98,0.11,0.33,0.15,0.56,0.06,3.36,0.75,11.76,1.55,npy,dag,5,5,5,ER,ER,0.6719999999999999,0.15,11.76,1.55,11.76,1.55,2.352,0.31,2.352,0.31,2.352,0.31
dag_5_nodes_5_edges_degrees_SF,GRaSP,1.2,0.36,0.0,0.0,0.0,0.0,0.0,0.0,0.0,0.0,0.0,0.0,0.0,0.0,0.0,0.0,4.0,0.0,10.0,0.0,npy,dag,5,5,4,SF,SF,1.0,0.0,10.0,0.0,10.0,0.0,2.5,0.0,2.5,0.0,2.5,0.0
dag_5_nodes_5_edges_degrees_SF,BOSS,1.14,0.31,0.0,0.0,0.0,0.0,0.0,0.0,0.0,0.0,0.0,0.0,0.0,0.0,0.0,0.0,4.0,0.0,10.0,0.0,npy,dag,5,5,4,SF,SF,1.0,0.0,10.0,0.0,10.0,0.0,2.5,0.0,2.5,0.0,2.5,0.0
dag_5_nodes_5_edges_degrees_random,GRaSP,1.13,0.49,2.76,1.45,0.05,0.16,0.52,0.29,0.04,0.12,0.94,0.17,0.52,0.29,0.72,0.19,2.48,1.47,4.12,3.07,npy,dag,5,5,5,random,LT,0.496,0.294,4.12,3.07,4.12,3.07,0.8240000000000001,0.614,0.8240000000000001,0.614,0.8240000000000001,0.614
dag_5_nodes_5_edges_degrees_random,BOSS,1.47,0.54,3.02,1.38,0.05,0.21,0.58,0.3,0.03,0.11,0.94,0.22,0.58,0.3,0.8,0.14,2.18,1.6,3.5,3.37,npy,dag,5,5,5,random,LT,0.43600000000000005,0.32,3.5,3.37,3.5,3.37,0.7,0.674,0.7,0.674,0.7,0.674
dag_5_nodes_5_edges_none_ER,GRaSP,0.74,0.34,3.04,1.12,0.04,0.17,0.58,0.24,0.02,0.1,0.96,0.17,0.58,0.24,0.74,0.16,2.14,1.29,5.36,2.59,npy,dag,5,5,5,ER,ER,0.42800000000000005,0.258,5.36,2.59,5.36,2.59,1.072,0.518,1.072,0.518,1.072,0.518
dag_5_nodes_5_edges_none_ER,BOSS,0.93,0.39,3.18,1.35,0.07,0.23,0.58,0.29,0.05,0.18,0.92,0.24,0.58,0.29,0.78,0.16,2.2,1.65,5.42,3.25,npy,dag,5,5,5,ER,ER,0.44000000000000006,0.32999999999999996,5.42,3.25,5.42,3.25,1.084,0.65,1.084,0.65,1.084,0.65
dag_5_nodes_5_edges_none_SF,GRaSP,0.74,0.44,2.4,1.03,0.22,0.39,0.44,0.28,0.11,0.2,0.76,0.4,0.44,0.28,0.72,0.12,2.56,1.61,3.46,2.78,npy,dag,5,5,4,SF,SF,0.64,0.4025,3.46,2.78,3.46,2.78,0.865,0.695,0.865,0.695,0.865,0.695
dag_5_nodes_5_edges_none_SF,BOSS,1.04,0.65,2.56,1.03,0.16,0.34,0.52,0.3,0.08,0.16,0.82,0.35,0.52,0.3,0.78,0.12,2.1,1.54,2.78,2.42,npy,dag,5,5,4,SF,SF,0.525,0.385,2.78,2.42,2.78,2.42,0.695,0.605,0.695,0.605,0.695,0.605
dag_5_nodes_5_edges_none_random,GRaSP,1.35,0.53,1.42,1.11,0.03,0.15,0.26,0.2,0.02,0.09,0.95,0.18,0.26,0.2,0.58,0.02,3.68,1.02,9.54,2.38,npy,dag,5,5,5,random,LT,0.736,0.20400000000000001,9.54,2.38,9.54,2.38,1.908,0.476,1.908,0.476,1.908,0.476
dag_5_nodes_5_edges_none_random,BOSS,1.58,0.65,1.42,0.95,0.04,0.17,0.26,0.19,0.02,0.09,0.94,0.2,0.26,0.19,0.55,0.07,3.7,0.97,9.38,1.87,npy,dag,5,5,5,random,LT,0.74,0.194,9.38,1.87,9.38,1.87,1.8760000000000001,0.374,1.8760000000000001,0.374,1.8760000000000001,0.374
dag_5_nodes_5_edges_semantics_ER,GRaSP,1.07,0.63,2.52,1.34,0.19,0.33,0.38,0.25,0.13,0.21,0.77,0.35,0.38,0.25,0.65,0.13,3.28,1.49,6.14,2.23,npy,dag,5,5,5,ER,ER,0.6559999999999999,0.298,6.14,2.23,6.14,2.23,1.228,0.446,1.228,0.446,1.228,0.446
dag_5_nodes_5_edges_semantics_ER,BOSS,1.25,0.73,2.56,1.21,0.12,0.25,0.43,0.23,0.08,0.17,0.87,0.27,0.43,0.23,0.66,0.13,2.92,1.23,5.56,2.1,npy,dag,5,5,5,ER,ER,0.584,0.246,5.56,2.1,5.56,2.1,1.1119999999999999,0.42000000000000004,1.1119999999999999,0.42000000000000004,1.1119999999999999,0.42000000000000004
dag_5_nodes_5_edges_semantics_SF,GRaSP,1.15,0.53,1.36,1.03,0.06,0.24,0.3,0.25,0.03,0.11,0.91,0.29,0.3,0.25,0.67,0.0,2.86,1.09,4.76,2.33,npy,dag,5,5,4,SF,SF,0.715,0.2725,4.76,2.33,4.76,2.33,1.19,0.5825,1.19,0.5825,1.19,0.5825
dag_5_nodes_5_edges_semantics_SF,BOSS,1.34,0.62,1.4,0.93,0.02,0.14,0.34,0.24,0.01,0.05,0.97,0.17,0.34,0.24,0.67,0.0,2.66,0.98,4.3,1.92,npy,dag,5,5,4,SF,SF,0.665,0.245,4.3,1.92,4.3,1.92,1.075,0.48,1.075,0.48,1.075,0.48
dag_5_nodes_5_edges_semantics_random,GRaSP,0.92,0.4,2.62,1.47,0.16,0.3,0.4,0.24,0.13,0.25,0.82,0.32,0.4,0.24,0.63,0.15,3.28,1.46,6.92,2.19,npy,dag,5,5,5,random,LT,0.6559999999999999,0.292,6.92,2.19,6.92,2.19,1.384,0.438,1.384,0.438,1.384,0.438
dag_5_nodes_5_edges_semantics_random,BOSS,1.07,0.52,2.46,1.15,0.1,0.22,0.42,0.21,0.07,0.14,0.88,0.23,0.42,0.21,0.64,0.12,3.0,1.14,6.94,2.06,npy,dag,5,5,5,random,LT,0.6,0.22799999999999998,6.94,2.06,6.94,2.06,1.3880000000000001,0.41200000000000003,1.3880000000000001,0.41200000000000003,1.3880000000000001,0.41200000000000003
dag_5_nodes_7_edges_degrees_ER,GRaSP,1.47,0.83,4.0,1.67,0.18,0.3,0.46,0.26,0.25,0.42,0.81,0.31,0.46,0.26,0.64,0.22,3.88,1.94,11.14,3.7,npy,dag,5,7,7,ER,ER,0.5542857142857143,0.27714285714285714,11.14,3.7,11.14,3.7,1.5914285714285714,0.5285714285714286,1.5914285714285714,0.5285714285714286,1.5914285714285714,0.5285714285714286
dag_5_nodes_7_edges_degrees_ER,BOSS,1.99,0.95,3.42,2.06,0.14,0.27,0.39,0.27,0.22,0.41,0.83,0.29,0.39,0.27,0.62,0.2,4.34,1.99,11.9,3.54,npy,dag,5,7,7,ER,ER,0.62,0.2842857142857143,11.9,3.54,11.9,3.54,1.7,0.5057142857142857,1.7,0.5057142857142857,1.7,0.5057142857142857
dag_5_nodes_7_edges_degrees_SF,GRaSP,1.07,0.45,1.28,0.97,0.02,0.14,0.31,0.25,0.01,0.05,0.97,0.18,0.31,0.25,0.67,0.0,2.78,1.02,4.54,1.99,npy,dag,5,7,4,SF,SF,0.695,0.255,4.54,1.99,4.54,1.99,1.135,0.4975,1.135,0.4975,1.135,0.4975
dag_5_nodes_7_edges_degrees_SF,BOSS,1.25,0.56,1.34,0.98,0.02,0.14,0.32,0.24,0.01,0.07,0.97,0.17,0.32,0.24,0.67,0.0,2.74,1.01,4.5,2.06,npy,dag,5,7,4,SF,SF,0.685,0.2525,4.5,2.06,4.5,2.06,1.125,0.515,1.125,0.515,1.125,0.515
dag_5_nodes_7_edges_degrees_random,GRaSP,1.12,0.56,1.78,2.61,0.13,0.24,0.15,0.25,0.23,0.42,0.61,0.27,0.15,0.25,0.54,0.2,5.92,1.77,14.92,2.95,npy,dag,5,7,7,random,LT,0.8457142857142858,0.25285714285714284,14.92,2.95,14.92,2.95,2.1314285714285712,0.42142857142857143,2.1314285714285712,0.42142857142857143,2.1314285714285712,0.42142857142857143
dag_5_nodes_7_edges_degrees_random,BOSS,1.35,0.52,1.08,2.22,0.12,0.27,0.06,0.16,0.21,0.47,0.38,0.27,0.06,0.16,0.38,0.24,6.56,1.15,16.0,1.86,npy,dag,5,7,7,random,LT,0.937142857142857,0.16428571428571428,16.0,1.86,16.0,1.86,2.2857142857142856,0.26571428571428574,2.2857142857142856,0.26571428571428574,2.2857142857142856,0.26571428571428574
dag_5_nodes_7_edges_none_ER,GRaSP,1.57,0.87,2.54,1.81,0.28,0.34,0.22,0.2,0.33,0.39,0.6,0.34,0.22,0.2,0.46,0.18,5.46,1.43,13.78,3.36,npy,dag,5,7,7,ER,ER,0.78,0.20428571428571426,13.78,3.36,13.78,3.36,1.9685714285714284,0.48,1.9685714285714284,0.48,1.9685714285714284,0.48
dag_5_nodes_7_edges_none_ER,BOSS,1.86,0.98,2.28,1.91,0.3,0.33,0.16,0.16,0.38,0.42,0.52,0.29,0.16,0.16,0.38,0.13,5.86,1.13,14.2,2.66,npy,dag,5,7,7,ER,ER,0.8371428571428572,0.16142857142857142,14.2,2.66,14.2,2.66,2.0285714285714285,0.38,2.0285714285714285,0.38,2.0285714285714285,0.38
dag_5_nodes_7_edges_none_SF,GRaSP,0.8,0.57,2.16,1.36,0.15,0.33,0.42,0.31,0.08,0.18,0.81,0.36,0.42,0.31,0.73,0.13,2.6,1.53,3.3,2.29,npy,dag,5,7,4,SF,SF,0.65,0.3825,3.3,2.29,3.3,2.29,0.825,0.5725,0.825,0.5725,0.825,0.5725
dag_5_nodes_7_edges_none_SF,BOSS,0.96,0.58,2.34,1.3,0.17,0.36,0.44,0.32,0.09,0.2,0.79,0.39,0.44,0.32,0.77,0.13,2.5,1.68,3.16,2.61,npy,dag,5,7,4,SF,SF,0.625,0.42,3.16,2.61,3.16,2.61,0.79,0.6525,0.79,0.6525,0.79,0.6525
dag_5_nodes_7_edges_none_random,GRaSP,0.79,0.3,4.22,1.58,0.28,0.36,0.43,0.28,0.41,0.53,0.7,0.37,0.43,0.28,0.59,0.26,4.12,2.04,12.4,4.31,npy,dag,5,7,7,random,LT,0.5885714285714286,0.2914285714285714,12.4,4.31,12.4,4.31,1.7714285714285716,0.6157142857142857,1.7714285714285716,0.6157142857142857,1.7714285714285716,0.6157142857142857
dag_5_nodes_7_edges_none_random,BOSS,0.9,0.34,4.48,1.07,0.07,0.22,0.6,0.2,0.09,0.26,0.92,0.22,0.6,0.2,0.75,0.17,2.86,1.55,9.5,2.82,npy,dag,5,7,7,random,LT,0.40857142857142853,0.22142857142857145,9.5,2.82,9.5,2.82,1.3571428571428572,0.40285714285714286,1.3571428571428572,0.40285714285714286,1.3571428571428572,0.40285714285714286
dag_5_nodes_7_edges_semantics_ER,GRaSP,0.77,0.31,4.74,1.85,0.35,0.37,0.43,0.31,0.57,0.59,0.61,0.37,0.43,0.31,0.62,0.25,4.34,2.39,9.22,5.43,npy,dag,5,7,7,ER,ER,0.62,0.34142857142857147,9.22,5.43,9.22,5.43,1.3171428571428572,0.7757142857142857,1.3171428571428572,0.7757142857142857,1.3171428571428572,0.7757142857142857
dag_5_nodes_7_edges_semantics_ER,BOSS,0.92,0.3,4.6,1.76,0.37,0.38,0.41,0.31,0.58,0.62,0.6,0.38,0.41,0.31,0.63,0.23,4.38,2.34,9.6,5.47,npy,dag,5,7,7,ER,ER,0.6257142857142857,0.33428571428571424,9.6,5.47,9.6,5.47,1.3714285714285714,0.7814285714285714,1.3714285714285714,0.7814285714285714,1.3714285714285714,0.7814285714285714
dag_5_nodes_7_edges_semantics_SF,GRaSP,1.12,0.5,1.4,0.93,0.02,0.14,0.34,0.24,0.01,0.05,0.97,0.17,0.34,0.24,0.67,0.0,2.66,0.98,3.3,1.92,npy,dag,5,7,4,SF,SF,0.665,0.245,3.3,1.92,3.3,1.92,0.825,0.48,0.825,0.48,0.825,0.48
dag_5_nodes_7_edges_semantics_SF,BOSS,1.3,0.61,1.56,0.84,0.0,0.0,0.39,0.21,0.0,0.0,1.0,0.0,0.39,0.21,0.67,0.0,2.44,0.84,2.88,1.67,npy,dag,5,7,4,SF,SF,0.61,0.21,2.88,1.67,2.88,1.67,0.72,0.4175,0.72,0.4175,0.72,0.4175
dag_5_nodes_7_edges_semantics_random,GRaSP,1.15,0.51,2.98,2.82,0.22,0.28,0.26,0.28,0.39,0.47,0.6,0.27,0.26,0.28,0.56,0.18,5.18,1.96,14.1,3.63,npy,dag,5,7,7,random,LT,0.74,0.27999999999999997,14.1,3.63,14.1,3.63,2.0142857142857142,0.5185714285714286,2.0142857142857142,0.5185714285714286,2.0142857142857142,0.5185714285714286
dag_5_nodes_7_edges_semantics_random,BOSS,1.32,0.54,1.92,2.73,0.11,0.2,0.18,0.28,0.21,0.4,0.68,0.23,0.18,0.28,0.6,0.2,5.72,1.94,14.4,3.35,npy,dag,5,7,7,random,LT,0.8171428571428571,0.27714285714285714,14.4,3.35,14.4,3.35,2.0571428571428574,0.4785714285714286,2.0571428571428574,0.4785714285714286,2.0571428571428574,0.4785714285714286
dag_10_nodes_10_edges_degrees_ER,MPC,0.02,0.0,5.4,0.53,0.12,0.11,0.48,0.11,0.02,0.02,0.88,0.11,0.48,0.11,0.62,0.12,5.2,1.07,17.86,4.37,npy,dag,10,10,10,ER,ER,0.52,0.10700000000000001,17.86,4.37,17.86,4.37,1.786,0.437,1.786,0.437,1.786,0.437
dag_10_nodes_10_edges_degrees_ER,MPC-LLM,0.02,0.0,6.44,0.64,0.11,0.09,0.58,0.11,0.02,0.02,0.89,0.09,0.58,0.11,0.7,0.11,4.22,1.06,15.88,4.35,npy,dag,10,10,10,ER,ER,0.422,0.10600000000000001,15.88,4.35,15.88,4.35,1.588,0.43499999999999994,1.588,0.43499999999999994,1.588,0.43499999999999994
dag_10_nodes_10_edges_degrees_SF,MPC,0.02,0.0,5.38,0.53,0.01,0.06,0.59,0.06,0.0,0.01,0.99,0.06,0.59,0.06,0.74,0.05,3.74,0.6,4.02,1.81,npy,dag,10,10,9,SF,SF,0.41555555555555557,0.06666666666666667,4.02,1.81,4.02,1.81,0.4466666666666666,0.20111111111111113,0.4466666666666666,0.20111111111111113,0.4466666666666666,0.20111111111111113
dag_10_nodes_10_edges_degrees_SF,MPC-LLM,0.02,0.0,5.44,0.64,0.02,0.07,0.59,0.06,0.0,0.01,0.98,0.07,0.59,0.06,0.73,0.05,3.78,0.62,4.06,1.81,npy,dag,10,10,9,SF,SF,0.42,0.06888888888888889,4.06,1.81,4.06,1.81,0.4511111111111111,0.20111111111111113,0.4511111111111111,0.20111111111111113,0.4511111111111111,0.20111111111111113
dag_10_nodes_10_edges_degrees_random,MPC,0.01,0.0,3.1,1.33,0.05,0.13,0.29,0.12,0.01,0.02,0.95,0.13,0.29,0.12,0.43,0.13,7.18,1.19,19.36,3.07,npy,dag,10,10,10,random,LT,0.718,0.119,19.36,3.07,19.36,3.07,1.936,0.307,1.936,0.307,1.936,0.307
dag_10_nodes_10_edges_degrees_random,MPC-LLM,0.01,0.0,3.9,1.16,0.05,0.12,0.36,0.09,0.01,0.02,0.95,0.12,0.36,0.09,0.52,0.09,6.46,0.99,17.84,2.49,npy,dag,10,10,10,random,LT,0.646,0.099,17.84,2.49,17.84,2.49,1.784,0.24900000000000003,1.784,0.24900000000000003,1.784,0.24900000000000003
dag_10_nodes_10_edges_none_ER,MPC,0.03,0.0,5.36,0.88,0.02,0.06,0.52,0.04,0.01,0.02,0.98,0.06,0.52,0.04,0.67,0.02,4.82,0.44,32.28,1.75,npy,dag,10,10,10,ER,ER,0.48200000000000004,0.044,32.28,1.75,32.28,1.75,3.228,0.175,3.228,0.175,3.228,0.175
dag_10_nodes_10_edges_none_ER,MPC-LLM,0.03,0.0,7.8936170212765955,0.63,0.26,0.03,0.59,0.06,0.11,0.01,0.74,0.03,0.59,0.06,0.65,0.05,4.13,0.61,25.0,4.55,npy,dag,10,10,10,ER,ER,0.413,0.061,25.0,4.55,25.0,4.55,2.5,0.45499999999999996,2.5,0.45499999999999996,2.5,0.45499999999999996
dag_10_nodes_10_edges_none_SF,MPC,0.01,0.01,3.06,1.61,0.05,0.14,0.32,0.17,0.01,0.02,0.94,0.15,0.32,0.17,0.54,0.11,6.2,1.55,9.32,4.0,npy,dag,10,10,9,SF,SF,0.6888888888888889,0.17222222222222222,9.32,4.0,9.32,4.0,1.0355555555555556,0.4444444444444444,1.0355555555555556,0.4444444444444444,1.0355555555555556,0.4444444444444444
dag_10_nodes_10_edges_none_SF,MPC-LLM,0.01,0.0,3.4,0.88,0.12,0.2,0.34,0.13,0.01,0.02,0.88,0.2,0.34,0.13,0.49,0.16,5.96,1.21,10.18,5.44,npy,dag,10,10,9,SF,SF,0.6622222222222223,0.13444444444444445,10.18,5.44,10.18,5.44,1.1311111111111112,0.6044444444444445,1.1311111111111112,0.6044444444444445,1.1311111111111112,0.6044444444444445
dag_10_nodes_10_edges_none_random,MPC,0.03,0.01,5.58,0.97,0.3,0.14,0.38,0.07,0.05,0.02,0.7,0.14,0.38,0.07,0.49,0.08,6.18,0.72,12.04,2.32,npy,dag,10,10,10,random,LT,0.618,0.072,12.04,2.32,12.04,2.32,1.204,0.23199999999999998,1.204,0.23199999999999998,1.204,0.23199999999999998
dag_10_nodes_10_edges_none_random,MPC-LLM,0.02,0.0,5.7,0.71,0.22,0.1,0.45,0.09,0.03,0.01,0.78,0.1,0.45,0.09,0.57,0.1,5.56,0.93,17.22,2.22,npy,dag,10,10,10,random,LT,0.5559999999999999,0.093,17.22,2.22,17.22,2.22,1.722,0.22200000000000003,1.722,0.22200000000000003,1.722,0.22200000000000003
dag_10_nodes_10_edges_semantics_ER,MPC,0.01,0.0,2.36,0.92,0.02,0.09,0.23,0.08,0.0,0.01,0.98,0.09,0.23,0.08,0.36,0.09,7.74,0.85,31.94,4.27,npy,dag,10,10,10,ER,ER,0.774,0.08499999999999999,31.94,4.27,31.94,4.27,3.194,0.42699999999999994,3.194,0.42699999999999994,3.194,0.42699999999999994
dag_10_nodes_10_edges_semantics_ER,MPC-LLM,0.01,0.0,2.36,0.92,0.02,0.09,0.23,0.08,0.0,0.01,0.98,0.09,0.23,0.08,0.36,0.09,7.74,0.85,31.94,4.27,npy,dag,10,10,10,ER,ER,0.774,0.08499999999999999,31.94,4.27,31.94,4.27,3.194,0.42699999999999994,3.194,0.42699999999999994,3.194,0.42699999999999994
dag_10_nodes_10_edges_semantics_SF,MPC,0.01,0.0,5.14,1.11,0.06,0.1,0.53,0.1,0.01,0.02,0.94,0.1,0.53,0.1,0.67,0.09,4.28,0.95,11.34,4.66,npy,dag,10,10,9,SF,SF,0.47555555555555556,0.10555555555555556,11.34,4.66,11.34,4.66,1.26,0.5177777777777778,1.26,0.5177777777777778,1.26,0.5177777777777778
dag_10_nodes_10_edges_semantics_SF,MPC-LLM,0.01,0.0,5.52,0.79,0.05,0.11,0.58,0.1,0.01,0.02,0.95,0.11,0.58,0.1,0.72,0.1,3.86,0.93,9.44,5.18,npy,dag,10,10,9,SF,SF,0.4288888888888889,0.10333333333333333,9.44,5.18,9.44,5.18,1.0488888888888888,0.5755555555555555,1.0488888888888888,0.5755555555555555,1.0488888888888888,0.5755555555555555
dag_10_nodes_10_edges_semantics_random,MPC,0.03,0.01,8.0,0.97,0.02,0.05,0.79,0.12,0.0,0.01,0.98,0.05,0.79,0.12,0.87,0.09,2.1,1.2,4.86,8.53,npy,dag,10,10,10,random,LT,0.21000000000000002,0.12,4.86,8.53,4.86,8.53,0.48600000000000004,0.853,0.48600000000000004,0.853,0.48600000000000004,0.853
dag_10_nodes_10_edges_semantics_random,MPC-LLM,0.03,0.0,7.24,0.74,0.3,0.05,0.51,0.08,0.06,0.01,0.7,0.05,0.51,0.08,0.59,0.07,4.9,0.76,40.04,3.12,npy,dag,10,10,10,random,LT,0.49000000000000005,0.076,40.04,3.12,40.04,3.12,4.004,0.312,4.004,0.312,4.004,0.312
dag_10_nodes_15_edges_degrees_ER,MPC,0.04,0.0,7.04,1.6,0.17,0.1,0.38,0.06,0.04,0.04,0.83,0.1,0.38,0.06,0.52,0.06,9.36,0.94,42.84,3.02,npy,dag,10,15,15,ER,ER,0.624,0.06266666666666666,42.84,3.02,42.84,3.02,2.8560000000000003,0.20133333333333334,2.8560000000000003,0.20133333333333334,2.8560000000000003,0.20133333333333334
dag_10_nodes_15_edges_degrees_ER,MPC-LLM,0.04,0.0,7.938775510204081,1.61,0.06,0.11,0.48,0.04,0.02,0.04,0.94,0.11,0.48,0.04,0.63,0.02,7.8,0.61,37.67,1.94,npy,dag,10,15,15,ER,ER,0.52,0.04066666666666666,37.67,1.94,37.67,1.94,2.5113333333333334,0.12933333333333333,2.5113333333333334,0.12933333333333333,2.5113333333333334,0.12933333333333333
dag_10_nodes_15_edges_degrees_SF,MPC,0.12,0.04,11.58695652173913,1.73,0.12,0.1,0.6,0.11,0.05,0.04,0.88,0.1,0.6,0.11,0.71,0.1,7.02,2.02,20.26,8.5,npy,dag,10,15,17,SF,SF,0.4129411764705882,0.1188235294117647,20.26,8.5,20.26,8.5,1.191764705882353,0.5,1.191764705882353,0.5,1.191764705882353,0.5
dag_10_nodes_15_edges_degrees_SF,MPC-LLM,0.11,0.03,13.372093023255815,1.07,0.04,0.06,0.75,0.07,0.02,0.03,0.96,0.06,0.75,0.07,0.84,0.06,4.37,1.35,10.63,4.68,npy,dag,10,15,17,SF,SF,0.2570588235294118,0.07941176470588236,10.63,4.68,10.63,4.68,0.6252941176470589,0.2752941176470588,0.6252941176470589,0.2752941176470588,0.6252941176470589,0.2752941176470588
dag_10_nodes_15_edges_degrees_random,MPC,0.04,0.01,9.37,1.78,0.25,0.18,0.46,0.1,0.08,0.07,0.75,0.18,0.46,0.1,0.56,0.12,8.83,1.67,41.14,12.0,npy,dag,10,15,15,random,LT,0.5886666666666667,0.11133333333333333,41.14,12.0,41.14,12.0,2.7426666666666666,0.8,2.7426666666666666,0.8,2.7426666666666666,0.8
dag_10_nodes_15_edges_degrees_random,MPC-LLM,0.04,0.01,9.775510204081632,1.57,0.35,0.16,0.42,0.11,0.11,0.06,0.65,0.16,0.42,0.11,0.51,0.13,9.45,1.94,46.0,9.99,npy,dag,10,15,15,random,LT,0.63,0.12933333333333333,46.0,9.99,46.0,9.99,3.066666666666667,0.666,3.066666666666667,0.666,3.066666666666667,0.666
dag_10_nodes_15_edges_none_ER,MPC,0.06,0.01,8.36734693877551,2.14,0.11,0.16,0.51,0.18,0.02,0.03,0.89,0.16,0.51,0.18,0.64,0.19,7.37,2.69,31.61,11.49,npy,dag,10,15,15,ER,ER,0.49133333333333334,0.17933333333333332,31.61,11.49,31.61,11.49,2.1073333333333335,0.766,2.1073333333333335,0.766,2.1073333333333335,0.766
dag_10_nodes_15_edges_none_ER,MPC-LLM,0.05,0.0,10.64,0.94,0.01,0.03,0.7,0.06,0.0,0.01,0.99,0.03,0.7,0.06,0.82,0.04,4.5,0.86,16.9,3.62,npy,dag,10,15,15,ER,ER,0.3,0.05733333333333333,16.9,3.62,16.9,3.62,1.1266666666666665,0.24133333333333334,1.1266666666666665,0.24133333333333334,1.1266666666666665,0.24133333333333334
dag_10_nodes_15_edges_none_SF,MPC,0.06,0.02,10.36,1.75,0.25,0.13,0.46,0.11,0.09,0.04,0.75,0.13,0.46,0.11,0.57,0.12,9.7,1.89,27.24,8.69,npy,dag,10,15,17,SF,SF,0.5705882352941176,0.1111764705882353,27.24,8.69,27.24,8.69,1.6023529411764705,0.5111764705882352,1.6023529411764705,0.5111764705882352,1.6023529411764705,0.5111764705882352
dag_10_nodes_15_edges_none_SF,MPC-LLM,0.06,0.02,10.42,1.67,0.16,0.13,0.51,0.09,0.06,0.05,0.84,0.13,0.51,0.09,0.63,0.1,9.0,1.68,22.58,8.35,npy,dag,10,15,17,SF,SF,0.5294117647058824,0.0988235294117647,22.58,8.35,22.58,8.35,1.328235294117647,0.49117647058823527,1.328235294117647,0.49117647058823527,1.328235294117647,0.49117647058823527
dag_10_nodes_15_edges_none_random,MPC,0.09,0.01,11.285714285714286,0.64,0.45,0.05,0.42,0.05,0.17,0.02,0.55,0.05,0.42,0.05,0.47,0.05,8.79,0.9,36.19,2.54,npy,dag,10,15,15,random,LT,0.586,0.060000000000000005,36.19,2.54,36.19,2.54,2.4126666666666665,0.16933333333333334,2.4126666666666665,0.16933333333333334,2.4126666666666665,0.16933333333333334
dag_10_nodes_15_edges_none_random,MPC-LLM,0.09,0.01,11.268292682926829,0.63,0.45,0.04,0.41,0.05,0.17,0.02,0.55,0.04,0.41,0.05,0.47,0.05,8.85,0.82,36.2,2.57,npy,dag,10,15,15,random,LT,0.59,0.05466666666666666,36.2,2.57,36.2,2.57,2.4133333333333336,0.1713333333333333,2.4133333333333336,0.1713333333333333,2.4133333333333336,0.1713333333333333
dag_10_nodes_15_edges_semantics_ER,MPC,0.05,0.0,8.08,1.35,0.21,0.14,0.42,0.11,0.06,0.04,0.79,0.14,0.42,0.11,0.55,0.12,8.64,1.66,35.0,7.23,npy,dag,10,15,15,ER,ER,0.5760000000000001,0.11066666666666666,35.0,7.23,35.0,7.23,2.3333333333333335,0.48200000000000004,2.3333333333333335,0.48200000000000004,2.3333333333333335,0.48200000000000004
dag_10_nodes_15_edges_semantics_ER,MPC-LLM,0.04,0.0,10.54,0.58,0.01,0.03,0.7,0.04,0.0,0.01,0.99,0.03,0.7,0.04,0.82,0.03,4.54,0.64,11.75,3.79,npy,dag,10,15,15,ER,ER,0.3026666666666667,0.042666666666666665,11.75,3.79,11.75,3.79,0.7833333333333333,0.25266666666666665,0.7833333333333333,0.25266666666666665,0.7833333333333333,0.25266666666666665
dag_10_nodes_15_edges_semantics_SF,MPC,0.06,0.01,11.46,1.37,0.39,0.12,0.41,0.12,0.16,0.05,0.61,0.12,0.41,0.12,0.49,0.12,10.36,2.15,43.76,8.15,npy,dag,10,15,17,SF,SF,0.6094117647058823,0.1264705882352941,43.76,8.15,43.76,8.15,2.5741176470588236,0.47941176470588237,2.5741176470588236,0.47941176470588237,2.5741176470588236,0.47941176470588237
dag_10_nodes_15_edges_semantics_SF,MPC-LLM,0.06,0.01,11.92,1.26,0.35,0.11,0.45,0.07,0.15,0.05,0.65,0.11,0.45,0.07,0.53,0.08,9.7,1.4,41.4,5.44,npy,dag,10,15,17,SF,SF,0.5705882352941176,0.08235294117647059,41.4,5.44,41.4,5.44,2.4352941176470586,0.32,2.4352941176470586,0.32,2.4352941176470586,0.32
dag_10_nodes_15_edges_semantics_random,MPC,0.04,0.01,5.64,1.7,0.01,0.05,0.37,0.1,0.0,0.01,0.99,0.05,0.37,0.1,0.53,0.11,9.48,1.59,29.56,3.98,npy,dag,10,15,15,random,LT,0.632,0.10600000000000001,29.56,3.98,29.56,3.98,1.9706666666666666,0.2653333333333333,1.9706666666666666,0.2653333333333333,1.9706666666666666,0.2653333333333333
dag_10_nodes_15_edges_semantics_random,MPC-LLM,0.04,0.01,8.28,1.26,0.01,0.05,0.54,0.07,0.0,0.02,0.99,0.05,0.54,0.07,0.7,0.06,6.88,1.15,17.9,3.39,npy,dag,10,15,15,random,LT,0.45866666666666667,0.07666666666666666,17.9,3.39,17.9,3.39,1.1933333333333331,0.226,1.1933333333333331,0.226,1.1933333333333331,0.226
dag_15_nodes_15_edges_degrees_ER,MPC,0.03,0.01,6.44,1.47,0.02,0.08,0.42,0.1,0.0,0.01,0.98,0.08,0.42,0.1,0.58,0.11,8.68,1.5,26.66,3.91,npy,dag,15,15,15,ER,ER,0.5786666666666667,0.1,26.66,3.91,26.66,3.91,1.7773333333333334,0.26066666666666666,1.7773333333333334,0.26066666666666666,1.7773333333333334,0.26066666666666666
dag_15_nodes_15_edges_degrees_ER,MPC-LLM,0.03,0.01,8.84,1.0,0.02,0.05,0.57,0.07,0.0,0.01,0.98,0.05,0.57,0.07,0.72,0.06,6.4,1.01,18.46,3.52,npy,dag,15,15,15,ER,ER,0.4266666666666667,0.06733333333333333,18.46,3.52,18.46,3.52,1.2306666666666668,0.23466666666666666,1.2306666666666668,0.23466666666666666,1.2306666666666668,0.23466666666666666
dag_15_nodes_15_edges_degrees_SF,MPC,0.03,0.01,6.0,1.36,0.02,0.06,0.42,0.09,0.0,0.0,0.98,0.06,0.42,0.09,0.58,0.09,8.18,1.26,15.62,4.82,npy,dag,15,15,14,SF,SF,0.5842857142857143,0.09,15.62,4.82,15.62,4.82,1.1157142857142857,0.3442857142857143,1.1157142857142857,0.3442857142857143,1.1157142857142857,0.3442857142857143
dag_15_nodes_15_edges_degrees_SF,MPC-LLM,0.03,0.01,8.1,1.46,0.27,0.05,0.42,0.09,0.02,0.01,0.73,0.05,0.42,0.09,0.53,0.08,8.12,1.26,22.12,4.53,npy,dag,15,15,14,SF,SF,0.58,0.09,22.12,4.53,22.12,4.53,1.58,0.32357142857142857,1.58,0.32357142857142857,1.58,0.32357142857142857
dag_15_nodes_15_edges_degrees_random,MPC,0.04,0.0,8.54,0.61,0.02,0.04,0.56,0.04,0.0,0.0,0.98,0.04,0.56,0.04,0.71,0.04,6.64,0.6,14.84,6.12,npy,dag,15,15,15,random,LT,0.44266666666666665,0.04,14.84,6.12,14.84,6.12,0.9893333333333333,0.40800000000000003,0.9893333333333333,0.40800000000000003,0.9893333333333333,0.40800000000000003
dag_15_nodes_15_edges_degrees_random,MPC-LLM,0.04,0.0,8.54,0.61,0.02,0.04,0.56,0.04,0.0,0.0,0.98,0.04,0.56,0.04,0.71,0.04,6.64,0.6,14.84,6.12,npy,dag,15,15,15,random,LT,0.44266666666666665,0.04,14.84,6.12,14.84,6.12,0.9893333333333333,0.40800000000000003,0.9893333333333333,0.40800000000000003,0.9893333333333333,0.40800000000000003
dag_15_nodes_15_edges_none_ER,MPC,0.04,0.0,6.1,0.84,0.04,0.1,0.39,0.03,0.0,0.01,0.96,0.1,0.39,0.03,0.55,0.04,9.2,0.49,34.7,3.49,npy,dag,15,15,15,ER,ER,0.6133333333333333,0.03266666666666666,34.7,3.49,34.7,3.49,2.3133333333333335,0.2326666666666667,2.3133333333333335,0.2326666666666667,2.3133333333333335,0.2326666666666667
dag_15_nodes_15_edges_none_ER,MPC-LLM,0.04,0.0,7.1,0.84,0.03,0.09,0.45,0.03,0.0,0.01,0.97,0.09,0.45,0.03,0.62,0.04,8.2,0.49,33.7,3.49,npy,dag,15,15,15,ER,ER,0.5466666666666666,0.03266666666666666,33.7,3.49,33.7,3.49,2.246666666666667,0.2326666666666667,2.246666666666667,0.2326666666666667,2.246666666666667,0.2326666666666667
dag_15_nodes_15_edges_none_SF,MPC,0.05,0.02,8.12,1.65,0.14,0.11,0.49,0.08,0.01,0.01,0.86,0.11,0.49,0.08,0.62,0.09,7.22,1.15,20.62,9.06,npy,dag,15,15,14,SF,SF,0.5157142857142857,0.08214285714285714,20.62,9.06,20.62,9.06,1.4728571428571429,0.6471428571428571,1.4728571428571429,0.6471428571428571,1.4728571428571429,0.6471428571428571
dag_15_nodes_15_edges_none_SF,MPC-LLM,0.05,0.02,7.92,1.31,0.1,0.1,0.51,0.09,0.01,0.01,0.9,0.1,0.51,0.09,0.64,0.09,7.0,1.23,17.3,8.86,npy,dag,15,15,14,SF,SF,0.5,0.08785714285714286,17.3,8.86,17.3,8.86,1.2357142857142858,0.6328571428571428,1.2357142857142858,0.6328571428571428,1.2357142857142858,0.6328571428571428
dag_15_nodes_15_edges_none_random,MPC,0.05,0.0,7.32,1.02,0.03,0.06,0.47,0.07,0.0,0.0,0.97,0.06,0.47,0.07,0.64,0.06,7.88,1.08,35.88,9.39,npy,dag,15,15,15,random,LT,0.5253333333333333,0.07200000000000001,35.88,9.39,35.88,9.39,2.3920000000000003,0.626,2.3920000000000003,0.626,2.3920000000000003,0.626
dag_15_nodes_15_edges_none_random,MPC-LLM,0.04,0.0,12.14,0.4,0.08,0.0,0.74,0.03,0.01,0.0,0.92,0.0,0.74,0.03,0.82,0.02,3.86,0.4,23.86,0.4,npy,dag,15,15,15,random,LT,0.2573333333333333,0.02666666666666667,23.86,0.4,23.86,0.4,1.5906666666666667,0.02666666666666667,1.5906666666666667,0.02666666666666667,1.5906666666666667,0.02666666666666667
dag_15_nodes_15_edges_semantics_ER,MPC,0.03,0.0,7.4,1.51,0.05,0.07,0.47,0.1,0.0,0.01,0.95,0.07,0.47,0.1,0.62,0.1,7.96,1.55,19.44,4.82,npy,dag,15,15,15,ER,ER,0.5306666666666666,0.10333333333333333,19.44,4.82,19.44,4.82,1.296,0.32133333333333336,1.296,0.32133333333333336,1.296,0.32133333333333336
dag_15_nodes_15_edges_semantics_ER,MPC-LLM,0.03,0.0,8.5,1.34,0.0,0.02,0.57,0.09,0.0,0.0,1.0,0.02,0.57,0.09,0.72,0.08,6.54,1.36,16.22,3.86,npy,dag,15,15,15,ER,ER,0.436,0.09066666666666667,16.22,3.86,16.22,3.86,1.0813333333333333,0.2573333333333333,1.0813333333333333,0.2573333333333333,1.0813333333333333,0.2573333333333333
dag_15_nodes_15_edges_semantics_SF,MPC,0.03,0.0,6.32,0.65,0.01,0.04,0.45,0.04,0.0,0.0,0.99,0.04,0.45,0.04,0.61,0.04,7.78,0.58,11.0,2.26,npy,dag,15,15,14,SF,SF,0.5557142857142857,0.041428571428571426,11.0,2.26,11.0,2.26,0.7857142857142857,0.16142857142857142,0.7857142857142857,0.16142857142857142,0.7857142857142857,0.16142857142857142
dag_15_nodes_15_edges_semantics_SF,MPC-LLM,0.03,0.0,6.34,0.66,0.01,0.04,0.45,0.04,0.0,0.0,0.99,0.04,0.45,0.04,0.61,0.04,7.78,0.62,10.7,1.02,npy,dag,15,15,14,SF,SF,0.5557142857142857,0.04428571428571428,10.7,1.02,10.7,1.02,0.7642857142857142,0.07285714285714286,0.7642857142857142,0.07285714285714286,0.7642857142857142,0.07285714285714286
dag_15_nodes_15_edges_semantics_random,MPC,0.04,0.0,11.76,1.44,0.01,0.03,0.78,0.1,0.0,0.0,0.99,0.03,0.78,0.1,0.87,0.07,3.42,1.47,16.62,7.9,npy,dag,15,15,15,random,LT,0.228,0.098,16.62,7.9,16.62,7.9,1.108,0.5266666666666667,1.108,0.5266666666666667,1.108,0.5266666666666667
dag_15_nodes_15_edges_semantics_random,MPC-LLM,0.04,0.0,11.76,1.44,0.01,0.03,0.78,0.09,0.0,0.0,0.99,0.03,0.78,0.09,0.87,0.06,3.38,1.41,16.02,6.8,npy,dag,15,15,15,random,LT,0.22533333333333333,0.094,16.02,6.8,16.02,6.8,1.068,0.4533333333333333,1.068,0.4533333333333333,1.068,0.4533333333333333
dag_15_nodes_22_edges_degrees_ER,MPC,0.05,0.0,10.96,0.6,0.06,0.05,0.47,0.03,0.01,0.01,0.94,0.05,0.47,0.03,0.62,0.04,11.76,0.72,63.94,4.41,npy,dag,15,22,22,ER,ER,0.5345454545454545,0.03272727272727272,63.94,4.41,63.94,4.41,2.9063636363636363,0.20045454545454547,2.9063636363636363,0.20045454545454547,2.9063636363636363,0.20045454545454547
dag_15_nodes_22_edges_degrees_ER,MPC-LLM,0.05,0.0,10.9,0.68,0.03,0.06,0.48,0.04,0.0,0.01,0.97,0.06,0.48,0.04,0.65,0.04,11.4,0.83,63.56,6.88,npy,dag,15,22,22,ER,ER,0.5181818181818182,0.03772727272727273,63.56,6.88,63.56,6.88,2.889090909090909,0.31272727272727274,2.889090909090909,0.31272727272727274,2.889090909090909,0.31272727272727274
dag_15_nodes_22_edges_degrees_SF,MPC,0.03,0.01,7.34,1.36,0.14,0.11,0.45,0.1,0.01,0.01,0.86,0.11,0.45,0.1,0.59,0.11,7.74,1.55,18.18,8.84,npy,dag,15,22,14,SF,SF,0.5528571428571428,0.11071428571428572,18.18,8.84,18.18,8.84,1.2985714285714285,0.6314285714285715,1.2985714285714285,0.6314285714285715,1.2985714285714285,0.6314285714285715
dag_15_nodes_22_edges_degrees_SF,MPC-LLM,0.03,0.01,7.38,1.31,0.15,0.11,0.45,0.1,0.01,0.01,0.85,0.11,0.45,0.1,0.58,0.11,7.78,1.59,18.18,8.84,npy,dag,15,22,14,SF,SF,0.5557142857142857,0.11357142857142857,18.18,8.84,18.18,8.84,1.2985714285714285,0.6314285714285715,1.2985714285714285,0.6314285714285715,1.2985714285714285,0.6314285714285715
dag_15_nodes_22_edges_degrees_random,MPC,0.07,0.01,13.146341463414634,1.48,0.3,0.14,0.42,0.09,0.05,0.02,0.7,0.14,0.42,0.09,0.52,0.1,12.9,2.02,86.73,17.75,npy,dag,15,22,22,random,LT,0.5863636363636364,0.09181818181818181,86.73,17.75,86.73,17.75,3.9422727272727274,0.8068181818181818,3.9422727272727274,0.8068181818181818,3.9422727272727274,0.8068181818181818
dag_15_nodes_22_edges_degrees_random,MPC-LLM,0.07,0.01,12.76,1.41,0.06,0.07,0.54,0.05,0.01,0.01,0.94,0.07,0.54,0.05,0.69,0.05,10.4,1.31,58.68,11.16,npy,dag,15,22,22,random,LT,0.4727272727272727,0.05954545454545455,58.68,11.16,58.68,11.16,2.6672727272727275,0.5072727272727273,2.6672727272727275,0.5072727272727273,2.6672727272727275,0.5072727272727273
dag_15_nodes_22_edges_none_ER,MPC,0.08,0.01,13.02,1.61,0.04,0.07,0.57,0.08,0.01,0.01,0.96,0.07,0.57,0.08,0.71,0.08,9.56,1.83,42.2,10.86,npy,dag,15,22,22,ER,ER,0.43454545454545457,0.08318181818181819,42.2,10.86,42.2,10.86,1.9181818181818182,0.4936363636363636,1.9181818181818182,0.4936363636363636,1.9181818181818182,0.4936363636363636
dag_15_nodes_22_edges_none_ER,MPC-LLM,0.07,0.01,14.14,1.07,0.06,0.06,0.61,0.05,0.01,0.01,0.94,0.06,0.61,0.05,0.74,0.05,8.78,1.2,39.94,8.16,npy,dag,15,22,22,ER,ER,0.39909090909090905,0.05454545454545454,39.94,8.16,39.94,8.16,1.8154545454545454,0.3709090909090909,1.8154545454545454,0.3709090909090909,1.8154545454545454,0.3709090909090909
dag_15_nodes_22_edges_none_SF,MPC,0.03,0.0,5.98,0.14,0.0,0.0,0.43,0.01,0.0,0.0,1.0,0.0,0.43,0.01,0.6,0.01,8.02,0.14,13.04,0.28,npy,dag,15,22,14,SF,SF,0.5728571428571428,0.01,13.04,0.28,13.04,0.28,0.9314285714285714,0.02,0.9314285714285714,0.02,0.9314285714285714,0.02
dag_15_nodes_22_edges_none_SF,MPC-LLM,0.03,0.0,5.98,0.14,0.0,0.0,0.43,0.01,0.0,0.0,1.0,0.0,0.43,0.01,0.6,0.01,8.02,0.14,13.04,0.28,npy,dag,15,22,14,SF,SF,0.5728571428571428,0.01,13.04,0.28,13.04,0.28,0.9314285714285714,0.02,0.9314285714285714,0.02,0.9314285714285714,0.02
dag_15_nodes_22_edges_none_random,MPC,0.1,0.02,16.26,0.85,0.05,0.06,0.7,0.06,0.01,0.01,0.95,0.06,0.7,0.06,0.81,0.06,6.68,1.41,40.78,12.8,npy,dag,15,22,22,random,LT,0.30363636363636365,0.06409090909090909,40.78,12.8,40.78,12.8,1.8536363636363637,0.5818181818181819,1.8536363636363637,0.5818181818181819,1.8536363636363637,0.5818181818181819
dag_15_nodes_22_edges_none_random,MPC-LLM,0.1,0.01,17.38,0.81,0.1,0.04,0.71,0.05,0.02,0.01,0.9,0.04,0.71,0.05,0.8,0.04,6.4,1.09,44.34,9.88,npy,dag,15,22,22,random,LT,0.29090909090909095,0.04954545454545455,44.34,9.88,44.34,9.88,2.0154545454545456,0.44909090909090915,2.0154545454545456,0.44909090909090915,2.0154545454545456,0.44909090909090915
dag_15_nodes_22_edges_semantics_ER,MPC,0.1,0.01,12.326530612244898,1.3,0.09,0.1,0.51,0.08,0.01,0.01,0.91,0.1,0.51,0.08,0.65,0.08,10.88,1.67,74.37,13.67,npy,dag,15,22,22,ER,ER,0.49454545454545457,0.07590909090909091,74.37,13.67,74.37,13.67,3.380454545454546,0.6213636363636363,3.380454545454546,0.6213636363636363,3.380454545454546,0.6213636363636363
dag_15_nodes_22_edges_semantics_ER,MPC-LLM,0.1,0.01,12.46938775510204,1.31,0.16,0.14,0.48,0.09,0.02,0.02,0.84,0.14,0.48,0.09,0.61,0.1,11.57,1.9,81.27,16.05,npy,dag,15,22,22,ER,ER,0.5259090909090909,0.08636363636363636,81.27,16.05,81.27,16.05,3.694090909090909,0.7295454545454546,3.694090909090909,0.7295454545454546,3.694090909090909,0.7295454545454546
dag_15_nodes_22_edges_semantics_SF,MPC,0.02,0.0,3.02,1.17,0.01,0.05,0.21,0.08,0.0,0.0,0.99,0.05,0.21,0.08,0.34,0.1,11.1,1.05,22.56,4.14,npy,dag,15,22,14,SF,SF,0.7928571428571428,0.075,22.56,4.14,22.56,4.14,1.6114285714285714,0.2957142857142857,1.6114285714285714,0.2957142857142857,1.6114285714285714,0.2957142857142857
dag_15_nodes_22_edges_semantics_SF,MPC-LLM,0.02,0.0,3.62,1.44,0.16,0.15,0.21,0.08,0.01,0.01,0.84,0.15,0.21,0.08,0.33,0.1,11.14,1.03,24.22,3.92,npy,dag,15,22,14,SF,SF,0.7957142857142857,0.07357142857142858,24.22,3.92,24.22,3.92,1.73,0.27999999999999997,1.73,0.27999999999999997,1.73,0.27999999999999997
dag_15_nodes_22_edges_semantics_random,MPC,0.1,0.03,10.52,1.18,0.13,0.11,0.41,0.06,0.02,0.02,0.87,0.11,0.41,0.06,0.56,0.07,12.96,1.35,70.82,10.33,npy,dag,15,22,22,random,LT,0.5890909090909091,0.06136363636363637,70.82,10.33,70.82,10.33,3.219090909090909,0.46954545454545454,3.219090909090909,0.46954545454545454,3.219090909090909,0.46954545454545454
dag_15_nodes_22_edges_semantics_random,MPC-LLM,0.09,0.03,14.020833333333334,1.21,0.02,0.04,0.62,0.05,0.0,0.01,0.98,0.04,0.62,0.05,0.76,0.04,8.33,1.21,49.29,9.57,npy,dag,15,22,22,random,LT,0.37863636363636366,0.055,49.29,9.57,49.29,9.57,2.2404545454545453,0.435,2.2404545454545453,0.435,2.2404545454545453,0.435
dag_5_nodes_5_edges_degrees_ER,MPC,0.01,0.0,2.08,0.63,0.08,0.2,0.37,0.1,0.05,0.12,0.92,0.21,0.37,0.1,0.54,0.1,3.16,0.51,11.52,1.28,npy,dag,5,5,5,ER,ER,0.632,0.10200000000000001,11.52,1.28,11.52,1.28,2.304,0.256,2.304,0.256,2.304,0.256
dag_5_nodes_5_edges_degrees_ER,MPC-LLM,0.01,0.0,2.08,0.4,0.02,0.08,0.4,0.03,0.01,0.06,0.98,0.08,0.4,0.03,0.57,0.02,2.98,0.14,11.06,0.59,npy,dag,5,5,5,ER,ER,0.596,0.028000000000000004,11.06,0.59,11.06,0.59,2.212,0.118,2.212,0.118,2.212,0.118
dag_5_nodes_5_edges_degrees_SF,MPC,0.01,0.0,0.08,0.4,0.02,0.1,0.01,0.05,0.01,0.03,0.5,0.0,0.01,0.05,0.33,0.0,3.96,0.2,10.08,0.4,npy,dag,5,5,4,SF,SF,0.99,0.05,10.08,0.4,10.08,0.4,2.52,0.1,2.52,0.1,2.52,0.1
dag_5_nodes_5_edges_degrees_SF,MPC-LLM,0.01,0.0,4.0,0.0,0.0,0.0,1.0,0.0,0.0,0.0,1.0,0.0,1.0,0.0,1.0,0.0,0.0,0.0,0.0,0.0,npy,dag,5,5,4,SF,SF,0.0,0.0,0.0,0.0,0.0,0.0,0.0,0.0,0.0,0.0,0.0,0.0
dag_5_nodes_5_edges_degrees_random,MPC,0.0,0.0,2.0,0.0,0.0,0.0,0.4,0.0,0.0,0.0,1.0,0.0,0.4,0.0,0.57,0.0,3.0,0.0,5.0,0.0,npy,dag,5,5,5,random,LT,0.6,0.0,5.0,0.0,5.0,0.0,1.0,0.0,1.0,0.0,1.0,0.0
dag_5_nodes_5_edges_degrees_random,MPC-LLM,0.0,0.0,3.0,0.0,0.0,0.0,0.6,0.0,0.0,0.0,1.0,0.0,0.6,0.0,0.75,0.0,2.0,0.0,4.0,0.0,npy,dag,5,5,5,random,LT,0.4,0.0,4.0,0.0,4.0,0.0,0.8,0.0,0.8,0.0,0.8,0.0
dag_5_nodes_5_edges_none_ER,MPC,0.01,0.0,3.5,0.51,0.11,0.18,0.63,0.19,0.07,0.12,0.89,0.18,0.63,0.19,0.73,0.18,1.88,0.98,5.58,2.78,npy,dag,5,5,5,ER,ER,0.376,0.196,5.58,2.78,5.58,2.78,1.116,0.5559999999999999,1.116,0.5559999999999999,1.116,0.5559999999999999
dag_5_nodes_5_edges_none_ER,MPC-LLM,0.01,0.0,4.48,0.5,0.0,0.0,0.9,0.1,0.0,0.0,1.0,0.0,0.9,0.1,0.94,0.06,0.52,0.5,1.56,1.51,npy,dag,5,5,5,ER,ER,0.10400000000000001,0.1,1.56,1.51,1.56,1.51,0.312,0.302,0.312,0.302,0.312,0.302
dag_5_nodes_5_edges_none_SF,MPC,0.0,0.0,2.0,0.53,0.0,0.04,0.5,0.12,0.0,0.02,0.99,0.04,0.5,0.12,0.68,0.04,2.04,0.45,2.98,0.59,npy,dag,5,5,4,SF,SF,0.51,0.1125,2.98,0.59,2.98,0.59,0.745,0.1475,0.745,0.1475,0.745,0.1475
dag_5_nodes_5_edges_none_SF,MPC-LLM,0.0,0.0,2.06,0.47,0.48,0.1,0.26,0.05,0.17,0.05,0.52,0.1,0.26,0.05,0.34,0.04,2.98,0.25,7.92,0.9,npy,dag,5,5,4,SF,SF,0.745,0.0625,7.92,0.9,7.92,0.9,1.98,0.225,1.98,0.225,1.98,0.225
dag_5_nodes_5_edges_none_random,MPC,0.01,0.0,2.06,0.31,0.01,0.06,0.4,0.03,0.01,0.04,0.99,0.06,0.4,0.03,0.57,0.02,3.0,0.2,8.04,0.28,npy,dag,5,5,5,random,LT,0.6,0.04,8.04,0.28,8.04,0.28,1.6079999999999999,0.05600000000000001,1.6079999999999999,0.05600000000000001,1.6079999999999999,0.05600000000000001
dag_5_nodes_5_edges_none_random,MPC-LLM,0.01,0.0,5.02,0.14,0.0,0.02,1.0,0.0,0.0,0.03,1.0,0.02,1.0,0.0,1.0,0.01,0.02,0.14,0.0,0.0,npy,dag,5,5,5,random,LT,0.004,0.028000000000000004,0.0,0.0,0.0,0.0,0.0,0.0,0.0,0.0,0.0,0.0
dag_5_nodes_5_edges_semantics_ER,MPC,0.01,0.0,2.94,0.42,0.0,0.0,0.59,0.08,0.0,0.0,1.0,0.0,0.59,0.08,0.75,0.0,2.06,0.42,4.08,0.57,npy,dag,5,5,5,ER,ER,0.41200000000000003,0.08399999999999999,4.08,0.57,4.08,0.57,0.8160000000000001,0.11399999999999999,0.8160000000000001,0.11399999999999999,0.8160000000000001,0.11399999999999999
dag_5_nodes_5_edges_semantics_ER,MPC-LLM,0.01,0.0,2.94,0.42,0.0,0.0,0.59,0.08,0.0,0.0,1.0,0.0,0.59,0.08,0.75,0.0,2.06,0.42,4.08,0.57,npy,dag,5,5,5,ER,ER,0.41200000000000003,0.08399999999999999,4.08,0.57,4.08,0.57,0.8160000000000001,0.11399999999999999,0.8160000000000001,0.11399999999999999,0.8160000000000001,0.11399999999999999
dag_5_nodes_5_edges_semantics_SF,MPC,0.01,0.0,2.0,0.0,0.0,0.0,0.5,0.0,0.0,0.0,1.0,0.0,0.5,0.0,0.67,0.0,2.0,0.0,3.0,0.0,npy,dag,5,5,4,SF,SF,0.5,0.0,3.0,0.0,3.0,0.0,0.75,0.0,0.75,0.0,0.75,0.0
dag_5_nodes_5_edges_semantics_SF,MPC-LLM,0.01,0.0,4.0,0.0,0.0,0.04,1.0,0.04,0.0,0.02,1.0,0.04,1.0,0.04,1.0,0.04,0.04,0.28,0.02,0.14,npy,dag,5,5,4,SF,SF,0.01,0.07,0.02,0.14,0.02,0.14,0.005,0.035,0.005,0.035,0.005,0.035
dag_5_nodes_5_edges_semantics_random,MPC,0.01,0.0,3.5,0.71,0.3,0.27,0.5,0.18,0.2,0.15,0.7,0.27,0.5,0.18,0.63,0.13,2.52,0.91,7.84,2.59,npy,dag,5,5,5,random,LT,0.504,0.182,7.84,2.59,7.84,2.59,1.568,0.518,1.568,0.518,1.568,0.518
dag_5_nodes_5_edges_semantics_random,MPC-LLM,0.01,0.0,5.0,0.2,0.0,0.02,1.0,0.03,0.0,0.03,1.0,0.02,1.0,0.03,1.0,0.02,0.04,0.2,0.02,0.14,npy,dag,5,5,5,random,LT,0.008,0.04,0.02,0.14,0.02,0.14,0.004,0.028000000000000004,0.004,0.028000000000000004,0.004,0.028000000000000004
dag_5_nodes_7_edges_degrees_ER,MPC,0.01,0.0,4.6,0.53,0.02,0.14,0.64,0.12,0.04,0.28,0.98,0.14,0.64,0.12,0.79,0.05,2.54,0.93,8.64,1.57,npy,dag,5,7,7,ER,ER,0.3628571428571429,0.13285714285714287,8.64,1.57,8.64,1.57,1.2342857142857144,0.22428571428571428,1.2342857142857144,0.22428571428571428,1.2342857142857144,0.22428571428571428
dag_5_nodes_7_edges_degrees_ER,MPC-LLM,0.01,0.0,4.56,0.5,0.0,0.0,0.65,0.07,0.0,0.0,1.0,0.0,0.65,0.07,0.79,0.05,2.44,0.5,8.44,0.5,npy,dag,5,7,7,ER,ER,0.3485714285714286,0.07142857142857142,8.44,0.5,8.44,0.5,1.2057142857142857,0.07142857142857142,1.2057142857142857,0.07142857142857142,1.2057142857142857,0.07142857142857142
dag_5_nodes_7_edges_degrees_SF,MPC,0.0,0.0,0.84,1.0,0.0,0.0,0.21,0.25,0.0,0.0,1.0,0.0,0.21,0.25,0.67,0.0,3.16,1.0,5.32,1.99,npy,dag,5,7,4,SF,SF,0.79,0.25,5.32,1.99,5.32,1.99,1.33,0.4975,1.33,0.4975,1.33,0.4975
dag_5_nodes_7_edges_degrees_SF,MPC-LLM,0.0,0.0,2.06,0.31,0.02,0.08,0.5,0.0,0.01,0.05,0.98,0.08,0.5,0.0,0.66,0.03,2.04,0.2,3.12,0.63,npy,dag,5,7,4,SF,SF,0.51,0.05,3.12,0.63,3.12,0.63,0.78,0.1575,0.78,0.1575,0.78,0.1575
dag_5_nodes_7_edges_degrees_random,MPC,0.01,0.0,3.28,0.67,0.33,0.13,0.32,0.13,0.35,0.19,0.67,0.13,0.32,0.13,0.43,0.13,4.78,0.91,13.54,2.27,npy,dag,5,7,7,random,LT,0.6828571428571429,0.13,13.54,2.27,13.54,2.27,1.9342857142857142,0.3242857142857143,1.9342857142857142,0.3242857142857143,1.9342857142857142,0.3242857142857143
dag_5_nodes_7_edges_degrees_random,MPC-LLM,0.01,0.0,4.58,0.61,0.09,0.11,0.59,0.04,0.16,0.2,0.91,0.11,0.59,0.04,0.71,0.05,3.24,0.62,9.32,0.91,npy,dag,5,7,7,random,LT,0.4628571428571429,0.08857142857142856,9.32,0.91,9.32,0.91,1.3314285714285714,0.13,1.3314285714285714,0.13,1.3314285714285714,0.13
dag_5_nodes_7_edges_none_ER,MPC,0.01,0.0,2.0,1.8,0.2,0.17,0.19,0.16,0.23,0.25,0.66,0.05,0.19,0.16,0.42,0.05,5.72,1.11,12.98,1.85,npy,dag,5,7,7,ER,ER,0.8171428571428571,0.15857142857142859,12.98,1.85,12.98,1.85,1.8542857142857143,0.2642857142857143,1.8542857142857143,0.2642857142857143,1.8542857142857143,0.2642857142857143
dag_5_nodes_7_edges_none_ER,MPC-LLM,0.01,0.0,5.96,0.28,0.0,0.02,0.85,0.03,0.01,0.05,1.0,0.02,0.85,0.03,0.92,0.02,1.08,0.27,3.12,0.48,npy,dag,5,7,7,ER,ER,0.1542857142857143,0.038571428571428576,3.12,0.48,3.12,0.48,0.44571428571428573,0.06857142857142857,0.44571428571428573,0.06857142857142857,0.44571428571428573,0.06857142857142857
dag_5_nodes_7_edges_none_SF,MPC,0.0,0.0,0.36,0.78,0.02,0.14,0.08,0.19,0.01,0.05,0.89,0.33,0.08,0.19,0.67,0.0,3.7,0.76,4.58,1.21,npy,dag,5,7,4,SF,SF,0.925,0.19,4.58,1.21,4.58,1.21,1.145,0.3025,1.145,0.3025,1.145,0.3025
dag_5_nodes_7_edges_none_SF,MPC-LLM,0.0,0.0,1.22,0.42,0.0,0.0,0.3,0.1,0.0,0.0,1.0,0.0,0.3,0.1,0.46,0.11,2.78,0.42,3.62,0.75,npy,dag,5,7,4,SF,SF,0.695,0.105,3.62,0.75,3.62,0.75,0.905,0.1875,0.905,0.1875,0.905,0.1875
dag_5_nodes_7_edges_none_random,MPC,0.01,0.0,3.32,2.27,0.2,0.28,0.35,0.28,0.3,0.49,0.74,0.29,0.35,0.28,0.54,0.26,4.6,1.96,13.06,3.87,npy,dag,5,7,7,random,LT,0.6571428571428571,0.27999999999999997,13.06,3.87,13.06,3.87,1.8657142857142859,0.5528571428571428,1.8657142857142859,0.5528571428571428,1.8657142857142859,0.5528571428571428
dag_5_nodes_7_edges_none_random,MPC-LLM,0.01,0.0,6.5,0.65,0.0,0.02,0.93,0.09,0.01,0.05,1.0,0.02,0.93,0.09,0.96,0.05,0.54,0.61,1.08,1.41,npy,dag,5,7,7,random,LT,0.07714285714285715,0.08714285714285715,1.08,1.41,1.08,1.41,0.1542857142857143,0.20142857142857143,0.1542857142857143,0.20142857142857143,0.1542857142857143,0.20142857142857143
dag_5_nodes_7_edges_semantics_ER,MPC,0.01,0.0,6.0,0.0,0.0,0.0,0.86,0.0,0.0,0.0,1.0,0.0,0.86,0.0,0.92,0.0,1.0,0.0,2.0,0.0,npy,dag,5,7,7,ER,ER,0.14285714285714285,0.0,2.0,0.0,2.0,0.0,0.2857142857142857,0.0,0.2857142857142857,0.0,0.2857142857142857,0.0
dag_5_nodes_7_edges_semantics_ER,MPC-LLM,0.01,0.0,7.0,0.0,0.14,0.0,0.86,0.0,0.33,0.0,0.86,0.0,0.86,0.0,0.86,0.0,1.0,0.0,7.0,0.0,npy,dag,5,7,7,ER,ER,0.14285714285714285,0.0,7.0,0.0,7.0,0.0,1.0,0.0,1.0,0.0,1.0,0.0
dag_5_nodes_7_edges_semantics_SF,MPC,0.0,0.0,0.08,0.4,0.0,0.0,0.02,0.1,0.0,0.0,1.0,0.0,0.02,0.1,0.67,0.0,3.92,0.4,5.84,0.79,npy,dag,5,7,4,SF,SF,0.98,0.1,5.84,0.79,5.84,0.79,1.46,0.1975,1.46,0.1975,1.46,0.1975
dag_5_nodes_7_edges_semantics_SF,MPC-LLM,0.0,0.0,2.24,0.66,0.01,0.07,0.56,0.17,0.0,0.02,0.99,0.07,0.56,0.17,0.72,0.11,1.78,0.68,2.56,1.34,npy,dag,5,7,4,SF,SF,0.445,0.17,2.56,1.34,2.56,1.34,0.64,0.335,0.64,0.335,0.64,0.335
dag_5_nodes_7_edges_semantics_random,MPC,0.01,0.0,1.32,1.19,0.28,0.25,0.11,0.12,0.19,0.17,0.53,0.11,0.11,0.12,0.26,0.12,6.26,0.83,15.1,1.43,npy,dag,5,7,7,random,LT,0.8942857142857142,0.11857142857142856,15.1,1.43,15.1,1.43,2.157142857142857,0.20428571428571426,2.157142857142857,0.20428571428571426,2.157142857142857,0.20428571428571426
dag_5_nodes_7_edges_semantics_random,MPC-LLM,0.01,0.0,5.54,0.5,0.0,0.0,0.79,0.07,0.0,0.0,1.0,0.0,0.79,0.07,0.88,0.05,1.46,0.5,4.8,1.98,npy,dag,5,7,7,random,LT,0.20857142857142857,0.07142857142857142,4.8,1.98,4.8,1.98,0.6857142857142857,0.28285714285714286,0.6857142857142857,0.28285714285714286,0.6857142857142857,0.28285714285714286
dag_10_nodes_10_edges_degrees_ER,ABAPC-LLM,0.2635925196390599,0.060302052559776935,,,,,,,,,0.7460852,0.08248871337117976,0.6602,0.07327582779317825,0.6993938000000002,0.07179821553947603,3.418,0.7625654873182889,19.038,4.678604798136178,csv,dag,10,10,10,ER,ER,0.3418,0.07625654873182888,19.038,4.678604798136178,19.038,4.678604798136178,1.9038,0.4678604798136178,1.9038,0.4678604798136178,1.9038,0.4678604798136178
dag_10_nodes_10_edges_degrees_ER,ABAPC,0.26162962200120093,0.06019759014943914,,,,,,,,,0.6870852,0.08877772379260418,0.6086,0.08451566694515092,0.6444234,0.08222855647795954,3.9339999999999997,0.863691649436373,20.541999999999998,5.154989261454798,csv,dag,10,10,10,ER,ER,0.39339999999999997,0.0863691649436373,20.541999999999998,5.154989261454798,20.541999999999998,5.154989261454798,2.0542,0.5154989261454798,2.0542,0.5154989261454798,2.0542,0.5154989261454798
dag_10_nodes_10_edges_degrees_SF,ABAPC-LLM,0.21489120358601213,0.10509490668220596,,,,,,,,,0.853313,0.04482665403549701,0.7062516,0.053255101156619855,0.7717616666666669,0.04190553593305707,2.764,0.6040242970890516,5.1080000000000005,0.6771140573876886,csv,dag,10,10,9,SF,SF,0.3071111111111111,0.0671138107876724,5.1080000000000005,0.6771140573876886,5.1080000000000005,0.6771140573876886,0.5675555555555556,0.07523489526529874,0.5675555555555556,0.07523489526529874,0.5675555555555556,0.07523489526529874
dag_10_nodes_10_edges_degrees_SF,ABAPC,0.21924433537758886,0.10776077390080951,,,,,,,,,0.8445225,0.054755259334103225,0.6986968,0.05734134304499748,0.7636523,0.049589916686247654,2.8320000000000003,0.6849519572009918,5.348,0.8560087735579369,csv,dag,10,10,9,SF,SF,0.3146666666666667,0.07610577302233242,5.348,0.8560087735579369,5.348,0.8560087735579369,0.5942222222222222,0.09511208595088189,0.5942222222222222,0.09511208595088189,0.5942222222222222,0.09511208595088189
dag_10_nodes_10_edges_degrees_random,ABAPC-LLM,0.14165694825351235,0.0571602317944594,,,,,,,,,0.7706632333333334,0.11017265383064574,0.4861666666666666,0.0997555117851604,0.5930181,0.0995821806104177,5.258333333333334,1.1164877001474305,19.28033333333333,3.4125961981739628,csv,dag,10,10,10,random,LT,0.5258333333333334,0.11164877001474305,19.28033333333333,3.4125961981739628,19.28033333333333,3.4125961981739628,1.928033333333333,0.3412596198173963,1.928033333333333,0.3412596198173963,1.928033333333333,0.3412596198173963
dag_10_nodes_10_edges_degrees_random,ABAPC,0.14055420760065312,0.058465954669810916,,,,,,,,,0.6869248666666665,0.13981256873948378,0.43766666666666665,0.11679778831814012,0.5319729666666666,0.12436587653853615,5.743333333333335,1.282889312708673,23.290333333333336,5.484986817257407,csv,dag,10,10,10,random,LT,0.5743333333333335,0.1282889312708673,23.290333333333336,5.484986817257407,23.290333333333336,5.484986817257407,2.3290333333333337,0.5484986817257407,2.3290333333333337,0.5484986817257407,2.3290333333333337,0.5484986817257407
dag_10_nodes_10_edges_none_ER,ABAPC-LLM,0.5382291083224118,0.0774251521854598,,,,,,,,,0.4455720000000001,0.030228544693479936,0.40199999999999997,0.04280949732506199,0.42256599999999994,0.037108415955061695,5.98,0.4280949732506199,47.78,3.412402349653154,csv,dag,10,10,10,ER,ER,0.5980000000000001,0.04280949732506199,47.78,3.412402349653154,47.78,3.412402349653154,4.7780000000000005,0.3412402349653154,4.7780000000000005,0.3412402349653154,4.7780000000000005,0.3412402349653154
dag_10_nodes_10_edges_none_ER,ABAPC,0.31477665693499146,0.05030664825907694,,,,,,,,,0.8189056000000002,0.06020923327930387,0.7416000000000001,0.054374363707278765,0.7781958,0.05629958844619455,2.5840000000000005,0.5437436370727871,21.608,4.631150369130395,csv,dag,10,10,10,ER,ER,0.2584000000000001,0.0543743637072787,21.608,4.631150369130395,21.608,4.631150369130395,2.1608,0.46311503691303946,2.1608,0.46311503691303946,2.1608,0.46311503691303946
dag_10_nodes_10_edges_none_SF,ABAPC-LLM,0.1729093124531209,0.09234508475660973,,,,,,,,,0.8256551666666665,0.13132466131381929,0.4324319333333333,0.10937440013407773,0.5632864666666667,0.1195501680168693,5.247999999999999,1.1191420426222158,9.462,3.8152338753750765,csv,dag,10,10,9,SF,SF,0.583111111111111,0.12434911584691287,9.462,3.8152338753750765,9.462,3.8152338753750765,1.0513333333333332,0.4239148750416752,1.0513333333333332,0.4239148750416752,1.0513333333333332,0.4239148750416752
dag_10_nodes_10_edges_none_SF,ABAPC,0.17576673328876496,0.0954510148418779,,,,,,,,,0.7943215666666668,0.17523774482315185,0.41428059999999994,0.12408591980133486,0.5433899333333334,0.13544046944711327,5.411333333333333,1.2626432699740986,10.839333333333334,5.854764093030052,csv,dag,10,10,9,SF,SF,0.6012592592592593,0.14029369666378874,10.839333333333334,5.854764093030052,10.839333333333334,5.854764093030052,1.2043703703703705,0.6505293436700058,1.2043703703703705,0.6505293436700058,1.2043703703703705,0.6505293436700058
dag_10_nodes_10_edges_none_random,ABAPC-LLM,0.5818042456265539,0.1343375593695861,,,,,,,,,0.6775218333333334,0.10312807234329441,0.4333666666666667,0.11344756647956825,0.5234718666666667,0.11199634307766915,5.766333333333333,1.1667273550784842,18.188333333333333,2.4619698112434123,csv,dag,10,10,10,random,LT,0.5766333333333333,0.11667273550784843,18.188333333333333,2.4619698112434123,18.188333333333333,2.4619698112434123,1.8188333333333333,0.24619698112434124,1.8188333333333333,0.24619698112434124,1.8188333333333333,0.24619698112434124
dag_10_nodes_10_edges_none_random,ABAPC,0.4777113509643823,0.09709584199395223,,,,,,,,,0.6103128999999999,0.10127308771835787,0.4914,0.09583169770860937,0.5428548999999999,0.09357235260988675,5.1659999999999995,1.0458099097574753,13.842,3.1150778809014765,csv,dag,10,10,10,random,LT,0.5166,0.10458099097574754,13.842,3.1150778809014765,13.842,3.1150778809014765,1.3842,0.3115077880901477,1.3842,0.3115077880901477,1.3842,0.3115077880901477
dag_10_nodes_10_edges_semantics_ER,ABAPC-LLM,0.14240524723194536,0.04803799969104605,,,,,,,,,0.6512087000000001,0.05647306871068759,0.45599999999999996,0.052020404160094645,0.5357438,0.05294693889477021,5.48,0.5499536158548617,29.163999999999998,3.204318514576406,csv,dag,10,10,10,ER,ER,0.548,0.054995361585486166,29.163999999999998,3.204318514576406,29.163999999999998,3.204318514576406,2.9164,0.32043185145764064,2.9164,0.32043185145764064,2.9164,0.32043185145764064
dag_10_nodes_10_edges_semantics_ER,ABAPC,0.14411955663003023,0.04883657375391328,,,,,,,,,0.6559230333333333,0.05896878553844132,0.4596,0.056603165700753355,0.5398230666666667,0.057130427143479066,5.444,0.5890705234797045,29.029333333333334,3.5540379130685062,csv,dag,10,10,10,ER,ER,0.5444,0.058907052347970446,29.029333333333334,3.5540379130685062,29.029333333333334,3.5540379130685062,2.9029333333333334,0.3554037913068506,2.9029333333333334,0.3554037913068506,2.9029333333333334,0.3554037913068506
dag_10_nodes_10_edges_semantics_SF,ABAPC-LLM,0.14547360151074823,0.06224526477827685,,,,,,,,,0.8770336666666665,0.0899430545147438,0.6347676333333333,0.09613260908027847,0.7344045000000001,0.09073459279657521,3.4273333333333333,0.9966312873387502,9.704,4.879740337316852,csv,dag,10,10,9,SF,SF,0.38081481481481483,0.11073680970430558,9.704,4.879740337316852,9.704,4.879740337316852,1.0782222222222222,0.5421933708129836,1.0782222222222222,0.5421933708129836,1.0782222222222222,0.5421933708129836
dag_10_nodes_10_edges_semantics_SF,ABAPC,0.14775712147355075,0.06412767138638029,,,,,,,,,0.8717884666666665,0.08256035734316065,0.6281028333333333,0.08723116001119725,0.7274960333333333,0.07803485634695285,3.4873333333333334,0.8769895424669395,10.202666666666666,4.384133627571027,csv,dag,10,10,9,SF,SF,0.3874814814814815,0.09744328249632661,10.202666666666666,4.384133627571027,10.202666666666666,4.384133627571027,1.1336296296296295,0.48712595861900304,1.1336296296296295,0.48712595861900304,1.1336296296296295,0.48712595861900304
dag_10_nodes_10_edges_semantics_random,ABAPC-LLM,0.4205463195219636,0.0740867823138668,,,,,,,,,0.9336960000000001,0.09495116888943173,0.7759999999999999,0.12298996142874793,0.84584,0.1081361509526631,2.3,1.224744871391589,8.28,9.967375353049139,csv,dag,10,10,10,random,LT,0.22999999999999998,0.1224744871391589,8.28,9.967375353049139,8.28,9.967375353049139,0.828,0.9967375353049139,0.828,0.9967375353049139,0.828,0.9967375353049139
dag_10_nodes_10_edges_semantics_random,ABAPC,0.542570446524769,0.1134363467515097,,,,,,,,,0.8446036666666668,0.22125308328404922,0.708,0.21317808977280867,0.7688813333333334,0.21569482001523796,2.9733333333333336,2.12728735104661,14.63,17.288904664257824,csv,dag,10,10,10,random,LT,0.29733333333333334,0.212728735104661,14.63,17.288904664257824,14.63,17.288904664257824,1.463,1.7288904664257825,1.463,1.7288904664257825,1.463,1.7288904664257825
dag_10_nodes_15_edges_degrees_ER,ABAPC-LLM,0.8210820502974093,0.19005277565426046,,,,,,,,,0.7945327999999999,0.0724747657433332,0.5733242666666667,0.047963781183934164,0.665784,0.056091045133939955,6.48,0.7591169234059801,37.358,6.1746714363550375,csv,dag,10,15,15,ER,ER,0.43200000000000005,0.05060779489373201,37.358,6.1746714363550375,37.358,6.1746714363550375,2.490533333333333,0.41164476242366915,2.490533333333333,0.41164476242366915,2.490533333333333,0.41164476242366915
dag_10_nodes_15_edges_degrees_ER,ABAPC,0.8192230964079499,0.13993258976805917,,,,,,,,,0.7524929999999999,0.10184430360373925,0.5473091333333333,0.06742808349403091,0.633427,0.08026163516009022,6.870333333333333,1.1092391316786319,39.83333333333333,8.044403415036747,csv,dag,10,15,15,ER,ER,0.4580222222222222,0.07394927544524213,39.83333333333333,8.044403415036747,39.83333333333333,8.044403415036747,2.6555555555555554,0.5362935610024498,2.6555555555555554,0.5362935610024498,2.6555555555555554,0.5362935610024498
dag_10_nodes_15_edges_degrees_SF,ABAPC-LLM,9.156011578664184,6.873389875610886,,,,,,,,,0.8814734999999999,0.10016249354174446,0.654124,0.09424489280808888,0.7487605,0.08952837454815481,6.12,1.794435844492636,20.85,8.892928858001136,csv,dag,10,15,17,SF,SF,0.36,0.10555504967603742,20.85,8.892928858001136,20.85,8.892928858001136,1.2264705882352942,0.5231134622353609,1.2264705882352942,0.5231134622353609,1.2264705882352942,0.5231134622353609
dag_10_nodes_15_edges_degrees_SF,ABAPC,10.918862155918031,8.592814457506847,,,,,,,,,0.7546191666666668,0.13729493515201385,0.5664699333333334,0.1298849618629349,0.6449943,0.13002865915044928,7.65,2.28403956504564,29.42466666666667,9.405025457428346,csv,dag,10,15,17,SF,SF,0.45,0.13435526853209648,29.42466666666667,9.405025457428346,29.42466666666667,9.405025457428346,1.7308627450980394,0.5532367916134321,1.7308627450980394,0.5532367916134321,1.7308627450980394,0.5532367916134321
dag_10_nodes_15_edges_degrees_random,ABAPC-LLM,1.1882060205563902,0.33787042386870814,,,,,,,,,0.5862510000000001,0.14326552004468301,0.373332,0.08959227813846916,0.45303399999999994,0.10195297857746151,10.06,1.4379690893898995,53.92,8.232191663939606,csv,dag,10,15,15,random,LT,0.6706666666666667,0.09586460595932664,53.92,8.232191663939606,53.92,8.232191663939606,3.594666666666667,0.5488127775959737,3.594666666666667,0.5488127775959737,3.594666666666667,0.5488127775959737
dag_10_nodes_15_edges_degrees_random,ABAPC,1.209565189210698,0.4209711846792921,,,,,,,,,0.507587,0.15676225037896577,0.351999,0.11231623471525498,0.4231632653061224,0.11586730861542575,10.5,1.723191154544974,58.4,11.411594533452298,csv,dag,10,15,15,random,LT,0.7,0.11487941030299827,58.4,11.411594533452298,58.4,11.411594533452298,3.893333333333333,0.7607729688968199,3.893333333333333,0.7607729688968199,3.893333333333333,0.7607729688968199
dag_10_nodes_15_edges_none_ER,ABAPC-LLM,1.566141027873382,0.3552846727500105,,,,,,,,,0.9442866666666666,0.038847323689324205,0.7846751666666666,0.0697398374103626,0.8562714999999999,0.055766931529200536,3.23,1.0459347933005838,13.956666666666667,6.157403412157217,csv,dag,10,15,15,ER,ER,0.21533333333333332,0.06972898622003892,13.956666666666667,6.157403412157217,13.956666666666667,6.157403412157217,0.9304444444444445,0.41049356081048116,0.9304444444444445,0.41049356081048116,0.9304444444444445,0.41049356081048116
dag_10_nodes_15_edges_none_ER,ABAPC,1.7232347146980465,0.3870190587306753,,,,,,,,,0.6573887666666667,0.14814511380734025,0.5415985666666666,0.12247889996170279,0.5931069666666667,0.1318826813922587,6.876,1.8372072861397264,40.703,11.887892185423155,csv,dag,10,15,15,ER,ER,0.45840000000000003,0.12248048574264843,40.703,11.887892185423155,40.703,11.887892185423155,2.7135333333333334,0.792526145694877,2.7135333333333334,0.792526145694877,2.7135333333333334,0.792526145694877
dag_10_nodes_15_edges_none_SF,ABAPC-LLM,2.534377934439108,1.8772598669866782,,,,,,,,,0.7925544999999999,0.1099800606568838,0.5367059666666667,0.08111086568664218,0.6377097,0.08639445264817386,8.416,1.7687029722600776,25.544,9.561426757166164,csv,dag,10,15,17,SF,SF,0.4950588235294118,0.10404135130941633,25.544,9.561426757166164,25.544,9.561426757166164,1.5025882352941178,0.5624368680685978,1.5025882352941178,0.5624368680685978,1.5025882352941178,0.5624368680685978
dag_10_nodes_15_edges_none_SF,ABAPC,2.56927147815004,1.93299205709819,,,,,,,,,0.7978406000000001,0.12249953564943229,0.5420383666666667,0.07706754887662817,0.6429196333333335,0.08589585497939113,8.345333333333333,1.7696709149986871,25.261333333333333,9.45983599499242,csv,dag,10,15,17,SF,SF,0.4909019607843137,0.10409828911756983,25.261333333333333,9.45983599499242,25.261333333333333,9.45983599499242,1.4859607843137255,0.556460940881907,1.4859607843137255,0.556460940881907,1.4859607843137255,0.556460940881907
dag_10_nodes_15_edges_none_random,ABAPC-LLM,4.956988896112889,1.5157536838071088,,,,,,,,,0.8171649999999999,0.12418553156467141,0.623992,0.12490262058328251,0.7061320000000001,0.12465018920718793,5.72,1.9303166706474852,21.57,10.348030474147125,csv,dag,10,15,15,random,LT,0.3813333333333333,0.1286877780431657,21.57,10.348030474147125,21.57,10.348030474147125,1.438,0.689868698276475,1.438,0.689868698276475,1.438,0.689868698276475
dag_10_nodes_15_edges_none_random,ABAPC,4.964581675566733,1.569135547006096,,,,,,,,,0.810886,0.13174925939458032,0.6179929999999999,0.12420088073975406,0.699968,0.1264725443141954,5.81,1.9216542618381736,22.32,11.30908971597987,csv,dag,10,15,15,random,LT,0.3873333333333333,0.1281102841225449,22.32,11.30908971597987,22.32,11.30908971597987,1.488,0.7539393143986579,1.488,0.7539393143986579,1.488,0.7539393143986579
dag_10_nodes_15_edges_semantics_ER,ABAPC-LLM,1.132203295286745,0.21774081882827281,,,,,,,,,0.986695,0.04174658027055287,0.614669,0.08002209891839955,0.754989,0.06587360445797479,5.78,1.2001700559776127,16.69,5.12386373665779,csv,dag,10,15,15,ER,ER,0.38533333333333336,0.08001133706517419,16.69,5.12386373665779,16.69,5.12386373665779,1.1126666666666667,0.341590915777186,1.1126666666666667,0.341590915777186,1.1126666666666667,0.341590915777186
dag_10_nodes_15_edges_semantics_ER,ABAPC,1.2768745044432581,0.2844083982236632,,,,,,,,,0.6325075,0.18602877234188966,0.42573249999999996,0.13497457189188622,0.5077571,0.15400960684350778,8.613999999999999,2.024544292386989,38.812,10.046720248673298,csv,dag,10,15,15,ER,ER,0.5742666666666666,0.13496961949246594,38.812,10.046720248673298,38.812,10.046720248673298,2.5874666666666664,0.6697813499115531,2.5874666666666664,0.6697813499115531,2.5874666666666664,0.6697813499115531
dag_10_nodes_15_edges_semantics_SF,ABAPC-LLM,2.12847109506838,0.8277969646866219,,,,,,,,,0.7825320000000001,0.10570313577192562,0.5286276666666666,0.08006184964651304,0.6294746666666666,0.08545597932160195,8.293333333333333,1.5284750006671353,33.70666666666667,7.326183898971001,csv,dag,10,15,17,SF,SF,0.4878431372549019,0.08991029415689031,33.70666666666667,7.326183898971001,33.70666666666667,7.326183898971001,1.9827450980392158,0.4309519940571177,1.9827450980392158,0.4309519940571177,1.9827450980392158,0.4309519940571177
dag_10_nodes_15_edges_semantics_SF,ABAPC,2.642528041517362,1.4210790999228067,,,,,,,,,0.6742069333333335,0.1714621334472327,0.4505704,0.11048239296348887,0.5383686333333333,0.12909708609789425,9.600333333333333,2.0780531454424946,40.52666666666667,11.296175581427544,csv,dag,10,15,17,SF,SF,0.5647254901960784,0.12223842032014674,40.52666666666667,11.296175581427544,40.52666666666667,11.296175581427544,2.3839215686274513,0.6644809165545614,2.3839215686274513,0.6644809165545614,2.3839215686274513,0.6644809165545614
dag_10_nodes_15_edges_semantics_random,ABAPC-LLM,6.495154078193009,1.4716574972706917,,,,,,,,,0.8195628333333335,0.12375763895900978,0.4986656666666666,0.11604742415570715,0.6178905,0.12148819355599018,7.526666666666667,1.7432604269298875,28.673333333333332,9.518448491114743,csv,dag,10,15,15,random,LT,0.5017777777777778,0.11621736179532584,28.673333333333332,9.518448491114743,28.673333333333332,9.518448491114743,1.9115555555555555,0.6345632327409828,1.9115555555555555,0.6345632327409828,1.9115555555555555,0.6345632327409828
dag_10_nodes_15_edges_semantics_random,ABAPC,6.718301196051762,1.52396487488657,,,,,,,,,0.6362105333333333,0.1515275553506647,0.39395493333333337,0.12337168715324658,0.48396166666666673,0.13345535255261706,9.150666666666668,1.9223502244615907,38.730666666666664,8.596017218348308,csv,dag,10,15,15,random,LT,0.6100444444444445,0.1281566816307727,38.730666666666664,8.596017218348308,38.730666666666664,8.596017218348308,2.582044444444444,0.5730678145565539,2.582044444444444,0.5730678145565539,2.582044444444444,0.5730678145565539
dag_15_nodes_15_edges_degrees_ER,ABAPC-LLM,1.2934979394543915,0.5439370192540197,,,,,,,,,0.8144467,0.07892416552702466,0.5712913666666667,0.07655069703927204,0.6700219333333334,0.07450374167304247,6.457333333333334,1.1625884015347907,23.238666666666667,5.874501416582009,csv,dag,15,15,15,ER,ER,0.4304888888888889,0.07750589343565271,23.238666666666667,5.874501416582009,23.238666666666667,5.874501416582009,1.5492444444444444,0.39163342777213395,1.5492444444444444,0.39163342777213395,1.5492444444444444,0.39163342777213395
dag_15_nodes_15_edges_degrees_ER,ABAPC,1.299716451242566,0.5035732137277545,,,,,,,,,0.7006322,0.1543404864853374,0.4871988,0.12027231256594005,0.5728559999999999,0.13123178225364993,7.722,1.7996927175356965,29.445999999999998,10.683999289419976,csv,dag,15,15,15,ER,ER,0.5148,0.11997951450237977,29.445999999999998,10.683999289419976,29.445999999999998,10.683999289419976,1.9630666666666665,0.7122666192946651,1.9630666666666665,0.7122666192946651,1.9630666666666665,0.7122666192946651
dag_15_nodes_15_edges_degrees_SF,ABAPC-LLM,1.5788417419046163,0.38228272078515374,,,,,,,,,0.6662819666666667,0.0716999411629929,0.49235460000000003,0.07087759860146368,0.5652716666666666,0.07058637068375065,7.220333333333333,1.0801827026951571,24.599,6.459785252638363,csv,dag,15,15,14,SF,SF,0.5157380952380952,0.07715590733536837,24.599,6.459785252638363,24.599,6.459785252638363,1.7570714285714286,0.46141323233131165,1.7570714285714286,0.46141323233131165,1.7570714285714286,0.46141323233131165
dag_15_nodes_15_edges_degrees_SF,ABAPC,1.6120902101043613,0.40004070844683676,,,,,,,,,0.7542597999999999,0.07606166130428227,0.5564322,0.0764220559561036,0.6393321333333334,0.07532073031282385,6.305999999999999,1.1372020802955696,20.37,7.62756146337419,csv,dag,15,15,14,SF,SF,0.45042857142857134,0.08122872002111212,20.37,7.62756146337419,20.37,7.62756146337419,1.455,0.5448258188124421,1.455,0.5448258188124421,1.455,0.5448258188124421
dag_15_nodes_15_edges_degrees_random,ABAPC-LLM,1.7828130737878383,0.36192568668549174,,,,,,,,,0.780709,0.06912469663364806,0.6810669,0.06738484933036144,0.7266505,0.06340483265758796,4.828,1.1080484775367134,18.828,6.061051299662696,csv,dag,15,15,15,random,LT,0.3218666666666667,0.07386989850244756,18.828,6.061051299662696,18.828,6.061051299662696,1.2551999999999999,0.40407008664417976,1.2551999999999999,0.40407008664417976,1.2551999999999999,0.40407008664417976
dag_15_nodes_15_edges_degrees_random,ABAPC,1.8010408835019915,0.36687890669729034,,,,,,,,,0.7748833999999999,0.07037777055437376,0.6770684999999999,0.06767840568581289,0.7220049000000001,0.06526446864754923,4.884,1.1051567438926608,19.168000000000003,6.153725932891621,csv,dag,15,15,15,random,LT,0.3256,0.07367711625951072,19.168000000000003,6.153725932891621,19.168000000000003,6.153725932891621,1.277866666666667,0.4102483955261081,1.277866666666667,0.4102483955261081,1.277866666666667,0.4102483955261081
dag_15_nodes_15_edges_none_ER,ABAPC-LLM,1.2454103776626289,0.2203338792484105,,,,,,,,,0.8235065999999999,0.07532048420081283,0.6999072,0.06747470007464476,0.7559279333333333,0.0679538443118035,4.541333333333332,1.0751904329560327,22.75266666666667,7.271389871104174,csv,dag,15,15,15,ER,ER,0.3027555555555555,0.07167936219706884,22.75266666666667,7.271389871104174,22.75266666666667,7.271389871104174,1.5168444444444447,0.4847593247402783,1.5168444444444447,0.4847593247402783,1.5168444444444447,0.4847593247402783
dag_15_nodes_15_edges_none_ER,ABAPC,1.257989381942898,0.21795143165439737,,,,,,,,,0.7885373,0.08389608108632284,0.6698651000000001,0.07205877789644072,0.7235949,0.07390614797608695,4.992000000000001,1.1442562864059744,23.43,7.711593445545982,csv,dag,15,15,15,ER,ER,0.33280000000000004,0.07628375242706496,23.43,7.711593445545982,23.43,7.711593445545982,1.562,0.5141062297030655,1.562,0.5141062297030655,1.562,0.5141062297030655
dag_15_nodes_15_edges_none_SF,ABAPC-LLM,6.12259200851433,5.572640583724304,,,,,,,,,0.8479316,0.11456977060360758,0.5472878000000001,0.10210112620638545,0.6632012,0.105697205331348,6.47,1.4442355509163358,17.722,10.546830261809877,csv,dag,15,15,14,SF,SF,0.46214285714285713,0.1031596822083097,17.722,10.546830261809877,17.722,10.546830261809877,1.265857142857143,0.7533450187007055,1.265857142857143,0.7533450187007055,1.265857142857143,0.7533450187007055
dag_15_nodes_15_edges_none_SF,ABAPC,6.184842209313064,5.925765437976994,,,,,,,,,0.8432434,0.10169710676778752,0.5384288,0.08661450478613236,0.6552836000000001,0.08896600882107175,6.593999999999999,1.2184650765849396,18.828,10.008548183162924,csv,dag,15,15,14,SF,SF,0.471,0.08703321975606712,18.828,10.008548183162924,18.828,10.008548183162924,1.3448571428571428,0.7148962987973517,1.3448571428571428,0.7148962987973517,1.3448571428571428,0.7148962987973517
dag_15_nodes_15_edges_none_random,ABAPC-LLM,2.115775906192139,0.23694635950640405,,,,,,,,,0.8141383333333332,0.05294288372458407,0.7133306666666667,0.05428930944235609,0.760192,0.05243591945393528,4.32,0.8066053836281774,36.36,10.43103689056102,csv,dag,15,15,15,random,LT,0.28800000000000003,0.05377369224187849,36.36,10.43103689056102,36.36,10.43103689056102,2.424,0.6954024593707346,2.424,0.6954024593707346,2.424,0.6954024593707346
dag_15_nodes_15_edges_none_random,ABAPC,2.0341566335596144,0.2533264287596141,,,,,,,,,0.7882961999999999,0.051150189932817114,0.6907994,0.05405638833700248,0.7361310999999999,0.05156797421444468,4.658,0.8121752098091712,24.778,8.908589984402923,csv,dag,15,15,15,random,LT,0.3105333333333334,0.054145013987278084,24.778,8.908589984402923,24.778,8.908589984402923,1.6518666666666666,0.5939059989601948,1.6518666666666666,0.5939059989601948,1.6518666666666666,0.5939059989601948
dag_15_nodes_15_edges_semantics_ER,ABAPC-LLM,1.188693924015388,0.25551646661749045,,,,,,,,,0.8492751,0.08187579163966875,0.6276915333333333,0.09975497338566436,0.7199762333333334,0.09210793161205755,5.616666666666667,1.520163047705731,17.251,6.9112928144701655,csv,dag,15,15,15,ER,ER,0.37444444444444447,0.10134420318038208,17.251,6.9112928144701655,17.251,6.9112928144701655,1.1500666666666668,0.46075285429801105,1.1500666666666668,0.46075285429801105,1.1500666666666668,0.46075285429801105
dag_15_nodes_15_edges_semantics_ER,ABAPC,1.2035409047920256,0.2600089920912843,,,,,,,,,0.7659624000000003,0.10665698058921493,0.5708003,0.11499909458121833,0.6527118000000001,0.11318443634337429,6.4700000000000015,1.763721714362639,20.81,7.877512556742303,csv,dag,15,15,15,ER,ER,0.43133333333333346,0.11758144762417592,20.81,7.877512556742303,20.81,7.877512556742303,1.3873333333333333,0.5251675037828202,1.3873333333333333,0.5251675037828202,1.3873333333333333,0.5251675037828202
dag_15_nodes_15_edges_semantics_SF,ABAPC-LLM,1.1917646052036435,0.26901760103014105,,,,,,,,,0.8407024,0.05193323801673158,0.5332833,0.045080724235101045,0.6508349666666667,0.03502235914657393,6.694,0.7607339217973935,12.65,1.3312057855708916,csv,dag,15,15,14,SF,SF,0.47814285714285715,0.05433813727124239,12.65,1.3312057855708916,12.65,1.3312057855708916,0.9035714285714286,0.09508612754077797,0.9035714285714286,0.09508612754077797,0.9035714285714286,0.09508612754077797
dag_15_nodes_15_edges_semantics_SF,ABAPC,1.2213083312287927,0.28136570463902,,,,,,,,,0.8247074666666666,0.09611169849480113,0.5230439,0.0708778503245016,0.6383616999999999,0.07458669136094903,6.8373333333333335,1.1991614606118643,13.592,4.378391125006698,csv,dag,15,15,14,SF,SF,0.4883809523809524,0.08565439004370459,13.592,4.378391125006698,13.592,4.378391125006698,0.9708571428571429,0.31274222321476414,0.9708571428571429,0.31274222321476414,0.9708571428571429,0.31274222321476414
dag_15_nodes_15_edges_semantics_random,ABAPC-LLM,1.9591898121591658,0.4976681082597661,,,,,,,,,0.8593347999999998,0.10396680021967768,0.6978718,0.13135723791948709,0.7675066000000001,0.11789276030826507,4.612,1.983877876425721,34.482,16.43018240548628,csv,dag,15,15,15,random,LT,0.30746666666666667,0.13225852509504807,34.482,16.43018240548628,34.482,16.43018240548628,2.2988,1.0953454936990854,2.2988,1.0953454936990854,2.2988,1.0953454936990854
dag_15_nodes_15_edges_semantics_random,ABAPC,1.9905881893076003,0.5009762605821113,,,,,,,,,0.8393982999999998,0.12450009980985263,0.6856913,0.1450818519108705,0.7525159000000001,0.13727768041637356,4.794666666666667,2.1891026749656923,37.998000000000005,19.463681406084284,csv,dag,15,15,15,random,LT,0.31964444444444445,0.14594017833104617,37.998000000000005,19.463681406084284,37.998000000000005,19.463681406084284,2.5332000000000003,1.2975787604056188,2.5332000000000003,1.2975787604056188,2.5332000000000003,1.2975787604056188
dag_15_nodes_22_edges_degrees_ER,ABAPC-LLM,3.6418190187308936,2.9175263917289582,,,,,,,,,0.8253816,0.06327987614420082,0.4884478,0.03375461645161916,0.6133160666666667,0.041429267080585294,11.347333333333333,0.8210962750923435,72.42399999999999,7.607655292376165,csv,dag,15,22,22,ER,ER,0.5157878787878788,0.03732255795874289,72.42399999999999,7.607655292376165,72.42399999999999,7.607655292376165,3.292,0.3458025132898257,3.292,0.3458025132898257,3.292,0.3458025132898257
dag_15_nodes_22_edges_degrees_ER,ABAPC,3.6902475015167147,2.8978378174696044,,,,,,,,,0.8261154666666666,0.06629714799877119,0.4886006333333333,0.03835027330801334,0.6136282333333333,0.04604932160688851,11.344000000000001,0.8912637210209801,72.53866666666667,7.8973096254185124,csv,dag,15,22,22,ER,ER,0.5156363636363637,0.04051198731913546,72.53866666666667,7.8973096254185124,72.53866666666667,7.8973096254185124,3.2972121212121213,0.3589686193372051,3.2972121212121213,0.3589686193372051,3.2972121212121213,0.3589686193372051
dag_15_nodes_22_edges_degrees_SF,ABAPC-LLM,1.476944517204538,0.39342282437811016,,,,,,,,,0.7689621000000001,0.13204031061627677,0.45728119999999994,0.11948985852090942,0.5697411666666666,0.12608683459636755,7.797999999999999,1.8046979508708791,23.425999999999995,10.42153989953265,csv,dag,15,22,14,SF,SF,0.5569999999999999,0.12890699649077708,23.425999999999995,10.42153989953265,23.425999999999995,10.42153989953265,1.6732857142857138,0.744395707109475,1.6732857142857138,0.744395707109475,1.6732857142857138,0.744395707109475
dag_15_nodes_22_edges_degrees_SF,ABAPC,1.4864528940524906,0.3934980417310309,,,,,,,,,0.7637215,0.1338883018897027,0.4559018,0.12179010182192938,0.5677449,0.13027320602394124,7.777333333333334,1.7618718143637557,23.136,9.810764692666687,csv,dag,15,22,14,SF,SF,0.5555238095238095,0.12584798674026826,23.136,9.810764692666687,23.136,9.810764692666687,1.6525714285714286,0.7007689066190491,1.6525714285714286,0.7007689066190491,1.6525714285714286,0.7007689066190491
dag_15_nodes_22_edges_degrees_random,ABAPC-LLM,7.0282677904237065,1.9354240654076702,,,,,,,,,0.8374958333333333,0.06499617859536924,0.5118231666666666,0.05693648018419566,0.6327025000000001,0.05022041373144135,11.06,1.2780902703756982,73.24666666666666,9.600066137338318,csv,dag,15,22,22,random,LT,0.5027272727272728,0.05809501228980447,73.24666666666666,9.600066137338318,73.24666666666666,9.600066137338318,3.3293939393939387,0.4363666426062872,3.3293939393939387,0.4363666426062872,3.3293939393939387,0.4363666426062872
dag_15_nodes_22_edges_degrees_random,ABAPC,7.252303447714075,2.1652258164294107,,,,,,,,,0.7386906666666665,0.11933150964431367,0.46953500000000004,0.0727165260865766,0.5712491666666666,0.0788612942684928,12.01,1.738718088008853,88.79666666666667,15.90626917579891,csv,dag,15,22,22,random,LT,0.5459090909090909,0.07903264036403877,88.79666666666667,15.90626917579891,88.79666666666667,15.90626917579891,4.036212121212121,0.7230122352635868,4.036212121212121,0.7230122352635868,4.036212121212121,0.7230122352635868
dag_15_nodes_22_edges_none_ER,ABAPC-LLM,7.887752071134746,3.239596637088137,,,,,,,,,0.7452061333333333,0.0797720290407825,0.4955759333333334,0.05515899531938549,0.5946040333333333,0.061891001679558334,11.157333333333332,1.2563857749192726,61.09733333333334,10.139748774768512,csv,dag,15,22,22,ER,ER,0.5071515151515151,0.05710844431451239,61.09733333333334,10.139748774768512,61.09733333333334,10.139748774768512,2.7771515151515156,0.4608976715803869,2.7771515151515156,0.4608976715803869,2.7771515151515156,0.4608976715803869
dag_15_nodes_22_edges_none_ER,ABAPC,8.664133247025312,3.385154176983052,,,,,,,,,0.6867698,0.12537382486868653,0.46166266666666667,0.08772499064763122,0.5513865,0.10058958823088592,11.943333333333335,1.912368739289402,68.69866666666667,17.48969629936412,csv,dag,15,22,22,ER,ER,0.542878787878788,0.08692585178588191,68.69866666666667,17.48969629936412,68.69866666666667,17.48969629936412,3.122666666666667,0.7949861954256418,3.122666666666667,0.7949861954256418,3.122666666666667,0.7949861954256418
dag_15_nodes_22_edges_none_SF,ABAPC-LLM,1.3099507970456035,0.2500337751765403,,,,,,,,,0.7167956000000001,0.053511666062034516,0.5417167,0.03902717814928361,0.616598,0.04176050653575036,6.555999999999999,0.626346712357966,18.696,2.2689528286801184,csv,dag,15,22,14,SF,SF,0.46828571428571425,0.04473905088271186,18.696,2.2689528286801184,18.696,2.2689528286801184,1.3354285714285716,0.16206805919143702,1.3354285714285716,0.16206805919143702,1.3354285714285716,0.16206805919143702
dag_15_nodes_22_edges_none_SF,ABAPC,1.315678418027237,0.25424715162918615,,,,,,,,,0.724922,0.05321421357617356,0.5477179,0.037921690687278624,0.623502,0.04091832826197939,6.472,0.5921389798253206,18.392,2.330265816491802,csv,dag,15,22,14,SF,SF,0.4622857142857143,0.04229564141609433,18.392,2.330265816491802,18.392,2.330265816491802,1.3137142857142856,0.166447558320843,1.3137142857142856,0.166447558320843,1.3137142857142856,0.166447558320843
dag_15_nodes_22_edges_none_random,ABAPC-LLM,13.378236796986311,3.4268003210443787,,,,,,,,,0.7672381666666668,0.07437227609086182,0.5700051666666667,0.08527671585977496,0.6525353333333334,0.07842279060358935,9.54,2.0072318231426918,63.52,13.594826947331518,csv,dag,15,22,22,random,LT,0.4336363636363636,0.09123781014284962,63.52,13.594826947331518,63.52,13.594826947331518,2.887272727272727,0.6179466794241599,2.887272727272727,0.6179466794241599,2.887272727272727,0.6179466794241599
dag_15_nodes_22_edges_none_random,ABAPC,12.847603097846731,3.9123407717025045,,,,,,,,,0.8042668333333335,0.11602159893932038,0.6103674,0.11858016934323119,0.6929863666666667,0.11873481293585593,8.665333333333333,2.7260310620889707,57.03866666666667,17.80164118908544,csv,dag,15,22,22,random,LT,0.3938787878787879,0.12391050282222595,57.03866666666667,17.80164118908544,57.03866666666667,17.80164118908544,2.5926666666666667,0.8091655085947927,2.5926666666666667,0.8091655085947927,2.5926666666666667,0.8091655085947927
dag_15_nodes_22_edges_semantics_ER,ABAPC-LLM,10.729855564357713,5.688564835592259,,,,,,,,,0.7166142333333332,0.07068110968613692,0.5285862,0.07296352915723969,0.6074630666666666,0.07241233393359,10.431333333333335,1.633967112911731,80.15266666666666,15.311855469335915,csv,dag,15,22,22,ER,ER,0.4741515151515152,0.07427123240507869,80.15266666666666,15.311855469335915,80.15266666666666,15.311855469335915,3.6433030303030303,0.6959934304243598,3.6433030303030303,0.6959934304243598,3.6433030303030303,0.6959934304243598
dag_15_nodes_22_edges_semantics_ER,ABAPC,11.433859549881891,6.454136943807281,,,,,,,,,0.7100698,0.12180181539966085,0.5215536333333333,0.120860802013957,0.6000435000000001,0.12502786409538916,10.585999999999999,2.6653490792550447,77.292,20.420306419976033,csv,dag,15,22,22,ER,ER,0.4811818181818181,0.1211522308752293,77.292,20.420306419976033,77.292,20.420306419976033,3.5132727272727275,0.928195746362547,3.5132727272727275,0.928195746362547,3.5132727272727275,0.928195746362547
dag_15_nodes_22_edges_semantics_SF,ABAPC-LLM,3.3048541561421008,1.2718083833492655,,,,,,,,,0.6037960666666666,0.09337107498740634,0.3959462333333334,0.08153929564391296,0.47698496666666673,0.08558020933199018,8.616666666666667,1.19112839277408,29.945999999999994,6.322980761815247,csv,dag,15,22,14,SF,SF,0.6154761904761905,0.08508059948386285,29.945999999999994,6.322980761815247,29.945999999999994,6.322980761815247,2.139,0.45164148298680334,2.139,0.45164148298680334,2.139,0.45164148298680334
dag_15_nodes_22_edges_semantics_SF,ABAPC,3.2867334310524168,1.3059930023027673,,,,,,,,,0.6147004666666667,0.08317484310279523,0.39487539999999993,0.06615227690437157,0.47945029999999994,0.06995126121319277,8.631666666666666,0.9561487967580937,29.492666666666665,5.498444595567145,csv,dag,15,22,14,SF,SF,0.616547619047619,0.06829634262557813,29.492666666666665,5.498444595567145,29.492666666666665,5.498444595567145,2.1066190476190476,0.3927460425405104,2.1066190476190476,0.3927460425405104,2.1066190476190476,0.3927460425405104
dag_15_nodes_22_edges_semantics_random,ABAPC-LLM,10.666087518520653,5.834521460706964,,,,,,,,,0.9290921,0.045563528906553845,0.6100993,0.06764482161885668,0.7345423000000001,0.05698009404661618,8.63,1.501054051427237,52.056000000000004,9.501324504875031,csv,dag,15,22,22,random,LT,0.39227272727272733,0.06822972961032896,52.056000000000004,9.501324504875031,52.056000000000004,9.501324504875031,2.3661818181818184,0.4318783865852287,2.3661818181818184,0.4318783865852287,2.3661818181818184,0.4318783865852287
dag_15_nodes_22_edges_semantics_random,ABAPC,11.020261263037101,6.319814817668802,,,,,,,,,0.7682872666666666,0.1233331182443243,0.4775149666666667,0.09255807534894217,0.5869861333333333,0.10166932075070285,11.554666666666664,2.047339515803503,65.718,12.377179296872885,csv,dag,15,22,22,random,LT,0.5252121212121211,0.0930608870819774,65.718,12.377179296872885,65.718,12.377179296872885,2.9871818181818184,0.5625990589487675,2.9871818181818184,0.5625990589487675,2.9871818181818184,0.5625990589487675
dag_5_nodes_5_edges_degrees_ER,ABAPC-LLM,0.04814474473707373,0.007392188320435343,,,,,,,,,0.724334,0.08432895588112072,0.6480000000000001,0.09527618286018893,0.6810053333333335,0.07909251790282454,1.76,0.4763809143009448,8.518333333333333,2.1364514043559715,csv,dag,5,5,5,ER,ER,0.352,0.09527618286018896,8.518333333333333,2.1364514043559715,8.518333333333333,2.1364514043559715,1.7036666666666664,0.4272902808711943,1.7036666666666664,0.4272902808711943,1.7036666666666664,0.4272902808711943
dag_5_nodes_5_edges_degrees_ER,ABAPC,0.0496086974162608,0.0072708649909765865,,,,,,,,,0.714334,0.10764560781394035,0.64,0.11428571428571428,0.6743378333333334,0.09313108553842675,1.8,0.5714285714285714,8.711666666666668,2.495756602797669,csv,dag,5,5,5,ER,ER,0.36,0.11428571428571428,8.711666666666668,2.495756602797669,8.711666666666668,2.495756602797669,1.7423333333333335,0.4991513205595338,1.7423333333333335,0.4991513205595338,1.7423333333333335,0.4991513205595338
dag_5_nodes_5_edges_degrees_SF,ABAPC-LLM,0.03301727554760869,0.005191743640061489,,,,,,,,,1.0,0.0,1.0,0.0,1.0,0.0,0.0,0.0,0.0,0.0,csv,dag,5,5,4,SF,SF,0.0,0.0,0.0,0.0,0.0,0.0,0.0,0.0,0.0,0.0,0.0,0.0
dag_5_nodes_5_edges_degrees_SF,ABAPC,0.03213686894625421,0.005187365819868713,,,,,,,,,0.5,0.0,0.5,0.0,0.6075,0.0438137290942332,2.0,0.0,10.0,0.0,csv,dag,5,5,4,SF,SF,0.5,0.0,10.0,0.0,10.0,0.0,2.5,0.0,2.5,0.0,2.5,0.0
dag_5_nodes_5_edges_degrees_random,ABAPC-LLM,0.022965716421604113,0.006980430293185163,,,,,,,,,1.0,0.0,0.6000000000000001,1.1214946133455537e-16,0.75,0.0,2.0,0.0,4.0,0.0,csv,dag,5,5,5,random,LT,0.4,0.0,4.0,0.0,4.0,0.0,0.8,0.0,0.8,0.0,0.8,0.0
dag_5_nodes_5_edges_degrees_random,ABAPC,0.023365593701600983,0.00642317181815484,,,,,,,,,0.8333500000000003,2.2429892266911074e-16,0.5,0.0,0.625,0.0,2.5,0.0,6.0,0.0,csv,dag,5,5,5,random,LT,0.5,0.0,6.0,0.0,6.0,0.0,1.2,0.0,1.2,0.0,1.2,0.0
dag_5_nodes_5_edges_none_ER,ABAPC-LLM,0.0531399189215153,0.016968152759292313,,,,,,,,,0.998,0.014142135623730947,0.8959999999999998,0.10093440990088966,0.9413389999999999,0.05727135667066005,0.53,0.5191240660173321,1.56,1.5140161485133452,csv,dag,5,5,5,ER,ER,0.10600000000000001,0.10382481320346641,1.56,1.5140161485133452,1.56,1.5140161485133452,0.312,0.30280322970266904,0.312,0.30280322970266904,0.312,0.30280322970266904
dag_5_nodes_5_edges_none_ER,ABAPC,0.05301014184951778,0.013492628851461852,,,,,,,,,0.8115000000000001,0.14779070280885295,0.736,0.184899310712725,0.771566,0.1570679053200642,1.34,1.0022423838165933,4.64,2.772017610451467,csv,dag,5,5,5,ER,ER,0.268,0.20044847676331864,4.64,2.772017610451467,4.64,2.772017610451467,0.9279999999999999,0.5544035220902934,0.9279999999999999,0.5544035220902934,0.9279999999999999,0.5544035220902934
dag_5_nodes_5_edges_none_SF,ABAPC-LLM,0.08250644426792857,0.03687639919234914,,,,,,,,,0.49111066666666664,0.08751898341272236,0.3608333333333333,0.05093374158400336,0.42446400000000006,0.03339002209508409,2.576666666666666,0.2433002493584182,9.436666666666666,1.1731549416026865,csv,dag,5,5,4,SF,SF,0.6441666666666666,0.06082506233960455,9.436666666666666,1.1731549416026865,9.436666666666666,1.1731549416026865,2.3591666666666664,0.29328873540067163,2.3591666666666664,0.29328873540067163,2.3591666666666664,0.29328873540067163
dag_5_nodes_5_edges_none_SF,ABAPC,0.05105105502530928,0.03743714504648988,,,,,,,,,0.8183490000000002,0.07031047944216962,0.6175,0.09247862411588609,0.7070303333333334,0.06625293761424476,1.53,0.3699144964635443,3.59,0.8372086761058672,csv,dag,5,5,4,SF,SF,0.3825,0.09247862411588607,3.59,0.8372086761058672,3.59,0.8372086761058672,0.8975,0.2093021690264668,0.8975,0.2093021690264668,0.8975,0.2093021690264668
dag_5_nodes_5_edges_none_random,ABAPC-LLM,0.04203056717291471,0.00447878700228367,,,,,,,,,0.893334,0.1051924487279755,0.8959999999999999,0.10093440990088966,0.894546,0.10285099031202015,0.54,0.542481072744215,3.12,3.0280322970266904,csv,dag,5,5,5,random,LT,0.10800000000000001,0.10849621454884299,3.12,3.0280322970266904,3.12,3.0280322970266904,0.624,0.6056064594053381,0.624,0.6056064594053381,0.624,0.6056064594053381
dag_5_nodes_5_edges_none_random,ABAPC,0.043641152586787905,0.00478918073680853,,,,,,,,,0.6976670000000001,0.016496801205082144,0.7000000000000002,2.2429892266911074e-16,0.6987280000000001,0.008994398256692883,1.52,0.14142135623730948,8.3,0.24743582965269673,csv,dag,5,5,5,random,LT,0.304,0.028284271247461894,8.3,0.24743582965269673,8.3,0.24743582965269673,1.6600000000000001,0.04948716593053935,1.6600000000000001,0.04948716593053935,1.6600000000000001,0.04948716593053935
dag_5_nodes_5_edges_semantics_ER,ABAPC-LLM,0.03151192911900576,0.006359652356624534,,,,,,,,,0.7919999999999999,0.0565685424949238,0.7903999999999999,0.06788225099390859,0.7911107999999999,0.0628561359932346,1.048,0.3394112549695428,3.642,1.0040916292848974,csv,dag,5,5,5,ER,ER,0.2096,0.06788225099390856,3.642,1.0040916292848974,3.642,1.0040916292848974,0.7283999999999999,0.20081832585697948,0.7283999999999999,0.20081832585697948,0.7283999999999999,0.20081832585697948
dag_5_nodes_5_edges_semantics_ER,ABAPC,0.03151192911900576,0.006359652356624534,,,,,,,,,0.7919999999999999,0.0565685424949238,0.7903999999999999,0.06788225099390859,0.7911107999999999,0.0628561359932346,1.048,0.3394112549695428,3.642,1.0040916292848974,csv,dag,5,5,5,ER,ER,0.2096,0.06788225099390856,3.642,1.0040916292848974,3.642,1.0040916292848974,0.7283999999999999,0.20081832585697948,0.7283999999999999,0.20081832585697948,0.7283999999999999,0.20081832585697948
dag_5_nodes_5_edges_semantics_SF,ABAPC-LLM,0.02204732639715071,0.003300765178513805,,,,,,,,,0.9940000000000001,0.042426406871192854,0.9975,0.017677669529663688,0.995556,0.03142382535593017,0.03,0.21213203435596426,0.03,0.21213203435596426,csv,dag,5,5,4,SF,SF,0.0075,0.053033008588991064,0.03,0.21213203435596426,0.03,0.21213203435596426,0.0075,0.053033008588991064,0.0075,0.053033008588991064,0.0075,0.053033008588991064
dag_5_nodes_5_edges_semantics_SF,ABAPC,0.023395455107092816,0.0039928860796907325,,,,,,,,,0.7462000000000001,0.026870057685088794,0.7490000000000001,0.0070710678118654805,0.7474447999999999,0.01806799247287866,1.024,0.16970562748477142,4.024,0.16970562748477142,csv,dag,5,5,4,SF,SF,0.256,0.042426406871192854,4.024,0.16970562748477142,4.024,0.16970562748477142,1.006,0.042426406871192854,1.006,0.042426406871192854,1.006,0.042426406871192854
dag_5_nodes_5_edges_semantics_random,ABAPC-LLM,0.04185544518753881,0.005939908256620057,,,,,,,,,0.9614999999999999,0.0730547041327139,0.958,0.0810391691639019,0.9595560000000001,0.07661019583660157,0.21,0.40519584581950957,0.97,1.8361728165521072,csv,dag,5,5,5,random,LT,0.041999999999999996,0.08103916916390191,0.97,1.8361728165521072,0.97,1.8361728165521072,0.194,0.3672345633104214,0.194,0.3672345633104214,0.194,0.3672345633104214
dag_5_nodes_5_edges_semantics_random,ABAPC,0.04436954558826978,0.007403409435469161,,,,,,,,,0.7989999999999998,0.007071067811865468,0.7959999999999999,0.0282842712474619,0.7973334999999997,0.01885500232033928,1.02,0.14142135623730948,4.741666666666666,0.18614875917990337,csv,dag,5,5,5,random,LT,0.20400000000000001,0.028284271247461894,4.741666666666666,0.18614875917990337,4.741666666666666,0.18614875917990337,0.9483333333333333,0.03722975183598067,0.9483333333333333,0.03722975183598067,0.9483333333333333,0.03722975183598067
dag_5_nodes_7_edges_degrees_ER,ABAPC-LLM,0.055076220734044855,0.007104759074948214,,,,,,,,,0.8949746666666666,0.02234588900794851,0.8437910666666667,0.07071033459681568,0.8672602666666666,0.042800454867780106,1.1133333333333333,0.5111456165026179,5.093333333333333,0.4950549111758867,csv,dag,5,7,7,ER,ER,0.15904761904761905,0.07302080235751685,5.093333333333333,0.4950549111758867,5.093333333333333,0.4950549111758867,0.7276190476190475,0.07072213016798382,0.7276190476190475,0.07072213016798382,0.7276190476190475,0.07072213016798382
dag_5_nodes_7_edges_degrees_ER,ABAPC,0.059575472800061056,0.007979440082502703,,,,,,,,,0.8815866666666665,0.06933264128383028,0.8310295999999999,0.09379376202282609,0.8542553333333331,0.07742219490231503,1.2026666666666666,0.719152940883198,5.4506666666666685,1.606368278950704,csv,dag,5,7,7,ER,ER,0.1718095238095238,0.10273613441188544,5.4506666666666685,1.606368278950704,5.4506666666666685,1.606368278950704,0.778666666666667,0.22948118270724344,0.778666666666667,0.22948118270724344,0.778666666666667,0.22948118270724344
dag_5_nodes_7_edges_degrees_SF,ABAPC-LLM,0.025112706022337027,0.006681878620171713,,,,,,,,,0.8250160000000001,0.0412426040865115,0.625,0.0,0.71068,0.01766691823720256,1.54,0.19794866372215741,3.0,0.0,csv,dag,5,7,4,SF,SF,0.385,0.049487165930539354,3.0,0.0,3.0,0.0,0.75,0.0,0.75,0.0,0.75,0.0
dag_5_nodes_7_edges_degrees_SF,ABAPC,0.025257998621091196,0.006149105240375343,,,,,,,,,0.7750135000000001,0.154311313121877,0.5875,0.11364216126212372,0.6773483333333332,0.10135253450210313,1.69,0.4832922806867792,3.725,2.197081784401058,csv,dag,5,7,4,SF,SF,0.4225,0.1208230701716948,3.725,2.197081784401058,3.725,2.197081784401058,0.93125,0.5492704461002645,0.93125,0.5492704461002645,0.93125,0.5492704461002645
dag_5_nodes_7_edges_degrees_random,ABAPC-LLM,0.22741155492141843,0.0541744250588868,,,,,,,,,0.896998,0.10976747871602713,0.585696,0.0645407345189447,0.7056259999999999,0.06525630725634646,3.24,0.6487035736995845,9.26,1.2257442553778652,csv,dag,5,7,7,random,LT,0.4628571428571429,0.09267193909994065,9.26,1.2257442553778652,9.26,1.2257442553778652,1.3228571428571427,0.1751063221968379,1.3228571428571427,0.1751063221968379,1.3228571428571427,0.1751063221968379
dag_5_nodes_7_edges_degrees_random,ABAPC,0.1661974810063839,0.04514725467972656,,,,,,,,,0.6155666666666666,0.14130971849788007,0.3964831333333333,0.10830561226313073,0.48023226666666674,0.1194465876238586,4.496666666666666,0.9242819116233937,13.259333333333332,2.2628548380619975,csv,dag,5,7,7,random,LT,0.6423809523809523,0.13204027308905625,13.259333333333332,2.2628548380619975,13.259333333333332,2.2628548380619975,1.894190476190476,0.32326497686599964,1.894190476190476,0.32326497686599964,1.894190476190476,0.32326497686599964
dag_5_nodes_7_edges_none_ER,ABAPC-LLM,0.05300507249310609,0.013367616070877098,,,,,,,,,0.9668950000000001,0.039037562039656123,0.8785400000000001,0.05050762924791558,0.9188289999999999,0.023073688721669317,0.87,0.3887447092625079,3.33,0.5307868629474085,csv,dag,5,7,7,ER,ER,0.12428571428571429,0.05553495846607256,3.33,0.5307868629474085,3.33,0.5307868629474085,0.4757142857142857,0.07582669470677264,0.4757142857142857,0.07582669470677264,0.4757142857142857,0.07582669470677264
dag_5_nodes_7_edges_none_ER,ABAPC,0.04573215528391298,0.011467270889539272,,,,,,,,,0.6062932666666667,0.08689070578692328,0.5459019333333334,0.08395807330751584,0.5733199333333334,0.07977544614686888,3.1986666666666665,0.6185697789486416,10.317333333333334,1.3148073498984325,csv,dag,5,7,7,ER,ER,0.45695238095238094,0.08836711127837737,10.317333333333334,1.3148073498984325,10.317333333333334,1.3148073498984325,1.473904761904762,0.1878296214140618,1.473904761904762,0.1878296214140618,1.473904761904762,0.1878296214140618
dag_5_nodes_7_edges_none_SF,ABAPC-LLM,0.018965718513354615,0.00661271615024287,,,,,,,,,0.7644483333333334,0.046022632366144574,0.43083333333333335,0.10433150223339374,0.5466583333333334,0.08997184500715173,2.2966666666666664,0.443253790623943,4.11,0.7511216103064722,csv,dag,5,7,4,SF,SF,0.5741666666666666,0.11081344765598575,4.11,0.7511216103064722,4.11,0.7511216103064722,1.0275,0.18778040257661804,1.0275,0.18778040257661804,1.0275,0.18778040257661804
dag_5_nodes_7_edges_none_SF,ABAPC,0.018773927874863105,0.006852355643013461,,,,,,,,,0.5600029999999999,0.14584912857862012,0.3225,0.15379966428667483,0.495222,0.11286909286943915,2.73,0.656288264190581,6.17,1.7745651953797192,csv,dag,5,7,4,SF,SF,0.6825,0.16407206604764524,6.17,1.7745651953797192,6.17,1.7745651953797192,1.5425,0.4436412988449298,1.5425,0.4436412988449298,1.5425,0.4436412988449298
dag_5_nodes_7_edges_none_random,ABAPC-LLM,0.06988658037967975,0.019790292196824724,,,,,,,,,0.9975,0.017677669529663688,0.9228419999999999,0.09223062285291547,0.956108,0.05183129162809599,0.56,0.6439672954048369,1.1,1.4463183379511848,csv,dag,5,7,7,random,LT,0.08,0.0919953279149767,1.1,1.4463183379511848,1.1,1.4463183379511848,0.15714285714285717,0.20661690542159783,0.15714285714285717,0.20661690542159783,0.15714285714285717,0.20661690542159783
dag_5_nodes_7_edges_none_random,ABAPC,0.06474360998719925,0.005987777419706519,,,,,,,,,0.6942926666666667,0.2225792582694788,0.6562709999999998,0.2573849034437495,0.6730145999999999,0.24098944197842942,2.426,1.7875773138695916,9.437999999999999,5.055537409949744,csv,dag,5,7,7,random,LT,0.3465714285714286,0.25536818769565595,9.437999999999999,5.055537409949744,9.437999999999999,5.055537409949744,1.348285714285714,0.7222196299928205,1.348285714285714,0.7222196299928205,1.348285714285714,0.7222196299928205
dag_5_nodes_7_edges_semantics_ER,ABAPC-LLM,0.07531749927438793,0.0037006067278743423,,,,,,,,,0.8571000000000001,1.1214946133455537e-16,0.8571000000000001,1.1214946133455537e-16,0.8571000000000001,1.1214946133455537e-16,1.0,0.0,7.0,0.0,csv,dag,5,7,7,ER,ER,0.14285714285714285,0.0,7.0,0.0,7.0,0.0,1.0,0.0,1.0,0.0,1.0,0.0
dag_5_nodes_7_edges_semantics_ER,ABAPC,0.05371899602934713,0.0028515425673826087,,,,,,,,,0.9285499999999999,1.1214946133455537e-16,0.9285499999999999,1.1214946133455537e-16,0.9285499999999999,1.1214946133455537e-16,0.5,0.0,2.0,0.0,csv,dag,5,7,7,ER,ER,0.07142857142857142,0.0,2.0,0.0,2.0,0.0,0.2857142857142857,0.0,0.2857142857142857,0.0,0.2857142857142857,0.0
dag_5_nodes_7_edges_semantics_SF,ABAPC-LLM,0.0290583823062479,0.008991488646170148,,,,,,,,,0.8108445000000002,0.09494614360767575,0.6575,0.14243240430435192,0.7266813333333334,0.10498620801547881,1.37,0.5697296172174077,3.43,1.4949233821060353,csv,dag,5,7,4,SF,SF,0.3425,0.14243240430435192,3.43,1.4949233821060353,3.43,1.4949233821060353,0.8575,0.3737308455265088,0.8575,0.3737308455265088,0.8575,0.3737308455265088
dag_5_nodes_7_edges_semantics_SF,ABAPC,0.028784867040812928,0.009412772139148026,,,,,,,,,0.5646664000000001,0.10841349757370283,0.4684999999999999,0.15442536669068016,0.5546176333333334,0.10647083867954575,2.1260000000000003,0.6177014667627206,6.339333333333334,1.9196996410944447,csv,dag,5,7,4,SF,SF,0.5315000000000001,0.15442536669068016,6.339333333333334,1.9196996410944447,6.339333333333334,1.9196996410944447,1.5848333333333335,0.47992491027361117,1.5848333333333335,0.47992491027361117,1.5848333333333335,0.47992491027361117
dag_5_nodes_7_edges_semantics_random,ABAPC-LLM,0.10203364476561542,0.01177224342044725,,,,,,,,,1.0,0.0,0.7914120000000001,0.07189372156176083,0.8817920000000001,0.04521047756474878,1.46,0.5034574339058885,4.8,1.979486637221574,csv,dag,5,7,7,random,LT,0.20857142857142857,0.07192249055798407,4.8,1.979486637221574,4.8,1.979486637221574,0.6857142857142857,0.28278380531736774,0.6857142857142857,0.28278380531736774,0.6857142857142857,0.28278380531736774
dag_5_nodes_7_edges_semantics_random,ABAPC,0.0678483617957681,0.009877688195656587,,,,,,,,,0.47666320000000006,0.2110501939083087,0.38686600000000004,0.191087101808445,0.4263516,0.20073538511733321,4.292000000000001,1.3376555793550116,13.216,3.0330398303096673,csv,dag,5,7,7,random,LT,0.6131428571428572,0.19109365419357308,13.216,3.0330398303096673,13.216,3.0330398303096673,1.888,0.43329140432995245,1.888,0.43329140432995245,1.888,0.43329140432995245
