dataset,model,elapsed_mean,elapsed_std,nnz_mean,nnz_std,fdr_mean,fdr_std,tpr_mean,tpr_std,fpr_mean,fpr_std,precision_mean,precision_std,recall_mean,recall_std,F1_mean,F1_std,shd_mean,shd_std,SID_low_mean,SID_low_std,SID_high_mean,SID_high_std,source_kind,graph_kind,n_nodes,filename_n_edges,n_edges,graph_type,graph_type_label,NSHD_mean,NSHD_std,SID_mean,SID_std,NSID_mean,NSID_std,NSID_low_mean,NSID_low_std,NSID_high_mean,NSID_high_std
dag_10_nodes_10_edges_degrees_ER,FGS,0.2,0.21,6.64,1.52,0.85,0.13,0.1,0.09,0.16,0.04,0.06,0.1,0.05,0.08,0.05,0.09,14.86,1.59,23.38,3.85,36.12,3.84,,cpdag,10,10,10,ER,ER,1.486,0.159,36.12,3.84,3.6119999999999997,0.384,2.338,0.385,3.6119999999999997,0.384
dag_10_nodes_10_edges_degrees_ER,NOTEARS-MLP,0.83,2.12,0.04,0.2,0.0,0.0,0.0,0.02,0.0,0.0,0.02,0.14,0.0,0.01,0.0,0.03,9.98,0.14,30.96,0.2,31.12,0.85,,cpdag,10,10,10,ER,ER,0.998,0.014000000000000002,31.12,0.85,3.112,0.08499999999999999,3.096,0.02,3.112,0.08499999999999999
dag_10_nodes_10_edges_degrees_ER,Random,0.0,0.0,27.68,10.14,0.86,0.07,0.43,0.26,0.67,0.23,0.11,0.06,0.31,0.2,0.16,0.09,29.26,6.84,19.68,9.93,33.92,7.4,,cpdag,10,10,10,ER,ER,2.926,0.6839999999999999,33.92,7.4,3.3920000000000003,0.74,1.968,0.993,3.3920000000000003,0.74
dag_10_nodes_10_edges_degrees_SF,FGS,0.16,0.01,4.24,1.44,0.8,0.16,0.09,0.07,0.1,0.04,0.08,0.13,0.04,0.06,0.05,0.08,12.04,1.48,15.1,3.88,21.48,3.88,,cpdag,10,10,9,SF,SF,1.3377777777777777,0.16444444444444445,21.48,3.88,2.3866666666666667,0.4311111111111111,1.6777777777777778,0.4311111111111111,2.3866666666666667,0.4311111111111111
dag_10_nodes_10_edges_degrees_SF,NOTEARS-MLP,0.81,0.31,0.1,0.3,0.0,0.0,0.01,0.03,0.0,0.0,0.04,0.2,0.0,0.02,0.01,0.04,8.9,0.3,13.9,0.3,14.24,0.74,,cpdag,10,10,9,SF,SF,0.9888888888888889,0.03333333333333333,14.24,0.74,1.5822222222222222,0.08222222222222222,1.5444444444444445,0.03333333333333333,1.5822222222222222,0.08222222222222222
dag_10_nodes_10_edges_degrees_SF,Random,0.0,0.0,27.68,10.14,0.87,0.06,0.43,0.27,0.66,0.23,0.11,0.05,0.34,0.21,0.16,0.08,29.52,7.81,13.78,8.35,38.64,21.08,,cpdag,10,10,9,SF,SF,3.28,0.8677777777777778,38.64,21.08,4.293333333333333,2.342222222222222,1.531111111111111,0.9277777777777777,4.293333333333333,2.342222222222222
dag_10_nodes_10_edges_degrees_random,FGS,0.17,0.02,6.64,1.43,0.86,0.12,0.1,0.08,0.16,0.04,0.06,0.07,0.04,0.05,0.05,0.06,15.18,1.44,26.68,5.5,38.38,7.14,,cpdag,10,10,10,random,LT,1.518,0.144,38.38,7.14,3.838,0.714,2.668,0.55,3.838,0.714
dag_10_nodes_10_edges_degrees_random,NOTEARS-MLP,0.79,0.35,0.06,0.24,0.0,0.0,0.01,0.02,0.0,0.0,0.06,0.24,0.01,0.02,0.01,0.04,9.94,0.24,22.94,0.24,23.18,0.72,,cpdag,10,10,10,random,LT,0.994,0.024,23.18,0.72,2.318,0.072,2.294,0.024,2.318,0.072
dag_10_nodes_10_edges_degrees_random,Random,0.0,0.0,27.68,10.14,0.83,0.06,0.46,0.24,0.66,0.24,0.12,0.06,0.32,0.15,0.17,0.07,29.26,8.18,19.64,9.34,48.0,16.08,,cpdag,10,10,10,random,LT,2.926,0.818,48.0,16.08,4.8,1.6079999999999999,1.964,0.9339999999999999,4.8,1.6079999999999999
dag_10_nodes_10_edges_none_ER,FGS,0.09,0.01,7.5,1.61,0.5,0.18,0.37,0.14,0.21,0.1,0.34,0.18,0.26,0.14,0.29,0.15,11.32,2.24,25.64,5.41,41.6,4.87,,cpdag,10,10,10,ER,ER,1.1320000000000001,0.22400000000000003,41.6,4.87,4.16,0.487,2.564,0.541,4.16,0.487
dag_10_nodes_10_edges_none_ER,NOTEARS-MLP,0.2,0.09,0.1,0.3,0.0,0.0,0.01,0.03,0.0,0.0,0.1,0.3,0.01,0.03,0.02,0.06,9.9,0.3,46.3,2.12,47.1,0.3,,cpdag,10,10,10,ER,ER,0.99,0.03,47.1,0.3,4.71,0.03,4.63,0.21200000000000002,4.71,0.03
dag_10_nodes_10_edges_none_ER,Random,0.0,0.0,18.22,6.1,0.75,0.09,0.48,0.26,0.74,0.22,0.21,0.08,0.4,0.21,0.27,0.11,19.2,3.31,22.92,13.17,43.5,6.23,,cpdag,10,10,10,ER,ER,1.92,0.331,43.5,6.23,4.35,0.623,2.2920000000000003,1.317,4.35,0.623
dag_10_nodes_10_edges_none_SF,FGS,0.08,0.01,3.2,1.37,0.36,0.24,0.2,0.07,0.04,0.03,0.39,0.21,0.12,0.02,0.17,0.03,10.24,0.92,14.7,6.31,26.7,5.85,,cpdag,10,10,9,SF,SF,1.1377777777777778,0.10222222222222223,26.7,5.85,2.966666666666667,0.6499999999999999,1.6333333333333333,0.701111111111111,2.966666666666667,0.6499999999999999
dag_10_nodes_10_edges_none_SF,NOTEARS-MLP,0.28,0.09,0.04,0.2,0.0,0.0,0.0,0.02,0.0,0.0,0.04,0.2,0.0,0.02,0.01,0.04,8.96,0.2,11.96,0.2,12.08,0.4,,cpdag,10,10,9,SF,SF,0.9955555555555556,0.022222222222222223,12.08,0.4,1.3422222222222222,0.044444444444444446,1.328888888888889,0.022222222222222223,1.3422222222222222,0.044444444444444446
dag_10_nodes_10_edges_none_SF,Random,0.0,0.0,27.68,10.14,0.86,0.08,0.43,0.29,0.66,0.24,0.08,0.07,0.24,0.19,0.12,0.1,29.68,8.05,12.38,9.18,36.66,22.63,,cpdag,10,10,9,SF,SF,3.2977777777777777,0.8944444444444445,36.66,22.63,4.073333333333333,2.5144444444444445,1.3755555555555556,1.02,4.073333333333333,2.5144444444444445
dag_10_nodes_10_edges_none_random,FGS,0.09,0.01,6.32,1.62,0.82,0.11,0.12,0.07,0.15,0.04,0.17,0.11,0.11,0.07,0.14,0.08,14.18,1.4,14.76,3.14,19.36,5.34,,cpdag,10,10,10,random,LT,1.418,0.13999999999999999,19.36,5.34,1.936,0.534,1.476,0.314,1.936,0.534
dag_10_nodes_10_edges_none_random,NOTEARS-MLP,0.3,0.1,0.06,0.24,0.02,0.14,0.0,0.02,0.0,0.0,0.0,0.0,0.0,0.0,0.0,0.0,9.98,0.25,16.96,0.2,17.08,0.4,,cpdag,10,10,10,random,LT,0.998,0.025,17.08,0.4,1.7079999999999997,0.04,1.6960000000000002,0.02,1.7079999999999997,0.04
dag_10_nodes_10_edges_none_random,Random,0.0,0.0,27.68,10.14,0.85,0.07,0.42,0.28,0.67,0.23,0.12,0.06,0.34,0.21,0.17,0.09,29.74,7.19,16.28,9.08,42.72,18.4,,cpdag,10,10,10,random,LT,2.9739999999999998,0.7190000000000001,42.72,18.4,4.272,1.8399999999999999,1.6280000000000001,0.908,4.272,1.8399999999999999
dag_10_nodes_10_edges_semantics_ER,FGS,0.09,0.01,6.0,1.68,0.91,0.13,0.06,0.08,0.15,0.04,0.05,0.09,0.04,0.06,0.04,0.07,14.84,1.69,36.96,3.82,47.5,4.97,,cpdag,10,10,10,ER,ER,1.484,0.16899999999999998,47.5,4.97,4.75,0.497,3.696,0.382,4.75,0.497
dag_10_nodes_10_edges_semantics_ER,NOTEARS-MLP,0.55,0.32,0.06,0.24,0.0,0.0,0.01,0.02,0.0,0.0,0.06,0.24,0.01,0.02,0.01,0.04,9.94,0.24,39.7,1.22,40.12,0.52,,cpdag,10,10,10,ER,ER,0.994,0.024,40.12,0.52,4.012,0.052000000000000005,3.97,0.122,4.012,0.052000000000000005
dag_10_nodes_10_edges_semantics_ER,Random,0.0,0.0,27.68,10.14,0.85,0.07,0.44,0.27,0.67,0.24,0.13,0.06,0.38,0.23,0.19,0.09,29.32,7.32,23.3,13.32,51.68,15.67,,cpdag,10,10,10,ER,ER,2.932,0.732,51.68,15.67,5.168,1.567,2.33,1.332,5.168,1.567
dag_10_nodes_10_edges_semantics_SF,FGS,0.15,0.02,4.34,1.19,0.87,0.19,0.06,0.09,0.11,0.04,0.12,0.19,0.05,0.09,0.07,0.12,12.34,1.44,15.14,3.75,22.4,3.51,,cpdag,10,10,9,SF,SF,1.3711111111111112,0.16,22.4,3.51,2.488888888888889,0.38999999999999996,1.6822222222222223,0.4166666666666667,2.488888888888889,0.38999999999999996
dag_10_nodes_10_edges_semantics_SF,NOTEARS-MLP,0.92,0.45,0.06,0.24,0.0,0.0,0.01,0.03,0.0,0.0,0.06,0.24,0.01,0.03,0.01,0.05,8.94,0.24,12.94,0.24,13.12,0.48,,cpdag,10,10,9,SF,SF,0.9933333333333333,0.026666666666666665,13.12,0.48,1.4577777777777776,0.05333333333333333,1.4377777777777778,0.026666666666666665,1.4577777777777776,0.05333333333333333
dag_10_nodes_10_edges_semantics_SF,Random,0.0,0.0,27.68,10.14,0.84,0.07,0.49,0.26,0.65,0.24,0.11,0.07,0.33,0.19,0.16,0.09,28.94,8.59,12.04,8.78,36.06,19.67,,cpdag,10,10,9,SF,SF,3.2155555555555555,0.9544444444444444,36.06,19.67,4.006666666666667,2.1855555555555557,1.3377777777777777,0.9755555555555555,4.006666666666667,2.1855555555555557
dag_10_nodes_10_edges_semantics_random,FGS,0.09,0.01,6.68,1.63,0.93,0.09,0.05,0.06,0.18,0.04,0.05,0.08,0.03,0.05,0.04,0.06,15.42,1.55,37.98,6.88,47.22,8.34,,cpdag,10,10,10,random,LT,1.542,0.155,47.22,8.34,4.7219999999999995,0.834,3.7979999999999996,0.688,4.7219999999999995,0.834
dag_10_nodes_10_edges_semantics_random,NOTEARS-MLP,0.27,0.1,0.0,0.0,0.0,0.0,0.0,0.0,0.0,0.0,0.0,0.0,0.0,0.0,0.0,0.0,10.0,0.0,37.0,0.0,37.0,0.0,,cpdag,10,10,10,random,LT,1.0,0.0,37.0,0.0,3.7,0.0,3.7,0.0,3.7,0.0
dag_10_nodes_10_edges_semantics_random,Random,0.0,0.0,27.68,10.14,0.86,0.06,0.43,0.27,0.67,0.23,0.12,0.06,0.34,0.19,0.17,0.08,30.18,7.58,29.7,13.41,63.74,12.47,,cpdag,10,10,10,random,LT,3.018,0.758,63.74,12.47,6.3740000000000006,1.247,2.9699999999999998,1.341,6.3740000000000006,1.247
dag_10_nodes_15_edges_degrees_ER,FGS,0.09,0.01,9.7,1.69,0.81,0.11,0.13,0.08,0.26,0.05,0.16,0.09,0.11,0.07,0.13,0.08,21.26,1.65,49.0,5.13,59.26,8.28,,cpdag,10,15,15,ER,ER,1.4173333333333333,0.11,59.26,8.28,3.9506666666666663,0.5519999999999999,3.2666666666666666,0.34199999999999997,3.9506666666666663,0.5519999999999999
dag_10_nodes_15_edges_degrees_ER,NOTEARS-MLP,0.3,0.1,0.02,0.14,0.0,0.0,0.0,0.01,0.0,0.0,0.0,0.0,0.0,0.0,0.0,0.0,15.0,0.0,55.98,0.14,56.02,0.14,,cpdag,10,15,15,ER,ER,1.0,0.0,56.02,0.14,3.734666666666667,0.009333333333333334,3.7319999999999998,0.009333333333333334,3.734666666666667,0.009333333333333334
dag_10_nodes_15_edges_degrees_ER,Random,0.0,0.0,27.68,10.14,0.77,0.06,0.45,0.24,0.7,0.23,0.16,0.06,0.31,0.15,0.21,0.08,30.7,6.05,37.28,15.82,66.68,9.65,,cpdag,10,15,15,ER,ER,2.0466666666666664,0.4033333333333333,66.68,9.65,4.445333333333334,0.6433333333333333,2.4853333333333336,1.0546666666666666,4.445333333333334,0.6433333333333333
dag_10_nodes_15_edges_degrees_SF,FGS,0.17,0.03,7.9,1.75,0.57,0.11,0.2,0.05,0.16,0.06,0.17,0.08,0.08,0.04,0.11,0.06,20.6,1.92,33.4,5.35,47.62,8.11,,cpdag,10,15,17,SF,SF,1.211764705882353,0.11294117647058823,47.62,8.11,2.801176470588235,0.47705882352941176,1.964705882352941,0.31470588235294117,2.801176470588235,0.47705882352941176
dag_10_nodes_15_edges_degrees_SF,NOTEARS-MLP,0.69,0.3,0.0,0.0,0.0,0.0,0.0,0.0,0.0,0.0,0.0,0.0,0.0,0.0,0.0,0.0,17.0,0.0,33.0,0.0,33.0,0.0,,cpdag,10,15,17,SF,SF,1.0,0.0,33.0,0.0,1.9411764705882353,0.0,1.9411764705882353,0.0,1.9411764705882353,0.0
dag_10_nodes_15_edges_degrees_SF,Random,0.0,0.0,27.68,10.14,0.75,0.09,0.43,0.25,0.73,0.25,0.17,0.07,0.29,0.17,0.21,0.1,31.64,5.89,31.36,13.04,63.84,13.54,,cpdag,10,15,17,SF,SF,1.8611764705882354,0.3464705882352941,63.84,13.54,3.755294117647059,0.796470588235294,1.8447058823529412,0.7670588235294117,3.755294117647059,0.796470588235294
dag_10_nodes_15_edges_degrees_random,FGS,0.17,0.02,11.14,1.88,0.72,0.09,0.21,0.07,0.27,0.06,0.24,0.09,0.17,0.06,0.2,0.07,20.38,1.65,48.42,8.54,61.96,7.75,,cpdag,10,15,15,random,LT,1.3586666666666667,0.11,61.96,7.75,4.1306666666666665,0.5166666666666667,3.228,0.5693333333333332,4.1306666666666665,0.5166666666666667
dag_10_nodes_15_edges_degrees_random,NOTEARS-MLP,0.64,0.25,0.0,0.0,0.0,0.0,0.0,0.0,0.0,0.0,0.0,0.0,0.0,0.0,0.0,0.0,15.0,0.0,53.0,0.0,53.0,0.0,,cpdag,10,15,15,random,LT,1.0,0.0,53.0,0.0,3.533333333333333,0.0,3.533333333333333,0.0,3.533333333333333,0.0
dag_10_nodes_15_edges_degrees_random,Random,0.0,0.0,27.68,10.14,0.77,0.06,0.44,0.23,0.7,0.24,0.16,0.07,0.28,0.14,0.2,0.08,31.16,6.97,35.74,15.65,68.8,11.3,,cpdag,10,15,15,random,LT,2.0773333333333333,0.4646666666666667,68.8,11.3,4.586666666666667,0.7533333333333334,2.3826666666666667,1.0433333333333334,4.586666666666667,0.7533333333333334
dag_10_nodes_15_edges_none_ER,FGS,0.16,0.03,8.84,2.11,0.65,0.14,0.2,0.08,0.19,0.07,0.21,0.09,0.12,0.05,0.15,0.06,19.22,1.78,48.44,7.51,68.76,8.14,,cpdag,10,15,15,ER,ER,1.2813333333333332,0.11866666666666667,68.76,8.14,4.5840000000000005,0.5426666666666667,3.2293333333333334,0.5006666666666667,4.5840000000000005,0.5426666666666667
dag_10_nodes_15_edges_none_ER,NOTEARS-MLP,0.97,0.42,0.02,0.14,0.0,0.0,0.0,0.01,0.0,0.0,0.0,0.0,0.0,0.0,0.0,0.0,14.98,0.14,48.9,0.71,49.06,0.42,,cpdag,10,15,15,ER,ER,0.9986666666666667,0.009333333333333334,49.06,0.42,3.2706666666666666,0.028,3.26,0.04733333333333333,3.2706666666666666,0.028
dag_10_nodes_15_edges_none_ER,Random,0.0,0.0,27.68,10.14,0.77,0.09,0.44,0.25,0.7,0.25,0.15,0.07,0.28,0.16,0.19,0.09,30.48,6.62,34.38,16.79,63.22,11.16,,cpdag,10,15,15,ER,ER,2.032,0.44133333333333336,63.22,11.16,4.214666666666667,0.744,2.2920000000000003,1.1193333333333333,4.214666666666667,0.744
dag_10_nodes_15_edges_none_SF,FGS,0.17,0.02,8.48,2.03,0.72,0.12,0.13,0.06,0.22,0.07,0.24,0.11,0.12,0.05,0.15,0.07,21.22,2.13,39.34,6.35,50.48,8.54,,cpdag,10,15,17,SF,SF,1.2482352941176469,0.1252941176470588,50.48,8.54,2.969411764705882,0.5023529411764706,2.314117647058824,0.3735294117647059,2.969411764705882,0.5023529411764706
dag_10_nodes_15_edges_none_SF,NOTEARS-MLP,0.72,0.25,0.0,0.0,0.0,0.0,0.0,0.0,0.0,0.0,0.0,0.0,0.0,0.0,0.0,0.0,17.0,0.0,39.0,0.0,39.0,0.0,,cpdag,10,15,17,SF,SF,1.0,0.0,39.0,0.0,2.2941176470588234,0.0,2.2941176470588234,0.0,2.2941176470588234,0.0
dag_10_nodes_15_edges_none_SF,Random,0.0,0.0,27.68,10.14,0.74,0.08,0.44,0.23,0.72,0.25,0.2,0.08,0.34,0.19,0.25,0.1,31.04,6.16,34.04,14.3,67.32,12.32,,cpdag,10,15,17,SF,SF,1.8258823529411765,0.3623529411764706,67.32,12.32,3.9599999999999995,0.7247058823529412,2.0023529411764707,0.8411764705882353,3.9599999999999995,0.7247058823529412
dag_10_nodes_15_edges_none_random,FGS,0.17,0.03,8.6,2.05,0.75,0.16,0.14,0.09,0.22,0.07,0.18,0.13,0.11,0.09,0.13,0.1,19.94,1.71,31.72,6.53,45.64,6.98,,cpdag,10,15,15,random,LT,1.3293333333333335,0.114,45.64,6.98,3.042666666666667,0.4653333333333334,2.1146666666666665,0.43533333333333335,3.042666666666667,0.4653333333333334
dag_10_nodes_15_edges_none_random,NOTEARS-MLP,0.68,0.25,0.0,0.0,0.0,0.0,0.0,0.0,0.0,0.0,0.0,0.0,0.0,0.0,0.0,0.0,15.0,0.0,34.0,0.0,34.0,0.0,,cpdag,10,15,15,random,LT,1.0,0.0,34.0,0.0,2.2666666666666666,0.0,2.2666666666666666,0.0,2.2666666666666666,0.0
dag_10_nodes_15_edges_none_random,Random,0.0,0.0,27.68,10.14,0.77,0.08,0.43,0.26,0.71,0.24,0.15,0.06,0.29,0.15,0.19,0.07,31.12,6.58,30.82,13.99,60.8,12.66,,cpdag,10,15,15,random,LT,2.074666666666667,0.43866666666666665,60.8,12.66,4.053333333333333,0.844,2.054666666666667,0.9326666666666666,4.053333333333333,0.844
dag_10_nodes_15_edges_semantics_ER,FGS,0.17,0.04,7.74,1.83,0.8,0.1,0.11,0.07,0.2,0.05,0.14,0.11,0.08,0.07,0.1,0.08,19.16,1.56,43.1,6.23,56.82,9.45,,cpdag,10,15,15,ER,ER,1.2773333333333334,0.10400000000000001,56.82,9.45,3.788,0.63,2.8733333333333335,0.4153333333333334,3.788,0.63
dag_10_nodes_15_edges_semantics_ER,NOTEARS-MLP,0.91,0.36,0.04,0.2,0.0,0.0,0.0,0.01,0.0,0.0,0.04,0.2,0.0,0.01,0.0,0.02,14.96,0.2,42.76,1.19,43.2,0.99,,cpdag,10,15,15,ER,ER,0.9973333333333334,0.013333333333333334,43.2,0.99,2.8800000000000003,0.066,2.8506666666666667,0.07933333333333333,2.8800000000000003,0.066
dag_10_nodes_15_edges_semantics_ER,Random,0.0,0.0,27.68,10.14,0.76,0.1,0.45,0.25,0.7,0.26,0.15,0.1,0.26,0.16,0.18,0.11,30.2,7.16,34.24,14.24,63.38,12.72,,cpdag,10,15,15,ER,ER,2.013333333333333,0.47733333333333333,63.38,12.72,4.225333333333333,0.8480000000000001,2.2826666666666666,0.9493333333333334,4.225333333333333,0.8480000000000001
dag_10_nodes_15_edges_semantics_SF,FGS,0.17,0.03,11.32,2.01,0.78,0.1,0.15,0.07,0.31,0.07,0.15,0.08,0.1,0.05,0.12,0.06,23.42,2.12,44.86,7.46,61.68,9.21,,cpdag,10,15,17,SF,SF,1.3776470588235294,0.12470588235294118,61.68,9.21,3.6282352941176472,0.541764705882353,2.6388235294117646,0.4388235294117647,3.6282352941176472,0.541764705882353
dag_10_nodes_15_edges_semantics_SF,NOTEARS-MLP,0.73,0.35,0.02,0.14,0.0,0.0,0.0,0.01,0.0,0.0,0.0,0.0,0.0,0.0,0.0,0.0,16.98,0.14,39.96,0.28,40.06,0.42,,cpdag,10,15,17,SF,SF,0.9988235294117648,0.00823529411764706,40.06,0.42,2.356470588235294,0.024705882352941175,2.3505882352941176,0.01647058823529412,2.356470588235294,0.024705882352941175
dag_10_nodes_15_edges_semantics_SF,Random,0.0,0.0,27.68,10.14,0.73,0.08,0.45,0.23,0.72,0.25,0.19,0.07,0.31,0.13,0.23,0.08,31.24,6.29,36.92,13.43,65.8,12.03,,cpdag,10,15,17,SF,SF,1.8376470588235294,0.37,65.8,12.03,3.8705882352941177,0.7076470588235294,2.171764705882353,0.79,3.8705882352941177,0.7076470588235294
dag_10_nodes_15_edges_semantics_random,FGS,0.18,0.04,10.06,2.04,0.7,0.13,0.2,0.1,0.23,0.05,0.2,0.11,0.13,0.08,0.16,0.09,19.24,1.74,40.1,6.42,50.32,7.31,,cpdag,10,15,15,random,LT,1.2826666666666666,0.116,50.32,7.31,3.3546666666666667,0.4873333333333333,2.6733333333333333,0.428,3.3546666666666667,0.4873333333333333
dag_10_nodes_15_edges_semantics_random,NOTEARS-MLP,0.84,0.33,0.02,0.14,0.0,0.0,0.0,0.01,0.0,0.0,0.02,0.14,0.0,0.01,0.0,0.02,14.98,0.14,40.94,0.42,41.12,0.85,,cpdag,10,15,15,random,LT,0.9986666666666667,0.009333333333333334,41.12,0.85,2.741333333333333,0.056666666666666664,2.7293333333333334,0.028,2.741333333333333,0.056666666666666664
dag_10_nodes_15_edges_semantics_random,Random,0.0,0.0,27.68,10.14,0.78,0.07,0.43,0.24,0.71,0.24,0.14,0.07,0.25,0.15,0.17,0.09,30.74,6.21,35.22,14.37,67.76,11.84,,cpdag,10,15,15,random,LT,2.0493333333333332,0.414,67.76,11.84,4.517333333333334,0.7893333333333333,2.348,0.958,4.517333333333334,0.7893333333333333
dag_15_nodes_15_edges_degrees_ER,FGS,0.18,0.03,8.72,1.8,0.86,0.12,0.09,0.07,0.1,0.02,0.08,0.08,0.05,0.05,0.06,0.06,21.22,1.9,37.74,5.31,45.76,4.31,,cpdag,15,15,15,ER,ER,1.4146666666666665,0.12666666666666665,45.76,4.31,3.0506666666666664,0.28733333333333333,2.516,0.354,3.0506666666666664,0.28733333333333333
dag_15_nodes_15_edges_degrees_ER,NOTEARS-MLP,1.6,0.71,0.1,0.3,0.0,0.0,0.01,0.02,0.0,0.0,0.04,0.2,0.0,0.01,0.0,0.02,14.92,0.27,42.54,1.51,43.3,1.15,,cpdag,15,15,15,ER,ER,0.9946666666666667,0.018000000000000002,43.3,1.15,2.8866666666666663,0.07666666666666666,2.836,0.10066666666666667,2.8866666666666663,0.07666666666666666
dag_15_nodes_15_edges_degrees_ER,Random,0.0,0.0,55.1,22.8,0.9,0.04,0.4,0.26,0.65,0.26,0.07,0.03,0.28,0.18,0.11,0.06,58.3,17.5,29.22,13.72,53.44,18.59,,cpdag,15,15,15,ER,ER,3.8866666666666663,1.1666666666666667,53.44,18.59,3.5626666666666664,1.2393333333333334,1.948,0.9146666666666667,3.5626666666666664,1.2393333333333334
dag_15_nodes_15_edges_degrees_SF,FGS,0.18,0.03,7.58,1.51,0.89,0.1,0.06,0.05,0.07,0.02,0.05,0.07,0.03,0.04,0.04,0.05,20.4,1.56,30.62,4.52,39.94,7.11,,cpdag,15,15,14,SF,SF,1.457142857142857,0.11142857142857143,39.94,7.11,2.8528571428571428,0.5078571428571429,2.1871428571428573,0.32285714285714284,2.8528571428571428,0.5078571428571429
dag_15_nodes_15_edges_degrees_SF,NOTEARS-MLP,1.84,0.76,0.06,0.24,0.0,0.0,0.0,0.02,0.0,0.0,0.02,0.14,0.0,0.01,0.0,0.02,13.94,0.24,31.9,0.42,32.2,0.81,,cpdag,15,15,14,SF,SF,0.9957142857142857,0.017142857142857144,32.2,0.81,2.3000000000000003,0.057857142857142864,2.2785714285714285,0.03,2.3000000000000003,0.057857142857142864
dag_15_nodes_15_edges_degrees_SF,Random,0.0,0.0,62.82,25.82,0.91,0.04,0.39,0.25,0.63,0.25,0.07,0.03,0.31,0.19,0.11,0.05,65.44,21.63,35.3,14.16,72.82,36.94,,cpdag,15,15,14,SF,SF,4.674285714285714,1.545,72.82,36.94,5.201428571428571,2.6385714285714283,2.5214285714285714,1.0114285714285713,5.201428571428571,2.6385714285714283
dag_15_nodes_15_edges_degrees_random,FGS,0.19,0.04,9.48,1.72,0.78,0.1,0.13,0.06,0.08,0.02,0.17,0.07,0.11,0.04,0.13,0.05,21.5,2.19,30.94,4.05,42.22,6.36,,cpdag,15,15,15,random,LT,1.4333333333333333,0.146,42.22,6.36,2.8146666666666667,0.42400000000000004,2.062666666666667,0.26999999999999996,2.8146666666666667,0.42400000000000004
dag_15_nodes_15_edges_degrees_random,NOTEARS-MLP,1.63,0.82,0.1,0.42,0.02,0.14,0.0,0.02,0.0,0.0,0.01,0.07,0.0,0.01,0.0,0.02,14.98,0.43,32.92,0.44,33.18,0.94,,cpdag,15,15,15,random,LT,0.9986666666666667,0.028666666666666667,33.18,0.94,2.212,0.06266666666666666,2.194666666666667,0.029333333333333333,2.212,0.06266666666666666
dag_15_nodes_15_edges_degrees_random,Random,0.0,0.0,62.82,25.82,0.91,0.03,0.41,0.23,0.63,0.26,0.07,0.03,0.3,0.17,0.11,0.05,65.78,21.12,34.4,15.56,69.78,34.69,,cpdag,15,15,15,random,LT,4.3853333333333335,1.4080000000000001,69.78,34.69,4.652,2.3126666666666664,2.2933333333333334,1.0373333333333334,4.652,2.3126666666666664
dag_15_nodes_15_edges_none_ER,FGS,0.19,0.07,10.06,1.71,0.87,0.08,0.09,0.06,0.11,0.02,0.12,0.08,0.09,0.06,0.1,0.06,22.56,1.62,42.92,4.34,52.56,6.98,,cpdag,15,15,15,ER,ER,1.504,0.10800000000000001,52.56,6.98,3.504,0.4653333333333334,2.8613333333333335,0.28933333333333333,3.504,0.4653333333333334
dag_15_nodes_15_edges_none_ER,NOTEARS-MLP,1.96,0.83,0.16,0.47,0.0,0.0,0.01,0.03,0.0,0.0,0.09,0.28,0.01,0.03,0.01,0.05,14.84,0.47,48.4,1.86,49.3,1.15,,cpdag,15,15,15,ER,ER,0.9893333333333333,0.03133333333333333,49.3,1.15,3.2866666666666666,0.07666666666666666,3.2266666666666666,0.12400000000000001,3.2866666666666666,0.07666666666666666
dag_15_nodes_15_edges_none_ER,Random,0.0,0.0,55.1,22.8,0.89,0.05,0.4,0.25,0.65,0.26,0.09,0.05,0.33,0.19,0.14,0.06,58.04,17.91,38.7,18.19,75.68,33.33,,cpdag,15,15,15,ER,ER,3.869333333333333,1.194,75.68,33.33,5.045333333333334,2.222,2.58,1.2126666666666668,5.045333333333334,2.222
dag_15_nodes_15_edges_none_SF,FGS,0.1,0.02,5.48,1.63,0.91,0.13,0.04,0.05,0.05,0.02,0.08,0.13,0.03,0.05,0.05,0.07,18.28,1.93,25.34,8.07,31.06,11.56,,cpdag,15,15,14,SF,SF,1.3057142857142858,0.13785714285714284,31.06,11.56,2.2185714285714284,0.8257142857142857,1.81,0.5764285714285714,2.2185714285714284,0.8257142857142857
dag_15_nodes_15_edges_none_SF,NOTEARS-MLP,0.49,0.15,0.06,0.31,0.02,0.14,0.0,0.01,0.0,0.0,0.0,0.0,0.0,0.0,0.0,0.0,14.02,0.32,26.24,1.85,26.62,3.97,,cpdag,15,15,14,SF,SF,1.0014285714285713,0.022857142857142857,26.62,3.97,1.9014285714285715,0.2835714285714286,1.874285714285714,0.13214285714285715,1.9014285714285715,0.2835714285714286
dag_15_nodes_15_edges_none_SF,Random,0.0,0.0,62.82,25.82,0.92,0.04,0.38,0.24,0.63,0.26,0.06,0.04,0.25,0.15,0.09,0.05,66.34,21.35,35.08,17.85,76.46,37.45,,cpdag,15,15,14,SF,SF,4.738571428571428,1.5250000000000001,76.46,37.45,5.461428571428571,2.6750000000000003,2.505714285714286,1.2750000000000001,5.461428571428571,2.6750000000000003
dag_15_nodes_15_edges_none_random,FGS,0.11,0.03,10.08,2.15,0.84,0.07,0.1,0.05,0.09,0.02,0.15,0.07,0.1,0.05,0.11,0.05,22.02,2.1,47.62,7.08,77.86,9.17,,cpdag,15,15,15,random,LT,1.468,0.14,77.86,9.17,5.190666666666667,0.6113333333333333,3.1746666666666665,0.47200000000000003,5.190666666666667,0.6113333333333333
dag_15_nodes_15_edges_none_random,NOTEARS-MLP,0.4,0.14,0.04,0.2,0.0,0.0,0.0,0.01,0.0,0.0,0.04,0.2,0.0,0.01,0.0,0.02,14.96,0.2,59.74,1.29,60.1,0.51,,cpdag,15,15,15,random,LT,0.9973333333333334,0.013333333333333334,60.1,0.51,4.006666666666667,0.034,3.982666666666667,0.08600000000000001,4.006666666666667,0.034
dag_15_nodes_15_edges_none_random,Random,0.0,0.0,62.82,25.82,0.91,0.03,0.39,0.22,0.63,0.26,0.08,0.03,0.31,0.17,0.12,0.05,65.66,21.31,45.28,18.36,86.56,32.12,,cpdag,15,15,15,random,LT,4.3773333333333335,1.4206666666666665,86.56,32.12,5.770666666666667,2.1413333333333333,3.018666666666667,1.224,5.770666666666667,2.1413333333333333
dag_15_nodes_15_edges_semantics_ER,FGS,0.11,0.04,8.74,2.08,0.8,0.13,0.11,0.07,0.08,0.02,0.13,0.09,0.08,0.06,0.1,0.07,21.3,2.1,30.32,5.01,39.8,3.6,,cpdag,15,15,15,ER,ER,1.4200000000000002,0.14,39.8,3.6,2.6533333333333333,0.24000000000000002,2.021333333333333,0.33399999999999996,2.6533333333333333,0.24000000000000002
dag_15_nodes_15_edges_semantics_ER,NOTEARS-MLP,0.49,0.18,0.02,0.14,0.0,0.0,0.0,0.01,0.0,0.0,0.02,0.14,0.0,0.01,0.0,0.02,14.98,0.14,34.92,0.57,35.02,0.14,,cpdag,15,15,15,ER,ER,0.9986666666666667,0.009333333333333334,35.02,0.14,2.3346666666666667,0.009333333333333334,2.3280000000000003,0.038,2.3346666666666667,0.009333333333333334
dag_15_nodes_15_edges_semantics_ER,Random,0.0,0.0,62.82,25.82,0.91,0.03,0.4,0.25,0.63,0.25,0.07,0.03,0.32,0.19,0.12,0.05,65.24,20.91,27.64,12.27,52.64,23.54,,cpdag,15,15,15,ER,ER,4.349333333333333,1.394,52.64,23.54,3.509333333333333,1.5693333333333332,1.8426666666666667,0.818,3.509333333333333,1.5693333333333332
dag_15_nodes_15_edges_semantics_SF,FGS,0.11,0.04,7.04,2.06,0.84,0.11,0.08,0.06,0.07,0.02,0.07,0.1,0.04,0.06,0.05,0.07,19.06,1.65,35.56,8.88,48.34,9.28,,cpdag,15,15,14,SF,SF,1.3614285714285714,0.11785714285714285,48.34,9.28,3.4528571428571433,0.6628571428571428,2.54,0.6342857142857143,3.4528571428571433,0.6628571428571428
dag_15_nodes_15_edges_semantics_SF,NOTEARS-MLP,0.39,0.18,0.02,0.14,0.0,0.0,0.0,0.01,0.0,0.0,0.02,0.14,0.0,0.01,0.0,0.02,13.98,0.14,31.9,0.71,32.04,0.28,,cpdag,15,15,14,SF,SF,0.9985714285714286,0.01,32.04,0.28,2.2885714285714287,0.02,2.2785714285714285,0.05071428571428571,2.2885714285714287,0.02
dag_15_nodes_15_edges_semantics_SF,Random,0.0,0.0,62.82,25.82,0.92,0.04,0.38,0.25,0.63,0.25,0.06,0.03,0.27,0.17,0.09,0.05,66.04,21.32,35.44,15.32,75.02,35.26,,cpdag,15,15,14,SF,SF,4.717142857142858,1.522857142857143,75.02,35.26,5.3585714285714285,2.5185714285714282,2.531428571428571,1.0942857142857143,5.3585714285714285,2.5185714285714282
dag_15_nodes_15_edges_semantics_random,FGS,0.13,0.07,9.96,1.99,0.88,0.09,0.08,0.06,0.1,0.02,0.1,0.08,0.07,0.05,0.08,0.06,23.08,2.17,65.46,10.6,89.44,14.75,,cpdag,15,15,15,random,LT,1.5386666666666666,0.14466666666666667,89.44,14.75,5.962666666666666,0.9833333333333333,4.364,0.7066666666666667,5.962666666666666,0.9833333333333333
dag_15_nodes_15_edges_semantics_random,NOTEARS-MLP,1.86,0.75,0.08,0.34,0.0,0.0,0.01,0.02,0.0,0.0,0.06,0.24,0.01,0.02,0.01,0.04,14.96,0.2,68.28,3.09,69.26,1.16,,cpdag,15,15,15,random,LT,0.9973333333333334,0.013333333333333334,69.26,1.16,4.617333333333334,0.07733333333333332,4.5520000000000005,0.206,4.617333333333334,0.07733333333333332
dag_15_nodes_15_edges_semantics_random,Random,0.0,0.0,62.82,25.82,0.9,0.03,0.41,0.21,0.63,0.26,0.09,0.03,0.36,0.18,0.14,0.04,65.16,21.52,65.6,23.92,113.44,27.33,,cpdag,15,15,15,random,LT,4.343999999999999,1.4346666666666665,113.44,27.33,7.562666666666667,1.8219999999999998,4.373333333333333,1.5946666666666667,7.562666666666667,1.8219999999999998
dag_15_nodes_22_edges_degrees_ER,FGS,0.21,0.06,13.72,2.56,0.84,0.08,0.1,0.05,0.14,0.03,0.08,0.07,0.05,0.04,0.06,0.05,31.88,2.71,102.14,12.26,120.42,13.69,,cpdag,15,22,22,ER,ER,1.449090909090909,0.12318181818181818,120.42,13.69,5.473636363636364,0.6222727272727272,4.642727272727273,0.5572727272727273,5.473636363636364,0.6222727272727272
dag_15_nodes_22_edges_degrees_ER,NOTEARS-MLP,2.31,0.79,0.12,0.33,0.0,0.0,0.01,0.01,0.0,0.0,0.1,0.3,0.0,0.01,0.01,0.03,21.9,0.3,98.3,1.92,99.32,1.22,,cpdag,15,22,22,ER,ER,0.9954545454545454,0.013636363636363636,99.32,1.22,4.514545454545455,0.05545454545454545,4.468181818181818,0.08727272727272727,4.514545454545455,0.05545454545454545
dag_15_nodes_22_edges_degrees_ER,Random,0.0,0.0,62.82,25.82,0.87,0.05,0.38,0.24,0.66,0.26,0.09,0.05,0.27,0.17,0.14,0.07,66.96,18.67,77.22,28.88,118.54,24.55,,cpdag,15,22,22,ER,ER,3.0436363636363635,0.8486363636363637,118.54,24.55,5.388181818181819,1.115909090909091,3.51,1.3127272727272727,5.388181818181819,1.115909090909091
dag_15_nodes_22_edges_degrees_SF,FGS,0.11,0.03,9.28,1.65,0.88,0.08,0.08,0.05,0.09,0.02,0.04,0.06,0.02,0.04,0.03,0.04,21.24,1.66,34.92,8.61,48.82,8.3,,cpdag,15,22,14,SF,SF,1.5171428571428571,0.11857142857142856,48.82,8.3,3.487142857142857,0.5928571428571429,2.494285714285714,0.615,3.487142857142857,0.5928571428571429
dag_15_nodes_22_edges_degrees_SF,NOTEARS-MLP,0.65,0.53,0.1,0.58,0.02,0.14,0.0,0.01,0.0,0.01,0.0,0.0,0.0,0.0,0.0,0.0,14.06,0.42,31.48,3.69,31.78,4.08,,cpdag,15,22,14,SF,SF,1.0042857142857142,0.03,31.78,4.08,2.27,0.2914285714285714,2.2485714285714287,0.26357142857142857,2.27,0.2914285714285714
dag_15_nodes_22_edges_degrees_SF,Random,0.0,0.0,62.82,25.82,0.92,0.04,0.38,0.22,0.63,0.26,0.06,0.04,0.25,0.15,0.09,0.05,65.42,22.37,39.94,18.17,81.54,36.19,,cpdag,15,22,14,SF,SF,4.672857142857143,1.5978571428571429,81.54,36.19,5.824285714285715,2.585,2.8528571428571428,1.297857142857143,5.824285714285715,2.585
dag_15_nodes_22_edges_degrees_random,FGS,0.11,0.03,15.54,2.22,0.87,0.08,0.09,0.05,0.16,0.03,0.09,0.06,0.06,0.04,0.07,0.05,32.48,2.21,109.98,9.33,122.76,13.45,,cpdag,15,22,22,random,LT,1.4763636363636363,0.10045454545454545,122.76,13.45,5.58,0.6113636363636363,4.999090909090909,0.4240909090909091,5.58,0.6113636363636363
dag_15_nodes_22_edges_degrees_random,NOTEARS-MLP,0.42,0.22,0.02,0.14,0.0,0.0,0.0,0.01,0.0,0.0,0.0,0.0,0.0,0.0,0.0,0.0,21.98,0.14,108.86,0.99,109.04,0.28,,cpdag,15,22,22,random,LT,0.9990909090909091,0.006363636363636364,109.04,0.28,4.956363636363637,0.012727272727272728,4.948181818181818,0.045,4.956363636363637,0.012727272727272728
dag_15_nodes_22_edges_degrees_random,Random,0.0,0.0,62.82,25.82,0.87,0.05,0.39,0.22,0.65,0.26,0.11,0.05,0.3,0.15,0.15,0.06,66.94,19.14,89.7,30.56,138.94,18.81,,cpdag,15,22,22,random,LT,3.0427272727272725,0.87,138.94,18.81,6.315454545454545,0.855,4.077272727272727,1.389090909090909,6.315454545454545,0.855
dag_15_nodes_22_edges_none_ER,FGS,0.11,0.03,12.0,2.34,0.84,0.09,0.09,0.05,0.12,0.03,0.12,0.07,0.06,0.04,0.08,0.05,30.58,2.54,78.4,8.93,97.08,9.11,,cpdag,15,22,22,ER,ER,1.39,0.11545454545454546,97.08,9.11,4.412727272727273,0.41409090909090907,3.563636363636364,0.4059090909090909,4.412727272727273,0.41409090909090907
dag_15_nodes_22_edges_none_ER,NOTEARS-MLP,0.52,0.15,0.02,0.14,0.0,0.0,0.0,0.01,0.0,0.0,0.0,0.0,0.0,0.0,0.0,0.0,21.98,0.14,74.92,0.57,75.02,0.14,,cpdag,15,22,22,ER,ER,0.9990909090909091,0.006363636363636364,75.02,0.14,3.4099999999999997,0.006363636363636364,3.4054545454545457,0.025909090909090906,3.4099999999999997,0.006363636363636364
dag_15_nodes_22_edges_none_ER,Random,0.0,0.0,62.82,25.82,0.87,0.05,0.38,0.21,0.66,0.27,0.1,0.05,0.27,0.13,0.14,0.06,67.92,19.46,70.52,25.65,114.08,28.9,,cpdag,15,22,22,ER,ER,3.0872727272727274,0.8845454545454546,114.08,28.9,5.1854545454545455,1.3136363636363635,3.205454545454545,1.1659090909090908,5.1854545454545455,1.3136363636363635
dag_15_nodes_22_edges_none_SF,FGS,0.11,0.04,8.92,2.09,0.96,0.07,0.03,0.04,0.09,0.02,0.02,0.05,0.01,0.03,0.01,0.04,22.08,2.28,27.94,4.35,40.22,8.42,,cpdag,15,22,14,SF,SF,1.577142857142857,0.16285714285714284,40.22,8.42,2.8728571428571428,0.6014285714285714,1.9957142857142858,0.31071428571428567,2.8728571428571428,0.6014285714285714
dag_15_nodes_22_edges_none_SF,NOTEARS-MLP,0.43,0.2,0.14,0.35,0.0,0.0,0.01,0.03,0.0,0.0,0.12,0.33,0.01,0.02,0.02,0.04,13.86,0.35,29.8,0.64,30.38,0.99,,cpdag,15,22,14,SF,SF,0.99,0.024999999999999998,30.38,0.99,2.17,0.07071428571428572,2.1285714285714286,0.045714285714285714,2.17,0.07071428571428572
dag_15_nodes_22_edges_none_SF,Random,0.0,0.0,62.82,25.82,0.91,0.04,0.4,0.25,0.63,0.25,0.08,0.03,0.35,0.21,0.12,0.05,65.38,21.29,31.88,15.31,65.14,35.39,,cpdag,15,22,14,SF,SF,4.67,1.5207142857142857,65.14,35.39,4.652857142857143,2.527857142857143,2.277142857142857,1.0935714285714286,4.652857142857143,2.527857142857143
dag_15_nodes_22_edges_none_random,FGS,0.11,0.05,13.32,2.1,0.82,0.08,0.11,0.05,0.13,0.02,0.15,0.08,0.09,0.05,0.11,0.06,30.84,2.53,91.12,11.99,110.46,13.97,,cpdag,15,22,22,random,LT,1.4018181818181819,0.11499999999999999,110.46,13.97,5.0209090909090905,0.635,4.141818181818182,0.545,5.0209090909090905,0.635
dag_15_nodes_22_edges_none_random,NOTEARS-MLP,0.48,0.16,0.04,0.28,0.01,0.07,0.0,0.01,0.0,0.0,0.01,0.07,0.0,0.01,0.0,0.01,22.02,0.14,85.96,0.28,86.18,1.27,,cpdag,15,22,22,random,LT,1.000909090909091,0.006363636363636364,86.18,1.27,3.9172727272727275,0.05772727272727273,3.907272727272727,0.012727272727272728,3.9172727272727275,0.05772727272727273
dag_15_nodes_22_edges_none_random,Random,0.0,0.0,62.82,25.82,0.87,0.06,0.39,0.23,0.65,0.26,0.1,0.04,0.3,0.16,0.15,0.06,67.28,18.7,77.02,29.16,123.72,27.34,,cpdag,15,22,22,random,LT,3.058181818181818,0.85,123.72,27.34,5.623636363636364,1.2427272727272727,3.5009090909090905,1.3254545454545454,5.623636363636364,1.2427272727272727
dag_15_nodes_22_edges_semantics_ER,FGS,0.2,0.05,14.76,2.29,0.87,0.08,0.09,0.06,0.15,0.03,0.11,0.08,0.08,0.06,0.09,0.07,33.12,2.34,125.64,13.28,144.02,12.59,,cpdag,15,22,22,ER,ER,1.5054545454545454,0.10636363636363635,144.02,12.59,6.546363636363637,0.5722727272727273,5.710909090909091,0.6036363636363636,6.546363636363637,0.5722727272727273
dag_15_nodes_22_edges_semantics_ER,NOTEARS-MLP,2.22,0.77,0.0,0.0,0.0,0.0,0.0,0.0,0.0,0.0,0.0,0.0,0.0,0.0,0.0,0.0,22.0,0.0,128.0,0.0,128.0,0.0,,cpdag,15,22,22,ER,ER,1.0,0.0,128.0,0.0,5.818181818181818,0.0,5.818181818181818,0.0,5.818181818181818,0.0
dag_15_nodes_22_edges_semantics_ER,Random,0.0,0.0,62.82,25.82,0.87,0.04,0.37,0.21,0.66,0.27,0.11,0.04,0.32,0.17,0.16,0.06,67.26,19.03,89.0,30.05,134.64,19.84,,cpdag,15,22,22,ER,ER,3.0572727272727276,0.8650000000000001,134.64,19.84,6.119999999999999,0.9018181818181819,4.045454545454546,1.365909090909091,6.119999999999999,0.9018181818181819
dag_15_nodes_22_edges_semantics_SF,FGS,0.19,0.06,8.9,1.98,0.84,0.08,0.1,0.05,0.08,0.02,0.09,0.08,0.06,0.05,0.07,0.06,20.9,1.96,30.4,9.75,49.46,12.34,,cpdag,15,22,14,SF,SF,1.4928571428571427,0.13999999999999999,49.46,12.34,3.532857142857143,0.8814285714285715,2.1714285714285713,0.6964285714285714,3.532857142857143,0.8814285714285715
dag_15_nodes_22_edges_semantics_SF,NOTEARS-MLP,1.7,0.86,0.14,0.5,0.0,0.0,0.01,0.04,0.0,0.0,0.02,0.14,0.0,0.03,0.01,0.05,13.92,0.27,30.34,2.99,30.96,5.12,,cpdag,15,22,14,SF,SF,0.9942857142857143,0.019285714285714288,30.96,5.12,2.2114285714285713,0.3657142857142857,2.1671428571428573,0.21357142857142858,2.2114285714285713,0.3657142857142857
dag_15_nodes_22_edges_semantics_SF,Random,0.0,0.0,62.82,25.82,0.92,0.04,0.37,0.24,0.63,0.25,0.06,0.03,0.26,0.17,0.09,0.04,66.3,21.34,35.2,17.62,67.86,32.31,,cpdag,15,22,14,SF,SF,4.735714285714286,1.5242857142857142,67.86,32.31,4.847142857142857,2.307857142857143,2.5142857142857147,1.2585714285714287,4.847142857142857,2.307857142857143
dag_15_nodes_22_edges_semantics_random,FGS,0.2,0.07,12.76,2.32,0.87,0.08,0.07,0.05,0.13,0.03,0.09,0.08,0.05,0.05,0.07,0.06,31.88,2.18,91.14,13.07,120.08,17.17,,cpdag,15,22,22,random,LT,1.449090909090909,0.0990909090909091,120.08,17.17,5.458181818181818,0.7804545454545455,4.142727272727273,0.5940909090909091,5.458181818181818,0.7804545454545455
dag_15_nodes_22_edges_semantics_random,NOTEARS-MLP,2.23,0.76,0.02,0.14,0.0,0.0,0.0,0.01,0.0,0.0,0.02,0.14,0.0,0.01,0.0,0.01,21.98,0.14,84.88,0.85,85.02,0.14,,cpdag,15,22,22,random,LT,0.9990909090909091,0.006363636363636364,85.02,0.14,3.8645454545454543,0.006363636363636364,3.858181818181818,0.038636363636363635,3.8645454545454543,0.006363636363636364
dag_15_nodes_22_edges_semantics_random,Random,0.0,0.0,62.82,25.82,0.87,0.05,0.38,0.23,0.66,0.26,0.1,0.05,0.28,0.15,0.14,0.06,67.04,18.51,83.84,28.95,131.22,28.06,,cpdag,15,22,22,random,LT,3.0472727272727274,0.8413636363636364,131.22,28.06,5.964545454545455,1.2754545454545454,3.810909090909091,1.315909090909091,5.964545454545455,1.2754545454545454
dag_5_nodes_5_edges_degrees_ER,FGS,0.14,0.05,3.28,1.11,0.86,0.21,0.11,0.17,0.54,0.2,0.12,0.18,0.09,0.14,0.1,0.15,6.86,1.09,11.44,3.57,16.94,1.43,,cpdag,5,5,5,ER,ER,1.372,0.21800000000000003,16.94,1.43,3.3880000000000003,0.286,2.288,0.714,3.3880000000000003,0.286
dag_5_nodes_5_edges_degrees_ER,NOTEARS-MLP,0.28,0.11,0.04,0.2,0.0,0.0,0.01,0.04,0.0,0.0,0.04,0.2,0.01,0.04,0.01,0.07,4.98,0.14,14.92,0.44,15.06,0.42,,cpdag,5,5,5,ER,ER,0.9960000000000001,0.028000000000000004,15.06,0.42,3.012,0.08399999999999999,2.984,0.088,3.012,0.08399999999999999
dag_5_nodes_5_edges_degrees_ER,Random,0.0,0.0,7.72,1.8,0.55,0.11,0.7,0.23,0.84,0.24,0.37,0.1,0.58,0.2,0.45,0.12,6.78,1.36,4.2,3.51,15.86,2.71,,cpdag,5,5,5,ER,ER,1.356,0.272,15.86,2.71,3.1719999999999997,0.542,0.8400000000000001,0.702,3.1719999999999997,0.542
dag_5_nodes_5_edges_degrees_SF,FGS,0.14,0.07,2.28,0.98,0.31,0.29,0.35,0.17,0.14,0.15,0.64,0.33,0.35,0.17,0.41,0.21,3.26,1.14,5.37,2.27,12.76,3.23,,cpdag,5,5,4,SF,SF,0.815,0.285,12.76,3.23,3.19,0.8075,1.3425,0.5675,3.19,0.8075
dag_5_nodes_5_edges_degrees_SF,NOTEARS-MLP,0.26,0.1,0.0,0.0,0.0,0.0,0.0,0.0,0.0,0.0,0.0,0.0,0.0,0.0,0.0,0.0,4.0,0.0,10.0,0.0,10.0,0.0,,cpdag,5,5,4,SF,SF,1.0,0.0,10.0,0.0,2.5,0.0,2.5,0.0,2.5,0.0
dag_5_nodes_5_edges_degrees_SF,Random,0.0,0.0,7.72,1.8,0.63,0.1,0.7,0.23,0.82,0.22,0.29,0.08,0.56,0.17,0.38,0.1,5.94,1.27,4.48,3.97,17.62,2.51,,cpdag,5,5,4,SF,SF,1.485,0.3175,17.62,2.51,4.405,0.6275,1.12,0.9925,4.405,0.6275
dag_5_nodes_5_edges_degrees_random,FGS,0.14,0.04,3.24,1.32,0.81,0.19,0.14,0.17,0.5,0.21,0.02,0.07,0.02,0.05,0.02,0.06,6.76,1.12,6.78,1.88,14.66,3.86,,cpdag,5,5,5,random,LT,1.3519999999999999,0.22400000000000003,14.66,3.86,2.932,0.772,1.356,0.376,2.932,0.772
dag_5_nodes_5_edges_degrees_random,NOTEARS-MLP,0.31,0.12,0.0,0.0,0.0,0.0,0.0,0.0,0.0,0.0,0.0,0.0,0.0,0.0,0.0,0.0,5.0,0.0,9.0,0.0,9.0,0.0,,cpdag,5,5,5,random,LT,1.0,0.0,9.0,0.0,1.8,0.0,1.8,0.0,1.8,0.0
dag_5_nodes_5_edges_degrees_random,Random,0.0,0.0,7.72,1.8,0.58,0.14,0.66,0.27,0.88,0.24,0.13,0.09,0.2,0.12,0.16,0.1,7.2,1.18,4.44,3.58,16.22,2.52,,cpdag,5,5,5,random,LT,1.44,0.236,16.22,2.52,3.2439999999999998,0.504,0.8880000000000001,0.716,3.2439999999999998,0.504
dag_5_nodes_5_edges_none_ER,FGS,0.14,0.05,3.5,1.04,0.77,0.22,0.16,0.17,0.54,0.2,0.14,0.16,0.1,0.12,0.12,0.13,6.72,0.93,8.82,2.71,14.16,2.57,,cpdag,5,5,5,ER,ER,1.3439999999999999,0.186,14.16,2.57,2.832,0.514,1.764,0.542,2.832,0.514
dag_5_nodes_5_edges_none_ER,NOTEARS-MLP,0.25,0.1,0.02,0.14,0.0,0.0,0.0,0.03,0.0,0.0,0.0,0.0,0.0,0.0,0.0,0.0,4.98,0.14,10.94,0.42,11.04,0.28,,cpdag,5,5,5,ER,ER,0.9960000000000001,0.028000000000000004,11.04,0.28,2.2079999999999997,0.05600000000000001,2.1879999999999997,0.08399999999999999,2.2079999999999997,0.05600000000000001
dag_5_nodes_5_edges_none_ER,Random,0.0,0.0,7.72,1.8,0.55,0.15,0.7,0.28,0.84,0.28,0.13,0.1,0.2,0.14,0.15,0.11,7.66,1.38,4.5,4.05,16.3,1.87,,cpdag,5,5,5,ER,ER,1.532,0.27599999999999997,16.3,1.87,3.2600000000000002,0.374,0.9,0.8099999999999999,3.2600000000000002,0.374
dag_5_nodes_5_edges_none_SF,FGS,0.14,0.08,2.39,0.86,0.32,0.29,0.37,0.14,0.15,0.15,0.56,0.3,0.3,0.1,0.37,0.15,4.33,1.21,5.65,2.55,9.9,3.86,,cpdag,5,5,4,SF,SF,1.0825,0.3025,9.9,3.86,2.475,0.965,1.4125,0.6375,2.475,0.965
dag_5_nodes_5_edges_none_SF,NOTEARS-MLP,0.32,0.12,0.0,0.0,0.0,0.0,0.0,0.0,0.0,0.0,0.0,0.0,0.0,0.0,0.0,0.0,4.0,0.0,5.0,0.0,5.0,0.0,,cpdag,5,5,4,SF,SF,1.0,0.0,5.0,0.0,1.25,0.0,1.25,0.0,1.25,0.0
dag_5_nodes_5_edges_none_SF,Random,0.0,0.0,7.72,1.8,0.66,0.12,0.68,0.29,0.84,0.21,0.2,0.09,0.38,0.19,0.26,0.11,7.82,1.17,2.74,3.14,12.52,3.02,,cpdag,5,5,4,SF,SF,1.955,0.2925,12.52,3.02,3.13,0.755,0.685,0.785,3.13,0.755
dag_5_nodes_5_edges_none_random,FGS,0.14,0.05,3.57,1.21,0.35,0.26,0.44,0.18,0.28,0.22,0.22,0.2,0.16,0.14,0.18,0.16,5.08,1.3,7.45,2.24,15.67,2.24,,cpdag,5,5,5,random,LT,1.016,0.26,15.67,2.24,3.134,0.44800000000000006,1.49,0.44800000000000006,3.134,0.44800000000000006
dag_5_nodes_5_edges_none_random,NOTEARS-MLP,0.29,0.12,0.0,0.0,0.0,0.0,0.0,0.0,0.0,0.0,0.0,0.0,0.0,0.0,0.0,0.0,5.0,0.0,12.0,0.0,12.0,0.0,,cpdag,5,5,5,random,LT,1.0,0.0,12.0,0.0,2.4,0.0,2.4,0.0,2.4,0.0
dag_5_nodes_5_edges_none_random,Random,0.0,0.0,7.72,1.8,0.55,0.1,0.7,0.21,0.85,0.25,0.23,0.11,0.34,0.15,0.27,0.12,6.84,1.06,5.22,4.36,17.86,3.34,,cpdag,5,5,5,random,LT,1.3679999999999999,0.21200000000000002,17.86,3.34,3.572,0.6679999999999999,1.044,0.8720000000000001,3.572,0.6679999999999999
dag_5_nodes_5_edges_semantics_ER,FGS,0.15,0.1,3.08,1.03,0.68,0.21,0.23,0.18,0.39,0.08,0.27,0.22,0.21,0.19,0.23,0.2,6.1,1.07,6.52,1.28,8.24,2.53,,cpdag,5,5,5,ER,ER,1.22,0.21400000000000002,8.24,2.53,1.6480000000000001,0.506,1.3039999999999998,0.256,1.6480000000000001,0.506
dag_5_nodes_5_edges_semantics_ER,NOTEARS-MLP,0.36,0.14,0.0,0.0,0.0,0.0,0.0,0.0,0.0,0.0,0.0,0.0,0.0,0.0,0.0,0.0,5.0,0.0,8.0,0.0,8.0,0.0,,cpdag,5,5,5,ER,ER,1.0,0.0,8.0,0.0,1.6,0.0,1.6,0.0,1.6,0.0
dag_5_nodes_5_edges_semantics_ER,Random,0.0,0.0,7.72,1.8,0.56,0.14,0.69,0.28,0.85,0.21,0.38,0.14,0.59,0.24,0.46,0.17,7.58,1.13,2.9,2.53,12.2,3.42,,cpdag,5,5,5,ER,ER,1.516,0.22599999999999998,12.2,3.42,2.44,0.6839999999999999,0.58,0.506,2.44,0.6839999999999999
dag_5_nodes_5_edges_semantics_SF,FGS,0.14,0.06,2.43,1.04,0.11,0.2,0.53,0.25,0.05,0.1,0.16,0.19,0.13,0.14,0.13,0.15,3.11,0.81,4.19,1.45,12.06,3.47,,cpdag,5,5,4,SF,SF,0.7775,0.2025,12.06,3.47,3.015,0.8675,1.0475,0.3625,3.015,0.8675
dag_5_nodes_5_edges_semantics_SF,NOTEARS-MLP,0.28,0.08,0.02,0.14,0.0,0.0,0.0,0.04,0.0,0.0,0.02,0.14,0.0,0.04,0.01,0.06,4.0,0.0,6.94,0.42,7.04,0.28,,cpdag,5,5,4,SF,SF,1.0,0.0,7.04,0.28,1.76,0.07,1.735,0.105,1.76,0.07
dag_5_nodes_5_edges_semantics_SF,Random,0.0,0.0,7.72,1.8,0.69,0.13,0.62,0.31,0.87,0.21,0.09,0.08,0.18,0.17,0.12,0.11,7.64,1.37,3.74,3.08,14.36,3.18,,cpdag,5,5,4,SF,SF,1.91,0.3425,14.36,3.18,3.59,0.795,0.935,0.77,3.59,0.795
dag_5_nodes_5_edges_semantics_random,FGS,0.08,0.05,3.42,1.14,0.22,0.29,0.52,0.24,0.16,0.23,0.74,0.28,0.48,0.21,0.57,0.22,3.96,1.65,4.24,2.12,13.1,2.63,,cpdag,5,5,5,random,LT,0.792,0.32999999999999996,13.1,2.63,2.62,0.526,0.8480000000000001,0.42400000000000004,2.62,0.526
dag_5_nodes_5_edges_semantics_random,NOTEARS-MLP,0.13,0.04,0.04,0.2,0.0,0.0,0.01,0.04,0.0,0.0,0.04,0.2,0.01,0.04,0.01,0.07,4.96,0.2,8.92,0.4,9.12,0.59,,cpdag,5,5,5,random,LT,0.992,0.04,9.12,0.59,1.8239999999999998,0.118,1.784,0.08,1.8239999999999998,0.118
dag_5_nodes_5_edges_semantics_random,Random,0.0,0.0,7.72,1.8,0.53,0.14,0.71,0.25,0.83,0.31,0.38,0.14,0.58,0.23,0.45,0.16,7.14,1.64,4.32,3.79,15.7,2.83,,cpdag,5,5,5,random,LT,1.428,0.32799999999999996,15.7,2.83,3.1399999999999997,0.5660000000000001,0.8640000000000001,0.758,3.1399999999999997,0.5660000000000001
dag_5_nodes_7_edges_degrees_ER,FGS,0.08,0.05,4.34,1.0,0.54,0.18,0.27,0.1,0.81,0.36,0.4,0.21,0.24,0.12,0.3,0.14,7.48,0.86,12.24,2.97,14.74,2.97,,cpdag,5,7,7,ER,ER,1.0685714285714287,0.12285714285714286,14.74,2.97,2.105714285714286,0.4242857142857143,1.7485714285714287,0.4242857142857143,2.105714285714286,0.4242857142857143
dag_5_nodes_7_edges_degrees_ER,NOTEARS-MLP,0.13,0.04,0.0,0.0,0.0,0.0,0.0,0.0,0.0,0.0,0.0,0.0,0.0,0.0,0.0,0.0,7.0,0.0,16.0,0.0,16.0,0.0,,cpdag,5,7,7,ER,ER,1.0,0.0,16.0,0.0,2.2857142857142856,0.0,2.2857142857142856,0.0,2.2857142857142856,0.0
dag_5_nodes_7_edges_degrees_ER,Random,0.0,0.0,7.72,1.8,0.37,0.13,0.7,0.23,0.95,0.35,0.25,0.12,0.27,0.12,0.26,0.11,7.04,1.05,5.2,4.41,16.8,2.35,,cpdag,5,7,7,ER,ER,1.0057142857142858,0.15,16.8,2.35,2.4,0.33571428571428574,0.7428571428571429,0.63,2.4,0.33571428571428574
dag_5_nodes_7_edges_degrees_SF,FGS,0.08,0.05,2.59,1.04,0.84,0.2,0.12,0.14,0.35,0.15,0.09,0.17,0.07,0.12,0.08,0.14,5.59,0.96,6.43,1.62,10.8,2.89,,cpdag,5,7,4,SF,SF,1.3975,0.24,10.8,2.89,2.7,0.7225,1.6075,0.405,2.7,0.7225
dag_5_nodes_7_edges_degrees_SF,NOTEARS-MLP,0.1,0.03,0.02,0.14,0.0,0.0,0.0,0.04,0.0,0.0,0.0,0.0,0.0,0.0,0.0,0.0,3.98,0.14,6.96,0.28,7.04,0.28,,cpdag,5,7,4,SF,SF,0.995,0.035,7.04,0.28,1.76,0.07,1.74,0.07,1.76,0.07
dag_5_nodes_7_edges_degrees_SF,Random,0.0,0.0,7.72,1.8,0.64,0.13,0.7,0.3,0.82,0.22,0.12,0.1,0.23,0.19,0.15,0.13,7.12,1.22,3.5,3.41,14.3,3.2,,cpdag,5,7,4,SF,SF,1.78,0.305,14.3,3.2,3.575,0.8,0.875,0.8525,3.575,0.8
dag_5_nodes_7_edges_degrees_random,FGS,0.08,0.05,4.66,1.22,0.45,0.23,0.36,0.17,0.71,0.43,0.12,0.16,0.07,0.1,0.09,0.12,5.82,1.59,14.32,3.85,18.86,1.95,,cpdag,5,7,7,random,LT,0.8314285714285715,0.22714285714285715,18.86,1.95,2.6942857142857144,0.2785714285714286,2.045714285714286,0.55,2.6942857142857144,0.2785714285714286
dag_5_nodes_7_edges_degrees_random,NOTEARS-MLP,0.1,0.06,0.06,0.31,0.02,0.14,0.0,0.02,0.01,0.09,0.02,0.14,0.0,0.02,0.0,0.04,6.98,0.14,16.0,0.81,16.16,0.79,,cpdag,5,7,7,random,LT,0.9971428571428572,0.02,16.16,0.79,2.3085714285714287,0.11285714285714286,2.2857142857142856,0.11571428571428573,2.3085714285714287,0.11285714285714286
dag_5_nodes_7_edges_degrees_random,Random,0.0,0.0,7.72,1.8,0.39,0.16,0.68,0.25,0.99,0.39,0.15,0.11,0.16,0.1,0.15,0.1,4.94,1.83,6.26,5.67,18.54,1.67,,cpdag,5,7,7,random,LT,0.7057142857142857,0.26142857142857145,18.54,1.67,2.6485714285714286,0.23857142857142857,0.8942857142857142,0.8099999999999999,2.6485714285714286,0.23857142857142857
dag_5_nodes_7_edges_none_ER,FGS,0.08,0.05,4.48,1.07,0.26,0.27,0.46,0.2,0.41,0.44,0.15,0.14,0.1,0.08,0.12,0.1,4.42,1.98,9.98,4.25,17.12,1.73,,cpdag,5,7,7,ER,ER,0.6314285714285715,0.28285714285714286,17.12,1.73,2.4457142857142857,0.24714285714285714,1.4257142857142857,0.6071428571428571,2.4457142857142857,0.24714285714285714
dag_5_nodes_7_edges_none_ER,NOTEARS-MLP,0.12,0.04,0.02,0.14,0.0,0.0,0.0,0.02,0.0,0.0,0.02,0.14,0.0,0.02,0.0,0.04,6.98,0.14,14.92,0.57,15.02,0.14,,cpdag,5,7,7,ER,ER,0.9971428571428572,0.02,15.02,0.14,2.1457142857142855,0.02,2.1314285714285712,0.08142857142857142,2.1457142857142855,0.02
dag_5_nodes_7_edges_none_ER,Random,0.0,0.0,7.72,1.8,0.36,0.13,0.71,0.24,0.91,0.32,0.18,0.14,0.2,0.16,0.19,0.15,5.0,2.2,4.88,4.74,16.46,2.22,,cpdag,5,7,7,ER,ER,0.7142857142857143,0.31428571428571433,16.46,2.22,2.3514285714285714,0.31714285714285717,0.6971428571428572,0.6771428571428572,2.3514285714285714,0.31714285714285717
dag_5_nodes_7_edges_none_SF,FGS,0.08,0.06,2.3,0.93,0.84,0.22,0.11,0.15,0.31,0.15,0.15,0.22,0.11,0.15,0.12,0.17,5.64,0.57,4.91,1.08,6.72,1.74,,cpdag,5,7,4,SF,SF,1.41,0.1425,6.72,1.74,1.68,0.435,1.2275,0.27,1.68,0.435
dag_5_nodes_7_edges_none_SF,NOTEARS-MLP,0.13,0.05,0.0,0.0,0.0,0.0,0.0,0.0,0.0,0.0,0.0,0.0,0.0,0.0,0.0,0.0,4.0,0.0,5.0,0.0,5.0,0.0,,cpdag,5,7,4,SF,SF,1.0,0.0,5.0,0.0,1.25,0.0,1.25,0.0,1.25,0.0
dag_5_nodes_7_edges_none_SF,Random,0.0,0.0,7.72,1.8,0.66,0.15,0.66,0.31,0.85,0.26,0.28,0.15,0.53,0.28,0.36,0.19,7.92,1.43,3.04,2.7,12.76,4.1,,cpdag,5,7,4,SF,SF,1.98,0.3575,12.76,4.1,3.19,1.025,0.76,0.675,3.19,1.025
dag_5_nodes_7_edges_none_random,FGS,0.09,0.06,4.94,1.08,0.48,0.26,0.38,0.22,0.77,0.41,0.47,0.29,0.34,0.23,0.39,0.25,7.06,1.06,11.18,4.53,16.0,2.9,,cpdag,5,7,7,random,LT,1.0085714285714285,0.15142857142857144,16.0,2.9,2.2857142857142856,0.41428571428571426,1.5971428571428572,0.6471428571428571,2.2857142857142856,0.41428571428571426
dag_5_nodes_7_edges_none_random,NOTEARS-MLP,0.11,0.04,0.0,0.0,0.0,0.0,0.0,0.0,0.0,0.0,0.0,0.0,0.0,0.0,0.0,0.0,7.0,0.0,16.0,0.0,16.0,0.0,,cpdag,5,7,7,random,LT,1.0,0.0,16.0,0.0,2.2857142857142856,0.0,2.2857142857142856,0.0,2.2857142857142856,0.0
dag_5_nodes_7_edges_none_random,Random,0.0,0.0,7.72,1.8,0.39,0.16,0.69,0.25,0.97,0.37,0.47,0.16,0.52,0.19,0.49,0.16,6.28,1.39,5.9,4.76,17.6,2.17,,cpdag,5,7,7,random,LT,0.8971428571428571,0.19857142857142857,17.6,2.17,2.5142857142857147,0.31,0.8428571428571429,0.6799999999999999,2.5142857142857147,0.31
dag_5_nodes_7_edges_semantics_ER,FGS,0.09,0.07,5.02,1.24,0.23,0.31,0.56,0.27,0.36,0.5,0.21,0.15,0.16,0.11,0.18,0.12,5.88,1.39,10.12,2.83,18.06,2.99,,cpdag,5,7,7,ER,ER,0.84,0.19857142857142857,18.06,2.99,2.5799999999999996,0.42714285714285716,1.4457142857142855,0.4042857142857143,2.5799999999999996,0.42714285714285716
dag_5_nodes_7_edges_semantics_ER,NOTEARS-MLP,0.11,0.04,0.0,0.0,0.0,0.0,0.0,0.0,0.0,0.0,0.0,0.0,0.0,0.0,0.0,0.0,7.0,0.0,12.0,0.0,12.0,0.0,,cpdag,5,7,7,ER,ER,1.0,0.0,12.0,0.0,1.7142857142857142,0.0,1.7142857142857142,0.0,1.7142857142857142,0.0
dag_5_nodes_7_edges_semantics_ER,Random,0.0,0.0,7.72,1.8,0.38,0.14,0.69,0.25,0.95,0.33,0.24,0.16,0.27,0.19,0.25,0.17,7.26,1.87,5.04,4.29,17.3,2.34,,cpdag,5,7,7,ER,ER,1.0371428571428571,0.2671428571428572,17.3,2.34,2.4714285714285715,0.33428571428571424,0.72,0.6128571428571429,2.4714285714285715,0.33428571428571424
dag_5_nodes_7_edges_semantics_SF,FGS,0.09,0.07,2.78,0.96,0.9,0.16,0.08,0.12,0.41,0.14,0.08,0.13,0.07,0.11,0.07,0.12,6.14,0.87,5.22,0.87,6.57,2.12,,cpdag,5,7,4,SF,SF,1.535,0.2175,6.57,2.12,1.6425,0.53,1.305,0.2175,1.6425,0.53
dag_5_nodes_7_edges_semantics_SF,NOTEARS-MLP,0.1,0.03,0.0,0.0,0.0,0.0,0.0,0.0,0.0,0.0,0.0,0.0,0.0,0.0,0.0,0.0,4.0,0.0,6.0,0.0,6.0,0.0,,cpdag,5,7,4,SF,SF,1.0,0.0,6.0,0.0,1.5,0.0,1.5,0.0,1.5,0.0
dag_5_nodes_7_edges_semantics_SF,Random,0.0,0.0,7.72,1.8,0.65,0.11,0.69,0.27,0.83,0.2,0.27,0.12,0.53,0.25,0.35,0.16,7.18,1.08,2.48,2.43,12.46,3.48,,cpdag,5,7,4,SF,SF,1.795,0.27,12.46,3.48,3.115,0.87,0.62,0.6075,3.115,0.87
dag_5_nodes_7_edges_semantics_random,FGS,0.1,0.08,4.56,1.01,0.32,0.22,0.44,0.16,0.49,0.34,0.37,0.16,0.25,0.12,0.29,0.13,5.46,1.83,11.5,2.56,16.46,3.1,,cpdag,5,7,7,random,LT,0.78,0.26142857142857145,16.46,3.1,2.3514285714285714,0.4428571428571429,1.6428571428571428,0.3657142857142857,2.3514285714285714,0.4428571428571429
dag_5_nodes_7_edges_semantics_random,NOTEARS-MLP,0.1,0.04,0.02,0.14,0.0,0.0,0.0,0.02,0.0,0.0,0.02,0.14,0.0,0.02,0.0,0.04,6.98,0.14,15.96,0.28,16.0,0.0,,cpdag,5,7,7,random,LT,0.9971428571428572,0.02,16.0,0.0,2.2857142857142856,0.0,2.2800000000000002,0.04,2.2857142857142856,0.0
dag_5_nodes_7_edges_semantics_random,Random,0.0,0.0,7.72,1.8,0.42,0.17,0.65,0.26,1.07,0.42,0.28,0.14,0.31,0.16,0.29,0.14,5.3,1.98,7.86,5.54,18.8,1.8,,cpdag,5,7,7,random,LT,0.7571428571428571,0.28285714285714286,18.8,1.8,2.685714285714286,0.2571428571428572,1.122857142857143,0.7914285714285715,2.685714285714286,0.2571428571428572
dag_10_nodes_10_edges_degrees_ER,GRaSP,8.33,2.36,8.46,1.03,0.01,0.03,0.84,0.1,0.0,0.01,0.61,0.07,0.51,0.08,0.55,0.07,5.12,0.96,7.76,6.8,38.5,6.71,npy,cpdag,10,10,10,ER,ER,0.512,0.096,38.5,6.71,3.85,0.671,0.776,0.6799999999999999,3.85,0.671
dag_10_nodes_10_edges_degrees_ER,BOSS,9.9,2.82,8.72,1.13,0.0,0.02,0.87,0.11,0.0,0.01,0.6,0.06,0.53,0.08,0.56,0.06,5.0,1.01,6.18,6.6,40.32,6.19,npy,cpdag,10,10,10,ER,ER,0.5,0.101,40.32,6.19,4.032,0.619,0.618,0.6599999999999999,4.032,0.619
dag_10_nodes_10_edges_degrees_SF,GRaSP,2.5,1.27,5.04,1.84,0.04,0.1,0.53,0.19,0.01,0.02,0.66,0.12,0.36,0.12,0.45,0.1,7.28,0.7,12.82,6.15,33.74,12.43,npy,cpdag,10,10,9,SF,SF,0.8088888888888889,0.07777777777777778,33.74,12.43,3.748888888888889,1.3811111111111112,1.4244444444444444,0.6833333333333333,3.748888888888889,1.3811111111111112
dag_10_nodes_10_edges_degrees_SF,BOSS,3.34,2.02,5.34,2.02,0.02,0.06,0.57,0.2,0.01,0.01,0.68,0.1,0.39,0.12,0.48,0.09,7.2,0.49,13.22,7.22,35.82,14.05,npy,cpdag,10,10,9,SF,SF,0.8,0.05444444444444444,35.82,14.05,3.98,1.5611111111111111,1.468888888888889,0.8022222222222222,3.98,1.5611111111111111
dag_10_nodes_10_edges_degrees_random,GRaSP,4.5,1.96,8.96,1.32,0.06,0.09,0.84,0.14,0.02,0.03,0.56,0.09,0.5,0.1,0.53,0.09,8.76,1.02,11.88,13.8,60.8,7.14,npy,cpdag,10,10,10,random,LT,0.876,0.10200000000000001,60.8,7.14,6.08,0.714,1.1880000000000002,1.3800000000000001,6.08,0.714
dag_10_nodes_10_edges_degrees_random,BOSS,6.43,2.82,9.72,1.6,0.09,0.12,0.88,0.13,0.03,0.04,0.55,0.09,0.52,0.09,0.53,0.08,9.14,1.36,6.42,10.51,62.92,6.76,npy,cpdag,10,10,10,random,LT,0.914,0.136,62.92,6.76,6.292,0.6759999999999999,0.642,1.051,6.292,0.6759999999999999
dag_10_nodes_10_edges_none_ER,GRaSP,6.88,2.99,8.66,1.19,0.0,0.02,0.86,0.12,0.0,0.01,0.71,0.07,0.61,0.09,0.66,0.07,5.48,0.71,6.28,5.64,54.64,4.84,npy,cpdag,10,10,10,ER,ER,0.548,0.071,54.64,4.84,5.464,0.484,0.628,0.564,5.464,0.484
dag_10_nodes_10_edges_none_ER,BOSS,9.18,4.79,8.8,1.21,0.01,0.03,0.87,0.11,0.01,0.02,0.71,0.07,0.62,0.09,0.66,0.07,5.52,0.68,5.96,5.48,54.28,5.51,npy,cpdag,10,10,10,ER,ER,0.5519999999999999,0.068,54.28,5.51,5.428,0.5509999999999999,0.596,0.548,5.428,0.5509999999999999
dag_10_nodes_10_edges_none_SF,GRaSP,1.2,0.68,3.3,1.33,0.02,0.07,0.36,0.14,0.0,0.01,0.34,0.1,0.11,0.03,0.17,0.02,8.1,0.36,13.2,5.05,23.0,9.9,npy,cpdag,10,10,9,SF,SF,0.8999999999999999,0.04,23.0,9.9,2.5555555555555554,1.1,1.4666666666666666,0.5611111111111111,2.5555555555555554,1.1
dag_10_nodes_10_edges_none_SF,BOSS,1.46,1.0,3.58,1.46,0.01,0.04,0.39,0.15,0.0,0.01,0.31,0.08,0.11,0.03,0.17,0.02,8.08,0.27,13.94,6.21,24.64,11.74,npy,cpdag,10,10,9,SF,SF,0.8977777777777778,0.030000000000000002,24.64,11.74,2.7377777777777776,1.3044444444444445,1.5488888888888888,0.69,2.7377777777777776,1.3044444444444445
dag_10_nodes_10_edges_none_random,GRaSP,3.49,1.44,7.46,1.78,0.04,0.09,0.71,0.16,0.01,0.02,0.62,0.12,0.47,0.15,0.53,0.14,7.62,0.88,13.0,10.54,43.48,11.18,npy,cpdag,10,10,10,random,LT,0.762,0.088,43.48,11.18,4.348,1.1179999999999999,1.3,1.0539999999999998,4.348,1.1179999999999999
dag_10_nodes_10_edges_none_random,BOSS,4.31,1.97,7.7,1.59,0.02,0.06,0.75,0.16,0.01,0.01,0.65,0.1,0.51,0.14,0.57,0.12,7.48,0.65,10.32,9.11,45.7,12.1,npy,cpdag,10,10,10,random,LT,0.748,0.065,45.7,12.1,4.57,1.21,1.032,0.9109999999999999,4.57,1.21
dag_10_nodes_10_edges_semantics_ER,GRaSP,10.51,3.09,8.62,1.46,0.02,0.06,0.84,0.14,0.01,0.02,0.8,0.08,0.69,0.12,0.74,0.09,6.02,1.04,11.36,11.66,66.8,10.31,npy,cpdag,10,10,10,ER,ER,0.602,0.10400000000000001,66.8,10.31,6.68,1.0310000000000001,1.136,1.166,6.68,1.0310000000000001
dag_10_nodes_10_edges_semantics_ER,BOSS,11.59,4.01,8.7,1.39,0.01,0.03,0.86,0.14,0.0,0.01,0.81,0.07,0.71,0.12,0.75,0.09,5.86,0.83,10.0,11.54,68.6,9.32,npy,cpdag,10,10,10,ER,ER,0.5860000000000001,0.08299999999999999,68.6,9.32,6.859999999999999,0.932,1.0,1.154,6.859999999999999,0.932
dag_10_nodes_10_edges_semantics_SF,GRaSP,1.54,1.1,4.56,2.07,0.09,0.15,0.45,0.19,0.02,0.02,0.63,0.22,0.28,0.09,0.37,0.1,8.58,0.99,15.88,7.1,30.96,11.5,npy,cpdag,10,10,9,SF,SF,0.9533333333333334,0.11,30.96,11.5,3.44,1.2777777777777777,1.7644444444444445,0.7888888888888889,3.44,1.2777777777777777
dag_10_nodes_10_edges_semantics_SF,BOSS,2.16,1.79,5.08,2.27,0.03,0.07,0.54,0.23,0.01,0.02,0.66,0.19,0.33,0.09,0.42,0.08,8.24,0.69,16.4,8.8,36.02,15.07,npy,cpdag,10,10,9,SF,SF,0.9155555555555556,0.07666666666666666,36.02,15.07,4.002222222222223,1.6744444444444444,1.822222222222222,0.9777777777777779,4.002222222222223,1.6744444444444444
dag_10_nodes_10_edges_semantics_random,GRaSP,5.62,2.69,8.7,1.92,0.07,0.1,0.8,0.14,0.02,0.03,0.58,0.1,0.49,0.08,0.52,0.07,9.08,1.05,16.32,18.3,75.06,9.13,npy,cpdag,10,10,10,random,LT,0.908,0.10500000000000001,75.06,9.13,7.506,0.913,1.6320000000000001,1.83,7.506,0.913
dag_10_nodes_10_edges_semantics_random,BOSS,6.85,2.99,9.38,2.36,0.12,0.13,0.8,0.14,0.04,0.05,0.55,0.12,0.49,0.08,0.51,0.08,9.86,1.29,16.42,17.87,76.1,9.21,npy,cpdag,10,10,10,random,LT,0.986,0.129,76.1,9.21,7.609999999999999,0.921,1.6420000000000001,1.7870000000000001,7.609999999999999,0.921
dag_10_nodes_15_edges_degrees_ER,GRaSP,10.16,5.02,12.3,2.28,0.04,0.07,0.78,0.13,0.02,0.04,0.42,0.06,0.35,0.08,0.38,0.07,13.2,1.23,10.86,8.06,82.5,5.1,npy,cpdag,10,15,15,ER,ER,0.88,0.082,82.5,5.1,5.5,0.33999999999999997,0.724,0.5373333333333333,5.5,0.33999999999999997
dag_10_nodes_15_edges_degrees_ER,BOSS,13.16,5.75,12.6,1.85,0.04,0.05,0.8,0.12,0.02,0.02,0.42,0.06,0.35,0.08,0.38,0.07,13.1,0.86,10.14,6.99,84.36,3.23,npy,cpdag,10,15,15,ER,ER,0.8733333333333333,0.05733333333333333,84.36,3.23,5.624,0.21533333333333332,0.676,0.466,5.624,0.21533333333333332
dag_10_nodes_15_edges_degrees_SF,GRaSP,2.95,2.07,8.12,2.53,0.1,0.14,0.42,0.12,0.03,0.05,0.11,0.09,0.05,0.04,0.09,0.04,16.36,1.45,29.22,14.62,67.48,11.7,npy,cpdag,10,15,17,SF,SF,0.9623529411764705,0.08529411764705883,67.48,11.7,3.9694117647058826,0.6882352941176471,1.7188235294117646,0.86,3.9694117647058826,0.6882352941176471
dag_10_nodes_15_edges_degrees_SF,BOSS,4.63,2.43,8.82,2.1,0.08,0.11,0.48,0.12,0.02,0.04,0.1,0.08,0.05,0.05,0.1,0.04,16.1,1.05,25.28,16.3,72.72,10.82,npy,cpdag,10,15,17,SF,SF,0.9470588235294118,0.061764705882352944,72.72,10.82,4.277647058823529,0.6364705882352941,1.4870588235294118,0.9588235294117647,4.277647058823529,0.6364705882352941
dag_10_nodes_15_edges_degrees_random,GRaSP,7.25,2.63,12.6,1.88,0.04,0.07,0.8,0.12,0.02,0.03,0.41,0.07,0.34,0.06,0.37,0.06,14.56,0.99,11.02,6.9,86.06,2.59,npy,cpdag,10,15,15,random,LT,0.9706666666666667,0.066,86.06,2.59,5.737333333333334,0.17266666666666666,0.7346666666666667,0.46,5.737333333333334,0.17266666666666666
dag_10_nodes_15_edges_degrees_random,BOSS,9.92,4.1,13.28,1.95,0.06,0.06,0.84,0.14,0.02,0.02,0.4,0.06,0.35,0.06,0.37,0.05,14.76,0.74,9.44,8.09,86.58,2.35,npy,cpdag,10,15,15,random,LT,0.984,0.04933333333333333,86.58,2.35,5.772,0.15666666666666668,0.6293333333333333,0.5393333333333333,5.772,0.15666666666666668
dag_10_nodes_15_edges_none_ER,GRaSP,9.2,4.52,9.9,2.07,0.03,0.05,0.64,0.14,0.01,0.02,0.54,0.09,0.35,0.07,0.42,0.07,11.02,1.04,15.6,8.43,71.72,6.48,npy,cpdag,10,15,15,ER,ER,0.7346666666666667,0.06933333333333333,71.72,6.48,4.781333333333333,0.43200000000000005,1.04,0.5619999999999999,4.781333333333333,0.43200000000000005
dag_10_nodes_15_edges_none_ER,BOSS,11.48,4.91,10.66,2.04,0.03,0.05,0.69,0.13,0.01,0.02,0.53,0.1,0.37,0.06,0.43,0.06,10.98,0.91,13.68,7.57,73.5,6.03,npy,cpdag,10,15,15,ER,ER,0.732,0.06066666666666667,73.5,6.03,4.9,0.402,0.912,0.5046666666666667,4.9,0.402
dag_10_nodes_15_edges_none_SF,GRaSP,3.18,2.17,8.44,2.29,0.05,0.09,0.47,0.13,0.02,0.03,0.4,0.11,0.2,0.09,0.27,0.09,15.88,1.08,22.98,14.54,72.52,9.58,npy,cpdag,10,15,17,SF,SF,0.9341176470588236,0.06352941176470589,72.52,9.58,4.265882352941176,0.5635294117647058,1.351764705882353,0.8552941176470588,4.265882352941176,0.5635294117647058
dag_10_nodes_15_edges_none_SF,BOSS,5.03,3.32,9.16,2.0,0.03,0.08,0.52,0.11,0.01,0.03,0.41,0.1,0.22,0.08,0.28,0.08,15.74,1.1,18.96,14.8,76.48,8.18,npy,cpdag,10,15,17,SF,SF,0.9258823529411765,0.06470588235294118,76.48,8.18,4.498823529411765,0.48117647058823526,1.1152941176470588,0.8705882352941177,4.498823529411765,0.48117647058823526
dag_10_nodes_15_edges_none_random,GRaSP,3.01,1.56,8.78,1.82,0.07,0.09,0.55,0.13,0.02,0.03,0.27,0.08,0.16,0.08,0.2,0.08,13.9,0.97,24.72,11.51,60.74,8.26,npy,cpdag,10,15,15,random,LT,0.9266666666666666,0.06466666666666666,60.74,8.26,4.049333333333333,0.5506666666666666,1.648,0.7673333333333333,4.049333333333333,0.5506666666666666
dag_10_nodes_15_edges_none_random,BOSS,4.91,2.27,9.26,1.93,0.07,0.09,0.57,0.12,0.02,0.03,0.26,0.07,0.17,0.08,0.2,0.08,13.96,1.19,25.04,11.61,62.4,7.67,npy,cpdag,10,15,15,random,LT,0.9306666666666668,0.07933333333333333,62.4,7.67,4.16,0.5113333333333333,1.6693333333333333,0.7739999999999999,4.16,0.5113333333333333
dag_10_nodes_15_edges_semantics_ER,GRaSP,5.92,2.74,9.62,2.57,0.1,0.11,0.57,0.14,0.04,0.04,0.34,0.1,0.21,0.07,0.26,0.07,13.12,1.24,14.56,7.76,68.22,8.78,npy,cpdag,10,15,15,ER,ER,0.8746666666666666,0.08266666666666667,68.22,8.78,4.548,0.5853333333333333,0.9706666666666667,0.5173333333333333,4.548,0.5853333333333333
dag_10_nodes_15_edges_semantics_ER,BOSS,8.19,3.88,9.72,2.76,0.05,0.09,0.61,0.15,0.02,0.04,0.36,0.09,0.23,0.07,0.28,0.07,12.6,1.2,13.14,8.25,70.68,8.94,npy,cpdag,10,15,15,ER,ER,0.84,0.08,70.68,8.94,4.712000000000001,0.596,0.876,0.55,4.712000000000001,0.596
dag_10_nodes_15_edges_semantics_SF,GRaSP,5.54,2.66,12.08,2.16,0.08,0.11,0.65,0.14,0.03,0.05,0.36,0.1,0.26,0.09,0.3,0.09,17.24,1.56,15.82,7.83,74.08,5.9,npy,cpdag,10,15,17,SF,SF,1.0141176470588233,0.09176470588235294,74.08,5.9,4.357647058823529,0.3470588235294118,0.9305882352941177,0.46058823529411763,4.357647058823529,0.3470588235294118
dag_10_nodes_15_edges_semantics_SF,BOSS,8.07,3.54,12.94,2.14,0.1,0.1,0.68,0.11,0.05,0.05,0.35,0.09,0.27,0.09,0.3,0.08,17.6,1.53,13.88,4.65,76.48,4.61,npy,cpdag,10,15,17,SF,SF,1.035294117647059,0.09,76.48,4.61,4.498823529411765,0.2711764705882353,0.8164705882352942,0.2735294117647059,4.498823529411765,0.2711764705882353
dag_10_nodes_15_edges_semantics_random,GRaSP,6.4,3.41,11.96,2.76,0.07,0.09,0.74,0.16,0.03,0.04,0.37,0.12,0.29,0.06,0.32,0.06,12.28,1.36,13.0,10.13,77.52,5.88,npy,cpdag,10,15,15,random,LT,0.8186666666666667,0.09066666666666667,77.52,5.88,5.168,0.392,0.8666666666666667,0.6753333333333333,5.168,0.392
dag_10_nodes_15_edges_semantics_random,BOSS,9.43,4.67,12.16,2.35,0.02,0.05,0.79,0.15,0.01,0.02,0.41,0.12,0.32,0.04,0.35,0.06,11.68,0.91,11.2,11.34,80.26,4.86,npy,cpdag,10,15,15,random,LT,0.7786666666666666,0.06066666666666667,80.26,4.86,5.350666666666667,0.324,0.7466666666666666,0.756,5.350666666666667,0.324
dag_15_nodes_15_edges_degrees_ER,GRaSP,15.25,5.56,10.36,1.97,0.02,0.04,0.68,0.12,0.0,0.01,0.43,0.07,0.3,0.09,0.35,0.08,9.86,0.9,16.02,9.67,63.04,15.94,npy,cpdag,15,15,15,ER,ER,0.6573333333333333,0.060000000000000005,63.04,15.94,4.2026666666666666,1.0626666666666666,1.068,0.6446666666666666,4.2026666666666666,1.0626666666666666
dag_15_nodes_15_edges_degrees_ER,BOSS,19.48,8.71,10.6,2.02,0.01,0.03,0.69,0.12,0.0,0.01,0.43,0.06,0.31,0.09,0.35,0.08,9.84,0.84,15.4,10.63,66.4,15.36,npy,cpdag,15,15,15,ER,ER,0.656,0.056,66.4,15.36,4.426666666666667,1.024,1.0266666666666666,0.7086666666666667,4.426666666666667,1.024
dag_15_nodes_15_edges_degrees_SF,GRaSP,9.22,3.34,9.32,2.02,0.03,0.07,0.64,0.12,0.0,0.01,0.44,0.08,0.29,0.09,0.34,0.08,11.7,1.11,26.22,13.57,76.74,17.64,npy,cpdag,15,15,14,SF,SF,0.8357142857142856,0.07928571428571429,76.74,17.64,5.481428571428571,1.26,1.8728571428571428,0.9692857142857143,5.481428571428571,1.26
dag_15_nodes_15_edges_degrees_SF,BOSS,10.83,4.29,10.28,2.32,0.08,0.06,0.67,0.14,0.01,0.01,0.42,0.06,0.31,0.08,0.35,0.07,12.22,1.06,20.74,12.13,80.14,22.01,npy,cpdag,15,15,14,SF,SF,0.8728571428571429,0.07571428571428572,80.14,22.01,5.724285714285714,1.5721428571428573,1.4814285714285713,0.8664285714285714,5.724285714285714,1.5721428571428573
dag_15_nodes_15_edges_degrees_random,GRaSP,12.73,4.86,12.22,1.95,0.04,0.08,0.78,0.11,0.01,0.01,0.38,0.07,0.32,0.09,0.34,0.08,11.02,1.3,19.06,15.87,86.54,17.0,npy,cpdag,15,15,15,random,LT,0.7346666666666667,0.08666666666666667,86.54,17.0,5.769333333333334,1.1333333333333333,1.2706666666666666,1.058,5.769333333333334,1.1333333333333333
dag_15_nodes_15_edges_degrees_random,BOSS,15.48,6.08,12.72,1.81,0.01,0.05,0.84,0.11,0.0,0.01,0.41,0.07,0.35,0.09,0.38,0.08,10.58,0.91,18.28,18.51,91.2,17.35,npy,cpdag,15,15,15,random,LT,0.7053333333333334,0.06066666666666667,91.2,17.35,6.08,1.1566666666666667,1.2186666666666668,1.2340000000000002,6.08,1.1566666666666667
dag_15_nodes_15_edges_none_ER,GRaSP,22.34,8.69,13.46,1.3,0.03,0.05,0.87,0.08,0.01,0.01,0.64,0.06,0.58,0.07,0.61,0.06,8.68,1.02,7.22,6.18,99.0,6.36,npy,cpdag,15,15,15,ER,ER,0.5786666666666667,0.068,99.0,6.36,6.6,0.42400000000000004,0.48133333333333334,0.412,6.6,0.42400000000000004
dag_15_nodes_15_edges_none_ER,BOSS,27.1,9.84,13.7,1.18,0.02,0.04,0.89,0.08,0.0,0.01,0.65,0.06,0.59,0.07,0.62,0.06,8.64,0.88,6.86,7.79,100.02,7.92,npy,cpdag,15,15,15,ER,ER,0.5760000000000001,0.058666666666666666,100.02,7.92,6.668,0.528,0.45733333333333337,0.5193333333333333,6.668,0.528
dag_15_nodes_15_edges_none_SF,GRaSP,4.14,1.83,6.02,1.33,0.04,0.08,0.41,0.08,0.0,0.01,0.17,0.1,0.08,0.05,0.13,0.05,13.28,0.61,35.84,10.56,64.5,11.26,npy,cpdag,15,15,14,SF,SF,0.9485714285714285,0.04357142857142857,64.5,11.26,4.607142857142857,0.8042857142857143,2.56,0.7542857142857143,4.607142857142857,0.8042857142857143
dag_15_nodes_15_edges_none_SF,BOSS,5.22,2.14,6.82,1.59,0.1,0.12,0.43,0.1,0.01,0.01,0.17,0.11,0.09,0.07,0.14,0.07,13.76,1.08,32.4,14.36,66.82,14.21,npy,cpdag,15,15,14,SF,SF,0.9828571428571429,0.07714285714285715,66.82,14.21,4.772857142857142,1.0150000000000001,2.314285714285714,1.0257142857142856,4.772857142857142,1.0150000000000001
dag_15_nodes_15_edges_none_random,GRaSP,13.87,4.2,13.22,1.52,0.04,0.07,0.85,0.1,0.01,0.01,0.47,0.07,0.41,0.06,0.44,0.06,12.06,1.24,16.96,18.47,122.3,10.93,npy,cpdag,15,15,15,random,LT,0.804,0.08266666666666667,122.3,10.93,8.153333333333332,0.7286666666666667,1.1306666666666667,1.2313333333333332,8.153333333333332,0.7286666666666667
dag_15_nodes_15_edges_none_random,BOSS,17.61,4.39,14.42,1.68,0.08,0.07,0.88,0.08,0.01,0.01,0.45,0.06,0.42,0.05,0.43,0.05,12.64,1.03,10.66,14.07,125.98,7.62,npy,cpdag,15,15,15,random,LT,0.8426666666666667,0.06866666666666667,125.98,7.62,8.398666666666667,0.508,0.7106666666666667,0.9380000000000001,8.398666666666667,0.508
dag_15_nodes_15_edges_semantics_ER,GRaSP,16.0,6.22,12.0,2.09,0.05,0.08,0.76,0.13,0.01,0.01,0.59,0.08,0.47,0.09,0.52,0.08,11.94,1.19,19.3,14.29,71.64,12.52,npy,cpdag,15,15,15,ER,ER,0.7959999999999999,0.07933333333333333,71.64,12.52,4.776,0.8346666666666667,1.2866666666666666,0.9526666666666667,4.776,0.8346666666666667
dag_15_nodes_15_edges_semantics_ER,BOSS,19.63,7.52,12.22,2.01,0.03,0.06,0.79,0.13,0.0,0.01,0.59,0.06,0.48,0.08,0.52,0.07,11.76,0.89,18.12,15.58,74.12,12.6,npy,cpdag,15,15,15,ER,ER,0.784,0.059333333333333335,74.12,12.6,4.941333333333334,0.84,1.208,1.0386666666666666,4.941333333333334,0.84
dag_15_nodes_15_edges_semantics_SF,GRaSP,8.7,2.58,9.22,2.53,0.04,0.09,0.62,0.13,0.01,0.02,0.47,0.11,0.3,0.06,0.36,0.06,11.86,1.64,28.92,12.41,75.7,18.42,npy,cpdag,15,15,14,SF,SF,0.8471428571428571,0.11714285714285713,75.7,18.42,5.4071428571428575,1.3157142857142858,2.065714285714286,0.8864285714285715,5.4071428571428575,1.3157142857142858
dag_15_nodes_15_edges_semantics_SF,BOSS,10.65,3.56,9.82,2.28,0.06,0.07,0.66,0.14,0.01,0.01,0.44,0.1,0.3,0.06,0.35,0.06,11.88,0.98,23.64,12.82,79.1,20.97,npy,cpdag,15,15,14,SF,SF,0.8485714285714286,0.06999999999999999,79.1,20.97,5.6499999999999995,1.4978571428571428,1.6885714285714286,0.9157142857142857,5.6499999999999995,1.4978571428571428
dag_15_nodes_15_edges_semantics_random,GRaSP,10.8,3.53,13.16,1.65,0.06,0.08,0.82,0.09,0.01,0.01,0.7,0.09,0.61,0.08,0.65,0.07,14.96,1.19,14.3,16.66,149.46,12.48,npy,cpdag,15,15,15,random,LT,0.9973333333333334,0.07933333333333333,149.46,12.48,9.964,0.8320000000000001,0.9533333333333334,1.1106666666666667,9.964,0.8320000000000001
dag_15_nodes_15_edges_semantics_random,BOSS,14.9,4.02,14.2,1.77,0.1,0.09,0.85,0.07,0.02,0.02,0.69,0.11,0.65,0.07,0.67,0.08,15.56,1.45,11.8,12.24,155.38,9.64,npy,cpdag,15,15,15,random,LT,1.0373333333333334,0.09666666666666666,155.38,9.64,10.358666666666666,0.6426666666666667,0.7866666666666667,0.8160000000000001,10.358666666666666,0.6426666666666667
dag_15_nodes_22_edges_degrees_ER,GRaSP,19.84,9.45,15.08,2.83,0.04,0.05,0.66,0.12,0.01,0.01,0.39,0.08,0.26,0.05,0.31,0.05,18.88,1.08,29.46,11.44,160.16,10.6,npy,cpdag,15,22,22,ER,ER,0.8581818181818182,0.049090909090909095,160.16,10.6,7.28,0.4818181818181818,1.339090909090909,0.52,7.28,0.4818181818181818
dag_15_nodes_22_edges_degrees_ER,BOSS,30.86,16.39,16.2,3.12,0.06,0.06,0.69,0.13,0.01,0.01,0.37,0.08,0.27,0.04,0.31,0.05,19.32,1.39,26.84,11.45,162.16,10.74,npy,cpdag,15,22,22,ER,ER,0.8781818181818182,0.06318181818181817,162.16,10.74,7.370909090909091,0.4881818181818182,1.22,0.5204545454545454,7.370909090909091,0.4881818181818182
dag_15_nodes_22_edges_degrees_SF,GRaSP,6.75,3.17,11.0,2.5,0.1,0.13,0.7,0.15,0.01,0.02,0.29,0.1,0.22,0.07,0.25,0.07,14.2,1.84,24.52,24.58,102.74,21.81,npy,cpdag,15,22,14,SF,SF,1.0142857142857142,0.13142857142857142,102.74,21.81,7.338571428571428,1.5578571428571428,1.7514285714285713,1.7557142857142856,7.338571428571428,1.5578571428571428
dag_15_nodes_22_edges_degrees_SF,BOSS,10.29,4.84,11.84,2.56,0.06,0.11,0.79,0.15,0.01,0.02,0.31,0.11,0.25,0.06,0.28,0.07,13.8,1.69,16.08,21.78,113.12,22.7,npy,cpdag,15,22,14,SF,SF,0.9857142857142858,0.1207142857142857,113.12,22.7,8.08,1.6214285714285714,1.1485714285714284,1.5557142857142858,8.08,1.6214285714285714
dag_15_nodes_22_edges_degrees_random,GRaSP,14.6,6.2,18.14,2.05,0.03,0.04,0.8,0.09,0.01,0.01,0.44,0.05,0.36,0.07,0.4,0.06,19.16,1.02,23.12,11.4,178.06,8.24,npy,cpdag,15,22,22,random,LT,0.870909090909091,0.046363636363636364,178.06,8.24,8.093636363636364,0.37454545454545457,1.050909090909091,0.5181818181818182,8.093636363636364,0.37454545454545457
dag_15_nodes_22_edges_degrees_random,BOSS,21.85,10.37,19.0,1.99,0.02,0.04,0.84,0.09,0.01,0.01,0.45,0.05,0.39,0.07,0.42,0.06,19.1,1.13,18.28,10.63,182.6,8.47,npy,cpdag,15,22,22,random,LT,0.8681818181818183,0.05136363636363636,182.6,8.47,8.299999999999999,0.385,0.8309090909090909,0.4831818181818182,8.299999999999999,0.385
dag_15_nodes_22_edges_none_ER,GRaSP,15.58,6.65,14.0,2.42,0.05,0.07,0.6,0.1,0.01,0.01,0.44,0.06,0.28,0.05,0.34,0.05,20.28,1.39,29.48,10.13,134.26,12.88,npy,cpdag,15,22,22,ER,ER,0.9218181818181819,0.06318181818181817,134.26,12.88,6.102727272727273,0.5854545454545454,1.34,0.4604545454545455,6.102727272727273,0.5854545454545454
dag_15_nodes_22_edges_none_ER,BOSS,23.32,8.61,15.12,2.23,0.07,0.08,0.64,0.11,0.01,0.01,0.42,0.06,0.29,0.05,0.34,0.05,20.66,1.41,26.44,7.35,138.9,13.45,npy,cpdag,15,22,22,ER,ER,0.9390909090909091,0.06409090909090909,138.9,13.45,6.3136363636363635,0.6113636363636363,1.201818181818182,0.33409090909090905,6.3136363636363635,0.6113636363636363
dag_15_nodes_22_edges_none_SF,GRaSP,17.07,7.76,11.96,2.14,0.03,0.07,0.82,0.12,0.0,0.01,0.73,0.09,0.62,0.08,0.66,0.06,8.54,1.28,14.5,13.79,86.54,18.1,npy,cpdag,15,22,14,SF,SF,0.61,0.09142857142857143,86.54,18.1,6.1814285714285715,1.292857142857143,1.0357142857142858,0.985,6.1814285714285715,1.292857142857143
dag_15_nodes_22_edges_none_SF,BOSS,21.53,8.24,12.12,1.81,0.02,0.04,0.85,0.13,0.0,0.01,0.73,0.06,0.63,0.08,0.67,0.05,8.32,0.59,12.2,13.15,88.84,19.74,npy,cpdag,15,22,14,SF,SF,0.5942857142857143,0.04214285714285714,88.84,19.74,6.345714285714286,1.41,0.8714285714285713,0.9392857142857143,6.345714285714286,1.41
dag_15_nodes_22_edges_none_random,GRaSP,9.59,4.01,14.02,2.24,0.08,0.09,0.58,0.09,0.02,0.02,0.44,0.09,0.28,0.07,0.34,0.07,19.68,1.57,30.08,10.99,145.36,13.83,npy,cpdag,15,22,22,random,LT,0.8945454545454545,0.07136363636363637,145.36,13.83,6.607272727272728,0.6286363636363637,1.3672727272727272,0.49954545454545457,6.607272727272728,0.6286363636363637
dag_15_nodes_22_edges_none_random,BOSS,13.57,5.95,14.68,1.96,0.05,0.06,0.64,0.08,0.01,0.01,0.45,0.08,0.3,0.07,0.36,0.07,19.08,0.97,24.54,9.03,152.0,12.35,npy,cpdag,15,22,22,random,LT,0.8672727272727272,0.04409090909090909,152.0,12.35,6.909090909090909,0.5613636363636364,1.1154545454545455,0.4104545454545454,6.909090909090909,0.5613636363636364
dag_15_nodes_22_edges_semantics_ER,GRaSP,27.9,10.27,18.14,1.84,0.03,0.06,0.8,0.08,0.01,0.01,0.63,0.06,0.52,0.07,0.56,0.06,16.58,1.72,26.3,11.91,183.58,6.52,npy,cpdag,15,22,22,ER,ER,0.7536363636363635,0.07818181818181819,183.58,6.52,8.344545454545456,0.29636363636363633,1.1954545454545455,0.5413636363636364,8.344545454545456,0.29636363636363633
dag_15_nodes_22_edges_semantics_ER,BOSS,36.06,13.53,18.84,1.71,0.04,0.05,0.82,0.09,0.01,0.01,0.61,0.06,0.53,0.08,0.57,0.07,16.72,1.64,24.18,11.48,184.28,5.9,npy,cpdag,15,22,22,ER,ER,0.7599999999999999,0.07454545454545454,184.28,5.9,8.376363636363637,0.2681818181818182,1.0990909090909091,0.5218181818181818,8.376363636363637,0.2681818181818182
dag_15_nodes_22_edges_semantics_SF,GRaSP,15.8,6.64,11.66,1.99,0.03,0.07,0.8,0.11,0.01,0.01,0.28,0.08,0.24,0.09,0.26,0.08,8.58,1.2,18.66,14.99,82.52,17.0,npy,cpdag,15,22,14,SF,SF,0.6128571428571429,0.08571428571428572,82.52,17.0,5.894285714285714,1.2142857142857142,1.332857142857143,1.0707142857142857,5.894285714285714,1.2142857142857142
dag_15_nodes_22_edges_semantics_SF,BOSS,18.69,8.33,12.4,2.08,0.06,0.05,0.83,0.13,0.01,0.01,0.28,0.07,0.26,0.1,0.27,0.08,8.88,0.77,13.4,13.43,85.58,20.45,npy,cpdag,15,22,14,SF,SF,0.6342857142857143,0.055,85.58,20.45,6.112857142857143,1.4607142857142856,0.9571428571428572,0.9592857142857143,6.112857142857143,1.4607142857142856
dag_15_nodes_22_edges_semantics_random,GRaSP,12.94,6.41,13.58,2.45,0.02,0.04,0.61,0.11,0.0,0.01,0.41,0.09,0.25,0.07,0.31,0.07,14.2,1.14,31.68,9.68,132.64,15.29,npy,cpdag,15,22,22,random,LT,0.6454545454545454,0.05181818181818181,132.64,15.29,6.029090909090908,0.695,1.44,0.44,6.029090909090908,0.695
dag_15_nodes_22_edges_semantics_random,BOSS,18.26,8.59,14.4,2.66,0.01,0.03,0.65,0.12,0.0,0.01,0.43,0.1,0.28,0.08,0.34,0.09,14.08,1.03,29.12,10.61,139.84,18.01,npy,cpdag,15,22,22,random,LT,0.64,0.04681818181818182,139.84,18.01,6.356363636363636,0.8186363636363637,1.3236363636363637,0.48227272727272724,6.356363636363636,0.8186363636363637
dag_5_nodes_5_edges_degrees_ER,GRaSP,1.55,0.68,4.74,0.6,0.0,0.0,0.95,0.12,0.0,0.0,0.78,0.04,0.75,0.12,0.76,0.09,2.04,0.2,0.76,1.89,19.1,2.06,npy,cpdag,5,5,5,ER,ER,0.40800000000000003,0.04,19.1,2.06,3.8200000000000003,0.41200000000000003,0.152,0.378,3.8200000000000003,0.41200000000000003
dag_5_nodes_5_edges_degrees_ER,BOSS,1.63,0.69,4.76,0.59,0.0,0.0,0.95,0.12,0.0,0.0,0.79,0.04,0.75,0.12,0.77,0.09,2.02,0.14,0.58,1.47,19.2,1.98,npy,cpdag,5,5,5,ER,ER,0.404,0.028000000000000004,19.2,1.98,3.84,0.396,0.11599999999999999,0.294,3.84,0.396
dag_5_nodes_5_edges_degrees_SF,GRaSP,1.2,0.36,2.8,0.99,0.0,0.0,0.7,0.25,0.0,0.0,0.74,0.17,0.52,0.2,0.6,0.16,1.2,0.99,3.24,2.66,17.24,2.86,npy,cpdag,5,5,4,SF,SF,0.3,0.2475,17.24,2.86,4.31,0.715,0.81,0.665,4.31,0.715
dag_5_nodes_5_edges_degrees_SF,BOSS,1.14,0.31,2.8,0.99,0.0,0.0,0.7,0.25,0.0,0.0,0.74,0.17,0.52,0.2,0.6,0.16,1.2,0.99,3.24,2.66,17.24,2.86,npy,cpdag,5,5,4,SF,SF,0.3,0.2475,17.24,2.86,4.31,0.715,0.81,0.665,4.31,0.715
dag_5_nodes_5_edges_degrees_random,GRaSP,1.13,0.49,4.16,1.0,0.02,0.05,0.82,0.19,0.02,0.05,0.21,0.1,0.17,0.07,0.22,0.02,2.74,0.78,6.8,2.36,18.26,1.29,npy,cpdag,5,5,5,random,LT,0.548,0.156,18.26,1.29,3.652,0.258,1.3599999999999999,0.472,3.652,0.258
dag_5_nodes_5_edges_degrees_random,BOSS,1.47,0.54,4.42,0.93,0.02,0.07,0.86,0.19,0.02,0.06,0.21,0.09,0.18,0.06,0.21,0.02,2.6,0.83,6.52,2.31,18.46,1.16,npy,cpdag,5,5,5,random,LT,0.52,0.16599999999999998,18.46,1.16,3.692,0.23199999999999998,1.3039999999999998,0.462,3.692,0.23199999999999998
dag_5_nodes_5_edges_none_ER,GRaSP,0.74,0.34,4.58,0.78,0.02,0.07,0.89,0.14,0.02,0.08,0.2,0.08,0.18,0.06,0.21,0.02,4.14,0.4,2.78,3.7,17.9,2.49,npy,cpdag,5,5,5,ER,ER,0.828,0.08,17.9,2.49,3.5799999999999996,0.49800000000000005,0.5559999999999999,0.74,3.5799999999999996,0.49800000000000005
dag_5_nodes_5_edges_none_ER,BOSS,0.93,0.39,4.82,0.63,0.05,0.1,0.91,0.12,0.05,0.11,0.2,0.06,0.19,0.05,0.2,0.01,4.28,0.54,2.1,3.35,18.3,2.33,npy,cpdag,5,5,5,ER,ER,0.8560000000000001,0.10800000000000001,18.3,2.33,3.66,0.466,0.42000000000000004,0.67,3.66,0.466
dag_5_nodes_5_edges_none_SF,GRaSP,0.74,0.44,3.62,0.97,0.07,0.14,0.82,0.18,0.05,0.12,0.47,0.15,0.42,0.12,0.43,0.11,3.32,0.71,6.82,2.71,15.12,2.58,npy,cpdag,5,5,4,SF,SF,0.83,0.1775,15.12,2.58,3.78,0.645,1.705,0.6775,3.78,0.645
dag_5_nodes_5_edges_none_SF,BOSS,1.04,0.65,3.74,0.78,0.05,0.11,0.88,0.18,0.03,0.08,0.49,0.12,0.45,0.1,0.46,0.09,3.2,0.49,8.0,2.72,16.16,2.72,npy,cpdag,5,5,4,SF,SF,0.8,0.1225,16.16,2.72,4.04,0.68,2.0,0.68,4.04,0.68
dag_5_nodes_5_edges_none_random,GRaSP,1.35,0.53,4.5,0.79,0.0,0.03,0.9,0.16,0.0,0.03,0.44,0.1,0.38,0.05,0.41,0.06,2.1,0.36,1.44,2.45,19.7,0.86,npy,cpdag,5,5,5,random,LT,0.42000000000000004,0.072,19.7,0.86,3.94,0.172,0.288,0.49000000000000005,3.94,0.172
dag_5_nodes_5_edges_none_random,BOSS,1.58,0.65,4.48,0.79,0.01,0.04,0.89,0.16,0.01,0.04,0.43,0.11,0.38,0.07,0.4,0.07,2.16,0.47,1.76,2.87,19.74,0.83,npy,cpdag,5,5,5,random,LT,0.43200000000000005,0.094,19.74,0.83,3.9479999999999995,0.16599999999999998,0.352,0.5740000000000001,3.9479999999999995,0.16599999999999998
dag_5_nodes_5_edges_semantics_ER,GRaSP,1.07,0.63,4.6,0.7,0.03,0.08,0.89,0.12,0.03,0.08,0.76,0.09,0.7,0.12,0.72,0.1,3.34,0.59,5.08,2.07,14.14,1.6,npy,cpdag,5,5,5,ER,ER,0.6679999999999999,0.118,14.14,1.6,2.8280000000000003,0.32,1.016,0.414,2.8280000000000003,0.32
dag_5_nodes_5_edges_semantics_ER,BOSS,1.25,0.73,4.56,0.58,0.02,0.06,0.89,0.12,0.02,0.06,0.77,0.07,0.7,0.12,0.73,0.09,3.3,0.58,5.48,1.97,14.22,1.5,npy,cpdag,5,5,5,ER,ER,0.6599999999999999,0.11599999999999999,14.22,1.5,2.8440000000000003,0.3,1.096,0.394,2.8440000000000003,0.3
dag_5_nodes_5_edges_semantics_SF,GRaSP,1.15,0.53,3.34,0.69,0.02,0.07,0.82,0.18,0.01,0.04,0.27,0.11,0.22,0.08,0.27,0.02,2.36,0.56,4.28,1.91,15.68,2.23,npy,cpdag,5,5,4,SF,SF,0.59,0.14,15.68,2.23,3.92,0.5575,1.07,0.4775,3.92,0.5575
dag_5_nodes_5_edges_semantics_SF,BOSS,1.34,0.62,3.38,0.67,0.01,0.05,0.84,0.17,0.0,0.02,0.27,0.09,0.23,0.07,0.27,0.02,2.32,0.55,4.56,1.75,15.96,2.16,npy,cpdag,5,5,4,SF,SF,0.58,0.1375,15.96,2.16,3.99,0.54,1.14,0.4375,3.99,0.54
dag_5_nodes_5_edges_semantics_random,GRaSP,0.92,0.4,4.58,0.97,0.05,0.11,0.86,0.18,0.06,0.11,0.8,0.14,0.72,0.14,0.74,0.12,3.36,0.66,2.0,2.8,17.12,2.39,npy,cpdag,5,5,5,random,LT,0.6719999999999999,0.132,17.12,2.39,3.4240000000000004,0.47800000000000004,0.4,0.5599999999999999,3.4240000000000004,0.47800000000000004
dag_5_nodes_5_edges_semantics_random,BOSS,1.07,0.52,4.6,0.86,0.02,0.06,0.9,0.15,0.02,0.07,0.79,0.11,0.72,0.13,0.75,0.1,3.18,0.39,2.06,3.33,17.88,1.96,npy,cpdag,5,5,5,random,LT,0.636,0.078,17.88,1.96,3.5759999999999996,0.392,0.41200000000000003,0.666,3.5759999999999996,0.392
dag_5_nodes_7_edges_degrees_ER,GRaSP,1.47,0.83,6.2,0.99,0.03,0.07,0.86,0.16,0.07,0.13,0.27,0.09,0.24,0.08,0.26,0.06,4.76,0.87,2.74,3.02,19.12,1.59,npy,cpdag,5,7,7,ER,ER,0.6799999999999999,0.12428571428571429,19.12,1.59,2.7314285714285718,0.22714285714285715,0.39142857142857146,0.43142857142857144,2.7314285714285718,0.22714285714285715
dag_5_nodes_7_edges_degrees_ER,BOSS,1.99,0.95,6.36,1.06,0.04,0.07,0.87,0.14,0.09,0.15,0.25,0.07,0.23,0.08,0.25,0.06,4.82,0.75,2.72,3.12,18.92,1.61,npy,cpdag,5,7,7,ER,ER,0.6885714285714286,0.10714285714285714,18.92,1.61,2.7028571428571433,0.23,0.3885714285714286,0.44571428571428573,2.7028571428571433,0.23
dag_5_nodes_7_edges_degrees_SF,GRaSP,1.07,0.45,3.54,0.58,0.01,0.05,0.88,0.15,0.0,0.02,0.21,0.13,0.19,0.11,0.26,0.02,2.26,0.49,4.64,1.48,16.48,1.92,npy,cpdag,5,7,4,SF,SF,0.565,0.1225,16.48,1.92,4.12,0.48,1.16,0.37,4.12,0.48
dag_5_nodes_7_edges_degrees_SF,BOSS,1.25,0.56,3.56,0.58,0.01,0.06,0.88,0.15,0.01,0.03,0.21,0.13,0.19,0.11,0.26,0.02,2.28,0.5,4.7,1.45,16.46,1.99,npy,cpdag,5,7,4,SF,SF,0.57,0.125,16.46,1.99,4.115,0.4975,1.175,0.3625,4.115,0.4975
dag_5_nodes_7_edges_degrees_random,GRaSP,1.12,0.56,6.2,0.73,0.0,0.04,0.88,0.11,0.01,0.05,0.16,0.02,0.14,0.0,0.15,0.01,0.84,0.89,1.94,1.81,19.22,0.62,npy,cpdag,5,7,7,random,LT,0.12,0.12714285714285714,19.22,0.62,2.7457142857142856,0.08857142857142856,0.27714285714285714,0.25857142857142856,2.7457142857142856,0.08857142857142856
dag_5_nodes_7_edges_degrees_random,BOSS,1.35,0.52,6.38,0.64,0.0,0.0,0.91,0.09,0.0,0.0,0.16,0.02,0.14,0.0,0.15,0.01,0.62,0.64,1.6,1.6,19.18,0.6,npy,cpdag,5,7,7,random,LT,0.08857142857142856,0.09142857142857143,19.18,0.6,2.7399999999999998,0.08571428571428572,0.2285714285714286,0.2285714285714286,2.7399999999999998,0.08571428571428572
dag_5_nodes_7_edges_none_ER,GRaSP,1.57,0.87,5.3,1.2,0.0,0.02,0.75,0.17,0.01,0.05,0.19,0.14,0.13,0.05,0.16,0.02,1.74,1.17,4.44,2.63,16.86,1.09,npy,cpdag,5,7,7,ER,ER,0.24857142857142858,0.16714285714285712,16.86,1.09,2.4085714285714284,0.15571428571428572,0.6342857142857143,0.3757142857142857,2.4085714285714284,0.15571428571428572
dag_5_nodes_7_edges_none_ER,BOSS,1.86,0.98,5.48,1.16,0.0,0.02,0.78,0.16,0.01,0.05,0.18,0.14,0.13,0.04,0.16,0.02,1.56,1.15,3.74,2.76,16.8,1.09,npy,cpdag,5,7,7,ER,ER,0.22285714285714286,0.16428571428571428,16.8,1.09,2.4,0.15571428571428572,0.5342857142857144,0.39428571428571424,2.4,0.15571428571428572
dag_5_nodes_7_edges_none_SF,GRaSP,0.8,0.57,3.48,1.01,0.06,0.14,0.8,0.21,0.05,0.11,0.62,0.19,0.56,0.21,0.62,0.13,3.32,0.79,6.76,2.78,14.84,3.06,npy,cpdag,5,7,4,SF,SF,0.83,0.1975,14.84,3.06,3.71,0.765,1.69,0.695,3.71,0.765
dag_5_nodes_7_edges_none_SF,BOSS,0.96,0.58,3.64,0.98,0.06,0.13,0.84,0.21,0.05,0.1,0.63,0.2,0.59,0.21,0.64,0.13,3.32,0.62,7.2,2.99,15.38,3.06,npy,cpdag,5,7,4,SF,SF,0.83,0.155,15.38,3.06,3.845,0.765,1.8,0.7475,3.845,0.765
dag_5_nodes_7_edges_none_random,GRaSP,0.79,0.3,6.2,1.07,0.03,0.06,0.85,0.14,0.07,0.14,0.7,0.11,0.62,0.12,0.65,0.1,3.06,0.93,4.92,2.66,18.96,0.97,npy,cpdag,5,7,7,random,LT,0.43714285714285717,0.13285714285714287,18.96,0.97,2.7085714285714286,0.13857142857142857,0.7028571428571428,0.38,2.7085714285714286,0.13857142857142857
dag_5_nodes_7_edges_none_random,BOSS,0.9,0.34,6.26,0.8,0.01,0.05,0.88,0.12,0.03,0.09,0.74,0.1,0.66,0.1,0.69,0.09,2.78,0.89,4.84,2.05,19.34,0.63,npy,cpdag,5,7,7,random,LT,0.39714285714285713,0.12714285714285714,19.34,0.63,2.762857142857143,0.09,0.6914285714285714,0.2928571428571428,2.762857142857143,0.09
dag_5_nodes_7_edges_semantics_ER,GRaSP,0.77,0.31,6.36,1.1,0.07,0.07,0.84,0.14,0.16,0.17,0.29,0.08,0.26,0.06,0.27,0.06,4.78,0.74,5.88,3.15,19.04,1.28,npy,cpdag,5,7,7,ER,ER,0.6828571428571429,0.10571428571428572,19.04,1.28,2.7199999999999998,0.18285714285714286,0.84,0.45,2.7199999999999998,0.18285714285714286
dag_5_nodes_7_edges_semantics_ER,BOSS,0.92,0.3,6.42,0.99,0.07,0.07,0.85,0.12,0.16,0.17,0.29,0.08,0.26,0.06,0.28,0.05,4.86,0.81,5.6,3.66,19.24,1.24,npy,cpdag,5,7,7,ER,ER,0.6942857142857143,0.11571428571428573,19.24,1.24,2.748571428571428,0.17714285714285713,0.7999999999999999,0.5228571428571429,2.748571428571428,0.17714285714285713
dag_5_nodes_7_edges_semantics_SF,GRaSP,1.12,0.5,3.58,0.7,0.01,0.05,0.89,0.18,0.0,0.02,0.71,0.08,0.64,0.18,0.67,0.14,2.04,0.28,6.46,2.43,14.7,2.16,npy,cpdag,5,7,4,SF,SF,0.51,0.07,14.7,2.16,3.675,0.54,1.615,0.6075,3.675,0.54
dag_5_nodes_7_edges_semantics_SF,BOSS,1.3,0.61,3.66,0.69,0.0,0.0,0.92,0.17,0.0,0.0,0.71,0.08,0.66,0.17,0.68,0.14,2.0,0.0,6.92,2.11,14.98,2.07,npy,cpdag,5,7,4,SF,SF,0.5,0.0,14.98,2.07,3.745,0.5175,1.73,0.5275,3.745,0.5175
dag_5_nodes_7_edges_semantics_random,GRaSP,1.15,0.51,6.02,0.91,0.0,0.0,0.86,0.13,0.0,0.0,0.42,0.1,0.36,0.09,0.38,0.09,0.98,0.91,2.64,2.72,19.1,1.18,npy,cpdag,5,7,7,random,LT,0.13999999999999999,0.13,19.1,1.18,2.7285714285714286,0.16857142857142857,0.37714285714285717,0.3885714285714286,2.7285714285714286,0.16857142857142857
dag_5_nodes_7_edges_semantics_random,BOSS,1.32,0.54,6.24,0.94,0.0,0.0,0.89,0.13,0.0,0.0,0.42,0.09,0.37,0.09,0.39,0.08,0.76,0.94,2.12,2.78,19.06,1.02,npy,cpdag,5,7,7,random,LT,0.10857142857142857,0.13428571428571429,19.06,1.02,2.722857142857143,0.1457142857142857,0.3028571428571429,0.39714285714285713,2.722857142857143,0.1457142857142857
dag_10_nodes_10_edges_degrees_ER,MPC,0.02,0.0,8.94,0.68,0.0,0.01,0.89,0.07,0.0,0.0,0.55,0.03,0.49,0.07,0.52,0.05,5.1,0.68,5.4,3.33,44.92,0.67,npy,cpdag,10,10,10,ER,ER,0.51,0.068,44.92,0.67,4.492,0.067,0.54,0.333,4.492,0.067
dag_10_nodes_10_edges_degrees_ER,MPC-LLM,0.02,0.0,8.94,0.68,0.0,0.01,0.89,0.07,0.0,0.0,0.55,0.03,0.49,0.07,0.52,0.05,5.1,0.68,5.4,3.33,44.92,0.67,npy,cpdag,10,10,10,ER,ER,0.51,0.068,44.92,0.67,4.492,0.067,0.54,0.333,4.492,0.067
dag_10_nodes_10_edges_degrees_SF,MPC,0.02,0.0,7.48,0.58,0.02,0.04,0.82,0.05,0.0,0.01,0.58,0.04,0.48,0.05,0.53,0.04,7.14,0.35,17.82,14.31,52.04,4.32,npy,cpdag,10,10,9,SF,SF,0.7933333333333333,0.03888888888888889,52.04,4.32,5.782222222222222,0.48000000000000004,1.98,1.59,5.782222222222222,0.48000000000000004
dag_10_nodes_10_edges_degrees_SF,MPC-LLM,0.02,0.0,7.48,0.58,0.02,0.04,0.82,0.05,0.0,0.01,0.58,0.04,0.48,0.05,0.53,0.04,7.14,0.35,17.82,14.31,52.04,4.32,npy,cpdag,10,10,9,SF,SF,0.7933333333333333,0.03888888888888889,52.04,4.32,5.782222222222222,0.48000000000000004,1.98,1.59,5.782222222222222,0.48000000000000004
dag_10_nodes_10_edges_degrees_random,MPC,0.01,0.0,6.46,0.89,0.02,0.05,0.63,0.09,0.0,0.01,0.63,0.08,0.41,0.08,0.5,0.08,8.7,0.61,25.34,3.4,54.26,3.31,npy,cpdag,10,10,10,random,LT,0.8699999999999999,0.061,54.26,3.31,5.426,0.331,2.534,0.33999999999999997,5.426,0.331
dag_10_nodes_10_edges_degrees_random,MPC-LLM,0.01,0.0,6.46,0.89,0.02,0.05,0.63,0.09,0.0,0.01,0.63,0.08,0.41,0.08,0.5,0.08,8.7,0.61,25.34,3.4,54.26,3.31,npy,cpdag,10,10,10,random,LT,0.8699999999999999,0.061,54.26,3.31,5.426,0.331,2.534,0.33999999999999997,5.426,0.331
dag_10_nodes_10_edges_none_ER,MPC,0.03,0.0,9.06,0.24,0.0,0.0,0.91,0.02,0.0,0.0,0.67,0.01,0.61,0.02,0.64,0.02,5.94,0.24,6.58,1.68,55.06,0.24,npy,cpdag,10,10,10,ER,ER,0.5940000000000001,0.024,55.06,0.24,5.506,0.024,0.658,0.16799999999999998,5.506,0.024
dag_10_nodes_10_edges_none_ER,MPC-LLM,0.03,0.0,9.06,0.24,0.0,0.0,0.91,0.02,0.0,0.0,0.67,0.01,0.61,0.02,0.64,0.02,5.94,0.24,6.58,1.68,55.06,0.24,npy,cpdag,10,10,10,ER,ER,0.5940000000000001,0.024,55.06,0.24,5.506,0.024,0.658,0.16799999999999998,5.506,0.024
dag_10_nodes_10_edges_none_SF,MPC,0.01,0.01,4.76,0.96,0.03,0.08,0.51,0.1,0.01,0.01,0.23,0.06,0.12,0.02,0.15,0.03,9.14,0.5,29.74,7.58,44.64,6.76,npy,cpdag,10,10,9,SF,SF,1.0155555555555555,0.05555555555555555,44.64,6.76,4.96,0.7511111111111111,3.304444444444444,0.8422222222222222,4.96,0.7511111111111111
dag_10_nodes_10_edges_none_SF,MPC-LLM,0.01,0.0,4.76,0.96,0.03,0.08,0.51,0.1,0.01,0.01,0.23,0.06,0.12,0.02,0.15,0.03,9.14,0.5,29.74,7.58,44.64,6.76,npy,cpdag,10,10,9,SF,SF,1.0155555555555555,0.05555555555555555,44.64,6.76,4.96,0.7511111111111111,3.304444444444444,0.8422222222222222,4.96,0.7511111111111111
dag_10_nodes_10_edges_none_random,MPC,0.03,0.01,8.72,0.73,0.01,0.04,0.86,0.06,0.0,0.01,0.64,0.04,0.56,0.06,0.6,0.05,7.1,0.36,10.42,13.91,56.84,4.64,npy,cpdag,10,10,10,random,LT,0.71,0.036,56.84,4.64,5.684,0.46399999999999997,1.042,1.391,5.684,0.46399999999999997
dag_10_nodes_10_edges_none_random,MPC-LLM,0.02,0.0,8.72,0.73,0.01,0.04,0.86,0.06,0.0,0.01,0.64,0.04,0.56,0.06,0.6,0.05,7.1,0.36,10.42,13.91,56.84,4.64,npy,cpdag,10,10,10,random,LT,0.71,0.036,56.84,4.64,5.684,0.46399999999999997,1.042,1.391,5.684,0.46399999999999997
dag_10_nodes_10_edges_semantics_ER,MPC,0.01,0.0,7.08,0.44,0.01,0.04,0.7,0.04,0.0,0.01,0.71,0.03,0.5,0.04,0.58,0.04,6.16,0.42,22.5,3.33,60.54,1.63,npy,cpdag,10,10,10,ER,ER,0.616,0.041999999999999996,60.54,1.63,6.054,0.16299999999999998,2.25,0.333,6.054,0.16299999999999998
dag_10_nodes_10_edges_semantics_ER,MPC-LLM,0.01,0.0,7.06,0.47,0.01,0.03,0.7,0.04,0.0,0.01,0.71,0.03,0.5,0.04,0.59,0.03,6.14,0.35,22.5,3.33,60.7,1.57,npy,cpdag,10,10,10,ER,ER,0.614,0.034999999999999996,60.7,1.57,6.07,0.157,2.25,0.333,6.07,0.157
dag_10_nodes_10_edges_semantics_SF,MPC,0.01,0.0,6.64,0.72,0.03,0.06,0.72,0.07,0.01,0.01,0.61,0.07,0.44,0.0,0.51,0.02,8.2,0.45,30.66,5.97,48.44,6.28,npy,cpdag,10,10,9,SF,SF,0.911111111111111,0.05,48.44,6.28,5.382222222222222,0.6977777777777778,3.4066666666666667,0.6633333333333333,5.382222222222222,0.6977777777777778
dag_10_nodes_10_edges_semantics_SF,MPC-LLM,0.01,0.0,6.64,0.72,0.03,0.06,0.72,0.07,0.01,0.01,0.61,0.07,0.44,0.0,0.51,0.02,8.2,0.45,30.66,5.97,48.44,6.28,npy,cpdag,10,10,9,SF,SF,0.911111111111111,0.05,48.44,6.28,5.382222222222222,0.6977777777777778,3.4066666666666667,0.6633333333333333,5.382222222222222,0.6977777777777778
dag_10_nodes_10_edges_semantics_random,MPC,0.03,0.01,8.28,0.78,0.01,0.02,0.82,0.07,0.0,0.01,0.58,0.05,0.48,0.06,0.53,0.05,8.06,0.24,5.04,8.97,72.32,5.22,npy,cpdag,10,10,10,random,LT,0.806,0.024,72.32,5.22,7.231999999999999,0.522,0.504,0.897,7.231999999999999,0.522
dag_10_nodes_10_edges_semantics_random,MPC-LLM,0.03,0.0,8.28,0.78,0.01,0.02,0.82,0.07,0.0,0.01,0.58,0.05,0.48,0.06,0.53,0.05,8.06,0.24,5.04,8.97,72.32,5.22,npy,cpdag,10,10,10,random,LT,0.806,0.024,72.32,5.22,7.231999999999999,0.522,0.504,0.897,7.231999999999999,0.522
dag_10_nodes_15_edges_degrees_ER,MPC,0.04,0.0,11.08,0.27,0.01,0.02,0.73,0.0,0.0,0.01,0.36,0.01,0.27,0.0,0.31,0.0,13.08,0.27,15.94,0.24,86.0,0.0,npy,cpdag,10,15,15,ER,ER,0.872,0.018000000000000002,86.0,0.0,5.733333333333333,0.0,1.0626666666666666,0.016,5.733333333333333,0.0
dag_10_nodes_15_edges_degrees_ER,MPC-LLM,0.04,0.0,11.08,0.27,0.01,0.02,0.73,0.0,0.0,0.01,0.36,0.01,0.27,0.0,0.31,0.0,13.08,0.27,15.94,0.24,86.0,0.0,npy,cpdag,10,15,15,ER,ER,0.872,0.018000000000000002,86.0,0.0,5.733333333333333,0.0,1.0626666666666666,0.016,5.733333333333333,0.0
dag_10_nodes_15_edges_degrees_SF,MPC,0.12,0.04,13.5,1.13,0.02,0.04,0.78,0.07,0.01,0.02,0.45,0.05,0.36,0.06,0.4,0.05,15.3,0.51,8.98,4.6,83.58,5.35,npy,cpdag,10,15,17,SF,SF,0.9,0.03,83.58,5.35,4.916470588235294,0.31470588235294117,0.5282352941176471,0.27058823529411763,4.916470588235294,0.31470588235294117
dag_10_nodes_15_edges_degrees_SF,MPC-LLM,0.11,0.03,13.5,1.13,0.02,0.04,0.78,0.07,0.01,0.02,0.45,0.05,0.36,0.06,0.4,0.05,15.3,0.51,8.98,4.6,83.58,5.35,npy,cpdag,10,15,17,SF,SF,0.9,0.03,83.58,5.35,4.916470588235294,0.31470588235294117,0.5282352941176471,0.27058823529411763,4.916470588235294,0.31470588235294117
dag_10_nodes_15_edges_degrees_random,MPC,0.04,0.01,11.1,0.97,0.07,0.05,0.68,0.05,0.03,0.02,0.44,0.05,0.33,0.02,0.38,0.03,14.84,0.55,20.88,2.17,86.5,0.74,npy,cpdag,10,15,15,random,LT,0.9893333333333333,0.03666666666666667,86.5,0.74,5.766666666666667,0.04933333333333333,1.392,0.14466666666666667,5.766666666666667,0.04933333333333333
dag_10_nodes_15_edges_degrees_random,MPC-LLM,0.04,0.01,11.1,0.97,0.07,0.05,0.68,0.05,0.03,0.02,0.44,0.05,0.33,0.02,0.38,0.03,14.84,0.55,20.88,2.17,86.5,0.74,npy,cpdag,10,15,15,random,LT,0.9893333333333333,0.03666666666666667,86.5,0.74,5.766666666666667,0.04933333333333333,1.392,0.14466666666666667,5.766666666666667,0.04933333333333333
dag_10_nodes_15_edges_none_ER,MPC,0.06,0.01,12.46,0.79,0.0,0.0,0.83,0.05,0.0,0.0,0.55,0.03,0.46,0.02,0.5,0.02,10.14,0.35,7.5,3.03,78.4,4.54,npy,cpdag,10,15,15,ER,ER,0.676,0.02333333333333333,78.4,4.54,5.2266666666666675,0.3026666666666667,0.5,0.20199999999999999,5.2266666666666675,0.3026666666666667
dag_10_nodes_15_edges_none_ER,MPC-LLM,0.05,0.0,12.46,0.79,0.0,0.0,0.83,0.05,0.0,0.0,0.55,0.03,0.46,0.02,0.5,0.02,10.14,0.35,7.5,3.03,78.4,4.54,npy,cpdag,10,15,15,ER,ER,0.676,0.02333333333333333,78.4,4.54,5.2266666666666675,0.3026666666666667,0.5,0.20199999999999999,5.2266666666666675,0.3026666666666667
dag_10_nodes_15_edges_none_SF,MPC,0.06,0.02,12.44,1.16,0.05,0.05,0.69,0.06,0.02,0.02,0.52,0.05,0.38,0.05,0.44,0.05,15.66,0.66,8.62,2.35,82.98,5.93,npy,cpdag,10,15,17,SF,SF,0.9211764705882353,0.03882352941176471,82.98,5.93,4.881176470588236,0.3488235294117647,0.5070588235294117,0.13823529411764707,4.881176470588236,0.3488235294117647
dag_10_nodes_15_edges_none_SF,MPC-LLM,0.06,0.02,12.44,1.16,0.05,0.05,0.69,0.06,0.02,0.02,0.52,0.05,0.38,0.05,0.44,0.05,15.66,0.66,8.62,2.35,82.98,5.93,npy,cpdag,10,15,17,SF,SF,0.9211764705882353,0.03882352941176471,82.98,5.93,4.881176470588236,0.3488235294117647,0.5070588235294117,0.13823529411764707,4.881176470588236,0.3488235294117647
dag_10_nodes_15_edges_none_random,MPC,0.09,0.01,12.16,0.68,0.01,0.02,0.8,0.05,0.0,0.01,0.43,0.03,0.35,0.03,0.38,0.03,13.1,0.3,11.54,11.72,69.26,7.86,npy,cpdag,10,15,15,random,LT,0.8733333333333333,0.02,69.26,7.86,4.617333333333334,0.524,0.7693333333333333,0.7813333333333333,4.617333333333334,0.524
dag_10_nodes_15_edges_none_random,MPC-LLM,0.09,0.01,12.16,0.68,0.01,0.02,0.8,0.05,0.0,0.01,0.43,0.03,0.35,0.03,0.38,0.03,13.1,0.3,11.54,11.72,69.26,7.86,npy,cpdag,10,15,15,random,LT,0.8733333333333333,0.02,69.26,7.86,4.617333333333334,0.524,0.7693333333333333,0.7813333333333333,4.617333333333334,0.524
dag_10_nodes_15_edges_semantics_ER,MPC,0.05,0.0,10.44,0.79,0.0,0.0,0.7,0.05,0.0,0.0,0.35,0.04,0.24,0.04,0.28,0.04,12.0,0.0,11.2,1.9,69.46,4.37,npy,cpdag,10,15,15,ER,ER,0.8,0.0,69.46,4.37,4.6306666666666665,0.29133333333333333,0.7466666666666666,0.12666666666666665,4.6306666666666665,0.29133333333333333
dag_10_nodes_15_edges_semantics_ER,MPC-LLM,0.04,0.0,10.44,0.79,0.0,0.0,0.7,0.05,0.0,0.0,0.35,0.04,0.24,0.04,0.28,0.04,12.0,0.0,11.2,1.9,69.46,4.37,npy,cpdag,10,15,15,ER,ER,0.8,0.0,69.46,4.37,4.6306666666666665,0.29133333333333333,0.7466666666666666,0.12666666666666665,4.6306666666666665,0.29133333333333333
dag_10_nodes_15_edges_semantics_SF,MPC,0.06,0.01,12.28,1.29,0.03,0.04,0.7,0.07,0.01,0.02,0.5,0.04,0.36,0.05,0.42,0.05,16.4,0.53,16.56,3.74,75.48,2.18,npy,cpdag,10,15,17,SF,SF,0.9647058823529411,0.031176470588235295,75.48,2.18,4.44,0.12823529411764706,0.9741176470588234,0.22,4.44,0.12823529411764706
dag_10_nodes_15_edges_semantics_SF,MPC-LLM,0.06,0.01,12.22,1.22,0.03,0.04,0.69,0.07,0.01,0.02,0.5,0.04,0.36,0.05,0.42,0.05,16.42,0.54,16.82,3.43,75.42,2.2,npy,cpdag,10,15,17,SF,SF,0.9658823529411765,0.031764705882352945,75.42,2.2,4.436470588235294,0.12941176470588237,0.9894117647058823,0.20176470588235296,4.436470588235294,0.12941176470588237
dag_10_nodes_15_edges_semantics_random,MPC,0.04,0.01,10.0,0.81,0.01,0.03,0.66,0.05,0.0,0.01,0.24,0.04,0.16,0.04,0.19,0.04,12.02,0.38,14.62,3.21,70.16,3.96,npy,cpdag,10,15,15,random,LT,0.8013333333333333,0.025333333333333333,70.16,3.96,4.677333333333333,0.264,0.9746666666666666,0.214,4.677333333333333,0.264
dag_10_nodes_15_edges_semantics_random,MPC-LLM,0.04,0.01,10.0,0.81,0.01,0.03,0.66,0.05,0.0,0.01,0.24,0.04,0.16,0.04,0.19,0.04,12.02,0.38,14.62,3.21,70.16,3.96,npy,cpdag,10,15,15,random,LT,0.8013333333333333,0.025333333333333333,70.16,3.96,4.677333333333333,0.264,0.9746666666666666,0.214,4.677333333333333,0.264
dag_15_nodes_15_edges_degrees_ER,MPC,0.03,0.01,11.28,1.05,0.01,0.02,0.75,0.07,0.0,0.0,0.4,0.04,0.3,0.04,0.34,0.04,10.58,0.64,11.2,8.28,74.78,6.61,npy,cpdag,15,15,15,ER,ER,0.7053333333333334,0.042666666666666665,74.78,6.61,4.985333333333333,0.4406666666666667,0.7466666666666666,0.5519999999999999,4.985333333333333,0.4406666666666667
dag_15_nodes_15_edges_degrees_ER,MPC-LLM,0.03,0.01,11.28,1.05,0.01,0.02,0.75,0.07,0.0,0.0,0.4,0.04,0.3,0.04,0.34,0.04,10.58,0.64,11.2,8.28,74.78,6.61,npy,cpdag,15,15,15,ER,ER,0.7053333333333334,0.042666666666666665,74.78,6.61,4.985333333333333,0.4406666666666667,0.7466666666666666,0.5519999999999999,4.985333333333333,0.4406666666666667
dag_15_nodes_15_edges_degrees_SF,MPC,0.03,0.01,10.64,0.98,0.02,0.04,0.74,0.06,0.0,0.01,0.55,0.04,0.42,0.03,0.47,0.03,11.26,0.53,8.46,12.89,96.62,8.37,npy,cpdag,15,15,14,SF,SF,0.8042857142857143,0.03785714285714286,96.62,8.37,6.901428571428572,0.5978571428571428,0.6042857142857143,0.9207142857142857,6.901428571428572,0.5978571428571428
dag_15_nodes_15_edges_degrees_SF,MPC-LLM,0.03,0.01,10.64,0.98,0.02,0.04,0.74,0.06,0.0,0.01,0.55,0.04,0.42,0.03,0.47,0.03,11.26,0.53,8.46,12.89,96.62,8.37,npy,cpdag,15,15,14,SF,SF,0.8042857142857143,0.03785714285714286,96.62,8.37,6.901428571428572,0.5978571428571428,0.6042857142857143,0.9207142857142857,6.901428571428572,0.5978571428571428
dag_15_nodes_15_edges_degrees_random,MPC,0.04,0.0,13.28,0.81,0.01,0.02,0.88,0.05,0.0,0.0,0.39,0.04,0.35,0.05,0.37,0.05,10.5,0.58,5.56,2.44,94.8,7.11,npy,cpdag,15,15,15,random,LT,0.7,0.03866666666666666,94.8,7.11,6.319999999999999,0.47400000000000003,0.37066666666666664,0.16266666666666665,6.319999999999999,0.47400000000000003
dag_15_nodes_15_edges_degrees_random,MPC-LLM,0.04,0.0,13.28,0.81,0.01,0.02,0.88,0.05,0.0,0.0,0.39,0.04,0.35,0.05,0.37,0.05,10.5,0.58,5.56,2.44,94.8,7.11,npy,cpdag,15,15,15,random,LT,0.7,0.03866666666666666,94.8,7.11,6.319999999999999,0.47400000000000003,0.37066666666666664,0.16266666666666665,6.319999999999999,0.47400000000000003
dag_15_nodes_15_edges_none_ER,MPC,0.04,0.0,12.9,0.46,0.0,0.02,0.86,0.02,0.0,0.0,0.76,0.02,0.66,0.02,0.71,0.02,9.06,0.24,6.68,1.7,96.46,2.53,npy,cpdag,15,15,15,ER,ER,0.604,0.016,96.46,2.53,6.430666666666666,0.16866666666666666,0.4453333333333333,0.11333333333333333,6.430666666666666,0.16866666666666666
dag_15_nodes_15_edges_none_ER,MPC-LLM,0.04,0.0,12.9,0.46,0.0,0.02,0.86,0.02,0.0,0.0,0.76,0.02,0.66,0.02,0.71,0.02,9.06,0.24,6.68,1.7,96.46,2.53,npy,cpdag,15,15,15,ER,ER,0.604,0.016,96.46,2.53,6.430666666666666,0.16866666666666666,0.4453333333333333,0.11333333333333333,6.430666666666666,0.16866666666666666
dag_15_nodes_15_edges_none_SF,MPC,0.05,0.02,9.2,1.07,0.03,0.05,0.64,0.07,0.0,0.01,0.3,0.07,0.2,0.06,0.24,0.06,13.26,0.53,41.92,22.54,92.3,10.19,npy,cpdag,15,15,14,SF,SF,0.9471428571428572,0.03785714285714286,92.3,10.19,6.5928571428571425,0.7278571428571429,2.994285714285714,1.6099999999999999,6.5928571428571425,0.7278571428571429
dag_15_nodes_15_edges_none_SF,MPC-LLM,0.05,0.02,9.2,1.07,0.03,0.05,0.64,0.07,0.0,0.01,0.3,0.07,0.2,0.06,0.24,0.06,13.26,0.53,41.92,22.54,92.3,10.19,npy,cpdag,15,15,14,SF,SF,0.9471428571428572,0.03785714285714286,92.3,10.19,6.5928571428571425,0.7278571428571429,2.994285714285714,1.6099999999999999,6.5928571428571425,0.7278571428571429
dag_15_nodes_15_edges_none_random,MPC,0.05,0.0,13.16,0.42,0.0,0.01,0.88,0.03,0.0,0.0,0.53,0.02,0.47,0.0,0.5,0.01,11.02,0.14,1.86,0.4,121.12,3.24,npy,cpdag,15,15,15,random,LT,0.7346666666666667,0.009333333333333334,121.12,3.24,8.074666666666667,0.21600000000000003,0.12400000000000001,0.02666666666666667,8.074666666666667,0.21600000000000003
dag_15_nodes_15_edges_none_random,MPC-LLM,0.04,0.0,13.16,0.42,0.0,0.01,0.88,0.03,0.0,0.0,0.53,0.02,0.47,0.0,0.5,0.01,11.02,0.14,1.86,0.4,121.12,3.24,npy,cpdag,15,15,15,random,LT,0.7346666666666667,0.009333333333333334,121.12,3.24,8.074666666666667,0.21600000000000003,0.12400000000000001,0.02666666666666667,8.074666666666667,0.21600000000000003
dag_15_nodes_15_edges_semantics_ER,MPC,0.03,0.0,11.38,0.9,0.01,0.03,0.75,0.06,0.0,0.0,0.57,0.05,0.43,0.04,0.49,0.04,12.1,0.3,23.9,14.3,71.78,6.54,npy,cpdag,15,15,15,ER,ER,0.8066666666666666,0.02,71.78,6.54,4.785333333333333,0.436,1.5933333333333333,0.9533333333333334,4.785333333333333,0.436
dag_15_nodes_15_edges_semantics_ER,MPC-LLM,0.03,0.0,11.38,0.9,0.01,0.03,0.75,0.06,0.0,0.0,0.57,0.05,0.43,0.04,0.49,0.04,12.1,0.3,23.9,14.3,71.78,6.54,npy,cpdag,15,15,15,ER,ER,0.8066666666666666,0.02,71.78,6.54,4.785333333333333,0.436,1.5933333333333333,0.9533333333333334,4.785333333333333,0.436
dag_15_nodes_15_edges_semantics_SF,MPC,0.03,0.0,9.16,1.02,0.03,0.05,0.64,0.06,0.0,0.01,0.4,0.04,0.26,0.04,0.32,0.04,11.64,0.6,12.18,16.8,87.98,4.75,npy,cpdag,15,15,14,SF,SF,0.8314285714285715,0.04285714285714286,87.98,4.75,6.284285714285715,0.3392857142857143,0.87,1.2,6.284285714285715,0.3392857142857143
dag_15_nodes_15_edges_semantics_SF,MPC-LLM,0.03,0.0,9.16,1.02,0.03,0.05,0.64,0.06,0.0,0.01,0.4,0.04,0.26,0.04,0.32,0.04,11.64,0.6,12.18,16.8,87.98,4.75,npy,cpdag,15,15,14,SF,SF,0.8314285714285715,0.04285714285714286,87.98,4.75,6.284285714285715,0.3392857142857143,0.87,1.2,6.284285714285715,0.3392857142857143
dag_15_nodes_15_edges_semantics_random,MPC,0.04,0.0,12.84,0.71,0.01,0.02,0.85,0.04,0.0,0.0,0.73,0.03,0.63,0.04,0.67,0.03,14.12,0.33,13.84,5.02,154.44,6.59,npy,cpdag,15,15,15,random,LT,0.9413333333333332,0.022000000000000002,154.44,6.59,10.296,0.4393333333333333,0.9226666666666666,0.3346666666666666,10.296,0.4393333333333333
dag_15_nodes_15_edges_semantics_random,MPC-LLM,0.04,0.0,12.84,0.71,0.01,0.02,0.85,0.04,0.0,0.0,0.73,0.03,0.63,0.04,0.67,0.03,14.12,0.33,13.84,5.02,154.44,6.59,npy,cpdag,15,15,15,random,LT,0.9413333333333332,0.022000000000000002,154.44,6.59,10.296,0.4393333333333333,0.9226666666666666,0.3346666666666666,10.296,0.4393333333333333
dag_15_nodes_22_edges_degrees_ER,MPC,0.05,0.0,13.16,0.68,0.01,0.03,0.59,0.03,0.0,0.0,0.23,0.02,0.14,0.01,0.17,0.01,20.16,0.37,47.88,2.88,169.74,5.05,npy,cpdag,15,22,22,ER,ER,0.9163636363636364,0.01681818181818182,169.74,5.05,7.715454545454546,0.22954545454545452,2.1763636363636363,0.1309090909090909,7.715454545454546,0.22954545454545452
dag_15_nodes_22_edges_degrees_ER,MPC-LLM,0.05,0.0,13.16,0.68,0.01,0.03,0.59,0.03,0.0,0.0,0.23,0.02,0.14,0.01,0.17,0.01,20.16,0.37,47.88,2.88,169.74,5.05,npy,cpdag,15,22,22,ER,ER,0.9163636363636364,0.01681818181818182,169.74,5.05,7.715454545454546,0.22954545454545452,2.1763636363636363,0.1309090909090909,7.715454545454546,0.22954545454545452
dag_15_nodes_22_edges_degrees_SF,MPC,0.03,0.01,8.78,1.13,0.03,0.06,0.61,0.07,0.0,0.01,0.38,0.04,0.24,0.03,0.29,0.04,13.28,0.54,18.9,13.68,82.58,11.03,npy,cpdag,15,22,14,SF,SF,0.9485714285714285,0.038571428571428576,82.58,11.03,5.898571428571429,0.7878571428571428,1.3499999999999999,0.9771428571428571,5.898571428571429,0.7878571428571428
dag_15_nodes_22_edges_degrees_SF,MPC-LLM,0.03,0.01,8.78,1.13,0.03,0.06,0.61,0.07,0.0,0.01,0.38,0.04,0.24,0.03,0.29,0.04,13.28,0.54,18.9,13.68,82.58,11.03,npy,cpdag,15,22,14,SF,SF,0.9485714285714285,0.038571428571428576,82.58,11.03,5.898571428571429,0.7878571428571428,1.3499999999999999,0.9771428571428571,5.898571428571429,0.7878571428571428
dag_15_nodes_22_edges_degrees_random,MPC,0.07,0.01,16.4,0.9,0.02,0.03,0.73,0.04,0.0,0.01,0.54,0.03,0.4,0.03,0.46,0.03,19.3,0.51,31.64,5.29,176.08,6.13,npy,cpdag,15,22,22,random,LT,0.8772727272727273,0.023181818181818182,176.08,6.13,8.003636363636364,0.2786363636363636,1.4381818181818182,0.24045454545454545,8.003636363636364,0.2786363636363636
dag_15_nodes_22_edges_degrees_random,MPC-LLM,0.07,0.01,16.4,0.9,0.02,0.03,0.73,0.04,0.0,0.01,0.54,0.03,0.4,0.03,0.46,0.03,19.3,0.51,31.64,5.29,176.08,6.13,npy,cpdag,15,22,22,random,LT,0.8772727272727273,0.023181818181818182,176.08,6.13,8.003636363636364,0.2786363636363636,1.4381818181818182,0.24045454545454545,8.003636363636364,0.2786363636363636
dag_15_nodes_22_edges_none_ER,MPC,0.08,0.01,16.6,0.88,0.01,0.02,0.75,0.04,0.0,0.0,0.37,0.03,0.28,0.03,0.32,0.03,19.14,0.4,25.54,3.14,148.48,5.64,npy,cpdag,15,22,22,ER,ER,0.87,0.018181818181818184,148.48,5.64,6.749090909090909,0.25636363636363635,1.160909090909091,0.14272727272727273,6.749090909090909,0.25636363636363635
dag_15_nodes_22_edges_none_ER,MPC-LLM,0.07,0.01,16.6,0.88,0.01,0.02,0.75,0.04,0.0,0.0,0.37,0.03,0.28,0.03,0.32,0.03,19.14,0.4,25.54,3.14,148.48,5.64,npy,cpdag,15,22,22,ER,ER,0.87,0.018181818181818184,148.48,5.64,6.749090909090909,0.25636363636363635,1.160909090909091,0.14272727272727273,6.749090909090909,0.25636363636363635
dag_15_nodes_22_edges_none_SF,MPC,0.03,0.0,10.7,0.65,0.02,0.03,0.75,0.04,0.0,0.0,0.71,0.03,0.54,0.04,0.61,0.03,10.16,0.37,30.32,27.56,96.94,2.53,npy,cpdag,15,22,14,SF,SF,0.7257142857142858,0.02642857142857143,96.94,2.53,6.924285714285714,0.1807142857142857,2.165714285714286,1.9685714285714284,6.924285714285714,0.1807142857142857
dag_15_nodes_22_edges_none_SF,MPC-LLM,0.03,0.0,10.7,0.65,0.02,0.03,0.75,0.04,0.0,0.0,0.71,0.03,0.54,0.04,0.61,0.03,10.16,0.37,30.32,27.56,96.94,2.53,npy,cpdag,15,22,14,SF,SF,0.7257142857142858,0.02642857142857143,96.94,2.53,6.924285714285714,0.1807142857142857,2.165714285714286,1.9685714285714284,6.924285714285714,0.1807142857142857
dag_15_nodes_22_edges_none_random,MPC,0.1,0.02,17.46,0.73,0.01,0.02,0.79,0.03,0.0,0.0,0.36,0.02,0.29,0.02,0.32,0.02,19.14,0.35,25.18,3.95,170.62,5.12,npy,cpdag,15,22,22,random,LT,0.87,0.015909090909090907,170.62,5.12,7.755454545454546,0.23272727272727273,1.1445454545454545,0.17954545454545456,7.755454545454546,0.23272727272727273
dag_15_nodes_22_edges_none_random,MPC-LLM,0.1,0.01,17.46,0.73,0.01,0.02,0.79,0.03,0.0,0.0,0.36,0.02,0.29,0.02,0.32,0.02,19.14,0.35,25.18,3.95,170.62,5.12,npy,cpdag,15,22,22,random,LT,0.87,0.015909090909090907,170.62,5.12,7.755454545454546,0.23272727272727273,1.1445454545454545,0.17954545454545456,7.755454545454546,0.23272727272727273
dag_15_nodes_22_edges_semantics_ER,MPC,0.1,0.01,16.76,0.72,0.0,0.01,0.76,0.03,0.0,0.0,0.58,0.02,0.44,0.03,0.5,0.02,15.06,0.24,24.08,1.18,175.1,1.2,npy,cpdag,15,22,22,ER,ER,0.6845454545454546,0.010909090909090908,175.1,1.2,7.959090909090909,0.05454545454545454,1.0945454545454545,0.053636363636363635,7.959090909090909,0.05454545454545454
dag_15_nodes_22_edges_semantics_ER,MPC-LLM,0.1,0.01,16.76,0.72,0.0,0.01,0.76,0.03,0.0,0.0,0.58,0.02,0.44,0.03,0.5,0.02,15.06,0.24,24.08,1.18,175.1,1.2,npy,cpdag,15,22,22,ER,ER,0.6845454545454546,0.010909090909090908,175.1,1.2,7.959090909090909,0.05454545454545454,1.0945454545454545,0.053636363636363635,7.959090909090909,0.05454545454545454
dag_15_nodes_22_edges_semantics_SF,MPC,0.02,0.0,9.24,0.96,0.02,0.04,0.65,0.06,0.0,0.0,0.25,0.04,0.17,0.03,0.2,0.04,9.64,0.69,26.2,8.45,71.08,8.24,npy,cpdag,15,22,14,SF,SF,0.6885714285714286,0.04928571428571428,71.08,8.24,5.077142857142857,0.5885714285714286,1.8714285714285714,0.6035714285714285,5.077142857142857,0.5885714285714286
dag_15_nodes_22_edges_semantics_SF,MPC-LLM,0.02,0.0,9.24,0.96,0.02,0.04,0.65,0.06,0.0,0.0,0.25,0.04,0.17,0.03,0.2,0.04,9.64,0.69,26.2,8.45,71.08,8.24,npy,cpdag,15,22,14,SF,SF,0.6885714285714286,0.04928571428571428,71.08,8.24,5.077142857142857,0.5885714285714286,1.8714285714285714,0.6035714285714285,5.077142857142857,0.5885714285714286
dag_15_nodes_22_edges_semantics_random,MPC,0.1,0.03,15.34,1.04,0.01,0.02,0.69,0.05,0.0,0.0,0.43,0.04,0.3,0.03,0.35,0.03,15.54,1.03,38.14,7.29,144.74,7.15,npy,cpdag,15,22,22,random,LT,0.7063636363636363,0.04681818181818182,144.74,7.15,6.579090909090909,0.325,1.7336363636363636,0.33136363636363636,6.579090909090909,0.325
dag_15_nodes_22_edges_semantics_random,MPC-LLM,0.09,0.03,15.34,1.04,0.01,0.02,0.69,0.05,0.0,0.0,0.43,0.04,0.3,0.03,0.35,0.03,15.54,1.03,38.14,7.29,144.74,7.15,npy,cpdag,15,22,22,random,LT,0.7063636363636363,0.04681818181818182,144.74,7.15,6.579090909090909,0.325,1.7336363636363636,0.33136363636363636,6.579090909090909,0.325
dag_5_nodes_5_edges_degrees_ER,MPC,0.01,0.0,4.62,0.49,0.0,0.0,0.92,0.1,0.0,0.0,0.78,0.02,0.72,0.1,0.75,0.07,2.38,0.49,2.72,3.82,18.66,2.11,npy,cpdag,5,5,5,ER,ER,0.476,0.098,18.66,2.11,3.732,0.422,0.544,0.764,3.732,0.422
dag_5_nodes_5_edges_degrees_ER,MPC-LLM,0.01,0.0,4.62,0.49,0.0,0.0,0.92,0.1,0.0,0.0,0.78,0.02,0.72,0.1,0.75,0.07,2.38,0.49,2.72,3.82,18.66,2.11,npy,cpdag,5,5,5,ER,ER,0.476,0.098,18.66,2.11,3.732,0.422,0.544,0.764,3.732,0.422
dag_5_nodes_5_edges_degrees_SF,MPC,0.01,0.0,4.0,0.0,0.0,0.0,1.0,0.0,0.0,0.0,0.75,0.0,0.75,0.0,0.75,0.0,0.0,0.0,0.0,0.0,20.0,0.0,npy,cpdag,5,5,4,SF,SF,0.0,0.0,20.0,0.0,5.0,0.0,0.0,0.0,5.0,0.0
dag_5_nodes_5_edges_degrees_SF,MPC-LLM,0.01,0.0,4.0,0.0,0.0,0.0,1.0,0.0,0.0,0.0,0.75,0.0,0.75,0.0,0.75,0.0,0.0,0.0,0.0,0.0,20.0,0.0,npy,cpdag,5,5,4,SF,SF,0.0,0.0,20.0,0.0,5.0,0.0,0.0,0.0,5.0,0.0
dag_5_nodes_5_edges_degrees_random,MPC,0.0,0.0,3.0,0.0,0.0,0.0,0.6,0.0,0.0,0.0,0.33,0.0,0.2,0.0,0.25,0.0,4.0,0.0,10.0,0.0,19.0,0.0,npy,cpdag,5,5,5,random,LT,0.8,0.0,19.0,0.0,3.8,0.0,2.0,0.0,3.8,0.0
dag_5_nodes_5_edges_degrees_random,MPC-LLM,0.0,0.0,3.0,0.0,0.0,0.0,0.6,0.0,0.0,0.0,0.33,0.0,0.2,0.0,0.25,0.0,4.0,0.0,10.0,0.0,19.0,0.0,npy,cpdag,5,5,5,random,LT,0.8,0.0,19.0,0.0,3.8,0.0,2.0,0.0,3.8,0.0
dag_5_nodes_5_edges_none_ER,MPC,0.01,0.0,4.5,0.51,0.0,0.03,0.9,0.1,0.0,0.03,0.22,0.03,0.2,0.0,0.21,0.01,4.02,0.14,4.06,4.0,17.38,2.55,npy,cpdag,5,5,5,ER,ER,0.8039999999999999,0.028000000000000004,17.38,2.55,3.476,0.51,0.8119999999999999,0.8,3.476,0.51
dag_5_nodes_5_edges_none_ER,MPC-LLM,0.01,0.0,4.5,0.51,0.0,0.03,0.9,0.1,0.0,0.03,0.22,0.03,0.2,0.0,0.21,0.01,4.02,0.14,4.06,4.0,17.38,2.55,npy,cpdag,5,5,5,ER,ER,0.8039999999999999,0.028000000000000004,17.38,2.55,3.476,0.51,0.8119999999999999,0.8,3.476,0.51
dag_5_nodes_5_edges_none_SF,MPC,0.0,0.0,3.02,0.32,0.0,0.04,0.75,0.07,0.0,0.02,0.67,0.08,0.5,0.0,0.57,0.03,3.02,0.14,6.96,1.01,14.96,1.01,npy,cpdag,5,5,4,SF,SF,0.755,0.035,14.96,1.01,3.74,0.2525,1.74,0.2525,3.74,0.2525
dag_5_nodes_5_edges_none_SF,MPC-LLM,0.0,0.0,3.02,0.32,0.0,0.04,0.75,0.07,0.0,0.02,0.67,0.08,0.5,0.0,0.57,0.03,3.02,0.14,6.96,1.01,14.96,1.01,npy,cpdag,5,5,4,SF,SF,0.755,0.035,14.96,1.01,3.74,0.2525,1.74,0.2525,3.74,0.2525
dag_5_nodes_5_edges_none_random,MPC,0.01,0.0,5.02,0.14,0.0,0.02,1.0,0.0,0.0,0.03,0.4,0.01,0.4,0.0,0.4,0.01,2.02,0.14,0.08,0.57,20.0,0.0,npy,cpdag,5,5,5,random,LT,0.404,0.028000000000000004,20.0,0.0,4.0,0.0,0.016,0.11399999999999999,4.0,0.0
dag_5_nodes_5_edges_none_random,MPC-LLM,0.01,0.0,5.02,0.14,0.0,0.02,1.0,0.0,0.0,0.03,0.4,0.01,0.4,0.0,0.4,0.01,2.02,0.14,0.08,0.57,20.0,0.0,npy,cpdag,5,5,5,random,LT,0.404,0.028000000000000004,20.0,0.0,4.0,0.0,0.016,0.11399999999999999,4.0,0.0
dag_5_nodes_5_edges_semantics_ER,MPC,0.01,0.0,4.98,0.14,0.0,0.0,1.0,0.03,0.0,0.0,0.8,0.01,0.8,0.03,0.8,0.02,3.0,0.0,4.94,0.42,15.0,0.0,npy,cpdag,5,5,5,ER,ER,0.6,0.0,15.0,0.0,3.0,0.0,0.9880000000000001,0.08399999999999999,3.0,0.0
dag_5_nodes_5_edges_semantics_ER,MPC-LLM,0.01,0.0,4.98,0.14,0.0,0.0,1.0,0.03,0.0,0.0,0.8,0.01,0.8,0.03,0.8,0.02,3.0,0.0,4.94,0.42,15.0,0.0,npy,cpdag,5,5,5,ER,ER,0.6,0.0,15.0,0.0,3.0,0.0,0.9880000000000001,0.08399999999999999,3.0,0.0
dag_5_nodes_5_edges_semantics_SF,MPC,0.01,0.0,4.02,0.14,0.0,0.03,1.0,0.0,0.0,0.02,0.25,0.01,0.25,0.0,0.25,0.0,2.02,0.14,5.0,0.0,18.0,0.0,npy,cpdag,5,5,4,SF,SF,0.505,0.035,18.0,0.0,4.5,0.0,1.25,0.0,4.5,0.0
dag_5_nodes_5_edges_semantics_SF,MPC-LLM,0.01,0.0,4.02,0.14,0.0,0.03,1.0,0.0,0.0,0.02,0.25,0.01,0.25,0.0,0.25,0.0,2.02,0.14,5.0,0.0,18.0,0.0,npy,cpdag,5,5,4,SF,SF,0.505,0.035,18.0,0.0,4.5,0.0,1.25,0.0,4.5,0.0
dag_5_nodes_5_edges_semantics_random,MPC,0.01,0.0,5.0,0.2,0.0,0.02,1.0,0.03,0.0,0.03,0.8,0.03,0.8,0.0,0.8,0.02,3.02,0.14,0.02,0.14,18.92,0.57,npy,cpdag,5,5,5,random,LT,0.604,0.028000000000000004,18.92,0.57,3.7840000000000003,0.11399999999999999,0.004,0.028000000000000004,3.7840000000000003,0.11399999999999999
dag_5_nodes_5_edges_semantics_random,MPC-LLM,0.01,0.0,5.0,0.2,0.0,0.02,1.0,0.03,0.0,0.03,0.8,0.03,0.8,0.0,0.8,0.02,3.02,0.14,0.02,0.14,18.92,0.57,npy,cpdag,5,5,5,random,LT,0.604,0.028000000000000004,18.92,0.57,3.7840000000000003,0.11399999999999999,0.004,0.028000000000000004,3.7840000000000003,0.11399999999999999
dag_5_nodes_7_edges_degrees_ER,MPC,0.01,0.0,6.6,0.53,0.0,0.02,0.94,0.07,0.01,0.05,0.3,0.02,0.29,0.0,0.29,0.01,4.44,0.5,0.42,0.5,19.92,0.57,npy,cpdag,5,7,7,ER,ER,0.6342857142857143,0.07142857142857142,19.92,0.57,2.845714285714286,0.08142857142857142,0.06,0.07142857142857142,2.845714285714286,0.08142857142857142
dag_5_nodes_7_edges_degrees_ER,MPC-LLM,0.01,0.0,6.6,0.53,0.0,0.02,0.94,0.07,0.01,0.05,0.3,0.02,0.29,0.0,0.29,0.01,4.44,0.5,0.42,0.5,19.92,0.57,npy,cpdag,5,7,7,ER,ER,0.6342857142857143,0.07142857142857142,19.92,0.57,2.845714285714286,0.08142857142857142,0.06,0.07142857142857142,2.845714285714286,0.08142857142857142
dag_5_nodes_7_edges_degrees_SF,MPC,0.0,0.0,3.04,0.2,0.01,0.05,0.75,0.0,0.01,0.03,0.0,0.0,0.0,0.0,0.0,0.0,3.04,0.2,6.08,0.57,15.08,0.57,npy,cpdag,5,7,4,SF,SF,0.76,0.05,15.08,0.57,3.77,0.1425,1.52,0.1425,3.77,0.1425
dag_5_nodes_7_edges_degrees_SF,MPC-LLM,0.0,0.0,3.04,0.2,0.01,0.05,0.75,0.0,0.01,0.03,0.0,0.0,0.0,0.0,0.0,0.0,3.04,0.2,6.08,0.57,15.08,0.57,npy,cpdag,5,7,4,SF,SF,0.76,0.05,15.08,0.57,3.77,0.1425,1.52,0.1425,3.77,0.1425
dag_5_nodes_7_edges_degrees_random,MPC,0.01,0.0,4.62,0.64,0.07,0.09,0.61,0.07,0.11,0.16,0.01,0.04,0.01,0.03,0.16,0.01,3.06,0.74,11.24,2.62,20.0,0.0,npy,cpdag,5,7,7,random,LT,0.43714285714285717,0.10571428571428572,20.0,0.0,2.857142857142857,0.0,1.6057142857142856,0.3742857142857143,2.857142857142857,0.0
dag_5_nodes_7_edges_degrees_random,MPC-LLM,0.01,0.0,4.62,0.64,0.07,0.09,0.61,0.07,0.11,0.16,0.01,0.04,0.01,0.03,0.16,0.01,3.06,0.74,11.24,2.62,20.0,0.0,npy,cpdag,5,7,7,random,LT,0.43714285714285717,0.10571428571428572,20.0,0.0,2.857142857142857,0.0,1.6057142857142856,0.3742857142857143,2.857142857142857,0.0
dag_5_nodes_7_edges_none_ER,MPC,0.01,0.0,6.38,0.57,0.0,0.02,0.91,0.08,0.01,0.05,0.16,0.01,0.14,0.0,0.15,0.01,0.66,0.59,4.7,3.94,16.02,0.14,npy,cpdag,5,7,7,ER,ER,0.09428571428571429,0.08428571428571428,16.02,0.14,2.2885714285714287,0.02,0.6714285714285715,0.5628571428571428,2.2885714285714287,0.02
dag_5_nodes_7_edges_none_ER,MPC-LLM,0.01,0.0,6.38,0.57,0.0,0.02,0.91,0.08,0.01,0.05,0.16,0.01,0.14,0.0,0.15,0.01,0.66,0.59,4.7,3.94,16.02,0.14,npy,cpdag,5,7,7,ER,ER,0.09428571428571429,0.08428571428571428,16.02,0.14,2.2885714285714287,0.02,0.6714285714285715,0.5628571428571428,2.2885714285714287,0.02
dag_5_nodes_7_edges_none_SF,MPC,0.0,0.0,2.24,0.43,0.01,0.05,0.56,0.1,0.0,0.02,0.53,0.08,0.3,0.1,0.38,0.1,3.02,0.14,3.72,1.39,11.66,1.48,npy,cpdag,5,7,4,SF,SF,0.755,0.035,11.66,1.48,2.915,0.37,0.93,0.3475,2.915,0.37
dag_5_nodes_7_edges_none_SF,MPC-LLM,0.0,0.0,2.24,0.43,0.01,0.05,0.56,0.1,0.0,0.02,0.53,0.08,0.3,0.1,0.38,0.1,3.02,0.14,3.72,1.39,11.66,1.48,npy,cpdag,5,7,4,SF,SF,0.755,0.035,11.66,1.48,2.915,0.37,0.93,0.3475,2.915,0.37
dag_5_nodes_7_edges_none_random,MPC,0.01,0.0,6.5,0.65,0.0,0.02,0.93,0.09,0.01,0.05,0.69,0.03,0.64,0.09,0.66,0.06,2.42,0.57,3.8,1.86,19.24,0.66,npy,cpdag,5,7,7,random,LT,0.3457142857142857,0.08142857142857142,19.24,0.66,2.748571428571428,0.09428571428571429,0.5428571428571428,0.26571428571428574,2.748571428571428,0.09428571428571429
dag_5_nodes_7_edges_none_random,MPC-LLM,0.01,0.0,6.5,0.65,0.0,0.02,0.93,0.09,0.01,0.05,0.69,0.03,0.64,0.09,0.66,0.06,2.42,0.57,3.8,1.86,19.24,0.66,npy,cpdag,5,7,7,random,LT,0.3457142857142857,0.08142857142857142,19.24,0.66,2.748571428571428,0.09428571428571429,0.5428571428571428,0.26571428571428574,2.748571428571428,0.09428571428571429
dag_5_nodes_7_edges_semantics_ER,MPC,0.01,0.0,7.0,0.0,0.0,0.0,1.0,0.0,0.0,0.0,0.29,0.0,0.29,0.0,0.29,0.0,4.0,0.0,8.0,0.0,20.0,0.0,npy,cpdag,5,7,7,ER,ER,0.5714285714285714,0.0,20.0,0.0,2.857142857142857,0.0,1.1428571428571428,0.0,2.857142857142857,0.0
dag_5_nodes_7_edges_semantics_ER,MPC-LLM,0.01,0.0,7.0,0.0,0.0,0.0,1.0,0.0,0.0,0.0,0.29,0.0,0.29,0.0,0.29,0.0,4.0,0.0,8.0,0.0,20.0,0.0,npy,cpdag,5,7,7,ER,ER,0.5714285714285714,0.0,20.0,0.0,2.857142857142857,0.0,1.1428571428571428,0.0,2.857142857142857,0.0
dag_5_nodes_7_edges_semantics_SF,MPC,0.0,0.0,3.28,0.54,0.0,0.0,0.82,0.13,0.0,0.0,0.69,0.05,0.57,0.13,0.62,0.1,2.06,0.24,4.04,2.81,13.9,1.52,npy,cpdag,5,7,4,SF,SF,0.515,0.06,13.9,1.52,3.475,0.38,1.01,0.7025,3.475,0.38
dag_5_nodes_7_edges_semantics_SF,MPC-LLM,0.0,0.0,3.28,0.54,0.0,0.0,0.82,0.13,0.0,0.0,0.69,0.05,0.57,0.13,0.62,0.1,2.06,0.24,4.04,2.81,13.9,1.52,npy,cpdag,5,7,4,SF,SF,0.515,0.06,13.9,1.52,3.475,0.38,1.01,0.7025,3.475,0.38
dag_5_nodes_7_edges_semantics_random,MPC,0.01,0.0,5.54,0.5,0.0,0.0,0.79,0.07,0.0,0.0,0.54,0.06,0.42,0.03,0.47,0.03,1.46,0.5,6.48,3.93,20.0,0.0,npy,cpdag,5,7,7,random,LT,0.20857142857142857,0.07142857142857142,20.0,0.0,2.857142857142857,0.0,0.9257142857142858,0.5614285714285715,2.857142857142857,0.0
dag_5_nodes_7_edges_semantics_random,MPC-LLM,0.01,0.0,5.54,0.5,0.0,0.0,0.79,0.07,0.0,0.0,0.54,0.06,0.42,0.03,0.47,0.03,1.46,0.5,6.48,3.93,20.0,0.0,npy,cpdag,5,7,7,random,LT,0.20857142857142857,0.07142857142857142,20.0,0.0,2.857142857142857,0.0,0.9257142857142858,0.5614285714285715,2.857142857142857,0.0
dag_10_nodes_10_edges_degrees_ER,ABAPC-LLM,0.2635925196390599,0.060302052559776935,,,,,,,,,0.646016,0.04537817222283984,0.574,0.06642473107178667,0.60696,0.054037991170989313,2.124,0.7686617047352695,12.328,4.343187957325018,30.38,1.4412296337304675,csv,cpdag,10,10,10,ER,ER,0.2124,0.07686617047352695,30.38,1.4412296337304675,3.038,0.14412296337304675,1.2328,0.43431879573250176,3.038,0.14412296337304675
dag_10_nodes_10_edges_degrees_ER,ABAPC,0.26162962200120093,0.06019759014943914,,,,,,,,,0.646016,0.04537817222283984,0.574,0.06642473107178667,0.60696,0.054037991170989313,2.216,0.9051688307961658,12.443999999999999,4.478026168675987,30.236000000000004,1.5357986687780427,csv,cpdag,10,10,10,ER,ER,0.22160000000000002,0.09051688307961658,30.236000000000004,1.5357986687780427,3.0236000000000005,0.15357986687780428,1.2444,0.4478026168675987,3.0236000000000005,0.15357986687780428
dag_10_nodes_10_edges_degrees_SF,ABAPC-LLM,0.21489120358601213,0.10509490668220596,,,,,,,,,0.851841,0.03385367325501241,0.7055850000000001,0.05526585491411274,0.7707450000000001,0.0391270304943542,1.79,0.5897941529526576,1.66,0.47851812069840644,8.63,0.5607029116225818,csv,cpdag,10,10,9,SF,SF,0.1988888888888889,0.0655326836614064,8.63,0.5607029116225818,0.958888888888889,0.0623003235136202,0.18444444444444444,0.05316868007760071,0.958888888888889,0.0623003235136202
dag_10_nodes_10_edges_degrees_SF,ABAPC,0.21924433537758886,0.10776077390080951,,,,,,,,,0.8511743999999999,0.034546262868855745,0.7049184,0.05387689623955864,0.7700784000000002,0.03831414804279091,1.784,0.5839205984602037,1.66,0.47851812069840644,8.648,0.5023373937333923,csv,cpdag,10,10,9,SF,SF,0.19822222222222222,0.06488006649557819,8.648,0.5023373937333923,0.9608888888888889,0.05581526597037692,0.18444444444444444,0.05316868007760071,0.9608888888888889,0.05581526597037692
dag_10_nodes_10_edges_degrees_random,ABAPC-LLM,0.14165694825351235,0.0571602317944594,,,,,,,,,0.7957742333333333,0.1734057986955039,0.5091333333333332,0.1539959948826894,0.6178454666666667,0.1629122512734095,6.233333333333333,1.613172112032237,13.803666666666665,4.68427592373733,30.185666666666663,6.644930560524693,csv,cpdag,10,10,10,random,LT,0.6233333333333333,0.1613172112032237,30.185666666666663,6.644930560524693,3.018566666666666,0.6644930560524693,1.3803666666666665,0.468427592373733,3.018566666666666,0.6644930560524693
dag_10_nodes_10_edges_degrees_random,ABAPC,0.14055420760065312,0.058465954669810916,,,,,,,,,0.7909550999999999,0.1770587383814611,0.5086666666666667,0.15441389443198042,0.6161390666666666,0.1642660908974388,6.391,1.5831926539722943,15.104666666666665,5.539616177343901,29.95333333333333,6.681524260220065,csv,cpdag,10,10,10,random,LT,0.6391,0.15831926539722943,29.95333333333333,6.681524260220065,2.995333333333333,0.6681524260220064,1.5104666666666664,0.5539616177343901,2.995333333333333,0.6681524260220064
dag_10_nodes_10_edges_none_ER,ABAPC-LLM,0.5382291083224118,0.0774251521854598,,,,,,,,,0.5385319999999999,0.05319565134904337,0.486,0.06064281507654607,0.5107259999999999,0.05717548286474131,7.76,0.5554920598635309,38.34,3.3479204632982884,48.54,1.6062378404209015,csv,cpdag,10,10,10,ER,ER,0.776,0.05554920598635309,48.54,1.6062378404209015,4.854,0.16062378404209016,3.8340000000000005,0.33479204632982884,4.854,0.16062378404209016
dag_10_nodes_10_edges_none_ER,ABAPC,0.31477665693499146,0.05030664825907694,,,,,,,,,0.8460139999999999,0.06010544139854794,0.7659999999999998,0.051941882750565334,0.803878,0.05497691645460975,1.9,1.0546302185881,12.88,7.463215917869099,28.2,5.364280958719597,csv,cpdag,10,10,10,ER,ER,0.19,0.10546302185881,28.2,5.364280958719597,2.82,0.5364280958719597,1.288,0.7463215917869099,2.82,0.5364280958719597
dag_10_nodes_10_edges_none_SF,ABAPC-LLM,0.1729093124531209,0.09234508475660973,,,,,,,,,0.7272659999999999,0.14681404538547727,0.3833095,0.11230037793315112,0.4983965000000001,0.12737561705704614,5.7620000000000005,1.2778952721293761,7.667999999999999,3.888362542935795,12.064,5.954307650082983,csv,cpdag,10,10,9,SF,SF,0.6402222222222222,0.1419883635699307,12.064,5.954307650082983,1.3404444444444445,0.6615897388981092,0.8519999999999999,0.43204028254842164,1.3404444444444445,0.6615897388981092
dag_10_nodes_10_edges_none_SF,ABAPC,0.17576673328876496,0.0954510148418779,,,,,,,,,0.7039319999999999,0.17965122950100978,0.3690867,0.12339360379186962,0.4905972448979592,0.12810301159719906,5.917999999999999,1.437641208681067,8.668,4.9322942461507955,13.464,7.690804474785962,csv,cpdag,10,10,9,SF,SF,0.6575555555555554,0.15973791207567412,13.464,7.690804474785962,1.496,0.8545338305317736,0.963111111111111,0.548032694016755,1.496,0.8545338305317736
dag_10_nodes_10_edges_none_random,ABAPC-LLM,0.5818042456265539,0.1343375593695861,,,,,,,,,0.6137200666666668,0.0795258062609032,0.39,0.09529760045804524,0.47172240000000004,0.08847923188949541,5.201333333333333,1.524478424616164,14.741333333333332,2.480230769747407,25.297333333333334,5.412125631845152,csv,cpdag,10,10,10,random,LT,0.5201333333333333,0.1524478424616164,25.297333333333334,5.412125631845152,2.5297333333333336,0.5412125631845152,1.474133333333333,0.24802307697474069,2.5297333333333336,0.5412125631845152
dag_10_nodes_10_edges_none_random,ABAPC,0.4777113509643823,0.09709584199395223,,,,,,,,,0.5278016,0.08620642315573777,0.4264,0.09030017967301944,0.4702628000000001,0.0850159478926256,4.1160000000000005,0.9098912247166288,9.192,2.74165449824647,17.432000000000002,2.4228032339016066,csv,cpdag,10,10,10,random,LT,0.4116000000000001,0.09098912247166288,17.432000000000002,2.4228032339016066,1.7432000000000003,0.24228032339016065,0.9192,0.27416544982464697,1.7432000000000003,0.24228032339016065
dag_10_nodes_10_edges_semantics_ER,ABAPC-LLM,0.14240524723194536,0.04803799969104605,,,,,,,,,0.7102280000000002,0.025597018640171883,0.498,0.04733726150223111,0.5847720000000001,0.04137463503754196,4.3,0.9091372900969897,18.94,4.661654256609263,41.68,4.942279074372429,csv,cpdag,10,10,10,ER,ER,0.43,0.09091372900969898,41.68,4.942279074372429,4.168,0.49422790743724293,1.8940000000000001,0.46616542566092634,4.168,0.49422790743724293
dag_10_nodes_10_edges_semantics_ER,ABAPC,0.14411955663003023,0.04883657375391328,,,,,,,,,0.7102280000000002,0.025597018640171883,0.498,0.04733726150223111,0.5847720000000001,0.041374635037541956,4.3,0.9091372900969897,18.94,4.661654256609263,41.68,4.942279074372429,csv,cpdag,10,10,10,ER,ER,0.43,0.09091372900969898,41.68,4.942279074372429,4.168,0.49422790743724293,1.8940000000000001,0.46616542566092634,4.168,0.49422790743724293
dag_10_nodes_10_edges_semantics_SF,ABAPC-LLM,0.14547360151074823,0.06224526477827685,,,,,,,,,0.9575195999999999,0.09102562783241715,0.6912874666666666,0.09074972545715362,0.8005290666666666,0.08388063830021082,3.0506666666666664,1.1759155259894472,7.786666666666667,4.469478250049372,12.286666666666665,7.506915934528144,csv,cpdag,10,10,9,SF,SF,0.3389629629629629,0.13065728066549412,12.286666666666665,7.506915934528144,1.365185185185185,0.8341017705031271,0.8651851851851853,0.4966086944499302,1.365185185185185,0.8341017705031271
dag_10_nodes_10_edges_semantics_SF,ABAPC,0.14775712147355075,0.06412767138638029,,,,,,,,,0.9493016,0.08477371587650387,0.6831387999999999,0.085870934039501,0.7916823999999998,0.07632004937747087,3.0839999999999996,1.050628577644481,7.0,2.449489742783178,12.46,5.635927028394509,csv,cpdag,10,10,9,SF,SF,0.3426666666666666,0.11673650862716456,12.46,5.635927028394509,1.3844444444444446,0.6262141142660566,0.7777777777777778,0.2721655269759087,1.3844444444444446,0.6262141142660566
dag_10_nodes_10_edges_semantics_random,ABAPC-LLM,0.4205463195219636,0.0740867823138668,,,,,,,,,0.814748,0.09083106373248917,0.6779999999999999,0.11743865094036919,0.738588,0.10423858845192112,3.02,1.7669297711925427,8.12,9.51827458210826,33.96,11.295583388282017,csv,cpdag,10,10,10,random,LT,0.302,0.17669297711925427,33.96,11.295583388282017,3.396,1.1295583388282018,0.8119999999999999,0.951827458210826,3.396,1.1295583388282018
dag_10_nodes_10_edges_semantics_random,ABAPC,0.542570446524769,0.1134363467515097,,,,,,,,,0.7782006666666667,0.13284116514949967,0.65,0.14906169110506576,0.7069726666666668,0.14141310744020757,3.243333333333333,1.88207019226616,9.48,10.272292830717005,35.34,12.001037370126953,csv,cpdag,10,10,10,random,LT,0.3243333333333333,0.188207019226616,35.34,12.001037370126953,3.5340000000000003,1.2001037370126952,0.9480000000000001,1.0272292830717005,3.5340000000000003,1.2001037370126952
dag_10_nodes_15_edges_degrees_ER,ABAPC-LLM,0.8210820502974093,0.19005277565426046,,,,,,,,,0.7239024000000001,0.057948146791518974,0.5223776000000001,0.0364947302072225,0.6066344000000001,0.043343880586843284,7.224,1.2132869842384566,30.951999999999998,9.086483345708434,44.448,5.736607829349597,csv,cpdag,10,15,15,ER,ER,0.48160000000000003,0.08088579894923044,44.448,5.736607829349597,2.9632,0.3824405219566398,2.0634666666666663,0.6057655563805623,2.9632,0.3824405219566398
dag_10_nodes_15_edges_degrees_ER,ABAPC,0.8192230964079499,0.13993258976805917,,,,,,,,,0.7035984000000001,0.07077573812820208,0.5117216,0.04126308204975602,0.5922644,0.05155714979060238,7.544,1.3080847504216668,31.831999999999997,9.121793593770192,47.588,8.161473456404293,csv,cpdag,10,15,15,ER,ER,0.5029333333333333,0.08720565002811112,47.588,8.161473456404293,3.1725333333333334,0.5440982304269528,2.122133333333333,0.6081195729180128,3.1725333333333334,0.5440982304269528
dag_10_nodes_15_edges_degrees_SF,ABAPC-LLM,9.156011578664184,6.873389875610886,,,,,,,,,0.7563295000000001,0.07051911299934428,0.5635255,0.08679865577964363,0.64408,0.0784305295097749,6.86,2.077675310022611,15.65,6.403323435561269,32.81,7.826492163915883,csv,cpdag,10,15,17,SF,SF,0.4035294117647059,0.1222161947072124,32.81,7.826492163915883,1.9300000000000002,0.4603818919950519,0.9205882352941177,0.37666608444478056,1.9300000000000002,0.4603818919950519
dag_10_nodes_15_edges_degrees_SF,ABAPC,10.918862155918031,8.592814457506847,,,,,,,,,0.7172582,0.09924751379582795,0.5381212,0.10321445211336067,0.6129208,0.09889259851052182,7.732,2.3920309874451795,18.642,8.462404010247505,34.912,8.88816319033124,csv,cpdag,10,15,17,SF,SF,0.45482352941176474,0.1407077051438341,34.912,8.88816319033124,2.0536470588235294,0.522833128843014,1.0965882352941176,0.4977884711910297,2.0536470588235294,0.522833128843014
dag_10_nodes_15_edges_degrees_random,ABAPC-LLM,1.1882060205563902,0.33787042386870814,,,,,,,,,0.617706,0.14130220965385226,0.3933340000000001,0.08754868175792839,0.47719899999999993,0.09769290727392983,11.94,1.405673634720001,44.83,9.344653606228974,62.08,6.784857088714966,csv,cpdag,10,15,15,random,LT,0.7959999999999999,0.09371157564800006,62.08,6.784857088714966,4.1386666666666665,0.452323805914331,2.9886666666666666,0.6229769070819315,4.1386666666666665,0.452323805914331
dag_10_nodes_15_edges_degrees_random,ABAPC,1.209565189210698,0.4209711846792921,,,,,,,,,0.554332,0.15424671919905936,0.38400200000000007,0.11152569117399243,0.46177142857142855,0.11044115514607769,12.58,1.3715773728798235,52.8,10.825140805984361,63.68,9.103576332453983,csv,cpdag,10,15,15,random,LT,0.8386666666666667,0.09143849152532156,63.68,9.103576332453983,4.245333333333333,0.6069050888302655,3.52,0.7216760537322907,4.245333333333333,0.6069050888302655
dag_10_nodes_15_edges_none_ER,ABAPC-LLM,1.566141027873382,0.3552846727500105,,,,,,,,,0.766806,0.035359508780870956,0.636685,0.05051133460392219,0.6950360000000001,0.04097748391196199,2.75,1.10771874423363,7.95,3.519986665095335,45.29,1.9589928691101683,csv,cpdag,10,15,15,ER,ER,0.18333333333333332,0.07384791628224201,45.29,1.9589928691101683,3.0193333333333334,0.13059952460734456,0.53,0.23466577767302235,3.0193333333333334,0.13059952460734456
dag_10_nodes_15_edges_none_ER,ABAPC,1.7232347146980465,0.3870190587306753,,,,,,,,,0.588872,0.1457107184997531,0.484679,0.1172694864752262,0.530906,0.12736747479923866,6.95,2.317304028215476,30.75,11.404550649201576,59.67,8.697648051781186,csv,cpdag,10,15,15,ER,ER,0.4633333333333333,0.15448693521436507,59.67,8.697648051781186,3.978,0.5798432034520791,2.05,0.7603033766134384,3.978,0.5798432034520791
dag_10_nodes_15_edges_none_SF,ABAPC-LLM,2.534377934439108,1.8772598669866782,,,,,,,,,0.7998968000000001,0.11828137420333167,0.5430568,0.09267469877821374,0.6445772000000001,0.09798666831518564,8.008,2.201654294536965,16.208000000000002,7.600425337184916,33.548,10.06134733542589,csv,cpdag,10,15,17,SF,SF,0.4710588235294117,0.12950907614923324,33.548,10.06134733542589,1.9734117647058824,0.5918439609074052,0.9534117647058825,0.44708384336381857,1.9734117647058824,0.5918439609074052
dag_10_nodes_15_edges_none_SF,ABAPC,2.56927147815004,1.93299205709819,,,,,,,,,0.7890775999999998,0.1248530354106992,0.5390596,0.09461563442363927,0.6379843999999999,0.10085589406673268,8.136,2.2972707853504097,16.456,7.455340778425154,34.636,10.721231272573126,csv,cpdag,10,15,17,SF,SF,0.4785882352941176,0.13513357560884764,34.636,10.721231272573126,2.0374117647058827,0.6306606630925369,0.968,0.4385494575544208,2.0374117647058827,0.6306606630925369
dag_10_nodes_15_edges_none_random,ABAPC-LLM,4.956988896112889,1.5157536838071088,,,,,,,,,0.623283,0.10548009465471363,0.475996,0.10257759623319114,0.5385840000000001,0.1033262188114786,7.26,2.371686732935797,19.29,8.090111121559683,35.35,7.151601790037341,csv,cpdag,10,15,15,random,LT,0.484,0.15811244886238646,35.35,7.151601790037341,2.356666666666667,0.47677345266915605,1.286,0.5393407414373123,2.356666666666667,0.47677345266915605
dag_10_nodes_15_edges_none_random,ABAPC,4.964581675566733,1.569135547006096,,,,,,,,,0.613382,0.11238199559846708,0.46799799999999997,0.10475024619327164,0.529804,0.10732610797499938,7.29,2.3820973437502593,19.54,8.02854600911075,35.93,7.888256577770192,csv,cpdag,10,15,15,random,LT,0.486,0.1588064895833506,35.93,7.888256577770192,2.3953333333333333,0.5258837718513462,1.3026666666666666,0.5352364006073833,2.3953333333333333,0.5258837718513462
dag_10_nodes_15_edges_semantics_ER,ABAPC-LLM,1.132203295286745,0.21774081882827281,,,,,,,,,0.6613880000000001,0.10358037279606319,0.4153339999999999,0.09693583320518617,0.5085850000000001,0.10100214195041325,7.76,1.8796439089598316,16.69,5.12386373665779,45.95,6.886284801498332,csv,cpdag,10,15,15,ER,ER,0.5173333333333333,0.12530959393065544,45.95,6.886284801498332,3.0633333333333335,0.45908565343322216,1.1126666666666667,0.341590915777186,3.0633333333333335,0.45908565343322216
dag_10_nodes_15_edges_semantics_ER,ABAPC,1.2768745044432581,0.2844083982236632,,,,,,,,,0.543672,0.14688632845065697,0.367998,0.11526232279952917,0.437932,0.12807490384895226,9.32,2.1327380121738884,29.5,8.866930076390128,47.96,7.502271764782522,csv,cpdag,10,15,15,ER,ER,0.6213333333333334,0.1421825341449259,47.96,7.502271764782522,3.1973333333333334,0.5001514509855015,1.9666666666666666,0.5911286717593419,3.1973333333333334,0.5001514509855015
dag_10_nodes_15_edges_semantics_SF,ABAPC-LLM,2.12847109506838,0.8277969646866219,,,,,,,,,0.725626,0.11618590804642115,0.49293800000000004,0.10146621663572238,0.5856600000000001,0.10640804835679508,10.12,1.9860739653694592,28.09,5.879478319215272,47.5,8.076799729939514,csv,cpdag,10,15,17,SF,SF,0.5952941176470588,0.11682788031585055,47.5,8.076799729939514,2.7941176470588234,0.47510586646703024,1.6523529411764706,0.3458516658361925,2.7941176470588234,0.47510586646703024
dag_10_nodes_15_edges_semantics_SF,ABAPC,2.642528041517362,1.4210790999228067,,,,,,,,,0.6649522666666666,0.1477269791626944,0.4480792,0.10968942017034333,0.5336949333333333,0.12153622691865822,11.469333333333333,2.7749432794350293,34.39266666666666,10.645112768324259,48.452666666666666,10.756762551510057,csv,cpdag,10,15,17,SF,SF,0.6746666666666666,0.16323195761382525,48.452666666666666,10.756762551510057,2.850156862745098,0.632750738324121,2.023098039215686,0.6261831040190741,2.850156862745098,0.632750738324121
dag_10_nodes_15_edges_semantics_random,ABAPC-LLM,6.495154078193009,1.4716574972706917,,,,,,,,,0.6536043333333333,0.145853697385187,0.401119,0.12418035759839519,0.49541533333333326,0.13543597762214854,8.576666666666668,2.6498641560184693,21.333333333333336,8.799801585064742,44.83666666666667,7.278979925294097,csv,cpdag,10,15,15,random,LT,0.5717777777777778,0.1766576104012313,44.83666666666667,7.278979925294097,2.9891111111111117,0.4852653283529398,1.4222222222222223,0.5866534390043161,2.9891111111111117,0.4852653283529398
dag_10_nodes_15_edges_semantics_random,ABAPC,6.718301196051762,1.52396487488657,,,,,,,,,0.5701459999999999,0.12982486037515528,0.35733999999999994,0.11723821380211404,0.437206,0.1247949868335083,9.5,2.443233053783867,25.76,9.675468664491193,48.02,5.47905101272109,csv,cpdag,10,15,15,random,LT,0.6333333333333333,0.16288220358559113,48.02,5.47905101272109,3.2013333333333334,0.36527006751473934,1.7173333333333334,0.6450312442994128,3.2013333333333334,0.36527006751473934
dag_15_nodes_15_edges_degrees_ER,ABAPC-LLM,1.2934979394543915,0.5439370192540197,,,,,,,,,0.6156232666666667,0.11291122182818986,0.4327210666666667,0.09161139213991924,0.5070907333333333,0.09923580062535445,6.024000000000001,1.741061265741605,17.653333333333332,6.823448965318999,41.221333333333334,10.006154024766305,csv,cpdag,15,15,15,ER,ER,0.40160000000000007,0.11607075104944033,41.221333333333334,10.006154024766305,2.748088888888889,0.6670769349844203,1.1768888888888889,0.4548965976879333,2.748088888888889,0.6670769349844203
dag_15_nodes_15_edges_degrees_ER,ABAPC,1.299716451242566,0.5035732137277545,,,,,,,,,0.5832068,0.12203386675201675,0.4072151999999999,0.10309529966601043,0.4781003999999999,0.1102090002984126,6.568,1.8385264729768604,17.666,5.048241156631704,43.332,9.46851797553668,csv,cpdag,15,15,15,ER,ER,0.4378666666666666,0.1225684315317907,43.332,9.46851797553668,2.8888000000000003,0.6312345317024453,1.1777333333333333,0.3365494104421136,2.8888000000000003,0.6312345317024453
dag_15_nodes_15_edges_degrees_SF,ABAPC-LLM,1.5788417419046163,0.38228272078515374,,,,,,,,,0.7779465666666665,0.0712241691159654,0.5742170000000001,0.07141197819408057,0.6595919333333333,0.06990147503006418,5.3773333333333335,1.3021078324225823,11.549000000000001,5.3755160169959115,27.22,7.7376893666451805,csv,cpdag,15,15,14,SF,SF,0.3840952380952381,0.09300770231589874,27.22,7.7376893666451805,1.9442857142857142,0.5526920976175129,0.8249285714285716,0.38396542978542225,1.9442857142857142,0.5526920976175129
dag_15_nodes_15_edges_degrees_SF,ABAPC,1.6120902101043613,0.40004070844683676,,,,,,,,,0.7797788,0.06891280458133534,0.5748604,0.0709800010339216,0.6607292000000001,0.06893926214178002,5.327999999999999,1.2294083528100757,11.444,5.255479550537938,26.94,7.269533853623601,csv,cpdag,15,15,14,SF,SF,0.3805714285714285,0.08781488234357683,26.94,7.269533853623601,1.9242857142857144,0.5192524181159716,0.8174285714285715,0.3753913964669956,1.9242857142857144,0.5192524181159716
dag_15_nodes_15_edges_degrees_random,ABAPC-LLM,1.7828130737878383,0.36192568668549174,,,,,,,,,0.7081751999999999,0.05825783402658725,0.6186676,0.06691801159445117,0.6596708,0.05973887931144805,2.9320000000000004,1.324562307376459,8.644,5.21462464651883,24.816,5.575579406150156,csv,cpdag,15,15,15,random,LT,0.1954666666666667,0.08830415382509726,24.816,5.575579406150156,1.6543999999999999,0.3717052937433437,0.5762666666666667,0.34764164310125534,1.6543999999999999,0.3717052937433437
dag_15_nodes_15_edges_degrees_random,ABAPC,1.8010408835019915,0.36687890669729034,,,,,,,,,0.7019496,0.058640645128283035,0.6143984,0.06888744903189875,0.6546744,0.06200026833911648,2.948,1.3919946047279912,8.732,5.323587864880418,25.188,5.646224673286079,csv,cpdag,15,15,15,random,LT,0.19653333333333334,0.09279964031519941,25.188,5.646224673286079,1.6792,0.3764149782190719,0.5821333333333333,0.35490585765869453,1.6792,0.3764149782190719
dag_15_nodes_15_edges_none_ER,ABAPC-LLM,1.2454103776626289,0.2203338792484105,,,,,,,,,0.80545,0.06382535562304499,0.6853339999999999,0.06321738849528083,0.7398079999999999,0.06040024611383834,4.428,1.4512542077493535,13.937999999999999,8.563827343863853,38.59,5.110703054794488,csv,cpdag,15,15,15,ER,ER,0.2952,0.09675028051662357,38.59,5.110703054794488,2.572666666666667,0.3407135369862992,0.9291999999999999,0.5709218229242569,2.572666666666667,0.3407135369862992
dag_15_nodes_15_edges_none_ER,ABAPC,1.257989381942898,0.21795143165439737,,,,,,,,,0.80545,0.06382535562304499,0.6853339999999999,0.06321738849528083,0.7398079999999999,0.06040024611383834,4.42,1.4581229197086203,13.91,8.58789489779132,38.59,5.110703054794488,csv,cpdag,15,15,15,ER,ER,0.2946666666666667,0.09720819464724136,38.59,5.110703054794488,2.572666666666667,0.3407135369862992,0.9273333333333333,0.5725263265194214,2.572666666666667,0.3407135369862992
dag_15_nodes_15_edges_none_SF,ABAPC-LLM,6.12259200851433,5.572640583724304,,,,,,,,,0.8138704,0.09855713422152242,0.525714,0.09436858697767636,0.636864,0.09513780501386998,6.042000000000001,1.5194104656955953,12.04,7.564579112076041,21.03,11.53362873673046,csv,cpdag,15,15,14,SF,SF,0.4315714285714286,0.10852931897825681,21.03,11.53362873673046,1.5021428571428572,0.8238306240521757,0.86,0.5403270794340029,1.5021428571428572,0.8238306240521757
dag_15_nodes_15_edges_none_SF,ABAPC,6.184842209313064,5.925765437976994,,,,,,,,,0.8153750000000001,0.08972528390843341,0.5218564000000001,0.08587126878707478,0.63458,0.08598333962970704,6.195999999999999,1.338436492665214,12.708,7.412891143274723,22.016,10.94114794559268,csv,cpdag,15,15,14,SF,SF,0.4425714285714285,0.09560260661894385,22.016,10.94114794559268,1.5725714285714285,0.7815105675423343,0.9077142857142857,0.5294922245196231,1.5725714285714285,0.7815105675423343
dag_15_nodes_15_edges_none_random,ABAPC-LLM,2.115775906192139,0.23694635950640405,,,,,,,,,0.7487659999999999,0.040216813470416626,0.656022,0.043356125146916696,0.6991560000000001,0.04051446282451717,5.72,0.926701413727249,34.32,10.122595456478056,66.3,10.343587188126145,csv,cpdag,15,15,15,random,LT,0.3813333333333333,0.06178009424848327,66.3,10.343587188126145,4.42,0.6895724792084097,2.288,0.6748396970985371,4.42,0.6895724792084097
dag_15_nodes_15_edges_none_random,ABAPC,2.0341566335596144,0.2533264287596141,,,,,,,,,0.8444280000000001,0.039702953367759045,0.739978,0.04903634341496321,0.788536,0.043805450038336816,4.1,0.9091372900969895,7.12,9.55892573590201,38.36,10.53422023304845,csv,cpdag,15,15,15,random,LT,0.2733333333333333,0.06060915267313263,38.36,10.53422023304845,2.5573333333333332,0.7022813488698966,0.4746666666666667,0.6372617157268007,2.5573333333333332,0.7022813488698966
dag_15_nodes_15_edges_semantics_ER,ABAPC-LLM,1.188693924015388,0.25551646661749045,,,,,,,,,0.8207773999999999,0.08040619792360917,0.6071466333333333,0.10144027551546866,0.6961207333333335,0.09274094621277004,5.320333333333333,1.9451471389821,11.532333333333334,6.331174363485946,28.177666666666664,8.395344521649378,csv,cpdag,15,15,15,ER,ER,0.3546888888888889,0.12967647593214,28.177666666666664,8.395344521649378,1.8785111111111108,0.5596896347766251,0.7688222222222223,0.42207829089906307,1.8785111111111108,0.5596896347766251
dag_15_nodes_15_edges_semantics_ER,ABAPC,1.2035409047920256,0.2600089920912843,,,,,,,,,0.8095648,0.08656537900220804,0.6010608,0.10088680194906667,0.6882484,0.0944203510655777,5.456,1.9675074877330745,12.384,6.561338837991738,28.784000000000002,8.226273488658402,csv,cpdag,15,15,15,ER,ER,0.36373333333333335,0.13116716584887164,28.784000000000002,8.226273488658402,1.9189333333333336,0.5484182325772268,0.8256,0.4374225891994492,1.9189333333333336,0.5484182325772268
dag_15_nodes_15_edges_semantics_SF,ABAPC-LLM,1.1917646052036435,0.26901760103014105,,,,,,,,,0.835604,0.06427312562456428,0.529994,0.050170401104025236,0.646892,0.04608200693617092,7.36,0.8514093957572194,9.04,2.2853571149509966,23.14,3.142922077251275,csv,cpdag,15,15,14,SF,SF,0.5257142857142857,0.060814956839801385,23.14,3.142922077251275,1.6528571428571428,0.2244944340893768,0.6457142857142857,0.16323979392507118,1.6528571428571428,0.2244944340893768
dag_15_nodes_15_edges_semantics_SF,ABAPC,1.2213083312287927,0.28136570463902,,,,,,,,,0.8278146,0.08539571277318796,0.524992,0.06382530634953698,0.6407734,0.06566240429030659,7.43,1.030207032888169,9.238,2.5768902315205673,23.668000000000003,4.101888067010814,csv,cpdag,15,15,14,SF,SF,0.5307142857142857,0.07358621663486921,23.668000000000003,4.101888067010814,1.6905714285714288,0.29299200478648674,0.6598571428571428,0.1840635879657548,1.6905714285714288,0.29299200478648674
dag_15_nodes_15_edges_semantics_random,ABAPC-LLM,1.9591898121591658,0.4976681082597661,,,,,,,,,0.9369243999999999,0.052878937327616185,0.7572026,0.09081742228813384,0.8345402,0.06795460839413321,5.024,2.21447556789781,24.858,9.132764295297967,44.391999999999996,18.389214230086072,csv,cpdag,15,15,15,random,LT,0.33493333333333336,0.14763170452652066,44.391999999999996,18.389214230086072,2.9594666666666662,1.2259476153390714,1.6572,0.6088509530198645,2.9594666666666662,1.2259476153390714
dag_15_nodes_15_edges_semantics_random,ABAPC,1.9905881893076003,0.5009762605821113,,,,,,,,,0.9303139999999998,0.049417291280998206,0.753334,0.0898520867530496,0.829549,0.06705734713737221,5.34,2.462867086489704,26.61,9.624739593614882,46.54,19.94785037776947,csv,cpdag,15,15,15,random,LT,0.356,0.1641911390993136,46.54,19.94785037776947,3.1026666666666665,1.329856691851298,1.774,0.6416493062409921,3.1026666666666665,1.329856691851298
dag_15_nodes_22_edges_degrees_ER,ABAPC-LLM,3.6418190187308936,2.9175263917289582,,,,,,,,,0.7595959999999999,0.07166523353732396,0.449058,0.033917072276904076,0.5640693333333334,0.044408249238779,11.633333333333333,1.223818788180609,69.06666666666666,7.507214972544141,84.74,8.373451730173825,csv,cpdag,15,22,22,ER,ER,0.5287878787878788,0.05562812673548223,84.74,8.373451730173825,3.8518181818181816,0.3806114422806284,3.139393939393939,0.3412370442065518,3.8518181818181816,0.3806114422806284
dag_15_nodes_22_edges_degrees_ER,ABAPC,3.6902475015167147,2.8978378174696044,,,,,,,,,0.7713820000000001,0.054030383326874314,0.456332,0.03176034904450156,0.5730413333333334,0.03666830148489085,11.313333333333333,0.8634949813209339,68.58,8.35949905734763,85.34,7.7370299633038275,csv,cpdag,15,22,22,ER,ER,0.5142424242424242,0.03924977187822427,85.34,7.7370299633038275,3.8790909090909094,0.35168318015017397,3.117272727272727,0.3799772298794377,3.8790909090909094,0.35168318015017397
dag_15_nodes_22_edges_degrees_SF,ABAPC-LLM,1.476944517204538,0.39342282437811016,,,,,,,,,0.6814158000000002,0.12792163025103157,0.407147,0.11544566458039109,0.5065560000000001,0.12392474938527849,7.744000000000001,1.98125501351326,18.152,6.8355385855909,29.19,11.954373292495369,csv,cpdag,15,22,14,SF,SF,0.5531428571428572,0.14151821525094715,29.19,11.954373292495369,2.085,0.8538838066068121,1.2965714285714287,0.4882527561136357,2.085,0.8538838066068121
dag_15_nodes_22_edges_degrees_SF,ABAPC,1.4864528940524906,0.3934980417310309,,,,,,,,,0.6783606666666668,0.13949419960307488,0.4062912,0.11956057347279185,0.5054233333333333,0.13086806625406888,7.754666666666667,2.0508917368061566,18.35066666666667,7.297212340100014,29.390666666666664,12.892058481176935,csv,cpdag,15,22,14,SF,SF,0.5539047619047619,0.14649226691472547,29.390666666666664,12.892058481176935,2.099333333333333,0.9208613200840668,1.310761904761905,0.5212294528642867,2.099333333333333,0.9208613200840668
dag_15_nodes_22_edges_degrees_random,ABAPC-LLM,7.0282677904237065,1.9354240654076702,,,,,,,,,0.8349843333333333,0.08459223597865516,0.510458,0.06800238618262311,0.6309693333333333,0.06757544875117666,13.356666666666666,1.729105912382416,64.59666666666666,10.417698724383335,92.02333333333333,14.453420767489135,csv,cpdag,15,22,22,random,LT,0.6071212121212121,0.07859572329010982,92.02333333333333,14.453420767489135,4.182878787878788,0.6569736712495061,2.936212121212121,0.47353176019924254,4.182878787878788,0.6569736712495061
dag_15_nodes_22_edges_degrees_random,ABAPC,7.252303447714075,2.1652258164294107,,,,,,,,,0.734766,0.12765747315790496,0.466356,0.07220393499367904,0.567728,0.0819488641950402,14.56,2.042007815452073,79.12,14.389111529633958,106.76,15.740964366380906,csv,cpdag,15,22,22,random,LT,0.6618181818181819,0.0928185370660033,106.76,15.740964366380906,4.852727272727273,0.7154983802900412,3.5963636363636367,0.6540505240742708,4.852727272727273,0.7154983802900412
dag_15_nodes_22_edges_none_ER,ABAPC-LLM,7.887752071134746,3.239596637088137,,,,,,,,,0.7272500000000001,0.06685130697972898,0.48453399999999996,0.055579050560660787,0.58092,0.0577946788031492,11.1,1.3887301496588274,56.54,10.148308394274688,70.34,9.173186302412892,csv,cpdag,15,22,22,ER,ER,0.5045454545454545,0.06312409771176487,70.34,9.173186302412892,3.1972727272727273,0.41696301374604056,2.57,0.46128674519430396,3.1972727272727273,0.41696301374604056
dag_15_nodes_22_edges_none_ER,ABAPC,8.664133247025312,3.385154176983052,,,,,,,,,0.6616392000000001,0.11240997275534383,0.44435040000000003,0.07698022796664036,0.5309512,0.08883832259670325,12.124,2.189358306883176,60.924,14.10785799272367,78.244,15.25876342383254,csv,cpdag,15,22,22,ER,ER,0.5510909090909091,0.09951628667650801,78.244,15.25876342383254,3.5565454545454545,0.6935801556287519,2.7692727272727273,0.6412662723965304,3.5565454545454545,0.6935801556287519
dag_15_nodes_22_edges_none_SF,ABAPC-LLM,1.3099507970456035,0.2500337751765403,,,,,,,,,0.9734860000000001,0.04737931181175072,0.73572,0.03305177756188005,0.83741,0.03167461643857135,4.36,0.662709343128183,8.98,1.900483289769704,24.18,2.353373609722599,csv,cpdag,15,22,14,SF,SF,0.31142857142857144,0.04733638165201307,24.18,2.353373609722599,1.727142857142857,0.16809811498018565,0.6414285714285715,0.1357488064121217,1.727142857142857,0.16809811498018565
dag_15_nodes_22_edges_none_SF,ABAPC,1.315678418027237,0.25424715162918615,,,,,,,,,0.9734860000000001,0.04737931181175072,0.73572,0.03305177756188005,0.83741,0.03167461643857135,4.36,0.662709343128183,8.98,1.900483289769704,24.18,2.353373609722599,csv,cpdag,15,22,14,SF,SF,0.31142857142857144,0.04733638165201307,24.18,2.353373609722599,1.727142857142857,0.16809811498018565,0.6414285714285715,0.1357488064121217,1.727142857142857,0.16809811498018565
dag_15_nodes_22_edges_none_random,ABAPC-LLM,13.378236796986311,3.4268003210443787,,,,,,,,,0.6876034999999999,0.07781891001136643,0.5122785000000001,0.09013175192093367,0.58579,0.08498178016012416,11.21,2.267989309984525,55.87,8.27882102421718,82.745,17.07983131518289,csv,cpdag,15,22,22,random,LT,0.5095454545454546,0.10309042318111478,82.745,17.07983131518289,3.7611363636363637,0.7763559688719496,2.5395454545454546,0.37631004655532635,3.7611363636363637,0.7763559688719496
dag_15_nodes_22_edges_none_random,ABAPC,12.847603097846731,3.9123407717025045,,,,,,,,,0.7211207333333334,0.10970846745338539,0.5468162,0.10675495543418628,0.6210238666666666,0.10821166111199282,8.467333333333334,2.718847378165909,44.27533333333333,13.24458869520739,77.658,18.583173099580694,csv,cpdag,15,22,22,random,LT,0.38487878787878793,0.12358397173481404,77.658,18.583173099580694,3.529909090909091,0.844689686344577,2.012515151515151,0.6020267588730632,3.529909090909091,0.844689686344577
dag_15_nodes_22_edges_semantics_ER,ABAPC-LLM,10.729855564357713,5.688564835592259,,,,,,,,,0.65535,0.07856577966706547,0.485462,0.08186694005194886,0.5569933333333332,0.08268888526296474,12.906666666666665,1.9237623756598774,60.38,16.87032172491209,119.15333333333332,14.71793913651989,csv,cpdag,15,22,22,ER,ER,0.5866666666666666,0.08744374434817624,119.15333333333332,14.71793913651989,5.416060606060605,0.6689972334781769,2.7445454545454546,0.7668328056778222,5.416060606060605,0.6689972334781769
dag_15_nodes_22_edges_semantics_ER,ABAPC,11.433859549881891,6.454136943807281,,,,,,,,,0.6402979999999999,0.11086877606487072,0.471826,0.11168912177311173,0.5421799999999999,0.1152823348770048,13.18,2.210272861537457,62.58,19.112011395764622,118.08,12.218821213060394,csv,cpdag,15,22,22,ER,ER,0.5990909090909091,0.1004669482517026,118.08,12.218821213060394,5.367272727272727,0.555400964230018,2.8445454545454543,0.8687277907165737,5.367272727272727,0.555400964230018
dag_15_nodes_22_edges_semantics_SF,ABAPC-LLM,3.3048541561421008,1.2718083833492655,,,,,,,,,0.3811444,0.05085761866390587,0.25,0.0483828482005762,0.30112,0.04912784654472907,6.808,1.4801875225932746,13.608000000000002,3.2055971458098864,44.964,9.72786362015036,csv,cpdag,15,22,14,SF,SF,0.48628571428571427,0.1057276801852339,44.964,9.72786362015036,3.2117142857142857,0.6948474014393115,0.9720000000000002,0.22897122470070616,3.2117142857142857,0.6948474014393115
dag_15_nodes_22_edges_semantics_SF,ABAPC,3.2867334310524168,1.3059930023027673,,,,,,,,,0.38736040000000005,0.0483635837854416,0.25,0.0483828482005762,0.30294839999999995,0.04839288429561705,6.94,1.47038798156355,13.61,2.709638879471369,44.211999999999996,8.92649438698173,csv,cpdag,15,22,14,SF,SF,0.4957142857142857,0.105027712968825,44.211999999999996,8.92649438698173,3.158,0.6376067419272664,0.9721428571428571,0.19354563424795493,3.158,0.6376067419272664
dag_15_nodes_22_edges_semantics_random,ABAPC-LLM,10.666087518520653,5.834521460706964,,,,,,,,,0.6776972000000001,0.07713355581597628,0.4481759999999999,0.08455937549245186,0.5381604,0.08470324452162264,10.252,2.134195829050065,47.46,9.482981534069872,83.34,10.95605321458491,csv,cpdag,15,22,22,random,LT,0.466,0.0970089013204575,83.34,10.95605321458491,3.7881818181818185,0.49800241884476865,2.1572727272727272,0.43104461518499415,3.7881818181818185,0.49800241884476865
dag_15_nodes_22_edges_semantics_random,ABAPC,11.020261263037101,6.319814817668802,,,,,,,,,0.6513782666666666,0.0885751315847526,0.4062922666666667,0.07879611456470638,0.49881186666666666,0.08271789122048337,11.618666666666668,1.8989454049007441,50.477333333333334,9.276213552332692,80.48266666666666,11.29131514627177,csv,cpdag,15,22,22,random,LT,0.5281212121212122,0.0863157002227611,80.48266666666666,11.29131514627177,3.65830303030303,0.5132415975578077,2.2944242424242423,0.4216460705605769,3.65830303030303,0.5132415975578077
dag_5_nodes_5_edges_degrees_ER,ABAPC-LLM,0.04814474473707373,0.007392188320435343,,,,,,,,,0.7336679999999999,0.11676254193875706,0.66,0.14142135623730953,0.6920139999999999,0.1253646013409996,1.305,0.7614600636746675,4.83,3.457629835831571,12.195,1.7092858635305288,csv,cpdag,5,5,5,ER,ER,0.261,0.15229201273493348,12.195,1.7092858635305288,2.439,0.34185717270610577,0.966,0.6915259671663142,2.439,0.34185717270610577
dag_5_nodes_5_edges_degrees_ER,ABAPC,0.0496086974162608,0.0072708649909765865,,,,,,,,,0.7236679999999999,0.13527817664926972,0.6519999999999999,0.15549788370500323,0.683124,0.14187021024549884,1.365,0.8499849938651378,5.05,3.6815175442433286,12.335,2.032648066750687,csv,cpdag,5,5,5,ER,ER,0.273,0.16999699877302757,12.335,2.032648066750687,2.467,0.40652961335013743,1.01,0.7363035088486657,2.467,0.40652961335013743
dag_5_nodes_5_edges_degrees_SF,ABAPC-LLM,0.03301727554760869,0.005191743640061489,,,,,,,,,0.75,0.0,0.75,0.0,0.75,0.0,0.0,0.0,0.0,0.0,20.0,0.0,csv,cpdag,5,5,4,SF,SF,0.0,0.0,20.0,0.0,5.0,0.0,0.0,0.0,5.0,0.0
dag_5_nodes_5_edges_degrees_SF,ABAPC,0.03213686894625421,0.005187365819868713,,,,,,,,,0.75,0.0,0.75,0.0,0.75,0.0,0.28,0.7010196655077312,0.7,1.7525491637693282,19.3,1.7525491637693282,csv,cpdag,5,5,4,SF,SF,0.07,0.1752549163769328,19.3,1.7525491637693282,4.825,0.43813729094233206,0.175,0.43813729094233206,4.825,0.43813729094233206
dag_5_nodes_5_edges_degrees_random,ABAPC-LLM,0.022965716421604113,0.006980430293185163,,,,,,,,,0.6666999999999998,1.1214946133455537e-16,0.3999999999999999,1.1214946133455537e-16,0.5,0.0,2.0,0.0,4.0,0.0,8.0,0.0,csv,cpdag,5,5,5,random,LT,0.4,0.0,8.0,0.0,1.6,0.0,0.8,0.0,1.6,0.0
dag_5_nodes_5_edges_degrees_random,ABAPC,0.023365593701600983,0.00642317181815484,,,,,,,,,0.6666999999999998,1.1214946133455537e-16,0.3999999999999999,1.1214946133455537e-16,0.5,0.0,2.0,0.0,4.0,0.0,8.0,0.0,csv,cpdag,5,5,5,random,LT,0.4,0.0,8.0,0.0,1.6,0.0,0.8,0.0,1.6,0.0
dag_5_nodes_5_edges_none_ER,ABAPC-LLM,0.0531399189215153,0.016968152759292313,,,,,,,,,0.6409999999999999,0.15573721980519964,0.59,0.20429070922964418,0.6126440000000001,0.18263732899617524,1.07,1.0595050827665542,1.56,1.5140161485133452,8.15,3.0643606384446627,csv,cpdag,5,5,5,ER,ER,0.21400000000000002,0.21190101655331084,8.15,3.0643606384446627,1.6300000000000001,0.6128721276889325,0.312,0.30280322970266904,1.6300000000000001,0.6128721276889325
dag_5_nodes_5_edges_none_ER,ABAPC,0.05301014184951778,0.013492628851461852,,,,,,,,,0.638,0.16274432182326454,0.588,0.20764962640693282,0.6102000000000001,0.18735985238496075,1.12,1.2229105462304397,3.0,3.1493439550069433,8.28,3.3748166994819204,csv,cpdag,5,5,5,ER,ER,0.22400000000000003,0.24458210924608795,8.28,3.3748166994819204,1.656,0.6749633398963841,0.6,0.6298687910013887,1.656,0.6749633398963841
dag_5_nodes_5_edges_none_SF,ABAPC-LLM,0.08250644426792857,0.03687639919234914,,,,,,,,,0.6589166666666667,0.09961465300331333,0.48333333333333334,0.055200110092236326,0.5560066666666668,0.06535745624003278,3.0866666666666664,0.2569664297758483,6.986666666666666,1.1832351209602945,14.786666666666667,0.8825853591011882,csv,cpdag,5,5,4,SF,SF,0.7716666666666666,0.06424160744396208,14.786666666666667,0.8825853591011882,3.6966666666666668,0.22064633977529705,1.7466666666666666,0.2958087802400736,3.6966666666666668,0.22064633977529705
dag_5_nodes_5_edges_none_SF,ABAPC,0.05105105502530928,0.03743714504648988,,,,,,,,,1.0,0.0,0.75,0.07142857142857142,0.8552000000000001,0.04805707491077243,1.04,0.44994330708638913,1.96,0.44994330708638913,5.16,1.2674898864467903,csv,cpdag,5,5,4,SF,SF,0.26,0.11248582677159728,5.16,1.2674898864467903,1.29,0.31687247161169757,0.49,0.11248582677159728,1.29,0.31687247161169757
dag_5_nodes_5_edges_none_random,ABAPC-LLM,0.04203056717291471,0.00447878700228367,,,,,,,,,0.6939999999999997,0.10382481320346644,0.696,0.10093440990088973,0.6949099999999998,0.10227761789584751,1.06,1.0382481320346642,3.12,3.0280322970266904,13.4,2.523360247522242,csv,cpdag,5,5,5,random,LT,0.21200000000000002,0.20764962640693282,13.4,2.523360247522242,2.68,0.5046720495044484,0.624,0.6056064594053381,2.68,0.5046720495044484
dag_5_nodes_5_edges_none_random,ABAPC,0.043641152586787905,0.00478918073680853,,,,,,,,,0.7019999999999998,0.10398194505758772,0.7039999999999997,0.10093440990088971,0.7029099999999998,0.10236457903404055,1.22,1.0159945363825456,3.6,2.9692299558323607,13.0,2.4743582965269675,csv,cpdag,5,5,5,random,LT,0.244,0.2031989072765091,13.0,2.4743582965269675,2.6,0.4948716593053935,0.72,0.5938459911664722,2.6,0.4948716593053935
dag_5_nodes_5_edges_semantics_ER,ABAPC-LLM,0.03151192911900576,0.006359652356624534,,,,,,,,,0.7989999999999999,0.007071067811865481,0.7959999999999999,0.02828427124746191,0.7973339999999999,0.01885146678643337,0.06,0.42426406871192845,0.04,0.282842712474619,7.16,1.131370849898476,csv,cpdag,5,5,5,ER,ER,0.012,0.0848528137423857,7.16,1.131370849898476,1.432,0.2262741699796952,0.008,0.0565685424949238,1.432,0.2262741699796952
dag_5_nodes_5_edges_semantics_ER,ABAPC,0.03151192911900576,0.006359652356624534,,,,,,,,,0.7989999999999999,0.007071067811865481,0.7959999999999999,0.02828427124746191,0.7973339999999999,0.01885146678643337,0.06,0.42426406871192845,0.04,0.282842712474619,7.16,1.131370849898476,csv,cpdag,5,5,5,ER,ER,0.012,0.0848528137423857,7.16,1.131370849898476,1.432,0.2262741699796952,0.008,0.0565685424949238,1.432,0.2262741699796952
dag_5_nodes_5_edges_semantics_SF,ABAPC-LLM,0.02204732639715071,0.003300765178513805,,,,,,,,,0.498,0.014142135623730947,0.5,0.0,0.49888800000000005,0.007863027406794405,0.02,0.1414213562373095,0.0,0.0,8.0,0.0,csv,cpdag,5,5,4,SF,SF,0.005,0.035355339059327376,8.0,0.0,2.0,0.0,0.0,0.0,2.0,0.0
dag_5_nodes_5_edges_semantics_SF,ABAPC,0.023395455107092816,0.0039928860796907325,,,,,,,,,0.498,0.014142135623730947,0.5,0.0,0.49888800000000005,0.007863027406794405,0.02,0.1414213562373095,0.0,0.0,8.0,0.0,csv,cpdag,5,5,4,SF,SF,0.005,0.035355339059327376,8.0,0.0,2.0,0.0,0.0,0.0,2.0,0.0
dag_5_nodes_5_edges_semantics_random,ABAPC-LLM,0.04185544518753881,0.005939908256620057,,,,,,,,,0.9614999999999999,0.0730547041327139,0.958,0.0810391691639019,0.9595560000000001,0.07661019583660157,0.21,0.40519584581950957,0.97,1.8361728165521072,8.26,1.440096368657462,csv,cpdag,5,5,5,random,LT,0.041999999999999996,0.08103916916390191,8.26,1.440096368657462,1.652,0.2880192737314924,0.194,0.3672345633104214,1.652,0.2880192737314924
dag_5_nodes_5_edges_semantics_random,ABAPC,0.04436954558826978,0.007403409435469161,,,,,,,,,0.96675,0.0697851111247512,0.963,0.07613763048263456,0.964667,0.07218897790959955,0.185,0.38068815241317283,0.845,1.7531967886098343,8.36,1.3962047683280705,csv,cpdag,5,5,5,random,LT,0.037,0.07613763048263457,8.36,1.3962047683280705,1.672,0.2792409536656141,0.16899999999999998,0.35063935772196686,1.672,0.2792409536656141
dag_5_nodes_7_edges_degrees_ER,ABAPC-LLM,0.055076220734044855,0.007104759074948214,,,,,,,,,0.904976,0.11804473825025591,0.8456720000000001,0.08080816295399866,0.8730120000000001,0.09339280363833487,0.52,0.814160391358572,0.42,0.4985693819032899,10.96,2.5790363648906878,csv,cpdag,5,7,7,ER,ER,0.07428571428571429,0.11630862733693885,10.96,2.5790363648906878,1.5657142857142858,0.3684337664129554,0.06,0.0712241974147557,1.5657142857142858,0.3684337664129554
dag_5_nodes_7_edges_degrees_ER,ABAPC,0.059575472800061056,0.007979440082502703,,,,,,,,,0.891644,0.12530763150856264,0.8342440000000002,0.09727166913509055,0.860704,0.10570699774106052,0.64,1.0644534862969803,0.66,1.394010511482051,11.24,2.6229754097208002,csv,cpdag,5,7,7,ER,ER,0.09142857142857143,0.15206478375671148,11.24,2.6229754097208002,1.6057142857142856,0.3747107728172572,0.09428571428571429,0.19914435878315012,1.6057142857142856,0.3747107728172572
dag_5_nodes_7_edges_degrees_SF,ABAPC-LLM,0.025112706022337027,0.006681878620171713,,,,,,,,,0.660032,0.032998042242483636,0.5,0.0,0.568544,0.014133534589762044,1.04,0.19794866372215741,1.0,0.0,5.0,0.0,csv,cpdag,5,7,4,SF,SF,0.26,0.049487165930539354,5.0,0.0,1.25,0.0,0.25,0.0,1.25,0.0
dag_5_nodes_7_edges_degrees_SF,ABAPC,0.025257998621091196,0.006149105240375343,,,,,,,,,0.593362,0.2024895622303651,0.45,0.15152288168283162,0.5682266666666668,0.014880408107795482,1.24,0.6246631745450127,1.5,1.5152288168283161,6.0,3.0304576336566322,csv,cpdag,5,7,4,SF,SF,0.31,0.1561657936362532,6.0,3.0304576336566322,1.5,0.7576144084141581,0.375,0.37880720420707903,1.5,0.7576144084141581
dag_5_nodes_7_edges_degrees_random,ABAPC-LLM,0.22741155492141843,0.0541744250588868,,,,,,,,,0.4866679999999999,0.10471228304457963,0.319992,0.08444429594926675,0.38426599999999994,0.08870468227293786,5.24,0.9595917499283808,9.14,1.3851987258888458,14.8,2.4660966430902955,csv,cpdag,5,7,7,random,LT,0.7485714285714286,0.1370845357040544,14.8,2.4660966430902955,2.1142857142857143,0.3522995204414708,1.3057142857142858,0.19788553226983513,2.1142857142857143,0.3522995204414708
dag_5_nodes_7_edges_degrees_random,ABAPC,0.1661974810063839,0.04514725467972656,,,,,,,,,0.47479999999999994,0.08119057450070853,0.30569900000000005,0.06926413967485599,0.3701664,0.07034902737125533,5.907,0.989640730523054,11.923,1.9538086823808873,14.583,1.7861602300317119,csv,cpdag,5,7,7,random,LT,0.8438571428571429,0.14137724721757913,14.583,1.7861602300317119,2.083285714285714,0.25516574714738743,1.7032857142857143,0.2791155260544125,2.083285714285714,0.25516574714738743
dag_5_nodes_7_edges_none_ER,ABAPC-LLM,0.05300507249310609,0.013367616070877098,,,,,,,,,0.5467620000000001,0.3367100611226586,0.47431000000000006,0.27747640109253496,0.507328,0.3042183822486063,2.98,2.4783964532721225,1.86,1.5909181022803358,12.56,3.051663982358557,csv,cpdag,5,7,7,ER,ER,0.4257142857142857,0.3540566361817318,12.56,3.051663982358557,1.7942857142857143,0.4359519974797939,0.26571428571428574,0.22727401461147653,1.7942857142857143,0.4359519974797939
dag_5_nodes_7_edges_none_ER,ABAPC,0.04573215528391298,0.011467270889539272,,,,,,,,,0.392492,0.1918138615577985,0.34003,0.14684155038124375,0.363804,0.16643670116256676,2.12,1.6116919744194804,2.12,1.6368212099888577,16.26,1.5883504471171161,csv,cpdag,5,7,7,ER,ER,0.3028571428571429,0.23024171063135435,16.26,1.5883504471171161,2.322857142857143,0.22690720673101658,0.3028571428571429,0.23383160142697967,2.322857142857143,0.22690720673101658
dag_5_nodes_7_edges_none_SF,ABAPC-LLM,0.018965718513354615,0.00661271615024287,,,,,,,,,0.53334,0.07530738370715266,0.305,0.10461298939912006,0.38473,0.10036883256778675,2.58,0.859283042389861,2.62,0.7529533687488251,9.46,2.8227212228700194,csv,cpdag,5,7,4,SF,SF,0.645,0.21482076059746524,9.46,2.8227212228700194,2.365,0.7056803057175048,0.655,0.18823834218720628,2.365,0.7056803057175048
dag_5_nodes_7_edges_none_SF,ABAPC,0.018773927874863105,0.006852355643013461,,,,,,,,,0.52334,0.10108100610855812,0.295,0.10938137736509682,0.3818918367346939,0.09695563168432314,2.62,0.8302937763840224,2.72,0.9697464427701222,9.62,2.7470949405226053,csv,cpdag,5,7,4,SF,SF,0.655,0.2075734440960056,9.62,2.7470949405226053,2.405,0.6867737351306513,0.68,0.24243661069253056,2.405,0.6867737351306513
dag_5_nodes_7_edges_none_random,ABAPC-LLM,0.06988658037967975,0.019790292196824724,,,,,,,,,0.685282,0.035335036032648585,0.6371420000000001,0.0922306228529155,0.658622,0.06651756340107724,0.9,1.2657175104763823,1.1,1.4463183379511848,17.12,1.858680681976068,csv,cpdag,5,7,7,random,LT,0.1285714285714286,0.18081678721091174,17.12,1.858680681976068,2.4457142857142857,0.26552581171086687,0.15714285714285717,0.20661690542159783,2.4457142857142857,0.26552581171086687
dag_5_nodes_7_edges_none_random,ABAPC,0.06474360998719925,0.005987777419706519,,,,,,,,,0.6439440000000001,0.10663064834908836,0.6028600000000002,0.14514862052674263,0.6211760000000001,0.127398487095749,1.98,1.9742216239338894,2.66,3.1142201827967746,17.58,1.654801301346713,csv,cpdag,5,7,7,random,LT,0.28285714285714286,0.2820316605619842,17.58,1.654801301346713,2.511428571428571,0.2364001859066733,0.38,0.44488859754239635,2.511428571428571,0.2364001859066733
dag_5_nodes_7_edges_semantics_ER,ABAPC-LLM,0.07531749927438793,0.0037006067278743423,,,,,,,,,0.5714000000000001,1.1214946133455537e-16,0.5714000000000001,1.1214946133455537e-16,0.5714000000000001,1.1214946133455537e-16,2.0,0.0,0.0,0.0,18.0,0.0,csv,cpdag,5,7,7,ER,ER,0.2857142857142857,0.0,18.0,0.0,2.5714285714285716,0.0,0.0,0.0,2.5714285714285716,0.0
dag_5_nodes_7_edges_semantics_ER,ABAPC,0.05371899602934713,0.0028515425673826087,,,,,,,,,0.8571000000000001,1.1214946133455537e-16,0.8571000000000001,1.1214946133455537e-16,0.8571000000000001,1.1214946133455537e-16,0.0,0.0,0.0,0.0,8.0,0.0,csv,cpdag,5,7,7,ER,ER,0.0,0.0,8.0,0.0,1.1428571428571428,0.0,0.0,0.0,1.1428571428571428,0.0
dag_5_nodes_7_edges_semantics_SF,ABAPC-LLM,0.0290583823062479,0.008991488646170148,,,,,,,,,0.668356,0.06626094414032557,0.5425,0.12270858959006771,0.5954550000000001,0.09751302071612629,1.65,0.9489521611133159,1.83,1.323299833363396,11.19,3.0886394864974154,csv,cpdag,5,7,4,SF,SF,0.4125,0.23723804027832898,11.19,3.0886394864974154,2.7975,0.7721598716243538,0.4575,0.330824958340849,2.7975,0.7721598716243538
dag_5_nodes_7_edges_semantics_SF,ABAPC,0.028784867040812928,0.009412772139148026,,,,,,,,,0.6786884,0.060232756982511494,0.5589999999999999,0.13002746962524056,0.6093132000000001,0.10065571375734217,1.764,0.9820345394815265,2.14,1.7958000888694912,11.408,2.801737070505528,csv,cpdag,5,7,4,SF,SF,0.441,0.24550863487038163,11.408,2.801737070505528,2.852,0.700434267626382,0.535,0.4489500222173728,2.852,0.700434267626382
dag_5_nodes_7_edges_semantics_random,ABAPC-LLM,0.10203364476561542,0.01177224342044725,,,,,,,,,0.7120179999999999,0.0917759487634346,0.559972,0.05655393322542038,0.6256619999999999,0.06533444224034626,3.46,0.5034574339058885,4.8,1.979486637221574,15.24,1.9645843928766953,csv,cpdag,5,7,7,random,LT,0.4942857142857143,0.07192249055798407,15.24,1.9645843928766953,2.177142857142857,0.2806549132680993,0.6857142857142857,0.28278380531736774,2.177142857142857,0.2806549132680993
dag_5_nodes_7_edges_semantics_random,ABAPC,0.0678483617957681,0.009877688195656587,,,,,,,,,0.6260060000000001,0.13821931908147625,0.502854,0.14499787501609698,0.55666,0.1435197319861898,4.1,0.9529760045804524,10.48,2.2153453685691575,15.7,2.6897386262518186,csv,cpdag,5,7,7,random,LT,0.5857142857142856,0.1361394292257789,15.7,2.6897386262518186,2.242857142857143,0.3842483751788312,1.497142857142857,0.3164779097955939,2.242857142857143,0.3842483751788312
