dataset,seed,fact_id,fact_weight,baseline_optimum_cost,forced_retention_optimum_cost,margin,normalized_margin,zero_margin,solve_time_sec,timeout,optimality_proven,optimality_evidence,infeasible,solver_status,fact_atom,fact_index,source_lp
Cancer (5),2026,"cancer:2026:ext_indep(1,3,empty)",7201334,18412272,18826032,413760,0.057456021342712334,False,0.009724005125463009,False,True,"baseline=contestability_solve_evidence.jsonl#baseline:cancer:2026; forced=contestability_solve_evidence.jsonl#challenge:cancer:2026:ext_indep(1,3,empty); status=OPTIMUM FOUND; model.optimality_proven=true",False,OPTIMUM FOUND,"ext_indep(1,3,empty)",15,results/paper_aaai2027/frozen/results/final_mcs_experiments_er_sf_alpha001_nowrong_noweight_50rep_chunked/wc_sweep_bnlearn_cancer_alpha001_nowrong_noweight_seed2026_2075_20260715_154609/rep1/lps/wc_inc_mus_lex_bb_optN_r1.lp
Cancer (5),2026,"cancer:2026:ext_indep(1,4,s0)",5118635,18412272,18826032,413760,0.08083405048416228,False,0.010071473196148872,False,True,"baseline=contestability_solve_evidence.jsonl#baseline:cancer:2026; forced=contestability_solve_evidence.jsonl#challenge:cancer:2026:ext_indep(1,4,s0); status=OPTIMUM FOUND; model.optimality_proven=true",False,OPTIMUM FOUND,"ext_indep(1,4,s0)",18,results/paper_aaai2027/frozen/results/final_mcs_experiments_er_sf_alpha001_nowrong_noweight_50rep_chunked/wc_sweep_bnlearn_cancer_alpha001_nowrong_noweight_seed2026_2075_20260715_154609/rep1/lps/wc_inc_mus_lex_bb_optN_r1.lp
Cancer (5),2026,"cancer:2026:ext_indep(3,4,empty)",6092303,18412272,21796445,3384173,0.5554833697536055,False,0.011698396876454353,False,True,"baseline=contestability_solve_evidence.jsonl#baseline:cancer:2026; forced=contestability_solve_evidence.jsonl#challenge:cancer:2026:ext_indep(3,4,empty); status=OPTIMUM FOUND; model.optimality_proven=true",False,OPTIMUM FOUND,"ext_indep(3,4,empty)",21,results/paper_aaai2027/frozen/results/final_mcs_experiments_er_sf_alpha001_nowrong_noweight_50rep_chunked/wc_sweep_bnlearn_cancer_alpha001_nowrong_noweight_seed2026_2075_20260715_154609/rep1/lps/wc_inc_mus_lex_bb_optN_r1.lp
Cancer (5),2027,"cancer:2027:ext_dep(0,2,empty)",6032559,25678220,31809963,6131743,1.0164414471536871,False,0.016802133060991764,False,True,"baseline=contestability_solve_evidence.jsonl#baseline:cancer:2027; forced=contestability_solve_evidence.jsonl#challenge:cancer:2027:ext_dep(0,2,empty); status=OPTIMUM FOUND; model.optimality_proven=true",False,OPTIMUM FOUND,"ext_dep(0,2,empty)",6,results/paper_aaai2027/frozen/results/final_mcs_experiments_er_sf_alpha001_nowrong_noweight_50rep_chunked/wc_sweep_bnlearn_cancer_alpha001_nowrong_noweight_seed2026_2075_20260715_154609/rep2/lps/wc_inc_mus_lex_bb_optN_r2.lp
Cancer (5),2027,"cancer:2027:ext_dep(0,2,s3)",7589687,25678220,27798047,2119827,0.27930361291578953,False,0.014411484822630882,False,True,"baseline=contestability_solve_evidence.jsonl#baseline:cancer:2027; forced=contestability_solve_evidence.jsonl#challenge:cancer:2027:ext_dep(0,2,s3); status=OPTIMUM FOUND; model.optimality_proven=true",False,OPTIMUM FOUND,"ext_dep(0,2,s3)",8,results/paper_aaai2027/frozen/results/final_mcs_experiments_er_sf_alpha001_nowrong_noweight_50rep_chunked/wc_sweep_bnlearn_cancer_alpha001_nowrong_noweight_seed2026_2075_20260715_154609/rep2/lps/wc_inc_mus_lex_bb_optN_r2.lp
Cancer (5),2027,"cancer:2027:ext_indep(1,3,empty)",6516661,25678220,26448317,770097,0.11817355544503542,False,0.013496984727680683,False,True,"baseline=contestability_solve_evidence.jsonl#baseline:cancer:2027; forced=contestability_solve_evidence.jsonl#challenge:cancer:2027:ext_indep(1,3,empty); status=OPTIMUM FOUND; model.optimality_proven=true",False,OPTIMUM FOUND,"ext_indep(1,3,empty)",21,results/paper_aaai2027/frozen/results/final_mcs_experiments_er_sf_alpha001_nowrong_noweight_50rep_chunked/wc_sweep_bnlearn_cancer_alpha001_nowrong_noweight_seed2026_2075_20260715_154609/rep2/lps/wc_inc_mus_lex_bb_optN_r2.lp
Cancer (5),2027,"cancer:2027:ext_indep(1,4,empty)",5539313,25678220,29096012,3417792,0.6170064771570049,False,0.013346760533750057,False,True,"baseline=contestability_solve_evidence.jsonl#baseline:cancer:2027; forced=contestability_solve_evidence.jsonl#challenge:cancer:2027:ext_indep(1,4,empty); status=OPTIMUM FOUND; model.optimality_proven=true",False,OPTIMUM FOUND,"ext_indep(1,4,empty)",23,results/paper_aaai2027/frozen/results/final_mcs_experiments_er_sf_alpha001_nowrong_noweight_50rep_chunked/wc_sweep_bnlearn_cancer_alpha001_nowrong_noweight_seed2026_2075_20260715_154609/rep2/lps/wc_inc_mus_lex_bb_optN_r2.lp
Cancer (5),2028,"cancer:2028:ext_indep(1,3,empty)",5368326,16286325,17428030,1141705,0.21267430480190658,False,0.011166711337864399,False,True,"baseline=contestability_solve_evidence.jsonl#baseline:cancer:2028; forced=contestability_solve_evidence.jsonl#challenge:cancer:2028:ext_indep(1,3,empty); status=OPTIMUM FOUND; model.optimality_proven=true",False,OPTIMUM FOUND,"ext_indep(1,3,empty)",15,results/paper_aaai2027/frozen/results/final_mcs_experiments_er_sf_alpha001_nowrong_noweight_50rep_chunked/wc_sweep_bnlearn_cancer_alpha001_nowrong_noweight_seed2026_2075_20260715_154609/rep3/lps/wc_inc_mus_lex_bb_optN_r3.lp
Cancer (5),2028,"cancer:2028:ext_indep(1,4,empty)",5434194,16286325,20384758,4098433,0.7541933541570286,False,0.013312931172549725,False,True,"baseline=contestability_solve_evidence.jsonl#baseline:cancer:2028; forced=contestability_solve_evidence.jsonl#challenge:cancer:2028:ext_indep(1,4,empty); status=OPTIMUM FOUND; model.optimality_proven=true",False,OPTIMUM FOUND,"ext_indep(1,4,empty)",17,results/paper_aaai2027/frozen/results/final_mcs_experiments_er_sf_alpha001_nowrong_noweight_50rep_chunked/wc_sweep_bnlearn_cancer_alpha001_nowrong_noweight_seed2026_2075_20260715_154609/rep3/lps/wc_inc_mus_lex_bb_optN_r3.lp
Cancer (5),2028,"cancer:2028:ext_indep(3,4,empty)",5483805,16286325,20671848,4385523,0.799722637839967,False,0.01320099737495184,False,True,"baseline=contestability_solve_evidence.jsonl#baseline:cancer:2028; forced=contestability_solve_evidence.jsonl#challenge:cancer:2028:ext_indep(3,4,empty); status=OPTIMUM FOUND; model.optimality_proven=true",False,OPTIMUM FOUND,"ext_indep(3,4,empty)",21,results/paper_aaai2027/frozen/results/final_mcs_experiments_er_sf_alpha001_nowrong_noweight_50rep_chunked/wc_sweep_bnlearn_cancer_alpha001_nowrong_noweight_seed2026_2075_20260715_154609/rep3/lps/wc_inc_mus_lex_bb_optN_r3.lp
Cancer (5),2029,"cancer:2029:ext_indep(0,2,s4)",5045480,21366640,29028979,7662339,1.51865412210533,False,0.01243169978260994,False,True,"baseline=contestability_solve_evidence.jsonl#baseline:cancer:2029; forced=contestability_solve_evidence.jsonl#challenge:cancer:2029:ext_indep(0,2,s4); status=OPTIMUM FOUND; model.optimality_proven=true",False,OPTIMUM FOUND,"ext_indep(0,2,s4)",9,results/paper_aaai2027/frozen/results/final_mcs_experiments_er_sf_alpha001_nowrong_noweight_50rep_chunked/wc_sweep_bnlearn_cancer_alpha001_nowrong_noweight_seed2026_2075_20260715_154609/rep4/lps/wc_inc_mus_lex_bb_optN_r4.lp
Cancer (5),2029,"cancer:2029:ext_indep(1,3,s0)",5733138,21366640,27828566,6461926,1.1271185169448215,False,0.014654280617833138,False,True,"baseline=contestability_solve_evidence.jsonl#baseline:cancer:2029; forced=contestability_solve_evidence.jsonl#challenge:cancer:2029:ext_indep(1,3,s0); status=OPTIMUM FOUND; model.optimality_proven=true",False,OPTIMUM FOUND,"ext_indep(1,3,s0)",22,results/paper_aaai2027/frozen/results/final_mcs_experiments_er_sf_alpha001_nowrong_noweight_50rep_chunked/wc_sweep_bnlearn_cancer_alpha001_nowrong_noweight_seed2026_2075_20260715_154609/rep4/lps/wc_inc_mus_lex_bb_optN_r4.lp
Cancer (5),2029,"cancer:2029:ext_indep(1,4,empty)",5164653,21366640,29028979,7662339,1.4836115804875951,False,0.01560004148632288,False,True,"baseline=contestability_solve_evidence.jsonl#baseline:cancer:2029; forced=contestability_solve_evidence.jsonl#challenge:cancer:2029:ext_indep(1,4,empty); status=OPTIMUM FOUND; model.optimality_proven=true",False,OPTIMUM FOUND,"ext_indep(1,4,empty)",23,results/paper_aaai2027/frozen/results/final_mcs_experiments_er_sf_alpha001_nowrong_noweight_50rep_chunked/wc_sweep_bnlearn_cancer_alpha001_nowrong_noweight_seed2026_2075_20260715_154609/rep4/lps/wc_inc_mus_lex_bb_optN_r4.lp
Cancer (5),2029,"cancer:2029:ext_indep(3,4,empty)",5423369,21366640,29028979,7662339,1.4128374816465559,False,0.015502698719501495,False,True,"baseline=contestability_solve_evidence.jsonl#baseline:cancer:2029; forced=contestability_solve_evidence.jsonl#challenge:cancer:2029:ext_indep(3,4,empty); status=OPTIMUM FOUND; model.optimality_proven=true",False,OPTIMUM FOUND,"ext_indep(3,4,empty)",28,results/paper_aaai2027/frozen/results/final_mcs_experiments_er_sf_alpha001_nowrong_noweight_50rep_chunked/wc_sweep_bnlearn_cancer_alpha001_nowrong_noweight_seed2026_2075_20260715_154609/rep4/lps/wc_inc_mus_lex_bb_optN_r4.lp
Cancer (5),2030,"cancer:2030:ext_indep(1,2,empty)",9769082,35734843,37521343,1786500,0.18287286359148178,False,0.015705465339124203,False,True,"baseline=contestability_solve_evidence.jsonl#baseline:cancer:2030; forced=contestability_solve_evidence.jsonl#challenge:cancer:2030:ext_indep(1,2,empty); status=OPTIMUM FOUND; model.optimality_proven=true",False,OPTIMUM FOUND,"ext_indep(1,2,empty)",33,results/paper_aaai2027/frozen/results/final_mcs_experiments_er_sf_alpha001_nowrong_noweight_50rep_chunked/wc_sweep_bnlearn_cancer_alpha001_nowrong_noweight_seed2026_2075_20260715_154609/rep5/lps/wc_inc_mus_lex_bb_optN_r5.lp
Cancer (5),2030,"cancer:2030:ext_indep(1,3,empty)",6101415,35734843,37521343,1786500,0.29280093224276665,False,0.01623099483549595,False,True,"baseline=contestability_solve_evidence.jsonl#baseline:cancer:2030; forced=contestability_solve_evidence.jsonl#challenge:cancer:2030:ext_indep(1,3,empty); status=OPTIMUM FOUND; model.optimality_proven=true",False,OPTIMUM FOUND,"ext_indep(1,3,empty)",35,results/paper_aaai2027/frozen/results/final_mcs_experiments_er_sf_alpha001_nowrong_noweight_50rep_chunked/wc_sweep_bnlearn_cancer_alpha001_nowrong_noweight_seed2026_2075_20260715_154609/rep5/lps/wc_inc_mus_lex_bb_optN_r5.lp
Cancer (5),2030,"cancer:2030:ext_indep(1,4,empty)",7092278,35734843,37521343,1786500,0.2518936792945793,False,0.015554571524262428,False,True,"baseline=contestability_solve_evidence.jsonl#baseline:cancer:2030; forced=contestability_solve_evidence.jsonl#challenge:cancer:2030:ext_indep(1,4,empty); status=OPTIMUM FOUND; model.optimality_proven=true",False,OPTIMUM FOUND,"ext_indep(1,4,empty)",37,results/paper_aaai2027/frozen/results/final_mcs_experiments_er_sf_alpha001_nowrong_noweight_50rep_chunked/wc_sweep_bnlearn_cancer_alpha001_nowrong_noweight_seed2026_2075_20260715_154609/rep5/lps/wc_inc_mus_lex_bb_optN_r5.lp
Cancer (5),2030,"cancer:2030:ext_indep(2,4,s0)",6061748,35734843,39107322,3372479,0.556354206740366,False,0.017179946415126324,False,True,"baseline=contestability_solve_evidence.jsonl#baseline:cancer:2030; forced=contestability_solve_evidence.jsonl#challenge:cancer:2030:ext_indep(2,4,s0); status=OPTIMUM FOUND; model.optimality_proven=true",False,OPTIMUM FOUND,"ext_indep(2,4,s0)",42,results/paper_aaai2027/frozen/results/final_mcs_experiments_er_sf_alpha001_nowrong_noweight_50rep_chunked/wc_sweep_bnlearn_cancer_alpha001_nowrong_noweight_seed2026_2075_20260715_154609/rep5/lps/wc_inc_mus_lex_bb_optN_r5.lp
Cancer (5),2030,"cancer:2030:ext_indep(3,4,s0)",6710320,35734843,39107322,3372479,0.5025809499397942,False,0.018549754284322262,False,True,"baseline=contestability_solve_evidence.jsonl#baseline:cancer:2030; forced=contestability_solve_evidence.jsonl#challenge:cancer:2030:ext_indep(3,4,s0); status=OPTIMUM FOUND; model.optimality_proven=true",False,OPTIMUM FOUND,"ext_indep(3,4,s0)",44,results/paper_aaai2027/frozen/results/final_mcs_experiments_er_sf_alpha001_nowrong_noweight_50rep_chunked/wc_sweep_bnlearn_cancer_alpha001_nowrong_noweight_seed2026_2075_20260715_154609/rep5/lps/wc_inc_mus_lex_bb_optN_r5.lp
Cancer (5),2031,"cancer:2031:ext_indep(1,2,s0)",6249412,39334837,42271431,2936594,0.46989924812126327,False,0.020111648365855217,False,True,"baseline=contestability_solve_evidence.jsonl#baseline:cancer:2031; forced=contestability_solve_evidence.jsonl#challenge:cancer:2031:ext_indep(1,2,s0); status=OPTIMUM FOUND; model.optimality_proven=true",False,OPTIMUM FOUND,"ext_indep(1,2,s0)",34,results/paper_aaai2027/frozen/results/final_mcs_experiments_er_sf_alpha001_nowrong_noweight_50rep_chunked/wc_sweep_bnlearn_cancer_alpha001_nowrong_noweight_seed2026_2075_20260715_154609/rep6/lps/wc_inc_mus_lex_bb_optN_r6.lp
Cancer (5),2031,"cancer:2031:ext_indep(1,3,s0)",6804391,39334837,43062791,3727954,0.5478747473506446,False,0.023061460815370083,False,True,"baseline=contestability_solve_evidence.jsonl#baseline:cancer:2031; forced=contestability_solve_evidence.jsonl#challenge:cancer:2031:ext_indep(1,3,s0); status=OPTIMUM FOUND; model.optimality_proven=true",False,OPTIMUM FOUND,"ext_indep(1,3,s0)",36,results/paper_aaai2027/frozen/results/final_mcs_experiments_er_sf_alpha001_nowrong_noweight_50rep_chunked/wc_sweep_bnlearn_cancer_alpha001_nowrong_noweight_seed2026_2075_20260715_154609/rep6/lps/wc_inc_mus_lex_bb_optN_r6.lp
Cancer (5),2031,"cancer:2031:ext_indep(1,4,empty)",6871462,39334837,44879790,5544953,0.8069538913261836,False,0.01668682135641575,False,True,"baseline=contestability_solve_evidence.jsonl#baseline:cancer:2031; forced=contestability_solve_evidence.jsonl#challenge:cancer:2031:ext_indep(1,4,empty); status=OPTIMUM FOUND; model.optimality_proven=true",False,OPTIMUM FOUND,"ext_indep(1,4,empty)",37,results/paper_aaai2027/frozen/results/final_mcs_experiments_er_sf_alpha001_nowrong_noweight_50rep_chunked/wc_sweep_bnlearn_cancer_alpha001_nowrong_noweight_seed2026_2075_20260715_154609/rep6/lps/wc_inc_mus_lex_bb_optN_r6.lp
Cancer (5),2031,"cancer:2031:ext_indep(2,3,s0)",6522029,39334837,42271431,2936594,0.4502577342112401,False,0.018659550696611404,False,True,"baseline=contestability_solve_evidence.jsonl#baseline:cancer:2031; forced=contestability_solve_evidence.jsonl#challenge:cancer:2031:ext_indep(2,3,s0); status=OPTIMUM FOUND; model.optimality_proven=true",False,OPTIMUM FOUND,"ext_indep(2,3,s0)",40,results/paper_aaai2027/frozen/results/final_mcs_experiments_er_sf_alpha001_nowrong_noweight_50rep_chunked/wc_sweep_bnlearn_cancer_alpha001_nowrong_noweight_seed2026_2075_20260715_154609/rep6/lps/wc_inc_mus_lex_bb_optN_r6.lp
Cancer (5),2031,"cancer:2031:ext_indep(2,4,empty)",7776494,39334837,44879790,5544953,0.7130402209530413,False,0.01652892865240574,False,True,"baseline=contestability_solve_evidence.jsonl#baseline:cancer:2031; forced=contestability_solve_evidence.jsonl#challenge:cancer:2031:ext_indep(2,4,empty); status=OPTIMUM FOUND; model.optimality_proven=true",False,OPTIMUM FOUND,"ext_indep(2,4,empty)",41,results/paper_aaai2027/frozen/results/final_mcs_experiments_er_sf_alpha001_nowrong_noweight_50rep_chunked/wc_sweep_bnlearn_cancer_alpha001_nowrong_noweight_seed2026_2075_20260715_154609/rep6/lps/wc_inc_mus_lex_bb_optN_r6.lp
Cancer (5),2031,"cancer:2031:ext_indep(3,4,empty)",5111049,39334837,44879790,5544953,1.0848952925319244,False,0.01627100259065628,False,True,"baseline=contestability_solve_evidence.jsonl#baseline:cancer:2031; forced=contestability_solve_evidence.jsonl#challenge:cancer:2031:ext_indep(3,4,empty); status=OPTIMUM FOUND; model.optimality_proven=true",False,OPTIMUM FOUND,"ext_indep(3,4,empty)",43,results/paper_aaai2027/frozen/results/final_mcs_experiments_er_sf_alpha001_nowrong_noweight_50rep_chunked/wc_sweep_bnlearn_cancer_alpha001_nowrong_noweight_seed2026_2075_20260715_154609/rep6/lps/wc_inc_mus_lex_bb_optN_r6.lp
Cancer (5),2032,"cancer:2032:ext_indep(1,2,empty)",7411397,33330934,40406194,7075260,0.9546459324739992,False,0.016459554433822632,False,True,"baseline=contestability_solve_evidence.jsonl#baseline:cancer:2032; forced=contestability_solve_evidence.jsonl#challenge:cancer:2032:ext_indep(1,2,empty); status=OPTIMUM FOUND; model.optimality_proven=true",False,OPTIMUM FOUND,"ext_indep(1,2,empty)",33,results/paper_aaai2027/frozen/results/final_mcs_experiments_er_sf_alpha001_nowrong_noweight_50rep_chunked/wc_sweep_bnlearn_cancer_alpha001_nowrong_noweight_seed2026_2075_20260715_154609/rep7/lps/wc_inc_mus_lex_bb_optN_r7.lp
Cancer (5),2032,"cancer:2032:ext_indep(1,3,empty)",6245375,33330934,40406194,7075260,1.1328799311490503,False,0.016306492500007153,False,True,"baseline=contestability_solve_evidence.jsonl#baseline:cancer:2032; forced=contestability_solve_evidence.jsonl#challenge:cancer:2032:ext_indep(1,3,empty); status=OPTIMUM FOUND; model.optimality_proven=true",False,OPTIMUM FOUND,"ext_indep(1,3,empty)",35,results/paper_aaai2027/frozen/results/final_mcs_experiments_er_sf_alpha001_nowrong_noweight_50rep_chunked/wc_sweep_bnlearn_cancer_alpha001_nowrong_noweight_seed2026_2075_20260715_154609/rep7/lps/wc_inc_mus_lex_bb_optN_r7.lp
Cancer (5),2032,"cancer:2032:ext_indep(1,4,empty)",6468390,33330934,41475865,8144931,1.2591898447681726,False,0.01805292349308729,False,True,"baseline=contestability_solve_evidence.jsonl#baseline:cancer:2032; forced=contestability_solve_evidence.jsonl#challenge:cancer:2032:ext_indep(1,4,empty); status=OPTIMUM FOUND; model.optimality_proven=true",False,OPTIMUM FOUND,"ext_indep(1,4,empty)",37,results/paper_aaai2027/frozen/results/final_mcs_experiments_er_sf_alpha001_nowrong_noweight_50rep_chunked/wc_sweep_bnlearn_cancer_alpha001_nowrong_noweight_seed2026_2075_20260715_154609/rep7/lps/wc_inc_mus_lex_bb_optN_r7.lp
Cancer (5),2032,"cancer:2032:ext_indep(2,4,s0)",7821256,33330934,34860294,1529360,0.19553892622872848,False,0.016631679609417915,False,True,"baseline=contestability_solve_evidence.jsonl#baseline:cancer:2032; forced=contestability_solve_evidence.jsonl#challenge:cancer:2032:ext_indep(2,4,s0); status=OPTIMUM FOUND; model.optimality_proven=true",False,OPTIMUM FOUND,"ext_indep(2,4,s0)",42,results/paper_aaai2027/frozen/results/final_mcs_experiments_er_sf_alpha001_nowrong_noweight_50rep_chunked/wc_sweep_bnlearn_cancer_alpha001_nowrong_noweight_seed2026_2075_20260715_154609/rep7/lps/wc_inc_mus_lex_bb_optN_r7.lp
Cancer (5),2032,"cancer:2032:ext_indep(3,4,s0)",5384516,33330934,34860294,1529360,0.284029242368302,False,0.016931782476603985,False,True,"baseline=contestability_solve_evidence.jsonl#baseline:cancer:2032; forced=contestability_solve_evidence.jsonl#challenge:cancer:2032:ext_indep(3,4,s0); status=OPTIMUM FOUND; model.optimality_proven=true",False,OPTIMUM FOUND,"ext_indep(3,4,s0)",44,results/paper_aaai2027/frozen/results/final_mcs_experiments_er_sf_alpha001_nowrong_noweight_50rep_chunked/wc_sweep_bnlearn_cancer_alpha001_nowrong_noweight_seed2026_2075_20260715_154609/rep7/lps/wc_inc_mus_lex_bb_optN_r7.lp
Cancer (5),2033,"cancer:2033:ext_indep(1,3,empty)",5012606,10451282,11234531,783249,0.15625584775663598,False,0.010653659701347351,False,True,"baseline=contestability_solve_evidence.jsonl#baseline:cancer:2033; forced=contestability_solve_evidence.jsonl#challenge:cancer:2033:ext_indep(1,3,empty); status=OPTIMUM FOUND; model.optimality_proven=true",False,OPTIMUM FOUND,"ext_indep(1,3,empty)",15,results/paper_aaai2027/frozen/results/final_mcs_experiments_er_sf_alpha001_nowrong_noweight_50rep_chunked/wc_sweep_bnlearn_cancer_alpha001_nowrong_noweight_seed2026_2075_20260715_154609/rep8/lps/wc_inc_mus_lex_bb_optN_r8.lp
Cancer (5),2033,"cancer:2033:ext_indep(1,4,empty)",5438676,10451282,13545649,3094367,0.568955937069978,False,0.010148187167942524,False,True,"baseline=contestability_solve_evidence.jsonl#baseline:cancer:2033; forced=contestability_solve_evidence.jsonl#challenge:cancer:2033:ext_indep(1,4,empty); status=OPTIMUM FOUND; model.optimality_proven=true",False,OPTIMUM FOUND,"ext_indep(1,4,empty)",17,results/paper_aaai2027/frozen/results/final_mcs_experiments_er_sf_alpha001_nowrong_noweight_50rep_chunked/wc_sweep_bnlearn_cancer_alpha001_nowrong_noweight_seed2026_2075_20260715_154609/rep8/lps/wc_inc_mus_lex_bb_optN_r8.lp
Cancer (5),2034,"cancer:2034:ext_indep(1,2,s0)",8992804,31423647,32550289,1126642,0.12528261485516642,False,0.01902676559984684,False,True,"baseline=contestability_solve_evidence.jsonl#baseline:cancer:2034; forced=contestability_solve_evidence.jsonl#challenge:cancer:2034:ext_indep(1,2,s0); status=OPTIMUM FOUND; model.optimality_proven=true",False,OPTIMUM FOUND,"ext_indep(1,2,s0)",34,results/paper_aaai2027/frozen/results/final_mcs_experiments_er_sf_alpha001_nowrong_noweight_50rep_chunked/wc_sweep_bnlearn_cancer_alpha001_nowrong_noweight_seed2026_2075_20260715_154609/rep9/lps/wc_inc_mus_lex_bb_optN_r9.lp
Cancer (5),2034,"cancer:2034:ext_indep(1,3,s0)",6652131,31423647,32550289,1126642,0.1693655762341421,False,0.015869473107159138,False,True,"baseline=contestability_solve_evidence.jsonl#baseline:cancer:2034; forced=contestability_solve_evidence.jsonl#challenge:cancer:2034:ext_indep(1,3,s0); status=OPTIMUM FOUND; model.optimality_proven=true",False,OPTIMUM FOUND,"ext_indep(1,3,s0)",36,results/paper_aaai2027/frozen/results/final_mcs_experiments_er_sf_alpha001_nowrong_noweight_50rep_chunked/wc_sweep_bnlearn_cancer_alpha001_nowrong_noweight_seed2026_2075_20260715_154609/rep9/lps/wc_inc_mus_lex_bb_optN_r9.lp
Cancer (5),2034,"cancer:2034:ext_indep(1,4,empty)",5684941,31423647,35009570,3585923,0.6307757635479418,False,0.01494391169399023,False,True,"baseline=contestability_solve_evidence.jsonl#baseline:cancer:2034; forced=contestability_solve_evidence.jsonl#challenge:cancer:2034:ext_indep(1,4,empty); status=OPTIMUM FOUND; model.optimality_proven=true",False,OPTIMUM FOUND,"ext_indep(1,4,empty)",37,results/paper_aaai2027/frozen/results/final_mcs_experiments_er_sf_alpha001_nowrong_noweight_50rep_chunked/wc_sweep_bnlearn_cancer_alpha001_nowrong_noweight_seed2026_2075_20260715_154609/rep9/lps/wc_inc_mus_lex_bb_optN_r9.lp
Cancer (5),2034,"cancer:2034:ext_indep(2,4,empty)",5027879,31423647,35009570,3585923,0.7132078954167353,False,0.015772861428558826,False,True,"baseline=contestability_solve_evidence.jsonl#baseline:cancer:2034; forced=contestability_solve_evidence.jsonl#challenge:cancer:2034:ext_indep(2,4,empty); status=OPTIMUM FOUND; model.optimality_proven=true",False,OPTIMUM FOUND,"ext_indep(2,4,empty)",41,results/paper_aaai2027/frozen/results/final_mcs_experiments_er_sf_alpha001_nowrong_noweight_50rep_chunked/wc_sweep_bnlearn_cancer_alpha001_nowrong_noweight_seed2026_2075_20260715_154609/rep9/lps/wc_inc_mus_lex_bb_optN_r9.lp
Cancer (5),2034,"cancer:2034:ext_indep(3,4,empty)",5065892,31423647,35009570,3585923,0.707856188011904,False,0.015649142675101757,False,True,"baseline=contestability_solve_evidence.jsonl#baseline:cancer:2034; forced=contestability_solve_evidence.jsonl#challenge:cancer:2034:ext_indep(3,4,empty); status=OPTIMUM FOUND; model.optimality_proven=true",False,OPTIMUM FOUND,"ext_indep(3,4,empty)",43,results/paper_aaai2027/frozen/results/final_mcs_experiments_er_sf_alpha001_nowrong_noweight_50rep_chunked/wc_sweep_bnlearn_cancer_alpha001_nowrong_noweight_seed2026_2075_20260715_154609/rep9/lps/wc_inc_mus_lex_bb_optN_r9.lp
Cancer (5),2035,"cancer:2035:ext_indep(1,3,empty)",5752173,16888536,19579976,2691440,0.4678996963408437,False,0.011748198419809341,False,True,"baseline=contestability_solve_evidence.jsonl#baseline:cancer:2035; forced=contestability_solve_evidence.jsonl#challenge:cancer:2035:ext_indep(1,3,empty); status=OPTIMUM FOUND; model.optimality_proven=true",False,OPTIMUM FOUND,"ext_indep(1,3,empty)",15,results/paper_aaai2027/frozen/results/final_mcs_experiments_er_sf_alpha001_nowrong_noweight_50rep_chunked/wc_sweep_bnlearn_cancer_alpha001_nowrong_noweight_seed2026_2075_20260715_154609/rep10/lps/wc_inc_mus_lex_bb_optN_r10.lp
Cancer (5),2035,"cancer:2035:ext_indep(1,4,empty)",5365328,16888536,17124202,235666,0.04392387566985653,False,0.011120600625872612,False,True,"baseline=contestability_solve_evidence.jsonl#baseline:cancer:2035; forced=contestability_solve_evidence.jsonl#challenge:cancer:2035:ext_indep(1,4,empty); status=OPTIMUM FOUND; model.optimality_proven=true",False,OPTIMUM FOUND,"ext_indep(1,4,empty)",17,results/paper_aaai2027/frozen/results/final_mcs_experiments_er_sf_alpha001_nowrong_noweight_50rep_chunked/wc_sweep_bnlearn_cancer_alpha001_nowrong_noweight_seed2026_2075_20260715_154609/rep10/lps/wc_inc_mus_lex_bb_optN_r10.lp
Cancer (5),2035,"cancer:2035:ext_indep(3,4,empty)",5771035,16888536,20552155,3663619,0.6348287612187415,False,0.011194007471203804,False,True,"baseline=contestability_solve_evidence.jsonl#baseline:cancer:2035; forced=contestability_solve_evidence.jsonl#challenge:cancer:2035:ext_indep(3,4,empty); status=OPTIMUM FOUND; model.optimality_proven=true",False,OPTIMUM FOUND,"ext_indep(3,4,empty)",21,results/paper_aaai2027/frozen/results/final_mcs_experiments_er_sf_alpha001_nowrong_noweight_50rep_chunked/wc_sweep_bnlearn_cancer_alpha001_nowrong_noweight_seed2026_2075_20260715_154609/rep10/lps/wc_inc_mus_lex_bb_optN_r10.lp
Cancer (5),2036,"cancer:2036:ext_indep(1,2,empty)",9840998,37646280,39977085,2330805,0.2368464052121543,False,0.01544793788343668,False,True,"baseline=contestability_solve_evidence.jsonl#baseline:cancer:2036; forced=contestability_solve_evidence.jsonl#challenge:cancer:2036:ext_indep(1,2,empty); status=OPTIMUM FOUND; model.optimality_proven=true",False,OPTIMUM FOUND,"ext_indep(1,2,empty)",33,results/paper_aaai2027/frozen/results/final_mcs_experiments_er_sf_alpha001_nowrong_noweight_50rep_chunked/wc_sweep_bnlearn_cancer_alpha001_nowrong_noweight_seed2026_2075_20260715_154609/rep11/lps/wc_inc_mus_lex_bb_optN_r11.lp
Cancer (5),2036,"cancer:2036:ext_indep(1,3,empty)",5741718,37646280,39977085,2330805,0.4059420891099145,False,0.01605500653386116,False,True,"baseline=contestability_solve_evidence.jsonl#baseline:cancer:2036; forced=contestability_solve_evidence.jsonl#challenge:cancer:2036:ext_indep(1,3,empty); status=OPTIMUM FOUND; model.optimality_proven=true",False,OPTIMUM FOUND,"ext_indep(1,3,empty)",35,results/paper_aaai2027/frozen/results/final_mcs_experiments_er_sf_alpha001_nowrong_noweight_50rep_chunked/wc_sweep_bnlearn_cancer_alpha001_nowrong_noweight_seed2026_2075_20260715_154609/rep11/lps/wc_inc_mus_lex_bb_optN_r11.lp
Cancer (5),2036,"cancer:2036:ext_indep(1,4,empty)",5028053,37646280,39977085,2330805,0.46356014942563256,False,0.017593971453607082,False,True,"baseline=contestability_solve_evidence.jsonl#baseline:cancer:2036; forced=contestability_solve_evidence.jsonl#challenge:cancer:2036:ext_indep(1,4,empty); status=OPTIMUM FOUND; model.optimality_proven=true",False,OPTIMUM FOUND,"ext_indep(1,4,empty)",37,results/paper_aaai2027/frozen/results/final_mcs_experiments_er_sf_alpha001_nowrong_noweight_50rep_chunked/wc_sweep_bnlearn_cancer_alpha001_nowrong_noweight_seed2026_2075_20260715_154609/rep11/lps/wc_inc_mus_lex_bb_optN_r11.lp
Cancer (5),2036,"cancer:2036:ext_indep(2,3,s0)",5105767,37646280,42514154,4867874,0.9534070003586141,False,0.023003393784165382,False,True,"baseline=contestability_solve_evidence.jsonl#baseline:cancer:2036; forced=contestability_solve_evidence.jsonl#challenge:cancer:2036:ext_indep(2,3,s0); status=OPTIMUM FOUND; model.optimality_proven=true",False,OPTIMUM FOUND,"ext_indep(2,3,s0)",40,results/paper_aaai2027/frozen/results/final_mcs_experiments_er_sf_alpha001_nowrong_noweight_50rep_chunked/wc_sweep_bnlearn_cancer_alpha001_nowrong_noweight_seed2026_2075_20260715_154609/rep11/lps/wc_inc_mus_lex_bb_optN_r11.lp
Cancer (5),2036,"cancer:2036:ext_indep(2,4,s0)",6532839,37646280,39128529,1482249,0.22689201432945155,False,0.017431003041565418,False,True,"baseline=contestability_solve_evidence.jsonl#baseline:cancer:2036; forced=contestability_solve_evidence.jsonl#challenge:cancer:2036:ext_indep(2,4,s0); status=OPTIMUM FOUND; model.optimality_proven=true",False,OPTIMUM FOUND,"ext_indep(2,4,s0)",42,results/paper_aaai2027/frozen/results/final_mcs_experiments_er_sf_alpha001_nowrong_noweight_50rep_chunked/wc_sweep_bnlearn_cancer_alpha001_nowrong_noweight_seed2026_2075_20260715_154609/rep11/lps/wc_inc_mus_lex_bb_optN_r11.lp
Cancer (5),2036,"cancer:2036:ext_indep(3,4,s0)",5396905,37646280,39128529,1482249,0.2746479695306847,False,0.017908139154314995,False,True,"baseline=contestability_solve_evidence.jsonl#baseline:cancer:2036; forced=contestability_solve_evidence.jsonl#challenge:cancer:2036:ext_indep(3,4,s0); status=OPTIMUM FOUND; model.optimality_proven=true",False,OPTIMUM FOUND,"ext_indep(3,4,s0)",44,results/paper_aaai2027/frozen/results/final_mcs_experiments_er_sf_alpha001_nowrong_noweight_50rep_chunked/wc_sweep_bnlearn_cancer_alpha001_nowrong_noweight_seed2026_2075_20260715_154609/rep11/lps/wc_inc_mus_lex_bb_optN_r11.lp
Cancer (5),2037,"cancer:2037:ext_indep(1,3,s0)",5100639,19319519,20916321,1596802,0.31305920689544975,False,0.011628890410065651,False,True,"baseline=contestability_solve_evidence.jsonl#baseline:cancer:2037; forced=contestability_solve_evidence.jsonl#challenge:cancer:2037:ext_indep(1,3,s0); status=OPTIMUM FOUND; model.optimality_proven=true",False,OPTIMUM FOUND,"ext_indep(1,3,s0)",16,results/paper_aaai2027/frozen/results/final_mcs_experiments_er_sf_alpha001_nowrong_noweight_50rep_chunked/wc_sweep_bnlearn_cancer_alpha001_nowrong_noweight_seed2026_2075_20260715_154609/rep12/lps/wc_inc_mus_lex_bb_optN_r12.lp
Cancer (5),2037,"cancer:2037:ext_indep(3,4,empty)",7130469,19319519,23771353,4451834,0.6243395771021514,False,0.012282412499189377,False,True,"baseline=contestability_solve_evidence.jsonl#baseline:cancer:2037; forced=contestability_solve_evidence.jsonl#challenge:cancer:2037:ext_indep(3,4,empty); status=OPTIMUM FOUND; model.optimality_proven=true",False,OPTIMUM FOUND,"ext_indep(3,4,empty)",23,results/paper_aaai2027/frozen/results/final_mcs_experiments_er_sf_alpha001_nowrong_noweight_50rep_chunked/wc_sweep_bnlearn_cancer_alpha001_nowrong_noweight_seed2026_2075_20260715_154609/rep12/lps/wc_inc_mus_lex_bb_optN_r12.lp
Cancer (5),2037,"cancer:2037:ext_indep(3,4,s0)",7088411,19319519,20916321,1596802,0.22526938689079964,False,0.012777861207723618,False,True,"baseline=contestability_solve_evidence.jsonl#baseline:cancer:2037; forced=contestability_solve_evidence.jsonl#challenge:cancer:2037:ext_indep(3,4,s0); status=OPTIMUM FOUND; model.optimality_proven=true",False,OPTIMUM FOUND,"ext_indep(3,4,s0)",24,results/paper_aaai2027/frozen/results/final_mcs_experiments_er_sf_alpha001_nowrong_noweight_50rep_chunked/wc_sweep_bnlearn_cancer_alpha001_nowrong_noweight_seed2026_2075_20260715_154609/rep12/lps/wc_inc_mus_lex_bb_optN_r12.lp
Cancer (5),2038,"cancer:2038:ext_indep(0,1,s2y3y4)",5030157,23366595,32859830,9493235,1.8872641549756797,False,0.014936569146811962,False,True,"baseline=contestability_solve_evidence.jsonl#baseline:cancer:2038; forced=contestability_solve_evidence.jsonl#challenge:cancer:2038:ext_indep(0,1,s2y3y4); status=OPTIMUM FOUND; model.optimality_proven=true",False,OPTIMUM FOUND,"ext_indep(0,1,s2y3y4)",8,results/paper_aaai2027/frozen/results/final_mcs_experiments_er_sf_alpha001_nowrong_noweight_50rep_chunked/wc_sweep_bnlearn_cancer_alpha001_nowrong_noweight_seed2026_2075_20260715_154609/rep13/lps/wc_inc_mus_lex_bb_optN_r13.lp
Cancer (5),2038,"cancer:2038:ext_indep(1,4,empty)",6604935,23366595,23966113,599518,0.09076819075433748,False,0.013770250603556633,False,True,"baseline=contestability_solve_evidence.jsonl#baseline:cancer:2038; forced=contestability_solve_evidence.jsonl#challenge:cancer:2038:ext_indep(1,4,empty); status=OPTIMUM FOUND; model.optimality_proven=true",False,OPTIMUM FOUND,"ext_indep(1,4,empty)",35,results/paper_aaai2027/frozen/results/final_mcs_experiments_er_sf_alpha001_nowrong_noweight_50rep_chunked/wc_sweep_bnlearn_cancer_alpha001_nowrong_noweight_seed2026_2075_20260715_154609/rep13/lps/wc_inc_mus_lex_bb_optN_r13.lp
Cancer (5),2038,"cancer:2038:ext_indep(2,4,empty)",5587558,23366595,23966113,599518,0.10729517259597127,False,0.013330838643014431,False,True,"baseline=contestability_solve_evidence.jsonl#baseline:cancer:2038; forced=contestability_solve_evidence.jsonl#challenge:cancer:2038:ext_indep(2,4,empty); status=OPTIMUM FOUND; model.optimality_proven=true",False,OPTIMUM FOUND,"ext_indep(2,4,empty)",38,results/paper_aaai2027/frozen/results/final_mcs_experiments_er_sf_alpha001_nowrong_noweight_50rep_chunked/wc_sweep_bnlearn_cancer_alpha001_nowrong_noweight_seed2026_2075_20260715_154609/rep13/lps/wc_inc_mus_lex_bb_optN_r13.lp
Cancer (5),2038,"cancer:2038:ext_indep(3,4,empty)",6143945,23366595,23966113,599518,0.09757867298616768,False,0.013347852043807507,False,True,"baseline=contestability_solve_evidence.jsonl#baseline:cancer:2038; forced=contestability_solve_evidence.jsonl#challenge:cancer:2038:ext_indep(3,4,empty); status=OPTIMUM FOUND; model.optimality_proven=true",False,OPTIMUM FOUND,"ext_indep(3,4,empty)",40,results/paper_aaai2027/frozen/results/final_mcs_experiments_er_sf_alpha001_nowrong_noweight_50rep_chunked/wc_sweep_bnlearn_cancer_alpha001_nowrong_noweight_seed2026_2075_20260715_154609/rep13/lps/wc_inc_mus_lex_bb_optN_r13.lp
Cancer (5),2039,"cancer:2039:ext_indep(1,2,s0)",5142937,35909140,37086295,1177155,0.22888769588272226,False,0.02130567841231823,False,True,"baseline=contestability_solve_evidence.jsonl#baseline:cancer:2039; forced=contestability_solve_evidence.jsonl#challenge:cancer:2039:ext_indep(1,2,s0); status=OPTIMUM FOUND; model.optimality_proven=true",False,OPTIMUM FOUND,"ext_indep(1,2,s0)",34,results/paper_aaai2027/frozen/results/final_mcs_experiments_er_sf_alpha001_nowrong_noweight_50rep_chunked/wc_sweep_bnlearn_cancer_alpha001_nowrong_noweight_seed2026_2075_20260715_154609/rep14/lps/wc_inc_mus_lex_bb_optN_r14.lp
Cancer (5),2039,"cancer:2039:ext_indep(1,3,empty)",7361004,35909140,36963607,1054467,0.143250431598733,False,0.016430336982011795,False,True,"baseline=contestability_solve_evidence.jsonl#baseline:cancer:2039; forced=contestability_solve_evidence.jsonl#challenge:cancer:2039:ext_indep(1,3,empty); status=OPTIMUM FOUND; model.optimality_proven=true",False,OPTIMUM FOUND,"ext_indep(1,3,empty)",35,results/paper_aaai2027/frozen/results/final_mcs_experiments_er_sf_alpha001_nowrong_noweight_50rep_chunked/wc_sweep_bnlearn_cancer_alpha001_nowrong_noweight_seed2026_2075_20260715_154609/rep14/lps/wc_inc_mus_lex_bb_optN_r14.lp
Cancer (5),2039,"cancer:2039:ext_indep(1,4,empty)",5967192,35909140,39150814,3241674,0.5432494882014858,False,0.013723602518439293,False,True,"baseline=contestability_solve_evidence.jsonl#baseline:cancer:2039; forced=contestability_solve_evidence.jsonl#challenge:cancer:2039:ext_indep(1,4,empty); status=OPTIMUM FOUND; model.optimality_proven=true",False,OPTIMUM FOUND,"ext_indep(1,4,empty)",37,results/paper_aaai2027/frozen/results/final_mcs_experiments_er_sf_alpha001_nowrong_noweight_50rep_chunked/wc_sweep_bnlearn_cancer_alpha001_nowrong_noweight_seed2026_2075_20260715_154609/rep14/lps/wc_inc_mus_lex_bb_optN_r14.lp
Cancer (5),2039,"cancer:2039:ext_indep(2,3,empty)",5709120,35909140,36963607,1054467,0.1846986926181268,False,0.015247201547026634,False,True,"baseline=contestability_solve_evidence.jsonl#baseline:cancer:2039; forced=contestability_solve_evidence.jsonl#challenge:cancer:2039:ext_indep(2,3,empty); status=OPTIMUM FOUND; model.optimality_proven=true",False,OPTIMUM FOUND,"ext_indep(2,3,empty)",39,results/paper_aaai2027/frozen/results/final_mcs_experiments_er_sf_alpha001_nowrong_noweight_50rep_chunked/wc_sweep_bnlearn_cancer_alpha001_nowrong_noweight_seed2026_2075_20260715_154609/rep14/lps/wc_inc_mus_lex_bb_optN_r14.lp
Cancer (5),2039,"cancer:2039:ext_indep(2,4,empty)",5958473,35909140,40661335,4752195,0.7975524937345525,False,0.016215349547564983,False,True,"baseline=contestability_solve_evidence.jsonl#baseline:cancer:2039; forced=contestability_solve_evidence.jsonl#challenge:cancer:2039:ext_indep(2,4,empty); status=OPTIMUM FOUND; model.optimality_proven=true",False,OPTIMUM FOUND,"ext_indep(2,4,empty)",41,results/paper_aaai2027/frozen/results/final_mcs_experiments_er_sf_alpha001_nowrong_noweight_50rep_chunked/wc_sweep_bnlearn_cancer_alpha001_nowrong_noweight_seed2026_2075_20260715_154609/rep14/lps/wc_inc_mus_lex_bb_optN_r14.lp
Cancer (5),2039,"cancer:2039:ext_indep(3,4,empty)",5770414,35909140,38631170,2722030,0.47172178633976697,False,0.018141652457416058,False,True,"baseline=contestability_solve_evidence.jsonl#baseline:cancer:2039; forced=contestability_solve_evidence.jsonl#challenge:cancer:2039:ext_indep(3,4,empty); status=OPTIMUM FOUND; model.optimality_proven=true",False,OPTIMUM FOUND,"ext_indep(3,4,empty)",43,results/paper_aaai2027/frozen/results/final_mcs_experiments_er_sf_alpha001_nowrong_noweight_50rep_chunked/wc_sweep_bnlearn_cancer_alpha001_nowrong_noweight_seed2026_2075_20260715_154609/rep14/lps/wc_inc_mus_lex_bb_optN_r14.lp
Cancer (5),2040,"cancer:2040:ext_indep(1,2,empty)",9882464,35888671,36069153,180482,0.01826285428411376,False,0.016285979188978672,False,True,"baseline=contestability_solve_evidence.jsonl#baseline:cancer:2040; forced=contestability_solve_evidence.jsonl#challenge:cancer:2040:ext_indep(1,2,empty); status=OPTIMUM FOUND; model.optimality_proven=true",False,OPTIMUM FOUND,"ext_indep(1,2,empty)",33,results/paper_aaai2027/frozen/results/final_mcs_experiments_er_sf_alpha001_nowrong_noweight_50rep_chunked/wc_sweep_bnlearn_cancer_alpha001_nowrong_noweight_seed2026_2075_20260715_154609/rep15/lps/wc_inc_mus_lex_bb_optN_r15.lp
Cancer (5),2040,"cancer:2040:ext_indep(1,3,empty)",6661115,35888671,36069153,180482,0.027094863247369247,False,0.014641422778367996,False,True,"baseline=contestability_solve_evidence.jsonl#baseline:cancer:2040; forced=contestability_solve_evidence.jsonl#challenge:cancer:2040:ext_indep(1,3,empty); status=OPTIMUM FOUND; model.optimality_proven=true",False,OPTIMUM FOUND,"ext_indep(1,3,empty)",35,results/paper_aaai2027/frozen/results/final_mcs_experiments_er_sf_alpha001_nowrong_noweight_50rep_chunked/wc_sweep_bnlearn_cancer_alpha001_nowrong_noweight_seed2026_2075_20260715_154609/rep15/lps/wc_inc_mus_lex_bb_optN_r15.lp
Cancer (5),2040,"cancer:2040:ext_indep(1,4,empty)",6004596,35888671,39518247,3629576,0.6044663121382354,False,0.016214425675570965,False,True,"baseline=contestability_solve_evidence.jsonl#baseline:cancer:2040; forced=contestability_solve_evidence.jsonl#challenge:cancer:2040:ext_indep(1,4,empty); status=OPTIMUM FOUND; model.optimality_proven=true",False,OPTIMUM FOUND,"ext_indep(1,4,empty)",37,results/paper_aaai2027/frozen/results/final_mcs_experiments_er_sf_alpha001_nowrong_noweight_50rep_chunked/wc_sweep_bnlearn_cancer_alpha001_nowrong_noweight_seed2026_2075_20260715_154609/rep15/lps/wc_inc_mus_lex_bb_optN_r15.lp
Cancer (5),2040,"cancer:2040:ext_indep(2,4,s0)",5258915,35888671,36069153,180482,0.03431924646053416,False,0.016556466929614544,False,True,"baseline=contestability_solve_evidence.jsonl#baseline:cancer:2040; forced=contestability_solve_evidence.jsonl#challenge:cancer:2040:ext_indep(2,4,s0); status=OPTIMUM FOUND; model.optimality_proven=true",False,OPTIMUM FOUND,"ext_indep(2,4,s0)",42,results/paper_aaai2027/frozen/results/final_mcs_experiments_er_sf_alpha001_nowrong_noweight_50rep_chunked/wc_sweep_bnlearn_cancer_alpha001_nowrong_noweight_seed2026_2075_20260715_154609/rep15/lps/wc_inc_mus_lex_bb_optN_r15.lp
Cancer (5),2040,"cancer:2040:ext_indep(3,4,s0)",8081581,35888671,36069153,180482,0.02233251142319801,False,0.01679902244359255,False,True,"baseline=contestability_solve_evidence.jsonl#baseline:cancer:2040; forced=contestability_solve_evidence.jsonl#challenge:cancer:2040:ext_indep(3,4,s0); status=OPTIMUM FOUND; model.optimality_proven=true",False,OPTIMUM FOUND,"ext_indep(3,4,s0)",44,results/paper_aaai2027/frozen/results/final_mcs_experiments_er_sf_alpha001_nowrong_noweight_50rep_chunked/wc_sweep_bnlearn_cancer_alpha001_nowrong_noweight_seed2026_2075_20260715_154609/rep15/lps/wc_inc_mus_lex_bb_optN_r15.lp
Cancer (5),2041,"cancer:2041:ext_indep(1,3,s0)",6800793,18455084,19812915,1357831,0.199657745795233,False,0.014028733596205711,False,True,"baseline=contestability_solve_evidence.jsonl#baseline:cancer:2041; forced=contestability_solve_evidence.jsonl#challenge:cancer:2041:ext_indep(1,3,s0); status=OPTIMUM FOUND; model.optimality_proven=true",False,OPTIMUM FOUND,"ext_indep(1,3,s0)",16,results/paper_aaai2027/frozen/results/final_mcs_experiments_er_sf_alpha001_nowrong_noweight_50rep_chunked/wc_sweep_bnlearn_cancer_alpha001_nowrong_noweight_seed2026_2075_20260715_154609/rep16/lps/wc_inc_mus_lex_bb_optN_r16.lp
Cancer (5),2041,"cancer:2041:ext_indep(1,4,empty)",6143300,18455084,21458927,3003843,0.4889624468933635,False,0.010355429723858833,False,True,"baseline=contestability_solve_evidence.jsonl#baseline:cancer:2041; forced=contestability_solve_evidence.jsonl#challenge:cancer:2041:ext_indep(1,4,empty); status=OPTIMUM FOUND; model.optimality_proven=true",False,OPTIMUM FOUND,"ext_indep(1,4,empty)",17,results/paper_aaai2027/frozen/results/final_mcs_experiments_er_sf_alpha001_nowrong_noweight_50rep_chunked/wc_sweep_bnlearn_cancer_alpha001_nowrong_noweight_seed2026_2075_20260715_154609/rep16/lps/wc_inc_mus_lex_bb_optN_r16.lp
Cancer (5),2041,"cancer:2041:ext_indep(3,4,empty)",5510991,18455084,21459249,3004165,0.545122465269858,False,0.01032008696347475,False,True,"baseline=contestability_solve_evidence.jsonl#baseline:cancer:2041; forced=contestability_solve_evidence.jsonl#challenge:cancer:2041:ext_indep(3,4,empty); status=OPTIMUM FOUND; model.optimality_proven=true",False,OPTIMUM FOUND,"ext_indep(3,4,empty)",21,results/paper_aaai2027/frozen/results/final_mcs_experiments_er_sf_alpha001_nowrong_noweight_50rep_chunked/wc_sweep_bnlearn_cancer_alpha001_nowrong_noweight_seed2026_2075_20260715_154609/rep16/lps/wc_inc_mus_lex_bb_optN_r16.lp
Cancer (5),2042,"cancer:2042:ext_indep(0,2,s4)",5027191,31270293,34495256,3224963,0.6415039730935228,False,0.014588478021323681,False,True,"baseline=contestability_solve_evidence.jsonl#baseline:cancer:2042; forced=contestability_solve_evidence.jsonl#challenge:cancer:2042:ext_indep(0,2,s4); status=OPTIMUM FOUND; model.optimality_proven=true",False,OPTIMUM FOUND,"ext_indep(0,2,s4)",9,results/paper_aaai2027/frozen/results/final_mcs_experiments_er_sf_alpha001_nowrong_noweight_50rep_chunked/wc_sweep_bnlearn_cancer_alpha001_nowrong_noweight_seed2026_2075_20260715_154609/rep17/lps/wc_inc_mus_lex_bb_optN_r17.lp
Cancer (5),2042,"cancer:2042:ext_indep(1,2,empty)",5122909,31270293,31360570,90277,0.017622214253659396,False,0.012984095141291618,False,True,"baseline=contestability_solve_evidence.jsonl#baseline:cancer:2042; forced=contestability_solve_evidence.jsonl#challenge:cancer:2042:ext_indep(1,2,empty); status=OPTIMUM FOUND; model.optimality_proven=true",False,OPTIMUM FOUND,"ext_indep(1,2,empty)",20,results/paper_aaai2027/frozen/results/final_mcs_experiments_er_sf_alpha001_nowrong_noweight_50rep_chunked/wc_sweep_bnlearn_cancer_alpha001_nowrong_noweight_seed2026_2075_20260715_154609/rep17/lps/wc_inc_mus_lex_bb_optN_r17.lp
Cancer (5),2042,"cancer:2042:ext_indep(1,3,s0)",9215728,31270293,34495256,3224963,0.34994120920235494,False,0.013690587133169174,False,True,"baseline=contestability_solve_evidence.jsonl#baseline:cancer:2042; forced=contestability_solve_evidence.jsonl#challenge:cancer:2042:ext_indep(1,3,s0); status=OPTIMUM FOUND; model.optimality_proven=true",False,OPTIMUM FOUND,"ext_indep(1,3,s0)",22,results/paper_aaai2027/frozen/results/final_mcs_experiments_er_sf_alpha001_nowrong_noweight_50rep_chunked/wc_sweep_bnlearn_cancer_alpha001_nowrong_noweight_seed2026_2075_20260715_154609/rep17/lps/wc_inc_mus_lex_bb_optN_r17.lp
Cancer (5),2042,"cancer:2042:ext_indep(1,4,s0)",5816664,31270293,34495256,3224963,0.5544351538957726,False,0.01660414319485426,False,True,"baseline=contestability_solve_evidence.jsonl#baseline:cancer:2042; forced=contestability_solve_evidence.jsonl#challenge:cancer:2042:ext_indep(1,4,s0); status=OPTIMUM FOUND; model.optimality_proven=true",False,OPTIMUM FOUND,"ext_indep(1,4,s0)",24,results/paper_aaai2027/frozen/results/final_mcs_experiments_er_sf_alpha001_nowrong_noweight_50rep_chunked/wc_sweep_bnlearn_cancer_alpha001_nowrong_noweight_seed2026_2075_20260715_154609/rep17/lps/wc_inc_mus_lex_bb_optN_r17.lp
Cancer (5),2042,"cancer:2042:ext_indep(3,4,s0)",6087801,31270293,35543431,4273138,0.7019181474558712,False,0.015417659655213356,False,True,"baseline=contestability_solve_evidence.jsonl#baseline:cancer:2042; forced=contestability_solve_evidence.jsonl#challenge:cancer:2042:ext_indep(3,4,s0); status=OPTIMUM FOUND; model.optimality_proven=true",False,OPTIMUM FOUND,"ext_indep(3,4,s0)",28,results/paper_aaai2027/frozen/results/final_mcs_experiments_er_sf_alpha001_nowrong_noweight_50rep_chunked/wc_sweep_bnlearn_cancer_alpha001_nowrong_noweight_seed2026_2075_20260715_154609/rep17/lps/wc_inc_mus_lex_bb_optN_r17.lp
Cancer (5),2043,"cancer:2043:ext_indep(0,1,s3)",5008406,28144255,28785604,641349,0.12805451474980264,False,0.014072156511247158,False,True,"baseline=contestability_solve_evidence.jsonl#baseline:cancer:2043; forced=contestability_solve_evidence.jsonl#challenge:cancer:2043:ext_indep(0,1,s3); status=OPTIMUM FOUND; model.optimality_proven=true",False,OPTIMUM FOUND,"ext_indep(0,1,s3)",3,results/paper_aaai2027/frozen/results/final_mcs_experiments_er_sf_alpha001_nowrong_noweight_50rep_chunked/wc_sweep_bnlearn_cancer_alpha001_nowrong_noweight_seed2026_2075_20260715_154609/rep18/lps/wc_inc_mus_lex_bb_optN_r18.lp
Cancer (5),2043,"cancer:2043:ext_indep(2,3,s0)",5940315,28144255,31569584,3425329,0.5766241352520868,False,0.015484634786844254,False,True,"baseline=contestability_solve_evidence.jsonl#baseline:cancer:2043; forced=contestability_solve_evidence.jsonl#challenge:cancer:2043:ext_indep(2,3,s0); status=OPTIMUM FOUND; model.optimality_proven=true",False,OPTIMUM FOUND,"ext_indep(2,3,s0)",24,results/paper_aaai2027/frozen/results/final_mcs_experiments_er_sf_alpha001_nowrong_noweight_50rep_chunked/wc_sweep_bnlearn_cancer_alpha001_nowrong_noweight_seed2026_2075_20260715_154609/rep18/lps/wc_inc_mus_lex_bb_optN_r18.lp
Cancer (5),2043,"cancer:2043:ext_indep(2,4,s0)",8980296,28144255,28464241,319986,0.03563201034798853,False,0.01229193527251482,False,True,"baseline=contestability_solve_evidence.jsonl#baseline:cancer:2043; forced=contestability_solve_evidence.jsonl#challenge:cancer:2043:ext_indep(2,4,s0); status=OPTIMUM FOUND; model.optimality_proven=true",False,OPTIMUM FOUND,"ext_indep(2,4,s0)",26,results/paper_aaai2027/frozen/results/final_mcs_experiments_er_sf_alpha001_nowrong_noweight_50rep_chunked/wc_sweep_bnlearn_cancer_alpha001_nowrong_noweight_seed2026_2075_20260715_154609/rep18/lps/wc_inc_mus_lex_bb_optN_r18.lp
Cancer (5),2043,"cancer:2043:ext_indep(3,4,s0)",8215238,28144255,28464241,319986,0.03895030186587412,False,0.013822088949382305,False,True,"baseline=contestability_solve_evidence.jsonl#baseline:cancer:2043; forced=contestability_solve_evidence.jsonl#challenge:cancer:2043:ext_indep(3,4,s0); status=OPTIMUM FOUND; model.optimality_proven=true",False,OPTIMUM FOUND,"ext_indep(3,4,s0)",28,results/paper_aaai2027/frozen/results/final_mcs_experiments_er_sf_alpha001_nowrong_noweight_50rep_chunked/wc_sweep_bnlearn_cancer_alpha001_nowrong_noweight_seed2026_2075_20260715_154609/rep18/lps/wc_inc_mus_lex_bb_optN_r18.lp
Cancer (5),2044,"cancer:2044:ext_indep(1,3,empty)",5874978,16414257,17533441,1119184,0.19050011761746172,False,0.00869034044444561,False,True,"baseline=contestability_solve_evidence.jsonl#baseline:cancer:2044; forced=contestability_solve_evidence.jsonl#challenge:cancer:2044:ext_indep(1,3,empty); status=OPTIMUM FOUND; model.optimality_proven=true",False,OPTIMUM FOUND,"ext_indep(1,3,empty)",15,results/paper_aaai2027/frozen/results/final_mcs_experiments_er_sf_alpha001_nowrong_noweight_50rep_chunked/wc_sweep_bnlearn_cancer_alpha001_nowrong_noweight_seed2026_2075_20260715_154609/rep19/lps/wc_inc_mus_lex_bb_optN_r19.lp
Cancer (5),2044,"cancer:2044:ext_indep(1,4,s0)",5032171,16414257,17533441,1119184,0.22240579662336593,False,0.010475394316017628,False,True,"baseline=contestability_solve_evidence.jsonl#baseline:cancer:2044; forced=contestability_solve_evidence.jsonl#challenge:cancer:2044:ext_indep(1,4,s0); status=OPTIMUM FOUND; model.optimality_proven=true",False,OPTIMUM FOUND,"ext_indep(1,4,s0)",18,results/paper_aaai2027/frozen/results/final_mcs_experiments_er_sf_alpha001_nowrong_noweight_50rep_chunked/wc_sweep_bnlearn_cancer_alpha001_nowrong_noweight_seed2026_2075_20260715_154609/rep19/lps/wc_inc_mus_lex_bb_optN_r19.lp
Cancer (5),2044,"cancer:2044:ext_indep(3,4,empty)",5507108,16414257,19584421,3170164,0.5756495060565364,False,0.010726301930844784,False,True,"baseline=contestability_solve_evidence.jsonl#baseline:cancer:2044; forced=contestability_solve_evidence.jsonl#challenge:cancer:2044:ext_indep(3,4,empty); status=OPTIMUM FOUND; model.optimality_proven=true",False,OPTIMUM FOUND,"ext_indep(3,4,empty)",21,results/paper_aaai2027/frozen/results/final_mcs_experiments_er_sf_alpha001_nowrong_noweight_50rep_chunked/wc_sweep_bnlearn_cancer_alpha001_nowrong_noweight_seed2026_2075_20260715_154609/rep19/lps/wc_inc_mus_lex_bb_optN_r19.lp
Cancer (5),2045,"cancer:2045:ext_indep(1,2,empty)",8834607,33213755,35916785,2703030,0.30595928036187686,False,0.017299063503742218,False,True,"baseline=contestability_solve_evidence.jsonl#baseline:cancer:2045; forced=contestability_solve_evidence.jsonl#challenge:cancer:2045:ext_indep(1,2,empty); status=OPTIMUM FOUND; model.optimality_proven=true",False,OPTIMUM FOUND,"ext_indep(1,2,empty)",33,results/paper_aaai2027/frozen/results/final_mcs_experiments_er_sf_alpha001_nowrong_noweight_50rep_chunked/wc_sweep_bnlearn_cancer_alpha001_nowrong_noweight_seed2026_2075_20260715_154609/rep20/lps/wc_inc_mus_lex_bb_optN_r20.lp
Cancer (5),2045,"cancer:2045:ext_indep(1,3,empty)",7778292,33213755,35916785,2703030,0.34750945323214916,False,0.016139528714120388,False,True,"baseline=contestability_solve_evidence.jsonl#baseline:cancer:2045; forced=contestability_solve_evidence.jsonl#challenge:cancer:2045:ext_indep(1,3,empty); status=OPTIMUM FOUND; model.optimality_proven=true",False,OPTIMUM FOUND,"ext_indep(1,3,empty)",35,results/paper_aaai2027/frozen/results/final_mcs_experiments_er_sf_alpha001_nowrong_noweight_50rep_chunked/wc_sweep_bnlearn_cancer_alpha001_nowrong_noweight_seed2026_2075_20260715_154609/rep20/lps/wc_inc_mus_lex_bb_optN_r20.lp
Cancer (5),2045,"cancer:2045:ext_indep(1,4,empty)",5415812,33213755,42933913,9720158,1.7947738954010959,False,0.019246882759034634,False,True,"baseline=contestability_solve_evidence.jsonl#baseline:cancer:2045; forced=contestability_solve_evidence.jsonl#challenge:cancer:2045:ext_indep(1,4,empty); status=OPTIMUM FOUND; model.optimality_proven=true",False,OPTIMUM FOUND,"ext_indep(1,4,empty)",37,results/paper_aaai2027/frozen/results/final_mcs_experiments_er_sf_alpha001_nowrong_noweight_50rep_chunked/wc_sweep_bnlearn_cancer_alpha001_nowrong_noweight_seed2026_2075_20260715_154609/rep20/lps/wc_inc_mus_lex_bb_optN_r20.lp
Cancer (5),2045,"cancer:2045:ext_indep(2,4,empty)",5210550,33213755,38705450,5491695,1.0539568759535942,False,0.015329224988818169,False,True,"baseline=contestability_solve_evidence.jsonl#baseline:cancer:2045; forced=contestability_solve_evidence.jsonl#challenge:cancer:2045:ext_indep(2,4,empty); status=OPTIMUM FOUND; model.optimality_proven=true",False,OPTIMUM FOUND,"ext_indep(2,4,empty)",41,results/paper_aaai2027/frozen/results/final_mcs_experiments_er_sf_alpha001_nowrong_noweight_50rep_chunked/wc_sweep_bnlearn_cancer_alpha001_nowrong_noweight_seed2026_2075_20260715_154609/rep20/lps/wc_inc_mus_lex_bb_optN_r20.lp
Cancer (5),2045,"cancer:2045:ext_indep(3,4,empty)",5974494,33213755,38705450,5491695,0.9191899765904862,False,0.016673699021339417,False,True,"baseline=contestability_solve_evidence.jsonl#baseline:cancer:2045; forced=contestability_solve_evidence.jsonl#challenge:cancer:2045:ext_indep(3,4,empty); status=OPTIMUM FOUND; model.optimality_proven=true",False,OPTIMUM FOUND,"ext_indep(3,4,empty)",43,results/paper_aaai2027/frozen/results/final_mcs_experiments_er_sf_alpha001_nowrong_noweight_50rep_chunked/wc_sweep_bnlearn_cancer_alpha001_nowrong_noweight_seed2026_2075_20260715_154609/rep20/lps/wc_inc_mus_lex_bb_optN_r20.lp
Cancer (5),2046,"cancer:2046:ext_indep(1,2,s0)",9261023,32119493,32141873,22380,0.0024165796802361897,False,0.015210986137390137,False,True,"baseline=contestability_solve_evidence.jsonl#baseline:cancer:2046; forced=contestability_solve_evidence.jsonl#challenge:cancer:2046:ext_indep(1,2,s0); status=OPTIMUM FOUND; model.optimality_proven=true",False,OPTIMUM FOUND,"ext_indep(1,2,s0)",34,results/paper_aaai2027/frozen/results/final_mcs_experiments_er_sf_alpha001_nowrong_noweight_50rep_chunked/wc_sweep_bnlearn_cancer_alpha001_nowrong_noweight_seed2026_2075_20260715_154609/rep21/lps/wc_inc_mus_lex_bb_optN_r21.lp
Cancer (5),2046,"cancer:2046:ext_indep(1,3,s0)",8811183,32119493,32141873,22380,0.002539954056112556,False,0.013753699138760567,False,True,"baseline=contestability_solve_evidence.jsonl#baseline:cancer:2046; forced=contestability_solve_evidence.jsonl#challenge:cancer:2046:ext_indep(1,3,s0); status=OPTIMUM FOUND; model.optimality_proven=true",False,OPTIMUM FOUND,"ext_indep(1,3,s0)",36,results/paper_aaai2027/frozen/results/final_mcs_experiments_er_sf_alpha001_nowrong_noweight_50rep_chunked/wc_sweep_bnlearn_cancer_alpha001_nowrong_noweight_seed2026_2075_20260715_154609/rep21/lps/wc_inc_mus_lex_bb_optN_r21.lp
Cancer (5),2046,"cancer:2046:ext_indep(1,4,empty)",8054577,32119493,39978599,7859106,0.9757316864684514,False,0.016642848029732704,False,True,"baseline=contestability_solve_evidence.jsonl#baseline:cancer:2046; forced=contestability_solve_evidence.jsonl#challenge:cancer:2046:ext_indep(1,4,empty); status=OPTIMUM FOUND; model.optimality_proven=true",False,OPTIMUM FOUND,"ext_indep(1,4,empty)",37,results/paper_aaai2027/frozen/results/final_mcs_experiments_er_sf_alpha001_nowrong_noweight_50rep_chunked/wc_sweep_bnlearn_cancer_alpha001_nowrong_noweight_seed2026_2075_20260715_154609/rep21/lps/wc_inc_mus_lex_bb_optN_r21.lp
Cancer (5),2046,"cancer:2046:ext_indep(2,4,empty)",5992710,32119493,40252087,8132594,1.3570811869755086,False,0.01653466373682022,False,True,"baseline=contestability_solve_evidence.jsonl#baseline:cancer:2046; forced=contestability_solve_evidence.jsonl#challenge:cancer:2046:ext_indep(2,4,empty); status=OPTIMUM FOUND; model.optimality_proven=true",False,OPTIMUM FOUND,"ext_indep(2,4,empty)",41,results/paper_aaai2027/frozen/results/final_mcs_experiments_er_sf_alpha001_nowrong_noweight_50rep_chunked/wc_sweep_bnlearn_cancer_alpha001_nowrong_noweight_seed2026_2075_20260715_154609/rep21/lps/wc_inc_mus_lex_bb_optN_r21.lp
Cancer (5),2047,"cancer:2047:ext_indep(1,2,s0)",7607033,42451110,43074332,623222,0.0819270798483456,False,0.022545809857547283,False,True,"baseline=contestability_solve_evidence.jsonl#baseline:cancer:2047; forced=contestability_solve_evidence.jsonl#challenge:cancer:2047:ext_indep(1,2,s0); status=OPTIMUM FOUND; model.optimality_proven=true",False,OPTIMUM FOUND,"ext_indep(1,2,s0)",34,results/paper_aaai2027/frozen/results/final_mcs_experiments_er_sf_alpha001_nowrong_noweight_50rep_chunked/wc_sweep_bnlearn_cancer_alpha001_nowrong_noweight_seed2026_2075_20260715_154609/rep22/lps/wc_inc_mus_lex_bb_optN_r22.lp
Cancer (5),2047,"cancer:2047:ext_indep(1,3,s0)",7512771,42451110,43074332,623222,0.08295501087415016,False,0.019304143264889717,False,True,"baseline=contestability_solve_evidence.jsonl#baseline:cancer:2047; forced=contestability_solve_evidence.jsonl#challenge:cancer:2047:ext_indep(1,3,s0); status=OPTIMUM FOUND; model.optimality_proven=true",False,OPTIMUM FOUND,"ext_indep(1,3,s0)",36,results/paper_aaai2027/frozen/results/final_mcs_experiments_er_sf_alpha001_nowrong_noweight_50rep_chunked/wc_sweep_bnlearn_cancer_alpha001_nowrong_noweight_seed2026_2075_20260715_154609/rep22/lps/wc_inc_mus_lex_bb_optN_r22.lp
Cancer (5),2047,"cancer:2047:ext_indep(1,4,s0)",8404552,42451110,43074332,623222,0.0741529114222864,False,0.01785175409168005,False,True,"baseline=contestability_solve_evidence.jsonl#baseline:cancer:2047; forced=contestability_solve_evidence.jsonl#challenge:cancer:2047:ext_indep(1,4,s0); status=OPTIMUM FOUND; model.optimality_proven=true",False,OPTIMUM FOUND,"ext_indep(1,4,s0)",38,results/paper_aaai2027/frozen/results/final_mcs_experiments_er_sf_alpha001_nowrong_noweight_50rep_chunked/wc_sweep_bnlearn_cancer_alpha001_nowrong_noweight_seed2026_2075_20260715_154609/rep22/lps/wc_inc_mus_lex_bb_optN_r22.lp
Cancer (5),2047,"cancer:2047:ext_indep(2,3,s0)",5440713,42451110,45764903,3313793,0.6090732960918909,False,0.018035128712654114,False,True,"baseline=contestability_solve_evidence.jsonl#baseline:cancer:2047; forced=contestability_solve_evidence.jsonl#challenge:cancer:2047:ext_indep(2,3,s0); status=OPTIMUM FOUND; model.optimality_proven=true",False,OPTIMUM FOUND,"ext_indep(2,3,s0)",40,results/paper_aaai2027/frozen/results/final_mcs_experiments_er_sf_alpha001_nowrong_noweight_50rep_chunked/wc_sweep_bnlearn_cancer_alpha001_nowrong_noweight_seed2026_2075_20260715_154609/rep22/lps/wc_inc_mus_lex_bb_optN_r22.lp
Cancer (5),2047,"cancer:2047:ext_indep(2,4,s0)",8197570,42451110,45764903,3313793,0.4042408908981564,False,0.02020221296697855,False,True,"baseline=contestability_solve_evidence.jsonl#baseline:cancer:2047; forced=contestability_solve_evidence.jsonl#challenge:cancer:2047:ext_indep(2,4,s0); status=OPTIMUM FOUND; model.optimality_proven=true",False,OPTIMUM FOUND,"ext_indep(2,4,s0)",42,results/paper_aaai2027/frozen/results/final_mcs_experiments_er_sf_alpha001_nowrong_noweight_50rep_chunked/wc_sweep_bnlearn_cancer_alpha001_nowrong_noweight_seed2026_2075_20260715_154609/rep22/lps/wc_inc_mus_lex_bb_optN_r22.lp
Cancer (5),2047,"cancer:2047:ext_indep(3,4,s0)",5288471,42451110,46136788,3685678,0.696926956770681,False,0.01977657899260521,False,True,"baseline=contestability_solve_evidence.jsonl#baseline:cancer:2047; forced=contestability_solve_evidence.jsonl#challenge:cancer:2047:ext_indep(3,4,s0); status=OPTIMUM FOUND; model.optimality_proven=true",False,OPTIMUM FOUND,"ext_indep(3,4,s0)",44,results/paper_aaai2027/frozen/results/final_mcs_experiments_er_sf_alpha001_nowrong_noweight_50rep_chunked/wc_sweep_bnlearn_cancer_alpha001_nowrong_noweight_seed2026_2075_20260715_154609/rep22/lps/wc_inc_mus_lex_bb_optN_r22.lp
Cancer (5),2048,"cancer:2048:ext_indep(1,2,empty)",6035748,34527109,35640525,1113416,0.18447025952707105,False,0.016541040502488613,False,True,"baseline=contestability_solve_evidence.jsonl#baseline:cancer:2048; forced=contestability_solve_evidence.jsonl#challenge:cancer:2048:ext_indep(1,2,empty); status=OPTIMUM FOUND; model.optimality_proven=true",False,OPTIMUM FOUND,"ext_indep(1,2,empty)",33,results/paper_aaai2027/frozen/results/final_mcs_experiments_er_sf_alpha001_nowrong_noweight_50rep_chunked/wc_sweep_bnlearn_cancer_alpha001_nowrong_noweight_seed2026_2075_20260715_154609/rep23/lps/wc_inc_mus_lex_bb_optN_r23.lp
Cancer (5),2048,"cancer:2048:ext_indep(1,3,empty)",6443597,34527109,35640525,1113416,0.17279417070931033,False,0.01596179883927107,False,True,"baseline=contestability_solve_evidence.jsonl#baseline:cancer:2048; forced=contestability_solve_evidence.jsonl#challenge:cancer:2048:ext_indep(1,3,empty); status=OPTIMUM FOUND; model.optimality_proven=true",False,OPTIMUM FOUND,"ext_indep(1,3,empty)",35,results/paper_aaai2027/frozen/results/final_mcs_experiments_er_sf_alpha001_nowrong_noweight_50rep_chunked/wc_sweep_bnlearn_cancer_alpha001_nowrong_noweight_seed2026_2075_20260715_154609/rep23/lps/wc_inc_mus_lex_bb_optN_r23.lp
Cancer (5),2048,"cancer:2048:ext_indep(1,4,empty)",8437713,34527109,35640525,1113416,0.13195708363154804,False,0.015682930126786232,False,True,"baseline=contestability_solve_evidence.jsonl#baseline:cancer:2048; forced=contestability_solve_evidence.jsonl#challenge:cancer:2048:ext_indep(1,4,empty); status=OPTIMUM FOUND; model.optimality_proven=true",False,OPTIMUM FOUND,"ext_indep(1,4,empty)",37,results/paper_aaai2027/frozen/results/final_mcs_experiments_er_sf_alpha001_nowrong_noweight_50rep_chunked/wc_sweep_bnlearn_cancer_alpha001_nowrong_noweight_seed2026_2075_20260715_154609/rep23/lps/wc_inc_mus_lex_bb_optN_r23.lp
Cancer (5),2048,"cancer:2048:ext_indep(2,4,s0)",7073550,34527109,36187896,1660787,0.23478833117741446,False,0.019622405990958214,False,True,"baseline=contestability_solve_evidence.jsonl#baseline:cancer:2048; forced=contestability_solve_evidence.jsonl#challenge:cancer:2048:ext_indep(2,4,s0); status=OPTIMUM FOUND; model.optimality_proven=true",False,OPTIMUM FOUND,"ext_indep(2,4,s0)",42,results/paper_aaai2027/frozen/results/final_mcs_experiments_er_sf_alpha001_nowrong_noweight_50rep_chunked/wc_sweep_bnlearn_cancer_alpha001_nowrong_noweight_seed2026_2075_20260715_154609/rep23/lps/wc_inc_mus_lex_bb_optN_r23.lp
Cancer (5),2048,"cancer:2048:ext_indep(3,4,s0)",6536501,34527109,36187896,1660787,0.25407890245867015,False,0.016946926712989807,False,True,"baseline=contestability_solve_evidence.jsonl#baseline:cancer:2048; forced=contestability_solve_evidence.jsonl#challenge:cancer:2048:ext_indep(3,4,s0); status=OPTIMUM FOUND; model.optimality_proven=true",False,OPTIMUM FOUND,"ext_indep(3,4,s0)",44,results/paper_aaai2027/frozen/results/final_mcs_experiments_er_sf_alpha001_nowrong_noweight_50rep_chunked/wc_sweep_bnlearn_cancer_alpha001_nowrong_noweight_seed2026_2075_20260715_154609/rep23/lps/wc_inc_mus_lex_bb_optN_r23.lp
Cancer (5),2049,"cancer:2049:ext_indep(1,3,empty)",6413908,17965214,20889333,2924119,0.45590285984769346,False,0.01174535695463419,False,True,"baseline=contestability_solve_evidence.jsonl#baseline:cancer:2049; forced=contestability_solve_evidence.jsonl#challenge:cancer:2049:ext_indep(1,3,empty); status=OPTIMUM FOUND; model.optimality_proven=true",False,OPTIMUM FOUND,"ext_indep(1,3,empty)",15,results/paper_aaai2027/frozen/results/final_mcs_experiments_er_sf_alpha001_nowrong_noweight_50rep_chunked/wc_sweep_bnlearn_cancer_alpha001_nowrong_noweight_seed2026_2075_20260715_154609/rep24/lps/wc_inc_mus_lex_bb_optN_r24.lp
Cancer (5),2049,"cancer:2049:ext_indep(1,4,empty)",6516915,17965214,20740753,2775539,0.4258976831829171,False,0.01054729986935854,False,True,"baseline=contestability_solve_evidence.jsonl#baseline:cancer:2049; forced=contestability_solve_evidence.jsonl#challenge:cancer:2049:ext_indep(1,4,empty); status=OPTIMUM FOUND; model.optimality_proven=true",False,OPTIMUM FOUND,"ext_indep(1,4,empty)",17,results/paper_aaai2027/frozen/results/final_mcs_experiments_er_sf_alpha001_nowrong_noweight_50rep_chunked/wc_sweep_bnlearn_cancer_alpha001_nowrong_noweight_seed2026_2075_20260715_154609/rep24/lps/wc_inc_mus_lex_bb_optN_r24.lp
Cancer (5),2049,"cancer:2049:ext_indep(3,4,empty)",5034391,17965214,19783250,1818036,0.3611233215695801,False,0.010259614326059818,False,True,"baseline=contestability_solve_evidence.jsonl#baseline:cancer:2049; forced=contestability_solve_evidence.jsonl#challenge:cancer:2049:ext_indep(3,4,empty); status=OPTIMUM FOUND; model.optimality_proven=true",False,OPTIMUM FOUND,"ext_indep(3,4,empty)",21,results/paper_aaai2027/frozen/results/final_mcs_experiments_er_sf_alpha001_nowrong_noweight_50rep_chunked/wc_sweep_bnlearn_cancer_alpha001_nowrong_noweight_seed2026_2075_20260715_154609/rep24/lps/wc_inc_mus_lex_bb_optN_r24.lp
Cancer (5),2050,"cancer:2050:ext_indep(1,3,empty)",5669402,15822297,18799944,2977647,0.5252135939557646,False,0.01118508167564869,False,True,"baseline=contestability_solve_evidence.jsonl#baseline:cancer:2050; forced=contestability_solve_evidence.jsonl#challenge:cancer:2050:ext_indep(1,3,empty); status=OPTIMUM FOUND; model.optimality_proven=true",False,OPTIMUM FOUND,"ext_indep(1,3,empty)",15,results/paper_aaai2027/frozen/results/final_mcs_experiments_er_sf_alpha001_nowrong_noweight_50rep_chunked/wc_sweep_bnlearn_cancer_alpha001_nowrong_noweight_seed2026_2075_20260715_154609/rep25/lps/wc_inc_mus_lex_bb_optN_r25.lp
Cancer (5),2050,"cancer:2050:ext_indep(1,4,s0)",5138287,15822297,16132782,310485,0.06042578003136065,False,0.011142418719828129,False,True,"baseline=contestability_solve_evidence.jsonl#baseline:cancer:2050; forced=contestability_solve_evidence.jsonl#challenge:cancer:2050:ext_indep(1,4,s0); status=OPTIMUM FOUND; model.optimality_proven=true",False,OPTIMUM FOUND,"ext_indep(1,4,s0)",18,results/paper_aaai2027/frozen/results/final_mcs_experiments_er_sf_alpha001_nowrong_noweight_50rep_chunked/wc_sweep_bnlearn_cancer_alpha001_nowrong_noweight_seed2026_2075_20260715_154609/rep25/lps/wc_inc_mus_lex_bb_optN_r25.lp
Cancer (5),2050,"cancer:2050:ext_indep(3,4,empty)",5014608,15822297,17312821,1490524,0.2972363941508489,False,0.010601009242236614,False,True,"baseline=contestability_solve_evidence.jsonl#baseline:cancer:2050; forced=contestability_solve_evidence.jsonl#challenge:cancer:2050:ext_indep(3,4,empty); status=OPTIMUM FOUND; model.optimality_proven=true",False,OPTIMUM FOUND,"ext_indep(3,4,empty)",21,results/paper_aaai2027/frozen/results/final_mcs_experiments_er_sf_alpha001_nowrong_noweight_50rep_chunked/wc_sweep_bnlearn_cancer_alpha001_nowrong_noweight_seed2026_2075_20260715_154609/rep25/lps/wc_inc_mus_lex_bb_optN_r25.lp
Cancer (5),2051,"cancer:2051:ext_indep(0,2,s4)",5000835,26301436,27983468,1682032,0.33635022951167154,False,0.014072834514081478,False,True,"baseline=contestability_solve_evidence.jsonl#baseline:cancer:2051; forced=contestability_solve_evidence.jsonl#challenge:cancer:2051:ext_indep(0,2,s4); status=OPTIMUM FOUND; model.optimality_proven=true",False,OPTIMUM FOUND,"ext_indep(0,2,s4)",9,results/paper_aaai2027/frozen/results/final_mcs_experiments_er_sf_alpha001_nowrong_noweight_50rep_chunked/wc_sweep_bnlearn_cancer_alpha001_nowrong_noweight_seed2026_2075_20260715_154609/rep26/lps/wc_inc_mus_lex_bb_optN_r26.lp
Cancer (5),2051,"cancer:2051:ext_indep(1,3,s0)",9364302,26301436,27895155,1593719,0.17019090157493852,False,0.01653715781867504,False,True,"baseline=contestability_solve_evidence.jsonl#baseline:cancer:2051; forced=contestability_solve_evidence.jsonl#challenge:cancer:2051:ext_indep(1,3,s0); status=OPTIMUM FOUND; model.optimality_proven=true",False,OPTIMUM FOUND,"ext_indep(1,3,s0)",22,results/paper_aaai2027/frozen/results/final_mcs_experiments_er_sf_alpha001_nowrong_noweight_50rep_chunked/wc_sweep_bnlearn_cancer_alpha001_nowrong_noweight_seed2026_2075_20260715_154609/rep26/lps/wc_inc_mus_lex_bb_optN_r26.lp
Cancer (5),2051,"cancer:2051:ext_indep(1,4,s0)",5432227,26301436,31932592,5631156,1.0366201559691817,False,0.014999165199697018,False,True,"baseline=contestability_solve_evidence.jsonl#baseline:cancer:2051; forced=contestability_solve_evidence.jsonl#challenge:cancer:2051:ext_indep(1,4,s0); status=OPTIMUM FOUND; model.optimality_proven=true",False,OPTIMUM FOUND,"ext_indep(1,4,s0)",24,results/paper_aaai2027/frozen/results/final_mcs_experiments_er_sf_alpha001_nowrong_noweight_50rep_chunked/wc_sweep_bnlearn_cancer_alpha001_nowrong_noweight_seed2026_2075_20260715_154609/rep26/lps/wc_inc_mus_lex_bb_optN_r26.lp
Cancer (5),2051,"cancer:2051:ext_indep(3,4,s0)",6504072,26301436,27895155,1593719,0.24503403406358354,False,0.013481163419783115,False,True,"baseline=contestability_solve_evidence.jsonl#baseline:cancer:2051; forced=contestability_solve_evidence.jsonl#challenge:cancer:2051:ext_indep(3,4,s0); status=OPTIMUM FOUND; model.optimality_proven=true",False,OPTIMUM FOUND,"ext_indep(3,4,s0)",28,results/paper_aaai2027/frozen/results/final_mcs_experiments_er_sf_alpha001_nowrong_noweight_50rep_chunked/wc_sweep_bnlearn_cancer_alpha001_nowrong_noweight_seed2026_2075_20260715_154609/rep26/lps/wc_inc_mus_lex_bb_optN_r26.lp
Cancer (5),2052,"cancer:2052:ext_indep(1,2,empty)",7700554,38193554,40165738,1972184,0.2561093656378489,False,0.017074191942811012,False,True,"baseline=contestability_solve_evidence.jsonl#baseline:cancer:2052; forced=contestability_solve_evidence.jsonl#challenge:cancer:2052:ext_indep(1,2,empty); status=OPTIMUM FOUND; model.optimality_proven=true",False,OPTIMUM FOUND,"ext_indep(1,2,empty)",33,results/paper_aaai2027/frozen/results/final_mcs_experiments_er_sf_alpha001_nowrong_noweight_50rep_chunked/wc_sweep_bnlearn_cancer_alpha001_nowrong_noweight_seed2026_2075_20260715_154609/rep27/lps/wc_inc_mus_lex_bb_optN_r27.lp
Cancer (5),2052,"cancer:2052:ext_indep(1,3,s0)",5675509,38193554,39166216,972662,0.17137881377687886,False,0.021658598445355892,False,True,"baseline=contestability_solve_evidence.jsonl#baseline:cancer:2052; forced=contestability_solve_evidence.jsonl#challenge:cancer:2052:ext_indep(1,3,s0); status=OPTIMUM FOUND; model.optimality_proven=true",False,OPTIMUM FOUND,"ext_indep(1,3,s0)",36,results/paper_aaai2027/frozen/results/final_mcs_experiments_er_sf_alpha001_nowrong_noweight_50rep_chunked/wc_sweep_bnlearn_cancer_alpha001_nowrong_noweight_seed2026_2075_20260715_154609/rep27/lps/wc_inc_mus_lex_bb_optN_r27.lp
Cancer (5),2052,"cancer:2052:ext_indep(1,4,s0)",6688852,38193554,39906567,1713013,0.2560997014136357,False,0.02026401087641716,False,True,"baseline=contestability_solve_evidence.jsonl#baseline:cancer:2052; forced=contestability_solve_evidence.jsonl#challenge:cancer:2052:ext_indep(1,4,s0); status=OPTIMUM FOUND; model.optimality_proven=true",False,OPTIMUM FOUND,"ext_indep(1,4,s0)",38,results/paper_aaai2027/frozen/results/final_mcs_experiments_er_sf_alpha001_nowrong_noweight_50rep_chunked/wc_sweep_bnlearn_cancer_alpha001_nowrong_noweight_seed2026_2075_20260715_154609/rep27/lps/wc_inc_mus_lex_bb_optN_r27.lp
Cancer (5),2052,"cancer:2052:ext_indep(2,3,empty)",6350693,38193554,40165738,1972184,0.31054626636809557,False,0.016051783226430416,False,True,"baseline=contestability_solve_evidence.jsonl#baseline:cancer:2052; forced=contestability_solve_evidence.jsonl#challenge:cancer:2052:ext_indep(2,3,empty); status=OPTIMUM FOUND; model.optimality_proven=true",False,OPTIMUM FOUND,"ext_indep(2,3,empty)",39,results/paper_aaai2027/frozen/results/final_mcs_experiments_er_sf_alpha001_nowrong_noweight_50rep_chunked/wc_sweep_bnlearn_cancer_alpha001_nowrong_noweight_seed2026_2075_20260715_154609/rep27/lps/wc_inc_mus_lex_bb_optN_r27.lp
Cancer (5),2052,"cancer:2052:ext_indep(2,4,empty)",6395338,38193554,40165738,1972184,0.3083783843793714,False,0.018971679732203484,False,True,"baseline=contestability_solve_evidence.jsonl#baseline:cancer:2052; forced=contestability_solve_evidence.jsonl#challenge:cancer:2052:ext_indep(2,4,empty); status=OPTIMUM FOUND; model.optimality_proven=true",False,OPTIMUM FOUND,"ext_indep(2,4,empty)",41,results/paper_aaai2027/frozen/results/final_mcs_experiments_er_sf_alpha001_nowrong_noweight_50rep_chunked/wc_sweep_bnlearn_cancer_alpha001_nowrong_noweight_seed2026_2075_20260715_154609/rep27/lps/wc_inc_mus_lex_bb_optN_r27.lp
Cancer (5),2052,"cancer:2052:ext_indep(3,4,s0)",5382608,38193554,39166216,972662,0.18070459524453572,False,0.019732098095119,False,True,"baseline=contestability_solve_evidence.jsonl#baseline:cancer:2052; forced=contestability_solve_evidence.jsonl#challenge:cancer:2052:ext_indep(3,4,s0); status=OPTIMUM FOUND; model.optimality_proven=true",False,OPTIMUM FOUND,"ext_indep(3,4,s0)",44,results/paper_aaai2027/frozen/results/final_mcs_experiments_er_sf_alpha001_nowrong_noweight_50rep_chunked/wc_sweep_bnlearn_cancer_alpha001_nowrong_noweight_seed2026_2075_20260715_154609/rep27/lps/wc_inc_mus_lex_bb_optN_r27.lp
Cancer (5),2053,"cancer:2053:ext_indep(0,2,s1)",5090045,19424160,20752222,1328062,0.26091360685416337,False,0.011704700067639351,False,True,"baseline=contestability_solve_evidence.jsonl#baseline:cancer:2053; forced=contestability_solve_evidence.jsonl#challenge:cancer:2053:ext_indep(0,2,s1); status=OPTIMUM FOUND; model.optimality_proven=true",False,OPTIMUM FOUND,"ext_indep(0,2,s1)",7,results/paper_aaai2027/frozen/results/final_mcs_experiments_er_sf_alpha001_nowrong_noweight_50rep_chunked/wc_sweep_bnlearn_cancer_alpha001_nowrong_noweight_seed2026_2075_20260715_154609/rep28/lps/wc_inc_mus_lex_bb_optN_r28.lp
Cancer (5),2053,"cancer:2053:ext_indep(1,4,s0)",8191000,19424160,26531342,7107182,0.8676818459284581,False,0.012860341928899288,False,True,"baseline=contestability_solve_evidence.jsonl#baseline:cancer:2053; forced=contestability_solve_evidence.jsonl#challenge:cancer:2053:ext_indep(1,4,s0); status=OPTIMUM FOUND; model.optimality_proven=true",False,OPTIMUM FOUND,"ext_indep(1,4,s0)",24,results/paper_aaai2027/frozen/results/final_mcs_experiments_er_sf_alpha001_nowrong_noweight_50rep_chunked/wc_sweep_bnlearn_cancer_alpha001_nowrong_noweight_seed2026_2075_20260715_154609/rep28/lps/wc_inc_mus_lex_bb_optN_r28.lp
Cancer (5),2053,"cancer:2053:ext_indep(3,4,s0)",6143115,19424160,26531342,7107182,1.1569345519333432,False,0.014268101193010807,False,True,"baseline=contestability_solve_evidence.jsonl#baseline:cancer:2053; forced=contestability_solve_evidence.jsonl#challenge:cancer:2053:ext_indep(3,4,s0); status=OPTIMUM FOUND; model.optimality_proven=true",False,OPTIMUM FOUND,"ext_indep(3,4,s0)",28,results/paper_aaai2027/frozen/results/final_mcs_experiments_er_sf_alpha001_nowrong_noweight_50rep_chunked/wc_sweep_bnlearn_cancer_alpha001_nowrong_noweight_seed2026_2075_20260715_154609/rep28/lps/wc_inc_mus_lex_bb_optN_r28.lp
Cancer (5),2054,"cancer:2054:ext_indep(1,3,empty)",5377419,18591759,20965833,2374074,0.44148949523925884,False,0.011570815928280354,False,True,"baseline=contestability_solve_evidence.jsonl#baseline:cancer:2054; forced=contestability_solve_evidence.jsonl#challenge:cancer:2054:ext_indep(1,3,empty); status=OPTIMUM FOUND; model.optimality_proven=true",False,OPTIMUM FOUND,"ext_indep(1,3,empty)",15,results/paper_aaai2027/frozen/results/final_mcs_experiments_er_sf_alpha001_nowrong_noweight_50rep_chunked/wc_sweep_bnlearn_cancer_alpha001_nowrong_noweight_seed2026_2075_20260715_154609/rep29/lps/wc_inc_mus_lex_bb_optN_r29.lp
Cancer (5),2054,"cancer:2054:ext_indep(1,4,empty)",8136043,18591759,19874264,1282505,0.15763252480351936,False,0.011003666557371616,False,True,"baseline=contestability_solve_evidence.jsonl#baseline:cancer:2054; forced=contestability_solve_evidence.jsonl#challenge:cancer:2054:ext_indep(1,4,empty); status=OPTIMUM FOUND; model.optimality_proven=true",False,OPTIMUM FOUND,"ext_indep(1,4,empty)",17,results/paper_aaai2027/frozen/results/final_mcs_experiments_er_sf_alpha001_nowrong_noweight_50rep_chunked/wc_sweep_bnlearn_cancer_alpha001_nowrong_noweight_seed2026_2075_20260715_154609/rep29/lps/wc_inc_mus_lex_bb_optN_r29.lp
Cancer (5),2054,"cancer:2054:ext_indep(3,4,empty)",5078297,18591759,19108113,516354,0.10167857453000484,False,0.01088172197341919,False,True,"baseline=contestability_solve_evidence.jsonl#baseline:cancer:2054; forced=contestability_solve_evidence.jsonl#challenge:cancer:2054:ext_indep(3,4,empty); status=OPTIMUM FOUND; model.optimality_proven=true",False,OPTIMUM FOUND,"ext_indep(3,4,empty)",21,results/paper_aaai2027/frozen/results/final_mcs_experiments_er_sf_alpha001_nowrong_noweight_50rep_chunked/wc_sweep_bnlearn_cancer_alpha001_nowrong_noweight_seed2026_2075_20260715_154609/rep29/lps/wc_inc_mus_lex_bb_optN_r29.lp
Cancer (5),2055,"cancer:2055:ext_dep(0,2,empty)",7797607,31908383,33034391,1126008,0.14440430249947195,False,0.020751751959323883,False,True,"baseline=contestability_solve_evidence.jsonl#baseline:cancer:2055; forced=contestability_solve_evidence.jsonl#challenge:cancer:2055:ext_dep(0,2,empty); status=OPTIMUM FOUND; model.optimality_proven=true",False,OPTIMUM FOUND,"ext_dep(0,2,empty)",6,results/paper_aaai2027/frozen/results/final_mcs_experiments_er_sf_alpha001_nowrong_noweight_50rep_chunked/wc_sweep_bnlearn_cancer_alpha001_nowrong_noweight_seed2026_2075_20260715_154609/rep30/lps/wc_inc_mus_lex_bb_optN_r30.lp
Cancer (5),2055,"cancer:2055:ext_indep(1,3,empty)",5945317,31908383,33034391,1126008,0.1893941063193098,False,0.01455959677696228,False,True,"baseline=contestability_solve_evidence.jsonl#baseline:cancer:2055; forced=contestability_solve_evidence.jsonl#challenge:cancer:2055:ext_indep(1,3,empty); status=OPTIMUM FOUND; model.optimality_proven=true",False,OPTIMUM FOUND,"ext_indep(1,3,empty)",21,results/paper_aaai2027/frozen/results/final_mcs_experiments_er_sf_alpha001_nowrong_noweight_50rep_chunked/wc_sweep_bnlearn_cancer_alpha001_nowrong_noweight_seed2026_2075_20260715_154609/rep30/lps/wc_inc_mus_lex_bb_optN_r30.lp
Cancer (5),2055,"cancer:2055:ext_indep(1,4,empty)",5661792,31908383,34046457,2138074,0.37763202887001146,False,0.015499239787459373,False,True,"baseline=contestability_solve_evidence.jsonl#baseline:cancer:2055; forced=contestability_solve_evidence.jsonl#challenge:cancer:2055:ext_indep(1,4,empty); status=OPTIMUM FOUND; model.optimality_proven=true",False,OPTIMUM FOUND,"ext_indep(1,4,empty)",23,results/paper_aaai2027/frozen/results/final_mcs_experiments_er_sf_alpha001_nowrong_noweight_50rep_chunked/wc_sweep_bnlearn_cancer_alpha001_nowrong_noweight_seed2026_2075_20260715_154609/rep30/lps/wc_inc_mus_lex_bb_optN_r30.lp
Cancer (5),2055,"cancer:2055:ext_indep(2,3,empty)",7362076,31908383,33034391,1126008,0.15294707634096688,False,0.016908306628465652,False,True,"baseline=contestability_solve_evidence.jsonl#baseline:cancer:2055; forced=contestability_solve_evidence.jsonl#challenge:cancer:2055:ext_indep(2,3,empty); status=OPTIMUM FOUND; model.optimality_proven=true",False,OPTIMUM FOUND,"ext_indep(2,3,empty)",25,results/paper_aaai2027/frozen/results/final_mcs_experiments_er_sf_alpha001_nowrong_noweight_50rep_chunked/wc_sweep_bnlearn_cancer_alpha001_nowrong_noweight_seed2026_2075_20260715_154609/rep30/lps/wc_inc_mus_lex_bb_optN_r30.lp
Cancer (5),2055,"cancer:2055:ext_indep(3,4,empty)",5141591,31908383,34046457,2138074,0.4158389883598287,False,0.01449621096253395,False,True,"baseline=contestability_solve_evidence.jsonl#baseline:cancer:2055; forced=contestability_solve_evidence.jsonl#challenge:cancer:2055:ext_indep(3,4,empty); status=OPTIMUM FOUND; model.optimality_proven=true",False,OPTIMUM FOUND,"ext_indep(3,4,empty)",27,results/paper_aaai2027/frozen/results/final_mcs_experiments_er_sf_alpha001_nowrong_noweight_50rep_chunked/wc_sweep_bnlearn_cancer_alpha001_nowrong_noweight_seed2026_2075_20260715_154609/rep30/lps/wc_inc_mus_lex_bb_optN_r30.lp
Cancer (5),2056,"cancer:2056:ext_indep(1,2,s0)",6070792,34138380,38622215,4483835,0.7385914391400661,False,0.016283760778605938,False,True,"baseline=contestability_solve_evidence.jsonl#baseline:cancer:2056; forced=contestability_solve_evidence.jsonl#challenge:cancer:2056:ext_indep(1,2,s0); status=OPTIMUM FOUND; model.optimality_proven=true",False,OPTIMUM FOUND,"ext_indep(1,2,s0)",34,results/paper_aaai2027/frozen/results/final_mcs_experiments_er_sf_alpha001_nowrong_noweight_50rep_chunked/wc_sweep_bnlearn_cancer_alpha001_nowrong_noweight_seed2026_2075_20260715_154609/rep31/lps/wc_inc_mus_lex_bb_optN_r31.lp
Cancer (5),2056,"cancer:2056:ext_indep(1,3,s0)",5153417,34138380,38622215,4483835,0.87007028540481,False,0.01620674878358841,False,True,"baseline=contestability_solve_evidence.jsonl#baseline:cancer:2056; forced=contestability_solve_evidence.jsonl#challenge:cancer:2056:ext_indep(1,3,s0); status=OPTIMUM FOUND; model.optimality_proven=true",False,OPTIMUM FOUND,"ext_indep(1,3,s0)",36,results/paper_aaai2027/frozen/results/final_mcs_experiments_er_sf_alpha001_nowrong_noweight_50rep_chunked/wc_sweep_bnlearn_cancer_alpha001_nowrong_noweight_seed2026_2075_20260715_154609/rep31/lps/wc_inc_mus_lex_bb_optN_r31.lp
Cancer (5),2056,"cancer:2056:ext_indep(1,4,s0)",6808979,34138380,34637454,499074,0.07329645164128132,False,0.01621421054005623,False,True,"baseline=contestability_solve_evidence.jsonl#baseline:cancer:2056; forced=contestability_solve_evidence.jsonl#challenge:cancer:2056:ext_indep(1,4,s0); status=OPTIMUM FOUND; model.optimality_proven=true",False,OPTIMUM FOUND,"ext_indep(1,4,s0)",38,results/paper_aaai2027/frozen/results/final_mcs_experiments_er_sf_alpha001_nowrong_noweight_50rep_chunked/wc_sweep_bnlearn_cancer_alpha001_nowrong_noweight_seed2026_2075_20260715_154609/rep31/lps/wc_inc_mus_lex_bb_optN_r31.lp
Cancer (5),2056,"cancer:2056:ext_indep(2,4,s0)",8285740,34138380,34637454,499074,0.06023288203588334,False,0.019556978717446327,False,True,"baseline=contestability_solve_evidence.jsonl#baseline:cancer:2056; forced=contestability_solve_evidence.jsonl#challenge:cancer:2056:ext_indep(2,4,s0); status=OPTIMUM FOUND; model.optimality_proven=true",False,OPTIMUM FOUND,"ext_indep(2,4,s0)",42,results/paper_aaai2027/frozen/results/final_mcs_experiments_er_sf_alpha001_nowrong_noweight_50rep_chunked/wc_sweep_bnlearn_cancer_alpha001_nowrong_noweight_seed2026_2075_20260715_154609/rep31/lps/wc_inc_mus_lex_bb_optN_r31.lp
Cancer (5),2056,"cancer:2056:ext_indep(3,4,s0)",7819452,34138380,34637454,499074,0.06382467722802058,False,0.016445067711174488,False,True,"baseline=contestability_solve_evidence.jsonl#baseline:cancer:2056; forced=contestability_solve_evidence.jsonl#challenge:cancer:2056:ext_indep(3,4,s0); status=OPTIMUM FOUND; model.optimality_proven=true",False,OPTIMUM FOUND,"ext_indep(3,4,s0)",44,results/paper_aaai2027/frozen/results/final_mcs_experiments_er_sf_alpha001_nowrong_noweight_50rep_chunked/wc_sweep_bnlearn_cancer_alpha001_nowrong_noweight_seed2026_2075_20260715_154609/rep31/lps/wc_inc_mus_lex_bb_optN_r31.lp
Cancer (5),2057,"cancer:2057:ext_indep(1,3,s0)",8832159,20522083,21140353,618270,0.07000213651045005,False,0.011723443865776062,False,True,"baseline=contestability_solve_evidence.jsonl#baseline:cancer:2057; forced=contestability_solve_evidence.jsonl#challenge:cancer:2057:ext_indep(1,3,s0); status=OPTIMUM FOUND; model.optimality_proven=true",False,OPTIMUM FOUND,"ext_indep(1,3,s0)",16,results/paper_aaai2027/frozen/results/final_mcs_experiments_er_sf_alpha001_nowrong_noweight_50rep_chunked/wc_sweep_bnlearn_cancer_alpha001_nowrong_noweight_seed2026_2075_20260715_154609/rep32/lps/wc_inc_mus_lex_bb_optN_r32.lp
Cancer (5),2057,"cancer:2057:ext_indep(1,4,empty)",6046561,20522083,23135974,2613891,0.4322938278469365,False,0.011450734920799732,False,True,"baseline=contestability_solve_evidence.jsonl#baseline:cancer:2057; forced=contestability_solve_evidence.jsonl#challenge:cancer:2057:ext_indep(1,4,empty); status=OPTIMUM FOUND; model.optimality_proven=true",False,OPTIMUM FOUND,"ext_indep(1,4,empty)",17,results/paper_aaai2027/frozen/results/final_mcs_experiments_er_sf_alpha001_nowrong_noweight_50rep_chunked/wc_sweep_bnlearn_cancer_alpha001_nowrong_noweight_seed2026_2075_20260715_154609/rep32/lps/wc_inc_mus_lex_bb_optN_r32.lp
Cancer (5),2057,"cancer:2057:ext_indep(3,4,empty)",5643363,20522083,22000710,1478627,0.2620116763709866,False,0.011465315707027912,False,True,"baseline=contestability_solve_evidence.jsonl#baseline:cancer:2057; forced=contestability_solve_evidence.jsonl#challenge:cancer:2057:ext_indep(3,4,empty); status=OPTIMUM FOUND; model.optimality_proven=true",False,OPTIMUM FOUND,"ext_indep(3,4,empty)",21,results/paper_aaai2027/frozen/results/final_mcs_experiments_er_sf_alpha001_nowrong_noweight_50rep_chunked/wc_sweep_bnlearn_cancer_alpha001_nowrong_noweight_seed2026_2075_20260715_154609/rep32/lps/wc_inc_mus_lex_bb_optN_r32.lp
Cancer (5),2058,"cancer:2058:ext_indep(0,2,s4)",5004984,24702753,26511434,1808681,0.3613759804227146,False,0.012014860287308693,False,True,"baseline=contestability_solve_evidence.jsonl#baseline:cancer:2058; forced=contestability_solve_evidence.jsonl#challenge:cancer:2058:ext_indep(0,2,s4); status=OPTIMUM FOUND; model.optimality_proven=true",False,OPTIMUM FOUND,"ext_indep(0,2,s4)",9,results/paper_aaai2027/frozen/results/final_mcs_experiments_er_sf_alpha001_nowrong_noweight_50rep_chunked/wc_sweep_bnlearn_cancer_alpha001_nowrong_noweight_seed2026_2075_20260715_154609/rep33/lps/wc_inc_mus_lex_bb_optN_r33.lp
Cancer (5),2058,"cancer:2058:ext_indep(1,3,s0)",6204547,24702753,30143723,5440970,0.8769326753427769,False,0.014280049130320549,False,True,"baseline=contestability_solve_evidence.jsonl#baseline:cancer:2058; forced=contestability_solve_evidence.jsonl#challenge:cancer:2058:ext_indep(1,3,s0); status=OPTIMUM FOUND; model.optimality_proven=true",False,OPTIMUM FOUND,"ext_indep(1,3,s0)",22,results/paper_aaai2027/frozen/results/final_mcs_experiments_er_sf_alpha001_nowrong_noweight_50rep_chunked/wc_sweep_bnlearn_cancer_alpha001_nowrong_noweight_seed2026_2075_20260715_154609/rep33/lps/wc_inc_mus_lex_bb_optN_r33.lp
Cancer (5),2058,"cancer:2058:ext_indep(1,4,empty)",7856589,24702753,26511434,1808681,0.23021199148892732,False,0.014222799800336361,False,True,"baseline=contestability_solve_evidence.jsonl#baseline:cancer:2058; forced=contestability_solve_evidence.jsonl#challenge:cancer:2058:ext_indep(1,4,empty); status=OPTIMUM FOUND; model.optimality_proven=true",False,OPTIMUM FOUND,"ext_indep(1,4,empty)",23,results/paper_aaai2027/frozen/results/final_mcs_experiments_er_sf_alpha001_nowrong_noweight_50rep_chunked/wc_sweep_bnlearn_cancer_alpha001_nowrong_noweight_seed2026_2075_20260715_154609/rep33/lps/wc_inc_mus_lex_bb_optN_r33.lp
Cancer (5),2058,"cancer:2058:ext_indep(3,4,empty)",5636633,24702753,26511434,1808681,0.3208796811855588,False,0.013050555251538754,False,True,"baseline=contestability_solve_evidence.jsonl#baseline:cancer:2058; forced=contestability_solve_evidence.jsonl#challenge:cancer:2058:ext_indep(3,4,empty); status=OPTIMUM FOUND; model.optimality_proven=true",False,OPTIMUM FOUND,"ext_indep(3,4,empty)",28,results/paper_aaai2027/frozen/results/final_mcs_experiments_er_sf_alpha001_nowrong_noweight_50rep_chunked/wc_sweep_bnlearn_cancer_alpha001_nowrong_noweight_seed2026_2075_20260715_154609/rep33/lps/wc_inc_mus_lex_bb_optN_r33.lp
Cancer (5),2059,"cancer:2059:ext_indep(1,3,empty)",6028712,19253364,20321956,1068592,0.17725046411240078,False,0.013138127513229847,False,True,"baseline=contestability_solve_evidence.jsonl#baseline:cancer:2059; forced=contestability_solve_evidence.jsonl#challenge:cancer:2059:ext_indep(1,3,empty); status=OPTIMUM FOUND; model.optimality_proven=true",False,OPTIMUM FOUND,"ext_indep(1,3,empty)",15,results/paper_aaai2027/frozen/results/final_mcs_experiments_er_sf_alpha001_nowrong_noweight_50rep_chunked/wc_sweep_bnlearn_cancer_alpha001_nowrong_noweight_seed2026_2075_20260715_154609/rep34/lps/wc_inc_mus_lex_bb_optN_r34.lp
Cancer (5),2059,"cancer:2059:ext_indep(1,4,s0)",6436002,19253364,21171141,1917777,0.29797644562571607,False,0.011520111933350563,False,True,"baseline=contestability_solve_evidence.jsonl#baseline:cancer:2059; forced=contestability_solve_evidence.jsonl#challenge:cancer:2059:ext_indep(1,4,s0); status=OPTIMUM FOUND; model.optimality_proven=true",False,OPTIMUM FOUND,"ext_indep(1,4,s0)",18,results/paper_aaai2027/frozen/results/final_mcs_experiments_er_sf_alpha001_nowrong_noweight_50rep_chunked/wc_sweep_bnlearn_cancer_alpha001_nowrong_noweight_seed2026_2075_20260715_154609/rep34/lps/wc_inc_mus_lex_bb_optN_r34.lp
Cancer (5),2059,"cancer:2059:ext_indep(3,4,empty)",6788650,19253364,20321956,1068592,0.15740861585145796,False,0.01342929806560278,False,True,"baseline=contestability_solve_evidence.jsonl#baseline:cancer:2059; forced=contestability_solve_evidence.jsonl#challenge:cancer:2059:ext_indep(3,4,empty); status=OPTIMUM FOUND; model.optimality_proven=true",False,OPTIMUM FOUND,"ext_indep(3,4,empty)",21,results/paper_aaai2027/frozen/results/final_mcs_experiments_er_sf_alpha001_nowrong_noweight_50rep_chunked/wc_sweep_bnlearn_cancer_alpha001_nowrong_noweight_seed2026_2075_20260715_154609/rep34/lps/wc_inc_mus_lex_bb_optN_r34.lp
Cancer (5),2060,"cancer:2060:ext_indep(0,2,s1)",5050151,33901869,35050809,1148940,0.22750606863042314,False,0.01421946007758379,False,True,"baseline=contestability_solve_evidence.jsonl#baseline:cancer:2060; forced=contestability_solve_evidence.jsonl#challenge:cancer:2060:ext_indep(0,2,s1); status=OPTIMUM FOUND; model.optimality_proven=true",False,OPTIMUM FOUND,"ext_indep(0,2,s1)",7,results/paper_aaai2027/frozen/results/final_mcs_experiments_er_sf_alpha001_nowrong_noweight_50rep_chunked/wc_sweep_bnlearn_cancer_alpha001_nowrong_noweight_seed2026_2075_20260715_154609/rep35/lps/wc_inc_mus_lex_bb_optN_r35.lp
Cancer (5),2060,"cancer:2060:ext_indep(0,2,s4)",5116903,33901869,35050809,1148940,0.22453816302556448,False,0.017060830257833004,False,True,"baseline=contestability_solve_evidence.jsonl#baseline:cancer:2060; forced=contestability_solve_evidence.jsonl#challenge:cancer:2060:ext_indep(0,2,s4); status=OPTIMUM FOUND; model.optimality_proven=true",False,OPTIMUM FOUND,"ext_indep(0,2,s4)",9,results/paper_aaai2027/frozen/results/final_mcs_experiments_er_sf_alpha001_nowrong_noweight_50rep_chunked/wc_sweep_bnlearn_cancer_alpha001_nowrong_noweight_seed2026_2075_20260715_154609/rep35/lps/wc_inc_mus_lex_bb_optN_r35.lp
Cancer (5),2060,"cancer:2060:ext_indep(1,3,s0)",9796515,33901869,35050809,1148940,0.11728048188565016,False,0.016898809000849724,False,True,"baseline=contestability_solve_evidence.jsonl#baseline:cancer:2060; forced=contestability_solve_evidence.jsonl#challenge:cancer:2060:ext_indep(1,3,s0); status=OPTIMUM FOUND; model.optimality_proven=true",False,OPTIMUM FOUND,"ext_indep(1,3,s0)",22,results/paper_aaai2027/frozen/results/final_mcs_experiments_er_sf_alpha001_nowrong_noweight_50rep_chunked/wc_sweep_bnlearn_cancer_alpha001_nowrong_noweight_seed2026_2075_20260715_154609/rep35/lps/wc_inc_mus_lex_bb_optN_r35.lp
Cancer (5),2060,"cancer:2060:ext_indep(1,4,s0)",8021925,33901869,35050809,1148940,0.1432249740554792,False,0.015464282594621181,False,True,"baseline=contestability_solve_evidence.jsonl#baseline:cancer:2060; forced=contestability_solve_evidence.jsonl#challenge:cancer:2060:ext_indep(1,4,s0); status=OPTIMUM FOUND; model.optimality_proven=true",False,OPTIMUM FOUND,"ext_indep(1,4,s0)",24,results/paper_aaai2027/frozen/results/final_mcs_experiments_er_sf_alpha001_nowrong_noweight_50rep_chunked/wc_sweep_bnlearn_cancer_alpha001_nowrong_noweight_seed2026_2075_20260715_154609/rep35/lps/wc_inc_mus_lex_bb_optN_r35.lp
Cancer (5),2060,"cancer:2060:ext_indep(3,4,s0)",5916375,33901869,35050809,1148940,0.19419661532610763,False,0.016017827205359936,False,True,"baseline=contestability_solve_evidence.jsonl#baseline:cancer:2060; forced=contestability_solve_evidence.jsonl#challenge:cancer:2060:ext_indep(3,4,s0); status=OPTIMUM FOUND; model.optimality_proven=true",False,OPTIMUM FOUND,"ext_indep(3,4,s0)",28,results/paper_aaai2027/frozen/results/final_mcs_experiments_er_sf_alpha001_nowrong_noweight_50rep_chunked/wc_sweep_bnlearn_cancer_alpha001_nowrong_noweight_seed2026_2075_20260715_154609/rep35/lps/wc_inc_mus_lex_bb_optN_r35.lp
Cancer (5),2061,"cancer:2061:ext_indep(1,3,empty)",6199338,17455151,20621126,3165975,0.5106956581493056,False,0.01028863899409771,False,True,"baseline=contestability_solve_evidence.jsonl#baseline:cancer:2061; forced=contestability_solve_evidence.jsonl#challenge:cancer:2061:ext_indep(1,3,empty); status=OPTIMUM FOUND; model.optimality_proven=true",False,OPTIMUM FOUND,"ext_indep(1,3,empty)",15,results/paper_aaai2027/frozen/results/final_mcs_experiments_er_sf_alpha001_nowrong_noweight_50rep_chunked/wc_sweep_bnlearn_cancer_alpha001_nowrong_noweight_seed2026_2075_20260715_154609/rep36/lps/wc_inc_mus_lex_bb_optN_r36.lp
Cancer (5),2061,"cancer:2061:ext_indep(1,4,empty)",5783485,17455151,20977651,3522500,0.6090618372832297,False,0.010503618977963924,False,True,"baseline=contestability_solve_evidence.jsonl#baseline:cancer:2061; forced=contestability_solve_evidence.jsonl#challenge:cancer:2061:ext_indep(1,4,empty); status=OPTIMUM FOUND; model.optimality_proven=true",False,OPTIMUM FOUND,"ext_indep(1,4,empty)",17,results/paper_aaai2027/frozen/results/final_mcs_experiments_er_sf_alpha001_nowrong_noweight_50rep_chunked/wc_sweep_bnlearn_cancer_alpha001_nowrong_noweight_seed2026_2075_20260715_154609/rep36/lps/wc_inc_mus_lex_bb_optN_r36.lp
Cancer (5),2061,"cancer:2061:ext_indep(3,4,empty)",5472328,17455151,21538689,4083538,0.7462158701013536,False,0.011550433933734894,False,True,"baseline=contestability_solve_evidence.jsonl#baseline:cancer:2061; forced=contestability_solve_evidence.jsonl#challenge:cancer:2061:ext_indep(3,4,empty); status=OPTIMUM FOUND; model.optimality_proven=true",False,OPTIMUM FOUND,"ext_indep(3,4,empty)",21,results/paper_aaai2027/frozen/results/final_mcs_experiments_er_sf_alpha001_nowrong_noweight_50rep_chunked/wc_sweep_bnlearn_cancer_alpha001_nowrong_noweight_seed2026_2075_20260715_154609/rep36/lps/wc_inc_mus_lex_bb_optN_r36.lp
Cancer (5),2062,"cancer:2062:ext_indep(1,2,empty)",5607591,37804298,38527351,723053,0.12894182189820905,False,0.017147270031273365,False,True,"baseline=contestability_solve_evidence.jsonl#baseline:cancer:2062; forced=contestability_solve_evidence.jsonl#challenge:cancer:2062:ext_indep(1,2,empty); status=OPTIMUM FOUND; model.optimality_proven=true",False,OPTIMUM FOUND,"ext_indep(1,2,empty)",33,results/paper_aaai2027/frozen/results/final_mcs_experiments_er_sf_alpha001_nowrong_noweight_50rep_chunked/wc_sweep_bnlearn_cancer_alpha001_nowrong_noweight_seed2026_2075_20260715_154609/rep37/lps/wc_inc_mus_lex_bb_optN_r37.lp
Cancer (5),2062,"cancer:2062:ext_indep(1,3,empty)",8741760,37804298,37831385,27087,0.003098575115308588,False,0.015179206617176533,False,True,"baseline=contestability_solve_evidence.jsonl#baseline:cancer:2062; forced=contestability_solve_evidence.jsonl#challenge:cancer:2062:ext_indep(1,3,empty); status=OPTIMUM FOUND; model.optimality_proven=true",False,OPTIMUM FOUND,"ext_indep(1,3,empty)",35,results/paper_aaai2027/frozen/results/final_mcs_experiments_er_sf_alpha001_nowrong_noweight_50rep_chunked/wc_sweep_bnlearn_cancer_alpha001_nowrong_noweight_seed2026_2075_20260715_154609/rep37/lps/wc_inc_mus_lex_bb_optN_r37.lp
Cancer (5),2062,"cancer:2062:ext_indep(1,4,empty)",5120335,37804298,40509380,2705082,0.528301761505839,False,0.01729669515043497,False,True,"baseline=contestability_solve_evidence.jsonl#baseline:cancer:2062; forced=contestability_solve_evidence.jsonl#challenge:cancer:2062:ext_indep(1,4,empty); status=OPTIMUM FOUND; model.optimality_proven=true",False,OPTIMUM FOUND,"ext_indep(1,4,empty)",37,results/paper_aaai2027/frozen/results/final_mcs_experiments_er_sf_alpha001_nowrong_noweight_50rep_chunked/wc_sweep_bnlearn_cancer_alpha001_nowrong_noweight_seed2026_2075_20260715_154609/rep37/lps/wc_inc_mus_lex_bb_optN_r37.lp
Cancer (5),2062,"cancer:2062:ext_indep(2,3,s0)",5717338,37804298,37831385,27087,0.004737694360557309,False,0.018917358480393887,False,True,"baseline=contestability_solve_evidence.jsonl#baseline:cancer:2062; forced=contestability_solve_evidence.jsonl#challenge:cancer:2062:ext_indep(2,3,s0); status=OPTIMUM FOUND; model.optimality_proven=true",False,OPTIMUM FOUND,"ext_indep(2,3,s0)",40,results/paper_aaai2027/frozen/results/final_mcs_experiments_er_sf_alpha001_nowrong_noweight_50rep_chunked/wc_sweep_bnlearn_cancer_alpha001_nowrong_noweight_seed2026_2075_20260715_154609/rep37/lps/wc_inc_mus_lex_bb_optN_r37.lp
Cancer (5),2062,"cancer:2062:ext_indep(2,4,empty)",5483005,37804298,39293199,1488901,0.2715483571508689,False,0.015160196460783482,False,True,"baseline=contestability_solve_evidence.jsonl#baseline:cancer:2062; forced=contestability_solve_evidence.jsonl#challenge:cancer:2062:ext_indep(2,4,empty); status=OPTIMUM FOUND; model.optimality_proven=true",False,OPTIMUM FOUND,"ext_indep(2,4,empty)",41,results/paper_aaai2027/frozen/results/final_mcs_experiments_er_sf_alpha001_nowrong_noweight_50rep_chunked/wc_sweep_bnlearn_cancer_alpha001_nowrong_noweight_seed2026_2075_20260715_154609/rep37/lps/wc_inc_mus_lex_bb_optN_r37.lp
Cancer (5),2062,"cancer:2062:ext_indep(3,4,empty)",7134269,37804298,38544782,740484,0.10379255393930338,False,0.016467712819576263,False,True,"baseline=contestability_solve_evidence.jsonl#baseline:cancer:2062; forced=contestability_solve_evidence.jsonl#challenge:cancer:2062:ext_indep(3,4,empty); status=OPTIMUM FOUND; model.optimality_proven=true",False,OPTIMUM FOUND,"ext_indep(3,4,empty)",43,results/paper_aaai2027/frozen/results/final_mcs_experiments_er_sf_alpha001_nowrong_noweight_50rep_chunked/wc_sweep_bnlearn_cancer_alpha001_nowrong_noweight_seed2026_2075_20260715_154609/rep37/lps/wc_inc_mus_lex_bb_optN_r37.lp
Cancer (5),2063,"cancer:2063:ext_indep(1,3,empty)",6782546,12710329,17603866,4893537,0.7214896883854529,False,0.010937106795608997,False,True,"baseline=contestability_solve_evidence.jsonl#baseline:cancer:2063; forced=contestability_solve_evidence.jsonl#challenge:cancer:2063:ext_indep(1,3,empty); status=OPTIMUM FOUND; model.optimality_proven=true",False,OPTIMUM FOUND,"ext_indep(1,3,empty)",15,results/paper_aaai2027/frozen/results/final_mcs_experiments_er_sf_alpha001_nowrong_noweight_50rep_chunked/wc_sweep_bnlearn_cancer_alpha001_nowrong_noweight_seed2026_2075_20260715_154609/rep38/lps/wc_inc_mus_lex_bb_optN_r38.lp
Cancer (5),2063,"cancer:2063:ext_indep(1,4,s0)",5927783,12710329,14732966,2022637,0.34121306397349566,False,0.010888918302953243,False,True,"baseline=contestability_solve_evidence.jsonl#baseline:cancer:2063; forced=contestability_solve_evidence.jsonl#challenge:cancer:2063:ext_indep(1,4,s0); status=OPTIMUM FOUND; model.optimality_proven=true",False,OPTIMUM FOUND,"ext_indep(1,4,s0)",18,results/paper_aaai2027/frozen/results/final_mcs_experiments_er_sf_alpha001_nowrong_noweight_50rep_chunked/wc_sweep_bnlearn_cancer_alpha001_nowrong_noweight_seed2026_2075_20260715_154609/rep38/lps/wc_inc_mus_lex_bb_optN_r38.lp
Cancer (5),2064,"cancer:2064:ext_indep(1,2,s0)",5299078,35561633,38295178,2733545,0.5158529464937108,False,0.01979538705199957,False,True,"baseline=contestability_solve_evidence.jsonl#baseline:cancer:2064; forced=contestability_solve_evidence.jsonl#challenge:cancer:2064:ext_indep(1,2,s0); status=OPTIMUM FOUND; model.optimality_proven=true",False,OPTIMUM FOUND,"ext_indep(1,2,s0)",34,results/paper_aaai2027/frozen/results/final_mcs_experiments_er_sf_alpha001_nowrong_noweight_50rep_chunked/wc_sweep_bnlearn_cancer_alpha001_nowrong_noweight_seed2026_2075_20260715_154609/rep39/lps/wc_inc_mus_lex_bb_optN_r39.lp
Cancer (5),2064,"cancer:2064:ext_indep(1,3,s0)",8366639,35561633,38295178,2733545,0.326719606283957,False,0.02014537714421749,False,True,"baseline=contestability_solve_evidence.jsonl#baseline:cancer:2064; forced=contestability_solve_evidence.jsonl#challenge:cancer:2064:ext_indep(1,3,s0); status=OPTIMUM FOUND; model.optimality_proven=true",False,OPTIMUM FOUND,"ext_indep(1,3,s0)",36,results/paper_aaai2027/frozen/results/final_mcs_experiments_er_sf_alpha001_nowrong_noweight_50rep_chunked/wc_sweep_bnlearn_cancer_alpha001_nowrong_noweight_seed2026_2075_20260715_154609/rep39/lps/wc_inc_mus_lex_bb_optN_r39.lp
Cancer (5),2064,"cancer:2064:ext_indep(1,4,s0)",7194523,35561633,37123181,1561548,0.2170467729410275,False,0.01772967353463173,False,True,"baseline=contestability_solve_evidence.jsonl#baseline:cancer:2064; forced=contestability_solve_evidence.jsonl#challenge:cancer:2064:ext_indep(1,4,s0); status=OPTIMUM FOUND; model.optimality_proven=true",False,OPTIMUM FOUND,"ext_indep(1,4,s0)",38,results/paper_aaai2027/frozen/results/final_mcs_experiments_er_sf_alpha001_nowrong_noweight_50rep_chunked/wc_sweep_bnlearn_cancer_alpha001_nowrong_noweight_seed2026_2075_20260715_154609/rep39/lps/wc_inc_mus_lex_bb_optN_r39.lp
Cancer (5),2064,"cancer:2064:ext_indep(2,4,s0)",7293670,35561633,37123181,1561548,0.21409633284752394,False,0.01592500787228346,False,True,"baseline=contestability_solve_evidence.jsonl#baseline:cancer:2064; forced=contestability_solve_evidence.jsonl#challenge:cancer:2064:ext_indep(2,4,s0); status=OPTIMUM FOUND; model.optimality_proven=true",False,OPTIMUM FOUND,"ext_indep(2,4,s0)",42,results/paper_aaai2027/frozen/results/final_mcs_experiments_er_sf_alpha001_nowrong_noweight_50rep_chunked/wc_sweep_bnlearn_cancer_alpha001_nowrong_noweight_seed2026_2075_20260715_154609/rep39/lps/wc_inc_mus_lex_bb_optN_r39.lp
Cancer (5),2064,"cancer:2064:ext_indep(3,4,s0)",7407723,35561633,37123181,1561548,0.2107999988660483,False,0.016793537884950638,False,True,"baseline=contestability_solve_evidence.jsonl#baseline:cancer:2064; forced=contestability_solve_evidence.jsonl#challenge:cancer:2064:ext_indep(3,4,s0); status=OPTIMUM FOUND; model.optimality_proven=true",False,OPTIMUM FOUND,"ext_indep(3,4,s0)",44,results/paper_aaai2027/frozen/results/final_mcs_experiments_er_sf_alpha001_nowrong_noweight_50rep_chunked/wc_sweep_bnlearn_cancer_alpha001_nowrong_noweight_seed2026_2075_20260715_154609/rep39/lps/wc_inc_mus_lex_bb_optN_r39.lp
Cancer (5),2065,"cancer:2065:ext_indep(1,2,empty)",6571125,34338827,35060516,721689,0.1098273126747703,False,0.0158936670050025,False,True,"baseline=contestability_solve_evidence.jsonl#baseline:cancer:2065; forced=contestability_solve_evidence.jsonl#challenge:cancer:2065:ext_indep(1,2,empty); status=OPTIMUM FOUND; model.optimality_proven=true",False,OPTIMUM FOUND,"ext_indep(1,2,empty)",33,results/paper_aaai2027/frozen/results/final_mcs_experiments_er_sf_alpha001_nowrong_noweight_50rep_chunked/wc_sweep_bnlearn_cancer_alpha001_nowrong_noweight_seed2026_2075_20260715_154609/rep40/lps/wc_inc_mus_lex_bb_optN_r40.lp
Cancer (5),2065,"cancer:2065:ext_indep(1,3,empty)",7070443,34338827,35060516,721689,0.102071256355507,False,0.015662215650081635,False,True,"baseline=contestability_solve_evidence.jsonl#baseline:cancer:2065; forced=contestability_solve_evidence.jsonl#challenge:cancer:2065:ext_indep(1,3,empty); status=OPTIMUM FOUND; model.optimality_proven=true",False,OPTIMUM FOUND,"ext_indep(1,3,empty)",35,results/paper_aaai2027/frozen/results/final_mcs_experiments_er_sf_alpha001_nowrong_noweight_50rep_chunked/wc_sweep_bnlearn_cancer_alpha001_nowrong_noweight_seed2026_2075_20260715_154609/rep40/lps/wc_inc_mus_lex_bb_optN_r40.lp
Cancer (5),2065,"cancer:2065:ext_indep(1,4,empty)",5689422,34338827,41256874,6918047,1.2159490014978676,False,0.01736510545015335,False,True,"baseline=contestability_solve_evidence.jsonl#baseline:cancer:2065; forced=contestability_solve_evidence.jsonl#challenge:cancer:2065:ext_indep(1,4,empty); status=OPTIMUM FOUND; model.optimality_proven=true",False,OPTIMUM FOUND,"ext_indep(1,4,empty)",37,results/paper_aaai2027/frozen/results/final_mcs_experiments_er_sf_alpha001_nowrong_noweight_50rep_chunked/wc_sweep_bnlearn_cancer_alpha001_nowrong_noweight_seed2026_2075_20260715_154609/rep40/lps/wc_inc_mus_lex_bb_optN_r40.lp
Cancer (5),2065,"cancer:2065:ext_indep(2,4,empty)",6302069,34338827,36630379,2291552,0.36361899560287264,False,0.015424972400069237,False,True,"baseline=contestability_solve_evidence.jsonl#baseline:cancer:2065; forced=contestability_solve_evidence.jsonl#challenge:cancer:2065:ext_indep(2,4,empty); status=OPTIMUM FOUND; model.optimality_proven=true",False,OPTIMUM FOUND,"ext_indep(2,4,empty)",41,results/paper_aaai2027/frozen/results/final_mcs_experiments_er_sf_alpha001_nowrong_noweight_50rep_chunked/wc_sweep_bnlearn_cancer_alpha001_nowrong_noweight_seed2026_2075_20260715_154609/rep40/lps/wc_inc_mus_lex_bb_optN_r40.lp
Cancer (5),2065,"cancer:2065:ext_indep(3,4,empty)",8705768,34338827,36630379,2291552,0.26322226827087514,False,0.01636451855301857,False,True,"baseline=contestability_solve_evidence.jsonl#baseline:cancer:2065; forced=contestability_solve_evidence.jsonl#challenge:cancer:2065:ext_indep(3,4,empty); status=OPTIMUM FOUND; model.optimality_proven=true",False,OPTIMUM FOUND,"ext_indep(3,4,empty)",43,results/paper_aaai2027/frozen/results/final_mcs_experiments_er_sf_alpha001_nowrong_noweight_50rep_chunked/wc_sweep_bnlearn_cancer_alpha001_nowrong_noweight_seed2026_2075_20260715_154609/rep40/lps/wc_inc_mus_lex_bb_optN_r40.lp
Cancer (5),2066,"cancer:2066:ext_indep(1,2,empty)",5681133,29201840,31626152,2424312,0.4267303722690527,False,0.013753549195826054,False,True,"baseline=contestability_solve_evidence.jsonl#baseline:cancer:2066; forced=contestability_solve_evidence.jsonl#challenge:cancer:2066:ext_indep(1,2,empty); status=OPTIMUM FOUND; model.optimality_proven=true",False,OPTIMUM FOUND,"ext_indep(1,2,empty)",33,results/paper_aaai2027/frozen/results/final_mcs_experiments_er_sf_alpha001_nowrong_noweight_50rep_chunked/wc_sweep_bnlearn_cancer_alpha001_nowrong_noweight_seed2026_2075_20260715_154609/rep41/lps/wc_inc_mus_lex_bb_optN_r41.lp
Cancer (5),2066,"cancer:2066:ext_indep(1,3,empty)",8525769,29201840,31626152,2424312,0.28435112422117,False,0.01486353948712349,False,True,"baseline=contestability_solve_evidence.jsonl#baseline:cancer:2066; forced=contestability_solve_evidence.jsonl#challenge:cancer:2066:ext_indep(1,3,empty); status=OPTIMUM FOUND; model.optimality_proven=true",False,OPTIMUM FOUND,"ext_indep(1,3,empty)",35,results/paper_aaai2027/frozen/results/final_mcs_experiments_er_sf_alpha001_nowrong_noweight_50rep_chunked/wc_sweep_bnlearn_cancer_alpha001_nowrong_noweight_seed2026_2075_20260715_154609/rep41/lps/wc_inc_mus_lex_bb_optN_r41.lp
Cancer (5),2066,"cancer:2066:ext_indep(1,4,empty)",5987137,29201840,39217397,10015557,1.6728458025931259,False,0.015587089583277702,False,True,"baseline=contestability_solve_evidence.jsonl#baseline:cancer:2066; forced=contestability_solve_evidence.jsonl#challenge:cancer:2066:ext_indep(1,4,empty); status=OPTIMUM FOUND; model.optimality_proven=true",False,OPTIMUM FOUND,"ext_indep(1,4,empty)",37,results/paper_aaai2027/frozen/results/final_mcs_experiments_er_sf_alpha001_nowrong_noweight_50rep_chunked/wc_sweep_bnlearn_cancer_alpha001_nowrong_noweight_seed2026_2075_20260715_154609/rep41/lps/wc_inc_mus_lex_bb_optN_r41.lp
Cancer (5),2066,"cancer:2066:ext_indep(3,4,empty)",9007801,29201840,33844637,4642797,0.5154195790959414,False,0.014048595912754536,False,True,"baseline=contestability_solve_evidence.jsonl#baseline:cancer:2066; forced=contestability_solve_evidence.jsonl#challenge:cancer:2066:ext_indep(3,4,empty); status=OPTIMUM FOUND; model.optimality_proven=true",False,OPTIMUM FOUND,"ext_indep(3,4,empty)",43,results/paper_aaai2027/frozen/results/final_mcs_experiments_er_sf_alpha001_nowrong_noweight_50rep_chunked/wc_sweep_bnlearn_cancer_alpha001_nowrong_noweight_seed2026_2075_20260715_154609/rep41/lps/wc_inc_mus_lex_bb_optN_r41.lp
Cancer (5),2067,"cancer:2067:ext_indep(1,2,s0)",9064499,35791394,37854395,2063001,0.22759128772588536,False,0.01871559116989374,False,True,"baseline=contestability_solve_evidence.jsonl#baseline:cancer:2067; forced=contestability_solve_evidence.jsonl#challenge:cancer:2067:ext_indep(1,2,s0); status=OPTIMUM FOUND; model.optimality_proven=true",False,OPTIMUM FOUND,"ext_indep(1,2,s0)",34,results/paper_aaai2027/frozen/results/final_mcs_experiments_er_sf_alpha001_nowrong_noweight_50rep_chunked/wc_sweep_bnlearn_cancer_alpha001_nowrong_noweight_seed2026_2075_20260715_154609/rep42/lps/wc_inc_mus_lex_bb_optN_r42.lp
Cancer (5),2067,"cancer:2067:ext_indep(1,3,s0)",5849069,35791394,37854395,2063001,0.35270587507174217,False,0.020809092558920383,False,True,"baseline=contestability_solve_evidence.jsonl#baseline:cancer:2067; forced=contestability_solve_evidence.jsonl#challenge:cancer:2067:ext_indep(1,3,s0); status=OPTIMUM FOUND; model.optimality_proven=true",False,OPTIMUM FOUND,"ext_indep(1,3,s0)",36,results/paper_aaai2027/frozen/results/final_mcs_experiments_er_sf_alpha001_nowrong_noweight_50rep_chunked/wc_sweep_bnlearn_cancer_alpha001_nowrong_noweight_seed2026_2075_20260715_154609/rep42/lps/wc_inc_mus_lex_bb_optN_r42.lp
Cancer (5),2067,"cancer:2067:ext_indep(1,4,empty)",6006864,35791394,36758930,967536,0.16107173393637678,False,0.01454400084912777,False,True,"baseline=contestability_solve_evidence.jsonl#baseline:cancer:2067; forced=contestability_solve_evidence.jsonl#challenge:cancer:2067:ext_indep(1,4,empty); status=OPTIMUM FOUND; model.optimality_proven=true",False,OPTIMUM FOUND,"ext_indep(1,4,empty)",37,results/paper_aaai2027/frozen/results/final_mcs_experiments_er_sf_alpha001_nowrong_noweight_50rep_chunked/wc_sweep_bnlearn_cancer_alpha001_nowrong_noweight_seed2026_2075_20260715_154609/rep42/lps/wc_inc_mus_lex_bb_optN_r42.lp
Cancer (5),2067,"cancer:2067:ext_indep(2,4,empty)",9865480,35791394,36758930,967536,0.09807287633242376,False,0.015112440101802349,False,True,"baseline=contestability_solve_evidence.jsonl#baseline:cancer:2067; forced=contestability_solve_evidence.jsonl#challenge:cancer:2067:ext_indep(2,4,empty); status=OPTIMUM FOUND; model.optimality_proven=true",False,OPTIMUM FOUND,"ext_indep(2,4,empty)",41,results/paper_aaai2027/frozen/results/final_mcs_experiments_er_sf_alpha001_nowrong_noweight_50rep_chunked/wc_sweep_bnlearn_cancer_alpha001_nowrong_noweight_seed2026_2075_20260715_154609/rep42/lps/wc_inc_mus_lex_bb_optN_r42.lp
Cancer (5),2067,"cancer:2067:ext_indep(3,4,empty)",5005482,35791394,36758930,967536,0.19329527106480454,False,0.0134159279987216,False,True,"baseline=contestability_solve_evidence.jsonl#baseline:cancer:2067; forced=contestability_solve_evidence.jsonl#challenge:cancer:2067:ext_indep(3,4,empty); status=OPTIMUM FOUND; model.optimality_proven=true",False,OPTIMUM FOUND,"ext_indep(3,4,empty)",43,results/paper_aaai2027/frozen/results/final_mcs_experiments_er_sf_alpha001_nowrong_noweight_50rep_chunked/wc_sweep_bnlearn_cancer_alpha001_nowrong_noweight_seed2026_2075_20260715_154609/rep42/lps/wc_inc_mus_lex_bb_optN_r42.lp
Cancer (5),2068,"cancer:2068:ext_indep(0,2,s1y4)",5001356,21042591,29432076,8389485,1.6774420777085255,False,0.013963582925498486,False,True,"baseline=contestability_solve_evidence.jsonl#baseline:cancer:2068; forced=contestability_solve_evidence.jsonl#challenge:cancer:2068:ext_indep(0,2,s1y4); status=OPTIMUM FOUND; model.optimality_proven=true",False,OPTIMUM FOUND,"ext_indep(0,2,s1y4)",13,results/paper_aaai2027/frozen/results/final_mcs_experiments_er_sf_alpha001_nowrong_noweight_50rep_chunked/wc_sweep_bnlearn_cancer_alpha001_nowrong_noweight_seed2026_2075_20260715_154609/rep43/lps/wc_inc_mus_lex_bb_optN_r43.lp
Cancer (5),2068,"cancer:2068:ext_indep(1,3,s0)",8291588,21042591,25596597,4554006,0.5492320650760747,False,0.014587520621716976,False,True,"baseline=contestability_solve_evidence.jsonl#baseline:cancer:2068; forced=contestability_solve_evidence.jsonl#challenge:cancer:2068:ext_indep(1,3,s0); status=OPTIMUM FOUND; model.optimality_proven=true",False,OPTIMUM FOUND,"ext_indep(1,3,s0)",31,results/paper_aaai2027/frozen/results/final_mcs_experiments_er_sf_alpha001_nowrong_noweight_50rep_chunked/wc_sweep_bnlearn_cancer_alpha001_nowrong_noweight_seed2026_2075_20260715_154609/rep43/lps/wc_inc_mus_lex_bb_optN_r43.lp
Cancer (5),2068,"cancer:2068:ext_indep(2,4,empty)",7749647,21042591,25820979,4778388,0.6165942784232624,False,0.0138073256239295,False,True,"baseline=contestability_solve_evidence.jsonl#baseline:cancer:2068; forced=contestability_solve_evidence.jsonl#challenge:cancer:2068:ext_indep(2,4,empty); status=OPTIMUM FOUND; model.optimality_proven=true",False,OPTIMUM FOUND,"ext_indep(2,4,empty)",36,results/paper_aaai2027/frozen/results/final_mcs_experiments_er_sf_alpha001_nowrong_noweight_50rep_chunked/wc_sweep_bnlearn_cancer_alpha001_nowrong_noweight_seed2026_2075_20260715_154609/rep43/lps/wc_inc_mus_lex_bb_optN_r43.lp
Cancer (5),2069,"cancer:2069:ext_indep(0,2,s4)",5040820,30775598,31400372,624774,0.12394292992013205,False,0.014450132846832275,False,True,"baseline=contestability_solve_evidence.jsonl#baseline:cancer:2069; forced=contestability_solve_evidence.jsonl#challenge:cancer:2069:ext_indep(0,2,s4); status=OPTIMUM FOUND; model.optimality_proven=true",False,OPTIMUM FOUND,"ext_indep(0,2,s4)",9,results/paper_aaai2027/frozen/results/final_mcs_experiments_er_sf_alpha001_nowrong_noweight_50rep_chunked/wc_sweep_bnlearn_cancer_alpha001_nowrong_noweight_seed2026_2075_20260715_154609/rep44/lps/wc_inc_mus_lex_bb_optN_r44.lp
Cancer (5),2069,"cancer:2069:ext_indep(1,3,s0)",7927667,30775598,35913857,5138259,0.6481426376763807,False,0.01686450093984604,False,True,"baseline=contestability_solve_evidence.jsonl#baseline:cancer:2069; forced=contestability_solve_evidence.jsonl#challenge:cancer:2069:ext_indep(1,3,s0); status=OPTIMUM FOUND; model.optimality_proven=true",False,OPTIMUM FOUND,"ext_indep(1,3,s0)",22,results/paper_aaai2027/frozen/results/final_mcs_experiments_er_sf_alpha001_nowrong_noweight_50rep_chunked/wc_sweep_bnlearn_cancer_alpha001_nowrong_noweight_seed2026_2075_20260715_154609/rep44/lps/wc_inc_mus_lex_bb_optN_r44.lp
Cancer (5),2069,"cancer:2069:ext_indep(1,4,s0)",9075131,30775598,32243629,1468031,0.1617641662693354,False,0.01663486659526825,False,True,"baseline=contestability_solve_evidence.jsonl#baseline:cancer:2069; forced=contestability_solve_evidence.jsonl#challenge:cancer:2069:ext_indep(1,4,s0); status=OPTIMUM FOUND; model.optimality_proven=true",False,OPTIMUM FOUND,"ext_indep(1,4,s0)",24,results/paper_aaai2027/frozen/results/final_mcs_experiments_er_sf_alpha001_nowrong_noweight_50rep_chunked/wc_sweep_bnlearn_cancer_alpha001_nowrong_noweight_seed2026_2075_20260715_154609/rep44/lps/wc_inc_mus_lex_bb_optN_r44.lp
Cancer (5),2069,"cancer:2069:ext_indep(3,4,s0)",8731980,30775598,32243629,1468031,0.1681212050416973,False,0.015292569063603878,False,True,"baseline=contestability_solve_evidence.jsonl#baseline:cancer:2069; forced=contestability_solve_evidence.jsonl#challenge:cancer:2069:ext_indep(3,4,s0); status=OPTIMUM FOUND; model.optimality_proven=true",False,OPTIMUM FOUND,"ext_indep(3,4,s0)",28,results/paper_aaai2027/frozen/results/final_mcs_experiments_er_sf_alpha001_nowrong_noweight_50rep_chunked/wc_sweep_bnlearn_cancer_alpha001_nowrong_noweight_seed2026_2075_20260715_154609/rep44/lps/wc_inc_mus_lex_bb_optN_r44.lp
Cancer (5),2070,"cancer:2070:ext_indep(1,4,empty)",5259803,35408409,41061215,5652806,1.0747181976207094,False,0.01897924393415451,False,True,"baseline=contestability_solve_evidence.jsonl#baseline:cancer:2070; forced=contestability_solve_evidence.jsonl#challenge:cancer:2070:ext_indep(1,4,empty); status=OPTIMUM FOUND; model.optimality_proven=true",False,OPTIMUM FOUND,"ext_indep(1,4,empty)",27,results/paper_aaai2027/frozen/results/final_mcs_experiments_er_sf_alpha001_nowrong_noweight_50rep_chunked/wc_sweep_bnlearn_cancer_alpha001_nowrong_noweight_seed2026_2075_20260715_154609/rep45/lps/wc_inc_mus_lex_bb_optN_r45.lp
Cancer (5),2070,"cancer:2070:ext_dep(2,3,empty)",7454756,35408409,49183050,13774641,1.847765507013241,False,0.020921957679092884,False,True,"baseline=contestability_solve_evidence.jsonl#baseline:cancer:2070; forced=contestability_solve_evidence.jsonl#challenge:cancer:2070:ext_dep(2,3,empty); status=OPTIMUM FOUND; model.optimality_proven=true",False,OPTIMUM FOUND,"ext_dep(2,3,empty)",29,results/paper_aaai2027/frozen/results/final_mcs_experiments_er_sf_alpha001_nowrong_noweight_50rep_chunked/wc_sweep_bnlearn_cancer_alpha001_nowrong_noweight_seed2026_2075_20260715_154609/rep45/lps/wc_inc_mus_lex_bb_optN_r45.lp
Cancer (5),2070,"cancer:2070:ext_dep(2,3,s0)",9819557,35408409,49183050,13774641,1.4027762148536844,False,0.02271919697523117,False,True,"baseline=contestability_solve_evidence.jsonl#baseline:cancer:2070; forced=contestability_solve_evidence.jsonl#challenge:cancer:2070:ext_dep(2,3,s0); status=OPTIMUM FOUND; model.optimality_proven=true",False,OPTIMUM FOUND,"ext_dep(2,3,s0)",30,results/paper_aaai2027/frozen/results/final_mcs_experiments_er_sf_alpha001_nowrong_noweight_50rep_chunked/wc_sweep_bnlearn_cancer_alpha001_nowrong_noweight_seed2026_2075_20260715_154609/rep45/lps/wc_inc_mus_lex_bb_optN_r45.lp
Cancer (5),2070,"cancer:2070:ext_indep(3,4,empty)",5933150,35408409,41061215,5652806,0.9527495512501791,False,0.01617824099957943,False,True,"baseline=contestability_solve_evidence.jsonl#baseline:cancer:2070; forced=contestability_solve_evidence.jsonl#challenge:cancer:2070:ext_indep(3,4,empty); status=OPTIMUM FOUND; model.optimality_proven=true",False,OPTIMUM FOUND,"ext_indep(3,4,empty)",32,results/paper_aaai2027/frozen/results/final_mcs_experiments_er_sf_alpha001_nowrong_noweight_50rep_chunked/wc_sweep_bnlearn_cancer_alpha001_nowrong_noweight_seed2026_2075_20260715_154609/rep45/lps/wc_inc_mus_lex_bb_optN_r45.lp
Cancer (5),2070,"cancer:2070:ext_indep(3,4,s2)",6941143,35408409,41061215,5652806,0.8143912321068735,False,0.015024819411337376,False,True,"baseline=contestability_solve_evidence.jsonl#baseline:cancer:2070; forced=contestability_solve_evidence.jsonl#challenge:cancer:2070:ext_indep(3,4,s2); status=OPTIMUM FOUND; model.optimality_proven=true",False,OPTIMUM FOUND,"ext_indep(3,4,s2)",35,results/paper_aaai2027/frozen/results/final_mcs_experiments_er_sf_alpha001_nowrong_noweight_50rep_chunked/wc_sweep_bnlearn_cancer_alpha001_nowrong_noweight_seed2026_2075_20260715_154609/rep45/lps/wc_inc_mus_lex_bb_optN_r45.lp
Cancer (5),2071,"cancer:2071:ext_indep(1,3,s0)",5539854,18318287,19145651,827364,0.14934761818632766,False,0.0121310418471694,False,True,"baseline=contestability_solve_evidence.jsonl#baseline:cancer:2071; forced=contestability_solve_evidence.jsonl#challenge:cancer:2071:ext_indep(1,3,s0); status=OPTIMUM FOUND; model.optimality_proven=true",False,OPTIMUM FOUND,"ext_indep(1,3,s0)",16,results/paper_aaai2027/frozen/results/final_mcs_experiments_er_sf_alpha001_nowrong_noweight_50rep_chunked/wc_sweep_bnlearn_cancer_alpha001_nowrong_noweight_seed2026_2075_20260715_154609/rep46/lps/wc_inc_mus_lex_bb_optN_r46.lp
Cancer (5),2071,"cancer:2071:ext_indep(1,4,empty)",7578698,18318287,21254809,2936522,0.38747051274506517,False,0.012196706607937813,False,True,"baseline=contestability_solve_evidence.jsonl#baseline:cancer:2071; forced=contestability_solve_evidence.jsonl#challenge:cancer:2071:ext_indep(1,4,empty); status=OPTIMUM FOUND; model.optimality_proven=true",False,OPTIMUM FOUND,"ext_indep(1,4,empty)",17,results/paper_aaai2027/frozen/results/final_mcs_experiments_er_sf_alpha001_nowrong_noweight_50rep_chunked/wc_sweep_bnlearn_cancer_alpha001_nowrong_noweight_seed2026_2075_20260715_154609/rep46/lps/wc_inc_mus_lex_bb_optN_r46.lp
Cancer (5),2071,"cancer:2071:ext_indep(3,4,empty)",5199735,18318287,19725224,1406937,0.2705785967938751,False,0.011219372041523457,False,True,"baseline=contestability_solve_evidence.jsonl#baseline:cancer:2071; forced=contestability_solve_evidence.jsonl#challenge:cancer:2071:ext_indep(3,4,empty); status=OPTIMUM FOUND; model.optimality_proven=true",False,OPTIMUM FOUND,"ext_indep(3,4,empty)",21,results/paper_aaai2027/frozen/results/final_mcs_experiments_er_sf_alpha001_nowrong_noweight_50rep_chunked/wc_sweep_bnlearn_cancer_alpha001_nowrong_noweight_seed2026_2075_20260715_154609/rep46/lps/wc_inc_mus_lex_bb_optN_r46.lp
Cancer (5),2072,"cancer:2072:ext_indep(1,4,empty)",5136024,11283150,13452116,2168966,0.42230449078898386,False,0.010191773064434528,False,True,"baseline=contestability_solve_evidence.jsonl#baseline:cancer:2072; forced=contestability_solve_evidence.jsonl#challenge:cancer:2072:ext_indep(1,4,empty); status=OPTIMUM FOUND; model.optimality_proven=true",False,OPTIMUM FOUND,"ext_indep(1,4,empty)",17,results/paper_aaai2027/frozen/results/final_mcs_experiments_er_sf_alpha001_nowrong_noweight_50rep_chunked/wc_sweep_bnlearn_cancer_alpha001_nowrong_noweight_seed2026_2075_20260715_154609/rep47/lps/wc_inc_mus_lex_bb_optN_r47.lp
Cancer (5),2072,"cancer:2072:ext_indep(3,4,s0)",6147126,11283150,12988588,1705438,0.27743664274979885,False,0.009060624055564404,False,True,"baseline=contestability_solve_evidence.jsonl#baseline:cancer:2072; forced=contestability_solve_evidence.jsonl#challenge:cancer:2072:ext_indep(3,4,s0); status=OPTIMUM FOUND; model.optimality_proven=true",False,OPTIMUM FOUND,"ext_indep(3,4,s0)",22,results/paper_aaai2027/frozen/results/final_mcs_experiments_er_sf_alpha001_nowrong_noweight_50rep_chunked/wc_sweep_bnlearn_cancer_alpha001_nowrong_noweight_seed2026_2075_20260715_154609/rep47/lps/wc_inc_mus_lex_bb_optN_r47.lp
Cancer (5),2073,"cancer:2073:ext_indep(0,2,s4)",5013439,22671359,30208505,7537146,1.5033883926781597,False,0.013924906961619854,False,True,"baseline=contestability_solve_evidence.jsonl#baseline:cancer:2073; forced=contestability_solve_evidence.jsonl#challenge:cancer:2073:ext_indep(0,2,s4); status=OPTIMUM FOUND; model.optimality_proven=true",False,OPTIMUM FOUND,"ext_indep(0,2,s4)",9,results/paper_aaai2027/frozen/results/final_mcs_experiments_er_sf_alpha001_nowrong_noweight_50rep_chunked/wc_sweep_bnlearn_cancer_alpha001_nowrong_noweight_seed2026_2075_20260715_154609/rep48/lps/wc_inc_mus_lex_bb_optN_r48.lp
Cancer (5),2073,"cancer:2073:ext_indep(1,3,s0)",5914121,22671359,28280432,5609073,0.9484203992444524,False,0.015666836872696877,False,True,"baseline=contestability_solve_evidence.jsonl#baseline:cancer:2073; forced=contestability_solve_evidence.jsonl#challenge:cancer:2073:ext_indep(1,3,s0); status=OPTIMUM FOUND; model.optimality_proven=true",False,OPTIMUM FOUND,"ext_indep(1,3,s0)",22,results/paper_aaai2027/frozen/results/final_mcs_experiments_er_sf_alpha001_nowrong_noweight_50rep_chunked/wc_sweep_bnlearn_cancer_alpha001_nowrong_noweight_seed2026_2075_20260715_154609/rep48/lps/wc_inc_mus_lex_bb_optN_r48.lp
Cancer (5),2073,"cancer:2073:ext_indep(1,4,s0)",5583145,22671359,22925269,253910,0.04547795194285658,False,0.011194545775651932,False,True,"baseline=contestability_solve_evidence.jsonl#baseline:cancer:2073; forced=contestability_solve_evidence.jsonl#challenge:cancer:2073:ext_indep(1,4,s0); status=OPTIMUM FOUND; model.optimality_proven=true",False,OPTIMUM FOUND,"ext_indep(1,4,s0)",24,results/paper_aaai2027/frozen/results/final_mcs_experiments_er_sf_alpha001_nowrong_noweight_50rep_chunked/wc_sweep_bnlearn_cancer_alpha001_nowrong_noweight_seed2026_2075_20260715_154609/rep48/lps/wc_inc_mus_lex_bb_optN_r48.lp
Cancer (5),2073,"cancer:2073:ext_indep(3,4,s0)",6160654,22671359,22925269,253910,0.04121478011912372,False,0.012015755288302898,False,True,"baseline=contestability_solve_evidence.jsonl#baseline:cancer:2073; forced=contestability_solve_evidence.jsonl#challenge:cancer:2073:ext_indep(3,4,s0); status=OPTIMUM FOUND; model.optimality_proven=true",False,OPTIMUM FOUND,"ext_indep(3,4,s0)",28,results/paper_aaai2027/frozen/results/final_mcs_experiments_er_sf_alpha001_nowrong_noweight_50rep_chunked/wc_sweep_bnlearn_cancer_alpha001_nowrong_noweight_seed2026_2075_20260715_154609/rep48/lps/wc_inc_mus_lex_bb_optN_r48.lp
Cancer (5),2074,"cancer:2074:ext_indep(1,2,empty)",5685897,32856385,34330998,1474613,0.2593457109757704,False,0.016813155263662338,False,True,"baseline=contestability_solve_evidence.jsonl#baseline:cancer:2074; forced=contestability_solve_evidence.jsonl#challenge:cancer:2074:ext_indep(1,2,empty); status=OPTIMUM FOUND; model.optimality_proven=true",False,OPTIMUM FOUND,"ext_indep(1,2,empty)",33,results/paper_aaai2027/frozen/results/final_mcs_experiments_er_sf_alpha001_nowrong_noweight_50rep_chunked/wc_sweep_bnlearn_cancer_alpha001_nowrong_noweight_seed2026_2075_20260715_154609/rep49/lps/wc_inc_mus_lex_bb_optN_r49.lp
Cancer (5),2074,"cancer:2074:ext_indep(1,3,empty)",5386640,32856385,34330998,1474613,0.2737537685830128,False,0.014229029417037964,False,True,"baseline=contestability_solve_evidence.jsonl#baseline:cancer:2074; forced=contestability_solve_evidence.jsonl#challenge:cancer:2074:ext_indep(1,3,empty); status=OPTIMUM FOUND; model.optimality_proven=true",False,OPTIMUM FOUND,"ext_indep(1,3,empty)",35,results/paper_aaai2027/frozen/results/final_mcs_experiments_er_sf_alpha001_nowrong_noweight_50rep_chunked/wc_sweep_bnlearn_cancer_alpha001_nowrong_noweight_seed2026_2075_20260715_154609/rep49/lps/wc_inc_mus_lex_bb_optN_r49.lp
Cancer (5),2074,"cancer:2074:ext_indep(1,4,empty)",7139549,32856385,36081049,3224664,0.45166214280481864,False,0.01636508759111166,False,True,"baseline=contestability_solve_evidence.jsonl#baseline:cancer:2074; forced=contestability_solve_evidence.jsonl#challenge:cancer:2074:ext_indep(1,4,empty); status=OPTIMUM FOUND; model.optimality_proven=true",False,OPTIMUM FOUND,"ext_indep(1,4,empty)",37,results/paper_aaai2027/frozen/results/final_mcs_experiments_er_sf_alpha001_nowrong_noweight_50rep_chunked/wc_sweep_bnlearn_cancer_alpha001_nowrong_noweight_seed2026_2075_20260715_154609/rep49/lps/wc_inc_mus_lex_bb_optN_r49.lp
Cancer (5),2074,"cancer:2074:ext_indep(2,3,s0)",5562432,32856385,33438419,582034,0.1046366049958004,False,0.019724342040717602,False,True,"baseline=contestability_solve_evidence.jsonl#baseline:cancer:2074; forced=contestability_solve_evidence.jsonl#challenge:cancer:2074:ext_indep(2,3,s0); status=OPTIMUM FOUND; model.optimality_proven=true",False,OPTIMUM FOUND,"ext_indep(2,3,s0)",40,results/paper_aaai2027/frozen/results/final_mcs_experiments_er_sf_alpha001_nowrong_noweight_50rep_chunked/wc_sweep_bnlearn_cancer_alpha001_nowrong_noweight_seed2026_2075_20260715_154609/rep49/lps/wc_inc_mus_lex_bb_optN_r49.lp
Cancer (5),2074,"cancer:2074:ext_indep(2,4,empty)",9081867,32856385,33438419,582034,0.06408748333354805,False,0.01474477257579565,False,True,"baseline=contestability_solve_evidence.jsonl#baseline:cancer:2074; forced=contestability_solve_evidence.jsonl#challenge:cancer:2074:ext_indep(2,4,empty); status=OPTIMUM FOUND; model.optimality_proven=true",False,OPTIMUM FOUND,"ext_indep(2,4,empty)",41,results/paper_aaai2027/frozen/results/final_mcs_experiments_er_sf_alpha001_nowrong_noweight_50rep_chunked/wc_sweep_bnlearn_cancer_alpha001_nowrong_noweight_seed2026_2075_20260715_154609/rep49/lps/wc_inc_mus_lex_bb_optN_r49.lp
Cancer (5),2075,"cancer:2075:ext_indep(0,2,s1y4)",5231388,30955703,37419058,6463355,1.235495245238931,False,0.017808958888053894,False,True,"baseline=contestability_solve_evidence.jsonl#baseline:cancer:2075; forced=contestability_solve_evidence.jsonl#challenge:cancer:2075:ext_indep(0,2,s1y4); status=OPTIMUM FOUND; model.optimality_proven=true",False,OPTIMUM FOUND,"ext_indep(0,2,s1y4)",13,results/paper_aaai2027/frozen/results/final_mcs_experiments_er_sf_alpha001_nowrong_noweight_50rep_chunked/wc_sweep_bnlearn_cancer_alpha001_nowrong_noweight_seed2026_2075_20260715_154609/rep50/lps/wc_inc_mus_lex_bb_optN_r50.lp
Cancer (5),2075,"cancer:2075:ext_indep(1,2,empty)",7395565,30955703,31222240,266537,0.03604011323002367,False,0.014223892241716385,False,True,"baseline=contestability_solve_evidence.jsonl#baseline:cancer:2075; forced=contestability_solve_evidence.jsonl#challenge:cancer:2075:ext_indep(1,2,empty); status=OPTIMUM FOUND; model.optimality_proven=true",False,OPTIMUM FOUND,"ext_indep(1,2,empty)",29,results/paper_aaai2027/frozen/results/final_mcs_experiments_er_sf_alpha001_nowrong_noweight_50rep_chunked/wc_sweep_bnlearn_cancer_alpha001_nowrong_noweight_seed2026_2075_20260715_154609/rep50/lps/wc_inc_mus_lex_bb_optN_r50.lp
Cancer (5),2075,"cancer:2075:ext_indep(1,3,empty)",6294850,30955703,31222240,266537,0.042342073282127454,False,0.01356508955359459,False,True,"baseline=contestability_solve_evidence.jsonl#baseline:cancer:2075; forced=contestability_solve_evidence.jsonl#challenge:cancer:2075:ext_indep(1,3,empty); status=OPTIMUM FOUND; model.optimality_proven=true",False,OPTIMUM FOUND,"ext_indep(1,3,empty)",30,results/paper_aaai2027/frozen/results/final_mcs_experiments_er_sf_alpha001_nowrong_noweight_50rep_chunked/wc_sweep_bnlearn_cancer_alpha001_nowrong_noweight_seed2026_2075_20260715_154609/rep50/lps/wc_inc_mus_lex_bb_optN_r50.lp
Cancer (5),2075,"cancer:2075:ext_indep(1,4,empty)",5450968,30955703,31782199,826496,0.15162371160498467,False,0.013985339552164078,False,True,"baseline=contestability_solve_evidence.jsonl#baseline:cancer:2075; forced=contestability_solve_evidence.jsonl#challenge:cancer:2075:ext_indep(1,4,empty); status=OPTIMUM FOUND; model.optimality_proven=true",False,OPTIMUM FOUND,"ext_indep(1,4,empty)",32,results/paper_aaai2027/frozen/results/final_mcs_experiments_er_sf_alpha001_nowrong_noweight_50rep_chunked/wc_sweep_bnlearn_cancer_alpha001_nowrong_noweight_seed2026_2075_20260715_154609/rep50/lps/wc_inc_mus_lex_bb_optN_r50.lp
Cancer (5),2075,"cancer:2075:ext_indep(3,4,s0)",6582932,30955703,31222240,266537,0.04048910120900535,False,0.01493898220360279,False,True,"baseline=contestability_solve_evidence.jsonl#baseline:cancer:2075; forced=contestability_solve_evidence.jsonl#challenge:cancer:2075:ext_indep(3,4,s0); status=OPTIMUM FOUND; model.optimality_proven=true",False,OPTIMUM FOUND,"ext_indep(3,4,s0)",37,results/paper_aaai2027/frozen/results/final_mcs_experiments_er_sf_alpha001_nowrong_noweight_50rep_chunked/wc_sweep_bnlearn_cancer_alpha001_nowrong_noweight_seed2026_2075_20260715_154609/rep50/lps/wc_inc_mus_lex_bb_optN_r50.lp
Earthquake (5),2033,"earthquake:2033:ext_indep(1,2,s3)",5181036,12307846,23501318,11193472,2.1604698365346238,False,0.0150422602891922,False,True,"baseline=contestability_solve_evidence.jsonl#baseline:earthquake:2033; forced=contestability_solve_evidence.jsonl#challenge:earthquake:2033:ext_indep(1,2,s3); status=OPTIMUM FOUND; model.optimality_proven=true",False,OPTIMUM FOUND,"ext_indep(1,2,s3)",36,results/paper_aaai2027/frozen/results/final_mcs_experiments_er_sf_alpha001_nowrong_noweight_50rep_chunked/wc_sweep_bnlearn_earthquake_alpha001_nowrong_noweight_seed2026_2075_20260715_155009/rep8/lps/wc_inc_mus_lex_bb_optN_r8.lp
Earthquake (5),2033,"earthquake:2033:ext_indep(1,3,s0)",7126810,12307846,12523656,215810,0.030281430261224866,False,0.011724208481609821,False,True,"baseline=contestability_solve_evidence.jsonl#baseline:earthquake:2033; forced=contestability_solve_evidence.jsonl#challenge:earthquake:2033:ext_indep(1,3,s0); status=OPTIMUM FOUND; model.optimality_proven=true",False,OPTIMUM FOUND,"ext_indep(1,3,s0)",38,results/paper_aaai2027/frozen/results/final_mcs_experiments_er_sf_alpha001_nowrong_noweight_50rep_chunked/wc_sweep_bnlearn_earthquake_alpha001_nowrong_noweight_seed2026_2075_20260715_155009/rep8/lps/wc_inc_mus_lex_bb_optN_r8.lp
Earthquake (5),2061,"earthquake:2061:ext_indep(2,3,s4)",5071089,5071089,39503221,34432132,6.789889114547191,False,0.02059918362647295,False,True,"baseline=contestability_solve_evidence.jsonl#baseline:earthquake:2061; forced=contestability_solve_evidence.jsonl#challenge:earthquake:2061:ext_indep(2,3,s4); status=OPTIMUM FOUND; model.optimality_proven=true",False,OPTIMUM FOUND,"ext_indep(2,3,s4)",45,results/paper_aaai2027/frozen/results/final_mcs_experiments_er_sf_alpha001_nowrong_noweight_50rep_chunked/wc_sweep_bnlearn_earthquake_alpha001_nowrong_noweight_seed2026_2075_20260715_155009/rep36/lps/wc_inc_mus_lex_bb_optN_r36.lp
Earthquake (5),2069,"earthquake:2069:ext_indep(2,3,s4)",5128175,5128175,36817515,31689340,6.179457604313425,False,0.018350782804191113,False,True,"baseline=contestability_solve_evidence.jsonl#baseline:earthquake:2069; forced=contestability_solve_evidence.jsonl#challenge:earthquake:2069:ext_indep(2,3,s4); status=OPTIMUM FOUND; model.optimality_proven=true",False,OPTIMUM FOUND,"ext_indep(2,3,s4)",45,results/paper_aaai2027/frozen/results/final_mcs_experiments_er_sf_alpha001_nowrong_noweight_50rep_chunked/wc_sweep_bnlearn_earthquake_alpha001_nowrong_noweight_seed2026_2075_20260715_155009/rep44/lps/wc_inc_mus_lex_bb_optN_r44.lp
Survey (6),2026,"survey:2026:ext_indep(0,2,s1)",5901337,98971955,103189468,4217513,0.7146707602023067,False,0.99758464936167,False,True,"baseline=contestability_solve_evidence.jsonl#baseline:survey:2026; forced=contestability_solve_evidence.jsonl#challenge:survey:2026:ext_indep(0,2,s1); status=OPTIMUM FOUND; model.optimality_proven=true",False,OPTIMUM FOUND,"ext_indep(0,2,s1)",7,results/paper_aaai2027/frozen/results/final_mcs_experiments_er_sf_alpha001_nowrong_noweight_50rep_chunked/wc_sweep_bnlearn_survey_alpha001_nowrong_noweight_seed2026_2075_20260715_155405/rep1/lps/wc_inc_mus_lex_bb_optN_r1.lp
Survey (6),2026,"survey:2026:ext_indep(0,2,s1y5)",5540260,98971955,100212496,1240541,0.22391385963835633,False,1.2441947059705853,False,True,"baseline=contestability_solve_evidence.jsonl#baseline:survey:2026; forced=contestability_solve_evidence.jsonl#challenge:survey:2026:ext_indep(0,2,s1y5); status=OPTIMUM FOUND; model.optimality_proven=true",False,OPTIMUM FOUND,"ext_indep(0,2,s1y5)",8,results/paper_aaai2027/frozen/results/final_mcs_experiments_er_sf_alpha001_nowrong_noweight_50rep_chunked/wc_sweep_bnlearn_survey_alpha001_nowrong_noweight_seed2026_2075_20260715_155405/rep1/lps/wc_inc_mus_lex_bb_optN_r1.lp
Survey (6),2026,"survey:2026:ext_indep(0,3,s1)",7248413,98971955,101924888,2952933,0.4073902797757247,False,0.998221498914063,False,True,"baseline=contestability_solve_evidence.jsonl#baseline:survey:2026; forced=contestability_solve_evidence.jsonl#challenge:survey:2026:ext_indep(0,3,s1); status=OPTIMUM FOUND; model.optimality_proven=true",False,OPTIMUM FOUND,"ext_indep(0,3,s1)",11,results/paper_aaai2027/frozen/results/final_mcs_experiments_er_sf_alpha001_nowrong_noweight_50rep_chunked/wc_sweep_bnlearn_survey_alpha001_nowrong_noweight_seed2026_2075_20260715_155405/rep1/lps/wc_inc_mus_lex_bb_optN_r1.lp
Survey (6),2026,"survey:2026:ext_indep(0,3,s1y5)",8469748,98971955,100192428,1220473,0.14409791176785897,False,1.248190606944263,False,True,"baseline=contestability_solve_evidence.jsonl#baseline:survey:2026; forced=contestability_solve_evidence.jsonl#challenge:survey:2026:ext_indep(0,3,s1y5); status=OPTIMUM FOUND; model.optimality_proven=true",False,OPTIMUM FOUND,"ext_indep(0,3,s1y5)",12,results/paper_aaai2027/frozen/results/final_mcs_experiments_er_sf_alpha001_nowrong_noweight_50rep_chunked/wc_sweep_bnlearn_survey_alpha001_nowrong_noweight_seed2026_2075_20260715_155405/rep1/lps/wc_inc_mus_lex_bb_optN_r1.lp
Survey (6),2026,"survey:2026:ext_indep(1,4,s2)",5090946,98971955,101379759,2407804,0.47295807105398485,False,0.8521579522639513,False,True,"baseline=contestability_solve_evidence.jsonl#baseline:survey:2026; forced=contestability_solve_evidence.jsonl#challenge:survey:2026:ext_indep(1,4,s2); status=OPTIMUM FOUND; model.optimality_proven=true",False,OPTIMUM FOUND,"ext_indep(1,4,s2)",30,results/paper_aaai2027/frozen/results/final_mcs_experiments_er_sf_alpha001_nowrong_noweight_50rep_chunked/wc_sweep_bnlearn_survey_alpha001_nowrong_noweight_seed2026_2075_20260715_155405/rep1/lps/wc_inc_mus_lex_bb_optN_r1.lp
Survey (6),2026,"survey:2026:ext_indep(1,5,empty)",9706834,98971955,102807715,3835760,0.39516077023672186,False,0.7898309053853154,False,True,"baseline=contestability_solve_evidence.jsonl#baseline:survey:2026; forced=contestability_solve_evidence.jsonl#challenge:survey:2026:ext_indep(1,5,empty); status=OPTIMUM FOUND; model.optimality_proven=true",False,OPTIMUM FOUND,"ext_indep(1,5,empty)",32,results/paper_aaai2027/frozen/results/final_mcs_experiments_er_sf_alpha001_nowrong_noweight_50rep_chunked/wc_sweep_bnlearn_survey_alpha001_nowrong_noweight_seed2026_2075_20260715_155405/rep1/lps/wc_inc_mus_lex_bb_optN_r1.lp
Survey (6),2026,"survey:2026:ext_indep(1,5,s0y3)",6635254,98971955,100212496,1240541,0.186962096703457,False,1.4983743652701378,False,True,"baseline=contestability_solve_evidence.jsonl#baseline:survey:2026; forced=contestability_solve_evidence.jsonl#challenge:survey:2026:ext_indep(1,5,s0y3); status=OPTIMUM FOUND; model.optimality_proven=true",False,OPTIMUM FOUND,"ext_indep(1,5,s0y3)",37,results/paper_aaai2027/frozen/results/final_mcs_experiments_er_sf_alpha001_nowrong_noweight_50rep_chunked/wc_sweep_bnlearn_survey_alpha001_nowrong_noweight_seed2026_2075_20260715_155405/rep1/lps/wc_inc_mus_lex_bb_optN_r1.lp
Survey (6),2026,"survey:2026:ext_indep(1,5,s0)",6469258,98971955,102807715,3835760,0.5929211665387283,False,1.145902038551867,False,True,"baseline=contestability_solve_evidence.jsonl#baseline:survey:2026; forced=contestability_solve_evidence.jsonl#challenge:survey:2026:ext_indep(1,5,s0); status=OPTIMUM FOUND; model.optimality_proven=true",False,OPTIMUM FOUND,"ext_indep(1,5,s0)",38,results/paper_aaai2027/frozen/results/final_mcs_experiments_er_sf_alpha001_nowrong_noweight_50rep_chunked/wc_sweep_bnlearn_survey_alpha001_nowrong_noweight_seed2026_2075_20260715_155405/rep1/lps/wc_inc_mus_lex_bb_optN_r1.lp
Survey (6),2026,"survey:2026:ext_indep(1,5,s3)",9281235,98971955,100212496,1240541,0.13366119918308286,False,0.9573671137914062,False,True,"baseline=contestability_solve_evidence.jsonl#baseline:survey:2026; forced=contestability_solve_evidence.jsonl#challenge:survey:2026:ext_indep(1,5,s3); status=OPTIMUM FOUND; model.optimality_proven=true",False,OPTIMUM FOUND,"ext_indep(1,5,s3)",39,results/paper_aaai2027/frozen/results/final_mcs_experiments_er_sf_alpha001_nowrong_noweight_50rep_chunked/wc_sweep_bnlearn_survey_alpha001_nowrong_noweight_seed2026_2075_20260715_155405/rep1/lps/wc_inc_mus_lex_bb_optN_r1.lp
Survey (6),2026,"survey:2026:ext_indep(2,3,s1)",8171590,98971955,101924888,2952933,0.36136578071097547,False,0.8614748865365982,False,True,"baseline=contestability_solve_evidence.jsonl#baseline:survey:2026; forced=contestability_solve_evidence.jsonl#challenge:survey:2026:ext_indep(2,3,s1); status=OPTIMUM FOUND; model.optimality_proven=true",False,OPTIMUM FOUND,"ext_indep(2,3,s1)",41,results/paper_aaai2027/frozen/results/final_mcs_experiments_er_sf_alpha001_nowrong_noweight_50rep_chunked/wc_sweep_bnlearn_survey_alpha001_nowrong_noweight_seed2026_2075_20260715_155405/rep1/lps/wc_inc_mus_lex_bb_optN_r1.lp
Survey (6),2026,"survey:2026:ext_indep(2,3,s1y5)",6457082,98971955,100192428,1220473,0.18901308671625977,False,1.3340262547135353,False,True,"baseline=contestability_solve_evidence.jsonl#baseline:survey:2026; forced=contestability_solve_evidence.jsonl#challenge:survey:2026:ext_indep(2,3,s1y5); status=OPTIMUM FOUND; model.optimality_proven=true",False,OPTIMUM FOUND,"ext_indep(2,3,s1y5)",42,results/paper_aaai2027/frozen/results/final_mcs_experiments_er_sf_alpha001_nowrong_noweight_50rep_chunked/wc_sweep_bnlearn_survey_alpha001_nowrong_noweight_seed2026_2075_20260715_155405/rep1/lps/wc_inc_mus_lex_bb_optN_r1.lp
Survey (6),2026,"survey:2026:ext_dep(3,5,empty)",9999999,98971955,100192428,1220473,0.12204731220473122,False,2.527323856949806,False,True,"baseline=contestability_solve_evidence.jsonl#baseline:survey:2026; forced=contestability_solve_evidence.jsonl#challenge:survey:2026:ext_dep(3,5,empty); status=OPTIMUM FOUND; model.optimality_proven=true",False,OPTIMUM FOUND,"ext_dep(3,5,empty)",49,results/paper_aaai2027/frozen/results/final_mcs_experiments_er_sf_alpha001_nowrong_noweight_50rep_chunked/wc_sweep_bnlearn_survey_alpha001_nowrong_noweight_seed2026_2075_20260715_155405/rep1/lps/wc_inc_mus_lex_bb_optN_r1.lp
Survey (6),2026,"survey:2026:ext_dep(3,5,s2)",9999999,98971955,100192428,1220473,0.12204731220473122,False,2.1505398424342275,False,True,"baseline=contestability_solve_evidence.jsonl#baseline:survey:2026; forced=contestability_solve_evidence.jsonl#challenge:survey:2026:ext_dep(3,5,s2); status=OPTIMUM FOUND; model.optimality_proven=true",False,OPTIMUM FOUND,"ext_dep(3,5,s2)",51,results/paper_aaai2027/frozen/results/final_mcs_experiments_er_sf_alpha001_nowrong_noweight_50rep_chunked/wc_sweep_bnlearn_survey_alpha001_nowrong_noweight_seed2026_2075_20260715_155405/rep1/lps/wc_inc_mus_lex_bb_optN_r1.lp
Survey (6),2027,"survey:2027:ext_indep(0,2,s5)",5733245,25993406,29621425,3628019,0.6328037612207398,False,0.03714959975332022,False,True,"baseline=contestability_solve_evidence.jsonl#baseline:survey:2027; forced=contestability_solve_evidence.jsonl#challenge:survey:2027:ext_indep(0,2,s5); status=OPTIMUM FOUND; model.optimality_proven=true",False,OPTIMUM FOUND,"ext_indep(0,2,s5)",7,results/paper_aaai2027/frozen/results/final_mcs_experiments_er_sf_alpha001_nowrong_noweight_50rep_chunked/wc_sweep_bnlearn_survey_alpha001_nowrong_noweight_seed2026_2075_20260715_155405/rep2/lps/wc_inc_mus_lex_bb_optN_r2.lp
Survey (6),2027,"survey:2027:ext_indep(2,3,empty)",6569973,25993406,29621425,3628019,0.5522121628201516,False,0.02873295545578003,False,True,"baseline=contestability_solve_evidence.jsonl#baseline:survey:2027; forced=contestability_solve_evidence.jsonl#challenge:survey:2027:ext_indep(2,3,empty); status=OPTIMUM FOUND; model.optimality_proven=true",False,OPTIMUM FOUND,"ext_indep(2,3,empty)",23,results/paper_aaai2027/frozen/results/final_mcs_experiments_er_sf_alpha001_nowrong_noweight_50rep_chunked/wc_sweep_bnlearn_survey_alpha001_nowrong_noweight_seed2026_2075_20260715_155405/rep2/lps/wc_inc_mus_lex_bb_optN_r2.lp
Survey (6),2027,"survey:2027:ext_indep(2,4,empty)",8639440,25993406,29621425,3628019,0.41993682460900245,False,0.04132978804409504,False,True,"baseline=contestability_solve_evidence.jsonl#baseline:survey:2027; forced=contestability_solve_evidence.jsonl#challenge:survey:2027:ext_indep(2,4,empty); status=OPTIMUM FOUND; model.optimality_proven=true",False,OPTIMUM FOUND,"ext_indep(2,4,empty)",24,results/paper_aaai2027/frozen/results/final_mcs_experiments_er_sf_alpha001_nowrong_noweight_50rep_chunked/wc_sweep_bnlearn_survey_alpha001_nowrong_noweight_seed2026_2075_20260715_155405/rep2/lps/wc_inc_mus_lex_bb_optN_r2.lp
Survey (6),2027,"survey:2027:ext_indep(2,5,s0)",5050748,25993406,31820033,5826627,1.1536166524245517,False,0.04161511082202196,False,True,"baseline=contestability_solve_evidence.jsonl#baseline:survey:2027; forced=contestability_solve_evidence.jsonl#challenge:survey:2027:ext_indep(2,5,s0); status=OPTIMUM FOUND; model.optimality_proven=true",False,OPTIMUM FOUND,"ext_indep(2,5,s0)",27,results/paper_aaai2027/frozen/results/final_mcs_experiments_er_sf_alpha001_nowrong_noweight_50rep_chunked/wc_sweep_bnlearn_survey_alpha001_nowrong_noweight_seed2026_2075_20260715_155405/rep2/lps/wc_inc_mus_lex_bb_optN_r2.lp
Survey (6),2028,"survey:2028:ext_indep(0,2,empty)",7121241,92528865,97912591,5383726,0.7560095213741538,False,0.4817465580999851,False,True,"baseline=contestability_solve_evidence.jsonl#baseline:survey:2028; forced=contestability_solve_evidence.jsonl#challenge:survey:2028:ext_indep(0,2,empty); status=OPTIMUM FOUND; model.optimality_proven=true",False,OPTIMUM FOUND,"ext_indep(0,2,empty)",8,results/paper_aaai2027/frozen/results/final_mcs_experiments_er_sf_alpha001_nowrong_noweight_50rep_chunked/wc_sweep_bnlearn_survey_alpha001_nowrong_noweight_seed2026_2075_20260715_155405/rep3/lps/wc_inc_mus_lex_bb_optN_r3.lp
Survey (6),2028,"survey:2028:ext_indep(0,2,s5)",8349580,92528865,97912591,5383726,0.6447900373431957,False,0.8847666848450899,False,True,"baseline=contestability_solve_evidence.jsonl#baseline:survey:2028; forced=contestability_solve_evidence.jsonl#challenge:survey:2028:ext_indep(0,2,s5); status=OPTIMUM FOUND; model.optimality_proven=true",False,OPTIMUM FOUND,"ext_indep(0,2,s5)",11,results/paper_aaai2027/frozen/results/final_mcs_experiments_er_sf_alpha001_nowrong_noweight_50rep_chunked/wc_sweep_bnlearn_survey_alpha001_nowrong_noweight_seed2026_2075_20260715_155405/rep3/lps/wc_inc_mus_lex_bb_optN_r3.lp
Survey (6),2028,"survey:2028:ext_indep(0,3,empty)",9816530,92528865,103181615,10652750,1.0851848871240652,False,0.5782931810244918,False,True,"baseline=contestability_solve_evidence.jsonl#baseline:survey:2028; forced=contestability_solve_evidence.jsonl#challenge:survey:2028:ext_indep(0,3,empty); status=OPTIMUM FOUND; model.optimality_proven=true",False,OPTIMUM FOUND,"ext_indep(0,3,empty)",12,results/paper_aaai2027/frozen/results/final_mcs_experiments_er_sf_alpha001_nowrong_noweight_50rep_chunked/wc_sweep_bnlearn_survey_alpha001_nowrong_noweight_seed2026_2075_20260715_155405/rep3/lps/wc_inc_mus_lex_bb_optN_r3.lp
Survey (6),2028,"survey:2028:ext_dep(1,3,s0)",6824247,92528865,97912591,5383726,0.7889113626748856,False,1.6624707905575633,False,True,"baseline=contestability_solve_evidence.jsonl#baseline:survey:2028; forced=contestability_solve_evidence.jsonl#challenge:survey:2028:ext_dep(1,3,s0); status=OPTIMUM FOUND; model.optimality_proven=true",False,OPTIMUM FOUND,"ext_dep(1,3,s0)",25,results/paper_aaai2027/frozen/results/final_mcs_experiments_er_sf_alpha001_nowrong_noweight_50rep_chunked/wc_sweep_bnlearn_survey_alpha001_nowrong_noweight_seed2026_2075_20260715_155405/rep3/lps/wc_inc_mus_lex_bb_optN_r3.lp
Survey (6),2028,"survey:2028:ext_indep(1,5,s2y3)",5808745,92528865,103181615,10652750,1.833915931926776,False,0.9889669539406896,False,True,"baseline=contestability_solve_evidence.jsonl#baseline:survey:2028; forced=contestability_solve_evidence.jsonl#challenge:survey:2028:ext_indep(1,5,s2y3); status=OPTIMUM FOUND; model.optimality_proven=true",False,OPTIMUM FOUND,"ext_indep(1,5,s2y3)",43,results/paper_aaai2027/frozen/results/final_mcs_experiments_er_sf_alpha001_nowrong_noweight_50rep_chunked/wc_sweep_bnlearn_survey_alpha001_nowrong_noweight_seed2026_2075_20260715_155405/rep3/lps/wc_inc_mus_lex_bb_optN_r3.lp
Survey (6),2028,"survey:2028:ext_indep(1,5,s3)",5431302,92528865,104714177,12185312,2.243534239119828,False,0.7441838216036558,False,True,"baseline=contestability_solve_evidence.jsonl#baseline:survey:2028; forced=contestability_solve_evidence.jsonl#challenge:survey:2028:ext_indep(1,5,s3); status=OPTIMUM FOUND; model.optimality_proven=true",False,OPTIMUM FOUND,"ext_indep(1,5,s3)",48,results/paper_aaai2027/frozen/results/final_mcs_experiments_er_sf_alpha001_nowrong_noweight_50rep_chunked/wc_sweep_bnlearn_survey_alpha001_nowrong_noweight_seed2026_2075_20260715_155405/rep3/lps/wc_inc_mus_lex_bb_optN_r3.lp
Survey (6),2028,"survey:2028:ext_indep(2,3,empty)",7335797,92528865,101565646,9036781,1.2318744643560884,False,0.599423605017364,False,True,"baseline=contestability_solve_evidence.jsonl#baseline:survey:2028; forced=contestability_solve_evidence.jsonl#challenge:survey:2028:ext_indep(2,3,empty); status=OPTIMUM FOUND; model.optimality_proven=true",False,OPTIMUM FOUND,"ext_indep(2,3,empty)",49,results/paper_aaai2027/frozen/results/final_mcs_experiments_er_sf_alpha001_nowrong_noweight_50rep_chunked/wc_sweep_bnlearn_survey_alpha001_nowrong_noweight_seed2026_2075_20260715_155405/rep3/lps/wc_inc_mus_lex_bb_optN_r3.lp
Survey (6),2028,"survey:2028:ext_indep(2,3,s5)",7531386,92528865,97912591,5383726,0.7148386764401665,False,0.8402458187192678,False,True,"baseline=contestability_solve_evidence.jsonl#baseline:survey:2028; forced=contestability_solve_evidence.jsonl#challenge:survey:2028:ext_indep(2,3,s5); status=OPTIMUM FOUND; model.optimality_proven=true",False,OPTIMUM FOUND,"ext_indep(2,3,s5)",51,results/paper_aaai2027/frozen/results/final_mcs_experiments_er_sf_alpha001_nowrong_noweight_50rep_chunked/wc_sweep_bnlearn_survey_alpha001_nowrong_noweight_seed2026_2075_20260715_155405/rep3/lps/wc_inc_mus_lex_bb_optN_r3.lp
Survey (6),2028,"survey:2028:ext_indep(2,4,empty)",8678495,92528865,97912591,5383726,0.6203524919931394,False,0.5123128946870565,False,True,"baseline=contestability_solve_evidence.jsonl#baseline:survey:2028; forced=contestability_solve_evidence.jsonl#challenge:survey:2028:ext_indep(2,4,empty); status=OPTIMUM FOUND; model.optimality_proven=true",False,OPTIMUM FOUND,"ext_indep(2,4,empty)",53,results/paper_aaai2027/frozen/results/final_mcs_experiments_er_sf_alpha001_nowrong_noweight_50rep_chunked/wc_sweep_bnlearn_survey_alpha001_nowrong_noweight_seed2026_2075_20260715_155405/rep3/lps/wc_inc_mus_lex_bb_optN_r3.lp
Survey (6),2028,"survey:2028:ext_indep(2,4,s5)",5635508,92528865,97912591,5383726,0.9553222176243916,False,0.8242453932762146,False,True,"baseline=contestability_solve_evidence.jsonl#baseline:survey:2028; forced=contestability_solve_evidence.jsonl#challenge:survey:2028:ext_indep(2,4,s5); status=OPTIMUM FOUND; model.optimality_proven=true",False,OPTIMUM FOUND,"ext_indep(2,4,s5)",56,results/paper_aaai2027/frozen/results/final_mcs_experiments_er_sf_alpha001_nowrong_noweight_50rep_chunked/wc_sweep_bnlearn_survey_alpha001_nowrong_noweight_seed2026_2075_20260715_155405/rep3/lps/wc_inc_mus_lex_bb_optN_r3.lp
Survey (6),2028,"survey:2028:ext_dep(2,5,empty)",9999519,92528865,97912591,5383726,0.5383984969677041,False,1.5548806143924594,False,True,"baseline=contestability_solve_evidence.jsonl#baseline:survey:2028; forced=contestability_solve_evidence.jsonl#challenge:survey:2028:ext_dep(2,5,empty); status=OPTIMUM FOUND; model.optimality_proven=true",False,OPTIMUM FOUND,"ext_dep(2,5,empty)",57,results/paper_aaai2027/frozen/results/final_mcs_experiments_er_sf_alpha001_nowrong_noweight_50rep_chunked/wc_sweep_bnlearn_survey_alpha001_nowrong_noweight_seed2026_2075_20260715_155405/rep3/lps/wc_inc_mus_lex_bb_optN_r3.lp
Survey (6),2028,"survey:2028:ext_dep(2,5,s1)",9996515,92528865,97912591,5383726,0.5385602882604588,False,1.5115995146334171,False,True,"baseline=contestability_solve_evidence.jsonl#baseline:survey:2028; forced=contestability_solve_evidence.jsonl#challenge:survey:2028:ext_dep(2,5,s1); status=OPTIMUM FOUND; model.optimality_proven=true",False,OPTIMUM FOUND,"ext_dep(2,5,s1)",58,results/paper_aaai2027/frozen/results/final_mcs_experiments_er_sf_alpha001_nowrong_noweight_50rep_chunked/wc_sweep_bnlearn_survey_alpha001_nowrong_noweight_seed2026_2075_20260715_155405/rep3/lps/wc_inc_mus_lex_bb_optN_r3.lp
Survey (6),2029,"survey:2029:ext_indep(0,2,s1)",5059497,93153307,104172833,11019526,2.1779884443058273,False,1.4603906283155084,False,True,"baseline=contestability_solve_evidence.jsonl#baseline:survey:2029; forced=contestability_solve_evidence.jsonl#challenge:survey:2029:ext_indep(0,2,s1); status=OPTIMUM FOUND; model.optimality_proven=true",False,OPTIMUM FOUND,"ext_indep(0,2,s1)",7,results/paper_aaai2027/frozen/results/final_mcs_experiments_er_sf_alpha001_nowrong_noweight_50rep_chunked/wc_sweep_bnlearn_survey_alpha001_nowrong_noweight_seed2026_2075_20260715_155405/rep4/lps/wc_inc_mus_lex_bb_optN_r4.lp
Survey (6),2029,"survey:2029:ext_indep(0,2,s1y5)",6782960,93153307,103150876,9997569,1.4739242159765058,False,1.5461839996278286,False,True,"baseline=contestability_solve_evidence.jsonl#baseline:survey:2029; forced=contestability_solve_evidence.jsonl#challenge:survey:2029:ext_indep(0,2,s1y5); status=OPTIMUM FOUND; model.optimality_proven=true",False,OPTIMUM FOUND,"ext_indep(0,2,s1y5)",8,results/paper_aaai2027/frozen/results/final_mcs_experiments_er_sf_alpha001_nowrong_noweight_50rep_chunked/wc_sweep_bnlearn_survey_alpha001_nowrong_noweight_seed2026_2075_20260715_155405/rep4/lps/wc_inc_mus_lex_bb_optN_r4.lp
Survey (6),2029,"survey:2029:ext_indep(0,3,s1)",8963708,93153307,97855942,4702635,0.5246305435206056,False,0.9574578488245606,False,True,"baseline=contestability_solve_evidence.jsonl#baseline:survey:2029; forced=contestability_solve_evidence.jsonl#challenge:survey:2029:ext_indep(0,3,s1); status=OPTIMUM FOUND; model.optimality_proven=true",False,OPTIMUM FOUND,"ext_indep(0,3,s1)",11,results/paper_aaai2027/frozen/results/final_mcs_experiments_er_sf_alpha001_nowrong_noweight_50rep_chunked/wc_sweep_bnlearn_survey_alpha001_nowrong_noweight_seed2026_2075_20260715_155405/rep4/lps/wc_inc_mus_lex_bb_optN_r4.lp
Survey (6),2029,"survey:2029:ext_indep(0,3,s1y5)",9065828,93153307,97624076,4470769,0.49314513798408705,False,1.4340314473956823,False,True,"baseline=contestability_solve_evidence.jsonl#baseline:survey:2029; forced=contestability_solve_evidence.jsonl#challenge:survey:2029:ext_indep(0,3,s1y5); status=OPTIMUM FOUND; model.optimality_proven=true",False,OPTIMUM FOUND,"ext_indep(0,3,s1y5)",12,results/paper_aaai2027/frozen/results/final_mcs_experiments_er_sf_alpha001_nowrong_noweight_50rep_chunked/wc_sweep_bnlearn_survey_alpha001_nowrong_noweight_seed2026_2075_20260715_155405/rep4/lps/wc_inc_mus_lex_bb_optN_r4.lp
Survey (6),2029,"survey:2029:ext_indep(1,4,s2)",5043201,93153307,94745578,1592271,0.3157262619514868,False,0.6005161525681615,False,True,"baseline=contestability_solve_evidence.jsonl#baseline:survey:2029; forced=contestability_solve_evidence.jsonl#challenge:survey:2029:ext_indep(1,4,s2); status=OPTIMUM FOUND; model.optimality_proven=true",False,OPTIMUM FOUND,"ext_indep(1,4,s2)",30,results/paper_aaai2027/frozen/results/final_mcs_experiments_er_sf_alpha001_nowrong_noweight_50rep_chunked/wc_sweep_bnlearn_survey_alpha001_nowrong_noweight_seed2026_2075_20260715_155405/rep4/lps/wc_inc_mus_lex_bb_optN_r4.lp
Survey (6),2029,"survey:2029:ext_indep(1,5,empty)",6735401,93153307,98140525,4987218,0.7404485642354479,False,0.5804728390648961,False,True,"baseline=contestability_solve_evidence.jsonl#baseline:survey:2029; forced=contestability_solve_evidence.jsonl#challenge:survey:2029:ext_indep(1,5,empty); status=OPTIMUM FOUND; model.optimality_proven=true",False,OPTIMUM FOUND,"ext_indep(1,5,empty)",32,results/paper_aaai2027/frozen/results/final_mcs_experiments_er_sf_alpha001_nowrong_noweight_50rep_chunked/wc_sweep_bnlearn_survey_alpha001_nowrong_noweight_seed2026_2075_20260715_155405/rep4/lps/wc_inc_mus_lex_bb_optN_r4.lp
Survey (6),2029,"survey:2029:ext_indep(1,5,s2)",7457441,93153307,93745692,592385,0.07943542563729301,False,0.8367085866630077,False,True,"baseline=contestability_solve_evidence.jsonl#baseline:survey:2029; forced=contestability_solve_evidence.jsonl#challenge:survey:2029:ext_indep(1,5,s2); status=OPTIMUM FOUND; model.optimality_proven=true",False,OPTIMUM FOUND,"ext_indep(1,5,s2)",33,results/paper_aaai2027/frozen/results/final_mcs_experiments_er_sf_alpha001_nowrong_noweight_50rep_chunked/wc_sweep_bnlearn_survey_alpha001_nowrong_noweight_seed2026_2075_20260715_155405/rep4/lps/wc_inc_mus_lex_bb_optN_r4.lp
Survey (6),2029,"survey:2029:ext_indep(1,5,s0y2)",6876789,93153307,93745692,592385,0.08614267501882056,False,1.030790537595749,False,True,"baseline=contestability_solve_evidence.jsonl#baseline:survey:2029; forced=contestability_solve_evidence.jsonl#challenge:survey:2029:ext_indep(1,5,s0y2); status=OPTIMUM FOUND; model.optimality_proven=true",False,OPTIMUM FOUND,"ext_indep(1,5,s0y2)",36,results/paper_aaai2027/frozen/results/final_mcs_experiments_er_sf_alpha001_nowrong_noweight_50rep_chunked/wc_sweep_bnlearn_survey_alpha001_nowrong_noweight_seed2026_2075_20260715_155405/rep4/lps/wc_inc_mus_lex_bb_optN_r4.lp
Survey (6),2029,"survey:2029:ext_indep(1,5,s0y3)",5681697,93153307,96983175,3829868,0.6740711445893718,False,1.176956637762487,False,True,"baseline=contestability_solve_evidence.jsonl#baseline:survey:2029; forced=contestability_solve_evidence.jsonl#challenge:survey:2029:ext_indep(1,5,s0y3); status=OPTIMUM FOUND; model.optimality_proven=true",False,OPTIMUM FOUND,"ext_indep(1,5,s0y3)",37,results/paper_aaai2027/frozen/results/final_mcs_experiments_er_sf_alpha001_nowrong_noweight_50rep_chunked/wc_sweep_bnlearn_survey_alpha001_nowrong_noweight_seed2026_2075_20260715_155405/rep4/lps/wc_inc_mus_lex_bb_optN_r4.lp
Survey (6),2029,"survey:2029:ext_indep(1,5,s0)",5594073,93153307,98140525,4987218,0.8915182193725395,False,0.9386454271152616,False,True,"baseline=contestability_solve_evidence.jsonl#baseline:survey:2029; forced=contestability_solve_evidence.jsonl#challenge:survey:2029:ext_indep(1,5,s0); status=OPTIMUM FOUND; model.optimality_proven=true",False,OPTIMUM FOUND,"ext_indep(1,5,s0)",38,results/paper_aaai2027/frozen/results/final_mcs_experiments_er_sf_alpha001_nowrong_noweight_50rep_chunked/wc_sweep_bnlearn_survey_alpha001_nowrong_noweight_seed2026_2075_20260715_155405/rep4/lps/wc_inc_mus_lex_bb_optN_r4.lp
Survey (6),2029,"survey:2029:ext_indep(1,5,s3)",5414801,93153307,96983175,3829868,0.7072961684095131,False,0.6739980904385448,False,True,"baseline=contestability_solve_evidence.jsonl#baseline:survey:2029; forced=contestability_solve_evidence.jsonl#challenge:survey:2029:ext_indep(1,5,s3); status=OPTIMUM FOUND; model.optimality_proven=true",False,OPTIMUM FOUND,"ext_indep(1,5,s3)",39,results/paper_aaai2027/frozen/results/final_mcs_experiments_er_sf_alpha001_nowrong_noweight_50rep_chunked/wc_sweep_bnlearn_survey_alpha001_nowrong_noweight_seed2026_2075_20260715_155405/rep4/lps/wc_inc_mus_lex_bb_optN_r4.lp
Survey (6),2029,"survey:2029:ext_indep(2,3,s1)",9819880,93153307,97855942,4702635,0.4788892532291637,False,0.9524349328130484,False,True,"baseline=contestability_solve_evidence.jsonl#baseline:survey:2029; forced=contestability_solve_evidence.jsonl#challenge:survey:2029:ext_indep(2,3,s1); status=OPTIMUM FOUND; model.optimality_proven=true",False,OPTIMUM FOUND,"ext_indep(2,3,s1)",41,results/paper_aaai2027/frozen/results/final_mcs_experiments_er_sf_alpha001_nowrong_noweight_50rep_chunked/wc_sweep_bnlearn_survey_alpha001_nowrong_noweight_seed2026_2075_20260715_155405/rep4/lps/wc_inc_mus_lex_bb_optN_r4.lp
Survey (6),2029,"survey:2029:ext_indep(2,3,s1y5)",5584648,93153307,97624076,4470769,0.8005462474984995,False,1.3104837657883763,False,True,"baseline=contestability_solve_evidence.jsonl#baseline:survey:2029; forced=contestability_solve_evidence.jsonl#challenge:survey:2029:ext_indep(2,3,s1y5); status=OPTIMUM FOUND; model.optimality_proven=true",False,OPTIMUM FOUND,"ext_indep(2,3,s1y5)",42,results/paper_aaai2027/frozen/results/final_mcs_experiments_er_sf_alpha001_nowrong_noweight_50rep_chunked/wc_sweep_bnlearn_survey_alpha001_nowrong_noweight_seed2026_2075_20260715_155405/rep4/lps/wc_inc_mus_lex_bb_optN_r4.lp
Survey (6),2029,"survey:2029:ext_indep(2,3,s5)",5073383,93153307,93745692,592385,0.11676331158124667,False,0.7913248334079981,False,True,"baseline=contestability_solve_evidence.jsonl#baseline:survey:2029; forced=contestability_solve_evidence.jsonl#challenge:survey:2029:ext_indep(2,3,s5); status=OPTIMUM FOUND; model.optimality_proven=true",False,OPTIMUM FOUND,"ext_indep(2,3,s5)",43,results/paper_aaai2027/frozen/results/final_mcs_experiments_er_sf_alpha001_nowrong_noweight_50rep_chunked/wc_sweep_bnlearn_survey_alpha001_nowrong_noweight_seed2026_2075_20260715_155405/rep4/lps/wc_inc_mus_lex_bb_optN_r4.lp
Survey (6),2030,"survey:2030:ext_indep(0,3,empty)",5828832,103767806,106555447,2787641,0.47825035959176726,False,0.4867737200111151,False,True,"baseline=contestability_solve_evidence.jsonl#baseline:survey:2030; forced=contestability_solve_evidence.jsonl#challenge:survey:2030:ext_indep(0,3,empty); status=OPTIMUM FOUND; model.optimality_proven=true",False,OPTIMUM FOUND,"ext_indep(0,3,empty)",13,results/paper_aaai2027/frozen/results/final_mcs_experiments_er_sf_alpha001_nowrong_noweight_50rep_chunked/wc_sweep_bnlearn_survey_alpha001_nowrong_noweight_seed2026_2075_20260715_155405/rep5/lps/wc_inc_mus_lex_bb_optN_r5.lp
Survey (6),2030,"survey:2030:ext_indep(0,4,s1)",5060463,103767806,108163273,4395467,0.8685898898974264,False,1.0466343685984612,False,True,"baseline=contestability_solve_evidence.jsonl#baseline:survey:2030; forced=contestability_solve_evidence.jsonl#challenge:survey:2030:ext_indep(0,4,s1); status=OPTIMUM FOUND; model.optimality_proven=true",False,OPTIMUM FOUND,"ext_indep(0,4,s1)",15,results/paper_aaai2027/frozen/results/final_mcs_experiments_er_sf_alpha001_nowrong_noweight_50rep_chunked/wc_sweep_bnlearn_survey_alpha001_nowrong_noweight_seed2026_2075_20260715_155405/rep5/lps/wc_inc_mus_lex_bb_optN_r5.lp
Survey (6),2030,"survey:2030:ext_dep(1,2,empty)",9995896,103767806,104307924,540118,0.05403397554356308,False,1.5217431373894215,False,True,"baseline=contestability_solve_evidence.jsonl#baseline:survey:2030; forced=contestability_solve_evidence.jsonl#challenge:survey:2030:ext_dep(1,2,empty); status=OPTIMUM FOUND; model.optimality_proven=true",False,OPTIMUM FOUND,"ext_dep(1,2,empty)",17,results/paper_aaai2027/frozen/results/final_mcs_experiments_er_sf_alpha001_nowrong_noweight_50rep_chunked/wc_sweep_bnlearn_survey_alpha001_nowrong_noweight_seed2026_2075_20260715_155405/rep5/lps/wc_inc_mus_lex_bb_optN_r5.lp
Survey (6),2030,"survey:2030:ext_dep(1,2,s0)",9779713,103767806,104307924,540118,0.05522841007706463,False,1.7067089471966028,False,True,"baseline=contestability_solve_evidence.jsonl#baseline:survey:2030; forced=contestability_solve_evidence.jsonl#challenge:survey:2030:ext_dep(1,2,s0); status=OPTIMUM FOUND; model.optimality_proven=true",False,OPTIMUM FOUND,"ext_dep(1,2,s0)",18,results/paper_aaai2027/frozen/results/final_mcs_experiments_er_sf_alpha001_nowrong_noweight_50rep_chunked/wc_sweep_bnlearn_survey_alpha001_nowrong_noweight_seed2026_2075_20260715_155405/rep5/lps/wc_inc_mus_lex_bb_optN_r5.lp
Survey (6),2030,"survey:2030:ext_dep(1,2,s4)",9981671,103767806,104307924,540118,0.05411098001526999,False,1.6365816351026297,False,True,"baseline=contestability_solve_evidence.jsonl#baseline:survey:2030; forced=contestability_solve_evidence.jsonl#challenge:survey:2030:ext_dep(1,2,s4); status=OPTIMUM FOUND; model.optimality_proven=true",False,OPTIMUM FOUND,"ext_dep(1,2,s4)",20,results/paper_aaai2027/frozen/results/final_mcs_experiments_er_sf_alpha001_nowrong_noweight_50rep_chunked/wc_sweep_bnlearn_survey_alpha001_nowrong_noweight_seed2026_2075_20260715_155405/rep5/lps/wc_inc_mus_lex_bb_optN_r5.lp
Survey (6),2030,"survey:2030:ext_dep(1,2,s5)",9995225,103767806,104307924,540118,0.054037602955411206,False,1.5351875079795718,False,True,"baseline=contestability_solve_evidence.jsonl#baseline:survey:2030; forced=contestability_solve_evidence.jsonl#challenge:survey:2030:ext_dep(1,2,s5); status=OPTIMUM FOUND; model.optimality_proven=true",False,OPTIMUM FOUND,"ext_dep(1,2,s5)",21,results/paper_aaai2027/frozen/results/final_mcs_experiments_er_sf_alpha001_nowrong_noweight_50rep_chunked/wc_sweep_bnlearn_survey_alpha001_nowrong_noweight_seed2026_2075_20260715_155405/rep5/lps/wc_inc_mus_lex_bb_optN_r5.lp
Survey (6),2030,"survey:2030:ext_dep(1,2,s0y4)",9201101,103767806,104307924,540118,0.0587014532282604,False,1.9107828550040722,False,True,"baseline=contestability_solve_evidence.jsonl#baseline:survey:2030; forced=contestability_solve_evidence.jsonl#challenge:survey:2030:ext_dep(1,2,s0y4); status=OPTIMUM FOUND; model.optimality_proven=true",False,OPTIMUM FOUND,"ext_dep(1,2,s0y4)",23,results/paper_aaai2027/frozen/results/final_mcs_experiments_er_sf_alpha001_nowrong_noweight_50rep_chunked/wc_sweep_bnlearn_survey_alpha001_nowrong_noweight_seed2026_2075_20260715_155405/rep5/lps/wc_inc_mus_lex_bb_optN_r5.lp
Survey (6),2030,"survey:2030:ext_indep(1,3,s0y2y4)",5015172,103767806,107679648,3911842,0.7800015632564546,False,0.8860760843381286,False,True,"baseline=contestability_solve_evidence.jsonl#baseline:survey:2030; forced=contestability_solve_evidence.jsonl#challenge:survey:2030:ext_indep(1,3,s0y2y4); status=OPTIMUM FOUND; model.optimality_proven=true",False,OPTIMUM FOUND,"ext_indep(1,3,s0y2y4)",34,results/paper_aaai2027/frozen/results/final_mcs_experiments_er_sf_alpha001_nowrong_noweight_50rep_chunked/wc_sweep_bnlearn_survey_alpha001_nowrong_noweight_seed2026_2075_20260715_155405/rep5/lps/wc_inc_mus_lex_bb_optN_r5.lp
Survey (6),2030,"survey:2030:ext_indep(1,5,s2y3)",6516080,103767806,115654188,11886382,1.8241614590367214,False,1.0723026068881154,False,True,"baseline=contestability_solve_evidence.jsonl#baseline:survey:2030; forced=contestability_solve_evidence.jsonl#challenge:survey:2030:ext_indep(1,5,s2y3); status=OPTIMUM FOUND; model.optimality_proven=true",False,OPTIMUM FOUND,"ext_indep(1,5,s2y3)",47,results/paper_aaai2027/frozen/results/final_mcs_experiments_er_sf_alpha001_nowrong_noweight_50rep_chunked/wc_sweep_bnlearn_survey_alpha001_nowrong_noweight_seed2026_2075_20260715_155405/rep5/lps/wc_inc_mus_lex_bb_optN_r5.lp
Survey (6),2030,"survey:2030:ext_indep(1,5,s3)",8888974,103767806,106555447,2787641,0.31360660971671195,False,0.6434984719380736,False,True,"baseline=contestability_solve_evidence.jsonl#baseline:survey:2030; forced=contestability_solve_evidence.jsonl#challenge:survey:2030:ext_indep(1,5,s3); status=OPTIMUM FOUND; model.optimality_proven=true",False,OPTIMUM FOUND,"ext_indep(1,5,s3)",52,results/paper_aaai2027/frozen/results/final_mcs_experiments_er_sf_alpha001_nowrong_noweight_50rep_chunked/wc_sweep_bnlearn_survey_alpha001_nowrong_noweight_seed2026_2075_20260715_155405/rep5/lps/wc_inc_mus_lex_bb_optN_r5.lp
Survey (6),2030,"survey:2030:ext_indep(2,3,empty)",7778389,103767806,120343087,16575281,2.130940095693337,False,0.6995903523638844,False,True,"baseline=contestability_solve_evidence.jsonl#baseline:survey:2030; forced=contestability_solve_evidence.jsonl#challenge:survey:2030:ext_indep(2,3,empty); status=OPTIMUM FOUND; model.optimality_proven=true",False,OPTIMUM FOUND,"ext_indep(2,3,empty)",53,results/paper_aaai2027/frozen/results/final_mcs_experiments_er_sf_alpha001_nowrong_noweight_50rep_chunked/wc_sweep_bnlearn_survey_alpha001_nowrong_noweight_seed2026_2075_20260715_155405/rep5/lps/wc_inc_mus_lex_bb_optN_r5.lp
Survey (6),2030,"survey:2030:ext_indep(2,3,s1)",8339222,103767806,104307924,540118,0.0647683920634323,False,0.7731451094150543,False,True,"baseline=contestability_solve_evidence.jsonl#baseline:survey:2030; forced=contestability_solve_evidence.jsonl#challenge:survey:2030:ext_indep(2,3,s1); status=OPTIMUM FOUND; model.optimality_proven=true",False,OPTIMUM FOUND,"ext_indep(2,3,s1)",56,results/paper_aaai2027/frozen/results/final_mcs_experiments_er_sf_alpha001_nowrong_noweight_50rep_chunked/wc_sweep_bnlearn_survey_alpha001_nowrong_noweight_seed2026_2075_20260715_155405/rep5/lps/wc_inc_mus_lex_bb_optN_r5.lp
Survey (6),2030,"survey:2030:ext_indep(3,4,empty)",7387068,103767806,106555447,2787641,0.37736771882971704,False,0.47609761357307434,False,True,"baseline=contestability_solve_evidence.jsonl#baseline:survey:2030; forced=contestability_solve_evidence.jsonl#challenge:survey:2030:ext_indep(3,4,empty); status=OPTIMUM FOUND; model.optimality_proven=true",False,OPTIMUM FOUND,"ext_indep(3,4,empty)",64,results/paper_aaai2027/frozen/results/final_mcs_experiments_er_sf_alpha001_nowrong_noweight_50rep_chunked/wc_sweep_bnlearn_survey_alpha001_nowrong_noweight_seed2026_2075_20260715_155405/rep5/lps/wc_inc_mus_lex_bb_optN_r5.lp
Survey (6),2031,"survey:2031:ext_indep(0,2,s1)",5669398,69226092,74904583,5678491,1.0016038739915596,False,0.23422138579189777,False,True,"baseline=contestability_solve_evidence.jsonl#baseline:survey:2031; forced=contestability_solve_evidence.jsonl#challenge:survey:2031:ext_indep(0,2,s1); status=OPTIMUM FOUND; model.optimality_proven=true",False,OPTIMUM FOUND,"ext_indep(0,2,s1)",10,results/paper_aaai2027/frozen/results/final_mcs_experiments_er_sf_alpha001_nowrong_noweight_50rep_chunked/wc_sweep_bnlearn_survey_alpha001_nowrong_noweight_seed2026_2075_20260715_155405/rep6/lps/wc_inc_mus_lex_bb_optN_r6.lp
Survey (6),2031,"survey:2031:ext_indep(0,3,s1)",5237756,69226092,72757087,3530995,0.6741427053875744,False,0.18882190063595772,False,True,"baseline=contestability_solve_evidence.jsonl#baseline:survey:2031; forced=contestability_solve_evidence.jsonl#challenge:survey:2031:ext_indep(0,3,s1); status=OPTIMUM FOUND; model.optimality_proven=true",False,OPTIMUM FOUND,"ext_indep(0,3,s1)",12,results/paper_aaai2027/frozen/results/final_mcs_experiments_er_sf_alpha001_nowrong_noweight_50rep_chunked/wc_sweep_bnlearn_survey_alpha001_nowrong_noweight_seed2026_2075_20260715_155405/rep6/lps/wc_inc_mus_lex_bb_optN_r6.lp
Survey (6),2031,"survey:2031:ext_indep(0,3,s1y5)",5491248,69226092,72757087,3530995,0.6430223147816307,False,0.2256044801324606,False,True,"baseline=contestability_solve_evidence.jsonl#baseline:survey:2031; forced=contestability_solve_evidence.jsonl#challenge:survey:2031:ext_indep(0,3,s1y5); status=OPTIMUM FOUND; model.optimality_proven=true",False,OPTIMUM FOUND,"ext_indep(0,3,s1y5)",13,results/paper_aaai2027/frozen/results/final_mcs_experiments_er_sf_alpha001_nowrong_noweight_50rep_chunked/wc_sweep_bnlearn_survey_alpha001_nowrong_noweight_seed2026_2075_20260715_155405/rep6/lps/wc_inc_mus_lex_bb_optN_r6.lp
Survey (6),2031,"survey:2031:ext_indep(2,3,s1)",5043916,69226092,72757087,3530995,0.7000503180465337,False,0.2348182648420334,False,True,"baseline=contestability_solve_evidence.jsonl#baseline:survey:2031; forced=contestability_solve_evidence.jsonl#challenge:survey:2031:ext_indep(2,3,s1); status=OPTIMUM FOUND; model.optimality_proven=true",False,OPTIMUM FOUND,"ext_indep(2,3,s1)",60,results/paper_aaai2027/frozen/results/final_mcs_experiments_er_sf_alpha001_nowrong_noweight_50rep_chunked/wc_sweep_bnlearn_survey_alpha001_nowrong_noweight_seed2026_2075_20260715_155405/rep6/lps/wc_inc_mus_lex_bb_optN_r6.lp
Survey (6),2031,"survey:2031:ext_indep(2,3,s1y5)",5104020,69226092,72757087,3530995,0.6918066543626397,False,0.25731298699975014,False,True,"baseline=contestability_solve_evidence.jsonl#baseline:survey:2031; forced=contestability_solve_evidence.jsonl#challenge:survey:2031:ext_indep(2,3,s1y5); status=OPTIMUM FOUND; model.optimality_proven=true",False,OPTIMUM FOUND,"ext_indep(2,3,s1y5)",61,results/paper_aaai2027/frozen/results/final_mcs_experiments_er_sf_alpha001_nowrong_noweight_50rep_chunked/wc_sweep_bnlearn_survey_alpha001_nowrong_noweight_seed2026_2075_20260715_155405/rep6/lps/wc_inc_mus_lex_bb_optN_r6.lp
Survey (6),2031,"survey:2031:ext_indep(2,4,s1)",7892435,69226092,74904583,5678491,0.7194853045986441,False,0.2834471110254526,False,True,"baseline=contestability_solve_evidence.jsonl#baseline:survey:2031; forced=contestability_solve_evidence.jsonl#challenge:survey:2031:ext_indep(2,4,s1); status=OPTIMUM FOUND; model.optimality_proven=true",False,OPTIMUM FOUND,"ext_indep(2,4,s1)",64,results/paper_aaai2027/frozen/results/final_mcs_experiments_er_sf_alpha001_nowrong_noweight_50rep_chunked/wc_sweep_bnlearn_survey_alpha001_nowrong_noweight_seed2026_2075_20260715_155405/rep6/lps/wc_inc_mus_lex_bb_optN_r6.lp
Survey (6),2031,"survey:2031:ext_indep(3,4,s1)",6827309,69226092,72757087,3530995,0.5171869326553112,False,0.18133527040481567,False,True,"baseline=contestability_solve_evidence.jsonl#baseline:survey:2031; forced=contestability_solve_evidence.jsonl#challenge:survey:2031:ext_indep(3,4,s1); status=OPTIMUM FOUND; model.optimality_proven=true",False,OPTIMUM FOUND,"ext_indep(3,4,s1)",67,results/paper_aaai2027/frozen/results/final_mcs_experiments_er_sf_alpha001_nowrong_noweight_50rep_chunked/wc_sweep_bnlearn_survey_alpha001_nowrong_noweight_seed2026_2075_20260715_155405/rep6/lps/wc_inc_mus_lex_bb_optN_r6.lp
Survey (6),2031,"survey:2031:ext_indep(3,4,s1y5)",7960012,69226092,72757087,3530995,0.44359166795225935,False,0.22055734414607286,False,True,"baseline=contestability_solve_evidence.jsonl#baseline:survey:2031; forced=contestability_solve_evidence.jsonl#challenge:survey:2031:ext_indep(3,4,s1y5); status=OPTIMUM FOUND; model.optimality_proven=true",False,OPTIMUM FOUND,"ext_indep(3,4,s1y5)",68,results/paper_aaai2027/frozen/results/final_mcs_experiments_er_sf_alpha001_nowrong_noweight_50rep_chunked/wc_sweep_bnlearn_survey_alpha001_nowrong_noweight_seed2026_2075_20260715_155405/rep6/lps/wc_inc_mus_lex_bb_optN_r6.lp
Survey (6),2031,"survey:2031:ext_dep(3,5,empty)",9999999,69226092,103523785,34297693,3.4297696429769644,False,0.9439117489382625,False,True,"baseline=contestability_solve_evidence.jsonl#baseline:survey:2031; forced=contestability_solve_evidence.jsonl#challenge:survey:2031:ext_dep(3,5,empty); status=OPTIMUM FOUND; model.optimality_proven=true",False,OPTIMUM FOUND,"ext_dep(3,5,empty)",70,results/paper_aaai2027/frozen/results/final_mcs_experiments_er_sf_alpha001_nowrong_noweight_50rep_chunked/wc_sweep_bnlearn_survey_alpha001_nowrong_noweight_seed2026_2075_20260715_155405/rep6/lps/wc_inc_mus_lex_bb_optN_r6.lp
Survey (6),2031,"survey:2031:ext_dep(3,5,s1)",9999999,69226092,103523785,34297693,3.4297696429769644,False,1.0465715900063515,False,True,"baseline=contestability_solve_evidence.jsonl#baseline:survey:2031; forced=contestability_solve_evidence.jsonl#challenge:survey:2031:ext_dep(3,5,s1); status=OPTIMUM FOUND; model.optimality_proven=true",False,OPTIMUM FOUND,"ext_dep(3,5,s1)",71,results/paper_aaai2027/frozen/results/final_mcs_experiments_er_sf_alpha001_nowrong_noweight_50rep_chunked/wc_sweep_bnlearn_survey_alpha001_nowrong_noweight_seed2026_2075_20260715_155405/rep6/lps/wc_inc_mus_lex_bb_optN_r6.lp
Survey (6),2032,"survey:2032:ext_indep(0,2,empty)",5852683,62107397,68162953,6055556,1.0346632476079773,False,0.359981675632298,False,True,"baseline=contestability_solve_evidence.jsonl#baseline:survey:2032; forced=contestability_solve_evidence.jsonl#challenge:survey:2032:ext_indep(0,2,empty); status=OPTIMUM FOUND; model.optimality_proven=true",False,OPTIMUM FOUND,"ext_indep(0,2,empty)",8,results/paper_aaai2027/frozen/results/final_mcs_experiments_er_sf_alpha001_nowrong_noweight_50rep_chunked/wc_sweep_bnlearn_survey_alpha001_nowrong_noweight_seed2026_2075_20260715_155405/rep7/lps/wc_inc_mus_lex_bb_optN_r7.lp
Survey (6),2032,"survey:2032:ext_indep(0,3,s1)",9511654,62107397,65583442,3476045,0.3654511612806774,False,0.39278069138526917,False,True,"baseline=contestability_solve_evidence.jsonl#baseline:survey:2032; forced=contestability_solve_evidence.jsonl#challenge:survey:2032:ext_indep(0,3,s1); status=OPTIMUM FOUND; model.optimality_proven=true",False,OPTIMUM FOUND,"ext_indep(0,3,s1)",11,results/paper_aaai2027/frozen/results/final_mcs_experiments_er_sf_alpha001_nowrong_noweight_50rep_chunked/wc_sweep_bnlearn_survey_alpha001_nowrong_noweight_seed2026_2075_20260715_155405/rep7/lps/wc_inc_mus_lex_bb_optN_r7.lp
Survey (6),2032,"survey:2032:ext_indep(0,3,s1y5)",9017112,62107397,65583442,3476045,0.3854942691185382,False,0.5057671451941133,False,True,"baseline=contestability_solve_evidence.jsonl#baseline:survey:2032; forced=contestability_solve_evidence.jsonl#challenge:survey:2032:ext_indep(0,3,s1y5); status=OPTIMUM FOUND; model.optimality_proven=true",False,OPTIMUM FOUND,"ext_indep(0,3,s1y5)",12,results/paper_aaai2027/frozen/results/final_mcs_experiments_er_sf_alpha001_nowrong_noweight_50rep_chunked/wc_sweep_bnlearn_survey_alpha001_nowrong_noweight_seed2026_2075_20260715_155405/rep7/lps/wc_inc_mus_lex_bb_optN_r7.lp
Survey (6),2032,"survey:2032:ext_indep(1,5,s0y2)",5065228,62107397,71191938,9084541,1.7935107758229245,False,0.3459133990108967,False,True,"baseline=contestability_solve_evidence.jsonl#baseline:survey:2032; forced=contestability_solve_evidence.jsonl#challenge:survey:2032:ext_indep(1,5,s0y2); status=OPTIMUM FOUND; model.optimality_proven=true",False,OPTIMUM FOUND,"ext_indep(1,5,s0y2)",35,results/paper_aaai2027/frozen/results/final_mcs_experiments_er_sf_alpha001_nowrong_noweight_50rep_chunked/wc_sweep_bnlearn_survey_alpha001_nowrong_noweight_seed2026_2075_20260715_155405/rep7/lps/wc_inc_mus_lex_bb_optN_r7.lp
Survey (6),2032,"survey:2032:ext_indep(1,5,s0y2y3)",5414941,62107397,71191938,9084541,1.6776805139705124,False,0.5813387800008059,False,True,"baseline=contestability_solve_evidence.jsonl#baseline:survey:2032; forced=contestability_solve_evidence.jsonl#challenge:survey:2032:ext_indep(1,5,s0y2y3); status=OPTIMUM FOUND; model.optimality_proven=true",False,OPTIMUM FOUND,"ext_indep(1,5,s0y2y3)",38,results/paper_aaai2027/frozen/results/final_mcs_experiments_er_sf_alpha001_nowrong_noweight_50rep_chunked/wc_sweep_bnlearn_survey_alpha001_nowrong_noweight_seed2026_2075_20260715_155405/rep7/lps/wc_inc_mus_lex_bb_optN_r7.lp
Survey (6),2032,"survey:2032:ext_indep(2,3,empty)",8647650,62107397,68007635,5900238,0.6822938023624916,False,0.39109676983207464,False,True,"baseline=contestability_solve_evidence.jsonl#baseline:survey:2032; forced=contestability_solve_evidence.jsonl#challenge:survey:2032:ext_indep(2,3,empty); status=OPTIMUM FOUND; model.optimality_proven=true",False,OPTIMUM FOUND,"ext_indep(2,3,empty)",39,results/paper_aaai2027/frozen/results/final_mcs_experiments_er_sf_alpha001_nowrong_noweight_50rep_chunked/wc_sweep_bnlearn_survey_alpha001_nowrong_noweight_seed2026_2075_20260715_155405/rep7/lps/wc_inc_mus_lex_bb_optN_r7.lp
Survey (6),2032,"survey:2032:ext_indep(2,3,s5)",9783101,62107397,69735536,7628139,0.7797260807181691,False,0.37672728206962347,False,True,"baseline=contestability_solve_evidence.jsonl#baseline:survey:2032; forced=contestability_solve_evidence.jsonl#challenge:survey:2032:ext_indep(2,3,s5); status=OPTIMUM FOUND; model.optimality_proven=true",False,OPTIMUM FOUND,"ext_indep(2,3,s5)",42,results/paper_aaai2027/frozen/results/final_mcs_experiments_er_sf_alpha001_nowrong_noweight_50rep_chunked/wc_sweep_bnlearn_survey_alpha001_nowrong_noweight_seed2026_2075_20260715_155405/rep7/lps/wc_inc_mus_lex_bb_optN_r7.lp
Survey (6),2032,"survey:2032:ext_dep(2,5,s1)",8815028,62107397,68007635,5900238,0.6693385432241395,False,0.6735479328781366,False,True,"baseline=contestability_solve_evidence.jsonl#baseline:survey:2032; forced=contestability_solve_evidence.jsonl#challenge:survey:2032:ext_dep(2,5,s1); status=OPTIMUM FOUND; model.optimality_proven=true",False,OPTIMUM FOUND,"ext_dep(2,5,s1)",45,results/paper_aaai2027/frozen/results/final_mcs_experiments_er_sf_alpha001_nowrong_noweight_50rep_chunked/wc_sweep_bnlearn_survey_alpha001_nowrong_noweight_seed2026_2075_20260715_155405/rep7/lps/wc_inc_mus_lex_bb_optN_r7.lp
Survey (6),2033,"survey:2033:ext_indep(0,2,empty)",7315026,58675509,60841393,2165884,0.2960869858835772,False,0.0997491767629981,False,True,"baseline=contestability_solve_evidence.jsonl#baseline:survey:2033; forced=contestability_solve_evidence.jsonl#challenge:survey:2033:ext_indep(0,2,empty); status=OPTIMUM FOUND; model.optimality_proven=true",False,OPTIMUM FOUND,"ext_indep(0,2,empty)",5,results/paper_aaai2027/frozen/results/final_mcs_experiments_er_sf_alpha001_nowrong_noweight_50rep_chunked/wc_sweep_bnlearn_survey_alpha001_nowrong_noweight_seed2026_2075_20260715_155405/rep8/lps/wc_inc_mus_lex_bb_optN_r8.lp
Survey (6),2033,"survey:2033:ext_indep(0,2,s5)",7759194,58675509,60841393,2165884,0.2791377558029868,False,0.12484663538634777,False,True,"baseline=contestability_solve_evidence.jsonl#baseline:survey:2033; forced=contestability_solve_evidence.jsonl#challenge:survey:2033:ext_indep(0,2,s5); status=OPTIMUM FOUND; model.optimality_proven=true",False,OPTIMUM FOUND,"ext_indep(0,2,s5)",8,results/paper_aaai2027/frozen/results/final_mcs_experiments_er_sf_alpha001_nowrong_noweight_50rep_chunked/wc_sweep_bnlearn_survey_alpha001_nowrong_noweight_seed2026_2075_20260715_155405/rep8/lps/wc_inc_mus_lex_bb_optN_r8.lp
Survey (6),2033,"survey:2033:ext_indep(0,4,s1)",5125220,58675509,63176347,4500838,0.8781745954320009,False,0.18256204016506672,False,True,"baseline=contestability_solve_evidence.jsonl#baseline:survey:2033; forced=contestability_solve_evidence.jsonl#challenge:survey:2033:ext_indep(0,4,s1); status=OPTIMUM FOUND; model.optimality_proven=true",False,OPTIMUM FOUND,"ext_indep(0,4,s1)",11,results/paper_aaai2027/frozen/results/final_mcs_experiments_er_sf_alpha001_nowrong_noweight_50rep_chunked/wc_sweep_bnlearn_survey_alpha001_nowrong_noweight_seed2026_2075_20260715_155405/rep8/lps/wc_inc_mus_lex_bb_optN_r8.lp
Survey (6),2033,"survey:2033:ext_indep(2,4,empty)",5444220,58675509,60841393,2165884,0.3978318289856031,False,0.0769474720582366,False,True,"baseline=contestability_solve_evidence.jsonl#baseline:survey:2033; forced=contestability_solve_evidence.jsonl#challenge:survey:2033:ext_indep(2,4,empty); status=OPTIMUM FOUND; model.optimality_proven=true",False,OPTIMUM FOUND,"ext_indep(2,4,empty)",37,results/paper_aaai2027/frozen/results/final_mcs_experiments_er_sf_alpha001_nowrong_noweight_50rep_chunked/wc_sweep_bnlearn_survey_alpha001_nowrong_noweight_seed2026_2075_20260715_155405/rep8/lps/wc_inc_mus_lex_bb_optN_r8.lp
Survey (6),2033,"survey:2033:ext_indep(2,4,s5)",5035413,58675509,60841393,2165884,0.4301303587213204,False,0.10406833793967962,False,True,"baseline=contestability_solve_evidence.jsonl#baseline:survey:2033; forced=contestability_solve_evidence.jsonl#challenge:survey:2033:ext_indep(2,4,s5); status=OPTIMUM FOUND; model.optimality_proven=true",False,OPTIMUM FOUND,"ext_indep(2,4,s5)",40,results/paper_aaai2027/frozen/results/final_mcs_experiments_er_sf_alpha001_nowrong_noweight_50rep_chunked/wc_sweep_bnlearn_survey_alpha001_nowrong_noweight_seed2026_2075_20260715_155405/rep8/lps/wc_inc_mus_lex_bb_optN_r8.lp
Survey (6),2033,"survey:2033:ext_dep(2,5,empty)",9735701,58675509,65784613,7109104,0.7302097712327033,False,0.180313128978014,False,True,"baseline=contestability_solve_evidence.jsonl#baseline:survey:2033; forced=contestability_solve_evidence.jsonl#challenge:survey:2033:ext_dep(2,5,empty); status=OPTIMUM FOUND; model.optimality_proven=true",False,OPTIMUM FOUND,"ext_dep(2,5,empty)",41,results/paper_aaai2027/frozen/results/final_mcs_experiments_er_sf_alpha001_nowrong_noweight_50rep_chunked/wc_sweep_bnlearn_survey_alpha001_nowrong_noweight_seed2026_2075_20260715_155405/rep8/lps/wc_inc_mus_lex_bb_optN_r8.lp
Survey (6),2033,"survey:2033:ext_dep(2,5,s1)",8360879,58675509,65784613,7109104,0.8502818902175238,False,0.17577021103352308,False,True,"baseline=contestability_solve_evidence.jsonl#baseline:survey:2033; forced=contestability_solve_evidence.jsonl#challenge:survey:2033:ext_dep(2,5,s1); status=OPTIMUM FOUND; model.optimality_proven=true",False,OPTIMUM FOUND,"ext_dep(2,5,s1)",42,results/paper_aaai2027/frozen/results/final_mcs_experiments_er_sf_alpha001_nowrong_noweight_50rep_chunked/wc_sweep_bnlearn_survey_alpha001_nowrong_noweight_seed2026_2075_20260715_155405/rep8/lps/wc_inc_mus_lex_bb_optN_r8.lp
Survey (6),2033,"survey:2033:ext_dep(2,5,s3)",9899856,58675509,65784613,7109104,0.7181017582477968,False,0.19863343238830566,False,True,"baseline=contestability_solve_evidence.jsonl#baseline:survey:2033; forced=contestability_solve_evidence.jsonl#challenge:survey:2033:ext_dep(2,5,s3); status=OPTIMUM FOUND; model.optimality_proven=true",False,OPTIMUM FOUND,"ext_dep(2,5,s3)",43,results/paper_aaai2027/frozen/results/final_mcs_experiments_er_sf_alpha001_nowrong_noweight_50rep_chunked/wc_sweep_bnlearn_survey_alpha001_nowrong_noweight_seed2026_2075_20260715_155405/rep8/lps/wc_inc_mus_lex_bb_optN_r8.lp
Survey (6),2034,"survey:2034:ext_indep(0,3,empty)",5851872,37998580,41695575,3696995,0.6317627931711425,False,0.06984714418649673,False,True,"baseline=contestability_solve_evidence.jsonl#baseline:survey:2034; forced=contestability_solve_evidence.jsonl#challenge:survey:2034:ext_indep(0,3,empty); status=OPTIMUM FOUND; model.optimality_proven=true",False,OPTIMUM FOUND,"ext_indep(0,3,empty)",7,results/paper_aaai2027/frozen/results/final_mcs_experiments_er_sf_alpha001_nowrong_noweight_50rep_chunked/wc_sweep_bnlearn_survey_alpha001_nowrong_noweight_seed2026_2075_20260715_155405/rep9/lps/wc_inc_mus_lex_bb_optN_r9.lp
Survey (6),2034,"survey:2034:ext_indep(1,2,s0y3)",5032932,37998580,45662820,7664240,1.5228181107950594,False,0.10861181281507015,False,True,"baseline=contestability_solve_evidence.jsonl#baseline:survey:2034; forced=contestability_solve_evidence.jsonl#challenge:survey:2034:ext_indep(1,2,s0y3); status=OPTIMUM FOUND; model.optimality_proven=true",False,OPTIMUM FOUND,"ext_indep(1,2,s0y3)",15,results/paper_aaai2027/frozen/results/final_mcs_experiments_er_sf_alpha001_nowrong_noweight_50rep_chunked/wc_sweep_bnlearn_survey_alpha001_nowrong_noweight_seed2026_2075_20260715_155405/rep9/lps/wc_inc_mus_lex_bb_optN_r9.lp
Survey (6),2034,"survey:2034:ext_indep(1,5,empty)",8653516,37998580,46695010,8696430,1.004959140307824,False,0.13226701226085424,False,True,"baseline=contestability_solve_evidence.jsonl#baseline:survey:2034; forced=contestability_solve_evidence.jsonl#challenge:survey:2034:ext_indep(1,5,empty); status=OPTIMUM FOUND; model.optimality_proven=true",False,OPTIMUM FOUND,"ext_indep(1,5,empty)",26,results/paper_aaai2027/frozen/results/final_mcs_experiments_er_sf_alpha001_nowrong_noweight_50rep_chunked/wc_sweep_bnlearn_survey_alpha001_nowrong_noweight_seed2026_2075_20260715_155405/rep9/lps/wc_inc_mus_lex_bb_optN_r9.lp
Survey (6),2034,"survey:2034:ext_indep(2,3,empty)",8215608,37998580,41695575,3696995,0.4499965188212485,False,0.05984812695533037,False,True,"baseline=contestability_solve_evidence.jsonl#baseline:survey:2034; forced=contestability_solve_evidence.jsonl#challenge:survey:2034:ext_indep(2,3,empty); status=OPTIMUM FOUND; model.optimality_proven=true",False,OPTIMUM FOUND,"ext_indep(2,3,empty)",27,results/paper_aaai2027/frozen/results/final_mcs_experiments_er_sf_alpha001_nowrong_noweight_50rep_chunked/wc_sweep_bnlearn_survey_alpha001_nowrong_noweight_seed2026_2075_20260715_155405/rep9/lps/wc_inc_mus_lex_bb_optN_r9.lp
Survey (6),2034,"survey:2034:ext_indep(2,4,s1)",5084950,37998580,46695010,8696430,1.7102292057935673,False,0.10475985333323479,False,True,"baseline=contestability_solve_evidence.jsonl#baseline:survey:2034; forced=contestability_solve_evidence.jsonl#challenge:survey:2034:ext_indep(2,4,s1); status=OPTIMUM FOUND; model.optimality_proven=true",False,OPTIMUM FOUND,"ext_indep(2,4,s1)",30,results/paper_aaai2027/frozen/results/final_mcs_experiments_er_sf_alpha001_nowrong_noweight_50rep_chunked/wc_sweep_bnlearn_survey_alpha001_nowrong_noweight_seed2026_2075_20260715_155405/rep9/lps/wc_inc_mus_lex_bb_optN_r9.lp
Survey (6),2034,"survey:2034:ext_indep(2,4,s5)",5159702,37998580,41695575,3696995,0.7165132792552749,False,0.0655089933425188,False,True,"baseline=contestability_solve_evidence.jsonl#baseline:survey:2034; forced=contestability_solve_evidence.jsonl#challenge:survey:2034:ext_indep(2,4,s5); status=OPTIMUM FOUND; model.optimality_proven=true",False,OPTIMUM FOUND,"ext_indep(2,4,s5)",31,results/paper_aaai2027/frozen/results/final_mcs_experiments_er_sf_alpha001_nowrong_noweight_50rep_chunked/wc_sweep_bnlearn_survey_alpha001_nowrong_noweight_seed2026_2075_20260715_155405/rep9/lps/wc_inc_mus_lex_bb_optN_r9.lp
Survey (6),2035,"survey:2035:ext_indep(0,2,s1)",5491040,101863332,102488462,625130,0.11384546461143973,False,1.3012359719723463,False,True,"baseline=contestability_solve_evidence.jsonl#baseline:survey:2035; forced=contestability_solve_evidence.jsonl#challenge:survey:2035:ext_indep(0,2,s1); status=OPTIMUM FOUND; model.optimality_proven=true",False,OPTIMUM FOUND,"ext_indep(0,2,s1)",7,results/paper_aaai2027/frozen/results/final_mcs_experiments_er_sf_alpha001_nowrong_noweight_50rep_chunked/wc_sweep_bnlearn_survey_alpha001_nowrong_noweight_seed2026_2075_20260715_155405/rep10/lps/wc_inc_mus_lex_bb_optN_r10.lp
Survey (6),2035,"survey:2035:ext_indep(0,2,s1y5)",5915657,101863332,102488462,625130,0.10567380765990997,False,1.5644952850416303,False,True,"baseline=contestability_solve_evidence.jsonl#baseline:survey:2035; forced=contestability_solve_evidence.jsonl#challenge:survey:2035:ext_indep(0,2,s1y5); status=OPTIMUM FOUND; model.optimality_proven=true",False,OPTIMUM FOUND,"ext_indep(0,2,s1y5)",8,results/paper_aaai2027/frozen/results/final_mcs_experiments_er_sf_alpha001_nowrong_noweight_50rep_chunked/wc_sweep_bnlearn_survey_alpha001_nowrong_noweight_seed2026_2075_20260715_155405/rep10/lps/wc_inc_mus_lex_bb_optN_r10.lp
Survey (6),2035,"survey:2035:ext_indep(0,3,s5)",5656830,101863332,102961327,1097995,0.19410075961271595,False,1.1879180604591966,False,True,"baseline=contestability_solve_evidence.jsonl#baseline:survey:2035; forced=contestability_solve_evidence.jsonl#challenge:survey:2035:ext_indep(0,3,s5); status=OPTIMUM FOUND; model.optimality_proven=true",False,OPTIMUM FOUND,"ext_indep(0,3,s5)",12,results/paper_aaai2027/frozen/results/final_mcs_experiments_er_sf_alpha001_nowrong_noweight_50rep_chunked/wc_sweep_bnlearn_survey_alpha001_nowrong_noweight_seed2026_2075_20260715_155405/rep10/lps/wc_inc_mus_lex_bb_optN_r10.lp
Survey (6),2035,"survey:2035:ext_indep(1,4,s2)",5009864,101863332,102160803,297471,0.059377060934189034,False,1.0736184008419514,False,True,"baseline=contestability_solve_evidence.jsonl#baseline:survey:2035; forced=contestability_solve_evidence.jsonl#challenge:survey:2035:ext_indep(1,4,s2); status=OPTIMUM FOUND; model.optimality_proven=true",False,OPTIMUM FOUND,"ext_indep(1,4,s2)",30,results/paper_aaai2027/frozen/results/final_mcs_experiments_er_sf_alpha001_nowrong_noweight_50rep_chunked/wc_sweep_bnlearn_survey_alpha001_nowrong_noweight_seed2026_2075_20260715_155405/rep10/lps/wc_inc_mus_lex_bb_optN_r10.lp
Survey (6),2035,"survey:2035:ext_indep(1,4,s3)",5058279,101863332,102488462,625130,0.12358551198935448,False,0.9570200340822339,False,True,"baseline=contestability_solve_evidence.jsonl#baseline:survey:2035; forced=contestability_solve_evidence.jsonl#challenge:survey:2035:ext_indep(1,4,s3); status=OPTIMUM FOUND; model.optimality_proven=true",False,OPTIMUM FOUND,"ext_indep(1,4,s3)",31,results/paper_aaai2027/frozen/results/final_mcs_experiments_er_sf_alpha001_nowrong_noweight_50rep_chunked/wc_sweep_bnlearn_survey_alpha001_nowrong_noweight_seed2026_2075_20260715_155405/rep10/lps/wc_inc_mus_lex_bb_optN_r10.lp
Survey (6),2035,"survey:2035:ext_indep(1,5,s0y2y3)",6526148,101863332,102961327,1097995,0.16824549489223964,False,2.296591413207352,False,True,"baseline=contestability_solve_evidence.jsonl#baseline:survey:2035; forced=contestability_solve_evidence.jsonl#challenge:survey:2035:ext_indep(1,5,s0y2y3); status=OPTIMUM FOUND; model.optimality_proven=true",False,OPTIMUM FOUND,"ext_indep(1,5,s0y2y3)",34,results/paper_aaai2027/frozen/results/final_mcs_experiments_er_sf_alpha001_nowrong_noweight_50rep_chunked/wc_sweep_bnlearn_survey_alpha001_nowrong_noweight_seed2026_2075_20260715_155405/rep10/lps/wc_inc_mus_lex_bb_optN_r10.lp
Survey (6),2035,"survey:2035:ext_indep(1,5,s2y3)",7020853,101863332,102961327,1097995,0.15639054114934467,False,1.7445078622549772,False,True,"baseline=contestability_solve_evidence.jsonl#baseline:survey:2035; forced=contestability_solve_evidence.jsonl#challenge:survey:2035:ext_indep(1,5,s2y3); status=OPTIMUM FOUND; model.optimality_proven=true",False,OPTIMUM FOUND,"ext_indep(1,5,s2y3)",35,results/paper_aaai2027/frozen/results/final_mcs_experiments_er_sf_alpha001_nowrong_noweight_50rep_chunked/wc_sweep_bnlearn_survey_alpha001_nowrong_noweight_seed2026_2075_20260715_155405/rep10/lps/wc_inc_mus_lex_bb_optN_r10.lp
Survey (6),2035,"survey:2035:ext_indep(1,5,s0y3)",8822259,101863332,102961327,1097995,0.1244573527029755,False,1.8017428433522582,False,True,"baseline=contestability_solve_evidence.jsonl#baseline:survey:2035; forced=contestability_solve_evidence.jsonl#challenge:survey:2035:ext_indep(1,5,s0y3); status=OPTIMUM FOUND; model.optimality_proven=true",False,OPTIMUM FOUND,"ext_indep(1,5,s0y3)",37,results/paper_aaai2027/frozen/results/final_mcs_experiments_er_sf_alpha001_nowrong_noweight_50rep_chunked/wc_sweep_bnlearn_survey_alpha001_nowrong_noweight_seed2026_2075_20260715_155405/rep10/lps/wc_inc_mus_lex_bb_optN_r10.lp
Survey (6),2035,"survey:2035:ext_indep(1,5,s3)",9043621,101863332,102961327,1097995,0.12141099234476986,False,1.207302451133728,False,True,"baseline=contestability_solve_evidence.jsonl#baseline:survey:2035; forced=contestability_solve_evidence.jsonl#challenge:survey:2035:ext_indep(1,5,s3); status=OPTIMUM FOUND; model.optimality_proven=true",False,OPTIMUM FOUND,"ext_indep(1,5,s3)",39,results/paper_aaai2027/frozen/results/final_mcs_experiments_er_sf_alpha001_nowrong_noweight_50rep_chunked/wc_sweep_bnlearn_survey_alpha001_nowrong_noweight_seed2026_2075_20260715_155405/rep10/lps/wc_inc_mus_lex_bb_optN_r10.lp
Survey (6),2035,"survey:2035:ext_indep(2,3,empty)",8297975,101863332,102961327,1097995,0.13232083731271785,False,0.7322329515591264,False,True,"baseline=contestability_solve_evidence.jsonl#baseline:survey:2035; forced=contestability_solve_evidence.jsonl#challenge:survey:2035:ext_indep(2,3,empty); status=OPTIMUM FOUND; model.optimality_proven=true",False,OPTIMUM FOUND,"ext_indep(2,3,empty)",40,results/paper_aaai2027/frozen/results/final_mcs_experiments_er_sf_alpha001_nowrong_noweight_50rep_chunked/wc_sweep_bnlearn_survey_alpha001_nowrong_noweight_seed2026_2075_20260715_155405/rep10/lps/wc_inc_mus_lex_bb_optN_r10.lp
Survey (6),2035,"survey:2035:ext_indep(2,3,s5)",8800773,101863332,102961327,1097995,0.12476119995368588,False,1.1998856468126178,False,True,"baseline=contestability_solve_evidence.jsonl#baseline:survey:2035; forced=contestability_solve_evidence.jsonl#challenge:survey:2035:ext_indep(2,3,s5); status=OPTIMUM FOUND; model.optimality_proven=true",False,OPTIMUM FOUND,"ext_indep(2,3,s5)",43,results/paper_aaai2027/frozen/results/final_mcs_experiments_er_sf_alpha001_nowrong_noweight_50rep_chunked/wc_sweep_bnlearn_survey_alpha001_nowrong_noweight_seed2026_2075_20260715_155405/rep10/lps/wc_inc_mus_lex_bb_optN_r10.lp
Survey (6),2035,"survey:2035:ext_dep(2,5,empty)",9983557,101863332,103067032,1203700,0.12056825037409012,False,3.31481668446213,False,True,"baseline=contestability_solve_evidence.jsonl#baseline:survey:2035; forced=contestability_solve_evidence.jsonl#challenge:survey:2035:ext_dep(2,5,empty); status=OPTIMUM FOUND; model.optimality_proven=true",False,OPTIMUM FOUND,"ext_dep(2,5,empty)",45,results/paper_aaai2027/frozen/results/final_mcs_experiments_er_sf_alpha001_nowrong_noweight_50rep_chunked/wc_sweep_bnlearn_survey_alpha001_nowrong_noweight_seed2026_2075_20260715_155405/rep10/lps/wc_inc_mus_lex_bb_optN_r10.lp
Survey (6),2035,"survey:2035:ext_dep(2,5,s1)",9938680,101863332,102961327,1097995,0.11047694462443705,False,3.03427005186677,False,True,"baseline=contestability_solve_evidence.jsonl#baseline:survey:2035; forced=contestability_solve_evidence.jsonl#challenge:survey:2035:ext_dep(2,5,s1); status=OPTIMUM FOUND; model.optimality_proven=true",False,OPTIMUM FOUND,"ext_dep(2,5,s1)",46,results/paper_aaai2027/frozen/results/final_mcs_experiments_er_sf_alpha001_nowrong_noweight_50rep_chunked/wc_sweep_bnlearn_survey_alpha001_nowrong_noweight_seed2026_2075_20260715_155405/rep10/lps/wc_inc_mus_lex_bb_optN_r10.lp
Survey (6),2035,"survey:2035:ext_indep(3,4,empty)",6297796,101863332,102488462,625130,0.09926170996964652,False,0.802068330347538,False,True,"baseline=contestability_solve_evidence.jsonl#baseline:survey:2035; forced=contestability_solve_evidence.jsonl#challenge:survey:2035:ext_indep(3,4,empty); status=OPTIMUM FOUND; model.optimality_proven=true",False,OPTIMUM FOUND,"ext_indep(3,4,empty)",48,results/paper_aaai2027/frozen/results/final_mcs_experiments_er_sf_alpha001_nowrong_noweight_50rep_chunked/wc_sweep_bnlearn_survey_alpha001_nowrong_noweight_seed2026_2075_20260715_155405/rep10/lps/wc_inc_mus_lex_bb_optN_r10.lp
Survey (6),2036,"survey:2036:ext_indep(0,2,s1)",8484380,48710798,52525461,3814663,0.44961010704376747,False,0.14993998408317566,False,True,"baseline=contestability_solve_evidence.jsonl#baseline:survey:2036; forced=contestability_solve_evidence.jsonl#challenge:survey:2036:ext_indep(0,2,s1); status=OPTIMUM FOUND; model.optimality_proven=true",False,OPTIMUM FOUND,"ext_indep(0,2,s1)",5,results/paper_aaai2027/frozen/results/final_mcs_experiments_er_sf_alpha001_nowrong_noweight_50rep_chunked/wc_sweep_bnlearn_survey_alpha001_nowrong_noweight_seed2026_2075_20260715_155405/rep11/lps/wc_inc_mus_lex_bb_optN_r11.lp
Survey (6),2036,"survey:2036:ext_indep(0,2,s1y5)",6327484,48710798,52525461,3814663,0.6028720104231002,False,0.1878731343895197,False,True,"baseline=contestability_solve_evidence.jsonl#baseline:survey:2036; forced=contestability_solve_evidence.jsonl#challenge:survey:2036:ext_indep(0,2,s1y5); status=OPTIMUM FOUND; model.optimality_proven=true",False,OPTIMUM FOUND,"ext_indep(0,2,s1y5)",6,results/paper_aaai2027/frozen/results/final_mcs_experiments_er_sf_alpha001_nowrong_noweight_50rep_chunked/wc_sweep_bnlearn_survey_alpha001_nowrong_noweight_seed2026_2075_20260715_155405/rep11/lps/wc_inc_mus_lex_bb_optN_r11.lp
Survey (6),2036,"survey:2036:ext_indep(1,4,s2)",5032365,48710798,52507602,3796804,0.7544770699263667,False,0.12029128707945347,False,True,"baseline=contestability_solve_evidence.jsonl#baseline:survey:2036; forced=contestability_solve_evidence.jsonl#challenge:survey:2036:ext_indep(1,4,s2); status=OPTIMUM FOUND; model.optimality_proven=true",False,OPTIMUM FOUND,"ext_indep(1,4,s2)",18,results/paper_aaai2027/frozen/results/final_mcs_experiments_er_sf_alpha001_nowrong_noweight_50rep_chunked/wc_sweep_bnlearn_survey_alpha001_nowrong_noweight_seed2026_2075_20260715_155405/rep11/lps/wc_inc_mus_lex_bb_optN_r11.lp
Survey (6),2036,"survey:2036:ext_dep(2,5,empty)",9654022,48710798,53587720,4876922,0.5051699695733032,False,0.19423114228993654,False,True,"baseline=contestability_solve_evidence.jsonl#baseline:survey:2036; forced=contestability_solve_evidence.jsonl#challenge:survey:2036:ext_dep(2,5,empty); status=OPTIMUM FOUND; model.optimality_proven=true",False,OPTIMUM FOUND,"ext_dep(2,5,empty)",30,results/paper_aaai2027/frozen/results/final_mcs_experiments_er_sf_alpha001_nowrong_noweight_50rep_chunked/wc_sweep_bnlearn_survey_alpha001_nowrong_noweight_seed2026_2075_20260715_155405/rep11/lps/wc_inc_mus_lex_bb_optN_r11.lp
Survey (6),2036,"survey:2036:ext_dep(2,5,s1)",9318664,48710798,53587720,4876922,0.5233499136786132,False,0.22770488914102316,False,True,"baseline=contestability_solve_evidence.jsonl#baseline:survey:2036; forced=contestability_solve_evidence.jsonl#challenge:survey:2036:ext_dep(2,5,s1); status=OPTIMUM FOUND; model.optimality_proven=true",False,OPTIMUM FOUND,"ext_dep(2,5,s1)",31,results/paper_aaai2027/frozen/results/final_mcs_experiments_er_sf_alpha001_nowrong_noweight_50rep_chunked/wc_sweep_bnlearn_survey_alpha001_nowrong_noweight_seed2026_2075_20260715_155405/rep11/lps/wc_inc_mus_lex_bb_optN_r11.lp
Survey (6),2036,"survey:2036:ext_dep(2,5,s3)",9893883,48710798,53587720,4876922,0.49292295047354007,False,0.22465133480727673,False,True,"baseline=contestability_solve_evidence.jsonl#baseline:survey:2036; forced=contestability_solve_evidence.jsonl#challenge:survey:2036:ext_dep(2,5,s3); status=OPTIMUM FOUND; model.optimality_proven=true",False,OPTIMUM FOUND,"ext_dep(2,5,s3)",32,results/paper_aaai2027/frozen/results/final_mcs_experiments_er_sf_alpha001_nowrong_noweight_50rep_chunked/wc_sweep_bnlearn_survey_alpha001_nowrong_noweight_seed2026_2075_20260715_155405/rep11/lps/wc_inc_mus_lex_bb_optN_r11.lp
Survey (6),2037,"survey:2037:ext_indep(0,2,empty)",7590637,44534880,44601915,67035,0.008831274634790203,False,0.04731715004891157,False,True,"baseline=contestability_solve_evidence.jsonl#baseline:survey:2037; forced=contestability_solve_evidence.jsonl#challenge:survey:2037:ext_indep(0,2,empty); status=OPTIMUM FOUND; model.optimality_proven=true",False,OPTIMUM FOUND,"ext_indep(0,2,empty)",3,results/paper_aaai2027/frozen/results/final_mcs_experiments_er_sf_alpha001_nowrong_noweight_50rep_chunked/wc_sweep_bnlearn_survey_alpha001_nowrong_noweight_seed2026_2075_20260715_155405/rep12/lps/wc_inc_mus_lex_bb_optN_r12.lp
Survey (6),2037,"survey:2037:ext_indep(0,2,s5)",6963858,44534880,44601915,67035,0.00962612965399352,False,0.05068548861891031,False,True,"baseline=contestability_solve_evidence.jsonl#baseline:survey:2037; forced=contestability_solve_evidence.jsonl#challenge:survey:2037:ext_indep(0,2,s5); status=OPTIMUM FOUND; model.optimality_proven=true",False,OPTIMUM FOUND,"ext_indep(0,2,s5)",6,results/paper_aaai2027/frozen/results/final_mcs_experiments_er_sf_alpha001_nowrong_noweight_50rep_chunked/wc_sweep_bnlearn_survey_alpha001_nowrong_noweight_seed2026_2075_20260715_155405/rep12/lps/wc_inc_mus_lex_bb_optN_r12.lp
Survey (6),2037,"survey:2037:ext_dep(2,5,empty)",9997276,44534880,44601915,67035,0.0067053265309470296,False,0.05122181121259928,False,True,"baseline=contestability_solve_evidence.jsonl#baseline:survey:2037; forced=contestability_solve_evidence.jsonl#challenge:survey:2037:ext_dep(2,5,empty); status=OPTIMUM FOUND; model.optimality_proven=true",False,OPTIMUM FOUND,"ext_dep(2,5,empty)",26,results/paper_aaai2027/frozen/results/final_mcs_experiments_er_sf_alpha001_nowrong_noweight_50rep_chunked/wc_sweep_bnlearn_survey_alpha001_nowrong_noweight_seed2026_2075_20260715_155405/rep12/lps/wc_inc_mus_lex_bb_optN_r12.lp
Survey (6),2037,"survey:2037:ext_dep(2,5,s1)",9995680,44534880,44601915,67035,0.0067063971635746645,False,0.06478232890367508,False,True,"baseline=contestability_solve_evidence.jsonl#baseline:survey:2037; forced=contestability_solve_evidence.jsonl#challenge:survey:2037:ext_dep(2,5,s1); status=OPTIMUM FOUND; model.optimality_proven=true",False,OPTIMUM FOUND,"ext_dep(2,5,s1)",27,results/paper_aaai2027/frozen/results/final_mcs_experiments_er_sf_alpha001_nowrong_noweight_50rep_chunked/wc_sweep_bnlearn_survey_alpha001_nowrong_noweight_seed2026_2075_20260715_155405/rep12/lps/wc_inc_mus_lex_bb_optN_r12.lp
Survey (6),2037,"survey:2037:ext_dep(2,5,s3)",9987429,44534880,44601915,67035,0.006711937576727704,False,0.05714308191090822,False,True,"baseline=contestability_solve_evidence.jsonl#baseline:survey:2037; forced=contestability_solve_evidence.jsonl#challenge:survey:2037:ext_dep(2,5,s3); status=OPTIMUM FOUND; model.optimality_proven=true",False,OPTIMUM FOUND,"ext_dep(2,5,s3)",28,results/paper_aaai2027/frozen/results/final_mcs_experiments_er_sf_alpha001_nowrong_noweight_50rep_chunked/wc_sweep_bnlearn_survey_alpha001_nowrong_noweight_seed2026_2075_20260715_155405/rep12/lps/wc_inc_mus_lex_bb_optN_r12.lp
Survey (6),2038,"survey:2038:ext_indep(0,2,empty)",6192495,128390476,129098716,708240,0.11437070195454337,False,0.4114720821380615,False,True,"baseline=contestability_solve_evidence.jsonl#baseline:survey:2038; forced=contestability_solve_evidence.jsonl#challenge:survey:2038:ext_indep(0,2,empty); status=OPTIMUM FOUND; model.optimality_proven=true",False,OPTIMUM FOUND,"ext_indep(0,2,empty)",9,results/paper_aaai2027/frozen/results/final_mcs_experiments_er_sf_alpha001_nowrong_noweight_50rep_chunked/wc_sweep_bnlearn_survey_alpha001_nowrong_noweight_seed2026_2075_20260715_155405/rep13/lps/wc_inc_mus_lex_bb_optN_r13.lp
Survey (6),2038,"survey:2038:ext_indep(0,2,s5)",7191998,128390476,129098716,708240,0.09847611192327918,False,0.6120624300092459,False,True,"baseline=contestability_solve_evidence.jsonl#baseline:survey:2038; forced=contestability_solve_evidence.jsonl#challenge:survey:2038:ext_indep(0,2,s5); status=OPTIMUM FOUND; model.optimality_proven=true",False,OPTIMUM FOUND,"ext_indep(0,2,s5)",12,results/paper_aaai2027/frozen/results/final_mcs_experiments_er_sf_alpha001_nowrong_noweight_50rep_chunked/wc_sweep_bnlearn_survey_alpha001_nowrong_noweight_seed2026_2075_20260715_155405/rep13/lps/wc_inc_mus_lex_bb_optN_r13.lp
Survey (6),2038,"survey:2038:ext_indep(0,3,empty)",5153637,128390476,131751364,3360888,0.6521390621807474,False,0.4567346712574363,False,True,"baseline=contestability_solve_evidence.jsonl#baseline:survey:2038; forced=contestability_solve_evidence.jsonl#challenge:survey:2038:ext_indep(0,3,empty); status=OPTIMUM FOUND; model.optimality_proven=true",False,OPTIMUM FOUND,"ext_indep(0,3,empty)",13,results/paper_aaai2027/frozen/results/final_mcs_experiments_er_sf_alpha001_nowrong_noweight_50rep_chunked/wc_sweep_bnlearn_survey_alpha001_nowrong_noweight_seed2026_2075_20260715_155405/rep13/lps/wc_inc_mus_lex_bb_optN_r13.lp
Survey (6),2038,"survey:2038:ext_indep(0,3,s5)",5710316,128390476,131751364,3360888,0.5885642756022609,False,0.8435825929045677,False,True,"baseline=contestability_solve_evidence.jsonl#baseline:survey:2038; forced=contestability_solve_evidence.jsonl#challenge:survey:2038:ext_indep(0,3,s5); status=OPTIMUM FOUND; model.optimality_proven=true",False,OPTIMUM FOUND,"ext_indep(0,3,s5)",16,results/paper_aaai2027/frozen/results/final_mcs_experiments_er_sf_alpha001_nowrong_noweight_50rep_chunked/wc_sweep_bnlearn_survey_alpha001_nowrong_noweight_seed2026_2075_20260715_155405/rep13/lps/wc_inc_mus_lex_bb_optN_r13.lp
Survey (6),2038,"survey:2038:ext_indep(0,4,s1)",5640480,128390476,130486476,2096000,0.37159958017757355,False,0.847530391998589,False,True,"baseline=contestability_solve_evidence.jsonl#baseline:survey:2038; forced=contestability_solve_evidence.jsonl#challenge:survey:2038:ext_indep(0,4,s1); status=OPTIMUM FOUND; model.optimality_proven=true",False,OPTIMUM FOUND,"ext_indep(0,4,s1)",18,results/paper_aaai2027/frozen/results/final_mcs_experiments_er_sf_alpha001_nowrong_noweight_50rep_chunked/wc_sweep_bnlearn_survey_alpha001_nowrong_noweight_seed2026_2075_20260715_155405/rep13/lps/wc_inc_mus_lex_bb_optN_r13.lp
Survey (6),2038,"survey:2038:ext_indep(2,3,empty)",8805724,128390476,131583657,3193181,0.362625605799137,False,0.46704772021621466,False,True,"baseline=contestability_solve_evidence.jsonl#baseline:survey:2038; forced=contestability_solve_evidence.jsonl#challenge:survey:2038:ext_indep(2,3,empty); status=OPTIMUM FOUND; model.optimality_proven=true",False,OPTIMUM FOUND,"ext_indep(2,3,empty)",62,results/paper_aaai2027/frozen/results/final_mcs_experiments_er_sf_alpha001_nowrong_noweight_50rep_chunked/wc_sweep_bnlearn_survey_alpha001_nowrong_noweight_seed2026_2075_20260715_155405/rep13/lps/wc_inc_mus_lex_bb_optN_r13.lp
Survey (6),2038,"survey:2038:ext_indep(2,3,s5)",7427926,128390476,131583657,3193181,0.42988863917061104,False,0.7156292712315917,False,True,"baseline=contestability_solve_evidence.jsonl#baseline:survey:2038; forced=contestability_solve_evidence.jsonl#challenge:survey:2038:ext_indep(2,3,s5); status=OPTIMUM FOUND; model.optimality_proven=true",False,OPTIMUM FOUND,"ext_indep(2,3,s5)",65,results/paper_aaai2027/frozen/results/final_mcs_experiments_er_sf_alpha001_nowrong_noweight_50rep_chunked/wc_sweep_bnlearn_survey_alpha001_nowrong_noweight_seed2026_2075_20260715_155405/rep13/lps/wc_inc_mus_lex_bb_optN_r13.lp
Survey (6),2038,"survey:2038:ext_indep(2,4,empty)",5353948,128390476,129098716,708240,0.1322836904654285,False,0.4334372580051422,False,True,"baseline=contestability_solve_evidence.jsonl#baseline:survey:2038; forced=contestability_solve_evidence.jsonl#challenge:survey:2038:ext_indep(2,4,empty); status=OPTIMUM FOUND; model.optimality_proven=true",False,OPTIMUM FOUND,"ext_indep(2,4,empty)",66,results/paper_aaai2027/frozen/results/final_mcs_experiments_er_sf_alpha001_nowrong_noweight_50rep_chunked/wc_sweep_bnlearn_survey_alpha001_nowrong_noweight_seed2026_2075_20260715_155405/rep13/lps/wc_inc_mus_lex_bb_optN_r13.lp
Survey (6),2038,"survey:2038:ext_indep(2,4,s5)",6471439,128390476,129098716,708240,0.10944088324096078,False,0.6153427101671696,False,True,"baseline=contestability_solve_evidence.jsonl#baseline:survey:2038; forced=contestability_solve_evidence.jsonl#challenge:survey:2038:ext_indep(2,4,s5); status=OPTIMUM FOUND; model.optimality_proven=true",False,OPTIMUM FOUND,"ext_indep(2,4,s5)",69,results/paper_aaai2027/frozen/results/final_mcs_experiments_er_sf_alpha001_nowrong_noweight_50rep_chunked/wc_sweep_bnlearn_survey_alpha001_nowrong_noweight_seed2026_2075_20260715_155405/rep13/lps/wc_inc_mus_lex_bb_optN_r13.lp
Survey (6),2038,"survey:2038:ext_dep(2,5,empty)",9978342,128390476,147339103,18948627,1.8989755011403697,False,2.6099585965275764,False,True,"baseline=contestability_solve_evidence.jsonl#baseline:survey:2038; forced=contestability_solve_evidence.jsonl#challenge:survey:2038:ext_dep(2,5,empty); status=OPTIMUM FOUND; model.optimality_proven=true",False,OPTIMUM FOUND,"ext_dep(2,5,empty)",70,results/paper_aaai2027/frozen/results/final_mcs_experiments_er_sf_alpha001_nowrong_noweight_50rep_chunked/wc_sweep_bnlearn_survey_alpha001_nowrong_noweight_seed2026_2075_20260715_155405/rep13/lps/wc_inc_mus_lex_bb_optN_r13.lp
Survey (6),2038,"survey:2038:ext_dep(2,5,s1)",9712060,128390476,147339103,18948627,1.9510409737995853,False,2.5711072217673063,False,True,"baseline=contestability_solve_evidence.jsonl#baseline:survey:2038; forced=contestability_solve_evidence.jsonl#challenge:survey:2038:ext_dep(2,5,s1); status=OPTIMUM FOUND; model.optimality_proven=true",False,OPTIMUM FOUND,"ext_dep(2,5,s1)",71,results/paper_aaai2027/frozen/results/final_mcs_experiments_er_sf_alpha001_nowrong_noweight_50rep_chunked/wc_sweep_bnlearn_survey_alpha001_nowrong_noweight_seed2026_2075_20260715_155405/rep13/lps/wc_inc_mus_lex_bb_optN_r13.lp
Survey (6),2038,"survey:2038:ext_dep(2,5,s3)",9917317,128390476,147339103,18948627,1.9106606151643635,False,2.760264951735735,False,True,"baseline=contestability_solve_evidence.jsonl#baseline:survey:2038; forced=contestability_solve_evidence.jsonl#challenge:survey:2038:ext_dep(2,5,s3); status=OPTIMUM FOUND; model.optimality_proven=true",False,OPTIMUM FOUND,"ext_dep(2,5,s3)",72,results/paper_aaai2027/frozen/results/final_mcs_experiments_er_sf_alpha001_nowrong_noweight_50rep_chunked/wc_sweep_bnlearn_survey_alpha001_nowrong_noweight_seed2026_2075_20260715_155405/rep13/lps/wc_inc_mus_lex_bb_optN_r13.lp
Survey (6),2038,"survey:2038:ext_indep(3,4,empty)",5091090,128390476,131751364,3360888,0.6601509696351862,False,0.45395193900913,False,True,"baseline=contestability_solve_evidence.jsonl#baseline:survey:2038; forced=contestability_solve_evidence.jsonl#challenge:survey:2038:ext_indep(3,4,empty); status=OPTIMUM FOUND; model.optimality_proven=true",False,OPTIMUM FOUND,"ext_indep(3,4,empty)",73,results/paper_aaai2027/frozen/results/final_mcs_experiments_er_sf_alpha001_nowrong_noweight_50rep_chunked/wc_sweep_bnlearn_survey_alpha001_nowrong_noweight_seed2026_2075_20260715_155405/rep13/lps/wc_inc_mus_lex_bb_optN_r13.lp
Survey (6),2038,"survey:2038:ext_indep(3,4,s5)",5743707,128390476,131751364,3360888,0.585142661350936,False,0.6147284107282758,False,True,"baseline=contestability_solve_evidence.jsonl#baseline:survey:2038; forced=contestability_solve_evidence.jsonl#challenge:survey:2038:ext_indep(3,4,s5); status=OPTIMUM FOUND; model.optimality_proven=true",False,OPTIMUM FOUND,"ext_indep(3,4,s5)",76,results/paper_aaai2027/frozen/results/final_mcs_experiments_er_sf_alpha001_nowrong_noweight_50rep_chunked/wc_sweep_bnlearn_survey_alpha001_nowrong_noweight_seed2026_2075_20260715_155405/rep13/lps/wc_inc_mus_lex_bb_optN_r13.lp
Survey (6),2038,"survey:2038:ext_dep(3,5,empty)",9999999,128390476,143309658,14919182,1.4919183491918349,False,2.1502675162628293,False,True,"baseline=contestability_solve_evidence.jsonl#baseline:survey:2038; forced=contestability_solve_evidence.jsonl#challenge:survey:2038:ext_dep(3,5,empty); status=OPTIMUM FOUND; model.optimality_proven=true",False,OPTIMUM FOUND,"ext_dep(3,5,empty)",77,results/paper_aaai2027/frozen/results/final_mcs_experiments_er_sf_alpha001_nowrong_noweight_50rep_chunked/wc_sweep_bnlearn_survey_alpha001_nowrong_noweight_seed2026_2075_20260715_155405/rep13/lps/wc_inc_mus_lex_bb_optN_r13.lp
Survey (6),2038,"survey:2038:ext_dep(3,5,s1)",9999999,128390476,143309658,14919182,1.4919183491918349,False,2.4679360166192055,False,True,"baseline=contestability_solve_evidence.jsonl#baseline:survey:2038; forced=contestability_solve_evidence.jsonl#challenge:survey:2038:ext_dep(3,5,s1); status=OPTIMUM FOUND; model.optimality_proven=true",False,OPTIMUM FOUND,"ext_dep(3,5,s1)",78,results/paper_aaai2027/frozen/results/final_mcs_experiments_er_sf_alpha001_nowrong_noweight_50rep_chunked/wc_sweep_bnlearn_survey_alpha001_nowrong_noweight_seed2026_2075_20260715_155405/rep13/lps/wc_inc_mus_lex_bb_optN_r13.lp
Survey (6),2038,"survey:2038:ext_dep(3,5,s2)",9999999,128390476,143309658,14919182,1.4919183491918349,False,2.5891741439700127,False,True,"baseline=contestability_solve_evidence.jsonl#baseline:survey:2038; forced=contestability_solve_evidence.jsonl#challenge:survey:2038:ext_dep(3,5,s2); status=OPTIMUM FOUND; model.optimality_proven=true",False,OPTIMUM FOUND,"ext_dep(3,5,s2)",79,results/paper_aaai2027/frozen/results/final_mcs_experiments_er_sf_alpha001_nowrong_noweight_50rep_chunked/wc_sweep_bnlearn_survey_alpha001_nowrong_noweight_seed2026_2075_20260715_155405/rep13/lps/wc_inc_mus_lex_bb_optN_r13.lp
Survey (6),2039,"survey:2039:ext_indep(0,2,s5)",5266785,117144077,121928218,4784141,0.9083607931593942,False,1.308021624572575,False,True,"baseline=contestability_solve_evidence.jsonl#baseline:survey:2039; forced=contestability_solve_evidence.jsonl#challenge:survey:2039:ext_indep(0,2,s5); status=OPTIMUM FOUND; model.optimality_proven=true",False,OPTIMUM FOUND,"ext_indep(0,2,s5)",12,results/paper_aaai2027/frozen/results/final_mcs_experiments_er_sf_alpha001_nowrong_noweight_50rep_chunked/wc_sweep_bnlearn_survey_alpha001_nowrong_noweight_seed2026_2075_20260715_155405/rep14/lps/wc_inc_mus_lex_bb_optN_r14.lp
Survey (6),2039,"survey:2039:ext_indep(0,3,s1)",8981157,117144077,122882585,5738508,0.6389497477886201,False,1.336240909062326,False,True,"baseline=contestability_solve_evidence.jsonl#baseline:survey:2039; forced=contestability_solve_evidence.jsonl#challenge:survey:2039:ext_indep(0,3,s1); status=OPTIMUM FOUND; model.optimality_proven=true",False,OPTIMUM FOUND,"ext_indep(0,3,s1)",15,results/paper_aaai2027/frozen/results/final_mcs_experiments_er_sf_alpha001_nowrong_noweight_50rep_chunked/wc_sweep_bnlearn_survey_alpha001_nowrong_noweight_seed2026_2075_20260715_155405/rep14/lps/wc_inc_mus_lex_bb_optN_r14.lp
Survey (6),2039,"survey:2039:ext_dep(1,3,s5)",9735340,117144077,124489372,7345295,0.7544980452660103,False,3.5719377249479294,False,True,"baseline=contestability_solve_evidence.jsonl#baseline:survey:2039; forced=contestability_solve_evidence.jsonl#challenge:survey:2039:ext_dep(1,3,s5); status=OPTIMUM FOUND; model.optimality_proven=true",False,OPTIMUM FOUND,"ext_dep(1,3,s5)",34,results/paper_aaai2027/frozen/results/final_mcs_experiments_er_sf_alpha001_nowrong_noweight_50rep_chunked/wc_sweep_bnlearn_survey_alpha001_nowrong_noweight_seed2026_2075_20260715_155405/rep14/lps/wc_inc_mus_lex_bb_optN_r14.lp
Survey (6),2039,"survey:2039:ext_indep(1,5,s0)",5022891,117144077,124489372,7345295,1.4623640051117972,False,0.587708555161953,False,True,"baseline=contestability_solve_evidence.jsonl#baseline:survey:2039; forced=contestability_solve_evidence.jsonl#challenge:survey:2039:ext_indep(1,5,s0); status=OPTIMUM FOUND; model.optimality_proven=true",False,OPTIMUM FOUND,"ext_indep(1,5,s0)",49,results/paper_aaai2027/frozen/results/final_mcs_experiments_er_sf_alpha001_nowrong_noweight_50rep_chunked/wc_sweep_bnlearn_survey_alpha001_nowrong_noweight_seed2026_2075_20260715_155405/rep14/lps/wc_inc_mus_lex_bb_optN_r14.lp
Survey (6),2039,"survey:2039:ext_indep(1,5,s3)",5054633,117144077,124840678,7696601,1.5226824578559908,False,0.7390501908957958,False,True,"baseline=contestability_solve_evidence.jsonl#baseline:survey:2039; forced=contestability_solve_evidence.jsonl#challenge:survey:2039:ext_indep(1,5,s3); status=OPTIMUM FOUND; model.optimality_proven=true",False,OPTIMUM FOUND,"ext_indep(1,5,s3)",51,results/paper_aaai2027/frozen/results/final_mcs_experiments_er_sf_alpha001_nowrong_noweight_50rep_chunked/wc_sweep_bnlearn_survey_alpha001_nowrong_noweight_seed2026_2075_20260715_155405/rep14/lps/wc_inc_mus_lex_bb_optN_r14.lp
Survey (6),2039,"survey:2039:ext_indep(1,5,s0y2y4)",5065802,117144077,124489372,7345295,1.4499767262913157,False,1.3446781309321523,False,True,"baseline=contestability_solve_evidence.jsonl#baseline:survey:2039; forced=contestability_solve_evidence.jsonl#challenge:survey:2039:ext_indep(1,5,s0y2y4); status=OPTIMUM FOUND; model.optimality_proven=true",False,OPTIMUM FOUND,"ext_indep(1,5,s0y2y4)",54,results/paper_aaai2027/frozen/results/final_mcs_experiments_er_sf_alpha001_nowrong_noweight_50rep_chunked/wc_sweep_bnlearn_survey_alpha001_nowrong_noweight_seed2026_2075_20260715_155405/rep14/lps/wc_inc_mus_lex_bb_optN_r14.lp
Survey (6),2039,"survey:2039:ext_indep(1,5,s0y2y3)",5157539,117144077,124489372,7345295,1.4241860313610812,False,1.7429096447303891,False,True,"baseline=contestability_solve_evidence.jsonl#baseline:survey:2039; forced=contestability_solve_evidence.jsonl#challenge:survey:2039:ext_indep(1,5,s0y2y3); status=OPTIMUM FOUND; model.optimality_proven=true",False,OPTIMUM FOUND,"ext_indep(1,5,s0y2y3)",55,results/paper_aaai2027/frozen/results/final_mcs_experiments_er_sf_alpha001_nowrong_noweight_50rep_chunked/wc_sweep_bnlearn_survey_alpha001_nowrong_noweight_seed2026_2075_20260715_155405/rep14/lps/wc_inc_mus_lex_bb_optN_r14.lp
Survey (6),2039,"survey:2039:ext_indep(1,5,s2y3)",5000417,117144077,124840678,7696601,1.5391918314012611,False,0.9905506875365973,False,True,"baseline=contestability_solve_evidence.jsonl#baseline:survey:2039; forced=contestability_solve_evidence.jsonl#challenge:survey:2039:ext_indep(1,5,s2y3); status=OPTIMUM FOUND; model.optimality_proven=true",False,OPTIMUM FOUND,"ext_indep(1,5,s2y3)",56,results/paper_aaai2027/frozen/results/final_mcs_experiments_er_sf_alpha001_nowrong_noweight_50rep_chunked/wc_sweep_bnlearn_survey_alpha001_nowrong_noweight_seed2026_2075_20260715_155405/rep14/lps/wc_inc_mus_lex_bb_optN_r14.lp
Survey (6),2039,"survey:2039:ext_indep(1,5,s0y2y3y4)",5044485,117144077,124489372,7345295,1.4561040423353424,False,1.7146137030795217,False,True,"baseline=contestability_solve_evidence.jsonl#baseline:survey:2039; forced=contestability_solve_evidence.jsonl#challenge:survey:2039:ext_indep(1,5,s0y2y3y4); status=OPTIMUM FOUND; model.optimality_proven=true",False,OPTIMUM FOUND,"ext_indep(1,5,s0y2y3y4)",57,results/paper_aaai2027/frozen/results/final_mcs_experiments_er_sf_alpha001_nowrong_noweight_50rep_chunked/wc_sweep_bnlearn_survey_alpha001_nowrong_noweight_seed2026_2075_20260715_155405/rep14/lps/wc_inc_mus_lex_bb_optN_r14.lp
Survey (6),2039,"survey:2039:ext_indep(1,5,s0y4)",5103471,117144077,124489372,7345295,1.439274368366157,False,1.474635706283152,False,True,"baseline=contestability_solve_evidence.jsonl#baseline:survey:2039; forced=contestability_solve_evidence.jsonl#challenge:survey:2039:ext_indep(1,5,s0y4); status=OPTIMUM FOUND; model.optimality_proven=true",False,OPTIMUM FOUND,"ext_indep(1,5,s0y4)",60,results/paper_aaai2027/frozen/results/final_mcs_experiments_er_sf_alpha001_nowrong_noweight_50rep_chunked/wc_sweep_bnlearn_survey_alpha001_nowrong_noweight_seed2026_2075_20260715_155405/rep14/lps/wc_inc_mus_lex_bb_optN_r14.lp
Survey (6),2039,"survey:2039:ext_indep(1,5,s0y3y4)",5062989,117144077,124489372,7345295,1.450782334308844,False,1.593637926504016,False,True,"baseline=contestability_solve_evidence.jsonl#baseline:survey:2039; forced=contestability_solve_evidence.jsonl#challenge:survey:2039:ext_indep(1,5,s0y3y4); status=OPTIMUM FOUND; model.optimality_proven=true",False,OPTIMUM FOUND,"ext_indep(1,5,s0y3y4)",62,results/paper_aaai2027/frozen/results/final_mcs_experiments_er_sf_alpha001_nowrong_noweight_50rep_chunked/wc_sweep_bnlearn_survey_alpha001_nowrong_noweight_seed2026_2075_20260715_155405/rep14/lps/wc_inc_mus_lex_bb_optN_r14.lp
Survey (6),2039,"survey:2039:ext_indep(1,5,s0y3)",5688259,117144077,124489372,7345295,1.2913081137831453,False,1.1694005001336336,False,True,"baseline=contestability_solve_evidence.jsonl#baseline:survey:2039; forced=contestability_solve_evidence.jsonl#challenge:survey:2039:ext_indep(1,5,s0y3); status=OPTIMUM FOUND; model.optimality_proven=true",False,OPTIMUM FOUND,"ext_indep(1,5,s0y3)",63,results/paper_aaai2027/frozen/results/final_mcs_experiments_er_sf_alpha001_nowrong_noweight_50rep_chunked/wc_sweep_bnlearn_survey_alpha001_nowrong_noweight_seed2026_2075_20260715_155405/rep14/lps/wc_inc_mus_lex_bb_optN_r14.lp
Survey (6),2039,"survey:2039:ext_indep(2,3,empty)",9770450,117144077,125423359,8279282,0.8473798033867427,False,1.049232973717153,False,True,"baseline=contestability_solve_evidence.jsonl#baseline:survey:2039; forced=contestability_solve_evidence.jsonl#challenge:survey:2039:ext_indep(2,3,empty); status=OPTIMUM FOUND; model.optimality_proven=true",False,OPTIMUM FOUND,"ext_indep(2,3,empty)",64,results/paper_aaai2027/frozen/results/final_mcs_experiments_er_sf_alpha001_nowrong_noweight_50rep_chunked/wc_sweep_bnlearn_survey_alpha001_nowrong_noweight_seed2026_2075_20260715_155405/rep14/lps/wc_inc_mus_lex_bb_optN_r14.lp
Survey (6),2039,"survey:2039:ext_indep(2,4,empty)",8537009,117144077,121928218,4784141,0.5604001354572778,False,0.9920934187248349,False,True,"baseline=contestability_solve_evidence.jsonl#baseline:survey:2039; forced=contestability_solve_evidence.jsonl#challenge:survey:2039:ext_indep(2,4,empty); status=OPTIMUM FOUND; model.optimality_proven=true",False,OPTIMUM FOUND,"ext_indep(2,4,empty)",68,results/paper_aaai2027/frozen/results/final_mcs_experiments_er_sf_alpha001_nowrong_noweight_50rep_chunked/wc_sweep_bnlearn_survey_alpha001_nowrong_noweight_seed2026_2075_20260715_155405/rep14/lps/wc_inc_mus_lex_bb_optN_r14.lp
Survey (6),2039,"survey:2039:ext_indep(2,4,s5)",9652039,117144077,121928218,4784141,0.49566117584066954,False,1.286131227388978,False,True,"baseline=contestability_solve_evidence.jsonl#baseline:survey:2039; forced=contestability_solve_evidence.jsonl#challenge:survey:2039:ext_indep(2,4,s5); status=OPTIMUM FOUND; model.optimality_proven=true",False,OPTIMUM FOUND,"ext_indep(2,4,s5)",71,results/paper_aaai2027/frozen/results/final_mcs_experiments_er_sf_alpha001_nowrong_noweight_50rep_chunked/wc_sweep_bnlearn_survey_alpha001_nowrong_noweight_seed2026_2075_20260715_155405/rep14/lps/wc_inc_mus_lex_bb_optN_r14.lp
Survey (6),2039,"survey:2039:ext_dep(2,5,s1)",9800639,117144077,121928218,4784141,0.4881458239610703,False,3.513521452434361,False,True,"baseline=contestability_solve_evidence.jsonl#baseline:survey:2039; forced=contestability_solve_evidence.jsonl#challenge:survey:2039:ext_dep(2,5,s1); status=OPTIMUM FOUND; model.optimality_proven=true",False,OPTIMUM FOUND,"ext_dep(2,5,s1)",74,results/paper_aaai2027/frozen/results/final_mcs_experiments_er_sf_alpha001_nowrong_noweight_50rep_chunked/wc_sweep_bnlearn_survey_alpha001_nowrong_noweight_seed2026_2075_20260715_155405/rep14/lps/wc_inc_mus_lex_bb_optN_r14.lp
Survey (6),2039,"survey:2039:ext_indep(3,4,s1)",9200172,117144077,122882585,5738508,0.6237392083539308,False,1.1854004729539156,False,True,"baseline=contestability_solve_evidence.jsonl#baseline:survey:2039; forced=contestability_solve_evidence.jsonl#challenge:survey:2039:ext_indep(3,4,s1); status=OPTIMUM FOUND; model.optimality_proven=true",False,OPTIMUM FOUND,"ext_indep(3,4,s1)",77,results/paper_aaai2027/frozen/results/final_mcs_experiments_er_sf_alpha001_nowrong_noweight_50rep_chunked/wc_sweep_bnlearn_survey_alpha001_nowrong_noweight_seed2026_2075_20260715_155405/rep14/lps/wc_inc_mus_lex_bb_optN_r14.lp
Survey (6),2040,"survey:2040:ext_indep(0,2,empty)",5422780,88495891,90094215,1598324,0.29474254902467,False,0.38696769811213017,False,True,"baseline=contestability_solve_evidence.jsonl#baseline:survey:2040; forced=contestability_solve_evidence.jsonl#challenge:survey:2040:ext_indep(0,2,empty); status=OPTIMUM FOUND; model.optimality_proven=true",False,OPTIMUM FOUND,"ext_indep(0,2,empty)",5,results/paper_aaai2027/frozen/results/final_mcs_experiments_er_sf_alpha001_nowrong_noweight_50rep_chunked/wc_sweep_bnlearn_survey_alpha001_nowrong_noweight_seed2026_2075_20260715_155405/rep15/lps/wc_inc_mus_lex_bb_optN_r15.lp
Survey (6),2040,"survey:2040:ext_indep(0,2,s5)",6307424,88495891,90094215,1598324,0.25340360819250457,False,0.5475718257948756,False,True,"baseline=contestability_solve_evidence.jsonl#baseline:survey:2040; forced=contestability_solve_evidence.jsonl#challenge:survey:2040:ext_indep(0,2,s5); status=OPTIMUM FOUND; model.optimality_proven=true",False,OPTIMUM FOUND,"ext_indep(0,2,s5)",8,results/paper_aaai2027/frozen/results/final_mcs_experiments_er_sf_alpha001_nowrong_noweight_50rep_chunked/wc_sweep_bnlearn_survey_alpha001_nowrong_noweight_seed2026_2075_20260715_155405/rep15/lps/wc_inc_mus_lex_bb_optN_r15.lp
Survey (6),2040,"survey:2040:ext_dep(1,3,empty)",9964204,88495891,89801777,1305886,0.13105773426557707,False,1.307329942472279,False,True,"baseline=contestability_solve_evidence.jsonl#baseline:survey:2040; forced=contestability_solve_evidence.jsonl#challenge:survey:2040:ext_dep(1,3,empty); status=OPTIMUM FOUND; model.optimality_proven=true",False,OPTIMUM FOUND,"ext_dep(1,3,empty)",20,results/paper_aaai2027/frozen/results/final_mcs_experiments_er_sf_alpha001_nowrong_noweight_50rep_chunked/wc_sweep_bnlearn_survey_alpha001_nowrong_noweight_seed2026_2075_20260715_155405/rep15/lps/wc_inc_mus_lex_bb_optN_r15.lp
Survey (6),2040,"survey:2040:ext_dep(1,3,s0)",9548602,88495891,89801777,1305886,0.1367620097685504,False,1.5732127763330936,False,True,"baseline=contestability_solve_evidence.jsonl#baseline:survey:2040; forced=contestability_solve_evidence.jsonl#challenge:survey:2040:ext_dep(1,3,s0); status=OPTIMUM FOUND; model.optimality_proven=true",False,OPTIMUM FOUND,"ext_dep(1,3,s0)",21,results/paper_aaai2027/frozen/results/final_mcs_experiments_er_sf_alpha001_nowrong_noweight_50rep_chunked/wc_sweep_bnlearn_survey_alpha001_nowrong_noweight_seed2026_2075_20260715_155405/rep15/lps/wc_inc_mus_lex_bb_optN_r15.lp
Survey (6),2040,"survey:2040:ext_dep(1,3,s2)",9837174,88495891,89801777,1305886,0.13275011705597564,False,1.0866270922124386,False,True,"baseline=contestability_solve_evidence.jsonl#baseline:survey:2040; forced=contestability_solve_evidence.jsonl#challenge:survey:2040:ext_dep(1,3,s2); status=OPTIMUM FOUND; model.optimality_proven=true",False,OPTIMUM FOUND,"ext_dep(1,3,s2)",22,results/paper_aaai2027/frozen/results/final_mcs_experiments_er_sf_alpha001_nowrong_noweight_50rep_chunked/wc_sweep_bnlearn_survey_alpha001_nowrong_noweight_seed2026_2075_20260715_155405/rep15/lps/wc_inc_mus_lex_bb_optN_r15.lp
Survey (6),2040,"survey:2040:ext_dep(1,3,s5)",9544261,88495891,89801777,1305886,0.13682421300088085,False,1.6349570341408253,False,True,"baseline=contestability_solve_evidence.jsonl#baseline:survey:2040; forced=contestability_solve_evidence.jsonl#challenge:survey:2040:ext_dep(1,3,s5); status=OPTIMUM FOUND; model.optimality_proven=true",False,OPTIMUM FOUND,"ext_dep(1,3,s5)",23,results/paper_aaai2027/frozen/results/final_mcs_experiments_er_sf_alpha001_nowrong_noweight_50rep_chunked/wc_sweep_bnlearn_survey_alpha001_nowrong_noweight_seed2026_2075_20260715_155405/rep15/lps/wc_inc_mus_lex_bb_optN_r15.lp
Survey (6),2040,"survey:2040:ext_dep(1,3,s0y2)",8596810,88495891,89801777,1305886,0.15190355492327967,False,1.4882466942071915,False,True,"baseline=contestability_solve_evidence.jsonl#baseline:survey:2040; forced=contestability_solve_evidence.jsonl#challenge:survey:2040:ext_dep(1,3,s0y2); status=OPTIMUM FOUND; model.optimality_proven=true",False,OPTIMUM FOUND,"ext_dep(1,3,s0y2)",24,results/paper_aaai2027/frozen/results/final_mcs_experiments_er_sf_alpha001_nowrong_noweight_50rep_chunked/wc_sweep_bnlearn_survey_alpha001_nowrong_noweight_seed2026_2075_20260715_155405/rep15/lps/wc_inc_mus_lex_bb_optN_r15.lp
Survey (6),2040,"survey:2040:ext_dep(2,5,empty)",9903640,88495891,90094215,1598324,0.1613875302414062,False,1.278740020468831,False,True,"baseline=contestability_solve_evidence.jsonl#baseline:survey:2040; forced=contestability_solve_evidence.jsonl#challenge:survey:2040:ext_dep(2,5,empty); status=OPTIMUM FOUND; model.optimality_proven=true",False,OPTIMUM FOUND,"ext_dep(2,5,empty)",39,results/paper_aaai2027/frozen/results/final_mcs_experiments_er_sf_alpha001_nowrong_noweight_50rep_chunked/wc_sweep_bnlearn_survey_alpha001_nowrong_noweight_seed2026_2075_20260715_155405/rep15/lps/wc_inc_mus_lex_bb_optN_r15.lp
Survey (6),2040,"survey:2040:ext_dep(2,5,s1)",9429953,88495891,90094215,1598324,0.16949437605892628,False,1.3113537495955825,False,True,"baseline=contestability_solve_evidence.jsonl#baseline:survey:2040; forced=contestability_solve_evidence.jsonl#challenge:survey:2040:ext_dep(2,5,s1); status=OPTIMUM FOUND; model.optimality_proven=true",False,OPTIMUM FOUND,"ext_dep(2,5,s1)",40,results/paper_aaai2027/frozen/results/final_mcs_experiments_er_sf_alpha001_nowrong_noweight_50rep_chunked/wc_sweep_bnlearn_survey_alpha001_nowrong_noweight_seed2026_2075_20260715_155405/rep15/lps/wc_inc_mus_lex_bb_optN_r15.lp
Survey (6),2040,"survey:2040:ext_dep(2,5,s3)",9941043,88495891,89801777,1305886,0.131363077294807,False,1.3006069352850318,False,True,"baseline=contestability_solve_evidence.jsonl#baseline:survey:2040; forced=contestability_solve_evidence.jsonl#challenge:survey:2040:ext_dep(2,5,s3); status=OPTIMUM FOUND; model.optimality_proven=true",False,OPTIMUM FOUND,"ext_dep(2,5,s3)",41,results/paper_aaai2027/frozen/results/final_mcs_experiments_er_sf_alpha001_nowrong_noweight_50rep_chunked/wc_sweep_bnlearn_survey_alpha001_nowrong_noweight_seed2026_2075_20260715_155405/rep15/lps/wc_inc_mus_lex_bb_optN_r15.lp
Survey (6),2041,"survey:2041:ext_indep(0,2,s1)",8523560,26729110,32387946,5658836,0.663905222700374,False,0.04803230054676533,False,True,"baseline=contestability_solve_evidence.jsonl#baseline:survey:2041; forced=contestability_solve_evidence.jsonl#challenge:survey:2041:ext_indep(0,2,s1); status=OPTIMUM FOUND; model.optimality_proven=true",False,OPTIMUM FOUND,"ext_indep(0,2,s1)",9,results/paper_aaai2027/frozen/results/final_mcs_experiments_er_sf_alpha001_nowrong_noweight_50rep_chunked/wc_sweep_bnlearn_survey_alpha001_nowrong_noweight_seed2026_2075_20260715_155405/rep16/lps/wc_inc_mus_lex_bb_optN_r16.lp
Survey (6),2041,"survey:2041:ext_indep(1,3,s0y4)",5028777,26729110,28688467,1959357,0.3896289296582449,False,0.03652085643261671,False,True,"baseline=contestability_solve_evidence.jsonl#baseline:survey:2041; forced=contestability_solve_evidence.jsonl#challenge:survey:2041:ext_indep(1,3,s0y4); status=OPTIMUM FOUND; model.optimality_proven=true",False,OPTIMUM FOUND,"ext_indep(1,3,s0y4)",27,results/paper_aaai2027/frozen/results/final_mcs_experiments_er_sf_alpha001_nowrong_noweight_50rep_chunked/wc_sweep_bnlearn_survey_alpha001_nowrong_noweight_seed2026_2075_20260715_155405/rep16/lps/wc_inc_mus_lex_bb_optN_r16.lp
Survey (6),2041,"survey:2041:ext_indep(1,5,empty)",7385488,26729110,28688467,1959357,0.26529824434079374,False,0.035838013514876366,False,True,"baseline=contestability_solve_evidence.jsonl#baseline:survey:2041; forced=contestability_solve_evidence.jsonl#challenge:survey:2041:ext_indep(1,5,empty); status=OPTIMUM FOUND; model.optimality_proven=true",False,OPTIMUM FOUND,"ext_indep(1,5,empty)",36,results/paper_aaai2027/frozen/results/final_mcs_experiments_er_sf_alpha001_nowrong_noweight_50rep_chunked/wc_sweep_bnlearn_survey_alpha001_nowrong_noweight_seed2026_2075_20260715_155405/rep16/lps/wc_inc_mus_lex_bb_optN_r16.lp
Survey (6),2041,"survey:2041:ext_indep(2,4,s1)",5791285,26729110,32387946,5658836,0.9771296007708133,False,0.052712876349687576,False,True,"baseline=contestability_solve_evidence.jsonl#baseline:survey:2041; forced=contestability_solve_evidence.jsonl#challenge:survey:2041:ext_indep(2,4,s1); status=OPTIMUM FOUND; model.optimality_proven=true",False,OPTIMUM FOUND,"ext_indep(2,4,s1)",39,results/paper_aaai2027/frozen/results/final_mcs_experiments_er_sf_alpha001_nowrong_noweight_50rep_chunked/wc_sweep_bnlearn_survey_alpha001_nowrong_noweight_seed2026_2075_20260715_155405/rep16/lps/wc_inc_mus_lex_bb_optN_r16.lp
Survey (6),2042,"survey:2042:ext_indep(0,2,s1)",9900977,14963482,20432470,5468988,0.5523685187835503,False,0.013846035115420818,False,True,"baseline=contestability_solve_evidence.jsonl#baseline:survey:2042; forced=contestability_solve_evidence.jsonl#challenge:survey:2042:ext_indep(0,2,s1); status=OPTIMUM FOUND; model.optimality_proven=true",False,OPTIMUM FOUND,"ext_indep(0,2,s1)",5,results/paper_aaai2027/frozen/results/final_mcs_experiments_er_sf_alpha001_nowrong_noweight_50rep_chunked/wc_sweep_bnlearn_survey_alpha001_nowrong_noweight_seed2026_2075_20260715_155405/rep17/lps/wc_inc_mus_lex_bb_optN_r17.lp
Survey (6),2042,"survey:2042:ext_indep(1,4,s2)",5062505,14963482,15848476,884994,0.17481345697436348,False,0.01251793373376131,False,True,"baseline=contestability_solve_evidence.jsonl#baseline:survey:2042; forced=contestability_solve_evidence.jsonl#challenge:survey:2042:ext_indep(1,4,s2); status=OPTIMUM FOUND; model.optimality_proven=true",False,OPTIMUM FOUND,"ext_indep(1,4,s2)",15,results/paper_aaai2027/frozen/results/final_mcs_experiments_er_sf_alpha001_nowrong_noweight_50rep_chunked/wc_sweep_bnlearn_survey_alpha001_nowrong_noweight_seed2026_2075_20260715_155405/rep17/lps/wc_inc_mus_lex_bb_optN_r17.lp
Survey (6),2043,"survey:2043:ext_indep(0,2,s1)",5986344,12904650,14518820,1614170,0.269642038613217,False,0.01201850175857544,False,True,"baseline=contestability_solve_evidence.jsonl#baseline:survey:2043; forced=contestability_solve_evidence.jsonl#challenge:survey:2043:ext_indep(0,2,s1); status=OPTIMUM FOUND; model.optimality_proven=true",False,OPTIMUM FOUND,"ext_indep(0,2,s1)",4,results/paper_aaai2027/frozen/results/final_mcs_experiments_er_sf_alpha001_nowrong_noweight_50rep_chunked/wc_sweep_bnlearn_survey_alpha001_nowrong_noweight_seed2026_2075_20260715_155405/rep18/lps/wc_inc_mus_lex_bb_optN_r18.lp
Survey (6),2043,"survey:2043:ext_dep(2,5,empty)",6918306,12904650,18989083,6084433,0.8794686155830632,False,0.015136362984776497,False,True,"baseline=contestability_solve_evidence.jsonl#baseline:survey:2043; forced=contestability_solve_evidence.jsonl#challenge:survey:2043:ext_dep(2,5,empty); status=OPTIMUM FOUND; model.optimality_proven=true",False,OPTIMUM FOUND,"ext_dep(2,5,empty)",16,results/paper_aaai2027/frozen/results/final_mcs_experiments_er_sf_alpha001_nowrong_noweight_50rep_chunked/wc_sweep_bnlearn_survey_alpha001_nowrong_noweight_seed2026_2075_20260715_155405/rep18/lps/wc_inc_mus_lex_bb_optN_r18.lp
Survey (6),2044,"survey:2044:ext_dep(1,2,empty)",9999405,64929975,68489965,3559990,0.35602018320090045,False,0.5042624836787581,False,True,"baseline=contestability_solve_evidence.jsonl#baseline:survey:2044; forced=contestability_solve_evidence.jsonl#challenge:survey:2044:ext_dep(1,2,empty); status=OPTIMUM FOUND; model.optimality_proven=true",False,OPTIMUM FOUND,"ext_dep(1,2,empty)",13,results/paper_aaai2027/frozen/results/final_mcs_experiments_er_sf_alpha001_nowrong_noweight_50rep_chunked/wc_sweep_bnlearn_survey_alpha001_nowrong_noweight_seed2026_2075_20260715_155405/rep19/lps/wc_inc_mus_lex_bb_optN_r19.lp
Survey (6),2044,"survey:2044:ext_dep(1,2,s0)",9977321,64929975,68489965,3559990,0.3568082053288653,False,0.43706031516194344,False,True,"baseline=contestability_solve_evidence.jsonl#baseline:survey:2044; forced=contestability_solve_evidence.jsonl#challenge:survey:2044:ext_dep(1,2,s0); status=OPTIMUM FOUND; model.optimality_proven=true",False,OPTIMUM FOUND,"ext_dep(1,2,s0)",14,results/paper_aaai2027/frozen/results/final_mcs_experiments_er_sf_alpha001_nowrong_noweight_50rep_chunked/wc_sweep_bnlearn_survey_alpha001_nowrong_noweight_seed2026_2075_20260715_155405/rep19/lps/wc_inc_mus_lex_bb_optN_r19.lp
Survey (6),2044,"survey:2044:ext_dep(1,2,s4)",9997151,64929975,68489965,3559990,0.3561004530190651,False,0.4981566471979022,False,True,"baseline=contestability_solve_evidence.jsonl#baseline:survey:2044; forced=contestability_solve_evidence.jsonl#challenge:survey:2044:ext_dep(1,2,s4); status=OPTIMUM FOUND; model.optimality_proven=true",False,OPTIMUM FOUND,"ext_dep(1,2,s4)",15,results/paper_aaai2027/frozen/results/final_mcs_experiments_er_sf_alpha001_nowrong_noweight_50rep_chunked/wc_sweep_bnlearn_survey_alpha001_nowrong_noweight_seed2026_2075_20260715_155405/rep19/lps/wc_inc_mus_lex_bb_optN_r19.lp
Survey (6),2044,"survey:2044:ext_dep(1,2,s3)",9996272,64929975,68489965,3559990,0.35613176592233586,False,0.4929182892665267,False,True,"baseline=contestability_solve_evidence.jsonl#baseline:survey:2044; forced=contestability_solve_evidence.jsonl#challenge:survey:2044:ext_dep(1,2,s3); status=OPTIMUM FOUND; model.optimality_proven=true",False,OPTIMUM FOUND,"ext_dep(1,2,s3)",16,results/paper_aaai2027/frozen/results/final_mcs_experiments_er_sf_alpha001_nowrong_noweight_50rep_chunked/wc_sweep_bnlearn_survey_alpha001_nowrong_noweight_seed2026_2075_20260715_155405/rep19/lps/wc_inc_mus_lex_bb_optN_r19.lp
Survey (6),2044,"survey:2044:ext_dep(1,2,s5)",9975888,64929975,68489965,3559990,0.35685945952881587,False,0.4756584260612726,False,True,"baseline=contestability_solve_evidence.jsonl#baseline:survey:2044; forced=contestability_solve_evidence.jsonl#challenge:survey:2044:ext_dep(1,2,s5); status=OPTIMUM FOUND; model.optimality_proven=true",False,OPTIMUM FOUND,"ext_dep(1,2,s5)",17,results/paper_aaai2027/frozen/results/final_mcs_experiments_er_sf_alpha001_nowrong_noweight_50rep_chunked/wc_sweep_bnlearn_survey_alpha001_nowrong_noweight_seed2026_2075_20260715_155405/rep19/lps/wc_inc_mus_lex_bb_optN_r19.lp
Survey (6),2044,"survey:2044:ext_dep(1,2,s0y4)",9939663,64929975,68489965,3559990,0.35816003017406123,False,0.39179400727152824,False,True,"baseline=contestability_solve_evidence.jsonl#baseline:survey:2044; forced=contestability_solve_evidence.jsonl#challenge:survey:2044:ext_dep(1,2,s0y4); status=OPTIMUM FOUND; model.optimality_proven=true",False,OPTIMUM FOUND,"ext_dep(1,2,s0y4)",18,results/paper_aaai2027/frozen/results/final_mcs_experiments_er_sf_alpha001_nowrong_noweight_50rep_chunked/wc_sweep_bnlearn_survey_alpha001_nowrong_noweight_seed2026_2075_20260715_155405/rep19/lps/wc_inc_mus_lex_bb_optN_r19.lp
Survey (6),2044,"survey:2044:ext_indep(2,3,s1)",5044275,64929975,68489965,3559990,0.7057485961808189,False,0.19921340234577656,False,True,"baseline=contestability_solve_evidence.jsonl#baseline:survey:2044; forced=contestability_solve_evidence.jsonl#challenge:survey:2044:ext_indep(2,3,s1); status=OPTIMUM FOUND; model.optimality_proven=true",False,OPTIMUM FOUND,"ext_indep(2,3,s1)",35,results/paper_aaai2027/frozen/results/final_mcs_experiments_er_sf_alpha001_nowrong_noweight_50rep_chunked/wc_sweep_bnlearn_survey_alpha001_nowrong_noweight_seed2026_2075_20260715_155405/rep19/lps/wc_inc_mus_lex_bb_optN_r19.lp
Survey (6),2045,"survey:2045:ext_indep(0,2,s5)",5062267,85047240,102026614,16979374,3.354104791390893,False,1.218819280155003,False,True,"baseline=contestability_solve_evidence.jsonl#baseline:survey:2045; forced=contestability_solve_evidence.jsonl#challenge:survey:2045:ext_indep(0,2,s5); status=OPTIMUM FOUND; model.optimality_proven=true",False,OPTIMUM FOUND,"ext_indep(0,2,s5)",8,results/paper_aaai2027/frozen/results/final_mcs_experiments_er_sf_alpha001_nowrong_noweight_50rep_chunked/wc_sweep_bnlearn_survey_alpha001_nowrong_noweight_seed2026_2075_20260715_155405/rep20/lps/wc_inc_mus_lex_bb_optN_r20.lp
Survey (6),2045,"survey:2045:ext_indep(0,3,s1)",5843124,85047240,94672733,9625493,1.6473196529801524,False,0.812808008864522,False,True,"baseline=contestability_solve_evidence.jsonl#baseline:survey:2045; forced=contestability_solve_evidence.jsonl#challenge:survey:2045:ext_indep(0,3,s1); status=OPTIMUM FOUND; model.optimality_proven=true",False,OPTIMUM FOUND,"ext_indep(0,3,s1)",10,results/paper_aaai2027/frozen/results/final_mcs_experiments_er_sf_alpha001_nowrong_noweight_50rep_chunked/wc_sweep_bnlearn_survey_alpha001_nowrong_noweight_seed2026_2075_20260715_155405/rep20/lps/wc_inc_mus_lex_bb_optN_r20.lp
Survey (6),2045,"survey:2045:ext_indep(0,3,s1y5)",9357972,85047240,94672733,9625493,1.0285874973765683,False,1.321480649523437,False,True,"baseline=contestability_solve_evidence.jsonl#baseline:survey:2045; forced=contestability_solve_evidence.jsonl#challenge:survey:2045:ext_indep(0,3,s1y5); status=OPTIMUM FOUND; model.optimality_proven=true",False,OPTIMUM FOUND,"ext_indep(0,3,s1y5)",11,results/paper_aaai2027/frozen/results/final_mcs_experiments_er_sf_alpha001_nowrong_noweight_50rep_chunked/wc_sweep_bnlearn_survey_alpha001_nowrong_noweight_seed2026_2075_20260715_155405/rep20/lps/wc_inc_mus_lex_bb_optN_r20.lp
Survey (6),2045,"survey:2045:ext_dep(1,4,empty)",5296789,85047240,85866374,819134,0.15464727781302975,False,1.0073403911665082,False,True,"baseline=contestability_solve_evidence.jsonl#baseline:survey:2045; forced=contestability_solve_evidence.jsonl#challenge:survey:2045:ext_dep(1,4,empty); status=OPTIMUM FOUND; model.optimality_proven=true",False,OPTIMUM FOUND,"ext_dep(1,4,empty)",27,results/paper_aaai2027/frozen/results/final_mcs_experiments_er_sf_alpha001_nowrong_noweight_50rep_chunked/wc_sweep_bnlearn_survey_alpha001_nowrong_noweight_seed2026_2075_20260715_155405/rep20/lps/wc_inc_mus_lex_bb_optN_r20.lp
Survey (6),2045,"survey:2045:ext_dep(1,4,s0)",9999949,85047240,85866374,819134,0.08191381776047058,False,1.2574821952730417,False,True,"baseline=contestability_solve_evidence.jsonl#baseline:survey:2045; forced=contestability_solve_evidence.jsonl#challenge:survey:2045:ext_dep(1,4,s0); status=OPTIMUM FOUND; model.optimality_proven=true",False,OPTIMUM FOUND,"ext_dep(1,4,s0)",28,results/paper_aaai2027/frozen/results/final_mcs_experiments_er_sf_alpha001_nowrong_noweight_50rep_chunked/wc_sweep_bnlearn_survey_alpha001_nowrong_noweight_seed2026_2075_20260715_155405/rep20/lps/wc_inc_mus_lex_bb_optN_r20.lp
Survey (6),2045,"survey:2045:ext_indep(1,5,empty)",5325845,85047240,101192463,16145223,3.031485707901751,False,0.848995903506875,False,True,"baseline=contestability_solve_evidence.jsonl#baseline:survey:2045; forced=contestability_solve_evidence.jsonl#challenge:survey:2045:ext_indep(1,5,empty); status=OPTIMUM FOUND; model.optimality_proven=true",False,OPTIMUM FOUND,"ext_indep(1,5,empty)",31,results/paper_aaai2027/frozen/results/final_mcs_experiments_er_sf_alpha001_nowrong_noweight_50rep_chunked/wc_sweep_bnlearn_survey_alpha001_nowrong_noweight_seed2026_2075_20260715_155405/rep20/lps/wc_inc_mus_lex_bb_optN_r20.lp
Survey (6),2045,"survey:2045:ext_indep(1,5,s2)",7167424,85047240,101192463,16145223,2.2525837734728684,False,0.9793298440054059,False,True,"baseline=contestability_solve_evidence.jsonl#baseline:survey:2045; forced=contestability_solve_evidence.jsonl#challenge:survey:2045:ext_indep(1,5,s2); status=OPTIMUM FOUND; model.optimality_proven=true",False,OPTIMUM FOUND,"ext_indep(1,5,s2)",36,results/paper_aaai2027/frozen/results/final_mcs_experiments_er_sf_alpha001_nowrong_noweight_50rep_chunked/wc_sweep_bnlearn_survey_alpha001_nowrong_noweight_seed2026_2075_20260715_155405/rep20/lps/wc_inc_mus_lex_bb_optN_r20.lp
Survey (6),2045,"survey:2045:ext_indep(1,5,s0y2)",6570561,85047240,100884201,15836961,2.410290536835439,False,1.5599660882726312,False,True,"baseline=contestability_solve_evidence.jsonl#baseline:survey:2045; forced=contestability_solve_evidence.jsonl#challenge:survey:2045:ext_indep(1,5,s0y2); status=OPTIMUM FOUND; model.optimality_proven=true",False,OPTIMUM FOUND,"ext_indep(1,5,s0y2)",37,results/paper_aaai2027/frozen/results/final_mcs_experiments_er_sf_alpha001_nowrong_noweight_50rep_chunked/wc_sweep_bnlearn_survey_alpha001_nowrong_noweight_seed2026_2075_20260715_155405/rep20/lps/wc_inc_mus_lex_bb_optN_r20.lp
Survey (6),2045,"survey:2045:ext_indep(1,5,s0)",5343252,85047240,100884201,15836961,2.9639180409233927,False,1.0443240692839026,False,True,"baseline=contestability_solve_evidence.jsonl#baseline:survey:2045; forced=contestability_solve_evidence.jsonl#challenge:survey:2045:ext_indep(1,5,s0); status=OPTIMUM FOUND; model.optimality_proven=true",False,OPTIMUM FOUND,"ext_indep(1,5,s0)",38,results/paper_aaai2027/frozen/results/final_mcs_experiments_er_sf_alpha001_nowrong_noweight_50rep_chunked/wc_sweep_bnlearn_survey_alpha001_nowrong_noweight_seed2026_2075_20260715_155405/rep20/lps/wc_inc_mus_lex_bb_optN_r20.lp
Survey (6),2045,"survey:2045:ext_indep(2,3,empty)",8490930,85047240,102026614,16979374,1.999707216995076,False,0.8316794075071812,False,True,"baseline=contestability_solve_evidence.jsonl#baseline:survey:2045; forced=contestability_solve_evidence.jsonl#challenge:survey:2045:ext_indep(2,3,empty); status=OPTIMUM FOUND; model.optimality_proven=true",False,OPTIMUM FOUND,"ext_indep(2,3,empty)",39,results/paper_aaai2027/frozen/results/final_mcs_experiments_er_sf_alpha001_nowrong_noweight_50rep_chunked/wc_sweep_bnlearn_survey_alpha001_nowrong_noweight_seed2026_2075_20260715_155405/rep20/lps/wc_inc_mus_lex_bb_optN_r20.lp
Survey (6),2045,"survey:2045:ext_indep(2,3,s5)",7844069,85047240,97352154,12304914,1.5686901785285163,False,1.144727316685021,False,True,"baseline=contestability_solve_evidence.jsonl#baseline:survey:2045; forced=contestability_solve_evidence.jsonl#challenge:survey:2045:ext_indep(2,3,s5); status=OPTIMUM FOUND; model.optimality_proven=true",False,OPTIMUM FOUND,"ext_indep(2,3,s5)",42,results/paper_aaai2027/frozen/results/final_mcs_experiments_er_sf_alpha001_nowrong_noweight_50rep_chunked/wc_sweep_bnlearn_survey_alpha001_nowrong_noweight_seed2026_2075_20260715_155405/rep20/lps/wc_inc_mus_lex_bb_optN_r20.lp
Survey (6),2045,"survey:2045:ext_dep(2,5,s3)",8745058,85047240,97352154,12304914,1.4070705991887076,False,2.7154322965070605,False,True,"baseline=contestability_solve_evidence.jsonl#baseline:survey:2045; forced=contestability_solve_evidence.jsonl#challenge:survey:2045:ext_dep(2,5,s3); status=OPTIMUM FOUND; model.optimality_proven=true",False,OPTIMUM FOUND,"ext_dep(2,5,s3)",47,results/paper_aaai2027/frozen/results/final_mcs_experiments_er_sf_alpha001_nowrong_noweight_50rep_chunked/wc_sweep_bnlearn_survey_alpha001_nowrong_noweight_seed2026_2075_20260715_155405/rep20/lps/wc_inc_mus_lex_bb_optN_r20.lp
Survey (6),2046,"survey:2046:ext_indep(0,2,empty)",6770131,81196793,82561385,1364592,0.20156064926956363,False,0.3979778094217181,False,True,"baseline=contestability_solve_evidence.jsonl#baseline:survey:2046; forced=contestability_solve_evidence.jsonl#challenge:survey:2046:ext_indep(0,2,empty); status=OPTIMUM FOUND; model.optimality_proven=true",False,OPTIMUM FOUND,"ext_indep(0,2,empty)",6,results/paper_aaai2027/frozen/results/final_mcs_experiments_er_sf_alpha001_nowrong_noweight_50rep_chunked/wc_sweep_bnlearn_survey_alpha001_nowrong_noweight_seed2026_2075_20260715_155405/rep21/lps/wc_inc_mus_lex_bb_optN_r21.lp
Survey (6),2046,"survey:2046:ext_indep(0,3,s1)",6039766,81196793,83024035,1827242,0.3025352306695326,False,0.5473976396024227,False,True,"baseline=contestability_solve_evidence.jsonl#baseline:survey:2046; forced=contestability_solve_evidence.jsonl#challenge:survey:2046:ext_indep(0,3,s1); status=OPTIMUM FOUND; model.optimality_proven=true",False,OPTIMUM FOUND,"ext_indep(0,3,s1)",9,results/paper_aaai2027/frozen/results/final_mcs_experiments_er_sf_alpha001_nowrong_noweight_50rep_chunked/wc_sweep_bnlearn_survey_alpha001_nowrong_noweight_seed2026_2075_20260715_155405/rep21/lps/wc_inc_mus_lex_bb_optN_r21.lp
Survey (6),2046,"survey:2046:ext_indep(0,3,s1y5)",7022560,81196793,83024035,1827242,0.26019599690141487,False,0.728217700496316,False,True,"baseline=contestability_solve_evidence.jsonl#baseline:survey:2046; forced=contestability_solve_evidence.jsonl#challenge:survey:2046:ext_indep(0,3,s1y5); status=OPTIMUM FOUND; model.optimality_proven=true",False,OPTIMUM FOUND,"ext_indep(0,3,s1y5)",10,results/paper_aaai2027/frozen/results/final_mcs_experiments_er_sf_alpha001_nowrong_noweight_50rep_chunked/wc_sweep_bnlearn_survey_alpha001_nowrong_noweight_seed2026_2075_20260715_155405/rep21/lps/wc_inc_mus_lex_bb_optN_r21.lp
Survey (6),2046,"survey:2046:ext_indep(1,4,s3)",5010472,81196793,82635849,1439056,0.2872096680711917,False,0.5404074722900987,False,True,"baseline=contestability_solve_evidence.jsonl#baseline:survey:2046; forced=contestability_solve_evidence.jsonl#challenge:survey:2046:ext_indep(1,4,s3); status=OPTIMUM FOUND; model.optimality_proven=true",False,OPTIMUM FOUND,"ext_indep(1,4,s3)",29,results/paper_aaai2027/frozen/results/final_mcs_experiments_er_sf_alpha001_nowrong_noweight_50rep_chunked/wc_sweep_bnlearn_survey_alpha001_nowrong_noweight_seed2026_2075_20260715_155405/rep21/lps/wc_inc_mus_lex_bb_optN_r21.lp
Survey (6),2046,"survey:2046:ext_indep(1,5,empty)",9639071,81196793,82561385,1364592,0.14156882961023942,False,0.41065565031021833,False,True,"baseline=contestability_solve_evidence.jsonl#baseline:survey:2046; forced=contestability_solve_evidence.jsonl#challenge:survey:2046:ext_indep(1,5,empty); status=OPTIMUM FOUND; model.optimality_proven=true",False,OPTIMUM FOUND,"ext_indep(1,5,empty)",30,results/paper_aaai2027/frozen/results/final_mcs_experiments_er_sf_alpha001_nowrong_noweight_50rep_chunked/wc_sweep_bnlearn_survey_alpha001_nowrong_noweight_seed2026_2075_20260715_155405/rep21/lps/wc_inc_mus_lex_bb_optN_r21.lp
Survey (6),2046,"survey:2046:ext_indep(1,5,s2)",8250210,81196793,82561385,1364592,0.16540088070485479,False,0.42869630455970764,False,True,"baseline=contestability_solve_evidence.jsonl#baseline:survey:2046; forced=contestability_solve_evidence.jsonl#challenge:survey:2046:ext_indep(1,5,s2); status=OPTIMUM FOUND; model.optimality_proven=true",False,OPTIMUM FOUND,"ext_indep(1,5,s2)",35,results/paper_aaai2027/frozen/results/final_mcs_experiments_er_sf_alpha001_nowrong_noweight_50rep_chunked/wc_sweep_bnlearn_survey_alpha001_nowrong_noweight_seed2026_2075_20260715_155405/rep21/lps/wc_inc_mus_lex_bb_optN_r21.lp
Survey (6),2046,"survey:2046:ext_indep(1,5,s0y2)",5128941,81196793,82561385,1364592,0.26605726211317304,False,0.9389043785631657,False,True,"baseline=contestability_solve_evidence.jsonl#baseline:survey:2046; forced=contestability_solve_evidence.jsonl#challenge:survey:2046:ext_indep(1,5,s0y2); status=OPTIMUM FOUND; model.optimality_proven=true",False,OPTIMUM FOUND,"ext_indep(1,5,s0y2)",36,results/paper_aaai2027/frozen/results/final_mcs_experiments_er_sf_alpha001_nowrong_noweight_50rep_chunked/wc_sweep_bnlearn_survey_alpha001_nowrong_noweight_seed2026_2075_20260715_155405/rep21/lps/wc_inc_mus_lex_bb_optN_r21.lp
Survey (6),2046,"survey:2046:ext_indep(1,5,s0)",6563864,81196793,82561385,1364592,0.2078946181700291,False,0.750769879668951,False,True,"baseline=contestability_solve_evidence.jsonl#baseline:survey:2046; forced=contestability_solve_evidence.jsonl#challenge:survey:2046:ext_indep(1,5,s0); status=OPTIMUM FOUND; model.optimality_proven=true",False,OPTIMUM FOUND,"ext_indep(1,5,s0)",37,results/paper_aaai2027/frozen/results/final_mcs_experiments_er_sf_alpha001_nowrong_noweight_50rep_chunked/wc_sweep_bnlearn_survey_alpha001_nowrong_noweight_seed2026_2075_20260715_155405/rep21/lps/wc_inc_mus_lex_bb_optN_r21.lp
Survey (6),2046,"survey:2046:ext_indep(2,3,empty)",5143414,81196793,82561385,1364592,0.2653086063070171,False,0.3416231982409954,False,True,"baseline=contestability_solve_evidence.jsonl#baseline:survey:2046; forced=contestability_solve_evidence.jsonl#challenge:survey:2046:ext_indep(2,3,empty); status=OPTIMUM FOUND; model.optimality_proven=true",False,OPTIMUM FOUND,"ext_indep(2,3,empty)",38,results/paper_aaai2027/frozen/results/final_mcs_experiments_er_sf_alpha001_nowrong_noweight_50rep_chunked/wc_sweep_bnlearn_survey_alpha001_nowrong_noweight_seed2026_2075_20260715_155405/rep21/lps/wc_inc_mus_lex_bb_optN_r21.lp
Survey (6),2046,"survey:2046:ext_indep(2,3,s5)",5157788,81196793,82561385,1364592,0.26456923006529154,False,0.52813402377069,False,True,"baseline=contestability_solve_evidence.jsonl#baseline:survey:2046; forced=contestability_solve_evidence.jsonl#challenge:survey:2046:ext_indep(2,3,s5); status=OPTIMUM FOUND; model.optimality_proven=true",False,OPTIMUM FOUND,"ext_indep(2,3,s5)",41,results/paper_aaai2027/frozen/results/final_mcs_experiments_er_sf_alpha001_nowrong_noweight_50rep_chunked/wc_sweep_bnlearn_survey_alpha001_nowrong_noweight_seed2026_2075_20260715_155405/rep21/lps/wc_inc_mus_lex_bb_optN_r21.lp
Survey (6),2046,"survey:2046:ext_indep(2,4,empty)",9738890,81196793,82561385,1364592,0.1401178163014471,False,0.429638359695673,False,True,"baseline=contestability_solve_evidence.jsonl#baseline:survey:2046; forced=contestability_solve_evidence.jsonl#challenge:survey:2046:ext_indep(2,4,empty); status=OPTIMUM FOUND; model.optimality_proven=true",False,OPTIMUM FOUND,"ext_indep(2,4,empty)",42,results/paper_aaai2027/frozen/results/final_mcs_experiments_er_sf_alpha001_nowrong_noweight_50rep_chunked/wc_sweep_bnlearn_survey_alpha001_nowrong_noweight_seed2026_2075_20260715_155405/rep21/lps/wc_inc_mus_lex_bb_optN_r21.lp
Survey (6),2046,"survey:2046:ext_dep(2,5,s3)",6731686,81196793,83024035,1827242,0.27143898274518447,False,1.0102916797623038,False,True,"baseline=contestability_solve_evidence.jsonl#baseline:survey:2046; forced=contestability_solve_evidence.jsonl#challenge:survey:2046:ext_dep(2,5,s3); status=OPTIMUM FOUND; model.optimality_proven=true",False,OPTIMUM FOUND,"ext_dep(2,5,s3)",45,results/paper_aaai2027/frozen/results/final_mcs_experiments_er_sf_alpha001_nowrong_noweight_50rep_chunked/wc_sweep_bnlearn_survey_alpha001_nowrong_noweight_seed2026_2075_20260715_155405/rep21/lps/wc_inc_mus_lex_bb_optN_r21.lp
Survey (6),2047,"survey:2047:ext_indep(0,2,s1)",8357641,71802901,91281959,19479058,2.330688528018851,False,0.895223525352776,False,True,"baseline=contestability_solve_evidence.jsonl#baseline:survey:2047; forced=contestability_solve_evidence.jsonl#challenge:survey:2047:ext_indep(0,2,s1); status=OPTIMUM FOUND; model.optimality_proven=true",False,OPTIMUM FOUND,"ext_indep(0,2,s1)",9,results/paper_aaai2027/frozen/results/final_mcs_experiments_er_sf_alpha001_nowrong_noweight_50rep_chunked/wc_sweep_bnlearn_survey_alpha001_nowrong_noweight_seed2026_2075_20260715_155405/rep22/lps/wc_inc_mus_lex_bb_optN_r22.lp
Survey (6),2047,"survey:2047:ext_indep(0,2,s1y5)",5274344,71802901,91281959,19479058,3.6931717005944247,False,1.1875371737405658,False,True,"baseline=contestability_solve_evidence.jsonl#baseline:survey:2047; forced=contestability_solve_evidence.jsonl#challenge:survey:2047:ext_indep(0,2,s1y5); status=OPTIMUM FOUND; model.optimality_proven=true",False,OPTIMUM FOUND,"ext_indep(0,2,s1y5)",10,results/paper_aaai2027/frozen/results/final_mcs_experiments_er_sf_alpha001_nowrong_noweight_50rep_chunked/wc_sweep_bnlearn_survey_alpha001_nowrong_noweight_seed2026_2075_20260715_155405/rep22/lps/wc_inc_mus_lex_bb_optN_r22.lp
Survey (6),2047,"survey:2047:ext_indep(0,3,empty)",9135076,71802901,76508429,4705528,0.5151055119847936,False,0.26551629044115543,False,True,"baseline=contestability_solve_evidence.jsonl#baseline:survey:2047; forced=contestability_solve_evidence.jsonl#challenge:survey:2047:ext_indep(0,3,empty); status=OPTIMUM FOUND; model.optimality_proven=true",False,OPTIMUM FOUND,"ext_indep(0,3,empty)",12,results/paper_aaai2027/frozen/results/final_mcs_experiments_er_sf_alpha001_nowrong_noweight_50rep_chunked/wc_sweep_bnlearn_survey_alpha001_nowrong_noweight_seed2026_2075_20260715_155405/rep22/lps/wc_inc_mus_lex_bb_optN_r22.lp
Survey (6),2047,"survey:2047:ext_indep(1,3,s0y4)",5002916,71802901,84398505,12595604,2.5176525050590497,False,0.6534377131611109,False,True,"baseline=contestability_solve_evidence.jsonl#baseline:survey:2047; forced=contestability_solve_evidence.jsonl#challenge:survey:2047:ext_indep(1,3,s0y4); status=OPTIMUM FOUND; model.optimality_proven=true",False,OPTIMUM FOUND,"ext_indep(1,3,s0y4)",29,results/paper_aaai2027/frozen/results/final_mcs_experiments_er_sf_alpha001_nowrong_noweight_50rep_chunked/wc_sweep_bnlearn_survey_alpha001_nowrong_noweight_seed2026_2075_20260715_155405/rep22/lps/wc_inc_mus_lex_bb_optN_r22.lp
Survey (6),2047,"survey:2047:ext_indep(1,4,s2y3)",5035214,71802901,80119756,8316855,1.6517381386372059,False,0.469446606002748,False,True,"baseline=contestability_solve_evidence.jsonl#baseline:survey:2047; forced=contestability_solve_evidence.jsonl#challenge:survey:2047:ext_indep(1,4,s2y3); status=OPTIMUM FOUND; model.optimality_proven=true",False,OPTIMUM FOUND,"ext_indep(1,4,s2y3)",37,results/paper_aaai2027/frozen/results/final_mcs_experiments_er_sf_alpha001_nowrong_noweight_50rep_chunked/wc_sweep_bnlearn_survey_alpha001_nowrong_noweight_seed2026_2075_20260715_155405/rep22/lps/wc_inc_mus_lex_bb_optN_r22.lp
Survey (6),2047,"survey:2047:ext_indep(1,5,empty)",7361268,71802901,82007323,10204422,1.386231556845913,False,0.37839869502931833,False,True,"baseline=contestability_solve_evidence.jsonl#baseline:survey:2047; forced=contestability_solve_evidence.jsonl#challenge:survey:2047:ext_indep(1,5,empty); status=OPTIMUM FOUND; model.optimality_proven=true",False,OPTIMUM FOUND,"ext_indep(1,5,empty)",38,results/paper_aaai2027/frozen/results/final_mcs_experiments_er_sf_alpha001_nowrong_noweight_50rep_chunked/wc_sweep_bnlearn_survey_alpha001_nowrong_noweight_seed2026_2075_20260715_155405/rep22/lps/wc_inc_mus_lex_bb_optN_r22.lp
Survey (6),2047,"survey:2047:ext_indep(1,5,s2y3)",5158002,71802901,76508429,4705528,0.9122772732542562,False,0.7085405187681317,False,True,"baseline=contestability_solve_evidence.jsonl#baseline:survey:2047; forced=contestability_solve_evidence.jsonl#challenge:survey:2047:ext_indep(1,5,s2y3); status=OPTIMUM FOUND; model.optimality_proven=true",False,OPTIMUM FOUND,"ext_indep(1,5,s2y3)",40,results/paper_aaai2027/frozen/results/final_mcs_experiments_er_sf_alpha001_nowrong_noweight_50rep_chunked/wc_sweep_bnlearn_survey_alpha001_nowrong_noweight_seed2026_2075_20260715_155405/rep22/lps/wc_inc_mus_lex_bb_optN_r22.lp
Survey (6),2047,"survey:2047:ext_indep(1,5,s0)",8045676,71802901,82007323,10204422,1.268311326481454,False,0.6212641624733806,False,True,"baseline=contestability_solve_evidence.jsonl#baseline:survey:2047; forced=contestability_solve_evidence.jsonl#challenge:survey:2047:ext_indep(1,5,s0); status=OPTIMUM FOUND; model.optimality_proven=true",False,OPTIMUM FOUND,"ext_indep(1,5,s0)",42,results/paper_aaai2027/frozen/results/final_mcs_experiments_er_sf_alpha001_nowrong_noweight_50rep_chunked/wc_sweep_bnlearn_survey_alpha001_nowrong_noweight_seed2026_2075_20260715_155405/rep22/lps/wc_inc_mus_lex_bb_optN_r22.lp
Survey (6),2047,"survey:2047:ext_indep(1,5,s3)",6368386,71802901,84501696,12698795,1.9940366365983468,False,0.5785855054855347,False,True,"baseline=contestability_solve_evidence.jsonl#baseline:survey:2047; forced=contestability_solve_evidence.jsonl#challenge:survey:2047:ext_indep(1,5,s3); status=OPTIMUM FOUND; model.optimality_proven=true",False,OPTIMUM FOUND,"ext_indep(1,5,s3)",43,results/paper_aaai2027/frozen/results/final_mcs_experiments_er_sf_alpha001_nowrong_noweight_50rep_chunked/wc_sweep_bnlearn_survey_alpha001_nowrong_noweight_seed2026_2075_20260715_155405/rep22/lps/wc_inc_mus_lex_bb_optN_r22.lp
Survey (6),2047,"survey:2047:ext_indep(2,3,empty)",5939657,71802901,76508429,4705528,0.792222177139185,False,0.4024447873234749,False,True,"baseline=contestability_solve_evidence.jsonl#baseline:survey:2047; forced=contestability_solve_evidence.jsonl#challenge:survey:2047:ext_indep(2,3,empty); status=OPTIMUM FOUND; model.optimality_proven=true",False,OPTIMUM FOUND,"ext_indep(2,3,empty)",44,results/paper_aaai2027/frozen/results/final_mcs_experiments_er_sf_alpha001_nowrong_noweight_50rep_chunked/wc_sweep_bnlearn_survey_alpha001_nowrong_noweight_seed2026_2075_20260715_155405/rep22/lps/wc_inc_mus_lex_bb_optN_r22.lp
Survey (6),2047,"survey:2047:ext_indep(2,3,s1)",6124721,71802901,92287386,20484485,3.344558062318267,False,0.7747850250452757,False,True,"baseline=contestability_solve_evidence.jsonl#baseline:survey:2047; forced=contestability_solve_evidence.jsonl#challenge:survey:2047:ext_indep(2,3,s1); status=OPTIMUM FOUND; model.optimality_proven=true",False,OPTIMUM FOUND,"ext_indep(2,3,s1)",47,results/paper_aaai2027/frozen/results/final_mcs_experiments_er_sf_alpha001_nowrong_noweight_50rep_chunked/wc_sweep_bnlearn_survey_alpha001_nowrong_noweight_seed2026_2075_20260715_155405/rep22/lps/wc_inc_mus_lex_bb_optN_r22.lp
Survey (6),2048,"survey:2048:ext_indep(0,2,s1)",6199310,98101161,107162609,9061448,1.4616865425345724,False,0.9739491622895002,False,True,"baseline=contestability_solve_evidence.jsonl#baseline:survey:2048; forced=contestability_solve_evidence.jsonl#challenge:survey:2048:ext_indep(0,2,s1); status=OPTIMUM FOUND; model.optimality_proven=true",False,OPTIMUM FOUND,"ext_indep(0,2,s1)",9,results/paper_aaai2027/frozen/results/final_mcs_experiments_er_sf_alpha001_nowrong_noweight_50rep_chunked/wc_sweep_bnlearn_survey_alpha001_nowrong_noweight_seed2026_2075_20260715_155405/rep23/lps/wc_inc_mus_lex_bb_optN_r23.lp
Survey (6),2048,"survey:2048:ext_indep(0,2,s1y5)",5885199,98101161,107162609,9061448,1.5397012063653244,False,1.4875952247530222,False,True,"baseline=contestability_solve_evidence.jsonl#baseline:survey:2048; forced=contestability_solve_evidence.jsonl#challenge:survey:2048:ext_indep(0,2,s1y5); status=OPTIMUM FOUND; model.optimality_proven=true",False,OPTIMUM FOUND,"ext_indep(0,2,s1y5)",10,results/paper_aaai2027/frozen/results/final_mcs_experiments_er_sf_alpha001_nowrong_noweight_50rep_chunked/wc_sweep_bnlearn_survey_alpha001_nowrong_noweight_seed2026_2075_20260715_155405/rep23/lps/wc_inc_mus_lex_bb_optN_r23.lp
Survey (6),2048,"survey:2048:ext_indep(0,3,s1)",7908906,98101161,108573438,10472277,1.32411195682437,False,1.0902434093877673,False,True,"baseline=contestability_solve_evidence.jsonl#baseline:survey:2048; forced=contestability_solve_evidence.jsonl#challenge:survey:2048:ext_indep(0,3,s1); status=OPTIMUM FOUND; model.optimality_proven=true",False,OPTIMUM FOUND,"ext_indep(0,3,s1)",13,results/paper_aaai2027/frozen/results/final_mcs_experiments_er_sf_alpha001_nowrong_noweight_50rep_chunked/wc_sweep_bnlearn_survey_alpha001_nowrong_noweight_seed2026_2075_20260715_155405/rep23/lps/wc_inc_mus_lex_bb_optN_r23.lp
Survey (6),2048,"survey:2048:ext_indep(0,3,s1y5)",9696176,98101161,103047102,4945941,0.5100919166483777,False,0.9898949433118105,False,True,"baseline=contestability_solve_evidence.jsonl#baseline:survey:2048; forced=contestability_solve_evidence.jsonl#challenge:survey:2048:ext_indep(0,3,s1y5); status=OPTIMUM FOUND; model.optimality_proven=true",False,OPTIMUM FOUND,"ext_indep(0,3,s1y5)",14,results/paper_aaai2027/frozen/results/final_mcs_experiments_er_sf_alpha001_nowrong_noweight_50rep_chunked/wc_sweep_bnlearn_survey_alpha001_nowrong_noweight_seed2026_2075_20260715_155405/rep23/lps/wc_inc_mus_lex_bb_optN_r23.lp
Survey (6),2048,"survey:2048:ext_indep(1,4,s2y3)",5032563,98101161,100915483,2814322,0.5592224081447167,False,0.747487049549818,False,True,"baseline=contestability_solve_evidence.jsonl#baseline:survey:2048; forced=contestability_solve_evidence.jsonl#challenge:survey:2048:ext_indep(1,4,s2y3); status=OPTIMUM FOUND; model.optimality_proven=true",False,OPTIMUM FOUND,"ext_indep(1,4,s2y3)",40,results/paper_aaai2027/frozen/results/final_mcs_experiments_er_sf_alpha001_nowrong_noweight_50rep_chunked/wc_sweep_bnlearn_survey_alpha001_nowrong_noweight_seed2026_2075_20260715_155405/rep23/lps/wc_inc_mus_lex_bb_optN_r23.lp
Survey (6),2048,"survey:2048:ext_indep(1,5,empty)",7693409,98101161,106795646,8694485,1.13012125054056,False,0.6544264163821936,False,True,"baseline=contestability_solve_evidence.jsonl#baseline:survey:2048; forced=contestability_solve_evidence.jsonl#challenge:survey:2048:ext_indep(1,5,empty); status=OPTIMUM FOUND; model.optimality_proven=true",False,OPTIMUM FOUND,"ext_indep(1,5,empty)",41,results/paper_aaai2027/frozen/results/final_mcs_experiments_er_sf_alpha001_nowrong_noweight_50rep_chunked/wc_sweep_bnlearn_survey_alpha001_nowrong_noweight_seed2026_2075_20260715_155405/rep23/lps/wc_inc_mus_lex_bb_optN_r23.lp
Survey (6),2048,"survey:2048:ext_indep(1,5,s2)",9437932,98101161,98710593,609432,0.06457262035793435,False,0.6280657472088933,False,True,"baseline=contestability_solve_evidence.jsonl#baseline:survey:2048; forced=contestability_solve_evidence.jsonl#challenge:survey:2048:ext_indep(1,5,s2); status=OPTIMUM FOUND; model.optimality_proven=true",False,OPTIMUM FOUND,"ext_indep(1,5,s2)",42,results/paper_aaai2027/frozen/results/final_mcs_experiments_er_sf_alpha001_nowrong_noweight_50rep_chunked/wc_sweep_bnlearn_survey_alpha001_nowrong_noweight_seed2026_2075_20260715_155405/rep23/lps/wc_inc_mus_lex_bb_optN_r23.lp
Survey (6),2048,"survey:2048:ext_indep(1,5,s0y2)",7594984,98101161,98710593,609432,0.08024138036367161,False,0.8858442800119519,False,True,"baseline=contestability_solve_evidence.jsonl#baseline:survey:2048; forced=contestability_solve_evidence.jsonl#challenge:survey:2048:ext_indep(1,5,s0y2); status=OPTIMUM FOUND; model.optimality_proven=true",False,OPTIMUM FOUND,"ext_indep(1,5,s0y2)",45,results/paper_aaai2027/frozen/results/final_mcs_experiments_er_sf_alpha001_nowrong_noweight_50rep_chunked/wc_sweep_bnlearn_survey_alpha001_nowrong_noweight_seed2026_2075_20260715_155405/rep23/lps/wc_inc_mus_lex_bb_optN_r23.lp
Survey (6),2048,"survey:2048:ext_indep(1,5,s0)",6576071,98101161,106795646,8694485,1.3221397700845992,False,0.8096495298668742,False,True,"baseline=contestability_solve_evidence.jsonl#baseline:survey:2048; forced=contestability_solve_evidence.jsonl#challenge:survey:2048:ext_indep(1,5,s0); status=OPTIMUM FOUND; model.optimality_proven=true",False,OPTIMUM FOUND,"ext_indep(1,5,s0)",47,results/paper_aaai2027/frozen/results/final_mcs_experiments_er_sf_alpha001_nowrong_noweight_50rep_chunked/wc_sweep_bnlearn_survey_alpha001_nowrong_noweight_seed2026_2075_20260715_155405/rep23/lps/wc_inc_mus_lex_bb_optN_r23.lp
Survey (6),2048,"survey:2048:ext_indep(2,3,s1)",5383096,98101161,107162609,9061448,1.6833153263475145,False,0.7633642861619592,False,True,"baseline=contestability_solve_evidence.jsonl#baseline:survey:2048; forced=contestability_solve_evidence.jsonl#challenge:survey:2048:ext_indep(2,3,s1); status=OPTIMUM FOUND; model.optimality_proven=true",False,OPTIMUM FOUND,"ext_indep(2,3,s1)",50,results/paper_aaai2027/frozen/results/final_mcs_experiments_er_sf_alpha001_nowrong_noweight_50rep_chunked/wc_sweep_bnlearn_survey_alpha001_nowrong_noweight_seed2026_2075_20260715_155405/rep23/lps/wc_inc_mus_lex_bb_optN_r23.lp
Survey (6),2048,"survey:2048:ext_indep(2,3,s1y5)",6696278,98101161,103047102,4945941,0.7386104639024843,False,0.9731407007202506,False,True,"baseline=contestability_solve_evidence.jsonl#baseline:survey:2048; forced=contestability_solve_evidence.jsonl#challenge:survey:2048:ext_indep(2,3,s1y5); status=OPTIMUM FOUND; model.optimality_proven=true",False,OPTIMUM FOUND,"ext_indep(2,3,s1y5)",51,results/paper_aaai2027/frozen/results/final_mcs_experiments_er_sf_alpha001_nowrong_noweight_50rep_chunked/wc_sweep_bnlearn_survey_alpha001_nowrong_noweight_seed2026_2075_20260715_155405/rep23/lps/wc_inc_mus_lex_bb_optN_r23.lp
Survey (6),2048,"survey:2048:ext_dep(2,5,empty)",9999809,98101161,98710593,609432,0.060944364037353115,False,1.631098523736,False,True,"baseline=contestability_solve_evidence.jsonl#baseline:survey:2048; forced=contestability_solve_evidence.jsonl#challenge:survey:2048:ext_dep(2,5,empty); status=OPTIMUM FOUND; model.optimality_proven=true",False,OPTIMUM FOUND,"ext_dep(2,5,empty)",54,results/paper_aaai2027/frozen/results/final_mcs_experiments_er_sf_alpha001_nowrong_noweight_50rep_chunked/wc_sweep_bnlearn_survey_alpha001_nowrong_noweight_seed2026_2075_20260715_155405/rep23/lps/wc_inc_mus_lex_bb_optN_r23.lp
Survey (6),2048,"survey:2048:ext_dep(2,5,s3)",9997428,98101161,98710593,609432,0.060958878623581986,False,1.7430162355303764,False,True,"baseline=contestability_solve_evidence.jsonl#baseline:survey:2048; forced=contestability_solve_evidence.jsonl#challenge:survey:2048:ext_dep(2,5,s3); status=OPTIMUM FOUND; model.optimality_proven=true",False,OPTIMUM FOUND,"ext_dep(2,5,s3)",56,results/paper_aaai2027/frozen/results/final_mcs_experiments_er_sf_alpha001_nowrong_noweight_50rep_chunked/wc_sweep_bnlearn_survey_alpha001_nowrong_noweight_seed2026_2075_20260715_155405/rep23/lps/wc_inc_mus_lex_bb_optN_r23.lp
Survey (6),2049,"survey:2049:ext_indep(0,3,empty)",7051967,94354087,101004498,6650411,0.9430575894640459,False,0.34340989403426647,False,True,"baseline=contestability_solve_evidence.jsonl#baseline:survey:2049; forced=contestability_solve_evidence.jsonl#challenge:survey:2049:ext_indep(0,3,empty); status=OPTIMUM FOUND; model.optimality_proven=true",False,OPTIMUM FOUND,"ext_indep(0,3,empty)",13,results/paper_aaai2027/frozen/results/final_mcs_experiments_er_sf_alpha001_nowrong_noweight_50rep_chunked/wc_sweep_bnlearn_survey_alpha001_nowrong_noweight_seed2026_2075_20260715_155405/rep24/lps/wc_inc_mus_lex_bb_optN_r24.lp
Survey (6),2049,"survey:2049:ext_dep(1,2,empty)",9999997,94354087,96171743,1817656,0.18176565452969637,False,1.1853973008692265,False,True,"baseline=contestability_solve_evidence.jsonl#baseline:survey:2049; forced=contestability_solve_evidence.jsonl#challenge:survey:2049:ext_dep(1,2,empty); status=OPTIMUM FOUND; model.optimality_proven=true",False,OPTIMUM FOUND,"ext_dep(1,2,empty)",17,results/paper_aaai2027/frozen/results/final_mcs_experiments_er_sf_alpha001_nowrong_noweight_50rep_chunked/wc_sweep_bnlearn_survey_alpha001_nowrong_noweight_seed2026_2075_20260715_155405/rep24/lps/wc_inc_mus_lex_bb_optN_r24.lp
Survey (6),2049,"survey:2049:ext_dep(1,2,s0)",9999662,94354087,96171743,1817656,0.1817717438849433,False,1.095995333045721,False,True,"baseline=contestability_solve_evidence.jsonl#baseline:survey:2049; forced=contestability_solve_evidence.jsonl#challenge:survey:2049:ext_dep(1,2,s0); status=OPTIMUM FOUND; model.optimality_proven=true",False,OPTIMUM FOUND,"ext_dep(1,2,s0)",18,results/paper_aaai2027/frozen/results/final_mcs_experiments_er_sf_alpha001_nowrong_noweight_50rep_chunked/wc_sweep_bnlearn_survey_alpha001_nowrong_noweight_seed2026_2075_20260715_155405/rep24/lps/wc_inc_mus_lex_bb_optN_r24.lp
Survey (6),2049,"survey:2049:ext_dep(1,2,s4)",9999984,94354087,96171743,1817656,0.18176589082542532,False,1.0278511615470052,False,True,"baseline=contestability_solve_evidence.jsonl#baseline:survey:2049; forced=contestability_solve_evidence.jsonl#challenge:survey:2049:ext_dep(1,2,s4); status=OPTIMUM FOUND; model.optimality_proven=true",False,OPTIMUM FOUND,"ext_dep(1,2,s4)",20,results/paper_aaai2027/frozen/results/final_mcs_experiments_er_sf_alpha001_nowrong_noweight_50rep_chunked/wc_sweep_bnlearn_survey_alpha001_nowrong_noweight_seed2026_2075_20260715_155405/rep24/lps/wc_inc_mus_lex_bb_optN_r24.lp
Survey (6),2049,"survey:2049:ext_dep(1,2,s5)",9999996,94354087,96171743,1817656,0.1817656727062691,False,1.5291249323636293,False,True,"baseline=contestability_solve_evidence.jsonl#baseline:survey:2049; forced=contestability_solve_evidence.jsonl#challenge:survey:2049:ext_dep(1,2,s5); status=OPTIMUM FOUND; model.optimality_proven=true",False,OPTIMUM FOUND,"ext_dep(1,2,s5)",21,results/paper_aaai2027/frozen/results/final_mcs_experiments_er_sf_alpha001_nowrong_noweight_50rep_chunked/wc_sweep_bnlearn_survey_alpha001_nowrong_noweight_seed2026_2075_20260715_155405/rep24/lps/wc_inc_mus_lex_bb_optN_r24.lp
Survey (6),2049,"survey:2049:ext_dep(1,2,s0y4)",9993367,94354087,96171743,1817656,0.1818862451464056,False,1.0610514357686043,False,True,"baseline=contestability_solve_evidence.jsonl#baseline:survey:2049; forced=contestability_solve_evidence.jsonl#challenge:survey:2049:ext_dep(1,2,s0y4); status=OPTIMUM FOUND; model.optimality_proven=true",False,OPTIMUM FOUND,"ext_dep(1,2,s0y4)",23,results/paper_aaai2027/frozen/results/final_mcs_experiments_er_sf_alpha001_nowrong_noweight_50rep_chunked/wc_sweep_bnlearn_survey_alpha001_nowrong_noweight_seed2026_2075_20260715_155405/rep24/lps/wc_inc_mus_lex_bb_optN_r24.lp
Survey (6),2049,"survey:2049:ext_indep(1,3,s0y2y4)",5001675,94354087,99902991,5548904,1.1094091479354415,False,0.8388891899958253,False,True,"baseline=contestability_solve_evidence.jsonl#baseline:survey:2049; forced=contestability_solve_evidence.jsonl#challenge:survey:2049:ext_indep(1,3,s0y2y4); status=OPTIMUM FOUND; model.optimality_proven=true",False,OPTIMUM FOUND,"ext_indep(1,3,s0y2y4)",34,results/paper_aaai2027/frozen/results/final_mcs_experiments_er_sf_alpha001_nowrong_noweight_50rep_chunked/wc_sweep_bnlearn_survey_alpha001_nowrong_noweight_seed2026_2075_20260715_155405/rep24/lps/wc_inc_mus_lex_bb_optN_r24.lp
Survey (6),2049,"survey:2049:ext_indep(1,5,s2y3)",5270445,94354087,111135401,16781314,3.1840411957624073,False,0.8599416809156537,False,True,"baseline=contestability_solve_evidence.jsonl#baseline:survey:2049; forced=contestability_solve_evidence.jsonl#challenge:survey:2049:ext_indep(1,5,s2y3); status=OPTIMUM FOUND; model.optimality_proven=true",False,OPTIMUM FOUND,"ext_indep(1,5,s2y3)",47,results/paper_aaai2027/frozen/results/final_mcs_experiments_er_sf_alpha001_nowrong_noweight_50rep_chunked/wc_sweep_bnlearn_survey_alpha001_nowrong_noweight_seed2026_2075_20260715_155405/rep24/lps/wc_inc_mus_lex_bb_optN_r24.lp
Survey (6),2049,"survey:2049:ext_indep(1,5,s3)",5669020,94354087,101004498,6650411,1.1731147535200088,False,0.4502759110182524,False,True,"baseline=contestability_solve_evidence.jsonl#baseline:survey:2049; forced=contestability_solve_evidence.jsonl#challenge:survey:2049:ext_indep(1,5,s3); status=OPTIMUM FOUND; model.optimality_proven=true",False,OPTIMUM FOUND,"ext_indep(1,5,s3)",52,results/paper_aaai2027/frozen/results/final_mcs_experiments_er_sf_alpha001_nowrong_noweight_50rep_chunked/wc_sweep_bnlearn_survey_alpha001_nowrong_noweight_seed2026_2075_20260715_155405/rep24/lps/wc_inc_mus_lex_bb_optN_r24.lp
Survey (6),2049,"survey:2049:ext_indep(2,3,empty)",7163705,94354087,111135401,16781314,2.342546768746061,False,0.5194448456168175,False,True,"baseline=contestability_solve_evidence.jsonl#baseline:survey:2049; forced=contestability_solve_evidence.jsonl#challenge:survey:2049:ext_indep(2,3,empty); status=OPTIMUM FOUND; model.optimality_proven=true",False,OPTIMUM FOUND,"ext_indep(2,3,empty)",53,results/paper_aaai2027/frozen/results/final_mcs_experiments_er_sf_alpha001_nowrong_noweight_50rep_chunked/wc_sweep_bnlearn_survey_alpha001_nowrong_noweight_seed2026_2075_20260715_155405/rep24/lps/wc_inc_mus_lex_bb_optN_r24.lp
Survey (6),2049,"survey:2049:ext_indep(2,3,s1)",8218656,94354087,96171743,1817656,0.22116219488928604,False,0.6792839430272579,False,True,"baseline=contestability_solve_evidence.jsonl#baseline:survey:2049; forced=contestability_solve_evidence.jsonl#challenge:survey:2049:ext_indep(2,3,s1); status=OPTIMUM FOUND; model.optimality_proven=true",False,OPTIMUM FOUND,"ext_indep(2,3,s1)",56,results/paper_aaai2027/frozen/results/final_mcs_experiments_er_sf_alpha001_nowrong_noweight_50rep_chunked/wc_sweep_bnlearn_survey_alpha001_nowrong_noweight_seed2026_2075_20260715_155405/rep24/lps/wc_inc_mus_lex_bb_optN_r24.lp
Survey (6),2049,"survey:2049:ext_indep(3,4,empty)",5985613,94354087,101004498,6650411,1.1110659843862274,False,0.39355289936065674,False,True,"baseline=contestability_solve_evidence.jsonl#baseline:survey:2049; forced=contestability_solve_evidence.jsonl#challenge:survey:2049:ext_indep(3,4,empty); status=OPTIMUM FOUND; model.optimality_proven=true",False,OPTIMUM FOUND,"ext_indep(3,4,empty)",64,results/paper_aaai2027/frozen/results/final_mcs_experiments_er_sf_alpha001_nowrong_noweight_50rep_chunked/wc_sweep_bnlearn_survey_alpha001_nowrong_noweight_seed2026_2075_20260715_155405/rep24/lps/wc_inc_mus_lex_bb_optN_r24.lp
Survey (6),2050,"survey:2050:ext_indep(0,2,s5)",5218572,60837287,64825337,3988050,0.7642033107907681,False,0.49526555743068457,False,True,"baseline=contestability_solve_evidence.jsonl#baseline:survey:2050; forced=contestability_solve_evidence.jsonl#challenge:survey:2050:ext_indep(0,2,s5); status=OPTIMUM FOUND; model.optimality_proven=true",False,OPTIMUM FOUND,"ext_indep(0,2,s5)",12,results/paper_aaai2027/frozen/results/final_mcs_experiments_er_sf_alpha001_nowrong_noweight_50rep_chunked/wc_sweep_bnlearn_survey_alpha001_nowrong_noweight_seed2026_2075_20260715_155405/rep25/lps/wc_inc_mus_lex_bb_optN_r25.lp
Survey (6),2050,"survey:2050:ext_indep(1,3,s0y2y4)",5010327,60837287,77740545,16903258,3.3736835939051484,False,0.7103302190080285,False,True,"baseline=contestability_solve_evidence.jsonl#baseline:survey:2050; forced=contestability_solve_evidence.jsonl#challenge:survey:2050:ext_indep(1,3,s0y2y4); status=OPTIMUM FOUND; model.optimality_proven=true",False,OPTIMUM FOUND,"ext_indep(1,3,s0y2y4)",35,results/paper_aaai2027/frozen/results/final_mcs_experiments_er_sf_alpha001_nowrong_noweight_50rep_chunked/wc_sweep_bnlearn_survey_alpha001_nowrong_noweight_seed2026_2075_20260715_155405/rep25/lps/wc_inc_mus_lex_bb_optN_r25.lp
Survey (6),2050,"survey:2050:ext_indep(2,3,empty)",8843626,60837287,66258222,5420935,0.6129765098614528,False,0.3343056598678231,False,True,"baseline=contestability_solve_evidence.jsonl#baseline:survey:2050; forced=contestability_solve_evidence.jsonl#challenge:survey:2050:ext_indep(2,3,empty); status=OPTIMUM FOUND; model.optimality_proven=true",False,OPTIMUM FOUND,"ext_indep(2,3,empty)",55,results/paper_aaai2027/frozen/results/final_mcs_experiments_er_sf_alpha001_nowrong_noweight_50rep_chunked/wc_sweep_bnlearn_survey_alpha001_nowrong_noweight_seed2026_2075_20260715_155405/rep25/lps/wc_inc_mus_lex_bb_optN_r25.lp
Survey (6),2050,"survey:2050:ext_indep(2,3,s5)",5737623,60837287,64731902,3894615,0.6787854482596712,False,0.6239494364708662,False,True,"baseline=contestability_solve_evidence.jsonl#baseline:survey:2050; forced=contestability_solve_evidence.jsonl#challenge:survey:2050:ext_indep(2,3,s5); status=OPTIMUM FOUND; model.optimality_proven=true",False,OPTIMUM FOUND,"ext_indep(2,3,s5)",57,results/paper_aaai2027/frozen/results/final_mcs_experiments_er_sf_alpha001_nowrong_noweight_50rep_chunked/wc_sweep_bnlearn_survey_alpha001_nowrong_noweight_seed2026_2075_20260715_155405/rep25/lps/wc_inc_mus_lex_bb_optN_r25.lp
Survey (6),2050,"survey:2050:ext_indep(2,4,empty)",8258025,60837287,64825337,3988050,0.48293024058415907,False,0.37285430263727903,False,True,"baseline=contestability_solve_evidence.jsonl#baseline:survey:2050; forced=contestability_solve_evidence.jsonl#challenge:survey:2050:ext_indep(2,4,empty); status=OPTIMUM FOUND; model.optimality_proven=true",False,OPTIMUM FOUND,"ext_indep(2,4,empty)",59,results/paper_aaai2027/frozen/results/final_mcs_experiments_er_sf_alpha001_nowrong_noweight_50rep_chunked/wc_sweep_bnlearn_survey_alpha001_nowrong_noweight_seed2026_2075_20260715_155405/rep25/lps/wc_inc_mus_lex_bb_optN_r25.lp
Survey (6),2050,"survey:2050:ext_indep(2,4,s5)",9238492,60837287,64825337,3988050,0.4316775941354931,False,0.5834576115012169,False,True,"baseline=contestability_solve_evidence.jsonl#baseline:survey:2050; forced=contestability_solve_evidence.jsonl#challenge:survey:2050:ext_indep(2,4,s5); status=OPTIMUM FOUND; model.optimality_proven=true",False,OPTIMUM FOUND,"ext_indep(2,4,s5)",62,results/paper_aaai2027/frozen/results/final_mcs_experiments_er_sf_alpha001_nowrong_noweight_50rep_chunked/wc_sweep_bnlearn_survey_alpha001_nowrong_noweight_seed2026_2075_20260715_155405/rep25/lps/wc_inc_mus_lex_bb_optN_r25.lp
Survey (6),2050,"survey:2050:ext_dep(2,5,s1)",8657678,60837287,64825337,3988050,0.4606373672016908,False,0.7319994335994124,False,True,"baseline=contestability_solve_evidence.jsonl#baseline:survey:2050; forced=contestability_solve_evidence.jsonl#challenge:survey:2050:ext_dep(2,5,s1); status=OPTIMUM FOUND; model.optimality_proven=true",False,OPTIMUM FOUND,"ext_dep(2,5,s1)",65,results/paper_aaai2027/frozen/results/final_mcs_experiments_er_sf_alpha001_nowrong_noweight_50rep_chunked/wc_sweep_bnlearn_survey_alpha001_nowrong_noweight_seed2026_2075_20260715_155405/rep25/lps/wc_inc_mus_lex_bb_optN_r25.lp
Survey (6),2050,"survey:2050:ext_dep(2,5,s3)",9872944,60837287,61402704,565417,0.05726934134337235,False,0.6336259450763464,False,True,"baseline=contestability_solve_evidence.jsonl#baseline:survey:2050; forced=contestability_solve_evidence.jsonl#challenge:survey:2050:ext_dep(2,5,s3); status=OPTIMUM FOUND; model.optimality_proven=true",False,OPTIMUM FOUND,"ext_dep(2,5,s3)",66,results/paper_aaai2027/frozen/results/final_mcs_experiments_er_sf_alpha001_nowrong_noweight_50rep_chunked/wc_sweep_bnlearn_survey_alpha001_nowrong_noweight_seed2026_2075_20260715_155405/rep25/lps/wc_inc_mus_lex_bb_optN_r25.lp
Survey (6),2051,"survey:2051:ext_indep(0,2,s1)",6720266,60254236,68304082,8049846,1.1978463352492297,False,0.391977759078145,False,True,"baseline=contestability_solve_evidence.jsonl#baseline:survey:2051; forced=contestability_solve_evidence.jsonl#challenge:survey:2051:ext_indep(0,2,s1); status=OPTIMUM FOUND; model.optimality_proven=true",False,OPTIMUM FOUND,"ext_indep(0,2,s1)",5,results/paper_aaai2027/frozen/results/final_mcs_experiments_er_sf_alpha001_nowrong_noweight_50rep_chunked/wc_sweep_bnlearn_survey_alpha001_nowrong_noweight_seed2026_2075_20260715_155405/rep26/lps/wc_inc_mus_lex_bb_optN_r26.lp
Survey (6),2051,"survey:2051:ext_indep(0,2,s1y5)",5677804,60254236,68304082,8049846,1.4177745480470971,False,0.43800205271691084,False,True,"baseline=contestability_solve_evidence.jsonl#baseline:survey:2051; forced=contestability_solve_evidence.jsonl#challenge:survey:2051:ext_indep(0,2,s1y5); status=OPTIMUM FOUND; model.optimality_proven=true",False,OPTIMUM FOUND,"ext_indep(0,2,s1y5)",6,results/paper_aaai2027/frozen/results/final_mcs_experiments_er_sf_alpha001_nowrong_noweight_50rep_chunked/wc_sweep_bnlearn_survey_alpha001_nowrong_noweight_seed2026_2075_20260715_155405/rep26/lps/wc_inc_mus_lex_bb_optN_r26.lp
Survey (6),2051,"survey:2051:ext_dep(1,3,s2)",9355416,60254236,68304082,8049846,0.8604476807872573,False,0.5818006414920092,False,True,"baseline=contestability_solve_evidence.jsonl#baseline:survey:2051; forced=contestability_solve_evidence.jsonl#challenge:survey:2051:ext_dep(1,3,s2); status=OPTIMUM FOUND; model.optimality_proven=true",False,OPTIMUM FOUND,"ext_dep(1,3,s2)",17,results/paper_aaai2027/frozen/results/final_mcs_experiments_er_sf_alpha001_nowrong_noweight_50rep_chunked/wc_sweep_bnlearn_survey_alpha001_nowrong_noweight_seed2026_2075_20260715_155405/rep26/lps/wc_inc_mus_lex_bb_optN_r26.lp
Survey (6),2051,"survey:2051:ext_indep(1,5,empty)",7786278,60254236,68304082,8049846,1.0338503197548303,False,0.26230787113308907,False,True,"baseline=contestability_solve_evidence.jsonl#baseline:survey:2051; forced=contestability_solve_evidence.jsonl#challenge:survey:2051:ext_indep(1,5,empty); status=OPTIMUM FOUND; model.optimality_proven=true",False,OPTIMUM FOUND,"ext_indep(1,5,empty)",20,results/paper_aaai2027/frozen/results/final_mcs_experiments_er_sf_alpha001_nowrong_noweight_50rep_chunked/wc_sweep_bnlearn_survey_alpha001_nowrong_noweight_seed2026_2075_20260715_155405/rep26/lps/wc_inc_mus_lex_bb_optN_r26.lp
Survey (6),2051,"survey:2051:ext_indep(1,5,s0)",7998664,60254236,68304082,8049846,1.0063988186027066,False,0.3519817143678665,False,True,"baseline=contestability_solve_evidence.jsonl#baseline:survey:2051; forced=contestability_solve_evidence.jsonl#challenge:survey:2051:ext_indep(1,5,s0); status=OPTIMUM FOUND; model.optimality_proven=true",False,OPTIMUM FOUND,"ext_indep(1,5,s0)",24,results/paper_aaai2027/frozen/results/final_mcs_experiments_er_sf_alpha001_nowrong_noweight_50rep_chunked/wc_sweep_bnlearn_survey_alpha001_nowrong_noweight_seed2026_2075_20260715_155405/rep26/lps/wc_inc_mus_lex_bb_optN_r26.lp
Survey (6),2051,"survey:2051:ext_indep(1,5,s3)",9916900,60254236,68304082,8049846,0.8117300769393662,False,0.3680826034396887,False,True,"baseline=contestability_solve_evidence.jsonl#baseline:survey:2051; forced=contestability_solve_evidence.jsonl#challenge:survey:2051:ext_indep(1,5,s3); status=OPTIMUM FOUND; model.optimality_proven=true",False,OPTIMUM FOUND,"ext_indep(1,5,s3)",25,results/paper_aaai2027/frozen/results/final_mcs_experiments_er_sf_alpha001_nowrong_noweight_50rep_chunked/wc_sweep_bnlearn_survey_alpha001_nowrong_noweight_seed2026_2075_20260715_155405/rep26/lps/wc_inc_mus_lex_bb_optN_r26.lp
Survey (6),2051,"survey:2051:ext_indep(2,3,empty)",6345274,60254236,71438536,11184300,1.762618919214521,False,0.24300066474825144,False,True,"baseline=contestability_solve_evidence.jsonl#baseline:survey:2051; forced=contestability_solve_evidence.jsonl#challenge:survey:2051:ext_indep(2,3,empty); status=OPTIMUM FOUND; model.optimality_proven=true",False,OPTIMUM FOUND,"ext_indep(2,3,empty)",26,results/paper_aaai2027/frozen/results/final_mcs_experiments_er_sf_alpha001_nowrong_noweight_50rep_chunked/wc_sweep_bnlearn_survey_alpha001_nowrong_noweight_seed2026_2075_20260715_155405/rep26/lps/wc_inc_mus_lex_bb_optN_r26.lp
Survey (6),2051,"survey:2051:ext_indep(2,3,s1)",6453634,60254236,71438536,11184300,1.7330235956981757,False,0.3419233597815037,False,True,"baseline=contestability_solve_evidence.jsonl#baseline:survey:2051; forced=contestability_solve_evidence.jsonl#challenge:survey:2051:ext_indep(2,3,s1); status=OPTIMUM FOUND; model.optimality_proven=true",False,OPTIMUM FOUND,"ext_indep(2,3,s1)",29,results/paper_aaai2027/frozen/results/final_mcs_experiments_er_sf_alpha001_nowrong_noweight_50rep_chunked/wc_sweep_bnlearn_survey_alpha001_nowrong_noweight_seed2026_2075_20260715_155405/rep26/lps/wc_inc_mus_lex_bb_optN_r26.lp
Survey (6),2052,"survey:2052:ext_indep(0,2,empty)",5534504,90282257,91364994,1082737,0.19563397189702997,False,0.36403468903154135,False,True,"baseline=contestability_solve_evidence.jsonl#baseline:survey:2052; forced=contestability_solve_evidence.jsonl#challenge:survey:2052:ext_indep(0,2,empty); status=OPTIMUM FOUND; model.optimality_proven=true",False,OPTIMUM FOUND,"ext_indep(0,2,empty)",5,results/paper_aaai2027/frozen/results/final_mcs_experiments_er_sf_alpha001_nowrong_noweight_50rep_chunked/wc_sweep_bnlearn_survey_alpha001_nowrong_noweight_seed2026_2075_20260715_155405/rep27/lps/wc_inc_mus_lex_bb_optN_r27.lp
Survey (6),2052,"survey:2052:ext_indep(0,2,s5)",5950583,90282257,91364994,1082737,0.18195477653198014,False,0.7007087655365467,False,True,"baseline=contestability_solve_evidence.jsonl#baseline:survey:2052; forced=contestability_solve_evidence.jsonl#challenge:survey:2052:ext_indep(0,2,s5); status=OPTIMUM FOUND; model.optimality_proven=true",False,OPTIMUM FOUND,"ext_indep(0,2,s5)",8,results/paper_aaai2027/frozen/results/final_mcs_experiments_er_sf_alpha001_nowrong_noweight_50rep_chunked/wc_sweep_bnlearn_survey_alpha001_nowrong_noweight_seed2026_2075_20260715_155405/rep27/lps/wc_inc_mus_lex_bb_optN_r27.lp
Survey (6),2052,"survey:2052:ext_indep(0,3,s1)",5354324,90282257,91354173,1071916,0.2001963273048101,False,0.6327759334817529,False,True,"baseline=contestability_solve_evidence.jsonl#baseline:survey:2052; forced=contestability_solve_evidence.jsonl#challenge:survey:2052:ext_indep(0,3,s1); status=OPTIMUM FOUND; model.optimality_proven=true",False,OPTIMUM FOUND,"ext_indep(0,3,s1)",10,results/paper_aaai2027/frozen/results/final_mcs_experiments_er_sf_alpha001_nowrong_noweight_50rep_chunked/wc_sweep_bnlearn_survey_alpha001_nowrong_noweight_seed2026_2075_20260715_155405/rep27/lps/wc_inc_mus_lex_bb_optN_r27.lp
Survey (6),2052,"survey:2052:ext_indep(0,3,s1y5)",6050540,90282257,91354173,1071916,0.17716038568458353,False,0.8655986590310931,False,True,"baseline=contestability_solve_evidence.jsonl#baseline:survey:2052; forced=contestability_solve_evidence.jsonl#challenge:survey:2052:ext_indep(0,3,s1y5); status=OPTIMUM FOUND; model.optimality_proven=true",False,OPTIMUM FOUND,"ext_indep(0,3,s1y5)",11,results/paper_aaai2027/frozen/results/final_mcs_experiments_er_sf_alpha001_nowrong_noweight_50rep_chunked/wc_sweep_bnlearn_survey_alpha001_nowrong_noweight_seed2026_2075_20260715_155405/rep27/lps/wc_inc_mus_lex_bb_optN_r27.lp
Survey (6),2052,"survey:2052:ext_indep(1,5,empty)",6983077,90282257,91354173,1071916,0.15350195909339107,False,0.5217621671035886,False,True,"baseline=contestability_solve_evidence.jsonl#baseline:survey:2052; forced=contestability_solve_evidence.jsonl#challenge:survey:2052:ext_indep(1,5,empty); status=OPTIMUM FOUND; model.optimality_proven=true",False,OPTIMUM FOUND,"ext_indep(1,5,empty)",26,results/paper_aaai2027/frozen/results/final_mcs_experiments_er_sf_alpha001_nowrong_noweight_50rep_chunked/wc_sweep_bnlearn_survey_alpha001_nowrong_noweight_seed2026_2075_20260715_155405/rep27/lps/wc_inc_mus_lex_bb_optN_r27.lp
Survey (6),2052,"survey:2052:ext_indep(1,5,s2)",8333969,90282257,91354173,1071916,0.1286201088580963,False,0.7891847770661116,False,True,"baseline=contestability_solve_evidence.jsonl#baseline:survey:2052; forced=contestability_solve_evidence.jsonl#challenge:survey:2052:ext_indep(1,5,s2); status=OPTIMUM FOUND; model.optimality_proven=true",False,OPTIMUM FOUND,"ext_indep(1,5,s2)",27,results/paper_aaai2027/frozen/results/final_mcs_experiments_er_sf_alpha001_nowrong_noweight_50rep_chunked/wc_sweep_bnlearn_survey_alpha001_nowrong_noweight_seed2026_2075_20260715_155405/rep27/lps/wc_inc_mus_lex_bb_optN_r27.lp
Survey (6),2052,"survey:2052:ext_indep(1,5,s0y2)",9074900,90282257,91354173,1071916,0.1181187671489493,False,1.121226228773594,False,True,"baseline=contestability_solve_evidence.jsonl#baseline:survey:2052; forced=contestability_solve_evidence.jsonl#challenge:survey:2052:ext_indep(1,5,s0y2); status=OPTIMUM FOUND; model.optimality_proven=true",False,OPTIMUM FOUND,"ext_indep(1,5,s0y2)",30,results/paper_aaai2027/frozen/results/final_mcs_experiments_er_sf_alpha001_nowrong_noweight_50rep_chunked/wc_sweep_bnlearn_survey_alpha001_nowrong_noweight_seed2026_2075_20260715_155405/rep27/lps/wc_inc_mus_lex_bb_optN_r27.lp
Survey (6),2052,"survey:2052:ext_indep(1,5,s0)",8953575,90282257,91354173,1071916,0.11971932998830076,False,0.8359455345198512,False,True,"baseline=contestability_solve_evidence.jsonl#baseline:survey:2052; forced=contestability_solve_evidence.jsonl#challenge:survey:2052:ext_indep(1,5,s0); status=OPTIMUM FOUND; model.optimality_proven=true",False,OPTIMUM FOUND,"ext_indep(1,5,s0)",32,results/paper_aaai2027/frozen/results/final_mcs_experiments_er_sf_alpha001_nowrong_noweight_50rep_chunked/wc_sweep_bnlearn_survey_alpha001_nowrong_noweight_seed2026_2075_20260715_155405/rep27/lps/wc_inc_mus_lex_bb_optN_r27.lp
Survey (6),2052,"survey:2052:ext_indep(2,3,empty)",8502057,90282257,91354173,1071916,0.12607725401041184,False,0.4162934413179755,False,True,"baseline=contestability_solve_evidence.jsonl#baseline:survey:2052; forced=contestability_solve_evidence.jsonl#challenge:survey:2052:ext_indep(2,3,empty); status=OPTIMUM FOUND; model.optimality_proven=true",False,OPTIMUM FOUND,"ext_indep(2,3,empty)",34,results/paper_aaai2027/frozen/results/final_mcs_experiments_er_sf_alpha001_nowrong_noweight_50rep_chunked/wc_sweep_bnlearn_survey_alpha001_nowrong_noweight_seed2026_2075_20260715_155405/rep27/lps/wc_inc_mus_lex_bb_optN_r27.lp
Survey (6),2052,"survey:2052:ext_indep(2,3,s5)",5576902,90282257,91354173,1071916,0.1922063539936689,False,0.6219945922493935,False,True,"baseline=contestability_solve_evidence.jsonl#baseline:survey:2052; forced=contestability_solve_evidence.jsonl#challenge:survey:2052:ext_indep(2,3,s5); status=OPTIMUM FOUND; model.optimality_proven=true",False,OPTIMUM FOUND,"ext_indep(2,3,s5)",37,results/paper_aaai2027/frozen/results/final_mcs_experiments_er_sf_alpha001_nowrong_noweight_50rep_chunked/wc_sweep_bnlearn_survey_alpha001_nowrong_noweight_seed2026_2075_20260715_155405/rep27/lps/wc_inc_mus_lex_bb_optN_r27.lp
Survey (6),2052,"survey:2052:ext_dep(2,5,s1)",9970601,90282257,91364994,1082737,0.10859295242082198,False,1.4779840679839253,False,True,"baseline=contestability_solve_evidence.jsonl#baseline:survey:2052; forced=contestability_solve_evidence.jsonl#challenge:survey:2052:ext_dep(2,5,s1); status=OPTIMUM FOUND; model.optimality_proven=true",False,OPTIMUM FOUND,"ext_dep(2,5,s1)",40,results/paper_aaai2027/frozen/results/final_mcs_experiments_er_sf_alpha001_nowrong_noweight_50rep_chunked/wc_sweep_bnlearn_survey_alpha001_nowrong_noweight_seed2026_2075_20260715_155405/rep27/lps/wc_inc_mus_lex_bb_optN_r27.lp
Survey (6),2052,"survey:2052:ext_dep(2,5,s3)",9997225,90282257,91364994,1082737,0.10830375429181598,False,1.4939555926248431,False,True,"baseline=contestability_solve_evidence.jsonl#baseline:survey:2052; forced=contestability_solve_evidence.jsonl#challenge:survey:2052:ext_dep(2,5,s3); status=OPTIMUM FOUND; model.optimality_proven=true",False,OPTIMUM FOUND,"ext_dep(2,5,s3)",41,results/paper_aaai2027/frozen/results/final_mcs_experiments_er_sf_alpha001_nowrong_noweight_50rep_chunked/wc_sweep_bnlearn_survey_alpha001_nowrong_noweight_seed2026_2075_20260715_155405/rep27/lps/wc_inc_mus_lex_bb_optN_r27.lp
Survey (6),2053,"survey:2053:ext_dep(0,5,empty)",5852236,65228922,70408481,5179559,0.885056412625875,False,0.34613773971796036,False,True,"baseline=contestability_solve_evidence.jsonl#baseline:survey:2053; forced=contestability_solve_evidence.jsonl#challenge:survey:2053:ext_dep(0,5,empty); status=OPTIMUM FOUND; model.optimality_proven=true",False,OPTIMUM FOUND,"ext_dep(0,5,empty)",11,results/paper_aaai2027/frozen/results/final_mcs_experiments_er_sf_alpha001_nowrong_noweight_50rep_chunked/wc_sweep_bnlearn_survey_alpha001_nowrong_noweight_seed2026_2075_20260715_155405/rep28/lps/wc_inc_mus_lex_bb_optN_r28.lp
Survey (6),2053,"survey:2053:ext_dep(1,2,empty)",9999999,65228922,67380584,2151662,0.21516622151662215,False,0.35459772776812315,False,True,"baseline=contestability_solve_evidence.jsonl#baseline:survey:2053; forced=contestability_solve_evidence.jsonl#challenge:survey:2053:ext_dep(1,2,empty); status=OPTIMUM FOUND; model.optimality_proven=true",False,OPTIMUM FOUND,"ext_dep(1,2,empty)",15,results/paper_aaai2027/frozen/results/final_mcs_experiments_er_sf_alpha001_nowrong_noweight_50rep_chunked/wc_sweep_bnlearn_survey_alpha001_nowrong_noweight_seed2026_2075_20260715_155405/rep28/lps/wc_inc_mus_lex_bb_optN_r28.lp
Survey (6),2053,"survey:2053:ext_dep(1,2,s0)",9999966,65228922,67380584,2151662,0.21516693156756733,False,0.35864638816565275,False,True,"baseline=contestability_solve_evidence.jsonl#baseline:survey:2053; forced=contestability_solve_evidence.jsonl#challenge:survey:2053:ext_dep(1,2,s0); status=OPTIMUM FOUND; model.optimality_proven=true",False,OPTIMUM FOUND,"ext_dep(1,2,s0)",16,results/paper_aaai2027/frozen/results/final_mcs_experiments_er_sf_alpha001_nowrong_noweight_50rep_chunked/wc_sweep_bnlearn_survey_alpha001_nowrong_noweight_seed2026_2075_20260715_155405/rep28/lps/wc_inc_mus_lex_bb_optN_r28.lp
Survey (6),2053,"survey:2053:ext_dep(1,2,s3)",9999995,65228922,67380584,2151662,0.2151663075831538,False,0.3630173346027732,False,True,"baseline=contestability_solve_evidence.jsonl#baseline:survey:2053; forced=contestability_solve_evidence.jsonl#challenge:survey:2053:ext_dep(1,2,s3); status=OPTIMUM FOUND; model.optimality_proven=true",False,OPTIMUM FOUND,"ext_dep(1,2,s3)",17,results/paper_aaai2027/frozen/results/final_mcs_experiments_er_sf_alpha001_nowrong_noweight_50rep_chunked/wc_sweep_bnlearn_survey_alpha001_nowrong_noweight_seed2026_2075_20260715_155405/rep28/lps/wc_inc_mus_lex_bb_optN_r28.lp
Survey (6),2053,"survey:2053:ext_dep(1,2,s5)",9999985,65228922,67380584,2151662,0.21516652274978412,False,0.38489851262420416,False,True,"baseline=contestability_solve_evidence.jsonl#baseline:survey:2053; forced=contestability_solve_evidence.jsonl#challenge:survey:2053:ext_dep(1,2,s5); status=OPTIMUM FOUND; model.optimality_proven=true",False,OPTIMUM FOUND,"ext_dep(1,2,s5)",18,results/paper_aaai2027/frozen/results/final_mcs_experiments_er_sf_alpha001_nowrong_noweight_50rep_chunked/wc_sweep_bnlearn_survey_alpha001_nowrong_noweight_seed2026_2075_20260715_155405/rep28/lps/wc_inc_mus_lex_bb_optN_r28.lp
Survey (6),2053,"survey:2053:ext_dep(1,3,empty)",8137698,65228922,70408481,5179559,0.6364894593040932,False,0.4085824191570282,False,True,"baseline=contestability_solve_evidence.jsonl#baseline:survey:2053; forced=contestability_solve_evidence.jsonl#challenge:survey:2053:ext_dep(1,3,empty); status=OPTIMUM FOUND; model.optimality_proven=true",False,OPTIMUM FOUND,"ext_dep(1,3,empty)",19,results/paper_aaai2027/frozen/results/final_mcs_experiments_er_sf_alpha001_nowrong_noweight_50rep_chunked/wc_sweep_bnlearn_survey_alpha001_nowrong_noweight_seed2026_2075_20260715_155405/rep28/lps/wc_inc_mus_lex_bb_optN_r28.lp
Survey (6),2053,"survey:2053:ext_indep(2,3,empty)",5184581,65228922,66370228,1141306,0.2201346646913222,False,0.15035744942724705,False,True,"baseline=contestability_solve_evidence.jsonl#baseline:survey:2053; forced=contestability_solve_evidence.jsonl#challenge:survey:2053:ext_indep(2,3,empty); status=OPTIMUM FOUND; model.optimality_proven=true",False,OPTIMUM FOUND,"ext_indep(2,3,empty)",30,results/paper_aaai2027/frozen/results/final_mcs_experiments_er_sf_alpha001_nowrong_noweight_50rep_chunked/wc_sweep_bnlearn_survey_alpha001_nowrong_noweight_seed2026_2075_20260715_155405/rep28/lps/wc_inc_mus_lex_bb_optN_r28.lp
Survey (6),2053,"survey:2053:ext_indep(2,3,s1)",6054462,65228922,66370228,1141306,0.18850659232810446,False,0.16239797323942184,False,True,"baseline=contestability_solve_evidence.jsonl#baseline:survey:2053; forced=contestability_solve_evidence.jsonl#challenge:survey:2053:ext_indep(2,3,s1); status=OPTIMUM FOUND; model.optimality_proven=true",False,OPTIMUM FOUND,"ext_indep(2,3,s1)",33,results/paper_aaai2027/frozen/results/final_mcs_experiments_er_sf_alpha001_nowrong_noweight_50rep_chunked/wc_sweep_bnlearn_survey_alpha001_nowrong_noweight_seed2026_2075_20260715_155405/rep28/lps/wc_inc_mus_lex_bb_optN_r28.lp
Survey (6),2054,"survey:2054:ext_indep(0,2,s1)",9646632,90908624,101095959,10187335,1.0560509616205946,False,0.5468184072524309,False,True,"baseline=contestability_solve_evidence.jsonl#baseline:survey:2054; forced=contestability_solve_evidence.jsonl#challenge:survey:2054:ext_indep(0,2,s1); status=OPTIMUM FOUND; model.optimality_proven=true",False,OPTIMUM FOUND,"ext_indep(0,2,s1)",10,results/paper_aaai2027/frozen/results/final_mcs_experiments_er_sf_alpha001_nowrong_noweight_50rep_chunked/wc_sweep_bnlearn_survey_alpha001_nowrong_noweight_seed2026_2075_20260715_155405/rep29/lps/wc_inc_mus_lex_bb_optN_r29.lp
Survey (6),2054,"survey:2054:ext_indep(0,3,s1)",7993851,90908624,97683388,6774764,0.8474969073103814,False,0.3666956424713135,False,True,"baseline=contestability_solve_evidence.jsonl#baseline:survey:2054; forced=contestability_solve_evidence.jsonl#challenge:survey:2054:ext_indep(0,3,s1); status=OPTIMUM FOUND; model.optimality_proven=true",False,OPTIMUM FOUND,"ext_indep(0,3,s1)",12,results/paper_aaai2027/frozen/results/final_mcs_experiments_er_sf_alpha001_nowrong_noweight_50rep_chunked/wc_sweep_bnlearn_survey_alpha001_nowrong_noweight_seed2026_2075_20260715_155405/rep29/lps/wc_inc_mus_lex_bb_optN_r29.lp
Survey (6),2054,"survey:2054:ext_indep(0,3,s1y5)",6314978,90908624,97683388,6774764,1.0728088047179263,False,0.5001770546659827,False,True,"baseline=contestability_solve_evidence.jsonl#baseline:survey:2054; forced=contestability_solve_evidence.jsonl#challenge:survey:2054:ext_indep(0,3,s1y5); status=OPTIMUM FOUND; model.optimality_proven=true",False,OPTIMUM FOUND,"ext_indep(0,3,s1y5)",13,results/paper_aaai2027/frozen/results/final_mcs_experiments_er_sf_alpha001_nowrong_noweight_50rep_chunked/wc_sweep_bnlearn_survey_alpha001_nowrong_noweight_seed2026_2075_20260715_155405/rep29/lps/wc_inc_mus_lex_bb_optN_r29.lp
Survey (6),2054,"survey:2054:ext_indep(2,3,s1)",8323896,90908624,97683388,6774764,0.8138933979953618,False,0.31316540855914354,False,True,"baseline=contestability_solve_evidence.jsonl#baseline:survey:2054; forced=contestability_solve_evidence.jsonl#challenge:survey:2054:ext_indep(2,3,s1); status=OPTIMUM FOUND; model.optimality_proven=true",False,OPTIMUM FOUND,"ext_indep(2,3,s1)",61,results/paper_aaai2027/frozen/results/final_mcs_experiments_er_sf_alpha001_nowrong_noweight_50rep_chunked/wc_sweep_bnlearn_survey_alpha001_nowrong_noweight_seed2026_2075_20260715_155405/rep29/lps/wc_inc_mus_lex_bb_optN_r29.lp
Survey (6),2054,"survey:2054:ext_indep(2,3,s1y5)",7693506,90908624,97683388,6774764,0.8805821429137769,False,0.5764100113883615,False,True,"baseline=contestability_solve_evidence.jsonl#baseline:survey:2054; forced=contestability_solve_evidence.jsonl#challenge:survey:2054:ext_indep(2,3,s1y5); status=OPTIMUM FOUND; model.optimality_proven=true",False,OPTIMUM FOUND,"ext_indep(2,3,s1y5)",62,results/paper_aaai2027/frozen/results/final_mcs_experiments_er_sf_alpha001_nowrong_noweight_50rep_chunked/wc_sweep_bnlearn_survey_alpha001_nowrong_noweight_seed2026_2075_20260715_155405/rep29/lps/wc_inc_mus_lex_bb_optN_r29.lp
Survey (6),2054,"survey:2054:ext_dep(2,5,empty)",7668858,90908624,117735101,26826477,3.4981058457465246,False,1.474503650330007,False,True,"baseline=contestability_solve_evidence.jsonl#baseline:survey:2054; forced=contestability_solve_evidence.jsonl#challenge:survey:2054:ext_dep(2,5,empty); status=OPTIMUM FOUND; model.optimality_proven=true",False,OPTIMUM FOUND,"ext_dep(2,5,empty)",66,results/paper_aaai2027/frozen/results/final_mcs_experiments_er_sf_alpha001_nowrong_noweight_50rep_chunked/wc_sweep_bnlearn_survey_alpha001_nowrong_noweight_seed2026_2075_20260715_155405/rep29/lps/wc_inc_mus_lex_bb_optN_r29.lp
Survey (6),2054,"survey:2054:ext_indep(3,4,s1)",7463753,90908624,97683388,6774764,0.9076886654743264,False,0.4259106134995818,False,True,"baseline=contestability_solve_evidence.jsonl#baseline:survey:2054; forced=contestability_solve_evidence.jsonl#challenge:survey:2054:ext_indep(3,4,s1); status=OPTIMUM FOUND; model.optimality_proven=true",False,OPTIMUM FOUND,"ext_indep(3,4,s1)",70,results/paper_aaai2027/frozen/results/final_mcs_experiments_er_sf_alpha001_nowrong_noweight_50rep_chunked/wc_sweep_bnlearn_survey_alpha001_nowrong_noweight_seed2026_2075_20260715_155405/rep29/lps/wc_inc_mus_lex_bb_optN_r29.lp
Survey (6),2054,"survey:2054:ext_indep(3,4,s1y5)",5803153,90908624,97683388,6774764,1.1674281205406785,False,0.5141516607254744,False,True,"baseline=contestability_solve_evidence.jsonl#baseline:survey:2054; forced=contestability_solve_evidence.jsonl#challenge:survey:2054:ext_indep(3,4,s1y5); status=OPTIMUM FOUND; model.optimality_proven=true",False,OPTIMUM FOUND,"ext_indep(3,4,s1y5)",71,results/paper_aaai2027/frozen/results/final_mcs_experiments_er_sf_alpha001_nowrong_noweight_50rep_chunked/wc_sweep_bnlearn_survey_alpha001_nowrong_noweight_seed2026_2075_20260715_155405/rep29/lps/wc_inc_mus_lex_bb_optN_r29.lp
Survey (6),2054,"survey:2054:ext_dep(3,5,empty)",9999999,90908624,101521718,10613094,1.0613095061309505,False,0.7750073382630944,False,True,"baseline=contestability_solve_evidence.jsonl#baseline:survey:2054; forced=contestability_solve_evidence.jsonl#challenge:survey:2054:ext_dep(3,5,empty); status=OPTIMUM FOUND; model.optimality_proven=true",False,OPTIMUM FOUND,"ext_dep(3,5,empty)",73,results/paper_aaai2027/frozen/results/final_mcs_experiments_er_sf_alpha001_nowrong_noweight_50rep_chunked/wc_sweep_bnlearn_survey_alpha001_nowrong_noweight_seed2026_2075_20260715_155405/rep29/lps/wc_inc_mus_lex_bb_optN_r29.lp
Survey (6),2054,"survey:2054:ext_dep(3,5,s1)",9999999,90908624,101521718,10613094,1.0613095061309505,False,0.8174730939790606,False,True,"baseline=contestability_solve_evidence.jsonl#baseline:survey:2054; forced=contestability_solve_evidence.jsonl#challenge:survey:2054:ext_dep(3,5,s1); status=OPTIMUM FOUND; model.optimality_proven=true",False,OPTIMUM FOUND,"ext_dep(3,5,s1)",74,results/paper_aaai2027/frozen/results/final_mcs_experiments_er_sf_alpha001_nowrong_noweight_50rep_chunked/wc_sweep_bnlearn_survey_alpha001_nowrong_noweight_seed2026_2075_20260715_155405/rep29/lps/wc_inc_mus_lex_bb_optN_r29.lp
Survey (6),2054,"survey:2054:ext_dep(3,5,s2)",9999999,90908624,101521718,10613094,1.0613095061309505,False,0.9327309662476182,False,True,"baseline=contestability_solve_evidence.jsonl#baseline:survey:2054; forced=contestability_solve_evidence.jsonl#challenge:survey:2054:ext_dep(3,5,s2); status=OPTIMUM FOUND; model.optimality_proven=true",False,OPTIMUM FOUND,"ext_dep(3,5,s2)",75,results/paper_aaai2027/frozen/results/final_mcs_experiments_er_sf_alpha001_nowrong_noweight_50rep_chunked/wc_sweep_bnlearn_survey_alpha001_nowrong_noweight_seed2026_2075_20260715_155405/rep29/lps/wc_inc_mus_lex_bb_optN_r29.lp
Survey (6),2055,"survey:2055:ext_indep(0,2,s1)",5815231,83673001,84641832,968831,0.1666023241381125,False,0.49302520602941513,False,True,"baseline=contestability_solve_evidence.jsonl#baseline:survey:2055; forced=contestability_solve_evidence.jsonl#challenge:survey:2055:ext_indep(0,2,s1); status=OPTIMUM FOUND; model.optimality_proven=true",False,OPTIMUM FOUND,"ext_indep(0,2,s1)",6,results/paper_aaai2027/frozen/results/final_mcs_experiments_er_sf_alpha001_nowrong_noweight_50rep_chunked/wc_sweep_bnlearn_survey_alpha001_nowrong_noweight_seed2026_2075_20260715_155405/rep30/lps/wc_inc_mus_lex_bb_optN_r30.lp
Survey (6),2055,"survey:2055:ext_indep(0,2,s1y5)",8859327,83673001,84641832,968831,0.10935717803395224,False,0.6829982623457909,False,True,"baseline=contestability_solve_evidence.jsonl#baseline:survey:2055; forced=contestability_solve_evidence.jsonl#challenge:survey:2055:ext_indep(0,2,s1y5); status=OPTIMUM FOUND; model.optimality_proven=true",False,OPTIMUM FOUND,"ext_indep(0,2,s1y5)",7,results/paper_aaai2027/frozen/results/final_mcs_experiments_er_sf_alpha001_nowrong_noweight_50rep_chunked/wc_sweep_bnlearn_survey_alpha001_nowrong_noweight_seed2026_2075_20260715_155405/rep30/lps/wc_inc_mus_lex_bb_optN_r30.lp
Survey (6),2055,"survey:2055:ext_dep(1,3,empty)",9984400,83673001,91541402,7868401,0.7880694884019069,False,1.4062841273844242,False,True,"baseline=contestability_solve_evidence.jsonl#baseline:survey:2055; forced=contestability_solve_evidence.jsonl#challenge:survey:2055:ext_dep(1,3,empty); status=OPTIMUM FOUND; model.optimality_proven=true",False,OPTIMUM FOUND,"ext_dep(1,3,empty)",20,results/paper_aaai2027/frozen/results/final_mcs_experiments_er_sf_alpha001_nowrong_noweight_50rep_chunked/wc_sweep_bnlearn_survey_alpha001_nowrong_noweight_seed2026_2075_20260715_155405/rep30/lps/wc_inc_mus_lex_bb_optN_r30.lp
Survey (6),2055,"survey:2055:ext_dep(1,3,s0)",9275459,83673001,91541402,7868401,0.8483031405777332,False,1.519678800366819,False,True,"baseline=contestability_solve_evidence.jsonl#baseline:survey:2055; forced=contestability_solve_evidence.jsonl#challenge:survey:2055:ext_dep(1,3,s0); status=OPTIMUM FOUND; model.optimality_proven=true",False,OPTIMUM FOUND,"ext_dep(1,3,s0)",21,results/paper_aaai2027/frozen/results/final_mcs_experiments_er_sf_alpha001_nowrong_noweight_50rep_chunked/wc_sweep_bnlearn_survey_alpha001_nowrong_noweight_seed2026_2075_20260715_155405/rep30/lps/wc_inc_mus_lex_bb_optN_r30.lp
Survey (6),2055,"survey:2055:ext_dep(1,3,s2)",9904956,83673001,91541402,7868401,0.7943903031977123,False,1.6071714526042342,False,True,"baseline=contestability_solve_evidence.jsonl#baseline:survey:2055; forced=contestability_solve_evidence.jsonl#challenge:survey:2055:ext_dep(1,3,s2); status=OPTIMUM FOUND; model.optimality_proven=true",False,OPTIMUM FOUND,"ext_dep(1,3,s2)",22,results/paper_aaai2027/frozen/results/final_mcs_experiments_er_sf_alpha001_nowrong_noweight_50rep_chunked/wc_sweep_bnlearn_survey_alpha001_nowrong_noweight_seed2026_2075_20260715_155405/rep30/lps/wc_inc_mus_lex_bb_optN_r30.lp
Survey (6),2055,"survey:2055:ext_dep(1,3,s5)",9740642,83673001,91541402,7868401,0.8077908006474317,False,1.6966723883524537,False,True,"baseline=contestability_solve_evidence.jsonl#baseline:survey:2055; forced=contestability_solve_evidence.jsonl#challenge:survey:2055:ext_dep(1,3,s5); status=OPTIMUM FOUND; model.optimality_proven=true",False,OPTIMUM FOUND,"ext_dep(1,3,s5)",23,results/paper_aaai2027/frozen/results/final_mcs_experiments_er_sf_alpha001_nowrong_noweight_50rep_chunked/wc_sweep_bnlearn_survey_alpha001_nowrong_noweight_seed2026_2075_20260715_155405/rep30/lps/wc_inc_mus_lex_bb_optN_r30.lp
Survey (6),2055,"survey:2055:ext_dep(1,3,s0y2)",6644342,83673001,91541402,7868401,1.1842257668253682,False,1.7023861352354288,False,True,"baseline=contestability_solve_evidence.jsonl#baseline:survey:2055; forced=contestability_solve_evidence.jsonl#challenge:survey:2055:ext_dep(1,3,s0y2); status=OPTIMUM FOUND; model.optimality_proven=true",False,OPTIMUM FOUND,"ext_dep(1,3,s0y2)",24,results/paper_aaai2027/frozen/results/final_mcs_experiments_er_sf_alpha001_nowrong_noweight_50rep_chunked/wc_sweep_bnlearn_survey_alpha001_nowrong_noweight_seed2026_2075_20260715_155405/rep30/lps/wc_inc_mus_lex_bb_optN_r30.lp
Survey (6),2055,"survey:2055:ext_dep(2,5,empty)",9268045,83673001,92271856,8598855,0.9277959914955096,False,1.5064249401912093,False,True,"baseline=contestability_solve_evidence.jsonl#baseline:survey:2055; forced=contestability_solve_evidence.jsonl#challenge:survey:2055:ext_dep(2,5,empty); status=OPTIMUM FOUND; model.optimality_proven=true",False,OPTIMUM FOUND,"ext_dep(2,5,empty)",39,results/paper_aaai2027/frozen/results/final_mcs_experiments_er_sf_alpha001_nowrong_noweight_50rep_chunked/wc_sweep_bnlearn_survey_alpha001_nowrong_noweight_seed2026_2075_20260715_155405/rep30/lps/wc_inc_mus_lex_bb_optN_r30.lp
Survey (6),2055,"survey:2055:ext_dep(2,5,s1)",6735346,83673001,92271856,8598855,1.2766760608883345,False,1.604541452601552,False,True,"baseline=contestability_solve_evidence.jsonl#baseline:survey:2055; forced=contestability_solve_evidence.jsonl#challenge:survey:2055:ext_dep(2,5,s1); status=OPTIMUM FOUND; model.optimality_proven=true",False,OPTIMUM FOUND,"ext_dep(2,5,s1)",40,results/paper_aaai2027/frozen/results/final_mcs_experiments_er_sf_alpha001_nowrong_noweight_50rep_chunked/wc_sweep_bnlearn_survey_alpha001_nowrong_noweight_seed2026_2075_20260715_155405/rep30/lps/wc_inc_mus_lex_bb_optN_r30.lp
Survey (6),2055,"survey:2055:ext_dep(2,5,s3)",7445253,83673001,92426385,8753384,1.1757000064336296,False,1.4945966051891446,False,True,"baseline=contestability_solve_evidence.jsonl#baseline:survey:2055; forced=contestability_solve_evidence.jsonl#challenge:survey:2055:ext_dep(2,5,s3); status=OPTIMUM FOUND; model.optimality_proven=true",False,OPTIMUM FOUND,"ext_dep(2,5,s3)",41,results/paper_aaai2027/frozen/results/final_mcs_experiments_er_sf_alpha001_nowrong_noweight_50rep_chunked/wc_sweep_bnlearn_survey_alpha001_nowrong_noweight_seed2026_2075_20260715_155405/rep30/lps/wc_inc_mus_lex_bb_optN_r30.lp
Survey (6),2056,"survey:2056:ext_indep(0,3,empty)",7156967,79899500,81344798,1445298,0.2019428062194502,False,0.37958062905818224,False,True,"baseline=contestability_solve_evidence.jsonl#baseline:survey:2056; forced=contestability_solve_evidence.jsonl#challenge:survey:2056:ext_indep(0,3,empty); status=OPTIMUM FOUND; model.optimality_proven=true",False,OPTIMUM FOUND,"ext_indep(0,3,empty)",9,results/paper_aaai2027/frozen/results/final_mcs_experiments_er_sf_alpha001_nowrong_noweight_50rep_chunked/wc_sweep_bnlearn_survey_alpha001_nowrong_noweight_seed2026_2075_20260715_155405/rep31/lps/wc_inc_mus_lex_bb_optN_r31.lp
Survey (6),2056,"survey:2056:ext_indep(0,3,s5)",8305080,79899500,81344798,1445298,0.17402577699432153,False,0.5619504963979125,False,True,"baseline=contestability_solve_evidence.jsonl#baseline:survey:2056; forced=contestability_solve_evidence.jsonl#challenge:survey:2056:ext_indep(0,3,s5); status=OPTIMUM FOUND; model.optimality_proven=true",False,OPTIMUM FOUND,"ext_indep(0,3,s5)",12,results/paper_aaai2027/frozen/results/final_mcs_experiments_er_sf_alpha001_nowrong_noweight_50rep_chunked/wc_sweep_bnlearn_survey_alpha001_nowrong_noweight_seed2026_2075_20260715_155405/rep31/lps/wc_inc_mus_lex_bb_optN_r31.lp
Survey (6),2056,"survey:2056:ext_dep(1,2,empty)",9999996,79899500,81344798,1445298,0.14452985781194314,False,1.1748684970661998,False,True,"baseline=contestability_solve_evidence.jsonl#baseline:survey:2056; forced=contestability_solve_evidence.jsonl#challenge:survey:2056:ext_dep(1,2,empty); status=OPTIMUM FOUND; model.optimality_proven=true",False,OPTIMUM FOUND,"ext_dep(1,2,empty)",15,results/paper_aaai2027/frozen/results/final_mcs_experiments_er_sf_alpha001_nowrong_noweight_50rep_chunked/wc_sweep_bnlearn_survey_alpha001_nowrong_noweight_seed2026_2075_20260715_155405/rep31/lps/wc_inc_mus_lex_bb_optN_r31.lp
Survey (6),2056,"survey:2056:ext_dep(1,2,s0)",9999910,79899500,81344798,1445298,0.14453110077990702,False,1.1572273932397366,False,True,"baseline=contestability_solve_evidence.jsonl#baseline:survey:2056; forced=contestability_solve_evidence.jsonl#challenge:survey:2056:ext_dep(1,2,s0); status=OPTIMUM FOUND; model.optimality_proven=true",False,OPTIMUM FOUND,"ext_dep(1,2,s0)",16,results/paper_aaai2027/frozen/results/final_mcs_experiments_er_sf_alpha001_nowrong_noweight_50rep_chunked/wc_sweep_bnlearn_survey_alpha001_nowrong_noweight_seed2026_2075_20260715_155405/rep31/lps/wc_inc_mus_lex_bb_optN_r31.lp
Survey (6),2056,"survey:2056:ext_dep(1,2,s5)",9999983,79899500,81344798,1445298,0.1445300457010777,False,1.3552424861118197,False,True,"baseline=contestability_solve_evidence.jsonl#baseline:survey:2056; forced=contestability_solve_evidence.jsonl#challenge:survey:2056:ext_dep(1,2,s5); status=OPTIMUM FOUND; model.optimality_proven=true",False,OPTIMUM FOUND,"ext_dep(1,2,s5)",18,results/paper_aaai2027/frozen/results/final_mcs_experiments_er_sf_alpha001_nowrong_noweight_50rep_chunked/wc_sweep_bnlearn_survey_alpha001_nowrong_noweight_seed2026_2075_20260715_155405/rep31/lps/wc_inc_mus_lex_bb_optN_r31.lp
Survey (6),2056,"survey:2056:ext_indep(1,5,s0y2y3)",7101237,79899500,89084263,9184763,1.2934032479130044,False,1.2963796714320779,False,True,"baseline=contestability_solve_evidence.jsonl#baseline:survey:2056; forced=contestability_solve_evidence.jsonl#challenge:survey:2056:ext_indep(1,5,s0y2y3); status=OPTIMUM FOUND; model.optimality_proven=true",False,OPTIMUM FOUND,"ext_indep(1,5,s0y2y3)",28,results/paper_aaai2027/frozen/results/final_mcs_experiments_er_sf_alpha001_nowrong_noweight_50rep_chunked/wc_sweep_bnlearn_survey_alpha001_nowrong_noweight_seed2026_2075_20260715_155405/rep31/lps/wc_inc_mus_lex_bb_optN_r31.lp
Survey (6),2056,"survey:2056:ext_indep(1,5,s2y3)",5400620,79899500,89084263,9184763,1.700686773000137,False,1.0177290011197329,False,True,"baseline=contestability_solve_evidence.jsonl#baseline:survey:2056; forced=contestability_solve_evidence.jsonl#challenge:survey:2056:ext_indep(1,5,s2y3); status=OPTIMUM FOUND; model.optimality_proven=true",False,OPTIMUM FOUND,"ext_indep(1,5,s2y3)",29,results/paper_aaai2027/frozen/results/final_mcs_experiments_er_sf_alpha001_nowrong_noweight_50rep_chunked/wc_sweep_bnlearn_survey_alpha001_nowrong_noweight_seed2026_2075_20260715_155405/rep31/lps/wc_inc_mus_lex_bb_optN_r31.lp
Survey (6),2056,"survey:2056:ext_indep(1,5,s0y3)",5773565,79899500,81344798,1445298,0.25033025522359237,False,0.7112240185961127,False,True,"baseline=contestability_solve_evidence.jsonl#baseline:survey:2056; forced=contestability_solve_evidence.jsonl#challenge:survey:2056:ext_indep(1,5,s0y3); status=OPTIMUM FOUND; model.optimality_proven=true",False,OPTIMUM FOUND,"ext_indep(1,5,s0y3)",31,results/paper_aaai2027/frozen/results/final_mcs_experiments_er_sf_alpha001_nowrong_noweight_50rep_chunked/wc_sweep_bnlearn_survey_alpha001_nowrong_noweight_seed2026_2075_20260715_155405/rep31/lps/wc_inc_mus_lex_bb_optN_r31.lp
Survey (6),2056,"survey:2056:ext_indep(1,5,s3)",5623960,79899500,81344798,1445298,0.25698938114780334,False,0.6651766011491418,False,True,"baseline=contestability_solve_evidence.jsonl#baseline:survey:2056; forced=contestability_solve_evidence.jsonl#challenge:survey:2056:ext_indep(1,5,s3); status=OPTIMUM FOUND; model.optimality_proven=true",False,OPTIMUM FOUND,"ext_indep(1,5,s3)",33,results/paper_aaai2027/frozen/results/final_mcs_experiments_er_sf_alpha001_nowrong_noweight_50rep_chunked/wc_sweep_bnlearn_survey_alpha001_nowrong_noweight_seed2026_2075_20260715_155405/rep31/lps/wc_inc_mus_lex_bb_optN_r31.lp
Survey (6),2056,"survey:2056:ext_indep(2,3,empty)",5113639,79899500,91688110,11788610,2.305326989253641,False,0.5155937829986215,False,True,"baseline=contestability_solve_evidence.jsonl#baseline:survey:2056; forced=contestability_solve_evidence.jsonl#challenge:survey:2056:ext_indep(2,3,empty); status=OPTIMUM FOUND; model.optimality_proven=true",False,OPTIMUM FOUND,"ext_indep(2,3,empty)",34,results/paper_aaai2027/frozen/results/final_mcs_experiments_er_sf_alpha001_nowrong_noweight_50rep_chunked/wc_sweep_bnlearn_survey_alpha001_nowrong_noweight_seed2026_2075_20260715_155405/rep31/lps/wc_inc_mus_lex_bb_optN_r31.lp
Survey (6),2056,"survey:2056:ext_indep(2,3,s1)",5424543,79899500,82783135,2883635,0.5315904030993948,False,0.4878281755372882,False,True,"baseline=contestability_solve_evidence.jsonl#baseline:survey:2056; forced=contestability_solve_evidence.jsonl#challenge:survey:2056:ext_indep(2,3,s1); status=OPTIMUM FOUND; model.optimality_proven=true",False,OPTIMUM FOUND,"ext_indep(2,3,s1)",35,results/paper_aaai2027/frozen/results/final_mcs_experiments_er_sf_alpha001_nowrong_noweight_50rep_chunked/wc_sweep_bnlearn_survey_alpha001_nowrong_noweight_seed2026_2075_20260715_155405/rep31/lps/wc_inc_mus_lex_bb_optN_r31.lp
Survey (6),2057,"survey:2057:ext_indep(0,2,s1)",8519998,18987195,37180617,18193422,2.1353786702766833,False,0.08566858526319265,False,True,"baseline=contestability_solve_evidence.jsonl#baseline:survey:2057; forced=contestability_solve_evidence.jsonl#challenge:survey:2057:ext_indep(0,2,s1); status=OPTIMUM FOUND; model.optimality_proven=true",False,OPTIMUM FOUND,"ext_indep(0,2,s1)",6,results/paper_aaai2027/frozen/results/final_mcs_experiments_er_sf_alpha001_nowrong_noweight_50rep_chunked/wc_sweep_bnlearn_survey_alpha001_nowrong_noweight_seed2026_2075_20260715_155405/rep32/lps/wc_inc_mus_lex_bb_optN_r32.lp
Survey (6),2057,"survey:2057:ext_indep(1,4,s2)",5079387,18987195,20594735,1607540,0.3164830716777438,False,0.018375578336417675,False,True,"baseline=contestability_solve_evidence.jsonl#baseline:survey:2057; forced=contestability_solve_evidence.jsonl#challenge:survey:2057:ext_indep(1,4,s2); status=OPTIMUM FOUND; model.optimality_proven=true",False,OPTIMUM FOUND,"ext_indep(1,4,s2)",21,results/paper_aaai2027/frozen/results/final_mcs_experiments_er_sf_alpha001_nowrong_noweight_50rep_chunked/wc_sweep_bnlearn_survey_alpha001_nowrong_noweight_seed2026_2075_20260715_155405/rep32/lps/wc_inc_mus_lex_bb_optN_r32.lp
Survey (6),2057,"survey:2057:ext_indep(1,5,empty)",5387810,18987195,32153876,13166681,2.4437908909185735,False,0.03158974554389715,False,True,"baseline=contestability_solve_evidence.jsonl#baseline:survey:2057; forced=contestability_solve_evidence.jsonl#challenge:survey:2057:ext_indep(1,5,empty); status=OPTIMUM FOUND; model.optimality_proven=true",False,OPTIMUM FOUND,"ext_indep(1,5,empty)",23,results/paper_aaai2027/frozen/results/final_mcs_experiments_er_sf_alpha001_nowrong_noweight_50rep_chunked/wc_sweep_bnlearn_survey_alpha001_nowrong_noweight_seed2026_2075_20260715_155405/rep32/lps/wc_inc_mus_lex_bb_optN_r32.lp
Survey (6),2058,"survey:2058:ext_indep(0,2,empty)",6635106,124060555,124248784,188229,0.028368650026088505,False,0.5014626374468207,False,True,"baseline=contestability_solve_evidence.jsonl#baseline:survey:2058; forced=contestability_solve_evidence.jsonl#challenge:survey:2058:ext_indep(0,2,empty); status=OPTIMUM FOUND; model.optimality_proven=true",False,OPTIMUM FOUND,"ext_indep(0,2,empty)",9,results/paper_aaai2027/frozen/results/final_mcs_experiments_er_sf_alpha001_nowrong_noweight_50rep_chunked/wc_sweep_bnlearn_survey_alpha001_nowrong_noweight_seed2026_2075_20260715_155405/rep33/lps/wc_inc_mus_lex_bb_optN_r33.lp
Survey (6),2058,"survey:2058:ext_indep(0,2,s5)",7676462,124060555,124248784,188229,0.024520280306213983,False,0.5384880276396871,False,True,"baseline=contestability_solve_evidence.jsonl#baseline:survey:2058; forced=contestability_solve_evidence.jsonl#challenge:survey:2058:ext_indep(0,2,s5); status=OPTIMUM FOUND; model.optimality_proven=true",False,OPTIMUM FOUND,"ext_indep(0,2,s5)",12,results/paper_aaai2027/frozen/results/final_mcs_experiments_er_sf_alpha001_nowrong_noweight_50rep_chunked/wc_sweep_bnlearn_survey_alpha001_nowrong_noweight_seed2026_2075_20260715_155405/rep33/lps/wc_inc_mus_lex_bb_optN_r33.lp
Survey (6),2058,"survey:2058:ext_indep(0,3,empty)",7025341,124060555,125377813,1317258,0.1875009341183581,False,0.4368019765242934,False,True,"baseline=contestability_solve_evidence.jsonl#baseline:survey:2058; forced=contestability_solve_evidence.jsonl#challenge:survey:2058:ext_indep(0,3,empty); status=OPTIMUM FOUND; model.optimality_proven=true",False,OPTIMUM FOUND,"ext_indep(0,3,empty)",13,results/paper_aaai2027/frozen/results/final_mcs_experiments_er_sf_alpha001_nowrong_noweight_50rep_chunked/wc_sweep_bnlearn_survey_alpha001_nowrong_noweight_seed2026_2075_20260715_155405/rep33/lps/wc_inc_mus_lex_bb_optN_r33.lp
Survey (6),2058,"survey:2058:ext_indep(0,3,s5)",6233161,124060555,125377813,1317258,0.21133065550528857,False,0.7394329560920596,False,True,"baseline=contestability_solve_evidence.jsonl#baseline:survey:2058; forced=contestability_solve_evidence.jsonl#challenge:survey:2058:ext_indep(0,3,s5); status=OPTIMUM FOUND; model.optimality_proven=true",False,OPTIMUM FOUND,"ext_indep(0,3,s5)",16,results/paper_aaai2027/frozen/results/final_mcs_experiments_er_sf_alpha001_nowrong_noweight_50rep_chunked/wc_sweep_bnlearn_survey_alpha001_nowrong_noweight_seed2026_2075_20260715_155405/rep33/lps/wc_inc_mus_lex_bb_optN_r33.lp
Survey (6),2058,"survey:2058:ext_indep(2,3,empty)",8044218,124060555,125602019,1541464,0.19162384709116537,False,0.5121486568823457,False,True,"baseline=contestability_solve_evidence.jsonl#baseline:survey:2058; forced=contestability_solve_evidence.jsonl#challenge:survey:2058:ext_indep(2,3,empty); status=OPTIMUM FOUND; model.optimality_proven=true",False,OPTIMUM FOUND,"ext_indep(2,3,empty)",62,results/paper_aaai2027/frozen/results/final_mcs_experiments_er_sf_alpha001_nowrong_noweight_50rep_chunked/wc_sweep_bnlearn_survey_alpha001_nowrong_noweight_seed2026_2075_20260715_155405/rep33/lps/wc_inc_mus_lex_bb_optN_r33.lp
Survey (6),2058,"survey:2058:ext_indep(2,3,s5)",9765668,124060555,125602019,1541464,0.15784521857593356,False,0.659296509809792,False,True,"baseline=contestability_solve_evidence.jsonl#baseline:survey:2058; forced=contestability_solve_evidence.jsonl#challenge:survey:2058:ext_indep(2,3,s5); status=OPTIMUM FOUND; model.optimality_proven=true",False,OPTIMUM FOUND,"ext_indep(2,3,s5)",65,results/paper_aaai2027/frozen/results/final_mcs_experiments_er_sf_alpha001_nowrong_noweight_50rep_chunked/wc_sweep_bnlearn_survey_alpha001_nowrong_noweight_seed2026_2075_20260715_155405/rep33/lps/wc_inc_mus_lex_bb_optN_r33.lp
Survey (6),2058,"survey:2058:ext_indep(2,4,empty)",5220331,124060555,124248784,188229,0.036056909035078424,False,0.4465364571660757,False,True,"baseline=contestability_solve_evidence.jsonl#baseline:survey:2058; forced=contestability_solve_evidence.jsonl#challenge:survey:2058:ext_indep(2,4,empty); status=OPTIMUM FOUND; model.optimality_proven=true",False,OPTIMUM FOUND,"ext_indep(2,4,empty)",66,results/paper_aaai2027/frozen/results/final_mcs_experiments_er_sf_alpha001_nowrong_noweight_50rep_chunked/wc_sweep_bnlearn_survey_alpha001_nowrong_noweight_seed2026_2075_20260715_155405/rep33/lps/wc_inc_mus_lex_bb_optN_r33.lp
Survey (6),2058,"survey:2058:ext_indep(2,4,s5)",5556261,124060555,124248784,188229,0.03387691830891314,False,0.5502778626978397,False,True,"baseline=contestability_solve_evidence.jsonl#baseline:survey:2058; forced=contestability_solve_evidence.jsonl#challenge:survey:2058:ext_indep(2,4,s5); status=OPTIMUM FOUND; model.optimality_proven=true",False,OPTIMUM FOUND,"ext_indep(2,4,s5)",69,results/paper_aaai2027/frozen/results/final_mcs_experiments_er_sf_alpha001_nowrong_noweight_50rep_chunked/wc_sweep_bnlearn_survey_alpha001_nowrong_noweight_seed2026_2075_20260715_155405/rep33/lps/wc_inc_mus_lex_bb_optN_r33.lp
Survey (6),2058,"survey:2058:ext_dep(2,5,empty)",9677285,124060555,136173787,12113232,1.2517180180184835,False,3.141995018348098,False,True,"baseline=contestability_solve_evidence.jsonl#baseline:survey:2058; forced=contestability_solve_evidence.jsonl#challenge:survey:2058:ext_dep(2,5,empty); status=OPTIMUM FOUND; model.optimality_proven=true",False,OPTIMUM FOUND,"ext_dep(2,5,empty)",70,results/paper_aaai2027/frozen/results/final_mcs_experiments_er_sf_alpha001_nowrong_noweight_50rep_chunked/wc_sweep_bnlearn_survey_alpha001_nowrong_noweight_seed2026_2075_20260715_155405/rep33/lps/wc_inc_mus_lex_bb_optN_r33.lp
Survey (6),2058,"survey:2058:ext_dep(2,5,s1)",9519198,124060555,136173787,12113232,1.2725055198977897,False,3.048357902094722,False,True,"baseline=contestability_solve_evidence.jsonl#baseline:survey:2058; forced=contestability_solve_evidence.jsonl#challenge:survey:2058:ext_dep(2,5,s1); status=OPTIMUM FOUND; model.optimality_proven=true",False,OPTIMUM FOUND,"ext_dep(2,5,s1)",71,results/paper_aaai2027/frozen/results/final_mcs_experiments_er_sf_alpha001_nowrong_noweight_50rep_chunked/wc_sweep_bnlearn_survey_alpha001_nowrong_noweight_seed2026_2075_20260715_155405/rep33/lps/wc_inc_mus_lex_bb_optN_r33.lp
Survey (6),2058,"survey:2058:ext_dep(2,5,s3)",7396931,124060555,136173787,12113232,1.6376024056463416,False,3.089195822365582,False,True,"baseline=contestability_solve_evidence.jsonl#baseline:survey:2058; forced=contestability_solve_evidence.jsonl#challenge:survey:2058:ext_dep(2,5,s3); status=OPTIMUM FOUND; model.optimality_proven=true",False,OPTIMUM FOUND,"ext_dep(2,5,s3)",72,results/paper_aaai2027/frozen/results/final_mcs_experiments_er_sf_alpha001_nowrong_noweight_50rep_chunked/wc_sweep_bnlearn_survey_alpha001_nowrong_noweight_seed2026_2075_20260715_155405/rep33/lps/wc_inc_mus_lex_bb_optN_r33.lp
Survey (6),2058,"survey:2058:ext_indep(3,4,empty)",5517532,124060555,125377813,1317258,0.23874043684748905,False,0.49591107573360205,False,True,"baseline=contestability_solve_evidence.jsonl#baseline:survey:2058; forced=contestability_solve_evidence.jsonl#challenge:survey:2058:ext_indep(3,4,empty); status=OPTIMUM FOUND; model.optimality_proven=true",False,OPTIMUM FOUND,"ext_indep(3,4,empty)",73,results/paper_aaai2027/frozen/results/final_mcs_experiments_er_sf_alpha001_nowrong_noweight_50rep_chunked/wc_sweep_bnlearn_survey_alpha001_nowrong_noweight_seed2026_2075_20260715_155405/rep33/lps/wc_inc_mus_lex_bb_optN_r33.lp
Survey (6),2058,"survey:2058:ext_indep(3,4,s5)",5793064,124060555,125377813,1317258,0.22738536981466112,False,0.595394161529839,False,True,"baseline=contestability_solve_evidence.jsonl#baseline:survey:2058; forced=contestability_solve_evidence.jsonl#challenge:survey:2058:ext_indep(3,4,s5); status=OPTIMUM FOUND; model.optimality_proven=true",False,OPTIMUM FOUND,"ext_indep(3,4,s5)",76,results/paper_aaai2027/frozen/results/final_mcs_experiments_er_sf_alpha001_nowrong_noweight_50rep_chunked/wc_sweep_bnlearn_survey_alpha001_nowrong_noweight_seed2026_2075_20260715_155405/rep33/lps/wc_inc_mus_lex_bb_optN_r33.lp
Survey (6),2058,"survey:2058:ext_dep(3,5,empty)",9999999,124060555,137184870,13124315,1.3124316312431632,False,2.637711982242763,False,True,"baseline=contestability_solve_evidence.jsonl#baseline:survey:2058; forced=contestability_solve_evidence.jsonl#challenge:survey:2058:ext_dep(3,5,empty); status=OPTIMUM FOUND; model.optimality_proven=true",False,OPTIMUM FOUND,"ext_dep(3,5,empty)",77,results/paper_aaai2027/frozen/results/final_mcs_experiments_er_sf_alpha001_nowrong_noweight_50rep_chunked/wc_sweep_bnlearn_survey_alpha001_nowrong_noweight_seed2026_2075_20260715_155405/rep33/lps/wc_inc_mus_lex_bb_optN_r33.lp
Survey (6),2058,"survey:2058:ext_dep(3,5,s1)",9999999,124060555,137184870,13124315,1.3124316312431632,False,2.9895738745108247,False,True,"baseline=contestability_solve_evidence.jsonl#baseline:survey:2058; forced=contestability_solve_evidence.jsonl#challenge:survey:2058:ext_dep(3,5,s1); status=OPTIMUM FOUND; model.optimality_proven=true",False,OPTIMUM FOUND,"ext_dep(3,5,s1)",78,results/paper_aaai2027/frozen/results/final_mcs_experiments_er_sf_alpha001_nowrong_noweight_50rep_chunked/wc_sweep_bnlearn_survey_alpha001_nowrong_noweight_seed2026_2075_20260715_155405/rep33/lps/wc_inc_mus_lex_bb_optN_r33.lp
Survey (6),2058,"survey:2058:ext_dep(3,5,s2)",9999999,124060555,136173787,12113232,1.2113233211323322,False,3.2983837444335222,False,True,"baseline=contestability_solve_evidence.jsonl#baseline:survey:2058; forced=contestability_solve_evidence.jsonl#challenge:survey:2058:ext_dep(3,5,s2); status=OPTIMUM FOUND; model.optimality_proven=true",False,OPTIMUM FOUND,"ext_dep(3,5,s2)",79,results/paper_aaai2027/frozen/results/final_mcs_experiments_er_sf_alpha001_nowrong_noweight_50rep_chunked/wc_sweep_bnlearn_survey_alpha001_nowrong_noweight_seed2026_2075_20260715_155405/rep33/lps/wc_inc_mus_lex_bb_optN_r33.lp
Survey (6),2059,"survey:2059:ext_indep(0,2,empty)",8011898,66666068,67720428,1054360,0.13159927897234838,False,0.24785055499523878,False,True,"baseline=contestability_solve_evidence.jsonl#baseline:survey:2059; forced=contestability_solve_evidence.jsonl#challenge:survey:2059:ext_indep(0,2,empty); status=OPTIMUM FOUND; model.optimality_proven=true",False,OPTIMUM FOUND,"ext_indep(0,2,empty)",4,results/paper_aaai2027/frozen/results/final_mcs_experiments_er_sf_alpha001_nowrong_noweight_50rep_chunked/wc_sweep_bnlearn_survey_alpha001_nowrong_noweight_seed2026_2075_20260715_155405/rep34/lps/wc_inc_mus_lex_bb_optN_r34.lp
Survey (6),2059,"survey:2059:ext_indep(0,2,s5)",9712327,66666068,67720428,1054360,0.1085589478196111,False,0.28842276707291603,False,True,"baseline=contestability_solve_evidence.jsonl#baseline:survey:2059; forced=contestability_solve_evidence.jsonl#challenge:survey:2059:ext_indep(0,2,s5); status=OPTIMUM FOUND; model.optimality_proven=true",False,OPTIMUM FOUND,"ext_indep(0,2,s5)",7,results/paper_aaai2027/frozen/results/final_mcs_experiments_er_sf_alpha001_nowrong_noweight_50rep_chunked/wc_sweep_bnlearn_survey_alpha001_nowrong_noweight_seed2026_2075_20260715_155405/rep34/lps/wc_inc_mus_lex_bb_optN_r34.lp
Survey (6),2059,"survey:2059:ext_dep(1,3,empty)",9028079,66666068,67720428,1054360,0.1167867494291975,False,0.4660908803343773,False,True,"baseline=contestability_solve_evidence.jsonl#baseline:survey:2059; forced=contestability_solve_evidence.jsonl#challenge:survey:2059:ext_dep(1,3,empty); status=OPTIMUM FOUND; model.optimality_proven=true",False,OPTIMUM FOUND,"ext_dep(1,3,empty)",15,results/paper_aaai2027/frozen/results/final_mcs_experiments_er_sf_alpha001_nowrong_noweight_50rep_chunked/wc_sweep_bnlearn_survey_alpha001_nowrong_noweight_seed2026_2075_20260715_155405/rep34/lps/wc_inc_mus_lex_bb_optN_r34.lp
Survey (6),2059,"survey:2059:ext_dep(1,3,s0)",8730456,66666068,67720428,1054360,0.1207680331932261,False,0.4250373039394617,False,True,"baseline=contestability_solve_evidence.jsonl#baseline:survey:2059; forced=contestability_solve_evidence.jsonl#challenge:survey:2059:ext_dep(1,3,s0); status=OPTIMUM FOUND; model.optimality_proven=true",False,OPTIMUM FOUND,"ext_dep(1,3,s0)",16,results/paper_aaai2027/frozen/results/final_mcs_experiments_er_sf_alpha001_nowrong_noweight_50rep_chunked/wc_sweep_bnlearn_survey_alpha001_nowrong_noweight_seed2026_2075_20260715_155405/rep34/lps/wc_inc_mus_lex_bb_optN_r34.lp
Survey (6),2059,"survey:2059:ext_dep(1,3,s2)",9083608,66666068,70272433,3606365,0.3970190039024141,False,0.556820385158062,False,True,"baseline=contestability_solve_evidence.jsonl#baseline:survey:2059; forced=contestability_solve_evidence.jsonl#challenge:survey:2059:ext_dep(1,3,s2); status=OPTIMUM FOUND; model.optimality_proven=true",False,OPTIMUM FOUND,"ext_dep(1,3,s2)",17,results/paper_aaai2027/frozen/results/final_mcs_experiments_er_sf_alpha001_nowrong_noweight_50rep_chunked/wc_sweep_bnlearn_survey_alpha001_nowrong_noweight_seed2026_2075_20260715_155405/rep34/lps/wc_inc_mus_lex_bb_optN_r34.lp
Survey (6),2059,"survey:2059:ext_dep(2,5,empty)",8411922,66666068,67720428,1054360,0.12534115271159196,False,0.5429970379918814,False,True,"baseline=contestability_solve_evidence.jsonl#baseline:survey:2059; forced=contestability_solve_evidence.jsonl#challenge:survey:2059:ext_dep(2,5,empty); status=OPTIMUM FOUND; model.optimality_proven=true",False,OPTIMUM FOUND,"ext_dep(2,5,empty)",31,results/paper_aaai2027/frozen/results/final_mcs_experiments_er_sf_alpha001_nowrong_noweight_50rep_chunked/wc_sweep_bnlearn_survey_alpha001_nowrong_noweight_seed2026_2075_20260715_155405/rep34/lps/wc_inc_mus_lex_bb_optN_r34.lp
Survey (6),2059,"survey:2059:ext_dep(2,5,s1)",6083036,66666068,67720428,1054360,0.17332792375386238,False,0.47105707228183746,False,True,"baseline=contestability_solve_evidence.jsonl#baseline:survey:2059; forced=contestability_solve_evidence.jsonl#challenge:survey:2059:ext_dep(2,5,s1); status=OPTIMUM FOUND; model.optimality_proven=true",False,OPTIMUM FOUND,"ext_dep(2,5,s1)",32,results/paper_aaai2027/frozen/results/final_mcs_experiments_er_sf_alpha001_nowrong_noweight_50rep_chunked/wc_sweep_bnlearn_survey_alpha001_nowrong_noweight_seed2026_2075_20260715_155405/rep34/lps/wc_inc_mus_lex_bb_optN_r34.lp
Survey (6),2059,"survey:2059:ext_dep(2,5,s3)",7604742,66666068,67720428,1054360,0.13864507171972434,False,0.5115259690210223,False,True,"baseline=contestability_solve_evidence.jsonl#baseline:survey:2059; forced=contestability_solve_evidence.jsonl#challenge:survey:2059:ext_dep(2,5,s3); status=OPTIMUM FOUND; model.optimality_proven=true",False,OPTIMUM FOUND,"ext_dep(2,5,s3)",33,results/paper_aaai2027/frozen/results/final_mcs_experiments_er_sf_alpha001_nowrong_noweight_50rep_chunked/wc_sweep_bnlearn_survey_alpha001_nowrong_noweight_seed2026_2075_20260715_155405/rep34/lps/wc_inc_mus_lex_bb_optN_r34.lp
Survey (6),2060,"survey:2060:ext_indep(0,2,empty)",7799753,78849906,82320285,3470379,0.44493447420706783,False,0.1649053804576397,False,True,"baseline=contestability_solve_evidence.jsonl#baseline:survey:2060; forced=contestability_solve_evidence.jsonl#challenge:survey:2060:ext_indep(0,2,empty); status=OPTIMUM FOUND; model.optimality_proven=true",False,OPTIMUM FOUND,"ext_indep(0,2,empty)",9,results/paper_aaai2027/frozen/results/final_mcs_experiments_er_sf_alpha001_nowrong_noweight_50rep_chunked/wc_sweep_bnlearn_survey_alpha001_nowrong_noweight_seed2026_2075_20260715_155405/rep35/lps/wc_inc_mus_lex_bb_optN_r35.lp
Survey (6),2060,"survey:2060:ext_indep(0,3,s1)",5045706,78849906,83507789,4657883,0.923138010815533,False,0.23166116792708635,False,True,"baseline=contestability_solve_evidence.jsonl#baseline:survey:2060; forced=contestability_solve_evidence.jsonl#challenge:survey:2060:ext_indep(0,3,s1); status=OPTIMUM FOUND; model.optimality_proven=true",False,OPTIMUM FOUND,"ext_indep(0,3,s1)",12,results/paper_aaai2027/frozen/results/final_mcs_experiments_er_sf_alpha001_nowrong_noweight_50rep_chunked/wc_sweep_bnlearn_survey_alpha001_nowrong_noweight_seed2026_2075_20260715_155405/rep35/lps/wc_inc_mus_lex_bb_optN_r35.lp
Survey (6),2060,"survey:2060:ext_indep(0,3,s1y5)",5332102,78849906,83507789,4657883,0.8735547444516253,False,0.32863984256982803,False,True,"baseline=contestability_solve_evidence.jsonl#baseline:survey:2060; forced=contestability_solve_evidence.jsonl#challenge:survey:2060:ext_indep(0,3,s1y5); status=OPTIMUM FOUND; model.optimality_proven=true",False,OPTIMUM FOUND,"ext_indep(0,3,s1y5)",13,results/paper_aaai2027/frozen/results/final_mcs_experiments_er_sf_alpha001_nowrong_noweight_50rep_chunked/wc_sweep_bnlearn_survey_alpha001_nowrong_noweight_seed2026_2075_20260715_155405/rep35/lps/wc_inc_mus_lex_bb_optN_r35.lp
Survey (6),2060,"survey:2060:ext_indep(0,4,s1)",5010335,78849906,84005143,5155237,1.0289206210762354,False,0.37493795808404684,False,True,"baseline=contestability_solve_evidence.jsonl#baseline:survey:2060; forced=contestability_solve_evidence.jsonl#challenge:survey:2060:ext_indep(0,4,s1); status=OPTIMUM FOUND; model.optimality_proven=true",False,OPTIMUM FOUND,"ext_indep(0,4,s1)",16,results/paper_aaai2027/frozen/results/final_mcs_experiments_er_sf_alpha001_nowrong_noweight_50rep_chunked/wc_sweep_bnlearn_survey_alpha001_nowrong_noweight_seed2026_2075_20260715_155405/rep35/lps/wc_inc_mus_lex_bb_optN_r35.lp
Survey (6),2060,"survey:2060:ext_indep(2,3,empty)",8214281,78849906,82320285,3470379,0.4224811642065812,False,0.1415668986737728,False,True,"baseline=contestability_solve_evidence.jsonl#baseline:survey:2060; forced=contestability_solve_evidence.jsonl#challenge:survey:2060:ext_indep(2,3,empty); status=OPTIMUM FOUND; model.optimality_proven=true",False,OPTIMUM FOUND,"ext_indep(2,3,empty)",59,results/paper_aaai2027/frozen/results/final_mcs_experiments_er_sf_alpha001_nowrong_noweight_50rep_chunked/wc_sweep_bnlearn_survey_alpha001_nowrong_noweight_seed2026_2075_20260715_155405/rep35/lps/wc_inc_mus_lex_bb_optN_r35.lp
Survey (6),2060,"survey:2060:ext_indep(2,3,s5)",5674275,78849906,82320285,3470379,0.6115986623841813,False,0.23353704437613487,False,True,"baseline=contestability_solve_evidence.jsonl#baseline:survey:2060; forced=contestability_solve_evidence.jsonl#challenge:survey:2060:ext_indep(2,3,s5); status=OPTIMUM FOUND; model.optimality_proven=true",False,OPTIMUM FOUND,"ext_indep(2,3,s5)",62,results/paper_aaai2027/frozen/results/final_mcs_experiments_er_sf_alpha001_nowrong_noweight_50rep_chunked/wc_sweep_bnlearn_survey_alpha001_nowrong_noweight_seed2026_2075_20260715_155405/rep35/lps/wc_inc_mus_lex_bb_optN_r35.lp
Survey (6),2060,"survey:2060:ext_indep(2,4,empty)",6097964,78849906,82320285,3470379,0.5691045404662933,False,0.1542373113334179,False,True,"baseline=contestability_solve_evidence.jsonl#baseline:survey:2060; forced=contestability_solve_evidence.jsonl#challenge:survey:2060:ext_indep(2,4,empty); status=OPTIMUM FOUND; model.optimality_proven=true",False,OPTIMUM FOUND,"ext_indep(2,4,empty)",63,results/paper_aaai2027/frozen/results/final_mcs_experiments_er_sf_alpha001_nowrong_noweight_50rep_chunked/wc_sweep_bnlearn_survey_alpha001_nowrong_noweight_seed2026_2075_20260715_155405/rep35/lps/wc_inc_mus_lex_bb_optN_r35.lp
Survey (6),2060,"survey:2060:ext_indep(3,4,s1)",8194748,78849906,83507789,4657883,0.5683985645440226,False,0.26826910860836506,False,True,"baseline=contestability_solve_evidence.jsonl#baseline:survey:2060; forced=contestability_solve_evidence.jsonl#challenge:survey:2060:ext_indep(3,4,s1); status=OPTIMUM FOUND; model.optimality_proven=true",False,OPTIMUM FOUND,"ext_indep(3,4,s1)",67,results/paper_aaai2027/frozen/results/final_mcs_experiments_er_sf_alpha001_nowrong_noweight_50rep_chunked/wc_sweep_bnlearn_survey_alpha001_nowrong_noweight_seed2026_2075_20260715_155405/rep35/lps/wc_inc_mus_lex_bb_optN_r35.lp
Survey (6),2060,"survey:2060:ext_indep(3,4,s1y5)",7480744,78849906,83507789,4657883,0.6226496990138949,False,0.3645265642553568,False,True,"baseline=contestability_solve_evidence.jsonl#baseline:survey:2060; forced=contestability_solve_evidence.jsonl#challenge:survey:2060:ext_indep(3,4,s1y5); status=OPTIMUM FOUND; model.optimality_proven=true",False,OPTIMUM FOUND,"ext_indep(3,4,s1y5)",68,results/paper_aaai2027/frozen/results/final_mcs_experiments_er_sf_alpha001_nowrong_noweight_50rep_chunked/wc_sweep_bnlearn_survey_alpha001_nowrong_noweight_seed2026_2075_20260715_155405/rep35/lps/wc_inc_mus_lex_bb_optN_r35.lp
Survey (6),2060,"survey:2060:ext_dep(3,5,empty)",9999999,78849906,108907781,30057875,3.00578780057878,False,1.007133588194847,False,True,"baseline=contestability_solve_evidence.jsonl#baseline:survey:2060; forced=contestability_solve_evidence.jsonl#challenge:survey:2060:ext_dep(3,5,empty); status=OPTIMUM FOUND; model.optimality_proven=true",False,OPTIMUM FOUND,"ext_dep(3,5,empty)",70,results/paper_aaai2027/frozen/results/final_mcs_experiments_er_sf_alpha001_nowrong_noweight_50rep_chunked/wc_sweep_bnlearn_survey_alpha001_nowrong_noweight_seed2026_2075_20260715_155405/rep35/lps/wc_inc_mus_lex_bb_optN_r35.lp
Survey (6),2060,"survey:2060:ext_dep(3,5,s1)",9999999,78849906,108907781,30057875,3.00578780057878,False,1.1094381147995591,False,True,"baseline=contestability_solve_evidence.jsonl#baseline:survey:2060; forced=contestability_solve_evidence.jsonl#challenge:survey:2060:ext_dep(3,5,s1); status=OPTIMUM FOUND; model.optimality_proven=true",False,OPTIMUM FOUND,"ext_dep(3,5,s1)",71,results/paper_aaai2027/frozen/results/final_mcs_experiments_er_sf_alpha001_nowrong_noweight_50rep_chunked/wc_sweep_bnlearn_survey_alpha001_nowrong_noweight_seed2026_2075_20260715_155405/rep35/lps/wc_inc_mus_lex_bb_optN_r35.lp
Survey (6),2061,"survey:2061:ext_indep(0,3,empty)",5512697,71973842,73979984,2006142,0.36391298125037524,False,0.2560033518821001,False,True,"baseline=contestability_solve_evidence.jsonl#baseline:survey:2061; forced=contestability_solve_evidence.jsonl#challenge:survey:2061:ext_indep(0,3,empty); status=OPTIMUM FOUND; model.optimality_proven=true",False,OPTIMUM FOUND,"ext_indep(0,3,empty)",9,results/paper_aaai2027/frozen/results/final_mcs_experiments_er_sf_alpha001_nowrong_noweight_50rep_chunked/wc_sweep_bnlearn_survey_alpha001_nowrong_noweight_seed2026_2075_20260715_155405/rep36/lps/wc_inc_mus_lex_bb_optN_r36.lp
Survey (6),2061,"survey:2061:ext_dep(1,2,empty)",9999998,71973842,72614166,640324,0.06403241280648256,False,0.6181112723425031,False,True,"baseline=contestability_solve_evidence.jsonl#baseline:survey:2061; forced=contestability_solve_evidence.jsonl#challenge:survey:2061:ext_dep(1,2,empty); status=OPTIMUM FOUND; model.optimality_proven=true",False,OPTIMUM FOUND,"ext_dep(1,2,empty)",12,results/paper_aaai2027/frozen/results/final_mcs_experiments_er_sf_alpha001_nowrong_noweight_50rep_chunked/wc_sweep_bnlearn_survey_alpha001_nowrong_noweight_seed2026_2075_20260715_155405/rep36/lps/wc_inc_mus_lex_bb_optN_r36.lp
Survey (6),2061,"survey:2061:ext_dep(1,2,s0)",9999976,71973842,72614166,640324,0.06403255367812882,False,0.5813457677140832,False,True,"baseline=contestability_solve_evidence.jsonl#baseline:survey:2061; forced=contestability_solve_evidence.jsonl#challenge:survey:2061:ext_dep(1,2,s0); status=OPTIMUM FOUND; model.optimality_proven=true",False,OPTIMUM FOUND,"ext_dep(1,2,s0)",13,results/paper_aaai2027/frozen/results/final_mcs_experiments_er_sf_alpha001_nowrong_noweight_50rep_chunked/wc_sweep_bnlearn_survey_alpha001_nowrong_noweight_seed2026_2075_20260715_155405/rep36/lps/wc_inc_mus_lex_bb_optN_r36.lp
Survey (6),2061,"survey:2061:ext_dep(1,2,s5)",9999978,71973842,72614166,640324,0.06403254087158992,False,0.6237841947004199,False,True,"baseline=contestability_solve_evidence.jsonl#baseline:survey:2061; forced=contestability_solve_evidence.jsonl#challenge:survey:2061:ext_dep(1,2,s5); status=OPTIMUM FOUND; model.optimality_proven=true",False,OPTIMUM FOUND,"ext_dep(1,2,s5)",15,results/paper_aaai2027/frozen/results/final_mcs_experiments_er_sf_alpha001_nowrong_noweight_50rep_chunked/wc_sweep_bnlearn_survey_alpha001_nowrong_noweight_seed2026_2075_20260715_155405/rep36/lps/wc_inc_mus_lex_bb_optN_r36.lp
Survey (6),2061,"survey:2061:ext_indep(1,3,s0y2)",5053542,71973842,73979984,2006142,0.39697740713345214,False,0.4289597664028406,False,True,"baseline=contestability_solve_evidence.jsonl#baseline:survey:2061; forced=contestability_solve_evidence.jsonl#challenge:survey:2061:ext_indep(1,3,s0y2); status=OPTIMUM FOUND; model.optimality_proven=true",False,OPTIMUM FOUND,"ext_indep(1,3,s0y2)",21,results/paper_aaai2027/frozen/results/final_mcs_experiments_er_sf_alpha001_nowrong_noweight_50rep_chunked/wc_sweep_bnlearn_survey_alpha001_nowrong_noweight_seed2026_2075_20260715_155405/rep36/lps/wc_inc_mus_lex_bb_optN_r36.lp
Survey (6),2061,"survey:2061:ext_indep(1,5,s2y3)",6248697,71973842,73979984,2006142,0.32104965243153893,False,0.5271700909361243,False,True,"baseline=contestability_solve_evidence.jsonl#baseline:survey:2061; forced=contestability_solve_evidence.jsonl#challenge:survey:2061:ext_indep(1,5,s2y3); status=OPTIMUM FOUND; model.optimality_proven=true",False,OPTIMUM FOUND,"ext_indep(1,5,s2y3)",25,results/paper_aaai2027/frozen/results/final_mcs_experiments_er_sf_alpha001_nowrong_noweight_50rep_chunked/wc_sweep_bnlearn_survey_alpha001_nowrong_noweight_seed2026_2075_20260715_155405/rep36/lps/wc_inc_mus_lex_bb_optN_r36.lp
Survey (6),2061,"survey:2061:ext_indep(1,5,s3)",5860149,71973842,77510710,5536868,0.9448339965417262,False,0.36887751426547766,False,True,"baseline=contestability_solve_evidence.jsonl#baseline:survey:2061; forced=contestability_solve_evidence.jsonl#challenge:survey:2061:ext_indep(1,5,s3); status=OPTIMUM FOUND; model.optimality_proven=true",False,OPTIMUM FOUND,"ext_indep(1,5,s3)",28,results/paper_aaai2027/frozen/results/final_mcs_experiments_er_sf_alpha001_nowrong_noweight_50rep_chunked/wc_sweep_bnlearn_survey_alpha001_nowrong_noweight_seed2026_2075_20260715_155405/rep36/lps/wc_inc_mus_lex_bb_optN_r36.lp
Survey (6),2061,"survey:2061:ext_indep(2,3,empty)",9984833,71973842,73979984,2006142,0.2009189337468138,False,0.2923956075683236,False,True,"baseline=contestability_solve_evidence.jsonl#baseline:survey:2061; forced=contestability_solve_evidence.jsonl#challenge:survey:2061:ext_indep(2,3,empty); status=OPTIMUM FOUND; model.optimality_proven=true",False,OPTIMUM FOUND,"ext_indep(2,3,empty)",29,results/paper_aaai2027/frozen/results/final_mcs_experiments_er_sf_alpha001_nowrong_noweight_50rep_chunked/wc_sweep_bnlearn_survey_alpha001_nowrong_noweight_seed2026_2075_20260715_155405/rep36/lps/wc_inc_mus_lex_bb_optN_r36.lp
Survey (6),2061,"survey:2061:ext_indep(2,3,s1)",9313972,71973842,72614166,640324,0.0687487572434188,False,0.35097943898290396,False,True,"baseline=contestability_solve_evidence.jsonl#baseline:survey:2061; forced=contestability_solve_evidence.jsonl#challenge:survey:2061:ext_indep(2,3,s1); status=OPTIMUM FOUND; model.optimality_proven=true",False,OPTIMUM FOUND,"ext_indep(2,3,s1)",32,results/paper_aaai2027/frozen/results/final_mcs_experiments_er_sf_alpha001_nowrong_noweight_50rep_chunked/wc_sweep_bnlearn_survey_alpha001_nowrong_noweight_seed2026_2075_20260715_155405/rep36/lps/wc_inc_mus_lex_bb_optN_r36.lp
Survey (6),2062,"survey:2062:ext_indep(0,2,empty)",5074564,149891053,165392096,15501043,3.0546551388454257,False,1.1991520067676902,False,True,"baseline=contestability_solve_evidence.jsonl#baseline:survey:2062; forced=contestability_solve_evidence.jsonl#challenge:survey:2062:ext_indep(0,2,empty); status=OPTIMUM FOUND; model.optimality_proven=true",False,OPTIMUM FOUND,"ext_indep(0,2,empty)",10,results/paper_aaai2027/frozen/results/final_mcs_experiments_er_sf_alpha001_nowrong_noweight_50rep_chunked/wc_sweep_bnlearn_survey_alpha001_nowrong_noweight_seed2026_2075_20260715_155405/rep37/lps/wc_inc_mus_lex_bb_optN_r37.lp
Survey (6),2062,"survey:2062:ext_indep(0,2,s5)",5213804,149891053,165392096,15501043,2.97307743060537,False,1.586764662526548,False,True,"baseline=contestability_solve_evidence.jsonl#baseline:survey:2062; forced=contestability_solve_evidence.jsonl#challenge:survey:2062:ext_indep(0,2,s5); status=OPTIMUM FOUND; model.optimality_proven=true",False,OPTIMUM FOUND,"ext_indep(0,2,s5)",13,results/paper_aaai2027/frozen/results/final_mcs_experiments_er_sf_alpha001_nowrong_noweight_50rep_chunked/wc_sweep_bnlearn_survey_alpha001_nowrong_noweight_seed2026_2075_20260715_155405/rep37/lps/wc_inc_mus_lex_bb_optN_r37.lp
Survey (6),2062,"survey:2062:ext_indep(0,4,s1)",5137622,149891053,152544297,2653244,0.5164342569383267,False,1.7328812247142196,False,True,"baseline=contestability_solve_evidence.jsonl#baseline:survey:2062; forced=contestability_solve_evidence.jsonl#challenge:survey:2062:ext_indep(0,4,s1); status=OPTIMUM FOUND; model.optimality_proven=true",False,OPTIMUM FOUND,"ext_indep(0,4,s1)",19,results/paper_aaai2027/frozen/results/final_mcs_experiments_er_sf_alpha001_nowrong_noweight_50rep_chunked/wc_sweep_bnlearn_survey_alpha001_nowrong_noweight_seed2026_2075_20260715_155405/rep37/lps/wc_inc_mus_lex_bb_optN_r37.lp
Survey (6),2062,"survey:2062:ext_dep(0,5,empty)",7862171,149891053,159055292,9164239,1.16561176295962,False,4.188773059286177,False,True,"baseline=contestability_solve_evidence.jsonl#baseline:survey:2062; forced=contestability_solve_evidence.jsonl#challenge:survey:2062:ext_dep(0,5,empty); status=OPTIMUM FOUND; model.optimality_proven=true",False,OPTIMUM FOUND,"ext_dep(0,5,empty)",20,results/paper_aaai2027/frozen/results/final_mcs_experiments_er_sf_alpha001_nowrong_noweight_50rep_chunked/wc_sweep_bnlearn_survey_alpha001_nowrong_noweight_seed2026_2075_20260715_155405/rep37/lps/wc_inc_mus_lex_bb_optN_r37.lp
Survey (6),2062,"survey:2062:ext_dep(0,5,s1)",7621926,149891053,158391217,8500164,1.1152252068571644,False,4.558916088193655,False,True,"baseline=contestability_solve_evidence.jsonl#baseline:survey:2062; forced=contestability_solve_evidence.jsonl#challenge:survey:2062:ext_dep(0,5,s1); status=OPTIMUM FOUND; model.optimality_proven=true",False,OPTIMUM FOUND,"ext_dep(0,5,s1)",21,results/paper_aaai2027/frozen/results/final_mcs_experiments_er_sf_alpha001_nowrong_noweight_50rep_chunked/wc_sweep_bnlearn_survey_alpha001_nowrong_noweight_seed2026_2075_20260715_155405/rep37/lps/wc_inc_mus_lex_bb_optN_r37.lp
Survey (6),2062,"survey:2062:ext_dep(1,3,empty)",9991879,149891053,158391217,8500164,0.8507072593653305,False,3.9698896231129766,False,True,"baseline=contestability_solve_evidence.jsonl#baseline:survey:2062; forced=contestability_solve_evidence.jsonl#challenge:survey:2062:ext_dep(1,3,empty); status=OPTIMUM FOUND; model.optimality_proven=true",False,OPTIMUM FOUND,"ext_dep(1,3,empty)",33,results/paper_aaai2027/frozen/results/final_mcs_experiments_er_sf_alpha001_nowrong_noweight_50rep_chunked/wc_sweep_bnlearn_survey_alpha001_nowrong_noweight_seed2026_2075_20260715_155405/rep37/lps/wc_inc_mus_lex_bb_optN_r37.lp
Survey (6),2062,"survey:2062:ext_dep(1,3,s0)",9893891,149891053,158391217,8500164,0.8591325697847287,False,4.797089169733226,False,True,"baseline=contestability_solve_evidence.jsonl#baseline:survey:2062; forced=contestability_solve_evidence.jsonl#challenge:survey:2062:ext_dep(1,3,s0); status=OPTIMUM FOUND; model.optimality_proven=true",False,OPTIMUM FOUND,"ext_dep(1,3,s0)",34,results/paper_aaai2027/frozen/results/final_mcs_experiments_er_sf_alpha001_nowrong_noweight_50rep_chunked/wc_sweep_bnlearn_survey_alpha001_nowrong_noweight_seed2026_2075_20260715_155405/rep37/lps/wc_inc_mus_lex_bb_optN_r37.lp
Survey (6),2062,"survey:2062:ext_dep(1,3,s4)",9963309,149891053,158391217,8500164,0.8531466804853689,False,4.673213857226074,False,True,"baseline=contestability_solve_evidence.jsonl#baseline:survey:2062; forced=contestability_solve_evidence.jsonl#challenge:survey:2062:ext_dep(1,3,s4); status=OPTIMUM FOUND; model.optimality_proven=true",False,OPTIMUM FOUND,"ext_dep(1,3,s4)",36,results/paper_aaai2027/frozen/results/final_mcs_experiments_er_sf_alpha001_nowrong_noweight_50rep_chunked/wc_sweep_bnlearn_survey_alpha001_nowrong_noweight_seed2026_2075_20260715_155405/rep37/lps/wc_inc_mus_lex_bb_optN_r37.lp
Survey (6),2062,"survey:2062:ext_dep(1,3,s5)",9931961,149891053,158391217,8500164,0.8558394460066849,False,4.930690556764603,False,True,"baseline=contestability_solve_evidence.jsonl#baseline:survey:2062; forced=contestability_solve_evidence.jsonl#challenge:survey:2062:ext_dep(1,3,s5); status=OPTIMUM FOUND; model.optimality_proven=true",False,OPTIMUM FOUND,"ext_dep(1,3,s5)",37,results/paper_aaai2027/frozen/results/final_mcs_experiments_er_sf_alpha001_nowrong_noweight_50rep_chunked/wc_sweep_bnlearn_survey_alpha001_nowrong_noweight_seed2026_2075_20260715_155405/rep37/lps/wc_inc_mus_lex_bb_optN_r37.lp
Survey (6),2062,"survey:2062:ext_dep(1,3,s0y4)",9317849,149891053,158391217,8500164,0.9122453046835165,False,5.079512035474181,False,True,"baseline=contestability_solve_evidence.jsonl#baseline:survey:2062; forced=contestability_solve_evidence.jsonl#challenge:survey:2062:ext_dep(1,3,s0y4); status=OPTIMUM FOUND; model.optimality_proven=true",False,OPTIMUM FOUND,"ext_dep(1,3,s0y4)",39,results/paper_aaai2027/frozen/results/final_mcs_experiments_er_sf_alpha001_nowrong_noweight_50rep_chunked/wc_sweep_bnlearn_survey_alpha001_nowrong_noweight_seed2026_2075_20260715_155405/rep37/lps/wc_inc_mus_lex_bb_optN_r37.lp
Survey (6),2062,"survey:2062:ext_indep(1,5,s2y4)",7084610,149891053,166442549,16551496,2.3362607115988037,False,1.7550706276670098,False,True,"baseline=contestability_solve_evidence.jsonl#baseline:survey:2062; forced=contestability_solve_evidence.jsonl#challenge:survey:2062:ext_indep(1,5,s2y4); status=OPTIMUM FOUND; model.optimality_proven=true",False,OPTIMUM FOUND,"ext_indep(1,5,s2y4)",51,results/paper_aaai2027/frozen/results/final_mcs_experiments_er_sf_alpha001_nowrong_noweight_50rep_chunked/wc_sweep_bnlearn_survey_alpha001_nowrong_noweight_seed2026_2075_20260715_155405/rep37/lps/wc_inc_mus_lex_bb_optN_r37.lp
Survey (6),2062,"survey:2062:ext_indep(1,5,s2)",5692135,149891053,170490684,20599631,3.618963886134113,False,2.0898971473798156,False,True,"baseline=contestability_solve_evidence.jsonl#baseline:survey:2062; forced=contestability_solve_evidence.jsonl#challenge:survey:2062:ext_indep(1,5,s2); status=OPTIMUM FOUND; model.optimality_proven=true",False,OPTIMUM FOUND,"ext_indep(1,5,s2)",52,results/paper_aaai2027/frozen/results/final_mcs_experiments_er_sf_alpha001_nowrong_noweight_50rep_chunked/wc_sweep_bnlearn_survey_alpha001_nowrong_noweight_seed2026_2075_20260715_155405/rep37/lps/wc_inc_mus_lex_bb_optN_r37.lp
Survey (6),2062,"survey:2062:ext_indep(1,5,s0y2y4)",7202697,149891053,166442549,16551496,2.2979581120794057,False,2.897462923079729,False,True,"baseline=contestability_solve_evidence.jsonl#baseline:survey:2062; forced=contestability_solve_evidence.jsonl#challenge:survey:2062:ext_indep(1,5,s0y2y4); status=OPTIMUM FOUND; model.optimality_proven=true",False,OPTIMUM FOUND,"ext_indep(1,5,s0y2y4)",53,results/paper_aaai2027/frozen/results/final_mcs_experiments_er_sf_alpha001_nowrong_noweight_50rep_chunked/wc_sweep_bnlearn_survey_alpha001_nowrong_noweight_seed2026_2075_20260715_155405/rep37/lps/wc_inc_mus_lex_bb_optN_r37.lp
Survey (6),2062,"survey:2062:ext_indep(1,5,s0y2)",5603058,149891053,170490684,20599631,3.6764979052510256,False,2.1946666575968266,False,True,"baseline=contestability_solve_evidence.jsonl#baseline:survey:2062; forced=contestability_solve_evidence.jsonl#challenge:survey:2062:ext_indep(1,5,s0y2); status=OPTIMUM FOUND; model.optimality_proven=true",False,OPTIMUM FOUND,"ext_indep(1,5,s0y2)",57,results/paper_aaai2027/frozen/results/final_mcs_experiments_er_sf_alpha001_nowrong_noweight_50rep_chunked/wc_sweep_bnlearn_survey_alpha001_nowrong_noweight_seed2026_2075_20260715_155405/rep37/lps/wc_inc_mus_lex_bb_optN_r37.lp
Survey (6),2062,"survey:2062:ext_indep(2,3,empty)",5072583,149891053,170059489,20168436,3.975969639136511,False,1.3051937315613031,False,True,"baseline=contestability_solve_evidence.jsonl#baseline:survey:2062; forced=contestability_solve_evidence.jsonl#challenge:survey:2062:ext_indep(2,3,empty); status=OPTIMUM FOUND; model.optimality_proven=true",False,OPTIMUM FOUND,"ext_indep(2,3,empty)",66,results/paper_aaai2027/frozen/results/final_mcs_experiments_er_sf_alpha001_nowrong_noweight_50rep_chunked/wc_sweep_bnlearn_survey_alpha001_nowrong_noweight_seed2026_2075_20260715_155405/rep37/lps/wc_inc_mus_lex_bb_optN_r37.lp
Survey (6),2062,"survey:2062:ext_indep(2,3,s1)",5740084,149891053,158391217,8500164,1.4808431374871867,False,1.450006179511547,False,True,"baseline=contestability_solve_evidence.jsonl#baseline:survey:2062; forced=contestability_solve_evidence.jsonl#challenge:survey:2062:ext_indep(2,3,s1); status=OPTIMUM FOUND; model.optimality_proven=true",False,OPTIMUM FOUND,"ext_indep(2,3,s1)",67,results/paper_aaai2027/frozen/results/final_mcs_experiments_er_sf_alpha001_nowrong_noweight_50rep_chunked/wc_sweep_bnlearn_survey_alpha001_nowrong_noweight_seed2026_2075_20260715_155405/rep37/lps/wc_inc_mus_lex_bb_optN_r37.lp
Survey (6),2062,"survey:2062:ext_indep(2,3,s1y5)",5175024,149891053,158391217,8500164,1.6425361505569829,False,2.364780155941844,False,True,"baseline=contestability_solve_evidence.jsonl#baseline:survey:2062; forced=contestability_solve_evidence.jsonl#challenge:survey:2062:ext_indep(2,3,s1y5); status=OPTIMUM FOUND; model.optimality_proven=true",False,OPTIMUM FOUND,"ext_indep(2,3,s1y5)",68,results/paper_aaai2027/frozen/results/final_mcs_experiments_er_sf_alpha001_nowrong_noweight_50rep_chunked/wc_sweep_bnlearn_survey_alpha001_nowrong_noweight_seed2026_2075_20260715_155405/rep37/lps/wc_inc_mus_lex_bb_optN_r37.lp
Survey (6),2062,"survey:2062:ext_indep(2,4,empty)",8969846,149891053,159055292,9164239,1.0216718324929994,False,1.0602832585573196,False,True,"baseline=contestability_solve_evidence.jsonl#baseline:survey:2062; forced=contestability_solve_evidence.jsonl#challenge:survey:2062:ext_indep(2,4,empty); status=OPTIMUM FOUND; model.optimality_proven=true",False,OPTIMUM FOUND,"ext_indep(2,4,empty)",70,results/paper_aaai2027/frozen/results/final_mcs_experiments_er_sf_alpha001_nowrong_noweight_50rep_chunked/wc_sweep_bnlearn_survey_alpha001_nowrong_noweight_seed2026_2075_20260715_155405/rep37/lps/wc_inc_mus_lex_bb_optN_r37.lp
Survey (6),2062,"survey:2062:ext_indep(2,4,s5)",9370912,149891053,159055292,9164239,0.9779452629583972,False,1.4199220202863216,False,True,"baseline=contestability_solve_evidence.jsonl#baseline:survey:2062; forced=contestability_solve_evidence.jsonl#challenge:survey:2062:ext_indep(2,4,s5); status=OPTIMUM FOUND; model.optimality_proven=true",False,OPTIMUM FOUND,"ext_indep(2,4,s5)",73,results/paper_aaai2027/frozen/results/final_mcs_experiments_er_sf_alpha001_nowrong_noweight_50rep_chunked/wc_sweep_bnlearn_survey_alpha001_nowrong_noweight_seed2026_2075_20260715_155405/rep37/lps/wc_inc_mus_lex_bb_optN_r37.lp
Survey (6),2062,"survey:2062:ext_dep(2,5,s3)",9971128,149891053,165519548,15628495,1.5673748245935666,False,5.319491233676672,False,True,"baseline=contestability_solve_evidence.jsonl#baseline:survey:2062; forced=contestability_solve_evidence.jsonl#challenge:survey:2062:ext_dep(2,5,s3); status=OPTIMUM FOUND; model.optimality_proven=true",False,OPTIMUM FOUND,"ext_dep(2,5,s3)",77,results/paper_aaai2027/frozen/results/final_mcs_experiments_er_sf_alpha001_nowrong_noweight_50rep_chunked/wc_sweep_bnlearn_survey_alpha001_nowrong_noweight_seed2026_2075_20260715_155405/rep37/lps/wc_inc_mus_lex_bb_optN_r37.lp
Survey (6),2063,"survey:2063:ext_indep(0,2,empty)",6186005,32603313,35193816,2590503,0.41876833271230784,False,0.06125154439359903,False,True,"baseline=contestability_solve_evidence.jsonl#baseline:survey:2063; forced=contestability_solve_evidence.jsonl#challenge:survey:2063:ext_indep(0,2,empty); status=OPTIMUM FOUND; model.optimality_proven=true",False,OPTIMUM FOUND,"ext_indep(0,2,empty)",9,results/paper_aaai2027/frozen/results/final_mcs_experiments_er_sf_alpha001_nowrong_noweight_50rep_chunked/wc_sweep_bnlearn_survey_alpha001_nowrong_noweight_seed2026_2075_20260715_155405/rep38/lps/wc_inc_mus_lex_bb_optN_r38.lp
Survey (6),2063,"survey:2063:ext_indep(1,3,s0y2y4)",5003588,32603313,37030560,4427247,0.8848144571455524,False,0.07629481237381697,False,True,"baseline=contestability_solve_evidence.jsonl#baseline:survey:2063; forced=contestability_solve_evidence.jsonl#challenge:survey:2063:ext_indep(1,3,s0y2y4); status=OPTIMUM FOUND; model.optimality_proven=true",False,OPTIMUM FOUND,"ext_indep(1,3,s0y2y4)",32,results/paper_aaai2027/frozen/results/final_mcs_experiments_er_sf_alpha001_nowrong_noweight_50rep_chunked/wc_sweep_bnlearn_survey_alpha001_nowrong_noweight_seed2026_2075_20260715_155405/rep38/lps/wc_inc_mus_lex_bb_optN_r38.lp
Survey (6),2063,"survey:2063:ext_indep(1,5,empty)",8697546,32603313,37030560,4427247,0.5090225449799288,False,0.06837187241762877,False,True,"baseline=contestability_solve_evidence.jsonl#baseline:survey:2063; forced=contestability_solve_evidence.jsonl#challenge:survey:2063:ext_indep(1,5,empty); status=OPTIMUM FOUND; model.optimality_proven=true",False,OPTIMUM FOUND,"ext_indep(1,5,empty)",41,results/paper_aaai2027/frozen/results/final_mcs_experiments_er_sf_alpha001_nowrong_noweight_50rep_chunked/wc_sweep_bnlearn_survey_alpha001_nowrong_noweight_seed2026_2075_20260715_155405/rep38/lps/wc_inc_mus_lex_bb_optN_r38.lp
Survey (6),2063,"survey:2063:ext_indep(2,3,empty)",5457914,32603313,35193816,2590503,0.47463243283056494,False,0.057286287657916546,False,True,"baseline=contestability_solve_evidence.jsonl#baseline:survey:2063; forced=contestability_solve_evidence.jsonl#challenge:survey:2063:ext_indep(2,3,empty); status=OPTIMUM FOUND; model.optimality_proven=true",False,OPTIMUM FOUND,"ext_indep(2,3,empty)",42,results/paper_aaai2027/frozen/results/final_mcs_experiments_er_sf_alpha001_nowrong_noweight_50rep_chunked/wc_sweep_bnlearn_survey_alpha001_nowrong_noweight_seed2026_2075_20260715_155405/rep38/lps/wc_inc_mus_lex_bb_optN_r38.lp
Survey (6),2063,"survey:2063:ext_indep(2,4,empty)",7258260,32603313,35193816,2590503,0.3569041340486563,False,0.0652384152635932,False,True,"baseline=contestability_solve_evidence.jsonl#baseline:survey:2063; forced=contestability_solve_evidence.jsonl#challenge:survey:2063:ext_indep(2,4,empty); status=OPTIMUM FOUND; model.optimality_proven=true",False,OPTIMUM FOUND,"ext_indep(2,4,empty)",43,results/paper_aaai2027/frozen/results/final_mcs_experiments_er_sf_alpha001_nowrong_noweight_50rep_chunked/wc_sweep_bnlearn_survey_alpha001_nowrong_noweight_seed2026_2075_20260715_155405/rep38/lps/wc_inc_mus_lex_bb_optN_r38.lp
Survey (6),2064,"survey:2064:ext_indep(0,2,empty)",7291474,89033208,90299185,1265977,0.17362429050696745,False,0.53634571749717,False,True,"baseline=contestability_solve_evidence.jsonl#baseline:survey:2064; forced=contestability_solve_evidence.jsonl#challenge:survey:2064:ext_indep(0,2,empty); status=OPTIMUM FOUND; model.optimality_proven=true",False,OPTIMUM FOUND,"ext_indep(0,2,empty)",5,results/paper_aaai2027/frozen/results/final_mcs_experiments_er_sf_alpha001_nowrong_noweight_50rep_chunked/wc_sweep_bnlearn_survey_alpha001_nowrong_noweight_seed2026_2075_20260715_155405/rep39/lps/wc_inc_mus_lex_bb_optN_r39.lp
Survey (6),2064,"survey:2064:ext_indep(0,2,s5)",7045659,89033208,90299185,1265977,0.17968184381333244,False,0.6204088712111115,False,True,"baseline=contestability_solve_evidence.jsonl#baseline:survey:2064; forced=contestability_solve_evidence.jsonl#challenge:survey:2064:ext_indep(0,2,s5); status=OPTIMUM FOUND; model.optimality_proven=true",False,OPTIMUM FOUND,"ext_indep(0,2,s5)",8,results/paper_aaai2027/frozen/results/final_mcs_experiments_er_sf_alpha001_nowrong_noweight_50rep_chunked/wc_sweep_bnlearn_survey_alpha001_nowrong_noweight_seed2026_2075_20260715_155405/rep39/lps/wc_inc_mus_lex_bb_optN_r39.lp
Survey (6),2064,"survey:2064:ext_indep(0,3,s1)",5034225,89033208,89181561,148353,0.02946888547889695,False,0.6227395925670862,False,True,"baseline=contestability_solve_evidence.jsonl#baseline:survey:2064; forced=contestability_solve_evidence.jsonl#challenge:survey:2064:ext_indep(0,3,s1); status=OPTIMUM FOUND; model.optimality_proven=true",False,OPTIMUM FOUND,"ext_indep(0,3,s1)",10,results/paper_aaai2027/frozen/results/final_mcs_experiments_er_sf_alpha001_nowrong_noweight_50rep_chunked/wc_sweep_bnlearn_survey_alpha001_nowrong_noweight_seed2026_2075_20260715_155405/rep39/lps/wc_inc_mus_lex_bb_optN_r39.lp
Survey (6),2064,"survey:2064:ext_indep(0,3,s1y5)",5289026,89033208,89181561,148353,0.02804920981670349,False,0.8126552412286401,False,True,"baseline=contestability_solve_evidence.jsonl#baseline:survey:2064; forced=contestability_solve_evidence.jsonl#challenge:survey:2064:ext_indep(0,3,s1y5); status=OPTIMUM FOUND; model.optimality_proven=true",False,OPTIMUM FOUND,"ext_indep(0,3,s1y5)",11,results/paper_aaai2027/frozen/results/final_mcs_experiments_er_sf_alpha001_nowrong_noweight_50rep_chunked/wc_sweep_bnlearn_survey_alpha001_nowrong_noweight_seed2026_2075_20260715_155405/rep39/lps/wc_inc_mus_lex_bb_optN_r39.lp
Survey (6),2064,"survey:2064:ext_indep(1,5,empty)",7546712,89033208,89181561,148353,0.019657964952153998,False,0.4176112487912178,False,True,"baseline=contestability_solve_evidence.jsonl#baseline:survey:2064; forced=contestability_solve_evidence.jsonl#challenge:survey:2064:ext_indep(1,5,empty); status=OPTIMUM FOUND; model.optimality_proven=true",False,OPTIMUM FOUND,"ext_indep(1,5,empty)",26,results/paper_aaai2027/frozen/results/final_mcs_experiments_er_sf_alpha001_nowrong_noweight_50rep_chunked/wc_sweep_bnlearn_survey_alpha001_nowrong_noweight_seed2026_2075_20260715_155405/rep39/lps/wc_inc_mus_lex_bb_optN_r39.lp
Survey (6),2064,"survey:2064:ext_indep(1,5,s2)",7618748,89033208,90161184,1127976,0.14805267217133314,False,0.6713562970981002,False,True,"baseline=contestability_solve_evidence.jsonl#baseline:survey:2064; forced=contestability_solve_evidence.jsonl#challenge:survey:2064:ext_indep(1,5,s2); status=OPTIMUM FOUND; model.optimality_proven=true",False,OPTIMUM FOUND,"ext_indep(1,5,s2)",27,results/paper_aaai2027/frozen/results/final_mcs_experiments_er_sf_alpha001_nowrong_noweight_50rep_chunked/wc_sweep_bnlearn_survey_alpha001_nowrong_noweight_seed2026_2075_20260715_155405/rep39/lps/wc_inc_mus_lex_bb_optN_r39.lp
Survey (6),2064,"survey:2064:ext_indep(1,5,s0y2)",9379837,89033208,90161184,1127976,0.12025539462999198,False,0.8493349812924862,False,True,"baseline=contestability_solve_evidence.jsonl#baseline:survey:2064; forced=contestability_solve_evidence.jsonl#challenge:survey:2064:ext_indep(1,5,s0y2); status=OPTIMUM FOUND; model.optimality_proven=true",False,OPTIMUM FOUND,"ext_indep(1,5,s0y2)",30,results/paper_aaai2027/frozen/results/final_mcs_experiments_er_sf_alpha001_nowrong_noweight_50rep_chunked/wc_sweep_bnlearn_survey_alpha001_nowrong_noweight_seed2026_2075_20260715_155405/rep39/lps/wc_inc_mus_lex_bb_optN_r39.lp
Survey (6),2064,"survey:2064:ext_indep(1,5,s0)",8976789,89033208,89181561,148353,0.01652628796332408,False,0.5811978513374925,False,True,"baseline=contestability_solve_evidence.jsonl#baseline:survey:2064; forced=contestability_solve_evidence.jsonl#challenge:survey:2064:ext_indep(1,5,s0); status=OPTIMUM FOUND; model.optimality_proven=true",False,OPTIMUM FOUND,"ext_indep(1,5,s0)",32,results/paper_aaai2027/frozen/results/final_mcs_experiments_er_sf_alpha001_nowrong_noweight_50rep_chunked/wc_sweep_bnlearn_survey_alpha001_nowrong_noweight_seed2026_2075_20260715_155405/rep39/lps/wc_inc_mus_lex_bb_optN_r39.lp
Survey (6),2064,"survey:2064:ext_indep(2,3,empty)",6483394,89033208,90161184,1127976,0.17397924605538395,False,0.35830949153751135,False,True,"baseline=contestability_solve_evidence.jsonl#baseline:survey:2064; forced=contestability_solve_evidence.jsonl#challenge:survey:2064:ext_indep(2,3,empty); status=OPTIMUM FOUND; model.optimality_proven=true",False,OPTIMUM FOUND,"ext_indep(2,3,empty)",34,results/paper_aaai2027/frozen/results/final_mcs_experiments_er_sf_alpha001_nowrong_noweight_50rep_chunked/wc_sweep_bnlearn_survey_alpha001_nowrong_noweight_seed2026_2075_20260715_155405/rep39/lps/wc_inc_mus_lex_bb_optN_r39.lp
Survey (6),2064,"survey:2064:ext_indep(2,3,s5)",6247898,89033208,89181561,148353,0.023744465738717246,False,0.5352676063776016,False,True,"baseline=contestability_solve_evidence.jsonl#baseline:survey:2064; forced=contestability_solve_evidence.jsonl#challenge:survey:2064:ext_indep(2,3,s5); status=OPTIMUM FOUND; model.optimality_proven=true",False,OPTIMUM FOUND,"ext_indep(2,3,s5)",37,results/paper_aaai2027/frozen/results/final_mcs_experiments_er_sf_alpha001_nowrong_noweight_50rep_chunked/wc_sweep_bnlearn_survey_alpha001_nowrong_noweight_seed2026_2075_20260715_155405/rep39/lps/wc_inc_mus_lex_bb_optN_r39.lp
Survey (6),2064,"survey:2064:ext_dep(2,5,s1)",8825776,89033208,89181561,148353,0.01680906018915504,False,1.0795667255297303,False,True,"baseline=contestability_solve_evidence.jsonl#baseline:survey:2064; forced=contestability_solve_evidence.jsonl#challenge:survey:2064:ext_dep(2,5,s1); status=OPTIMUM FOUND; model.optimality_proven=true",False,OPTIMUM FOUND,"ext_dep(2,5,s1)",40,results/paper_aaai2027/frozen/results/final_mcs_experiments_er_sf_alpha001_nowrong_noweight_50rep_chunked/wc_sweep_bnlearn_survey_alpha001_nowrong_noweight_seed2026_2075_20260715_155405/rep39/lps/wc_inc_mus_lex_bb_optN_r39.lp
Survey (6),2064,"survey:2064:ext_dep(2,5,s3)",9293670,89033208,89181561,148353,0.01596280048678294,False,0.9920394346117973,False,True,"baseline=contestability_solve_evidence.jsonl#baseline:survey:2064; forced=contestability_solve_evidence.jsonl#challenge:survey:2064:ext_dep(2,5,s3); status=OPTIMUM FOUND; model.optimality_proven=true",False,OPTIMUM FOUND,"ext_dep(2,5,s3)",41,results/paper_aaai2027/frozen/results/final_mcs_experiments_er_sf_alpha001_nowrong_noweight_50rep_chunked/wc_sweep_bnlearn_survey_alpha001_nowrong_noweight_seed2026_2075_20260715_155405/rep39/lps/wc_inc_mus_lex_bb_optN_r39.lp
Survey (6),2065,"survey:2065:ext_indep(0,2,s1)",7941145,59456469,59761167,304698,0.03836952983480342,False,0.17449799831956625,False,True,"baseline=contestability_solve_evidence.jsonl#baseline:survey:2065; forced=contestability_solve_evidence.jsonl#challenge:survey:2065:ext_indep(0,2,s1); status=OPTIMUM FOUND; model.optimality_proven=true",False,OPTIMUM FOUND,"ext_indep(0,2,s1)",6,results/paper_aaai2027/frozen/results/final_mcs_experiments_er_sf_alpha001_nowrong_noweight_50rep_chunked/wc_sweep_bnlearn_survey_alpha001_nowrong_noweight_seed2026_2075_20260715_155405/rep40/lps/wc_inc_mus_lex_bb_optN_r40.lp
Survey (6),2065,"survey:2065:ext_dep(1,3,empty)",9821206,59456469,68394163,8937694,0.9100403758968094,False,0.3523292439058423,False,True,"baseline=contestability_solve_evidence.jsonl#baseline:survey:2065; forced=contestability_solve_evidence.jsonl#challenge:survey:2065:ext_dep(1,3,empty); status=OPTIMUM FOUND; model.optimality_proven=true",False,OPTIMUM FOUND,"ext_dep(1,3,empty)",18,results/paper_aaai2027/frozen/results/final_mcs_experiments_er_sf_alpha001_nowrong_noweight_50rep_chunked/wc_sweep_bnlearn_survey_alpha001_nowrong_noweight_seed2026_2075_20260715_155405/rep40/lps/wc_inc_mus_lex_bb_optN_r40.lp
Survey (6),2065,"survey:2065:ext_dep(1,3,s0)",9242608,59456469,68394163,8937694,0.96700996082491,False,0.41085225623100996,False,True,"baseline=contestability_solve_evidence.jsonl#baseline:survey:2065; forced=contestability_solve_evidence.jsonl#challenge:survey:2065:ext_dep(1,3,s0); status=OPTIMUM FOUND; model.optimality_proven=true",False,OPTIMUM FOUND,"ext_dep(1,3,s0)",19,results/paper_aaai2027/frozen/results/final_mcs_experiments_er_sf_alpha001_nowrong_noweight_50rep_chunked/wc_sweep_bnlearn_survey_alpha001_nowrong_noweight_seed2026_2075_20260715_155405/rep40/lps/wc_inc_mus_lex_bb_optN_r40.lp
Survey (6),2065,"survey:2065:ext_dep(1,3,s2)",9808938,59456469,68394163,8937694,0.9111785597992361,False,0.39713975694030523,False,True,"baseline=contestability_solve_evidence.jsonl#baseline:survey:2065; forced=contestability_solve_evidence.jsonl#challenge:survey:2065:ext_dep(1,3,s2); status=OPTIMUM FOUND; model.optimality_proven=true",False,OPTIMUM FOUND,"ext_dep(1,3,s2)",20,results/paper_aaai2027/frozen/results/final_mcs_experiments_er_sf_alpha001_nowrong_noweight_50rep_chunked/wc_sweep_bnlearn_survey_alpha001_nowrong_noweight_seed2026_2075_20260715_155405/rep40/lps/wc_inc_mus_lex_bb_optN_r40.lp
Survey (6),2065,"survey:2065:ext_dep(1,3,s5)",8480755,59456469,68394163,8937694,1.0538795189815058,False,0.4985716622322798,False,True,"baseline=contestability_solve_evidence.jsonl#baseline:survey:2065; forced=contestability_solve_evidence.jsonl#challenge:survey:2065:ext_dep(1,3,s5); status=OPTIMUM FOUND; model.optimality_proven=true",False,OPTIMUM FOUND,"ext_dep(1,3,s5)",21,results/paper_aaai2027/frozen/results/final_mcs_experiments_er_sf_alpha001_nowrong_noweight_50rep_chunked/wc_sweep_bnlearn_survey_alpha001_nowrong_noweight_seed2026_2075_20260715_155405/rep40/lps/wc_inc_mus_lex_bb_optN_r40.lp
Survey (6),2065,"survey:2065:ext_dep(1,3,s0y2)",8733590,59456469,68394163,8937694,1.0233700001946509,False,0.3754704911261797,False,True,"baseline=contestability_solve_evidence.jsonl#baseline:survey:2065; forced=contestability_solve_evidence.jsonl#challenge:survey:2065:ext_dep(1,3,s0y2); status=OPTIMUM FOUND; model.optimality_proven=true",False,OPTIMUM FOUND,"ext_dep(1,3,s0y2)",22,results/paper_aaai2027/frozen/results/final_mcs_experiments_er_sf_alpha001_nowrong_noweight_50rep_chunked/wc_sweep_bnlearn_survey_alpha001_nowrong_noweight_seed2026_2075_20260715_155405/rep40/lps/wc_inc_mus_lex_bb_optN_r40.lp
Survey (6),2065,"survey:2065:ext_dep(2,5,empty)",5428227,59456469,77306603,17850134,3.288391218716535,False,0.3772483682259917,False,True,"baseline=contestability_solve_evidence.jsonl#baseline:survey:2065; forced=contestability_solve_evidence.jsonl#challenge:survey:2065:ext_dep(2,5,empty); status=OPTIMUM FOUND; model.optimality_proven=true",False,OPTIMUM FOUND,"ext_dep(2,5,empty)",37,results/paper_aaai2027/frozen/results/final_mcs_experiments_er_sf_alpha001_nowrong_noweight_50rep_chunked/wc_sweep_bnlearn_survey_alpha001_nowrong_noweight_seed2026_2075_20260715_155405/rep40/lps/wc_inc_mus_lex_bb_optN_r40.lp
Survey (6),2066,"survey:2066:ext_indep(0,2,s1)",6637635,75586796,81599800,6013004,0.905895548640442,False,0.6540855383500457,False,True,"baseline=contestability_solve_evidence.jsonl#baseline:survey:2066; forced=contestability_solve_evidence.jsonl#challenge:survey:2066:ext_indep(0,2,s1); status=OPTIMUM FOUND; model.optimality_proven=true",False,OPTIMUM FOUND,"ext_indep(0,2,s1)",7,results/paper_aaai2027/frozen/results/final_mcs_experiments_er_sf_alpha001_nowrong_noweight_50rep_chunked/wc_sweep_bnlearn_survey_alpha001_nowrong_noweight_seed2026_2075_20260715_155405/rep41/lps/wc_inc_mus_lex_bb_optN_r41.lp
Survey (6),2066,"survey:2066:ext_indep(0,2,s1y5)",8302859,75586796,81599800,6013004,0.7242088538417911,False,0.8143395120278001,False,True,"baseline=contestability_solve_evidence.jsonl#baseline:survey:2066; forced=contestability_solve_evidence.jsonl#challenge:survey:2066:ext_indep(0,2,s1y5); status=OPTIMUM FOUND; model.optimality_proven=true",False,OPTIMUM FOUND,"ext_indep(0,2,s1y5)",8,results/paper_aaai2027/frozen/results/final_mcs_experiments_er_sf_alpha001_nowrong_noweight_50rep_chunked/wc_sweep_bnlearn_survey_alpha001_nowrong_noweight_seed2026_2075_20260715_155405/rep41/lps/wc_inc_mus_lex_bb_optN_r41.lp
Survey (6),2066,"survey:2066:ext_dep(1,3,s2)",9214256,75586796,78024369,2437573,0.2645436593035835,False,0.9228605562821031,False,True,"baseline=contestability_solve_evidence.jsonl#baseline:survey:2066; forced=contestability_solve_evidence.jsonl#challenge:survey:2066:ext_dep(1,3,s2); status=OPTIMUM FOUND; model.optimality_proven=true",False,OPTIMUM FOUND,"ext_dep(1,3,s2)",21,results/paper_aaai2027/frozen/results/final_mcs_experiments_er_sf_alpha001_nowrong_noweight_50rep_chunked/wc_sweep_bnlearn_survey_alpha001_nowrong_noweight_seed2026_2075_20260715_155405/rep41/lps/wc_inc_mus_lex_bb_optN_r41.lp
Survey (6),2066,"survey:2066:ext_dep(1,3,s5)",9804547,75586796,77834962,2248166,0.22929830414398544,False,1.1898075472563505,False,True,"baseline=contestability_solve_evidence.jsonl#baseline:survey:2066; forced=contestability_solve_evidence.jsonl#challenge:survey:2066:ext_dep(1,3,s5); status=OPTIMUM FOUND; model.optimality_proven=true",False,OPTIMUM FOUND,"ext_dep(1,3,s5)",23,results/paper_aaai2027/frozen/results/final_mcs_experiments_er_sf_alpha001_nowrong_noweight_50rep_chunked/wc_sweep_bnlearn_survey_alpha001_nowrong_noweight_seed2026_2075_20260715_155405/rep41/lps/wc_inc_mus_lex_bb_optN_r41.lp
Survey (6),2066,"survey:2066:ext_indep(1,4,s2)",5062941,75586796,76602229,1015433,0.2005618868558808,False,0.42493337765336037,False,True,"baseline=contestability_solve_evidence.jsonl#baseline:survey:2066; forced=contestability_solve_evidence.jsonl#challenge:survey:2066:ext_indep(1,4,s2); status=OPTIMUM FOUND; model.optimality_proven=true",False,OPTIMUM FOUND,"ext_indep(1,4,s2)",27,results/paper_aaai2027/frozen/results/final_mcs_experiments_er_sf_alpha001_nowrong_noweight_50rep_chunked/wc_sweep_bnlearn_survey_alpha001_nowrong_noweight_seed2026_2075_20260715_155405/rep41/lps/wc_inc_mus_lex_bb_optN_r41.lp
Survey (6),2066,"survey:2066:ext_indep(1,5,empty)",9796931,75586796,77834962,2248166,0.2294765575056107,False,0.37699237279593945,False,True,"baseline=contestability_solve_evidence.jsonl#baseline:survey:2066; forced=contestability_solve_evidence.jsonl#challenge:survey:2066:ext_indep(1,5,empty); status=OPTIMUM FOUND; model.optimality_proven=true",False,OPTIMUM FOUND,"ext_indep(1,5,empty)",29,results/paper_aaai2027/frozen/results/final_mcs_experiments_er_sf_alpha001_nowrong_noweight_50rep_chunked/wc_sweep_bnlearn_survey_alpha001_nowrong_noweight_seed2026_2075_20260715_155405/rep41/lps/wc_inc_mus_lex_bb_optN_r41.lp
Survey (6),2066,"survey:2066:ext_indep(1,5,s0)",8254052,75586796,77834962,2248166,0.27237119417226835,False,0.5950213968753815,False,True,"baseline=contestability_solve_evidence.jsonl#baseline:survey:2066; forced=contestability_solve_evidence.jsonl#challenge:survey:2066:ext_indep(1,5,s0); status=OPTIMUM FOUND; model.optimality_proven=true",False,OPTIMUM FOUND,"ext_indep(1,5,s0)",33,results/paper_aaai2027/frozen/results/final_mcs_experiments_er_sf_alpha001_nowrong_noweight_50rep_chunked/wc_sweep_bnlearn_survey_alpha001_nowrong_noweight_seed2026_2075_20260715_155405/rep41/lps/wc_inc_mus_lex_bb_optN_r41.lp
Survey (6),2066,"survey:2066:ext_indep(1,5,s3)",6398988,75586796,79878063,4291267,0.6706165099856415,False,0.44358894135802984,False,True,"baseline=contestability_solve_evidence.jsonl#baseline:survey:2066; forced=contestability_solve_evidence.jsonl#challenge:survey:2066:ext_indep(1,5,s3); status=OPTIMUM FOUND; model.optimality_proven=true",False,OPTIMUM FOUND,"ext_indep(1,5,s3)",34,results/paper_aaai2027/frozen/results/final_mcs_experiments_er_sf_alpha001_nowrong_noweight_50rep_chunked/wc_sweep_bnlearn_survey_alpha001_nowrong_noweight_seed2026_2075_20260715_155405/rep41/lps/wc_inc_mus_lex_bb_optN_r41.lp
Survey (6),2066,"survey:2066:ext_indep(2,3,empty)",5483819,75586796,83218083,7631287,1.3916008168759764,False,0.46272963751107454,False,True,"baseline=contestability_solve_evidence.jsonl#baseline:survey:2066; forced=contestability_solve_evidence.jsonl#challenge:survey:2066:ext_indep(2,3,empty); status=OPTIMUM FOUND; model.optimality_proven=true",False,OPTIMUM FOUND,"ext_indep(2,3,empty)",35,results/paper_aaai2027/frozen/results/final_mcs_experiments_er_sf_alpha001_nowrong_noweight_50rep_chunked/wc_sweep_bnlearn_survey_alpha001_nowrong_noweight_seed2026_2075_20260715_155405/rep41/lps/wc_inc_mus_lex_bb_optN_r41.lp
Survey (6),2066,"survey:2066:ext_indep(2,3,s1)",6630768,75586796,81599800,6013004,0.9068337182057946,False,0.4530855789780617,False,True,"baseline=contestability_solve_evidence.jsonl#baseline:survey:2066; forced=contestability_solve_evidence.jsonl#challenge:survey:2066:ext_indep(2,3,s1); status=OPTIMUM FOUND; model.optimality_proven=true",False,OPTIMUM FOUND,"ext_indep(2,3,s1)",38,results/paper_aaai2027/frozen/results/final_mcs_experiments_er_sf_alpha001_nowrong_noweight_50rep_chunked/wc_sweep_bnlearn_survey_alpha001_nowrong_noweight_seed2026_2075_20260715_155405/rep41/lps/wc_inc_mus_lex_bb_optN_r41.lp
Survey (6),2067,"survey:2067:ext_indep(0,2,s1)",9215630,87900279,97263096,9362817,1.0159714528469568,False,0.7910933261737227,False,True,"baseline=contestability_solve_evidence.jsonl#baseline:survey:2067; forced=contestability_solve_evidence.jsonl#challenge:survey:2067:ext_indep(0,2,s1); status=OPTIMUM FOUND; model.optimality_proven=true",False,OPTIMUM FOUND,"ext_indep(0,2,s1)",9,results/paper_aaai2027/frozen/results/final_mcs_experiments_er_sf_alpha001_nowrong_noweight_50rep_chunked/wc_sweep_bnlearn_survey_alpha001_nowrong_noweight_seed2026_2075_20260715_155405/rep42/lps/wc_inc_mus_lex_bb_optN_r42.lp
Survey (6),2067,"survey:2067:ext_indep(0,2,s1y5)",8998698,87900279,97263096,9362817,1.040463520389283,False,1.112640917301178,False,True,"baseline=contestability_solve_evidence.jsonl#baseline:survey:2067; forced=contestability_solve_evidence.jsonl#challenge:survey:2067:ext_indep(0,2,s1y5); status=OPTIMUM FOUND; model.optimality_proven=true",False,OPTIMUM FOUND,"ext_indep(0,2,s1y5)",10,results/paper_aaai2027/frozen/results/final_mcs_experiments_er_sf_alpha001_nowrong_noweight_50rep_chunked/wc_sweep_bnlearn_survey_alpha001_nowrong_noweight_seed2026_2075_20260715_155405/rep42/lps/wc_inc_mus_lex_bb_optN_r42.lp
Survey (6),2067,"survey:2067:ext_indep(1,3,s0y4)",5007492,87900279,93838589,5938310,1.1858850698113945,False,0.7864202475175261,False,True,"baseline=contestability_solve_evidence.jsonl#baseline:survey:2067; forced=contestability_solve_evidence.jsonl#challenge:survey:2067:ext_indep(1,3,s0y4); status=OPTIMUM FOUND; model.optimality_proven=true",False,OPTIMUM FOUND,"ext_indep(1,3,s0y4)",29,results/paper_aaai2027/frozen/results/final_mcs_experiments_er_sf_alpha001_nowrong_noweight_50rep_chunked/wc_sweep_bnlearn_survey_alpha001_nowrong_noweight_seed2026_2075_20260715_155405/rep42/lps/wc_inc_mus_lex_bb_optN_r42.lp
Survey (6),2067,"survey:2067:ext_indep(1,4,s2y3)",5026006,87900279,93355412,5455133,1.0853813147059514,False,0.5668322667479515,False,True,"baseline=contestability_solve_evidence.jsonl#baseline:survey:2067; forced=contestability_solve_evidence.jsonl#challenge:survey:2067:ext_indep(1,4,s2y3); status=OPTIMUM FOUND; model.optimality_proven=true",False,OPTIMUM FOUND,"ext_indep(1,4,s2y3)",37,results/paper_aaai2027/frozen/results/final_mcs_experiments_er_sf_alpha001_nowrong_noweight_50rep_chunked/wc_sweep_bnlearn_survey_alpha001_nowrong_noweight_seed2026_2075_20260715_155405/rep42/lps/wc_inc_mus_lex_bb_optN_r42.lp
Survey (6),2067,"survey:2067:ext_indep(1,5,empty)",9145205,87900279,92444515,4544236,0.4968982105923268,False,0.44888049364089966,False,True,"baseline=contestability_solve_evidence.jsonl#baseline:survey:2067; forced=contestability_solve_evidence.jsonl#challenge:survey:2067:ext_indep(1,5,empty); status=OPTIMUM FOUND; model.optimality_proven=true",False,OPTIMUM FOUND,"ext_indep(1,5,empty)",38,results/paper_aaai2027/frozen/results/final_mcs_experiments_er_sf_alpha001_nowrong_noweight_50rep_chunked/wc_sweep_bnlearn_survey_alpha001_nowrong_noweight_seed2026_2075_20260715_155405/rep42/lps/wc_inc_mus_lex_bb_optN_r42.lp
Survey (6),2067,"survey:2067:ext_indep(1,5,s0)",9911737,87900279,92444515,4544236,0.4584701954864218,False,0.6236097542569041,False,True,"baseline=contestability_solve_evidence.jsonl#baseline:survey:2067; forced=contestability_solve_evidence.jsonl#challenge:survey:2067:ext_indep(1,5,s0); status=OPTIMUM FOUND; model.optimality_proven=true",False,OPTIMUM FOUND,"ext_indep(1,5,s0)",42,results/paper_aaai2027/frozen/results/final_mcs_experiments_er_sf_alpha001_nowrong_noweight_50rep_chunked/wc_sweep_bnlearn_survey_alpha001_nowrong_noweight_seed2026_2075_20260715_155405/rep42/lps/wc_inc_mus_lex_bb_optN_r42.lp
Survey (6),2067,"survey:2067:ext_indep(1,5,s3)",9531801,87900279,96569760,8669481,0.9095323118894321,False,0.5742293959483504,False,True,"baseline=contestability_solve_evidence.jsonl#baseline:survey:2067; forced=contestability_solve_evidence.jsonl#challenge:survey:2067:ext_indep(1,5,s3); status=OPTIMUM FOUND; model.optimality_proven=true",False,OPTIMUM FOUND,"ext_indep(1,5,s3)",43,results/paper_aaai2027/frozen/results/final_mcs_experiments_er_sf_alpha001_nowrong_noweight_50rep_chunked/wc_sweep_bnlearn_survey_alpha001_nowrong_noweight_seed2026_2075_20260715_155405/rep42/lps/wc_inc_mus_lex_bb_optN_r42.lp
Survey (6),2067,"survey:2067:ext_indep(2,3,s1y5)",5506994,87900279,92444515,4544236,0.8251754042223398,False,0.8536692438647151,False,True,"baseline=contestability_solve_evidence.jsonl#baseline:survey:2067; forced=contestability_solve_evidence.jsonl#challenge:survey:2067:ext_indep(2,3,s1y5); status=OPTIMUM FOUND; model.optimality_proven=true",False,OPTIMUM FOUND,"ext_indep(2,3,s1y5)",45,results/paper_aaai2027/frozen/results/final_mcs_experiments_er_sf_alpha001_nowrong_noweight_50rep_chunked/wc_sweep_bnlearn_survey_alpha001_nowrong_noweight_seed2026_2075_20260715_155405/rep42/lps/wc_inc_mus_lex_bb_optN_r42.lp
Survey (6),2067,"survey:2067:ext_indep(2,3,s1)",5556718,87900279,92444515,4544236,0.8177913653347174,False,0.6805040603503585,False,True,"baseline=contestability_solve_evidence.jsonl#baseline:survey:2067; forced=contestability_solve_evidence.jsonl#challenge:survey:2067:ext_indep(2,3,s1); status=OPTIMUM FOUND; model.optimality_proven=true",False,OPTIMUM FOUND,"ext_indep(2,3,s1)",47,results/paper_aaai2027/frozen/results/final_mcs_experiments_er_sf_alpha001_nowrong_noweight_50rep_chunked/wc_sweep_bnlearn_survey_alpha001_nowrong_noweight_seed2026_2075_20260715_155405/rep42/lps/wc_inc_mus_lex_bb_optN_r42.lp
Survey (6),2067,"survey:2067:ext_dep(3,5,empty)",9999999,87900279,92444515,4544236,0.4544236454423645,False,1.2706086775287986,False,True,"baseline=contestability_solve_evidence.jsonl#baseline:survey:2067; forced=contestability_solve_evidence.jsonl#challenge:survey:2067:ext_dep(3,5,empty); status=OPTIMUM FOUND; model.optimality_proven=true",False,OPTIMUM FOUND,"ext_dep(3,5,empty)",53,results/paper_aaai2027/frozen/results/final_mcs_experiments_er_sf_alpha001_nowrong_noweight_50rep_chunked/wc_sweep_bnlearn_survey_alpha001_nowrong_noweight_seed2026_2075_20260715_155405/rep42/lps/wc_inc_mus_lex_bb_optN_r42.lp
Survey (6),2067,"survey:2067:ext_dep(3,5,s2)",9999999,87900279,92444515,4544236,0.4544236454423645,False,1.6747805122286081,False,True,"baseline=contestability_solve_evidence.jsonl#baseline:survey:2067; forced=contestability_solve_evidence.jsonl#challenge:survey:2067:ext_dep(3,5,s2); status=OPTIMUM FOUND; model.optimality_proven=true",False,OPTIMUM FOUND,"ext_dep(3,5,s2)",55,results/paper_aaai2027/frozen/results/final_mcs_experiments_er_sf_alpha001_nowrong_noweight_50rep_chunked/wc_sweep_bnlearn_survey_alpha001_nowrong_noweight_seed2026_2075_20260715_155405/rep42/lps/wc_inc_mus_lex_bb_optN_r42.lp
Survey (6),2068,"survey:2068:ext_indep(0,2,empty)",7240508,98414919,100377376,1962457,0.2710385790610272,False,0.5121792061254382,False,True,"baseline=contestability_solve_evidence.jsonl#baseline:survey:2068; forced=contestability_solve_evidence.jsonl#challenge:survey:2068:ext_indep(0,2,empty); status=OPTIMUM FOUND; model.optimality_proven=true",False,OPTIMUM FOUND,"ext_indep(0,2,empty)",8,results/paper_aaai2027/frozen/results/final_mcs_experiments_er_sf_alpha001_nowrong_noweight_50rep_chunked/wc_sweep_bnlearn_survey_alpha001_nowrong_noweight_seed2026_2075_20260715_155405/rep43/lps/wc_inc_mus_lex_bb_optN_r43.lp
Survey (6),2068,"survey:2068:ext_indep(0,2,s5)",7686734,98414919,100377376,1962457,0.2553043984610369,False,0.7474662698805332,False,True,"baseline=contestability_solve_evidence.jsonl#baseline:survey:2068; forced=contestability_solve_evidence.jsonl#challenge:survey:2068:ext_indep(0,2,s5); status=OPTIMUM FOUND; model.optimality_proven=true",False,OPTIMUM FOUND,"ext_indep(0,2,s5)",11,results/paper_aaai2027/frozen/results/final_mcs_experiments_er_sf_alpha001_nowrong_noweight_50rep_chunked/wc_sweep_bnlearn_survey_alpha001_nowrong_noweight_seed2026_2075_20260715_155405/rep43/lps/wc_inc_mus_lex_bb_optN_r43.lp
Survey (6),2068,"survey:2068:ext_indep(0,3,empty)",6641305,98414919,108985322,10570403,1.5916153527055301,False,0.758986041881144,False,True,"baseline=contestability_solve_evidence.jsonl#baseline:survey:2068; forced=contestability_solve_evidence.jsonl#challenge:survey:2068:ext_indep(0,3,empty); status=OPTIMUM FOUND; model.optimality_proven=true",False,OPTIMUM FOUND,"ext_indep(0,3,empty)",12,results/paper_aaai2027/frozen/results/final_mcs_experiments_er_sf_alpha001_nowrong_noweight_50rep_chunked/wc_sweep_bnlearn_survey_alpha001_nowrong_noweight_seed2026_2075_20260715_155405/rep43/lps/wc_inc_mus_lex_bb_optN_r43.lp
Survey (6),2068,"survey:2068:ext_indep(0,4,s1)",5059910,98414919,101078876,2663957,0.5264830797385724,False,0.7476955987513065,False,True,"baseline=contestability_solve_evidence.jsonl#baseline:survey:2068; forced=contestability_solve_evidence.jsonl#challenge:survey:2068:ext_indep(0,4,s1); status=OPTIMUM FOUND; model.optimality_proven=true",False,OPTIMUM FOUND,"ext_indep(0,4,s1)",14,results/paper_aaai2027/frozen/results/final_mcs_experiments_er_sf_alpha001_nowrong_noweight_50rep_chunked/wc_sweep_bnlearn_survey_alpha001_nowrong_noweight_seed2026_2075_20260715_155405/rep43/lps/wc_inc_mus_lex_bb_optN_r43.lp
Survey (6),2068,"survey:2068:ext_dep(1,3,s0)",8963396,98414919,99674675,1259756,0.14054449898230537,False,2.1089779511094093,False,True,"baseline=contestability_solve_evidence.jsonl#baseline:survey:2068; forced=contestability_solve_evidence.jsonl#challenge:survey:2068:ext_dep(1,3,s0); status=OPTIMUM FOUND; model.optimality_proven=true",False,OPTIMUM FOUND,"ext_dep(1,3,s0)",25,results/paper_aaai2027/frozen/results/final_mcs_experiments_er_sf_alpha001_nowrong_noweight_50rep_chunked/wc_sweep_bnlearn_survey_alpha001_nowrong_noweight_seed2026_2075_20260715_155405/rep43/lps/wc_inc_mus_lex_bb_optN_r43.lp
Survey (6),2068,"survey:2068:ext_indep(1,5,s2y3)",7261736,98414919,108985322,10570403,1.455630306582338,False,1.2879610359668732,False,True,"baseline=contestability_solve_evidence.jsonl#baseline:survey:2068; forced=contestability_solve_evidence.jsonl#challenge:survey:2068:ext_indep(1,5,s2y3); status=OPTIMUM FOUND; model.optimality_proven=true",False,OPTIMUM FOUND,"ext_indep(1,5,s2y3)",43,results/paper_aaai2027/frozen/results/final_mcs_experiments_er_sf_alpha001_nowrong_noweight_50rep_chunked/wc_sweep_bnlearn_survey_alpha001_nowrong_noweight_seed2026_2075_20260715_155405/rep43/lps/wc_inc_mus_lex_bb_optN_r43.lp
Survey (6),2068,"survey:2068:ext_indep(1,5,s3)",5491769,98414919,116267318,17852399,3.2507556308358927,False,1.0624196082353592,False,True,"baseline=contestability_solve_evidence.jsonl#baseline:survey:2068; forced=contestability_solve_evidence.jsonl#challenge:survey:2068:ext_indep(1,5,s3); status=OPTIMUM FOUND; model.optimality_proven=true",False,OPTIMUM FOUND,"ext_indep(1,5,s3)",48,results/paper_aaai2027/frozen/results/final_mcs_experiments_er_sf_alpha001_nowrong_noweight_50rep_chunked/wc_sweep_bnlearn_survey_alpha001_nowrong_noweight_seed2026_2075_20260715_155405/rep43/lps/wc_inc_mus_lex_bb_optN_r43.lp
Survey (6),2068,"survey:2068:ext_indep(2,3,empty)",7107625,98414919,106486351,8071432,1.135601836056348,False,0.5458288127556443,False,True,"baseline=contestability_solve_evidence.jsonl#baseline:survey:2068; forced=contestability_solve_evidence.jsonl#challenge:survey:2068:ext_indep(2,3,empty); status=OPTIMUM FOUND; model.optimality_proven=true",False,OPTIMUM FOUND,"ext_indep(2,3,empty)",49,results/paper_aaai2027/frozen/results/final_mcs_experiments_er_sf_alpha001_nowrong_noweight_50rep_chunked/wc_sweep_bnlearn_survey_alpha001_nowrong_noweight_seed2026_2075_20260715_155405/rep43/lps/wc_inc_mus_lex_bb_optN_r43.lp
Survey (6),2068,"survey:2068:ext_indep(2,3,s5)",5046907,98414919,100518586,2103667,0.41682301655251425,False,0.7772880354896188,False,True,"baseline=contestability_solve_evidence.jsonl#baseline:survey:2068; forced=contestability_solve_evidence.jsonl#challenge:survey:2068:ext_indep(2,3,s5); status=OPTIMUM FOUND; model.optimality_proven=true",False,OPTIMUM FOUND,"ext_indep(2,3,s5)",51,results/paper_aaai2027/frozen/results/final_mcs_experiments_er_sf_alpha001_nowrong_noweight_50rep_chunked/wc_sweep_bnlearn_survey_alpha001_nowrong_noweight_seed2026_2075_20260715_155405/rep43/lps/wc_inc_mus_lex_bb_optN_r43.lp
Survey (6),2068,"survey:2068:ext_indep(2,4,empty)",8876825,98414919,100377376,1962457,0.22107645470086432,False,0.5236849570646882,False,True,"baseline=contestability_solve_evidence.jsonl#baseline:survey:2068; forced=contestability_solve_evidence.jsonl#challenge:survey:2068:ext_indep(2,4,empty); status=OPTIMUM FOUND; model.optimality_proven=true",False,OPTIMUM FOUND,"ext_indep(2,4,empty)",53,results/paper_aaai2027/frozen/results/final_mcs_experiments_er_sf_alpha001_nowrong_noweight_50rep_chunked/wc_sweep_bnlearn_survey_alpha001_nowrong_noweight_seed2026_2075_20260715_155405/rep43/lps/wc_inc_mus_lex_bb_optN_r43.lp
Survey (6),2068,"survey:2068:ext_indep(2,4,s5)",9488762,98414919,100377376,1962457,0.2068190771356685,False,0.7306895321235061,False,True,"baseline=contestability_solve_evidence.jsonl#baseline:survey:2068; forced=contestability_solve_evidence.jsonl#challenge:survey:2068:ext_indep(2,4,s5); status=OPTIMUM FOUND; model.optimality_proven=true",False,OPTIMUM FOUND,"ext_indep(2,4,s5)",56,results/paper_aaai2027/frozen/results/final_mcs_experiments_er_sf_alpha001_nowrong_noweight_50rep_chunked/wc_sweep_bnlearn_survey_alpha001_nowrong_noweight_seed2026_2075_20260715_155405/rep43/lps/wc_inc_mus_lex_bb_optN_r43.lp
Survey (6),2068,"survey:2068:ext_dep(2,5,empty)",9962552,98414919,100518586,2103667,0.21115744239026304,False,1.6403399286791682,False,True,"baseline=contestability_solve_evidence.jsonl#baseline:survey:2068; forced=contestability_solve_evidence.jsonl#challenge:survey:2068:ext_dep(2,5,empty); status=OPTIMUM FOUND; model.optimality_proven=true",False,OPTIMUM FOUND,"ext_dep(2,5,empty)",57,results/paper_aaai2027/frozen/results/final_mcs_experiments_er_sf_alpha001_nowrong_noweight_50rep_chunked/wc_sweep_bnlearn_survey_alpha001_nowrong_noweight_seed2026_2075_20260715_155405/rep43/lps/wc_inc_mus_lex_bb_optN_r43.lp
Survey (6),2068,"survey:2068:ext_dep(2,5,s1)",9586890,98414919,100518586,2103667,0.21943164050072547,False,1.6590409185737371,False,True,"baseline=contestability_solve_evidence.jsonl#baseline:survey:2068; forced=contestability_solve_evidence.jsonl#challenge:survey:2068:ext_dep(2,5,s1); status=OPTIMUM FOUND; model.optimality_proven=true",False,OPTIMUM FOUND,"ext_dep(2,5,s1)",58,results/paper_aaai2027/frozen/results/final_mcs_experiments_er_sf_alpha001_nowrong_noweight_50rep_chunked/wc_sweep_bnlearn_survey_alpha001_nowrong_noweight_seed2026_2075_20260715_155405/rep43/lps/wc_inc_mus_lex_bb_optN_r43.lp
Survey (6),2069,"survey:2069:ext_indep(0,3,empty)",7331758,93197005,93322242,125237,0.017081442131614274,False,0.350527155213058,False,True,"baseline=contestability_solve_evidence.jsonl#baseline:survey:2069; forced=contestability_solve_evidence.jsonl#challenge:survey:2069:ext_indep(0,3,empty); status=OPTIMUM FOUND; model.optimality_proven=true",False,OPTIMUM FOUND,"ext_indep(0,3,empty)",9,results/paper_aaai2027/frozen/results/final_mcs_experiments_er_sf_alpha001_nowrong_noweight_50rep_chunked/wc_sweep_bnlearn_survey_alpha001_nowrong_noweight_seed2026_2075_20260715_155405/rep44/lps/wc_inc_mus_lex_bb_optN_r44.lp
Survey (6),2069,"survey:2069:ext_indep(0,3,s5)",5911055,93197005,93322242,125237,0.021186911642676307,False,0.6046518115326762,False,True,"baseline=contestability_solve_evidence.jsonl#baseline:survey:2069; forced=contestability_solve_evidence.jsonl#challenge:survey:2069:ext_indep(0,3,s5); status=OPTIMUM FOUND; model.optimality_proven=true",False,OPTIMUM FOUND,"ext_indep(0,3,s5)",12,results/paper_aaai2027/frozen/results/final_mcs_experiments_er_sf_alpha001_nowrong_noweight_50rep_chunked/wc_sweep_bnlearn_survey_alpha001_nowrong_noweight_seed2026_2075_20260715_155405/rep44/lps/wc_inc_mus_lex_bb_optN_r44.lp
Survey (6),2069,"survey:2069:ext_dep(1,2,empty)",9999869,93197005,93322242,125237,0.01252386406261922,False,1.2652495503425598,False,True,"baseline=contestability_solve_evidence.jsonl#baseline:survey:2069; forced=contestability_solve_evidence.jsonl#challenge:survey:2069:ext_dep(1,2,empty); status=OPTIMUM FOUND; model.optimality_proven=true",False,OPTIMUM FOUND,"ext_dep(1,2,empty)",15,results/paper_aaai2027/frozen/results/final_mcs_experiments_er_sf_alpha001_nowrong_noweight_50rep_chunked/wc_sweep_bnlearn_survey_alpha001_nowrong_noweight_seed2026_2075_20260715_155405/rep44/lps/wc_inc_mus_lex_bb_optN_r44.lp
Survey (6),2069,"survey:2069:ext_dep(1,2,s0)",9995841,93197005,93322242,125237,0.012528910773990903,False,1.2179723884910345,False,True,"baseline=contestability_solve_evidence.jsonl#baseline:survey:2069; forced=contestability_solve_evidence.jsonl#challenge:survey:2069:ext_dep(1,2,s0); status=OPTIMUM FOUND; model.optimality_proven=true",False,OPTIMUM FOUND,"ext_dep(1,2,s0)",16,results/paper_aaai2027/frozen/results/final_mcs_experiments_er_sf_alpha001_nowrong_noweight_50rep_chunked/wc_sweep_bnlearn_survey_alpha001_nowrong_noweight_seed2026_2075_20260715_155405/rep44/lps/wc_inc_mus_lex_bb_optN_r44.lp
Survey (6),2069,"survey:2069:ext_dep(1,2,s3)",9999423,93197005,93322242,125237,0.012524422659187436,False,1.367496988736093,False,True,"baseline=contestability_solve_evidence.jsonl#baseline:survey:2069; forced=contestability_solve_evidence.jsonl#challenge:survey:2069:ext_dep(1,2,s3); status=OPTIMUM FOUND; model.optimality_proven=true",False,OPTIMUM FOUND,"ext_dep(1,2,s3)",17,results/paper_aaai2027/frozen/results/final_mcs_experiments_er_sf_alpha001_nowrong_noweight_50rep_chunked/wc_sweep_bnlearn_survey_alpha001_nowrong_noweight_seed2026_2075_20260715_155405/rep44/lps/wc_inc_mus_lex_bb_optN_r44.lp
Survey (6),2069,"survey:2069:ext_dep(1,2,s5)",9996853,93197005,93322242,125237,0.012527642449078726,False,1.292336062528193,False,True,"baseline=contestability_solve_evidence.jsonl#baseline:survey:2069; forced=contestability_solve_evidence.jsonl#challenge:survey:2069:ext_dep(1,2,s5); status=OPTIMUM FOUND; model.optimality_proven=true",False,OPTIMUM FOUND,"ext_dep(1,2,s5)",18,results/paper_aaai2027/frozen/results/final_mcs_experiments_er_sf_alpha001_nowrong_noweight_50rep_chunked/wc_sweep_bnlearn_survey_alpha001_nowrong_noweight_seed2026_2075_20260715_155405/rep44/lps/wc_inc_mus_lex_bb_optN_r44.lp
Survey (6),2069,"survey:2069:ext_dep(1,2,s0y3)",9962209,93197005,93322242,125237,0.01257120785159195,False,0.9602516433224082,False,True,"baseline=contestability_solve_evidence.jsonl#baseline:survey:2069; forced=contestability_solve_evidence.jsonl#challenge:survey:2069:ext_dep(1,2,s0y3); status=OPTIMUM FOUND; model.optimality_proven=true",False,OPTIMUM FOUND,"ext_dep(1,2,s0y3)",19,results/paper_aaai2027/frozen/results/final_mcs_experiments_er_sf_alpha001_nowrong_noweight_50rep_chunked/wc_sweep_bnlearn_survey_alpha001_nowrong_noweight_seed2026_2075_20260715_155405/rep44/lps/wc_inc_mus_lex_bb_optN_r44.lp
Survey (6),2069,"survey:2069:ext_dep(3,5,empty)",9999999,93197005,93322242,125237,0.012523701252370125,False,1.1840270617976785,False,True,"baseline=contestability_solve_evidence.jsonl#baseline:survey:2069; forced=contestability_solve_evidence.jsonl#challenge:survey:2069:ext_dep(3,5,empty); status=OPTIMUM FOUND; model.optimality_proven=true",False,OPTIMUM FOUND,"ext_dep(3,5,empty)",43,results/paper_aaai2027/frozen/results/final_mcs_experiments_er_sf_alpha001_nowrong_noweight_50rep_chunked/wc_sweep_bnlearn_survey_alpha001_nowrong_noweight_seed2026_2075_20260715_155405/rep44/lps/wc_inc_mus_lex_bb_optN_r44.lp
Survey (6),2069,"survey:2069:ext_dep(3,5,s1)",9999999,93197005,93322242,125237,0.012523701252370125,False,0.9534809729084373,False,True,"baseline=contestability_solve_evidence.jsonl#baseline:survey:2069; forced=contestability_solve_evidence.jsonl#challenge:survey:2069:ext_dep(3,5,s1); status=OPTIMUM FOUND; model.optimality_proven=true",False,OPTIMUM FOUND,"ext_dep(3,5,s1)",44,results/paper_aaai2027/frozen/results/final_mcs_experiments_er_sf_alpha001_nowrong_noweight_50rep_chunked/wc_sweep_bnlearn_survey_alpha001_nowrong_noweight_seed2026_2075_20260715_155405/rep44/lps/wc_inc_mus_lex_bb_optN_r44.lp
Survey (6),2069,"survey:2069:ext_dep(3,5,s2)",9999999,93197005,93322242,125237,0.012523701252370125,False,1.0000189561396837,False,True,"baseline=contestability_solve_evidence.jsonl#baseline:survey:2069; forced=contestability_solve_evidence.jsonl#challenge:survey:2069:ext_dep(3,5,s2); status=OPTIMUM FOUND; model.optimality_proven=true",False,OPTIMUM FOUND,"ext_dep(3,5,s2)",45,results/paper_aaai2027/frozen/results/final_mcs_experiments_er_sf_alpha001_nowrong_noweight_50rep_chunked/wc_sweep_bnlearn_survey_alpha001_nowrong_noweight_seed2026_2075_20260715_155405/rep44/lps/wc_inc_mus_lex_bb_optN_r44.lp
Survey (6),2070,"survey:2070:ext_indep(0,2,empty)",6518996,87112505,92108235,4995730,0.7663342637424536,False,0.4914807491004467,False,True,"baseline=contestability_solve_evidence.jsonl#baseline:survey:2070; forced=contestability_solve_evidence.jsonl#challenge:survey:2070:ext_indep(0,2,empty); status=OPTIMUM FOUND; model.optimality_proven=true",False,OPTIMUM FOUND,"ext_indep(0,2,empty)",5,results/paper_aaai2027/frozen/results/final_mcs_experiments_er_sf_alpha001_nowrong_noweight_50rep_chunked/wc_sweep_bnlearn_survey_alpha001_nowrong_noweight_seed2026_2075_20260715_155405/rep45/lps/wc_inc_mus_lex_bb_optN_r45.lp
Survey (6),2070,"survey:2070:ext_indep(0,2,s5)",6425414,87112505,92108235,4995730,0.7774954267538248,False,0.7809168761596084,False,True,"baseline=contestability_solve_evidence.jsonl#baseline:survey:2070; forced=contestability_solve_evidence.jsonl#challenge:survey:2070:ext_indep(0,2,s5); status=OPTIMUM FOUND; model.optimality_proven=true",False,OPTIMUM FOUND,"ext_indep(0,2,s5)",8,results/paper_aaai2027/frozen/results/final_mcs_experiments_er_sf_alpha001_nowrong_noweight_50rep_chunked/wc_sweep_bnlearn_survey_alpha001_nowrong_noweight_seed2026_2075_20260715_155405/rep45/lps/wc_inc_mus_lex_bb_optN_r45.lp
Survey (6),2070,"survey:2070:ext_dep(1,3,empty)",9964492,87112505,90112685,3000180,0.3010871000749461,False,1.3391641722992063,False,True,"baseline=contestability_solve_evidence.jsonl#baseline:survey:2070; forced=contestability_solve_evidence.jsonl#challenge:survey:2070:ext_dep(1,3,empty); status=OPTIMUM FOUND; model.optimality_proven=true",False,OPTIMUM FOUND,"ext_dep(1,3,empty)",20,results/paper_aaai2027/frozen/results/final_mcs_experiments_er_sf_alpha001_nowrong_noweight_50rep_chunked/wc_sweep_bnlearn_survey_alpha001_nowrong_noweight_seed2026_2075_20260715_155405/rep45/lps/wc_inc_mus_lex_bb_optN_r45.lp
Survey (6),2070,"survey:2070:ext_dep(1,3,s0)",9415711,87112505,90112685,3000180,0.31863552311662924,False,1.4524230444803834,False,True,"baseline=contestability_solve_evidence.jsonl#baseline:survey:2070; forced=contestability_solve_evidence.jsonl#challenge:survey:2070:ext_dep(1,3,s0); status=OPTIMUM FOUND; model.optimality_proven=true",False,OPTIMUM FOUND,"ext_dep(1,3,s0)",21,results/paper_aaai2027/frozen/results/final_mcs_experiments_er_sf_alpha001_nowrong_noweight_50rep_chunked/wc_sweep_bnlearn_survey_alpha001_nowrong_noweight_seed2026_2075_20260715_155405/rep45/lps/wc_inc_mus_lex_bb_optN_r45.lp
Survey (6),2070,"survey:2070:ext_dep(1,3,s5)",9699659,87112505,90112685,3000180,0.30930778081992366,False,1.5355718322098255,False,True,"baseline=contestability_solve_evidence.jsonl#baseline:survey:2070; forced=contestability_solve_evidence.jsonl#challenge:survey:2070:ext_dep(1,3,s5); status=OPTIMUM FOUND; model.optimality_proven=true",False,OPTIMUM FOUND,"ext_dep(1,3,s5)",23,results/paper_aaai2027/frozen/results/final_mcs_experiments_er_sf_alpha001_nowrong_noweight_50rep_chunked/wc_sweep_bnlearn_survey_alpha001_nowrong_noweight_seed2026_2075_20260715_155405/rep45/lps/wc_inc_mus_lex_bb_optN_r45.lp
Survey (6),2070,"survey:2070:ext_indep(1,5,s2)",7361371,87112505,90251730,3139225,0.42644569876997096,False,0.5333769032731652,False,True,"baseline=contestability_solve_evidence.jsonl#baseline:survey:2070; forced=contestability_solve_evidence.jsonl#challenge:survey:2070:ext_indep(1,5,s2); status=OPTIMUM FOUND; model.optimality_proven=true",False,OPTIMUM FOUND,"ext_indep(1,5,s2)",27,results/paper_aaai2027/frozen/results/final_mcs_experiments_er_sf_alpha001_nowrong_noweight_50rep_chunked/wc_sweep_bnlearn_survey_alpha001_nowrong_noweight_seed2026_2075_20260715_155405/rep45/lps/wc_inc_mus_lex_bb_optN_r45.lp
Survey (6),2070,"survey:2070:ext_indep(1,5,s0y2y3)",8018228,87112505,90251730,3139225,0.3915110670337636,False,1.2119850385934114,False,True,"baseline=contestability_solve_evidence.jsonl#baseline:survey:2070; forced=contestability_solve_evidence.jsonl#challenge:survey:2070:ext_indep(1,5,s0y2y3); status=OPTIMUM FOUND; model.optimality_proven=true",False,OPTIMUM FOUND,"ext_indep(1,5,s0y2y3)",28,results/paper_aaai2027/frozen/results/final_mcs_experiments_er_sf_alpha001_nowrong_noweight_50rep_chunked/wc_sweep_bnlearn_survey_alpha001_nowrong_noweight_seed2026_2075_20260715_155405/rep45/lps/wc_inc_mus_lex_bb_optN_r45.lp
Survey (6),2070,"survey:2070:ext_indep(1,5,s2y3)",8061618,87112505,90251730,3139225,0.389403839278914,False,0.8902308344841003,False,True,"baseline=contestability_solve_evidence.jsonl#baseline:survey:2070; forced=contestability_solve_evidence.jsonl#challenge:survey:2070:ext_indep(1,5,s2y3); status=OPTIMUM FOUND; model.optimality_proven=true",False,OPTIMUM FOUND,"ext_indep(1,5,s2y3)",29,results/paper_aaai2027/frozen/results/final_mcs_experiments_er_sf_alpha001_nowrong_noweight_50rep_chunked/wc_sweep_bnlearn_survey_alpha001_nowrong_noweight_seed2026_2075_20260715_155405/rep45/lps/wc_inc_mus_lex_bb_optN_r45.lp
Survey (6),2070,"survey:2070:ext_indep(1,5,s0y2)",7433518,87112505,90251730,3139225,0.4223067731859935,False,1.038414765149355,False,True,"baseline=contestability_solve_evidence.jsonl#baseline:survey:2070; forced=contestability_solve_evidence.jsonl#challenge:survey:2070:ext_indep(1,5,s0y2); status=OPTIMUM FOUND; model.optimality_proven=true",False,OPTIMUM FOUND,"ext_indep(1,5,s0y2)",30,results/paper_aaai2027/frozen/results/final_mcs_experiments_er_sf_alpha001_nowrong_noweight_50rep_chunked/wc_sweep_bnlearn_survey_alpha001_nowrong_noweight_seed2026_2075_20260715_155405/rep45/lps/wc_inc_mus_lex_bb_optN_r45.lp
Survey (6),2070,"survey:2070:ext_indep(2,3,empty)",6852907,87112505,90251730,3139225,0.458086619298934,False,0.3908069562166929,False,True,"baseline=contestability_solve_evidence.jsonl#baseline:survey:2070; forced=contestability_solve_evidence.jsonl#challenge:survey:2070:ext_indep(2,3,empty); status=OPTIMUM FOUND; model.optimality_proven=true",False,OPTIMUM FOUND,"ext_indep(2,3,empty)",34,results/paper_aaai2027/frozen/results/final_mcs_experiments_er_sf_alpha001_nowrong_noweight_50rep_chunked/wc_sweep_bnlearn_survey_alpha001_nowrong_noweight_seed2026_2075_20260715_155405/rep45/lps/wc_inc_mus_lex_bb_optN_r45.lp
Survey (6),2070,"survey:2070:ext_indep(2,3,s1)",7360591,87112505,90112685,3000180,0.40760042230304605,False,0.6407599728554487,False,True,"baseline=contestability_solve_evidence.jsonl#baseline:survey:2070; forced=contestability_solve_evidence.jsonl#challenge:survey:2070:ext_indep(2,3,s1); status=OPTIMUM FOUND; model.optimality_proven=true",False,OPTIMUM FOUND,"ext_indep(2,3,s1)",35,results/paper_aaai2027/frozen/results/final_mcs_experiments_er_sf_alpha001_nowrong_noweight_50rep_chunked/wc_sweep_bnlearn_survey_alpha001_nowrong_noweight_seed2026_2075_20260715_155405/rep45/lps/wc_inc_mus_lex_bb_optN_r45.lp
Survey (6),2071,"survey:2071:ext_indep(0,2,empty)",5201824,125848464,128729432,2880968,0.5538380383496251,False,0.5994703182950616,False,True,"baseline=contestability_solve_evidence.jsonl#baseline:survey:2071; forced=contestability_solve_evidence.jsonl#challenge:survey:2071:ext_indep(0,2,empty); status=OPTIMUM FOUND; model.optimality_proven=true",False,OPTIMUM FOUND,"ext_indep(0,2,empty)",9,results/paper_aaai2027/frozen/results/final_mcs_experiments_er_sf_alpha001_nowrong_noweight_50rep_chunked/wc_sweep_bnlearn_survey_alpha001_nowrong_noweight_seed2026_2075_20260715_155405/rep46/lps/wc_inc_mus_lex_bb_optN_r46.lp
Survey (6),2071,"survey:2071:ext_indep(0,2,s5)",6481783,125848464,128729432,2880968,0.44447152889876135,False,0.7111828345805407,False,True,"baseline=contestability_solve_evidence.jsonl#baseline:survey:2071; forced=contestability_solve_evidence.jsonl#challenge:survey:2071:ext_indep(0,2,s5); status=OPTIMUM FOUND; model.optimality_proven=true",False,OPTIMUM FOUND,"ext_indep(0,2,s5)",12,results/paper_aaai2027/frozen/results/final_mcs_experiments_er_sf_alpha001_nowrong_noweight_50rep_chunked/wc_sweep_bnlearn_survey_alpha001_nowrong_noweight_seed2026_2075_20260715_155405/rep46/lps/wc_inc_mus_lex_bb_optN_r46.lp
Survey (6),2071,"survey:2071:ext_indep(0,3,s1)",9683671,125848464,130517364,4668900,0.48214153496127654,False,1.210271536372602,False,True,"baseline=contestability_solve_evidence.jsonl#baseline:survey:2071; forced=contestability_solve_evidence.jsonl#challenge:survey:2071:ext_indep(0,3,s1); status=OPTIMUM FOUND; model.optimality_proven=true",False,OPTIMUM FOUND,"ext_indep(0,3,s1)",14,results/paper_aaai2027/frozen/results/final_mcs_experiments_er_sf_alpha001_nowrong_noweight_50rep_chunked/wc_sweep_bnlearn_survey_alpha001_nowrong_noweight_seed2026_2075_20260715_155405/rep46/lps/wc_inc_mus_lex_bb_optN_r46.lp
Survey (6),2071,"survey:2071:ext_indep(0,3,s1y5)",8837588,125848464,130517364,4668900,0.5283002556806223,False,1.2225176570937037,False,True,"baseline=contestability_solve_evidence.jsonl#baseline:survey:2071; forced=contestability_solve_evidence.jsonl#challenge:survey:2071:ext_indep(0,3,s1y5); status=OPTIMUM FOUND; model.optimality_proven=true",False,OPTIMUM FOUND,"ext_indep(0,3,s1y5)",15,results/paper_aaai2027/frozen/results/final_mcs_experiments_er_sf_alpha001_nowrong_noweight_50rep_chunked/wc_sweep_bnlearn_survey_alpha001_nowrong_noweight_seed2026_2075_20260715_155405/rep46/lps/wc_inc_mus_lex_bb_optN_r46.lp
Survey (6),2071,"survey:2071:ext_indep(2,3,empty)",5237113,125848464,128729432,2880968,0.5501061367207467,False,0.5676009878516197,False,True,"baseline=contestability_solve_evidence.jsonl#baseline:survey:2071; forced=contestability_solve_evidence.jsonl#challenge:survey:2071:ext_indep(2,3,empty); status=OPTIMUM FOUND; model.optimality_proven=true",False,OPTIMUM FOUND,"ext_indep(2,3,empty)",62,results/paper_aaai2027/frozen/results/final_mcs_experiments_er_sf_alpha001_nowrong_noweight_50rep_chunked/wc_sweep_bnlearn_survey_alpha001_nowrong_noweight_seed2026_2075_20260715_155405/rep46/lps/wc_inc_mus_lex_bb_optN_r46.lp
Survey (6),2071,"survey:2071:ext_indep(2,3,s5)",6061179,125848464,128729432,2880968,0.4753147861166945,False,0.6209290958940983,False,True,"baseline=contestability_solve_evidence.jsonl#baseline:survey:2071; forced=contestability_solve_evidence.jsonl#challenge:survey:2071:ext_indep(2,3,s5); status=OPTIMUM FOUND; model.optimality_proven=true",False,OPTIMUM FOUND,"ext_indep(2,3,s5)",65,results/paper_aaai2027/frozen/results/final_mcs_experiments_er_sf_alpha001_nowrong_noweight_50rep_chunked/wc_sweep_bnlearn_survey_alpha001_nowrong_noweight_seed2026_2075_20260715_155405/rep46/lps/wc_inc_mus_lex_bb_optN_r46.lp
Survey (6),2071,"survey:2071:ext_indep(2,4,empty)",6757389,125848464,128729432,2880968,0.4263433701981638,False,0.5801766272634268,False,True,"baseline=contestability_solve_evidence.jsonl#baseline:survey:2071; forced=contestability_solve_evidence.jsonl#challenge:survey:2071:ext_indep(2,4,empty); status=OPTIMUM FOUND; model.optimality_proven=true",False,OPTIMUM FOUND,"ext_indep(2,4,empty)",66,results/paper_aaai2027/frozen/results/final_mcs_experiments_er_sf_alpha001_nowrong_noweight_50rep_chunked/wc_sweep_bnlearn_survey_alpha001_nowrong_noweight_seed2026_2075_20260715_155405/rep46/lps/wc_inc_mus_lex_bb_optN_r46.lp
Survey (6),2071,"survey:2071:ext_indep(2,4,s5)",5385053,125848464,128729432,2880968,0.5349934346050076,False,0.6933862129226327,False,True,"baseline=contestability_solve_evidence.jsonl#baseline:survey:2071; forced=contestability_solve_evidence.jsonl#challenge:survey:2071:ext_indep(2,4,s5); status=OPTIMUM FOUND; model.optimality_proven=true",False,OPTIMUM FOUND,"ext_indep(2,4,s5)",69,results/paper_aaai2027/frozen/results/final_mcs_experiments_er_sf_alpha001_nowrong_noweight_50rep_chunked/wc_sweep_bnlearn_survey_alpha001_nowrong_noweight_seed2026_2075_20260715_155405/rep46/lps/wc_inc_mus_lex_bb_optN_r46.lp
Survey (6),2071,"survey:2071:ext_dep(2,5,empty)",9973833,125848464,133563908,7715444,0.7735685969476329,False,3.2959217745810747,False,True,"baseline=contestability_solve_evidence.jsonl#baseline:survey:2071; forced=contestability_solve_evidence.jsonl#challenge:survey:2071:ext_dep(2,5,empty); status=OPTIMUM FOUND; model.optimality_proven=true",False,OPTIMUM FOUND,"ext_dep(2,5,empty)",70,results/paper_aaai2027/frozen/results/final_mcs_experiments_er_sf_alpha001_nowrong_noweight_50rep_chunked/wc_sweep_bnlearn_survey_alpha001_nowrong_noweight_seed2026_2075_20260715_155405/rep46/lps/wc_inc_mus_lex_bb_optN_r46.lp
Survey (6),2071,"survey:2071:ext_dep(2,5,s1)",9711473,125848464,133628531,7780067,0.8011212099338586,False,2.543210742995143,False,True,"baseline=contestability_solve_evidence.jsonl#baseline:survey:2071; forced=contestability_solve_evidence.jsonl#challenge:survey:2071:ext_dep(2,5,s1); status=OPTIMUM FOUND; model.optimality_proven=true",False,OPTIMUM FOUND,"ext_dep(2,5,s1)",71,results/paper_aaai2027/frozen/results/final_mcs_experiments_er_sf_alpha001_nowrong_noweight_50rep_chunked/wc_sweep_bnlearn_survey_alpha001_nowrong_noweight_seed2026_2075_20260715_155405/rep46/lps/wc_inc_mus_lex_bb_optN_r46.lp
Survey (6),2071,"survey:2071:ext_dep(2,5,s3)",9801608,125848464,136126747,10278283,1.0486323264509252,False,2.594548450782895,False,True,"baseline=contestability_solve_evidence.jsonl#baseline:survey:2071; forced=contestability_solve_evidence.jsonl#challenge:survey:2071:ext_dep(2,5,s3); status=OPTIMUM FOUND; model.optimality_proven=true",False,OPTIMUM FOUND,"ext_dep(2,5,s3)",72,results/paper_aaai2027/frozen/results/final_mcs_experiments_er_sf_alpha001_nowrong_noweight_50rep_chunked/wc_sweep_bnlearn_survey_alpha001_nowrong_noweight_seed2026_2075_20260715_155405/rep46/lps/wc_inc_mus_lex_bb_optN_r46.lp
Survey (6),2071,"survey:2071:ext_indep(3,4,s1)",5488625,125848464,130517364,4668900,0.8506502083855246,False,0.9269772404804826,False,True,"baseline=contestability_solve_evidence.jsonl#baseline:survey:2071; forced=contestability_solve_evidence.jsonl#challenge:survey:2071:ext_indep(3,4,s1); status=OPTIMUM FOUND; model.optimality_proven=true",False,OPTIMUM FOUND,"ext_indep(3,4,s1)",74,results/paper_aaai2027/frozen/results/final_mcs_experiments_er_sf_alpha001_nowrong_noweight_50rep_chunked/wc_sweep_bnlearn_survey_alpha001_nowrong_noweight_seed2026_2075_20260715_155405/rep46/lps/wc_inc_mus_lex_bb_optN_r46.lp
Survey (6),2071,"survey:2071:ext_indep(3,4,s1y5)",7227328,125848464,130517364,4668900,0.6460063802279349,False,1.026212140917778,False,True,"baseline=contestability_solve_evidence.jsonl#baseline:survey:2071; forced=contestability_solve_evidence.jsonl#challenge:survey:2071:ext_indep(3,4,s1y5); status=OPTIMUM FOUND; model.optimality_proven=true",False,OPTIMUM FOUND,"ext_indep(3,4,s1y5)",75,results/paper_aaai2027/frozen/results/final_mcs_experiments_er_sf_alpha001_nowrong_noweight_50rep_chunked/wc_sweep_bnlearn_survey_alpha001_nowrong_noweight_seed2026_2075_20260715_155405/rep46/lps/wc_inc_mus_lex_bb_optN_r46.lp
Survey (6),2071,"survey:2071:ext_dep(3,5,empty)",9999999,125848464,133563908,7715444,0.7715444771544477,False,2.293462228961289,False,True,"baseline=contestability_solve_evidence.jsonl#baseline:survey:2071; forced=contestability_solve_evidence.jsonl#challenge:survey:2071:ext_dep(3,5,empty); status=OPTIMUM FOUND; model.optimality_proven=true",False,OPTIMUM FOUND,"ext_dep(3,5,empty)",77,results/paper_aaai2027/frozen/results/final_mcs_experiments_er_sf_alpha001_nowrong_noweight_50rep_chunked/wc_sweep_bnlearn_survey_alpha001_nowrong_noweight_seed2026_2075_20260715_155405/rep46/lps/wc_inc_mus_lex_bb_optN_r46.lp
Survey (6),2071,"survey:2071:ext_dep(3,5,s1)",9999999,125848464,133563908,7715444,0.7715444771544477,False,2.8124656826257706,False,True,"baseline=contestability_solve_evidence.jsonl#baseline:survey:2071; forced=contestability_solve_evidence.jsonl#challenge:survey:2071:ext_dep(3,5,s1); status=OPTIMUM FOUND; model.optimality_proven=true",False,OPTIMUM FOUND,"ext_dep(3,5,s1)",78,results/paper_aaai2027/frozen/results/final_mcs_experiments_er_sf_alpha001_nowrong_noweight_50rep_chunked/wc_sweep_bnlearn_survey_alpha001_nowrong_noweight_seed2026_2075_20260715_155405/rep46/lps/wc_inc_mus_lex_bb_optN_r46.lp
Survey (6),2071,"survey:2071:ext_dep(3,5,s2)",9999999,125848464,133563908,7715444,0.7715444771544477,False,2.1786918360739946,False,True,"baseline=contestability_solve_evidence.jsonl#baseline:survey:2071; forced=contestability_solve_evidence.jsonl#challenge:survey:2071:ext_dep(3,5,s2); status=OPTIMUM FOUND; model.optimality_proven=true",False,OPTIMUM FOUND,"ext_dep(3,5,s2)",79,results/paper_aaai2027/frozen/results/final_mcs_experiments_er_sf_alpha001_nowrong_noweight_50rep_chunked/wc_sweep_bnlearn_survey_alpha001_nowrong_noweight_seed2026_2075_20260715_155405/rep46/lps/wc_inc_mus_lex_bb_optN_r46.lp
Survey (6),2072,"survey:2072:ext_indep(0,2,empty)",5004989,89353873,96891476,7537603,1.5060178953440257,False,0.3183949366211891,False,True,"baseline=contestability_solve_evidence.jsonl#baseline:survey:2072; forced=contestability_solve_evidence.jsonl#challenge:survey:2072:ext_indep(0,2,empty); status=OPTIMUM FOUND; model.optimality_proven=true",False,OPTIMUM FOUND,"ext_indep(0,2,empty)",9,results/paper_aaai2027/frozen/results/final_mcs_experiments_er_sf_alpha001_nowrong_noweight_50rep_chunked/wc_sweep_bnlearn_survey_alpha001_nowrong_noweight_seed2026_2075_20260715_155405/rep47/lps/wc_inc_mus_lex_bb_optN_r47.lp
Survey (6),2072,"survey:2072:ext_indep(0,3,empty)",7091531,89353873,102305055,12951182,1.8262885687166848,False,0.36337456852197647,False,True,"baseline=contestability_solve_evidence.jsonl#baseline:survey:2072; forced=contestability_solve_evidence.jsonl#challenge:survey:2072:ext_indep(0,3,empty); status=OPTIMUM FOUND; model.optimality_proven=true",False,OPTIMUM FOUND,"ext_indep(0,3,empty)",13,results/paper_aaai2027/frozen/results/final_mcs_experiments_er_sf_alpha001_nowrong_noweight_50rep_chunked/wc_sweep_bnlearn_survey_alpha001_nowrong_noweight_seed2026_2075_20260715_155405/rep47/lps/wc_inc_mus_lex_bb_optN_r47.lp
Survey (6),2072,"survey:2072:ext_indep(1,3,s0y2y4)",5016868,89353873,92649585,3295712,0.6569261937926212,False,0.8051622323691845,False,True,"baseline=contestability_solve_evidence.jsonl#baseline:survey:2072; forced=contestability_solve_evidence.jsonl#challenge:survey:2072:ext_indep(1,3,s0y2y4); status=OPTIMUM FOUND; model.optimality_proven=true",False,OPTIMUM FOUND,"ext_indep(1,3,s0y2y4)",34,results/paper_aaai2027/frozen/results/final_mcs_experiments_er_sf_alpha001_nowrong_noweight_50rep_chunked/wc_sweep_bnlearn_survey_alpha001_nowrong_noweight_seed2026_2075_20260715_155405/rep47/lps/wc_inc_mus_lex_bb_optN_r47.lp
Survey (6),2072,"survey:2072:ext_indep(1,5,s2y3)",7157623,89353873,102305055,12951182,1.8094250004505685,False,0.8152949893847108,False,True,"baseline=contestability_solve_evidence.jsonl#baseline:survey:2072; forced=contestability_solve_evidence.jsonl#challenge:survey:2072:ext_indep(1,5,s2y3); status=OPTIMUM FOUND; model.optimality_proven=true",False,OPTIMUM FOUND,"ext_indep(1,5,s2y3)",47,results/paper_aaai2027/frozen/results/final_mcs_experiments_er_sf_alpha001_nowrong_noweight_50rep_chunked/wc_sweep_bnlearn_survey_alpha001_nowrong_noweight_seed2026_2075_20260715_155405/rep47/lps/wc_inc_mus_lex_bb_optN_r47.lp
Survey (6),2072,"survey:2072:ext_indep(1,5,s3)",7344512,89353873,102305055,12951182,1.7633822369682288,False,0.6513191293925047,False,True,"baseline=contestability_solve_evidence.jsonl#baseline:survey:2072; forced=contestability_solve_evidence.jsonl#challenge:survey:2072:ext_indep(1,5,s3); status=OPTIMUM FOUND; model.optimality_proven=true",False,OPTIMUM FOUND,"ext_indep(1,5,s3)",52,results/paper_aaai2027/frozen/results/final_mcs_experiments_er_sf_alpha001_nowrong_noweight_50rep_chunked/wc_sweep_bnlearn_survey_alpha001_nowrong_noweight_seed2026_2075_20260715_155405/rep47/lps/wc_inc_mus_lex_bb_optN_r47.lp
Survey (6),2072,"survey:2072:ext_indep(2,3,empty)",8626085,89353873,106324270,16970397,1.967334775857182,False,0.4945490164682269,False,True,"baseline=contestability_solve_evidence.jsonl#baseline:survey:2072; forced=contestability_solve_evidence.jsonl#challenge:survey:2072:ext_indep(2,3,empty); status=OPTIMUM FOUND; model.optimality_proven=true",False,OPTIMUM FOUND,"ext_indep(2,3,empty)",53,results/paper_aaai2027/frozen/results/final_mcs_experiments_er_sf_alpha001_nowrong_noweight_50rep_chunked/wc_sweep_bnlearn_survey_alpha001_nowrong_noweight_seed2026_2075_20260715_155405/rep47/lps/wc_inc_mus_lex_bb_optN_r47.lp
Survey (6),2072,"survey:2072:ext_indep(2,3,s5)",7768879,89353873,103681352,14327479,1.8442144613141742,False,0.5540584130212665,False,True,"baseline=contestability_solve_evidence.jsonl#baseline:survey:2072; forced=contestability_solve_evidence.jsonl#challenge:survey:2072:ext_indep(2,3,s5); status=OPTIMUM FOUND; model.optimality_proven=true",False,OPTIMUM FOUND,"ext_indep(2,3,s5)",55,results/paper_aaai2027/frozen/results/final_mcs_experiments_er_sf_alpha001_nowrong_noweight_50rep_chunked/wc_sweep_bnlearn_survey_alpha001_nowrong_noweight_seed2026_2075_20260715_155405/rep47/lps/wc_inc_mus_lex_bb_optN_r47.lp
Survey (6),2072,"survey:2072:ext_indep(2,4,empty)",7572161,89353873,96019609,6665736,0.8802950703240462,False,0.27379484474658966,False,True,"baseline=contestability_solve_evidence.jsonl#baseline:survey:2072; forced=contestability_solve_evidence.jsonl#challenge:survey:2072:ext_indep(2,4,empty); status=OPTIMUM FOUND; model.optimality_proven=true",False,OPTIMUM FOUND,"ext_indep(2,4,empty)",57,results/paper_aaai2027/frozen/results/final_mcs_experiments_er_sf_alpha001_nowrong_noweight_50rep_chunked/wc_sweep_bnlearn_survey_alpha001_nowrong_noweight_seed2026_2075_20260715_155405/rep47/lps/wc_inc_mus_lex_bb_optN_r47.lp
Survey (6),2072,"survey:2072:ext_indep(2,4,s5)",9471550,89353873,96019609,6665736,0.7037640090587074,False,0.5446236431598663,False,True,"baseline=contestability_solve_evidence.jsonl#baseline:survey:2072; forced=contestability_solve_evidence.jsonl#challenge:survey:2072:ext_indep(2,4,s5); status=OPTIMUM FOUND; model.optimality_proven=true",False,OPTIMUM FOUND,"ext_indep(2,4,s5)",60,results/paper_aaai2027/frozen/results/final_mcs_experiments_er_sf_alpha001_nowrong_noweight_50rep_chunked/wc_sweep_bnlearn_survey_alpha001_nowrong_noweight_seed2026_2075_20260715_155405/rep47/lps/wc_inc_mus_lex_bb_optN_r47.lp
Survey (6),2072,"survey:2072:ext_dep(2,5,empty)",9917831,89353873,103681352,14327479,1.444618183149118,False,1.69268839340657,False,True,"baseline=contestability_solve_evidence.jsonl#baseline:survey:2072; forced=contestability_solve_evidence.jsonl#challenge:survey:2072:ext_dep(2,5,empty); status=OPTIMUM FOUND; model.optimality_proven=true",False,OPTIMUM FOUND,"ext_dep(2,5,empty)",61,results/paper_aaai2027/frozen/results/final_mcs_experiments_er_sf_alpha001_nowrong_noweight_50rep_chunked/wc_sweep_bnlearn_survey_alpha001_nowrong_noweight_seed2026_2075_20260715_155405/rep47/lps/wc_inc_mus_lex_bb_optN_r47.lp
Survey (6),2072,"survey:2072:ext_dep(2,5,s1)",9258290,89353873,103681352,14327479,1.5475297274118656,False,1.954247435554862,False,True,"baseline=contestability_solve_evidence.jsonl#baseline:survey:2072; forced=contestability_solve_evidence.jsonl#challenge:survey:2072:ext_dep(2,5,s1); status=OPTIMUM FOUND; model.optimality_proven=true",False,OPTIMUM FOUND,"ext_dep(2,5,s1)",62,results/paper_aaai2027/frozen/results/final_mcs_experiments_er_sf_alpha001_nowrong_noweight_50rep_chunked/wc_sweep_bnlearn_survey_alpha001_nowrong_noweight_seed2026_2075_20260715_155405/rep47/lps/wc_inc_mus_lex_bb_optN_r47.lp
Survey (6),2072,"survey:2072:ext_indep(3,4,empty)",5123554,89353873,102305055,12951182,2.5277731043724727,False,0.4244064735248685,False,True,"baseline=contestability_solve_evidence.jsonl#baseline:survey:2072; forced=contestability_solve_evidence.jsonl#challenge:survey:2072:ext_indep(3,4,empty); status=OPTIMUM FOUND; model.optimality_proven=true",False,OPTIMUM FOUND,"ext_indep(3,4,empty)",64,results/paper_aaai2027/frozen/results/final_mcs_experiments_er_sf_alpha001_nowrong_noweight_50rep_chunked/wc_sweep_bnlearn_survey_alpha001_nowrong_noweight_seed2026_2075_20260715_155405/rep47/lps/wc_inc_mus_lex_bb_optN_r47.lp
Survey (6),2073,"survey:2073:ext_indep(0,2,s1)",6713530,133532531,135551321,2018790,0.30070469633709834,False,0.6865023681893945,False,True,"baseline=contestability_solve_evidence.jsonl#baseline:survey:2073; forced=contestability_solve_evidence.jsonl#challenge:survey:2073:ext_indep(0,2,s1); status=OPTIMUM FOUND; model.optimality_proven=true",False,OPTIMUM FOUND,"ext_indep(0,2,s1)",10,results/paper_aaai2027/frozen/results/final_mcs_experiments_er_sf_alpha001_nowrong_noweight_50rep_chunked/wc_sweep_bnlearn_survey_alpha001_nowrong_noweight_seed2026_2075_20260715_155405/rep48/lps/wc_inc_mus_lex_bb_optN_r48.lp
Survey (6),2073,"survey:2073:ext_indep(0,2,s1y5)",7985751,133532531,135551321,2018790,0.2527990166485281,False,0.985935352742672,False,True,"baseline=contestability_solve_evidence.jsonl#baseline:survey:2073; forced=contestability_solve_evidence.jsonl#challenge:survey:2073:ext_indep(0,2,s1y5); status=OPTIMUM FOUND; model.optimality_proven=true",False,OPTIMUM FOUND,"ext_indep(0,2,s1y5)",11,results/paper_aaai2027/frozen/results/final_mcs_experiments_er_sf_alpha001_nowrong_noweight_50rep_chunked/wc_sweep_bnlearn_survey_alpha001_nowrong_noweight_seed2026_2075_20260715_155405/rep48/lps/wc_inc_mus_lex_bb_optN_r48.lp
Survey (6),2073,"survey:2073:ext_indep(0,3,s1)",5664896,133532531,136440444,2907913,0.5133215155229681,False,0.7902771318331361,False,True,"baseline=contestability_solve_evidence.jsonl#baseline:survey:2073; forced=contestability_solve_evidence.jsonl#challenge:survey:2073:ext_indep(0,3,s1); status=OPTIMUM FOUND; model.optimality_proven=true",False,OPTIMUM FOUND,"ext_indep(0,3,s1)",14,results/paper_aaai2027/frozen/results/final_mcs_experiments_er_sf_alpha001_nowrong_noweight_50rep_chunked/wc_sweep_bnlearn_survey_alpha001_nowrong_noweight_seed2026_2075_20260715_155405/rep48/lps/wc_inc_mus_lex_bb_optN_r48.lp
Survey (6),2073,"survey:2073:ext_indep(0,3,s1y5)",6099368,133532531,136440444,2907913,0.4767564442742264,False,0.9470232781022787,False,True,"baseline=contestability_solve_evidence.jsonl#baseline:survey:2073; forced=contestability_solve_evidence.jsonl#challenge:survey:2073:ext_indep(0,3,s1y5); status=OPTIMUM FOUND; model.optimality_proven=true",False,OPTIMUM FOUND,"ext_indep(0,3,s1y5)",15,results/paper_aaai2027/frozen/results/final_mcs_experiments_er_sf_alpha001_nowrong_noweight_50rep_chunked/wc_sweep_bnlearn_survey_alpha001_nowrong_noweight_seed2026_2075_20260715_155405/rep48/lps/wc_inc_mus_lex_bb_optN_r48.lp
Survey (6),2073,"survey:2073:ext_indep(2,3,s1)",8783230,133532531,135551321,2018790,0.22984596782732547,False,0.7978120632469654,False,True,"baseline=contestability_solve_evidence.jsonl#baseline:survey:2073; forced=contestability_solve_evidence.jsonl#challenge:survey:2073:ext_indep(2,3,s1); status=OPTIMUM FOUND; model.optimality_proven=true",False,OPTIMUM FOUND,"ext_indep(2,3,s1)",63,results/paper_aaai2027/frozen/results/final_mcs_experiments_er_sf_alpha001_nowrong_noweight_50rep_chunked/wc_sweep_bnlearn_survey_alpha001_nowrong_noweight_seed2026_2075_20260715_155405/rep48/lps/wc_inc_mus_lex_bb_optN_r48.lp
Survey (6),2073,"survey:2073:ext_indep(2,3,s1y5)",5680223,133532531,135551321,2018790,0.35540682117585876,False,1.0051132552325726,False,True,"baseline=contestability_solve_evidence.jsonl#baseline:survey:2073; forced=contestability_solve_evidence.jsonl#challenge:survey:2073:ext_indep(2,3,s1y5); status=OPTIMUM FOUND; model.optimality_proven=true",False,OPTIMUM FOUND,"ext_indep(2,3,s1y5)",64,results/paper_aaai2027/frozen/results/final_mcs_experiments_er_sf_alpha001_nowrong_noweight_50rep_chunked/wc_sweep_bnlearn_survey_alpha001_nowrong_noweight_seed2026_2075_20260715_155405/rep48/lps/wc_inc_mus_lex_bb_optN_r48.lp
Survey (6),2073,"survey:2073:ext_indep(2,4,s1)",8224650,133532531,135551321,2018790,0.24545603764293922,False,0.6996341710910201,False,True,"baseline=contestability_solve_evidence.jsonl#baseline:survey:2073; forced=contestability_solve_evidence.jsonl#challenge:survey:2073:ext_indep(2,4,s1); status=OPTIMUM FOUND; model.optimality_proven=true",False,OPTIMUM FOUND,"ext_indep(2,4,s1)",67,results/paper_aaai2027/frozen/results/final_mcs_experiments_er_sf_alpha001_nowrong_noweight_50rep_chunked/wc_sweep_bnlearn_survey_alpha001_nowrong_noweight_seed2026_2075_20260715_155405/rep48/lps/wc_inc_mus_lex_bb_optN_r48.lp
Survey (6),2073,"survey:2073:ext_indep(2,4,s1y5)",9263311,133532531,135551321,2018790,0.21793395471662347,False,0.931783233769238,False,True,"baseline=contestability_solve_evidence.jsonl#baseline:survey:2073; forced=contestability_solve_evidence.jsonl#challenge:survey:2073:ext_indep(2,4,s1y5); status=OPTIMUM FOUND; model.optimality_proven=true",False,OPTIMUM FOUND,"ext_indep(2,4,s1y5)",68,results/paper_aaai2027/frozen/results/final_mcs_experiments_er_sf_alpha001_nowrong_noweight_50rep_chunked/wc_sweep_bnlearn_survey_alpha001_nowrong_noweight_seed2026_2075_20260715_155405/rep48/lps/wc_inc_mus_lex_bb_optN_r48.lp
Survey (6),2073,"survey:2073:ext_dep(2,5,empty)",9739123,133532531,142733962,9201431,0.9447905114248993,False,1.9024123474955559,False,True,"baseline=contestability_solve_evidence.jsonl#baseline:survey:2073; forced=contestability_solve_evidence.jsonl#challenge:survey:2073:ext_dep(2,5,empty); status=OPTIMUM FOUND; model.optimality_proven=true",False,OPTIMUM FOUND,"ext_dep(2,5,empty)",70,results/paper_aaai2027/frozen/results/final_mcs_experiments_er_sf_alpha001_nowrong_noweight_50rep_chunked/wc_sweep_bnlearn_survey_alpha001_nowrong_noweight_seed2026_2075_20260715_155405/rep48/lps/wc_inc_mus_lex_bb_optN_r48.lp
Survey (6),2073,"survey:2073:ext_dep(2,5,s1)",9640693,133532531,142733962,9201431,0.95443667794421,False,2.028991885483265,False,True,"baseline=contestability_solve_evidence.jsonl#baseline:survey:2073; forced=contestability_solve_evidence.jsonl#challenge:survey:2073:ext_dep(2,5,s1); status=OPTIMUM FOUND; model.optimality_proven=true",False,OPTIMUM FOUND,"ext_dep(2,5,s1)",71,results/paper_aaai2027/frozen/results/final_mcs_experiments_er_sf_alpha001_nowrong_noweight_50rep_chunked/wc_sweep_bnlearn_survey_alpha001_nowrong_noweight_seed2026_2075_20260715_155405/rep48/lps/wc_inc_mus_lex_bb_optN_r48.lp
Survey (6),2073,"survey:2073:ext_dep(2,5,s3)",9928820,133532531,142733962,9201431,0.9267396327055984,False,2.0677899941802025,False,True,"baseline=contestability_solve_evidence.jsonl#baseline:survey:2073; forced=contestability_solve_evidence.jsonl#challenge:survey:2073:ext_dep(2,5,s3); status=OPTIMUM FOUND; model.optimality_proven=true",False,OPTIMUM FOUND,"ext_dep(2,5,s3)",72,results/paper_aaai2027/frozen/results/final_mcs_experiments_er_sf_alpha001_nowrong_noweight_50rep_chunked/wc_sweep_bnlearn_survey_alpha001_nowrong_noweight_seed2026_2075_20260715_155405/rep48/lps/wc_inc_mus_lex_bb_optN_r48.lp
Survey (6),2073,"survey:2073:ext_indep(3,4,s1)",7948402,133532531,136440444,2907913,0.3658487580270852,False,0.711124125868082,False,True,"baseline=contestability_solve_evidence.jsonl#baseline:survey:2073; forced=contestability_solve_evidence.jsonl#challenge:survey:2073:ext_indep(3,4,s1); status=OPTIMUM FOUND; model.optimality_proven=true",False,OPTIMUM FOUND,"ext_indep(3,4,s1)",74,results/paper_aaai2027/frozen/results/final_mcs_experiments_er_sf_alpha001_nowrong_noweight_50rep_chunked/wc_sweep_bnlearn_survey_alpha001_nowrong_noweight_seed2026_2075_20260715_155405/rep48/lps/wc_inc_mus_lex_bb_optN_r48.lp
Survey (6),2073,"survey:2073:ext_indep(3,4,s1y5)",7860537,133532531,136440444,2907913,0.36993821160055607,False,0.9024740504100919,False,True,"baseline=contestability_solve_evidence.jsonl#baseline:survey:2073; forced=contestability_solve_evidence.jsonl#challenge:survey:2073:ext_indep(3,4,s1y5); status=OPTIMUM FOUND; model.optimality_proven=true",False,OPTIMUM FOUND,"ext_indep(3,4,s1y5)",75,results/paper_aaai2027/frozen/results/final_mcs_experiments_er_sf_alpha001_nowrong_noweight_50rep_chunked/wc_sweep_bnlearn_survey_alpha001_nowrong_noweight_seed2026_2075_20260715_155405/rep48/lps/wc_inc_mus_lex_bb_optN_r48.lp
Survey (6),2073,"survey:2073:ext_dep(3,5,empty)",9999999,133532531,151481835,17949304,1.794930579493058,False,2.8960127402096987,False,True,"baseline=contestability_solve_evidence.jsonl#baseline:survey:2073; forced=contestability_solve_evidence.jsonl#challenge:survey:2073:ext_dep(3,5,empty); status=OPTIMUM FOUND; model.optimality_proven=true",False,OPTIMUM FOUND,"ext_dep(3,5,empty)",77,results/paper_aaai2027/frozen/results/final_mcs_experiments_er_sf_alpha001_nowrong_noweight_50rep_chunked/wc_sweep_bnlearn_survey_alpha001_nowrong_noweight_seed2026_2075_20260715_155405/rep48/lps/wc_inc_mus_lex_bb_optN_r48.lp
Survey (6),2073,"survey:2073:ext_dep(3,5,s1)",9999999,133532531,151481835,17949304,1.794930579493058,False,3.0538282906636596,False,True,"baseline=contestability_solve_evidence.jsonl#baseline:survey:2073; forced=contestability_solve_evidence.jsonl#challenge:survey:2073:ext_dep(3,5,s1); status=OPTIMUM FOUND; model.optimality_proven=true",False,OPTIMUM FOUND,"ext_dep(3,5,s1)",78,results/paper_aaai2027/frozen/results/final_mcs_experiments_er_sf_alpha001_nowrong_noweight_50rep_chunked/wc_sweep_bnlearn_survey_alpha001_nowrong_noweight_seed2026_2075_20260715_155405/rep48/lps/wc_inc_mus_lex_bb_optN_r48.lp
Survey (6),2073,"survey:2073:ext_dep(3,5,s2)",9999999,133532531,151481835,17949304,1.794930579493058,False,2.5296538546681404,False,True,"baseline=contestability_solve_evidence.jsonl#baseline:survey:2073; forced=contestability_solve_evidence.jsonl#challenge:survey:2073:ext_dep(3,5,s2); status=OPTIMUM FOUND; model.optimality_proven=true",False,OPTIMUM FOUND,"ext_dep(3,5,s2)",79,results/paper_aaai2027/frozen/results/final_mcs_experiments_er_sf_alpha001_nowrong_noweight_50rep_chunked/wc_sweep_bnlearn_survey_alpha001_nowrong_noweight_seed2026_2075_20260715_155405/rep48/lps/wc_inc_mus_lex_bb_optN_r48.lp
Survey (6),2074,"survey:2074:ext_indep(0,2,empty)",5790816,47943780,50386674,2442894,0.4218566088095356,False,0.11389599461108446,False,True,"baseline=contestability_solve_evidence.jsonl#baseline:survey:2074; forced=contestability_solve_evidence.jsonl#challenge:survey:2074:ext_indep(0,2,empty); status=OPTIMUM FOUND; model.optimality_proven=true",False,OPTIMUM FOUND,"ext_indep(0,2,empty)",5,results/paper_aaai2027/frozen/results/final_mcs_experiments_er_sf_alpha001_nowrong_noweight_50rep_chunked/wc_sweep_bnlearn_survey_alpha001_nowrong_noweight_seed2026_2075_20260715_155405/rep49/lps/wc_inc_mus_lex_bb_optN_r49.lp
Survey (6),2074,"survey:2074:ext_dep(1,3,empty)",9824250,47943780,50094448,2150668,0.21891421737028272,False,0.1663610702380538,False,True,"baseline=contestability_solve_evidence.jsonl#baseline:survey:2074; forced=contestability_solve_evidence.jsonl#challenge:survey:2074:ext_dep(1,3,empty); status=OPTIMUM FOUND; model.optimality_proven=true",False,OPTIMUM FOUND,"ext_dep(1,3,empty)",17,results/paper_aaai2027/frozen/results/final_mcs_experiments_er_sf_alpha001_nowrong_noweight_50rep_chunked/wc_sweep_bnlearn_survey_alpha001_nowrong_noweight_seed2026_2075_20260715_155405/rep49/lps/wc_inc_mus_lex_bb_optN_r49.lp
Survey (6),2074,"survey:2074:ext_dep(1,3,s0)",6387133,47943780,50094448,2150668,0.33671883770073363,False,0.17381797172129154,False,True,"baseline=contestability_solve_evidence.jsonl#baseline:survey:2074; forced=contestability_solve_evidence.jsonl#challenge:survey:2074:ext_dep(1,3,s0); status=OPTIMUM FOUND; model.optimality_proven=true",False,OPTIMUM FOUND,"ext_dep(1,3,s0)",18,results/paper_aaai2027/frozen/results/final_mcs_experiments_er_sf_alpha001_nowrong_noweight_50rep_chunked/wc_sweep_bnlearn_survey_alpha001_nowrong_noweight_seed2026_2075_20260715_155405/rep49/lps/wc_inc_mus_lex_bb_optN_r49.lp
Survey (6),2074,"survey:2074:ext_dep(1,3,s2)",9862491,47943780,50094448,2150668,0.21806539544624173,False,0.1675794618204236,False,True,"baseline=contestability_solve_evidence.jsonl#baseline:survey:2074; forced=contestability_solve_evidence.jsonl#challenge:survey:2074:ext_dep(1,3,s2); status=OPTIMUM FOUND; model.optimality_proven=true",False,OPTIMUM FOUND,"ext_dep(1,3,s2)",19,results/paper_aaai2027/frozen/results/final_mcs_experiments_er_sf_alpha001_nowrong_noweight_50rep_chunked/wc_sweep_bnlearn_survey_alpha001_nowrong_noweight_seed2026_2075_20260715_155405/rep49/lps/wc_inc_mus_lex_bb_optN_r49.lp
Survey (6),2074,"survey:2074:ext_dep(1,3,s5)",9269564,47943780,50094448,2150668,0.23201393290989739,False,0.200490384362638,False,True,"baseline=contestability_solve_evidence.jsonl#baseline:survey:2074; forced=contestability_solve_evidence.jsonl#challenge:survey:2074:ext_dep(1,3,s5); status=OPTIMUM FOUND; model.optimality_proven=true",False,OPTIMUM FOUND,"ext_dep(1,3,s5)",20,results/paper_aaai2027/frozen/results/final_mcs_experiments_er_sf_alpha001_nowrong_noweight_50rep_chunked/wc_sweep_bnlearn_survey_alpha001_nowrong_noweight_seed2026_2075_20260715_155405/rep49/lps/wc_inc_mus_lex_bb_optN_r49.lp
Survey (6),2074,"survey:2074:ext_dep(1,3,s0y2)",6809526,47943780,50094448,2150668,0.31583226203997167,False,0.16388869285583496,False,True,"baseline=contestability_solve_evidence.jsonl#baseline:survey:2074; forced=contestability_solve_evidence.jsonl#challenge:survey:2074:ext_dep(1,3,s0y2); status=OPTIMUM FOUND; model.optimality_proven=true",False,OPTIMUM FOUND,"ext_dep(1,3,s0y2)",21,results/paper_aaai2027/frozen/results/final_mcs_experiments_er_sf_alpha001_nowrong_noweight_50rep_chunked/wc_sweep_bnlearn_survey_alpha001_nowrong_noweight_seed2026_2075_20260715_155405/rep49/lps/wc_inc_mus_lex_bb_optN_r49.lp
Survey (6),2075,"survey:2075:ext_indep(0,2,s1y5)",5130905,66238808,66527850,289042,0.056333531803843574,False,0.5646674521267414,False,True,"baseline=contestability_solve_evidence.jsonl#baseline:survey:2075; forced=contestability_solve_evidence.jsonl#challenge:survey:2075:ext_indep(0,2,s1y5); status=OPTIMUM FOUND; model.optimality_proven=true",False,OPTIMUM FOUND,"ext_indep(0,2,s1y5)",8,results/paper_aaai2027/frozen/results/final_mcs_experiments_er_sf_alpha001_nowrong_noweight_50rep_chunked/wc_sweep_bnlearn_survey_alpha001_nowrong_noweight_seed2026_2075_20260715_155405/rep50/lps/wc_inc_mus_lex_bb_optN_r50.lp
Survey (6),2075,"survey:2075:ext_indep(1,3,s0)",5013184,66238808,68669293,2430485,0.48481863023579425,False,0.5827546464279294,False,True,"baseline=contestability_solve_evidence.jsonl#baseline:survey:2075; forced=contestability_solve_evidence.jsonl#challenge:survey:2075:ext_indep(1,3,s0); status=OPTIMUM FOUND; model.optimality_proven=true",False,OPTIMUM FOUND,"ext_indep(1,3,s0)",19,results/paper_aaai2027/frozen/results/final_mcs_experiments_er_sf_alpha001_nowrong_noweight_50rep_chunked/wc_sweep_bnlearn_survey_alpha001_nowrong_noweight_seed2026_2075_20260715_155405/rep50/lps/wc_inc_mus_lex_bb_optN_r50.lp
Survey (6),2075,"survey:2075:ext_indep(1,4,s2)",5057930,66238808,74885268,8646460,1.7094858964042603,False,0.6195452492684126,False,True,"baseline=contestability_solve_evidence.jsonl#baseline:survey:2075; forced=contestability_solve_evidence.jsonl#challenge:survey:2075:ext_indep(1,4,s2); status=OPTIMUM FOUND; model.optimality_proven=true",False,OPTIMUM FOUND,"ext_indep(1,4,s2)",25,results/paper_aaai2027/frozen/results/final_mcs_experiments_er_sf_alpha001_nowrong_noweight_50rep_chunked/wc_sweep_bnlearn_survey_alpha001_nowrong_noweight_seed2026_2075_20260715_155405/rep50/lps/wc_inc_mus_lex_bb_optN_r50.lp
Survey (6),2075,"survey:2075:ext_indep(1,5,empty)",5500102,66238808,70710841,4472033,0.8130818301187869,False,0.33394779078662395,False,True,"baseline=contestability_solve_evidence.jsonl#baseline:survey:2075; forced=contestability_solve_evidence.jsonl#challenge:survey:2075:ext_indep(1,5,empty); status=OPTIMUM FOUND; model.optimality_proven=true",False,OPTIMUM FOUND,"ext_indep(1,5,empty)",27,results/paper_aaai2027/frozen/results/final_mcs_experiments_er_sf_alpha001_nowrong_noweight_50rep_chunked/wc_sweep_bnlearn_survey_alpha001_nowrong_noweight_seed2026_2075_20260715_155405/rep50/lps/wc_inc_mus_lex_bb_optN_r50.lp
Survey (6),2075,"survey:2075:ext_indep(1,5,s2)",5472312,66238808,71638597,5399789,0.986747283415127,False,0.5180668793618679,False,True,"baseline=contestability_solve_evidence.jsonl#baseline:survey:2075; forced=contestability_solve_evidence.jsonl#challenge:survey:2075:ext_indep(1,5,s2); status=OPTIMUM FOUND; model.optimality_proven=true",False,OPTIMUM FOUND,"ext_indep(1,5,s2)",28,results/paper_aaai2027/frozen/results/final_mcs_experiments_er_sf_alpha001_nowrong_noweight_50rep_chunked/wc_sweep_bnlearn_survey_alpha001_nowrong_noweight_seed2026_2075_20260715_155405/rep50/lps/wc_inc_mus_lex_bb_optN_r50.lp
Survey (6),2075,"survey:2075:ext_indep(1,5,s0y2)",5955392,66238808,66921951,683143,0.11470999725962623,False,0.6399410357698798,False,True,"baseline=contestability_solve_evidence.jsonl#baseline:survey:2075; forced=contestability_solve_evidence.jsonl#challenge:survey:2075:ext_indep(1,5,s0y2); status=OPTIMUM FOUND; model.optimality_proven=true",False,OPTIMUM FOUND,"ext_indep(1,5,s0y2)",30,results/paper_aaai2027/frozen/results/final_mcs_experiments_er_sf_alpha001_nowrong_noweight_50rep_chunked/wc_sweep_bnlearn_survey_alpha001_nowrong_noweight_seed2026_2075_20260715_155405/rep50/lps/wc_inc_mus_lex_bb_optN_r50.lp
Survey (6),2075,"survey:2075:ext_indep(1,5,s0)",5799922,66238808,68669293,2430485,0.41905477349522974,False,0.5100314319133759,False,True,"baseline=contestability_solve_evidence.jsonl#baseline:survey:2075; forced=contestability_solve_evidence.jsonl#challenge:survey:2075:ext_indep(1,5,s0); status=OPTIMUM FOUND; model.optimality_proven=true",False,OPTIMUM FOUND,"ext_indep(1,5,s0)",31,results/paper_aaai2027/frozen/results/final_mcs_experiments_er_sf_alpha001_nowrong_noweight_50rep_chunked/wc_sweep_bnlearn_survey_alpha001_nowrong_noweight_seed2026_2075_20260715_155405/rep50/lps/wc_inc_mus_lex_bb_optN_r50.lp
Survey (6),2075,"survey:2075:ext_indep(1,5,s3)",5714057,66238808,66527850,289042,0.05058437463959495,False,0.46675432845950127,False,True,"baseline=contestability_solve_evidence.jsonl#baseline:survey:2075; forced=contestability_solve_evidence.jsonl#challenge:survey:2075:ext_indep(1,5,s3); status=OPTIMUM FOUND; model.optimality_proven=true",False,OPTIMUM FOUND,"ext_indep(1,5,s3)",32,results/paper_aaai2027/frozen/results/final_mcs_experiments_er_sf_alpha001_nowrong_noweight_50rep_chunked/wc_sweep_bnlearn_survey_alpha001_nowrong_noweight_seed2026_2075_20260715_155405/rep50/lps/wc_inc_mus_lex_bb_optN_r50.lp
Survey (6),2075,"survey:2075:ext_indep(2,3,empty)",8317418,66238808,70539106,4300298,0.5170231915721922,False,0.48212504852563143,False,True,"baseline=contestability_solve_evidence.jsonl#baseline:survey:2075; forced=contestability_solve_evidence.jsonl#challenge:survey:2075:ext_indep(2,3,empty); status=OPTIMUM FOUND; model.optimality_proven=true",False,OPTIMUM FOUND,"ext_indep(2,3,empty)",33,results/paper_aaai2027/frozen/results/final_mcs_experiments_er_sf_alpha001_nowrong_noweight_50rep_chunked/wc_sweep_bnlearn_survey_alpha001_nowrong_noweight_seed2026_2075_20260715_155405/rep50/lps/wc_inc_mus_lex_bb_optN_r50.lp
Survey (6),2075,"survey:2075:ext_indep(2,3,s1y5)",7201315,66238808,66527850,289042,0.04013739157362232,False,0.6554157491773367,False,True,"baseline=contestability_solve_evidence.jsonl#baseline:survey:2075; forced=contestability_solve_evidence.jsonl#challenge:survey:2075:ext_indep(2,3,s1y5); status=OPTIMUM FOUND; model.optimality_proven=true",False,OPTIMUM FOUND,"ext_indep(2,3,s1y5)",34,results/paper_aaai2027/frozen/results/final_mcs_experiments_er_sf_alpha001_nowrong_noweight_50rep_chunked/wc_sweep_bnlearn_survey_alpha001_nowrong_noweight_seed2026_2075_20260715_155405/rep50/lps/wc_inc_mus_lex_bb_optN_r50.lp
Survey (6),2075,"survey:2075:ext_indep(2,3,s1)",7076271,66238808,75029756,8790948,1.2423136423124552,False,0.6027186764404178,False,True,"baseline=contestability_solve_evidence.jsonl#baseline:survey:2075; forced=contestability_solve_evidence.jsonl#challenge:survey:2075:ext_indep(2,3,s1); status=OPTIMUM FOUND; model.optimality_proven=true",False,OPTIMUM FOUND,"ext_indep(2,3,s1)",36,results/paper_aaai2027/frozen/results/final_mcs_experiments_er_sf_alpha001_nowrong_noweight_50rep_chunked/wc_sweep_bnlearn_survey_alpha001_nowrong_noweight_seed2026_2075_20260715_155405/rep50/lps/wc_inc_mus_lex_bb_optN_r50.lp
SF (5),2026,"sf5:2026:ext_indep(1,4,s0)",5443629,14223996,35722464,21498468,3.949289710963036,False,0.017036275938153267,False,True,"baseline=contestability_solve_evidence.jsonl#baseline:sf5:2026; forced=contestability_solve_evidence.jsonl#challenge:sf5:2026:ext_indep(1,4,s0); status=OPTIMUM FOUND; model.optimality_proven=true",False,OPTIMUM FOUND,"ext_indep(1,4,s0)",39,results/paper_aaai2027/frozen/results/final_mcs_experiments_er_sf_alpha001_nowrong_noweight_50rep_chunked/wc_sweep_sf5_2026_er_sf_alpha001_nowrong_noweight_seed2026_2075_20260715_123050/rep1/lps/wc_inc_mus_lex_bb_optN_r1.lp
SF (5),2026,"sf5:2026:ext_indep(1,4,s0y2y3)",8780367,14223996,25443627,11219631,1.2778088888539625,False,0.020480290055274963,False,True,"baseline=contestability_solve_evidence.jsonl#baseline:sf5:2026; forced=contestability_solve_evidence.jsonl#challenge:sf5:2026:ext_indep(1,4,s0y2y3); status=OPTIMUM FOUND; model.optimality_proven=true",False,OPTIMUM FOUND,"ext_indep(1,4,s0y2y3)",45,results/paper_aaai2027/frozen/results/final_mcs_experiments_er_sf_alpha001_nowrong_noweight_50rep_chunked/wc_sweep_sf5_2026_er_sf_alpha001_nowrong_noweight_seed2026_2075_20260715_123050/rep1/lps/wc_inc_mus_lex_bb_optN_r1.lp
SF (5),2029,"sf5:2029:ext_dep(2,3,empty)",9999998,19997122,27591173,7594051,0.7594052518810503,False,0.01692497543990612,False,True,"baseline=contestability_solve_evidence.jsonl#baseline:sf5:2029; forced=contestability_solve_evidence.jsonl#challenge:sf5:2029:ext_dep(2,3,empty); status=OPTIMUM FOUND; model.optimality_proven=true",False,OPTIMUM FOUND,"ext_dep(2,3,empty)",29,results/paper_aaai2027/frozen/results/final_mcs_experiments_er_sf_alpha001_nowrong_noweight_50rep_chunked/wc_sweep_sf5_2026_er_sf_alpha001_nowrong_noweight_seed2026_2075_20260715_123050/rep4/lps/wc_inc_mus_lex_bb_optN_r4.lp
SF (5),2029,"sf5:2029:ext_dep(2,3,s1)",9997124,19997122,27591173,7594051,0.7596235677380815,False,0.016766573302447796,False,True,"baseline=contestability_solve_evidence.jsonl#baseline:sf5:2029; forced=contestability_solve_evidence.jsonl#challenge:sf5:2029:ext_dep(2,3,s1); status=OPTIMUM FOUND; model.optimality_proven=true",False,OPTIMUM FOUND,"ext_dep(2,3,s1)",30,results/paper_aaai2027/frozen/results/final_mcs_experiments_er_sf_alpha001_nowrong_noweight_50rep_chunked/wc_sweep_sf5_2026_er_sf_alpha001_nowrong_noweight_seed2026_2075_20260715_123050/rep4/lps/wc_inc_mus_lex_bb_optN_r4.lp
SF (5),2032,"sf5:2032:ext_indep(0,3,s4)",7564542,29690768,39999149,10308381,1.3627237445439526,False,0.018202489241957664,False,True,"baseline=contestability_solve_evidence.jsonl#baseline:sf5:2032; forced=contestability_solve_evidence.jsonl#challenge:sf5:2032:ext_indep(0,3,s4); status=OPTIMUM FOUND; model.optimality_proven=true",False,OPTIMUM FOUND,"ext_indep(0,3,s4)",9,results/paper_aaai2027/frozen/results/final_mcs_experiments_er_sf_alpha001_nowrong_noweight_50rep_chunked/wc_sweep_sf5_2026_er_sf_alpha001_nowrong_noweight_seed2026_2075_20260715_123050/rep7/lps/wc_inc_mus_lex_bb_optN_r7.lp
SF (5),2032,"sf5:2032:ext_indep(3,4,s0)",7157195,29690768,39999149,10308381,1.4402822614166584,False,0.019327312707901,False,True,"baseline=contestability_solve_evidence.jsonl#baseline:sf5:2032; forced=contestability_solve_evidence.jsonl#challenge:sf5:2032:ext_indep(3,4,s0); status=OPTIMUM FOUND; model.optimality_proven=true",False,OPTIMUM FOUND,"ext_indep(3,4,s0)",37,results/paper_aaai2027/frozen/results/final_mcs_experiments_er_sf_alpha001_nowrong_noweight_50rep_chunked/wc_sweep_sf5_2026_er_sf_alpha001_nowrong_noweight_seed2026_2075_20260715_123050/rep7/lps/wc_inc_mus_lex_bb_optN_r7.lp
SF (5),2032,"sf5:2032:ext_indep(3,4,s2)",7690585,29690768,39999149,10308381,1.3403897102756162,False,0.024713559076189995,False,True,"baseline=contestability_solve_evidence.jsonl#baseline:sf5:2032; forced=contestability_solve_evidence.jsonl#challenge:sf5:2032:ext_indep(3,4,s2); status=OPTIMUM FOUND; model.optimality_proven=true",False,OPTIMUM FOUND,"ext_indep(3,4,s2)",39,results/paper_aaai2027/frozen/results/final_mcs_experiments_er_sf_alpha001_nowrong_noweight_50rep_chunked/wc_sweep_sf5_2026_er_sf_alpha001_nowrong_noweight_seed2026_2075_20260715_123050/rep7/lps/wc_inc_mus_lex_bb_optN_r7.lp
SF (5),2032,"sf5:2032:ext_indep(3,4,s0y2)",7278446,29690768,32412321,2721553,0.37391951523718114,False,0.017688549123704433,False,True,"baseline=contestability_solve_evidence.jsonl#baseline:sf5:2032; forced=contestability_solve_evidence.jsonl#challenge:sf5:2032:ext_indep(3,4,s0y2); status=OPTIMUM FOUND; model.optimality_proven=true",False,OPTIMUM FOUND,"ext_indep(3,4,s0y2)",41,results/paper_aaai2027/frozen/results/final_mcs_experiments_er_sf_alpha001_nowrong_noweight_50rep_chunked/wc_sweep_sf5_2026_er_sf_alpha001_nowrong_noweight_seed2026_2075_20260715_123050/rep7/lps/wc_inc_mus_lex_bb_optN_r7.lp
SF (5),2038,"sf5:2038:ext_indep(0,3,s1y4)",5063540,15063539,32099792,17036253,3.3644946025902827,False,0.018039163202047348,False,True,"baseline=contestability_solve_evidence.jsonl#baseline:sf5:2038; forced=contestability_solve_evidence.jsonl#challenge:sf5:2038:ext_indep(0,3,s1y4); status=OPTIMUM FOUND; model.optimality_proven=true",False,OPTIMUM FOUND,"ext_indep(0,3,s1y4)",12,results/paper_aaai2027/frozen/results/final_mcs_experiments_er_sf_alpha001_nowrong_noweight_50rep_chunked/wc_sweep_sf5_2026_er_sf_alpha001_nowrong_noweight_seed2026_2075_20260715_123050/rep13/lps/wc_inc_mus_lex_bb_optN_r13.lp
SF (5),2038,"sf5:2038:ext_dep(1,3,s2)",9999999,15063539,17825151,2761612,0.2761612276161228,False,0.01492320653051138,False,True,"baseline=contestability_solve_evidence.jsonl#baseline:sf5:2038; forced=contestability_solve_evidence.jsonl#challenge:sf5:2038:ext_dep(1,3,s2); status=OPTIMUM FOUND; model.optimality_proven=true",False,OPTIMUM FOUND,"ext_dep(1,3,s2)",25,results/paper_aaai2027/frozen/results/final_mcs_experiments_er_sf_alpha001_nowrong_noweight_50rep_chunked/wc_sweep_sf5_2026_er_sf_alpha001_nowrong_noweight_seed2026_2075_20260715_123050/rep13/lps/wc_inc_mus_lex_bb_optN_r13.lp
SF (5),2039,"sf5:2039:ext_indep(1,2,s3)",5533977,10649144,18142153,7493009,1.3540007484671512,False,0.016733459196984768,False,True,"baseline=contestability_solve_evidence.jsonl#baseline:sf5:2039; forced=contestability_solve_evidence.jsonl#challenge:sf5:2039:ext_indep(1,2,s3); status=OPTIMUM FOUND; model.optimality_proven=true",False,OPTIMUM FOUND,"ext_indep(1,2,s3)",20,results/paper_aaai2027/frozen/results/final_mcs_experiments_er_sf_alpha001_nowrong_noweight_50rep_chunked/wc_sweep_sf5_2026_er_sf_alpha001_nowrong_noweight_seed2026_2075_20260715_123050/rep14/lps/wc_inc_mus_lex_bb_optN_r14.lp
SF (5),2039,"sf5:2039:ext_indep(1,2,s3y4)",5115167,10649144,11430874,781730,0.1528258999168551,False,0.01681408192962408,False,True,"baseline=contestability_solve_evidence.jsonl#baseline:sf5:2039; forced=contestability_solve_evidence.jsonl#challenge:sf5:2039:ext_indep(1,2,s3y4); status=OPTIMUM FOUND; model.optimality_proven=true",False,OPTIMUM FOUND,"ext_indep(1,2,s3y4)",23,results/paper_aaai2027/frozen/results/final_mcs_experiments_er_sf_alpha001_nowrong_noweight_50rep_chunked/wc_sweep_sf5_2026_er_sf_alpha001_nowrong_noweight_seed2026_2075_20260715_123050/rep14/lps/wc_inc_mus_lex_bb_optN_r14.lp
SF (5),2044,"sf5:2044:ext_indep(0,1,s2)",6337196,49140455,53299904,4159449,0.6563547979264015,False,0.0243979524821043,False,True,"baseline=contestability_solve_evidence.jsonl#baseline:sf5:2044; forced=contestability_solve_evidence.jsonl#challenge:sf5:2044:ext_indep(0,1,s2); status=OPTIMUM FOUND; model.optimality_proven=true",False,OPTIMUM FOUND,"ext_indep(0,1,s2)",1,results/paper_aaai2027/frozen/results/final_mcs_experiments_er_sf_alpha001_nowrong_noweight_50rep_chunked/wc_sweep_sf5_2026_er_sf_alpha001_nowrong_noweight_seed2026_2075_20260715_123050/rep19/lps/wc_inc_mus_lex_bb_optN_r19.lp
SF (5),2044,"sf5:2044:ext_indep(0,1,s4)",9453562,49140455,50184164,1043709,0.11040378219342085,False,0.02176527213305235,False,True,"baseline=contestability_solve_evidence.jsonl#baseline:sf5:2044; forced=contestability_solve_evidence.jsonl#challenge:sf5:2044:ext_indep(0,1,s4); status=OPTIMUM FOUND; model.optimality_proven=true",False,OPTIMUM FOUND,"ext_indep(0,1,s4)",3,results/paper_aaai2027/frozen/results/final_mcs_experiments_er_sf_alpha001_nowrong_noweight_50rep_chunked/wc_sweep_sf5_2026_er_sf_alpha001_nowrong_noweight_seed2026_2075_20260715_123050/rep19/lps/wc_inc_mus_lex_bb_optN_r19.lp
SF (5),2044,"sf5:2044:ext_indep(0,1,s2y3)",7402942,49140455,52234784,3094329,0.41798638973532415,False,0.033169872127473354,False,True,"baseline=contestability_solve_evidence.jsonl#baseline:sf5:2044; forced=contestability_solve_evidence.jsonl#challenge:sf5:2044:ext_indep(0,1,s2y3); status=OPTIMUM FOUND; model.optimality_proven=true",False,OPTIMUM FOUND,"ext_indep(0,1,s2y3)",4,results/paper_aaai2027/frozen/results/final_mcs_experiments_er_sf_alpha001_nowrong_noweight_50rep_chunked/wc_sweep_sf5_2026_er_sf_alpha001_nowrong_noweight_seed2026_2075_20260715_123050/rep19/lps/wc_inc_mus_lex_bb_optN_r19.lp
SF (5),2044,"sf5:2044:ext_indep(0,1,s2y4)",7760513,49140455,49637727,497272,0.06407720726709691,False,0.026470014825463295,False,True,"baseline=contestability_solve_evidence.jsonl#baseline:sf5:2044; forced=contestability_solve_evidence.jsonl#challenge:sf5:2044:ext_indep(0,1,s2y4); status=OPTIMUM FOUND; model.optimality_proven=true",False,OPTIMUM FOUND,"ext_indep(0,1,s2y4)",5,results/paper_aaai2027/frozen/results/final_mcs_experiments_er_sf_alpha001_nowrong_noweight_50rep_chunked/wc_sweep_sf5_2026_er_sf_alpha001_nowrong_noweight_seed2026_2075_20260715_123050/rep19/lps/wc_inc_mus_lex_bb_optN_r19.lp
SF (5),2044,"sf5:2044:ext_indep(0,1,s2y3y4)",7292754,49140455,49637727,497272,0.06818713479160274,False,0.034071180038154125,False,True,"baseline=contestability_solve_evidence.jsonl#baseline:sf5:2044; forced=contestability_solve_evidence.jsonl#challenge:sf5:2044:ext_indep(0,1,s2y3y4); status=OPTIMUM FOUND; model.optimality_proven=true",False,OPTIMUM FOUND,"ext_indep(0,1,s2y3y4)",7,results/paper_aaai2027/frozen/results/final_mcs_experiments_er_sf_alpha001_nowrong_noweight_50rep_chunked/wc_sweep_sf5_2026_er_sf_alpha001_nowrong_noweight_seed2026_2075_20260715_123050/rep19/lps/wc_inc_mus_lex_bb_optN_r19.lp
SF (5),2044,"sf5:2044:ext_indep(0,2,s1)",5811289,49140455,53967985,4827530,0.8307158704376947,False,0.02010610606521368,False,True,"baseline=contestability_solve_evidence.jsonl#baseline:sf5:2044; forced=contestability_solve_evidence.jsonl#challenge:sf5:2044:ext_indep(0,2,s1); status=OPTIMUM FOUND; model.optimality_proven=true",False,OPTIMUM FOUND,"ext_indep(0,2,s1)",8,results/paper_aaai2027/frozen/results/final_mcs_experiments_er_sf_alpha001_nowrong_noweight_50rep_chunked/wc_sweep_sf5_2026_er_sf_alpha001_nowrong_noweight_seed2026_2075_20260715_123050/rep19/lps/wc_inc_mus_lex_bb_optN_r19.lp
SF (5),2044,"sf5:2044:ext_indep(0,2,s1y3)",5082199,49140455,58026682,8886227,1.7485004030735514,False,0.019059310667216778,False,True,"baseline=contestability_solve_evidence.jsonl#baseline:sf5:2044; forced=contestability_solve_evidence.jsonl#challenge:sf5:2044:ext_indep(0,2,s1y3); status=OPTIMUM FOUND; model.optimality_proven=true",False,OPTIMUM FOUND,"ext_indep(0,2,s1y3)",11,results/paper_aaai2027/frozen/results/final_mcs_experiments_er_sf_alpha001_nowrong_noweight_50rep_chunked/wc_sweep_sf5_2026_er_sf_alpha001_nowrong_noweight_seed2026_2075_20260715_123050/rep19/lps/wc_inc_mus_lex_bb_optN_r19.lp
SF (5),2050,"sf5:2050:ext_indep(0,1,s2)",5207541,10296155,15710509,5414354,1.0397141376323298,False,0.016426273621618748,False,True,"baseline=contestability_solve_evidence.jsonl#baseline:sf5:2050; forced=contestability_solve_evidence.jsonl#challenge:sf5:2050:ext_indep(0,1,s2); status=OPTIMUM FOUND; model.optimality_proven=true",False,OPTIMUM FOUND,"ext_indep(0,1,s2)",1,results/paper_aaai2027/frozen/results/final_mcs_experiments_er_sf_alpha001_nowrong_noweight_50rep_chunked/wc_sweep_sf5_2026_er_sf_alpha001_nowrong_noweight_seed2026_2075_20260715_123050/rep25/lps/wc_inc_mus_lex_bb_optN_r25.lp
SF (5),2050,"sf5:2050:ext_indep(0,1,s3y4)",5088614,10296155,10381351,85196,0.016742476438574433,False,0.017086992971599102,False,True,"baseline=contestability_solve_evidence.jsonl#baseline:sf5:2050; forced=contestability_solve_evidence.jsonl#challenge:sf5:2050:ext_indep(0,1,s3y4); status=OPTIMUM FOUND; model.optimality_proven=true",False,OPTIMUM FOUND,"ext_indep(0,1,s3y4)",5,results/paper_aaai2027/frozen/results/final_mcs_experiments_er_sf_alpha001_nowrong_noweight_50rep_chunked/wc_sweep_sf5_2026_er_sf_alpha001_nowrong_noweight_seed2026_2075_20260715_123050/rep25/lps/wc_inc_mus_lex_bb_optN_r25.lp
SF (5),2073,"sf5:2073:ext_indep(1,4,s0y3)",5016054,18593312,22143957,3550645,0.7078562152640302,False,0.02187947928905487,False,True,"baseline=contestability_solve_evidence.jsonl#baseline:sf5:2073; forced=contestability_solve_evidence.jsonl#challenge:sf5:2073:ext_indep(1,4,s0y3); status=OPTIMUM FOUND; model.optimality_proven=true",False,OPTIMUM FOUND,"ext_indep(1,4,s0y3)",30,results/paper_aaai2027/frozen/results/final_mcs_experiments_er_sf_alpha001_nowrong_noweight_50rep_chunked/wc_sweep_sf5_2026_er_sf_alpha001_nowrong_noweight_seed2026_2075_20260715_123050/rep48/lps/wc_inc_mus_lex_bb_optN_r48.lp
SF (5),2073,"sf5:2073:ext_indep(1,4,s2y3)",6224988,18593312,20935023,2341711,0.3761791990603034,False,0.019526982679963112,False,True,"baseline=contestability_solve_evidence.jsonl#baseline:sf5:2073; forced=contestability_solve_evidence.jsonl#challenge:sf5:2073:ext_indep(1,4,s2y3); status=OPTIMUM FOUND; model.optimality_proven=true",False,OPTIMUM FOUND,"ext_indep(1,4,s2y3)",31,results/paper_aaai2027/frozen/results/final_mcs_experiments_er_sf_alpha001_nowrong_noweight_50rep_chunked/wc_sweep_sf5_2026_er_sf_alpha001_nowrong_noweight_seed2026_2075_20260715_123050/rep48/lps/wc_inc_mus_lex_bb_optN_r48.lp
SF (5),2073,"sf5:2073:ext_indep(1,4,s0y2y3)",7352270,18593312,20935023,2341711,0.31850176884145986,False,0.020760520361363888,False,True,"baseline=contestability_solve_evidence.jsonl#baseline:sf5:2073; forced=contestability_solve_evidence.jsonl#challenge:sf5:2073:ext_indep(1,4,s0y2y3); status=OPTIMUM FOUND; model.optimality_proven=true",False,OPTIMUM FOUND,"ext_indep(1,4,s0y2y3)",32,results/paper_aaai2027/frozen/results/final_mcs_experiments_er_sf_alpha001_nowrong_noweight_50rep_chunked/wc_sweep_sf5_2026_er_sf_alpha001_nowrong_noweight_seed2026_2075_20260715_123050/rep48/lps/wc_inc_mus_lex_bb_optN_r48.lp
