dataset,dataset_label,method,rep,rep_local,seed,cpdag_shd,cpdag_f1,dag_shd,dag_f1,cpdag_shd_avg,cpdag_shd_best,cpdag_shd_worst,cpdag_f1_avg,cpdag_f1_best,cpdag_f1_worst,dag_shd_avg,dag_shd_best,dag_shd_worst,dag_f1_avg,dag_f1_best,dag_f1_worst,n_cpdags_compat,n_dags_compat,adjacency_f1_avg,adjacency_f1_best,adjacency_f1_worst,arrowhead_f1_avg,arrowhead_f1_best,arrowhead_f1_worst,cpdag_adjacency_f1_avg,cpdag_adjacency_f1_best,cpdag_adjacency_f1_worst,cpdag_arrowhead_f1_avg,cpdag_arrowhead_f1_best,cpdag_arrowhead_f1_worst,true_cpdag_in_compat,true_dag_in_compat,time_sec,source
er5,ER (5),ABA-PC,1,1.0,2026.0,0.0,0.5,5.0,0.5,0.0,0.0,0.0,0.5,0.5,0.5,5.0,0.0,10.0,0.5,1.0,0.0,1.0,120.0,1.0,1.0,1.0,0.5,1.0,0.0,1.0,1.0,1.0,0.0,0.0,0.0,1.0,1.0,1.51590745896101,results/paper_aaai2027/frozen/results/final_mcs_experiments_er_sf_alpha001_nowrong_noweight_50rep_chunked/wc_sweep_5_2026_er_sf_alpha001_nowrong_noweight_seed2026_2075_20260715_122848/summary.json
er5,ER (5),ABA-PC,2,2.0,2027.0,4.622222222222222,0.48610444444444445,5.567796610169491,0.4642677079665298,4.622222222222222,0.0,8.0,0.48610444444444445,0.7368,0.2105,5.567796610169491,0.0,10.0,0.4642677079665298,1.0,0.0,45.0,472.0,0.9493507780751314,1.0,0.888888888888889,0.46426801466944195,1.0,0.0,0.9173489278752437,1.0,0.888888888888889,0.0,0.0,0.0,1.0,1.0,2.6255697258748114,results/paper_aaai2027/frozen/results/final_mcs_experiments_er_sf_alpha001_nowrong_noweight_50rep_chunked/wc_sweep_5_2026_er_sf_alpha001_nowrong_noweight_seed2026_2075_20260715_122848/summary.json
er5,ER (5),ABA-PC,3,3.0,2028.0,3.5555555555555554,0.41873333333333335,5.222222222222222,0.4883040932943513,3.5555555555555554,0.0,7.0,0.41873333333333335,0.5263,0.3158,5.222222222222222,0.0,10.0,0.4883040932943513,1.0,0.0,9.0,216.0,0.9766081871345029,1.0,0.9473684210526316,0.48830409356725146,1.0,0.0,0.9532163742690059,1.0,0.9473684210526316,0.0,0.0,0.0,1.0,1.0,1.8101176940836012,results/paper_aaai2027/frozen/results/final_mcs_experiments_er_sf_alpha001_nowrong_noweight_50rep_chunked/wc_sweep_5_2026_er_sf_alpha001_nowrong_noweight_seed2026_2075_20260715_122848/summary.json
er5,ER (5),ABA-PC,4,4.0,2029.0,4.746666666666667,0.7203866666666667,5.486567164179104,0.4757616172100846,4.746666666666667,0.0,8.0,0.7203866666666667,0.8889,0.5556,5.486567164179104,0.0,10.0,0.4757616172100846,1.0,0.0,75.0,670.0,0.9437025399319193,1.0,0.888888888888889,0.475761543161386,1.0,0.0,0.909083820662768,1.0,0.888888888888889,0.0,0.0,0.0,1.0,1.0,3.2951543871313334,results/paper_aaai2027/frozen/results/final_mcs_experiments_er_sf_alpha001_nowrong_noweight_50rep_chunked/wc_sweep_5_2026_er_sf_alpha001_nowrong_noweight_seed2026_2075_20260715_122848/summary.json
er5,ER (5),ABA-PC,5,5.0,2030.0,0.0,0.3,5.0,0.5,0.0,0.0,0.0,0.3,0.3,0.3,5.0,0.0,10.0,0.5,1.0,0.0,1.0,120.0,1.0,1.0,1.0,0.5,1.0,0.0,1.0,1.0,1.0,0.0,0.0,0.0,1.0,1.0,1.5270770979113877,results/paper_aaai2027/frozen/results/final_mcs_experiments_er_sf_alpha001_nowrong_noweight_50rep_chunked/wc_sweep_5_2026_er_sf_alpha001_nowrong_noweight_seed2026_2075_20260715_122848/summary.json
er5,ER (5),ABA-PC,6,6.0,2031.0,0.0,0.3,5.0,0.5,0.0,0.0,0.0,0.3,0.3,0.3,5.0,0.0,10.0,0.5,1.0,0.0,1.0,120.0,1.0,1.0,1.0,0.5,1.0,0.0,1.0,1.0,1.0,0.0,0.0,0.0,1.0,1.0,1.527676603756845,results/paper_aaai2027/frozen/results/final_mcs_experiments_er_sf_alpha001_nowrong_noweight_50rep_chunked/wc_sweep_5_2026_er_sf_alpha001_nowrong_noweight_seed2026_2075_20260715_122848/summary.json
er5,ER (5),ABA-PC,7,7.0,2032.0,0.0,0.6,5.0,0.5,0.0,0.0,0.0,0.6,0.6,0.6,5.0,0.0,10.0,0.5,1.0,0.0,1.0,120.0,1.0,1.0,1.0,0.5,1.0,0.0,1.0,1.0,1.0,0.0,0.0,0.0,1.0,1.0,1.5532463029958308,results/paper_aaai2027/frozen/results/final_mcs_experiments_er_sf_alpha001_nowrong_noweight_50rep_chunked/wc_sweep_5_2026_er_sf_alpha001_nowrong_noweight_seed2026_2075_20260715_122848/summary.json
er5,ER (5),ABA-PC,8,8.0,2033.0,3.5555555555555554,0.3251555555555556,5.222222222222222,0.4883040932943513,3.5555555555555554,0.0,7.0,0.3251555555555556,0.5263,0.1053,5.222222222222222,0.0,10.0,0.4883040932943513,1.0,0.0,9.0,216.0,0.9766081871345029,1.0,0.9473684210526316,0.48830409356725146,1.0,0.0,0.9532163742690059,1.0,0.9473684210526316,0.0,0.0,0.0,1.0,1.0,1.8227564208209515,results/paper_aaai2027/frozen/results/final_mcs_experiments_er_sf_alpha001_nowrong_noweight_50rep_chunked/wc_sweep_5_2026_er_sf_alpha001_nowrong_noweight_seed2026_2075_20260715_122848/summary.json
er5,ER (5),ABA-PC,9,9.0,2034.0,0.0,0.3,5.0,0.5,0.0,0.0,0.0,0.3,0.3,0.3,5.0,0.0,10.0,0.5,1.0,0.0,1.0,120.0,1.0,1.0,1.0,0.5,1.0,0.0,1.0,1.0,1.0,0.0,0.0,0.0,1.0,1.0,1.5406287796795368,results/paper_aaai2027/frozen/results/final_mcs_experiments_er_sf_alpha001_nowrong_noweight_50rep_chunked/wc_sweep_5_2026_er_sf_alpha001_nowrong_noweight_seed2026_2075_20260715_122848/summary.json
er5,ER (5),ABA-PC,10,10.0,2035.0,5.634020618556701,0.3043414438502674,6.113706478624945,0.4247267787714183,5.634020618556701,0.0,9.0,0.3043414438502674,0.5882,0.1053,6.113706478624945,0.0,10.0,0.4247267787714183,1.0,0.0,388.0,2269.0,0.9006581733154861,1.0,0.7499999999999999,0.4247268754331235,1.0,0.0,0.86438396121697,1.0,0.7499999999999999,0.0,0.0,0.0,1.0,1.0,8.680005487985909,results/paper_aaai2027/frozen/results/final_mcs_experiments_er_sf_alpha001_nowrong_noweight_50rep_chunked/wc_sweep_5_2026_er_sf_alpha001_nowrong_noweight_seed2026_2075_20260715_122848/summary.json
er5,ER (5),ABA-PC,11,11.0,2036.0,0.0,0.7,5.0,0.5,0.0,0.0,0.0,0.7,0.7,0.7,5.0,0.0,10.0,0.5,1.0,0.0,1.0,120.0,1.0,1.0,1.0,0.5,1.0,0.0,1.0,1.0,1.0,0.0,0.0,0.0,1.0,1.0,1.5326355658471584,results/paper_aaai2027/frozen/results/final_mcs_experiments_er_sf_alpha001_nowrong_noweight_50rep_chunked/wc_sweep_5_2026_er_sf_alpha001_nowrong_noweight_seed2026_2075_20260715_122848/summary.json
er5,ER (5),ABA-PC,12,12.0,2037.0,3.5555555555555554,0.41875555555555555,5.222222222222222,0.48830409329517155,3.5555555555555554,0.0,7.0,0.41875555555555555,0.4211,0.4,5.222222222222222,0.0,10.0,0.48830409329517155,1.0,0.0,9.0,216.0,0.9766081871345029,1.0,0.9473684210526316,0.48830409356725146,1.0,0.0,0.9532163742690059,1.0,0.9473684210526316,0.0,0.0,0.0,1.0,1.0,1.8422179771587253,results/paper_aaai2027/frozen/results/final_mcs_experiments_er_sf_alpha001_nowrong_noweight_50rep_chunked/wc_sweep_5_2026_er_sf_alpha001_nowrong_noweight_seed2026_2075_20260715_122848/summary.json
er5,ER (5),ABA-PC,13,13.0,2038.0,0.0,0.4,5.0,0.5,0.0,0.0,0.0,0.4,0.4,0.4,5.0,0.0,10.0,0.5,1.0,0.0,1.0,120.0,1.0,1.0,1.0,0.5,1.0,0.0,1.0,1.0,1.0,0.0,0.0,0.0,1.0,1.0,2.1779827256686985,results/paper_aaai2027/frozen/results/final_mcs_experiments_er_sf_alpha001_nowrong_noweight_50rep_chunked/wc_sweep_5_2026_er_sf_alpha001_nowrong_noweight_seed2026_2075_20260715_122848/summary.json
er5,ER (5),ABA-PC,14,14.0,2039.0,0.0,0.7,5.0,0.5,0.0,0.0,0.0,0.7,0.7,0.7,5.0,0.0,10.0,0.5,1.0,0.0,1.0,120.0,1.0,1.0,1.0,0.5,1.0,0.0,1.0,1.0,1.0,0.0,0.0,0.0,1.0,1.0,1.5261382381431758,results/paper_aaai2027/frozen/results/final_mcs_experiments_er_sf_alpha001_nowrong_noweight_50rep_chunked/wc_sweep_5_2026_er_sf_alpha001_nowrong_noweight_seed2026_2075_20260715_122848/summary.json
er5,ER (5),ABA-PC,15,15.0,2040.0,0.0,0.2,5.0,0.5,0.0,0.0,0.0,0.2,0.2,0.2,5.0,0.0,10.0,0.5,1.0,0.0,1.0,120.0,1.0,1.0,1.0,0.5,1.0,0.0,1.0,1.0,1.0,0.0,0.0,0.0,1.0,1.0,1.5423047780059278,results/paper_aaai2027/frozen/results/final_mcs_experiments_er_sf_alpha001_nowrong_noweight_50rep_chunked/wc_sweep_5_2026_er_sf_alpha001_nowrong_noweight_seed2026_2075_20260715_122848/summary.json
er5,ER (5),ABA-PC,16,16.0,2041.0,3.5555555555555554,0.5345222222222222,5.222222222222222,0.48830409329517155,3.5555555555555554,0.0,7.0,0.5345222222222222,0.8421,0.2105,5.222222222222222,0.0,10.0,0.48830409329517155,1.0,0.0,9.0,216.0,0.9766081871345029,1.0,0.9473684210526316,0.48830409356725146,1.0,0.0,0.9532163742690059,1.0,0.9473684210526316,0.0,0.0,0.0,1.0,1.0,1.9064457952044904,results/paper_aaai2027/frozen/results/final_mcs_experiments_er_sf_alpha001_nowrong_noweight_50rep_chunked/wc_sweep_5_2026_er_sf_alpha001_nowrong_noweight_seed2026_2075_20260715_122848/summary.json
er5,ER (5),ABA-PC,17,17.0,2042.0,0.0,0.8,5.0,0.5,0.0,0.0,0.0,0.8,0.8,0.8,5.0,0.0,10.0,0.5,1.0,0.0,1.0,120.0,1.0,1.0,1.0,0.5,1.0,0.0,1.0,1.0,1.0,0.0,0.0,0.0,1.0,1.0,1.5412739827297628,results/paper_aaai2027/frozen/results/final_mcs_experiments_er_sf_alpha001_nowrong_noweight_50rep_chunked/wc_sweep_5_2026_er_sf_alpha001_nowrong_noweight_seed2026_2075_20260715_122848/summary.json
er5,ER (5),ABA-PC,18,18.0,2043.0,3.5555555555555554,0.5924,5.222222222222222,0.4883040932943513,3.5555555555555554,0.0,7.0,0.5924,0.7368,0.4211,5.222222222222222,0.0,10.0,0.4883040932943513,1.0,0.0,9.0,216.0,0.9766081871345029,1.0,0.9473684210526316,0.48830409356725146,1.0,0.0,0.9532163742690059,1.0,0.9473684210526316,0.0,0.0,0.0,1.0,1.0,1.8201625910587609,results/paper_aaai2027/frozen/results/final_mcs_experiments_er_sf_alpha001_nowrong_noweight_50rep_chunked/wc_sweep_5_2026_er_sf_alpha001_nowrong_noweight_seed2026_2075_20260715_122848/summary.json
er5,ER (5),ABA-PC,19,19.0,2044.0,0.0,0.6,5.0,0.5,0.0,0.0,0.0,0.6,0.6,0.6,5.0,0.0,10.0,0.5,1.0,0.0,1.0,120.0,1.0,1.0,1.0,0.5,1.0,0.0,1.0,1.0,1.0,0.0,0.0,0.0,1.0,1.0,1.4208873487077653,results/paper_aaai2027/frozen/results/final_mcs_experiments_er_sf_alpha001_nowrong_noweight_50rep_chunked/wc_sweep_5_2026_er_sf_alpha001_nowrong_noweight_seed2026_2075_20260715_122848/summary.json
er5,ER (5),ABA-PC,20,20.0,2045.0,3.5555555555555554,0.44093333333333334,5.222222222222222,0.48830409329517155,3.5555555555555554,0.0,7.0,0.44093333333333334,0.7368,0.1053,5.222222222222222,0.0,10.0,0.48830409329517155,1.0,0.0,9.0,216.0,0.9766081871345029,1.0,0.9473684210526316,0.48830409356725146,1.0,0.0,0.9532163742690059,1.0,0.9473684210526316,0.0,0.0,0.0,1.0,1.0,1.3975181886926293,results/paper_aaai2027/frozen/results/final_mcs_experiments_er_sf_alpha001_nowrong_noweight_50rep_chunked/wc_sweep_5_2026_er_sf_alpha001_nowrong_noweight_seed2026_2075_20260715_122848/summary.json
er5,ER (5),ABA-PC,21,21.0,2046.0,3.5555555555555554,0.5590666666666667,5.222222222222222,0.4883040932854476,3.5555555555555554,0.0,7.0,0.5590666666666667,0.7368,0.4,5.222222222222222,0.0,10.0,0.4883040932854476,1.0,0.0,9.0,216.0,0.9766081871345029,1.0,0.9473684210526316,0.48830409356725146,1.0,0.0,0.9532163742690059,1.0,0.9473684210526316,0.0,0.0,0.0,1.0,1.0,1.376082577276975,results/paper_aaai2027/frozen/results/final_mcs_experiments_er_sf_alpha001_nowrong_noweight_50rep_chunked/wc_sweep_5_2026_er_sf_alpha001_nowrong_noweight_seed2026_2075_20260715_122848/summary.json
er5,ER (5),ABA-PC,22,22.0,2047.0,3.5555555555555554,0.45439999999999997,5.222222222222222,0.4883040932854476,3.5555555555555554,0.0,7.0,0.45439999999999997,0.6316,0.3,5.222222222222222,0.0,10.0,0.4883040932854476,1.0,0.0,9.0,216.0,0.9766081871345029,1.0,0.9473684210526316,0.48830409356725146,1.0,0.0,0.9532163742690059,1.0,0.9473684210526316,0.0,0.0,0.0,1.0,1.0,1.46870905905962,results/paper_aaai2027/frozen/results/final_mcs_experiments_er_sf_alpha001_nowrong_noweight_50rep_chunked/wc_sweep_5_2026_er_sf_alpha001_nowrong_noweight_seed2026_2075_20260715_122848/summary.json
er5,ER (5),ABA-PC,23,23.0,2048.0,3.5555555555555554,0.44093333333333334,5.222222222222222,0.48830409329517155,3.5555555555555554,0.0,7.0,0.44093333333333334,0.7368,0.1053,5.222222222222222,0.0,10.0,0.48830409329517155,1.0,0.0,9.0,216.0,0.9766081871345029,1.0,0.9473684210526316,0.48830409356725146,1.0,0.0,0.9532163742690059,1.0,0.9473684210526316,0.0,0.0,0.0,1.0,1.0,1.3853408130817115,results/paper_aaai2027/frozen/results/final_mcs_experiments_er_sf_alpha001_nowrong_noweight_50rep_chunked/wc_sweep_5_2026_er_sf_alpha001_nowrong_noweight_seed2026_2075_20260715_122848/summary.json
er5,ER (5),ABA-PC,24,24.0,2049.0,4.622222222222222,0.42004444444444444,5.52542372881356,0.46885199309446324,4.622222222222222,0.0,8.0,0.42004444444444444,0.6667,0.2,5.52542372881356,0.0,10.0,0.46885199309446324,1.0,0.0,45.0,472.0,0.9493507780751314,1.0,0.888888888888889,0.46885221528397264,1.0,0.0,0.9173489278752437,1.0,0.888888888888889,0.0,0.0,0.0,1.0,1.0,2.005560041870922,results/paper_aaai2027/frozen/results/final_mcs_experiments_er_sf_alpha001_nowrong_noweight_50rep_chunked/wc_sweep_5_2026_er_sf_alpha001_nowrong_noweight_seed2026_2075_20260715_122848/summary.json
er5,ER (5),ABA-PC,25,25.0,2050.0,4.746666666666667,0.396732,5.486567164179104,0.47576155023094846,4.746666666666667,0.0,8.0,0.396732,0.6667,0.2,5.486567164179104,0.0,10.0,0.47576155023094846,1.0,0.0,75.0,670.0,0.9437025399319193,1.0,0.888888888888889,0.475761543161386,1.0,0.0,0.909083820662768,1.0,0.888888888888889,0.0,0.0,0.0,1.0,1.0,2.388979676645249,results/paper_aaai2027/frozen/results/final_mcs_experiments_er_sf_alpha001_nowrong_noweight_50rep_chunked/wc_sweep_5_2026_er_sf_alpha001_nowrong_noweight_seed2026_2075_20260715_122848/summary.json
er5,ER (5),ABA-PC,26,26.0,2051.0,4.613636363636363,0.27659459459459457,5.57725321888412,0.46324276923546626,4.613636363636363,0.0,8.0,0.27659459459459457,0.5556,0.1,5.57725321888412,0.0,10.0,0.46324276923546626,1.0,0.0,44.0,466.0,0.9493763019852923,1.0,0.888888888888889,0.4632432296764802,1.0,0.0,0.9166666666666667,1.0,0.888888888888889,0.0,0.0,0.0,1.0,1.0,2.018098542932421,results/paper_aaai2027/frozen/results/final_mcs_experiments_er_sf_alpha001_nowrong_noweight_50rep_chunked/wc_sweep_5_2026_er_sf_alpha001_nowrong_noweight_seed2026_2075_20260715_122848/summary.json
er5,ER (5),ABA-PC,27,27.0,2052.0,0.0,0.4,5.0,0.5,0.0,0.0,0.0,0.4,0.4,0.4,5.0,0.0,10.0,0.5,1.0,0.0,1.0,120.0,1.0,1.0,1.0,0.5,1.0,0.0,1.0,1.0,1.0,0.0,0.0,0.0,1.0,1.0,1.1923346291296184,results/paper_aaai2027/frozen/results/final_mcs_experiments_er_sf_alpha001_nowrong_noweight_50rep_chunked/wc_sweep_5_2026_er_sf_alpha001_nowrong_noweight_seed2026_2075_20260715_122848/summary.json
er5,ER (5),ABA-PC,28,28.0,2053.0,3.5555555555555554,0.30293333333333333,5.222222222222222,0.4883040932854476,3.5555555555555554,0.0,7.0,0.30293333333333333,0.4211,0.2,5.222222222222222,0.0,10.0,0.4883040932854476,1.0,0.0,9.0,216.0,0.9766081871345029,1.0,0.9473684210526316,0.48830409356725146,1.0,0.0,0.9532163742690059,1.0,0.9473684210526316,0.0,0.0,0.0,1.0,1.0,1.3927254527807236,results/paper_aaai2027/frozen/results/final_mcs_experiments_er_sf_alpha001_nowrong_noweight_50rep_chunked/wc_sweep_5_2026_er_sf_alpha001_nowrong_noweight_seed2026_2075_20260715_122848/summary.json
er5,ER (5),ABA-PC,29,29.0,2054.0,3.5555555555555554,0.4298666666666666,5.222222222222222,0.4883040932943513,3.5555555555555554,0.0,7.0,0.4298666666666666,0.5,0.4211,5.222222222222222,0.0,10.0,0.4883040932943513,1.0,0.0,9.0,216.0,0.9766081871345029,1.0,0.9473684210526316,0.48830409356725146,1.0,0.0,0.9532163742690059,1.0,0.9473684210526316,0.0,0.0,0.0,1.0,1.0,1.4056366719305515,results/paper_aaai2027/frozen/results/final_mcs_experiments_er_sf_alpha001_nowrong_noweight_50rep_chunked/wc_sweep_5_2026_er_sf_alpha001_nowrong_noweight_seed2026_2075_20260715_122848/summary.json
er5,ER (5),ABA-PC,30,30.0,2055.0,7.0,0.8235,4.5,0.6470539789965337,7.0,7.0,7.0,0.8235,0.8235,0.8235,4.5,4.0,5.0,0.6470539789965337,0.705867819641754,0.5882401383513135,1.0,4.0,0.8235294117647058,0.8235294117647058,0.8235294117647058,0.6470588235294117,0.7058823529411764,0.588235294117647,0.8235294117647058,0.8235294117647058,0.8235294117647058,0.0,0.0,0.0,0.0,0.0,0.9419035450555384,results/paper_aaai2027/frozen/results/final_mcs_experiments_er_sf_alpha001_nowrong_noweight_50rep_chunked/wc_sweep_5_2026_er_sf_alpha001_nowrong_noweight_seed2026_2075_20260715_122848/summary.json
er5,ER (5),ABA-PC,31,31.0,2056.0,4.622222222222222,0.6581888888888889,5.330508474576271,0.4896673545402952,4.622222222222222,0.0,8.0,0.6581888888888889,0.7778,0.4444,5.330508474576271,0.0,10.0,0.4896673545402952,1.0,0.0,45.0,472.0,0.9493507780751314,1.0,0.888888888888889,0.48966696402022003,1.0,0.0,0.9173489278752437,1.0,0.888888888888889,0.0,0.0,0.0,1.0,1.0,2.029302124865353,results/paper_aaai2027/frozen/results/final_mcs_experiments_er_sf_alpha001_nowrong_noweight_50rep_chunked/wc_sweep_5_2026_er_sf_alpha001_nowrong_noweight_seed2026_2075_20260715_122848/summary.json
er5,ER (5),ABA-PC,32,32.0,2057.0,4.622222222222222,0.8202511111111112,5.444915254237288,0.4774507413463056,4.622222222222222,0.0,8.0,0.8202511111111112,0.9474,0.6316,5.444915254237288,0.0,10.0,0.4774507413463056,1.0,0.0,45.0,472.0,0.9493507780751314,1.0,0.888888888888889,0.4774506888690653,1.0,0.0,0.9173489278752437,1.0,0.888888888888889,0.0,0.0,0.0,1.0,1.0,2.014251431915909,results/paper_aaai2027/frozen/results/final_mcs_experiments_er_sf_alpha001_nowrong_noweight_50rep_chunked/wc_sweep_5_2026_er_sf_alpha001_nowrong_noweight_seed2026_2075_20260715_122848/summary.json
er5,ER (5),ABA-PC,33,33.0,2058.0,3.5555555555555554,0.5233777777777777,5.222222222222222,0.4883040932943513,3.5555555555555554,0.0,7.0,0.5233777777777777,0.5263,0.5,5.222222222222222,0.0,10.0,0.4883040932943513,1.0,0.0,9.0,216.0,0.9766081871345029,1.0,0.9473684210526316,0.48830409356725146,1.0,0.0,0.9532163742690059,1.0,0.9473684210526316,0.0,0.0,0.0,1.0,1.0,1.4065185878425837,results/paper_aaai2027/frozen/results/final_mcs_experiments_er_sf_alpha001_nowrong_noweight_50rep_chunked/wc_sweep_5_2026_er_sf_alpha001_nowrong_noweight_seed2026_2075_20260715_122848/summary.json
er5,ER (5),ABA-PC,34,34.0,2059.0,3.5555555555555554,0.8263111111111111,5.222222222222222,0.4883040932854476,3.5555555555555554,0.0,7.0,0.8263111111111111,0.9474,0.7,5.222222222222222,0.0,10.0,0.4883040932854476,1.0,0.0,9.0,216.0,0.9766081871345029,1.0,0.9473684210526316,0.48830409356725146,1.0,0.0,0.9532163742690059,1.0,0.9473684210526316,0.0,0.0,0.0,1.0,1.0,1.4369159829802811,results/paper_aaai2027/frozen/results/final_mcs_experiments_er_sf_alpha001_nowrong_noweight_50rep_chunked/wc_sweep_5_2026_er_sf_alpha001_nowrong_noweight_seed2026_2075_20260715_122848/summary.json
er5,ER (5),ABA-PC,35,35.0,2060.0,0.0,0.5,5.0,0.5,0.0,0.0,0.0,0.5,0.5,0.5,5.0,0.0,10.0,0.5,1.0,0.0,1.0,120.0,1.0,1.0,1.0,0.5,1.0,0.0,1.0,1.0,1.0,0.0,0.0,0.0,1.0,1.0,1.2046067737974226,results/paper_aaai2027/frozen/results/final_mcs_experiments_er_sf_alpha001_nowrong_noweight_50rep_chunked/wc_sweep_5_2026_er_sf_alpha001_nowrong_noweight_seed2026_2075_20260715_122848/summary.json
er5,ER (5),ABA-PC,36,36.0,2061.0,3.5555555555555554,0.34971111111111114,5.222222222222222,0.4883040932854476,3.5555555555555554,0.0,7.0,0.34971111111111114,0.5263,0.2,5.222222222222222,0.0,10.0,0.4883040932854476,1.0,0.0,9.0,216.0,0.9766081871345029,1.0,0.9473684210526316,0.48830409356725146,1.0,0.0,0.9532163742690059,1.0,0.9473684210526316,0.0,0.0,0.0,1.0,1.0,1.4506634520366788,results/paper_aaai2027/frozen/results/final_mcs_experiments_er_sf_alpha001_nowrong_noweight_50rep_chunked/wc_sweep_5_2026_er_sf_alpha001_nowrong_noweight_seed2026_2075_20260715_122848/summary.json
er5,ER (5),ABA-PC,37,37.0,2062.0,3.5555555555555554,0.30293333333333333,5.222222222222222,0.4883040932943513,3.5555555555555554,0.0,7.0,0.30293333333333333,0.5263,0.1053,5.222222222222222,0.0,10.0,0.4883040932943513,1.0,0.0,9.0,216.0,0.9766081871345029,1.0,0.9473684210526316,0.48830409356725146,1.0,0.0,0.9532163742690059,1.0,0.9473684210526316,0.0,0.0,0.0,1.0,1.0,1.4051518272608519,results/paper_aaai2027/frozen/results/final_mcs_experiments_er_sf_alpha001_nowrong_noweight_50rep_chunked/wc_sweep_5_2026_er_sf_alpha001_nowrong_noweight_seed2026_2075_20260715_122848/summary.json
er5,ER (5),ABA-PC,38,38.0,2063.0,4.622222222222222,0.5171777777777777,5.3474576271186445,0.48785842206609403,4.622222222222222,0.0,8.0,0.5171777777777777,0.6667,0.3158,5.3474576271186445,0.0,10.0,0.48785842206609403,1.0,0.0,45.0,472.0,0.9493507780751314,1.0,0.888888888888889,0.48785806323718905,1.0,0.0,0.9173489278752437,1.0,0.888888888888889,0.0,0.0,0.0,1.0,1.0,1.9910647380165756,results/paper_aaai2027/frozen/results/final_mcs_experiments_er_sf_alpha001_nowrong_noweight_50rep_chunked/wc_sweep_5_2026_er_sf_alpha001_nowrong_noweight_seed2026_2075_20260715_122848/summary.json
er5,ER (5),ABA-PC,39,39.0,2064.0,0.0,0.3,5.0,0.5,0.0,0.0,0.0,0.3,0.3,0.3,5.0,0.0,10.0,0.5,1.0,0.0,1.0,120.0,1.0,1.0,1.0,0.5,1.0,0.0,1.0,1.0,1.0,0.0,0.0,0.0,1.0,1.0,1.1927244798280299,results/paper_aaai2027/frozen/results/final_mcs_experiments_er_sf_alpha001_nowrong_noweight_50rep_chunked/wc_sweep_5_2026_er_sf_alpha001_nowrong_noweight_seed2026_2075_20260715_122848/summary.json
er5,ER (5),ABA-PC,40,40.0,2065.0,4.746666666666667,0.33013733333333334,5.486567164179104,0.4757616172100846,4.746666666666667,0.0,8.0,0.33013733333333334,0.7778,0.1,5.486567164179104,0.0,10.0,0.4757616172100846,1.0,0.0,75.0,670.0,0.9437025399319193,1.0,0.888888888888889,0.475761543161386,1.0,0.0,0.909083820662768,1.0,0.888888888888889,0.0,0.0,0.0,1.0,1.0,2.523674016818404,results/paper_aaai2027/frozen/results/final_mcs_experiments_er_sf_alpha001_nowrong_noweight_50rep_chunked/wc_sweep_5_2026_er_sf_alpha001_nowrong_noweight_seed2026_2075_20260715_122848/summary.json
er5,ER (5),ABA-PC,41,41.0,2066.0,4.622222222222222,0.3184794871794872,5.427966101694915,0.4792597688975197,4.622222222222222,0.0,8.0,0.3184794871794872,0.6316,0.1053,5.427966101694915,0.0,10.0,0.4792597688975197,1.0,0.0,45.0,472.0,0.9493507780751314,1.0,0.888888888888889,0.47925958965209636,1.0,0.0,0.9173489278752437,1.0,0.888888888888889,0.0,0.0,0.0,1.0,1.0,2.0462661078199744,results/paper_aaai2027/frozen/results/final_mcs_experiments_er_sf_alpha001_nowrong_noweight_50rep_chunked/wc_sweep_5_2026_er_sf_alpha001_nowrong_noweight_seed2026_2075_20260715_122848/summary.json
er5,ER (5),ABA-PC,42,42.0,2067.0,0.0,0.5,5.0,0.5,0.0,0.0,0.0,0.5,0.5,0.5,5.0,0.0,10.0,0.5,1.0,0.0,1.0,120.0,1.0,1.0,1.0,0.5,1.0,0.0,1.0,1.0,1.0,0.0,0.0,0.0,1.0,1.0,1.2027010400779545,results/paper_aaai2027/frozen/results/final_mcs_experiments_er_sf_alpha001_nowrong_noweight_50rep_chunked/wc_sweep_5_2026_er_sf_alpha001_nowrong_noweight_seed2026_2075_20260715_122848/summary.json
er5,ER (5),ABA-PC,43,43.0,2068.0,4.622222222222222,0.67964,5.3474576271186445,0.48785842206609403,4.622222222222222,0.0,8.0,0.67964,0.8421,0.5556,5.3474576271186445,0.0,10.0,0.48785842206609403,1.0,0.0,45.0,472.0,0.9493507780751314,1.0,0.888888888888889,0.48785806323718905,1.0,0.0,0.9173489278752437,1.0,0.888888888888889,0.0,0.0,0.0,1.0,1.0,1.9832050851546228,results/paper_aaai2027/frozen/results/final_mcs_experiments_er_sf_alpha001_nowrong_noweight_50rep_chunked/wc_sweep_5_2026_er_sf_alpha001_nowrong_noweight_seed2026_2075_20260715_122848/summary.json
er5,ER (5),ABA-PC,44,44.0,2069.0,4.75,0.410825,6.133333333333334,0.41988071369145874,4.75,4.0,6.0,0.410825,0.5556,0.2222,6.133333333333334,5.0,7.0,0.41988071369145874,0.5263357332322849,0.3157745144481289,4.0,15.0,0.912280701754386,0.9473684210526316,0.888888888888889,0.41988304093567247,0.5263157894736842,0.3157894736842105,0.9035087719298246,0.9473684210526316,0.888888888888889,0.0,0.0,0.0,0.0,0.0,0.9848492271266878,results/paper_aaai2027/frozen/results/final_mcs_experiments_er_sf_alpha001_nowrong_noweight_50rep_chunked/wc_sweep_5_2026_er_sf_alpha001_nowrong_noweight_seed2026_2075_20260715_122848/summary.json
er5,ER (5),ABA-PC,45,45.0,2070.0,3.5555555555555554,0.5345111111111112,5.222222222222222,0.4883040932854476,3.5555555555555554,0.0,7.0,0.5345111111111112,0.7368,0.3158,5.222222222222222,0.0,10.0,0.4883040932854476,1.0,0.0,9.0,216.0,0.9766081871345029,1.0,0.9473684210526316,0.48830409356725146,1.0,0.0,0.9532163742690059,1.0,0.9473684210526316,0.0,0.0,0.0,1.0,1.0,1.3893806859850883,results/paper_aaai2027/frozen/results/final_mcs_experiments_er_sf_alpha001_nowrong_noweight_50rep_chunked/wc_sweep_5_2026_er_sf_alpha001_nowrong_noweight_seed2026_2075_20260715_122848/summary.json
er5,ER (5),ABA-PC,46,46.0,2071.0,3.5555555555555554,0.5234111111111112,5.222222222222222,0.48830409329517155,3.5555555555555554,0.0,7.0,0.5234111111111112,0.8421,0.2105,5.222222222222222,0.0,10.0,0.48830409329517155,1.0,0.0,9.0,216.0,0.9766081871345029,1.0,0.9473684210526316,0.48830409356725146,1.0,0.0,0.9532163742690059,1.0,0.9473684210526316,0.0,0.0,0.0,1.0,1.0,1.4239895567297935,results/paper_aaai2027/frozen/results/final_mcs_experiments_er_sf_alpha001_nowrong_noweight_50rep_chunked/wc_sweep_5_2026_er_sf_alpha001_nowrong_noweight_seed2026_2075_20260715_122848/summary.json
er5,ER (5),ABA-PC,47,47.0,2072.0,3.5555555555555554,0.5701777777777779,5.222222222222222,0.48830409329517155,3.5555555555555554,0.0,7.0,0.5701777777777779,0.6316,0.5,5.222222222222222,0.0,10.0,0.48830409329517155,1.0,0.0,9.0,216.0,0.9766081871345029,1.0,0.9473684210526316,0.48830409356725146,1.0,0.0,0.9532163742690059,1.0,0.9473684210526316,0.0,0.0,0.0,1.0,1.0,2.018311425112188,results/paper_aaai2027/frozen/results/final_mcs_experiments_er_sf_alpha001_nowrong_noweight_50rep_chunked/wc_sweep_5_2026_er_sf_alpha001_nowrong_noweight_seed2026_2075_20260715_122848/summary.json
er5,ER (5),ABA-PC,48,48.0,2073.0,3.5555555555555554,0.4076222222222222,5.222222222222222,0.4883040932854476,3.5555555555555554,0.0,7.0,0.4076222222222222,0.5263,0.3,5.222222222222222,0.0,10.0,0.4883040932854476,1.0,0.0,9.0,216.0,0.9766081871345029,1.0,0.9473684210526316,0.48830409356725146,1.0,0.0,0.9532163742690059,1.0,0.9473684210526316,0.0,0.0,0.0,1.0,1.0,1.382202795241028,results/paper_aaai2027/frozen/results/final_mcs_experiments_er_sf_alpha001_nowrong_noweight_50rep_chunked/wc_sweep_5_2026_er_sf_alpha001_nowrong_noweight_seed2026_2075_20260715_122848/summary.json
er5,ER (5),ABA-PC,49,49.0,2074.0,3.5555555555555554,0.7438666666666667,5.222222222222222,0.4883040932943513,3.5555555555555554,0.0,7.0,0.7438666666666667,0.8421,0.6316,5.222222222222222,0.0,10.0,0.4883040932943513,1.0,0.0,9.0,216.0,0.9766081871345029,1.0,0.9473684210526316,0.48830409356725146,1.0,0.0,0.9532163742690059,1.0,0.9473684210526316,0.0,0.0,0.0,1.0,1.0,1.380397466942668,results/paper_aaai2027/frozen/results/final_mcs_experiments_er_sf_alpha001_nowrong_noweight_50rep_chunked/wc_sweep_5_2026_er_sf_alpha001_nowrong_noweight_seed2026_2075_20260715_122848/summary.json
er5,ER (5),ABA-PC,50,50.0,2075.0,3.5555555555555554,0.42982222222222227,5.222222222222222,0.48830409329517155,3.5555555555555554,0.0,7.0,0.42982222222222227,0.7368,0.1053,5.222222222222222,0.0,10.0,0.48830409329517155,1.0,0.0,9.0,216.0,0.9766081871345029,1.0,0.9473684210526316,0.48830409356725146,1.0,0.0,0.9532163742690059,1.0,0.9473684210526316,0.0,0.0,0.0,1.0,1.0,1.389991810079664,results/paper_aaai2027/frozen/results/final_mcs_experiments_er_sf_alpha001_nowrong_noweight_50rep_chunked/wc_sweep_5_2026_er_sf_alpha001_nowrong_noweight_seed2026_2075_20260715_122848/summary.json
er5,ER (5),OptABA-PC,1,1.0,2026.0,0.0,0.5,5.0,0.5,0.0,0.0,0.0,0.5,0.5,0.5,5.0,0.0,10.0,0.5,1.0,0.0,1.0,120.0,1.0,1.0,1.0,0.5,1.0,0.0,1.0,1.0,1.0,0.0,0.0,0.0,1.0,1.0,1.4334253249689937,results/paper_aaai2027/frozen/results/final_mcs_experiments_er_sf_alpha001_nowrong_noweight_50rep_chunked/wc_sweep_5_2026_er_sf_alpha001_nowrong_noweight_seed2026_2075_20260715_122848/summary.json
er5,ER (5),OptABA-PC,2,2.0,2027.0,4.622222222222222,0.48610444444444445,5.567796610169491,0.4642677079665298,4.622222222222222,0.0,8.0,0.48610444444444445,0.7368,0.2105,5.567796610169491,0.0,10.0,0.4642677079665298,1.0,0.0,45.0,472.0,0.9493507780751314,1.0,0.888888888888889,0.46426801466944195,1.0,0.0,0.9173489278752437,1.0,0.888888888888889,0.0,0.0,0.0,1.0,1.0,2.5457360204309225,results/paper_aaai2027/frozen/results/final_mcs_experiments_er_sf_alpha001_nowrong_noweight_50rep_chunked/wc_sweep_5_2026_er_sf_alpha001_nowrong_noweight_seed2026_2075_20260715_122848/summary.json
er5,ER (5),OptABA-PC,3,3.0,2028.0,3.5555555555555554,0.41873333333333335,5.222222222222222,0.4883040932943513,3.5555555555555554,0.0,7.0,0.41873333333333335,0.5263,0.3158,5.222222222222222,0.0,10.0,0.4883040932943513,1.0,0.0,9.0,216.0,0.9766081871345029,1.0,0.9473684210526316,0.48830409356725146,1.0,0.0,0.9532163742690059,1.0,0.9473684210526316,0.0,0.0,0.0,1.0,1.0,1.7332674735225737,results/paper_aaai2027/frozen/results/final_mcs_experiments_er_sf_alpha001_nowrong_noweight_50rep_chunked/wc_sweep_5_2026_er_sf_alpha001_nowrong_noweight_seed2026_2075_20260715_122848/summary.json
er5,ER (5),OptABA-PC,4,4.0,2029.0,4.746666666666667,0.7203866666666667,5.486567164179104,0.4757616172100846,4.746666666666667,0.0,8.0,0.7203866666666667,0.8889,0.5556,5.486567164179104,0.0,10.0,0.4757616172100846,1.0,0.0,75.0,670.0,0.9437025399319193,1.0,0.888888888888889,0.475761543161386,1.0,0.0,0.909083820662768,1.0,0.888888888888889,0.0,0.0,0.0,1.0,1.0,3.222542565781623,results/paper_aaai2027/frozen/results/final_mcs_experiments_er_sf_alpha001_nowrong_noweight_50rep_chunked/wc_sweep_5_2026_er_sf_alpha001_nowrong_noweight_seed2026_2075_20260715_122848/summary.json
er5,ER (5),OptABA-PC,5,5.0,2030.0,0.0,0.3,5.0,0.5,0.0,0.0,0.0,0.3,0.3,0.3,5.0,0.0,10.0,0.5,1.0,0.0,1.0,120.0,1.0,1.0,1.0,0.5,1.0,0.0,1.0,1.0,1.0,0.0,0.0,0.0,1.0,1.0,1.4513849425129592,results/paper_aaai2027/frozen/results/final_mcs_experiments_er_sf_alpha001_nowrong_noweight_50rep_chunked/wc_sweep_5_2026_er_sf_alpha001_nowrong_noweight_seed2026_2075_20260715_122848/summary.json
er5,ER (5),OptABA-PC,6,6.0,2031.0,0.0,0.3,5.0,0.5,0.0,0.0,0.0,0.3,0.3,0.3,5.0,0.0,10.0,0.5,1.0,0.0,1.0,120.0,1.0,1.0,1.0,0.5,1.0,0.0,1.0,1.0,1.0,0.0,0.0,0.0,1.0,1.0,1.44855074910447,results/paper_aaai2027/frozen/results/final_mcs_experiments_er_sf_alpha001_nowrong_noweight_50rep_chunked/wc_sweep_5_2026_er_sf_alpha001_nowrong_noweight_seed2026_2075_20260715_122848/summary.json
er5,ER (5),OptABA-PC,7,7.0,2032.0,0.0,0.6,5.0,0.5,0.0,0.0,0.0,0.6,0.6,0.6,5.0,0.0,10.0,0.5,1.0,0.0,1.0,120.0,1.0,1.0,1.0,0.5,1.0,0.0,1.0,1.0,1.0,0.0,0.0,0.0,1.0,1.0,1.478931785095483,results/paper_aaai2027/frozen/results/final_mcs_experiments_er_sf_alpha001_nowrong_noweight_50rep_chunked/wc_sweep_5_2026_er_sf_alpha001_nowrong_noweight_seed2026_2075_20260715_122848/summary.json
er5,ER (5),OptABA-PC,8,8.0,2033.0,3.5555555555555554,0.3251555555555556,5.222222222222222,0.4883040932943513,3.5555555555555554,0.0,7.0,0.3251555555555556,0.5263,0.1053,5.222222222222222,0.0,10.0,0.4883040932943513,1.0,0.0,9.0,216.0,0.9766081871345029,1.0,0.9473684210526316,0.48830409356725146,1.0,0.0,0.9532163742690059,1.0,0.9473684210526316,0.0,0.0,0.0,1.0,1.0,1.741824344266206,results/paper_aaai2027/frozen/results/final_mcs_experiments_er_sf_alpha001_nowrong_noweight_50rep_chunked/wc_sweep_5_2026_er_sf_alpha001_nowrong_noweight_seed2026_2075_20260715_122848/summary.json
er5,ER (5),OptABA-PC,9,9.0,2034.0,0.0,0.3,5.0,0.5,0.0,0.0,0.0,0.3,0.3,0.3,5.0,0.0,10.0,0.5,1.0,0.0,1.0,120.0,1.0,1.0,1.0,0.5,1.0,0.0,1.0,1.0,1.0,0.0,0.0,0.0,1.0,1.0,1.4628080036491156,results/paper_aaai2027/frozen/results/final_mcs_experiments_er_sf_alpha001_nowrong_noweight_50rep_chunked/wc_sweep_5_2026_er_sf_alpha001_nowrong_noweight_seed2026_2075_20260715_122848/summary.json
er5,ER (5),OptABA-PC,10,10.0,2035.0,5.634020618556701,0.3043414438502674,6.113706478624945,0.4247267787714183,5.634020618556701,0.0,9.0,0.3043414438502674,0.5882,0.1053,6.113706478624945,0.0,10.0,0.4247267787714183,1.0,0.0,388.0,2269.0,0.9006581733154861,1.0,0.7499999999999999,0.4247268754331235,1.0,0.0,0.86438396121697,1.0,0.7499999999999999,0.0,0.0,0.0,1.0,1.0,8.604714579880238,results/paper_aaai2027/frozen/results/final_mcs_experiments_er_sf_alpha001_nowrong_noweight_50rep_chunked/wc_sweep_5_2026_er_sf_alpha001_nowrong_noweight_seed2026_2075_20260715_122848/summary.json
er5,ER (5),OptABA-PC,11,11.0,2036.0,0.0,0.7,5.0,0.5,0.0,0.0,0.0,0.7,0.7,0.7,5.0,0.0,10.0,0.5,1.0,0.0,1.0,120.0,1.0,1.0,1.0,0.5,1.0,0.0,1.0,1.0,1.0,0.0,0.0,0.0,1.0,1.0,1.455659709405154,results/paper_aaai2027/frozen/results/final_mcs_experiments_er_sf_alpha001_nowrong_noweight_50rep_chunked/wc_sweep_5_2026_er_sf_alpha001_nowrong_noweight_seed2026_2075_20260715_122848/summary.json
er5,ER (5),OptABA-PC,12,12.0,2037.0,3.5555555555555554,0.41875555555555555,5.222222222222222,0.48830409329517155,3.5555555555555554,0.0,7.0,0.41875555555555555,0.4211,0.4,5.222222222222222,0.0,10.0,0.48830409329517155,1.0,0.0,9.0,216.0,0.9766081871345029,1.0,0.9473684210526316,0.48830409356725146,1.0,0.0,0.9532163742690059,1.0,0.9473684210526316,0.0,0.0,0.0,1.0,1.0,1.7616598433814943,results/paper_aaai2027/frozen/results/final_mcs_experiments_er_sf_alpha001_nowrong_noweight_50rep_chunked/wc_sweep_5_2026_er_sf_alpha001_nowrong_noweight_seed2026_2075_20260715_122848/summary.json
er5,ER (5),OptABA-PC,13,13.0,2038.0,0.0,0.4,5.0,0.5,0.0,0.0,0.0,0.4,0.4,0.4,5.0,0.0,10.0,0.5,1.0,0.0,1.0,120.0,1.0,1.0,1.0,0.5,1.0,0.0,1.0,1.0,1.0,0.0,0.0,0.0,1.0,1.0,2.1007225648500025,results/paper_aaai2027/frozen/results/final_mcs_experiments_er_sf_alpha001_nowrong_noweight_50rep_chunked/wc_sweep_5_2026_er_sf_alpha001_nowrong_noweight_seed2026_2075_20260715_122848/summary.json
er5,ER (5),OptABA-PC,14,14.0,2039.0,0.0,0.7,5.0,0.5,0.0,0.0,0.0,0.7,0.7,0.7,5.0,0.0,10.0,0.5,1.0,0.0,1.0,120.0,1.0,1.0,1.0,0.5,1.0,0.0,1.0,1.0,1.0,0.0,0.0,0.0,1.0,1.0,1.447582553140819,results/paper_aaai2027/frozen/results/final_mcs_experiments_er_sf_alpha001_nowrong_noweight_50rep_chunked/wc_sweep_5_2026_er_sf_alpha001_nowrong_noweight_seed2026_2075_20260715_122848/summary.json
er5,ER (5),OptABA-PC,15,15.0,2040.0,0.0,0.2,5.0,0.5,0.0,0.0,0.0,0.2,0.2,0.2,5.0,0.0,10.0,0.5,1.0,0.0,1.0,120.0,1.0,1.0,1.0,0.5,1.0,0.0,1.0,1.0,1.0,0.0,0.0,0.0,1.0,1.0,1.466554899699986,results/paper_aaai2027/frozen/results/final_mcs_experiments_er_sf_alpha001_nowrong_noweight_50rep_chunked/wc_sweep_5_2026_er_sf_alpha001_nowrong_noweight_seed2026_2075_20260715_122848/summary.json
er5,ER (5),OptABA-PC,16,16.0,2041.0,3.5555555555555554,0.5345222222222222,5.222222222222222,0.48830409329517155,3.5555555555555554,0.0,7.0,0.5345222222222222,0.8421,0.2105,5.222222222222222,0.0,10.0,0.48830409329517155,1.0,0.0,9.0,216.0,0.9766081871345029,1.0,0.9473684210526316,0.48830409356725146,1.0,0.0,0.9532163742690059,1.0,0.9473684210526316,0.0,0.0,0.0,1.0,1.0,1.7312002782709897,results/paper_aaai2027/frozen/results/final_mcs_experiments_er_sf_alpha001_nowrong_noweight_50rep_chunked/wc_sweep_5_2026_er_sf_alpha001_nowrong_noweight_seed2026_2075_20260715_122848/summary.json
er5,ER (5),OptABA-PC,17,17.0,2042.0,0.0,0.8,5.0,0.5,0.0,0.0,0.0,0.8,0.8,0.8,5.0,0.0,10.0,0.5,1.0,0.0,1.0,120.0,1.0,1.0,1.0,0.5,1.0,0.0,1.0,1.0,1.0,0.0,0.0,0.0,1.0,1.0,1.455656707752496,results/paper_aaai2027/frozen/results/final_mcs_experiments_er_sf_alpha001_nowrong_noweight_50rep_chunked/wc_sweep_5_2026_er_sf_alpha001_nowrong_noweight_seed2026_2075_20260715_122848/summary.json
er5,ER (5),OptABA-PC,18,18.0,2043.0,3.5555555555555554,0.5924,5.222222222222222,0.4883040932943513,3.5555555555555554,0.0,7.0,0.5924,0.7368,0.4211,5.222222222222222,0.0,10.0,0.4883040932943513,1.0,0.0,9.0,216.0,0.9766081871345029,1.0,0.9473684210526316,0.48830409356725146,1.0,0.0,0.9532163742690059,1.0,0.9473684210526316,0.0,0.0,0.0,1.0,1.0,1.7411746867001057,results/paper_aaai2027/frozen/results/final_mcs_experiments_er_sf_alpha001_nowrong_noweight_50rep_chunked/wc_sweep_5_2026_er_sf_alpha001_nowrong_noweight_seed2026_2075_20260715_122848/summary.json
er5,ER (5),OptABA-PC,19,19.0,2044.0,0.0,0.6,5.0,0.5,0.0,0.0,0.0,0.6,0.6,0.6,5.0,0.0,10.0,0.5,1.0,0.0,1.0,120.0,1.0,1.0,1.0,0.5,1.0,0.0,1.0,1.0,1.0,0.0,0.0,0.0,1.0,1.0,1.3367393226362765,results/paper_aaai2027/frozen/results/final_mcs_experiments_er_sf_alpha001_nowrong_noweight_50rep_chunked/wc_sweep_5_2026_er_sf_alpha001_nowrong_noweight_seed2026_2075_20260715_122848/summary.json
er5,ER (5),OptABA-PC,20,20.0,2045.0,3.5555555555555554,0.44093333333333334,5.222222222222222,0.48830409329517155,3.5555555555555554,0.0,7.0,0.44093333333333334,0.7368,0.1053,5.222222222222222,0.0,10.0,0.48830409329517155,1.0,0.0,9.0,216.0,0.9766081871345029,1.0,0.9473684210526316,0.48830409356725146,1.0,0.0,0.9532163742690059,1.0,0.9473684210526316,0.0,0.0,0.0,1.0,1.0,1.3324721734970808,results/paper_aaai2027/frozen/results/final_mcs_experiments_er_sf_alpha001_nowrong_noweight_50rep_chunked/wc_sweep_5_2026_er_sf_alpha001_nowrong_noweight_seed2026_2075_20260715_122848/summary.json
er5,ER (5),OptABA-PC,21,21.0,2046.0,3.5555555555555554,0.5590666666666667,5.222222222222222,0.4883040932854476,3.5555555555555554,0.0,7.0,0.5590666666666667,0.7368,0.4,5.222222222222222,0.0,10.0,0.4883040932854476,1.0,0.0,9.0,216.0,0.9766081871345029,1.0,0.9473684210526316,0.48830409356725146,1.0,0.0,0.9532163742690059,1.0,0.9473684210526316,0.0,0.0,0.0,1.0,1.0,1.3125301012769341,results/paper_aaai2027/frozen/results/final_mcs_experiments_er_sf_alpha001_nowrong_noweight_50rep_chunked/wc_sweep_5_2026_er_sf_alpha001_nowrong_noweight_seed2026_2075_20260715_122848/summary.json
er5,ER (5),OptABA-PC,22,22.0,2047.0,3.5555555555555554,0.45439999999999997,5.222222222222222,0.4883040932854476,3.5555555555555554,0.0,7.0,0.45439999999999997,0.6316,0.3,5.222222222222222,0.0,10.0,0.4883040932854476,1.0,0.0,9.0,216.0,0.9766081871345029,1.0,0.9473684210526316,0.48830409356725146,1.0,0.0,0.9532163742690059,1.0,0.9473684210526316,0.0,0.0,0.0,1.0,1.0,1.4043044936843216,results/paper_aaai2027/frozen/results/final_mcs_experiments_er_sf_alpha001_nowrong_noweight_50rep_chunked/wc_sweep_5_2026_er_sf_alpha001_nowrong_noweight_seed2026_2075_20260715_122848/summary.json
er5,ER (5),OptABA-PC,23,23.0,2048.0,3.5555555555555554,0.44093333333333334,5.222222222222222,0.48830409329517155,3.5555555555555554,0.0,7.0,0.44093333333333334,0.7368,0.1053,5.222222222222222,0.0,10.0,0.48830409329517155,1.0,0.0,9.0,216.0,0.9766081871345029,1.0,0.9473684210526316,0.48830409356725146,1.0,0.0,0.9532163742690059,1.0,0.9473684210526316,0.0,0.0,0.0,1.0,1.0,1.3275302480906248,results/paper_aaai2027/frozen/results/final_mcs_experiments_er_sf_alpha001_nowrong_noweight_50rep_chunked/wc_sweep_5_2026_er_sf_alpha001_nowrong_noweight_seed2026_2075_20260715_122848/summary.json
er5,ER (5),OptABA-PC,24,24.0,2049.0,4.622222222222222,0.42004444444444444,5.52542372881356,0.46885199309446324,4.622222222222222,0.0,8.0,0.42004444444444444,0.6667,0.2,5.52542372881356,0.0,10.0,0.46885199309446324,1.0,0.0,45.0,472.0,0.9493507780751314,1.0,0.888888888888889,0.46885221528397264,1.0,0.0,0.9173489278752437,1.0,0.888888888888889,0.0,0.0,0.0,1.0,1.0,1.9430402778089046,results/paper_aaai2027/frozen/results/final_mcs_experiments_er_sf_alpha001_nowrong_noweight_50rep_chunked/wc_sweep_5_2026_er_sf_alpha001_nowrong_noweight_seed2026_2075_20260715_122848/summary.json
er5,ER (5),OptABA-PC,25,25.0,2050.0,4.746666666666667,0.396732,5.486567164179104,0.47576155023094846,4.746666666666667,0.0,8.0,0.396732,0.6667,0.2,5.486567164179104,0.0,10.0,0.47576155023094846,1.0,0.0,75.0,670.0,0.9437025399319193,1.0,0.888888888888889,0.475761543161386,1.0,0.0,0.909083820662768,1.0,0.888888888888889,0.0,0.0,0.0,1.0,1.0,2.327825840562582,results/paper_aaai2027/frozen/results/final_mcs_experiments_er_sf_alpha001_nowrong_noweight_50rep_chunked/wc_sweep_5_2026_er_sf_alpha001_nowrong_noweight_seed2026_2075_20260715_122848/summary.json
er5,ER (5),OptABA-PC,26,26.0,2051.0,4.613636363636363,0.27659459459459457,5.57725321888412,0.46324276923546626,4.613636363636363,0.0,8.0,0.27659459459459457,0.5556,0.1,5.57725321888412,0.0,10.0,0.46324276923546626,1.0,0.0,44.0,466.0,0.9493763019852923,1.0,0.888888888888889,0.4632432296764802,1.0,0.0,0.9166666666666667,1.0,0.888888888888889,0.0,0.0,0.0,1.0,1.0,1.9696834040805697,results/paper_aaai2027/frozen/results/final_mcs_experiments_er_sf_alpha001_nowrong_noweight_50rep_chunked/wc_sweep_5_2026_er_sf_alpha001_nowrong_noweight_seed2026_2075_20260715_122848/summary.json
er5,ER (5),OptABA-PC,27,27.0,2052.0,0.0,0.4,5.0,0.5,0.0,0.0,0.0,0.4,0.4,0.4,5.0,0.0,10.0,0.5,1.0,0.0,1.0,120.0,1.0,1.0,1.0,0.5,1.0,0.0,1.0,1.0,1.0,0.0,0.0,0.0,1.0,1.0,1.1321453307755291,results/paper_aaai2027/frozen/results/final_mcs_experiments_er_sf_alpha001_nowrong_noweight_50rep_chunked/wc_sweep_5_2026_er_sf_alpha001_nowrong_noweight_seed2026_2075_20260715_122848/summary.json
er5,ER (5),OptABA-PC,28,28.0,2053.0,3.5555555555555554,0.30293333333333333,5.222222222222222,0.4883040932854476,3.5555555555555554,0.0,7.0,0.30293333333333333,0.4211,0.2,5.222222222222222,0.0,10.0,0.4883040932854476,1.0,0.0,9.0,216.0,0.9766081871345029,1.0,0.9473684210526316,0.48830409356725146,1.0,0.0,0.9532163742690059,1.0,0.9473684210526316,0.0,0.0,0.0,1.0,1.0,1.334728623740375,results/paper_aaai2027/frozen/results/final_mcs_experiments_er_sf_alpha001_nowrong_noweight_50rep_chunked/wc_sweep_5_2026_er_sf_alpha001_nowrong_noweight_seed2026_2075_20260715_122848/summary.json
er5,ER (5),OptABA-PC,29,29.0,2054.0,3.5555555555555554,0.4298666666666666,5.222222222222222,0.4883040932943513,3.5555555555555554,0.0,7.0,0.4298666666666666,0.5,0.4211,5.222222222222222,0.0,10.0,0.4883040932943513,1.0,0.0,9.0,216.0,0.9766081871345029,1.0,0.9473684210526316,0.48830409356725146,1.0,0.0,0.9532163742690059,1.0,0.9473684210526316,0.0,0.0,0.0,1.0,1.0,1.3441698416136205,results/paper_aaai2027/frozen/results/final_mcs_experiments_er_sf_alpha001_nowrong_noweight_50rep_chunked/wc_sweep_5_2026_er_sf_alpha001_nowrong_noweight_seed2026_2075_20260715_122848/summary.json
er5,ER (5),OptABA-PC,30,30.0,2055.0,7.0,0.8235,4.5,0.6470539789965337,7.0,7.0,7.0,0.8235,0.8235,0.8235,4.5,4.0,5.0,0.6470539789965337,0.705867819641754,0.5882401383513135,1.0,4.0,0.8235294117647058,0.8235294117647058,0.8235294117647058,0.6470588235294117,0.7058823529411764,0.588235294117647,0.8235294117647058,0.8235294117647058,0.8235294117647058,0.0,0.0,0.0,0.0,0.0,0.8828975223004818,results/paper_aaai2027/frozen/results/final_mcs_experiments_er_sf_alpha001_nowrong_noweight_50rep_chunked/wc_sweep_5_2026_er_sf_alpha001_nowrong_noweight_seed2026_2075_20260715_122848/summary.json
er5,ER (5),OptABA-PC,31,31.0,2056.0,4.622222222222222,0.6581888888888889,5.330508474576271,0.4896673545402952,4.622222222222222,0.0,8.0,0.6581888888888889,0.7778,0.4444,5.330508474576271,0.0,10.0,0.4896673545402952,1.0,0.0,45.0,472.0,0.9493507780751314,1.0,0.888888888888889,0.48966696402022003,1.0,0.0,0.9173489278752437,1.0,0.888888888888889,0.0,0.0,0.0,1.0,1.0,1.9660342978313565,results/paper_aaai2027/frozen/results/final_mcs_experiments_er_sf_alpha001_nowrong_noweight_50rep_chunked/wc_sweep_5_2026_er_sf_alpha001_nowrong_noweight_seed2026_2075_20260715_122848/summary.json
er5,ER (5),OptABA-PC,32,32.0,2057.0,4.622222222222222,0.8202511111111112,5.444915254237288,0.4774507413463056,4.622222222222222,0.0,8.0,0.8202511111111112,0.9474,0.6316,5.444915254237288,0.0,10.0,0.4774507413463056,1.0,0.0,45.0,472.0,0.9493507780751314,1.0,0.888888888888889,0.4774506888690653,1.0,0.0,0.9173489278752437,1.0,0.888888888888889,0.0,0.0,0.0,1.0,1.0,1.9517117091454566,results/paper_aaai2027/frozen/results/final_mcs_experiments_er_sf_alpha001_nowrong_noweight_50rep_chunked/wc_sweep_5_2026_er_sf_alpha001_nowrong_noweight_seed2026_2075_20260715_122848/summary.json
er5,ER (5),OptABA-PC,33,33.0,2058.0,3.5555555555555554,0.5233777777777777,5.222222222222222,0.4883040932943513,3.5555555555555554,0.0,7.0,0.5233777777777777,0.5263,0.5,5.222222222222222,0.0,10.0,0.4883040932943513,1.0,0.0,9.0,216.0,0.9766081871345029,1.0,0.9473684210526316,0.48830409356725146,1.0,0.0,0.9532163742690059,1.0,0.9473684210526316,0.0,0.0,0.0,1.0,1.0,1.3448215443640947,results/paper_aaai2027/frozen/results/final_mcs_experiments_er_sf_alpha001_nowrong_noweight_50rep_chunked/wc_sweep_5_2026_er_sf_alpha001_nowrong_noweight_seed2026_2075_20260715_122848/summary.json
er5,ER (5),OptABA-PC,34,34.0,2059.0,3.5555555555555554,0.8263111111111111,5.222222222222222,0.4883040932854476,3.5555555555555554,0.0,7.0,0.8263111111111111,0.9474,0.7,5.222222222222222,0.0,10.0,0.4883040932854476,1.0,0.0,9.0,216.0,0.9766081871345029,1.0,0.9473684210526316,0.48830409356725146,1.0,0.0,0.9532163742690059,1.0,0.9473684210526316,0.0,0.0,0.0,1.0,1.0,1.3668406698852777,results/paper_aaai2027/frozen/results/final_mcs_experiments_er_sf_alpha001_nowrong_noweight_50rep_chunked/wc_sweep_5_2026_er_sf_alpha001_nowrong_noweight_seed2026_2075_20260715_122848/summary.json
er5,ER (5),OptABA-PC,35,35.0,2060.0,0.0,0.5,5.0,0.5,0.0,0.0,0.0,0.5,0.5,0.5,5.0,0.0,10.0,0.5,1.0,0.0,1.0,120.0,1.0,1.0,1.0,0.5,1.0,0.0,1.0,1.0,1.0,0.0,0.0,0.0,1.0,1.0,1.145723544061184,results/paper_aaai2027/frozen/results/final_mcs_experiments_er_sf_alpha001_nowrong_noweight_50rep_chunked/wc_sweep_5_2026_er_sf_alpha001_nowrong_noweight_seed2026_2075_20260715_122848/summary.json
er5,ER (5),OptABA-PC,36,36.0,2061.0,3.5555555555555554,0.34971111111111114,5.222222222222222,0.4883040932854476,3.5555555555555554,0.0,7.0,0.34971111111111114,0.5263,0.2,5.222222222222222,0.0,10.0,0.4883040932854476,1.0,0.0,9.0,216.0,0.9766081871345029,1.0,0.9473684210526316,0.48830409356725146,1.0,0.0,0.9532163742690059,1.0,0.9473684210526316,0.0,0.0,0.0,1.0,1.0,1.3899612743407488,results/paper_aaai2027/frozen/results/final_mcs_experiments_er_sf_alpha001_nowrong_noweight_50rep_chunked/wc_sweep_5_2026_er_sf_alpha001_nowrong_noweight_seed2026_2075_20260715_122848/summary.json
er5,ER (5),OptABA-PC,37,37.0,2062.0,3.5555555555555554,0.30293333333333333,5.222222222222222,0.4883040932943513,3.5555555555555554,0.0,7.0,0.30293333333333333,0.5263,0.1053,5.222222222222222,0.0,10.0,0.4883040932943513,1.0,0.0,9.0,216.0,0.9766081871345029,1.0,0.9473684210526316,0.48830409356725146,1.0,0.0,0.9532163742690059,1.0,0.9473684210526316,0.0,0.0,0.0,1.0,1.0,1.342845424078405,results/paper_aaai2027/frozen/results/final_mcs_experiments_er_sf_alpha001_nowrong_noweight_50rep_chunked/wc_sweep_5_2026_er_sf_alpha001_nowrong_noweight_seed2026_2075_20260715_122848/summary.json
er5,ER (5),OptABA-PC,38,38.0,2063.0,4.622222222222222,0.5171777777777777,5.3474576271186445,0.48785842206609403,4.622222222222222,0.0,8.0,0.5171777777777777,0.6667,0.3158,5.3474576271186445,0.0,10.0,0.48785842206609403,1.0,0.0,45.0,472.0,0.9493507780751314,1.0,0.888888888888889,0.48785806323718905,1.0,0.0,0.9173489278752437,1.0,0.888888888888889,0.0,0.0,0.0,1.0,1.0,1.932403536979109,results/paper_aaai2027/frozen/results/final_mcs_experiments_er_sf_alpha001_nowrong_noweight_50rep_chunked/wc_sweep_5_2026_er_sf_alpha001_nowrong_noweight_seed2026_2075_20260715_122848/summary.json
er5,ER (5),OptABA-PC,39,39.0,2064.0,0.0,0.3,5.0,0.5,0.0,0.0,0.0,0.3,0.3,0.3,5.0,0.0,10.0,0.5,1.0,0.0,1.0,120.0,1.0,1.0,1.0,0.5,1.0,0.0,1.0,1.0,1.0,0.0,0.0,0.0,1.0,1.0,1.131356528494507,results/paper_aaai2027/frozen/results/final_mcs_experiments_er_sf_alpha001_nowrong_noweight_50rep_chunked/wc_sweep_5_2026_er_sf_alpha001_nowrong_noweight_seed2026_2075_20260715_122848/summary.json
er5,ER (5),OptABA-PC,40,40.0,2065.0,4.746666666666667,0.33013733333333334,5.486567164179104,0.4757616172100846,4.746666666666667,0.0,8.0,0.33013733333333334,0.7778,0.1,5.486567164179104,0.0,10.0,0.4757616172100846,1.0,0.0,75.0,670.0,0.9437025399319193,1.0,0.888888888888889,0.475761543161386,1.0,0.0,0.909083820662768,1.0,0.888888888888889,0.0,0.0,0.0,1.0,1.0,2.4663402140140533,results/paper_aaai2027/frozen/results/final_mcs_experiments_er_sf_alpha001_nowrong_noweight_50rep_chunked/wc_sweep_5_2026_er_sf_alpha001_nowrong_noweight_seed2026_2075_20260715_122848/summary.json
er5,ER (5),OptABA-PC,41,41.0,2066.0,4.622222222222222,0.3184794871794872,5.427966101694915,0.4792597688975197,4.622222222222222,0.0,8.0,0.3184794871794872,0.6316,0.1053,5.427966101694915,0.0,10.0,0.4792597688975197,1.0,0.0,45.0,472.0,0.9493507780751314,1.0,0.888888888888889,0.47925958965209636,1.0,0.0,0.9173489278752437,1.0,0.888888888888889,0.0,0.0,0.0,1.0,1.0,1.9856976764276624,results/paper_aaai2027/frozen/results/final_mcs_experiments_er_sf_alpha001_nowrong_noweight_50rep_chunked/wc_sweep_5_2026_er_sf_alpha001_nowrong_noweight_seed2026_2075_20260715_122848/summary.json
er5,ER (5),OptABA-PC,42,42.0,2067.0,0.0,0.5,5.0,0.5,0.0,0.0,0.0,0.5,0.5,0.5,5.0,0.0,10.0,0.5,1.0,0.0,1.0,120.0,1.0,1.0,1.0,0.5,1.0,0.0,1.0,1.0,1.0,0.0,0.0,0.0,1.0,1.0,1.1431608409620821,results/paper_aaai2027/frozen/results/final_mcs_experiments_er_sf_alpha001_nowrong_noweight_50rep_chunked/wc_sweep_5_2026_er_sf_alpha001_nowrong_noweight_seed2026_2075_20260715_122848/summary.json
er5,ER (5),OptABA-PC,43,43.0,2068.0,4.622222222222222,0.67964,5.3474576271186445,0.48785842206609403,4.622222222222222,0.0,8.0,0.67964,0.8421,0.5556,5.3474576271186445,0.0,10.0,0.48785842206609403,1.0,0.0,45.0,472.0,0.9493507780751314,1.0,0.888888888888889,0.48785806323718905,1.0,0.0,0.9173489278752437,1.0,0.888888888888889,0.0,0.0,0.0,1.0,1.0,1.9215841670520604,results/paper_aaai2027/frozen/results/final_mcs_experiments_er_sf_alpha001_nowrong_noweight_50rep_chunked/wc_sweep_5_2026_er_sf_alpha001_nowrong_noweight_seed2026_2075_20260715_122848/summary.json
er5,ER (5),OptABA-PC,44,44.0,2069.0,4.75,0.410825,6.133333333333334,0.41988071369145874,4.75,4.0,6.0,0.410825,0.5556,0.2222,6.133333333333334,5.0,7.0,0.41988071369145874,0.5263357332322849,0.3157745144481289,4.0,15.0,0.912280701754386,0.9473684210526316,0.888888888888889,0.41988304093567247,0.5263157894736842,0.3157894736842105,0.9035087719298246,0.9473684210526316,0.888888888888889,0.0,0.0,0.0,0.0,0.0,0.9256721655838192,results/paper_aaai2027/frozen/results/final_mcs_experiments_er_sf_alpha001_nowrong_noweight_50rep_chunked/wc_sweep_5_2026_er_sf_alpha001_nowrong_noweight_seed2026_2075_20260715_122848/summary.json
er5,ER (5),OptABA-PC,45,45.0,2070.0,3.5555555555555554,0.5345111111111112,5.222222222222222,0.4883040932854476,3.5555555555555554,0.0,7.0,0.5345111111111112,0.7368,0.3158,5.222222222222222,0.0,10.0,0.4883040932854476,1.0,0.0,9.0,216.0,0.9766081871345029,1.0,0.9473684210526316,0.48830409356725146,1.0,0.0,0.9532163742690059,1.0,0.9473684210526316,0.0,0.0,0.0,1.0,1.0,1.3328149537555873,results/paper_aaai2027/frozen/results/final_mcs_experiments_er_sf_alpha001_nowrong_noweight_50rep_chunked/wc_sweep_5_2026_er_sf_alpha001_nowrong_noweight_seed2026_2075_20260715_122848/summary.json
er5,ER (5),OptABA-PC,46,46.0,2071.0,3.5555555555555554,0.5234111111111112,5.222222222222222,0.48830409329517155,3.5555555555555554,0.0,7.0,0.5234111111111112,0.8421,0.2105,5.222222222222222,0.0,10.0,0.48830409329517155,1.0,0.0,9.0,216.0,0.9766081871345029,1.0,0.9473684210526316,0.48830409356725146,1.0,0.0,0.9532163742690059,1.0,0.9473684210526316,0.0,0.0,0.0,1.0,1.0,1.3579943371005356,results/paper_aaai2027/frozen/results/final_mcs_experiments_er_sf_alpha001_nowrong_noweight_50rep_chunked/wc_sweep_5_2026_er_sf_alpha001_nowrong_noweight_seed2026_2075_20260715_122848/summary.json
er5,ER (5),OptABA-PC,47,47.0,2072.0,3.5555555555555554,0.5701777777777779,5.222222222222222,0.48830409329517155,3.5555555555555554,0.0,7.0,0.5701777777777779,0.6316,0.5,5.222222222222222,0.0,10.0,0.48830409329517155,1.0,0.0,9.0,216.0,0.9766081871345029,1.0,0.9473684210526316,0.48830409356725146,1.0,0.0,0.9532163742690059,1.0,0.9473684210526316,0.0,0.0,0.0,1.0,1.0,1.9582172790542245,results/paper_aaai2027/frozen/results/final_mcs_experiments_er_sf_alpha001_nowrong_noweight_50rep_chunked/wc_sweep_5_2026_er_sf_alpha001_nowrong_noweight_seed2026_2075_20260715_122848/summary.json
er5,ER (5),OptABA-PC,48,48.0,2073.0,3.5555555555555554,0.4076222222222222,5.222222222222222,0.4883040932854476,3.5555555555555554,0.0,7.0,0.4076222222222222,0.5263,0.3,5.222222222222222,0.0,10.0,0.4883040932854476,1.0,0.0,9.0,216.0,0.9766081871345029,1.0,0.9473684210526316,0.48830409356725146,1.0,0.0,0.9532163742690059,1.0,0.9473684210526316,0.0,0.0,0.0,1.0,1.0,1.3242222657427192,results/paper_aaai2027/frozen/results/final_mcs_experiments_er_sf_alpha001_nowrong_noweight_50rep_chunked/wc_sweep_5_2026_er_sf_alpha001_nowrong_noweight_seed2026_2075_20260715_122848/summary.json
er5,ER (5),OptABA-PC,49,49.0,2074.0,3.5555555555555554,0.7438666666666667,5.222222222222222,0.4883040932943513,3.5555555555555554,0.0,7.0,0.7438666666666667,0.8421,0.6316,5.222222222222222,0.0,10.0,0.4883040932943513,1.0,0.0,9.0,216.0,0.9766081871345029,1.0,0.9473684210526316,0.48830409356725146,1.0,0.0,0.9532163742690059,1.0,0.9473684210526316,0.0,0.0,0.0,1.0,1.0,1.321610945276916,results/paper_aaai2027/frozen/results/final_mcs_experiments_er_sf_alpha001_nowrong_noweight_50rep_chunked/wc_sweep_5_2026_er_sf_alpha001_nowrong_noweight_seed2026_2075_20260715_122848/summary.json
er5,ER (5),OptABA-PC,50,50.0,2075.0,3.5555555555555554,0.42982222222222227,5.222222222222222,0.48830409329517155,3.5555555555555554,0.0,7.0,0.42982222222222227,0.7368,0.1053,5.222222222222222,0.0,10.0,0.48830409329517155,1.0,0.0,9.0,216.0,0.9766081871345029,1.0,0.9473684210526316,0.48830409356725146,1.0,0.0,0.9532163742690059,1.0,0.9473684210526316,0.0,0.0,0.0,1.0,1.0,1.3303140820935369,results/paper_aaai2027/frozen/results/final_mcs_experiments_er_sf_alpha001_nowrong_noweight_50rep_chunked/wc_sweep_5_2026_er_sf_alpha001_nowrong_noweight_seed2026_2075_20260715_122848/summary.json
sf5,SF (5),ABA-PC,1,1.0,2026.0,3.823529411764706,0.7122823529411765,4.268817204301075,0.551393468682857,3.823529411764706,0.0,7.0,0.7122823529411765,1.0,0.4,4.268817204301075,0.0,9.0,0.551393468682857,1.0,0.0,17.0,93.0,0.8977647800228445,1.0,0.7999999999999999,0.5514002126905353,1.0,0.0,0.9080101271277742,1.0,0.7999999999999999,0.625647228588405,1.0,0.0,1.0,1.0,1.4706876720301807,results/paper_aaai2027/frozen/results/final_mcs_experiments_er_sf_alpha001_nowrong_noweight_50rep_chunked/wc_sweep_sf5_2026_er_sf_alpha001_nowrong_noweight_seed2026_2075_20260715_123050/summary.json
sf5,SF (5),ABA-PC,2,2.0,2027.0,4.0813953488372094,0.4684802325581395,5.199115044247788,0.4472123779915487,4.0813953488372094,0.0,9.0,0.4684802325581395,0.8571,0.1176,5.199115044247788,0.0,10.0,0.4472123779915487,1.0,0.0,86.0,678.0,0.8944299843831339,1.0,0.8235294117647058,0.44721499219156685,1.0,0.0,0.9305061559507525,1.0,0.8235294117647058,0.6011275546159267,1.0,0.0,1.0,1.0,3.5571792027913034,results/paper_aaai2027/frozen/results/final_mcs_experiments_er_sf_alpha001_nowrong_noweight_50rep_chunked/wc_sweep_sf5_2026_er_sf_alpha001_nowrong_noweight_seed2026_2075_20260715_123050/summary.json
sf5,SF (5),ABA-PC,3,3.0,2028.0,6.166666666666667,0.45311666666666667,4.642857142857143,0.5354260275718538,6.166666666666667,5.0,7.0,0.45311666666666667,0.5714,0.4,4.642857142857143,3.0,6.0,0.5354260275718538,0.7143,0.40001244400199104,6.0,14.0,0.8078492935635792,0.8571428571428571,0.7142857142857143,0.5354264782836211,0.7142857142857143,0.39999999999999997,0.8091575091575091,0.8571428571428571,0.7142857142857143,0.40824915824915825,0.5,0.3333333333333333,0.0,0.0,1.2524636569432914,results/paper_aaai2027/frozen/results/final_mcs_experiments_er_sf_alpha001_nowrong_noweight_50rep_chunked/wc_sweep_sf5_2026_er_sf_alpha001_nowrong_noweight_seed2026_2075_20260715_123050/summary.json
sf5,SF (5),ABA-PC,4,4.0,2029.0,7.571428571428571,0.4843,6.192982456140351,0.4058913824221782,7.571428571428571,5.0,8.0,0.4843,0.6154,0.3077,6.192982456140351,4.0,9.0,0.4058913824221782,0.7143,0.0,7.0,57.0,0.6762097551571236,0.7692307692307692,0.5,0.40588651114966906,0.7142857142857143,0.0,0.6350078492935635,0.7692307692307692,0.5,0.235827664399093,0.5714285714285715,0.0,0.0,0.0,1.4059001090936363,results/paper_aaai2027/frozen/results/final_mcs_experiments_er_sf_alpha001_nowrong_noweight_50rep_chunked/wc_sweep_sf5_2026_er_sf_alpha001_nowrong_noweight_seed2026_2075_20260715_123050/summary.json
sf5,SF (5),ABA-PC,5,5.0,2030.0,4.0813953488372094,0.6672232558139535,5.199115044247788,0.4472123779915487,4.0813953488372094,0.0,9.0,0.6672232558139535,1.0,0.3529,5.199115044247788,0.0,10.0,0.4472123779915487,1.0,0.0,86.0,678.0,0.8944299843831339,1.0,0.8235294117647058,0.44721499219156685,1.0,0.0,0.9305061559507525,1.0,0.8235294117647058,0.6011275546159267,1.0,0.0,1.0,1.0,3.5146101331338286,results/paper_aaai2027/frozen/results/final_mcs_experiments_er_sf_alpha001_nowrong_noweight_50rep_chunked/wc_sweep_sf5_2026_er_sf_alpha001_nowrong_noweight_seed2026_2075_20260715_123050/summary.json
sf5,SF (5),ABA-PC,6,6.0,2031.0,2.5,0.5896833333333333,2.6,0.728141074277288,2.5,0.0,5.0,0.5896833333333333,0.8571,0.2667,2.6,0.0,5.0,0.728141074277288,1.0,0.40001244400199104,6.0,25.0,0.93,1.0,0.8750000000000001,0.7281428571428572,1.0,0.39999999999999997,0.9458333333333333,1.0,0.8750000000000001,0.7593795093795094,1.0,0.5,1.0,1.0,1.2929127202369273,results/paper_aaai2027/frozen/results/final_mcs_experiments_er_sf_alpha001_nowrong_noweight_50rep_chunked/wc_sweep_sf5_2026_er_sf_alpha001_nowrong_noweight_seed2026_2075_20260715_123050/summary.json
sf5,SF (5),ABA-PC,7,7.0,2032.0,4.857142857142857,0.5117571428571429,4.945454545454545,0.43786565405388184,4.857142857142857,1.0,6.0,0.5117571428571429,0.7692,0.4286,4.945454545454545,1.0,8.0,0.43786565405388184,0.9230520704323946,0.0,7.0,55.0,0.8288378288378287,0.923076923076923,0.6666666666666666,0.43786213786213785,0.923076923076923,0.0,0.7982731554160125,0.923076923076923,0.6666666666666666,0.32199546485260777,0.888888888888889,0.0,0.0,0.0,1.4503835206851363,results/paper_aaai2027/frozen/results/final_mcs_experiments_er_sf_alpha001_nowrong_noweight_50rep_chunked/wc_sweep_sf5_2026_er_sf_alpha001_nowrong_noweight_seed2026_2075_20260715_123050/summary.json
sf5,SF (5),ABA-PC,8,8.0,2033.0,3.3333333333333335,0.9011,2.6,0.7362484020189325,3.3333333333333335,1.0,5.0,0.9011,0.9231,0.8571,2.6,1.0,4.0,0.7362484020189325,0.9230520704323946,0.5714,3.0,10.0,0.8835164835164834,0.923076923076923,0.8571428571428571,0.7362637362637362,0.923076923076923,0.5714285714285714,0.901098901098901,0.923076923076923,0.8571428571428571,0.7474747474747474,0.9090909090909091,0.6666666666666665,0.0,0.0,1.2243282771669328,results/paper_aaai2027/frozen/results/final_mcs_experiments_er_sf_alpha001_nowrong_noweight_50rep_chunked/wc_sweep_sf5_2026_er_sf_alpha001_nowrong_noweight_seed2026_2075_20260715_123050/summary.json
sf5,SF (5),ABA-PC,9,9.0,2034.0,3.4545454545454546,0.5709909090909091,2.973684210526316,0.7116187534984214,3.4545454545454546,0.0,6.0,0.5709909090909091,0.8571,0.4,2.973684210526316,0.0,5.0,0.7116187534984214,1.0,0.5333208885570282,11.0,38.0,0.8915413533834586,1.0,0.7999999999999999,0.7116228070175438,1.0,0.5333333333333333,0.8899350649350649,1.0,0.7999999999999999,0.712396694214876,1.0,0.5,1.0,1.0,1.345636541955173,results/paper_aaai2027/frozen/results/final_mcs_experiments_er_sf_alpha001_nowrong_noweight_50rep_chunked/wc_sweep_sf5_2026_er_sf_alpha001_nowrong_noweight_seed2026_2075_20260715_123050/summary.json
sf5,SF (5),ABA-PC,10,10.0,2035.0,5.459821428571429,0.49469,5.395461912479741,0.4314516122633543,5.459821428571429,0.0,9.0,0.49469,1.0,0.125,5.395461912479741,0.0,10.0,0.4314516122633543,1.0,0.0,224.0,1234.0,0.86290755673919,1.0,0.75,0.43145377836959486,1.0,0.0,0.8783068996829501,1.0,0.75,0.3306566944959802,1.0,0.0,1.0,1.0,5.518723203800619,results/paper_aaai2027/frozen/results/final_mcs_experiments_er_sf_alpha001_nowrong_noweight_50rep_chunked/wc_sweep_sf5_2026_er_sf_alpha001_nowrong_noweight_seed2026_2075_20260715_123050/summary.json
sf5,SF (5),ABA-PC,11,11.0,2036.0,6.0,0.6091111650485437,5.681137724550898,0.42931368329946906,6.0,0.0,9.0,0.6091111650485437,1.0,0.2667,5.681137724550898,0.0,10.0,0.42931368329946906,1.0,0.0,206.0,1336.0,0.8414953706033312,1.0,0.75,0.4293180445831027,1.0,0.0,0.8647582333904434,1.0,0.75,0.2531437817845585,1.0,0.0,1.0,1.0,5.831277641002089,results/paper_aaai2027/frozen/results/final_mcs_experiments_er_sf_alpha001_nowrong_noweight_50rep_chunked/wc_sweep_sf5_2026_er_sf_alpha001_nowrong_noweight_seed2026_2075_20260715_123050/summary.json
sf5,SF (5),ABA-PC,12,12.0,2037.0,2.0,0.5714,2.0,0.714275,2.0,2.0,2.0,0.5714,0.5714,0.5714,2.0,1.0,3.0,0.714275,0.8571000000000001,0.5714,1.0,4.0,1.0,1.0,1.0,0.7142857142857143,0.8571428571428571,0.5714285714285714,1.0,1.0,1.0,0.8,0.8,0.8,0.0,0.0,1.8623245130293071,results/paper_aaai2027/frozen/results/final_mcs_experiments_er_sf_alpha001_nowrong_noweight_50rep_chunked/wc_sweep_sf5_2026_er_sf_alpha001_nowrong_noweight_seed2026_2075_20260715_123050/summary.json
sf5,SF (5),ABA-PC,13,13.0,2038.0,0.0,1.0,0.5,0.92855,0.0,0.0,0.0,1.0,1.0,1.0,0.5,0.0,1.0,0.92855,1.0,0.8571000000000001,1.0,2.0,1.0,1.0,1.0,0.9285714285714286,1.0,0.8571428571428571,1.0,1.0,1.0,1.0,1.0,1.0,1.0,1.0,1.2172885723412037,results/paper_aaai2027/frozen/results/final_mcs_experiments_er_sf_alpha001_nowrong_noweight_50rep_chunked/wc_sweep_sf5_2026_er_sf_alpha001_nowrong_noweight_seed2026_2075_20260715_123050/summary.json
sf5,SF (5),ABA-PC,14,14.0,2039.0,4.5,0.6905,4.75,0.3797657496681793,4.5,4.0,5.0,0.6905,0.7143,0.6667,4.75,3.0,7.0,0.3797657496681793,0.5714,0.13335199701381112,2.0,16.0,0.9666666666666667,1.0,0.9333333333333333,0.37976190476190474,0.5714285714285714,0.13333333333333333,0.9666666666666667,1.0,0.9333333333333333,0.0,0.0,0.0,0.0,0.0,1.2759016412310302,results/paper_aaai2027/frozen/results/final_mcs_experiments_er_sf_alpha001_nowrong_noweight_50rep_chunked/wc_sweep_sf5_2026_er_sf_alpha001_nowrong_noweight_seed2026_2075_20260715_123050/summary.json
sf5,SF (5),ABA-PC,15,15.0,2040.0,6.166666666666667,0.5723833333333334,4.642857142857143,0.5354260275718538,6.166666666666667,5.0,7.0,0.5723833333333334,0.6154,0.5333,4.642857142857143,3.0,6.0,0.5354260275718538,0.7143,0.40001244400199104,6.0,14.0,0.8078492935635792,0.8571428571428571,0.7142857142857143,0.5354264782836211,0.7142857142857143,0.39999999999999997,0.8091575091575091,0.8571428571428571,0.7142857142857143,0.40824915824915825,0.5,0.3333333333333333,0.0,0.0,1.2497090604156256,results/paper_aaai2027/frozen/results/final_mcs_experiments_er_sf_alpha001_nowrong_noweight_50rep_chunked/wc_sweep_sf5_2026_er_sf_alpha001_nowrong_noweight_seed2026_2075_20260715_123050/summary.json
sf5,SF (5),ABA-PC,16,16.0,2041.0,5.453608247422681,0.49528659793814434,5.785714285714286,0.4359150739471157,5.453608247422681,0.0,8.0,0.49528659793814434,0.8571,0.25,5.785714285714286,0.0,10.0,0.4359150739471157,1.0,0.0,97.0,756.0,0.8348352303884518,1.0,0.6666666666666666,0.4359203866731878,1.0,0.0,0.8558267636951687,1.0,0.6666666666666666,0.37659957453771886,1.0,0.0,1.0,1.0,3.781813031062484,results/paper_aaai2027/frozen/results/final_mcs_experiments_er_sf_alpha001_nowrong_noweight_50rep_chunked/wc_sweep_sf5_2026_er_sf_alpha001_nowrong_noweight_seed2026_2075_20260715_123050/summary.json
sf5,SF (5),ABA-PC,17,17.0,2042.0,4.0813953488372094,0.6672232558139535,5.199115044247788,0.4472123779915487,4.0813953488372094,0.0,9.0,0.6672232558139535,1.0,0.3529,5.199115044247788,0.0,10.0,0.4472123779915487,1.0,0.0,86.0,678.0,0.8944299843831339,1.0,0.8235294117647058,0.44721499219156685,1.0,0.0,0.9305061559507525,1.0,0.8235294117647058,0.6011275546159267,1.0,0.0,1.0,1.0,3.5021581328473985,results/paper_aaai2027/frozen/results/final_mcs_experiments_er_sf_alpha001_nowrong_noweight_50rep_chunked/wc_sweep_sf5_2026_er_sf_alpha001_nowrong_noweight_seed2026_2075_20260715_123050/summary.json
sf5,SF (5),ABA-PC,18,18.0,2043.0,3.0,0.7166727272727272,2.9210526315789473,0.7196393616797352,3.0,0.0,5.0,0.7166727272727272,0.8571,0.5333,2.9210526315789473,0.0,5.0,0.7196393616797352,1.0,0.40001244400199104,11.0,38.0,0.8915413533834586,1.0,0.7999999999999999,0.7196428571428571,1.0,0.39999999999999997,0.8899350649350649,1.0,0.7999999999999999,0.7337859110586383,1.0,0.5,1.0,1.0,1.3513714070431888,results/paper_aaai2027/frozen/results/final_mcs_experiments_er_sf_alpha001_nowrong_noweight_50rep_chunked/wc_sweep_sf5_2026_er_sf_alpha001_nowrong_noweight_seed2026_2075_20260715_123050/summary.json
sf5,SF (5),ABA-PC,19,19.0,2044.0,6.481481481481482,0.4048555555555556,5.089887640449438,0.46807999565707026,6.481481481481482,4.0,8.0,0.4048555555555556,0.5714,0.1333,5.089887640449438,2.0,8.0,0.46807999565707026,0.7143,0.1429,27.0,89.0,0.8258900275754207,1.0,0.7142857142857143,0.4680793925175948,0.7142857142857143,0.14285714285714285,0.8368030118030119,1.0,0.7142857142857143,0.28183421516754853,0.5714285714285715,0.0,0.0,0.0,1.5558902779594064,results/paper_aaai2027/frozen/results/final_mcs_experiments_er_sf_alpha001_nowrong_noweight_50rep_chunked/wc_sweep_sf5_2026_er_sf_alpha001_nowrong_noweight_seed2026_2075_20260715_123050/summary.json
sf5,SF (5),ABA-PC,20,20.0,2045.0,3.090909090909091,0.5563727272727272,3.9210526315789473,0.5856173391746031,3.090909090909091,1.0,5.0,0.5563727272727272,0.7143,0.4,3.9210526315789473,1.0,6.0,0.5856173391746031,0.8571000000000001,0.2666604442785141,11.0,38.0,0.8915413533834586,1.0,0.7999999999999999,0.5856203007518798,0.8571428571428571,0.26666666666666666,0.8899350649350649,1.0,0.7999999999999999,0.7028860028860029,0.888888888888889,0.5714285714285715,0.0,0.0,1.3404183560051024,results/paper_aaai2027/frozen/results/final_mcs_experiments_er_sf_alpha001_nowrong_noweight_50rep_chunked/wc_sweep_sf5_2026_er_sf_alpha001_nowrong_noweight_seed2026_2075_20260715_123050/summary.json
sf5,SF (5),ABA-PC,21,21.0,2046.0,4.0813953488372094,0.5355837209302325,5.199115044247788,0.4472123779915487,4.0813953488372094,0.0,9.0,0.5355837209302325,1.0,0.1176,5.199115044247788,0.0,10.0,0.4472123779915487,1.0,0.0,86.0,678.0,0.8944299843831339,1.0,0.8235294117647058,0.44721499219156685,1.0,0.0,0.9305061559507525,1.0,0.8235294117647058,0.6011275546159267,1.0,0.0,1.0,1.0,3.4707344081252813,results/paper_aaai2027/frozen/results/final_mcs_experiments_er_sf_alpha001_nowrong_noweight_50rep_chunked/wc_sweep_sf5_2026_er_sf_alpha001_nowrong_noweight_seed2026_2075_20260715_123050/summary.json
sf5,SF (5),ABA-PC,22,22.0,2047.0,4.0813953488372094,0.6672232558139535,5.199115044247788,0.4472123779915487,4.0813953488372094,0.0,9.0,0.6672232558139535,1.0,0.3529,5.199115044247788,0.0,10.0,0.4472123779915487,1.0,0.0,86.0,678.0,0.8944299843831339,1.0,0.8235294117647058,0.44721499219156685,1.0,0.0,0.9305061559507525,1.0,0.8235294117647058,0.6011275546159267,1.0,0.0,1.0,1.0,3.5223559737205505,results/paper_aaai2027/frozen/results/final_mcs_experiments_er_sf_alpha001_nowrong_noweight_50rep_chunked/wc_sweep_sf5_2026_er_sf_alpha001_nowrong_noweight_seed2026_2075_20260715_123050/summary.json
sf5,SF (5),ABA-PC,23,23.0,2048.0,1.7142857142857142,0.7186857142857143,2.5,0.7288383288917792,1.7142857142857142,0.0,4.0,0.7186857142857143,0.8571,0.6154,2.5,0.0,5.0,0.7288383288917792,1.0,0.4615550290760284,7.0,16.0,0.9091575091575091,1.0,0.7692307692307692,0.7288461538461538,1.0,0.4615384615384615,0.9057038199895342,1.0,0.7692307692307692,0.816883116883117,1.0,0.5,1.0,1.0,1.259481054265052,results/paper_aaai2027/frozen/results/final_mcs_experiments_er_sf_alpha001_nowrong_noweight_50rep_chunked/wc_sweep_sf5_2026_er_sf_alpha001_nowrong_noweight_seed2026_2075_20260715_123050/summary.json
sf5,SF (5),ABA-PC,24,24.0,2049.0,4.0813953488372094,0.600113953488372,5.199115044247788,0.4472123779915487,4.0813953488372094,0.0,9.0,0.600113953488372,0.8571,0.3529,5.199115044247788,0.0,10.0,0.4472123779915487,1.0,0.0,86.0,678.0,0.8944299843831339,1.0,0.8235294117647058,0.44721499219156685,1.0,0.0,0.9305061559507525,1.0,0.8235294117647058,0.6011275546159267,1.0,0.0,1.0,1.0,3.4954417408443987,results/paper_aaai2027/frozen/results/final_mcs_experiments_er_sf_alpha001_nowrong_noweight_50rep_chunked/wc_sweep_sf5_2026_er_sf_alpha001_nowrong_noweight_seed2026_2075_20260715_123050/summary.json
sf5,SF (5),ABA-PC,25,25.0,2050.0,3.1,0.61774,4.566037735849057,0.46210579546549474,3.1,2.0,5.0,0.61774,0.7143,0.5333,4.566037735849057,1.0,8.0,0.46210579546549474,0.8571000000000001,0.13335199701381112,10.0,53.0,0.9242138364779875,1.0,0.7999999999999999,0.46210691823899375,0.8571428571428571,0.13333333333333333,0.9008333333333333,1.0,0.7999999999999999,0.0,0.0,0.0,0.0,0.0,1.4072206378914416,results/paper_aaai2027/frozen/results/final_mcs_experiments_er_sf_alpha001_nowrong_noweight_50rep_chunked/wc_sweep_sf5_2026_er_sf_alpha001_nowrong_noweight_seed2026_2075_20260715_123050/summary.json
sf5,SF (5),ABA-PC,26,26.0,2051.0,4.0813953488372094,0.8646732558139536,5.199115044247788,0.4472123779915487,4.0813953488372094,0.0,9.0,0.8646732558139536,1.0,0.7059,5.199115044247788,0.0,10.0,0.4472123779915487,1.0,0.0,86.0,678.0,0.8944299843831339,1.0,0.8235294117647058,0.44721499219156685,1.0,0.0,0.9305061559507525,1.0,0.8235294117647058,0.6011275546159267,1.0,0.0,1.0,1.0,3.5339776962064207,results/paper_aaai2027/frozen/results/final_mcs_experiments_er_sf_alpha001_nowrong_noweight_50rep_chunked/wc_sweep_sf5_2026_er_sf_alpha001_nowrong_noweight_seed2026_2075_20260715_123050/summary.json
sf5,SF (5),ABA-PC,27,27.0,2052.0,4.175,0.59418625,5.291411042944786,0.4364852361744414,4.175,0.0,8.0,0.59418625,0.7143,0.4706,5.291411042944786,0.0,10.0,0.4364852361744414,1.0,0.0,80.0,652.0,0.8937477444965717,1.0,0.8235294117647058,0.43648824560499044,1.0,0.0,0.9309191176470589,1.0,0.8235294117647058,0.5378066378066378,1.0,0.0,1.0,1.0,3.407819104846567,results/paper_aaai2027/frozen/results/final_mcs_experiments_er_sf_alpha001_nowrong_noweight_50rep_chunked/wc_sweep_sf5_2026_er_sf_alpha001_nowrong_noweight_seed2026_2075_20260715_123050/summary.json
sf5,SF (5),ABA-PC,28,28.0,2053.0,2.6666666666666665,0.7033,2.6,0.7362484020189325,2.6666666666666665,1.0,4.0,0.7033,0.9231,0.5714,2.6,1.0,4.0,0.7362484020189325,0.9230520704323946,0.5714,3.0,10.0,0.8835164835164834,0.923076923076923,0.8571428571428571,0.7362637362637362,0.923076923076923,0.5714285714285714,0.901098901098901,0.923076923076923,0.8571428571428571,0.8666666666666667,1.0,0.8,0.0,0.0,1.2282459218986332,results/paper_aaai2027/frozen/results/final_mcs_experiments_er_sf_alpha001_nowrong_noweight_50rep_chunked/wc_sweep_sf5_2026_er_sf_alpha001_nowrong_noweight_seed2026_2075_20260715_123050/summary.json
sf5,SF (5),ABA-PC,29,29.0,2054.0,4.733333333333333,0.5967288888888889,5.533898305084746,0.4399579968758368,4.733333333333333,1.0,9.0,0.5967288888888889,0.9333,0.3529,5.533898305084746,1.0,10.0,0.4399579968758368,0.9333333333333333,0.0,45.0,472.0,0.8732843137254902,0.9333333333333333,0.8235294117647058,0.4399613659022931,0.9333333333333333,0.0,0.904967320261438,0.9333333333333333,0.8235294117647058,0.5586531986531986,1.0,0.0,0.0,0.0,2.76615236280486,results/paper_aaai2027/frozen/results/final_mcs_experiments_er_sf_alpha001_nowrong_noweight_50rep_chunked/wc_sweep_sf5_2026_er_sf_alpha001_nowrong_noweight_seed2026_2075_20260715_123050/summary.json
sf5,SF (5),ABA-PC,30,30.0,2055.0,2.6666666666666665,0.9011,2.6,0.7362484020189325,2.6666666666666665,1.0,4.0,0.9011,0.9231,0.8571,2.6,1.0,4.0,0.7362484020189325,0.9230520704323946,0.5714,3.0,10.0,0.8835164835164834,0.923076923076923,0.8571428571428571,0.7362637362637362,0.923076923076923,0.5714285714285714,0.901098901098901,0.923076923076923,0.8571428571428571,0.8666666666666667,1.0,0.8,0.0,0.0,1.2154417247511446,results/paper_aaai2027/frozen/results/final_mcs_experiments_er_sf_alpha001_nowrong_noweight_50rep_chunked/wc_sweep_sf5_2026_er_sf_alpha001_nowrong_noweight_seed2026_2075_20260715_123050/summary.json
sf5,SF (5),ABA-PC,31,31.0,2056.0,6.072,0.2922479452054795,5.689345314505776,0.4367786026713414,6.072,0.0,9.0,0.2922479452054795,0.8,0.125,5.689345314505776,0.0,10.0,0.4367786026713414,1.0,0.0,250.0,1558.0,0.829164194561008,1.0,0.6666666666666666,0.43678241514834426,1.0,0.0,0.8475322128851541,1.0,0.6666666666666666,0.27170158730158733,1.0,0.0,1.0,1.0,6.5879535879939795,results/paper_aaai2027/frozen/results/final_mcs_experiments_er_sf_alpha001_nowrong_noweight_50rep_chunked/wc_sweep_sf5_2026_er_sf_alpha001_nowrong_noweight_seed2026_2075_20260715_123050/summary.json
sf5,SF (5),ABA-PC,32,32.0,2057.0,2.9,0.80083,3.7714285714285714,0.5977175174878259,2.9,1.0,4.0,0.80083,0.9333,0.7143,3.7714285714285714,1.0,6.0,0.5977175174878259,0.8571000000000001,0.2666604442785141,10.0,35.0,0.8993877551020408,1.0,0.7999999999999999,0.5977210884353741,0.8571428571428571,0.26666666666666666,0.8989285714285714,1.0,0.7999999999999999,0.7131746031746032,0.888888888888889,0.5714285714285715,0.0,0.0,1.3268097718246281,results/paper_aaai2027/frozen/results/final_mcs_experiments_er_sf_alpha001_nowrong_noweight_50rep_chunked/wc_sweep_sf5_2026_er_sf_alpha001_nowrong_noweight_seed2026_2075_20260715_123050/summary.json
sf5,SF (5),ABA-PC,33,33.0,2058.0,0.0,0.7143,1.5,0.7857000000000001,0.0,0.0,0.0,0.7143,0.7143,0.7143,1.5,0.0,3.0,0.7857000000000001,1.0,0.5714,1.0,4.0,1.0,1.0,1.0,0.7857142857142857,1.0,0.5714285714285714,1.0,1.0,1.0,1.0,1.0,1.0,1.0,1.0,1.2144545800983906,results/paper_aaai2027/frozen/results/final_mcs_experiments_er_sf_alpha001_nowrong_noweight_50rep_chunked/wc_sweep_sf5_2026_er_sf_alpha001_nowrong_noweight_seed2026_2075_20260715_123050/summary.json
sf5,SF (5),ABA-PC,34,34.0,2059.0,4.0813953488372094,0.600113953488372,5.199115044247788,0.4472123779915487,4.0813953488372094,0.0,9.0,0.600113953488372,0.8571,0.3529,5.199115044247788,0.0,10.0,0.4472123779915487,1.0,0.0,86.0,678.0,0.8944299843831339,1.0,0.8235294117647058,0.44721499219156685,1.0,0.0,0.9305061559507525,1.0,0.8235294117647058,0.6011275546159267,1.0,0.0,1.0,1.0,4.119857024867088,results/paper_aaai2027/frozen/results/final_mcs_experiments_er_sf_alpha001_nowrong_noweight_50rep_chunked/wc_sweep_sf5_2026_er_sf_alpha001_nowrong_noweight_seed2026_2075_20260715_123050/summary.json
sf5,SF (5),ABA-PC,35,35.0,2060.0,4.6,0.55898,5.071428571428571,0.3983560978542606,4.6,2.0,7.0,0.55898,0.6667,0.4615,5.071428571428571,2.0,8.0,0.3983560978542606,0.8333430554745377,0.0,5.0,42.0,0.7967032967032966,0.8333333333333333,0.7692307692307692,0.3983516483516483,0.8333333333333333,0.0,0.8205128205128205,0.8333333333333333,0.7692307692307692,0.4063492063492064,0.888888888888889,0.0,0.0,0.0,1.3008725852705538,results/paper_aaai2027/frozen/results/final_mcs_experiments_er_sf_alpha001_nowrong_noweight_50rep_chunked/wc_sweep_sf5_2026_er_sf_alpha001_nowrong_noweight_seed2026_2075_20260715_123050/summary.json
sf5,SF (5),ABA-PC,36,36.0,2061.0,4.0813953488372094,0.5343011627906976,5.199115044247788,0.4472123779915487,4.0813953488372094,0.0,9.0,0.5343011627906976,0.8571,0.2353,5.199115044247788,0.0,10.0,0.4472123779915487,1.0,0.0,86.0,678.0,0.8944299843831339,1.0,0.8235294117647058,0.44721499219156685,1.0,0.0,0.9305061559507525,1.0,0.8235294117647058,0.6011275546159267,1.0,0.0,1.0,1.0,3.480335528962314,results/paper_aaai2027/frozen/results/final_mcs_experiments_er_sf_alpha001_nowrong_noweight_50rep_chunked/wc_sweep_sf5_2026_er_sf_alpha001_nowrong_noweight_seed2026_2075_20260715_123050/summary.json
sf5,SF (5),ABA-PC,37,37.0,2062.0,4.0813953488372094,0.7962860465116278,5.199115044247788,0.447210978040589,4.0813953488372094,0.0,7.0,0.7962860465116278,1.0,0.625,5.199115044247788,0.0,10.0,0.447210978040589,1.0,0.0,86.0,678.0,0.8944299843831339,1.0,0.8235294117647058,0.44721499219156685,1.0,0.0,0.9305061559507525,1.0,0.8235294117647058,0.5043189368770764,1.0,0.0,1.0,1.0,3.491418077144772,results/paper_aaai2027/frozen/results/final_mcs_experiments_er_sf_alpha001_nowrong_noweight_50rep_chunked/wc_sweep_sf5_2026_er_sf_alpha001_nowrong_noweight_seed2026_2075_20260715_123050/summary.json
sf5,SF (5),ABA-PC,38,38.0,2063.0,2.0,1.0,2.0,0.714275,2.0,2.0,2.0,1.0,1.0,1.0,2.0,1.0,3.0,0.714275,0.8571000000000001,0.5714,1.0,4.0,1.0,1.0,1.0,0.7142857142857143,0.8571428571428571,0.5714285714285714,1.0,1.0,1.0,0.8,0.8,0.8,0.0,0.0,1.2156695160083473,results/paper_aaai2027/frozen/results/final_mcs_experiments_er_sf_alpha001_nowrong_noweight_50rep_chunked/wc_sweep_sf5_2026_er_sf_alpha001_nowrong_noweight_seed2026_2075_20260715_123050/summary.json
sf5,SF (5),ABA-PC,39,39.0,2064.0,4.0813953488372094,0.4617213333333334,5.199115044247788,0.4472123779915487,4.0813953488372094,0.0,9.0,0.4617213333333334,0.8571,0.25,5.199115044247788,0.0,10.0,0.4472123779915487,1.0,0.0,86.0,678.0,0.8944299843831339,1.0,0.8235294117647058,0.44721499219156685,1.0,0.0,0.9305061559507525,1.0,0.8235294117647058,0.6011275546159267,1.0,0.0,1.0,1.0,3.491827078163624,results/paper_aaai2027/frozen/results/final_mcs_experiments_er_sf_alpha001_nowrong_noweight_50rep_chunked/wc_sweep_sf5_2026_er_sf_alpha001_nowrong_noweight_seed2026_2075_20260715_123050/summary.json
sf5,SF (5),ABA-PC,40,40.0,2065.0,4.0813953488372094,0.7988616279069768,5.199115044247788,0.4472123779915487,4.0813953488372094,0.0,9.0,0.7988616279069768,1.0,0.5882,5.199115044247788,0.0,10.0,0.4472123779915487,1.0,0.0,86.0,678.0,0.8944299843831339,1.0,0.8235294117647058,0.44721499219156685,1.0,0.0,0.9305061559507525,1.0,0.8235294117647058,0.6011275546159267,1.0,0.0,1.0,1.0,3.5693868822418153,results/paper_aaai2027/frozen/results/final_mcs_experiments_er_sf_alpha001_nowrong_noweight_50rep_chunked/wc_sweep_sf5_2026_er_sf_alpha001_nowrong_noweight_seed2026_2075_20260715_123050/summary.json
sf5,SF (5),ABA-PC,41,41.0,2066.0,2.6666666666666665,0.8075333333333333,2.5714285714285716,0.7640995590228906,2.6666666666666665,1.0,4.0,0.8075333333333333,0.9333,0.5714,2.5714285714285716,1.0,4.0,0.7640995590228906,0.9333333333333333,0.6153822469913577,6.0,14.0,0.8663526949241235,0.9333333333333333,0.7692307692307692,0.764102564102564,0.9333333333333333,0.6153846153846153,0.8551892551892551,0.9333333333333333,0.7692307692307692,0.8308080808080808,1.0,0.6666666666666666,0.0,0.0,1.2854739869944751,results/paper_aaai2027/frozen/results/final_mcs_experiments_er_sf_alpha001_nowrong_noweight_50rep_chunked/wc_sweep_sf5_2026_er_sf_alpha001_nowrong_noweight_seed2026_2075_20260715_123050/summary.json
sf5,SF (5),ABA-PC,42,42.0,2067.0,3.0,0.6568090909090909,2.9210526315789473,0.7196393616797352,3.0,0.0,5.0,0.6568090909090909,0.8571,0.5333,2.9210526315789473,0.0,5.0,0.7196393616797352,1.0,0.40001244400199104,11.0,38.0,0.8915413533834586,1.0,0.7999999999999999,0.7196428571428571,1.0,0.39999999999999997,0.8899350649350649,1.0,0.7999999999999999,0.7337859110586383,1.0,0.5,1.0,1.0,1.39795196428895,results/paper_aaai2027/frozen/results/final_mcs_experiments_er_sf_alpha001_nowrong_noweight_50rep_chunked/wc_sweep_sf5_2026_er_sf_alpha001_nowrong_noweight_seed2026_2075_20260715_123050/summary.json
sf5,SF (5),ABA-PC,43,43.0,2068.0,2.0,0.8571,2.0,0.714275,2.0,2.0,2.0,0.8571,0.8571,0.8571,2.0,1.0,3.0,0.714275,0.8571000000000001,0.5714,1.0,4.0,1.0,1.0,1.0,0.7142857142857143,0.8571428571428571,0.5714285714285714,1.0,1.0,1.0,0.8,0.8,0.8,0.0,0.0,1.2896148138679564,results/paper_aaai2027/frozen/results/final_mcs_experiments_er_sf_alpha001_nowrong_noweight_50rep_chunked/wc_sweep_sf5_2026_er_sf_alpha001_nowrong_noweight_seed2026_2075_20260715_123050/summary.json
sf5,SF (5),ABA-PC,44,44.0,2069.0,6.072,0.44976479999999996,5.689345314505776,0.4367786026713414,6.072,0.0,9.0,0.44976479999999996,0.8571,0.1333,5.689345314505776,0.0,10.0,0.4367786026713414,1.0,0.0,250.0,1558.0,0.829164194561008,1.0,0.6666666666666666,0.43678241514834426,1.0,0.0,0.8475322128851541,1.0,0.6666666666666666,0.27170158730158733,1.0,0.0,1.0,1.0,7.057692669797689,results/paper_aaai2027/frozen/results/final_mcs_experiments_er_sf_alpha001_nowrong_noweight_50rep_chunked/wc_sweep_sf5_2026_er_sf_alpha001_nowrong_noweight_seed2026_2075_20260715_123050/summary.json
sf5,SF (5),ABA-PC,45,45.0,2070.0,2.0,0.7143,2.0,0.714275,2.0,2.0,2.0,0.7143,0.7143,0.7143,2.0,1.0,3.0,0.714275,0.8571000000000001,0.5714,1.0,4.0,1.0,1.0,1.0,0.7142857142857143,0.8571428571428571,0.5714285714285714,1.0,1.0,1.0,0.8,0.8,0.8,0.0,0.0,1.2635128907859325,results/paper_aaai2027/frozen/results/final_mcs_experiments_er_sf_alpha001_nowrong_noweight_50rep_chunked/wc_sweep_sf5_2026_er_sf_alpha001_nowrong_noweight_seed2026_2075_20260715_123050/summary.json
sf5,SF (5),ABA-PC,46,46.0,2071.0,2.0,1.0,2.0,0.714275,2.0,2.0,2.0,1.0,1.0,1.0,2.0,1.0,3.0,0.714275,0.8571000000000001,0.5714,1.0,4.0,1.0,1.0,1.0,0.7142857142857143,0.8571428571428571,0.5714285714285714,1.0,1.0,1.0,0.8,0.8,0.8,0.0,0.0,1.2444778350181878,results/paper_aaai2027/frozen/results/final_mcs_experiments_er_sf_alpha001_nowrong_noweight_50rep_chunked/wc_sweep_sf5_2026_er_sf_alpha001_nowrong_noweight_seed2026_2075_20260715_123050/summary.json
sf5,SF (5),ABA-PC,47,47.0,2072.0,2.0,0.7143,2.0,0.714275,2.0,2.0,2.0,0.7143,0.7143,0.7143,2.0,1.0,3.0,0.714275,0.8571000000000001,0.5714,1.0,4.0,1.0,1.0,1.0,0.7142857142857143,0.8571428571428571,0.5714285714285714,1.0,1.0,1.0,0.8,0.8,0.8,0.0,0.0,1.1759495977312326,results/paper_aaai2027/frozen/results/final_mcs_experiments_er_sf_alpha001_nowrong_noweight_50rep_chunked/wc_sweep_sf5_2026_er_sf_alpha001_nowrong_noweight_seed2026_2075_20260715_123050/summary.json
sf5,SF (5),ABA-PC,48,48.0,2073.0,4.333333333333333,0.7155166666666667,5.25,0.46704713062597564,4.333333333333333,1.0,7.0,0.7155166666666667,0.7692,0.6667,5.25,1.0,9.0,0.46704713062597564,0.9230520704323946,0.0,6.0,48.0,0.8204212454212453,0.923076923076923,0.7999999999999999,0.4670482295482295,0.923076923076923,0.0,0.8586080586080586,0.923076923076923,0.7999999999999999,0.5694444444444444,1.0,0.0,0.0,0.0,1.4458095557056367,results/paper_aaai2027/frozen/results/final_mcs_experiments_er_sf_alpha001_nowrong_noweight_50rep_chunked/wc_sweep_sf5_2026_er_sf_alpha001_nowrong_noweight_seed2026_2075_20260715_123050/summary.json
sf5,SF (5),ABA-PC,49,49.0,2074.0,3.4545454545454546,0.6689272727272727,2.973684210526316,0.7116187534984214,3.4545454545454546,0.0,6.0,0.6689272727272727,0.8571,0.5333,2.973684210526316,0.0,5.0,0.7116187534984214,1.0,0.5333208885570282,11.0,38.0,0.8915413533834586,1.0,0.7999999999999999,0.7116228070175438,1.0,0.5333333333333333,0.8899350649350649,1.0,0.7999999999999999,0.712396694214876,1.0,0.5,1.0,1.0,1.4140770249068737,results/paper_aaai2027/frozen/results/final_mcs_experiments_er_sf_alpha001_nowrong_noweight_50rep_chunked/wc_sweep_sf5_2026_er_sf_alpha001_nowrong_noweight_seed2026_2075_20260715_123050/summary.json
sf5,SF (5),ABA-PC,50,50.0,2075.0,2.75,0.63095,1.5,0.8365024443614794,2.75,0.0,6.0,0.63095,0.7143,0.5714,1.5,0.0,3.0,0.8365024443614794,1.0,0.7143,4.0,6.0,0.953968253968254,1.0,0.8571428571428571,0.8365079365079365,1.0,0.7142857142857143,0.9476190476190476,1.0,0.8571428571428571,0.6597222222222222,1.0,0.25,1.0,1.0,1.255253380164504,results/paper_aaai2027/frozen/results/final_mcs_experiments_er_sf_alpha001_nowrong_noweight_50rep_chunked/wc_sweep_sf5_2026_er_sf_alpha001_nowrong_noweight_seed2026_2075_20260715_123050/summary.json
sf5,SF (5),OptABA-PC,1,1.0,2026.0,3.6666666666666665,0.7509,3.6,0.589014437444153,3.6666666666666665,2.0,5.0,0.7509,0.7692,0.7143,3.6,2.0,5.0,0.589014437444153,0.7692248513827863,0.4286,3.0,10.0,0.8835164835164834,0.923076923076923,0.8571428571428571,0.5890109890109889,0.7692307692307692,0.42857142857142855,0.901098901098901,0.923076923076923,0.8571428571428571,0.7474747474747474,0.9090909090909091,0.6666666666666665,0.0,0.0,1.1368829840794206,results/paper_aaai2027/frozen/results/final_mcs_experiments_er_sf_alpha001_nowrong_noweight_50rep_chunked/wc_sweep_sf5_2026_er_sf_alpha001_nowrong_noweight_seed2026_2075_20260715_123050/summary.json
sf5,SF (5),OptABA-PC,2,2.0,2027.0,4.0813953488372094,0.4684802325581395,5.199115044247788,0.4472123779915487,4.0813953488372094,0.0,9.0,0.4684802325581395,0.8571,0.1176,5.199115044247788,0.0,10.0,0.4472123779915487,1.0,0.0,86.0,678.0,0.8944299843831339,1.0,0.8235294117647058,0.44721499219156685,1.0,0.0,0.9305061559507525,1.0,0.8235294117647058,0.6011275546159267,1.0,0.0,1.0,1.0,3.461193853523582,results/paper_aaai2027/frozen/results/final_mcs_experiments_er_sf_alpha001_nowrong_noweight_50rep_chunked/wc_sweep_sf5_2026_er_sf_alpha001_nowrong_noweight_seed2026_2075_20260715_123050/summary.json
sf5,SF (5),OptABA-PC,3,3.0,2028.0,6.166666666666667,0.45311666666666667,4.642857142857143,0.5354260275718538,6.166666666666667,5.0,7.0,0.45311666666666667,0.5714,0.4,4.642857142857143,3.0,6.0,0.5354260275718538,0.7143,0.40001244400199104,6.0,14.0,0.8078492935635792,0.8571428571428571,0.7142857142857143,0.5354264782836211,0.7142857142857143,0.39999999999999997,0.8091575091575091,0.8571428571428571,0.7142857142857143,0.40824915824915825,0.5,0.3333333333333333,0.0,0.0,1.1586270667612553,results/paper_aaai2027/frozen/results/final_mcs_experiments_er_sf_alpha001_nowrong_noweight_50rep_chunked/wc_sweep_sf5_2026_er_sf_alpha001_nowrong_noweight_seed2026_2075_20260715_123050/summary.json
sf5,SF (5),OptABA-PC,4,4.0,2029.0,5.0,0.7273,3.5,0.6363636358727804,5.0,5.0,5.0,0.7273,0.7273,0.7273,3.5,3.0,4.0,0.6363636358727804,0.7272495863561156,0.5454776853894452,1.0,2.0,0.7272727272727273,0.7272727272727273,0.7272727272727273,0.6363636363636364,0.7272727272727273,0.5454545454545454,0.7272727272727273,0.7272727272727273,0.7272727272727273,0.5,0.5,0.5,0.0,0.0,1.1203072629868984,results/paper_aaai2027/frozen/results/final_mcs_experiments_er_sf_alpha001_nowrong_noweight_50rep_chunked/wc_sweep_sf5_2026_er_sf_alpha001_nowrong_noweight_seed2026_2075_20260715_123050/summary.json
sf5,SF (5),OptABA-PC,5,5.0,2030.0,4.0813953488372094,0.6672232558139535,5.199115044247788,0.4472123779915487,4.0813953488372094,0.0,9.0,0.6672232558139535,1.0,0.3529,5.199115044247788,0.0,10.0,0.4472123779915487,1.0,0.0,86.0,678.0,0.8944299843831339,1.0,0.8235294117647058,0.44721499219156685,1.0,0.0,0.9305061559507525,1.0,0.8235294117647058,0.6011275546159267,1.0,0.0,1.0,1.0,3.424432684201747,results/paper_aaai2027/frozen/results/final_mcs_experiments_er_sf_alpha001_nowrong_noweight_50rep_chunked/wc_sweep_sf5_2026_er_sf_alpha001_nowrong_noweight_seed2026_2075_20260715_123050/summary.json
sf5,SF (5),OptABA-PC,6,6.0,2031.0,2.5,0.5896833333333333,2.6,0.728141074277288,2.5,0.0,5.0,0.5896833333333333,0.8571,0.2667,2.6,0.0,5.0,0.728141074277288,1.0,0.40001244400199104,6.0,25.0,0.93,1.0,0.8750000000000001,0.7281428571428572,1.0,0.39999999999999997,0.9458333333333333,1.0,0.8750000000000001,0.7593795093795094,1.0,0.5,1.0,1.0,1.2011379743926227,results/paper_aaai2027/frozen/results/final_mcs_experiments_er_sf_alpha001_nowrong_noweight_50rep_chunked/wc_sweep_sf5_2026_er_sf_alpha001_nowrong_noweight_seed2026_2075_20260715_123050/summary.json
sf5,SF (5),OptABA-PC,7,7.0,2032.0,2.0,0.6346,2.5,0.707258447651797,2.0,1.0,3.0,0.6346,0.7692,0.5,2.5,1.0,4.0,0.707258447651797,0.9230520704323946,0.5000194439043361,2.0,6.0,0.8931623931623931,0.923076923076923,0.8333333333333333,0.7072649572649573,0.923076923076923,0.5,0.8782051282051282,0.923076923076923,0.8333333333333333,0.7301587301587302,0.888888888888889,0.5714285714285715,0.0,0.0,1.1444602101109922,results/paper_aaai2027/frozen/results/final_mcs_experiments_er_sf_alpha001_nowrong_noweight_50rep_chunked/wc_sweep_sf5_2026_er_sf_alpha001_nowrong_noweight_seed2026_2075_20260715_123050/summary.json
sf5,SF (5),OptABA-PC,8,8.0,2033.0,3.3333333333333335,0.9011,2.6,0.7362484020189325,3.3333333333333335,1.0,5.0,0.9011,0.9231,0.8571,2.6,1.0,4.0,0.7362484020189325,0.9230520704323946,0.5714,3.0,10.0,0.8835164835164834,0.923076923076923,0.8571428571428571,0.7362637362637362,0.923076923076923,0.5714285714285714,0.901098901098901,0.923076923076923,0.8571428571428571,0.7474747474747474,0.9090909090909091,0.6666666666666665,0.0,0.0,1.1341597042046487,results/paper_aaai2027/frozen/results/final_mcs_experiments_er_sf_alpha001_nowrong_noweight_50rep_chunked/wc_sweep_sf5_2026_er_sf_alpha001_nowrong_noweight_seed2026_2075_20260715_123050/summary.json
sf5,SF (5),OptABA-PC,9,9.0,2034.0,3.4545454545454546,0.5709909090909091,2.973684210526316,0.7116187534984214,3.4545454545454546,0.0,6.0,0.5709909090909091,0.8571,0.4,2.973684210526316,0.0,5.0,0.7116187534984214,1.0,0.5333208885570282,11.0,38.0,0.8915413533834586,1.0,0.7999999999999999,0.7116228070175438,1.0,0.5333333333333333,0.8899350649350649,1.0,0.7999999999999999,0.712396694214876,1.0,0.5,1.0,1.0,1.2565255514346063,results/paper_aaai2027/frozen/results/final_mcs_experiments_er_sf_alpha001_nowrong_noweight_50rep_chunked/wc_sweep_sf5_2026_er_sf_alpha001_nowrong_noweight_seed2026_2075_20260715_123050/summary.json
sf5,SF (5),OptABA-PC,10,10.0,2035.0,5.459821428571429,0.49469,5.395461912479741,0.4314516122633543,5.459821428571429,0.0,9.0,0.49469,1.0,0.125,5.395461912479741,0.0,10.0,0.4314516122633543,1.0,0.0,224.0,1234.0,0.86290755673919,1.0,0.75,0.43145377836959486,1.0,0.0,0.8783068996829501,1.0,0.75,0.3306566944959802,1.0,0.0,1.0,1.0,5.432053062599152,results/paper_aaai2027/frozen/results/final_mcs_experiments_er_sf_alpha001_nowrong_noweight_50rep_chunked/wc_sweep_sf5_2026_er_sf_alpha001_nowrong_noweight_seed2026_2075_20260715_123050/summary.json
sf5,SF (5),OptABA-PC,11,11.0,2036.0,6.0,0.6091111650485437,5.681137724550898,0.42931368329946906,6.0,0.0,9.0,0.6091111650485437,1.0,0.2667,5.681137724550898,0.0,10.0,0.42931368329946906,1.0,0.0,206.0,1336.0,0.8414953706033312,1.0,0.75,0.4293180445831027,1.0,0.0,0.8647582333904434,1.0,0.75,0.2531437817845585,1.0,0.0,1.0,1.0,5.743638788815588,results/paper_aaai2027/frozen/results/final_mcs_experiments_er_sf_alpha001_nowrong_noweight_50rep_chunked/wc_sweep_sf5_2026_er_sf_alpha001_nowrong_noweight_seed2026_2075_20260715_123050/summary.json
sf5,SF (5),OptABA-PC,12,12.0,2037.0,2.0,0.5714,2.0,0.714275,2.0,2.0,2.0,0.5714,0.5714,0.5714,2.0,1.0,3.0,0.714275,0.8571000000000001,0.5714,1.0,4.0,1.0,1.0,1.0,0.7142857142857143,0.8571428571428571,0.5714285714285714,1.0,1.0,1.0,0.8,0.8,0.8,0.0,0.0,1.7747316886670887,results/paper_aaai2027/frozen/results/final_mcs_experiments_er_sf_alpha001_nowrong_noweight_50rep_chunked/wc_sweep_sf5_2026_er_sf_alpha001_nowrong_noweight_seed2026_2075_20260715_123050/summary.json
sf5,SF (5),OptABA-PC,13,13.0,2038.0,2.0,0.7692,2.0,0.7692210050473312,2.0,2.0,2.0,0.7692,0.7692,0.7692,2.0,1.0,3.0,0.7692210050473312,0.9230520704323946,0.6153822469913577,1.0,4.0,0.923076923076923,0.923076923076923,0.923076923076923,0.7692307692307692,0.923076923076923,0.6153846153846153,0.923076923076923,0.923076923076923,0.923076923076923,0.8,0.8,0.8,0.0,0.0,1.1332814497873187,results/paper_aaai2027/frozen/results/final_mcs_experiments_er_sf_alpha001_nowrong_noweight_50rep_chunked/wc_sweep_sf5_2026_er_sf_alpha001_nowrong_noweight_seed2026_2075_20260715_123050/summary.json
sf5,SF (5),OptABA-PC,14,14.0,2039.0,4.5,0.6905,4.75,0.3797657496681793,4.5,4.0,5.0,0.6905,0.7143,0.6667,4.75,3.0,7.0,0.3797657496681793,0.5714,0.13335199701381112,2.0,16.0,0.9666666666666667,1.0,0.9333333333333333,0.37976190476190474,0.5714285714285714,0.13333333333333333,0.9666666666666667,1.0,0.9333333333333333,0.0,0.0,0.0,0.0,0.0,1.1736357538029552,results/paper_aaai2027/frozen/results/final_mcs_experiments_er_sf_alpha001_nowrong_noweight_50rep_chunked/wc_sweep_sf5_2026_er_sf_alpha001_nowrong_noweight_seed2026_2075_20260715_123050/summary.json
sf5,SF (5),OptABA-PC,15,15.0,2040.0,6.166666666666667,0.5723833333333334,4.642857142857143,0.5354260275718538,6.166666666666667,5.0,7.0,0.5723833333333334,0.6154,0.5333,4.642857142857143,3.0,6.0,0.5354260275718538,0.7143,0.40001244400199104,6.0,14.0,0.8078492935635792,0.8571428571428571,0.7142857142857143,0.5354264782836211,0.7142857142857143,0.39999999999999997,0.8091575091575091,0.8571428571428571,0.7142857142857143,0.40824915824915825,0.5,0.3333333333333333,0.0,0.0,1.16583467181772,results/paper_aaai2027/frozen/results/final_mcs_experiments_er_sf_alpha001_nowrong_noweight_50rep_chunked/wc_sweep_sf5_2026_er_sf_alpha001_nowrong_noweight_seed2026_2075_20260715_123050/summary.json
sf5,SF (5),OptABA-PC,16,16.0,2041.0,5.453608247422681,0.49528659793814434,5.785714285714286,0.4359150739471157,5.453608247422681,0.0,8.0,0.49528659793814434,0.8571,0.25,5.785714285714286,0.0,10.0,0.4359150739471157,1.0,0.0,97.0,756.0,0.8348352303884518,1.0,0.6666666666666666,0.4359203866731878,1.0,0.0,0.8558267636951687,1.0,0.6666666666666666,0.37659957453771886,1.0,0.0,1.0,1.0,3.694341762457043,results/paper_aaai2027/frozen/results/final_mcs_experiments_er_sf_alpha001_nowrong_noweight_50rep_chunked/wc_sweep_sf5_2026_er_sf_alpha001_nowrong_noweight_seed2026_2075_20260715_123050/summary.json
sf5,SF (5),OptABA-PC,17,17.0,2042.0,4.0813953488372094,0.6672232558139535,5.199115044247788,0.4472123779915487,4.0813953488372094,0.0,9.0,0.6672232558139535,1.0,0.3529,5.199115044247788,0.0,10.0,0.4472123779915487,1.0,0.0,86.0,678.0,0.8944299843831339,1.0,0.8235294117647058,0.44721499219156685,1.0,0.0,0.9305061559507525,1.0,0.8235294117647058,0.6011275546159267,1.0,0.0,1.0,1.0,3.4153503379784524,results/paper_aaai2027/frozen/results/final_mcs_experiments_er_sf_alpha001_nowrong_noweight_50rep_chunked/wc_sweep_sf5_2026_er_sf_alpha001_nowrong_noweight_seed2026_2075_20260715_123050/summary.json
sf5,SF (5),OptABA-PC,18,18.0,2043.0,3.0,0.7166727272727272,2.9210526315789473,0.7196393616797352,3.0,0.0,5.0,0.7166727272727272,0.8571,0.5333,2.9210526315789473,0.0,5.0,0.7196393616797352,1.0,0.40001244400199104,11.0,38.0,0.8915413533834586,1.0,0.7999999999999999,0.7196428571428571,1.0,0.39999999999999997,0.8899350649350649,1.0,0.7999999999999999,0.7337859110586383,1.0,0.5,1.0,1.0,1.2618668912909925,results/paper_aaai2027/frozen/results/final_mcs_experiments_er_sf_alpha001_nowrong_noweight_50rep_chunked/wc_sweep_sf5_2026_er_sf_alpha001_nowrong_noweight_seed2026_2075_20260715_123050/summary.json
sf5,SF (5),OptABA-PC,19,19.0,2044.0,2.0,0.74175,2.5,0.667576774593536,2.0,2.0,2.0,0.74175,0.7692,0.7143,2.5,2.0,3.0,0.667576774593536,0.7692248513827863,0.5714,2.0,4.0,0.9615384615384615,1.0,0.923076923076923,0.6675824175824175,0.7692307692307692,0.5714285714285714,0.9615384615384615,1.0,0.923076923076923,0.8444444444444446,0.888888888888889,0.8,0.0,0.0,1.2132747839204967,results/paper_aaai2027/frozen/results/final_mcs_experiments_er_sf_alpha001_nowrong_noweight_50rep_chunked/wc_sweep_sf5_2026_er_sf_alpha001_nowrong_noweight_seed2026_2075_20260715_123050/summary.json
sf5,SF (5),OptABA-PC,20,20.0,2045.0,3.090909090909091,0.5563727272727272,3.9210526315789473,0.5856173391746031,3.090909090909091,1.0,5.0,0.5563727272727272,0.7143,0.4,3.9210526315789473,1.0,6.0,0.5856173391746031,0.8571000000000001,0.2666604442785141,11.0,38.0,0.8915413533834586,1.0,0.7999999999999999,0.5856203007518798,0.8571428571428571,0.26666666666666666,0.8899350649350649,1.0,0.7999999999999999,0.7028860028860029,0.888888888888889,0.5714285714285715,0.0,0.0,1.2500827061012387,results/paper_aaai2027/frozen/results/final_mcs_experiments_er_sf_alpha001_nowrong_noweight_50rep_chunked/wc_sweep_sf5_2026_er_sf_alpha001_nowrong_noweight_seed2026_2075_20260715_123050/summary.json
sf5,SF (5),OptABA-PC,21,21.0,2046.0,4.0813953488372094,0.5355837209302325,5.199115044247788,0.4472123779915487,4.0813953488372094,0.0,9.0,0.5355837209302325,1.0,0.1176,5.199115044247788,0.0,10.0,0.4472123779915487,1.0,0.0,86.0,678.0,0.8944299843831339,1.0,0.8235294117647058,0.44721499219156685,1.0,0.0,0.9305061559507525,1.0,0.8235294117647058,0.6011275546159267,1.0,0.0,1.0,1.0,3.3852397156879306,results/paper_aaai2027/frozen/results/final_mcs_experiments_er_sf_alpha001_nowrong_noweight_50rep_chunked/wc_sweep_sf5_2026_er_sf_alpha001_nowrong_noweight_seed2026_2075_20260715_123050/summary.json
sf5,SF (5),OptABA-PC,22,22.0,2047.0,4.0813953488372094,0.6672232558139535,5.199115044247788,0.4472123779915487,4.0813953488372094,0.0,9.0,0.6672232558139535,1.0,0.3529,5.199115044247788,0.0,10.0,0.4472123779915487,1.0,0.0,86.0,678.0,0.8944299843831339,1.0,0.8235294117647058,0.44721499219156685,1.0,0.0,0.9305061559507525,1.0,0.8235294117647058,0.6011275546159267,1.0,0.0,1.0,1.0,3.434574834536761,results/paper_aaai2027/frozen/results/final_mcs_experiments_er_sf_alpha001_nowrong_noweight_50rep_chunked/wc_sweep_sf5_2026_er_sf_alpha001_nowrong_noweight_seed2026_2075_20260715_123050/summary.json
sf5,SF (5),OptABA-PC,23,23.0,2048.0,1.7142857142857142,0.7186857142857143,2.5,0.7288383288917792,1.7142857142857142,0.0,4.0,0.7186857142857143,0.8571,0.6154,2.5,0.0,5.0,0.7288383288917792,1.0,0.4615550290760284,7.0,16.0,0.9091575091575091,1.0,0.7692307692307692,0.7288461538461538,1.0,0.4615384615384615,0.9057038199895342,1.0,0.7692307692307692,0.816883116883117,1.0,0.5,1.0,1.0,1.1676537352614105,results/paper_aaai2027/frozen/results/final_mcs_experiments_er_sf_alpha001_nowrong_noweight_50rep_chunked/wc_sweep_sf5_2026_er_sf_alpha001_nowrong_noweight_seed2026_2075_20260715_123050/summary.json
sf5,SF (5),OptABA-PC,24,24.0,2049.0,4.0813953488372094,0.600113953488372,5.199115044247788,0.4472123779915487,4.0813953488372094,0.0,9.0,0.600113953488372,0.8571,0.3529,5.199115044247788,0.0,10.0,0.4472123779915487,1.0,0.0,86.0,678.0,0.8944299843831339,1.0,0.8235294117647058,0.44721499219156685,1.0,0.0,0.9305061559507525,1.0,0.8235294117647058,0.6011275546159267,1.0,0.0,1.0,1.0,3.4054465000517666,results/paper_aaai2027/frozen/results/final_mcs_experiments_er_sf_alpha001_nowrong_noweight_50rep_chunked/wc_sweep_sf5_2026_er_sf_alpha001_nowrong_noweight_seed2026_2075_20260715_123050/summary.json
sf5,SF (5),OptABA-PC,25,25.0,2050.0,2.5,0.6905,3.5,0.5523783887423208,2.5,2.0,3.0,0.6905,0.7143,0.6667,3.5,1.0,6.0,0.5523783887423208,0.8571000000000001,0.2666604442785141,2.0,16.0,0.9666666666666667,1.0,0.9333333333333333,0.5523809523809523,0.8571428571428571,0.26666666666666666,0.9666666666666667,1.0,0.9333333333333333,0.0,0.0,0.0,0.0,0.0,1.1887074690312147,results/paper_aaai2027/frozen/results/final_mcs_experiments_er_sf_alpha001_nowrong_noweight_50rep_chunked/wc_sweep_sf5_2026_er_sf_alpha001_nowrong_noweight_seed2026_2075_20260715_123050/summary.json
sf5,SF (5),OptABA-PC,26,26.0,2051.0,4.0813953488372094,0.8646732558139536,5.199115044247788,0.4472123779915487,4.0813953488372094,0.0,9.0,0.8646732558139536,1.0,0.7059,5.199115044247788,0.0,10.0,0.4472123779915487,1.0,0.0,86.0,678.0,0.8944299843831339,1.0,0.8235294117647058,0.44721499219156685,1.0,0.0,0.9305061559507525,1.0,0.8235294117647058,0.6011275546159267,1.0,0.0,1.0,1.0,3.4430591706186533,results/paper_aaai2027/frozen/results/final_mcs_experiments_er_sf_alpha001_nowrong_noweight_50rep_chunked/wc_sweep_sf5_2026_er_sf_alpha001_nowrong_noweight_seed2026_2075_20260715_123050/summary.json
sf5,SF (5),OptABA-PC,27,27.0,2052.0,4.175,0.59418625,5.291411042944786,0.4364852361744414,4.175,0.0,8.0,0.59418625,0.7143,0.4706,5.291411042944786,0.0,10.0,0.4364852361744414,1.0,0.0,80.0,652.0,0.8937477444965717,1.0,0.8235294117647058,0.43648824560499044,1.0,0.0,0.9309191176470589,1.0,0.8235294117647058,0.5378066378066378,1.0,0.0,1.0,1.0,3.320658495184034,results/paper_aaai2027/frozen/results/final_mcs_experiments_er_sf_alpha001_nowrong_noweight_50rep_chunked/wc_sweep_sf5_2026_er_sf_alpha001_nowrong_noweight_seed2026_2075_20260715_123050/summary.json
sf5,SF (5),OptABA-PC,28,28.0,2053.0,2.6666666666666665,0.7033,2.6,0.7362484020189325,2.6666666666666665,1.0,4.0,0.7033,0.9231,0.5714,2.6,1.0,4.0,0.7362484020189325,0.9230520704323946,0.5714,3.0,10.0,0.8835164835164834,0.923076923076923,0.8571428571428571,0.7362637362637362,0.923076923076923,0.5714285714285714,0.901098901098901,0.923076923076923,0.8571428571428571,0.8666666666666667,1.0,0.8,0.0,0.0,1.1357423118315637,results/paper_aaai2027/frozen/results/final_mcs_experiments_er_sf_alpha001_nowrong_noweight_50rep_chunked/wc_sweep_sf5_2026_er_sf_alpha001_nowrong_noweight_seed2026_2075_20260715_123050/summary.json
sf5,SF (5),OptABA-PC,29,29.0,2054.0,4.733333333333333,0.5967288888888889,5.533898305084746,0.4399579968758368,4.733333333333333,1.0,9.0,0.5967288888888889,0.9333,0.3529,5.533898305084746,1.0,10.0,0.4399579968758368,0.9333333333333333,0.0,45.0,472.0,0.8732843137254902,0.9333333333333333,0.8235294117647058,0.4399613659022931,0.9333333333333333,0.0,0.904967320261438,0.9333333333333333,0.8235294117647058,0.5586531986531986,1.0,0.0,0.0,0.0,2.672066462226212,results/paper_aaai2027/frozen/results/final_mcs_experiments_er_sf_alpha001_nowrong_noweight_50rep_chunked/wc_sweep_sf5_2026_er_sf_alpha001_nowrong_noweight_seed2026_2075_20260715_123050/summary.json
sf5,SF (5),OptABA-PC,30,30.0,2055.0,2.6666666666666665,0.9011,2.6,0.7362484020189325,2.6666666666666665,1.0,4.0,0.9011,0.9231,0.8571,2.6,1.0,4.0,0.7362484020189325,0.9230520704323946,0.5714,3.0,10.0,0.8835164835164834,0.923076923076923,0.8571428571428571,0.7362637362637362,0.923076923076923,0.5714285714285714,0.901098901098901,0.923076923076923,0.8571428571428571,0.8666666666666667,1.0,0.8,0.0,0.0,1.1230801199562848,results/paper_aaai2027/frozen/results/final_mcs_experiments_er_sf_alpha001_nowrong_noweight_50rep_chunked/wc_sweep_sf5_2026_er_sf_alpha001_nowrong_noweight_seed2026_2075_20260715_123050/summary.json
sf5,SF (5),OptABA-PC,31,31.0,2056.0,6.072,0.2922479452054795,5.689345314505776,0.4367786026713414,6.072,0.0,9.0,0.2922479452054795,0.8,0.125,5.689345314505776,0.0,10.0,0.4367786026713414,1.0,0.0,250.0,1558.0,0.829164194561008,1.0,0.6666666666666666,0.43678241514834426,1.0,0.0,0.8475322128851541,1.0,0.6666666666666666,0.27170158730158733,1.0,0.0,1.0,1.0,6.497835721820593,results/paper_aaai2027/frozen/results/final_mcs_experiments_er_sf_alpha001_nowrong_noweight_50rep_chunked/wc_sweep_sf5_2026_er_sf_alpha001_nowrong_noweight_seed2026_2075_20260715_123050/summary.json
sf5,SF (5),OptABA-PC,32,32.0,2057.0,2.9,0.80083,3.7714285714285714,0.5977175174878259,2.9,1.0,4.0,0.80083,0.9333,0.7143,3.7714285714285714,1.0,6.0,0.5977175174878259,0.8571000000000001,0.2666604442785141,10.0,35.0,0.8993877551020408,1.0,0.7999999999999999,0.5977210884353741,0.8571428571428571,0.26666666666666666,0.8989285714285714,1.0,0.7999999999999999,0.7131746031746032,0.888888888888889,0.5714285714285715,0.0,0.0,1.2350098271854222,results/paper_aaai2027/frozen/results/final_mcs_experiments_er_sf_alpha001_nowrong_noweight_50rep_chunked/wc_sweep_sf5_2026_er_sf_alpha001_nowrong_noweight_seed2026_2075_20260715_123050/summary.json
sf5,SF (5),OptABA-PC,33,33.0,2058.0,0.0,0.7143,1.5,0.7857000000000001,0.0,0.0,0.0,0.7143,0.7143,0.7143,1.5,0.0,3.0,0.7857000000000001,1.0,0.5714,1.0,4.0,1.0,1.0,1.0,0.7857142857142857,1.0,0.5714285714285714,1.0,1.0,1.0,1.0,1.0,1.0,1.0,1.0,1.1246026898734272,results/paper_aaai2027/frozen/results/final_mcs_experiments_er_sf_alpha001_nowrong_noweight_50rep_chunked/wc_sweep_sf5_2026_er_sf_alpha001_nowrong_noweight_seed2026_2075_20260715_123050/summary.json
sf5,SF (5),OptABA-PC,34,34.0,2059.0,4.0813953488372094,0.600113953488372,5.199115044247788,0.4472123779915487,4.0813953488372094,0.0,9.0,0.600113953488372,0.8571,0.3529,5.199115044247788,0.0,10.0,0.4472123779915487,1.0,0.0,86.0,678.0,0.8944299843831339,1.0,0.8235294117647058,0.44721499219156685,1.0,0.0,0.9305061559507525,1.0,0.8235294117647058,0.6011275546159267,1.0,0.0,1.0,1.0,4.027028527110815,results/paper_aaai2027/frozen/results/final_mcs_experiments_er_sf_alpha001_nowrong_noweight_50rep_chunked/wc_sweep_sf5_2026_er_sf_alpha001_nowrong_noweight_seed2026_2075_20260715_123050/summary.json
sf5,SF (5),OptABA-PC,35,35.0,2060.0,4.6,0.55898,5.071428571428571,0.3983560978542606,4.6,2.0,7.0,0.55898,0.6667,0.4615,5.071428571428571,2.0,8.0,0.3983560978542606,0.8333430554745377,0.0,5.0,42.0,0.7967032967032966,0.8333333333333333,0.7692307692307692,0.3983516483516483,0.8333333333333333,0.0,0.8205128205128205,0.8333333333333333,0.7692307692307692,0.4063492063492064,0.888888888888889,0.0,0.0,0.0,1.2073788298293948,results/paper_aaai2027/frozen/results/final_mcs_experiments_er_sf_alpha001_nowrong_noweight_50rep_chunked/wc_sweep_sf5_2026_er_sf_alpha001_nowrong_noweight_seed2026_2075_20260715_123050/summary.json
sf5,SF (5),OptABA-PC,36,36.0,2061.0,4.0813953488372094,0.5343011627906976,5.199115044247788,0.4472123779915487,4.0813953488372094,0.0,9.0,0.5343011627906976,0.8571,0.2353,5.199115044247788,0.0,10.0,0.4472123779915487,1.0,0.0,86.0,678.0,0.8944299843831339,1.0,0.8235294117647058,0.44721499219156685,1.0,0.0,0.9305061559507525,1.0,0.8235294117647058,0.6011275546159267,1.0,0.0,1.0,1.0,3.3884079549461603,results/paper_aaai2027/frozen/results/final_mcs_experiments_er_sf_alpha001_nowrong_noweight_50rep_chunked/wc_sweep_sf5_2026_er_sf_alpha001_nowrong_noweight_seed2026_2075_20260715_123050/summary.json
sf5,SF (5),OptABA-PC,37,37.0,2062.0,4.0813953488372094,0.7962860465116278,5.199115044247788,0.447210978040589,4.0813953488372094,0.0,7.0,0.7962860465116278,1.0,0.625,5.199115044247788,0.0,10.0,0.447210978040589,1.0,0.0,86.0,678.0,0.8944299843831339,1.0,0.8235294117647058,0.44721499219156685,1.0,0.0,0.9305061559507525,1.0,0.8235294117647058,0.5043189368770764,1.0,0.0,1.0,1.0,3.397887013386935,results/paper_aaai2027/frozen/results/final_mcs_experiments_er_sf_alpha001_nowrong_noweight_50rep_chunked/wc_sweep_sf5_2026_er_sf_alpha001_nowrong_noweight_seed2026_2075_20260715_123050/summary.json
sf5,SF (5),OptABA-PC,38,38.0,2063.0,2.0,1.0,2.0,0.714275,2.0,2.0,2.0,1.0,1.0,1.0,2.0,1.0,3.0,0.714275,0.8571000000000001,0.5714,1.0,4.0,1.0,1.0,1.0,0.7142857142857143,0.8571428571428571,0.5714285714285714,1.0,1.0,1.0,0.8,0.8,0.8,0.0,0.0,1.1251535210758448,results/paper_aaai2027/frozen/results/final_mcs_experiments_er_sf_alpha001_nowrong_noweight_50rep_chunked/wc_sweep_sf5_2026_er_sf_alpha001_nowrong_noweight_seed2026_2075_20260715_123050/summary.json
sf5,SF (5),OptABA-PC,39,39.0,2064.0,4.0813953488372094,0.4617213333333334,5.199115044247788,0.4472123779915487,4.0813953488372094,0.0,9.0,0.4617213333333334,0.8571,0.25,5.199115044247788,0.0,10.0,0.4472123779915487,1.0,0.0,86.0,678.0,0.8944299843831339,1.0,0.8235294117647058,0.44721499219156685,1.0,0.0,0.9305061559507525,1.0,0.8235294117647058,0.6011275546159267,1.0,0.0,1.0,1.0,3.4060907550156116,results/paper_aaai2027/frozen/results/final_mcs_experiments_er_sf_alpha001_nowrong_noweight_50rep_chunked/wc_sweep_sf5_2026_er_sf_alpha001_nowrong_noweight_seed2026_2075_20260715_123050/summary.json
sf5,SF (5),OptABA-PC,40,40.0,2065.0,4.0813953488372094,0.7988616279069768,5.199115044247788,0.4472123779915487,4.0813953488372094,0.0,9.0,0.7988616279069768,1.0,0.5882,5.199115044247788,0.0,10.0,0.4472123779915487,1.0,0.0,86.0,678.0,0.8944299843831339,1.0,0.8235294117647058,0.44721499219156685,1.0,0.0,0.9305061559507525,1.0,0.8235294117647058,0.6011275546159267,1.0,0.0,1.0,1.0,3.4808405758813024,results/paper_aaai2027/frozen/results/final_mcs_experiments_er_sf_alpha001_nowrong_noweight_50rep_chunked/wc_sweep_sf5_2026_er_sf_alpha001_nowrong_noweight_seed2026_2075_20260715_123050/summary.json
sf5,SF (5),OptABA-PC,41,41.0,2066.0,2.6666666666666665,0.8075333333333333,2.5714285714285716,0.7640995590228906,2.6666666666666665,1.0,4.0,0.8075333333333333,0.9333,0.5714,2.5714285714285716,1.0,4.0,0.7640995590228906,0.9333333333333333,0.6153822469913577,6.0,14.0,0.8663526949241235,0.9333333333333333,0.7692307692307692,0.764102564102564,0.9333333333333333,0.6153846153846153,0.8551892551892551,0.9333333333333333,0.7692307692307692,0.8308080808080808,1.0,0.6666666666666666,0.0,0.0,1.2124327667988837,results/paper_aaai2027/frozen/results/final_mcs_experiments_er_sf_alpha001_nowrong_noweight_50rep_chunked/wc_sweep_sf5_2026_er_sf_alpha001_nowrong_noweight_seed2026_2075_20260715_123050/summary.json
sf5,SF (5),OptABA-PC,42,42.0,2067.0,3.0,0.6568090909090909,2.9210526315789473,0.7196393616797352,3.0,0.0,5.0,0.6568090909090909,0.8571,0.5333,2.9210526315789473,0.0,5.0,0.7196393616797352,1.0,0.40001244400199104,11.0,38.0,0.8915413533834586,1.0,0.7999999999999999,0.7196428571428571,1.0,0.39999999999999997,0.8899350649350649,1.0,0.7999999999999999,0.7337859110586383,1.0,0.5,1.0,1.0,1.3099756999872625,results/paper_aaai2027/frozen/results/final_mcs_experiments_er_sf_alpha001_nowrong_noweight_50rep_chunked/wc_sweep_sf5_2026_er_sf_alpha001_nowrong_noweight_seed2026_2075_20260715_123050/summary.json
sf5,SF (5),OptABA-PC,43,43.0,2068.0,2.0,0.8571,2.0,0.714275,2.0,2.0,2.0,0.8571,0.8571,0.8571,2.0,1.0,3.0,0.714275,0.8571000000000001,0.5714,1.0,4.0,1.0,1.0,1.0,0.7142857142857143,0.8571428571428571,0.5714285714285714,1.0,1.0,1.0,0.8,0.8,0.8,0.0,0.0,1.192079711239785,results/paper_aaai2027/frozen/results/final_mcs_experiments_er_sf_alpha001_nowrong_noweight_50rep_chunked/wc_sweep_sf5_2026_er_sf_alpha001_nowrong_noweight_seed2026_2075_20260715_123050/summary.json
sf5,SF (5),OptABA-PC,44,44.0,2069.0,6.072,0.44976479999999996,5.689345314505776,0.4367786026713414,6.072,0.0,9.0,0.44976479999999996,0.8571,0.1333,5.689345314505776,0.0,10.0,0.4367786026713414,1.0,0.0,250.0,1558.0,0.829164194561008,1.0,0.6666666666666666,0.43678241514834426,1.0,0.0,0.8475322128851541,1.0,0.6666666666666666,0.27170158730158733,1.0,0.0,1.0,1.0,6.9753874209709466,results/paper_aaai2027/frozen/results/final_mcs_experiments_er_sf_alpha001_nowrong_noweight_50rep_chunked/wc_sweep_sf5_2026_er_sf_alpha001_nowrong_noweight_seed2026_2075_20260715_123050/summary.json
sf5,SF (5),OptABA-PC,45,45.0,2070.0,2.0,0.7143,2.0,0.714275,2.0,2.0,2.0,0.7143,0.7143,0.7143,2.0,1.0,3.0,0.714275,0.8571000000000001,0.5714,1.0,4.0,1.0,1.0,1.0,0.7142857142857143,0.8571428571428571,0.5714285714285714,1.0,1.0,1.0,0.8,0.8,0.8,0.0,0.0,1.1638088235631585,results/paper_aaai2027/frozen/results/final_mcs_experiments_er_sf_alpha001_nowrong_noweight_50rep_chunked/wc_sweep_sf5_2026_er_sf_alpha001_nowrong_noweight_seed2026_2075_20260715_123050/summary.json
sf5,SF (5),OptABA-PC,46,46.0,2071.0,2.0,1.0,2.0,0.714275,2.0,2.0,2.0,1.0,1.0,1.0,2.0,1.0,3.0,0.714275,0.8571000000000001,0.5714,1.0,4.0,1.0,1.0,1.0,0.7142857142857143,0.8571428571428571,0.5714285714285714,1.0,1.0,1.0,0.8,0.8,0.8,0.0,0.0,1.1388912363909185,results/paper_aaai2027/frozen/results/final_mcs_experiments_er_sf_alpha001_nowrong_noweight_50rep_chunked/wc_sweep_sf5_2026_er_sf_alpha001_nowrong_noweight_seed2026_2075_20260715_123050/summary.json
sf5,SF (5),OptABA-PC,47,47.0,2072.0,2.0,0.7143,2.0,0.714275,2.0,2.0,2.0,0.7143,0.7143,0.7143,2.0,1.0,3.0,0.714275,0.8571000000000001,0.5714,1.0,4.0,1.0,1.0,1.0,0.7142857142857143,0.8571428571428571,0.5714285714285714,1.0,1.0,1.0,0.8,0.8,0.8,0.0,0.0,1.0823761546052992,results/paper_aaai2027/frozen/results/final_mcs_experiments_er_sf_alpha001_nowrong_noweight_50rep_chunked/wc_sweep_sf5_2026_er_sf_alpha001_nowrong_noweight_seed2026_2075_20260715_123050/summary.json
sf5,SF (5),OptABA-PC,48,48.0,2073.0,4.0,0.5714,4.0,0.428575,4.0,4.0,4.0,0.5714,0.5714,0.5714,4.0,3.0,5.0,0.428575,0.5714,0.2857,1.0,4.0,1.0,1.0,1.0,0.42857142857142855,0.5714285714285714,0.2857142857142857,1.0,1.0,1.0,0.5,0.5,0.5,0.0,0.0,1.1926403222605586,results/paper_aaai2027/frozen/results/final_mcs_experiments_er_sf_alpha001_nowrong_noweight_50rep_chunked/wc_sweep_sf5_2026_er_sf_alpha001_nowrong_noweight_seed2026_2075_20260715_123050/summary.json
sf5,SF (5),OptABA-PC,49,49.0,2074.0,3.4545454545454546,0.6689272727272727,2.973684210526316,0.7116187534984214,3.4545454545454546,0.0,6.0,0.6689272727272727,0.8571,0.5333,2.973684210526316,0.0,5.0,0.7116187534984214,1.0,0.5333208885570282,11.0,38.0,0.8915413533834586,1.0,0.7999999999999999,0.7116228070175438,1.0,0.5333333333333333,0.8899350649350649,1.0,0.7999999999999999,0.712396694214876,1.0,0.5,1.0,1.0,1.3164876205846667,results/paper_aaai2027/frozen/results/final_mcs_experiments_er_sf_alpha001_nowrong_noweight_50rep_chunked/wc_sweep_sf5_2026_er_sf_alpha001_nowrong_noweight_seed2026_2075_20260715_123050/summary.json
sf5,SF (5),OptABA-PC,50,50.0,2075.0,2.75,0.63095,1.5,0.8365024443614794,2.75,0.0,6.0,0.63095,0.7143,0.5714,1.5,0.0,3.0,0.8365024443614794,1.0,0.7143,4.0,6.0,0.953968253968254,1.0,0.8571428571428571,0.8365079365079365,1.0,0.7142857142857143,0.9476190476190476,1.0,0.8571428571428571,0.6597222222222222,1.0,0.25,1.0,1.0,1.164618058130145,results/paper_aaai2027/frozen/results/final_mcs_experiments_er_sf_alpha001_nowrong_noweight_50rep_chunked/wc_sweep_sf5_2026_er_sf_alpha001_nowrong_noweight_seed2026_2075_20260715_123050/summary.json
er8,ER (8),ABA-PC,1,1.0,2059.0,11.957446808510639,0.6218531914893617,7.024096385542169,0.6028200113548124,11.957446808510639,7.0,15.0,0.6218531914893617,0.7742,0.4375,7.024096385542169,3.0,10.0,0.6028200113548124,0.8125,0.42426115624632055,47.0,249.0,0.955209498796751,1.0,0.9032258064516129,0.6028196363165271,0.8125,0.42424242424242425,0.9442248497327426,1.0,0.9032258064516129,0.0,0.0,0.0,0.0,0.0,95.0238248091191,results/paper_aaai2027/frozen/results/final_mcs_experiments_er_sf_alpha001_nowrong_noweight_50rep_chunked/wc_sweep_8_2026_er_sf_alpha001_nowrong_noweight_seed2059_2075_20260715_132258/summary.json
er8,ER (8),ABA-PC,2,2.0,2060.0,22.402328042328044,0.31488689434364997,18.85101214574899,0.2895150019879971,22.402328042328044,17.0,26.0,0.31488689434364997,0.5143,0.0556,18.85101214574899,11.0,25.0,0.2895150019879971,0.5625,0.05129716981132075,4725.0,12350.0,0.6663996946798371,0.8571428571428572,0.47058823529411764,0.28951436026808414,0.5625,0.05128205128205128,0.6688207989193647,0.8571428571428572,0.47058823529411764,0.0,0.0,0.0,0.0,0.0,157.48526924708858,results/paper_aaai2027/frozen/results/final_mcs_experiments_er_sf_alpha001_nowrong_noweight_50rep_chunked/wc_sweep_8_2026_er_sf_alpha001_nowrong_noweight_seed2059_2075_20260715_132258/summary.json
er8,ER (8),ABA-PC,3,3.0,2061.0,,,,,,,,,,,,,,,,,,,,,,,,,,,,,,,,,121.90884232195094,results/paper_aaai2027/frozen/results/final_mcs_experiments_er_sf_alpha001_nowrong_noweight_50rep_chunked/wc_sweep_8_2026_er_sf_alpha001_nowrong_noweight_seed2059_2075_20260715_132258/summary.json
er8,ER (8),ABA-PC,4,4.0,2062.0,18.37773442942734,0.28059165389438484,15.760311688311688,0.37930146276918525,18.37773442942734,12.0,23.0,0.28059165389438484,0.625,0.0625,15.760311688311688,11.0,20.0,0.37930146276918525,0.5806451612903225,0.06895624103299856,7177.0,9625.0,0.6115906475903081,0.8125,0.3448275862068966,0.3793025887887072,0.5806451612903225,0.06896551724137931,0.6091967236454683,0.8125,0.3448275862068966,0.24351507628285612,0.6666666666666667,0.0,0.0,0.0,158.39388159802184,results/paper_aaai2027/frozen/results/final_mcs_experiments_er_sf_alpha001_nowrong_noweight_50rep_chunked/wc_sweep_8_2026_er_sf_alpha001_nowrong_noweight_seed2059_2075_20260715_132258/summary.json
er8,ER (8),ABA-PC,5,5.0,2063.0,10.836211699164345,0.5372693314763232,10.319767779390421,0.6116330583038635,10.836211699164345,3.0,18.0,0.5372693314763232,0.8667,0.25,10.319767779390421,2.0,16.0,0.6116330583038635,0.9333333333333333,0.38709677419354843,3590.0,17225.0,0.7337758804240818,0.9333333333333333,0.5806451612903225,0.6116321961375486,0.9333333333333333,0.38709677419354843,0.7361507236790313,0.9333333333333333,0.5806451612903225,0.6469383694567326,1.0,0.25,0.0,0.0,121.8468672297895,results/paper_aaai2027/frozen/results/final_mcs_experiments_er_sf_alpha001_nowrong_noweight_50rep_chunked/wc_sweep_8_2026_er_sf_alpha001_nowrong_noweight_seed2059_2075_20260715_132258/summary.json
er8,ER (8),ABA-PC,6,6.0,2064.0,16.650651465798045,0.26169723127035827,14.877927461139896,0.38842499009441384,16.650651465798045,13.0,21.0,0.26169723127035827,0.4848,0.1176,14.877927461139896,10.0,20.0,0.38842499009441384,0.625,0.1875,1228.0,4825.0,0.6803628542580036,0.8125,0.5161290322580646,0.38842641487898677,0.625,0.1875,0.6806680688538412,0.8125,0.5161290322580646,0.2843177051036626,0.5384615384615384,0.16,0.0,0.0,124.75089852977544,results/paper_aaai2027/frozen/results/final_mcs_experiments_er_sf_alpha001_nowrong_noweight_50rep_chunked/wc_sweep_8_2026_er_sf_alpha001_nowrong_noweight_seed2059_2075_20260715_132258/summary.json
er8,ER (8),ABA-PC,7,7.0,2065.0,17.2759932375317,0.43863385460693155,15.64664907651715,0.3560550642526608,17.2759932375317,7.0,23.0,0.43863385460693155,0.8387,0.1176,15.64664907651715,6.0,22.0,0.3560550642526608,0.6451768986606796,0.11764083015671326,7098.0,9475.0,0.7214563123094867,0.967741935483871,0.45161290322580644,0.35605546394187537,0.6451612903225806,0.11764705882352941,0.7106382033081311,0.967741935483871,0.45161290322580644,0.2884981582329059,0.6666666666666666,0.07407407407407407,0.0,0.0,134.1024738359265,results/paper_aaai2027/frozen/results/final_mcs_experiments_er_sf_alpha001_nowrong_noweight_50rep_chunked/wc_sweep_8_2026_er_sf_alpha001_nowrong_noweight_seed2059_2075_20260715_132258/summary.json
er8,ER (8),ABA-PC,8,8.0,2066.0,,,,,,,,,,,,,,,,,,,,,,,,,,,,,,,,,132.11743822926655,results/paper_aaai2027/frozen/results/final_mcs_experiments_er_sf_alpha001_nowrong_noweight_50rep_chunked/wc_sweep_8_2026_er_sf_alpha001_nowrong_noweight_seed2059_2075_20260715_132258/summary.json
er8,ER (8),ABA-PC,9,9.0,2067.0,16.7336370175018,0.3385665068328938,16.431884057971015,0.3720330991554108,16.7336370175018,10.0,22.0,0.3385665068328938,0.5714,0.129,16.431884057971015,10.0,22.0,0.3720330991554108,0.6285435091598232,0.12901664730933024,4171.0,12075.0,0.5935498776241099,0.7999999999999999,0.39999999999999997,0.372034475749695,0.6285714285714286,0.12903225806451615,0.5876354423851377,0.7999999999999999,0.39999999999999997,0.3558556350774746,0.6428571428571429,0.08695652173913043,0.0,0.0,123.27043139981106,results/paper_aaai2027/frozen/results/final_mcs_experiments_er_sf_alpha001_nowrong_noweight_50rep_chunked/wc_sweep_8_2026_er_sf_alpha001_nowrong_noweight_seed2059_2075_20260715_132258/summary.json
er8,ER (8),ABA-PC,10,10.0,2068.0,,,,,,,,,,,,,,,,,,,,,,,,,,,,,,,,,149.63512018090114,results/paper_aaai2027/frozen/results/final_mcs_experiments_er_sf_alpha001_nowrong_noweight_50rep_chunked/wc_sweep_8_2026_er_sf_alpha001_nowrong_noweight_seed2059_2075_20260715_132258/summary.json
er8,ER (8),ABA-PC,11,11.0,2069.0,11.576271186440678,0.49187627118644073,11.25243664717349,0.45519221837997037,11.576271186440678,8.0,15.0,0.49187627118644073,0.6452,0.375,11.25243664717349,6.0,16.0,0.45519221837997037,0.6666728888225192,0.25,59.0,1026.0,0.8337193144422912,0.9333333333333333,0.75,0.45519182246020695,0.6666666666666666,0.25,0.8396042079041468,0.9333333333333333,0.75,0.4026198347313948,0.5714285714285715,0.23529411764705885,0.0,0.0,25.349587709177285,results/paper_aaai2027/frozen/results/final_mcs_experiments_er_sf_alpha001_nowrong_noweight_50rep_chunked/wc_sweep_8_2026_er_sf_alpha001_nowrong_noweight_seed2059_2075_20260715_132258/summary.json
er8,ER (8),ABA-PC,12,12.0,2070.0,18.20019707669568,0.22520599933708982,17.736842105263158,0.26148683316149807,18.20019707669568,11.0,23.0,0.22520599933708982,0.5161,0.0571,17.736842105263158,11.0,22.0,0.26148683316149807,0.5333208885570282,0.11430742509769866,6089.0,16625.0,0.6450226841280772,0.8125,0.38709677419354843,0.2614866201515414,0.5333333333333333,0.11428571428571428,0.6434305149307166,0.8125,0.38709677419354843,0.00735941306566303,0.36363636363636365,0.0,0.0,0.0,133.1218581548892,results/paper_aaai2027/frozen/results/final_mcs_experiments_er_sf_alpha001_nowrong_noweight_50rep_chunked/wc_sweep_8_2026_er_sf_alpha001_nowrong_noweight_seed2059_2075_20260715_132258/summary.json
er8,ER (8),ABA-PC,13,13.0,2071.0,6.136363636363637,0.46134636363636367,8.618181818181819,0.6194919568730382,6.136363636363637,2.0,10.0,0.46134636363636367,0.5806,0.3226,8.618181818181819,1.0,16.0,0.6194919568730382,0.967741935483871,0.25808012386297663,110.0,5280.0,0.8392129736136819,0.967741935483871,0.7096774193548386,0.6194911464480073,0.967741935483871,0.2580645161290323,0.8392129736136819,0.967741935483871,0.7096774193548386,0.6739879255591329,0.9333333333333333,0.39999999999999997,0.0,0.0,79.9856384252198,results/paper_aaai2027/frozen/results/final_mcs_experiments_er_sf_alpha001_nowrong_noweight_50rep_chunked/wc_sweep_8_2026_er_sf_alpha001_nowrong_noweight_seed2059_2075_20260715_132258/summary.json
er8,ER (8),ABA-PC,14,14.0,2072.0,8.445454545454545,0.6367063636363637,7.451851851851852,0.6419996193319435,8.445454545454545,3.0,12.0,0.6367063636363637,0.8387,0.4138,7.451851851851852,2.0,12.0,0.6419996193319435,0.903210197422994,0.38709677419354843,110.0,1080.0,0.8761897213389612,0.967741935483871,0.7586206896551724,0.6419986627803184,0.9032258064516129,0.38709677419354843,0.8722637718064454,0.967741935483871,0.7586206896551724,0.5932137101929928,0.8571428571428572,0.380952380952381,0.0,0.0,13.99399801203981,results/paper_aaai2027/frozen/results/final_mcs_experiments_er_sf_alpha001_nowrong_noweight_50rep_chunked/wc_sweep_8_2026_er_sf_alpha001_nowrong_noweight_seed2059_2075_20260715_132258/summary.json
er8,ER (8),ABA-PC,15,15.0,2073.0,22.606198034769463,0.2666174603174603,20.56,0.21653922368841513,22.606198034769463,18.0,25.0,0.2666174603174603,0.5161,0.0625,20.56,16.0,25.0,0.21653922368841513,0.3333146654719235,0.06453173374613004,1323.0,1575.0,0.4532572153567891,0.6451612903225806,0.26666666666666666,0.21653760157111687,0.3333333333333333,0.06451612903225808,0.46070058911607104,0.6451612903225806,0.26666666666666666,0.10003639926981753,0.28571428571428575,0.0,0.0,0.0,142.12156977830455,results/paper_aaai2027/frozen/results/final_mcs_experiments_er_sf_alpha001_nowrong_noweight_50rep_chunked/wc_sweep_8_2026_er_sf_alpha001_nowrong_noweight_seed2059_2075_20260715_132258/summary.json
er8,ER (8),ABA-PC,16,16.0,2074.0,18.07071129707113,0.32159125523012555,17.210625,0.22946533198175556,18.07071129707113,13.0,22.0,0.32159125523012555,0.5625,0.1176,17.210625,13.0,21.0,0.22946533198175556,0.375,0.1080835603996367,2390.0,6400.0,0.7386394419877865,0.9411764705882353,0.5333333333333333,0.22946369488487797,0.375,0.1081081081081081,0.708442068567814,0.9411764705882353,0.5333333333333333,0.14142839439793178,0.3529411764705882,0.0,0.0,0.0,140.09214376518503,results/paper_aaai2027/frozen/results/final_mcs_experiments_er_sf_alpha001_nowrong_noweight_50rep_chunked/wc_sweep_8_2026_er_sf_alpha001_nowrong_noweight_seed2059_2075_20260715_132258/summary.json
er8,ER (8),ABA-PC,17,17.0,2075.0,,,,,,,,,,,,,,,,,,,,,,,,,,,,,,,,,128.58748062839732,results/paper_aaai2027/frozen/results/final_mcs_experiments_er_sf_alpha001_nowrong_noweight_50rep_chunked/wc_sweep_8_2026_er_sf_alpha001_nowrong_noweight_seed2059_2075_20260715_132258/summary.json
er8,ER (8),OptABA-PC,1,1.0,2059.0,10.089622641509434,0.6280924528301887,6.939302884615385,0.6333874778880138,10.089622641509434,2.0,15.0,0.6280924528301887,0.8387,0.375,6.939302884615385,1.0,12.0,0.6333874778880138,0.9375,0.3636145074872922,212.0,1664.0,0.9323183468398497,1.0,0.7999999999999999,0.633386739466258,0.9375,0.3636363636363636,0.912878723461387,1.0,0.7999999999999999,0.0,0.0,0.0,0.0,0.0,346.79744345415384,results/paper_aaai2027/frozen/results/final_mcs_experiments_er_sf_alpha001_nowrong_noweight_50rep_chunked/wc_sweep_8_2026_er_sf_alpha001_nowrong_noweight_seed2059_2075_20260715_132258/summary.json
er8,ER (8),OptABA-PC,2,2.0,2060.0,15.52576112412178,0.3285059718969555,13.840625,0.3674397041740169,15.52576112412178,11.0,19.0,0.3285059718969555,0.5333,0.069,13.840625,8.0,18.0,0.3674397041740169,0.6000186660029866,0.14286938635584506,854.0,1920.0,0.6878536688138358,0.8666666666666666,0.5185185185185185,0.36744195931569923,0.6000000000000001,0.14285714285714288,0.6847664150803959,0.8666666666666666,0.5185185185185185,0.2631042143662278,0.5333333333333333,0.0,0.0,0.0,316.17525402177125,results/paper_aaai2027/frozen/results/final_mcs_experiments_er_sf_alpha001_nowrong_noweight_50rep_chunked/wc_sweep_8_2026_er_sf_alpha001_nowrong_noweight_seed2059_2075_20260715_132258/summary.json
er8,ER (8),OptABA-PC,3,3.0,2061.0,10.773338048090523,0.6026497878359265,9.829411764705883,0.6047057147938162,10.773338048090523,5.0,16.0,0.6026497878359265,0.7742,0.375,9.829411764705883,4.0,16.0,0.6047057147938162,0.7741935483870969,0.3333146654719235,5656.0,7140.0,0.7674099079874525,0.967741935483871,0.6000000000000001,0.6047037410609567,0.7741935483870969,0.3333333333333333,0.7619461487251318,0.967741935483871,0.6000000000000001,0.6007850384117405,0.8695652173913043,0.34782608695652173,0.0,0.0,340.0654281117022,results/paper_aaai2027/frozen/results/final_mcs_experiments_er_sf_alpha001_nowrong_noweight_50rep_chunked/wc_sweep_8_2026_er_sf_alpha001_nowrong_noweight_seed2059_2075_20260715_132258/summary.json
er8,ER (8),OptABA-PC,4,4.0,2062.0,12.5,0.48594,11.1,0.5587570478980787,12.5,10.0,14.0,0.48594,0.5714,0.3846,11.1,8.0,14.0,0.5587570478980787,0.7142734691078654,0.38461538461538464,10.0,40.0,0.6315418298176919,0.7142857142857143,0.5384615384615384,0.558751912200188,0.7142857142857143,0.38461538461538464,0.6315418298176919,0.7142857142857143,0.5384615384615384,0.5525730994152046,0.7000000000000001,0.4444444444444444,0.0,0.0,310.2979380362667,results/paper_aaai2027/frozen/results/final_mcs_experiments_er_sf_alpha001_nowrong_noweight_50rep_chunked/wc_sweep_8_2026_er_sf_alpha001_nowrong_noweight_seed2059_2075_20260715_132258/summary.json
er8,ER (8),OptABA-PC,5,5.0,2063.0,11.109533468559837,0.5656764705882352,9.571121846484166,0.6506753221177444,11.109533468559837,5.0,15.0,0.5656764705882352,0.8,0.3871,9.571121846484166,4.0,14.0,0.6506753221177444,0.866679110906898,0.4666666666666667,493.0,1863.0,0.7352906359982203,0.875,0.6000000000000001,0.6506732528837621,0.8666666666666666,0.4666666666666667,0.7382165892981116,0.875,0.6000000000000001,0.6088250929941647,0.9166666666666666,0.4,0.0,0.0,66.81723006721586,results/paper_aaai2027/frozen/results/final_mcs_experiments_er_sf_alpha001_nowrong_noweight_50rep_chunked/wc_sweep_8_2026_er_sf_alpha001_nowrong_noweight_seed2059_2075_20260715_132258/summary.json
er8,ER (8),OptABA-PC,6,6.0,2064.0,15.777777777777779,0.26266666666666666,14.129032258064516,0.30924811061862767,15.777777777777779,13.0,17.0,0.26266666666666666,0.3448,0.2069,14.129032258064516,11.0,17.0,0.30924811061862767,0.48277407786885246,0.13791248206599713,18.0,93.0,0.713099210763282,0.7586206896551724,0.6428571428571429,0.3092501368363437,0.4827586206896552,0.13793103448275862,0.7036672140120417,0.7586206896551724,0.6428571428571429,0.16680702634936045,0.32,0.09090909090909091,0.0,0.0,306.6222900110297,results/paper_aaai2027/frozen/results/final_mcs_experiments_er_sf_alpha001_nowrong_noweight_50rep_chunked/wc_sweep_8_2026_er_sf_alpha001_nowrong_noweight_seed2059_2075_20260715_132258/summary.json
er8,ER (8),OptABA-PC,7,7.0,2065.0,7.246781115879829,0.7366757510729615,7.593165174938974,0.648389181565986,7.246781115879829,1.0,13.0,0.7366757510729615,0.9375,0.4667,7.593165174938974,1.0,13.0,0.648389181565986,0.9375,0.38709677419354843,466.0,2458.0,0.8757115884196188,1.0,0.7741935483870969,0.6483885248368304,0.9375,0.38709677419354843,0.8851036589364072,1.0,0.7741935483870969,0.7092825978966864,0.9600000000000001,0.4,0.0,0.0,152.46114491531625,results/paper_aaai2027/frozen/results/final_mcs_experiments_er_sf_alpha001_nowrong_noweight_50rep_chunked/wc_sweep_8_2026_er_sf_alpha001_nowrong_noweight_seed2059_2075_20260715_132258/summary.json
er8,ER (8),OptABA-PC,8,8.0,2066.0,7.277777777777778,0.7351208333333333,6.694444444444445,0.7674337226210425,7.277777777777778,3.0,11.0,0.7351208333333333,0.8667,0.6452,6.694444444444445,2.0,10.0,0.7674337226210425,0.9333333333333333,0.6451768986606796,144.0,288.0,0.7997578876826346,0.9333333333333333,0.7096774193548386,0.7674355310931184,0.9333333333333333,0.6451612903225806,0.7997578876826346,0.9333333333333333,0.7096774193548386,0.7180218469994415,0.8799999999999999,0.5599999999999999,0.0,0.0,312.1897494629957,results/paper_aaai2027/frozen/results/final_mcs_experiments_er_sf_alpha001_nowrong_noweight_50rep_chunked/wc_sweep_8_2026_er_sf_alpha001_nowrong_noweight_seed2059_2075_20260715_132258/summary.json
er8,ER (8),OptABA-PC,9,9.0,2067.0,9.61296738265712,0.7249861177406524,8.33703116745906,0.7254259551836449,9.61296738265712,2.0,16.0,0.7249861177406524,0.9333,0.4828,8.33703116745906,2.0,14.0,0.7254259551836449,0.9333333333333333,0.49998775470219436,2514.0,3786.0,0.7254271785675369,0.9333333333333333,0.5,0.7254271785675369,0.9333333333333333,0.5,0.7293578484805484,0.9333333333333333,0.5,0.6747359672584291,0.888888888888889,0.41666666666666663,0.0,0.0,324.88532653590664,results/paper_aaai2027/frozen/results/final_mcs_experiments_er_sf_alpha001_nowrong_noweight_50rep_chunked/wc_sweep_8_2026_er_sf_alpha001_nowrong_noweight_seed2059_2075_20260715_132258/summary.json
er8,ER (8),OptABA-PC,10,10.0,2068.0,11.916666666666666,0.47731666666666667,10.435897435897436,0.5203776989280848,11.916666666666666,10.0,13.0,0.47731666666666667,0.6,0.4375,10.435897435897436,8.0,12.0,0.5203776989280848,0.6000186660029866,0.4516285113912851,12.0,39.0,0.8029156327543425,0.8666666666666666,0.7333333333333334,0.5203818582850841,0.6000000000000001,0.45161290322580644,0.802116935483871,0.8666666666666666,0.7333333333333334,0.5011655011655011,0.5454545454545455,0.46153846153846156,0.0,0.0,252.12486747466028,results/paper_aaai2027/frozen/results/final_mcs_experiments_er_sf_alpha001_nowrong_noweight_50rep_chunked/wc_sweep_8_2026_er_sf_alpha001_nowrong_noweight_seed2059_2075_20260715_132258/summary.json
er8,ER (8),OptABA-PC,11,11.0,2069.0,12.620689655172415,0.4579206896551724,10.620689655172415,0.4579216290054391,12.620689655172415,10.0,15.0,0.4579206896551724,0.5333,0.3871,10.620689655172415,7.0,14.0,0.4579216290054391,0.6000186660029866,0.3225650356147414,29.0,116.0,0.8493346839574449,0.9333333333333333,0.7741935483870969,0.45792146271893885,0.6000000000000001,0.3225806451612903,0.8493346839574449,0.9333333333333333,0.7741935483870969,0.32393602329013876,0.4444444444444444,0.21052631578947367,0.0,0.0,277.77957707224414,results/paper_aaai2027/frozen/results/final_mcs_experiments_er_sf_alpha001_nowrong_noweight_50rep_chunked/wc_sweep_8_2026_er_sf_alpha001_nowrong_noweight_seed2059_2075_20260715_132258/summary.json
er8,ER (8),OptABA-PC,12,12.0,2070.0,10.2,0.46577999999999997,9.666666666666666,0.4885879346502657,10.2,9.0,12.0,0.46577999999999997,0.4828,0.4138,9.666666666666666,8.0,11.0,0.4885879346502657,0.5517303209610902,0.41377764494919306,5.0,15.0,0.8491954022988505,0.896551724137931,0.8275862068965517,0.4885823754789272,0.5517241379310345,0.41379310344827586,0.8491954022988505,0.896551724137931,0.8275862068965517,0.1896969696969697,0.2,0.16666666666666666,0.0,0.0,314.5601089852862,results/paper_aaai2027/frozen/results/final_mcs_experiments_er_sf_alpha001_nowrong_noweight_50rep_chunked/wc_sweep_8_2026_er_sf_alpha001_nowrong_noweight_seed2059_2075_20260715_132258/summary.json
er8,ER (8),OptABA-PC,13,13.0,2071.0,6.136363636363637,0.46134636363636367,8.618181818181819,0.6194919568730382,6.136363636363637,2.0,10.0,0.46134636363636367,0.5806,0.3226,8.618181818181819,1.0,16.0,0.6194919568730382,0.967741935483871,0.25808012386297663,110.0,5280.0,0.8392129736136819,0.967741935483871,0.7096774193548386,0.6194911464480073,0.967741935483871,0.2580645161290323,0.8392129736136819,0.967741935483871,0.7096774193548386,0.6739879255591329,0.9333333333333333,0.39999999999999997,0.0,0.0,53.8465420040302,results/paper_aaai2027/frozen/results/final_mcs_experiments_er_sf_alpha001_nowrong_noweight_50rep_chunked/wc_sweep_8_2026_er_sf_alpha001_nowrong_noweight_seed2059_2075_20260715_132258/summary.json
er8,ER (8),OptABA-PC,14,14.0,2072.0,8.445454545454545,0.6367063636363637,7.451851851851852,0.6419996193319435,8.445454545454545,3.0,12.0,0.6367063636363637,0.8387,0.4138,7.451851851851852,2.0,12.0,0.6419996193319435,0.903210197422994,0.38709677419354843,110.0,1080.0,0.8761897213389612,0.967741935483871,0.7586206896551724,0.6419986627803184,0.9032258064516129,0.38709677419354843,0.8722637718064454,0.967741935483871,0.7586206896551724,0.5932137101929928,0.8571428571428572,0.380952380952381,0.0,0.0,310.29497674573213,results/paper_aaai2027/frozen/results/final_mcs_experiments_er_sf_alpha001_nowrong_noweight_50rep_chunked/wc_sweep_8_2026_er_sf_alpha001_nowrong_noweight_seed2059_2075_20260715_132258/summary.json
er8,ER (8),OptABA-PC,15,15.0,2073.0,14.374338624338625,0.4464037037037037,13.093849416755036,0.4433924935628152,14.374338624338625,9.0,18.0,0.4464037037037037,0.6667,0.2,13.093849416755036,9.0,17.0,0.4433924935628152,0.5926016458893505,0.2666604442785141,2268.0,3772.0,0.673067775962911,0.8666666666666666,0.5,0.4433925082152758,0.5925925925925926,0.26666666666666666,0.6753183192192755,0.8666666666666666,0.5,0.4295498853786179,0.6,0.24000000000000002,0.0,0.0,333.3727625021711,results/paper_aaai2027/frozen/results/final_mcs_experiments_er_sf_alpha001_nowrong_noweight_50rep_chunked/wc_sweep_8_2026_er_sf_alpha001_nowrong_noweight_seed2059_2075_20260715_132258/summary.json
er8,ER (8),OptABA-PC,16,16.0,2074.0,11.333333333333334,0.5716944444444444,11.444444444444445,0.49459061717554775,11.333333333333334,9.0,13.0,0.5716944444444444,0.6452,0.4828,11.444444444444445,8.0,14.0,0.49459061717554775,0.6451768986606796,0.34482140295509967,18.0,108.0,0.7476560890701603,0.8387096774193549,0.6896551724137931,0.4945914270314066,0.6451612903225806,0.3448275862068966,0.7476560890701603,0.8387096774193549,0.6896551724137931,0.5270583683627161,0.6363636363636365,0.4000000000000001,0.0,0.0,307.475722162053,results/paper_aaai2027/frozen/results/final_mcs_experiments_er_sf_alpha001_nowrong_noweight_50rep_chunked/wc_sweep_8_2026_er_sf_alpha001_nowrong_noweight_seed2059_2075_20260715_132258/summary.json
er8,ER (8),OptABA-PC,17,17.0,2075.0,14.0,0.22577499999999998,14.633333333333333,0.3184705542995171,14.0,12.0,16.0,0.22577499999999998,0.2759,0.1333,14.633333333333333,12.0,17.0,0.3184705542995171,0.41377764494919306,0.20000622200099552,12.0,60.0,0.6889564242456345,0.7586206896551724,0.6206896551724138,0.31847423062662217,0.41379310344827586,0.19999999999999998,0.6889564242456344,0.7586206896551724,0.6206896551724138,0.3522417153996101,0.4210526315789474,0.2222222222222222,0.0,0.0,359.93904828000814,results/paper_aaai2027/frozen/results/final_mcs_experiments_er_sf_alpha001_nowrong_noweight_50rep_chunked/wc_sweep_8_2026_er_sf_alpha001_nowrong_noweight_seed2059_2075_20260715_132258/summary.json
sf8,SF (8),ABA-PC,1,1.0,2026.0,8.5977750738745,0.5725717886320181,9.220123609394314,0.5888002881617002,8.5977750738745,1.0,14.0,0.5725717886320181,0.8,0.3077,9.220123609394314,1.0,15.0,0.5888002881617002,0.9600124798502419,0.2962921806538591,5753.0,40450.0,0.7305312880862376,0.9600000000000001,0.48000000000000004,0.588797941642112,0.9600000000000001,0.29629629629629634,0.7383979423691803,0.9600000000000001,0.48000000000000004,0.6486802163992534,0.9523809523809523,0.3,0.0,0.0,121.36413937387988,results/paper_aaai2027/frozen/results/final_mcs_experiments_er_sf_alpha001_nowrong_noweight_50rep_chunked/wc_sweep_sf8_2026_er_sf_alpha001_nowrong_noweight_seed2026_2062_20260715_115217/summary.json
sf8,SF (8),ABA-PC,2,2.0,2027.0,14.70220913107511,0.3958941531664212,14.162206266318538,0.361620789760041,14.70220913107511,10.0,19.0,0.3958941531664212,0.5714,0.2222,14.162206266318538,9.0,19.0,0.361620789760041,0.5714160703403849,0.14814978092349174,6790.0,15320.0,0.582646616371585,0.7857142857142856,0.32,0.3616268199472915,0.5714285714285715,0.14814814814814817,0.5813394016866805,0.7857142857142856,0.32,0.37042963963768055,0.6086956521739131,0.16666666666666666,0.0,0.0,64.85851965285838,results/paper_aaai2027/frozen/results/final_mcs_experiments_er_sf_alpha001_nowrong_noweight_50rep_chunked/wc_sweep_sf8_2026_er_sf_alpha001_nowrong_noweight_seed2026_2062_20260715_115217/summary.json
sf8,SF (8),ABA-PC,3,3.0,2028.0,13.967418546365915,0.580299686716792,12.03416149068323,0.42058761356713,13.967418546365915,7.0,19.0,0.580299686716792,0.7407,0.4,12.03416149068323,6.0,17.0,0.42058761356713,0.6154,0.2580522362709945,1596.0,3864.0,0.7387494098310278,0.9230769230769231,0.5517241379310345,0.42059344670431914,0.6153846153846154,0.2580645161290323,0.7315577786216424,0.9230769230769231,0.5517241379310345,0.36556331754455446,0.631578947368421,0.17391304347826086,0.0,0.0,121.83631314290687,results/paper_aaai2027/frozen/results/final_mcs_experiments_er_sf_alpha001_nowrong_noweight_50rep_chunked/wc_sweep_sf8_2026_er_sf_alpha001_nowrong_noweight_seed2026_2062_20260715_115217/summary.json
sf8,SF (8),ABA-PC,4,4.0,2029.0,18.321570576540754,0.23912027833001986,17.692286995515694,0.1792025842950727,18.321570576540754,14.0,23.0,0.23912027833001986,0.3846,0.1212,17.692286995515694,12.0,23.0,0.1792025842950727,0.3333225681513481,0.060598896769109525,6036.0,22300.0,0.5922214318597324,0.7692307692307693,0.41379310344827586,0.17920436990557703,0.33333333333333337,0.060606060606060615,0.5913933835543487,0.7692307692307693,0.41379310344827586,0.07768096490374847,0.3157894736842105,0.0,0.0,0.0,121.54827842721716,results/paper_aaai2027/frozen/results/final_mcs_experiments_er_sf_alpha001_nowrong_noweight_50rep_chunked/wc_sweep_sf8_2026_er_sf_alpha001_nowrong_noweight_seed2026_2062_20260715_115217/summary.json
sf8,SF (8),ABA-PC,5,5.0,2030.0,13.124562358982338,0.5382752898156072,11.366021052631579,0.5564551873711315,13.124562358982338,5.0,22.0,0.5382752898156072,0.8462,0.0714,11.366021052631579,4.0,18.0,0.5564551873711315,0.8462,0.2962921806538591,12853.0,23750.0,0.6264701512733856,0.888888888888889,0.3703703703703704,0.5564518198404776,0.8461538461538461,0.29629629629629634,0.6251020230132185,0.888888888888889,0.3703703703703704,0.4789716281751984,0.7826086956521738,0.0,0.0,0.0,121.92561014089733,results/paper_aaai2027/frozen/results/final_mcs_experiments_er_sf_alpha001_nowrong_noweight_50rep_chunked/wc_sweep_sf8_2026_er_sf_alpha001_nowrong_noweight_seed2026_2062_20260715_115217/summary.json
sf8,SF (8),ABA-PC,6,6.0,2031.0,14.545093095422809,0.4775306536074476,13.643402714932126,0.4533985953030172,14.545093095422809,7.0,21.0,0.4775306536074476,0.7143,0.16,13.643402714932126,7.0,20.0,0.4533985953030172,0.7142915801936068,0.1538,10312.0,27625.0,0.5844794188044594,0.8387096774193548,0.3076923076923077,0.4533988498848831,0.7142857142857142,0.15384615384615385,0.5929334603280748,0.8387096774193548,0.3076923076923077,0.4240583583678198,0.8181818181818182,0.0,0.0,0.0,133.6125234439969,results/paper_aaai2027/frozen/results/final_mcs_experiments_er_sf_alpha001_nowrong_noweight_50rep_chunked/wc_sweep_sf8_2026_er_sf_alpha001_nowrong_noweight_seed2026_2062_20260715_115217/summary.json
sf8,SF (8),ABA-PC,7,7.0,2032.0,,,,,,,,,,,,,,,,,,,,,,,,,,,,,,,,,124.88314793910831,results/paper_aaai2027/frozen/results/final_mcs_experiments_er_sf_alpha001_nowrong_noweight_50rep_chunked/wc_sweep_sf8_2026_er_sf_alpha001_nowrong_noweight_seed2026_2062_20260715_115217/summary.json
sf8,SF (8),ABA-PC,8,8.0,2033.0,8.990930787589498,0.7295869212410501,8.67022524636321,0.5555564368655878,8.990930787589498,2.0,16.0,0.7295869212410501,0.96,0.3846,8.67022524636321,2.0,15.0,0.5555564368655878,0.8800403199273924,0.23079999999999998,2095.0,8524.0,0.7848299124051581,1.0,0.5599999999999999,0.555553606666487,0.8799999999999999,0.23076923076923078,0.7892167812841223,1.0,0.5599999999999999,0.6278662998854457,0.9565217391304348,0.1904761904761905,0.0,0.0,70.8644033651799,results/paper_aaai2027/frozen/results/final_mcs_experiments_er_sf_alpha001_nowrong_noweight_50rep_chunked/wc_sweep_sf8_2026_er_sf_alpha001_nowrong_noweight_seed2026_2062_20260715_115217/summary.json
sf8,SF (8),ABA-PC,9,9.0,2034.0,9.391975699278571,0.5361416276420706,9.371507991660875,0.6214855327109318,9.391975699278571,3.0,16.0,0.5361416276420706,0.8148,0.2222,9.371507991660875,3.0,16.0,0.6214855327109318,0.8888765419615773,0.3077,7901.0,35975.0,0.6702165494095768,0.888888888888889,0.46153846153846156,0.6214811352531732,0.888888888888889,0.3076923076923077,0.6720128346267122,0.888888888888889,0.46153846153846156,0.6273097771824167,0.9565217391304348,0.28571428571428575,0.0,0.0,120.96026275958866,results/paper_aaai2027/frozen/results/final_mcs_experiments_er_sf_alpha001_nowrong_noweight_50rep_chunked/wc_sweep_sf8_2026_er_sf_alpha001_nowrong_noweight_seed2026_2062_20260715_115217/summary.json
sf8,SF (8),ABA-PC,10,10.0,2035.0,10.112836438923395,0.5145231366459627,9.493680761429241,0.4971429145126399,10.112836438923395,5.0,15.0,0.5145231366459627,0.7826,0.24,9.493680761429241,3.0,15.0,0.4971429145126399,0.8333190967049992,0.23079999999999998,1932.0,6409.0,0.7453294988868371,0.9600000000000001,0.4999999999999999,0.497143237720186,0.8333333333333333,0.23076923076923078,0.7204937034477465,0.9600000000000001,0.4999999999999999,0.462864126607437,0.7000000000000001,0.2608695652173913,0.0,0.0,25.02039101580158,results/paper_aaai2027/frozen/results/final_mcs_experiments_er_sf_alpha001_nowrong_noweight_50rep_chunked/wc_sweep_sf8_2026_er_sf_alpha001_nowrong_noweight_seed2026_2062_20260715_115217/summary.json
sf8,SF (8),ABA-PC,11,11.0,2036.0,10.648497198166073,0.535017931737137,8.928368639440926,0.5858822916327305,10.648497198166073,3.0,17.0,0.535017931737137,0.6923,0.3333,8.928368639440926,2.0,15.0,0.5858822916327305,0.8800403199273924,0.28573673398328686,1963.0,13737.0,0.7775473927907727,0.9600000000000001,0.5925925925925927,0.5858797566667375,0.8799999999999999,0.28571428571428575,0.7846693640188591,0.9600000000000001,0.5925925925925927,0.4278129470842786,0.75,0.0,0.0,0.0,65.07692224066705,results/paper_aaai2027/frozen/results/final_mcs_experiments_er_sf_alpha001_nowrong_noweight_50rep_chunked/wc_sweep_sf8_2026_er_sf_alpha001_nowrong_noweight_seed2026_2062_20260715_115217/summary.json
sf8,SF (8),ABA-PC,12,12.0,2037.0,3.0,0.83894375,3.1666666666666665,0.8172892114749866,3.0,1.0,5.0,0.83894375,0.9231,0.75,3.1666666666666665,1.0,5.0,0.8172892114749866,0.9231,0.6956620036738731,16.0,24.0,0.9251940625129031,1.0,0.8333333333333333,0.817285086089434,0.9230769230769231,0.6956521739130435,0.9190682676823981,1.0,0.8333333333333333,0.8443951157538114,0.9565217391304348,0.7272727272727273,0.0,0.0,4.865774165838957,results/paper_aaai2027/frozen/results/final_mcs_experiments_er_sf_alpha001_nowrong_noweight_50rep_chunked/wc_sweep_sf8_2026_er_sf_alpha001_nowrong_noweight_seed2026_2062_20260715_115217/summary.json
sf8,SF (8),ABA-PC,13,13.0,2038.0,7.534391534391534,0.6907333333333333,8.034391534391535,0.6531664741154131,7.534391534391534,4.0,10.0,0.6907333333333333,0.8148,0.5926,8.034391534391535,4.0,11.0,0.6531664741154131,0.8148285311599975,0.5185363505055368,189.0,756.0,0.7430355643802096,0.888888888888889,0.6153846153846154,0.6531606503600665,0.8148148148148148,0.5185185185185186,0.7430355643802096,0.888888888888889,0.6153846153846154,0.6968959751407416,0.8333333333333334,0.5833333333333334,0.0,0.0,17.592523728962988,results/paper_aaai2027/frozen/results/final_mcs_experiments_er_sf_alpha001_nowrong_noweight_50rep_chunked/wc_sweep_sf8_2026_er_sf_alpha001_nowrong_noweight_seed2026_2062_20260715_115217/summary.json
sf8,SF (8),ABA-PC,14,14.0,2039.0,14.591116645911166,0.3097925695309257,15.225350772889417,0.2532318178604731,14.591116645911166,11.0,18.0,0.3097925695309257,0.5,0.25,15.225350772889417,10.0,20.0,0.2532318178604731,0.4166385412942439,0.12501072944808955,2409.0,21025.0,0.6487050465196843,0.8,0.4827586206896552,0.253230452920149,0.41666666666666663,0.125,0.6519070490923031,0.8,0.4827586206896552,0.1895051027267827,0.25000000000000006,0.15384615384615383,0.0,0.0,121.70186196314171,results/paper_aaai2027/frozen/results/final_mcs_experiments_er_sf_alpha001_nowrong_noweight_50rep_chunked/wc_sweep_sf8_2026_er_sf_alpha001_nowrong_noweight_seed2026_2062_20260715_115217/summary.json
sf8,SF (8),ABA-PC,15,15.0,2040.0,17.89002732240437,0.24220116197183097,17.840962463907605,0.23628395828560192,17.89002732240437,8.0,23.0,0.24220116197183097,0.5714,0.0571,17.840962463907605,8.0,25.0,0.23628395828560192,0.5714160703403849,0.0,8784.0,25975.0,0.5982429964243673,0.8571428571428571,0.3571428571428571,0.2362853845333314,0.5714285714285715,0.0,0.6057990961745869,0.8571428571428571,0.3571428571428571,0.16348175051698605,0.631578947368421,0.0,0.0,0.0,132.41527895303443,results/paper_aaai2027/frozen/results/final_mcs_experiments_er_sf_alpha001_nowrong_noweight_50rep_chunked/wc_sweep_sf8_2026_er_sf_alpha001_nowrong_noweight_seed2026_2062_20260715_115217/summary.json
sf8,SF (8),ABA-PC,16,16.0,2041.0,10.31980753809142,0.6140893103448276,9.758248175182482,0.6034716155281858,10.31980753809142,0.0,18.0,0.6140893103448276,1.0,0.2222,9.758248175182482,0.0,16.0,0.6034716155281858,1.0,0.2962921806538591,12470.0,23975.0,0.6860443246496754,1.0,0.4444444444444445,0.6034684246077674,1.0,0.29629629629629634,0.6804813391596329,1.0,0.4444444444444445,0.6171195802315956,1.0,0.2,0.0,1.0,122.95881944568828,results/paper_aaai2027/frozen/results/final_mcs_experiments_er_sf_alpha001_nowrong_noweight_50rep_chunked/wc_sweep_sf8_2026_er_sf_alpha001_nowrong_noweight_seed2026_2062_20260715_115217/summary.json
sf8,SF (8),ABA-PC,17,17.0,2042.0,,,,,,,,,,,,,,,,,,,,,,,,,,,,,,,,,121.6767986039631,results/paper_aaai2027/frozen/results/final_mcs_experiments_er_sf_alpha001_nowrong_noweight_50rep_chunked/wc_sweep_sf8_2026_er_sf_alpha001_nowrong_noweight_seed2026_2062_20260715_115217/summary.json
sf8,SF (8),ABA-PC,18,18.0,2043.0,9.455645161290322,0.5800016129032258,8.841359773371105,0.5493353655615046,9.455645161290322,7.0,12.0,0.5800016129032258,0.7407,0.4348,8.841359773371105,5.0,12.0,0.5493353655615046,0.7407341557128413,0.34783100183693655,248.0,353.0,0.7438618137620479,0.888888888888889,0.608695652173913,0.5493302765442192,0.7407407407407408,0.34782608695652173,0.7357442113753474,0.888888888888889,0.608695652173913,0.5793818790090105,0.75,0.4210526315789474,0.0,0.0,18.604807189200073,results/paper_aaai2027/frozen/results/final_mcs_experiments_er_sf_alpha001_nowrong_noweight_50rep_chunked/wc_sweep_sf8_2026_er_sf_alpha001_nowrong_noweight_seed2026_2062_20260715_115217/summary.json
sf8,SF (8),ABA-PC,19,19.0,2044.0,6.836653386454183,0.7218780876494023,6.041237113402062,0.7098550265585594,6.836653386454183,2.0,12.0,0.7218780876494023,0.8889,0.5,6.041237113402062,1.0,10.0,0.7098550265585594,0.9231,0.4999965243296921,251.0,291.0,0.8267087026371301,1.0,0.6666666666666667,0.7098529908163751,0.9230769230769231,0.4999999999999999,0.8265479353829401,1.0,0.6666666666666667,0.6687057233338926,0.9,0.3333333333333333,0.0,0.0,14.666493013035506,results/paper_aaai2027/frozen/results/final_mcs_experiments_er_sf_alpha001_nowrong_noweight_50rep_chunked/wc_sweep_sf8_2026_er_sf_alpha001_nowrong_noweight_seed2026_2062_20260715_115217/summary.json
sf8,SF (8),ABA-PC,20,20.0,2045.0,16.286950420954163,0.2756557404326123,15.456541666666666,0.31685848175219483,16.286950420954163,9.0,23.0,0.2756557404326123,0.6154,0.0667,15.456541666666666,9.0,21.0,0.31685848175219483,0.5600054376894278,0.06895624103299856,8552.0,24000.0,0.5668623920576155,0.8,0.29629629629629634,0.31686273395051456,0.5599999999999999,0.06896551724137931,0.5540985632935921,0.8,0.29629629629629634,0.2983745017092045,0.6363636363636364,0.0,0.0,0.0,122.88343185605481,results/paper_aaai2027/frozen/results/final_mcs_experiments_er_sf_alpha001_nowrong_noweight_50rep_chunked/wc_sweep_sf8_2026_er_sf_alpha001_nowrong_noweight_seed2026_2062_20260715_115217/summary.json
sf8,SF (8),ABA-PC,21,21.0,2046.0,15.091571949388806,0.3620940810636929,14.936762225969646,0.3726515014736405,15.091571949388806,9.0,22.0,0.3620940810636929,0.5926,0.0714,14.936762225969646,9.0,20.0,0.3726515014736405,0.5925843613077182,0.20690891704518288,9326.0,9488.0,0.511651112125702,0.7407407407407408,0.29629629629629634,0.37265812754336064,0.5925925925925927,0.20689655172413793,0.5120144470787533,0.7407407407407408,0.29629629629629634,0.36734446622579503,0.64,0.08,0.0,0.0,119.99292835406959,results/paper_aaai2027/frozen/results/final_mcs_experiments_er_sf_alpha001_nowrong_noweight_50rep_chunked/wc_sweep_sf8_2026_er_sf_alpha001_nowrong_noweight_seed2026_2062_20260715_115217/summary.json
sf8,SF (8),ABA-PC,22,22.0,2047.0,14.05357877416701,0.39603090292060883,12.662430806257522,0.4510522512276267,14.05357877416701,8.0,20.0,0.39603090292060883,0.6154,0.0714,12.662430806257522,6.0,18.0,0.4510522512276267,0.6923,0.20690891704518288,9724.0,20775.0,0.6294423474716984,0.8461538461538461,0.3703703703703704,0.451054071593178,0.6923076923076923,0.20689655172413793,0.6227296320026298,0.8461538461538461,0.3703703703703704,0.3966362742481771,0.6363636363636365,0.0,0.0,0.0,121.71761773107573,results/paper_aaai2027/frozen/results/final_mcs_experiments_er_sf_alpha001_nowrong_noweight_50rep_chunked/wc_sweep_sf8_2026_er_sf_alpha001_nowrong_noweight_seed2026_2062_20260715_115217/summary.json
sf8,SF (8),ABA-PC,23,23.0,2048.0,10.10958395245171,0.5709958023774145,9.94716577540107,0.5601433227793164,10.10958395245171,1.0,17.0,0.5709958023774145,0.88,0.2222,9.94716577540107,1.0,17.0,0.5601433227793164,0.9600124798502419,0.22224416984947204,5384.0,18700.0,0.7024029865386966,0.9600000000000001,0.5185185185185186,0.5601412036279412,0.9600000000000001,0.22222222222222224,0.7128819447114854,0.9600000000000001,0.5185185185185186,0.5767597102567211,0.9565217391304348,0.1818181818181818,0.0,0.0,121.69311089394614,results/paper_aaai2027/frozen/results/final_mcs_experiments_er_sf_alpha001_nowrong_noweight_50rep_chunked/wc_sweep_sf8_2026_er_sf_alpha001_nowrong_noweight_seed2026_2062_20260715_115217/summary.json
sf8,SF (8),ABA-PC,24,24.0,2049.0,9.00468883205456,0.5998995311167945,8.532785038305542,0.6389116071891995,9.00468883205456,3.0,16.0,0.5998995311167945,0.8462,0.2609,8.532785038305542,2.0,15.0,0.6389116071891995,0.9231,0.25000659384309826,2346.0,8876.0,0.6886912560759139,0.9230769230769231,0.4347826086956522,0.6389081271430892,0.9230769230769231,0.24999999999999994,0.6880582648660758,0.9230769230769231,0.4347826086956522,0.6194236354364993,0.9090909090909091,0.19999999999999998,0.0,0.0,46.62762724002823,results/paper_aaai2027/frozen/results/final_mcs_experiments_er_sf_alpha001_nowrong_noweight_50rep_chunked/wc_sweep_sf8_2026_er_sf_alpha001_nowrong_noweight_seed2026_2062_20260715_115217/summary.json
sf8,SF (8),ABA-PC,25,25.0,2050.0,14.140398662869877,0.32958145350996654,14.998944444444444,0.31303062384760894,14.140398662869877,9.0,20.0,0.32958145350996654,0.6429,0.129,14.998944444444444,9.0,20.0,0.31303062384760894,0.6154,0.1875138667352714,8077.0,18000.0,0.6152046182098189,0.8275862068965517,0.32,0.31302971290335524,0.6153846153846154,0.18749999999999997,0.6150508279609483,0.8275862068965517,0.32,0.42016391728683267,0.7692307692307692,0.10526315789473685,0.0,0.0,144.56647468730807,results/paper_aaai2027/frozen/results/final_mcs_experiments_er_sf_alpha001_nowrong_noweight_50rep_chunked/wc_sweep_sf8_2026_er_sf_alpha001_nowrong_noweight_seed2026_2062_20260715_115217/summary.json
sf8,SF (8),ABA-PC,26,26.0,2051.0,15.021469465648854,0.40053008905852416,14.67117845117845,0.35725183214420325,15.021469465648854,6.0,20.0,0.40053008905852416,0.75,0.1667,14.67117845117845,6.0,20.0,0.35725183214420325,0.7500031247931149,0.14814978092349174,6288.0,14850.0,0.4960693383127439,0.8,0.3076923076923077,0.35725523414988986,0.7500000000000001,0.14814814814814817,0.49310675332988124,0.8,0.3076923076923077,0.39531203510047225,0.8571428571428571,0.1818181818181818,0.0,0.0,127.4893834348768,results/paper_aaai2027/frozen/results/final_mcs_experiments_er_sf_alpha001_nowrong_noweight_50rep_chunked/wc_sweep_sf8_2026_er_sf_alpha001_nowrong_noweight_seed2026_2062_20260715_115217/summary.json
sf8,SF (8),ABA-PC,27,27.0,2052.0,11.704580713644157,0.5919368825018372,10.73612030075188,0.5859525150222273,11.704580713644157,3.0,19.0,0.5919368825018372,0.8966,0.2963,10.73612030075188,3.0,17.0,0.5859525150222273,0.8888765419615773,0.28573673398328686,12247.0,16625.0,0.6523775531997513,0.9285714285714286,0.3703703703703704,0.5859492343079732,0.888888888888889,0.28571428571428575,0.6570345297624133,0.9285714285714286,0.3703703703703704,0.56182528478416,0.9600000000000001,0.1904761904761905,0.0,0.0,127.80510028731078,results/paper_aaai2027/frozen/results/final_mcs_experiments_er_sf_alpha001_nowrong_noweight_50rep_chunked/wc_sweep_sf8_2026_er_sf_alpha001_nowrong_noweight_seed2026_2062_20260715_115217/summary.json
sf8,SF (8),ABA-PC,28,28.0,2053.0,7.365168539325842,0.5857752808988764,7.533960292580982,0.623928913512924,7.365168539325842,3.0,11.0,0.5857752808988764,0.8,0.4,7.533960292580982,2.0,12.0,0.623928913512924,0.9166937493229335,0.3846,178.0,957.0,0.7763331522061248,0.9166666666666666,0.6923076923076923,0.6239225590990618,0.9166666666666666,0.38461538461538464,0.792878517111541,0.9166666666666666,0.6923076923076923,0.6538012306777138,0.8695652173913043,0.4210526315789474,0.0,0.0,9.496457505971193,results/paper_aaai2027/frozen/results/final_mcs_experiments_er_sf_alpha001_nowrong_noweight_50rep_chunked/wc_sweep_sf8_2026_er_sf_alpha001_nowrong_noweight_seed2026_2062_20260715_115217/summary.json
sf8,SF (8),ABA-PC,29,29.0,2054.0,15.232267732267733,0.4595262903762904,13.708689138576778,0.42156744294789195,15.232267732267733,8.0,22.0,0.4595262903762904,0.8,0.1333,13.708689138576778,8.0,19.0,0.42156744294789195,0.6666324443789597,0.13791248206599713,6006.0,13350.0,0.64516927951126,0.8666666666666666,0.38461538461538464,0.42156912925765533,0.6666666666666667,0.13793103448275862,0.646830777819196,0.8666666666666666,0.38461538461538464,0.3869277154077025,0.7272727272727272,0.0,0.0,0.0,125.99612005380914,results/paper_aaai2027/frozen/results/final_mcs_experiments_er_sf_alpha001_nowrong_noweight_50rep_chunked/wc_sweep_sf8_2026_er_sf_alpha001_nowrong_noweight_seed2026_2062_20260715_115217/summary.json
sf8,SF (8),ABA-PC,30,30.0,2055.0,15.499259697956767,0.42242570328694107,14.554006514657981,0.36808228249703984,15.499259697956767,8.0,23.0,0.42242570328694107,0.6897,0.1875,14.554006514657981,8.0,21.0,0.36808228249703984,0.6206865635957922,0.12501072944808955,3377.0,15350.0,0.6971256312024403,0.8666666666666666,0.5,0.3680832751341939,0.6206896551724138,0.125,0.7045857542498686,0.8666666666666666,0.5,0.35930941636719405,0.6666666666666666,0.0,0.0,0.0,128.045990339946,results/paper_aaai2027/frozen/results/final_mcs_experiments_er_sf_alpha001_nowrong_noweight_50rep_chunked/wc_sweep_sf8_2026_er_sf_alpha001_nowrong_noweight_seed2026_2062_20260715_115217/summary.json
sf8,SF (8),ABA-PC,31,31.0,2056.0,11.475790578664217,0.5246054323579583,10.29983651226158,0.537260356798465,11.475790578664217,4.0,18.0,0.5246054323579583,0.7692,0.2308,10.29983651226158,3.0,17.0,0.537260356798465,0.8462,0.22224416984947204,7621.0,18350.0,0.682853590151836,0.9285714285714286,0.4,0.537258291435502,0.8461538461538461,0.22222222222222224,0.6758579981590827,0.9285714285714286,0.4,0.5241058580413942,0.8333333333333333,0.1904761904761905,0.0,0.0,124.13454310409725,results/paper_aaai2027/frozen/results/final_mcs_experiments_er_sf_alpha001_nowrong_noweight_50rep_chunked/wc_sweep_sf8_2026_er_sf_alpha001_nowrong_noweight_seed2026_2062_20260715_115217/summary.json
sf8,SF (8),ABA-PC,32,32.0,2057.0,14.733951601217214,0.4951415012317056,12.81877094972067,0.4078598531252687,14.733951601217214,5.0,21.0,0.4951415012317056,0.75,0.2857,12.81877094972067,4.0,20.0,0.4078598531252687,0.8333190967049992,0.07143774373259051,6901.0,22375.0,0.6388183689147187,0.8799999999999999,0.3703703703703704,0.4078644383532285,0.8333333333333333,0.07142857142857144,0.6278474541382795,0.8799999999999999,0.3703703703703704,0.28517376189338484,0.7058823529411765,0.08333333333333334,0.0,0.0,122.10698500694707,results/paper_aaai2027/frozen/results/final_mcs_experiments_er_sf_alpha001_nowrong_noweight_50rep_chunked/wc_sweep_sf8_2026_er_sf_alpha001_nowrong_noweight_seed2026_2062_20260715_115217/summary.json
sf8,SF (8),ABA-PC,33,33.0,2058.0,8.720833333333333,0.6408295833333334,7.112676056338028,0.68174530778179,8.720833333333333,4.0,13.0,0.6408295833333334,0.8148,0.4444,7.112676056338028,2.0,12.0,0.68174530778179,0.8888765419615773,0.4615,480.0,1207.0,0.7889429522820947,0.962962962962963,0.6153846153846154,0.6817412186229145,0.888888888888889,0.46153846153846156,0.7850485114077068,0.962962962962963,0.6153846153846154,0.6234984183489618,0.8,0.4166666666666667,0.0,0.0,20.33516101213172,results/paper_aaai2027/frozen/results/final_mcs_experiments_er_sf_alpha001_nowrong_noweight_50rep_chunked/wc_sweep_sf8_2026_er_sf_alpha001_nowrong_noweight_seed2026_2062_20260715_115217/summary.json
sf8,SF (8),ABA-PC,34,34.0,2059.0,12.670673076923077,0.5110661057692307,10.83083495145631,0.5543385968300311,12.670673076923077,5.0,20.0,0.5110661057692307,0.7857,0.25,10.83083495145631,4.0,16.0,0.5543385968300311,0.8148285311599975,0.32259021739130433,3744.0,12875.0,0.6958166788824715,0.9285714285714286,0.4827586206896552,0.5543336518596935,0.8148148148148148,0.3225806451612903,0.6999994190432325,0.9285714285714286,0.4827586206896552,0.49811845000169463,0.8181818181818182,0.17391304347826086,0.0,0.0,124.51330847712234,results/paper_aaai2027/frozen/results/final_mcs_experiments_er_sf_alpha001_nowrong_noweight_50rep_chunked/wc_sweep_sf8_2026_er_sf_alpha001_nowrong_noweight_seed2026_2062_20260715_115217/summary.json
sf8,SF (8),ABA-PC,35,35.0,2060.0,17.855369741311733,0.3101627515024824,16.056612903225805,0.33328540709591775,17.855369741311733,10.0,25.0,0.3101627515024824,0.6154,0.0606,16.056612903225805,10.0,22.0,0.33328540709591775,0.5385,0.18182773109243694,7654.0,18600.0,0.5487074874120684,0.7199999999999999,0.33333333333333337,0.3332892546249217,0.5384615384615384,0.18181818181818185,0.5443902602700085,0.7199999999999999,0.33333333333333337,0.24998231553744943,0.6363636363636364,0.0,0.0,0.0,122.7668184270151,results/paper_aaai2027/frozen/results/final_mcs_experiments_er_sf_alpha001_nowrong_noweight_50rep_chunked/wc_sweep_sf8_2026_er_sf_alpha001_nowrong_noweight_seed2026_2062_20260715_115217/summary.json
sf8,SF (8),ABA-PC,36,36.0,2061.0,12.2268326417704,0.4273445366528354,11.373641304347826,0.5026161332346386,12.2268326417704,7.0,17.0,0.4273445366528354,0.72,0.16,11.373641304347826,7.0,15.0,0.5026161332346386,0.7199958399778134,0.31998879875195,723.0,1472.0,0.5725273309140275,0.7500000000000001,0.41666666666666663,0.5026170673476912,0.7199999999999999,0.32,0.5751302311967416,0.7500000000000001,0.41666666666666663,0.4998868677043364,0.761904761904762,0.2105263157894737,0.0,0.0,14.904277458786964,results/paper_aaai2027/frozen/results/final_mcs_experiments_er_sf_alpha001_nowrong_noweight_50rep_chunked/wc_sweep_sf8_2026_er_sf_alpha001_nowrong_noweight_seed2026_2062_20260715_115217/summary.json
sf8,SF (8),ABA-PC,37,37.0,2062.0,12.708034073826624,0.44972047770168705,12.847099841521395,0.3910889504486261,12.708034073826624,6.0,19.0,0.44972047770168705,0.75,0.1481,12.847099841521395,5.0,20.0,0.3910889504486261,0.7500031247931149,0.07404801078894135,5987.0,15775.0,0.6456417650355137,0.8799999999999999,0.32,0.3910934984231833,0.7500000000000001,0.07407407407407408,0.6411346917390133,0.8799999999999999,0.32,0.3988227606373702,0.7000000000000001,0.08695652173913043,0.0,0.0,121.40399759123102,results/paper_aaai2027/frozen/results/final_mcs_experiments_er_sf_alpha001_nowrong_noweight_50rep_chunked/wc_sweep_sf8_2026_er_sf_alpha001_nowrong_noweight_seed2026_2062_20260715_115217/summary.json
sf8,SF (8),OptABA-PC,1,1.0,2026.0,7.70979020979021,0.6142363636363637,8.195821185617104,0.6028592834526276,7.70979020979021,1.0,13.0,0.6142363636363637,0.8,0.4,8.195821185617104,1.0,14.0,0.6028592834526276,0.9600124798502419,0.3077,858.0,6174.0,0.7745987273274941,0.9600000000000001,0.5599999999999999,0.6028562606996447,0.9600000000000001,0.3076923076923077,0.777903380336779,0.9600000000000001,0.5599999999999999,0.6578976860883454,0.9523809523809523,0.3157894736842105,0.0,0.0,146.50947226118296,results/paper_aaai2027/frozen/results/final_mcs_experiments_er_sf_alpha001_nowrong_noweight_50rep_chunked/wc_sweep_sf8_2026_er_sf_alpha001_nowrong_noweight_seed2026_2062_20260715_115217/summary.json
sf8,SF (8),OptABA-PC,2,2.0,2027.0,19.32456140350877,0.2820464912280702,17.24927536231884,0.15400056939138568,19.32456140350877,17.0,21.0,0.2820464912280702,0.4,0.2069,17.24927536231884,14.0,21.0,0.15400056939138568,0.24001663893510816,0.0,114.0,1035.0,0.5794196064360982,0.6923076923076923,0.4444444444444445,0.15400714701664228,0.24000000000000002,0.0,0.5792390766679938,0.6923076923076923,0.4444444444444445,0.0,0.0,0.0,0.0,0.0,10.939384726807475,results/paper_aaai2027/frozen/results/final_mcs_experiments_er_sf_alpha001_nowrong_noweight_50rep_chunked/wc_sweep_sf8_2026_er_sf_alpha001_nowrong_noweight_seed2026_2062_20260715_115217/summary.json
sf8,SF (8),OptABA-PC,3,3.0,2028.0,8.5,0.4714833333333333,8.571428571428571,0.5327749310807739,8.5,8.0,9.0,0.4714833333333333,0.5385,0.4444,8.571428571428571,7.0,10.0,0.5327749310807739,0.6154,0.44444197281204356,6.0,28.0,0.8152218152218152,0.8461538461538461,0.7692307692307693,0.5327635327635328,0.6153846153846154,0.4444444444444445,0.8152896486229819,0.8461538461538461,0.7692307692307693,0.6115288220551377,0.631578947368421,0.5714285714285713,0.0,0.0,304.20967413205653,results/paper_aaai2027/frozen/results/final_mcs_experiments_er_sf_alpha001_nowrong_noweight_50rep_chunked/wc_sweep_sf8_2026_er_sf_alpha001_nowrong_noweight_seed2026_2062_20260715_115217/summary.json
sf8,SF (8),OptABA-PC,4,4.0,2029.0,7.2,0.54966,7.2,0.5496895357840577,7.2,6.0,8.0,0.54966,0.5833,0.5,7.2,5.0,9.0,0.5496895357840577,0.6666871527519178,0.4166385412942439,5.0,20.0,0.8491884057971013,0.9166666666666666,0.7826086956521738,0.5496811594202898,0.6666666666666667,0.41666666666666663,0.8491884057971013,0.9166666666666666,0.7826086956521738,0.6217406260749913,0.6666666666666665,0.5555555555555556,0.0,0.0,302.517649398651,results/paper_aaai2027/frozen/results/final_mcs_experiments_er_sf_alpha001_nowrong_noweight_50rep_chunked/wc_sweep_sf8_2026_er_sf_alpha001_nowrong_noweight_seed2026_2062_20260715_115217/summary.json
sf8,SF (8),OptABA-PC,5,5.0,2030.0,9.5,0.5336000000000001,7.916666666666667,0.5958652589721956,9.5,9.0,10.0,0.5336000000000001,0.5455,0.5217,7.916666666666667,7.0,9.0,0.5958652589721956,0.6363979336017626,0.5217145548751766,2.0,12.0,0.7061923583662715,0.7272727272727274,0.6956521739130435,0.5958498023715415,0.6363636363636364,0.5217391304347826,0.7114624505928855,0.7272727272727274,0.6956521739130435,0.5882352941176471,0.5882352941176471,0.5882352941176471,0.0,0.0,51.100541865918785,results/paper_aaai2027/frozen/results/final_mcs_experiments_er_sf_alpha001_nowrong_noweight_50rep_chunked/wc_sweep_sf8_2026_er_sf_alpha001_nowrong_noweight_seed2026_2062_20260715_115217/summary.json
sf8,SF (8),OptABA-PC,6,6.0,2031.0,7.803030303030303,0.6136098484848485,8.086666666666666,0.6068902487256606,7.803030303030303,4.0,11.0,0.6136098484848485,0.7692,0.48,8.086666666666666,4.0,11.0,0.6068902487256606,0.7692,0.4799791991679667,264.0,600.0,0.7625784219889168,0.9230769230769231,0.64,0.6068792519546643,0.7692307692307693,0.48000000000000004,0.7710360300139842,0.9230769230769231,0.64,0.668687309433357,0.8,0.5217391304347826,0.0,0.0,305.17103988397866,results/paper_aaai2027/frozen/results/final_mcs_experiments_er_sf_alpha001_nowrong_noweight_50rep_chunked/wc_sweep_sf8_2026_er_sf_alpha001_nowrong_noweight_seed2026_2062_20260715_115217/summary.json
sf8,SF (8),OptABA-PC,7,7.0,2032.0,6.772861356932153,0.6263079646017699,7.272861356932153,0.6649083524863441,6.772861356932153,2.0,11.0,0.6263079646017699,0.8,0.4167,7.272861356932153,2.0,12.0,0.6649083524863441,0.8800403199273924,0.4166385412942439,339.0,678.0,0.7724147557183693,0.9600000000000001,0.5833333333333334,0.6649032554364401,0.8799999999999999,0.41666666666666663,0.7724147557183693,0.9600000000000001,0.5833333333333334,0.7195856121135075,0.9090909090909091,0.5,0.0,0.0,304.3894670722075,results/paper_aaai2027/frozen/results/final_mcs_experiments_er_sf_alpha001_nowrong_noweight_50rep_chunked/wc_sweep_sf8_2026_er_sf_alpha001_nowrong_noweight_seed2026_2062_20260715_115217/summary.json
sf8,SF (8),OptABA-PC,8,8.0,2033.0,8.166666666666666,0.7130166666666667,8.115384615384615,0.5386718053028974,8.166666666666666,6.0,10.0,0.7130166666666667,0.75,0.6667,8.115384615384615,6.0,10.0,0.5386718053028974,0.6666871527519178,0.4166385412942439,6.0,26.0,0.7876811594202899,0.8333333333333333,0.7500000000000001,0.5386677814938684,0.6666666666666667,0.41666666666666663,0.7969806763285024,0.8333333333333333,0.7500000000000001,0.6077618288144603,0.7272727272727272,0.5263157894736842,0.0,0.0,302.6707465709187,results/paper_aaai2027/frozen/results/final_mcs_experiments_er_sf_alpha001_nowrong_noweight_50rep_chunked/wc_sweep_sf8_2026_er_sf_alpha001_nowrong_noweight_seed2026_2062_20260715_115217/summary.json
sf8,SF (8),OptABA-PC,9,9.0,2034.0,5.634615384615385,0.6978096153846154,6.1308016877637135,0.7456364699522763,5.634615384615385,3.0,8.0,0.6978096153846154,0.8148,0.5833,6.1308016877637135,3.0,9.0,0.7456364699522763,0.8888765419615773,0.5833711805260021,52.0,237.0,0.7717585239929764,0.888888888888889,0.6666666666666667,0.7456393426857562,0.888888888888889,0.5833333333333334,0.7766926895104154,0.888888888888889,0.6666666666666667,0.8095849802371542,0.9166666666666666,0.7000000000000001,0.0,0.0,33.09460578113794,results/paper_aaai2027/frozen/results/final_mcs_experiments_er_sf_alpha001_nowrong_noweight_50rep_chunked/wc_sweep_sf8_2026_er_sf_alpha001_nowrong_noweight_seed2026_2062_20260715_115217/summary.json
sf8,SF (8),OptABA-PC,10,10.0,2035.0,6.0,0.7619,6.833333333333333,0.5872947082294643,6.0,6.0,6.0,0.7619,0.7619,0.7619,6.833333333333333,6.0,8.0,0.5872947082294643,0.6666961443226035,0.4761786846275753,1.0,6.0,0.761904761904762,0.761904761904762,0.761904761904762,0.5873015873015873,0.6666666666666667,0.4761904761904762,0.761904761904762,0.761904761904762,0.761904761904762,0.625,0.625,0.625,0.0,0.0,301.8019223748706,results/paper_aaai2027/frozen/results/final_mcs_experiments_er_sf_alpha001_nowrong_noweight_50rep_chunked/wc_sweep_sf8_2026_er_sf_alpha001_nowrong_noweight_seed2026_2062_20260715_115217/summary.json
sf8,SF (8),OptABA-PC,11,11.0,2036.0,6.7727272727272725,0.5488363636363636,6.775675675675676,0.6316978810310806,6.7727272727272725,3.0,10.0,0.5488363636363636,0.64,0.4615,6.775675675675676,2.0,11.0,0.6316978810310806,0.8800403199273924,0.3846,66.0,740.0,0.8543415503415503,0.9600000000000001,0.7692307692307693,0.6316930996930997,0.8799999999999999,0.38461538461538464,0.872714939381606,0.9600000000000001,0.7692307692307693,0.5902449636758671,0.75,0.39999999999999997,0.0,0.0,306.5780184310861,results/paper_aaai2027/frozen/results/final_mcs_experiments_er_sf_alpha001_nowrong_noweight_50rep_chunked/wc_sweep_sf8_2026_er_sf_alpha001_nowrong_noweight_seed2026_2062_20260715_115217/summary.json
sf8,SF (8),OptABA-PC,12,12.0,2037.0,2.5,0.8557,3.0,0.8148473380403116,2.5,1.0,4.0,0.8557,0.9231,0.7826,3.0,1.0,5.0,0.8148473380403116,0.9231,0.6956620036738731,8.0,16.0,0.9374456521739131,1.0,0.8695652173913044,0.8148432274247491,0.9230769230769231,0.6956521739130435,0.9374456521739131,1.0,0.8695652173913044,0.8819028797289667,0.9565217391304348,0.7999999999999999,0.0,0.0,301.83897620113567,results/paper_aaai2027/frozen/results/final_mcs_experiments_er_sf_alpha001_nowrong_noweight_50rep_chunked/wc_sweep_sf8_2026_er_sf_alpha001_nowrong_noweight_seed2026_2062_20260715_115217/summary.json
sf8,SF (8),OptABA-PC,13,13.0,2038.0,6.285714285714286,0.7500190476190476,6.785714285714286,0.7103646978554993,6.285714285714286,4.0,8.0,0.7500190476190476,0.8462,0.6667,6.785714285714286,4.0,9.0,0.7103646978554993,0.8462,0.5833711805260021,21.0,42.0,0.7500217066883733,0.8461538461538461,0.6666666666666667,0.7103642653642653,0.8461538461538461,0.5833333333333334,0.7500217066883733,0.8461538461538461,0.6666666666666667,0.7283988957902001,0.8333333333333334,0.6363636363636365,0.0,0.0,303.18979645101354,results/paper_aaai2027/frozen/results/final_mcs_experiments_er_sf_alpha001_nowrong_noweight_50rep_chunked/wc_sweep_sf8_2026_er_sf_alpha001_nowrong_noweight_seed2026_2062_20260715_115217/summary.json
sf8,SF (8),OptABA-PC,14,14.0,2039.0,5.571428571428571,0.7339392857142857,5.738095238095238,0.7289820825778515,5.571428571428571,3.0,8.0,0.7339392857142857,0.8333,0.64,5.738095238095238,3.0,8.0,0.7289820825778515,0.8333190967049992,0.6400236799001637,28.0,42.0,0.8094945526829584,0.9166666666666666,0.7199999999999999,0.7289868049288339,0.8333333333333333,0.64,0.8149947797773885,0.9166666666666666,0.7199999999999999,0.7603533112849883,0.8571428571428572,0.6666666666666666,0.0,0.0,302.6587193449959,results/paper_aaai2027/frozen/results/final_mcs_experiments_er_sf_alpha001_nowrong_noweight_50rep_chunked/wc_sweep_sf8_2026_er_sf_alpha001_nowrong_noweight_seed2026_2062_20260715_115217/summary.json
sf8,SF (8),OptABA-PC,15,15.0,2040.0,12.866666666666667,0.5477433333333334,12.270491803278688,0.4685505264452942,12.866666666666667,9.0,16.0,0.5477433333333334,0.6154,0.4828,12.270491803278688,9.0,15.0,0.4685505264452942,0.6154,0.34482140295509967,30.0,122.0,0.6487647457121737,0.6923076923076923,0.6206896551724138,0.46855231634768096,0.6153846153846154,0.3448275862068966,0.659883794366553,0.6923076923076923,0.6206896551724138,0.49237154150197626,0.608695652173913,0.3636363636363636,0.0,0.0,303.88943758932874,results/paper_aaai2027/frozen/results/final_mcs_experiments_er_sf_alpha001_nowrong_noweight_50rep_chunked/wc_sweep_sf8_2026_er_sf_alpha001_nowrong_noweight_seed2026_2062_20260715_115217/summary.json
sf8,SF (8),OptABA-PC,16,16.0,2041.0,10.632408575031526,0.6389927742749054,11.126390532544379,0.4603129486226825,10.632408575031526,4.0,18.0,0.6389927742749054,0.8462,0.4667,11.126390532544379,4.0,18.0,0.4603129486226825,0.7692,0.13791248206599713,7930.0,38025.0,0.7650338449220317,0.962962962962963,0.6206896551724138,0.4603134940211997,0.7692307692307693,0.13793103448275862,0.782649266603691,0.962962962962963,0.6206896551724138,0.5348389676650074,0.8,0.18181818181818185,0.0,0.0,421.1370131508447,results/paper_aaai2027/frozen/results/final_mcs_experiments_er_sf_alpha001_nowrong_noweight_50rep_chunked/wc_sweep_sf8_2026_er_sf_alpha001_nowrong_noweight_seed2026_2062_20260715_115217/summary.json
sf8,SF (8),OptABA-PC,17,17.0,2042.0,7.5,0.6805100000000001,7.214285714285714,0.680882193444888,7.5,4.0,11.0,0.6805100000000001,0.8462,0.5,7.214285714285714,4.0,10.0,0.680882193444888,0.8462,0.4999965243296921,20.0,70.0,0.748174762435632,0.8461538461538461,0.6666666666666667,0.6808805011413708,0.8461538461538461,0.4999999999999999,0.7590105289235725,0.8461538461538461,0.6666666666666667,0.6622896668548843,0.8,0.5,0.0,0.0,302.693313324824,results/paper_aaai2027/frozen/results/final_mcs_experiments_er_sf_alpha001_nowrong_noweight_50rep_chunked/wc_sweep_sf8_2026_er_sf_alpha001_nowrong_noweight_seed2026_2062_20260715_115217/summary.json
sf8,SF (8),OptABA-PC,18,18.0,2043.0,5.666666666666667,0.6833416666666666,5.666666666666667,0.6833382979858927,5.666666666666667,4.0,7.0,0.6833416666666666,0.7692,0.6087,5.666666666666667,4.0,7.0,0.6833382979858927,0.7692,0.6087202260799354,12.0,12.0,0.8479134150873281,0.9230769230769231,0.7826086956521738,0.6833296172426607,0.7692307692307693,0.608695652173913,0.8479134150873281,0.9230769230769231,0.7826086956521738,0.7125823451910409,0.8,0.6363636363636365,0.0,0.0,303.29607590986416,results/paper_aaai2027/frozen/results/final_mcs_experiments_er_sf_alpha001_nowrong_noweight_50rep_chunked/wc_sweep_sf8_2026_er_sf_alpha001_nowrong_noweight_seed2026_2062_20260715_115217/summary.json
sf8,SF (8),OptABA-PC,19,19.0,2044.0,5.8,0.7563000000000001,5.125,0.7357534599944534,5.8,5.0,7.0,0.7563000000000001,0.8,0.6923,5.125,4.0,6.0,0.7357534599944534,0.7999680000000001,0.6923,5.0,8.0,0.8630769230769231,0.8799999999999999,0.8461538461538461,0.7357692307692307,0.8,0.6923076923076923,0.8664615384615384,0.8799999999999999,0.8461538461538461,0.8016040100250628,0.8421052631578948,0.761904761904762,0.0,0.0,5.11651098029688,results/paper_aaai2027/frozen/results/final_mcs_experiments_er_sf_alpha001_nowrong_noweight_50rep_chunked/wc_sweep_sf8_2026_er_sf_alpha001_nowrong_noweight_seed2026_2062_20260715_115217/summary.json
sf8,SF (8),OptABA-PC,20,20.0,2045.0,11.0,0.48,10.333333333333334,0.4533218122994232,11.0,11.0,11.0,0.48,0.48,0.48,10.333333333333334,10.0,11.0,0.4533218122994232,0.4799791991679667,0.4000070385623362,1.0,3.0,0.7199999999999999,0.7199999999999999,0.7199999999999999,0.45333333333333337,0.48000000000000004,0.4,0.7199999999999999,0.7199999999999999,0.7199999999999999,0.4761904761904762,0.4761904761904762,0.4761904761904762,0.0,0.0,303.54236894706264,results/paper_aaai2027/frozen/results/final_mcs_experiments_er_sf_alpha001_nowrong_noweight_50rep_chunked/wc_sweep_sf8_2026_er_sf_alpha001_nowrong_noweight_seed2026_2062_20260715_115217/summary.json
sf8,SF (8),OptABA-PC,21,21.0,2046.0,8.5,0.6225499999999999,8.666666666666666,0.6179461285872111,8.5,8.0,9.0,0.6225499999999999,0.6364,0.6087,8.666666666666666,8.0,9.0,0.6179461285872111,0.6363979336017626,0.6087202260799354,2.0,9.0,0.6179183135704874,0.6363636363636364,0.608695652173913,0.6179183135704874,0.6363636363636364,0.608695652173913,0.6225296442687747,0.6363636363636364,0.608695652173913,0.7000000000000001,0.7000000000000001,0.7000000000000001,0.0,0.0,302.82512018689886,results/paper_aaai2027/frozen/results/final_mcs_experiments_er_sf_alpha001_nowrong_noweight_50rep_chunked/wc_sweep_sf8_2026_er_sf_alpha001_nowrong_noweight_seed2026_2062_20260715_115217/summary.json
sf8,SF (8),OptABA-PC,22,22.0,2047.0,4.0,0.825925,4.666666666666667,0.7767324155044618,4.0,3.0,5.0,0.825925,0.8696,0.7826,4.666666666666667,3.0,6.0,0.7767324155044618,0.8695455573140402,0.6956620036738731,4.0,12.0,0.8199385155906894,0.8695652173913044,0.7826086956521738,0.7767347386912604,0.8695652173913044,0.6956521739130435,0.8259222661396575,0.8695652173913044,0.7826086956521738,0.8285714285714285,0.8571428571428571,0.8,0.0,0.0,302.8232063348405,results/paper_aaai2027/frozen/results/final_mcs_experiments_er_sf_alpha001_nowrong_noweight_50rep_chunked/wc_sweep_sf8_2026_er_sf_alpha001_nowrong_noweight_seed2026_2062_20260715_115217/summary.json
sf8,SF (8),OptABA-PC,23,23.0,2048.0,7.5,0.65335,7.166666666666667,0.6083527614095171,7.5,7.0,8.0,0.65335,0.6667,0.64,7.166666666666667,6.0,8.0,0.6083527614095171,0.6666871527519178,0.5600054376894278,2.0,6.0,0.8111111111111112,0.8333333333333333,0.8,0.6083333333333333,0.6666666666666667,0.5599999999999999,0.8166666666666667,0.8333333333333333,0.8,0.6363636363636365,0.6363636363636365,0.6363636363636365,0.0,0.0,28.60020053293556,results/paper_aaai2027/frozen/results/final_mcs_experiments_er_sf_alpha001_nowrong_noweight_50rep_chunked/wc_sweep_sf8_2026_er_sf_alpha001_nowrong_noweight_seed2026_2062_20260715_115217/summary.json
sf8,SF (8),OptABA-PC,24,24.0,2049.0,7.772072072072072,0.6621710450450451,8.079373848987109,0.6545797615850065,7.772072072072072,2.0,12.0,0.6621710450450451,0.88,0.5185,8.079373848987109,2.0,12.0,0.6545797615850065,0.8800403199273924,0.5185363505055368,5550.0,16290.0,0.7307360563719769,0.9600000000000001,0.5925925925925927,0.6545720397842382,0.8799999999999999,0.5185185185185186,0.7392153754322122,0.9600000000000001,0.5925925925925927,0.7779013393219343,0.9565217391304348,0.6086956521739131,0.0,0.0,377.6616823398508,results/paper_aaai2027/frozen/results/final_mcs_experiments_er_sf_alpha001_nowrong_noweight_50rep_chunked/wc_sweep_sf8_2026_er_sf_alpha001_nowrong_noweight_seed2026_2062_20260715_115217/summary.json
sf8,SF (8),OptABA-PC,25,25.0,2050.0,10.0,0.4167,11.5,0.37498755639158926,10.0,10.0,10.0,0.4167,0.4167,0.4167,11.5,9.0,14.0,0.37498755639158926,0.5833711805260021,0.16663194278903454,1.0,24.0,0.6666666666666666,0.6666666666666667,0.6666666666666667,0.375,0.5833333333333334,0.16666666666666669,0.6666666666666667,0.6666666666666667,0.6666666666666667,0.3333333333333333,0.3333333333333333,0.3333333333333333,0.0,0.0,302.09939963323995,results/paper_aaai2027/frozen/results/final_mcs_experiments_er_sf_alpha001_nowrong_noweight_50rep_chunked/wc_sweep_sf8_2026_er_sf_alpha001_nowrong_noweight_seed2026_2062_20260715_115217/summary.json
sf8,SF (8),OptABA-PC,26,26.0,2051.0,10.890438247011952,0.5832366533864543,9.6875,0.5503633150949495,10.890438247011952,7.0,14.0,0.5832366533864543,0.7692,0.4,9.6875,5.0,14.0,0.5503633150949495,0.7692,0.31998879875195,502.0,1088.0,0.7112334058900666,0.888888888888889,0.5599999999999999,0.5503598051267048,0.7692307692307693,0.32,0.7107306595329317,0.888888888888889,0.5599999999999999,0.5213875263157312,0.6956521739130435,0.3636363636363636,0.0,0.0,309.0345462481491,results/paper_aaai2027/frozen/results/final_mcs_experiments_er_sf_alpha001_nowrong_noweight_50rep_chunked/wc_sweep_sf8_2026_er_sf_alpha001_nowrong_noweight_seed2026_2062_20260715_115217/summary.json
sf8,SF (8),OptABA-PC,27,27.0,2052.0,9.357142857142858,0.6436499999999999,8.857142857142858,0.6056720358340071,9.357142857142858,7.0,11.0,0.6436499999999999,0.7407,0.56,8.857142857142858,6.0,11.0,0.6056720358340071,0.7407341557128413,0.4799791991679667,14.0,28.0,0.7195900924472353,0.8148148148148148,0.64,0.6056610849467993,0.7407407407407408,0.48000000000000004,0.7195900924472353,0.8148148148148148,0.64,0.5900366300366301,0.6923076923076923,0.4999999999999999,0.0,0.0,304.8964158142917,results/paper_aaai2027/frozen/results/final_mcs_experiments_er_sf_alpha001_nowrong_noweight_50rep_chunked/wc_sweep_sf8_2026_er_sf_alpha001_nowrong_noweight_seed2026_2062_20260715_115217/summary.json
sf8,SF (8),OptABA-PC,28,28.0,2053.0,6.0,0.6544533333333333,5.433333333333334,0.7030146932395812,6.0,4.0,8.0,0.6544533333333333,0.75,0.5217,5.433333333333334,3.0,7.0,0.7030146932395812,0.8333190967049992,0.6087202260799354,15.0,30.0,0.8313280632411068,0.9166666666666666,0.7826086956521738,0.7030052700922267,0.8333333333333333,0.608695652173913,0.8313280632411068,0.9166666666666666,0.7826086956521738,0.7174841583537236,0.8181818181818182,0.6,0.0,0.0,5.1581512480042875,results/paper_aaai2027/frozen/results/final_mcs_experiments_er_sf_alpha001_nowrong_noweight_50rep_chunked/wc_sweep_sf8_2026_er_sf_alpha001_nowrong_noweight_seed2026_2062_20260715_115217/summary.json
sf8,SF (8),OptABA-PC,29,29.0,2054.0,12.84640522875817,0.5670300653594771,12.28582202111614,0.44040641682033943,12.84640522875817,9.0,17.0,0.5670300653594771,0.7586,0.3704,12.28582202111614,8.0,15.0,0.44040641682033943,0.6428538265108721,0.28573673398328686,306.0,1326.0,0.6752576466175286,0.8275862068965517,0.5384615384615384,0.4404097122134761,0.6428571428571429,0.28571428571428575,0.680493563573529,0.8275862068965517,0.5384615384615384,0.4451294336787375,0.64,0.1904761904761905,0.0,0.0,311.5493941861205,results/paper_aaai2027/frozen/results/final_mcs_experiments_er_sf_alpha001_nowrong_noweight_50rep_chunked/wc_sweep_sf8_2026_er_sf_alpha001_nowrong_noweight_seed2026_2062_20260715_115217/summary.json
sf8,SF (8),OptABA-PC,30,30.0,2055.0,7.6,0.72624,6.730769230769231,0.6460038100146048,7.6,5.0,9.0,0.72624,0.8182,0.6364,6.730769230769231,4.0,9.0,0.6460038100146048,0.8181764462565739,0.4999965243296921,5.0,26.0,0.7633019154758286,0.8181818181818181,0.7272727272727274,0.6459916894699502,0.8181818181818181,0.4999999999999999,0.7610671936758894,0.8181818181818181,0.7272727272727274,0.6283891547049442,0.761904761904762,0.5454545454545455,0.0,0.0,302.6223426591605,results/paper_aaai2027/frozen/results/final_mcs_experiments_er_sf_alpha001_nowrong_noweight_50rep_chunked/wc_sweep_sf8_2026_er_sf_alpha001_nowrong_noweight_seed2026_2062_20260715_115217/summary.json
sf8,SF (8),OptABA-PC,31,31.0,2056.0,6.5,0.693925,5.666666666666667,0.689194228713341,6.5,5.0,8.0,0.693925,0.75,0.64,5.666666666666667,3.0,8.0,0.689194228713341,0.8333190967049992,0.5600054376894278,8.0,36.0,0.8515449646971386,0.9166666666666666,0.8,0.6891889632107024,0.8333333333333333,0.5599999999999999,0.8573815496098105,0.9166666666666666,0.8,0.6814888010540185,0.7272727272727274,0.6363636363636364,0.0,0.0,302.0756749198772,results/paper_aaai2027/frozen/results/final_mcs_experiments_er_sf_alpha001_nowrong_noweight_50rep_chunked/wc_sweep_sf8_2026_er_sf_alpha001_nowrong_noweight_seed2026_2062_20260715_115217/summary.json
sf8,SF (8),OptABA-PC,32,32.0,2057.0,11.0,0.5771,7.4,0.5841983562535807,11.0,11.0,11.0,0.5771,0.6087,0.5455,7.4,7.0,8.0,0.5841983562535807,0.6363979336017626,0.5217145548751766,2.0,5.0,0.7604743083003953,0.7826086956521738,0.7272727272727274,0.5841897233201581,0.6363636363636364,0.5217391304347826,0.7549407114624507,0.7826086956521738,0.7272727272727274,0.26666666666666666,0.26666666666666666,0.26666666666666666,0.0,0.0,301.57043508207425,results/paper_aaai2027/frozen/results/final_mcs_experiments_er_sf_alpha001_nowrong_noweight_50rep_chunked/wc_sweep_sf8_2026_er_sf_alpha001_nowrong_noweight_seed2026_2062_20260715_115217/summary.json
sf8,SF (8),OptABA-PC,33,33.0,2058.0,3.9035087719298245,0.7739254385964913,4.591397849462366,0.8055841284252426,3.9035087719298245,0.0,7.0,0.7739254385964913,0.9231,0.64,4.591397849462366,0.0,8.0,0.8055841284252426,1.0,0.6400236799001637,114.0,372.0,0.8436672819208971,1.0,0.7199999999999999,0.8055823867216154,1.0,0.64,0.850381000886143,1.0,0.7199999999999999,0.8600135968785855,1.0,0.7272727272727272,1.0,1.0,22.754217297770083,results/paper_aaai2027/frozen/results/final_mcs_experiments_er_sf_alpha001_nowrong_noweight_50rep_chunked/wc_sweep_sf8_2026_er_sf_alpha001_nowrong_noweight_seed2026_2062_20260715_115217/summary.json
sf8,SF (8),OptABA-PC,34,34.0,2059.0,4.0,0.834075,4.214285714285714,0.7918761696391036,4.0,2.0,6.0,0.834075,0.9167,0.75,4.214285714285714,2.0,6.0,0.7918761696391036,0.9166937493229335,0.6666871527519178,4.0,14.0,0.8618737060041407,0.9166666666666666,0.8333333333333333,0.7918737060041409,0.9166666666666666,0.6666666666666667,0.874891304347826,0.9166666666666666,0.8333333333333333,0.8806888763410503,0.9565217391304348,0.8,0.0,0.0,302.0278073339723,results/paper_aaai2027/frozen/results/final_mcs_experiments_er_sf_alpha001_nowrong_noweight_50rep_chunked/wc_sweep_sf8_2026_er_sf_alpha001_nowrong_noweight_seed2026_2062_20260715_115217/summary.json
sf8,SF (8),OptABA-PC,35,35.0,2060.0,7.307807807807808,0.6250426426426426,7.491681009753299,0.6350343560770598,7.307807807807808,2.0,12.0,0.6250426426426426,0.88,0.4,7.491681009753299,2.0,12.0,0.6350343560770598,0.8800403199273924,0.4000070385623362,666.0,3486.0,0.7730003660077952,0.9600000000000001,0.64,0.6350282723537404,0.8799999999999999,0.4,0.7884509836333925,0.9600000000000001,0.64,0.7456888404943325,0.9565217391304348,0.5263157894736842,0.0,0.0,194.9375721020624,results/paper_aaai2027/frozen/results/final_mcs_experiments_er_sf_alpha001_nowrong_noweight_50rep_chunked/wc_sweep_sf8_2026_er_sf_alpha001_nowrong_noweight_seed2026_2062_20260715_115217/summary.json
sf8,SF (8),OptABA-PC,36,36.0,2061.0,9.571428571428571,0.5292357142857143,8.1,0.5737331383062609,9.571428571428571,8.0,11.0,0.5292357142857143,0.6087,0.48,8.1,6.0,10.0,0.5737331383062609,0.6956620036738731,0.4799791991679667,14.0,30.0,0.7403785682916119,0.7826086956521738,0.6666666666666667,0.5737224418093982,0.6956521739130435,0.48000000000000004,0.7418341803124412,0.7826086956521738,0.6666666666666667,0.5151515151515151,0.5714285714285715,0.45454545454545453,0.0,0.0,302.62581915501505,results/paper_aaai2027/frozen/results/final_mcs_experiments_er_sf_alpha001_nowrong_noweight_50rep_chunked/wc_sweep_sf8_2026_er_sf_alpha001_nowrong_noweight_seed2026_2062_20260715_115217/summary.json
sf8,SF (8),OptABA-PC,37,37.0,2062.0,8.2,0.658825,7.8,0.5793835029289245,8.2,6.0,11.0,0.658825,0.75,0.56,7.8,5.0,11.0,0.5793835029289245,0.7500031247931149,0.4000070385623362,20.0,80.0,0.8017022792022791,0.8799999999999999,0.7199999999999999,0.5793732193732193,0.7500000000000001,0.4,0.8017022792022791,0.8799999999999999,0.7199999999999999,0.5666233766233766,0.7000000000000001,0.39999999999999997,0.0,0.0,27.475763399153948,results/paper_aaai2027/frozen/results/final_mcs_experiments_er_sf_alpha001_nowrong_noweight_50rep_chunked/wc_sweep_sf8_2026_er_sf_alpha001_nowrong_noweight_seed2026_2062_20260715_115217/summary.json
cancer,Cancer (5),ABA-PC,1,1.0,2026.0,2.0,0.5714,2.0,0.5714408159766863,2.0,2.0,2.0,0.5714,0.5714,0.5714,2.0,2.0,2.0,0.5714408159766863,0.5714408159766863,0.5714408159766863,1.0,1.0,0.8571428571428571,0.8571428571428571,0.8571428571428571,0.5714285714285715,0.5714285714285715,0.5714285714285715,0.8571428571428571,0.8571428571428571,0.8571428571428571,0.5,0.5,0.5,0.0,0.0,1.9860232858918607,results/paper_aaai2027/frozen/results/final_mcs_experiments_er_sf_alpha001_nowrong_noweight_50rep_chunked/wc_sweep_bnlearn_cancer_alpha001_nowrong_noweight_seed2026_2075_20260715_154609/summary.json
cancer,Cancer (5),ABA-PC,2,2.0,2027.0,2.8,0.51744,3.2083333333333335,0.43584656075909484,2.8,2.0,4.0,0.51744,0.5714,0.4444,3.2083333333333335,1.0,5.0,0.43584656075909484,0.8571428571428571,0.22222222222222224,5.0,24.0,0.7619047619047619,0.8571428571428571,0.6666666666666665,0.43584656084656087,0.8571428571428571,0.22222222222222224,0.7761904761904761,0.8571428571428571,0.6666666666666665,0.1,0.5,0.0,0.0,0.0,1.262642528861761,results/paper_aaai2027/frozen/results/final_mcs_experiments_er_sf_alpha001_nowrong_noweight_50rep_chunked/wc_sweep_bnlearn_cancer_alpha001_nowrong_noweight_seed2026_2075_20260715_154609/summary.json
cancer,Cancer (5),ABA-PC,3,3.0,2028.0,2.0,0.5714,2.25,0.49999693833817493,2.0,2.0,2.0,0.5714,0.5714,0.5714,2.25,1.0,3.0,0.49999693833817493,0.8571428571428571,0.2857020401165781,1.0,4.0,0.8571428571428571,0.8571428571428571,0.8571428571428571,0.5,0.8571428571428571,0.28571428571428575,0.8571428571428571,0.8571428571428571,0.8571428571428571,0.0,0.0,0.0,0.0,0.0,1.2846004702150822,results/paper_aaai2027/frozen/results/final_mcs_experiments_er_sf_alpha001_nowrong_noweight_50rep_chunked/wc_sweep_bnlearn_cancer_alpha001_nowrong_noweight_seed2026_2075_20260715_154609/summary.json
cancer,Cancer (5),ABA-PC,4,4.0,2029.0,1.5,0.70835,1.6666666666666667,0.6944444444444443,1.5,1.0,2.0,0.70835,0.75,0.6667,1.6666666666666667,1.0,2.0,0.6944444444444443,0.75,0.6666666666666665,2.0,3.0,0.9259259259259259,1.0,0.888888888888889,0.6944444444444443,0.75,0.6666666666666665,0.9444444444444444,1.0,0.888888888888889,0.8,0.8,0.8,0.0,0.0,1.2141477069817483,results/paper_aaai2027/frozen/results/final_mcs_experiments_er_sf_alpha001_nowrong_noweight_50rep_chunked/wc_sweep_bnlearn_cancer_alpha001_nowrong_noweight_seed2026_2075_20260715_154609/summary.json
cancer,Cancer (5),ABA-PC,5,5.0,2030.0,4.466666666666667,0.39041333333333333,4.619909502262443,0.3850209370690027,4.466666666666667,1.0,7.0,0.39041333333333333,0.75,0.1667,4.619909502262443,1.0,8.0,0.3850209370690027,0.75,0.1538355026308502,120.0,221.0,0.7579294511421208,1.0,0.6153846153846153,0.3850230463352635,0.75,0.15384615384615383,0.7692696192696193,1.0,0.6153846153846153,0.49236111111111114,0.8,0.25,0.0,0.0,2.1915182108059525,results/paper_aaai2027/frozen/results/final_mcs_experiments_er_sf_alpha001_nowrong_noweight_50rep_chunked/wc_sweep_bnlearn_cancer_alpha001_nowrong_noweight_seed2026_2075_20260715_154609/summary.json
cancer,Cancer (5),ABA-PC,6,6.0,2031.0,1.5,0.70835,1.6666666666666667,0.6944444444444443,1.5,1.0,2.0,0.70835,0.75,0.6667,1.6666666666666667,1.0,2.0,0.6944444444444443,0.75,0.6666666666666665,2.0,3.0,0.9259259259259259,1.0,0.888888888888889,0.6944444444444443,0.75,0.6666666666666665,0.9444444444444444,1.0,0.888888888888889,0.8,0.8,0.8,0.0,0.0,1.2134771882556379,results/paper_aaai2027/frozen/results/final_mcs_experiments_er_sf_alpha001_nowrong_noweight_50rep_chunked/wc_sweep_bnlearn_cancer_alpha001_nowrong_noweight_seed2026_2075_20260715_154609/summary.json
cancer,Cancer (5),ABA-PC,7,7.0,2032.0,2.5,0.5620333333333333,2.4444444444444446,0.5895035060661685,2.5,1.0,4.0,0.5620333333333333,0.75,0.4,2.4444444444444446,1.0,4.0,0.5895035060661685,0.75,0.3999759990399616,6.0,9.0,0.8814814814814815,1.0,0.8,0.5895061728395061,0.75,0.4,0.8925925925925927,1.0,0.8,0.6222222222222222,0.8,0.3333333333333333,0.0,0.0,1.2480279658921063,results/paper_aaai2027/frozen/results/final_mcs_experiments_er_sf_alpha001_nowrong_noweight_50rep_chunked/wc_sweep_bnlearn_cancer_alpha001_nowrong_noweight_seed2026_2075_20260715_154609/summary.json
cancer,Cancer (5),ABA-PC,8,8.0,2033.0,2.0,0.5714,2.25,0.49999693833817493,2.0,2.0,2.0,0.5714,0.5714,0.5714,2.25,1.0,3.0,0.49999693833817493,0.8571428571428571,0.2857020401165781,1.0,4.0,0.8571428571428571,0.8571428571428571,0.8571428571428571,0.5,0.8571428571428571,0.28571428571428575,0.8571428571428571,0.8571428571428571,0.8571428571428571,0.0,0.0,0.0,0.0,0.0,1.2523266207426786,results/paper_aaai2027/frozen/results/final_mcs_experiments_er_sf_alpha001_nowrong_noweight_50rep_chunked/wc_sweep_bnlearn_cancer_alpha001_nowrong_noweight_seed2026_2075_20260715_154609/summary.json
cancer,Cancer (5),ABA-PC,9,9.0,2034.0,3.4242424242424243,0.5050666666666667,3.765625,0.472239688452494,3.4242424242424243,1.0,5.0,0.5050666666666667,0.75,0.3636,3.765625,1.0,6.0,0.472239688452494,0.75,0.3333333333333333,33.0,64.0,0.7955176767676768,1.0,0.6666666666666666,0.47224589646464643,0.75,0.3333333333333333,0.8142026323844506,1.0,0.6666666666666666,0.6431457431457431,0.8,0.5,0.0,0.0,1.4986286973580718,results/paper_aaai2027/frozen/results/final_mcs_experiments_er_sf_alpha001_nowrong_noweight_50rep_chunked/wc_sweep_bnlearn_cancer_alpha001_nowrong_noweight_seed2026_2075_20260715_154609/summary.json
cancer,Cancer (5),ABA-PC,10,10.0,2035.0,3.6,0.50395,3.263157894736842,0.41228005719400174,3.6,2.0,5.0,0.50395,0.5714,0.4444,3.263157894736842,1.0,5.0,0.41228005719400174,0.8571428571428571,0.0,5.0,19.0,0.7650375939849624,0.8571428571428571,0.6666666666666665,0.41228070175438597,0.8571428571428571,0.0,0.7761904761904761,0.8571428571428571,0.6666666666666665,0.0,0.0,0.0,0.0,0.0,1.3096106620505452,results/paper_aaai2027/frozen/results/final_mcs_experiments_er_sf_alpha001_nowrong_noweight_50rep_chunked/wc_sweep_bnlearn_cancer_alpha001_nowrong_noweight_seed2026_2075_20260715_154609/summary.json
cancer,Cancer (5),ABA-PC,11,11.0,2036.0,3.4242424242424243,0.5050666666666667,3.765625,0.472239688452494,3.4242424242424243,1.0,5.0,0.5050666666666667,0.75,0.3636,3.765625,1.0,6.0,0.472239688452494,0.75,0.3333333333333333,33.0,64.0,0.7955176767676768,1.0,0.6666666666666666,0.47224589646464643,0.75,0.3333333333333333,0.8142026323844506,1.0,0.6666666666666666,0.6431457431457431,0.8,0.5,0.0,0.0,1.5127326687797904,results/paper_aaai2027/frozen/results/final_mcs_experiments_er_sf_alpha001_nowrong_noweight_50rep_chunked/wc_sweep_bnlearn_cancer_alpha001_nowrong_noweight_seed2026_2075_20260715_154609/summary.json
cancer,Cancer (5),ABA-PC,12,12.0,2037.0,3.6666666666666665,0.44813333333333333,4.0,0.3916606664266571,3.6666666666666665,3.0,4.0,0.44813333333333333,0.5,0.4,4.0,3.0,5.0,0.3916606664266571,0.5,0.22222222222222224,3.0,4.0,0.7208333333333332,0.8,0.6666666666666665,0.39166666666666666,0.5,0.22222222222222224,0.7388888888888889,0.8,0.6666666666666665,0.4444444444444444,0.5,0.3333333333333333,0.0,0.0,1.2708389712497592,results/paper_aaai2027/frozen/results/final_mcs_experiments_er_sf_alpha001_nowrong_noweight_50rep_chunked/wc_sweep_bnlearn_cancer_alpha001_nowrong_noweight_seed2026_2075_20260715_154609/summary.json
cancer,Cancer (5),ABA-PC,13,13.0,2038.0,1.5,0.70835,1.6666666666666667,0.6944444444444443,1.5,1.0,2.0,0.70835,0.75,0.6667,1.6666666666666667,1.0,2.0,0.6944444444444443,0.75,0.6666666666666665,2.0,3.0,0.9259259259259259,1.0,0.888888888888889,0.6944444444444443,0.75,0.6666666666666665,0.9444444444444444,1.0,0.888888888888889,0.8,0.8,0.8,0.0,0.0,1.243219502735883,results/paper_aaai2027/frozen/results/final_mcs_experiments_er_sf_alpha001_nowrong_noweight_50rep_chunked/wc_sweep_bnlearn_cancer_alpha001_nowrong_noweight_seed2026_2075_20260715_154609/summary.json
cancer,Cancer (5),ABA-PC,14,14.0,2039.0,2.75,0.49350000000000005,3.257142857142857,0.44079159323937495,2.75,0.0,4.0,0.49350000000000005,1.0,0.4,3.257142857142857,0.0,5.0,0.44079159323937495,1.0,0.2000239980801536,12.0,70.0,0.8660317460317462,1.0,0.8,0.4407936507936508,1.0,0.2,0.9037037037037038,1.0,0.8,0.25,1.0,0.0,1.0,1.0,2.110840880777687,results/paper_aaai2027/frozen/results/final_mcs_experiments_er_sf_alpha001_nowrong_noweight_50rep_chunked/wc_sweep_bnlearn_cancer_alpha001_nowrong_noweight_seed2026_2075_20260715_154609/summary.json
cancer,Cancer (5),ABA-PC,15,15.0,2040.0,1.5,0.70835,1.6666666666666667,0.6944444444444443,1.5,1.0,2.0,0.70835,0.75,0.6667,1.6666666666666667,1.0,2.0,0.6944444444444443,0.75,0.6666666666666665,2.0,3.0,0.9259259259259259,1.0,0.888888888888889,0.6944444444444443,0.75,0.6666666666666665,0.9444444444444444,1.0,0.888888888888889,0.8,0.8,0.8,0.0,0.0,1.2374930982477963,results/paper_aaai2027/frozen/results/final_mcs_experiments_er_sf_alpha001_nowrong_noweight_50rep_chunked/wc_sweep_bnlearn_cancer_alpha001_nowrong_noweight_seed2026_2075_20260715_154609/summary.json
cancer,Cancer (5),ABA-PC,16,16.0,2041.0,2.0,0.5714,2.0,0.5714408159766863,2.0,2.0,2.0,0.5714,0.5714,0.5714,2.0,2.0,2.0,0.5714408159766863,0.5714408159766863,0.5714408159766863,1.0,1.0,0.8571428571428571,0.8571428571428571,0.8571428571428571,0.5714285714285715,0.5714285714285715,0.5714285714285715,0.8571428571428571,0.8571428571428571,0.8571428571428571,0.5,0.5,0.5,0.0,0.0,1.15045812074095,results/paper_aaai2027/frozen/results/final_mcs_experiments_er_sf_alpha001_nowrong_noweight_50rep_chunked/wc_sweep_bnlearn_cancer_alpha001_nowrong_noweight_seed2026_2075_20260715_154609/summary.json
cancer,Cancer (5),ABA-PC,17,17.0,2042.0,1.0,0.75,1.0,0.75,1.0,1.0,1.0,0.75,0.75,0.75,1.0,1.0,1.0,0.75,0.75,0.75,1.0,1.0,1.0,1.0,1.0,0.75,0.75,0.75,1.0,1.0,1.0,0.8,0.8,0.8,0.0,0.0,1.0437452476471663,results/paper_aaai2027/frozen/results/final_mcs_experiments_er_sf_alpha001_nowrong_noweight_50rep_chunked/wc_sweep_bnlearn_cancer_alpha001_nowrong_noweight_seed2026_2075_20260715_154609/summary.json
cancer,Cancer (5),ABA-PC,18,18.0,2043.0,2.2222222222222223,0.7286833333333333,2.1739130434782608,0.7255840302620546,2.2222222222222223,0.0,4.0,0.7286833333333333,1.0,0.4444,2.1739130434782608,0.0,4.0,0.7255840302620546,1.0,0.4444444444444445,18.0,23.0,0.8031181379007465,1.0,0.6,0.7255819060166886,1.0,0.4444444444444445,0.7919472502805837,1.0,0.6,0.6968253968253968,1.0,0.0,1.0,1.0,1.26380146574229,results/paper_aaai2027/frozen/results/final_mcs_experiments_er_sf_alpha001_nowrong_noweight_50rep_chunked/wc_sweep_bnlearn_cancer_alpha001_nowrong_noweight_seed2026_2075_20260715_154609/summary.json
cancer,Cancer (5),ABA-PC,19,19.0,2044.0,4.0,0.0,4.0,0.0,4.0,4.0,4.0,0.0,0.0,0.0,4.0,4.0,4.0,0.0,0.0,0.0,1.0,1.0,0.8571428571428571,0.8571428571428571,0.8571428571428571,0.0,0.0,0.0,0.8571428571428571,0.8571428571428571,0.8571428571428571,0.0,0.0,0.0,0.0,0.0,1.1852619359269738,results/paper_aaai2027/frozen/results/final_mcs_experiments_er_sf_alpha001_nowrong_noweight_50rep_chunked/wc_sweep_bnlearn_cancer_alpha001_nowrong_noweight_seed2026_2075_20260715_154609/summary.json
cancer,Cancer (5),ABA-PC,20,20.0,2045.0,2.8333333333333335,0.62666,3.5128205128205128,0.4376099140622419,2.8333333333333335,0.0,5.0,0.62666,1.0,0.4,3.5128205128205128,0.0,6.0,0.4376099140622419,1.0,0.0,6.0,39.0,0.837037037037037,1.0,0.8,0.4376068376068376,1.0,0.0,0.8777777777777778,1.0,0.8,0.3333333333333333,1.0,0.0,1.0,1.0,1.3336365432478487,results/paper_aaai2027/frozen/results/final_mcs_experiments_er_sf_alpha001_nowrong_noweight_50rep_chunked/wc_sweep_bnlearn_cancer_alpha001_nowrong_noweight_seed2026_2075_20260715_154609/summary.json
cancer,Cancer (5),ABA-PC,21,21.0,2046.0,0.5,0.94445,0.6666666666666666,0.9259259259259259,0.5,0.0,1.0,0.94445,1.0,0.8889,0.6666666666666666,0.0,1.0,0.9259259259259259,1.0,0.888888888888889,2.0,3.0,0.9259259259259259,1.0,0.888888888888889,0.9259259259259259,1.0,0.888888888888889,0.9444444444444444,1.0,0.888888888888889,1.0,1.0,1.0,1.0,1.0,1.0124931558966637,results/paper_aaai2027/frozen/results/final_mcs_experiments_er_sf_alpha001_nowrong_noweight_50rep_chunked/wc_sweep_bnlearn_cancer_alpha001_nowrong_noweight_seed2026_2075_20260715_154609/summary.json
cancer,Cancer (5),ABA-PC,22,22.0,2047.0,4.393939393939394,0.3091242424242424,4.515625,0.323270212164006,4.393939393939394,2.0,7.0,0.3091242424242424,0.5,0.1667,4.515625,2.0,7.0,0.323270212164006,0.5,0.16666666666666666,33.0,64.0,0.7955176767676768,1.0,0.6666666666666666,0.32327178030303033,0.5,0.16666666666666666,0.8142026323844506,1.0,0.6666666666666666,0.4756132756132756,0.6666666666666666,0.25,0.0,0.0,1.2162116025574505,results/paper_aaai2027/frozen/results/final_mcs_experiments_er_sf_alpha001_nowrong_noweight_50rep_chunked/wc_sweep_bnlearn_cancer_alpha001_nowrong_noweight_seed2026_2075_20260715_154609/summary.json
cancer,Cancer (5),ABA-PC,23,23.0,2048.0,1.5,0.70835,1.6666666666666667,0.6944444444444443,1.5,1.0,2.0,0.70835,0.75,0.6667,1.6666666666666667,1.0,2.0,0.6944444444444443,0.75,0.6666666666666665,2.0,3.0,0.9259259259259259,1.0,0.888888888888889,0.6944444444444443,0.75,0.6666666666666665,0.9444444444444444,1.0,0.888888888888889,0.8,0.8,0.8,0.0,0.0,0.9654617831110954,results/paper_aaai2027/frozen/results/final_mcs_experiments_er_sf_alpha001_nowrong_noweight_50rep_chunked/wc_sweep_bnlearn_cancer_alpha001_nowrong_noweight_seed2026_2075_20260715_154609/summary.json
cancer,Cancer (5),ABA-PC,24,24.0,2049.0,2.5,0.5357000000000001,2.857142857142857,0.4285696790503857,2.5,2.0,3.0,0.5357000000000001,0.5714,0.5,2.857142857142857,1.0,4.0,0.4285696790503857,0.8571428571428571,0.25,2.0,7.0,0.8112244897959184,0.8571428571428571,0.75,0.42857142857142855,0.8571428571428571,0.25,0.8035714285714286,0.8571428571428571,0.75,0.0,0.0,0.0,0.0,0.0,0.9741756077855825,results/paper_aaai2027/frozen/results/final_mcs_experiments_er_sf_alpha001_nowrong_noweight_50rep_chunked/wc_sweep_bnlearn_cancer_alpha001_nowrong_noweight_seed2026_2075_20260715_154609/summary.json
cancer,Cancer (5),ABA-PC,25,25.0,2050.0,3.0,0.5357000000000001,3.1538461538461537,0.38461444256559224,3.0,2.0,4.0,0.5357000000000001,0.5714,0.5,3.1538461538461537,1.0,5.0,0.38461444256559224,0.8571428571428571,0.0,3.0,13.0,0.7912087912087912,0.8571428571428571,0.75,0.38461538461538464,0.8571428571428571,0.0,0.8214285714285715,0.8571428571428571,0.75,0.0,0.0,0.0,0.0,0.0,1.0398734221234918,results/paper_aaai2027/frozen/results/final_mcs_experiments_er_sf_alpha001_nowrong_noweight_50rep_chunked/wc_sweep_bnlearn_cancer_alpha001_nowrong_noweight_seed2026_2075_20260715_154609/summary.json
cancer,Cancer (5),ABA-PC,26,26.0,2051.0,3.5,0.2361,3.6666666666666665,0.23148148148148148,3.5,3.0,4.0,0.2361,0.25,0.2222,3.6666666666666665,3.0,4.0,0.23148148148148148,0.25,0.22222222222222224,2.0,3.0,0.9259259259259259,1.0,0.888888888888889,0.23148148148148148,0.25,0.22222222222222224,0.9444444444444444,1.0,0.888888888888889,0.4,0.4,0.4,0.0,0.0,0.9624966257251799,results/paper_aaai2027/frozen/results/final_mcs_experiments_er_sf_alpha001_nowrong_noweight_50rep_chunked/wc_sweep_bnlearn_cancer_alpha001_nowrong_noweight_seed2026_2075_20260715_154609/summary.json
cancer,Cancer (5),ABA-PC,27,27.0,2052.0,5.0,0.23146666666666668,4.866666666666666,0.08926085913126951,5.0,3.0,7.0,0.23146666666666668,0.25,0.2222,4.866666666666666,3.0,7.0,0.08926085913126951,0.25,0.0,11.0,15.0,0.8692255892255892,1.0,0.7272727272727273,0.08925925925925927,0.25,0.0,0.8701561065197428,1.0,0.7272727272727273,0.10909090909090911,0.4,0.0,0.0,0.0,1.0446223900653422,results/paper_aaai2027/frozen/results/final_mcs_experiments_er_sf_alpha001_nowrong_noweight_50rep_chunked/wc_sweep_bnlearn_cancer_alpha001_nowrong_noweight_seed2026_2075_20260715_154609/summary.json
cancer,Cancer (5),ABA-PC,28,28.0,2053.0,2.3,0.67167,2.357142857142857,0.6535731428228578,2.3,1.0,4.0,0.67167,0.8889,0.4444,2.357142857142857,1.0,4.0,0.6535731428228578,0.888888888888889,0.4444444444444445,10.0,14.0,0.8166666666666667,1.0,0.6666666666666665,0.6535714285714285,0.888888888888889,0.4444444444444445,0.8105555555555556,1.0,0.6666666666666665,0.6233333333333333,1.0,0.0,0.0,0.0,1.0353078548796475,results/paper_aaai2027/frozen/results/final_mcs_experiments_er_sf_alpha001_nowrong_noweight_50rep_chunked/wc_sweep_bnlearn_cancer_alpha001_nowrong_noweight_seed2026_2075_20260715_154609/summary.json
cancer,Cancer (5),ABA-PC,29,29.0,2054.0,2.7027027027027026,0.6180972972972972,2.9642857142857144,0.5396643603956546,2.7027027027027026,0.0,5.0,0.6180972972972972,1.0,0.4444,2.9642857142857144,0.0,5.0,0.5396643603956546,1.0,0.22222222222222224,37.0,84.0,0.7620181405895692,1.0,0.6666666666666665,0.5396636432350718,1.0,0.22222222222222224,0.7869154869154869,1.0,0.6666666666666665,0.46306306306306305,1.0,0.0,1.0,1.0,1.2491467762738466,results/paper_aaai2027/frozen/results/final_mcs_experiments_er_sf_alpha001_nowrong_noweight_50rep_chunked/wc_sweep_bnlearn_cancer_alpha001_nowrong_noweight_seed2026_2075_20260715_154609/summary.json
cancer,Cancer (5),ABA-PC,30,30.0,2055.0,0.0,1.0,0.0,1.0,0.0,0.0,0.0,1.0,1.0,1.0,0.0,0.0,0.0,1.0,1.0,1.0,1.0,1.0,1.0,1.0,1.0,1.0,1.0,1.0,1.0,1.0,1.0,1.0,1.0,1.0,1.0,1.0,0.9924680381081998,results/paper_aaai2027/frozen/results/final_mcs_experiments_er_sf_alpha001_nowrong_noweight_50rep_chunked/wc_sweep_bnlearn_cancer_alpha001_nowrong_noweight_seed2026_2075_20260715_154609/summary.json
cancer,Cancer (5),ABA-PC,31,31.0,2056.0,3.2857142857142856,0.4333142857142857,3.3846153846153846,0.4281940508389566,3.2857142857142856,2.0,4.0,0.4333142857142857,0.5,0.4,3.3846153846153846,2.0,4.0,0.4281940508389566,0.5,0.3999759990399616,7.0,13.0,0.8564102564102565,1.0,0.8,0.42820512820512824,0.5,0.4,0.8666666666666668,1.0,0.8,0.619047619047619,0.6666666666666666,0.5,0.0,0.0,1.0304381041787565,results/paper_aaai2027/frozen/results/final_mcs_experiments_er_sf_alpha001_nowrong_noweight_50rep_chunked/wc_sweep_bnlearn_cancer_alpha001_nowrong_noweight_seed2026_2075_20260715_154609/summary.json
cancer,Cancer (5),ABA-PC,32,32.0,2057.0,4.212962962962963,0.438803738317757,4.3954545454545455,0.40975887822777823,4.212962962962963,1.0,7.0,0.438803738317757,0.75,0.2,4.3954545454545455,1.0,7.0,0.40975887822777823,0.75,0.1818528887757699,108.0,220.0,0.673235274826184,1.0,0.4,0.4097615768070314,0.75,0.18181818181818182,0.6896618299396077,1.0,0.4,0.5396384479717814,1.0,0.0,0.0,0.0,2.3338999510742724,results/paper_aaai2027/frozen/results/final_mcs_experiments_er_sf_alpha001_nowrong_noweight_50rep_chunked/wc_sweep_bnlearn_cancer_alpha001_nowrong_noweight_seed2026_2075_20260715_154609/summary.json
cancer,Cancer (5),ABA-PC,33,33.0,2058.0,4.5,0.2222,4.5,0.11111111111111112,4.5,4.0,5.0,0.2222,0.2222,0.2222,4.5,4.0,5.0,0.11111111111111112,0.22222222222222224,0.0,2.0,4.0,0.8194444444444444,0.888888888888889,0.75,0.11111111111111112,0.22222222222222224,0.0,0.8194444444444444,0.888888888888889,0.75,0.2,0.4,0.0,0.0,0.0,1.0492242751643062,results/paper_aaai2027/frozen/results/final_mcs_experiments_er_sf_alpha001_nowrong_noweight_50rep_chunked/wc_sweep_bnlearn_cancer_alpha001_nowrong_noweight_seed2026_2075_20260715_154609/summary.json
cancer,Cancer (5),ABA-PC,34,34.0,2059.0,4.0,0.0,4.0,0.0,4.0,4.0,4.0,0.0,0.0,0.0,4.0,4.0,4.0,0.0,0.0,0.0,1.0,1.0,0.8571428571428571,0.8571428571428571,0.8571428571428571,0.0,0.0,0.0,0.8571428571428571,0.8571428571428571,0.8571428571428571,0.0,0.0,0.0,0.0,0.0,0.9972134837880731,results/paper_aaai2027/frozen/results/final_mcs_experiments_er_sf_alpha001_nowrong_noweight_50rep_chunked/wc_sweep_bnlearn_cancer_alpha001_nowrong_noweight_seed2026_2075_20260715_154609/summary.json
cancer,Cancer (5),ABA-PC,35,35.0,2060.0,4.580645161290323,0.36394482758620694,4.824561403508772,0.26848327893714274,4.580645161290323,2.0,7.0,0.36394482758620694,0.5,0.2,4.824561403508772,2.0,8.0,0.26848327893714274,0.5,0.0,31.0,57.0,0.6890129363813573,1.0,0.4,0.2684830763778132,0.5,0.0,0.711485826001955,1.0,0.4,0.17542242703533026,0.5,0.0,0.0,0.0,1.905537593178451,results/paper_aaai2027/frozen/results/final_mcs_experiments_er_sf_alpha001_nowrong_noweight_50rep_chunked/wc_sweep_bnlearn_cancer_alpha001_nowrong_noweight_seed2026_2075_20260715_154609/summary.json
cancer,Cancer (5),ABA-PC,36,36.0,2061.0,2.5,0.5357000000000001,2.857142857142857,0.4285696790503857,2.5,2.0,3.0,0.5357000000000001,0.5714,0.5,2.857142857142857,1.0,4.0,0.4285696790503857,0.8571428571428571,0.25,2.0,7.0,0.8112244897959184,0.8571428571428571,0.75,0.42857142857142855,0.8571428571428571,0.25,0.8035714285714286,0.8571428571428571,0.75,0.0,0.0,0.0,0.0,0.0,1.007412183098495,results/paper_aaai2027/frozen/results/final_mcs_experiments_er_sf_alpha001_nowrong_noweight_50rep_chunked/wc_sweep_bnlearn_cancer_alpha001_nowrong_noweight_seed2026_2075_20260715_154609/summary.json
cancer,Cancer (5),ABA-PC,37,37.0,2062.0,4.3893129770992365,0.3888610687022901,4.559322033898305,0.38249945147158626,4.3893129770992365,1.0,7.0,0.3888610687022901,0.75,0.1667,4.559322033898305,1.0,8.0,0.38249945147158626,0.75,0.1538355026308502,131.0,236.0,0.7650033582236972,1.0,0.6153846153846153,0.3825016791118486,0.75,0.15384615384615383,0.7777410036952022,1.0,0.6153846153846153,0.4852599054889132,0.8,0.25,0.0,0.0,2.4696244639344513,results/paper_aaai2027/frozen/results/final_mcs_experiments_er_sf_alpha001_nowrong_noweight_50rep_chunked/wc_sweep_bnlearn_cancer_alpha001_nowrong_noweight_seed2026_2075_20260715_154609/summary.json
cancer,Cancer (5),ABA-PC,38,38.0,2063.0,4.0,0.0,4.0,0.0,4.0,4.0,4.0,0.0,0.0,0.0,4.0,4.0,4.0,0.0,0.0,0.0,1.0,1.0,0.8571428571428571,0.8571428571428571,0.8571428571428571,0.0,0.0,0.0,0.8571428571428571,0.8571428571428571,0.8571428571428571,0.0,0.0,0.0,0.0,0.0,1.7811672403477132,results/paper_aaai2027/frozen/results/final_mcs_experiments_er_sf_alpha001_nowrong_noweight_50rep_chunked/wc_sweep_bnlearn_cancer_alpha001_nowrong_noweight_seed2026_2075_20260715_154609/summary.json
cancer,Cancer (5),ABA-PC,39,39.0,2064.0,3.2857142857142856,0.4333142857142857,3.3846153846153846,0.4281940508389566,3.2857142857142856,2.0,4.0,0.4333142857142857,0.5,0.4,3.3846153846153846,2.0,4.0,0.4281940508389566,0.5,0.3999759990399616,7.0,13.0,0.8564102564102565,1.0,0.8,0.42820512820512824,0.5,0.4,0.8666666666666668,1.0,0.8,0.619047619047619,0.6666666666666666,0.5,0.0,0.0,1.8644227851182222,results/paper_aaai2027/frozen/results/final_mcs_experiments_er_sf_alpha001_nowrong_noweight_50rep_chunked/wc_sweep_bnlearn_cancer_alpha001_nowrong_noweight_seed2026_2075_20260715_154609/summary.json
cancer,Cancer (5),ABA-PC,40,40.0,2065.0,3.34375,0.5094125,4.0927152317880795,0.43083182042733886,3.34375,0.0,6.0,0.5094125,1.0,0.3333,4.0927152317880795,0.0,7.0,0.43083182042733886,1.0,0.16666666666666666,32.0,151.0,0.7839721720516423,1.0,0.6666666666666666,0.43082814904006955,1.0,0.16666666666666666,0.8247474747474748,1.0,0.6666666666666666,0.39017857142857143,1.0,0.0,1.0,1.0,2.181541786994785,results/paper_aaai2027/frozen/results/final_mcs_experiments_er_sf_alpha001_nowrong_noweight_50rep_chunked/wc_sweep_bnlearn_cancer_alpha001_nowrong_noweight_seed2026_2075_20260715_154609/summary.json
cancer,Cancer (5),ABA-PC,41,41.0,2066.0,3.111111111111111,0.5039777777777777,2.9166666666666665,0.5390923621544581,3.111111111111111,1.0,5.0,0.5039777777777777,0.75,0.3636,2.9166666666666665,1.0,5.0,0.5390923621544581,0.75,0.3636247931780578,9.0,12.0,0.8550505050505052,1.0,0.7272727272727273,0.5390993265993266,0.75,0.36363636363636365,0.8536475869809204,1.0,0.7272727272727273,0.5206349206349207,0.8,0.28571428571428575,0.0,0.0,1.9238939182832837,results/paper_aaai2027/frozen/results/final_mcs_experiments_er_sf_alpha001_nowrong_noweight_50rep_chunked/wc_sweep_bnlearn_cancer_alpha001_nowrong_noweight_seed2026_2075_20260715_154609/summary.json
cancer,Cancer (5),ABA-PC,42,42.0,2067.0,3.2857142857142856,0.4333142857142857,3.3846153846153846,0.4281940508389566,3.2857142857142856,2.0,4.0,0.4333142857142857,0.5,0.4,3.3846153846153846,2.0,4.0,0.4281940508389566,0.5,0.3999759990399616,7.0,13.0,0.8564102564102565,1.0,0.8,0.42820512820512824,0.5,0.4,0.8666666666666668,1.0,0.8,0.619047619047619,0.6666666666666666,0.5,0.0,0.0,1.9227833822369576,results/paper_aaai2027/frozen/results/final_mcs_experiments_er_sf_alpha001_nowrong_noweight_50rep_chunked/wc_sweep_bnlearn_cancer_alpha001_nowrong_noweight_seed2026_2075_20260715_154609/summary.json
cancer,Cancer (5),ABA-PC,43,43.0,2068.0,0.5,0.94445,0.6666666666666666,0.9259259259259259,0.5,0.0,1.0,0.94445,1.0,0.8889,0.6666666666666666,0.0,1.0,0.9259259259259259,1.0,0.888888888888889,2.0,3.0,0.9259259259259259,1.0,0.888888888888889,0.9259259259259259,1.0,0.888888888888889,0.9444444444444444,1.0,0.888888888888889,1.0,1.0,1.0,1.0,1.0,1.939907134976238,results/paper_aaai2027/frozen/results/final_mcs_experiments_er_sf_alpha001_nowrong_noweight_50rep_chunked/wc_sweep_bnlearn_cancer_alpha001_nowrong_noweight_seed2026_2075_20260715_154609/summary.json
cancer,Cancer (5),ABA-PC,44,44.0,2069.0,2.2,0.59762,2.2857142857142856,0.5935391641871456,2.2,1.0,3.0,0.59762,0.75,0.5,2.2857142857142856,1.0,3.0,0.5935391641871456,0.75,0.5,5.0,7.0,0.840702947845805,1.0,0.75,0.5935374149659863,0.75,0.5,0.8492063492063492,1.0,0.75,0.5866666666666667,0.8,0.3333333333333333,0.0,0.0,1.9304815367795527,results/paper_aaai2027/frozen/results/final_mcs_experiments_er_sf_alpha001_nowrong_noweight_50rep_chunked/wc_sweep_bnlearn_cancer_alpha001_nowrong_noweight_seed2026_2075_20260715_154609/summary.json
cancer,Cancer (5),ABA-PC,45,45.0,2070.0,4.0,0.4444,4.666666666666667,0.29629629629629634,4.0,4.0,4.0,0.4444,0.4444,0.4444,4.666666666666667,4.0,5.0,0.29629629629629634,0.4444444444444445,0.22222222222222224,1.0,3.0,0.6666666666666665,0.6666666666666665,0.6666666666666665,0.29629629629629634,0.4444444444444445,0.22222222222222224,0.6666666666666665,0.6666666666666665,0.6666666666666665,0.0,0.0,0.0,0.0,0.0,2.6048151571303606,results/paper_aaai2027/frozen/results/final_mcs_experiments_er_sf_alpha001_nowrong_noweight_50rep_chunked/wc_sweep_bnlearn_cancer_alpha001_nowrong_noweight_seed2026_2075_20260715_154609/summary.json
cancer,Cancer (5),ABA-PC,46,46.0,2071.0,3.0,0.538675,3.2195121951219514,0.46622174652508036,3.0,1.0,5.0,0.538675,0.75,0.4444,3.2195121951219514,1.0,5.0,0.46622174652508036,0.8571428571428571,0.22222222222222224,12.0,41.0,0.754161827332559,1.0,0.6666666666666665,0.46622144792876496,0.8571428571428571,0.22222222222222224,0.7883597883597884,1.0,0.6666666666666665,0.24444444444444446,0.8,0.0,0.0,0.0,2.0899192169308662,results/paper_aaai2027/frozen/results/final_mcs_experiments_er_sf_alpha001_nowrong_noweight_50rep_chunked/wc_sweep_bnlearn_cancer_alpha001_nowrong_noweight_seed2026_2075_20260715_154609/summary.json
cancer,Cancer (5),ABA-PC,47,47.0,2072.0,3.642857142857143,0.4752,3.8125,0.4370633387956206,3.642857142857143,1.0,6.0,0.4752,0.75,0.2222,3.8125,1.0,6.0,0.4370633387956206,0.75,0.2000239980801536,28.0,32.0,0.7380388708513709,1.0,0.4444444444444445,0.43706484487734487,0.75,0.2,0.7351576994434137,1.0,0.4444444444444445,0.4733843537414966,0.8,0.0,0.0,0.0,2.079641249962151,results/paper_aaai2027/frozen/results/final_mcs_experiments_er_sf_alpha001_nowrong_noweight_50rep_chunked/wc_sweep_bnlearn_cancer_alpha001_nowrong_noweight_seed2026_2075_20260715_154609/summary.json
cancer,Cancer (5),ABA-PC,48,48.0,2073.0,3.5,0.4222,3.3333333333333335,0.4296216293096169,3.5,3.0,4.0,0.4222,0.4444,0.4,3.3333333333333335,3.0,4.0,0.4296216293096169,0.4444444444444445,0.3999759990399616,2.0,3.0,0.8592592592592593,0.888888888888889,0.8,0.42962962962962964,0.4444444444444445,0.4,0.8444444444444446,0.888888888888889,0.8,0.5833333333333333,0.6666666666666666,0.5,0.0,0.0,1.975429120939225,results/paper_aaai2027/frozen/results/final_mcs_experiments_er_sf_alpha001_nowrong_noweight_50rep_chunked/wc_sweep_bnlearn_cancer_alpha001_nowrong_noweight_seed2026_2075_20260715_154609/summary.json
cancer,Cancer (5),ABA-PC,49,49.0,2074.0,2.0,0.6667,2.0,0.6666666666666665,2.0,2.0,2.0,0.6667,0.6667,0.6667,2.0,2.0,2.0,0.6666666666666665,0.6666666666666665,0.6666666666666665,1.0,2.0,0.888888888888889,0.888888888888889,0.888888888888889,0.6666666666666665,0.6666666666666665,0.6666666666666665,0.888888888888889,0.888888888888889,0.888888888888889,0.8,0.8,0.8,0.0,0.0,2.047610954847187,results/paper_aaai2027/frozen/results/final_mcs_experiments_er_sf_alpha001_nowrong_noweight_50rep_chunked/wc_sweep_bnlearn_cancer_alpha001_nowrong_noweight_seed2026_2075_20260715_154609/summary.json
cancer,Cancer (5),ABA-PC,50,50.0,2075.0,1.2857142857142858,0.8087428571428571,1.6,0.7594468443964454,1.2857142857142858,0.0,2.0,0.8087428571428571,1.0,0.6667,1.6,0.0,3.0,0.7594468443964454,1.0,0.6,7.0,10.0,0.8933333333333333,1.0,0.8,0.7594444444444444,1.0,0.6,0.907936507936508,1.0,0.8,0.8666666666666666,1.0,0.6666666666666666,1.0,1.0,2.054302346892655,results/paper_aaai2027/frozen/results/final_mcs_experiments_er_sf_alpha001_nowrong_noweight_50rep_chunked/wc_sweep_bnlearn_cancer_alpha001_nowrong_noweight_seed2026_2075_20260715_154609/summary.json
cancer,Cancer (5),OptABA-PC,1,1.0,2026.0,4.0,0.0,4.0,0.0,4.0,4.0,4.0,0.0,0.0,0.0,4.0,4.0,4.0,0.0,0.0,0.0,1.0,1.0,0.8571428571428571,0.8571428571428571,0.8571428571428571,0.0,0.0,0.0,0.8571428571428571,0.8571428571428571,0.8571428571428571,0.0,0.0,0.0,0.0,0.0,1.1304990639910102,results/paper_aaai2027/frozen/results/final_mcs_experiments_er_sf_alpha001_nowrong_noweight_50rep_chunked/wc_sweep_bnlearn_cancer_alpha001_nowrong_noweight_seed2026_2075_20260715_154609/summary.json
cancer,Cancer (5),OptABA-PC,2,2.0,2027.0,2.0,0.5714,2.25,0.49999693833817493,2.0,2.0,2.0,0.5714,0.5714,0.5714,2.25,1.0,3.0,0.49999693833817493,0.8571428571428571,0.2857020401165781,1.0,4.0,0.8571428571428571,0.8571428571428571,0.8571428571428571,0.5,0.8571428571428571,0.28571428571428575,0.8571428571428571,0.8571428571428571,0.8571428571428571,0.0,0.0,0.0,0.0,0.0,1.1150616579689085,results/paper_aaai2027/frozen/results/final_mcs_experiments_er_sf_alpha001_nowrong_noweight_50rep_chunked/wc_sweep_bnlearn_cancer_alpha001_nowrong_noweight_seed2026_2075_20260715_154609/summary.json
cancer,Cancer (5),OptABA-PC,3,3.0,2028.0,2.0,0.5714,2.25,0.49999693833817493,2.0,2.0,2.0,0.5714,0.5714,0.5714,2.25,1.0,3.0,0.49999693833817493,0.8571428571428571,0.2857020401165781,1.0,4.0,0.8571428571428571,0.8571428571428571,0.8571428571428571,0.5,0.8571428571428571,0.28571428571428575,0.8571428571428571,0.8571428571428571,0.8571428571428571,0.0,0.0,0.0,0.0,0.0,1.1618775161914527,results/paper_aaai2027/frozen/results/final_mcs_experiments_er_sf_alpha001_nowrong_noweight_50rep_chunked/wc_sweep_bnlearn_cancer_alpha001_nowrong_noweight_seed2026_2075_20260715_154609/summary.json
cancer,Cancer (5),OptABA-PC,4,4.0,2029.0,1.0,0.75,1.0,0.75,1.0,1.0,1.0,0.75,0.75,0.75,1.0,1.0,1.0,0.75,0.75,0.75,1.0,1.0,1.0,1.0,1.0,0.75,0.75,0.75,1.0,1.0,1.0,0.8,0.8,0.8,0.0,0.0,1.1149629461579025,results/paper_aaai2027/frozen/results/final_mcs_experiments_er_sf_alpha001_nowrong_noweight_50rep_chunked/wc_sweep_bnlearn_cancer_alpha001_nowrong_noweight_seed2026_2075_20260715_154609/summary.json
cancer,Cancer (5),OptABA-PC,5,5.0,2030.0,1.0,0.75,1.0,0.75,1.0,1.0,1.0,0.75,0.75,0.75,1.0,1.0,1.0,0.75,0.75,0.75,1.0,1.0,1.0,1.0,1.0,0.75,0.75,0.75,1.0,1.0,1.0,0.8,0.8,0.8,0.0,0.0,1.125701047014445,results/paper_aaai2027/frozen/results/final_mcs_experiments_er_sf_alpha001_nowrong_noweight_50rep_chunked/wc_sweep_bnlearn_cancer_alpha001_nowrong_noweight_seed2026_2075_20260715_154609/summary.json
cancer,Cancer (5),OptABA-PC,6,6.0,2031.0,1.0,0.75,1.0,0.75,1.0,1.0,1.0,0.75,0.75,0.75,1.0,1.0,1.0,0.75,0.75,0.75,1.0,1.0,1.0,1.0,1.0,0.75,0.75,0.75,1.0,1.0,1.0,0.8,0.8,0.8,0.0,0.0,1.132227199152112,results/paper_aaai2027/frozen/results/final_mcs_experiments_er_sf_alpha001_nowrong_noweight_50rep_chunked/wc_sweep_bnlearn_cancer_alpha001_nowrong_noweight_seed2026_2075_20260715_154609/summary.json
cancer,Cancer (5),OptABA-PC,7,7.0,2032.0,1.0,0.75,1.0,0.75,1.0,1.0,1.0,0.75,0.75,0.75,1.0,1.0,1.0,0.75,0.75,0.75,1.0,1.0,1.0,1.0,1.0,0.75,0.75,0.75,1.0,1.0,1.0,0.8,0.8,0.8,0.0,0.0,1.1503822952508926,results/paper_aaai2027/frozen/results/final_mcs_experiments_er_sf_alpha001_nowrong_noweight_50rep_chunked/wc_sweep_bnlearn_cancer_alpha001_nowrong_noweight_seed2026_2075_20260715_154609/summary.json
cancer,Cancer (5),OptABA-PC,8,8.0,2033.0,2.0,0.5714,2.25,0.49999693833817493,2.0,2.0,2.0,0.5714,0.5714,0.5714,2.25,1.0,3.0,0.49999693833817493,0.8571428571428571,0.2857020401165781,1.0,4.0,0.8571428571428571,0.8571428571428571,0.8571428571428571,0.5,0.8571428571428571,0.28571428571428575,0.8571428571428571,0.8571428571428571,0.8571428571428571,0.0,0.0,0.0,0.0,0.0,1.1554019208997488,results/paper_aaai2027/frozen/results/final_mcs_experiments_er_sf_alpha001_nowrong_noweight_50rep_chunked/wc_sweep_bnlearn_cancer_alpha001_nowrong_noweight_seed2026_2075_20260715_154609/summary.json
cancer,Cancer (5),OptABA-PC,9,9.0,2034.0,1.0,0.75,1.0,0.75,1.0,1.0,1.0,0.75,0.75,0.75,1.0,1.0,1.0,0.75,0.75,0.75,1.0,1.0,1.0,1.0,1.0,0.75,0.75,0.75,1.0,1.0,1.0,0.8,0.8,0.8,0.0,0.0,1.13340487703681,results/paper_aaai2027/frozen/results/final_mcs_experiments_er_sf_alpha001_nowrong_noweight_50rep_chunked/wc_sweep_bnlearn_cancer_alpha001_nowrong_noweight_seed2026_2075_20260715_154609/summary.json
cancer,Cancer (5),OptABA-PC,10,10.0,2035.0,2.0,0.5714,2.25,0.49999693833817493,2.0,2.0,2.0,0.5714,0.5714,0.5714,2.25,1.0,3.0,0.49999693833817493,0.8571428571428571,0.2857020401165781,1.0,4.0,0.8571428571428571,0.8571428571428571,0.8571428571428571,0.5,0.8571428571428571,0.28571428571428575,0.8571428571428571,0.8571428571428571,0.8571428571428571,0.0,0.0,0.0,0.0,0.0,1.124827353283763,results/paper_aaai2027/frozen/results/final_mcs_experiments_er_sf_alpha001_nowrong_noweight_50rep_chunked/wc_sweep_bnlearn_cancer_alpha001_nowrong_noweight_seed2026_2075_20260715_154609/summary.json
cancer,Cancer (5),OptABA-PC,11,11.0,2036.0,1.0,0.75,1.0,0.75,1.0,1.0,1.0,0.75,0.75,0.75,1.0,1.0,1.0,0.75,0.75,0.75,1.0,1.0,1.0,1.0,1.0,0.75,0.75,0.75,1.0,1.0,1.0,0.8,0.8,0.8,0.0,0.0,1.1457038251683116,results/paper_aaai2027/frozen/results/final_mcs_experiments_er_sf_alpha001_nowrong_noweight_50rep_chunked/wc_sweep_bnlearn_cancer_alpha001_nowrong_noweight_seed2026_2075_20260715_154609/summary.json
cancer,Cancer (5),OptABA-PC,12,12.0,2037.0,3.0,0.5,3.0,0.5,3.0,3.0,3.0,0.5,0.5,0.5,3.0,3.0,3.0,0.5,0.5,0.5,1.0,1.0,0.75,0.75,0.75,0.5,0.5,0.5,0.75,0.75,0.75,0.5,0.5,0.5,0.0,0.0,1.1658515110611916,results/paper_aaai2027/frozen/results/final_mcs_experiments_er_sf_alpha001_nowrong_noweight_50rep_chunked/wc_sweep_bnlearn_cancer_alpha001_nowrong_noweight_seed2026_2075_20260715_154609/summary.json
cancer,Cancer (5),OptABA-PC,13,13.0,2038.0,1.0,0.75,1.0,0.75,1.0,1.0,1.0,0.75,0.75,0.75,1.0,1.0,1.0,0.75,0.75,0.75,1.0,1.0,1.0,1.0,1.0,0.75,0.75,0.75,1.0,1.0,1.0,0.8,0.8,0.8,0.0,0.0,1.1317986389622092,results/paper_aaai2027/frozen/results/final_mcs_experiments_er_sf_alpha001_nowrong_noweight_50rep_chunked/wc_sweep_bnlearn_cancer_alpha001_nowrong_noweight_seed2026_2075_20260715_154609/summary.json
cancer,Cancer (5),OptABA-PC,14,14.0,2039.0,2.0,0.5,2.0,0.5,2.0,2.0,2.0,0.5,0.5,0.5,2.0,2.0,2.0,0.5,0.5,0.5,1.0,1.0,1.0,1.0,1.0,0.5,0.5,0.5,1.0,1.0,1.0,0.5,0.5,0.5,0.0,0.0,1.1382183698005974,results/paper_aaai2027/frozen/results/final_mcs_experiments_er_sf_alpha001_nowrong_noweight_50rep_chunked/wc_sweep_bnlearn_cancer_alpha001_nowrong_noweight_seed2026_2075_20260715_154609/summary.json
cancer,Cancer (5),OptABA-PC,15,15.0,2040.0,1.0,0.75,1.0,0.75,1.0,1.0,1.0,0.75,0.75,0.75,1.0,1.0,1.0,0.75,0.75,0.75,1.0,1.0,1.0,1.0,1.0,0.75,0.75,0.75,1.0,1.0,1.0,0.8,0.8,0.8,0.0,0.0,1.1429091249592602,results/paper_aaai2027/frozen/results/final_mcs_experiments_er_sf_alpha001_nowrong_noweight_50rep_chunked/wc_sweep_bnlearn_cancer_alpha001_nowrong_noweight_seed2026_2075_20260715_154609/summary.json
cancer,Cancer (5),OptABA-PC,16,16.0,2041.0,2.0,0.5714,2.0,0.5714408159766863,2.0,2.0,2.0,0.5714,0.5714,0.5714,2.0,2.0,2.0,0.5714408159766863,0.5714408159766863,0.5714408159766863,1.0,1.0,0.8571428571428571,0.8571428571428571,0.8571428571428571,0.5714285714285715,0.5714285714285715,0.5714285714285715,0.8571428571428571,0.8571428571428571,0.8571428571428571,0.5,0.5,0.5,0.0,0.0,0.9383166222833097,results/paper_aaai2027/frozen/results/final_mcs_experiments_er_sf_alpha001_nowrong_noweight_50rep_chunked/wc_sweep_bnlearn_cancer_alpha001_nowrong_noweight_seed2026_2075_20260715_154609/summary.json
cancer,Cancer (5),OptABA-PC,17,17.0,2042.0,4.0,0.25,4.0,0.25,4.0,4.0,4.0,0.25,0.25,0.25,4.0,4.0,4.0,0.25,0.25,0.25,1.0,2.0,0.75,0.75,0.75,0.25,0.25,0.25,0.75,0.75,0.75,0.4,0.4,0.4,0.0,0.0,0.9729041708633304,results/paper_aaai2027/frozen/results/final_mcs_experiments_er_sf_alpha001_nowrong_noweight_50rep_chunked/wc_sweep_bnlearn_cancer_alpha001_nowrong_noweight_seed2026_2075_20260715_154609/summary.json
cancer,Cancer (5),OptABA-PC,18,18.0,2043.0,2.0,0.5,2.0,0.5,2.0,2.0,2.0,0.5,0.5,0.5,2.0,2.0,2.0,0.5,0.5,0.5,1.0,1.0,1.0,1.0,1.0,0.5,0.5,0.5,1.0,1.0,1.0,0.6666666666666666,0.6666666666666666,0.6666666666666666,0.0,0.0,1.074878322891891,results/paper_aaai2027/frozen/results/final_mcs_experiments_er_sf_alpha001_nowrong_noweight_50rep_chunked/wc_sweep_bnlearn_cancer_alpha001_nowrong_noweight_seed2026_2075_20260715_154609/summary.json
cancer,Cancer (5),OptABA-PC,19,19.0,2044.0,4.0,0.0,4.0,0.0,4.0,4.0,4.0,0.0,0.0,0.0,4.0,4.0,4.0,0.0,0.0,0.0,1.0,1.0,0.8571428571428571,0.8571428571428571,0.8571428571428571,0.0,0.0,0.0,0.8571428571428571,0.8571428571428571,0.8571428571428571,0.0,0.0,0.0,0.0,0.0,1.0882480219006538,results/paper_aaai2027/frozen/results/final_mcs_experiments_er_sf_alpha001_nowrong_noweight_50rep_chunked/wc_sweep_bnlearn_cancer_alpha001_nowrong_noweight_seed2026_2075_20260715_154609/summary.json
cancer,Cancer (5),OptABA-PC,20,20.0,2045.0,0.0,1.0,0.0,1.0,0.0,0.0,0.0,1.0,1.0,1.0,0.0,0.0,0.0,1.0,1.0,1.0,1.0,1.0,1.0,1.0,1.0,1.0,1.0,1.0,1.0,1.0,1.0,1.0,1.0,1.0,1.0,1.0,1.0981031539849937,results/paper_aaai2027/frozen/results/final_mcs_experiments_er_sf_alpha001_nowrong_noweight_50rep_chunked/wc_sweep_bnlearn_cancer_alpha001_nowrong_noweight_seed2026_2075_20260715_154609/summary.json
cancer,Cancer (5),OptABA-PC,21,21.0,2046.0,1.0,0.75,1.0,0.75,1.0,1.0,1.0,0.75,0.75,0.75,1.0,1.0,1.0,0.75,0.75,0.75,1.0,1.0,1.0,1.0,1.0,0.75,0.75,0.75,1.0,1.0,1.0,0.8,0.8,0.8,0.0,0.0,0.9305176623165607,results/paper_aaai2027/frozen/results/final_mcs_experiments_er_sf_alpha001_nowrong_noweight_50rep_chunked/wc_sweep_bnlearn_cancer_alpha001_nowrong_noweight_seed2026_2075_20260715_154609/summary.json
cancer,Cancer (5),OptABA-PC,22,22.0,2047.0,2.0,0.5,2.0,0.5,2.0,2.0,2.0,0.5,0.5,0.5,2.0,2.0,2.0,0.5,0.5,0.5,1.0,1.0,1.0,1.0,1.0,0.5,0.5,0.5,1.0,1.0,1.0,0.6666666666666666,0.6666666666666666,0.6666666666666666,0.0,0.0,0.9241098938509822,results/paper_aaai2027/frozen/results/final_mcs_experiments_er_sf_alpha001_nowrong_noweight_50rep_chunked/wc_sweep_bnlearn_cancer_alpha001_nowrong_noweight_seed2026_2075_20260715_154609/summary.json
cancer,Cancer (5),OptABA-PC,23,23.0,2048.0,1.0,0.75,1.0,0.75,1.0,1.0,1.0,0.75,0.75,0.75,1.0,1.0,1.0,0.75,0.75,0.75,1.0,1.0,1.0,1.0,1.0,0.75,0.75,0.75,1.0,1.0,1.0,0.8,0.8,0.8,0.0,0.0,0.9140217816457152,results/paper_aaai2027/frozen/results/final_mcs_experiments_er_sf_alpha001_nowrong_noweight_50rep_chunked/wc_sweep_bnlearn_cancer_alpha001_nowrong_noweight_seed2026_2075_20260715_154609/summary.json
cancer,Cancer (5),OptABA-PC,24,24.0,2049.0,2.0,0.5714,2.25,0.49999693833817493,2.0,2.0,2.0,0.5714,0.5714,0.5714,2.25,1.0,3.0,0.49999693833817493,0.8571428571428571,0.2857020401165781,1.0,4.0,0.8571428571428571,0.8571428571428571,0.8571428571428571,0.5,0.8571428571428571,0.28571428571428575,0.8571428571428571,0.8571428571428571,0.8571428571428571,0.0,0.0,0.0,0.0,0.0,0.8928435440175235,results/paper_aaai2027/frozen/results/final_mcs_experiments_er_sf_alpha001_nowrong_noweight_50rep_chunked/wc_sweep_bnlearn_cancer_alpha001_nowrong_noweight_seed2026_2075_20260715_154609/summary.json
cancer,Cancer (5),OptABA-PC,25,25.0,2050.0,4.0,0.0,4.0,0.0,4.0,4.0,4.0,0.0,0.0,0.0,4.0,4.0,4.0,0.0,0.0,0.0,1.0,1.0,0.8571428571428571,0.8571428571428571,0.8571428571428571,0.0,0.0,0.0,0.8571428571428571,0.8571428571428571,0.8571428571428571,0.0,0.0,0.0,0.0,0.0,0.9070746102370322,results/paper_aaai2027/frozen/results/final_mcs_experiments_er_sf_alpha001_nowrong_noweight_50rep_chunked/wc_sweep_bnlearn_cancer_alpha001_nowrong_noweight_seed2026_2075_20260715_154609/summary.json
cancer,Cancer (5),OptABA-PC,26,26.0,2051.0,2.0,0.5,2.0,0.5,2.0,2.0,2.0,0.5,0.5,0.5,2.0,2.0,2.0,0.5,0.5,0.5,1.0,1.0,1.0,1.0,1.0,0.5,0.5,0.5,1.0,1.0,1.0,0.6666666666666666,0.6666666666666666,0.6666666666666666,0.0,0.0,0.8979837242513895,results/paper_aaai2027/frozen/results/final_mcs_experiments_er_sf_alpha001_nowrong_noweight_50rep_chunked/wc_sweep_bnlearn_cancer_alpha001_nowrong_noweight_seed2026_2075_20260715_154609/summary.json
cancer,Cancer (5),OptABA-PC,27,27.0,2052.0,3.0,0.25,3.0,0.25,3.0,3.0,3.0,0.25,0.25,0.25,3.0,3.0,3.0,0.25,0.25,0.25,1.0,1.0,1.0,1.0,1.0,0.25,0.25,0.25,1.0,1.0,1.0,0.4,0.4,0.4,0.0,0.0,0.9070093622431159,results/paper_aaai2027/frozen/results/final_mcs_experiments_er_sf_alpha001_nowrong_noweight_50rep_chunked/wc_sweep_bnlearn_cancer_alpha001_nowrong_noweight_seed2026_2075_20260715_154609/summary.json
cancer,Cancer (5),OptABA-PC,28,28.0,2053.0,2.0,0.5,2.0,0.5,2.0,2.0,2.0,0.5,0.5,0.5,2.0,2.0,2.0,0.5,0.5,0.5,1.0,1.0,1.0,1.0,1.0,0.5,0.5,0.5,1.0,1.0,1.0,0.6666666666666666,0.6666666666666666,0.6666666666666666,0.0,0.0,0.9148721350356936,results/paper_aaai2027/frozen/results/final_mcs_experiments_er_sf_alpha001_nowrong_noweight_50rep_chunked/wc_sweep_bnlearn_cancer_alpha001_nowrong_noweight_seed2026_2075_20260715_154609/summary.json
cancer,Cancer (5),OptABA-PC,29,29.0,2054.0,2.0,0.5714,2.25,0.49999693833817493,2.0,2.0,2.0,0.5714,0.5714,0.5714,2.25,1.0,3.0,0.49999693833817493,0.8571428571428571,0.2857020401165781,1.0,4.0,0.8571428571428571,0.8571428571428571,0.8571428571428571,0.5,0.8571428571428571,0.28571428571428575,0.8571428571428571,0.8571428571428571,0.8571428571428571,0.0,0.0,0.0,0.0,0.0,0.9275049162097275,results/paper_aaai2027/frozen/results/final_mcs_experiments_er_sf_alpha001_nowrong_noweight_50rep_chunked/wc_sweep_bnlearn_cancer_alpha001_nowrong_noweight_seed2026_2075_20260715_154609/summary.json
cancer,Cancer (5),OptABA-PC,30,30.0,2055.0,3.0,0.5,3.6666666666666665,0.3333333333333333,3.0,3.0,3.0,0.5,0.5,0.5,3.6666666666666665,3.0,4.0,0.3333333333333333,0.5,0.25,1.0,3.0,0.75,0.75,0.75,0.3333333333333333,0.5,0.25,0.75,0.75,0.75,0.0,0.0,0.0,0.0,0.0,0.9326086519286036,results/paper_aaai2027/frozen/results/final_mcs_experiments_er_sf_alpha001_nowrong_noweight_50rep_chunked/wc_sweep_bnlearn_cancer_alpha001_nowrong_noweight_seed2026_2075_20260715_154609/summary.json
cancer,Cancer (5),OptABA-PC,31,31.0,2056.0,2.0,0.5,2.0,0.5,2.0,2.0,2.0,0.5,0.5,0.5,2.0,2.0,2.0,0.5,0.5,0.5,1.0,1.0,1.0,1.0,1.0,0.5,0.5,0.5,1.0,1.0,1.0,0.6666666666666666,0.6666666666666666,0.6666666666666666,0.0,0.0,1.5335088185966015,results/paper_aaai2027/frozen/results/final_mcs_experiments_er_sf_alpha001_nowrong_noweight_50rep_chunked/wc_sweep_bnlearn_cancer_alpha001_nowrong_noweight_seed2026_2075_20260715_154609/summary.json
cancer,Cancer (5),OptABA-PC,32,32.0,2057.0,2.0,0.5714,2.0,0.5714408159766863,2.0,2.0,2.0,0.5714,0.5714,0.5714,2.0,2.0,2.0,0.5714408159766863,0.5714408159766863,0.5714408159766863,1.0,1.0,0.8571428571428571,0.8571428571428571,0.8571428571428571,0.5714285714285715,0.5714285714285715,0.5714285714285715,0.8571428571428571,0.8571428571428571,0.8571428571428571,0.5,0.5,0.5,0.0,0.0,0.8931118240579963,results/paper_aaai2027/frozen/results/final_mcs_experiments_er_sf_alpha001_nowrong_noweight_50rep_chunked/wc_sweep_bnlearn_cancer_alpha001_nowrong_noweight_seed2026_2075_20260715_154609/summary.json
cancer,Cancer (5),OptABA-PC,33,33.0,2058.0,1.0,0.75,1.0,0.75,1.0,1.0,1.0,0.75,0.75,0.75,1.0,1.0,1.0,0.75,0.75,0.75,1.0,1.0,1.0,1.0,1.0,0.75,0.75,0.75,1.0,1.0,1.0,0.8,0.8,0.8,0.0,0.0,0.9650358976796269,results/paper_aaai2027/frozen/results/final_mcs_experiments_er_sf_alpha001_nowrong_noweight_50rep_chunked/wc_sweep_bnlearn_cancer_alpha001_nowrong_noweight_seed2026_2075_20260715_154609/summary.json
cancer,Cancer (5),OptABA-PC,34,34.0,2059.0,4.0,0.0,4.0,0.0,4.0,4.0,4.0,0.0,0.0,0.0,4.0,4.0,4.0,0.0,0.0,0.0,1.0,1.0,0.8571428571428571,0.8571428571428571,0.8571428571428571,0.0,0.0,0.0,0.8571428571428571,0.8571428571428571,0.8571428571428571,0.0,0.0,0.0,0.0,0.0,0.914320747833699,results/paper_aaai2027/frozen/results/final_mcs_experiments_er_sf_alpha001_nowrong_noweight_50rep_chunked/wc_sweep_bnlearn_cancer_alpha001_nowrong_noweight_seed2026_2075_20260715_154609/summary.json
cancer,Cancer (5),OptABA-PC,35,35.0,2060.0,2.0,0.5,2.0,0.5,2.0,2.0,2.0,0.5,0.5,0.5,2.0,2.0,2.0,0.5,0.5,0.5,1.0,1.0,1.0,1.0,1.0,0.5,0.5,0.5,1.0,1.0,1.0,0.6666666666666666,0.6666666666666666,0.6666666666666666,0.0,0.0,1.6484905909746885,results/paper_aaai2027/frozen/results/final_mcs_experiments_er_sf_alpha001_nowrong_noweight_50rep_chunked/wc_sweep_bnlearn_cancer_alpha001_nowrong_noweight_seed2026_2075_20260715_154609/summary.json
cancer,Cancer (5),OptABA-PC,36,36.0,2061.0,2.0,0.5714,2.25,0.49999693833817493,2.0,2.0,2.0,0.5714,0.5714,0.5714,2.25,1.0,3.0,0.49999693833817493,0.8571428571428571,0.2857020401165781,1.0,4.0,0.8571428571428571,0.8571428571428571,0.8571428571428571,0.5,0.8571428571428571,0.28571428571428575,0.8571428571428571,0.8571428571428571,0.8571428571428571,0.0,0.0,0.0,0.0,0.0,0.9217766732908785,results/paper_aaai2027/frozen/results/final_mcs_experiments_er_sf_alpha001_nowrong_noweight_50rep_chunked/wc_sweep_bnlearn_cancer_alpha001_nowrong_noweight_seed2026_2075_20260715_154609/summary.json
cancer,Cancer (5),OptABA-PC,37,37.0,2062.0,0.0,1.0,0.0,1.0,0.0,0.0,0.0,1.0,1.0,1.0,0.0,0.0,0.0,1.0,1.0,1.0,1.0,1.0,1.0,1.0,1.0,1.0,1.0,1.0,1.0,1.0,1.0,1.0,1.0,1.0,1.0,1.0,1.7552505736239254,results/paper_aaai2027/frozen/results/final_mcs_experiments_er_sf_alpha001_nowrong_noweight_50rep_chunked/wc_sweep_bnlearn_cancer_alpha001_nowrong_noweight_seed2026_2075_20260715_154609/summary.json
cancer,Cancer (5),OptABA-PC,38,38.0,2063.0,4.0,0.0,4.0,0.0,4.0,4.0,4.0,0.0,0.0,0.0,4.0,4.0,4.0,0.0,0.0,0.0,1.0,1.0,0.8571428571428571,0.8571428571428571,0.8571428571428571,0.0,0.0,0.0,0.8571428571428571,0.8571428571428571,0.8571428571428571,0.0,0.0,0.0,0.0,0.0,1.696031244006008,results/paper_aaai2027/frozen/results/final_mcs_experiments_er_sf_alpha001_nowrong_noweight_50rep_chunked/wc_sweep_bnlearn_cancer_alpha001_nowrong_noweight_seed2026_2075_20260715_154609/summary.json
cancer,Cancer (5),OptABA-PC,39,39.0,2064.0,2.0,0.5,2.0,0.5,2.0,2.0,2.0,0.5,0.5,0.5,2.0,2.0,2.0,0.5,0.5,0.5,1.0,1.0,1.0,1.0,1.0,0.5,0.5,0.5,1.0,1.0,1.0,0.6666666666666666,0.6666666666666666,0.6666666666666666,0.0,0.0,1.723605623934418,results/paper_aaai2027/frozen/results/final_mcs_experiments_er_sf_alpha001_nowrong_noweight_50rep_chunked/wc_sweep_bnlearn_cancer_alpha001_nowrong_noweight_seed2026_2075_20260715_154609/summary.json
cancer,Cancer (5),OptABA-PC,40,40.0,2065.0,0.0,1.0,0.0,1.0,0.0,0.0,0.0,1.0,1.0,1.0,0.0,0.0,0.0,1.0,1.0,1.0,1.0,1.0,1.0,1.0,1.0,1.0,1.0,1.0,1.0,1.0,1.0,1.0,1.0,1.0,1.0,1.0,1.7672127932310104,results/paper_aaai2027/frozen/results/final_mcs_experiments_er_sf_alpha001_nowrong_noweight_50rep_chunked/wc_sweep_bnlearn_cancer_alpha001_nowrong_noweight_seed2026_2075_20260715_154609/summary.json
cancer,Cancer (5),OptABA-PC,41,41.0,2066.0,0.0,1.0,0.0,1.0,0.0,0.0,0.0,1.0,1.0,1.0,0.0,0.0,0.0,1.0,1.0,1.0,1.0,1.0,1.0,1.0,1.0,1.0,1.0,1.0,1.0,1.0,1.0,1.0,1.0,1.0,1.0,1.0,1.7886173529550433,results/paper_aaai2027/frozen/results/final_mcs_experiments_er_sf_alpha001_nowrong_noweight_50rep_chunked/wc_sweep_bnlearn_cancer_alpha001_nowrong_noweight_seed2026_2075_20260715_154609/summary.json
cancer,Cancer (5),OptABA-PC,42,42.0,2067.0,1.0,0.75,1.0,0.75,1.0,1.0,1.0,0.75,0.75,0.75,1.0,1.0,1.0,0.75,0.75,0.75,1.0,1.0,1.0,1.0,1.0,0.75,0.75,0.75,1.0,1.0,1.0,0.8,0.8,0.8,0.0,0.0,1.7988524711690843,results/paper_aaai2027/frozen/results/final_mcs_experiments_er_sf_alpha001_nowrong_noweight_50rep_chunked/wc_sweep_bnlearn_cancer_alpha001_nowrong_noweight_seed2026_2075_20260715_154609/summary.json
cancer,Cancer (5),OptABA-PC,43,43.0,2068.0,1.0,0.75,1.0,0.75,1.0,1.0,1.0,0.75,0.75,0.75,1.0,1.0,1.0,0.75,0.75,0.75,1.0,1.0,1.0,1.0,1.0,0.75,0.75,0.75,1.0,1.0,1.0,0.8,0.8,0.8,0.0,0.0,1.814406766090542,results/paper_aaai2027/frozen/results/final_mcs_experiments_er_sf_alpha001_nowrong_noweight_50rep_chunked/wc_sweep_bnlearn_cancer_alpha001_nowrong_noweight_seed2026_2075_20260715_154609/summary.json
cancer,Cancer (5),OptABA-PC,44,44.0,2069.0,2.0,0.5,2.0,0.5,2.0,2.0,2.0,0.5,0.5,0.5,2.0,2.0,2.0,0.5,0.5,0.5,1.0,1.0,1.0,1.0,1.0,0.5,0.5,0.5,1.0,1.0,1.0,0.6666666666666666,0.6666666666666666,0.6666666666666666,0.0,0.0,1.8976369639858603,results/paper_aaai2027/frozen/results/final_mcs_experiments_er_sf_alpha001_nowrong_noweight_50rep_chunked/wc_sweep_bnlearn_cancer_alpha001_nowrong_noweight_seed2026_2075_20260715_154609/summary.json
cancer,Cancer (5),OptABA-PC,45,45.0,2070.0,2.0,0.5714,2.0,0.5714408159766863,2.0,2.0,2.0,0.5714,0.5714,0.5714,2.0,2.0,2.0,0.5714408159766863,0.5714408159766863,0.5714408159766863,1.0,1.0,0.8571428571428571,0.8571428571428571,0.8571428571428571,0.5714285714285715,0.5714285714285715,0.5714285714285715,0.8571428571428571,0.8571428571428571,0.8571428571428571,0.5,0.5,0.5,0.0,0.0,1.8884422536939383,results/paper_aaai2027/frozen/results/final_mcs_experiments_er_sf_alpha001_nowrong_noweight_50rep_chunked/wc_sweep_bnlearn_cancer_alpha001_nowrong_noweight_seed2026_2075_20260715_154609/summary.json
cancer,Cancer (5),OptABA-PC,46,46.0,2071.0,2.0,0.5714,2.0,0.5714408159766863,2.0,2.0,2.0,0.5714,0.5714,0.5714,2.0,2.0,2.0,0.5714408159766863,0.5714408159766863,0.5714408159766863,1.0,1.0,0.8571428571428571,0.8571428571428571,0.8571428571428571,0.5714285714285715,0.5714285714285715,0.5714285714285715,0.8571428571428571,0.8571428571428571,0.8571428571428571,0.5,0.5,0.5,0.0,0.0,1.8467041701078415,results/paper_aaai2027/frozen/results/final_mcs_experiments_er_sf_alpha001_nowrong_noweight_50rep_chunked/wc_sweep_bnlearn_cancer_alpha001_nowrong_noweight_seed2026_2075_20260715_154609/summary.json
cancer,Cancer (5),OptABA-PC,47,47.0,2072.0,2.0,0.5714,2.0,0.5714408159766863,2.0,2.0,2.0,0.5714,0.5714,0.5714,2.0,2.0,2.0,0.5714408159766863,0.5714408159766863,0.5714408159766863,1.0,1.0,0.8571428571428571,0.8571428571428571,0.8571428571428571,0.5714285714285715,0.5714285714285715,0.5714285714285715,0.8571428571428571,0.8571428571428571,0.8571428571428571,0.5,0.5,0.5,0.0,0.0,1.872543775010854,results/paper_aaai2027/frozen/results/final_mcs_experiments_er_sf_alpha001_nowrong_noweight_50rep_chunked/wc_sweep_bnlearn_cancer_alpha001_nowrong_noweight_seed2026_2075_20260715_154609/summary.json
cancer,Cancer (5),OptABA-PC,48,48.0,2073.0,3.0,0.4444,3.0,0.4444444444444445,3.0,3.0,3.0,0.4444,0.4444,0.4444,3.0,3.0,3.0,0.4444444444444445,0.4444444444444445,0.4444444444444445,1.0,2.0,0.888888888888889,0.888888888888889,0.888888888888889,0.4444444444444445,0.4444444444444445,0.4444444444444445,0.888888888888889,0.888888888888889,0.888888888888889,0.6666666666666666,0.6666666666666666,0.6666666666666666,0.0,0.0,1.9054167699068785,results/paper_aaai2027/frozen/results/final_mcs_experiments_er_sf_alpha001_nowrong_noweight_50rep_chunked/wc_sweep_bnlearn_cancer_alpha001_nowrong_noweight_seed2026_2075_20260715_154609/summary.json
cancer,Cancer (5),OptABA-PC,49,49.0,2074.0,0.0,1.0,0.0,1.0,0.0,0.0,0.0,1.0,1.0,1.0,0.0,0.0,0.0,1.0,1.0,1.0,1.0,1.0,1.0,1.0,1.0,1.0,1.0,1.0,1.0,1.0,1.0,1.0,1.0,1.0,1.0,1.0,1.9252607231028378,results/paper_aaai2027/frozen/results/final_mcs_experiments_er_sf_alpha001_nowrong_noweight_50rep_chunked/wc_sweep_bnlearn_cancer_alpha001_nowrong_noweight_seed2026_2075_20260715_154609/summary.json
cancer,Cancer (5),OptABA-PC,50,50.0,2075.0,1.0,0.75,1.0,0.75,1.0,1.0,1.0,0.75,0.75,0.75,1.0,1.0,1.0,0.75,0.75,0.75,1.0,1.0,1.0,1.0,1.0,0.75,0.75,0.75,1.0,1.0,1.0,0.8,0.8,0.8,0.0,0.0,1.921185687649995,results/paper_aaai2027/frozen/results/final_mcs_experiments_er_sf_alpha001_nowrong_noweight_50rep_chunked/wc_sweep_bnlearn_cancer_alpha001_nowrong_noweight_seed2026_2075_20260715_154609/summary.json
earthquake,Earthquake (5),ABA-PC,1,1.0,2026.0,0.0,1.0,0.0,1.0,0.0,0.0,0.0,1.0,1.0,1.0,0.0,0.0,0.0,1.0,1.0,1.0,1.0,1.0,1.0,1.0,1.0,1.0,1.0,1.0,1.0,1.0,1.0,1.0,1.0,1.0,1.0,1.0,1.2042002873495221,results/paper_aaai2027/frozen/results/final_mcs_experiments_er_sf_alpha001_nowrong_noweight_50rep_chunked/wc_sweep_bnlearn_earthquake_alpha001_nowrong_noweight_seed2026_2075_20260715_155009/summary.json
earthquake,Earthquake (5),ABA-PC,2,2.0,2027.0,0.0,1.0,0.0,1.0,0.0,0.0,0.0,1.0,1.0,1.0,0.0,0.0,0.0,1.0,1.0,1.0,1.0,1.0,1.0,1.0,1.0,1.0,1.0,1.0,1.0,1.0,1.0,1.0,1.0,1.0,1.0,1.0,1.2456074967049062,results/paper_aaai2027/frozen/results/final_mcs_experiments_er_sf_alpha001_nowrong_noweight_50rep_chunked/wc_sweep_bnlearn_earthquake_alpha001_nowrong_noweight_seed2026_2075_20260715_155009/summary.json
earthquake,Earthquake (5),ABA-PC,3,3.0,2028.0,0.0,1.0,0.0,1.0,0.0,0.0,0.0,1.0,1.0,1.0,0.0,0.0,0.0,1.0,1.0,1.0,1.0,1.0,1.0,1.0,1.0,1.0,1.0,1.0,1.0,1.0,1.0,1.0,1.0,1.0,1.0,1.0,1.77944964915514,results/paper_aaai2027/frozen/results/final_mcs_experiments_er_sf_alpha001_nowrong_noweight_50rep_chunked/wc_sweep_bnlearn_earthquake_alpha001_nowrong_noweight_seed2026_2075_20260715_155009/summary.json
earthquake,Earthquake (5),ABA-PC,4,4.0,2029.0,0.0,1.0,0.0,1.0,0.0,0.0,0.0,1.0,1.0,1.0,0.0,0.0,0.0,1.0,1.0,1.0,1.0,1.0,1.0,1.0,1.0,1.0,1.0,1.0,1.0,1.0,1.0,1.0,1.0,1.0,1.0,1.0,1.297149800695479,results/paper_aaai2027/frozen/results/final_mcs_experiments_er_sf_alpha001_nowrong_noweight_50rep_chunked/wc_sweep_bnlearn_earthquake_alpha001_nowrong_noweight_seed2026_2075_20260715_155009/summary.json
earthquake,Earthquake (5),ABA-PC,5,5.0,2030.0,0.0,1.0,0.0,1.0,0.0,0.0,0.0,1.0,1.0,1.0,0.0,0.0,0.0,1.0,1.0,1.0,1.0,1.0,1.0,1.0,1.0,1.0,1.0,1.0,1.0,1.0,1.0,1.0,1.0,1.0,1.0,1.0,1.2058960660360754,results/paper_aaai2027/frozen/results/final_mcs_experiments_er_sf_alpha001_nowrong_noweight_50rep_chunked/wc_sweep_bnlearn_earthquake_alpha001_nowrong_noweight_seed2026_2075_20260715_155009/summary.json
earthquake,Earthquake (5),ABA-PC,6,6.0,2031.0,0.0,1.0,0.0,1.0,0.0,0.0,0.0,1.0,1.0,1.0,0.0,0.0,0.0,1.0,1.0,1.0,1.0,1.0,1.0,1.0,1.0,1.0,1.0,1.0,1.0,1.0,1.0,1.0,1.0,1.0,1.0,1.0,1.1905394759960473,results/paper_aaai2027/frozen/results/final_mcs_experiments_er_sf_alpha001_nowrong_noweight_50rep_chunked/wc_sweep_bnlearn_earthquake_alpha001_nowrong_noweight_seed2026_2075_20260715_155009/summary.json
earthquake,Earthquake (5),ABA-PC,7,7.0,2032.0,0.0,1.0,0.0,1.0,0.0,0.0,0.0,1.0,1.0,1.0,0.0,0.0,0.0,1.0,1.0,1.0,1.0,1.0,1.0,1.0,1.0,1.0,1.0,1.0,1.0,1.0,1.0,1.0,1.0,1.0,1.0,1.0,1.1999839539639652,results/paper_aaai2027/frozen/results/final_mcs_experiments_er_sf_alpha001_nowrong_noweight_50rep_chunked/wc_sweep_bnlearn_earthquake_alpha001_nowrong_noweight_seed2026_2075_20260715_155009/summary.json
earthquake,Earthquake (5),ABA-PC,8,8.0,2033.0,1.3333333333333333,0.8592666666666666,1.75,0.7944504443244469,1.3333333333333333,1.0,2.0,0.8592666666666666,0.8889,0.8,1.75,1.0,3.0,0.7944504443244469,0.888888888888889,0.6,3.0,4.0,0.8444444444444446,0.888888888888889,0.8,0.7944444444444445,0.888888888888889,0.6,0.8592592592592593,0.888888888888889,0.8,0.8888888888888888,1.0,0.6666666666666666,0.0,0.0,1.260291944257915,results/paper_aaai2027/frozen/results/final_mcs_experiments_er_sf_alpha001_nowrong_noweight_50rep_chunked/wc_sweep_bnlearn_earthquake_alpha001_nowrong_noweight_seed2026_2075_20260715_155009/summary.json
earthquake,Earthquake (5),ABA-PC,9,9.0,2034.0,0.0,1.0,0.0,1.0,0.0,0.0,0.0,1.0,1.0,1.0,0.0,0.0,0.0,1.0,1.0,1.0,1.0,1.0,1.0,1.0,1.0,1.0,1.0,1.0,1.0,1.0,1.0,1.0,1.0,1.0,1.0,1.0,1.2168929679319263,results/paper_aaai2027/frozen/results/final_mcs_experiments_er_sf_alpha001_nowrong_noweight_50rep_chunked/wc_sweep_bnlearn_earthquake_alpha001_nowrong_noweight_seed2026_2075_20260715_155009/summary.json
earthquake,Earthquake (5),ABA-PC,10,10.0,2035.0,0.0,1.0,0.0,1.0,0.0,0.0,0.0,1.0,1.0,1.0,0.0,0.0,0.0,1.0,1.0,1.0,1.0,1.0,1.0,1.0,1.0,1.0,1.0,1.0,1.0,1.0,1.0,1.0,1.0,1.0,1.0,1.0,1.332357686944306,results/paper_aaai2027/frozen/results/final_mcs_experiments_er_sf_alpha001_nowrong_noweight_50rep_chunked/wc_sweep_bnlearn_earthquake_alpha001_nowrong_noweight_seed2026_2075_20260715_155009/summary.json
earthquake,Earthquake (5),ABA-PC,11,11.0,2036.0,0.0,1.0,0.0,1.0,0.0,0.0,0.0,1.0,1.0,1.0,0.0,0.0,0.0,1.0,1.0,1.0,1.0,1.0,1.0,1.0,1.0,1.0,1.0,1.0,1.0,1.0,1.0,1.0,1.0,1.0,1.0,1.0,1.259656777139753,results/paper_aaai2027/frozen/results/final_mcs_experiments_er_sf_alpha001_nowrong_noweight_50rep_chunked/wc_sweep_bnlearn_earthquake_alpha001_nowrong_noweight_seed2026_2075_20260715_155009/summary.json
earthquake,Earthquake (5),ABA-PC,12,12.0,2037.0,1.0,0.8889,1.0,0.888888888888889,1.0,1.0,1.0,0.8889,0.8889,0.8889,1.0,1.0,1.0,0.888888888888889,0.888888888888889,0.888888888888889,1.0,2.0,0.888888888888889,0.888888888888889,0.888888888888889,0.888888888888889,0.888888888888889,0.888888888888889,0.888888888888889,0.888888888888889,0.888888888888889,1.0,1.0,1.0,0.0,0.0,1.2185154650360346,results/paper_aaai2027/frozen/results/final_mcs_experiments_er_sf_alpha001_nowrong_noweight_50rep_chunked/wc_sweep_bnlearn_earthquake_alpha001_nowrong_noweight_seed2026_2075_20260715_155009/summary.json
earthquake,Earthquake (5),ABA-PC,13,13.0,2038.0,0.0,1.0,0.0,1.0,0.0,0.0,0.0,1.0,1.0,1.0,0.0,0.0,0.0,1.0,1.0,1.0,1.0,1.0,1.0,1.0,1.0,1.0,1.0,1.0,1.0,1.0,1.0,1.0,1.0,1.0,1.0,1.0,1.232278455980122,results/paper_aaai2027/frozen/results/final_mcs_experiments_er_sf_alpha001_nowrong_noweight_50rep_chunked/wc_sweep_bnlearn_earthquake_alpha001_nowrong_noweight_seed2026_2075_20260715_155009/summary.json
earthquake,Earthquake (5),ABA-PC,14,14.0,2039.0,0.0,1.0,0.0,1.0,0.0,0.0,0.0,1.0,1.0,1.0,0.0,0.0,0.0,1.0,1.0,1.0,1.0,1.0,1.0,1.0,1.0,1.0,1.0,1.0,1.0,1.0,1.0,1.0,1.0,1.0,1.0,1.0,1.2479396550916135,results/paper_aaai2027/frozen/results/final_mcs_experiments_er_sf_alpha001_nowrong_noweight_50rep_chunked/wc_sweep_bnlearn_earthquake_alpha001_nowrong_noweight_seed2026_2075_20260715_155009/summary.json
earthquake,Earthquake (5),ABA-PC,15,15.0,2040.0,0.0,1.0,0.0,1.0,0.0,0.0,0.0,1.0,1.0,1.0,0.0,0.0,0.0,1.0,1.0,1.0,1.0,1.0,1.0,1.0,1.0,1.0,1.0,1.0,1.0,1.0,1.0,1.0,1.0,1.0,1.0,1.0,1.2214430449530482,results/paper_aaai2027/frozen/results/final_mcs_experiments_er_sf_alpha001_nowrong_noweight_50rep_chunked/wc_sweep_bnlearn_earthquake_alpha001_nowrong_noweight_seed2026_2075_20260715_155009/summary.json
earthquake,Earthquake (5),ABA-PC,16,16.0,2041.0,0.0,1.0,0.0,1.0,0.0,0.0,0.0,1.0,1.0,1.0,0.0,0.0,0.0,1.0,1.0,1.0,1.0,1.0,1.0,1.0,1.0,1.0,1.0,1.0,1.0,1.0,1.0,1.0,1.0,1.0,1.0,1.0,1.3208710900507867,results/paper_aaai2027/frozen/results/final_mcs_experiments_er_sf_alpha001_nowrong_noweight_50rep_chunked/wc_sweep_bnlearn_earthquake_alpha001_nowrong_noweight_seed2026_2075_20260715_155009/summary.json
earthquake,Earthquake (5),ABA-PC,17,17.0,2042.0,0.0,1.0,0.0,1.0,0.0,0.0,0.0,1.0,1.0,1.0,0.0,0.0,0.0,1.0,1.0,1.0,1.0,1.0,1.0,1.0,1.0,1.0,1.0,1.0,1.0,1.0,1.0,1.0,1.0,1.0,1.0,1.0,1.2387894513085485,results/paper_aaai2027/frozen/results/final_mcs_experiments_er_sf_alpha001_nowrong_noweight_50rep_chunked/wc_sweep_bnlearn_earthquake_alpha001_nowrong_noweight_seed2026_2075_20260715_155009/summary.json
earthquake,Earthquake (5),ABA-PC,18,18.0,2043.0,0.0,1.0,0.0,1.0,0.0,0.0,0.0,1.0,1.0,1.0,0.0,0.0,0.0,1.0,1.0,1.0,1.0,1.0,1.0,1.0,1.0,1.0,1.0,1.0,1.0,1.0,1.0,1.0,1.0,1.0,1.0,1.0,1.232996425125748,results/paper_aaai2027/frozen/results/final_mcs_experiments_er_sf_alpha001_nowrong_noweight_50rep_chunked/wc_sweep_bnlearn_earthquake_alpha001_nowrong_noweight_seed2026_2075_20260715_155009/summary.json
earthquake,Earthquake (5),ABA-PC,19,19.0,2044.0,1.0,0.8889,1.0,0.888888888888889,1.0,1.0,1.0,0.8889,0.8889,0.8889,1.0,1.0,1.0,0.888888888888889,0.888888888888889,0.888888888888889,1.0,2.0,0.888888888888889,0.888888888888889,0.888888888888889,0.888888888888889,0.888888888888889,0.888888888888889,0.888888888888889,0.888888888888889,0.888888888888889,1.0,1.0,1.0,0.0,0.0,1.2913318080827594,results/paper_aaai2027/frozen/results/final_mcs_experiments_er_sf_alpha001_nowrong_noweight_50rep_chunked/wc_sweep_bnlearn_earthquake_alpha001_nowrong_noweight_seed2026_2075_20260715_155009/summary.json
earthquake,Earthquake (5),ABA-PC,20,20.0,2045.0,0.0,1.0,0.0,1.0,0.0,0.0,0.0,1.0,1.0,1.0,0.0,0.0,0.0,1.0,1.0,1.0,1.0,1.0,1.0,1.0,1.0,1.0,1.0,1.0,1.0,1.0,1.0,1.0,1.0,1.0,1.0,1.0,1.831313543021679,results/paper_aaai2027/frozen/results/final_mcs_experiments_er_sf_alpha001_nowrong_noweight_50rep_chunked/wc_sweep_bnlearn_earthquake_alpha001_nowrong_noweight_seed2026_2075_20260715_155009/summary.json
earthquake,Earthquake (5),ABA-PC,21,21.0,2046.0,0.0,1.0,0.0,1.0,0.0,0.0,0.0,1.0,1.0,1.0,0.0,0.0,0.0,1.0,1.0,1.0,1.0,1.0,1.0,1.0,1.0,1.0,1.0,1.0,1.0,1.0,1.0,1.0,1.0,1.0,1.0,1.0,1.2316879448480904,results/paper_aaai2027/frozen/results/final_mcs_experiments_er_sf_alpha001_nowrong_noweight_50rep_chunked/wc_sweep_bnlearn_earthquake_alpha001_nowrong_noweight_seed2026_2075_20260715_155009/summary.json
earthquake,Earthquake (5),ABA-PC,22,22.0,2047.0,0.0,1.0,0.0,1.0,0.0,0.0,0.0,1.0,1.0,1.0,0.0,0.0,0.0,1.0,1.0,1.0,1.0,1.0,1.0,1.0,1.0,1.0,1.0,1.0,1.0,1.0,1.0,1.0,1.0,1.0,1.0,1.0,1.3402952207252383,results/paper_aaai2027/frozen/results/final_mcs_experiments_er_sf_alpha001_nowrong_noweight_50rep_chunked/wc_sweep_bnlearn_earthquake_alpha001_nowrong_noweight_seed2026_2075_20260715_155009/summary.json
earthquake,Earthquake (5),ABA-PC,23,23.0,2048.0,0.0,1.0,0.0,1.0,0.0,0.0,0.0,1.0,1.0,1.0,0.0,0.0,0.0,1.0,1.0,1.0,1.0,1.0,1.0,1.0,1.0,1.0,1.0,1.0,1.0,1.0,1.0,1.0,1.0,1.0,1.0,1.0,1.238343795761466,results/paper_aaai2027/frozen/results/final_mcs_experiments_er_sf_alpha001_nowrong_noweight_50rep_chunked/wc_sweep_bnlearn_earthquake_alpha001_nowrong_noweight_seed2026_2075_20260715_155009/summary.json
earthquake,Earthquake (5),ABA-PC,24,24.0,2049.0,0.0,1.0,0.0,1.0,0.0,0.0,0.0,1.0,1.0,1.0,0.0,0.0,0.0,1.0,1.0,1.0,1.0,1.0,1.0,1.0,1.0,1.0,1.0,1.0,1.0,1.0,1.0,1.0,1.0,1.0,1.0,1.0,1.242921079043299,results/paper_aaai2027/frozen/results/final_mcs_experiments_er_sf_alpha001_nowrong_noweight_50rep_chunked/wc_sweep_bnlearn_earthquake_alpha001_nowrong_noweight_seed2026_2075_20260715_155009/summary.json
earthquake,Earthquake (5),ABA-PC,25,25.0,2050.0,1.0,0.8889,1.0,0.888888888888889,1.0,1.0,1.0,0.8889,0.8889,0.8889,1.0,1.0,1.0,0.888888888888889,0.888888888888889,0.888888888888889,1.0,2.0,0.888888888888889,0.888888888888889,0.888888888888889,0.888888888888889,0.888888888888889,0.888888888888889,0.888888888888889,0.888888888888889,0.888888888888889,1.0,1.0,1.0,0.0,0.0,1.2594078578986228,results/paper_aaai2027/frozen/results/final_mcs_experiments_er_sf_alpha001_nowrong_noweight_50rep_chunked/wc_sweep_bnlearn_earthquake_alpha001_nowrong_noweight_seed2026_2075_20260715_155009/summary.json
earthquake,Earthquake (5),ABA-PC,26,26.0,2051.0,0.0,1.0,0.0,1.0,0.0,0.0,0.0,1.0,1.0,1.0,0.0,0.0,0.0,1.0,1.0,1.0,1.0,1.0,1.0,1.0,1.0,1.0,1.0,1.0,1.0,1.0,1.0,1.0,1.0,1.0,1.0,1.0,1.2584666991606355,results/paper_aaai2027/frozen/results/final_mcs_experiments_er_sf_alpha001_nowrong_noweight_50rep_chunked/wc_sweep_bnlearn_earthquake_alpha001_nowrong_noweight_seed2026_2075_20260715_155009/summary.json
earthquake,Earthquake (5),ABA-PC,27,27.0,2052.0,0.0,1.0,0.0,1.0,0.0,0.0,0.0,1.0,1.0,1.0,0.0,0.0,0.0,1.0,1.0,1.0,1.0,1.0,1.0,1.0,1.0,1.0,1.0,1.0,1.0,1.0,1.0,1.0,1.0,1.0,1.0,1.0,1.2548027969896793,results/paper_aaai2027/frozen/results/final_mcs_experiments_er_sf_alpha001_nowrong_noweight_50rep_chunked/wc_sweep_bnlearn_earthquake_alpha001_nowrong_noweight_seed2026_2075_20260715_155009/summary.json
earthquake,Earthquake (5),ABA-PC,28,28.0,2053.0,0.0,1.0,0.0,1.0,0.0,0.0,0.0,1.0,1.0,1.0,0.0,0.0,0.0,1.0,1.0,1.0,1.0,1.0,1.0,1.0,1.0,1.0,1.0,1.0,1.0,1.0,1.0,1.0,1.0,1.0,1.0,1.0,1.370423185173422,results/paper_aaai2027/frozen/results/final_mcs_experiments_er_sf_alpha001_nowrong_noweight_50rep_chunked/wc_sweep_bnlearn_earthquake_alpha001_nowrong_noweight_seed2026_2075_20260715_155009/summary.json
earthquake,Earthquake (5),ABA-PC,29,29.0,2054.0,0.0,1.0,0.0,1.0,0.0,0.0,0.0,1.0,1.0,1.0,0.0,0.0,0.0,1.0,1.0,1.0,1.0,1.0,1.0,1.0,1.0,1.0,1.0,1.0,1.0,1.0,1.0,1.0,1.0,1.0,1.0,1.0,1.2709192358888686,results/paper_aaai2027/frozen/results/final_mcs_experiments_er_sf_alpha001_nowrong_noweight_50rep_chunked/wc_sweep_bnlearn_earthquake_alpha001_nowrong_noweight_seed2026_2075_20260715_155009/summary.json
earthquake,Earthquake (5),ABA-PC,30,30.0,2055.0,0.0,1.0,0.0,1.0,0.0,0.0,0.0,1.0,1.0,1.0,0.0,0.0,0.0,1.0,1.0,1.0,1.0,1.0,1.0,1.0,1.0,1.0,1.0,1.0,1.0,1.0,1.0,1.0,1.0,1.0,1.0,1.0,2.706495825201273,results/paper_aaai2027/frozen/results/final_mcs_experiments_er_sf_alpha001_nowrong_noweight_50rep_chunked/wc_sweep_bnlearn_earthquake_alpha001_nowrong_noweight_seed2026_2075_20260715_155009/summary.json
earthquake,Earthquake (5),ABA-PC,31,31.0,2056.0,0.0,1.0,0.0,1.0,0.0,0.0,0.0,1.0,1.0,1.0,0.0,0.0,0.0,1.0,1.0,1.0,1.0,1.0,1.0,1.0,1.0,1.0,1.0,1.0,1.0,1.0,1.0,1.0,1.0,1.0,1.0,1.0,2.738732004072517,results/paper_aaai2027/frozen/results/final_mcs_experiments_er_sf_alpha001_nowrong_noweight_50rep_chunked/wc_sweep_bnlearn_earthquake_alpha001_nowrong_noweight_seed2026_2075_20260715_155009/summary.json
earthquake,Earthquake (5),ABA-PC,32,32.0,2057.0,0.0,1.0,0.0,1.0,0.0,0.0,0.0,1.0,1.0,1.0,0.0,0.0,0.0,1.0,1.0,1.0,1.0,1.0,1.0,1.0,1.0,1.0,1.0,1.0,1.0,1.0,1.0,1.0,1.0,1.0,1.0,1.0,2.7885375479236245,results/paper_aaai2027/frozen/results/final_mcs_experiments_er_sf_alpha001_nowrong_noweight_50rep_chunked/wc_sweep_bnlearn_earthquake_alpha001_nowrong_noweight_seed2026_2075_20260715_155009/summary.json
earthquake,Earthquake (5),ABA-PC,33,33.0,2058.0,0.0,1.0,0.0,1.0,0.0,0.0,0.0,1.0,1.0,1.0,0.0,0.0,0.0,1.0,1.0,1.0,1.0,1.0,1.0,1.0,1.0,1.0,1.0,1.0,1.0,1.0,1.0,1.0,1.0,1.0,1.0,1.0,2.871091043110937,results/paper_aaai2027/frozen/results/final_mcs_experiments_er_sf_alpha001_nowrong_noweight_50rep_chunked/wc_sweep_bnlearn_earthquake_alpha001_nowrong_noweight_seed2026_2075_20260715_155009/summary.json
earthquake,Earthquake (5),ABA-PC,34,34.0,2059.0,0.0,1.0,0.0,1.0,0.0,0.0,0.0,1.0,1.0,1.0,0.0,0.0,0.0,1.0,1.0,1.0,1.0,1.0,1.0,1.0,1.0,1.0,1.0,1.0,1.0,1.0,1.0,1.0,1.0,1.0,1.0,1.0,3.019788899924606,results/paper_aaai2027/frozen/results/final_mcs_experiments_er_sf_alpha001_nowrong_noweight_50rep_chunked/wc_sweep_bnlearn_earthquake_alpha001_nowrong_noweight_seed2026_2075_20260715_155009/summary.json
earthquake,Earthquake (5),ABA-PC,35,35.0,2060.0,0.0,1.0,0.0,1.0,0.0,0.0,0.0,1.0,1.0,1.0,0.0,0.0,0.0,1.0,1.0,1.0,1.0,1.0,1.0,1.0,1.0,1.0,1.0,1.0,1.0,1.0,1.0,1.0,1.0,1.0,1.0,1.0,3.4927757382392883,results/paper_aaai2027/frozen/results/final_mcs_experiments_er_sf_alpha001_nowrong_noweight_50rep_chunked/wc_sweep_bnlearn_earthquake_alpha001_nowrong_noweight_seed2026_2075_20260715_155009/summary.json
earthquake,Earthquake (5),ABA-PC,36,36.0,2061.0,0.0,1.0,0.0,1.0,0.0,0.0,0.0,1.0,1.0,1.0,0.0,0.0,0.0,1.0,1.0,1.0,1.0,1.0,1.0,1.0,1.0,1.0,1.0,1.0,1.0,1.0,1.0,1.0,1.0,1.0,1.0,1.0,2.9721524552442133,results/paper_aaai2027/frozen/results/final_mcs_experiments_er_sf_alpha001_nowrong_noweight_50rep_chunked/wc_sweep_bnlearn_earthquake_alpha001_nowrong_noweight_seed2026_2075_20260715_155009/summary.json
earthquake,Earthquake (5),ABA-PC,37,37.0,2062.0,0.0,1.0,0.0,1.0,0.0,0.0,0.0,1.0,1.0,1.0,0.0,0.0,0.0,1.0,1.0,1.0,1.0,1.0,1.0,1.0,1.0,1.0,1.0,1.0,1.0,1.0,1.0,1.0,1.0,1.0,1.0,1.0,2.9729869686998427,results/paper_aaai2027/frozen/results/final_mcs_experiments_er_sf_alpha001_nowrong_noweight_50rep_chunked/wc_sweep_bnlearn_earthquake_alpha001_nowrong_noweight_seed2026_2075_20260715_155009/summary.json
earthquake,Earthquake (5),ABA-PC,38,38.0,2063.0,0.0,1.0,0.0,1.0,0.0,0.0,0.0,1.0,1.0,1.0,0.0,0.0,0.0,1.0,1.0,1.0,1.0,1.0,1.0,1.0,1.0,1.0,1.0,1.0,1.0,1.0,1.0,1.0,1.0,1.0,1.0,1.0,3.0535907419398427,results/paper_aaai2027/frozen/results/final_mcs_experiments_er_sf_alpha001_nowrong_noweight_50rep_chunked/wc_sweep_bnlearn_earthquake_alpha001_nowrong_noweight_seed2026_2075_20260715_155009/summary.json
earthquake,Earthquake (5),ABA-PC,39,39.0,2064.0,0.0,1.0,0.0,1.0,0.0,0.0,0.0,1.0,1.0,1.0,0.0,0.0,0.0,1.0,1.0,1.0,1.0,1.0,1.0,1.0,1.0,1.0,1.0,1.0,1.0,1.0,1.0,1.0,1.0,1.0,1.0,1.0,3.1174642397090793,results/paper_aaai2027/frozen/results/final_mcs_experiments_er_sf_alpha001_nowrong_noweight_50rep_chunked/wc_sweep_bnlearn_earthquake_alpha001_nowrong_noweight_seed2026_2075_20260715_155009/summary.json
earthquake,Earthquake (5),ABA-PC,40,40.0,2065.0,0.0,1.0,0.0,1.0,0.0,0.0,0.0,1.0,1.0,1.0,0.0,0.0,0.0,1.0,1.0,1.0,1.0,1.0,1.0,1.0,1.0,1.0,1.0,1.0,1.0,1.0,1.0,1.0,1.0,1.0,1.0,1.0,3.225198979023844,results/paper_aaai2027/frozen/results/final_mcs_experiments_er_sf_alpha001_nowrong_noweight_50rep_chunked/wc_sweep_bnlearn_earthquake_alpha001_nowrong_noweight_seed2026_2075_20260715_155009/summary.json
earthquake,Earthquake (5),ABA-PC,41,41.0,2066.0,0.0,1.0,0.0,1.0,0.0,0.0,0.0,1.0,1.0,1.0,0.0,0.0,0.0,1.0,1.0,1.0,1.0,1.0,1.0,1.0,1.0,1.0,1.0,1.0,1.0,1.0,1.0,1.0,1.0,1.0,1.0,1.0,3.1619293340481818,results/paper_aaai2027/frozen/results/final_mcs_experiments_er_sf_alpha001_nowrong_noweight_50rep_chunked/wc_sweep_bnlearn_earthquake_alpha001_nowrong_noweight_seed2026_2075_20260715_155009/summary.json
earthquake,Earthquake (5),ABA-PC,42,42.0,2067.0,0.0,1.0,0.0,1.0,0.0,0.0,0.0,1.0,1.0,1.0,0.0,0.0,0.0,1.0,1.0,1.0,1.0,1.0,1.0,1.0,1.0,1.0,1.0,1.0,1.0,1.0,1.0,1.0,1.0,1.0,1.0,1.0,3.220941095147282,results/paper_aaai2027/frozen/results/final_mcs_experiments_er_sf_alpha001_nowrong_noweight_50rep_chunked/wc_sweep_bnlearn_earthquake_alpha001_nowrong_noweight_seed2026_2075_20260715_155009/summary.json
earthquake,Earthquake (5),ABA-PC,43,43.0,2068.0,0.0,1.0,0.0,1.0,0.0,0.0,0.0,1.0,1.0,1.0,0.0,0.0,0.0,1.0,1.0,1.0,1.0,1.0,1.0,1.0,1.0,1.0,1.0,1.0,1.0,1.0,1.0,1.0,1.0,1.0,1.0,1.0,3.285156406927854,results/paper_aaai2027/frozen/results/final_mcs_experiments_er_sf_alpha001_nowrong_noweight_50rep_chunked/wc_sweep_bnlearn_earthquake_alpha001_nowrong_noweight_seed2026_2075_20260715_155009/summary.json
earthquake,Earthquake (5),ABA-PC,44,44.0,2069.0,0.0,1.0,0.0,1.0,0.0,0.0,0.0,1.0,1.0,1.0,0.0,0.0,0.0,1.0,1.0,1.0,1.0,1.0,1.0,1.0,1.0,1.0,1.0,1.0,1.0,1.0,1.0,1.0,1.0,1.0,1.0,1.0,3.3297135368920863,results/paper_aaai2027/frozen/results/final_mcs_experiments_er_sf_alpha001_nowrong_noweight_50rep_chunked/wc_sweep_bnlearn_earthquake_alpha001_nowrong_noweight_seed2026_2075_20260715_155009/summary.json
earthquake,Earthquake (5),ABA-PC,45,45.0,2070.0,0.0,1.0,0.0,1.0,0.0,0.0,0.0,1.0,1.0,1.0,0.0,0.0,0.0,1.0,1.0,1.0,1.0,1.0,1.0,1.0,1.0,1.0,1.0,1.0,1.0,1.0,1.0,1.0,1.0,1.0,1.0,1.0,1.300766654778272,results/paper_aaai2027/frozen/results/final_mcs_experiments_er_sf_alpha001_nowrong_noweight_50rep_chunked/wc_sweep_bnlearn_earthquake_alpha001_nowrong_noweight_seed2026_2075_20260715_155009/summary.json
earthquake,Earthquake (5),ABA-PC,46,46.0,2071.0,0.0,1.0,0.0,1.0,0.0,0.0,0.0,1.0,1.0,1.0,0.0,0.0,0.0,1.0,1.0,1.0,1.0,1.0,1.0,1.0,1.0,1.0,1.0,1.0,1.0,1.0,1.0,1.0,1.0,1.0,1.0,1.0,1.6398535170592368,results/paper_aaai2027/frozen/results/final_mcs_experiments_er_sf_alpha001_nowrong_noweight_50rep_chunked/wc_sweep_bnlearn_earthquake_alpha001_nowrong_noweight_seed2026_2075_20260715_155009/summary.json
earthquake,Earthquake (5),ABA-PC,47,47.0,2072.0,0.0,1.0,0.0,1.0,0.0,0.0,0.0,1.0,1.0,1.0,0.0,0.0,0.0,1.0,1.0,1.0,1.0,1.0,1.0,1.0,1.0,1.0,1.0,1.0,1.0,1.0,1.0,1.0,1.0,1.0,1.0,1.0,1.4889608789235353,results/paper_aaai2027/frozen/results/final_mcs_experiments_er_sf_alpha001_nowrong_noweight_50rep_chunked/wc_sweep_bnlearn_earthquake_alpha001_nowrong_noweight_seed2026_2075_20260715_155009/summary.json
earthquake,Earthquake (5),ABA-PC,48,48.0,2073.0,0.0,1.0,0.0,1.0,0.0,0.0,0.0,1.0,1.0,1.0,0.0,0.0,0.0,1.0,1.0,1.0,1.0,1.0,1.0,1.0,1.0,1.0,1.0,1.0,1.0,1.0,1.0,1.0,1.0,1.0,1.0,1.0,1.247256332077086,results/paper_aaai2027/frozen/results/final_mcs_experiments_er_sf_alpha001_nowrong_noweight_50rep_chunked/wc_sweep_bnlearn_earthquake_alpha001_nowrong_noweight_seed2026_2075_20260715_155009/summary.json
earthquake,Earthquake (5),ABA-PC,49,49.0,2074.0,0.0,1.0,0.0,1.0,0.0,0.0,0.0,1.0,1.0,1.0,0.0,0.0,0.0,1.0,1.0,1.0,1.0,1.0,1.0,1.0,1.0,1.0,1.0,1.0,1.0,1.0,1.0,1.0,1.0,1.0,1.0,1.0,1.249958572909236,results/paper_aaai2027/frozen/results/final_mcs_experiments_er_sf_alpha001_nowrong_noweight_50rep_chunked/wc_sweep_bnlearn_earthquake_alpha001_nowrong_noweight_seed2026_2075_20260715_155009/summary.json
earthquake,Earthquake (5),ABA-PC,50,50.0,2075.0,0.0,1.0,0.0,1.0,0.0,0.0,0.0,1.0,1.0,1.0,0.0,0.0,0.0,1.0,1.0,1.0,1.0,1.0,1.0,1.0,1.0,1.0,1.0,1.0,1.0,1.0,1.0,1.0,1.0,1.0,1.0,1.0,1.2453713873401284,results/paper_aaai2027/frozen/results/final_mcs_experiments_er_sf_alpha001_nowrong_noweight_50rep_chunked/wc_sweep_bnlearn_earthquake_alpha001_nowrong_noweight_seed2026_2075_20260715_155009/summary.json
earthquake,Earthquake (5),OptABA-PC,1,1.0,2026.0,0.0,1.0,0.0,1.0,0.0,0.0,0.0,1.0,1.0,1.0,0.0,0.0,0.0,1.0,1.0,1.0,1.0,1.0,1.0,1.0,1.0,1.0,1.0,1.0,1.0,1.0,1.0,1.0,1.0,1.0,1.0,1.0,1.0891443146392703,results/paper_aaai2027/frozen/results/final_mcs_experiments_er_sf_alpha001_nowrong_noweight_50rep_chunked/wc_sweep_bnlearn_earthquake_alpha001_nowrong_noweight_seed2026_2075_20260715_155009/summary.json
earthquake,Earthquake (5),OptABA-PC,2,2.0,2027.0,0.0,1.0,0.0,1.0,0.0,0.0,0.0,1.0,1.0,1.0,0.0,0.0,0.0,1.0,1.0,1.0,1.0,1.0,1.0,1.0,1.0,1.0,1.0,1.0,1.0,1.0,1.0,1.0,1.0,1.0,1.0,1.0,1.1345212874002755,results/paper_aaai2027/frozen/results/final_mcs_experiments_er_sf_alpha001_nowrong_noweight_50rep_chunked/wc_sweep_bnlearn_earthquake_alpha001_nowrong_noweight_seed2026_2075_20260715_155009/summary.json
earthquake,Earthquake (5),OptABA-PC,3,3.0,2028.0,0.0,1.0,0.0,1.0,0.0,0.0,0.0,1.0,1.0,1.0,0.0,0.0,0.0,1.0,1.0,1.0,1.0,1.0,1.0,1.0,1.0,1.0,1.0,1.0,1.0,1.0,1.0,1.0,1.0,1.0,1.0,1.0,1.670941417105496,results/paper_aaai2027/frozen/results/final_mcs_experiments_er_sf_alpha001_nowrong_noweight_50rep_chunked/wc_sweep_bnlearn_earthquake_alpha001_nowrong_noweight_seed2026_2075_20260715_155009/summary.json
earthquake,Earthquake (5),OptABA-PC,4,4.0,2029.0,0.0,1.0,0.0,1.0,0.0,0.0,0.0,1.0,1.0,1.0,0.0,0.0,0.0,1.0,1.0,1.0,1.0,1.0,1.0,1.0,1.0,1.0,1.0,1.0,1.0,1.0,1.0,1.0,1.0,1.0,1.0,1.0,1.1405444941483438,results/paper_aaai2027/frozen/results/final_mcs_experiments_er_sf_alpha001_nowrong_noweight_50rep_chunked/wc_sweep_bnlearn_earthquake_alpha001_nowrong_noweight_seed2026_2075_20260715_155009/summary.json
earthquake,Earthquake (5),OptABA-PC,5,5.0,2030.0,0.0,1.0,0.0,1.0,0.0,0.0,0.0,1.0,1.0,1.0,0.0,0.0,0.0,1.0,1.0,1.0,1.0,1.0,1.0,1.0,1.0,1.0,1.0,1.0,1.0,1.0,1.0,1.0,1.0,1.0,1.0,1.0,1.0974305556155741,results/paper_aaai2027/frozen/results/final_mcs_experiments_er_sf_alpha001_nowrong_noweight_50rep_chunked/wc_sweep_bnlearn_earthquake_alpha001_nowrong_noweight_seed2026_2075_20260715_155009/summary.json
earthquake,Earthquake (5),OptABA-PC,6,6.0,2031.0,0.0,1.0,0.0,1.0,0.0,0.0,0.0,1.0,1.0,1.0,0.0,0.0,0.0,1.0,1.0,1.0,1.0,1.0,1.0,1.0,1.0,1.0,1.0,1.0,1.0,1.0,1.0,1.0,1.0,1.0,1.0,1.0,1.0801375294104218,results/paper_aaai2027/frozen/results/final_mcs_experiments_er_sf_alpha001_nowrong_noweight_50rep_chunked/wc_sweep_bnlearn_earthquake_alpha001_nowrong_noweight_seed2026_2075_20260715_155009/summary.json
earthquake,Earthquake (5),OptABA-PC,7,7.0,2032.0,0.0,1.0,0.0,1.0,0.0,0.0,0.0,1.0,1.0,1.0,0.0,0.0,0.0,1.0,1.0,1.0,1.0,1.0,1.0,1.0,1.0,1.0,1.0,1.0,1.0,1.0,1.0,1.0,1.0,1.0,1.0,1.0,1.0862593003548682,results/paper_aaai2027/frozen/results/final_mcs_experiments_er_sf_alpha001_nowrong_noweight_50rep_chunked/wc_sweep_bnlearn_earthquake_alpha001_nowrong_noweight_seed2026_2075_20260715_155009/summary.json
earthquake,Earthquake (5),OptABA-PC,8,8.0,2033.0,1.0,0.8889,1.0,0.888888888888889,1.0,1.0,1.0,0.8889,0.8889,0.8889,1.0,1.0,1.0,0.888888888888889,0.888888888888889,0.888888888888889,1.0,1.0,0.888888888888889,0.888888888888889,0.888888888888889,0.888888888888889,0.888888888888889,0.888888888888889,0.888888888888889,0.888888888888889,0.888888888888889,1.0,1.0,1.0,0.0,0.0,1.1294539491645992,results/paper_aaai2027/frozen/results/final_mcs_experiments_er_sf_alpha001_nowrong_noweight_50rep_chunked/wc_sweep_bnlearn_earthquake_alpha001_nowrong_noweight_seed2026_2075_20260715_155009/summary.json
earthquake,Earthquake (5),OptABA-PC,9,9.0,2034.0,0.0,1.0,0.0,1.0,0.0,0.0,0.0,1.0,1.0,1.0,0.0,0.0,0.0,1.0,1.0,1.0,1.0,1.0,1.0,1.0,1.0,1.0,1.0,1.0,1.0,1.0,1.0,1.0,1.0,1.0,1.0,1.0,1.0997477755881846,results/paper_aaai2027/frozen/results/final_mcs_experiments_er_sf_alpha001_nowrong_noweight_50rep_chunked/wc_sweep_bnlearn_earthquake_alpha001_nowrong_noweight_seed2026_2075_20260715_155009/summary.json
earthquake,Earthquake (5),OptABA-PC,10,10.0,2035.0,0.0,1.0,0.0,1.0,0.0,0.0,0.0,1.0,1.0,1.0,0.0,0.0,0.0,1.0,1.0,1.0,1.0,1.0,1.0,1.0,1.0,1.0,1.0,1.0,1.0,1.0,1.0,1.0,1.0,1.0,1.0,1.0,1.162314046639949,results/paper_aaai2027/frozen/results/final_mcs_experiments_er_sf_alpha001_nowrong_noweight_50rep_chunked/wc_sweep_bnlearn_earthquake_alpha001_nowrong_noweight_seed2026_2075_20260715_155009/summary.json
earthquake,Earthquake (5),OptABA-PC,11,11.0,2036.0,0.0,1.0,0.0,1.0,0.0,0.0,0.0,1.0,1.0,1.0,0.0,0.0,0.0,1.0,1.0,1.0,1.0,1.0,1.0,1.0,1.0,1.0,1.0,1.0,1.0,1.0,1.0,1.0,1.0,1.0,1.0,1.0,1.130514713935554,results/paper_aaai2027/frozen/results/final_mcs_experiments_er_sf_alpha001_nowrong_noweight_50rep_chunked/wc_sweep_bnlearn_earthquake_alpha001_nowrong_noweight_seed2026_2075_20260715_155009/summary.json
earthquake,Earthquake (5),OptABA-PC,12,12.0,2037.0,1.0,0.8889,1.0,0.888888888888889,1.0,1.0,1.0,0.8889,0.8889,0.8889,1.0,1.0,1.0,0.888888888888889,0.888888888888889,0.888888888888889,1.0,2.0,0.888888888888889,0.888888888888889,0.888888888888889,0.888888888888889,0.888888888888889,0.888888888888889,0.888888888888889,0.888888888888889,0.888888888888889,1.0,1.0,1.0,0.0,0.0,1.0980816134251654,results/paper_aaai2027/frozen/results/final_mcs_experiments_er_sf_alpha001_nowrong_noweight_50rep_chunked/wc_sweep_bnlearn_earthquake_alpha001_nowrong_noweight_seed2026_2075_20260715_155009/summary.json
earthquake,Earthquake (5),OptABA-PC,13,13.0,2038.0,0.0,1.0,0.0,1.0,0.0,0.0,0.0,1.0,1.0,1.0,0.0,0.0,0.0,1.0,1.0,1.0,1.0,1.0,1.0,1.0,1.0,1.0,1.0,1.0,1.0,1.0,1.0,1.0,1.0,1.0,1.0,1.0,1.104142603930086,results/paper_aaai2027/frozen/results/final_mcs_experiments_er_sf_alpha001_nowrong_noweight_50rep_chunked/wc_sweep_bnlearn_earthquake_alpha001_nowrong_noweight_seed2026_2075_20260715_155009/summary.json
earthquake,Earthquake (5),OptABA-PC,14,14.0,2039.0,0.0,1.0,0.0,1.0,0.0,0.0,0.0,1.0,1.0,1.0,0.0,0.0,0.0,1.0,1.0,1.0,1.0,1.0,1.0,1.0,1.0,1.0,1.0,1.0,1.0,1.0,1.0,1.0,1.0,1.0,1.0,1.0,1.115965608973056,results/paper_aaai2027/frozen/results/final_mcs_experiments_er_sf_alpha001_nowrong_noweight_50rep_chunked/wc_sweep_bnlearn_earthquake_alpha001_nowrong_noweight_seed2026_2075_20260715_155009/summary.json
earthquake,Earthquake (5),OptABA-PC,15,15.0,2040.0,0.0,1.0,0.0,1.0,0.0,0.0,0.0,1.0,1.0,1.0,0.0,0.0,0.0,1.0,1.0,1.0,1.0,1.0,1.0,1.0,1.0,1.0,1.0,1.0,1.0,1.0,1.0,1.0,1.0,1.0,1.0,1.0,1.0917139421217144,results/paper_aaai2027/frozen/results/final_mcs_experiments_er_sf_alpha001_nowrong_noweight_50rep_chunked/wc_sweep_bnlearn_earthquake_alpha001_nowrong_noweight_seed2026_2075_20260715_155009/summary.json
earthquake,Earthquake (5),OptABA-PC,16,16.0,2041.0,0.0,1.0,0.0,1.0,0.0,0.0,0.0,1.0,1.0,1.0,0.0,0.0,0.0,1.0,1.0,1.0,1.0,1.0,1.0,1.0,1.0,1.0,1.0,1.0,1.0,1.0,1.0,1.0,1.0,1.0,1.0,1.0,1.1393469497561455,results/paper_aaai2027/frozen/results/final_mcs_experiments_er_sf_alpha001_nowrong_noweight_50rep_chunked/wc_sweep_bnlearn_earthquake_alpha001_nowrong_noweight_seed2026_2075_20260715_155009/summary.json
earthquake,Earthquake (5),OptABA-PC,17,17.0,2042.0,0.0,1.0,0.0,1.0,0.0,0.0,0.0,1.0,1.0,1.0,0.0,0.0,0.0,1.0,1.0,1.0,1.0,1.0,1.0,1.0,1.0,1.0,1.0,1.0,1.0,1.0,1.0,1.0,1.0,1.0,1.0,1.0,1.1033439678139985,results/paper_aaai2027/frozen/results/final_mcs_experiments_er_sf_alpha001_nowrong_noweight_50rep_chunked/wc_sweep_bnlearn_earthquake_alpha001_nowrong_noweight_seed2026_2075_20260715_155009/summary.json
earthquake,Earthquake (5),OptABA-PC,18,18.0,2043.0,0.0,1.0,0.0,1.0,0.0,0.0,0.0,1.0,1.0,1.0,0.0,0.0,0.0,1.0,1.0,1.0,1.0,1.0,1.0,1.0,1.0,1.0,1.0,1.0,1.0,1.0,1.0,1.0,1.0,1.0,1.0,1.0,1.0947987595573068,results/paper_aaai2027/frozen/results/final_mcs_experiments_er_sf_alpha001_nowrong_noweight_50rep_chunked/wc_sweep_bnlearn_earthquake_alpha001_nowrong_noweight_seed2026_2075_20260715_155009/summary.json
earthquake,Earthquake (5),OptABA-PC,19,19.0,2044.0,1.0,0.8889,1.0,0.888888888888889,1.0,1.0,1.0,0.8889,0.8889,0.8889,1.0,1.0,1.0,0.888888888888889,0.888888888888889,0.888888888888889,1.0,2.0,0.888888888888889,0.888888888888889,0.888888888888889,0.888888888888889,0.888888888888889,0.888888888888889,0.888888888888889,0.888888888888889,0.888888888888889,1.0,1.0,1.0,0.0,0.0,1.1443753559142351,results/paper_aaai2027/frozen/results/final_mcs_experiments_er_sf_alpha001_nowrong_noweight_50rep_chunked/wc_sweep_bnlearn_earthquake_alpha001_nowrong_noweight_seed2026_2075_20260715_155009/summary.json
earthquake,Earthquake (5),OptABA-PC,20,20.0,2045.0,0.0,1.0,0.0,1.0,0.0,0.0,0.0,1.0,1.0,1.0,0.0,0.0,0.0,1.0,1.0,1.0,1.0,1.0,1.0,1.0,1.0,1.0,1.0,1.0,1.0,1.0,1.0,1.0,1.0,1.0,1.0,1.0,1.690172042697668,results/paper_aaai2027/frozen/results/final_mcs_experiments_er_sf_alpha001_nowrong_noweight_50rep_chunked/wc_sweep_bnlearn_earthquake_alpha001_nowrong_noweight_seed2026_2075_20260715_155009/summary.json
earthquake,Earthquake (5),OptABA-PC,21,21.0,2046.0,0.0,1.0,0.0,1.0,0.0,0.0,0.0,1.0,1.0,1.0,0.0,0.0,0.0,1.0,1.0,1.0,1.0,1.0,1.0,1.0,1.0,1.0,1.0,1.0,1.0,1.0,1.0,1.0,1.0,1.0,1.0,1.0,1.0898907450027764,results/paper_aaai2027/frozen/results/final_mcs_experiments_er_sf_alpha001_nowrong_noweight_50rep_chunked/wc_sweep_bnlearn_earthquake_alpha001_nowrong_noweight_seed2026_2075_20260715_155009/summary.json
earthquake,Earthquake (5),OptABA-PC,22,22.0,2047.0,0.0,1.0,0.0,1.0,0.0,0.0,0.0,1.0,1.0,1.0,0.0,0.0,0.0,1.0,1.0,1.0,1.0,1.0,1.0,1.0,1.0,1.0,1.0,1.0,1.0,1.0,1.0,1.0,1.0,1.0,1.0,1.0,1.1469836002215743,results/paper_aaai2027/frozen/results/final_mcs_experiments_er_sf_alpha001_nowrong_noweight_50rep_chunked/wc_sweep_bnlearn_earthquake_alpha001_nowrong_noweight_seed2026_2075_20260715_155009/summary.json
earthquake,Earthquake (5),OptABA-PC,23,23.0,2048.0,0.0,1.0,0.0,1.0,0.0,0.0,0.0,1.0,1.0,1.0,0.0,0.0,0.0,1.0,1.0,1.0,1.0,1.0,1.0,1.0,1.0,1.0,1.0,1.0,1.0,1.0,1.0,1.0,1.0,1.0,1.0,1.0,1.0965265538543463,results/paper_aaai2027/frozen/results/final_mcs_experiments_er_sf_alpha001_nowrong_noweight_50rep_chunked/wc_sweep_bnlearn_earthquake_alpha001_nowrong_noweight_seed2026_2075_20260715_155009/summary.json
earthquake,Earthquake (5),OptABA-PC,24,24.0,2049.0,0.0,1.0,0.0,1.0,0.0,0.0,0.0,1.0,1.0,1.0,0.0,0.0,0.0,1.0,1.0,1.0,1.0,1.0,1.0,1.0,1.0,1.0,1.0,1.0,1.0,1.0,1.0,1.0,1.0,1.0,1.0,1.0,1.0945011842995882,results/paper_aaai2027/frozen/results/final_mcs_experiments_er_sf_alpha001_nowrong_noweight_50rep_chunked/wc_sweep_bnlearn_earthquake_alpha001_nowrong_noweight_seed2026_2075_20260715_155009/summary.json
earthquake,Earthquake (5),OptABA-PC,25,25.0,2050.0,1.0,0.8889,1.0,0.888888888888889,1.0,1.0,1.0,0.8889,0.8889,0.8889,1.0,1.0,1.0,0.888888888888889,0.888888888888889,0.888888888888889,1.0,2.0,0.888888888888889,0.888888888888889,0.888888888888889,0.888888888888889,0.888888888888889,0.888888888888889,0.888888888888889,0.888888888888889,0.888888888888889,1.0,1.0,1.0,0.0,0.0,1.1135261040180922,results/paper_aaai2027/frozen/results/final_mcs_experiments_er_sf_alpha001_nowrong_noweight_50rep_chunked/wc_sweep_bnlearn_earthquake_alpha001_nowrong_noweight_seed2026_2075_20260715_155009/summary.json
earthquake,Earthquake (5),OptABA-PC,26,26.0,2051.0,0.0,1.0,0.0,1.0,0.0,0.0,0.0,1.0,1.0,1.0,0.0,0.0,0.0,1.0,1.0,1.0,1.0,1.0,1.0,1.0,1.0,1.0,1.0,1.0,1.0,1.0,1.0,1.0,1.0,1.0,1.0,1.0,1.1052334634587169,results/paper_aaai2027/frozen/results/final_mcs_experiments_er_sf_alpha001_nowrong_noweight_50rep_chunked/wc_sweep_bnlearn_earthquake_alpha001_nowrong_noweight_seed2026_2075_20260715_155009/summary.json
earthquake,Earthquake (5),OptABA-PC,27,27.0,2052.0,0.0,1.0,0.0,1.0,0.0,0.0,0.0,1.0,1.0,1.0,0.0,0.0,0.0,1.0,1.0,1.0,1.0,1.0,1.0,1.0,1.0,1.0,1.0,1.0,1.0,1.0,1.0,1.0,1.0,1.0,1.0,1.0,1.1002035159617662,results/paper_aaai2027/frozen/results/final_mcs_experiments_er_sf_alpha001_nowrong_noweight_50rep_chunked/wc_sweep_bnlearn_earthquake_alpha001_nowrong_noweight_seed2026_2075_20260715_155009/summary.json
earthquake,Earthquake (5),OptABA-PC,28,28.0,2053.0,0.0,1.0,0.0,1.0,0.0,0.0,0.0,1.0,1.0,1.0,0.0,0.0,0.0,1.0,1.0,1.0,1.0,1.0,1.0,1.0,1.0,1.0,1.0,1.0,1.0,1.0,1.0,1.0,1.0,1.0,1.0,1.0,1.161196812056005,results/paper_aaai2027/frozen/results/final_mcs_experiments_er_sf_alpha001_nowrong_noweight_50rep_chunked/wc_sweep_bnlearn_earthquake_alpha001_nowrong_noweight_seed2026_2075_20260715_155009/summary.json
earthquake,Earthquake (5),OptABA-PC,29,29.0,2054.0,0.0,1.0,0.0,1.0,0.0,0.0,0.0,1.0,1.0,1.0,0.0,0.0,0.0,1.0,1.0,1.0,1.0,1.0,1.0,1.0,1.0,1.0,1.0,1.0,1.0,1.0,1.0,1.0,1.0,1.0,1.0,1.0,1.1127812964841723,results/paper_aaai2027/frozen/results/final_mcs_experiments_er_sf_alpha001_nowrong_noweight_50rep_chunked/wc_sweep_bnlearn_earthquake_alpha001_nowrong_noweight_seed2026_2075_20260715_155009/summary.json
earthquake,Earthquake (5),OptABA-PC,30,30.0,2055.0,0.0,1.0,0.0,1.0,0.0,0.0,0.0,1.0,1.0,1.0,0.0,0.0,0.0,1.0,1.0,1.0,1.0,1.0,1.0,1.0,1.0,1.0,1.0,1.0,1.0,1.0,1.0,1.0,1.0,1.0,1.0,1.0,2.5451798434369266,results/paper_aaai2027/frozen/results/final_mcs_experiments_er_sf_alpha001_nowrong_noweight_50rep_chunked/wc_sweep_bnlearn_earthquake_alpha001_nowrong_noweight_seed2026_2075_20260715_155009/summary.json
earthquake,Earthquake (5),OptABA-PC,31,31.0,2056.0,0.0,1.0,0.0,1.0,0.0,0.0,0.0,1.0,1.0,1.0,0.0,0.0,0.0,1.0,1.0,1.0,1.0,1.0,1.0,1.0,1.0,1.0,1.0,1.0,1.0,1.0,1.0,1.0,1.0,1.0,1.0,1.0,2.5745627102442086,results/paper_aaai2027/frozen/results/final_mcs_experiments_er_sf_alpha001_nowrong_noweight_50rep_chunked/wc_sweep_bnlearn_earthquake_alpha001_nowrong_noweight_seed2026_2075_20260715_155009/summary.json
earthquake,Earthquake (5),OptABA-PC,32,32.0,2057.0,0.0,1.0,0.0,1.0,0.0,0.0,0.0,1.0,1.0,1.0,0.0,0.0,0.0,1.0,1.0,1.0,1.0,1.0,1.0,1.0,1.0,1.0,1.0,1.0,1.0,1.0,1.0,1.0,1.0,1.0,1.0,1.0,2.626175935845822,results/paper_aaai2027/frozen/results/final_mcs_experiments_er_sf_alpha001_nowrong_noweight_50rep_chunked/wc_sweep_bnlearn_earthquake_alpha001_nowrong_noweight_seed2026_2075_20260715_155009/summary.json
earthquake,Earthquake (5),OptABA-PC,33,33.0,2058.0,0.0,1.0,0.0,1.0,0.0,0.0,0.0,1.0,1.0,1.0,0.0,0.0,0.0,1.0,1.0,1.0,1.0,1.0,1.0,1.0,1.0,1.0,1.0,1.0,1.0,1.0,1.0,1.0,1.0,1.0,1.0,1.0,2.7015415499918163,results/paper_aaai2027/frozen/results/final_mcs_experiments_er_sf_alpha001_nowrong_noweight_50rep_chunked/wc_sweep_bnlearn_earthquake_alpha001_nowrong_noweight_seed2026_2075_20260715_155009/summary.json
earthquake,Earthquake (5),OptABA-PC,34,34.0,2059.0,0.0,1.0,0.0,1.0,0.0,0.0,0.0,1.0,1.0,1.0,0.0,0.0,0.0,1.0,1.0,1.0,1.0,1.0,1.0,1.0,1.0,1.0,1.0,1.0,1.0,1.0,1.0,1.0,1.0,1.0,1.0,1.0,2.7921693148091435,results/paper_aaai2027/frozen/results/final_mcs_experiments_er_sf_alpha001_nowrong_noweight_50rep_chunked/wc_sweep_bnlearn_earthquake_alpha001_nowrong_noweight_seed2026_2075_20260715_155009/summary.json
earthquake,Earthquake (5),OptABA-PC,35,35.0,2060.0,0.0,1.0,0.0,1.0,0.0,0.0,0.0,1.0,1.0,1.0,0.0,0.0,0.0,1.0,1.0,1.0,1.0,1.0,1.0,1.0,1.0,1.0,1.0,1.0,1.0,1.0,1.0,1.0,1.0,1.0,1.0,1.0,3.326298044528812,results/paper_aaai2027/frozen/results/final_mcs_experiments_er_sf_alpha001_nowrong_noweight_50rep_chunked/wc_sweep_bnlearn_earthquake_alpha001_nowrong_noweight_seed2026_2075_20260715_155009/summary.json
earthquake,Earthquake (5),OptABA-PC,36,36.0,2061.0,0.0,1.0,0.0,1.0,0.0,0.0,0.0,1.0,1.0,1.0,0.0,0.0,0.0,1.0,1.0,1.0,1.0,1.0,1.0,1.0,1.0,1.0,1.0,1.0,1.0,1.0,1.0,1.0,1.0,1.0,1.0,1.0,2.78473356179893,results/paper_aaai2027/frozen/results/final_mcs_experiments_er_sf_alpha001_nowrong_noweight_50rep_chunked/wc_sweep_bnlearn_earthquake_alpha001_nowrong_noweight_seed2026_2075_20260715_155009/summary.json
earthquake,Earthquake (5),OptABA-PC,37,37.0,2062.0,0.0,1.0,0.0,1.0,0.0,0.0,0.0,1.0,1.0,1.0,0.0,0.0,0.0,1.0,1.0,1.0,1.0,1.0,1.0,1.0,1.0,1.0,1.0,1.0,1.0,1.0,1.0,1.0,1.0,1.0,1.0,1.0,2.799072947818786,results/paper_aaai2027/frozen/results/final_mcs_experiments_er_sf_alpha001_nowrong_noweight_50rep_chunked/wc_sweep_bnlearn_earthquake_alpha001_nowrong_noweight_seed2026_2075_20260715_155009/summary.json
earthquake,Earthquake (5),OptABA-PC,38,38.0,2063.0,0.0,1.0,0.0,1.0,0.0,0.0,0.0,1.0,1.0,1.0,0.0,0.0,0.0,1.0,1.0,1.0,1.0,1.0,1.0,1.0,1.0,1.0,1.0,1.0,1.0,1.0,1.0,1.0,1.0,1.0,1.0,1.0,2.8776431079022586,results/paper_aaai2027/frozen/results/final_mcs_experiments_er_sf_alpha001_nowrong_noweight_50rep_chunked/wc_sweep_bnlearn_earthquake_alpha001_nowrong_noweight_seed2026_2075_20260715_155009/summary.json
earthquake,Earthquake (5),OptABA-PC,39,39.0,2064.0,0.0,1.0,0.0,1.0,0.0,0.0,0.0,1.0,1.0,1.0,0.0,0.0,0.0,1.0,1.0,1.0,1.0,1.0,1.0,1.0,1.0,1.0,1.0,1.0,1.0,1.0,1.0,1.0,1.0,1.0,1.0,1.0,2.9407241819426417,results/paper_aaai2027/frozen/results/final_mcs_experiments_er_sf_alpha001_nowrong_noweight_50rep_chunked/wc_sweep_bnlearn_earthquake_alpha001_nowrong_noweight_seed2026_2075_20260715_155009/summary.json
earthquake,Earthquake (5),OptABA-PC,40,40.0,2065.0,0.0,1.0,0.0,1.0,0.0,0.0,0.0,1.0,1.0,1.0,0.0,0.0,0.0,1.0,1.0,1.0,1.0,1.0,1.0,1.0,1.0,1.0,1.0,1.0,1.0,1.0,1.0,1.0,1.0,1.0,1.0,1.0,2.9918312141671777,results/paper_aaai2027/frozen/results/final_mcs_experiments_er_sf_alpha001_nowrong_noweight_50rep_chunked/wc_sweep_bnlearn_earthquake_alpha001_nowrong_noweight_seed2026_2075_20260715_155009/summary.json
earthquake,Earthquake (5),OptABA-PC,41,41.0,2066.0,0.0,1.0,0.0,1.0,0.0,0.0,0.0,1.0,1.0,1.0,0.0,0.0,0.0,1.0,1.0,1.0,1.0,1.0,1.0,1.0,1.0,1.0,1.0,1.0,1.0,1.0,1.0,1.0,1.0,1.0,1.0,1.0,2.97868670290336,results/paper_aaai2027/frozen/results/final_mcs_experiments_er_sf_alpha001_nowrong_noweight_50rep_chunked/wc_sweep_bnlearn_earthquake_alpha001_nowrong_noweight_seed2026_2075_20260715_155009/summary.json
earthquake,Earthquake (5),OptABA-PC,42,42.0,2067.0,0.0,1.0,0.0,1.0,0.0,0.0,0.0,1.0,1.0,1.0,0.0,0.0,0.0,1.0,1.0,1.0,1.0,1.0,1.0,1.0,1.0,1.0,1.0,1.0,1.0,1.0,1.0,1.0,1.0,1.0,1.0,1.0,3.038483479525894,results/paper_aaai2027/frozen/results/final_mcs_experiments_er_sf_alpha001_nowrong_noweight_50rep_chunked/wc_sweep_bnlearn_earthquake_alpha001_nowrong_noweight_seed2026_2075_20260715_155009/summary.json
earthquake,Earthquake (5),OptABA-PC,43,43.0,2068.0,0.0,1.0,0.0,1.0,0.0,0.0,0.0,1.0,1.0,1.0,0.0,0.0,0.0,1.0,1.0,1.0,1.0,1.0,1.0,1.0,1.0,1.0,1.0,1.0,1.0,1.0,1.0,1.0,1.0,1.0,1.0,1.0,3.101018859539181,results/paper_aaai2027/frozen/results/final_mcs_experiments_er_sf_alpha001_nowrong_noweight_50rep_chunked/wc_sweep_bnlearn_earthquake_alpha001_nowrong_noweight_seed2026_2075_20260715_155009/summary.json
earthquake,Earthquake (5),OptABA-PC,44,44.0,2069.0,0.0,1.0,0.0,1.0,0.0,0.0,0.0,1.0,1.0,1.0,0.0,0.0,0.0,1.0,1.0,1.0,1.0,1.0,1.0,1.0,1.0,1.0,1.0,1.0,1.0,1.0,1.0,1.0,1.0,1.0,1.0,1.0,3.1273886347189546,results/paper_aaai2027/frozen/results/final_mcs_experiments_er_sf_alpha001_nowrong_noweight_50rep_chunked/wc_sweep_bnlearn_earthquake_alpha001_nowrong_noweight_seed2026_2075_20260715_155009/summary.json
earthquake,Earthquake (5),OptABA-PC,45,45.0,2070.0,0.0,1.0,0.0,1.0,0.0,0.0,0.0,1.0,1.0,1.0,0.0,0.0,0.0,1.0,1.0,1.0,1.0,1.0,1.0,1.0,1.0,1.0,1.0,1.0,1.0,1.0,1.0,1.0,1.0,1.0,1.0,1.0,1.1442009187303483,results/paper_aaai2027/frozen/results/final_mcs_experiments_er_sf_alpha001_nowrong_noweight_50rep_chunked/wc_sweep_bnlearn_earthquake_alpha001_nowrong_noweight_seed2026_2075_20260715_155009/summary.json
earthquake,Earthquake (5),OptABA-PC,46,46.0,2071.0,0.0,1.0,0.0,1.0,0.0,0.0,0.0,1.0,1.0,1.0,0.0,0.0,0.0,1.0,1.0,1.0,1.0,1.0,1.0,1.0,1.0,1.0,1.0,1.0,1.0,1.0,1.0,1.0,1.0,1.0,1.0,1.0,1.5014904281124473,results/paper_aaai2027/frozen/results/final_mcs_experiments_er_sf_alpha001_nowrong_noweight_50rep_chunked/wc_sweep_bnlearn_earthquake_alpha001_nowrong_noweight_seed2026_2075_20260715_155009/summary.json
earthquake,Earthquake (5),OptABA-PC,47,47.0,2072.0,0.0,1.0,0.0,1.0,0.0,0.0,0.0,1.0,1.0,1.0,0.0,0.0,0.0,1.0,1.0,1.0,1.0,1.0,1.0,1.0,1.0,1.0,1.0,1.0,1.0,1.0,1.0,1.0,1.0,1.0,1.0,1.0,1.3457937790080905,results/paper_aaai2027/frozen/results/final_mcs_experiments_er_sf_alpha001_nowrong_noweight_50rep_chunked/wc_sweep_bnlearn_earthquake_alpha001_nowrong_noweight_seed2026_2075_20260715_155009/summary.json
earthquake,Earthquake (5),OptABA-PC,48,48.0,2073.0,0.0,1.0,0.0,1.0,0.0,0.0,0.0,1.0,1.0,1.0,0.0,0.0,0.0,1.0,1.0,1.0,1.0,1.0,1.0,1.0,1.0,1.0,1.0,1.0,1.0,1.0,1.0,1.0,1.0,1.0,1.0,1.0,1.101380386389792,results/paper_aaai2027/frozen/results/final_mcs_experiments_er_sf_alpha001_nowrong_noweight_50rep_chunked/wc_sweep_bnlearn_earthquake_alpha001_nowrong_noweight_seed2026_2075_20260715_155009/summary.json
earthquake,Earthquake (5),OptABA-PC,49,49.0,2074.0,0.0,1.0,0.0,1.0,0.0,0.0,0.0,1.0,1.0,1.0,0.0,0.0,0.0,1.0,1.0,1.0,1.0,1.0,1.0,1.0,1.0,1.0,1.0,1.0,1.0,1.0,1.0,1.0,1.0,1.0,1.0,1.0,1.1056740302592516,results/paper_aaai2027/frozen/results/final_mcs_experiments_er_sf_alpha001_nowrong_noweight_50rep_chunked/wc_sweep_bnlearn_earthquake_alpha001_nowrong_noweight_seed2026_2075_20260715_155009/summary.json
earthquake,Earthquake (5),OptABA-PC,50,50.0,2075.0,0.0,1.0,0.0,1.0,0.0,0.0,0.0,1.0,1.0,1.0,0.0,0.0,0.0,1.0,1.0,1.0,1.0,1.0,1.0,1.0,1.0,1.0,1.0,1.0,1.0,1.0,1.0,1.0,1.0,1.0,1.0,1.0,1.1006910470314324,results/paper_aaai2027/frozen/results/final_mcs_experiments_er_sf_alpha001_nowrong_noweight_50rep_chunked/wc_sweep_bnlearn_earthquake_alpha001_nowrong_noweight_seed2026_2075_20260715_155009/summary.json
er8,ER (8),ABA-PC,1,1.0,2026.0,13.825828642901813,0.37326347717323327,12.79908653846154,0.4572480786284087,13.825828642901813,4.0,19.0,0.37326347717323327,0.7742,0.0645,12.79908653846154,4.0,21.0,0.4572480786284087,0.8387252858504051,0.12118713932399011,3198.0,20800.0,0.7623065613255983,0.967741935483871,0.6000000000000001,0.4572485137898148,0.8387096774193549,0.12121212121212122,0.7790482493073698,0.967741935483871,0.6000000000000001,0.2842898977128741,0.7777777777777777,0.0,0.0,0.0,121.94275576295331,results/paper_aaai2027/frozen/results/final_mcs_experiments_er_sf_alpha001_nowrong_noweight_50rep_chunked/wc_sweep_8_2026_er_sf_alpha001_nowrong_noweight_seed2026_2058_20260715_115147/summary.json
er8,ER (8),ABA-PC,2,2.0,2027.0,17.343586387434556,0.3933414757853403,15.166332794830371,0.4975725549208496,17.343586387434556,10.0,23.0,0.3933414757853403,0.6829,0.125,15.166332794830371,9.0,22.0,0.4975725549208496,0.7692489148896017,0.17648927159796726,6112.0,15475.0,0.6682784828425057,0.8421052631578948,0.45161290322580644,0.49757202702613595,0.7692307692307693,0.17647058823529413,0.6620433031577686,0.8421052631578948,0.45161290322580644,0.380826074702645,0.7586206896551724,0.08333333333333334,0.0,0.0,177.4930462357588,results/paper_aaai2027/frozen/results/final_mcs_experiments_er_sf_alpha001_nowrong_noweight_50rep_chunked/wc_sweep_8_2026_er_sf_alpha001_nowrong_noweight_seed2026_2058_20260715_115147/summary.json
er8,ER (8),ABA-PC,3,3.0,2028.0,17.05426805716493,0.4022112012359985,15.196429872495447,0.4084972658465635,17.05426805716493,10.0,23.0,0.4022112012359985,0.6316,0.1176,15.196429872495447,9.0,20.0,0.4084972658465635,0.647052595102418,0.16666666666666663,5178.0,13725.0,0.7135847923341015,0.9090909090909091,0.4666666666666667,0.40849679960965596,0.6470588235294118,0.16666666666666663,0.7182348313154144,0.9090909090909091,0.4666666666666667,0.2465183236038551,0.6666666666666667,0.0,0.0,0.0,162.1834284910001,results/paper_aaai2027/frozen/results/final_mcs_experiments_er_sf_alpha001_nowrong_noweight_50rep_chunked/wc_sweep_8_2026_er_sf_alpha001_nowrong_noweight_seed2026_2058_20260715_115147/summary.json
er8,ER (8),ABA-PC,4,4.0,2029.0,13.453362944162437,0.6061065672588832,11.369771986970685,0.6234266607655408,13.453362944162437,6.0,19.0,0.6061065672588832,0.8333,0.4,11.369771986970685,5.0,18.0,0.6234266607655408,0.8333333333333334,0.3529224904701398,6304.0,15350.0,0.7372809473807264,0.9142857142857143,0.5294117647058824,0.6234296566252456,0.8333333333333334,0.35294117647058826,0.7355631083124985,0.9142857142857143,0.5294117647058824,0.49871290560563997,0.7826086956521738,0.2727272727272727,0.0,0.0,123.05125787388533,results/paper_aaai2027/frozen/results/final_mcs_experiments_er_sf_alpha001_nowrong_noweight_50rep_chunked/wc_sweep_8_2026_er_sf_alpha001_nowrong_noweight_seed2026_2058_20260715_115147/summary.json
er8,ER (8),ABA-PC,5,5.0,2030.0,15.873061458931648,0.46113591805475784,15.035760683760683,0.422957759061805,15.873061458931648,9.0,21.0,0.46113591805475784,0.7647,0.2353,15.035760683760683,7.0,21.0,0.422957759061805,0.6666885209051401,0.11764083015671326,5223.0,14625.0,0.6742878825853994,0.9090909090909091,0.38709677419354843,0.42295744241176364,0.6666666666666667,0.11764705882352941,0.6719487546107981,0.9090909090909091,0.38709677419354843,0.4099719154386623,0.7272727272727273,0.08695652173913043,0.0,0.0,138.36996730836108,results/paper_aaai2027/frozen/results/final_mcs_experiments_er_sf_alpha001_nowrong_noweight_50rep_chunked/wc_sweep_8_2026_er_sf_alpha001_nowrong_noweight_seed2026_2058_20260715_115147/summary.json
er8,ER (8),ABA-PC,6,6.0,2031.0,,,,,,,,,,,,,,,,,,,,,,,,,,,,,,,,,122.86866821860895,results/paper_aaai2027/frozen/results/final_mcs_experiments_er_sf_alpha001_nowrong_noweight_50rep_chunked/wc_sweep_8_2026_er_sf_alpha001_nowrong_noweight_seed2026_2058_20260715_115147/summary.json
er8,ER (8),ABA-PC,7,7.0,2032.0,5.257575757575758,0.7406454545454545,5.865454545454545,0.778886952641698,5.257575757575758,2.0,7.0,0.7406454545454545,0.875,0.6471,5.865454545454545,2.0,9.0,0.778886952641698,0.9375,0.6666885209051401,66.0,275.0,0.8582248423763,0.9375,0.787878787878788,0.7788872237244671,0.9375,0.6666666666666667,0.8647275183511599,0.9375,0.787878787878788,0.847021046586264,0.9600000000000001,0.7692307692307692,0.0,0.0,121.93671868089586,results/paper_aaai2027/frozen/results/final_mcs_experiments_er_sf_alpha001_nowrong_noweight_50rep_chunked/wc_sweep_8_2026_er_sf_alpha001_nowrong_noweight_seed2026_2058_20260715_115147/summary.json
er8,ER (8),ABA-PC,8,8.0,2033.0,13.453738055087127,0.46592906127037664,12.365247311827957,0.5162436797029812,13.453738055087127,4.0,21.0,0.46592906127037664,0.7273,0.25,12.365247311827957,6.0,19.0,0.5162436797029812,0.8125,0.25,8895.0,23250.0,0.7331519093019813,0.9375,0.5161290322580646,0.5162434097641447,0.8125,0.25,0.7227998546850036,0.9375,0.5161290322580646,0.4931708158142972,1.0,0.18181818181818182,0.0,0.0,133.474475748837,results/paper_aaai2027/frozen/results/final_mcs_experiments_er_sf_alpha001_nowrong_noweight_50rep_chunked/wc_sweep_8_2026_er_sf_alpha001_nowrong_noweight_seed2026_2058_20260715_115147/summary.json
er8,ER (8),ABA-PC,9,9.0,2034.0,20.076633756464503,0.2562592383638928,18.367930029154518,0.31397920219997816,20.076633756464503,14.0,25.0,0.2562592383638928,0.5556,0.0588,18.367930029154518,11.0,25.0,0.31397920219997816,0.5555555555555556,0.1080835603996367,4254.0,8575.0,0.6569937520021054,0.8648648648648648,0.3333333333333333,0.31397989837670065,0.5555555555555556,0.1081081081081081,0.6236893356666783,0.8648648648648648,0.3333333333333333,0.09375373707228192,0.5,0.0,0.0,0.0,206.2650134949945,results/paper_aaai2027/frozen/results/final_mcs_experiments_er_sf_alpha001_nowrong_noweight_50rep_chunked/wc_sweep_8_2026_er_sf_alpha001_nowrong_noweight_seed2026_2058_20260715_115147/summary.json
er8,ER (8),ABA-PC,10,10.0,2035.0,20.044967242406194,0.20961768910065515,18.01122028526149,0.30928961806659633,20.044967242406194,14.0,25.0,0.20961768910065515,0.4571,0.05,18.01122028526149,12.0,24.0,0.30928961806659633,0.5555555555555556,0.11764083015671326,6716.0,15775.0,0.6686803320848352,0.888888888888889,0.3636363636363636,0.30928969354437985,0.5555555555555556,0.11764705882352941,0.6511414692383504,0.888888888888889,0.3636363636363636,0.2507934155846156,0.5925925925925926,0.0,0.0,0.0,147.7014288958162,results/paper_aaai2027/frozen/results/final_mcs_experiments_er_sf_alpha001_nowrong_noweight_50rep_chunked/wc_sweep_8_2026_er_sf_alpha001_nowrong_noweight_seed2026_2058_20260715_115147/summary.json
er8,ER (8),ABA-PC,11,11.0,2036.0,19.35519749037502,0.33017605874803935,16.672646592709985,0.3089592541463585,19.35519749037502,10.0,23.0,0.33017605874803935,0.6061,0.0645,16.672646592709985,9.0,22.0,0.3089592541463585,0.6000186660029866,0.11111111111111112,7013.0,15775.0,0.6918118195443153,0.9142857142857143,0.45161290322580644,0.3089602487059672,0.6000000000000001,0.11111111111111112,0.6780953002827682,0.9142857142857143,0.45161290322580644,0.15753130899110804,0.6086956521739131,0.0,0.0,0.0,176.12020180979744,results/paper_aaai2027/frozen/results/final_mcs_experiments_er_sf_alpha001_nowrong_noweight_50rep_chunked/wc_sweep_8_2026_er_sf_alpha001_nowrong_noweight_seed2026_2058_20260715_115147/summary.json
er8,ER (8),ABA-PC,12,12.0,2037.0,11.801280142899673,0.49612578148258407,9.991769009668147,0.5654847075203095,11.801280142899673,4.0,17.0,0.49612578148258407,0.75,0.3125,9.991769009668147,3.0,16.0,0.5654847075203095,0.8387252858504051,0.3225650356147414,6718.0,15308.0,0.8084604052639616,1.0,0.6000000000000001,0.565484676507585,0.8387096774193549,0.3225806451612903,0.806461376906869,1.0,0.6000000000000001,0.4679890817063807,0.8181818181818182,0.18181818181818182,0.0,0.0,89.41135842725635,results/paper_aaai2027/frozen/results/final_mcs_experiments_er_sf_alpha001_nowrong_noweight_50rep_chunked/wc_sweep_8_2026_er_sf_alpha001_nowrong_noweight_seed2026_2058_20260715_115147/summary.json
er8,ER (8),ABA-PC,13,13.0,2038.0,17.449045732805185,0.3367805545552755,16.126544117647057,0.323313536478229,17.449045732805185,12.0,22.0,0.3367805545552755,0.5806,0.125,16.126544117647057,8.0,22.0,0.323313536478229,0.6451768986606796,0.060593569661995056,5554.0,13600.0,0.6488903897978248,0.875,0.42857142857142855,0.3233143293227041,0.6451612903225806,0.06060606060606061,0.6565250348669778,0.875,0.42857142857142855,0.1636709713303717,0.42857142857142855,0.0,0.0,0.0,122.83261204976588,results/paper_aaai2027/frozen/results/final_mcs_experiments_er_sf_alpha001_nowrong_noweight_50rep_chunked/wc_sweep_8_2026_er_sf_alpha001_nowrong_noweight_seed2026_2058_20260715_115147/summary.json
er8,ER (8),ABA-PC,14,14.0,2039.0,17.46715721464465,0.4108135678391959,13.82979640718563,0.514344988891908,17.46715721464465,7.0,24.0,0.4108135678391959,0.7778,0.0571,13.82979640718563,6.0,21.0,0.514344988891908,0.8421235454177038,0.2631761763616154,5572.0,20875.0,0.7092118665486993,0.8484848484848485,0.47058823529411764,0.5143438941147709,0.8421052631578948,0.2631578947368421,0.694490258361604,0.8484848484848485,0.47058823529411764,0.32749275179986187,0.823529411764706,0.0,0.0,0.0,175.54081183020025,results/paper_aaai2027/frozen/results/final_mcs_experiments_er_sf_alpha001_nowrong_noweight_50rep_chunked/wc_sweep_8_2026_er_sf_alpha001_nowrong_noweight_seed2026_2058_20260715_115147/summary.json
er8,ER (8),ABA-PC,15,15.0,2040.0,17.075230092036815,0.3400578631452581,16.13039175257732,0.35645391031899815,17.075230092036815,9.0,22.0,0.3400578631452581,0.5714,0.1714,16.13039175257732,9.0,23.0,0.35645391031899815,0.5714192651784938,0.11430742509769866,2499.0,12125.0,0.7253234263798136,0.9411764705882353,0.48484848484848486,0.3564542881094682,0.5714285714285714,0.11428571428571428,0.741483927830589,0.9411764705882353,0.48484848484848486,0.2686436649203969,0.5217391304347826,0.15384615384615383,0.0,0.0,130.51834316784516,results/paper_aaai2027/frozen/results/final_mcs_experiments_er_sf_alpha001_nowrong_noweight_50rep_chunked/wc_sweep_8_2026_er_sf_alpha001_nowrong_noweight_seed2026_2058_20260715_115147/summary.json
er8,ER (8),ABA-PC,16,16.0,2041.0,13.625,0.3622375,13.85,0.34787198234131855,13.625,12.0,15.0,0.3622375,0.4375,0.3125,13.85,11.0,17.0,0.34787198234131855,0.5161134230136455,0.1875,8.0,80.0,0.7794324291300099,0.8125,0.75,0.3478723729227762,0.5161290322580646,0.1875,0.7794324291300099,0.8125,0.75,0.23830409356725146,0.3157894736842105,0.2105263157894737,0.0,0.0,48.19638468697667,results/paper_aaai2027/frozen/results/final_mcs_experiments_er_sf_alpha001_nowrong_noweight_50rep_chunked/wc_sweep_8_2026_er_sf_alpha001_nowrong_noweight_seed2026_2058_20260715_115147/summary.json
er8,ER (8),ABA-PC,17,17.0,2042.0,12.764373951502211,0.5297910934878756,11.893193473193474,0.5596370883887519,12.764373951502211,5.0,20.0,0.5297910934878756,0.7742,0.1818,11.893193473193474,4.0,18.0,0.5596370883887519,0.8333333333333334,0.2666604442785141,6557.0,21450.0,0.7199786590944752,0.9333333333333333,0.4666666666666667,0.5596375204474285,0.8333333333333334,0.26666666666666666,0.7078224594091492,0.9333333333333333,0.4666666666666667,0.5197444459484564,0.8,0.16,0.0,0.0,123.89333205996081,results/paper_aaai2027/frozen/results/final_mcs_experiments_er_sf_alpha001_nowrong_noweight_50rep_chunked/wc_sweep_8_2026_er_sf_alpha001_nowrong_noweight_seed2026_2058_20260715_115147/summary.json
er8,ER (8),ABA-PC,18,18.0,2043.0,10.141388174807197,0.35204730077120827,9.822539682539682,0.6203326369154819,10.141388174807197,4.0,14.0,0.35204730077120827,0.4848,0.2222,9.822539682539682,3.0,15.0,0.6203326369154819,0.8484692375625551,0.43246311010215666,778.0,3150.0,0.825320919306324,0.9696969696969697,0.6857142857142857,0.6203346031177374,0.8484848484848485,0.4324324324324324,0.825223646266578,0.9696969696969697,0.6857142857142857,0.3303715706652107,0.6666666666666666,0.1111111111111111,0.0,0.0,137.6503773587756,results/paper_aaai2027/frozen/results/final_mcs_experiments_er_sf_alpha001_nowrong_noweight_50rep_chunked/wc_sweep_8_2026_er_sf_alpha001_nowrong_noweight_seed2026_2058_20260715_115147/summary.json
er8,ER (8),ABA-PC,19,19.0,2044.0,13.365248226950355,0.358481914893617,14.30243161094225,0.317445332053689,13.365248226950355,10.0,16.0,0.358481914893617,0.5161,0.2,14.30243161094225,9.0,19.0,0.317445332053689,0.5625,0.125,564.0,3948.0,0.7659818695362257,0.9032258064516129,0.6451612903225806,0.3174470971186564,0.5625,0.125,0.7610959242211902,0.9032258064516129,0.6451612903225806,0.30605533792412126,0.5714285714285714,0.13333333333333333,0.0,0.0,46.70238402718678,results/paper_aaai2027/frozen/results/final_mcs_experiments_er_sf_alpha001_nowrong_noweight_50rep_chunked/wc_sweep_8_2026_er_sf_alpha001_nowrong_noweight_seed2026_2058_20260715_115147/summary.json
er8,ER (8),ABA-PC,20,20.0,2045.0,8.820512820512821,0.691165811965812,6.666666666666667,0.7196443303990281,8.820512820512821,5.0,12.0,0.691165811965812,0.8387,0.5333,6.666666666666667,2.0,11.0,0.7196443303990281,0.903210197422994,0.5333208885570282,117.0,351.0,0.8489329822297825,0.967741935483871,0.7333333333333334,0.7196439753087662,0.9032258064516129,0.5333333333333333,0.8489329822297825,0.967741935483871,0.7333333333333334,0.6269779254964867,0.7692307692307692,0.4799999999999999,0.0,0.0,80.30357324099168,results/paper_aaai2027/frozen/results/final_mcs_experiments_er_sf_alpha001_nowrong_noweight_50rep_chunked/wc_sweep_8_2026_er_sf_alpha001_nowrong_noweight_seed2026_2058_20260715_115147/summary.json
er8,ER (8),ABA-PC,21,21.0,2046.0,12.690809968847352,0.4903160436137071,12.516666666666667,0.4406716659866467,12.690809968847352,6.0,18.0,0.4903160436137071,0.7333,0.2667,12.516666666666667,6.0,18.0,0.4406716659866467,0.7333271110507739,0.19354838709677422,1284.0,6240.0,0.7425780731695016,0.9032258064516129,0.5517241379310345,0.44067190143977875,0.7333333333333334,0.19354838709677422,0.7317897679752984,0.9032258064516129,0.5517241379310345,0.40943108609429213,0.7058823529411764,0.125,0.0,0.0,67.98052341071889,results/paper_aaai2027/frozen/results/final_mcs_experiments_er_sf_alpha001_nowrong_noweight_50rep_chunked/wc_sweep_8_2026_er_sf_alpha001_nowrong_noweight_seed2026_2058_20260715_115147/summary.json
er8,ER (8),ABA-PC,22,22.0,2047.0,21.307028961926456,0.2143723351099267,21.098921739130436,0.22475552821293607,21.307028961926456,15.0,26.0,0.2143723351099267,0.4118,0.0513,21.098921739130436,16.0,26.0,0.22475552821293607,0.3999875915125946,0.05129716981132075,6146.0,14375.0,0.6061036434395445,0.7647058823529411,0.39999999999999997,0.22475246303611415,0.39999999999999997,0.05128205128205128,0.597020764058604,0.7647058823529411,0.39999999999999997,0.18837614424980062,0.5217391304347826,0.0,0.0,0.0,177.44797471910715,results/paper_aaai2027/frozen/results/final_mcs_experiments_er_sf_alpha001_nowrong_noweight_50rep_chunked/wc_sweep_8_2026_er_sf_alpha001_nowrong_noweight_seed2026_2058_20260715_115147/summary.json
er8,ER (8),ABA-PC,23,23.0,2048.0,16.26853073067792,0.482845067264574,13.55695867768595,0.4251359834011464,16.26853073067792,8.0,22.0,0.482845067264574,0.6875,0.25,13.55695867768595,6.0,20.0,0.4251359834011464,0.6875,0.1875,7582.0,15125.0,0.7377480906198761,0.9696969696969697,0.5161290322580646,0.4251368207306681,0.6875,0.1875,0.7395196241731409,0.9696969696969697,0.5161290322580646,0.19723576571013285,0.6,0.0,0.0,0.0,122.52047963626683,results/paper_aaai2027/frozen/results/final_mcs_experiments_er_sf_alpha001_nowrong_noweight_50rep_chunked/wc_sweep_8_2026_er_sf_alpha001_nowrong_noweight_seed2026_2058_20260715_115147/summary.json
er8,ER (8),ABA-PC,24,24.0,2049.0,9.496296296296297,0.5870224074074074,8.656506447831184,0.6371963732774686,9.496296296296297,6.0,13.0,0.5870224074074074,0.7333,0.375,8.656506447831184,4.0,14.0,0.6371963732774686,0.8387252858504051,0.40001244400199104,540.0,1706.0,0.8075998418295949,0.967741935483871,0.6666666666666666,0.637193815673763,0.8387096774193549,0.39999999999999997,0.8014646750459826,0.967741935483871,0.6666666666666666,0.6219236326134135,0.7692307692307692,0.4210526315789473,0.0,0.0,75.09103639610112,results/paper_aaai2027/frozen/results/final_mcs_experiments_er_sf_alpha001_nowrong_noweight_50rep_chunked/wc_sweep_8_2026_er_sf_alpha001_nowrong_noweight_seed2026_2058_20260715_115147/summary.json
er8,ER (8),ABA-PC,25,25.0,2050.0,20.10486139011651,0.07483842290306378,19.022837119381343,0.13777902238515696,20.10486139011651,15.0,23.0,0.07483842290306378,0.2069,0.0571,19.022837119381343,14.0,22.0,0.13777902238515696,0.3571551014810751,0.05712423979148566,2489.0,8276.0,0.6192080128991597,0.8387096774193549,0.41379310344827586,0.13777988612653064,0.35714285714285715,0.05714285714285714,0.6170771105347799,0.8387096774193549,0.41379310344827586,0.0,0.0,0.0,0.0,0.0,103.99887964315712,results/paper_aaai2027/frozen/results/final_mcs_experiments_er_sf_alpha001_nowrong_noweight_50rep_chunked/wc_sweep_8_2026_er_sf_alpha001_nowrong_noweight_seed2026_2058_20260715_115147/summary.json
er8,ER (8),ABA-PC,26,26.0,2051.0,19.26651393661703,0.41884119893088967,16.37846153846154,0.42184903934093704,19.26651393661703,12.0,25.0,0.41884119893088967,0.625,0.2353,16.37846153846154,10.0,21.0,0.42184903934093704,0.6060418727332674,0.24242736451679375,7857.0,8125.0,0.6016245251331898,0.787878787878788,0.375,0.4218483554430063,0.6060606060606061,0.24242424242424243,0.6003443880859051,0.787878787878788,0.375,0.3344587042729946,0.7142857142857143,0.08333333333333333,0.0,0.0,196.06250913720578,results/paper_aaai2027/frozen/results/final_mcs_experiments_er_sf_alpha001_nowrong_noweight_50rep_chunked/wc_sweep_8_2026_er_sf_alpha001_nowrong_noweight_seed2026_2058_20260715_115147/summary.json
er8,ER (8),ABA-PC,27,27.0,2052.0,,,,,,,,,,,,,,,,,,,,,,,,,,,,,,,,,126.71180341020226,results/paper_aaai2027/frozen/results/final_mcs_experiments_er_sf_alpha001_nowrong_noweight_50rep_chunked/wc_sweep_8_2026_er_sf_alpha001_nowrong_noweight_seed2026_2058_20260715_115147/summary.json
er8,ER (8),ABA-PC,28,28.0,2053.0,,,,,,,,,,,,,,,,,,,,,,,,,,,,,,,,,124.63669336028397,results/paper_aaai2027/frozen/results/final_mcs_experiments_er_sf_alpha001_nowrong_noweight_50rep_chunked/wc_sweep_8_2026_er_sf_alpha001_nowrong_noweight_seed2026_2058_20260715_115147/summary.json
er8,ER (8),ABA-PC,29,29.0,2054.0,19.083498513379585,0.33461370168483645,17.713838630806848,0.4048406732090146,19.083498513379585,13.0,24.0,0.33461370168483645,0.5455,0.1143,17.713838630806848,12.0,23.0,0.4048406732090146,0.5945884586807563,0.1875,4036.0,10225.0,0.552443727323839,0.7272727272727272,0.3225806451612903,0.4048407709412169,0.5945945945945946,0.1875,0.5470390097901077,0.7272727272727272,0.3225806451612903,0.39656590199367514,0.6666666666666667,0.08695652173913043,0.0,0.0,134.55712654814124,results/paper_aaai2027/frozen/results/final_mcs_experiments_er_sf_alpha001_nowrong_noweight_50rep_chunked/wc_sweep_8_2026_er_sf_alpha001_nowrong_noweight_seed2026_2058_20260715_115147/summary.json
er8,ER (8),ABA-PC,30,30.0,2055.0,14.965009208103131,0.5512269797421732,14.283466204506066,0.4591971258186667,14.965009208103131,8.0,20.0,0.5512269797421732,0.7879,0.3529,14.283466204506066,7.0,21.0,0.4591971258186667,0.7646934254251646,0.17143167342211926,3258.0,14425.0,0.7159785158066013,0.9090909090909091,0.5294117647058824,0.4591974506528288,0.7647058823529411,0.17142857142857143,0.7155806455646728,0.9090909090909091,0.5294117647058824,0.49919232201950103,0.8,0.18181818181818185,0.0,0.0,160.75363328494132,results/paper_aaai2027/frozen/results/final_mcs_experiments_er_sf_alpha001_nowrong_noweight_50rep_chunked/wc_sweep_8_2026_er_sf_alpha001_nowrong_noweight_seed2026_2058_20260715_115147/summary.json
er8,ER (8),ABA-PC,31,31.0,2056.0,,,,,,,,,,,,,,,,,,,,,,,,,,,,,,,,,123.0452135456726,results/paper_aaai2027/frozen/results/final_mcs_experiments_er_sf_alpha001_nowrong_noweight_50rep_chunked/wc_sweep_8_2026_er_sf_alpha001_nowrong_noweight_seed2026_2058_20260715_115147/summary.json
er8,ER (8),ABA-PC,32,32.0,2057.0,10.994701986754967,0.6850701324503311,7.502728264823572,0.6744307759388777,10.994701986754967,3.0,17.0,0.6850701324503311,0.9375,0.4516,7.502728264823572,1.0,13.0,0.6744307759388777,0.9375,0.41377764494919306,1510.0,5498.0,0.8492712218392179,1.0,0.6896551724137931,0.6744291014662015,0.9375,0.41379310344827586,0.8509358068074089,1.0,0.6896551724137931,0.4426205800038703,0.8571428571428571,0.0,0.0,0.0,112.08288703858852,results/paper_aaai2027/frozen/results/final_mcs_experiments_er_sf_alpha001_nowrong_noweight_50rep_chunked/wc_sweep_8_2026_er_sf_alpha001_nowrong_noweight_seed2026_2058_20260715_115147/summary.json
er8,ER (8),ABA-PC,33,33.0,2058.0,10.954738330975955,0.5918786421499292,12.890681198910082,0.4656225266774411,10.954738330975955,5.0,16.0,0.5918786421499292,0.7647,0.4,12.890681198910082,6.0,19.0,0.4656225266774411,0.705901037622644,0.22222222222222224,2828.0,27525.0,0.8130643573637897,0.9411764705882353,0.7027027027027026,0.46562046108856914,0.7058823529411765,0.22222222222222224,0.8211782658137607,0.9411764705882353,0.7027027027027026,0.5346605789379957,0.8181818181818182,0.28571428571428564,0.0,0.0,123.97802590765059,results/paper_aaai2027/frozen/results/final_mcs_experiments_er_sf_alpha001_nowrong_noweight_50rep_chunked/wc_sweep_8_2026_er_sf_alpha001_nowrong_noweight_seed2026_2058_20260715_115147/summary.json
er8,ER (8),OptABA-PC,1,1.0,2026.0,8.548013245033113,0.5301665011037527,9.146353786560377,0.5707474758000242,8.548013245033113,1.0,14.0,0.5301665011037527,0.9032,0.303,9.146353786560377,1.0,16.0,0.5707474758000242,0.967741935483871,0.25,1812.0,17813.0,0.8588494159945513,1.0,0.7096774193548386,0.5707470125960749,0.967741935483871,0.25,0.8676101312422122,1.0,0.7096774193548386,0.5795435286084959,1.0,0.23529411764705882,0.0,0.0,362.1755934613757,results/paper_aaai2027/frozen/results/final_mcs_experiments_er_sf_alpha001_nowrong_noweight_50rep_chunked/wc_sweep_8_2026_er_sf_alpha001_nowrong_noweight_seed2026_2058_20260715_115147/summary.json
er8,ER (8),OptABA-PC,2,2.0,2027.0,15.5,0.5903,13.4,0.40010737353229836,15.5,14.0,17.0,0.5903,0.6,0.5806,13.4,11.0,16.0,0.40010737353229836,0.5333208885570282,0.25808012386297663,2.0,20.0,0.721505376344086,0.7333333333333334,0.7096774193548386,0.4001075268817204,0.5333333333333333,0.2580645161290323,0.721505376344086,0.7333333333333334,0.7096774193548386,0.19548872180451127,0.2857142857142857,0.10526315789473684,0.0,0.0,303.75309351086617,results/paper_aaai2027/frozen/results/final_mcs_experiments_er_sf_alpha001_nowrong_noweight_50rep_chunked/wc_sweep_8_2026_er_sf_alpha001_nowrong_noweight_seed2026_2058_20260715_115147/summary.json
er8,ER (8),OptABA-PC,3,3.0,2028.0,9.210064635272392,0.5853149584487535,9.331207330219188,0.5774603834064808,9.210064635272392,4.0,13.0,0.5853149584487535,0.8667,0.3571,9.331207330219188,3.0,14.0,0.5774603834064808,0.866679110906898,0.3333146654719235,2166.0,11132.0,0.8022222738603144,0.967741935483871,0.6428571428571429,0.5774590009414413,0.8666666666666666,0.3333333333333333,0.8118232151263273,0.967741935483871,0.6428571428571429,0.6294495322951653,0.9,0.43478260869565216,0.0,0.0,329.1485323938541,results/paper_aaai2027/frozen/results/final_mcs_experiments_er_sf_alpha001_nowrong_noweight_50rep_chunked/wc_sweep_8_2026_er_sf_alpha001_nowrong_noweight_seed2026_2058_20260715_115147/summary.json
er8,ER (8),OptABA-PC,4,4.0,2029.0,8.577518155983581,0.7239309756867699,7.755925155925156,0.7185296067617555,8.577518155983581,0.0,15.0,0.7239309756867699,0.9412,0.3871,7.755925155925156,0.0,14.0,0.7185296067617555,1.0,0.4375,3167.0,12025.0,0.8152990886464101,1.0,0.625,0.7185284995052784,1.0,0.4375,0.8175576997870915,1.0,0.625,0.6702975617436008,1.0,0.3333333333333333,0.0,1.0,150.59587292885408,results/paper_aaai2027/frozen/results/final_mcs_experiments_er_sf_alpha001_nowrong_noweight_50rep_chunked/wc_sweep_8_2026_er_sf_alpha001_nowrong_noweight_seed2026_2058_20260715_115147/summary.json
er8,ER (8),OptABA-PC,5,5.0,2030.0,10.413919413919414,0.6185069597069597,10.086021505376344,0.6119071916752965,10.413919413919414,6.0,14.0,0.6185069597069597,0.7742,0.4286,10.086021505376344,5.0,15.0,0.6119071916752965,0.8387252858504051,0.3571551014810751,273.0,1116.0,0.7118783844110871,0.8387096774193549,0.5714285714285715,0.6119042748558419,0.8387096774193549,0.35714285714285715,0.7110046784830937,0.8387096774193549,0.5714285714285715,0.6483752760484724,0.8461538461538461,0.45454545454545453,0.0,0.0,318.0510846497491,results/paper_aaai2027/frozen/results/final_mcs_experiments_er_sf_alpha001_nowrong_noweight_50rep_chunked/wc_sweep_8_2026_er_sf_alpha001_nowrong_noweight_seed2026_2058_20260715_115147/summary.json
er8,ER (8),OptABA-PC,6,6.0,2031.0,,,,,,,,,,,,,,,,,,,,,,,,,,,,,,,,,421.1088065681979,results/paper_aaai2027/frozen/results/final_mcs_experiments_er_sf_alpha001_nowrong_noweight_50rep_chunked/wc_sweep_8_2026_er_sf_alpha001_nowrong_noweight_seed2026_2058_20260715_115147/summary.json
er8,ER (8),OptABA-PC,7,7.0,2032.0,5.71875,0.74190625,5.71875,0.7419001949970168,5.71875,3.0,8.0,0.74190625,0.8387,0.6429,5.71875,3.0,8.0,0.7419001949970168,0.8387252858504051,0.6428571428571429,32.0,32.0,0.8752075098323534,0.967741935483871,0.7857142857142857,0.7419064958088353,0.8387096774193549,0.6428571428571429,0.8752075098323534,0.967741935483871,0.7857142857142857,0.7789260276760276,0.888888888888889,0.6666666666666666,0.0,0.0,184.04945620242506,results/paper_aaai2027/frozen/results/final_mcs_experiments_er_sf_alpha001_nowrong_noweight_50rep_chunked/wc_sweep_8_2026_er_sf_alpha001_nowrong_noweight_seed2026_2058_20260715_115147/summary.json
er8,ER (8),OptABA-PC,8,8.0,2033.0,8.0,0.5753733333333333,8.306451612903226,0.5868784110302923,8.0,4.0,12.0,0.5753733333333333,0.7333,0.4,8.306451612903226,3.0,13.0,0.5868784110302923,0.866679110906898,0.3333146654719235,180.0,1116.0,0.8676987500321671,0.967741935483871,0.7999999999999999,0.5868770152002641,0.8666666666666666,0.3333333333333333,0.8757728611663539,0.967741935483871,0.7999999999999999,0.6621391870760337,0.888888888888889,0.4210526315789474,0.0,0.0,63.23978256806731,results/paper_aaai2027/frozen/results/final_mcs_experiments_er_sf_alpha001_nowrong_noweight_50rep_chunked/wc_sweep_8_2026_er_sf_alpha001_nowrong_noweight_seed2026_2058_20260715_115147/summary.json
er8,ER (8),OptABA-PC,9,9.0,2034.0,8.142857142857142,0.5411571428571429,9.511583011583012,0.5207217585506891,8.142857142857142,6.0,11.0,0.5411571428571429,0.5806,0.4516,9.511583011583012,4.0,15.0,0.5207217585506891,0.875,0.1875,7.0,518.0,0.8809938971229294,0.9032258064516129,0.875,0.5207217586249845,0.875,0.1875,0.8991935483870968,0.9032258064516129,0.875,0.0,0.0,0.0,0.0,0.0,320.1483651371673,results/paper_aaai2027/frozen/results/final_mcs_experiments_er_sf_alpha001_nowrong_noweight_50rep_chunked/wc_sweep_8_2026_er_sf_alpha001_nowrong_noweight_seed2026_2058_20260715_115147/summary.json
er8,ER (8),OptABA-PC,10,10.0,2035.0,10.921052631578947,0.4373394736842105,8.43859649122807,0.6558465701636648,10.921052631578947,8.0,14.0,0.4373394736842105,0.5806,0.2667,8.43859649122807,5.0,12.0,0.6558465701636648,0.8125,0.4666666666666667,38.0,171.0,0.7990576958823842,0.875,0.6896551724137931,0.6558447869795273,0.8125,0.4666666666666667,0.7836094796983357,0.875,0.6896551724137931,0.5437270191636084,0.6956521739130435,0.3333333333333333,0.0,0.0,313.32181331980973,results/paper_aaai2027/frozen/results/final_mcs_experiments_er_sf_alpha001_nowrong_noweight_50rep_chunked/wc_sweep_8_2026_er_sf_alpha001_nowrong_noweight_seed2026_2058_20260715_115147/summary.json
er8,ER (8),OptABA-PC,11,11.0,2036.0,14.0,0.5238090909090909,12.292,0.543616661341198,14.0,11.0,17.0,0.5238090909090909,0.6286,0.4242,12.292,9.0,15.0,0.543616661341198,0.685726693688477,0.42426115624632055,88.0,250.0,0.7289676546331195,0.8333333333333334,0.625,0.543617538580252,0.6857142857142857,0.42424242424242425,0.729781950833249,0.8333333333333334,0.625,0.4928521944389429,0.64,0.3157894736842105,0.0,0.0,228.91895885020494,results/paper_aaai2027/frozen/results/final_mcs_experiments_er_sf_alpha001_nowrong_noweight_50rep_chunked/wc_sweep_8_2026_er_sf_alpha001_nowrong_noweight_seed2026_2058_20260715_115147/summary.json
er8,ER (8),OptABA-PC,12,12.0,2037.0,8.97872340425532,0.601809574468085,7.711340206185567,0.6270650421795863,8.97872340425532,6.0,11.0,0.601809574468085,0.7097,0.4667,7.711340206185567,4.0,11.0,0.6270650421795863,0.7999813328355423,0.4516285113912851,94.0,388.0,0.8690103794733223,0.967741935483871,0.7999999999999999,0.6270626027948024,0.7999999999999999,0.45161290322580644,0.8685423448505359,0.967741935483871,0.7999999999999999,0.6264710868922369,0.7368421052631579,0.4999999999999999,0.0,0.0,315.6899488940835,results/paper_aaai2027/frozen/results/final_mcs_experiments_er_sf_alpha001_nowrong_noweight_50rep_chunked/wc_sweep_8_2026_er_sf_alpha001_nowrong_noweight_seed2026_2058_20260715_115147/summary.json
er8,ER (8),OptABA-PC,13,13.0,2038.0,14.973573825503356,0.38091728187919466,13.101026045777427,0.40549344203940024,14.973573825503356,11.0,18.0,0.38091728187919466,0.6,0.125,13.101026045777427,6.0,19.0,0.40549344203940024,0.6896428059101993,0.12901664730933024,2384.0,30408.0,0.7560923772383625,0.9333333333333333,0.6000000000000001,0.4054941511228878,0.6896551724137931,0.12903225806451615,0.7549086822849491,0.9333333333333333,0.6000000000000001,0.18203441708536303,0.36363636363636365,0.0,0.0,0.0,213.46213389886543,results/paper_aaai2027/frozen/results/final_mcs_experiments_er_sf_alpha001_nowrong_noweight_50rep_chunked/wc_sweep_8_2026_er_sf_alpha001_nowrong_noweight_seed2026_2058_20260715_115147/summary.json
er8,ER (8),OptABA-PC,14,14.0,2039.0,7.825,0.7712100000000001,5.111111111111111,0.7911118411669307,7.825,4.0,11.0,0.7712100000000001,0.875,0.6667,5.111111111111111,2.0,7.0,0.7911118411669307,0.903210197422994,0.7096618102477479,40.0,45.0,0.8818616270229174,0.967741935483871,0.7999999999999999,0.7911127403062888,0.9032258064516129,0.7096774193548386,0.8765747189638319,0.967741935483871,0.7999999999999999,0.6966422454357237,0.8571428571428571,0.5833333333333334,0.0,0.0,366.4861919907853,results/paper_aaai2027/frozen/results/final_mcs_experiments_er_sf_alpha001_nowrong_noweight_50rep_chunked/wc_sweep_8_2026_er_sf_alpha001_nowrong_noweight_seed2026_2058_20260715_115147/summary.json
er8,ER (8),OptABA-PC,15,15.0,2040.0,13.428658536585365,0.4667123780487805,11.692983730389308,0.4466421309022137,13.428658536585365,7.0,18.0,0.4667123780487805,0.625,0.3429,11.692983730389308,5.0,17.0,0.4466421309022137,0.6875,0.22222222222222224,1640.0,13768.0,0.8484695736970506,1.0,0.6875,0.44664310003986607,0.6875,0.22222222222222224,0.8596150710206919,1.0,0.6875,0.31910050188487116,0.631578947368421,0.0,0.0,0.0,343.47346628271043,results/paper_aaai2027/frozen/results/final_mcs_experiments_er_sf_alpha001_nowrong_noweight_50rep_chunked/wc_sweep_8_2026_er_sf_alpha001_nowrong_noweight_seed2026_2058_20260715_115147/summary.json
er8,ER (8),OptABA-PC,16,16.0,2041.0,15.076190476190476,0.405532380952381,14.013948497854077,0.3257088224432589,15.076190476190476,13.0,18.0,0.405532380952381,0.4828,0.3125,14.013948497854077,10.0,19.0,0.3257088224432589,0.48277407786885246,0.125,210.0,1864.0,0.7605024155103046,0.8666666666666666,0.6451612903225806,0.32571051276464896,0.4827586206896552,0.125,0.7577306836038761,0.8666666666666666,0.6451612903225806,0.16563751284671233,0.25000000000000006,0.09090909090909091,0.0,0.0,312.81932344986126,results/paper_aaai2027/frozen/results/final_mcs_experiments_er_sf_alpha001_nowrong_noweight_50rep_chunked/wc_sweep_8_2026_er_sf_alpha001_nowrong_noweight_seed2026_2058_20260715_115147/summary.json
er8,ER (8),OptABA-PC,17,17.0,2042.0,11.98210735586481,0.505543803843605,11.933318534961154,0.5313960008355505,11.98210735586481,6.0,18.0,0.505543803843605,0.7742,0.1935,11.933318534961154,5.0,19.0,0.5313960008355505,0.7999813328355423,0.25,6036.0,22525.0,0.7023876428396585,0.9032258064516129,0.4666666666666667,0.5313956935216709,0.7999999999999999,0.25,0.7058740308234284,0.9032258064516129,0.4666666666666667,0.5027512305975816,0.7692307692307692,0.19047619047619047,0.0,0.0,421.2803568439558,results/paper_aaai2027/frozen/results/final_mcs_experiments_er_sf_alpha001_nowrong_noweight_50rep_chunked/wc_sweep_8_2026_er_sf_alpha001_nowrong_noweight_seed2026_2058_20260715_115147/summary.json
er8,ER (8),OptABA-PC,18,18.0,2043.0,,,,,,,,,,,,,,,,,,,,,,,,,,,,,,,,,421.8903364529833,results/paper_aaai2027/frozen/results/final_mcs_experiments_er_sf_alpha001_nowrong_noweight_50rep_chunked/wc_sweep_8_2026_er_sf_alpha001_nowrong_noweight_seed2026_2058_20260715_115147/summary.json
er8,ER (8),OptABA-PC,19,19.0,2044.0,10.366666666666667,0.45963333333333334,10.975,0.4191941803662457,10.366666666666667,8.0,12.0,0.45963333333333334,0.5517,0.3448,10.975,7.0,14.0,0.4191941803662457,0.6000186660029866,0.2666604442785141,30.0,160.0,0.8508740697335664,0.9333333333333333,0.7586206896551724,0.41919471949653053,0.6000000000000001,0.26666666666666666,0.8396442696470505,0.9333333333333333,0.7586206896551724,0.4452491952491952,0.5714285714285714,0.3076923076923077,0.0,0.0,307.83985956106335,results/paper_aaai2027/frozen/results/final_mcs_experiments_er_sf_alpha001_nowrong_noweight_50rep_chunked/wc_sweep_8_2026_er_sf_alpha001_nowrong_noweight_seed2026_2058_20260715_115147/summary.json
er8,ER (8),OptABA-PC,20,20.0,2045.0,7.0,0.6429,5.5,0.7499999997996285,7.0,7.0,7.0,0.6429,0.6429,0.6429,5.5,4.0,7.0,0.7499999997996285,0.8571428571428571,0.6428571428571429,1.0,8.0,0.8571428571428571,0.8571428571428571,0.8571428571428571,0.75,0.8571428571428571,0.6428571428571429,0.8571428571428571,0.8571428571428571,0.8571428571428571,0.7272727272727273,0.7272727272727273,0.7272727272727273,0.0,0.0,256.70761132705957,results/paper_aaai2027/frozen/results/final_mcs_experiments_er_sf_alpha001_nowrong_noweight_50rep_chunked/wc_sweep_8_2026_er_sf_alpha001_nowrong_noweight_seed2026_2058_20260715_115147/summary.json
er8,ER (8),OptABA-PC,21,21.0,2046.0,8.0,0.6667,8.5,0.555566117664854,8.0,8.0,8.0,0.6667,0.6667,0.6667,8.5,8.0,9.0,0.555566117664854,0.5926016458893505,0.5185305894403575,1.0,2.0,0.8148148148148148,0.8148148148148148,0.8148148148148148,0.5555555555555556,0.5925925925925926,0.5185185185185185,0.8148148148148148,0.8148148148148148,0.8148148148148148,0.6666666666666666,0.6666666666666666,0.6666666666666666,0.0,0.0,303.92620093468577,results/paper_aaai2027/frozen/results/final_mcs_experiments_er_sf_alpha001_nowrong_noweight_50rep_chunked/wc_sweep_8_2026_er_sf_alpha001_nowrong_noweight_seed2026_2058_20260715_115147/summary.json
er8,ER (8),OptABA-PC,22,22.0,2047.0,10.466367713004484,0.4610551569506726,11.532554257095159,0.48602567102087574,10.466367713004484,7.0,14.0,0.4610551569506726,0.6207,0.3333,11.532554257095159,7.0,15.0,0.48602567102087574,0.6896428059101993,0.3333146654719235,892.0,2396.0,0.7367450307067971,0.9032258064516129,0.5714285714285715,0.4860252370993981,0.6896551724137931,0.3333333333333333,0.7407780486072802,0.9032258064516129,0.5714285714285715,0.5729999684357289,0.8000000000000002,0.380952380952381,0.0,0.0,347.9789585340768,results/paper_aaai2027/frozen/results/final_mcs_experiments_er_sf_alpha001_nowrong_noweight_50rep_chunked/wc_sweep_8_2026_er_sf_alpha001_nowrong_noweight_seed2026_2058_20260715_115147/summary.json
er8,ER (8),OptABA-PC,23,23.0,2048.0,15.209882352941177,0.6009434196078431,12.147595818815331,0.49810286898166145,15.209882352941177,9.0,21.0,0.6009434196078431,0.8,0.4,12.147595818815331,5.0,18.0,0.49810286898166145,0.7999813328355423,0.25808012386297663,6375.0,28700.0,0.7353889938928792,0.9032258064516129,0.5333333333333333,0.4981026594108314,0.7999999999999999,0.2580645161290323,0.7336374895304671,0.9032258064516129,0.5333333333333333,0.3300394938593572,0.7058823529411765,0.0,0.0,0.0,421.34165336890146,results/paper_aaai2027/frozen/results/final_mcs_experiments_er_sf_alpha001_nowrong_noweight_50rep_chunked/wc_sweep_8_2026_er_sf_alpha001_nowrong_noweight_seed2026_2058_20260715_115147/summary.json
er8,ER (8),OptABA-PC,24,24.0,2049.0,11.3,0.5473,11.2,0.5683839950707866,11.3,9.0,12.0,0.5473,0.6429,0.4828,11.2,9.0,13.0,0.5683839950707866,0.6428571428571429,0.48277407786885246,10.0,20.0,0.6451377485860245,0.7142857142857143,0.5714285714285715,0.5683798576902025,0.6428571428571429,0.4827586206896552,0.6451377485860245,0.7142857142857143,0.5714285714285715,0.5761739130434783,0.6666666666666666,0.5217391304347826,0.0,0.0,307.05806802399457,results/paper_aaai2027/frozen/results/final_mcs_experiments_er_sf_alpha001_nowrong_noweight_50rep_chunked/wc_sweep_8_2026_er_sf_alpha001_nowrong_noweight_seed2026_2058_20260715_115147/summary.json
er8,ER (8),OptABA-PC,25,25.0,2050.0,11.944444444444445,0.36619999999999997,9.383720930232558,0.49419867934415473,11.944444444444445,10.0,14.0,0.36619999999999997,0.5333,0.1935,9.383720930232558,3.0,15.0,0.49419867934415473,0.866679110906898,0.1875,72.0,2064.0,0.9014303671431181,0.967741935483871,0.8387096774193549,0.49419866783408234,0.8666666666666666,0.1875,0.9144589960131534,0.967741935483871,0.8387096774193549,0.0,0.0,0.0,0.0,0.0,308.67545316228643,results/paper_aaai2027/frozen/results/final_mcs_experiments_er_sf_alpha001_nowrong_noweight_50rep_chunked/wc_sweep_8_2026_er_sf_alpha001_nowrong_noweight_seed2026_2058_20260715_115147/summary.json
er8,ER (8),OptABA-PC,26,26.0,2051.0,10.0,0.6534500000000001,7.333333333333333,0.698119740143408,10.0,9.0,11.0,0.6534500000000001,0.7143,0.5926,7.333333333333333,6.0,9.0,0.698119740143408,0.7857265303578107,0.5926016458893505,2.0,9.0,0.7707231040564373,0.7857142857142857,0.7407407407407406,0.6981187536743092,0.7857142857142857,0.5925925925925926,0.7632275132275131,0.7857142857142857,0.7407407407407406,0.6071428571428572,0.7142857142857143,0.5,0.0,0.0,306.55480566294864,results/paper_aaai2027/frozen/results/final_mcs_experiments_er_sf_alpha001_nowrong_noweight_50rep_chunked/wc_sweep_8_2026_er_sf_alpha001_nowrong_noweight_seed2026_2058_20260715_115147/summary.json
er8,ER (8),OptABA-PC,27,27.0,2052.0,7.277777777777778,0.5975111111111111,9.952631578947368,0.5212801163152168,7.277777777777778,5.0,10.0,0.5975111111111111,0.6452,0.5161,9.952631578947368,6.0,13.0,0.5212801163152168,0.7096618102477479,0.38709677419354843,18.0,190.0,0.8505620723362658,0.9032258064516129,0.7741935483870969,0.5212799686165561,0.7096774193548386,0.38709677419354843,0.8506774736613446,0.9032258064516129,0.7741935483870969,0.4493284493284493,0.6153846153846153,0.1818181818181818,0.0,0.0,345.3828315632418,results/paper_aaai2027/frozen/results/final_mcs_experiments_er_sf_alpha001_nowrong_noweight_50rep_chunked/wc_sweep_8_2026_er_sf_alpha001_nowrong_noweight_seed2026_2058_20260715_115147/summary.json
er8,ER (8),OptABA-PC,28,28.0,2053.0,,,,,,,,,,,,,,,,,,,,,,,,,,,,,,,,,273.7380577190779,results/paper_aaai2027/frozen/results/final_mcs_experiments_er_sf_alpha001_nowrong_noweight_50rep_chunked/wc_sweep_8_2026_er_sf_alpha001_nowrong_noweight_seed2026_2058_20260715_115147/summary.json
er8,ER (8),OptABA-PC,29,29.0,2054.0,14.98477157360406,0.4511598984771573,13.26995670995671,0.44803137042386526,14.98477157360406,10.0,19.0,0.4511598984771573,0.6875,0.303,13.26995670995671,8.0,19.0,0.44803137042386526,0.6451768986606796,0.2702733381765347,5122.0,11550.0,0.7600283495246392,0.9090909090909091,0.5882352941176471,0.44803129603716213,0.6451612903225806,0.27027027027027023,0.7606223098501791,0.9090909090909091,0.5882352941176471,0.3755226711066126,0.5454545454545454,0.2857142857142857,0.0,0.0,421.33002587081864,results/paper_aaai2027/frozen/results/final_mcs_experiments_er_sf_alpha001_nowrong_noweight_50rep_chunked/wc_sweep_8_2026_er_sf_alpha001_nowrong_noweight_seed2026_2058_20260715_115147/summary.json
er8,ER (8),OptABA-PC,30,30.0,2055.0,7.285714285714286,0.7249142857142857,6.9,0.6373014263749861,7.285714285714286,5.0,9.0,0.7249142857142857,0.8,0.6452,6.9,4.0,9.0,0.6373014263749861,0.7999813328355423,0.5161134230136455,14.0,40.0,0.9091448832035596,0.967741935483871,0.8275862068965517,0.6372979236188357,0.7999999999999999,0.5161290322580646,0.9076285158112187,0.967741935483871,0.8275862068965517,0.7111363274406752,0.8,0.6153846153846154,0.0,0.0,303.7697623530403,results/paper_aaai2027/frozen/results/final_mcs_experiments_er_sf_alpha001_nowrong_noweight_50rep_chunked/wc_sweep_8_2026_er_sf_alpha001_nowrong_noweight_seed2026_2058_20260715_115147/summary.json
er8,ER (8),OptABA-PC,31,31.0,2056.0,4.0,0.7143,4.666666666666667,0.8095319726194928,4.0,4.0,4.0,0.7143,0.7143,0.7143,4.666666666666667,4.0,5.0,0.8095319726194928,0.8571428571428571,0.7857265303578107,1.0,3.0,0.8571428571428571,0.8571428571428571,0.8571428571428571,0.8095238095238094,0.8571428571428571,0.7857142857142857,0.8571428571428571,0.8571428571428571,0.8571428571428571,0.9090909090909091,0.9090909090909091,0.9090909090909091,0.0,0.0,303.5894974209368,results/paper_aaai2027/frozen/results/final_mcs_experiments_er_sf_alpha001_nowrong_noweight_50rep_chunked/wc_sweep_8_2026_er_sf_alpha001_nowrong_noweight_seed2026_2058_20260715_115147/summary.json
er8,ER (8),OptABA-PC,32,32.0,2057.0,9.537360890302066,0.7400464228934817,6.569900142653353,0.7003045282246401,9.537360890302066,3.0,14.0,0.7400464228934817,0.9375,0.5333,6.569900142653353,1.0,11.0,0.7003045282246401,0.9375,0.4666666666666667,629.0,1402.0,0.8754033469378694,1.0,0.7142857142857143,0.7003037044290196,0.9375,0.4666666666666667,0.8729487785994727,1.0,0.7142857142857143,0.5085050321607375,0.8571428571428571,0.23529411764705882,0.0,0.0,320.83923476329073,results/paper_aaai2027/frozen/results/final_mcs_experiments_er_sf_alpha001_nowrong_noweight_50rep_chunked/wc_sweep_8_2026_er_sf_alpha001_nowrong_noweight_seed2026_2058_20260715_115147/summary.json
er8,ER (8),OptABA-PC,33,33.0,2058.0,8.372007366482505,0.676344014732965,8.599037304452468,0.6167282574222527,8.372007366482505,2.0,14.0,0.676344014732965,0.8387,0.5161,8.599037304452468,1.0,15.0,0.6167282574222527,0.967741935483871,0.3030209363666337,543.0,8310.0,0.8557662737362043,0.967741935483871,0.75,0.6167274144237098,0.967741935483871,0.30303030303030304,0.864018582136224,0.967741935483871,0.75,0.6016916024330227,0.888888888888889,0.3157894736842105,0.0,0.0,391.8258734229021,results/paper_aaai2027/frozen/results/final_mcs_experiments_er_sf_alpha001_nowrong_noweight_50rep_chunked/wc_sweep_8_2026_er_sf_alpha001_nowrong_noweight_seed2026_2058_20260715_115147/summary.json
sf8,SF (8),ABA-PC,1,1.0,2063.0,17.774578651685392,0.28807237827715354,17.89068062827225,0.263983334290209,17.774578651685392,12.0,24.0,0.28807237827715354,0.4828,0.069,17.89068062827225,11.0,24.0,0.263983334290209,0.46670377775439337,0.06895624103299856,8544.0,14325.0,0.5776412316919257,0.7499999999999999,0.3571428571428571,0.26398216114837275,0.4666666666666667,0.06896551724137931,0.5851781674202213,0.7499999999999999,0.3571428571428571,0.28575493630932064,0.4827586206896552,0.0,0.0,0.0,125.43950168695301,results/paper_aaai2027/frozen/results/final_mcs_experiments_er_sf_alpha001_nowrong_noweight_50rep_chunked/wc_sweep_sf8_2026_er_sf_alpha001_nowrong_noweight_seed2063_2075_20260715_151522/summary.json
sf8,SF (8),ABA-PC,2,2.0,2064.0,11.503676470588236,0.4174731617647059,10.572649572649572,0.48799950782453555,11.503676470588236,8.0,14.0,0.4174731617647059,0.56,0.3077,10.572649572649572,6.0,14.0,0.48799950782453555,0.7199958399778134,0.3077,272.0,936.0,0.6880775563242663,0.8461538461538461,0.5599999999999999,0.4880017894752675,0.7199999999999999,0.3076923076923077,0.6844416712853083,0.8461538461538461,0.5599999999999999,0.39720140417306926,0.5714285714285713,0.2727272727272727,0.0,0.0,5.274999640882015,results/paper_aaai2027/frozen/results/final_mcs_experiments_er_sf_alpha001_nowrong_noweight_50rep_chunked/wc_sweep_sf8_2026_er_sf_alpha001_nowrong_noweight_seed2063_2075_20260715_151522/summary.json
sf8,SF (8),ABA-PC,3,3.0,2065.0,13.390532544378699,0.3836313609467456,11.57703488372093,0.3944129337214739,13.390532544378699,10.0,16.0,0.3836313609467456,0.5385,0.2308,11.57703488372093,9.0,15.0,0.3944129337214739,0.5600054376894278,0.22224416984947204,169.0,688.0,0.6986985197469272,0.8148148148148148,0.5599999999999999,0.3944228688446333,0.5599999999999999,0.22222222222222224,0.6963347461598041,0.8148148148148148,0.5599999999999999,0.32978516416239684,0.4705882352941177,0.19999999999999998,0.0,0.0,28.044927962124348,results/paper_aaai2027/frozen/results/final_mcs_experiments_er_sf_alpha001_nowrong_noweight_50rep_chunked/wc_sweep_sf8_2026_er_sf_alpha001_nowrong_noweight_seed2063_2075_20260715_151522/summary.json
sf8,SF (8),ABA-PC,4,4.0,2066.0,14.270646556270435,0.41282648454804344,13.805057471264368,0.456729719003954,14.270646556270435,8.0,22.0,0.41282648454804344,0.6897,0.129,13.805057471264368,8.0,20.0,0.456729719003954,0.6666861443978431,0.2000304443898846,9481.0,30450.0,0.5883793262720014,0.8148148148148148,0.3571428571428571,0.4567288618825663,0.6666666666666666,0.20000000000000004,0.5906829548490573,0.8148148148148148,0.3571428571428571,0.4539991789306748,0.7999999999999999,0.0,0.0,0.0,121.81421412574127,results/paper_aaai2027/frozen/results/final_mcs_experiments_er_sf_alpha001_nowrong_noweight_50rep_chunked/wc_sweep_sf8_2026_er_sf_alpha001_nowrong_noweight_seed2063_2075_20260715_151522/summary.json
sf8,SF (8),ABA-PC,5,5.0,2067.0,12.300824175824175,0.45320714285714286,10.836974789915967,0.49896644604449747,12.300824175824175,5.0,18.0,0.45320714285714286,0.7692,0.16,10.836974789915967,5.0,18.0,0.49896644604449747,0.7692,0.1538,2184.0,6545.0,0.6982987405924563,0.888888888888889,0.46153846153846156,0.4989657558152086,0.7692307692307693,0.15384615384615385,0.6908342631892251,0.888888888888889,0.46153846153846156,0.44395178074967506,0.7500000000000001,0.17391304347826086,0.0,0.0,91.26516946731135,results/paper_aaai2027/frozen/results/final_mcs_experiments_er_sf_alpha001_nowrong_noweight_50rep_chunked/wc_sweep_sf8_2026_er_sf_alpha001_nowrong_noweight_seed2063_2075_20260715_151522/summary.json
sf8,SF (8),ABA-PC,6,6.0,2068.0,14.866977435481692,0.3995412782056479,13.847540106951872,0.38789254569517667,14.866977435481692,6.0,21.0,0.3995412782056479,0.8,0.1429,13.847540106951872,6.0,20.0,0.38789254569517667,0.7199958399778134,0.14281811215604318,14802.0,18700.0,0.5535000606786322,0.9230769230769231,0.16666666666666669,0.3878991350375093,0.7199999999999999,0.14285714285714288,0.5522371826157949,0.9230769230769231,0.16666666666666669,0.39188397849642614,0.8571428571428572,0.0,0.0,0.0,121.19843217404559,results/paper_aaai2027/frozen/results/final_mcs_experiments_er_sf_alpha001_nowrong_noweight_50rep_chunked/wc_sweep_sf8_2026_er_sf_alpha001_nowrong_noweight_seed2063_2075_20260715_151522/summary.json
sf8,SF (8),ABA-PC,7,7.0,2069.0,12.719045815978795,0.588427678909504,11.866666666666667,0.49641195477088756,12.719045815978795,6.0,19.0,0.588427678909504,0.7857,0.3226,11.866666666666667,5.0,18.0,0.49641195477088756,0.7857150490661601,0.2580522362709945,5282.0,24075.0,0.6640338774211344,0.8571428571428571,0.4827586206896552,0.4964112374173906,0.7857142857142856,0.2580645161290323,0.669489170599633,0.8571428571428571,0.4827586206896552,0.48238530065029195,0.7407407407407408,0.18181818181818185,0.0,0.0,121.75609385874122,results/paper_aaai2027/frozen/results/final_mcs_experiments_er_sf_alpha001_nowrong_noweight_50rep_chunked/wc_sweep_sf8_2026_er_sf_alpha001_nowrong_noweight_seed2063_2075_20260715_151522/summary.json
sf8,SF (8),ABA-PC,8,8.0,2070.0,7.044117647058823,0.6088710784313726,8.576256499133448,0.5162136198577739,7.044117647058823,3.0,11.0,0.6088710784313726,0.8333,0.4,8.576256499133448,4.0,12.0,0.5162136198577739,0.7500031247931149,0.31998879875195,204.0,1154.0,0.792911116462469,0.9166666666666666,0.7199999999999999,0.516211630280653,0.7500000000000001,0.32,0.8113127973507342,0.9166666666666666,0.7199999999999999,0.6739557029303888,0.8571428571428571,0.4444444444444444,0.0,0.0,5.2275197193957865,results/paper_aaai2027/frozen/results/final_mcs_experiments_er_sf_alpha001_nowrong_noweight_50rep_chunked/wc_sweep_sf8_2026_er_sf_alpha001_nowrong_noweight_seed2063_2075_20260715_151522/summary.json
sf8,SF (8),ABA-PC,9,9.0,2071.0,13.76205918119173,0.35904434077079106,12.756609870740306,0.35907910297721596,13.76205918119173,7.0,19.0,0.35904434077079106,0.72,0.08,12.756609870740306,6.0,19.0,0.35907910297721596,0.7199958399778134,0.0,2467.0,6808.0,0.6312687507811685,0.8333333333333333,0.34782608695652173,0.35908554314044505,0.7199999999999999,0.0,0.6272376499533108,0.8333333333333333,0.34782608695652173,0.3106323207680797,0.6086956521739131,0.0,0.0,0.0,43.1668855343014,results/paper_aaai2027/frozen/results/final_mcs_experiments_er_sf_alpha001_nowrong_noweight_50rep_chunked/wc_sweep_sf8_2026_er_sf_alpha001_nowrong_noweight_seed2063_2075_20260715_151522/summary.json
sf8,SF (8),ABA-PC,10,10.0,2072.0,13.766661840644757,0.4823171227257372,12.023111111111112,0.4733989642531657,13.766661840644757,3.0,21.0,0.4823171227257372,0.8889,0.08,12.023111111111112,2.0,20.0,0.4733989642531657,0.9231,0.0769,20721.0,27000.0,0.6375597345039683,0.9230769230769231,0.32,0.47340051678731576,0.9230769230769231,0.07692307692307693,0.6310849741421367,0.9230769230769231,0.32,0.4127584090939802,0.9090909090909091,0.0,0.0,0.0,124.23526695976034,results/paper_aaai2027/frozen/results/final_mcs_experiments_er_sf_alpha001_nowrong_noweight_50rep_chunked/wc_sweep_sf8_2026_er_sf_alpha001_nowrong_noweight_seed2063_2075_20260715_151522/summary.json
sf8,SF (8),ABA-PC,11,11.0,2073.0,8.205128205128204,0.7215205128205128,7.986725663716814,0.6733573541551227,8.205128205128204,4.0,12.0,0.7215205128205128,0.8462,0.6154,7.986725663716814,4.0,12.0,0.6733573541551227,0.8462,0.4615,39.0,226.0,0.717736573488786,0.8461538461538461,0.6153846153846154,0.6733558084000562,0.8461538461538461,0.46153846153846156,0.7215307389666363,0.8461538461538461,0.6153846153846154,0.7666876982666456,0.9090909090909091,0.5714285714285715,0.0,0.0,39.875569726806134,results/paper_aaai2027/frozen/results/final_mcs_experiments_er_sf_alpha001_nowrong_noweight_50rep_chunked/wc_sweep_sf8_2026_er_sf_alpha001_nowrong_noweight_seed2063_2075_20260715_151522/summary.json
sf8,SF (8),ABA-PC,12,12.0,2074.0,7.529411764705882,0.7032352941176471,6.666666666666667,0.6836765463425883,7.529411764705882,5.0,9.0,0.7032352941176471,0.8,0.64,6.666666666666667,4.0,9.0,0.6836765463425883,0.7999680000000001,0.5600054376894278,17.0,72.0,0.7890147198480532,0.8799999999999999,0.7199999999999999,0.6836744222855333,0.8,0.5599999999999999,0.7820026814144461,0.8799999999999999,0.7199999999999999,0.6908842904750834,0.7826086956521738,0.608695652173913,0.0,0.0,2.0653846519999206,results/paper_aaai2027/frozen/results/final_mcs_experiments_er_sf_alpha001_nowrong_noweight_50rep_chunked/wc_sweep_sf8_2026_er_sf_alpha001_nowrong_noweight_seed2063_2075_20260715_151522/summary.json
sf8,SF (8),ABA-PC,13,13.0,2075.0,7.7727272727272725,0.6334636363636363,7.083333333333333,0.5996622546869169,7.7727272727272725,6.0,10.0,0.6334636363636363,0.72,0.56,7.083333333333333,4.0,9.0,0.5996622546869169,0.7692,0.4799791991679667,22.0,72.0,0.8372282092571948,0.9230769230769231,0.7500000000000001,0.5996499132912176,0.7692307692307693,0.48000000000000004,0.8370843890409106,0.9230769230769231,0.7500000000000001,0.5912843606342059,0.7,0.47058823529411764,0.0,0.0,70.22923012869433,results/paper_aaai2027/frozen/results/final_mcs_experiments_er_sf_alpha001_nowrong_noweight_50rep_chunked/wc_sweep_sf8_2026_er_sf_alpha001_nowrong_noweight_seed2063_2075_20260715_151522/summary.json
sf8,SF (8),OptABA-PC,1,1.0,2063.0,5.5,0.7115,6.0,0.6670084801681048,5.5,5.0,6.0,0.7115,0.7273,0.6957,6.0,4.0,8.0,0.6670084801681048,0.8181764462565739,0.5217145548751766,2.0,16.0,0.800395256916996,0.8181818181818181,0.7826086956521738,0.6669960474308301,0.8181818181818181,0.5217391304347826,0.800395256916996,0.8181818181818181,0.7826086956521738,0.6862745098039215,0.7058823529411764,0.6666666666666665,0.0,0.0,16.125653896015137,results/paper_aaai2027/frozen/results/final_mcs_experiments_er_sf_alpha001_nowrong_noweight_50rep_chunked/wc_sweep_sf8_2026_er_sf_alpha001_nowrong_noweight_seed2063_2075_20260715_151522/summary.json
sf8,SF (8),OptABA-PC,2,2.0,2064.0,7.6,0.73518,6.1,0.6951561213011688,7.6,6.0,9.0,0.73518,0.8,0.6667,6.1,4.0,8.0,0.6951561213011688,0.7999680000000001,0.5833711805260021,5.0,10.0,0.8152307692307692,0.8799999999999999,0.7500000000000001,0.6951538461538461,0.8,0.5833333333333334,0.8152307692307692,0.8799999999999999,0.7500000000000001,0.6845021645021645,0.761904761904762,0.6,0.0,0.0,302.4810638730414,results/paper_aaai2027/frozen/results/final_mcs_experiments_er_sf_alpha001_nowrong_noweight_50rep_chunked/wc_sweep_sf8_2026_er_sf_alpha001_nowrong_noweight_seed2063_2075_20260715_151522/summary.json
sf8,SF (8),OptABA-PC,3,3.0,2065.0,5.5,0.7445999999999999,5.666666666666667,0.7388303110953448,5.5,5.0,6.0,0.7445999999999999,0.7619,0.7273,5.666666666666667,5.0,6.0,0.7388303110953448,0.761916553175684,0.7272871900551752,2.0,3.0,0.7388167388167389,0.761904761904762,0.7272727272727274,0.7388167388167389,0.761904761904762,0.7272727272727274,0.7445887445887447,0.761904761904762,0.7272727272727274,0.8421052631578948,0.8421052631578948,0.8421052631578948,0.0,0.0,113.74122755602002,results/paper_aaai2027/frozen/results/final_mcs_experiments_er_sf_alpha001_nowrong_noweight_50rep_chunked/wc_sweep_sf8_2026_er_sf_alpha001_nowrong_noweight_seed2063_2075_20260715_151522/summary.json
sf8,SF (8),OptABA-PC,4,4.0,2066.0,14.89568661971831,0.4216003741197183,14.414939309056956,0.3639075499833803,14.89568661971831,9.0,22.0,0.4216003741197183,0.5926,0.2069,14.414939309056956,8.0,21.0,0.3639075499833803,0.5925843613077182,0.07143774373259051,4544.0,16065.0,0.6242530324089286,0.8461538461538461,0.3703703703703704,0.363912198676024,0.5925925925925927,0.07142857142857144,0.6321998588246132,0.8461538461538461,0.3703703703703704,0.3403393119979555,0.5714285714285713,0.0,0.0,0.0,362.2995862532407,results/paper_aaai2027/frozen/results/final_mcs_experiments_er_sf_alpha001_nowrong_noweight_50rep_chunked/wc_sweep_sf8_2026_er_sf_alpha001_nowrong_noweight_seed2063_2075_20260715_151522/summary.json
sf8,SF (8),OptABA-PC,5,5.0,2067.0,9.0,0.5932000000000001,7.5,0.5525362011181455,9.0,7.0,11.0,0.5932000000000001,0.6667,0.5,7.5,5.0,10.0,0.5525362011181455,0.6666871527519178,0.4166385412942439,10.0,20.0,0.8372820512820512,0.9166666666666666,0.7500000000000001,0.552525641025641,0.6666666666666667,0.41666666666666663,0.8372820512820512,0.9166666666666666,0.7500000000000001,0.514069264069264,0.6,0.39999999999999997,0.0,0.0,30.64453381439671,results/paper_aaai2027/frozen/results/final_mcs_experiments_er_sf_alpha001_nowrong_noweight_50rep_chunked/wc_sweep_sf8_2026_er_sf_alpha001_nowrong_noweight_seed2063_2075_20260715_151522/summary.json
sf8,SF (8),OptABA-PC,6,6.0,2068.0,5.0,0.7663,5.269230769230769,0.711409372673442,5.0,3.0,6.0,0.7663,0.7826,0.75,5.269230769230769,3.0,7.0,0.711409372673442,0.8695455573140402,0.5833711805260021,4.0,26.0,0.8444816053511706,0.8695652173913044,0.8333333333333333,0.7113991081382386,0.8695652173913044,0.5833333333333334,0.8514492753623188,0.8695652173913044,0.8333333333333333,0.7980994152046783,0.9,0.7368421052631579,0.0,0.0,2.988462241832167,results/paper_aaai2027/frozen/results/final_mcs_experiments_er_sf_alpha001_nowrong_noweight_50rep_chunked/wc_sweep_sf8_2026_er_sf_alpha001_nowrong_noweight_seed2063_2075_20260715_151522/summary.json
sf8,SF (8),OptABA-PC,7,7.0,2069.0,9.0,0.6923,8.0,0.6154,9.0,9.0,9.0,0.6923,0.6923,0.6923,8.0,7.0,9.0,0.6154,0.6923,0.5385,1.0,4.0,0.7692307692307693,0.7692307692307693,0.7692307692307693,0.6153846153846154,0.6923076923076923,0.5384615384615384,0.7692307692307693,0.7692307692307693,0.7692307692307693,0.608695652173913,0.608695652173913,0.608695652173913,0.0,0.0,302.95984333381057,results/paper_aaai2027/frozen/results/final_mcs_experiments_er_sf_alpha001_nowrong_noweight_50rep_chunked/wc_sweep_sf8_2026_er_sf_alpha001_nowrong_noweight_seed2063_2075_20260715_151522/summary.json
sf8,SF (8),OptABA-PC,8,8.0,2070.0,7.044117647058823,0.6088710784313726,8.576256499133448,0.5162136198577739,7.044117647058823,3.0,11.0,0.6088710784313726,0.8333,0.4,8.576256499133448,4.0,12.0,0.5162136198577739,0.7500031247931149,0.31998879875195,204.0,1154.0,0.792911116462469,0.9166666666666666,0.7199999999999999,0.516211630280653,0.7500000000000001,0.32,0.8113127973507342,0.9166666666666666,0.7199999999999999,0.6739557029303888,0.8571428571428571,0.4444444444444444,0.0,0.0,5.320287984330207,results/paper_aaai2027/frozen/results/final_mcs_experiments_er_sf_alpha001_nowrong_noweight_50rep_chunked/wc_sweep_sf8_2026_er_sf_alpha001_nowrong_noweight_seed2063_2075_20260715_151522/summary.json
sf8,SF (8),OptABA-PC,9,9.0,2071.0,6.0,0.7273,5.0,0.7272871899921717,6.0,6.0,6.0,0.7273,0.7273,0.7273,5.0,4.0,6.0,0.7272871899921717,0.8181764462565739,0.6363979336017626,1.0,4.0,0.8181818181818181,0.8181818181818181,0.8181818181818181,0.7272727272727273,0.8181818181818181,0.6363636363636364,0.8181818181818181,0.8181818181818181,0.8181818181818181,0.6666666666666666,0.6666666666666666,0.6666666666666666,0.0,0.0,115.32630028901622,results/paper_aaai2027/frozen/results/final_mcs_experiments_er_sf_alpha001_nowrong_noweight_50rep_chunked/wc_sweep_sf8_2026_er_sf_alpha001_nowrong_noweight_seed2063_2075_20260715_151522/summary.json
sf8,SF (8),OptABA-PC,10,10.0,2072.0,8.11111111111111,0.6285444444444445,7.5,0.589747032911462,8.11111111111111,7.0,10.0,0.6285444444444445,0.6957,0.5714,7.5,6.0,9.0,0.589747032911462,0.6956620036738731,0.4761786846275753,9.0,10.0,0.7262187088274046,0.7826086956521738,0.6666666666666667,0.5897421419160549,0.6956521739130435,0.4761904761904762,0.7199531547357636,0.7826086956521738,0.6666666666666667,0.6240798073615411,0.7000000000000001,0.4705882352941177,0.0,0.0,301.41397873405367,results/paper_aaai2027/frozen/results/final_mcs_experiments_er_sf_alpha001_nowrong_noweight_50rep_chunked/wc_sweep_sf8_2026_er_sf_alpha001_nowrong_noweight_seed2063_2075_20260715_151522/summary.json
sf8,SF (8),OptABA-PC,11,11.0,2073.0,4.5,0.81825,5.2,0.7703683228213414,4.5,3.0,6.0,0.81825,0.88,0.75,5.2,3.0,7.0,0.7703683228213414,0.8800403199273924,0.6666871527519178,6.0,20.0,0.8105641025641026,0.8799999999999999,0.7500000000000001,0.7703717948717949,0.8799999999999999,0.6666666666666667,0.8182478632478632,0.8799999999999999,0.7500000000000001,0.8259301085388042,0.8695652173913043,0.761904761904762,0.0,0.0,301.5952994013205,results/paper_aaai2027/frozen/results/final_mcs_experiments_er_sf_alpha001_nowrong_noweight_50rep_chunked/wc_sweep_sf8_2026_er_sf_alpha001_nowrong_noweight_seed2063_2075_20260715_151522/summary.json
sf8,SF (8),OptABA-PC,12,12.0,2074.0,7.033333333333333,0.71091,6.470588235294118,0.6770571232161537,7.033333333333333,4.0,9.0,0.71091,0.8333,0.6087,6.470588235294118,3.0,9.0,0.6770571232161537,0.8333190967049992,0.5217145548751766,30.0,153.0,0.7871779570245044,0.9166666666666666,0.6956521739130435,0.677046145102411,0.8333333333333333,0.5217391304347826,0.7937316982534374,0.9166666666666666,0.6956521739130435,0.7021594830290483,0.8181818181818181,0.6,0.0,0.0,108.01266112364829,results/paper_aaai2027/frozen/results/final_mcs_experiments_er_sf_alpha001_nowrong_noweight_50rep_chunked/wc_sweep_sf8_2026_er_sf_alpha001_nowrong_noweight_seed2063_2075_20260715_151522/summary.json
sf8,SF (8),OptABA-PC,13,13.0,2075.0,12.76923076923077,0.5564846153846154,10.285714285714286,0.44138260641383736,12.76923076923077,12.0,14.0,0.5564846153846154,0.64,0.5185,10.285714285714286,9.0,12.0,0.44138260641383736,0.5385,0.3703401914520695,13.0,28.0,0.7543365893365894,0.8,0.6923076923076923,0.44139499389499387,0.5384615384615384,0.3703703703703704,0.7553824238439623,0.8,0.6923076923076923,0.30352980352980347,0.3636363636363636,0.2727272727272727,0.0,0.0,304.3428229498677,results/paper_aaai2027/frozen/results/final_mcs_experiments_er_sf_alpha001_nowrong_noweight_50rep_chunked/wc_sweep_sf8_2026_er_sf_alpha001_nowrong_noweight_seed2063_2075_20260715_151522/summary.json
survey,Survey (6),ABA-PC,1,1.0,2026.0,8.623655913978494,0.37571899641577067,7.499725425590335,0.2807335985680802,8.623655913978494,4.0,12.0,0.37571899641577067,0.7273,0.1176,7.499725425590335,2.0,13.0,0.2807335985680802,0.7272925615326924,0.0,837.0,1821.0,0.669325531940611,1.0,0.37499999999999994,0.2807369655465401,0.7272727272727272,0.0,0.6521989563524456,1.0,0.37499999999999994,0.0995930194854926,0.5,0.0,0.0,0.0,9.128463091794401,results/paper_aaai2027/frozen/results/final_mcs_experiments_er_sf_alpha001_nowrong_noweight_50rep_chunked/wc_sweep_bnlearn_survey_alpha001_nowrong_noweight_seed2026_2075_20260715_155405/summary.json
survey,Survey (6),ABA-PC,2,2.0,2027.0,3.5714285714285716,0.6110928571428571,3.5714285714285716,0.6110940996107741,3.5714285714285716,2.0,5.0,0.6110928571428571,0.7273,0.4615,3.5714285714285716,2.0,5.0,0.6110940996107741,0.7272925615326924,0.4615550290760284,14.0,14.0,0.8157199942914228,1.0,0.6666666666666666,0.6110793967936825,0.7272727272727272,0.4615384615384615,0.8157199942914228,1.0,0.6666666666666666,0.7292929292929292,0.888888888888889,0.5454545454545454,0.0,0.0,1.7050359868444502,results/paper_aaai2027/frozen/results/final_mcs_experiments_er_sf_alpha001_nowrong_noweight_50rep_chunked/wc_sweep_bnlearn_survey_alpha001_nowrong_noweight_seed2026_2075_20260715_155405/summary.json
survey,Survey (6),ABA-PC,3,3.0,2028.0,3.5714285714285716,0.6684642857142856,3.738095238095238,0.6602968606501033,3.5714285714285716,1.0,6.0,0.6684642857142856,0.8333,0.5333,3.738095238095238,1.0,6.0,0.6602968606501033,0.8333,0.5333119971199712,28.0,42.0,0.8051020408163266,1.0,0.6666666666666667,0.6602956567242282,0.8333333333333334,0.5333333333333333,0.8150641025641026,1.0,0.6666666666666667,0.7356421356421355,0.888888888888889,0.6,0.0,0.0,1.7549843490123749,results/paper_aaai2027/frozen/results/final_mcs_experiments_er_sf_alpha001_nowrong_noweight_50rep_chunked/wc_sweep_bnlearn_survey_alpha001_nowrong_noweight_seed2026_2075_20260715_155405/summary.json
survey,Survey (6),ABA-PC,4,4.0,2029.0,5.856512141280353,0.4995675496688742,5.6106032906764165,0.5140057845622796,5.856512141280353,1.0,10.0,0.4995675496688742,0.8333,0.25,5.6106032906764165,1.0,10.0,0.5140057845622796,0.8333,0.24999062441402586,453.0,547.0,0.7023135788110517,1.0,0.4,0.5140078812704902,0.8333333333333334,0.25,0.695360665608036,1.0,0.4,0.49772833249654436,0.888888888888889,0.18181818181818182,0.0,0.0,4.167358736973256,results/paper_aaai2027/frozen/results/final_mcs_experiments_er_sf_alpha001_nowrong_noweight_50rep_chunked/wc_sweep_bnlearn_survey_alpha001_nowrong_noweight_seed2026_2075_20260715_155405/summary.json
survey,Survey (6),ABA-PC,5,5.0,2030.0,6.246666666666667,0.49525800000000003,5.690322580645161,0.48494429263915595,6.246666666666667,2.0,9.0,0.49525800000000003,0.6667,0.2667,5.690322580645161,2.0,9.0,0.48494429263915595,0.6667,0.26664,150.0,155.0,0.7206643451425235,1.0,0.42857142857142855,0.48494720965309196,0.6666666666666666,0.26666666666666666,0.7196045392515981,1.0,0.42857142857142855,0.3547211307211307,0.5,0.28571428571428575,0.0,0.0,1.898200981784612,results/paper_aaai2027/frozen/results/final_mcs_experiments_er_sf_alpha001_nowrong_noweight_50rep_chunked/wc_sweep_bnlearn_survey_alpha001_nowrong_noweight_seed2026_2075_20260715_155405/summary.json
survey,Survey (6),ABA-PC,6,6.0,2031.0,8.056657223796034,0.3944109065155807,7.513882956001709,0.31788102748155944,8.056657223796034,3.0,12.0,0.3944109065155807,0.7273,0.1176,7.513882956001709,2.0,13.0,0.31788102748155944,0.7272925615326924,0.0,706.0,2341.0,0.6745039460627319,1.0,0.4705882352941177,0.3178898310886903,0.7272727272727272,0.0,0.6922001980596382,1.0,0.4705882352941177,0.1812395505030066,0.5714285714285715,0.0,0.0,0.0,7.756770546082407,results/paper_aaai2027/frozen/results/final_mcs_experiments_er_sf_alpha001_nowrong_noweight_50rep_chunked/wc_sweep_bnlearn_survey_alpha001_nowrong_noweight_seed2026_2075_20260715_155405/summary.json
survey,Survey (6),ABA-PC,7,7.0,2032.0,7.8926812104152,0.43806166432090077,7.908821131583238,0.3196701169109045,7.8926812104152,2.0,12.0,0.43806166432090077,0.9091,0.125,7.908821131583238,1.0,13.0,0.3196701169109045,0.9090710740195277,0.0,5684.0,30665.0,0.5648542888867727,0.9090909090909091,0.15384615384615383,0.31967598306333234,0.9090909090909091,0.0,0.5717450373274636,0.9090909090909091,0.15384615384615383,0.147997351190525,0.75,0.0,0.0,0.0,97.62220295006409,results/paper_aaai2027/frozen/results/final_mcs_experiments_er_sf_alpha001_nowrong_noweight_50rep_chunked/wc_sweep_bnlearn_survey_alpha001_nowrong_noweight_seed2026_2075_20260715_155405/summary.json
survey,Survey (6),ABA-PC,8,8.0,2033.0,7.558189655172414,0.3708877155172414,7.438060094886663,0.28504910983704684,7.558189655172414,3.0,11.0,0.3708877155172414,0.7273,0.1333,7.438060094886663,2.0,12.0,0.28504910983704684,0.7272925615326924,0.0,464.0,1897.0,0.6486038902439412,0.9090909090909091,0.4,0.2850522649128807,0.7272727272727272,0.0,0.6679729721343565,0.9090909090909091,0.4,0.17755187819842994,0.5,0.0,0.0,0.0,6.725686689838767,results/paper_aaai2027/frozen/results/final_mcs_experiments_er_sf_alpha001_nowrong_noweight_50rep_chunked/wc_sweep_bnlearn_survey_alpha001_nowrong_noweight_seed2026_2075_20260715_155405/summary.json
survey,Survey (6),ABA-PC,9,9.0,2034.0,6.301075268817204,0.48148709677419355,5.801047120418848,0.4734791568630559,6.301075268817204,2.0,9.0,0.48148709677419355,0.6667,0.2667,5.801047120418848,2.0,9.0,0.4734791568630559,0.6667,0.26664,186.0,191.0,0.7021347403238378,1.0,0.42857142857142855,0.47348141028461327,0.6666666666666666,0.26666666666666666,0.7007819504973205,1.0,0.42857142857142855,0.3609574416026029,0.5,0.28571428571428575,0.0,0.0,1.9546883841976523,results/paper_aaai2027/frozen/results/final_mcs_experiments_er_sf_alpha001_nowrong_noweight_50rep_chunked/wc_sweep_bnlearn_survey_alpha001_nowrong_noweight_seed2026_2075_20260715_155405/summary.json
survey,Survey (6),ABA-PC,10,10.0,2035.0,8.768901569186875,0.36026062767475037,7.829771554900516,0.26360400964260783,8.768901569186875,4.0,12.0,0.36026062767475037,0.6667,0.1176,7.829771554900516,2.0,13.0,0.26360400964260783,0.6667,0.0,701.0,1357.0,0.6648702271377723,1.0,0.37499999999999994,0.2636081086252312,0.6666666666666666,0.0,0.6487518548880469,1.0,0.37499999999999994,0.10336642276727868,0.4444444444444445,0.0,0.0,0.0,5.972326578106731,results/paper_aaai2027/frozen/results/final_mcs_experiments_er_sf_alpha001_nowrong_noweight_50rep_chunked/wc_sweep_bnlearn_survey_alpha001_nowrong_noweight_seed2026_2075_20260715_155405/summary.json
survey,Survey (6),ABA-PC,11,11.0,2036.0,7.5,0.34845,6.0,0.2613636356874838,7.5,7.0,8.0,0.34845,0.3636,0.3333,6.0,5.0,7.0,0.2613636356874838,0.363616528024001,0.1667,2.0,4.0,0.6969696969696969,0.7272727272727272,0.6666666666666666,0.26136363636363635,0.3636363636363636,0.16666666666666666,0.6969696969696969,0.7272727272727272,0.6666666666666666,0.0,0.0,0.0,0.0,0.0,1.036792105063796,results/paper_aaai2027/frozen/results/final_mcs_experiments_er_sf_alpha001_nowrong_noweight_50rep_chunked/wc_sweep_bnlearn_survey_alpha001_nowrong_noweight_seed2026_2075_20260715_155405/summary.json
survey,Survey (6),ABA-PC,12,12.0,2037.0,7.115384615384615,0.4561884615384615,5.26890756302521,0.3541707114631554,7.115384615384615,4.0,9.0,0.4561884615384615,0.7273,0.3077,5.26890756302521,2.0,8.0,0.3541707114631554,0.7272925615326924,0.0,26.0,119.0,0.7523907465083935,0.9090909090909091,0.5,0.3541732777026894,0.7272727272727272,0.0,0.738318092164246,0.9090909090909091,0.5,0.05170940170940171,0.5,0.0,0.0,0.0,1.3502485379576683,results/paper_aaai2027/frozen/results/final_mcs_experiments_er_sf_alpha001_nowrong_noweight_50rep_chunked/wc_sweep_bnlearn_survey_alpha001_nowrong_noweight_seed2026_2075_20260715_155405/summary.json
survey,Survey (6),ABA-PC,13,13.0,2038.0,9.37286063569682,0.40512424612876935,8.457413249211356,0.27083657688941676,9.37286063569682,3.0,13.0,0.40512424612876935,0.8333,0.2222,8.457413249211356,1.0,14.0,0.27083657688941676,0.8333,0.0,2454.0,10144.0,0.6691255081127757,1.0,0.3529411764705882,0.27084401704557226,0.8333333333333334,0.0,0.6637713202574451,1.0,0.3529411764705882,0.048764671441933055,0.5,0.0,0.0,0.0,31.183229211717844,results/paper_aaai2027/frozen/results/final_mcs_experiments_er_sf_alpha001_nowrong_noweight_50rep_chunked/wc_sweep_bnlearn_survey_alpha001_nowrong_noweight_seed2026_2075_20260715_155405/summary.json
survey,Survey (6),ABA-PC,14,14.0,2039.0,6.463414634146342,0.3886170731707317,6.39622641509434,0.2435136615033088,6.463414634146342,4.0,9.0,0.3886170731707317,0.6667,0.1538,6.39622641509434,4.0,8.0,0.2435136615033088,0.3333,0.14286938635584506,41.0,53.0,0.7950238440804478,1.0,0.6153846153846153,0.2435137189854171,0.3333333333333333,0.14285714285714288,0.7870812114714553,1.0,0.6153846153846153,0.33318551367331856,0.6666666666666666,0.0,0.0,0.0,1.3385349418967962,results/paper_aaai2027/frozen/results/final_mcs_experiments_er_sf_alpha001_nowrong_noweight_50rep_chunked/wc_sweep_bnlearn_survey_alpha001_nowrong_noweight_seed2026_2075_20260715_155405/summary.json
survey,Survey (6),ABA-PC,15,15.0,2040.0,9.667970447631465,0.29779755213055303,9.501369446135119,0.23624619675311065,9.667970447631465,4.0,13.0,0.29779755213055303,0.6667,0.1176,9.501369446135119,4.0,14.0,0.23624619675311065,0.6667,0.0,2301.0,13144.0,0.4313436546670901,0.6666666666666666,0.14285714285714288,0.2362487198187227,0.6666666666666666,0.0,0.43162151806603066,0.6666666666666666,0.14285714285714288,0.09757765774714929,0.6666666666666666,0.0,0.0,0.0,38.71411261893809,results/paper_aaai2027/frozen/results/final_mcs_experiments_er_sf_alpha001_nowrong_noweight_50rep_chunked/wc_sweep_bnlearn_survey_alpha001_nowrong_noweight_seed2026_2075_20260715_155405/summary.json
survey,Survey (6),ABA-PC,16,16.0,2041.0,4.5,0.5314666666666666,4.0,0.5292877670079082,4.5,3.0,6.0,0.5314666666666666,0.7273,0.3333,4.0,2.0,6.0,0.5292877670079082,0.7272925615326924,0.3333,6.0,8.0,0.8025932400932401,0.9090909090909091,0.6666666666666666,0.5292832167832168,0.7272727272727272,0.3333333333333333,0.7797202797202797,0.9090909090909091,0.6666666666666666,0.43042328042328043,0.5714285714285715,0.22222222222222224,0.0,0.0,1.0437161880545318,results/paper_aaai2027/frozen/results/final_mcs_experiments_er_sf_alpha001_nowrong_noweight_50rep_chunked/wc_sweep_bnlearn_survey_alpha001_nowrong_noweight_seed2026_2075_20260715_155405/summary.json
survey,Survey (6),ABA-PC,17,17.0,2042.0,6.481481481481482,0.39634025974025977,6.357933579335794,0.24680474148128445,6.481481481481482,3.0,9.0,0.39634025974025977,0.8,0.1538,6.357933579335794,2.0,10.0,0.24680474148128445,0.8000239995200095,0.0,81.0,271.0,0.6537102503892172,1.0,0.3333333333333333,0.24680153794544937,0.8,0.0,0.6568649457538346,1.0,0.3333333333333333,0.189692337840486,0.75,0.0,0.0,0.0,1.8748362972401083,results/paper_aaai2027/frozen/results/final_mcs_experiments_er_sf_alpha001_nowrong_noweight_50rep_chunked/wc_sweep_bnlearn_survey_alpha001_nowrong_noweight_seed2026_2075_20260715_155405/summary.json
survey,Survey (6),ABA-PC,18,18.0,2043.0,5.666666666666667,0.5303333333333333,5.166666666666667,0.44190702449284885,5.666666666666667,5.0,6.0,0.5303333333333333,0.5455,0.5,5.166666666666667,4.0,6.0,0.44190702449284885,0.5454545454545454,0.3333,3.0,6.0,0.6464646464646464,0.7272727272727272,0.5454545454545454,0.4419191919191919,0.5454545454545454,0.3333333333333333,0.6464646464646464,0.7272727272727272,0.5454545454545454,0.48148148148148145,0.5,0.4444444444444445,0.0,0.0,1.6820718450471759,results/paper_aaai2027/frozen/results/final_mcs_experiments_er_sf_alpha001_nowrong_noweight_50rep_chunked/wc_sweep_bnlearn_survey_alpha001_nowrong_noweight_seed2026_2075_20260715_155405/summary.json
survey,Survey (6),ABA-PC,19,19.0,2044.0,7.532258064516129,0.5652532258064515,7.340909090909091,0.27237037296212036,7.532258064516129,3.0,10.0,0.5652532258064515,0.8333,0.3333,7.340909090909091,2.0,11.0,0.27237037296212036,0.8333,0.0,62.0,528.0,0.620194042069042,0.8333333333333334,0.42857142857142855,0.27236825674325676,0.8333333333333334,0.0,0.6275744416873449,0.8333333333333334,0.42857142857142855,0.108678955453149,0.6666666666666666,0.0,0.0,0.0,2.4910414777696133,results/paper_aaai2027/frozen/results/final_mcs_experiments_er_sf_alpha001_nowrong_noweight_50rep_chunked/wc_sweep_bnlearn_survey_alpha001_nowrong_noweight_seed2026_2075_20260715_155405/summary.json
survey,Survey (6),ABA-PC,20,20.0,2045.0,6.3727959697733,0.46526649874055415,6.0528109028960815,0.4107612264782179,6.3727959697733,2.0,10.0,0.46526649874055415,0.7692,0.1429,6.0528109028960815,2.0,10.0,0.4107612264782179,0.7272925615326924,0.0,397.0,587.0,0.7047988805128799,1.0,0.30769230769230765,0.4107636025663884,0.7272727272727272,0.0,0.6886810206635365,1.0,0.30769230769230765,0.4369874458035667,0.888888888888889,0.0,0.0,0.0,3.344841518905014,results/paper_aaai2027/frozen/results/final_mcs_experiments_er_sf_alpha001_nowrong_noweight_50rep_chunked/wc_sweep_bnlearn_survey_alpha001_nowrong_noweight_seed2026_2075_20260715_155405/summary.json
survey,Survey (6),ABA-PC,21,21.0,2046.0,7.680981595092025,0.3440030674846626,7.04954954954955,0.29427726929943615,7.680981595092025,3.0,11.0,0.3440030674846626,0.5455,0.1429,7.04954954954955,3.0,11.0,0.29427726929943615,0.5454545454545454,0.0,163.0,222.0,0.6468320718320719,0.9090909090909091,0.42857142857142855,0.29427970677970683,0.5454545454545454,0.0,0.6477793678713923,0.9090909090909091,0.42857142857142855,0.1583758777010311,0.4444444444444445,0.0,0.0,0.0,1.9144696211442351,results/paper_aaai2027/frozen/results/final_mcs_experiments_er_sf_alpha001_nowrong_noweight_50rep_chunked/wc_sweep_bnlearn_survey_alpha001_nowrong_noweight_seed2026_2075_20260715_155405/summary.json
survey,Survey (6),ABA-PC,22,22.0,2047.0,5.5,0.48075,5.0,0.40063121284251274,5.5,5.0,6.0,0.48075,0.5,0.4615,5.0,4.0,6.0,0.40063121284251274,0.5,0.3076698222940226,2.0,4.0,0.8012820512820513,0.8333333333333334,0.7692307692307692,0.4006410256410256,0.5,0.30769230769230765,0.8012820512820513,0.8333333333333334,0.7692307692307692,0.4222222222222223,0.4444444444444445,0.4,0.0,0.0,1.043620609678328,results/paper_aaai2027/frozen/results/final_mcs_experiments_er_sf_alpha001_nowrong_noweight_50rep_chunked/wc_sweep_bnlearn_survey_alpha001_nowrong_noweight_seed2026_2075_20260715_155405/summary.json
survey,Survey (6),ABA-PC,23,23.0,2048.0,5.75,0.5016321428571429,5.136986301369863,0.3943741147223225,5.75,2.0,8.0,0.5016321428571429,0.6667,0.3077,5.136986301369863,2.0,8.0,0.3943741147223225,0.6667,0.14286938635584506,28.0,73.0,0.834637964774951,1.0,0.6153846153846153,0.39437503136133273,0.6666666666666666,0.14285714285714288,0.813448456305599,1.0,0.6153846153846153,0.42997835497835496,0.8,0.2,0.0,0.0,1.3860944150947034,results/paper_aaai2027/frozen/results/final_mcs_experiments_er_sf_alpha001_nowrong_noweight_50rep_chunked/wc_sweep_bnlearn_survey_alpha001_nowrong_noweight_seed2026_2075_20260715_155405/summary.json
survey,Survey (6),ABA-PC,24,24.0,2049.0,9.39424778761062,0.394715989280929,9.491658754916587,0.21608474107681716,9.39424778761062,4.0,13.0,0.394715989280929,0.7692,0.125,9.491658754916587,3.0,14.0,0.21608474107681716,0.7692248513827863,0.0,2260.0,14746.0,0.49792360294980725,0.7692307692307692,0.14285714285714288,0.21608831397774006,0.7692307692307692,0.0,0.49996723349270683,0.7692307692307692,0.14285714285714288,0.15473750192776742,0.75,0.0,0.0,0.0,44.029502992052585,results/paper_aaai2027/frozen/results/final_mcs_experiments_er_sf_alpha001_nowrong_noweight_50rep_chunked/wc_sweep_bnlearn_survey_alpha001_nowrong_noweight_seed2026_2075_20260715_155405/summary.json
survey,Survey (6),ABA-PC,25,25.0,2050.0,8.082530949105914,0.4465635684810375,8.25905383360522,0.33044783423598195,8.082530949105914,0.0,13.0,0.4465635684810375,1.0,0.1111,8.25905383360522,0.0,14.0,0.33044783423598195,1.0,0.0,5089.0,24520.0,0.5992520696562952,1.0,0.25,0.3304555021577014,1.0,0.0,0.6047670825711637,1.0,0.25,0.23494060250790452,1.0,0.0,1.0,1.0,75.26532836817205,results/paper_aaai2027/frozen/results/final_mcs_experiments_er_sf_alpha001_nowrong_noweight_50rep_chunked/wc_sweep_bnlearn_survey_alpha001_nowrong_noweight_seed2026_2075_20260715_155405/summary.json
survey,Survey (6),ABA-PC,26,26.0,2051.0,5.5,0.48075,5.0,0.40063121284251274,5.5,5.0,6.0,0.48075,0.5,0.4615,5.0,4.0,6.0,0.40063121284251274,0.5,0.3076698222940226,2.0,4.0,0.8012820512820513,0.8333333333333334,0.7692307692307692,0.4006410256410256,0.5,0.30769230769230765,0.8012820512820513,0.8333333333333334,0.7692307692307692,0.4222222222222223,0.4444444444444445,0.4,0.0,0.0,1.1041285712271929,results/paper_aaai2027/frozen/results/final_mcs_experiments_er_sf_alpha001_nowrong_noweight_50rep_chunked/wc_sweep_bnlearn_survey_alpha001_nowrong_noweight_seed2026_2075_20260715_155405/summary.json
survey,Survey (6),ABA-PC,27,27.0,2052.0,5.961038961038961,0.5455142857142856,5.752012882447665,0.3632452384974151,5.961038961038961,2.0,10.0,0.5455142857142856,0.9091,0.2857,5.752012882447665,1.0,10.0,0.3632452384974151,0.9090710740195277,0.0,154.0,621.0,0.78750594547696,1.0,0.5714285714285715,0.3632450480276567,0.9090909090909091,0.0,0.8032377795364808,1.0,0.5714285714285715,0.3487050467569948,0.8,0.0,0.0,0.0,2.9071591598913074,results/paper_aaai2027/frozen/results/final_mcs_experiments_er_sf_alpha001_nowrong_noweight_50rep_chunked/wc_sweep_bnlearn_survey_alpha001_nowrong_noweight_seed2026_2075_20260715_155405/summary.json
survey,Survey (6),ABA-PC,28,28.0,2053.0,8.445941026574445,0.4077712413542046,8.59425358293904,0.2260418503624328,8.445941026574445,1.0,13.0,0.4077712413542046,0.9091,0.1176,8.59425358293904,1.0,14.0,0.2260418503624328,0.9090710740195277,0.0,2747.0,14583.0,0.5773524959504159,0.9090909090909091,0.25,0.22604396431610313,0.9090909090909091,0.0,0.5799706601340188,0.9090909090909091,0.25,0.15641019781900742,1.0,0.0,0.0,0.0,39.82788215531036,results/paper_aaai2027/frozen/results/final_mcs_experiments_er_sf_alpha001_nowrong_noweight_50rep_chunked/wc_sweep_bnlearn_survey_alpha001_nowrong_noweight_seed2026_2075_20260715_155405/summary.json
survey,Survey (6),ABA-PC,29,29.0,2054.0,6.0,0.475225,5.75,0.2568459014417935,6.0,5.0,7.0,0.475225,0.5455,0.3333,5.75,4.0,7.0,0.2568459014417935,0.363616528024001,0.15388520671834624,8.0,16.0,0.8019376456876457,0.9090909090909091,0.6666666666666666,0.2568473193473193,0.3636363636363636,0.15384615384615383,0.7851107226107226,0.9090909090909091,0.6666666666666666,0.32281746031746034,0.4444444444444445,0.22222222222222224,0.0,0.0,1.1303315348923206,results/paper_aaai2027/frozen/results/final_mcs_experiments_er_sf_alpha001_nowrong_noweight_50rep_chunked/wc_sweep_bnlearn_survey_alpha001_nowrong_noweight_seed2026_2075_20260715_155405/summary.json
survey,Survey (6),ABA-PC,30,30.0,2055.0,6.88974358974359,0.536532564102564,6.366050260787103,0.3556591554872762,6.88974358974359,2.0,10.0,0.536532564102564,0.9091,0.1818,6.366050260787103,1.0,11.0,0.3556591554872762,0.9090710740195277,0.0,390.0,2109.0,0.6699525355872105,0.9090909090909091,0.4615384615384615,0.35565735294837464,0.9090909090909091,0.0,0.6788077056176604,0.9090909090909091,0.4615384615384615,0.08239131239131238,0.6666666666666666,0.0,0.0,0.0,7.014781392645091,results/paper_aaai2027/frozen/results/final_mcs_experiments_er_sf_alpha001_nowrong_noweight_50rep_chunked/wc_sweep_bnlearn_survey_alpha001_nowrong_noweight_seed2026_2075_20260715_155405/summary.json
survey,Survey (6),ABA-PC,31,31.0,2056.0,6.166666666666667,0.6010555555555555,4.961538461538462,0.40577534217489847,6.166666666666667,5.0,7.0,0.6010555555555555,0.7273,0.4615,4.961538461538462,2.0,7.0,0.40577534217489847,0.7272925615326924,0.15388520671834624,18.0,52.0,0.8058415943031327,1.0,0.6153846153846153,0.4057737134660211,0.7272727272727272,0.15384615384615383,0.8123080623080623,1.0,0.6153846153846153,0.15493827160493825,0.25,0.0,0.0,0.0,1.1799535448662937,results/paper_aaai2027/frozen/results/final_mcs_experiments_er_sf_alpha001_nowrong_noweight_50rep_chunked/wc_sweep_bnlearn_survey_alpha001_nowrong_noweight_seed2026_2075_20260715_155405/summary.json
survey,Survey (6),ABA-PC,32,32.0,2057.0,6.607986960065199,0.5017335236541599,6.55832974601808,0.3499020327479145,6.607986960065199,1.0,10.0,0.5017335236541599,0.8333,0.1429,6.55832974601808,1.0,11.0,0.3499020327479145,0.8333,0.0,1227.0,2323.0,0.6555821110764009,1.0,0.16666666666666666,0.34990318275243953,0.8333333333333334,0.0,0.6571307338170562,1.0,0.16666666666666666,0.3349670568496974,0.888888888888889,0.0,0.0,0.0,8.586302326060832,results/paper_aaai2027/frozen/results/final_mcs_experiments_er_sf_alpha001_nowrong_noweight_50rep_chunked/wc_sweep_bnlearn_survey_alpha001_nowrong_noweight_seed2026_2075_20260715_155405/summary.json
survey,Survey (6),ABA-PC,33,33.0,2058.0,8.321428571428571,0.37849642857142857,8.081967213114755,0.2357113296013939,8.321428571428571,6.0,11.0,0.37849642857142857,0.5714,0.2353,8.081967213114755,5.0,11.0,0.2357113296013939,0.4615550290760284,0.11764774844720495,28.0,122.0,0.6721087173835487,0.7692307692307692,0.5333333333333333,0.23571768556098352,0.4615384615384615,0.11764705882352942,0.6740827100070799,0.7692307692307692,0.5333333333333333,0.3132137703566275,0.5,0.0,0.0,0.0,1.4054270586930215,results/paper_aaai2027/frozen/results/final_mcs_experiments_er_sf_alpha001_nowrong_noweight_50rep_chunked/wc_sweep_bnlearn_survey_alpha001_nowrong_noweight_seed2026_2075_20260715_155405/summary.json
survey,Survey (6),ABA-PC,34,34.0,2059.0,7.150943396226415,0.28781523809523807,6.576719576719577,0.2735934311601661,7.150943396226415,4.0,10.0,0.28781523809523807,0.6,0.1333,6.576719576719577,3.0,10.0,0.2735934311601661,0.6,0.13333599712023037,106.0,189.0,0.5880146308717736,0.8,0.3333333333333333,0.27359043073328787,0.6,0.13333333333333333,0.5801242782374857,0.8,0.3333333333333333,0.27752001667096005,0.6666666666666666,0.0,0.0,0.0,1.6631475249305367,results/paper_aaai2027/frozen/results/final_mcs_experiments_er_sf_alpha001_nowrong_noweight_50rep_chunked/wc_sweep_bnlearn_survey_alpha001_nowrong_noweight_seed2026_2075_20260715_155405/summary.json
survey,Survey (6),ABA-PC,35,35.0,2060.0,7.081712062256809,0.48223579766536967,6.596529284164859,0.40245061916795016,7.081712062256809,3.0,11.0,0.48223579766536967,0.6667,0.2353,6.596529284164859,3.0,11.0,0.40245061916795016,0.6667,0.1250093738282715,257.0,461.0,0.6946749109566515,0.8333333333333334,0.5555555555555556,0.40245734090955476,0.6666666666666666,0.125,0.6969968721799804,0.8333333333333334,0.5555555555555556,0.3588583055509126,0.6666666666666665,0.16666666666666666,0.0,0.0,2.6917515289969742,results/paper_aaai2027/frozen/results/final_mcs_experiments_er_sf_alpha001_nowrong_noweight_50rep_chunked/wc_sweep_bnlearn_survey_alpha001_nowrong_noweight_seed2026_2075_20260715_155405/summary.json
survey,Survey (6),ABA-PC,36,36.0,2061.0,7.145655449522853,0.39438156705173283,7.357519254154844,0.3801212358365134,7.145655449522853,2.0,11.0,0.39438156705173283,0.7273,0.1333,7.357519254154844,2.0,11.0,0.3801212358365134,0.7272925615326924,0.13333599712023037,1991.0,4934.0,0.5668781768435431,1.0,0.28571428571428575,0.38012777924047864,0.7272727272727272,0.13333333333333333,0.5813964442801562,1.0,0.28571428571428575,0.5101985825993862,0.888888888888889,0.16666666666666666,0.0,0.0,16.722308503929526,results/paper_aaai2027/frozen/results/final_mcs_experiments_er_sf_alpha001_nowrong_noweight_50rep_chunked/wc_sweep_bnlearn_survey_alpha001_nowrong_noweight_seed2026_2075_20260715_155405/summary.json
survey,Survey (6),ABA-PC,37,37.0,2062.0,8.32503230353577,0.4666652516462841,7.991290116779007,0.30215189199055925,8.32503230353577,0.0,13.0,0.4666652516462841,1.0,0.1176,7.991290116779007,0.0,14.0,0.30215189199055925,1.0,0.0,8513.0,36051.0,0.6637080016605115,1.0,0.30769230769230765,0.3021602285545188,1.0,0.0,0.6744929747735146,1.0,0.30769230769230765,0.1635490017376544,1.0,0.0,1.0,1.0,120.75571203231812,results/paper_aaai2027/frozen/results/final_mcs_experiments_er_sf_alpha001_nowrong_noweight_50rep_chunked/wc_sweep_bnlearn_survey_alpha001_nowrong_noweight_seed2026_2075_20260715_155405/summary.json
survey,Survey (6),ABA-PC,38,38.0,2063.0,6.392857142857143,0.5009696428571428,5.819004524886878,0.40031108275197774,6.392857142857143,2.0,10.0,0.5009696428571428,0.7273,0.2667,5.819004524886878,2.0,10.0,0.40031108275197774,0.7272925615326924,0.0,56.0,221.0,0.7591994732266226,1.0,0.5714285714285715,0.4003115285920716,0.7272727272727272,0.0,0.7794042267256553,1.0,0.5714285714285715,0.20035381285381287,0.5,0.0,0.0,0.0,1.8013759418390691,results/paper_aaai2027/frozen/results/final_mcs_experiments_er_sf_alpha001_nowrong_noweight_50rep_chunked/wc_sweep_bnlearn_survey_alpha001_nowrong_noweight_seed2026_2075_20260715_155405/summary.json
survey,Survey (6),ABA-PC,39,39.0,2064.0,8.065217391304348,0.36628260869565216,8.038022813688213,0.2742320784318016,8.065217391304348,6.0,10.0,0.36628260869565216,0.5455,0.1538,8.038022813688213,5.0,11.0,0.2742320784318016,0.5454545454545454,0.0,46.0,263.0,0.48564059514629854,0.6153846153846153,0.30769230769230765,0.2742321050305841,0.5454545454545454,0.0,0.49879178792222273,0.6153846153846153,0.30769230769230765,0.15452035886818496,0.5714285714285715,0.0,0.0,0.0,2.6953441640362144,results/paper_aaai2027/frozen/results/final_mcs_experiments_er_sf_alpha001_nowrong_noweight_50rep_chunked/wc_sweep_bnlearn_survey_alpha001_nowrong_noweight_seed2026_2075_20260715_155405/summary.json
survey,Survey (6),ABA-PC,40,40.0,2065.0,6.833333333333333,0.21261666666666668,7.111111111111111,0.20069228885931384,6.833333333333333,5.0,8.0,0.21261666666666668,0.3636,0.1667,7.111111111111111,5.0,8.0,0.20069228885931384,0.363616528024001,0.1667,6.0,9.0,0.5212121212121211,0.7272727272727272,0.3636363636363636,0.20067340067340067,0.3636363636363636,0.16666666666666666,0.546969696969697,0.7272727272727272,0.3636363636363636,0.27314814814814814,0.4444444444444445,0.22222222222222224,0.0,0.0,1.1048039542511106,results/paper_aaai2027/frozen/results/final_mcs_experiments_er_sf_alpha001_nowrong_noweight_50rep_chunked/wc_sweep_bnlearn_survey_alpha001_nowrong_noweight_seed2026_2075_20260715_155405/summary.json
survey,Survey (6),ABA-PC,41,41.0,2066.0,6.885714285714286,0.3253942857142857,6.62,0.27603216803454195,6.885714285714286,4.0,9.0,0.3253942857142857,0.5455,0.1667,6.62,4.0,9.0,0.27603216803454195,0.5454545454545454,0.0,35.0,50.0,0.6206526806526805,0.7272727272727272,0.5,0.276037296037296,0.5454545454545454,0.0,0.6182151182151182,0.7272727272727272,0.5,0.20476190476190478,0.5,0.0,0.0,0.0,1.3269790383055806,results/paper_aaai2027/frozen/results/final_mcs_experiments_er_sf_alpha001_nowrong_noweight_50rep_chunked/wc_sweep_bnlearn_survey_alpha001_nowrong_noweight_seed2026_2075_20260715_155405/summary.json
survey,Survey (6),ABA-PC,42,42.0,2067.0,8.614503816793894,0.32601882352941175,8.459183673469388,0.23859219089298814,8.614503816793894,5.0,11.0,0.32601882352941175,0.5,0.1333,8.459183673469388,5.0,12.0,0.23859219089298814,0.5,0.0,262.0,490.0,0.5381741158001662,0.8333333333333334,0.28571428571428575,0.2385941409530845,0.5,0.0,0.5462885976469273,0.8333333333333334,0.28571428571428575,0.20033403831113755,0.5714285714285715,0.0,0.0,0.0,3.7954170927405357,results/paper_aaai2027/frozen/results/final_mcs_experiments_er_sf_alpha001_nowrong_noweight_50rep_chunked/wc_sweep_bnlearn_survey_alpha001_nowrong_noweight_seed2026_2075_20260715_155405/summary.json
survey,Survey (6),ABA-PC,43,43.0,2068.0,8.219780219780219,0.46735164835164833,7.94238683127572,0.2602206954252648,8.219780219780219,5.0,11.0,0.46735164835164833,0.7692,0.1538,7.94238683127572,5.0,12.0,0.2602206954252648,0.5,0.0,91.0,243.0,0.5874753161790198,0.7692307692307692,0.28571428571428575,0.2602209861469121,0.5,0.0,0.5744616189671135,0.7692307692307692,0.28571428571428575,0.17703962703962703,0.6666666666666665,0.0,0.0,0.0,2.818165769800544,results/paper_aaai2027/frozen/results/final_mcs_experiments_er_sf_alpha001_nowrong_noweight_50rep_chunked/wc_sweep_bnlearn_survey_alpha001_nowrong_noweight_seed2026_2075_20260715_155405/summary.json
survey,Survey (6),ABA-PC,44,44.0,2069.0,8.445717344753747,0.42627923715116905,7.956272788656313,0.3221459667133367,8.445717344753747,1.0,13.0,0.42627923715116905,0.9231,0.1111,7.956272788656313,1.0,14.0,0.3221459667133367,0.9230520704323946,0.0,9340.0,37025.0,0.6186633683583614,0.923076923076923,0.26666666666666666,0.32215150120326314,0.923076923076923,0.0,0.6235926388022884,0.923076923076923,0.26666666666666666,0.16916298845099703,1.0,0.0,0.0,0.0,120.41223978996277,results/paper_aaai2027/frozen/results/final_mcs_experiments_er_sf_alpha001_nowrong_noweight_50rep_chunked/wc_sweep_bnlearn_survey_alpha001_nowrong_noweight_seed2026_2075_20260715_155405/summary.json
survey,Survey (6),ABA-PC,45,45.0,2070.0,8.985074626865671,0.38472571756601603,7.16423196104471,0.30569710565699537,8.985074626865671,2.0,12.0,0.38472571756601603,0.6667,0.1429,7.16423196104471,2.0,11.0,0.30569710565699537,0.6667,0.0,871.0,2259.0,0.6611500023381908,1.0,0.28571428571428575,0.3057024879167681,0.6666666666666666,0.0,0.6567105532409104,1.0,0.28571428571428575,0.009858186207210316,0.5,0.0,0.0,0.0,8.207311092875898,results/paper_aaai2027/frozen/results/final_mcs_experiments_er_sf_alpha001_nowrong_noweight_50rep_chunked/wc_sweep_bnlearn_survey_alpha001_nowrong_noweight_seed2026_2075_20260715_155405/summary.json
survey,Survey (6),ABA-PC,46,46.0,2071.0,8.517798913043478,0.39052950484244986,8.165093675165517,0.3454442374771924,8.517798913043478,1.0,14.0,0.39052950484244986,0.8333,0.1111,8.165093675165517,1.0,14.0,0.3454442374771924,0.8333,0.0,14720.0,28396.0,0.6028986456074773,1.0,0.25,0.3454536178802929,0.8333333333333334,0.0,0.5984972763657331,1.0,0.25,0.37124028598213377,0.888888888888889,0.0,0.0,0.0,76.97848090389743,results/paper_aaai2027/frozen/results/final_mcs_experiments_er_sf_alpha001_nowrong_noweight_50rep_chunked/wc_sweep_bnlearn_survey_alpha001_nowrong_noweight_seed2026_2075_20260715_155405/summary.json
survey,Survey (6),ABA-PC,47,47.0,2072.0,8.470134874759152,0.4325383429672447,7.690746268656716,0.3100840488800502,8.470134874759152,4.0,12.0,0.4325383429672447,0.6667,0.2353,7.690746268656716,2.0,12.0,0.3100840488800502,0.6667,0.11108887999999999,519.0,1675.0,0.6923910437943985,1.0,0.4705882352941177,0.3100943689337479,0.6666666666666666,0.1111111111111111,0.7013572133223522,1.0,0.4705882352941177,0.25910231921792615,0.5714285714285715,0.14285714285714288,0.0,0.0,5.365231201052666,results/paper_aaai2027/frozen/results/final_mcs_experiments_er_sf_alpha001_nowrong_noweight_50rep_chunked/wc_sweep_bnlearn_survey_alpha001_nowrong_noweight_seed2026_2075_20260715_155405/summary.json
survey,Survey (6),ABA-PC,48,48.0,2073.0,7.473684210526316,0.4810954887218045,7.119170984455959,0.40938032271583347,7.473684210526316,3.0,11.0,0.4810954887218045,0.6667,0.2667,7.119170984455959,3.0,12.0,0.40938032271583347,0.6667,0.11764774844720495,133.0,193.0,0.6513288203550319,0.8333333333333334,0.4705882352941177,0.4093875865744198,0.6666666666666666,0.11764705882352942,0.6541743553021749,0.8333333333333334,0.4705882352941177,0.3430210975323757,0.6666666666666665,0.0,0.0,0.0,2.4767990740947425,results/paper_aaai2027/frozen/results/final_mcs_experiments_er_sf_alpha001_nowrong_noweight_50rep_chunked/wc_sweep_bnlearn_survey_alpha001_nowrong_noweight_seed2026_2075_20260715_155405/summary.json
survey,Survey (6),ABA-PC,49,49.0,2074.0,6.0,0.3636,6.0,0.181838014725934,6.0,6.0,6.0,0.3636,0.3636,0.3636,6.0,6.0,6.0,0.181838014725934,0.181838014725934,0.181838014725934,1.0,1.0,0.7272727272727272,0.7272727272727272,0.7272727272727272,0.1818181818181818,0.1818181818181818,0.1818181818181818,0.7272727272727272,0.7272727272727272,0.7272727272727272,0.25,0.25,0.25,0.0,0.0,1.8147395523265004,results/paper_aaai2027/frozen/results/final_mcs_experiments_er_sf_alpha001_nowrong_noweight_50rep_chunked/wc_sweep_bnlearn_survey_alpha001_nowrong_noweight_seed2026_2075_20260715_155405/summary.json
survey,Survey (6),ABA-PC,50,50.0,2075.0,6.962264150943396,0.4233452830188679,6.879377431906615,0.4234836645871064,6.962264150943396,3.0,10.0,0.4233452830188679,0.7143,0.1429,6.879377431906615,3.0,10.0,0.4234836645871064,0.6153822469913577,0.14286938635584506,265.0,514.0,0.6233467227058438,0.923076923076923,0.30769230769230765,0.4234904782026549,0.6153846153846153,0.14285714285714288,0.615268322132917,0.923076923076923,0.30769230769230765,0.5165329848348716,0.888888888888889,0.16666666666666666,0.0,0.0,3.2304266639985144,results/paper_aaai2027/frozen/results/final_mcs_experiments_er_sf_alpha001_nowrong_noweight_50rep_chunked/wc_sweep_bnlearn_survey_alpha001_nowrong_noweight_seed2026_2075_20260715_155405/summary.json
survey,Survey (6),OptABA-PC,1,1.0,2026.0,4.0,0.5455,3.5,0.4545355367392732,4.0,4.0,4.0,0.5455,0.5455,0.5455,3.5,3.0,4.0,0.4545355367392732,0.5454545454545454,0.363616528024001,1.0,2.0,0.9090909090909091,0.9090909090909091,0.9090909090909091,0.4545454545454545,0.5454545454545454,0.3636363636363636,0.9090909090909091,0.9090909090909091,0.9090909090909091,0.5,0.5,0.5,0.0,0.0,5.701882315333933,results/paper_aaai2027/frozen/results/final_mcs_experiments_er_sf_alpha001_nowrong_noweight_50rep_chunked/wc_sweep_bnlearn_survey_alpha001_nowrong_noweight_seed2026_2075_20260715_155405/summary.json
survey,Survey (6),OptABA-PC,2,2.0,2027.0,4.5,0.697,3.0,0.6098617767468094,4.5,4.0,5.0,0.697,0.7273,0.6667,3.0,2.0,4.0,0.6098617767468094,0.7272925615326924,0.5,2.0,4.0,0.8712121212121212,0.9090909090909091,0.8333333333333334,0.6098484848484849,0.7272727272727272,0.5,0.8712121212121212,0.9090909090909091,0.8333333333333334,0.4722222222222222,0.5,0.4444444444444445,0.0,0.0,1.229822936002165,results/paper_aaai2027/frozen/results/final_mcs_experiments_er_sf_alpha001_nowrong_noweight_50rep_chunked/wc_sweep_bnlearn_survey_alpha001_nowrong_noweight_seed2026_2075_20260715_155405/summary.json
survey,Survey (6),OptABA-PC,3,3.0,2028.0,4.0,0.5455,4.0,0.5454545454545454,4.0,4.0,4.0,0.5455,0.5455,0.5455,4.0,4.0,4.0,0.5454545454545454,0.5454545454545454,0.5454545454545454,1.0,1.0,0.7272727272727272,0.7272727272727272,0.7272727272727272,0.5454545454545454,0.5454545454545454,0.5454545454545454,0.7272727272727272,0.7272727272727272,0.7272727272727272,0.5,0.5,0.5,0.0,0.0,4.454905216116458,results/paper_aaai2027/frozen/results/final_mcs_experiments_er_sf_alpha001_nowrong_noweight_50rep_chunked/wc_sweep_bnlearn_survey_alpha001_nowrong_noweight_seed2026_2075_20260715_155405/summary.json
survey,Survey (6),OptABA-PC,4,4.0,2029.0,2.0,0.6667,2.0,0.6667,2.0,2.0,2.0,0.6667,0.6667,0.6667,2.0,2.0,2.0,0.6667,0.6667,0.6667,1.0,1.0,1.0,1.0,1.0,0.6666666666666666,0.6666666666666666,0.6666666666666666,1.0,1.0,1.0,0.8,0.8,0.8,0.0,0.0,6.131925507914275,results/paper_aaai2027/frozen/results/final_mcs_experiments_er_sf_alpha001_nowrong_noweight_50rep_chunked/wc_sweep_bnlearn_survey_alpha001_nowrong_noweight_seed2026_2075_20260715_155405/summary.json
survey,Survey (6),OptABA-PC,5,5.0,2030.0,5.0,0.669025,3.5,0.585385547881828,5.0,4.0,6.0,0.669025,0.7273,0.6154,3.5,2.0,5.0,0.585385547881828,0.7272925615326924,0.4615550290760284,4.0,8.0,0.8362470862470862,0.9090909090909091,0.7692307692307692,0.5853729603729604,0.7272727272727272,0.4615384615384615,0.8362470862470862,0.9090909090909091,0.7692307692307692,0.44722222222222224,0.5,0.4,0.0,0.0,3.2473145546391606,results/paper_aaai2027/frozen/results/final_mcs_experiments_er_sf_alpha001_nowrong_noweight_50rep_chunked/wc_sweep_bnlearn_survey_alpha001_nowrong_noweight_seed2026_2075_20260715_155405/summary.json
survey,Survey (6),OptABA-PC,6,6.0,2031.0,4.0,0.4,4.0,0.3999759990399616,4.0,4.0,4.0,0.4,0.4,0.4,4.0,4.0,4.0,0.3999759990399616,0.3999759990399616,0.3999759990399616,1.0,1.0,0.8,0.8,0.8,0.4,0.4,0.4,0.8,0.8,0.8,0.5,0.5,0.5,0.0,0.0,1.4385970430448651,results/paper_aaai2027/frozen/results/final_mcs_experiments_er_sf_alpha001_nowrong_noweight_50rep_chunked/wc_sweep_bnlearn_survey_alpha001_nowrong_noweight_seed2026_2075_20260715_155405/summary.json
survey,Survey (6),OptABA-PC,7,7.0,2032.0,5.0,0.5455,4.5,0.4545355367392732,5.0,5.0,5.0,0.5455,0.5455,0.5455,4.5,4.0,5.0,0.4545355367392732,0.5454545454545454,0.363616528024001,1.0,2.0,0.7272727272727272,0.7272727272727272,0.7272727272727272,0.4545454545454545,0.5454545454545454,0.3636363636363636,0.7272727272727272,0.7272727272727272,0.7272727272727272,0.28571428571428575,0.28571428571428575,0.28571428571428575,0.0,0.0,2.632463497109711,results/paper_aaai2027/frozen/results/final_mcs_experiments_er_sf_alpha001_nowrong_noweight_50rep_chunked/wc_sweep_bnlearn_survey_alpha001_nowrong_noweight_seed2026_2075_20260715_155405/summary.json
survey,Survey (6),OptABA-PC,8,8.0,2033.0,3.0,0.8,2.5,0.7000119997600047,3.0,3.0,3.0,0.8,0.8,0.8,2.5,2.0,3.0,0.7000119997600047,0.8000239995200095,0.6,1.0,2.0,0.8,0.8,0.8,0.7,0.8,0.6,0.8,0.8,0.8,0.6666666666666666,0.6666666666666666,0.6666666666666666,0.0,0.0,1.2141305319964886,results/paper_aaai2027/frozen/results/final_mcs_experiments_er_sf_alpha001_nowrong_noweight_50rep_chunked/wc_sweep_bnlearn_survey_alpha001_nowrong_noweight_seed2026_2075_20260715_155405/summary.json
survey,Survey (6),OptABA-PC,9,9.0,2034.0,7.0,0.1667,7.0,0.1667,7.0,7.0,7.0,0.1667,0.1667,0.1667,7.0,7.0,7.0,0.1667,0.1667,0.1667,1.0,1.0,0.6666666666666666,0.6666666666666666,0.6666666666666666,0.16666666666666666,0.16666666666666666,0.16666666666666666,0.6666666666666666,0.6666666666666666,0.6666666666666666,0.2,0.2,0.2,0.0,0.0,1.0374124590307474,results/paper_aaai2027/frozen/results/final_mcs_experiments_er_sf_alpha001_nowrong_noweight_50rep_chunked/wc_sweep_bnlearn_survey_alpha001_nowrong_noweight_seed2026_2075_20260715_155405/summary.json
survey,Survey (6),OptABA-PC,10,10.0,2035.0,3.0,0.5455,3.0,0.5454545454545454,3.0,3.0,3.0,0.5455,0.5455,0.5455,3.0,3.0,3.0,0.5454545454545454,0.5454545454545454,0.5454545454545454,1.0,1.0,0.9090909090909091,0.9090909090909091,0.9090909090909091,0.5454545454545454,0.5454545454545454,0.5454545454545454,0.9090909090909091,0.9090909090909091,0.9090909090909091,0.4444444444444445,0.4444444444444445,0.4444444444444445,0.0,0.0,7.254625274799764,results/paper_aaai2027/frozen/results/final_mcs_experiments_er_sf_alpha001_nowrong_noweight_50rep_chunked/wc_sweep_bnlearn_survey_alpha001_nowrong_noweight_seed2026_2075_20260715_155405/summary.json
survey,Survey (6),OptABA-PC,11,11.0,2036.0,4.0,0.6,3.5,0.4999879995199808,4.0,4.0,4.0,0.6,0.6,0.6,3.5,3.0,4.0,0.4999879995199808,0.6,0.3999759990399616,1.0,2.0,0.8,0.8,0.8,0.5,0.6,0.4,0.8,0.8,0.8,0.5714285714285715,0.5714285714285715,0.5714285714285715,0.0,0.0,1.242009641136974,results/paper_aaai2027/frozen/results/final_mcs_experiments_er_sf_alpha001_nowrong_noweight_50rep_chunked/wc_sweep_bnlearn_survey_alpha001_nowrong_noweight_seed2026_2075_20260715_155405/summary.json
survey,Survey (6),OptABA-PC,12,12.0,2037.0,5.0,0.6667,4.5,0.3333333311111111,5.0,5.0,5.0,0.6667,0.6667,0.6667,4.5,3.0,6.0,0.3333333311111111,0.6666666666666666,0.0,1.0,6.0,0.6666666666666666,0.6666666666666666,0.6666666666666666,0.3333333333333333,0.6666666666666666,0.0,0.6666666666666666,0.6666666666666666,0.6666666666666666,0.0,0.0,0.0,0.0,0.0,0.9811567096039653,results/paper_aaai2027/frozen/results/final_mcs_experiments_er_sf_alpha001_nowrong_noweight_50rep_chunked/wc_sweep_bnlearn_survey_alpha001_nowrong_noweight_seed2026_2075_20260715_155405/summary.json
survey,Survey (6),OptABA-PC,13,13.0,2038.0,2.0,0.8,2.0,0.8000239995200095,2.0,2.0,2.0,0.8,0.8,0.8,2.0,2.0,2.0,0.8000239995200095,0.8000239995200095,0.8000239995200095,1.0,1.0,0.8,0.8,0.8,0.8,0.8,0.8,0.8,0.8,0.8,0.6666666666666666,0.6666666666666666,0.6666666666666666,0.0,0.0,5.1399339241907,results/paper_aaai2027/frozen/results/final_mcs_experiments_er_sf_alpha001_nowrong_noweight_50rep_chunked/wc_sweep_bnlearn_survey_alpha001_nowrong_noweight_seed2026_2075_20260715_155405/summary.json
survey,Survey (6),OptABA-PC,14,14.0,2039.0,4.0,0.7273,3.5,0.6363735534936189,4.0,4.0,4.0,0.7273,0.7273,0.7273,3.5,3.0,4.0,0.6363735534936189,0.7272925615326924,0.5454545454545454,1.0,2.0,0.7272727272727272,0.7272727272727272,0.7272727272727272,0.6363636363636362,0.7272727272727272,0.5454545454545454,0.7272727272727272,0.7272727272727272,0.7272727272727272,0.5714285714285715,0.5714285714285715,0.5714285714285715,0.0,0.0,4.672339640557766,results/paper_aaai2027/frozen/results/final_mcs_experiments_er_sf_alpha001_nowrong_noweight_50rep_chunked/wc_sweep_bnlearn_survey_alpha001_nowrong_noweight_seed2026_2075_20260715_155405/summary.json
survey,Survey (6),OptABA-PC,15,15.0,2040.0,5.0,0.6667,4.5,0.3333333311111111,5.0,5.0,5.0,0.6667,0.6667,0.6667,4.5,3.0,6.0,0.3333333311111111,0.6666666666666666,0.0,1.0,6.0,0.6666666666666666,0.6666666666666666,0.6666666666666666,0.3333333333333333,0.6666666666666666,0.0,0.6666666666666666,0.6666666666666666,0.6666666666666666,0.0,0.0,0.0,0.0,0.0,2.7772058015689254,results/paper_aaai2027/frozen/results/final_mcs_experiments_er_sf_alpha001_nowrong_noweight_50rep_chunked/wc_sweep_bnlearn_survey_alpha001_nowrong_noweight_seed2026_2075_20260715_155405/summary.json
survey,Survey (6),OptABA-PC,16,16.0,2041.0,4.5,0.52275,4.0,0.4355927683696366,4.5,4.0,5.0,0.52275,0.5455,0.5,4.0,3.0,5.0,0.4355927683696366,0.5454545454545454,0.3333,2.0,4.0,0.8712121212121212,0.9090909090909091,0.8333333333333334,0.43560606060606055,0.5454545454545454,0.3333333333333333,0.8712121212121212,0.9090909090909091,0.8333333333333334,0.4722222222222222,0.5,0.4444444444444445,0.0,0.0,0.9880541181191802,results/paper_aaai2027/frozen/results/final_mcs_experiments_er_sf_alpha001_nowrong_noweight_50rep_chunked/wc_sweep_bnlearn_survey_alpha001_nowrong_noweight_seed2026_2075_20260715_155405/summary.json
survey,Survey (6),OptABA-PC,17,17.0,2042.0,4.0,0.6,3.5,0.4999879995199808,4.0,4.0,4.0,0.6,0.6,0.6,3.5,3.0,4.0,0.4999879995199808,0.6,0.3999759990399616,1.0,2.0,0.8,0.8,0.8,0.5,0.6,0.4,0.8,0.8,0.8,0.5714285714285715,0.5714285714285715,0.5714285714285715,0.0,0.0,0.929361189249903,results/paper_aaai2027/frozen/results/final_mcs_experiments_er_sf_alpha001_nowrong_noweight_50rep_chunked/wc_sweep_bnlearn_survey_alpha001_nowrong_noweight_seed2026_2075_20260715_155405/summary.json
survey,Survey (6),OptABA-PC,18,18.0,2043.0,5.0,0.4444,4.5,0.33333333,5.0,5.0,5.0,0.4444,0.4444,0.4444,4.5,4.0,5.0,0.33333333,0.44442222,0.22224443999999996,1.0,2.0,0.6666666666666666,0.6666666666666666,0.6666666666666666,0.3333333333333333,0.4444444444444444,0.2222222222222222,0.6666666666666666,0.6666666666666666,0.6666666666666666,0.3333333333333333,0.3333333333333333,0.3333333333333333,0.0,0.0,0.9102009180933237,results/paper_aaai2027/frozen/results/final_mcs_experiments_er_sf_alpha001_nowrong_noweight_50rep_chunked/wc_sweep_bnlearn_survey_alpha001_nowrong_noweight_seed2026_2075_20260715_155405/summary.json
survey,Survey (6),OptABA-PC,19,19.0,2044.0,4.0,0.8,3.3333333333333335,0.5333253330133205,4.0,4.0,4.0,0.8,0.8,0.8,3.3333333333333335,3.0,4.0,0.5333253330133205,0.6,0.3999759990399616,1.0,3.0,0.8000000000000002,0.8,0.8,0.5333333333333333,0.6,0.4,0.8,0.8,0.8,0.6666666666666666,0.6666666666666666,0.6666666666666666,0.0,0.0,1.4701564009301364,results/paper_aaai2027/frozen/results/final_mcs_experiments_er_sf_alpha001_nowrong_noweight_50rep_chunked/wc_sweep_bnlearn_survey_alpha001_nowrong_noweight_seed2026_2075_20260715_155405/summary.json
survey,Survey (6),OptABA-PC,20,20.0,2045.0,4.0,0.6,3.5,0.4999879995199808,4.0,4.0,4.0,0.6,0.6,0.6,3.5,3.0,4.0,0.4999879995199808,0.6,0.3999759990399616,1.0,2.0,0.8,0.8,0.8,0.5,0.6,0.4,0.8,0.8,0.8,0.3333333333333333,0.3333333333333333,0.3333333333333333,0.0,0.0,4.299283645115793,results/paper_aaai2027/frozen/results/final_mcs_experiments_er_sf_alpha001_nowrong_noweight_50rep_chunked/wc_sweep_bnlearn_survey_alpha001_nowrong_noweight_seed2026_2075_20260715_155405/summary.json
survey,Survey (6),OptABA-PC,21,21.0,2046.0,3.0,0.7273,2.5,0.6363735534936189,3.0,3.0,3.0,0.7273,0.7273,0.7273,2.5,2.0,3.0,0.6363735534936189,0.7272925615326924,0.5454545454545454,1.0,2.0,0.9090909090909091,0.9090909090909091,0.9090909090909091,0.6363636363636362,0.7272727272727272,0.5454545454545454,0.9090909090909091,0.9090909090909091,0.9090909090909091,0.5714285714285715,0.5714285714285715,0.5714285714285715,0.0,0.0,3.1357500148005784,results/paper_aaai2027/frozen/results/final_mcs_experiments_er_sf_alpha001_nowrong_noweight_50rep_chunked/wc_sweep_bnlearn_survey_alpha001_nowrong_noweight_seed2026_2075_20260715_155405/summary.json
survey,Survey (6),OptABA-PC,22,22.0,2047.0,5.0,0.5,4.5,0.41664999999999996,5.0,5.0,5.0,0.5,0.5,0.5,4.5,4.0,5.0,0.41664999999999996,0.5,0.3333,1.0,2.0,0.8333333333333334,0.8333333333333334,0.8333333333333334,0.41666666666666663,0.5,0.3333333333333333,0.8333333333333334,0.8333333333333334,0.8333333333333334,0.4444444444444445,0.4444444444444445,0.4444444444444445,0.0,0.0,2.007675810251385,results/paper_aaai2027/frozen/results/final_mcs_experiments_er_sf_alpha001_nowrong_noweight_50rep_chunked/wc_sweep_bnlearn_survey_alpha001_nowrong_noweight_seed2026_2075_20260715_155405/summary.json
survey,Survey (6),OptABA-PC,23,23.0,2048.0,4.0,0.5455,3.5,0.4545355367392732,4.0,4.0,4.0,0.5455,0.5455,0.5455,3.5,3.0,4.0,0.4545355367392732,0.5454545454545454,0.363616528024001,1.0,2.0,0.9090909090909091,0.9090909090909091,0.9090909090909091,0.4545454545454545,0.5454545454545454,0.3636363636363636,0.9090909090909091,0.9090909090909091,0.9090909090909091,0.5,0.5,0.5,0.0,0.0,3.1390826599672437,results/paper_aaai2027/frozen/results/final_mcs_experiments_er_sf_alpha001_nowrong_noweight_50rep_chunked/wc_sweep_bnlearn_survey_alpha001_nowrong_noweight_seed2026_2075_20260715_155405/summary.json
survey,Survey (6),OptABA-PC,24,24.0,2049.0,5.0,0.669025,3.5,0.585385547881828,5.0,4.0,6.0,0.669025,0.7273,0.6154,3.5,2.0,5.0,0.585385547881828,0.7272925615326924,0.4615550290760284,4.0,8.0,0.8362470862470862,0.9090909090909091,0.7692307692307692,0.5853729603729604,0.7272727272727272,0.4615384615384615,0.8362470862470862,0.9090909090909091,0.7692307692307692,0.44722222222222224,0.5,0.4,0.0,0.0,3.3205193197354674,results/paper_aaai2027/frozen/results/final_mcs_experiments_er_sf_alpha001_nowrong_noweight_50rep_chunked/wc_sweep_bnlearn_survey_alpha001_nowrong_noweight_seed2026_2075_20260715_155405/summary.json
survey,Survey (6),OptABA-PC,25,25.0,2050.0,3.0,0.7273,2.5,0.6363735534936189,3.0,3.0,3.0,0.7273,0.7273,0.7273,2.5,2.0,3.0,0.6363735534936189,0.7272925615326924,0.5454545454545454,1.0,2.0,0.9090909090909091,0.9090909090909091,0.9090909090909091,0.6363636363636362,0.7272727272727272,0.5454545454545454,0.9090909090909091,0.9090909090909091,0.9090909090909091,0.5714285714285715,0.5714285714285715,0.5714285714285715,0.0,0.0,2.772189386188984,results/paper_aaai2027/frozen/results/final_mcs_experiments_er_sf_alpha001_nowrong_noweight_50rep_chunked/wc_sweep_bnlearn_survey_alpha001_nowrong_noweight_seed2026_2075_20260715_155405/summary.json
survey,Survey (6),OptABA-PC,26,26.0,2051.0,5.0,0.6,4.333333333333333,0.33332533205335896,5.0,5.0,5.0,0.6,0.6,0.6,4.333333333333333,4.0,5.0,0.33332533205335896,0.3999759990399616,0.2000239980801536,1.0,3.0,0.8000000000000002,0.8,0.8,0.3333333333333333,0.4,0.2,0.8,0.8,0.8,0.3333333333333333,0.3333333333333333,0.3333333333333333,0.0,0.0,1.6306551666930318,results/paper_aaai2027/frozen/results/final_mcs_experiments_er_sf_alpha001_nowrong_noweight_50rep_chunked/wc_sweep_bnlearn_survey_alpha001_nowrong_noweight_seed2026_2075_20260715_155405/summary.json
survey,Survey (6),OptABA-PC,27,27.0,2052.0,4.0,0.6,3.5,0.4999879995199808,4.0,4.0,4.0,0.6,0.6,0.6,3.5,3.0,4.0,0.4999879995199808,0.6,0.3999759990399616,1.0,2.0,0.8,0.8,0.8,0.5,0.6,0.4,0.8,0.8,0.8,0.3333333333333333,0.3333333333333333,0.3333333333333333,0.0,0.0,3.5965090608224273,results/paper_aaai2027/frozen/results/final_mcs_experiments_er_sf_alpha001_nowrong_noweight_50rep_chunked/wc_sweep_bnlearn_survey_alpha001_nowrong_noweight_seed2026_2075_20260715_155405/summary.json
survey,Survey (6),OptABA-PC,28,28.0,2053.0,6.0,0.6667,4.833333333333333,0.25926296,6.0,6.0,6.0,0.6667,0.6667,0.6667,4.833333333333333,4.0,6.0,0.25926296,0.44442222,0.0,1.0,6.0,0.6666666666666666,0.6666666666666666,0.6666666666666666,0.25925925925925924,0.4444444444444444,0.0,0.6666666666666666,0.6666666666666666,0.6666666666666666,0.0,0.0,0.0,0.0,0.0,1.458633425179869,results/paper_aaai2027/frozen/results/final_mcs_experiments_er_sf_alpha001_nowrong_noweight_50rep_chunked/wc_sweep_bnlearn_survey_alpha001_nowrong_noweight_seed2026_2075_20260715_155405/summary.json
survey,Survey (6),OptABA-PC,29,29.0,2054.0,4.0,0.4,4.0,0.3999759990399616,4.0,4.0,4.0,0.4,0.4,0.4,4.0,4.0,4.0,0.3999759990399616,0.3999759990399616,0.3999759990399616,1.0,1.0,0.8,0.8,0.8,0.4,0.4,0.4,0.8,0.8,0.8,0.5,0.5,0.5,0.0,0.0,2.0118549298495054,results/paper_aaai2027/frozen/results/final_mcs_experiments_er_sf_alpha001_nowrong_noweight_50rep_chunked/wc_sweep_bnlearn_survey_alpha001_nowrong_noweight_seed2026_2075_20260715_155405/summary.json
survey,Survey (6),OptABA-PC,30,30.0,2055.0,5.0,0.4444,4.5,0.33333333,5.0,5.0,5.0,0.4444,0.4444,0.4444,4.5,4.0,5.0,0.33333333,0.44442222,0.22224443999999996,1.0,2.0,0.6666666666666666,0.6666666666666666,0.6666666666666666,0.3333333333333333,0.4444444444444444,0.2222222222222222,0.6666666666666666,0.6666666666666666,0.6666666666666666,0.3333333333333333,0.3333333333333333,0.3333333333333333,0.0,0.0,2.0455446001142263,results/paper_aaai2027/frozen/results/final_mcs_experiments_er_sf_alpha001_nowrong_noweight_50rep_chunked/wc_sweep_bnlearn_survey_alpha001_nowrong_noweight_seed2026_2075_20260715_155405/summary.json
survey,Survey (6),OptABA-PC,31,31.0,2056.0,6.0,0.6,4.0,0.3999939990400192,6.0,6.0,6.0,0.6,0.6,0.6,4.0,3.0,5.0,0.3999939990400192,0.6,0.2000239980801536,1.0,4.0,0.8,0.8,0.8,0.4,0.6,0.2,0.8,0.8,0.8,0.0,0.0,0.0,0.0,0.0,2.3106337669305503,results/paper_aaai2027/frozen/results/final_mcs_experiments_er_sf_alpha001_nowrong_noweight_50rep_chunked/wc_sweep_bnlearn_survey_alpha001_nowrong_noweight_seed2026_2075_20260715_155405/summary.json
survey,Survey (6),OptABA-PC,32,32.0,2057.0,5.0,0.5455,4.5,0.4545355367392732,5.0,5.0,5.0,0.5455,0.5455,0.5455,4.5,4.0,5.0,0.4545355367392732,0.5454545454545454,0.363616528024001,1.0,2.0,0.7272727272727272,0.7272727272727272,0.7272727272727272,0.4545454545454545,0.5454545454545454,0.3636363636363636,0.7272727272727272,0.7272727272727272,0.7272727272727272,0.5,0.5,0.5,0.0,0.0,0.9427027138881385,results/paper_aaai2027/frozen/results/final_mcs_experiments_er_sf_alpha001_nowrong_noweight_50rep_chunked/wc_sweep_bnlearn_survey_alpha001_nowrong_noweight_seed2026_2075_20260715_155405/summary.json
survey,Survey (6),OptABA-PC,33,33.0,2058.0,2.0,0.8,2.0,0.8000239995200095,2.0,2.0,2.0,0.8,0.8,0.8,2.0,2.0,2.0,0.8000239995200095,0.8000239995200095,0.8000239995200095,1.0,1.0,0.8,0.8,0.8,0.8,0.8,0.8,0.8,0.8,0.8,0.6666666666666666,0.6666666666666666,0.6666666666666666,0.0,0.0,3.384499641135335,results/paper_aaai2027/frozen/results/final_mcs_experiments_er_sf_alpha001_nowrong_noweight_50rep_chunked/wc_sweep_bnlearn_survey_alpha001_nowrong_noweight_seed2026_2075_20260715_155405/summary.json
survey,Survey (6),OptABA-PC,34,34.0,2059.0,5.0,0.6667,4.5,0.3333333311111111,5.0,5.0,5.0,0.6667,0.6667,0.6667,4.5,3.0,6.0,0.3333333311111111,0.6666666666666666,0.0,1.0,6.0,0.6666666666666666,0.6666666666666666,0.6666666666666666,0.3333333333333333,0.6666666666666666,0.0,0.6666666666666666,0.6666666666666666,0.6666666666666666,0.0,0.0,0.0,0.0,0.0,1.5951901087537408,results/paper_aaai2027/frozen/results/final_mcs_experiments_er_sf_alpha001_nowrong_noweight_50rep_chunked/wc_sweep_bnlearn_survey_alpha001_nowrong_noweight_seed2026_2075_20260715_155405/summary.json
survey,Survey (6),OptABA-PC,35,35.0,2060.0,3.0,0.6,3.0,0.6,3.0,3.0,3.0,0.6,0.6,0.6,3.0,3.0,3.0,0.6,0.6,0.6,1.0,1.0,0.8,0.8,0.8,0.6,0.6,0.6,0.8,0.8,0.8,0.5714285714285715,0.5714285714285715,0.5714285714285715,0.0,0.0,1.3678093650378287,results/paper_aaai2027/frozen/results/final_mcs_experiments_er_sf_alpha001_nowrong_noweight_50rep_chunked/wc_sweep_bnlearn_survey_alpha001_nowrong_noweight_seed2026_2075_20260715_155405/summary.json
survey,Survey (6),OptABA-PC,36,36.0,2061.0,6.5,0.57275,4.5,0.3818127015485698,6.5,6.0,7.0,0.57275,0.6,0.5455,4.5,3.0,6.0,0.3818127015485698,0.6,0.181838014725934,2.0,8.0,0.7636363636363637,0.8,0.7272727272727272,0.3818181818181818,0.6,0.1818181818181818,0.7636363636363637,0.8,0.7272727272727272,0.0,0.0,0.0,0.0,0.0,2.067849072162062,results/paper_aaai2027/frozen/results/final_mcs_experiments_er_sf_alpha001_nowrong_noweight_50rep_chunked/wc_sweep_bnlearn_survey_alpha001_nowrong_noweight_seed2026_2075_20260715_155405/summary.json
survey,Survey (6),OptABA-PC,37,37.0,2062.0,5.0,0.7273,3.5,0.6363735534936189,5.0,5.0,5.0,0.7273,0.7273,0.7273,3.5,3.0,4.0,0.6363735534936189,0.7272925615326924,0.5454545454545454,1.0,2.0,0.7272727272727272,0.7272727272727272,0.7272727272727272,0.6363636363636362,0.7272727272727272,0.5454545454545454,0.7272727272727272,0.7272727272727272,0.7272727272727272,0.5,0.5,0.5,0.0,0.0,8.218078872188926,results/paper_aaai2027/frozen/results/final_mcs_experiments_er_sf_alpha001_nowrong_noweight_50rep_chunked/wc_sweep_bnlearn_survey_alpha001_nowrong_noweight_seed2026_2075_20260715_155405/summary.json
survey,Survey (6),OptABA-PC,38,38.0,2063.0,4.0,0.6667,3.5,0.58335,4.0,4.0,4.0,0.6667,0.6667,0.6667,3.5,3.0,4.0,0.58335,0.6667,0.5,1.0,2.0,0.8333333333333334,0.8333333333333334,0.8333333333333334,0.5833333333333333,0.6666666666666666,0.5,0.8333333333333334,0.8333333333333334,0.8333333333333334,0.5,0.5,0.5,0.0,0.0,1.0553325698710978,results/paper_aaai2027/frozen/results/final_mcs_experiments_er_sf_alpha001_nowrong_noweight_50rep_chunked/wc_sweep_bnlearn_survey_alpha001_nowrong_noweight_seed2026_2075_20260715_155405/summary.json
survey,Survey (6),OptABA-PC,39,39.0,2064.0,4.0,0.6,3.5,0.4999879995199808,4.0,4.0,4.0,0.6,0.6,0.6,3.5,3.0,4.0,0.4999879995199808,0.6,0.3999759990399616,1.0,2.0,0.8,0.8,0.8,0.5,0.6,0.4,0.8,0.8,0.8,0.3333333333333333,0.3333333333333333,0.3333333333333333,0.0,0.0,4.271997018251568,results/paper_aaai2027/frozen/results/final_mcs_experiments_er_sf_alpha001_nowrong_noweight_50rep_chunked/wc_sweep_bnlearn_survey_alpha001_nowrong_noweight_seed2026_2075_20260715_155405/summary.json
survey,Survey (6),OptABA-PC,40,40.0,2065.0,5.0,0.4444,4.5,0.33333333,5.0,5.0,5.0,0.4444,0.4444,0.4444,4.5,4.0,5.0,0.33333333,0.44442222,0.22224443999999996,1.0,2.0,0.6666666666666666,0.6666666666666666,0.6666666666666666,0.3333333333333333,0.4444444444444444,0.2222222222222222,0.6666666666666666,0.6666666666666666,0.6666666666666666,0.3333333333333333,0.3333333333333333,0.3333333333333333,0.0,0.0,1.3943217634223402,results/paper_aaai2027/frozen/results/final_mcs_experiments_er_sf_alpha001_nowrong_noweight_50rep_chunked/wc_sweep_bnlearn_survey_alpha001_nowrong_noweight_seed2026_2075_20260715_155405/summary.json
survey,Survey (6),OptABA-PC,41,41.0,2066.0,4.0,0.7273,3.3333333333333335,0.48484187297769726,4.0,4.0,4.0,0.7273,0.7273,0.7273,3.3333333333333335,3.0,4.0,0.48484187297769726,0.5454545454545454,0.363616528024001,1.0,3.0,0.9090909090909091,0.9090909090909091,0.9090909090909091,0.4848484848484848,0.5454545454545454,0.3636363636363636,0.9090909090909091,0.9090909090909091,0.9090909090909091,0.5714285714285715,0.5714285714285715,0.5714285714285715,0.0,0.0,3.736141568981111,results/paper_aaai2027/frozen/results/final_mcs_experiments_er_sf_alpha001_nowrong_noweight_50rep_chunked/wc_sweep_bnlearn_survey_alpha001_nowrong_noweight_seed2026_2075_20260715_155405/summary.json
survey,Survey (6),OptABA-PC,42,42.0,2067.0,4.0,0.5455,3.5,0.4545355367392732,4.0,4.0,4.0,0.5455,0.5455,0.5455,3.5,3.0,4.0,0.4545355367392732,0.5454545454545454,0.363616528024001,1.0,2.0,0.9090909090909091,0.9090909090909091,0.9090909090909091,0.4545454545454545,0.5454545454545454,0.3636363636363636,0.9090909090909091,0.9090909090909091,0.9090909090909091,0.5,0.5,0.5,0.0,0.0,4.184274665080011,results/paper_aaai2027/frozen/results/final_mcs_experiments_er_sf_alpha001_nowrong_noweight_50rep_chunked/wc_sweep_bnlearn_survey_alpha001_nowrong_noweight_seed2026_2075_20260715_155405/summary.json
survey,Survey (6),OptABA-PC,43,43.0,2068.0,4.0,0.5455,4.0,0.5454545454545454,4.0,4.0,4.0,0.5455,0.5455,0.5455,4.0,4.0,4.0,0.5454545454545454,0.5454545454545454,0.5454545454545454,1.0,1.0,0.7272727272727272,0.7272727272727272,0.7272727272727272,0.5454545454545454,0.5454545454545454,0.5454545454545454,0.7272727272727272,0.7272727272727272,0.7272727272727272,0.5,0.5,0.5,0.0,0.0,5.21647810516879,results/paper_aaai2027/frozen/results/final_mcs_experiments_er_sf_alpha001_nowrong_noweight_50rep_chunked/wc_sweep_bnlearn_survey_alpha001_nowrong_noweight_seed2026_2075_20260715_155405/summary.json
survey,Survey (6),OptABA-PC,44,44.0,2069.0,5.0,0.6667,4.5,0.3333333311111111,5.0,5.0,5.0,0.6667,0.6667,0.6667,4.5,3.0,6.0,0.3333333311111111,0.6666666666666666,0.0,1.0,6.0,0.6666666666666666,0.6666666666666666,0.6666666666666666,0.3333333333333333,0.6666666666666666,0.0,0.6666666666666666,0.6666666666666666,0.6666666666666666,0.0,0.0,0.0,0.0,0.0,4.33286862494424,results/paper_aaai2027/frozen/results/final_mcs_experiments_er_sf_alpha001_nowrong_noweight_50rep_chunked/wc_sweep_bnlearn_survey_alpha001_nowrong_noweight_seed2026_2075_20260715_155405/summary.json
survey,Survey (6),OptABA-PC,45,45.0,2070.0,6.0,0.6,4.0,0.3999939990400192,6.0,6.0,6.0,0.6,0.6,0.6,4.0,3.0,5.0,0.3999939990400192,0.6,0.2000239980801536,1.0,4.0,0.8,0.8,0.8,0.4,0.6,0.2,0.8,0.8,0.8,0.0,0.0,0.0,0.0,0.0,3.486922353040427,results/paper_aaai2027/frozen/results/final_mcs_experiments_er_sf_alpha001_nowrong_noweight_50rep_chunked/wc_sweep_bnlearn_survey_alpha001_nowrong_noweight_seed2026_2075_20260715_155405/summary.json
survey,Survey (6),OptABA-PC,46,46.0,2071.0,3.0,0.6,3.0,0.6,3.0,3.0,3.0,0.6,0.6,0.6,3.0,3.0,3.0,0.6,0.6,0.6,1.0,1.0,0.8,0.8,0.8,0.6,0.6,0.6,0.8,0.8,0.8,0.5714285714285715,0.5714285714285715,0.5714285714285715,0.0,0.0,5.079644204117358,results/paper_aaai2027/frozen/results/final_mcs_experiments_er_sf_alpha001_nowrong_noweight_50rep_chunked/wc_sweep_bnlearn_survey_alpha001_nowrong_noweight_seed2026_2075_20260715_155405/summary.json
survey,Survey (6),OptABA-PC,47,47.0,2072.0,4.0,0.669025,3.0,0.6690187021310126,4.0,3.0,5.0,0.669025,0.7273,0.6154,3.0,2.0,4.0,0.6690187021310126,0.7272925615326924,0.6153822469913577,4.0,4.0,0.8362470862470862,0.9090909090909091,0.7692307692307692,0.6689976689976689,0.7272727272727272,0.6153846153846153,0.8362470862470862,0.9090909090909091,0.7692307692307692,0.44722222222222224,0.5,0.4,0.0,0.0,3.125387637875974,results/paper_aaai2027/frozen/results/final_mcs_experiments_er_sf_alpha001_nowrong_noweight_50rep_chunked/wc_sweep_bnlearn_survey_alpha001_nowrong_noweight_seed2026_2075_20260715_155405/summary.json
survey,Survey (6),OptABA-PC,48,48.0,2073.0,4.0,0.4,4.0,0.3999759990399616,4.0,4.0,4.0,0.4,0.4,0.4,4.0,4.0,4.0,0.3999759990399616,0.3999759990399616,0.3999759990399616,1.0,1.0,0.8,0.8,0.8,0.4,0.4,0.4,0.8,0.8,0.8,0.5,0.5,0.5,0.0,0.0,3.605557817965746,results/paper_aaai2027/frozen/results/final_mcs_experiments_er_sf_alpha001_nowrong_noweight_50rep_chunked/wc_sweep_bnlearn_survey_alpha001_nowrong_noweight_seed2026_2075_20260715_155405/summary.json
survey,Survey (6),OptABA-PC,49,49.0,2074.0,5.0,0.6667,4.5,0.3333333311111111,5.0,5.0,5.0,0.6667,0.6667,0.6667,4.5,3.0,6.0,0.3333333311111111,0.6666666666666666,0.0,1.0,6.0,0.6666666666666666,0.6666666666666666,0.6666666666666666,0.3333333333333333,0.6666666666666666,0.0,0.6666666666666666,0.6666666666666666,0.6666666666666666,0.0,0.0,0.0,0.0,0.0,1.8922567311674356,results/paper_aaai2027/frozen/results/final_mcs_experiments_er_sf_alpha001_nowrong_noweight_50rep_chunked/wc_sweep_bnlearn_survey_alpha001_nowrong_noweight_seed2026_2075_20260715_155405/summary.json
survey,Survey (6),OptABA-PC,50,50.0,2075.0,6.0,0.3333,5.5,0.25,6.0,6.0,6.0,0.3333,0.3333,0.3333,5.5,5.0,6.0,0.25,0.3333,0.1667,1.0,2.0,0.8333333333333334,0.8333333333333334,0.8333333333333334,0.25,0.3333333333333333,0.16666666666666666,0.8333333333333334,0.8333333333333334,0.8333333333333334,0.22222222222222224,0.22222222222222224,0.22222222222222224,0.0,0.0,2.85677325213328,results/paper_aaai2027/frozen/results/final_mcs_experiments_er_sf_alpha001_nowrong_noweight_50rep_chunked/wc_sweep_bnlearn_survey_alpha001_nowrong_noweight_seed2026_2075_20260715_155405/summary.json
asia,Asia (8),ABA-PC,1,1.0,2026.0,11.956134285933778,0.2506918841918842,12.499004006868919,0.3663504831442083,11.956134285933778,6.0,18.0,0.2506918841918842,0.4444,0.087,12.499004006868919,6.0,19.0,0.3663504831442083,0.6666666666666665,0.09522040614165428,13017.0,43675.0,0.4607930380825945,0.6666666666666665,0.26086956521739135,0.36635279712392205,0.6666666666666665,0.09523809523809525,0.46222526869986036,0.6666666666666665,0.26086956521739135,0.37053237636785086,0.6666666666666665,0.0,0.0,0.0,120.89934989996254,results/paper_aaai2027/frozen/results/final_mcs_experiments_er_sf_alpha001_nowrong_noweight_50rep_chunked/wc_sweep_bnlearn_asia_alpha001_nowrong_noweight_seed2026_2075_20260715_161105/summary.json
asia,Asia (8),ABA-PC,2,2.0,2027.0,10.549918166939444,0.32815608292416804,10.482647814910026,0.43571820247223886,10.549918166939444,6.0,16.0,0.32815608292416804,0.4444,0.1739,10.482647814910026,6.0,16.0,0.43571820247223886,0.6666666666666665,0.19044081228330856,1833.0,6224.0,0.5322409177441811,0.6666666666666665,0.3478260869565218,0.4357259861041937,0.6666666666666665,0.1904761904761905,0.5045283359709574,0.6666666666666665,0.3478260869565218,0.39987625122649667,0.6666666666666665,0.15384615384615383,0.0,0.0,19.70732029294595,results/paper_aaai2027/frozen/results/final_mcs_experiments_er_sf_alpha001_nowrong_noweight_50rep_chunked/wc_sweep_bnlearn_asia_alpha001_nowrong_noweight_seed2026_2075_20260715_161105/summary.json
asia,Asia (8),ABA-PC,3,3.0,2028.0,18.9164734557993,0.13147375239923223,18.82888426888427,0.14258861727706845,18.9164734557993,14.0,25.0,0.13147375239923223,0.4348,0.0645,18.82888426888427,12.0,23.0,0.14258861727706845,0.4545107422869361,0.0,16821.0,36075.0,0.2388995062626227,0.5217391304347827,0.08333333333333333,0.14258957478587647,0.45454545454545453,0.0,0.2535597550895255,0.5217391304347827,0.08333333333333333,0.03714747524463571,0.6666666666666666,0.0,0.0,0.0,123.886608322151,results/paper_aaai2027/frozen/results/final_mcs_experiments_er_sf_alpha001_nowrong_noweight_50rep_chunked/wc_sweep_bnlearn_asia_alpha001_nowrong_noweight_seed2026_2075_20260715_161105/summary.json
asia,Asia (8),ABA-PC,4,4.0,2029.0,17.988050453640184,0.1708236096327834,17.496137931034482,0.2131920941404349,17.988050453640184,12.0,24.0,0.1708236096327834,0.4348,0.069,17.496137931034482,11.0,22.0,0.2131920941404349,0.4545107422869361,0.0769656699889258,18076.0,36250.0,0.31506985544251026,0.5454545454545454,0.08333333333333333,0.21319232053423096,0.45454545454545453,0.07692307692307691,0.3390849463722933,0.5454545454545454,0.08333333333333333,0.13981534199811071,0.5714285714285715,0.0,0.0,0.0,122.40486226603389,results/paper_aaai2027/frozen/results/final_mcs_experiments_er_sf_alpha001_nowrong_noweight_50rep_chunked/wc_sweep_bnlearn_asia_alpha001_nowrong_noweight_seed2026_2075_20260715_161105/summary.json
asia,Asia (8),ABA-PC,5,5.0,2030.0,14.348837209302326,0.16588372093023257,11.348837209302326,0.37034635806217614,14.348837209302326,12.0,17.0,0.16588372093023257,0.2222,0.0952,11.348837209302326,9.0,14.0,0.37034635806217614,0.4444444444444445,0.28573786728293166,43.0,43.0,0.47259798544988263,0.5555555555555556,0.380952380952381,0.3703594786826121,0.4444444444444445,0.2857142857142857,0.47259798544988263,0.5555555555555556,0.380952380952381,0.09213944969758923,0.16666666666666666,0.0,0.0,0.0,9.601521207019687,results/paper_aaai2027/frozen/results/final_mcs_experiments_er_sf_alpha001_nowrong_noweight_50rep_chunked/wc_sweep_bnlearn_asia_alpha001_nowrong_noweight_seed2026_2075_20260715_161105/summary.json
asia,Asia (8),ABA-PC,6,6.0,2031.0,13.672701200932067,0.29319729939654654,13.27750305997552,0.3400419164886661,13.672701200932067,6.0,19.0,0.29319729939654654,0.5556,0.1481,13.27750305997552,6.0,20.0,0.3400419164886661,0.6666666666666665,0.14818463270475654,16737.0,40850.0,0.4656813871615392,0.6666666666666665,0.24,0.3400421266895172,0.6666666666666665,0.14814814814814814,0.4568790107584177,0.6666666666666665,0.24,0.3077709626915045,0.6,0.1818181818181818,0.0,0.0,120.96047509508207,results/paper_aaai2027/frozen/results/final_mcs_experiments_er_sf_alpha001_nowrong_noweight_50rep_chunked/wc_sweep_bnlearn_asia_alpha001_nowrong_noweight_seed2026_2075_20260715_161105/summary.json
asia,Asia (8),ABA-PC,7,7.0,2032.0,9.645299145299145,0.3848418803418803,9.711711711711711,0.4694508638564402,9.645299145299145,6.0,14.0,0.3848418803418803,0.4444,0.2727,9.711711711711711,6.0,14.0,0.4694508638564402,0.6666666666666665,0.3478544411112561,234.0,888.0,0.5646152389573442,0.6666666666666665,0.43478260869565216,0.46945871433857705,0.6666666666666665,0.3478260869565218,0.5415213512086128,0.6666666666666665,0.43478260869565216,0.43310053027247597,0.5454545454545454,0.3333333333333333,0.0,0.0,4.490973979700357,results/paper_aaai2027/frozen/results/final_mcs_experiments_er_sf_alpha001_nowrong_noweight_50rep_chunked/wc_sweep_bnlearn_asia_alpha001_nowrong_noweight_seed2026_2075_20260715_161105/summary.json
asia,Asia (8),ABA-PC,8,8.0,2033.0,17.66662241985797,0.17215119957617497,16.859576791808873,0.22103252273097151,17.66662241985797,9.0,24.0,0.17215119957617497,0.4762,0.069,16.859576791808873,9.0,23.0,0.22103252273097151,0.4761786846275753,0.0,15067.0,36625.0,0.3455443213959117,0.631578947368421,0.15384615384615383,0.22103166171147898,0.4761904761904762,0.0,0.3360618014390166,0.631578947368421,0.15384615384615383,0.1402742600186895,0.6666666666666665,0.0,0.0,0.0,126.06811811588705,results/paper_aaai2027/frozen/results/final_mcs_experiments_er_sf_alpha001_nowrong_noweight_50rep_chunked/wc_sweep_bnlearn_asia_alpha001_nowrong_noweight_seed2026_2075_20260715_161105/summary.json
asia,Asia (8),ABA-PC,9,9.0,2034.0,12.482027896995708,0.28042011802575106,11.127923121894183,0.4423936293794334,12.482027896995708,6.0,18.0,0.28042011802575106,0.5556,0.0833,11.127923121894183,6.0,18.0,0.4423936293794334,0.6666666666666665,0.0869848721961398,7456.0,27368.0,0.5110415318466404,0.6666666666666665,0.3333333333333333,0.4424014503944462,0.6666666666666665,0.08695652173913045,0.5128842695900395,0.6666666666666665,0.3333333333333333,0.2800851380458554,0.6666666666666665,0.0,0.0,0.0,74.75131597463042,results/paper_aaai2027/frozen/results/final_mcs_experiments_er_sf_alpha001_nowrong_noweight_50rep_chunked/wc_sweep_bnlearn_asia_alpha001_nowrong_noweight_seed2026_2075_20260715_161105/summary.json
asia,Asia (8),ABA-PC,10,10.0,2035.0,9.793560606060606,0.3863838068181818,10.3,0.4410215951632796,9.793560606060606,6.0,14.0,0.3863838068181818,0.4444,0.32,10.3,6.0,15.0,0.4410215951632796,0.6666666666666665,0.32000543995648034,1056.0,2520.0,0.5703514582250008,0.6666666666666665,0.4166666666666667,0.44103007867348065,0.6666666666666665,0.31999999999999995,0.5674977137280158,0.6666666666666665,0.4166666666666667,0.4480552201808886,0.6,0.3333333333333333,0.0,0.0,11.346913013141602,results/paper_aaai2027/frozen/results/final_mcs_experiments_er_sf_alpha001_nowrong_noweight_50rep_chunked/wc_sweep_bnlearn_asia_alpha001_nowrong_noweight_seed2026_2075_20260715_161105/summary.json
asia,Asia (8),ABA-PC,11,11.0,2036.0,16.49853478202065,0.23077305812058663,15.150494752623688,0.3081398337362599,16.49853478202065,10.0,23.0,0.23077305812058663,0.5714,0.0667,15.150494752623688,9.0,22.0,0.3081398337362599,0.526285317276517,0.14285714285714288,22181.0,33350.0,0.4122774041654209,0.6,0.16666666666666666,0.30813801565894994,0.5263157894736842,0.14285714285714288,0.4106169658997163,0.6,0.16666666666666666,0.16676579410861647,0.5,0.0,0.0,0.0,122.95845871930942,results/paper_aaai2027/frozen/results/final_mcs_experiments_er_sf_alpha001_nowrong_noweight_50rep_chunked/wc_sweep_bnlearn_asia_alpha001_nowrong_noweight_seed2026_2075_20260715_161105/summary.json
asia,Asia (8),ABA-PC,12,12.0,2037.0,19.1983223487118,0.11258126820524311,19.10235377026075,0.1296673805226437,19.1983223487118,12.0,25.0,0.11258126820524311,0.2727,0.0645,19.10235377026075,11.0,25.0,0.1296673805226437,0.4545107422869361,0.0,18359.0,35475.0,0.29076157799115465,0.5454545454545454,0.07692307692307691,0.12966900157594935,0.45454545454545453,0.0,0.308539946167438,0.5454545454545454,0.07692307692307691,0.02538980186955965,0.5714285714285715,0.0,0.0,0.0,125.30002990411595,results/paper_aaai2027/frozen/results/final_mcs_experiments_er_sf_alpha001_nowrong_noweight_50rep_chunked/wc_sweep_bnlearn_asia_alpha001_nowrong_noweight_seed2026_2075_20260715_161105/summary.json
asia,Asia (8),ABA-PC,13,13.0,2038.0,9.545977011494253,0.30016839080459773,10.189138576779026,0.4386301008236604,9.545977011494253,7.0,13.0,0.30016839080459773,0.3529,0.1905,10.189138576779026,7.0,14.0,0.4386301008236604,0.5882602066745722,0.28573786728293166,174.0,534.0,0.5079495214030991,0.5882352941176471,0.380952380952381,0.43864198523641246,0.5882352941176471,0.2857142857142857,0.5083790982157588,0.5882352941176471,0.380952380952381,0.4529101007549284,0.6666666666666665,0.28571428571428575,0.0,0.0,6.900434998329729,results/paper_aaai2027/frozen/results/final_mcs_experiments_er_sf_alpha001_nowrong_noweight_50rep_chunked/wc_sweep_bnlearn_asia_alpha001_nowrong_noweight_seed2026_2075_20260715_161105/summary.json
asia,Asia (8),ABA-PC,14,14.0,2039.0,7.75,0.40605625,8.916666666666666,0.49062262018748726,7.75,6.0,10.0,0.40605625,0.4444,0.3636,8.916666666666666,6.0,12.0,0.49062262018748726,0.6666666666666665,0.3636247931780578,32.0,192.0,0.6090567327409432,0.6666666666666665,0.5454545454545454,0.4906290347079821,0.6666666666666665,0.36363636363636365,0.6090567327409432,0.6666666666666665,0.5454545454545454,0.4733204295704296,0.5454545454545454,0.39999999999999997,0.0,0.0,7.709521457087249,results/paper_aaai2027/frozen/results/final_mcs_experiments_er_sf_alpha001_nowrong_noweight_50rep_chunked/wc_sweep_bnlearn_asia_alpha001_nowrong_noweight_seed2026_2075_20260715_161105/summary.json
asia,Asia (8),ABA-PC,15,15.0,2040.0,13.85643321476757,0.24451227028378547,13.779975990396158,0.3082791892065636,13.85643321476757,7.0,19.0,0.24451227028378547,0.5,0.0833,13.779975990396158,7.0,20.0,0.3082791892065636,0.631609417213431,0.0,16306.0,41650.0,0.4140322261867819,0.631578947368421,0.1739130434782609,0.3082785361384501,0.631578947368421,0.0,0.40915961476746004,0.631578947368421,0.1739130434782609,0.2996731782871778,0.6666666666666665,0.0,0.0,0.0,121.3045456088148,results/paper_aaai2027/frozen/results/final_mcs_experiments_er_sf_alpha001_nowrong_noweight_50rep_chunked/wc_sweep_bnlearn_asia_alpha001_nowrong_noweight_seed2026_2075_20260715_161105/summary.json
asia,Asia (8),ABA-PC,16,16.0,2041.0,14.666666666666666,0.2036111111111111,14.666666666666666,0.20362147913848333,14.666666666666666,14.0,16.0,0.2036111111111111,0.2105,0.1905,14.666666666666666,14.0,16.0,0.20362147913848333,0.21051412691060678,0.19044081228330856,9.0,9.0,0.30543024227234755,0.3157894736842105,0.2857142857142857,0.20362016151489837,0.2105263157894737,0.1904761904761905,0.30543024227234755,0.3157894736842105,0.2857142857142857,0.2557734204793028,0.26666666666666666,0.23529411764705882,0.0,0.0,3.5129067646339536,results/paper_aaai2027/frozen/results/final_mcs_experiments_er_sf_alpha001_nowrong_noweight_50rep_chunked/wc_sweep_bnlearn_asia_alpha001_nowrong_noweight_seed2026_2075_20260715_161105/summary.json
asia,Asia (8),ABA-PC,17,17.0,2042.0,18.64167771483669,0.14169704497483357,17.66904964539007,0.20624552662246876,18.64167771483669,11.0,25.0,0.14169704497483357,0.48,0.0645,17.66904964539007,10.0,25.0,0.20624552662246876,0.5217391304347827,0.0,16594.0,35250.0,0.36224536119627326,0.5217391304347827,0.08333333333333333,0.20624278469296575,0.5217391304347827,0.0,0.34905040029589707,0.5217391304347827,0.08333333333333333,0.05893621280544285,0.6666666666666665,0.0,0.0,0.0,126.24671015096828,results/paper_aaai2027/frozen/results/final_mcs_experiments_er_sf_alpha001_nowrong_noweight_50rep_chunked/wc_sweep_bnlearn_asia_alpha001_nowrong_noweight_seed2026_2075_20260715_161105/summary.json
asia,Asia (8),ABA-PC,18,18.0,2043.0,17.834342064071794,0.15074365021392047,16.964878724878727,0.26925644328641457,17.834342064071794,12.0,24.0,0.15074365021392047,0.3636,0.0667,16.964878724878727,11.0,22.0,0.26925644328641457,0.4761786846275753,0.14818463270475654,19166.0,36075.0,0.3874150871599131,0.5454545454545454,0.16666666666666666,0.26925089812233366,0.4761904761904762,0.14814814814814814,0.38996287615050923,0.5454545454545454,0.16666666666666666,0.09806497341969568,0.6666666666666665,0.0,0.0,0.0,130.4958319030702,results/paper_aaai2027/frozen/results/final_mcs_experiments_er_sf_alpha001_nowrong_noweight_50rep_chunked/wc_sweep_bnlearn_asia_alpha001_nowrong_noweight_seed2026_2075_20260715_161105/summary.json
asia,Asia (8),ABA-PC,19,19.0,2044.0,15.439673745767928,0.1676925169245648,14.41743979721166,0.26262829269801624,15.439673745767928,6.0,22.0,0.1676925169245648,0.4706,0.0714,14.41743979721166,6.0,20.0,0.26262829269801624,0.625,0.07997823721436344,19494.0,39450.0,0.41288513498908375,0.625,0.1739130434782609,0.26262665003051733,0.625,0.07999999999999999,0.4042532173532672,0.625,0.1739130434782609,0.17771164822035201,0.75,0.0,0.0,0.0,120.897286683321,results/paper_aaai2027/frozen/results/final_mcs_experiments_er_sf_alpha001_nowrong_noweight_50rep_chunked/wc_sweep_bnlearn_asia_alpha001_nowrong_noweight_seed2026_2075_20260715_161105/summary.json
asia,Asia (8),ABA-PC,20,20.0,2045.0,14.185429056924384,0.20344450273224043,13.2711477210324,0.38453195524354983,14.185429056924384,8.0,20.0,0.20344450273224043,0.5,0.0714,13.2711477210324,8.0,19.0,0.38453195524354983,0.6,0.1538355026308502,9416.0,45525.0,0.45464922133309554,0.631578947368421,0.30769230769230765,0.38453640722826343,0.6,0.15384615384615383,0.4584019284996368,0.631578947368421,0.30769230769230765,0.2613049395048811,0.75,0.0,0.0,0.0,121.4692881917581,results/paper_aaai2027/frozen/results/final_mcs_experiments_er_sf_alpha001_nowrong_noweight_50rep_chunked/wc_sweep_bnlearn_asia_alpha001_nowrong_noweight_seed2026_2075_20260715_161105/summary.json
asia,Asia (8),ABA-PC,21,21.0,2046.0,18.56422046852669,0.1406551554444618,18.153152173913043,0.1719777118866677,18.56422046852669,12.0,24.0,0.1406551554444618,0.381,0.0714,18.153152173913043,12.0,22.0,0.1719777118866677,0.380958276587842,0.0,16093.0,36800.0,0.2629818680487644,0.4761904761904762,0.08333333333333333,0.17197853462973664,0.380952380952381,0.0,0.2642326709532671,0.4761904761904762,0.08333333333333333,0.12021422338109072,0.75,0.0,0.0,0.0,124.68613083707169,results/paper_aaai2027/frozen/results/final_mcs_experiments_er_sf_alpha001_nowrong_noweight_50rep_chunked/wc_sweep_bnlearn_asia_alpha001_nowrong_noweight_seed2026_2075_20260715_161105/summary.json
asia,Asia (8),ABA-PC,22,22.0,2047.0,12.576195426195426,0.1877559374259303,12.831366073430779,0.3375124757784289,12.576195426195426,5.0,20.0,0.1877559374259303,0.4706,0.0714,12.831366073430779,5.0,21.0,0.3375124757784289,0.705901037622644,0.07404279279279279,9620.0,49053.0,0.5028893750442883,0.7058823529411765,0.30769230769230765,0.3375152639942188,0.7058823529411765,0.07407407407407407,0.5174197837988959,0.7058823529411765,0.30769230769230765,0.20382067089169972,0.75,0.0,0.0,0.0,123.20607597520575,results/paper_aaai2027/frozen/results/final_mcs_experiments_er_sf_alpha001_nowrong_noweight_50rep_chunked/wc_sweep_bnlearn_asia_alpha001_nowrong_noweight_seed2026_2075_20260715_161105/summary.json
asia,Asia (8),ABA-PC,23,23.0,2048.0,15.851405426507906,0.1915308992769121,15.07209763539283,0.2738337729143779,15.851405426507906,7.0,23.0,0.1915308992769121,0.4444,0.069,15.07209763539283,8.0,21.0,0.2738337729143779,0.5000239992320246,0.0,20492.0,32775.0,0.3839972220209888,0.5882352941176471,0.1739130434782609,0.27383139356204095,0.5,0.0,0.3830557340135015,0.5882352941176471,0.1739130434782609,0.24240243205611553,0.75,0.0,0.0,0.0,145.05076861009002,results/paper_aaai2027/frozen/results/final_mcs_experiments_er_sf_alpha001_nowrong_noweight_50rep_chunked/wc_sweep_bnlearn_asia_alpha001_nowrong_noweight_seed2026_2075_20260715_161105/summary.json
asia,Asia (8),ABA-PC,24,24.0,2049.0,15.005684097900227,0.18113461308762052,15.830669216061185,0.15760701779896522,15.005684097900227,7.0,23.0,0.18113461308762052,0.4211,0.0741,15.830669216061185,7.0,23.0,0.15760701779896522,0.631609417213431,0.0,14954.0,39225.0,0.3452274925587441,0.631578947368421,0.08695652173913045,0.15760826166562253,0.631578947368421,0.0,0.3836008600926331,0.631578947368421,0.08695652173913045,0.11289279507255812,0.75,0.0,0.0,0.0,124.2318822229281,results/paper_aaai2027/frozen/results/final_mcs_experiments_er_sf_alpha001_nowrong_noweight_50rep_chunked/wc_sweep_bnlearn_asia_alpha001_nowrong_noweight_seed2026_2075_20260715_161105/summary.json
asia,Asia (8),ABA-PC,25,25.0,2050.0,11.328664799253035,0.2451470123300664,11.084786994185357,0.40180853385686677,11.328664799253035,6.0,17.0,0.2451470123300664,0.5,0.0833,11.084786994185357,6.0,17.0,0.40180853385686677,0.6666666666666665,0.09088594704684318,3213.0,16854.0,0.4952224828164134,0.6666666666666665,0.3478260869565218,0.40181658766645595,0.6666666666666665,0.09090909090909091,0.5003038401100373,0.6666666666666665,0.3478260869565218,0.3490351167865311,0.75,0.0,0.0,0.0,54.484150568023324,results/paper_aaai2027/frozen/results/final_mcs_experiments_er_sf_alpha001_nowrong_noweight_50rep_chunked/wc_sweep_bnlearn_asia_alpha001_nowrong_noweight_seed2026_2075_20260715_161105/summary.json
asia,Asia (8),ABA-PC,26,26.0,2051.0,16.604365370506237,0.19507357850330154,14.80689259046525,0.29088836391926787,16.604365370506237,10.0,22.0,0.19507357850330154,0.4211,0.0714,14.80689259046525,9.0,20.0,0.29088836391926787,0.4444444444444445,0.07997823721436344,10904.0,43525.0,0.41602206203728437,0.5714285714285714,0.24,0.2908828868268008,0.4444444444444445,0.07999999999999999,0.42967565895917453,0.5714285714285714,0.24,0.16787691741425312,0.5454545454545454,0.0,0.0,0.0,122.51534124230966,results/paper_aaai2027/frozen/results/final_mcs_experiments_er_sf_alpha001_nowrong_noweight_50rep_chunked/wc_sweep_bnlearn_asia_alpha001_nowrong_noweight_seed2026_2075_20260715_161105/summary.json
asia,Asia (8),ABA-PC,27,27.0,2052.0,11.901215443279314,0.22344181413191436,12.054696296296296,0.3762662884125653,11.901215443279314,5.0,19.0,0.22344181413191436,0.5556,0.0714,12.054696296296296,5.0,19.0,0.3762662884125653,0.705901037622644,0.07997823721436344,8392.0,50625.0,0.5095743198601597,0.7058823529411765,0.3333333333333333,0.3762695611580761,0.7058823529411765,0.07999999999999999,0.5133306356246761,0.7058823529411765,0.3333333333333333,0.31308183518019767,0.75,0.0,0.0,0.0,120.69704035716131,results/paper_aaai2027/frozen/results/final_mcs_experiments_er_sf_alpha001_nowrong_noweight_50rep_chunked/wc_sweep_bnlearn_asia_alpha001_nowrong_noweight_seed2026_2075_20260715_161105/summary.json
asia,Asia (8),ABA-PC,28,28.0,2053.0,17.96766335789538,0.1762914295415959,17.055277572168762,0.2752919950748583,17.96766335789538,11.0,25.0,0.1762914295415959,0.4167,0.0667,17.055277572168762,11.0,24.0,0.2752919950748583,0.5217391304347827,0.06671554252199415,16421.0,33775.0,0.3921104933992857,0.5714285714285714,0.21428571428571425,0.2752874763519964,0.5217391304347827,0.06666666666666667,0.3856031931498247,0.5714285714285714,0.21428571428571425,0.16868974220412752,0.6666666666666666,0.0,0.0,0.0,137.65822160290554,results/paper_aaai2027/frozen/results/final_mcs_experiments_er_sf_alpha001_nowrong_noweight_50rep_chunked/wc_sweep_bnlearn_asia_alpha001_nowrong_noweight_seed2026_2075_20260715_161105/summary.json
asia,Asia (8),ABA-PC,29,29.0,2054.0,8.75,0.329425,9.431034482758621,0.4380629500046673,8.75,7.0,11.0,0.329425,0.3529,0.3,9.431034482758621,7.0,12.0,0.4380629500046673,0.5882602066745722,0.3,16.0,58.0,0.5426615897417648,0.5882352941176471,0.5,0.4380733781715953,0.5882352941176471,0.3,0.5490733574131407,0.5882352941176471,0.5,0.48897352647352643,0.5454545454545454,0.39999999999999997,0.0,0.0,2.0660561281256378,results/paper_aaai2027/frozen/results/final_mcs_experiments_er_sf_alpha001_nowrong_noweight_50rep_chunked/wc_sweep_bnlearn_asia_alpha001_nowrong_noweight_seed2026_2075_20260715_161105/summary.json
asia,Asia (8),ABA-PC,30,30.0,2055.0,11.518595255361028,0.20924743914528032,11.303213182286303,0.37708366188182646,11.518595255361028,5.0,17.0,0.20924743914528032,0.5556,0.08,11.303213182286303,5.0,18.0,0.37708366188182646,0.705901037622644,0.0,9653.0,48550.0,0.5216360025425039,0.7058823529411765,0.3,0.37708918434221306,0.7058823529411765,0.0,0.5269057378583868,0.7058823529411765,0.3,0.27668632013812244,0.75,0.0,0.0,0.0,121.48018053779379,results/paper_aaai2027/frozen/results/final_mcs_experiments_er_sf_alpha001_nowrong_noweight_50rep_chunked/wc_sweep_bnlearn_asia_alpha001_nowrong_noweight_seed2026_2075_20260715_161105/summary.json
asia,Asia (8),ABA-PC,31,31.0,2056.0,11.616370900306606,0.2805978901384887,12.489558275678553,0.3632641171052781,11.616370900306606,6.0,17.0,0.2805978901384887,0.5263,0.087,12.489558275678553,6.0,19.0,0.3632641171052781,0.6666666666666665,0.09522040614165428,10763.0,46975.0,0.48503204720331683,0.6666666666666665,0.2,0.3632665457053911,0.6666666666666665,0.09523809523809525,0.4865576116178202,0.6666666666666665,0.2,0.4158551258385816,0.6666666666666665,0.0,0.0,0.0,120.85533860791475,results/paper_aaai2027/frozen/results/final_mcs_experiments_er_sf_alpha001_nowrong_noweight_50rep_chunked/wc_sweep_bnlearn_asia_alpha001_nowrong_noweight_seed2026_2075_20260715_161105/summary.json
asia,Asia (8),ABA-PC,32,32.0,2057.0,17.398413566739606,0.1669627322621173,17.17103345724907,0.18716855187752057,17.398413566739606,10.0,23.0,0.1669627322621173,0.4,0.069,17.17103345724907,11.0,23.0,0.18716855187752057,0.3999759990399616,0.0,18280.0,33625.0,0.33548579930249667,0.6,0.08333333333333333,0.18717052267609421,0.4,0.0,0.3510997523433116,0.6,0.08333333333333333,0.13332996573584166,0.6666666666666666,0.0,0.0,0.0,126.13503338769078,results/paper_aaai2027/frozen/results/final_mcs_experiments_er_sf_alpha001_nowrong_noweight_50rep_chunked/wc_sweep_bnlearn_asia_alpha001_nowrong_noweight_seed2026_2075_20260715_161105/summary.json
asia,Asia (8),ABA-PC,33,33.0,2058.0,15.4996826260428,0.2220997311170863,13.398379530916845,0.34957091599561235,15.4996826260428,7.0,22.0,0.2220997311170863,0.5556,0.0769,13.398379530916845,6.0,20.0,0.34957091599561235,0.6666666666666665,0.09088594704684318,22056.0,35175.0,0.4040069844323001,0.6666666666666665,0.09523809523809525,0.34957190981490216,0.6666666666666665,0.09090909090909091,0.3791980206825267,0.6666666666666665,0.09523809523809525,0.17698976074433395,0.6,0.0,0.0,0.0,121.64469312084839,results/paper_aaai2027/frozen/results/final_mcs_experiments_er_sf_alpha001_nowrong_noweight_50rep_chunked/wc_sweep_bnlearn_asia_alpha001_nowrong_noweight_seed2026_2075_20260715_161105/summary.json
asia,Asia (8),ABA-PC,34,34.0,2059.0,14.406984960129202,0.24614015342686987,14.021451885199776,0.3104748679961284,14.406984960129202,7.0,22.0,0.24614015342686987,0.5263,0.0769,14.021451885199776,7.0,21.0,0.3104748679961284,0.631609417213431,0.0769656699889258,9907.0,44425.0,0.4059059948670232,0.6666666666666665,0.24,0.3104728720039651,0.631578947368421,0.07692307692307691,0.42247753070838656,0.6666666666666665,0.24,0.24571061512689865,0.6666666666666665,0.0,0.0,0.0,123.00701021729037,results/paper_aaai2027/frozen/results/final_mcs_experiments_er_sf_alpha001_nowrong_noweight_50rep_chunked/wc_sweep_bnlearn_asia_alpha001_nowrong_noweight_seed2026_2075_20260715_161105/summary.json
asia,Asia (8),ABA-PC,35,35.0,2060.0,12.57601672367921,0.25033782684485767,11.386766463953428,0.3803453633174001,12.57601672367921,6.0,19.0,0.25033782684485767,0.5556,0.0833,11.386766463953428,5.0,17.0,0.3803453633174001,0.705901037622644,0.09088594704684318,5262.0,19239.0,0.5127518103724061,0.7058823529411765,0.2,0.3803482779414932,0.7058823529411765,0.09090909090909091,0.5022294655301169,0.7058823529411765,0.2,0.274400271068391,0.75,0.0,0.0,0.0,54.77194738481194,results/paper_aaai2027/frozen/results/final_mcs_experiments_er_sf_alpha001_nowrong_noweight_50rep_chunked/wc_sweep_bnlearn_asia_alpha001_nowrong_noweight_seed2026_2075_20260715_161105/summary.json
asia,Asia (8),ABA-PC,36,36.0,2061.0,15.33786527765516,0.21990231137088204,14.72096174863388,0.28119915866064715,15.33786527765516,7.0,20.0,0.21990231137088204,0.4211,0.0769,14.72096174863388,8.0,20.0,0.28119915866064715,0.6,0.0869848721961398,11327.0,45750.0,0.37856538054296546,0.631578947368421,0.09090909090909091,0.2811947877650955,0.6,0.08695652173913045,0.36766970795772796,0.631578947368421,0.09090909090909091,0.29983626162880583,0.75,0.0,0.0,0.0,121.3601234247908,results/paper_aaai2027/frozen/results/final_mcs_experiments_er_sf_alpha001_nowrong_noweight_50rep_chunked/wc_sweep_bnlearn_asia_alpha001_nowrong_noweight_seed2026_2075_20260715_161105/summary.json
asia,Asia (8),ABA-PC,37,37.0,2062.0,19.064406779661017,0.17461102305943488,17.69827089337176,0.2582922406566974,19.064406779661017,12.0,25.0,0.17461102305943488,0.5217,0.0645,17.69827089337176,12.0,23.0,0.2582922406566974,0.4166666666666667,0.07404279279279279,16815.0,34700.0,0.31845526542889174,0.5454545454545454,0.07999999999999999,0.2582883735169613,0.4166666666666667,0.07407407407407407,0.3351313725501193,0.5454545454545454,0.07999999999999999,0.10622389866582496,0.6666666666666666,0.0,0.0,0.0,124.66648171236739,results/paper_aaai2027/frozen/results/final_mcs_experiments_er_sf_alpha001_nowrong_noweight_50rep_chunked/wc_sweep_bnlearn_asia_alpha001_nowrong_noweight_seed2026_2075_20260715_161105/summary.json
asia,Asia (8),ABA-PC,38,38.0,2063.0,18.137610641107145,0.17976505071950932,16.878305597579423,0.26183097846303044,18.137610641107145,9.0,25.0,0.17976505071950932,0.5217,0.0645,16.878305597579423,9.0,25.0,0.26183097846303044,0.5713990920346678,0.0,20449.0,33050.0,0.39350396034904034,0.6,0.21428571428571425,0.26182923624966054,0.5714285714285714,0.0,0.38190265068291507,0.6,0.21428571428571425,0.10561352165355663,0.75,0.0,0.0,0.0,124.35528600635007,results/paper_aaai2027/frozen/results/final_mcs_experiments_er_sf_alpha001_nowrong_noweight_50rep_chunked/wc_sweep_bnlearn_asia_alpha001_nowrong_noweight_seed2026_2075_20260715_161105/summary.json
asia,Asia (8),ABA-PC,39,39.0,2064.0,13.539795918367346,0.2088246567505721,12.454248366013072,0.3289581207796637,13.539795918367346,8.0,19.0,0.2088246567505721,0.4211,0.0833,12.454248366013072,8.0,17.0,0.3289581207796637,0.526285317276517,0.17388468562483694,1960.0,4896.0,0.4703854912551126,0.631578947368421,0.2,0.328958919085282,0.5263157894736842,0.1739130434782609,0.47168186535414386,0.631578947368421,0.2,0.1798296477265565,0.75,0.0,0.0,0.0,21.560257024131715,results/paper_aaai2027/frozen/results/final_mcs_experiments_er_sf_alpha001_nowrong_noweight_50rep_chunked/wc_sweep_bnlearn_asia_alpha001_nowrong_noweight_seed2026_2075_20260715_161105/summary.json
asia,Asia (8),ABA-PC,40,40.0,2065.0,19.065765657053216,0.17700963567222766,16.87081677704194,0.3013076756438745,19.065765657053216,12.0,25.0,0.17700963567222766,0.4545,0.0667,16.87081677704194,10.0,22.0,0.3013076756438745,0.5454776853894452,0.14285714285714288,16574.0,33975.0,0.3692038679103531,0.5454545454545454,0.15384615384615383,0.3013065819167903,0.5454545454545454,0.14285714285714288,0.3626207509514025,0.5454545454545454,0.15384615384615383,0.1095157684485368,0.6666666666666666,0.0,0.0,0.0,126.8134920927696,results/paper_aaai2027/frozen/results/final_mcs_experiments_er_sf_alpha001_nowrong_noweight_50rep_chunked/wc_sweep_bnlearn_asia_alpha001_nowrong_noweight_seed2026_2075_20260715_161105/summary.json
asia,Asia (8),ABA-PC,41,41.0,2066.0,19.469449578968987,0.16609802681214092,18.278518518518517,0.22719476115845852,19.469449578968987,13.0,25.0,0.16609802681214092,0.5,0.0645,18.278518518518517,12.0,23.0,0.22719476115845852,0.4347542523218199,0.07142857142857144,19476.0,29025.0,0.3005036485888378,0.5454545454545454,0.07999999999999999,0.22719325753955275,0.43478260869565216,0.07142857142857144,0.32068127825090137,0.5454545454545454,0.07999999999999999,0.12113458991216614,0.6666666666666666,0.0,0.0,0.0,126.89992259209976,results/paper_aaai2027/frozen/results/final_mcs_experiments_er_sf_alpha001_nowrong_noweight_50rep_chunked/wc_sweep_bnlearn_asia_alpha001_nowrong_noweight_seed2026_2075_20260715_161105/summary.json
asia,Asia (8),ABA-PC,42,42.0,2067.0,14.844971303634873,0.21629584897162588,14.396057774001699,0.3490677051789842,14.844971303634873,9.0,22.0,0.21629584897162588,0.3636,0.069,14.396057774001699,9.0,20.0,0.3490677051789842,0.5454776853894452,0.16666666666666666,14636.0,29425.0,0.3973967844640939,0.5555555555555556,0.18181818181818182,0.34906676864894604,0.5454545454545454,0.16666666666666666,0.3857054058865937,0.5555555555555556,0.18181818181818182,0.24521014064770205,0.75,0.0,0.0,0.0,125.24951055599377,results/paper_aaai2027/frozen/results/final_mcs_experiments_er_sf_alpha001_nowrong_noweight_50rep_chunked/wc_sweep_bnlearn_asia_alpha001_nowrong_noweight_seed2026_2075_20260715_161105/summary.json
asia,Asia (8),ABA-PC,43,43.0,2068.0,13.379717586649551,0.14253539180909383,13.884130663856691,0.2512772491015188,13.379717586649551,7.0,20.0,0.14253539180909383,0.3529,0.0741,13.884130663856691,8.0,21.0,0.2512772491015188,0.5555555555555556,0.0,7790.0,23725.0,0.46501873707342606,0.6666666666666665,0.26086956521739135,0.251277127758359,0.5555555555555556,0.0,0.47689114756404605,0.6666666666666665,0.26086956521739135,0.14316249292560512,0.5,0.0,0.0,0.0,121.97836970724165,results/paper_aaai2027/frozen/results/final_mcs_experiments_er_sf_alpha001_nowrong_noweight_50rep_chunked/wc_sweep_bnlearn_asia_alpha001_nowrong_noweight_seed2026_2075_20260715_161105/summary.json
asia,Asia (8),ABA-PC,44,44.0,2069.0,13.130329236838113,0.24976245142487044,13.323374950455806,0.24583904605499637,13.130329236838113,7.0,19.0,0.24976245142487044,0.4444,0.0833,13.323374950455806,7.0,19.0,0.24583904605499637,0.5882602066745722,0.0,6591.0,20184.0,0.43401438408098963,0.6666666666666665,0.1904761904761905,0.2458402290161363,0.5882352941176471,0.0,0.43323371215543344,0.6666666666666665,0.1904761904761905,0.3439098782146789,0.6666666666666665,0.0,0.0,0.0,111.2931786798872,results/paper_aaai2027/frozen/results/final_mcs_experiments_er_sf_alpha001_nowrong_noweight_50rep_chunked/wc_sweep_bnlearn_asia_alpha001_nowrong_noweight_seed2026_2075_20260715_161105/summary.json
asia,Asia (8),ABA-PC,45,45.0,2070.0,16.83794321920312,0.1430026531492666,16.27911724137931,0.15432158413800634,16.83794321920312,8.0,22.0,0.1430026531492666,0.5263,0.08,16.27911724137931,8.0,21.0,0.15432158413800634,0.470563320626853,0.0,8207.0,18125.0,0.27627521332006855,0.5882352941176471,0.08695652173913045,0.15432769481357722,0.47058823529411764,0.0,0.2770415620553598,0.5882352941176471,0.08695652173913045,0.09518716555661345,0.75,0.0,0.0,0.0,129.72333430219442,results/paper_aaai2027/frozen/results/final_mcs_experiments_er_sf_alpha001_nowrong_noweight_50rep_chunked/wc_sweep_bnlearn_asia_alpha001_nowrong_noweight_seed2026_2075_20260715_161105/summary.json
asia,Asia (8),ABA-PC,46,46.0,2071.0,13.963517665130569,0.1779309865824783,14.365219858156028,0.24825761849346714,13.963517665130569,7.0,22.0,0.1779309865824783,0.4211,0.0741,14.365219858156028,7.0,20.0,0.24825761849346714,0.5555555555555556,0.0,7812.0,17625.0,0.43637159333413633,0.6666666666666665,0.16666666666666666,0.24825686501407013,0.5555555555555556,0.0,0.4559136716487335,0.6666666666666665,0.16666666666666666,0.14749387233066188,0.75,0.0,0.0,0.0,127.12704704981297,results/paper_aaai2027/frozen/results/final_mcs_experiments_er_sf_alpha001_nowrong_noweight_50rep_chunked/wc_sweep_bnlearn_asia_alpha001_nowrong_noweight_seed2026_2075_20260715_161105/summary.json
asia,Asia (8),ABA-PC,47,47.0,2072.0,12.86054721977052,0.18784830616256215,13.365988304093568,0.2719624774068616,12.86054721977052,7.0,20.0,0.18784830616256215,0.4444,0.0714,13.365988304093568,7.0,21.0,0.2719624774068616,0.5555555555555556,0.07404279279279279,9064.0,21375.0,0.49233515054581656,0.6666666666666665,0.25,0.2719614426737421,0.5555555555555556,0.07407407407407407,0.4892530384043535,0.6666666666666665,0.25,0.2363345307619803,0.6,0.0,0.0,0.0,123.86334986519068,results/paper_aaai2027/frozen/results/final_mcs_experiments_er_sf_alpha001_nowrong_noweight_50rep_chunked/wc_sweep_bnlearn_asia_alpha001_nowrong_noweight_seed2026_2075_20260715_161105/summary.json
asia,Asia (8),ABA-PC,48,48.0,2073.0,15.015276630883568,0.27829487200660613,15.283422159887799,0.27989957548582806,15.015276630883568,7.0,22.0,0.27829487200660613,0.5263,0.1429,15.283422159887799,7.0,21.0,0.27989957548582806,0.5555555555555556,0.14285714285714288,12110.0,17825.0,0.4239858111804167,0.6666666666666665,0.23076923076923078,0.2798919805997247,0.5555555555555556,0.14285714285714288,0.4272618564564686,0.6666666666666665,0.23076923076923078,0.35525523412841775,0.6,0.17391304347826086,0.0,0.0,121.81976424576715,results/paper_aaai2027/frozen/results/final_mcs_experiments_er_sf_alpha001_nowrong_noweight_50rep_chunked/wc_sweep_bnlearn_asia_alpha001_nowrong_noweight_seed2026_2075_20260715_161105/summary.json
asia,Asia (8),ABA-PC,49,49.0,2074.0,7.75,0.40605625,8.916666666666666,0.49062262018748726,7.75,6.0,10.0,0.40605625,0.4444,0.3636,8.916666666666666,6.0,12.0,0.49062262018748726,0.6666666666666665,0.3636247931780578,32.0,192.0,0.6090567327409432,0.6666666666666665,0.5454545454545454,0.4906290347079821,0.6666666666666665,0.36363636363636365,0.6090567327409432,0.6666666666666665,0.5454545454545454,0.4733204295704296,0.5454545454545454,0.39999999999999997,0.0,0.0,14.503299732226878,results/paper_aaai2027/frozen/results/final_mcs_experiments_er_sf_alpha001_nowrong_noweight_50rep_chunked/wc_sweep_bnlearn_asia_alpha001_nowrong_noweight_seed2026_2075_20260715_161105/summary.json
asia,Asia (8),ABA-PC,50,50.0,2075.0,9.744897959183673,0.28760408163265305,10.77710843373494,0.3947527150103755,9.744897959183673,7.0,13.0,0.28760408163265305,0.3529,0.1905,10.77710843373494,7.0,15.0,0.3947527150103755,0.5882602066745722,0.19044081228330856,196.0,996.0,0.49086134924752556,0.5882352941176471,0.380952380952381,0.394762041747196,0.5882352941176471,0.1904761904761905,0.4968944082531623,0.5882352941176471,0.380952380952381,0.4624485491832431,0.6666666666666665,0.28571428571428575,0.0,0.0,3.9336404809728265,results/paper_aaai2027/frozen/results/final_mcs_experiments_er_sf_alpha001_nowrong_noweight_50rep_chunked/wc_sweep_bnlearn_asia_alpha001_nowrong_noweight_seed2026_2075_20260715_161105/summary.json
asia,Asia (8),OptABA-PC,1,1.0,2026.0,4.0,0.5,4.666666666666667,0.6666666666666666,4.0,4.0,4.0,0.5,0.5,0.5,4.666666666666667,4.0,5.0,0.6666666666666666,0.75,0.625,1.0,3.0,0.75,0.75,0.75,0.6666666666666666,0.75,0.625,0.75,0.75,0.75,0.6666666666666665,0.6666666666666665,0.6666666666666665,0.0,0.0,15.58875681227073,results/paper_aaai2027/frozen/results/final_mcs_experiments_er_sf_alpha001_nowrong_noweight_50rep_chunked/wc_sweep_bnlearn_asia_alpha001_nowrong_noweight_seed2026_2075_20260715_161105/summary.json
asia,Asia (8),OptABA-PC,2,2.0,2027.0,4.0,0.5,4.666666666666667,0.6666666666666666,4.0,4.0,4.0,0.5,0.5,0.5,4.666666666666667,4.0,5.0,0.6666666666666666,0.75,0.625,1.0,3.0,0.75,0.75,0.75,0.6666666666666666,0.75,0.625,0.75,0.75,0.75,0.6666666666666665,0.6666666666666665,0.6666666666666665,0.0,0.0,10.553501676768064,results/paper_aaai2027/frozen/results/final_mcs_experiments_er_sf_alpha001_nowrong_noweight_50rep_chunked/wc_sweep_bnlearn_asia_alpha001_nowrong_noweight_seed2026_2075_20260715_161105/summary.json
asia,Asia (8),OptABA-PC,3,3.0,2028.0,3.5,0.5719,4.666666666666667,0.6672211902875493,3.5,3.0,4.0,0.5719,0.5882,0.5556,4.666666666666667,3.0,6.0,0.6672211902875493,0.8235418683446273,0.5555555555555556,2.0,12.0,0.8006535947712418,0.823529411764706,0.7777777777777777,0.6672113289760349,0.823529411764706,0.5555555555555556,0.8006535947712419,0.823529411764706,0.7777777777777777,0.6333333333333333,0.6666666666666665,0.6,0.0,0.0,32.82387920515612,results/paper_aaai2027/frozen/results/final_mcs_experiments_er_sf_alpha001_nowrong_noweight_50rep_chunked/wc_sweep_bnlearn_asia_alpha001_nowrong_noweight_seed2026_2075_20260715_161105/summary.json
asia,Asia (8),OptABA-PC,4,4.0,2029.0,4.0,0.5,4.666666666666667,0.6666666666666666,4.0,4.0,4.0,0.5,0.5,0.5,4.666666666666667,4.0,5.0,0.6666666666666666,0.75,0.625,1.0,3.0,0.75,0.75,0.75,0.6666666666666666,0.75,0.625,0.75,0.75,0.75,0.6666666666666665,0.6666666666666665,0.6666666666666665,0.0,0.0,3.5344246700406075,results/paper_aaai2027/frozen/results/final_mcs_experiments_er_sf_alpha001_nowrong_noweight_50rep_chunked/wc_sweep_bnlearn_asia_alpha001_nowrong_noweight_seed2026_2075_20260715_161105/summary.json
asia,Asia (8),OptABA-PC,5,5.0,2030.0,4.0,0.625,4.0,0.625,4.0,4.0,4.0,0.625,0.625,0.625,4.0,4.0,4.0,0.625,0.625,0.625,1.0,1.0,0.875,0.875,0.875,0.625,0.625,0.625,0.875,0.875,0.875,0.7272727272727273,0.7272727272727273,0.7272727272727273,0.0,0.0,241.119516256731,results/paper_aaai2027/frozen/results/final_mcs_experiments_er_sf_alpha001_nowrong_noweight_50rep_chunked/wc_sweep_bnlearn_asia_alpha001_nowrong_noweight_seed2026_2075_20260715_161105/summary.json
asia,Asia (8),OptABA-PC,6,6.0,2031.0,3.5,0.5719,4.666666666666667,0.6672211902875493,3.5,3.0,4.0,0.5719,0.5882,0.5556,4.666666666666667,3.0,6.0,0.6672211902875493,0.8235418683446273,0.5555555555555556,2.0,12.0,0.8006535947712418,0.823529411764706,0.7777777777777777,0.6672113289760349,0.823529411764706,0.5555555555555556,0.8006535947712419,0.823529411764706,0.7777777777777777,0.6333333333333333,0.6666666666666665,0.6,0.0,0.0,37.63347416417673,results/paper_aaai2027/frozen/results/final_mcs_experiments_er_sf_alpha001_nowrong_noweight_50rep_chunked/wc_sweep_bnlearn_asia_alpha001_nowrong_noweight_seed2026_2075_20260715_161105/summary.json
asia,Asia (8),OptABA-PC,7,7.0,2032.0,4.0,0.5,4.666666666666667,0.6666666666666666,4.0,4.0,4.0,0.5,0.5,0.5,4.666666666666667,4.0,5.0,0.6666666666666666,0.75,0.625,1.0,3.0,0.75,0.75,0.75,0.6666666666666666,0.75,0.625,0.75,0.75,0.75,0.6666666666666665,0.6666666666666665,0.6666666666666665,0.0,0.0,75.7282444620505,results/paper_aaai2027/frozen/results/final_mcs_experiments_er_sf_alpha001_nowrong_noweight_50rep_chunked/wc_sweep_bnlearn_asia_alpha001_nowrong_noweight_seed2026_2075_20260715_161105/summary.json
asia,Asia (8),OptABA-PC,8,8.0,2033.0,3.0,0.6667,3.0,0.6666728888225192,3.0,3.0,3.0,0.6667,0.6667,0.6667,3.0,3.0,3.0,0.6666728888225192,0.6666728888225192,0.6666728888225192,1.0,1.0,0.9333333333333333,0.9333333333333333,0.9333333333333333,0.6666666666666666,0.6666666666666666,0.6666666666666666,0.9333333333333333,0.9333333333333333,0.9333333333333333,0.8,0.8,0.8,0.0,0.0,3.190132766030729,results/paper_aaai2027/frozen/results/final_mcs_experiments_er_sf_alpha001_nowrong_noweight_50rep_chunked/wc_sweep_bnlearn_asia_alpha001_nowrong_noweight_seed2026_2075_20260715_161105/summary.json
asia,Asia (8),OptABA-PC,9,9.0,2034.0,4.0,0.5,4.666666666666667,0.6666666666666666,4.0,4.0,4.0,0.5,0.5,0.5,4.666666666666667,4.0,5.0,0.6666666666666666,0.75,0.625,1.0,3.0,0.75,0.75,0.75,0.6666666666666666,0.75,0.625,0.75,0.75,0.75,0.6666666666666665,0.6666666666666665,0.6666666666666665,0.0,0.0,98.9162969677709,results/paper_aaai2027/frozen/results/final_mcs_experiments_er_sf_alpha001_nowrong_noweight_50rep_chunked/wc_sweep_bnlearn_asia_alpha001_nowrong_noweight_seed2026_2075_20260715_161105/summary.json
asia,Asia (8),OptABA-PC,10,10.0,2035.0,3.5,0.5719,4.666666666666667,0.6672211902875493,3.5,3.0,4.0,0.5719,0.5882,0.5556,4.666666666666667,3.0,6.0,0.6672211902875493,0.8235418683446273,0.5555555555555556,2.0,12.0,0.8006535947712418,0.823529411764706,0.7777777777777777,0.6672113289760349,0.823529411764706,0.5555555555555556,0.8006535947712419,0.823529411764706,0.7777777777777777,0.6333333333333333,0.6666666666666665,0.6,0.0,0.0,37.798098084982485,results/paper_aaai2027/frozen/results/final_mcs_experiments_er_sf_alpha001_nowrong_noweight_50rep_chunked/wc_sweep_bnlearn_asia_alpha001_nowrong_noweight_seed2026_2075_20260715_161105/summary.json
asia,Asia (8),OptABA-PC,11,11.0,2036.0,2.0,0.75,2.5,0.6875,2.0,2.0,2.0,0.75,0.75,0.75,2.5,2.0,3.0,0.6875,0.75,0.625,1.0,2.0,1.0,1.0,1.0,0.6875,0.75,0.625,1.0,1.0,1.0,0.8,0.8,0.8,0.0,0.0,51.38007972901687,results/paper_aaai2027/frozen/results/final_mcs_experiments_er_sf_alpha001_nowrong_noweight_50rep_chunked/wc_sweep_bnlearn_asia_alpha001_nowrong_noweight_seed2026_2075_20260715_161105/summary.json
asia,Asia (8),OptABA-PC,12,12.0,2037.0,4.0,0.5,4.666666666666667,0.6666666666666666,4.0,4.0,4.0,0.5,0.5,0.5,4.666666666666667,4.0,5.0,0.6666666666666666,0.75,0.625,1.0,3.0,0.75,0.75,0.75,0.6666666666666666,0.75,0.625,0.75,0.75,0.75,0.6666666666666665,0.6666666666666665,0.6666666666666665,0.0,0.0,6.968946773093194,results/paper_aaai2027/frozen/results/final_mcs_experiments_er_sf_alpha001_nowrong_noweight_50rep_chunked/wc_sweep_bnlearn_asia_alpha001_nowrong_noweight_seed2026_2075_20260715_161105/summary.json
asia,Asia (8),OptABA-PC,13,13.0,2038.0,4.0,0.5,4.666666666666667,0.6666666666666666,4.0,4.0,4.0,0.5,0.5,0.5,4.666666666666667,4.0,5.0,0.6666666666666666,0.75,0.625,1.0,3.0,0.75,0.75,0.75,0.6666666666666666,0.75,0.625,0.75,0.75,0.75,0.6666666666666665,0.6666666666666665,0.6666666666666665,0.0,0.0,26.73038525832817,results/paper_aaai2027/frozen/results/final_mcs_experiments_er_sf_alpha001_nowrong_noweight_50rep_chunked/wc_sweep_bnlearn_asia_alpha001_nowrong_noweight_seed2026_2075_20260715_161105/summary.json
asia,Asia (8),OptABA-PC,14,14.0,2039.0,3.5,0.5719,4.666666666666667,0.6672211902875493,3.5,3.0,4.0,0.5719,0.5882,0.5556,4.666666666666667,3.0,6.0,0.6672211902875493,0.8235418683446273,0.5555555555555556,2.0,12.0,0.8006535947712418,0.823529411764706,0.7777777777777777,0.6672113289760349,0.823529411764706,0.5555555555555556,0.8006535947712419,0.823529411764706,0.7777777777777777,0.6333333333333333,0.6666666666666665,0.6,0.0,0.0,52.69258903386071,results/paper_aaai2027/frozen/results/final_mcs_experiments_er_sf_alpha001_nowrong_noweight_50rep_chunked/wc_sweep_bnlearn_asia_alpha001_nowrong_noweight_seed2026_2075_20260715_161105/summary.json
asia,Asia (8),OptABA-PC,15,15.0,2040.0,3.0,0.6667,3.0,0.6666728888225192,3.0,3.0,3.0,0.6667,0.6667,0.6667,3.0,3.0,3.0,0.6666728888225192,0.6666728888225192,0.6666728888225192,1.0,1.0,0.9333333333333333,0.9333333333333333,0.9333333333333333,0.6666666666666666,0.6666666666666666,0.6666666666666666,0.9333333333333333,0.9333333333333333,0.9333333333333333,0.8,0.8,0.8,0.0,0.0,3.7448349711485207,results/paper_aaai2027/frozen/results/final_mcs_experiments_er_sf_alpha001_nowrong_noweight_50rep_chunked/wc_sweep_bnlearn_asia_alpha001_nowrong_noweight_seed2026_2075_20260715_161105/summary.json
asia,Asia (8),OptABA-PC,16,16.0,2041.0,4.0,0.5,4.666666666666667,0.6666666666666666,4.0,4.0,4.0,0.5,0.5,0.5,4.666666666666667,4.0,5.0,0.6666666666666666,0.75,0.625,1.0,3.0,0.75,0.75,0.75,0.6666666666666666,0.75,0.625,0.75,0.75,0.75,0.6666666666666665,0.6666666666666665,0.6666666666666665,0.0,0.0,9.169562052935362,results/paper_aaai2027/frozen/results/final_mcs_experiments_er_sf_alpha001_nowrong_noweight_50rep_chunked/wc_sweep_bnlearn_asia_alpha001_nowrong_noweight_seed2026_2075_20260715_161105/summary.json
asia,Asia (8),OptABA-PC,17,17.0,2042.0,4.0,0.5,4.666666666666667,0.6666666666666666,4.0,4.0,4.0,0.5,0.5,0.5,4.666666666666667,4.0,5.0,0.6666666666666666,0.75,0.625,1.0,3.0,0.75,0.75,0.75,0.6666666666666666,0.75,0.625,0.75,0.75,0.75,0.6666666666666665,0.6666666666666665,0.6666666666666665,0.0,0.0,14.781693757977337,results/paper_aaai2027/frozen/results/final_mcs_experiments_er_sf_alpha001_nowrong_noweight_50rep_chunked/wc_sweep_bnlearn_asia_alpha001_nowrong_noweight_seed2026_2075_20260715_161105/summary.json
asia,Asia (8),OptABA-PC,18,18.0,2043.0,4.0,0.5,4.666666666666667,0.6666666666666666,4.0,4.0,4.0,0.5,0.5,0.5,4.666666666666667,4.0,5.0,0.6666666666666666,0.75,0.625,1.0,3.0,0.75,0.75,0.75,0.6666666666666666,0.75,0.625,0.75,0.75,0.75,0.6666666666666665,0.6666666666666665,0.6666666666666665,0.0,0.0,241.54942350275815,results/paper_aaai2027/frozen/results/final_mcs_experiments_er_sf_alpha001_nowrong_noweight_50rep_chunked/wc_sweep_bnlearn_asia_alpha001_nowrong_noweight_seed2026_2075_20260715_161105/summary.json
asia,Asia (8),OptABA-PC,19,19.0,2044.0,4.0,0.5,4.666666666666667,0.6666666666666666,4.0,4.0,4.0,0.5,0.5,0.5,4.666666666666667,4.0,5.0,0.6666666666666666,0.75,0.625,1.0,3.0,0.75,0.75,0.75,0.6666666666666666,0.75,0.625,0.75,0.75,0.75,0.6666666666666665,0.6666666666666665,0.6666666666666665,0.0,0.0,40.75975170498714,results/paper_aaai2027/frozen/results/final_mcs_experiments_er_sf_alpha001_nowrong_noweight_50rep_chunked/wc_sweep_bnlearn_asia_alpha001_nowrong_noweight_seed2026_2075_20260715_161105/summary.json
asia,Asia (8),OptABA-PC,20,20.0,2045.0,4.0,0.5,4.666666666666667,0.6666666666666666,4.0,4.0,4.0,0.5,0.5,0.5,4.666666666666667,4.0,5.0,0.6666666666666666,0.75,0.625,1.0,3.0,0.75,0.75,0.75,0.6666666666666666,0.75,0.625,0.75,0.75,0.75,0.6666666666666665,0.6666666666666665,0.6666666666666665,0.0,0.0,4.849036915227771,results/paper_aaai2027/frozen/results/final_mcs_experiments_er_sf_alpha001_nowrong_noweight_50rep_chunked/wc_sweep_bnlearn_asia_alpha001_nowrong_noweight_seed2026_2075_20260715_161105/summary.json
asia,Asia (8),OptABA-PC,21,21.0,2046.0,3.5,0.5719,4.666666666666667,0.6672211902875493,3.5,3.0,4.0,0.5719,0.5882,0.5556,4.666666666666667,3.0,6.0,0.6672211902875493,0.8235418683446273,0.5555555555555556,2.0,12.0,0.8006535947712418,0.823529411764706,0.7777777777777777,0.6672113289760349,0.823529411764706,0.5555555555555556,0.8006535947712419,0.823529411764706,0.7777777777777777,0.6333333333333333,0.6666666666666665,0.6,0.0,0.0,214.6080256071873,results/paper_aaai2027/frozen/results/final_mcs_experiments_er_sf_alpha001_nowrong_noweight_50rep_chunked/wc_sweep_bnlearn_asia_alpha001_nowrong_noweight_seed2026_2075_20260715_161105/summary.json
asia,Asia (8),OptABA-PC,22,22.0,2047.0,,,,,,,,,,,,,,,,,,,,,,,,,,,,,,,,,0.0,results/paper_aaai2027/frozen/results/final_mcs_experiments_er_sf_alpha001_nowrong_noweight_50rep_chunked/wc_sweep_bnlearn_asia_alpha001_nowrong_noweight_seed2026_2075_20260715_161105/summary.json
asia,Asia (8),OptABA-PC,23,23.0,2048.0,4.0,0.5,4.666666666666667,0.6666666666666666,4.0,4.0,4.0,0.5,0.5,0.5,4.666666666666667,4.0,5.0,0.6666666666666666,0.75,0.625,1.0,3.0,0.75,0.75,0.75,0.6666666666666666,0.75,0.625,0.75,0.75,0.75,0.6666666666666665,0.6666666666666665,0.6666666666666665,0.0,0.0,9.645782568957657,results/paper_aaai2027/frozen/results/final_mcs_experiments_er_sf_alpha001_nowrong_noweight_50rep_chunked/wc_sweep_bnlearn_asia_alpha001_nowrong_noweight_seed2026_2075_20260715_161105/summary.json
asia,Asia (8),OptABA-PC,24,24.0,2049.0,4.0,0.5,4.666666666666667,0.6666666666666666,4.0,4.0,4.0,0.5,0.5,0.5,4.666666666666667,4.0,5.0,0.6666666666666666,0.75,0.625,1.0,3.0,0.75,0.75,0.75,0.6666666666666666,0.75,0.625,0.75,0.75,0.75,0.6666666666666665,0.6666666666666665,0.6666666666666665,0.0,0.0,8.130622276104987,results/paper_aaai2027/frozen/results/final_mcs_experiments_er_sf_alpha001_nowrong_noweight_50rep_chunked/wc_sweep_bnlearn_asia_alpha001_nowrong_noweight_seed2026_2075_20260715_161105/summary.json
asia,Asia (8),OptABA-PC,25,25.0,2050.0,4.0,0.5,4.666666666666667,0.6666666666666666,4.0,4.0,4.0,0.5,0.5,0.5,4.666666666666667,4.0,5.0,0.6666666666666666,0.75,0.625,1.0,3.0,0.75,0.75,0.75,0.6666666666666666,0.75,0.625,0.75,0.75,0.75,0.6666666666666665,0.6666666666666665,0.6666666666666665,0.0,0.0,13.954877708107233,results/paper_aaai2027/frozen/results/final_mcs_experiments_er_sf_alpha001_nowrong_noweight_50rep_chunked/wc_sweep_bnlearn_asia_alpha001_nowrong_noweight_seed2026_2075_20260715_161105/summary.json
asia,Asia (8),OptABA-PC,26,26.0,2051.0,4.0,0.5,4.666666666666667,0.6666666666666666,4.0,4.0,4.0,0.5,0.5,0.5,4.666666666666667,4.0,5.0,0.6666666666666666,0.75,0.625,1.0,3.0,0.75,0.75,0.75,0.6666666666666666,0.75,0.625,0.75,0.75,0.75,0.6666666666666665,0.6666666666666665,0.6666666666666665,0.0,0.0,12.686403195839375,results/paper_aaai2027/frozen/results/final_mcs_experiments_er_sf_alpha001_nowrong_noweight_50rep_chunked/wc_sweep_bnlearn_asia_alpha001_nowrong_noweight_seed2026_2075_20260715_161105/summary.json
asia,Asia (8),OptABA-PC,27,27.0,2052.0,3.5,0.5719,4.666666666666667,0.6672211902875493,3.5,3.0,4.0,0.5719,0.5882,0.5556,4.666666666666667,3.0,6.0,0.6672211902875493,0.8235418683446273,0.5555555555555556,2.0,12.0,0.8006535947712418,0.823529411764706,0.7777777777777777,0.6672113289760349,0.823529411764706,0.5555555555555556,0.8006535947712419,0.823529411764706,0.7777777777777777,0.6333333333333333,0.6666666666666665,0.6,0.0,0.0,100.55842850124463,results/paper_aaai2027/frozen/results/final_mcs_experiments_er_sf_alpha001_nowrong_noweight_50rep_chunked/wc_sweep_bnlearn_asia_alpha001_nowrong_noweight_seed2026_2075_20260715_161105/summary.json
asia,Asia (8),OptABA-PC,28,28.0,2053.0,3.0,0.6667,3.0,0.6666728888225192,3.0,3.0,3.0,0.6667,0.6667,0.6667,3.0,3.0,3.0,0.6666728888225192,0.6666728888225192,0.6666728888225192,1.0,1.0,0.9333333333333333,0.9333333333333333,0.9333333333333333,0.6666666666666666,0.6666666666666666,0.6666666666666666,0.9333333333333333,0.9333333333333333,0.9333333333333333,0.8,0.8,0.8,0.0,0.0,302.45788812683895,results/paper_aaai2027/frozen/results/final_mcs_experiments_er_sf_alpha001_nowrong_noweight_50rep_chunked/wc_sweep_bnlearn_asia_alpha001_nowrong_noweight_seed2026_2075_20260715_161105/summary.json
asia,Asia (8),OptABA-PC,29,29.0,2054.0,3.0,0.6667,3.0,0.6666728888225192,3.0,3.0,3.0,0.6667,0.6667,0.6667,3.0,3.0,3.0,0.6666728888225192,0.6666728888225192,0.6666728888225192,1.0,1.0,0.9333333333333333,0.9333333333333333,0.9333333333333333,0.6666666666666666,0.6666666666666666,0.6666666666666666,0.9333333333333333,0.9333333333333333,0.9333333333333333,0.8,0.8,0.8,0.0,0.0,3.5870675379410386,results/paper_aaai2027/frozen/results/final_mcs_experiments_er_sf_alpha001_nowrong_noweight_50rep_chunked/wc_sweep_bnlearn_asia_alpha001_nowrong_noweight_seed2026_2075_20260715_161105/summary.json
asia,Asia (8),OptABA-PC,30,30.0,2055.0,3.5,0.5719,4.666666666666667,0.6672211902875493,3.5,3.0,4.0,0.5719,0.5882,0.5556,4.666666666666667,3.0,6.0,0.6672211902875493,0.8235418683446273,0.5555555555555556,2.0,12.0,0.8006535947712418,0.823529411764706,0.7777777777777777,0.6672113289760349,0.823529411764706,0.5555555555555556,0.8006535947712419,0.823529411764706,0.7777777777777777,0.6333333333333333,0.6666666666666665,0.6,0.0,0.0,83.52231683302671,results/paper_aaai2027/frozen/results/final_mcs_experiments_er_sf_alpha001_nowrong_noweight_50rep_chunked/wc_sweep_bnlearn_asia_alpha001_nowrong_noweight_seed2026_2075_20260715_161105/summary.json
asia,Asia (8),OptABA-PC,31,31.0,2056.0,4.0,0.5,4.666666666666667,0.6666666666666666,4.0,4.0,4.0,0.5,0.5,0.5,4.666666666666667,4.0,5.0,0.6666666666666666,0.75,0.625,1.0,3.0,0.75,0.75,0.75,0.6666666666666666,0.75,0.625,0.75,0.75,0.75,0.6666666666666665,0.6666666666666665,0.6666666666666665,0.0,0.0,20.540918363723904,results/paper_aaai2027/frozen/results/final_mcs_experiments_er_sf_alpha001_nowrong_noweight_50rep_chunked/wc_sweep_bnlearn_asia_alpha001_nowrong_noweight_seed2026_2075_20260715_161105/summary.json
asia,Asia (8),OptABA-PC,32,32.0,2057.0,4.0,0.5,4.666666666666667,0.6666666666666666,4.0,4.0,4.0,0.5,0.5,0.5,4.666666666666667,4.0,5.0,0.6666666666666666,0.75,0.625,1.0,3.0,0.75,0.75,0.75,0.6666666666666666,0.75,0.625,0.75,0.75,0.75,0.6666666666666665,0.6666666666666665,0.6666666666666665,0.0,0.0,100.19960729312152,results/paper_aaai2027/frozen/results/final_mcs_experiments_er_sf_alpha001_nowrong_noweight_50rep_chunked/wc_sweep_bnlearn_asia_alpha001_nowrong_noweight_seed2026_2075_20260715_161105/summary.json
asia,Asia (8),OptABA-PC,33,33.0,2058.0,4.0,0.5,4.666666666666667,0.6666666666666666,4.0,4.0,4.0,0.5,0.5,0.5,4.666666666666667,4.0,5.0,0.6666666666666666,0.75,0.625,1.0,3.0,0.75,0.75,0.75,0.6666666666666666,0.75,0.625,0.75,0.75,0.75,0.6666666666666665,0.6666666666666665,0.6666666666666665,0.0,0.0,31.58267785795033,results/paper_aaai2027/frozen/results/final_mcs_experiments_er_sf_alpha001_nowrong_noweight_50rep_chunked/wc_sweep_bnlearn_asia_alpha001_nowrong_noweight_seed2026_2075_20260715_161105/summary.json
asia,Asia (8),OptABA-PC,34,34.0,2059.0,4.0,0.5,4.666666666666667,0.6666666666666666,4.0,4.0,4.0,0.5,0.5,0.5,4.666666666666667,4.0,5.0,0.6666666666666666,0.75,0.625,1.0,3.0,0.75,0.75,0.75,0.6666666666666666,0.75,0.625,0.75,0.75,0.75,0.6666666666666665,0.6666666666666665,0.6666666666666665,0.0,0.0,27.210994724184275,results/paper_aaai2027/frozen/results/final_mcs_experiments_er_sf_alpha001_nowrong_noweight_50rep_chunked/wc_sweep_bnlearn_asia_alpha001_nowrong_noweight_seed2026_2075_20260715_161105/summary.json
asia,Asia (8),OptABA-PC,35,35.0,2060.0,4.0,0.5,4.666666666666667,0.6666666666666666,4.0,4.0,4.0,0.5,0.5,0.5,4.666666666666667,4.0,5.0,0.6666666666666666,0.75,0.625,1.0,3.0,0.75,0.75,0.75,0.6666666666666666,0.75,0.625,0.75,0.75,0.75,0.6666666666666665,0.6666666666666665,0.6666666666666665,0.0,0.0,5.530741000082344,results/paper_aaai2027/frozen/results/final_mcs_experiments_er_sf_alpha001_nowrong_noweight_50rep_chunked/wc_sweep_bnlearn_asia_alpha001_nowrong_noweight_seed2026_2075_20260715_161105/summary.json
asia,Asia (8),OptABA-PC,36,36.0,2061.0,4.0,0.5,4.666666666666667,0.6666666666666666,4.0,4.0,4.0,0.5,0.5,0.5,4.666666666666667,4.0,5.0,0.6666666666666666,0.75,0.625,1.0,3.0,0.75,0.75,0.75,0.6666666666666666,0.75,0.625,0.75,0.75,0.75,0.6666666666666665,0.6666666666666665,0.6666666666666665,0.0,0.0,16.14463721914217,results/paper_aaai2027/frozen/results/final_mcs_experiments_er_sf_alpha001_nowrong_noweight_50rep_chunked/wc_sweep_bnlearn_asia_alpha001_nowrong_noweight_seed2026_2075_20260715_161105/summary.json
asia,Asia (8),OptABA-PC,37,37.0,2062.0,4.0,0.5,4.666666666666667,0.6666666666666666,4.0,4.0,4.0,0.5,0.5,0.5,4.666666666666667,4.0,5.0,0.6666666666666666,0.75,0.625,1.0,3.0,0.75,0.75,0.75,0.6666666666666666,0.75,0.625,0.75,0.75,0.75,0.6666666666666665,0.6666666666666665,0.6666666666666665,0.0,0.0,18.08157021505758,results/paper_aaai2027/frozen/results/final_mcs_experiments_er_sf_alpha001_nowrong_noweight_50rep_chunked/wc_sweep_bnlearn_asia_alpha001_nowrong_noweight_seed2026_2075_20260715_161105/summary.json
asia,Asia (8),OptABA-PC,38,38.0,2063.0,4.0,0.5,4.666666666666667,0.6666666666666666,4.0,4.0,4.0,0.5,0.5,0.5,4.666666666666667,4.0,5.0,0.6666666666666666,0.75,0.625,1.0,3.0,0.75,0.75,0.75,0.6666666666666666,0.75,0.625,0.75,0.75,0.75,0.6666666666666665,0.6666666666666665,0.6666666666666665,0.0,0.0,24.875729721039534,results/paper_aaai2027/frozen/results/final_mcs_experiments_er_sf_alpha001_nowrong_noweight_50rep_chunked/wc_sweep_bnlearn_asia_alpha001_nowrong_noweight_seed2026_2075_20260715_161105/summary.json
asia,Asia (8),OptABA-PC,39,39.0,2064.0,6.0,0.5882,5.5,0.6470806221486081,6.0,6.0,6.0,0.5882,0.5882,0.5882,5.5,5.0,6.0,0.6470806221486081,0.705901037622644,0.5882602066745722,1.0,2.0,0.7058823529411765,0.7058823529411765,0.7058823529411765,0.6470588235294118,0.7058823529411765,0.5882352941176471,0.7058823529411765,0.7058823529411765,0.7058823529411765,0.5454545454545454,0.5454545454545454,0.5454545454545454,0.0,0.0,213.9311351608485,results/paper_aaai2027/frozen/results/final_mcs_experiments_er_sf_alpha001_nowrong_noweight_50rep_chunked/wc_sweep_bnlearn_asia_alpha001_nowrong_noweight_seed2026_2075_20260715_161105/summary.json
asia,Asia (8),OptABA-PC,40,40.0,2065.0,4.0,0.5,4.666666666666667,0.6666666666666666,4.0,4.0,4.0,0.5,0.5,0.5,4.666666666666667,4.0,5.0,0.6666666666666666,0.75,0.625,1.0,3.0,0.75,0.75,0.75,0.6666666666666666,0.75,0.625,0.75,0.75,0.75,0.6666666666666665,0.6666666666666665,0.6666666666666665,0.0,0.0,18.599492385983467,results/paper_aaai2027/frozen/results/final_mcs_experiments_er_sf_alpha001_nowrong_noweight_50rep_chunked/wc_sweep_bnlearn_asia_alpha001_nowrong_noweight_seed2026_2075_20260715_161105/summary.json
asia,Asia (8),OptABA-PC,41,41.0,2066.0,6.0,0.4706,5.666666666666667,0.6274738169905961,6.0,6.0,6.0,0.4706,0.4706,0.4706,5.666666666666667,5.0,6.0,0.6274738169905961,0.705901037622644,0.5882602066745722,1.0,3.0,0.7058823529411765,0.7058823529411765,0.7058823529411765,0.6274509803921569,0.7058823529411765,0.5882352941176471,0.7058823529411765,0.7058823529411765,0.7058823529411765,0.5454545454545454,0.5454545454545454,0.5454545454545454,0.0,0.0,195.4597196886316,results/paper_aaai2027/frozen/results/final_mcs_experiments_er_sf_alpha001_nowrong_noweight_50rep_chunked/wc_sweep_bnlearn_asia_alpha001_nowrong_noweight_seed2026_2075_20260715_161105/summary.json
asia,Asia (8),OptABA-PC,42,42.0,2067.0,4.0,0.5,4.666666666666667,0.6666666666666666,4.0,4.0,4.0,0.5,0.5,0.5,4.666666666666667,4.0,5.0,0.6666666666666666,0.75,0.625,1.0,3.0,0.75,0.75,0.75,0.6666666666666666,0.75,0.625,0.75,0.75,0.75,0.6666666666666665,0.6666666666666665,0.6666666666666665,0.0,0.0,48.47473854897544,results/paper_aaai2027/frozen/results/final_mcs_experiments_er_sf_alpha001_nowrong_noweight_50rep_chunked/wc_sweep_bnlearn_asia_alpha001_nowrong_noweight_seed2026_2075_20260715_161105/summary.json
asia,Asia (8),OptABA-PC,43,43.0,2068.0,4.0,0.5,4.666666666666667,0.6666666666666666,4.0,4.0,4.0,0.5,0.5,0.5,4.666666666666667,4.0,5.0,0.6666666666666666,0.75,0.625,1.0,3.0,0.75,0.75,0.75,0.6666666666666666,0.75,0.625,0.75,0.75,0.75,0.6666666666666665,0.6666666666666665,0.6666666666666665,0.0,0.0,15.967196833807975,results/paper_aaai2027/frozen/results/final_mcs_experiments_er_sf_alpha001_nowrong_noweight_50rep_chunked/wc_sweep_bnlearn_asia_alpha001_nowrong_noweight_seed2026_2075_20260715_161105/summary.json
asia,Asia (8),OptABA-PC,44,44.0,2069.0,4.0,0.5,4.666666666666667,0.6666666666666666,4.0,4.0,4.0,0.5,0.5,0.5,4.666666666666667,4.0,5.0,0.6666666666666666,0.75,0.625,1.0,3.0,0.75,0.75,0.75,0.6666666666666666,0.75,0.625,0.75,0.75,0.75,0.6666666666666665,0.6666666666666665,0.6666666666666665,0.0,0.0,9.658419499639422,results/paper_aaai2027/frozen/results/final_mcs_experiments_er_sf_alpha001_nowrong_noweight_50rep_chunked/wc_sweep_bnlearn_asia_alpha001_nowrong_noweight_seed2026_2075_20260715_161105/summary.json
asia,Asia (8),OptABA-PC,45,45.0,2070.0,4.0,0.5,4.666666666666667,0.6666666666666666,4.0,4.0,4.0,0.5,0.5,0.5,4.666666666666667,4.0,5.0,0.6666666666666666,0.75,0.625,1.0,3.0,0.75,0.75,0.75,0.6666666666666666,0.75,0.625,0.75,0.75,0.75,0.6666666666666665,0.6666666666666665,0.6666666666666665,0.0,0.0,302.3266606638208,results/paper_aaai2027/frozen/results/final_mcs_experiments_er_sf_alpha001_nowrong_noweight_50rep_chunked/wc_sweep_bnlearn_asia_alpha001_nowrong_noweight_seed2026_2075_20260715_161105/summary.json
asia,Asia (8),OptABA-PC,46,46.0,2071.0,4.0,0.5,4.666666666666667,0.6666666666666666,4.0,4.0,4.0,0.5,0.5,0.5,4.666666666666667,4.0,5.0,0.6666666666666666,0.75,0.625,1.0,3.0,0.75,0.75,0.75,0.6666666666666666,0.75,0.625,0.75,0.75,0.75,0.6666666666666665,0.6666666666666665,0.6666666666666665,0.0,0.0,14.095850035082549,results/paper_aaai2027/frozen/results/final_mcs_experiments_er_sf_alpha001_nowrong_noweight_50rep_chunked/wc_sweep_bnlearn_asia_alpha001_nowrong_noweight_seed2026_2075_20260715_161105/summary.json
asia,Asia (8),OptABA-PC,47,47.0,2072.0,4.0,0.5,4.666666666666667,0.6666666666666666,4.0,4.0,4.0,0.5,0.5,0.5,4.666666666666667,4.0,5.0,0.6666666666666666,0.75,0.625,1.0,3.0,0.75,0.75,0.75,0.6666666666666666,0.75,0.625,0.75,0.75,0.75,0.6666666666666665,0.6666666666666665,0.6666666666666665,0.0,0.0,109.97094307560474,results/paper_aaai2027/frozen/results/final_mcs_experiments_er_sf_alpha001_nowrong_noweight_50rep_chunked/wc_sweep_bnlearn_asia_alpha001_nowrong_noweight_seed2026_2075_20260715_161105/summary.json
asia,Asia (8),OptABA-PC,48,48.0,2073.0,3.5,0.5719,4.666666666666667,0.6672211902875493,3.5,3.0,4.0,0.5719,0.5882,0.5556,4.666666666666667,3.0,6.0,0.6672211902875493,0.8235418683446273,0.5555555555555556,2.0,12.0,0.8006535947712418,0.823529411764706,0.7777777777777777,0.6672113289760349,0.823529411764706,0.5555555555555556,0.8006535947712419,0.823529411764706,0.7777777777777777,0.6333333333333333,0.6666666666666665,0.6,0.0,0.0,164.9877267810516,results/paper_aaai2027/frozen/results/final_mcs_experiments_er_sf_alpha001_nowrong_noweight_50rep_chunked/wc_sweep_bnlearn_asia_alpha001_nowrong_noweight_seed2026_2075_20260715_161105/summary.json
asia,Asia (8),OptABA-PC,49,49.0,2074.0,3.5,0.5719,4.666666666666667,0.6672211902875493,3.5,3.0,4.0,0.5719,0.5882,0.5556,4.666666666666667,3.0,6.0,0.6672211902875493,0.8235418683446273,0.5555555555555556,2.0,12.0,0.8006535947712418,0.823529411764706,0.7777777777777777,0.6672113289760349,0.823529411764706,0.5555555555555556,0.8006535947712419,0.823529411764706,0.7777777777777777,0.6333333333333333,0.6666666666666665,0.6,0.0,0.0,206.70897957216948,results/paper_aaai2027/frozen/results/final_mcs_experiments_er_sf_alpha001_nowrong_noweight_50rep_chunked/wc_sweep_bnlearn_asia_alpha001_nowrong_noweight_seed2026_2075_20260715_161105/summary.json
asia,Asia (8),OptABA-PC,50,50.0,2075.0,4.0,0.5,4.666666666666667,0.6666666666666666,4.0,4.0,4.0,0.5,0.5,0.5,4.666666666666667,4.0,5.0,0.6666666666666666,0.75,0.625,1.0,3.0,0.75,0.75,0.75,0.6666666666666666,0.75,0.625,0.75,0.75,0.75,0.6666666666666665,0.6666666666666665,0.6666666666666665,0.0,0.0,1.8743210900574923,results/paper_aaai2027/frozen/results/final_mcs_experiments_er_sf_alpha001_nowrong_noweight_50rep_chunked/wc_sweep_bnlearn_asia_alpha001_nowrong_noweight_seed2026_2075_20260715_161105/summary.json
er5,ER (5),MPC,1,,2026.0,0.0,0.5,10.0,0.0,0.0,0.0,0.0,0.5,0.5,0.5,10.0,10.0,10.0,0.0,0.0,0.0,1.0,1.0,,,,,,,,,,,,,,,0.0163624286651611,paper_er_sf_alpha001_nowrong_noweight_50rep_mpc
er5,ER (5),MPC,2,,2027.0,8.0,0.5556,6.0,0.5,8.0,8.0,8.0,0.5556,0.5556,0.5556,6.0,6.0,6.0,0.5,0.5,0.5,1.0,1.0,,,,,,,,,,,,,,,0.0162086486816406,paper_er_sf_alpha001_nowrong_noweight_50rep_mpc
er5,ER (5),MPC,3,,2028.0,7.0,0.4211,7.0,0.375,7.0,7.0,7.0,0.4211,0.4211,0.4211,7.0,7.0,7.0,0.375,0.375,0.375,1.0,1.0,,,,,,,,,,,,,,,0.0177962779998779,paper_er_sf_alpha001_nowrong_noweight_50rep_mpc
er5,ER (5),MPC,4,,2029.0,8.0,0.5556,6.0,0.5,8.0,8.0,8.0,0.5556,0.5556,0.5556,6.0,6.0,6.0,0.5,0.5,0.5,1.0,1.0,,,,,,,,,,,,,,,0.0166923999786376,paper_er_sf_alpha001_nowrong_noweight_50rep_mpc
er5,ER (5),MPC,5,,2030.0,0.0,0.3,10.0,0.0,0.0,0.0,0.0,0.3,0.3,0.3,10.0,10.0,10.0,0.0,0.0,0.0,1.0,1.0,,,,,,,,,,,,,,,0.0168201923370361,paper_er_sf_alpha001_nowrong_noweight_50rep_mpc
er5,ER (5),MPC,6,,2031.0,0.0,0.3,10.0,0.0,0.0,0.0,0.0,0.3,0.3,0.3,10.0,10.0,10.0,0.0,0.0,0.0,1.0,1.0,,,,,,,,,,,,,,,0.0166988372802734,paper_er_sf_alpha001_nowrong_noweight_50rep_mpc
er5,ER (5),MPC,7,,2032.0,0.0,0.6,10.0,0.0,0.0,0.0,0.0,0.6,0.6,0.6,10.0,10.0,10.0,0.0,0.0,0.0,1.0,1.0,,,,,,,,,,,,,,,0.0169775485992431,paper_er_sf_alpha001_nowrong_noweight_50rep_mpc
er5,ER (5),MPC,8,,2033.0,7.0,0.3158,7.0,0.375,7.0,7.0,7.0,0.3158,0.3158,0.3158,7.0,7.0,7.0,0.375,0.375,0.375,1.0,1.0,,,,,,,,,,,,,,,0.0167551040649414,paper_er_sf_alpha001_nowrong_noweight_50rep_mpc
er5,ER (5),MPC,9,,2034.0,0.0,0.3,10.0,0.0,0.0,0.0,0.0,0.3,0.3,0.3,10.0,10.0,10.0,0.0,0.0,0.0,1.0,1.0,,,,,,,,,,,,,,,0.0167860984802246,paper_er_sf_alpha001_nowrong_noweight_50rep_mpc
er5,ER (5),MPC,10,,2035.0,9.0,0.5882,6.0,0.5,9.0,9.0,9.0,0.5882,0.5882,0.5882,6.0,6.0,6.0,0.5,0.5,0.5,1.0,1.0,,,,,,,,,,,,,,,0.0157501697540283,paper_er_sf_alpha001_nowrong_noweight_50rep_mpc
er5,ER (5),MPC,11,,2036.0,0.0,0.7,10.0,0.0,0.0,0.0,0.0,0.7,0.7,0.7,10.0,10.0,10.0,0.0,0.0,0.0,1.0,1.0,,,,,,,,,,,,,,,0.0162031650543212,paper_er_sf_alpha001_nowrong_noweight_50rep_mpc
er5,ER (5),MPC,12,,2037.0,7.0,0.5263,7.0,0.375,7.0,7.0,7.0,0.5263,0.5263,0.5263,7.0,7.0,7.0,0.375,0.375,0.375,1.0,1.0,,,,,,,,,,,,,,,0.0166475772857666,paper_er_sf_alpha001_nowrong_noweight_50rep_mpc
er5,ER (5),MPC,13,,2038.0,0.0,0.4,10.0,0.0,0.0,0.0,0.0,0.4,0.4,0.4,10.0,10.0,10.0,0.0,0.0,0.0,1.0,1.0,,,,,,,,,,,,,,,0.0164592266082763,paper_er_sf_alpha001_nowrong_noweight_50rep_mpc
er5,ER (5),MPC,14,,2039.0,0.0,0.7,10.0,0.0,0.0,0.0,0.0,0.7,0.7,0.7,10.0,10.0,10.0,0.0,0.0,0.0,1.0,1.0,,,,,,,,,,,,,,,0.0188710689544677,paper_er_sf_alpha001_nowrong_noweight_50rep_mpc
er5,ER (5),MPC,15,,2040.0,0.0,0.2,10.0,0.0,0.0,0.0,0.0,0.2,0.2,0.2,10.0,10.0,10.0,0.0,0.0,0.0,1.0,1.0,,,,,,,,,,,,,,,0.0165095329284667,paper_er_sf_alpha001_nowrong_noweight_50rep_mpc
er5,ER (5),MPC,16,,2041.0,7.0,0.4211,8.0,0.25,7.0,7.0,7.0,0.4211,0.4211,0.4211,8.0,8.0,8.0,0.25,0.25,0.25,1.0,1.0,,,,,,,,,,,,,,,0.0175771713256835,paper_er_sf_alpha001_nowrong_noweight_50rep_mpc
er5,ER (5),MPC,17,,2042.0,0.0,0.8,10.0,0.0,0.0,0.0,0.0,0.8,0.8,0.8,10.0,10.0,10.0,0.0,0.0,0.0,1.0,1.0,,,,,,,,,,,,,,,0.0171449184417724,paper_er_sf_alpha001_nowrong_noweight_50rep_mpc
er5,ER (5),MPC,18,,2043.0,7.0,0.5263,7.0,0.375,7.0,7.0,7.0,0.5263,0.5263,0.5263,7.0,7.0,7.0,0.375,0.375,0.375,1.0,1.0,,,,,,,,,,,,,,,0.0169165134429931,paper_er_sf_alpha001_nowrong_noweight_50rep_mpc
er5,ER (5),MPC,19,,2044.0,0.0,0.6,10.0,0.0,0.0,0.0,0.0,0.6,0.6,0.6,10.0,10.0,10.0,0.0,0.0,0.0,1.0,1.0,,,,,,,,,,,,,,,0.0156104564666748,paper_er_sf_alpha001_nowrong_noweight_50rep_mpc
er5,ER (5),MPC,20,,2045.0,7.0,0.3158,8.0,0.25,7.0,7.0,7.0,0.3158,0.3158,0.3158,8.0,8.0,8.0,0.25,0.25,0.25,1.0,1.0,,,,,,,,,,,,,,,0.0174763202667236,paper_er_sf_alpha001_nowrong_noweight_50rep_mpc
er5,ER (5),MPC,21,,2046.0,7.0,0.7368,4.0,0.75,7.0,7.0,7.0,0.7368,0.7368,0.7368,4.0,4.0,4.0,0.75,0.75,0.75,1.0,1.0,,,,,,,,,,,,,,,0.0141568183898925,paper_er_sf_alpha001_nowrong_noweight_50rep_mpc
er5,ER (5),MPC,22,,2047.0,7.0,0.5263,5.0,0.625,7.0,7.0,7.0,0.5263,0.5263,0.5263,5.0,5.0,5.0,0.625,0.625,0.625,1.0,1.0,,,,,,,,,,,,,,,0.0162539482116699,paper_er_sf_alpha001_nowrong_noweight_50rep_mpc
er5,ER (5),MPC,23,,2048.0,7.0,0.3158,8.0,0.25,7.0,7.0,7.0,0.3158,0.3158,0.3158,8.0,8.0,8.0,0.25,0.25,0.25,1.0,1.0,,,,,,,,,,,,,,,0.0160691738128662,paper_er_sf_alpha001_nowrong_noweight_50rep_mpc
er5,ER (5),MPC,24,,2049.0,8.0,0.6667,4.0,0.75,8.0,8.0,8.0,0.6667,0.6667,0.6667,4.0,4.0,4.0,0.75,0.75,0.75,1.0,1.0,,,,,,,,,,,,,,,0.0159792900085449,paper_er_sf_alpha001_nowrong_noweight_50rep_mpc
er5,ER (5),MPC,25,,2050.0,4.0,0.6667,4.0,0.6667,4.0,4.0,4.0,0.6667,0.6667,0.6667,4.0,4.0,4.0,0.6667,0.6667,0.6667,1.0,1.0,,,,,,,,,,,,,,,0.0135526657104492,paper_er_sf_alpha001_nowrong_noweight_50rep_mpc
er5,ER (5),MPC,26,,2051.0,3.0,0.7778,3.0,0.7778,3.0,3.0,3.0,0.7778,0.7778,0.7778,3.0,3.0,3.0,0.7778,0.7778,0.7778,1.0,1.0,,,,,,,,,,,,,,,0.0137042999267578,paper_er_sf_alpha001_nowrong_noweight_50rep_mpc
er5,ER (5),MPC,27,,2052.0,0.0,0.4,10.0,0.0,0.0,0.0,0.0,0.4,0.4,0.4,10.0,10.0,10.0,0.0,0.0,0.0,1.0,1.0,,,,,,,,,,,,,,,0.0168020725250244,paper_er_sf_alpha001_nowrong_noweight_50rep_mpc
er5,ER (5),MPC,28,,2053.0,7.0,0.4211,7.0,0.375,7.0,7.0,7.0,0.4211,0.4211,0.4211,7.0,7.0,7.0,0.375,0.375,0.375,1.0,1.0,,,,,,,,,,,,,,,0.0141253471374511,paper_er_sf_alpha001_nowrong_noweight_50rep_mpc
er5,ER (5),MPC,29,,2054.0,7.0,0.4211,7.0,0.375,7.0,7.0,7.0,0.4211,0.4211,0.4211,7.0,7.0,7.0,0.375,0.375,0.375,1.0,1.0,,,,,,,,,,,,,,,0.0146636962890625,paper_er_sf_alpha001_nowrong_noweight_50rep_mpc
er5,ER (5),MPC,30,,2055.0,9.0,0.5882,6.0,0.5,9.0,9.0,9.0,0.5882,0.5882,0.5882,6.0,6.0,6.0,0.5,0.5,0.5,1.0,1.0,,,,,,,,,,,,,,,0.0130567550659179,paper_er_sf_alpha001_nowrong_noweight_50rep_mpc
er5,ER (5),MPC,31,,2056.0,8.0,0.6667,6.0,0.5,8.0,8.0,8.0,0.6667,0.6667,0.6667,6.0,6.0,6.0,0.5,0.5,0.5,1.0,1.0,,,,,,,,,,,,,,,0.0145251750946044,paper_er_sf_alpha001_nowrong_noweight_50rep_mpc
er5,ER (5),MPC,32,,2057.0,8.0,0.8889,4.0,0.75,8.0,8.0,8.0,0.8889,0.8889,0.8889,4.0,4.0,4.0,0.75,0.75,0.75,1.0,1.0,,,,,,,,,,,,,,,0.014228343963623,paper_er_sf_alpha001_nowrong_noweight_50rep_mpc
er5,ER (5),MPC,33,,2058.0,7.0,0.5263,7.0,0.375,7.0,7.0,7.0,0.5263,0.5263,0.5263,7.0,7.0,7.0,0.375,0.375,0.375,1.0,1.0,,,,,,,,,,,,,,,0.0196483135223388,paper_er_sf_alpha001_nowrong_noweight_50rep_mpc
er5,ER (5),MPC,34,,2059.0,7.0,0.8421,5.0,0.625,7.0,7.0,7.0,0.8421,0.8421,0.8421,5.0,5.0,5.0,0.625,0.625,0.625,1.0,1.0,,,,,,,,,,,,,,,0.0146188735961914,paper_er_sf_alpha001_nowrong_noweight_50rep_mpc
er5,ER (5),MPC,35,,2060.0,0.0,0.5,10.0,0.0,0.0,0.0,0.0,0.5,0.5,0.5,10.0,10.0,10.0,0.0,0.0,0.0,1.0,1.0,,,,,,,,,,,,,,,0.014388084411621,paper_er_sf_alpha001_nowrong_noweight_50rep_mpc
er5,ER (5),MPC,36,,2061.0,7.0,0.5263,5.0,0.625,7.0,7.0,7.0,0.5263,0.5263,0.5263,5.0,5.0,5.0,0.625,0.625,0.625,1.0,1.0,,,,,,,,,,,,,,,0.0142920017242431,paper_er_sf_alpha001_nowrong_noweight_50rep_mpc
er5,ER (5),MPC,37,,2062.0,7.0,0.4211,7.0,0.375,7.0,7.0,7.0,0.4211,0.4211,0.4211,7.0,7.0,7.0,0.375,0.375,0.375,1.0,1.0,,,,,,,,,,,,,,,0.0142922401428222,paper_er_sf_alpha001_nowrong_noweight_50rep_mpc
er5,ER (5),MPC,38,,2063.0,2.0,0.8889,2.0,0.8889,2.0,2.0,2.0,0.8889,0.8889,0.8889,2.0,2.0,2.0,0.8889,0.8889,0.8889,1.0,1.0,,,,,,,,,,,,,,,0.013744831085205,paper_er_sf_alpha001_nowrong_noweight_50rep_mpc
er5,ER (5),MPC,39,,2064.0,0.0,0.3,10.0,0.0,0.0,0.0,0.0,0.3,0.3,0.3,10.0,10.0,10.0,0.0,0.0,0.0,1.0,1.0,,,,,,,,,,,,,,,0.0136938095092773,paper_er_sf_alpha001_nowrong_noweight_50rep_mpc
er5,ER (5),MPC,40,,2065.0,3.0,0.7778,3.0,0.7778,3.0,3.0,3.0,0.7778,0.7778,0.7778,3.0,3.0,3.0,0.7778,0.7778,0.7778,1.0,1.0,,,,,,,,,,,,,,,0.0129475593566894,paper_er_sf_alpha001_nowrong_noweight_50rep_mpc
er5,ER (5),MPC,41,,2066.0,5.0,0.5556,5.0,0.5556,5.0,5.0,5.0,0.5556,0.5556,0.5556,5.0,5.0,5.0,0.5556,0.5556,0.5556,1.0,1.0,,,,,,,,,,,,,,,0.0134956836700439,paper_er_sf_alpha001_nowrong_noweight_50rep_mpc
er5,ER (5),MPC,42,,2067.0,0.0,0.5,10.0,0.0,0.0,0.0,0.0,0.5,0.5,0.5,10.0,10.0,10.0,0.0,0.0,0.0,1.0,1.0,,,,,,,,,,,,,,,0.0180258750915527,paper_er_sf_alpha001_nowrong_noweight_50rep_mpc
er5,ER (5),MPC,43,,2068.0,9.0,0.4444,7.0,0.3529,9.0,9.0,9.0,0.4444,0.4444,0.4444,7.0,7.0,7.0,0.3529,0.3529,0.3529,1.0,1.0,,,,,,,,,,,,,,,0.0137295722961425,paper_er_sf_alpha001_nowrong_noweight_50rep_mpc
er5,ER (5),MPC,44,,2069.0,9.0,0.3529,7.0,0.375,9.0,9.0,9.0,0.3529,0.3529,0.3529,7.0,7.0,7.0,0.375,0.375,0.375,1.0,1.0,,,,,,,,,,,,,,,0.0120613574981689,paper_er_sf_alpha001_nowrong_noweight_50rep_mpc
er5,ER (5),MPC,45,,2070.0,7.0,0.7368,5.0,0.625,7.0,7.0,7.0,0.7368,0.7368,0.7368,5.0,5.0,5.0,0.625,0.625,0.625,1.0,1.0,,,,,,,,,,,,,,,0.0140938758850097,paper_er_sf_alpha001_nowrong_noweight_50rep_mpc
er5,ER (5),MPC,46,,2071.0,7.0,0.6316,6.0,0.5,7.0,7.0,7.0,0.6316,0.6316,0.6316,6.0,6.0,6.0,0.5,0.5,0.5,1.0,1.0,,,,,,,,,,,,,,,0.0146968364715576,paper_er_sf_alpha001_nowrong_noweight_50rep_mpc
er5,ER (5),MPC,47,,2072.0,7.0,0.7368,4.0,0.75,7.0,7.0,7.0,0.7368,0.7368,0.7368,4.0,4.0,4.0,0.75,0.75,0.75,1.0,1.0,,,,,,,,,,,,,,,0.0150001049041748,paper_er_sf_alpha001_nowrong_noweight_50rep_mpc
er5,ER (5),MPC,48,,2073.0,7.0,0.7368,5.0,0.625,7.0,7.0,7.0,0.7368,0.7368,0.7368,5.0,5.0,5.0,0.625,0.625,0.625,1.0,1.0,,,,,,,,,,,,,,,0.0145385265350341,paper_er_sf_alpha001_nowrong_noweight_50rep_mpc
er5,ER (5),MPC,49,,2074.0,7.0,0.6316,7.0,0.375,7.0,7.0,7.0,0.6316,0.6316,0.6316,7.0,7.0,7.0,0.375,0.375,0.375,1.0,1.0,,,,,,,,,,,,,,,0.0146400928497314,paper_er_sf_alpha001_nowrong_noweight_50rep_mpc
er5,ER (5),MPC,50,,2075.0,7.0,0.3158,8.0,0.25,7.0,7.0,7.0,0.3158,0.3158,0.3158,8.0,8.0,8.0,0.25,0.25,0.25,1.0,1.0,,,,,,,,,,,,,,,0.0142004489898681,paper_er_sf_alpha001_nowrong_noweight_50rep_mpc
er8,ER (8),MPC,1,,2026.0,7.0,0.6667,7.0,0.6667,7.0,7.0,7.0,0.6667,0.6667,0.6667,7.0,7.0,7.0,0.6667,0.6667,0.6667,1.0,1.0,,,,,,,,,,,,,,,0.0936896800994873,paper_er_sf_alpha001_nowrong_noweight_50rep_mpc
er8,ER (8),MPC,2,,2027.0,9.0,0.6667,8.0,0.64,9.0,9.0,9.0,0.6667,0.6667,0.6667,8.0,8.0,8.0,0.64,0.64,0.64,1.0,1.0,,,,,,,,,,,,,,,0.0425753593444824,paper_er_sf_alpha001_nowrong_noweight_50rep_mpc
er8,ER (8),MPC,3,,2028.0,11.0,0.6429,8.0,0.6154,11.0,11.0,11.0,0.6429,0.6429,0.6429,8.0,8.0,8.0,0.6154,0.6154,0.6154,1.0,1.0,,,,,,,,,,,,,,,0.0648260116577148,paper_er_sf_alpha001_nowrong_noweight_50rep_mpc
er8,ER (8),MPC,4,,2029.0,5.0,0.7097,5.0,0.7097,5.0,5.0,5.0,0.7097,0.7097,0.7097,5.0,5.0,5.0,0.7097,0.7097,0.7097,1.0,1.0,,,,,,,,,,,,,,,0.122122049331665,paper_er_sf_alpha001_nowrong_noweight_50rep_mpc
er8,ER (8),MPC,5,,2030.0,6.0,0.7586,7.0,0.6667,6.0,6.0,6.0,0.7586,0.7586,0.7586,7.0,7.0,7.0,0.6667,0.6667,0.6667,1.0,1.0,,,,,,,,,,,,,,,0.1013476848602294,paper_er_sf_alpha001_nowrong_noweight_50rep_mpc
er8,ER (8),MPC,6,,2031.0,5.0,0.5806,9.0,0.5385,5.0,5.0,5.0,0.5806,0.5806,0.5806,9.0,9.0,9.0,0.5385,0.5385,0.5385,1.0,1.0,,,,,,,,,,,,,,,0.1312341690063476,paper_er_sf_alpha001_nowrong_noweight_50rep_mpc
er8,ER (8),MPC,7,,2032.0,10.0,0.6,9.0,0.5,10.0,10.0,10.0,0.6,0.6,0.6,9.0,9.0,9.0,0.5,0.5,0.5,1.0,1.0,,,,,,,,,,,,,,,0.1324677467346191,paper_er_sf_alpha001_nowrong_noweight_50rep_mpc
er8,ER (8),MPC,8,,2033.0,10.0,0.6897,7.0,0.6429,10.0,10.0,10.0,0.6897,0.6897,0.6897,7.0,7.0,7.0,0.6429,0.6429,0.6429,1.0,1.0,,,,,,,,,,,,,,,0.0757391452789306,paper_er_sf_alpha001_nowrong_noweight_50rep_mpc
er8,ER (8),MPC,9,,2034.0,13.0,0.5161,10.0,0.4138,13.0,13.0,13.0,0.5161,0.5161,0.5161,10.0,10.0,10.0,0.4138,0.4138,0.4138,1.0,1.0,,,,,,,,,,,,,,,0.1122443675994873,paper_er_sf_alpha001_nowrong_noweight_50rep_mpc
er8,ER (8),MPC,10,,2035.0,5.0,0.7586,5.0,0.7586,5.0,5.0,5.0,0.7586,0.7586,0.7586,5.0,5.0,5.0,0.7586,0.7586,0.7586,1.0,1.0,,,,,,,,,,,,,,,0.0879120826721191,paper_er_sf_alpha001_nowrong_noweight_50rep_mpc
er8,ER (8),MPC,11,,2036.0,4.0,0.8,4.0,0.8,4.0,4.0,4.0,0.8,0.8,0.8,4.0,4.0,4.0,0.8,0.8,0.8,1.0,1.0,,,,,,,,,,,,,,,0.0951273441314697,paper_er_sf_alpha001_nowrong_noweight_50rep_mpc
er8,ER (8),MPC,12,,2037.0,9.0,0.5333,9.0,0.5185,9.0,9.0,9.0,0.5333,0.5333,0.5333,9.0,9.0,9.0,0.5185,0.5185,0.5185,1.0,1.0,,,,,,,,,,,,,,,0.0899109840393066,paper_er_sf_alpha001_nowrong_noweight_50rep_mpc
er8,ER (8),MPC,13,,2038.0,11.0,0.7333,5.0,0.7586,11.0,11.0,11.0,0.7333,0.7333,0.7333,5.0,5.0,5.0,0.7586,0.7586,0.7586,1.0,1.0,,,,,,,,,,,,,,,0.0865776538848877,paper_er_sf_alpha001_nowrong_noweight_50rep_mpc
er8,ER (8),MPC,14,,2039.0,4.0,0.7742,4.0,0.7742,4.0,4.0,4.0,0.7742,0.7742,0.7742,4.0,4.0,4.0,0.7742,0.7742,0.7742,1.0,1.0,,,,,,,,,,,,,,,0.1631083488464355,paper_er_sf_alpha001_nowrong_noweight_50rep_mpc
er8,ER (8),MPC,15,,2040.0,6.0,0.8387,4.0,0.8,6.0,6.0,6.0,0.8387,0.8387,0.8387,4.0,4.0,4.0,0.8,0.8,0.8,1.0,1.0,,,,,,,,,,,,,,,0.1199443340301513,paper_er_sf_alpha001_nowrong_noweight_50rep_mpc
er8,ER (8),MPC,16,,2041.0,11.0,0.7143,7.0,0.6667,11.0,11.0,11.0,0.7143,0.7143,0.7143,7.0,7.0,7.0,0.6667,0.6667,0.6667,1.0,1.0,,,,,,,,,,,,,,,0.0643227100372314,paper_er_sf_alpha001_nowrong_noweight_50rep_mpc
er8,ER (8),MPC,17,,2042.0,7.0,0.6207,7.0,0.6207,7.0,7.0,7.0,0.6207,0.6207,0.6207,7.0,7.0,7.0,0.6207,0.6207,0.6207,1.0,1.0,,,,,,,,,,,,,,,0.0933394432067871,paper_er_sf_alpha001_nowrong_noweight_50rep_mpc
er8,ER (8),MPC,18,,2043.0,12.0,0.3125,11.0,0.3448,12.0,12.0,12.0,0.3125,0.3125,0.3125,11.0,11.0,11.0,0.3448,0.3448,0.3448,1.0,1.0,,,,,,,,,,,,,,,0.5371811389923096,paper_er_sf_alpha001_nowrong_noweight_50rep_mpc
er8,ER (8),MPC,19,,2044.0,11.0,0.4828,9.0,0.5,11.0,11.0,11.0,0.4828,0.4828,0.4828,9.0,9.0,9.0,0.5,0.5,0.5,1.0,1.0,,,,,,,,,,,,,,,0.0868899822235107,paper_er_sf_alpha001_nowrong_noweight_50rep_mpc
er8,ER (8),MPC,20,,2045.0,11.0,0.5385,10.0,0.5217,11.0,11.0,11.0,0.5385,0.5385,0.5385,10.0,10.0,10.0,0.5217,0.5217,0.5217,1.0,1.0,,,,,,,,,,,,,,,0.0724287033081054,paper_er_sf_alpha001_nowrong_noweight_50rep_mpc
er8,ER (8),MPC,21,,2046.0,12.0,0.5714,9.0,0.5185,12.0,12.0,12.0,0.5714,0.5714,0.5714,9.0,9.0,9.0,0.5185,0.5185,0.5185,1.0,1.0,,,,,,,,,,,,,,,0.0585601329803466,paper_er_sf_alpha001_nowrong_noweight_50rep_mpc
er8,ER (8),MPC,22,,2047.0,12.0,0.7143,7.0,0.6667,12.0,12.0,12.0,0.7143,0.7143,0.7143,7.0,7.0,7.0,0.6667,0.6667,0.6667,1.0,1.0,,,,,,,,,,,,,,,0.0721592903137207,paper_er_sf_alpha001_nowrong_noweight_50rep_mpc
er8,ER (8),MPC,23,,2048.0,10.0,0.7333,6.0,0.6897,10.0,10.0,10.0,0.7333,0.7333,0.7333,6.0,6.0,6.0,0.6897,0.6897,0.6897,1.0,1.0,,,,,,,,,,,,,,,0.1050209999084472,paper_er_sf_alpha001_nowrong_noweight_50rep_mpc
er8,ER (8),MPC,24,,2049.0,5.0,0.7143,6.0,0.7407,5.0,5.0,5.0,0.7143,0.7143,0.7143,6.0,6.0,6.0,0.7407,0.7407,0.7407,1.0,1.0,,,,,,,,,,,,,,,0.0939445495605468,paper_er_sf_alpha001_nowrong_noweight_50rep_mpc
er8,ER (8),MPC,25,,2050.0,10.0,0.4138,10.0,0.4138,10.0,10.0,10.0,0.4138,0.4138,0.4138,10.0,10.0,10.0,0.4138,0.4138,0.4138,1.0,1.0,,,,,,,,,,,,,,,0.0844967365264892,paper_er_sf_alpha001_nowrong_noweight_50rep_mpc
er8,ER (8),MPC,26,,2051.0,9.0,0.4828,9.0,0.4828,9.0,9.0,9.0,0.4828,0.4828,0.4828,9.0,9.0,9.0,0.4828,0.4828,0.4828,1.0,1.0,,,,,,,,,,,,,,,0.0885694026947021,paper_er_sf_alpha001_nowrong_noweight_50rep_mpc
er8,ER (8),MPC,27,,2052.0,12.0,0.3333,12.0,0.2857,12.0,12.0,12.0,0.3333,0.3333,0.3333,12.0,12.0,12.0,0.2857,0.2857,0.2857,1.0,1.0,,,,,,,,,,,,,,,0.1746532917022705,paper_er_sf_alpha001_nowrong_noweight_50rep_mpc
er8,ER (8),MPC,28,,2053.0,2.0,0.875,2.0,0.875,2.0,2.0,2.0,0.875,0.875,0.875,2.0,2.0,2.0,0.875,0.875,0.875,1.0,1.0,,,,,,,,,,,,,,,0.12750244140625,paper_er_sf_alpha001_nowrong_noweight_50rep_mpc
er8,ER (8),MPC,29,,2054.0,2.0,0.8667,6.0,0.7692,2.0,2.0,2.0,0.8667,0.8667,0.8667,6.0,6.0,6.0,0.7692,0.7692,0.7692,1.0,1.0,,,,,,,,,,,,,,,0.1093800067901611,paper_er_sf_alpha001_nowrong_noweight_50rep_mpc
er8,ER (8),MPC,30,,2055.0,7.0,0.8,8.0,0.64,7.0,7.0,7.0,0.8,0.8,0.8,8.0,8.0,8.0,0.64,0.64,0.64,1.0,1.0,,,,,,,,,,,,,,,0.1048929691314697,paper_er_sf_alpha001_nowrong_noweight_50rep_mpc
er8,ER (8),MPC,31,,2056.0,6.0,0.7143,6.0,0.7143,6.0,6.0,6.0,0.7143,0.7143,0.7143,6.0,6.0,6.0,0.7143,0.7143,0.7143,1.0,1.0,,,,,,,,,,,,,,,0.0883021354675293,paper_er_sf_alpha001_nowrong_noweight_50rep_mpc
er8,ER (8),MPC,32,,2057.0,10.0,0.8276,6.0,0.7407,10.0,10.0,10.0,0.8276,0.8276,0.8276,6.0,6.0,6.0,0.7407,0.7407,0.7407,1.0,1.0,,,,,,,,,,,,,,,0.1147139072418212,paper_er_sf_alpha001_nowrong_noweight_50rep_mpc
er8,ER (8),MPC,33,,2058.0,6.0,0.6875,6.0,0.6452,6.0,6.0,6.0,0.6875,0.6875,0.6875,6.0,6.0,6.0,0.6452,0.6452,0.6452,1.0,1.0,,,,,,,,,,,,,,,0.1415319442749023,paper_er_sf_alpha001_nowrong_noweight_50rep_mpc
er8,ER (8),MPC,34,,2059.0,4.0,0.8,4.0,0.8,4.0,4.0,4.0,0.8,0.8,0.8,4.0,4.0,4.0,0.8,0.8,0.8,1.0,1.0,,,,,,,,,,,,,,,0.1448142528533935,paper_er_sf_alpha001_nowrong_noweight_50rep_mpc
er8,ER (8),MPC,35,,2060.0,8.0,0.5517,8.0,0.5517,8.0,8.0,8.0,0.5517,0.5517,0.5517,8.0,8.0,8.0,0.5517,0.5517,0.5517,1.0,1.0,,,,,,,,,,,,,,,0.0833408832550048,paper_er_sf_alpha001_nowrong_noweight_50rep_mpc
er8,ER (8),MPC,36,,2061.0,5.0,0.6207,9.0,0.6087,5.0,5.0,5.0,0.6207,0.6207,0.6207,9.0,9.0,9.0,0.6087,0.6087,0.6087,1.0,1.0,,,,,,,,,,,,,,,0.085822582244873,paper_er_sf_alpha001_nowrong_noweight_50rep_mpc
er8,ER (8),MPC,37,,2062.0,7.0,0.5714,9.0,0.6087,7.0,7.0,7.0,0.5714,0.5714,0.5714,9.0,9.0,9.0,0.6087,0.6087,0.6087,1.0,1.0,,,,,,,,,,,,,,,0.0561621189117431,paper_er_sf_alpha001_nowrong_noweight_50rep_mpc
er8,ER (8),MPC,38,,2063.0,7.0,0.6667,8.0,0.64,7.0,7.0,7.0,0.6667,0.6667,0.6667,8.0,8.0,8.0,0.64,0.64,0.64,1.0,1.0,,,,,,,,,,,,,,,0.0734522342681884,paper_er_sf_alpha001_nowrong_noweight_50rep_mpc
er8,ER (8),MPC,39,,2064.0,9.0,0.6429,9.0,0.6087,9.0,9.0,9.0,0.6429,0.6429,0.6429,9.0,9.0,9.0,0.6087,0.6087,0.6087,1.0,1.0,,,,,,,,,,,,,,,0.0686244964599609,paper_er_sf_alpha001_nowrong_noweight_50rep_mpc
er8,ER (8),MPC,40,,2065.0,6.0,0.6452,6.0,0.6452,6.0,6.0,6.0,0.6452,0.6452,0.6452,6.0,6.0,6.0,0.6452,0.6452,0.6452,1.0,1.0,,,,,,,,,,,,,,,0.1054508686065673,paper_er_sf_alpha001_nowrong_noweight_50rep_mpc
er8,ER (8),MPC,41,,2066.0,5.0,0.7333,5.0,0.7333,5.0,5.0,5.0,0.7333,0.7333,0.7333,5.0,5.0,5.0,0.7333,0.7333,0.7333,1.0,1.0,,,,,,,,,,,,,,,0.1174027919769287,paper_er_sf_alpha001_nowrong_noweight_50rep_mpc
er8,ER (8),MPC,42,,2067.0,6.0,0.4828,9.0,0.56,6.0,6.0,6.0,0.4828,0.4828,0.4828,9.0,9.0,9.0,0.56,0.56,0.56,1.0,1.0,,,,,,,,,,,,,,,0.0738663673400878,paper_er_sf_alpha001_nowrong_noweight_50rep_mpc
er8,ER (8),MPC,43,,2068.0,10.0,0.6667,7.0,0.6429,10.0,10.0,10.0,0.6667,0.6667,0.6667,7.0,7.0,7.0,0.6429,0.6429,0.6429,1.0,1.0,,,,,,,,,,,,,,,0.0888190269470214,paper_er_sf_alpha001_nowrong_noweight_50rep_mpc
er8,ER (8),MPC,44,,2069.0,11.0,0.6667,7.0,0.6429,11.0,11.0,11.0,0.6667,0.6667,0.6667,7.0,7.0,7.0,0.6429,0.6429,0.6429,1.0,1.0,,,,,,,,,,,,,,,0.0936403274536132,paper_er_sf_alpha001_nowrong_noweight_50rep_mpc
er8,ER (8),MPC,45,,2070.0,13.0,0.3077,13.0,0.24,13.0,13.0,13.0,0.3077,0.3077,0.3077,13.0,13.0,13.0,0.24,0.24,0.24,1.0,1.0,,,,,,,,,,,,,,,0.0491354465484619,paper_er_sf_alpha001_nowrong_noweight_50rep_mpc
er8,ER (8),MPC,46,,2071.0,3.0,0.5333,9.0,0.6087,3.0,3.0,3.0,0.5333,0.5333,0.5333,9.0,9.0,9.0,0.6087,0.6087,0.6087,1.0,1.0,,,,,,,,,,,,,,,0.0756807327270507,paper_er_sf_alpha001_nowrong_noweight_50rep_mpc
er8,ER (8),MPC,47,,2072.0,5.0,0.7586,5.0,0.7586,5.0,5.0,5.0,0.7586,0.7586,0.7586,5.0,5.0,5.0,0.7586,0.7586,0.7586,1.0,1.0,,,,,,,,,,,,,,,0.117887258529663,paper_er_sf_alpha001_nowrong_noweight_50rep_mpc
er8,ER (8),MPC,48,,2073.0,13.0,0.4444,11.0,0.3846,13.0,13.0,13.0,0.4444,0.4444,0.4444,11.0,11.0,11.0,0.3846,0.3846,0.3846,1.0,1.0,,,,,,,,,,,,,,,0.0482861995697021,paper_er_sf_alpha001_nowrong_noweight_50rep_mpc
er8,ER (8),MPC,49,,2074.0,11.0,0.4667,10.0,0.4138,11.0,11.0,11.0,0.4667,0.4667,0.4667,10.0,10.0,10.0,0.4138,0.4138,0.4138,1.0,1.0,,,,,,,,,,,,,,,0.1098246574401855,paper_er_sf_alpha001_nowrong_noweight_50rep_mpc
er8,ER (8),MPC,50,,2075.0,4.0,0.6,9.0,0.56,4.0,4.0,4.0,0.6,0.6,0.6,9.0,9.0,9.0,0.56,0.56,0.56,1.0,1.0,,,,,,,,,,,,,,,0.0843255519866943,paper_er_sf_alpha001_nowrong_noweight_50rep_mpc
sf5,SF (5),MPC,1,,2026.0,2.0,0.7692,2.0,0.7692,2.0,2.0,2.0,0.7692,0.7692,0.7692,2.0,2.0,2.0,0.7692,0.7692,0.7692,1.0,1.0,,,,,,,,,,,,,,,0.02030611038208,paper_er_sf_alpha001_nowrong_noweight_50rep_mpc
sf5,SF (5),MPC,2,,2027.0,0.0,0.8571,1.0,0.9231,0.0,0.0,0.0,0.8571,0.8571,0.8571,1.0,1.0,1.0,0.9231,0.9231,0.9231,1.0,1.0,,,,,,,,,,,,,,,0.0149815082550048,paper_er_sf_alpha001_nowrong_noweight_50rep_mpc
sf5,SF (5),MPC,3,,2028.0,1.0,0.9231,1.0,0.9231,1.0,1.0,1.0,0.9231,0.9231,0.9231,1.0,1.0,1.0,0.9231,0.9231,0.9231,1.0,1.0,,,,,,,,,,,,,,,0.013077974319458,paper_er_sf_alpha001_nowrong_noweight_50rep_mpc
sf5,SF (5),MPC,4,,2029.0,4.0,0.8333,4.0,0.6,4.0,4.0,4.0,0.8333,0.8333,0.8333,4.0,4.0,4.0,0.6,0.6,0.6,1.0,1.0,,,,,,,,,,,,,,,0.0092365741729736,paper_er_sf_alpha001_nowrong_noweight_50rep_mpc
sf5,SF (5),MPC,5,,2030.0,0.0,1.0,1.0,0.9231,0.0,0.0,0.0,1.0,1.0,1.0,1.0,1.0,1.0,0.9231,0.9231,0.9231,1.0,1.0,,,,,,,,,,,,,,,0.0147192478179931,paper_er_sf_alpha001_nowrong_noweight_50rep_mpc
sf5,SF (5),MPC,6,,2031.0,1.0,0.8571,1.0,0.9231,1.0,1.0,1.0,0.8571,0.8571,0.8571,1.0,1.0,1.0,0.9231,0.9231,0.9231,1.0,1.0,,,,,,,,,,,,,,,0.0155646800994873,paper_er_sf_alpha001_nowrong_noweight_50rep_mpc
sf5,SF (5),MPC,7,,2032.0,4.0,0.5,4.0,0.6,4.0,4.0,4.0,0.5,0.5,0.5,4.0,4.0,4.0,0.6,0.6,0.6,1.0,1.0,,,,,,,,,,,,,,,0.009838581085205,paper_er_sf_alpha001_nowrong_noweight_50rep_mpc
sf5,SF (5),MPC,8,,2033.0,4.0,0.9231,3.0,0.7273,4.0,4.0,4.0,0.9231,0.9231,0.9231,3.0,3.0,3.0,0.7273,0.7273,0.7273,1.0,1.0,,,,,,,,,,,,,,,0.0131740570068359,paper_er_sf_alpha001_nowrong_noweight_50rep_mpc
sf5,SF (5),MPC,9,,2034.0,0.0,0.8571,1.0,0.9231,0.0,0.0,0.0,0.8571,0.8571,0.8571,1.0,1.0,1.0,0.9231,0.9231,0.9231,1.0,1.0,,,,,,,,,,,,,,,0.0149905681610107,paper_er_sf_alpha001_nowrong_noweight_50rep_mpc
sf5,SF (5),MPC,10,,2035.0,4.0,0.4615,4.0,0.4615,4.0,4.0,4.0,0.4615,0.4615,0.4615,4.0,4.0,4.0,0.4615,0.4615,0.4615,1.0,1.0,,,,,,,,,,,,,,,0.0156540870666503,paper_er_sf_alpha001_nowrong_noweight_50rep_mpc
sf5,SF (5),MPC,11,,2036.0,1.0,1.0,2.0,0.8333,1.0,1.0,1.0,1.0,1.0,1.0,2.0,2.0,2.0,0.8333,0.8333,0.8333,1.0,1.0,,,,,,,,,,,,,,,0.0169236660003662,paper_er_sf_alpha001_nowrong_noweight_50rep_mpc
sf5,SF (5),MPC,12,,2037.0,0.0,0.8571,1.0,0.9231,0.0,0.0,0.0,0.8571,0.8571,0.8571,1.0,1.0,1.0,0.9231,0.9231,0.9231,1.0,1.0,,,,,,,,,,,,,,,0.014827013015747,paper_er_sf_alpha001_nowrong_noweight_50rep_mpc
sf5,SF (5),MPC,13,,2038.0,2.0,0.7692,3.0,0.7273,2.0,2.0,2.0,0.7692,0.7692,0.7692,3.0,3.0,3.0,0.7273,0.7273,0.7273,1.0,1.0,,,,,,,,,,,,,,,0.0134241580963134,paper_er_sf_alpha001_nowrong_noweight_50rep_mpc
sf5,SF (5),MPC,14,,2039.0,3.0,0.8571,2.0,0.8333,3.0,3.0,3.0,0.8571,0.8571,0.8571,2.0,2.0,2.0,0.8333,0.8333,0.8333,1.0,1.0,,,,,,,,,,,,,,,0.0152595043182373,paper_er_sf_alpha001_nowrong_noweight_50rep_mpc
sf5,SF (5),MPC,15,,2040.0,1.0,0.9231,1.0,0.9231,1.0,1.0,1.0,0.9231,0.9231,0.9231,1.0,1.0,1.0,0.9231,0.9231,0.9231,1.0,1.0,,,,,,,,,,,,,,,0.0130841732025146,paper_er_sf_alpha001_nowrong_noweight_50rep_mpc
sf5,SF (5),MPC,16,,2041.0,0.0,1.0,0.0,1.0,0.0,0.0,0.0,1.0,1.0,1.0,0.0,0.0,0.0,1.0,1.0,1.0,1.0,1.0,,,,,,,,,,,,,,,0.0155231952667236,paper_er_sf_alpha001_nowrong_noweight_50rep_mpc
sf5,SF (5),MPC,17,,2042.0,0.0,1.0,1.0,0.9231,0.0,0.0,0.0,1.0,1.0,1.0,1.0,1.0,1.0,0.9231,0.9231,0.9231,1.0,1.0,,,,,,,,,,,,,,,0.0147936344146728,paper_er_sf_alpha001_nowrong_noweight_50rep_mpc
sf5,SF (5),MPC,18,,2043.0,1.0,0.8571,1.0,0.9231,1.0,1.0,1.0,0.8571,0.8571,0.8571,1.0,1.0,1.0,0.9231,0.9231,0.9231,1.0,1.0,,,,,,,,,,,,,,,0.0153150558471679,paper_er_sf_alpha001_nowrong_noweight_50rep_mpc
sf5,SF (5),MPC,19,,2044.0,5.0,0.7692,2.0,0.8333,5.0,5.0,5.0,0.7692,0.7692,0.7692,2.0,2.0,2.0,0.8333,0.8333,0.8333,1.0,1.0,,,,,,,,,,,,,,,0.0112640857696533,paper_er_sf_alpha001_nowrong_noweight_50rep_mpc
sf5,SF (5),MPC,20,,2045.0,0.0,1.0,0.0,1.0,0.0,0.0,0.0,1.0,1.0,1.0,0.0,0.0,0.0,1.0,1.0,1.0,1.0,1.0,,,,,,,,,,,,,,,0.0153868198394775,paper_er_sf_alpha001_nowrong_noweight_50rep_mpc
sf5,SF (5),MPC,21,,2046.0,0.0,1.0,1.0,0.9231,0.0,0.0,0.0,1.0,1.0,1.0,1.0,1.0,1.0,0.9231,0.9231,0.9231,1.0,1.0,,,,,,,,,,,,,,,0.0150837898254394,paper_er_sf_alpha001_nowrong_noweight_50rep_mpc
sf5,SF (5),MPC,22,,2047.0,0.0,1.0,1.0,0.9231,0.0,0.0,0.0,1.0,1.0,1.0,1.0,1.0,1.0,0.9231,0.9231,0.9231,1.0,1.0,,,,,,,,,,,,,,,0.0146877765655517,paper_er_sf_alpha001_nowrong_noweight_50rep_mpc
sf5,SF (5),MPC,23,,2048.0,4.0,0.7692,4.0,0.6,4.0,4.0,4.0,0.7692,0.7692,0.7692,4.0,4.0,4.0,0.6,0.6,0.6,1.0,1.0,,,,,,,,,,,,,,,0.0126492977142333,paper_er_sf_alpha001_nowrong_noweight_50rep_mpc
sf5,SF (5),MPC,24,,2049.0,0.0,0.8571,1.0,0.9231,0.0,0.0,0.0,0.8571,0.8571,0.8571,1.0,1.0,1.0,0.9231,0.9231,0.9231,1.0,1.0,,,,,,,,,,,,,,,0.0149211883544921,paper_er_sf_alpha001_nowrong_noweight_50rep_mpc
sf5,SF (5),MPC,25,,2050.0,6.0,0.7143,3.0,0.6154,6.0,6.0,6.0,0.7143,0.7143,0.7143,3.0,3.0,3.0,0.6154,0.6154,0.6154,1.0,1.0,,,,,,,,,,,,,,,0.0147628784179687,paper_er_sf_alpha001_nowrong_noweight_50rep_mpc
sf5,SF (5),MPC,26,,2051.0,0.0,1.0,1.0,0.9231,0.0,0.0,0.0,1.0,1.0,1.0,1.0,1.0,1.0,0.9231,0.9231,0.9231,1.0,1.0,,,,,,,,,,,,,,,0.0148272514343261,paper_er_sf_alpha001_nowrong_noweight_50rep_mpc
sf5,SF (5),MPC,27,,2052.0,0.0,1.0,0.0,1.0,0.0,0.0,0.0,1.0,1.0,1.0,0.0,0.0,0.0,1.0,1.0,1.0,1.0,1.0,,,,,,,,,,,,,,,0.0154130458831787,paper_er_sf_alpha001_nowrong_noweight_50rep_mpc
sf5,SF (5),MPC,28,,2053.0,1.0,0.9231,1.0,0.9231,1.0,1.0,1.0,0.9231,0.9231,0.9231,1.0,1.0,1.0,0.9231,0.9231,0.9231,1.0,1.0,,,,,,,,,,,,,,,0.0169761180877685,paper_er_sf_alpha001_nowrong_noweight_50rep_mpc
sf5,SF (5),MPC,29,,2054.0,1.0,0.9333,1.0,0.9231,1.0,1.0,1.0,0.9333,0.9333,0.9333,1.0,1.0,1.0,0.9231,0.9231,0.9231,1.0,1.0,,,,,,,,,,,,,,,0.0164470672607421,paper_er_sf_alpha001_nowrong_noweight_50rep_mpc
sf5,SF (5),MPC,30,,2055.0,1.0,0.9231,1.0,0.9231,1.0,1.0,1.0,0.9231,0.9231,0.9231,1.0,1.0,1.0,0.9231,0.9231,0.9231,1.0,1.0,,,,,,,,,,,,,,,0.0135724544525146,paper_er_sf_alpha001_nowrong_noweight_50rep_mpc
sf5,SF (5),MPC,31,,2056.0,1.0,0.7143,2.0,0.8333,1.0,1.0,1.0,0.7143,0.7143,0.7143,2.0,2.0,2.0,0.8333,0.8333,0.8333,1.0,1.0,,,,,,,,,,,,,,,0.0152866840362548,paper_er_sf_alpha001_nowrong_noweight_50rep_mpc
sf5,SF (5),MPC,32,,2057.0,0.0,1.0,0.0,1.0,0.0,0.0,0.0,1.0,1.0,1.0,0.0,0.0,0.0,1.0,1.0,1.0,1.0,1.0,,,,,,,,,,,,,,,0.0151436328887939,paper_er_sf_alpha001_nowrong_noweight_50rep_mpc
sf5,SF (5),MPC,33,,2058.0,0.0,0.7143,3.0,0.7273,0.0,0.0,0.0,0.7143,0.7143,0.7143,3.0,3.0,3.0,0.7273,0.7273,0.7273,1.0,1.0,,,,,,,,,,,,,,,0.0140366554260253,paper_er_sf_alpha001_nowrong_noweight_50rep_mpc
sf5,SF (5),MPC,34,,2059.0,0.0,0.8571,1.0,0.9231,0.0,0.0,0.0,0.8571,0.8571,0.8571,1.0,1.0,1.0,0.9231,0.9231,0.9231,1.0,1.0,,,,,,,,,,,,,,,0.0149652957916259,paper_er_sf_alpha001_nowrong_noweight_50rep_mpc
sf5,SF (5),MPC,35,,2060.0,2.0,0.6667,3.0,0.7273,2.0,2.0,2.0,0.6667,0.6667,0.6667,3.0,3.0,3.0,0.7273,0.7273,0.7273,1.0,1.0,,,,,,,,,,,,,,,0.0066902637481689,paper_er_sf_alpha001_nowrong_noweight_50rep_mpc
sf5,SF (5),MPC,36,,2061.0,0.0,0.8571,1.0,0.9231,0.0,0.0,0.0,0.8571,0.8571,0.8571,1.0,1.0,1.0,0.9231,0.9231,0.9231,1.0,1.0,,,,,,,,,,,,,,,0.0160000324249267,paper_er_sf_alpha001_nowrong_noweight_50rep_mpc
sf5,SF (5),MPC,37,,2062.0,1.0,0.8571,1.0,0.8571,1.0,1.0,1.0,0.8571,0.8571,0.8571,1.0,1.0,1.0,0.8571,0.8571,0.8571,1.0,1.0,,,,,,,,,,,,,,,0.0162549018859863,paper_er_sf_alpha001_nowrong_noweight_50rep_mpc
sf5,SF (5),MPC,38,,2063.0,2.0,1.0,3.0,0.7273,2.0,2.0,2.0,1.0,1.0,1.0,3.0,3.0,3.0,0.7273,0.7273,0.7273,1.0,1.0,,,,,,,,,,,,,,,0.0232572555541992,paper_er_sf_alpha001_nowrong_noweight_50rep_mpc
sf5,SF (5),MPC,39,,2064.0,0.0,0.8571,1.0,0.9231,0.0,0.0,0.0,0.8571,0.8571,0.8571,1.0,1.0,1.0,0.9231,0.9231,0.9231,1.0,1.0,,,,,,,,,,,,,,,0.0152003765106201,paper_er_sf_alpha001_nowrong_noweight_50rep_mpc
sf5,SF (5),MPC,40,,2065.0,0.0,1.0,1.0,0.9231,0.0,0.0,0.0,1.0,1.0,1.0,1.0,1.0,1.0,0.9231,0.9231,0.9231,1.0,1.0,,,,,,,,,,,,,,,0.0143797397613525,paper_er_sf_alpha001_nowrong_noweight_50rep_mpc
sf5,SF (5),MPC,41,,2066.0,4.0,0.6154,4.0,0.6154,4.0,4.0,4.0,0.6154,0.6154,0.6154,4.0,4.0,4.0,0.6154,0.6154,0.6154,1.0,1.0,,,,,,,,,,,,,,,0.0127770900726318,paper_er_sf_alpha001_nowrong_noweight_50rep_mpc
sf5,SF (5),MPC,42,,2067.0,1.0,0.8571,1.0,0.9231,1.0,1.0,1.0,0.8571,0.8571,0.8571,1.0,1.0,1.0,0.9231,0.9231,0.9231,1.0,1.0,,,,,,,,,,,,,,,0.0145952701568603,paper_er_sf_alpha001_nowrong_noweight_50rep_mpc
sf5,SF (5),MPC,43,,2068.0,3.0,0.7143,2.0,0.7692,3.0,3.0,3.0,0.7143,0.7143,0.7143,2.0,2.0,2.0,0.7692,0.7692,0.7692,1.0,1.0,,,,,,,,,,,,,,,0.0150074958801269,paper_er_sf_alpha001_nowrong_noweight_50rep_mpc
sf5,SF (5),MPC,44,,2069.0,1.0,0.7143,2.0,0.8333,1.0,1.0,1.0,0.7143,0.7143,0.7143,2.0,2.0,2.0,0.8333,0.8333,0.8333,1.0,1.0,,,,,,,,,,,,,,,0.0177016258239746,paper_er_sf_alpha001_nowrong_noweight_50rep_mpc
sf5,SF (5),MPC,45,,2070.0,0.0,1.0,1.0,0.9231,0.0,0.0,0.0,1.0,1.0,1.0,1.0,1.0,1.0,0.9231,0.9231,0.9231,1.0,1.0,,,,,,,,,,,,,,,0.0185842514038085,paper_er_sf_alpha001_nowrong_noweight_50rep_mpc
sf5,SF (5),MPC,46,,2071.0,2.0,1.0,3.0,0.7273,2.0,2.0,2.0,1.0,1.0,1.0,3.0,3.0,3.0,0.7273,0.7273,0.7273,1.0,1.0,,,,,,,,,,,,,,,0.019956350326538,paper_er_sf_alpha001_nowrong_noweight_50rep_mpc
sf5,SF (5),MPC,47,,2072.0,0.0,0.8571,1.0,0.9231,0.0,0.0,0.0,0.8571,0.8571,0.8571,1.0,1.0,1.0,0.9231,0.9231,0.9231,1.0,1.0,,,,,,,,,,,,,,,0.0155949592590332,paper_er_sf_alpha001_nowrong_noweight_50rep_mpc
sf5,SF (5),MPC,48,,2073.0,2.0,0.7692,2.0,0.7692,2.0,2.0,2.0,0.7692,0.7692,0.7692,2.0,2.0,2.0,0.7692,0.7692,0.7692,1.0,1.0,,,,,,,,,,,,,,,0.0139479637145996,paper_er_sf_alpha001_nowrong_noweight_50rep_mpc
sf5,SF (5),MPC,49,,2074.0,0.0,0.8571,1.0,0.9231,0.0,0.0,0.0,0.8571,0.8571,0.8571,1.0,1.0,1.0,0.9231,0.9231,0.9231,1.0,1.0,,,,,,,,,,,,,,,0.016209602355957,paper_er_sf_alpha001_nowrong_noweight_50rep_mpc
sf5,SF (5),MPC,50,,2075.0,5.0,0.9231,2.0,0.8333,5.0,5.0,5.0,0.9231,0.9231,0.9231,2.0,2.0,2.0,0.8333,0.8333,0.8333,1.0,1.0,,,,,,,,,,,,,,,0.0131356716156005,paper_er_sf_alpha001_nowrong_noweight_50rep_mpc
sf8,SF (8),MPC,1,,2026.0,4.0,0.72,5.0,0.75,4.0,4.0,4.0,0.72,0.72,0.72,5.0,5.0,5.0,0.75,0.75,0.75,1.0,1.0,,,,,,,,,,,,,,,0.0843956470489502,paper_er_sf_alpha001_nowrong_noweight_50rep_mpc
sf8,SF (8),MPC,2,,2027.0,5.0,0.7619,5.0,0.7619,5.0,5.0,5.0,0.7619,0.7619,0.7619,5.0,5.0,5.0,0.7619,0.7619,0.7619,1.0,1.0,,,,,,,,,,,,,,,0.0312907695770263,paper_er_sf_alpha001_nowrong_noweight_50rep_mpc
sf8,SF (8),MPC,3,,2028.0,3.0,0.75,4.0,0.7826,3.0,3.0,3.0,0.75,0.75,0.75,4.0,4.0,4.0,0.7826,0.7826,0.7826,1.0,1.0,,,,,,,,,,,,,,,0.0902588367462158,paper_er_sf_alpha001_nowrong_noweight_50rep_mpc
sf8,SF (8),MPC,4,,2029.0,6.0,0.5455,7.0,0.6,6.0,6.0,6.0,0.5455,0.5455,0.5455,7.0,7.0,7.0,0.6,0.6,0.6,1.0,1.0,,,,,,,,,,,,,,,0.0403234958648681,paper_er_sf_alpha001_nowrong_noweight_50rep_mpc
sf8,SF (8),MPC,5,,2030.0,9.0,0.5455,8.0,0.5714,9.0,9.0,9.0,0.5455,0.5455,0.5455,8.0,8.0,8.0,0.5714,0.5714,0.5714,1.0,1.0,,,,,,,,,,,,,,,0.0566215515136718,paper_er_sf_alpha001_nowrong_noweight_50rep_mpc
sf8,SF (8),MPC,6,,2031.0,7.0,0.7826,6.0,0.6667,7.0,7.0,7.0,0.7826,0.7826,0.7826,6.0,6.0,6.0,0.6667,0.6667,0.6667,1.0,1.0,,,,,,,,,,,,,,,0.0623435974121093,paper_er_sf_alpha001_nowrong_noweight_50rep_mpc
sf8,SF (8),MPC,7,,2032.0,1.0,0.88,2.0,0.9167,1.0,1.0,1.0,0.88,0.88,0.88,2.0,2.0,2.0,0.9167,0.9167,0.9167,1.0,1.0,,,,,,,,,,,,,,,0.0860927104949951,paper_er_sf_alpha001_nowrong_noweight_50rep_mpc
sf8,SF (8),MPC,8,,2033.0,4.0,0.7826,4.0,0.7826,4.0,4.0,4.0,0.7826,0.7826,0.7826,4.0,4.0,4.0,0.7826,0.7826,0.7826,1.0,1.0,,,,,,,,,,,,,,,0.0541334152221679,paper_er_sf_alpha001_nowrong_noweight_50rep_mpc
sf8,SF (8),MPC,9,,2034.0,4.0,0.7273,5.0,0.7619,4.0,4.0,4.0,0.7273,0.7273,0.7273,5.0,5.0,5.0,0.7619,0.7619,0.7619,1.0,1.0,,,,,,,,,,,,,,,0.0570349693298339,paper_er_sf_alpha001_nowrong_noweight_50rep_mpc
sf8,SF (8),MPC,10,,2035.0,6.0,0.7619,7.0,0.6316,6.0,6.0,6.0,0.7619,0.7619,0.7619,7.0,7.0,7.0,0.6316,0.6316,0.6316,1.0,1.0,,,,,,,,,,,,,,,0.0252866744995117,paper_er_sf_alpha001_nowrong_noweight_50rep_mpc
sf8,SF (8),MPC,11,,2036.0,4.0,0.64,6.0,0.6667,4.0,4.0,4.0,0.64,0.64,0.64,6.0,6.0,6.0,0.6667,0.6667,0.6667,1.0,1.0,,,,,,,,,,,,,,,0.0784721374511718,paper_er_sf_alpha001_nowrong_noweight_50rep_mpc
sf8,SF (8),MPC,12,,2037.0,4.0,0.8333,6.0,0.7,4.0,4.0,4.0,0.8333,0.8333,0.8333,6.0,6.0,6.0,0.7,0.7,0.7,1.0,1.0,,,,,,,,,,,,,,,0.0540909767150878,paper_er_sf_alpha001_nowrong_noweight_50rep_mpc
sf8,SF (8),MPC,13,,2038.0,6.0,0.6364,6.0,0.6364,6.0,6.0,6.0,0.6364,0.6364,0.6364,6.0,6.0,6.0,0.6364,0.6364,0.6364,1.0,1.0,,,,,,,,,,,,,,,0.0625591278076171,paper_er_sf_alpha001_nowrong_noweight_50rep_mpc
sf8,SF (8),MPC,14,,2039.0,4.0,0.7826,4.0,0.7826,4.0,4.0,4.0,0.7826,0.7826,0.7826,4.0,4.0,4.0,0.7826,0.7826,0.7826,1.0,1.0,,,,,,,,,,,,,,,0.0521233081817626,paper_er_sf_alpha001_nowrong_noweight_50rep_mpc
sf8,SF (8),MPC,15,,2040.0,4.0,0.6667,5.0,0.7273,4.0,4.0,4.0,0.6667,0.6667,0.6667,5.0,5.0,5.0,0.7273,0.7273,0.7273,1.0,1.0,,,,,,,,,,,,,,,0.0631053447723388,paper_er_sf_alpha001_nowrong_noweight_50rep_mpc
sf8,SF (8),MPC,16,,2041.0,3.0,0.8333,3.0,0.8333,3.0,3.0,3.0,0.8333,0.8333,0.8333,3.0,3.0,3.0,0.8333,0.8333,0.8333,1.0,1.0,,,,,,,,,,,,,,,0.1019105911254882,paper_er_sf_alpha001_nowrong_noweight_50rep_mpc
sf8,SF (8),MPC,17,,2042.0,7.0,0.5217,8.0,0.4545,7.0,7.0,7.0,0.5217,0.5217,0.5217,8.0,8.0,8.0,0.4545,0.4545,0.4545,1.0,1.0,,,,,,,,,,,,,,,0.0620522499084472,paper_er_sf_alpha001_nowrong_noweight_50rep_mpc
sf8,SF (8),MPC,18,,2043.0,9.0,0.5455,8.0,0.5,9.0,9.0,9.0,0.5455,0.5455,0.5455,8.0,8.0,8.0,0.5,0.5,0.5,1.0,1.0,,,,,,,,,,,,,,,0.0426781177520751,paper_er_sf_alpha001_nowrong_noweight_50rep_mpc
sf8,SF (8),MPC,19,,2044.0,4.0,0.8,5.0,0.7826,4.0,4.0,4.0,0.8,0.8,0.8,5.0,5.0,5.0,0.7826,0.7826,0.7826,1.0,1.0,,,,,,,,,,,,,,,0.0763235092163086,paper_er_sf_alpha001_nowrong_noweight_50rep_mpc
sf8,SF (8),MPC,20,,2045.0,4.0,0.8182,4.0,0.8182,4.0,4.0,4.0,0.8182,0.8182,0.8182,4.0,4.0,4.0,0.8182,0.8182,0.8182,1.0,1.0,,,,,,,,,,,,,,,0.0537042617797851,paper_er_sf_alpha001_nowrong_noweight_50rep_mpc
sf8,SF (8),MPC,21,,2046.0,6.0,0.7619,6.0,0.7,6.0,6.0,6.0,0.7619,0.7619,0.7619,6.0,6.0,6.0,0.7,0.7,0.7,1.0,1.0,,,,,,,,,,,,,,,0.0345847606658935,paper_er_sf_alpha001_nowrong_noweight_50rep_mpc
sf8,SF (8),MPC,22,,2047.0,4.0,0.7826,5.0,0.7619,4.0,4.0,4.0,0.7826,0.7826,0.7826,5.0,5.0,5.0,0.7619,0.7619,0.7619,1.0,1.0,,,,,,,,,,,,,,,0.0581951141357421,paper_er_sf_alpha001_nowrong_noweight_50rep_mpc
sf8,SF (8),MPC,23,,2048.0,4.0,0.7826,4.0,0.7826,4.0,4.0,4.0,0.7826,0.7826,0.7826,4.0,4.0,4.0,0.7826,0.7826,0.7826,1.0,1.0,,,,,,,,,,,,,,,0.0443298816680908,paper_er_sf_alpha001_nowrong_noweight_50rep_mpc
sf8,SF (8),MPC,24,,2049.0,7.0,0.6667,7.0,0.6316,7.0,7.0,7.0,0.6667,0.6667,0.6667,7.0,7.0,7.0,0.6316,0.6316,0.6316,1.0,1.0,,,,,,,,,,,,,,,0.0708322525024414,paper_er_sf_alpha001_nowrong_noweight_50rep_mpc
sf8,SF (8),MPC,25,,2050.0,4.0,0.7826,4.0,0.7826,4.0,4.0,4.0,0.7826,0.7826,0.7826,4.0,4.0,4.0,0.7826,0.7826,0.7826,1.0,1.0,,,,,,,,,,,,,,,0.0433497428894043,paper_er_sf_alpha001_nowrong_noweight_50rep_mpc
sf8,SF (8),MPC,26,,2051.0,4.0,0.6957,5.0,0.7273,4.0,4.0,4.0,0.6957,0.6957,0.6957,5.0,5.0,5.0,0.7273,0.7273,0.7273,1.0,1.0,,,,,,,,,,,,,,,0.0487911701202392,paper_er_sf_alpha001_nowrong_noweight_50rep_mpc
sf8,SF (8),MPC,27,,2052.0,4.0,0.7826,4.0,0.7826,4.0,4.0,4.0,0.7826,0.7826,0.7826,4.0,4.0,4.0,0.7826,0.7826,0.7826,1.0,1.0,,,,,,,,,,,,,,,0.0774340629577636,paper_er_sf_alpha001_nowrong_noweight_50rep_mpc
sf8,SF (8),MPC,28,,2053.0,3.0,0.8696,3.0,0.8696,3.0,3.0,3.0,0.8696,0.8696,0.8696,3.0,3.0,3.0,0.8696,0.8696,0.8696,1.0,1.0,,,,,,,,,,,,,,,0.0479176044464111,paper_er_sf_alpha001_nowrong_noweight_50rep_mpc
sf8,SF (8),MPC,29,,2054.0,3.0,0.8696,3.0,0.8696,3.0,3.0,3.0,0.8696,0.8696,0.8696,3.0,3.0,3.0,0.8696,0.8696,0.8696,1.0,1.0,,,,,,,,,,,,,,,0.0891563892364502,paper_er_sf_alpha001_nowrong_noweight_50rep_mpc
sf8,SF (8),MPC,30,,2055.0,5.0,0.8182,5.0,0.7619,5.0,5.0,5.0,0.8182,0.8182,0.8182,5.0,5.0,5.0,0.7619,0.7619,0.7619,1.0,1.0,,,,,,,,,,,,,,,0.0722944736480712,paper_er_sf_alpha001_nowrong_noweight_50rep_mpc
sf8,SF (8),MPC,31,,2056.0,8.0,0.4545,8.0,0.4762,8.0,8.0,8.0,0.4545,0.4545,0.4545,8.0,8.0,8.0,0.4762,0.4762,0.4762,1.0,1.0,,,,,,,,,,,,,,,0.0431160926818847,paper_er_sf_alpha001_nowrong_noweight_50rep_mpc
sf8,SF (8),MPC,32,,2057.0,7.0,0.7273,7.0,0.6316,7.0,7.0,7.0,0.7273,0.7273,0.7273,7.0,7.0,7.0,0.6316,0.6316,0.6316,1.0,1.0,,,,,,,,,,,,,,,0.0462050437927246,paper_er_sf_alpha001_nowrong_noweight_50rep_mpc
sf8,SF (8),MPC,33,,2058.0,2.0,0.8333,3.0,0.8696,2.0,2.0,2.0,0.8333,0.8333,0.8333,3.0,3.0,3.0,0.8696,0.8696,0.8696,1.0,1.0,,,,,,,,,,,,,,,0.0644116401672363,paper_er_sf_alpha001_nowrong_noweight_50rep_mpc
sf8,SF (8),MPC,34,,2059.0,5.0,0.6957,6.0,0.6364,5.0,5.0,5.0,0.6957,0.6957,0.6957,6.0,6.0,6.0,0.6364,0.6364,0.6364,1.0,1.0,,,,,,,,,,,,,,,0.0483856201171875,paper_er_sf_alpha001_nowrong_noweight_50rep_mpc
sf8,SF (8),MPC,35,,2060.0,4.0,0.8182,4.0,0.8182,4.0,4.0,4.0,0.8182,0.8182,0.8182,4.0,4.0,4.0,0.8182,0.8182,0.8182,1.0,1.0,,,,,,,,,,,,,,,0.0435206890106201,paper_er_sf_alpha001_nowrong_noweight_50rep_mpc
sf8,SF (8),MPC,36,,2061.0,6.0,0.7273,5.0,0.7619,6.0,6.0,6.0,0.7273,0.7273,0.7273,5.0,5.0,5.0,0.7619,0.7619,0.7619,1.0,1.0,,,,,,,,,,,,,,,0.0471546649932861,paper_er_sf_alpha001_nowrong_noweight_50rep_mpc
sf8,SF (8),MPC,37,,2062.0,6.0,0.6087,7.0,0.5714,6.0,6.0,6.0,0.6087,0.6087,0.6087,7.0,7.0,7.0,0.5714,0.5714,0.5714,1.0,1.0,,,,,,,,,,,,,,,0.0535454750061035,paper_er_sf_alpha001_nowrong_noweight_50rep_mpc
sf8,SF (8),MPC,38,,2063.0,7.0,0.4762,9.0,0.4211,7.0,7.0,7.0,0.4762,0.4762,0.4762,9.0,9.0,9.0,0.4211,0.4211,0.4211,1.0,1.0,,,,,,,,,,,,,,,0.0239009857177734,paper_er_sf_alpha001_nowrong_noweight_50rep_mpc
sf8,SF (8),MPC,39,,2064.0,4.0,0.6957,6.0,0.7,4.0,4.0,4.0,0.6957,0.6957,0.6957,6.0,6.0,6.0,0.7,0.7,0.7,1.0,1.0,,,,,,,,,,,,,,,0.0510125160217285,paper_er_sf_alpha001_nowrong_noweight_50rep_mpc
sf8,SF (8),MPC,40,,2065.0,6.0,0.6667,6.0,0.6667,6.0,6.0,6.0,0.6667,0.6667,0.6667,6.0,6.0,6.0,0.6667,0.6667,0.6667,1.0,1.0,,,,,,,,,,,,,,,0.0313730239868164,paper_er_sf_alpha001_nowrong_noweight_50rep_mpc
sf8,SF (8),MPC,41,,2066.0,3.0,0.75,4.0,0.7826,3.0,3.0,3.0,0.75,0.75,0.75,4.0,4.0,4.0,0.7826,0.7826,0.7826,1.0,1.0,,,,,,,,,,,,,,,0.0926964282989502,paper_er_sf_alpha001_nowrong_noweight_50rep_mpc
sf8,SF (8),MPC,42,,2067.0,4.0,0.7826,5.0,0.7273,4.0,4.0,4.0,0.7826,0.7826,0.7826,5.0,5.0,5.0,0.7273,0.7273,0.7273,1.0,1.0,,,,,,,,,,,,,,,0.0566773414611816,paper_er_sf_alpha001_nowrong_noweight_50rep_mpc
sf8,SF (8),MPC,43,,2068.0,6.0,0.5455,7.0,0.6316,6.0,6.0,6.0,0.5455,0.5455,0.5455,7.0,7.0,7.0,0.6316,0.6316,0.6316,1.0,1.0,,,,,,,,,,,,,,,0.0242750644683837,paper_er_sf_alpha001_nowrong_noweight_50rep_mpc
sf8,SF (8),MPC,44,,2069.0,3.0,0.8696,3.0,0.8696,3.0,3.0,3.0,0.8696,0.8696,0.8696,3.0,3.0,3.0,0.8696,0.8696,0.8696,1.0,1.0,,,,,,,,,,,,,,,0.0745329856872558,paper_er_sf_alpha001_nowrong_noweight_50rep_mpc
sf8,SF (8),MPC,45,,2070.0,3.0,0.8696,4.0,0.8182,3.0,3.0,3.0,0.8696,0.8696,0.8696,4.0,4.0,4.0,0.8182,0.8182,0.8182,1.0,1.0,,,,,,,,,,,,,,,0.0561378002166748,paper_er_sf_alpha001_nowrong_noweight_50rep_mpc
sf8,SF (8),MPC,46,,2071.0,9.0,0.5714,10.0,0.375,9.0,9.0,9.0,0.5714,0.5714,0.5714,10.0,10.0,10.0,0.375,0.375,0.375,1.0,1.0,,,,,,,,,,,,,,,0.03291916847229,paper_er_sf_alpha001_nowrong_noweight_50rep_mpc
sf8,SF (8),MPC,47,,2072.0,8.0,0.5714,8.0,0.5263,8.0,8.0,8.0,0.5714,0.5714,0.5714,8.0,8.0,8.0,0.5263,0.5263,0.5263,1.0,1.0,,,,,,,,,,,,,,,0.0299022197723388,paper_er_sf_alpha001_nowrong_noweight_50rep_mpc
sf8,SF (8),MPC,48,,2073.0,2.0,0.9167,3.0,0.8696,2.0,2.0,2.0,0.9167,0.9167,0.9167,3.0,3.0,3.0,0.8696,0.8696,0.8696,1.0,1.0,,,,,,,,,,,,,,,0.0636708736419677,paper_er_sf_alpha001_nowrong_noweight_50rep_mpc
sf8,SF (8),MPC,49,,2074.0,8.0,0.7273,8.0,0.5556,8.0,8.0,8.0,0.7273,0.7273,0.7273,8.0,8.0,8.0,0.5556,0.5556,0.5556,1.0,1.0,,,,,,,,,,,,,,,0.0425820350646972,paper_er_sf_alpha001_nowrong_noweight_50rep_mpc
sf8,SF (8),MPC,50,,2075.0,4.0,0.8333,3.0,0.8696,4.0,4.0,4.0,0.8333,0.8333,0.8333,3.0,3.0,3.0,0.8696,0.8696,0.8696,1.0,1.0,,,,,,,,,,,,,,,0.0676009654998779,paper_er_sf_alpha001_nowrong_noweight_50rep_mpc
er5,ER (5),ASPCR-log,1,,2026.0,8.0,0.5,6.0,0.5714,8.0,8.0,8.0,0.5,0.5,0.5,6.0,6.0,6.0,0.5714,0.5714,0.5714,1.0,1.0,,,,,,,,,,,,,,,15.4718797206879,paper_er_sf_alpha001_nowrong_noweight_50rep_aspcr
er5,ER (5),ASPCR-log,2,,2027.0,8.0,0.2667,9.0,0.1538,8.0,8.0,8.0,0.2667,0.2667,0.2667,9.0,9.0,9.0,0.1538,0.1538,0.1538,1.0,1.0,,,,,,,,,,,,,,,14.9198553562164,paper_er_sf_alpha001_nowrong_noweight_50rep_aspcr
er5,ER (5),ASPCR-log,3,,2028.0,9.0,0.1333,10.0,0.0,9.0,9.0,9.0,0.1333,0.1333,0.1333,10.0,10.0,10.0,0.0,0.0,0.0,1.0,1.0,,,,,,,,,,,,,,,16.1434721946716,paper_er_sf_alpha001_nowrong_noweight_50rep_aspcr
er5,ER (5),ASPCR-log,4,,2029.0,9.0,0.3077,8.0,0.3333,9.0,9.0,9.0,0.3077,0.3077,0.3077,8.0,8.0,8.0,0.3333,0.3333,0.3333,1.0,1.0,,,,,,,,,,,,,,,15.7596137523651,paper_er_sf_alpha001_nowrong_noweight_50rep_aspcr
er5,ER (5),ASPCR-log,5,,2030.0,8.0,0.2667,9.0,0.1538,8.0,8.0,8.0,0.2667,0.2667,0.2667,9.0,9.0,9.0,0.1538,0.1538,0.1538,1.0,1.0,,,,,,,,,,,,,,,19.2235102653503,paper_er_sf_alpha001_nowrong_noweight_50rep_aspcr
er5,ER (5),ASPCR-log,6,,2031.0,9.0,0.2857,9.0,0.1538,9.0,9.0,9.0,0.2857,0.2857,0.2857,9.0,9.0,9.0,0.1538,0.1538,0.1538,1.0,1.0,,,,,,,,,,,,,,,16.8271813392639,paper_er_sf_alpha001_nowrong_noweight_50rep_aspcr
er5,ER (5),ASPCR-log,7,,2032.0,8.0,0.3529,7.0,0.4,8.0,8.0,8.0,0.3529,0.3529,0.3529,7.0,7.0,7.0,0.4,0.4,0.4,1.0,1.0,,,,,,,,,,,,,,,14.6384308338165,paper_er_sf_alpha001_nowrong_noweight_50rep_aspcr
er5,ER (5),ASPCR-log,8,,2033.0,9.0,0.375,7.0,0.4,9.0,9.0,9.0,0.375,0.375,0.375,7.0,7.0,7.0,0.4,0.4,0.4,1.0,1.0,,,,,,,,,,,,,,,14.4830410480499,paper_er_sf_alpha001_nowrong_noweight_50rep_aspcr
er5,ER (5),ASPCR-log,9,,2034.0,8.0,0.5,6.0,0.5714,8.0,8.0,8.0,0.5,0.5,0.5,6.0,6.0,6.0,0.5714,0.5714,0.5714,1.0,1.0,,,,,,,,,,,,,,,14.5042114257812,paper_er_sf_alpha001_nowrong_noweight_50rep_aspcr
er5,ER (5),ASPCR-log,10,,2035.0,9.0,0.1818,10.0,0.0,9.0,9.0,9.0,0.1818,0.1818,0.1818,10.0,10.0,10.0,0.0,0.0,0.0,1.0,1.0,,,,,,,,,,,,,,,14.5652930736542,paper_er_sf_alpha001_nowrong_noweight_50rep_aspcr
er5,ER (5),ASPCR-log,11,,2036.0,6.0,0.125,6.0,0.5,6.0,6.0,6.0,0.125,0.125,0.125,6.0,6.0,6.0,0.5,0.5,0.5,1.0,1.0,,,,,,,,,,,,,,,18.8141963481903,paper_er_sf_alpha001_nowrong_noweight_50rep_aspcr
er5,ER (5),ASPCR-log,12,,2037.0,7.0,0.3077,9.0,0.1538,7.0,7.0,7.0,0.3077,0.3077,0.3077,9.0,9.0,9.0,0.1538,0.1538,0.1538,1.0,1.0,,,,,,,,,,,,,,,18.8502817153931,paper_er_sf_alpha001_nowrong_noweight_50rep_aspcr
er5,ER (5),ASPCR-log,13,,2038.0,8.0,0.25,9.0,0.1429,8.0,8.0,8.0,0.25,0.25,0.25,9.0,9.0,9.0,0.1429,0.1429,0.1429,1.0,1.0,,,,,,,,,,,,,,,15.4547128677368,paper_er_sf_alpha001_nowrong_noweight_50rep_aspcr
er5,ER (5),ASPCR-log,14,,2039.0,8.0,0.1538,10.0,0.0,8.0,8.0,8.0,0.1538,0.1538,0.1538,10.0,10.0,10.0,0.0,0.0,0.0,1.0,1.0,,,,,,,,,,,,,,,15.1370887756348,paper_er_sf_alpha001_nowrong_noweight_50rep_aspcr
er5,ER (5),ASPCR-log,15,,2040.0,8.0,0.375,8.0,0.2857,8.0,8.0,8.0,0.375,0.375,0.375,8.0,8.0,8.0,0.2857,0.2857,0.2857,1.0,1.0,,,,,,,,,,,,,,,15.1686668395996,paper_er_sf_alpha001_nowrong_noweight_50rep_aspcr
er5,ER (5),ASPCR-log,16,,2041.0,8.0,0.1333,10.0,0.0,8.0,8.0,8.0,0.1333,0.1333,0.1333,10.0,10.0,10.0,0.0,0.0,0.0,1.0,1.0,,,,,,,,,,,,,,,15.2063312530518,paper_er_sf_alpha001_nowrong_noweight_50rep_aspcr
er5,ER (5),ASPCR-log,17,,2042.0,9.0,0.1429,10.0,0.0,9.0,9.0,9.0,0.1429,0.1429,0.1429,10.0,10.0,10.0,0.0,0.0,0.0,1.0,1.0,,,,,,,,,,,,,,,15.7703745365143,paper_er_sf_alpha001_nowrong_noweight_50rep_aspcr
er5,ER (5),ASPCR-log,18,,2043.0,9.0,0.375,8.0,0.2667,9.0,9.0,9.0,0.375,0.375,0.375,8.0,8.0,8.0,0.2667,0.2667,0.2667,1.0,1.0,,,,,,,,,,,,,,,15.5816996097565,paper_er_sf_alpha001_nowrong_noweight_50rep_aspcr
er5,ER (5),ASPCR-log,19,,2044.0,8.0,0.5333,8.0,0.3077,8.0,8.0,8.0,0.5333,0.5333,0.5333,8.0,8.0,8.0,0.3077,0.3077,0.3077,1.0,1.0,,,,,,,,,,,,,,,14.9421851634979,paper_er_sf_alpha001_nowrong_noweight_50rep_aspcr
er5,ER (5),ASPCR-log,20,,2045.0,8.0,0.5,8.0,0.25,8.0,8.0,8.0,0.5,0.5,0.5,8.0,8.0,8.0,0.25,0.25,0.25,1.0,1.0,,,,,,,,,,,,,,,18.4890251159668,paper_er_sf_alpha001_nowrong_noweight_50rep_aspcr
er5,ER (5),ASPCR-log,21,,2046.0,6.0,0.4706,6.0,0.4706,6.0,6.0,6.0,0.4706,0.4706,0.4706,6.0,6.0,6.0,0.4706,0.4706,0.4706,1.0,1.0,,,,,,,,,,,,,,,19.7573964595795,paper_er_sf_alpha001_nowrong_noweight_50rep_aspcr
er5,ER (5),ASPCR-log,22,,2047.0,9.0,0.25,9.0,0.1333,9.0,9.0,9.0,0.25,0.25,0.25,9.0,9.0,9.0,0.1333,0.1333,0.1333,1.0,1.0,,,,,,,,,,,,,,,19.8094863891602,paper_er_sf_alpha001_nowrong_noweight_50rep_aspcr
er5,ER (5),ASPCR-log,23,,2048.0,7.0,0.375,9.0,0.1538,7.0,7.0,7.0,0.375,0.375,0.375,9.0,9.0,9.0,0.1538,0.1538,0.1538,1.0,1.0,,,,,,,,,,,,,,,19.9184260368347,paper_er_sf_alpha001_nowrong_noweight_50rep_aspcr
er5,ER (5),ASPCR-log,24,,2049.0,9.0,0.2667,9.0,0.1429,9.0,9.0,9.0,0.2667,0.2667,0.2667,9.0,9.0,9.0,0.1429,0.1429,0.1429,1.0,1.0,,,,,,,,,,,,,,,20.0478472709656,paper_er_sf_alpha001_nowrong_noweight_50rep_aspcr
er5,ER (5),ASPCR-log,25,,2050.0,6.0,0.1429,9.0,0.1429,6.0,6.0,6.0,0.1429,0.1429,0.1429,9.0,9.0,9.0,0.1429,0.1429,0.1429,1.0,1.0,,,,,,,,,,,,,,,19.477795124054,paper_er_sf_alpha001_nowrong_noweight_50rep_aspcr
er5,ER (5),ASPCR-log,26,,2051.0,8.0,0.0,10.0,0.0,8.0,8.0,8.0,0.0,0.0,0.0,10.0,10.0,10.0,0.0,0.0,0.0,1.0,1.0,,,,,,,,,,,,,,,15.1641328334808,paper_er_sf_alpha001_nowrong_noweight_50rep_aspcr
er5,ER (5),ASPCR-log,27,,2052.0,9.0,0.1538,9.0,0.1667,9.0,9.0,9.0,0.1538,0.1538,0.1538,9.0,9.0,9.0,0.1667,0.1667,0.1667,1.0,1.0,,,,,,,,,,,,,,,16.0233550071716,paper_er_sf_alpha001_nowrong_noweight_50rep_aspcr
er5,ER (5),ASPCR-log,28,,2053.0,8.0,0.2857,9.0,0.1667,8.0,8.0,8.0,0.2857,0.2857,0.2857,9.0,9.0,9.0,0.1667,0.1667,0.1667,1.0,1.0,,,,,,,,,,,,,,,14.8557081222534,paper_er_sf_alpha001_nowrong_noweight_50rep_aspcr
er5,ER (5),ASPCR-log,29,,2054.0,5.0,0.2667,6.0,0.5333,5.0,5.0,5.0,0.2667,0.2667,0.2667,6.0,6.0,6.0,0.5333,0.5333,0.5333,1.0,1.0,,,,,,,,,,,,,,,15.9415853023529,paper_er_sf_alpha001_nowrong_noweight_50rep_aspcr
er5,ER (5),ASPCR-log,30,,2055.0,10.0,0.0,10.0,0.0,10.0,10.0,10.0,0.0,0.0,0.0,10.0,10.0,10.0,0.0,0.0,0.0,1.0,1.0,,,,,,,,,,,,,,,14.7622599601746,paper_er_sf_alpha001_nowrong_noweight_50rep_aspcr
er5,ER (5),ASPCR-log,31,,2056.0,8.0,0.4286,9.0,0.1667,8.0,8.0,8.0,0.4286,0.4286,0.4286,9.0,9.0,9.0,0.1667,0.1667,0.1667,1.0,1.0,,,,,,,,,,,,,,,14.9075200557709,paper_er_sf_alpha001_nowrong_noweight_50rep_aspcr
er5,ER (5),ASPCR-log,32,,2057.0,8.0,0.4,9.0,0.1538,8.0,8.0,8.0,0.4,0.4,0.4,9.0,9.0,9.0,0.1538,0.1538,0.1538,1.0,1.0,,,,,,,,,,,,,,,14.8873372077942,paper_er_sf_alpha001_nowrong_noweight_50rep_aspcr
er5,ER (5),ASPCR-log,33,,2058.0,7.0,0.4,5.0,0.6667,7.0,7.0,7.0,0.4,0.4,0.4,5.0,5.0,5.0,0.6667,0.6667,0.6667,1.0,1.0,,,,,,,,,,,,,,,17.251487493515,paper_er_sf_alpha001_nowrong_noweight_50rep_aspcr
er5,ER (5),ASPCR-log,34,,2059.0,9.0,0.0,10.0,0.0,9.0,9.0,9.0,0.0,0.0,0.0,10.0,10.0,10.0,0.0,0.0,0.0,1.0,1.0,,,,,,,,,,,,,,,19.960967540741,paper_er_sf_alpha001_nowrong_noweight_50rep_aspcr
er5,ER (5),ASPCR-log,35,,2060.0,8.0,0.5333,8.0,0.3077,8.0,8.0,8.0,0.5333,0.5333,0.5333,8.0,8.0,8.0,0.3077,0.3077,0.3077,1.0,1.0,,,,,,,,,,,,,,,18.2026124000549,paper_er_sf_alpha001_nowrong_noweight_50rep_aspcr
er5,ER (5),ASPCR-log,36,,2061.0,9.0,0.1333,9.0,0.1429,9.0,9.0,9.0,0.1333,0.1333,0.1333,9.0,9.0,9.0,0.1429,0.1429,0.1429,1.0,1.0,,,,,,,,,,,,,,,17.5455942153931,paper_er_sf_alpha001_nowrong_noweight_50rep_aspcr
er5,ER (5),ASPCR-log,37,,2062.0,8.0,0.4286,8.0,0.2857,8.0,8.0,8.0,0.4286,0.4286,0.4286,8.0,8.0,8.0,0.2857,0.2857,0.2857,1.0,1.0,,,,,,,,,,,,,,,18.494206905365,paper_er_sf_alpha001_nowrong_noweight_50rep_aspcr
er5,ER (5),ASPCR-log,38,,2063.0,9.0,0.4286,7.0,0.4615,9.0,9.0,9.0,0.4286,0.4286,0.4286,7.0,7.0,7.0,0.4615,0.4615,0.4615,1.0,1.0,,,,,,,,,,,,,,,15.2357115745544,paper_er_sf_alpha001_nowrong_noweight_50rep_aspcr
er5,ER (5),ASPCR-log,39,,2064.0,9.0,0.0,10.0,0.0,9.0,9.0,9.0,0.0,0.0,0.0,10.0,10.0,10.0,0.0,0.0,0.0,1.0,1.0,,,,,,,,,,,,,,,15.7003462314606,paper_er_sf_alpha001_nowrong_noweight_50rep_aspcr
er5,ER (5),ASPCR-log,40,,2065.0,9.0,0.1538,9.0,0.1667,9.0,9.0,9.0,0.1538,0.1538,0.1538,9.0,9.0,9.0,0.1667,0.1667,0.1667,1.0,1.0,,,,,,,,,,,,,,,16.4578518867493,paper_er_sf_alpha001_nowrong_noweight_50rep_aspcr
er5,ER (5),ASPCR-log,41,,2066.0,9.0,0.1538,9.0,0.1667,9.0,9.0,9.0,0.1538,0.1538,0.1538,9.0,9.0,9.0,0.1667,0.1667,0.1667,1.0,1.0,,,,,,,,,,,,,,,15.3987112045288,paper_er_sf_alpha001_nowrong_noweight_50rep_aspcr
er5,ER (5),ASPCR-log,42,,2067.0,9.0,0.1176,10.0,0.0,9.0,9.0,9.0,0.1176,0.1176,0.1176,10.0,10.0,10.0,0.0,0.0,0.0,1.0,1.0,,,,,,,,,,,,,,,15.638320684433,paper_er_sf_alpha001_nowrong_noweight_50rep_aspcr
er5,ER (5),ASPCR-log,43,,2068.0,8.0,0.5333,7.0,0.4615,8.0,8.0,8.0,0.5333,0.5333,0.5333,7.0,7.0,7.0,0.4615,0.4615,0.4615,1.0,1.0,,,,,,,,,,,,,,,15.1800010204315,paper_er_sf_alpha001_nowrong_noweight_50rep_aspcr
er5,ER (5),ASPCR-log,44,,2069.0,9.0,0.3333,9.0,0.1818,9.0,9.0,9.0,0.3333,0.3333,0.3333,9.0,9.0,9.0,0.1818,0.1818,0.1818,1.0,1.0,,,,,,,,,,,,,,,15.0881016254425,paper_er_sf_alpha001_nowrong_noweight_50rep_aspcr
er5,ER (5),ASPCR-log,45,,2070.0,8.0,0.1429,9.0,0.1429,8.0,8.0,8.0,0.1429,0.1429,0.1429,9.0,9.0,9.0,0.1429,0.1429,0.1429,1.0,1.0,,,,,,,,,,,,,,,20.1377112865448,paper_er_sf_alpha001_nowrong_noweight_50rep_aspcr
er5,ER (5),ASPCR-log,46,,2071.0,8.0,0.4,8.0,0.3077,8.0,8.0,8.0,0.4,0.4,0.4,8.0,8.0,8.0,0.3077,0.3077,0.3077,1.0,1.0,,,,,,,,,,,,,,,20.0665173530579,paper_er_sf_alpha001_nowrong_noweight_50rep_aspcr
er5,ER (5),ASPCR-log,47,,2072.0,7.0,0.5333,8.0,0.3333,7.0,7.0,7.0,0.5333,0.5333,0.5333,8.0,8.0,8.0,0.3333,0.3333,0.3333,1.0,1.0,,,,,,,,,,,,,,,18.6982805728912,paper_er_sf_alpha001_nowrong_noweight_50rep_aspcr
er5,ER (5),ASPCR-log,48,,2073.0,9.0,0.0,10.0,0.0,9.0,9.0,9.0,0.0,0.0,0.0,10.0,10.0,10.0,0.0,0.0,0.0,1.0,1.0,,,,,,,,,,,,,,,19.3055446147919,paper_er_sf_alpha001_nowrong_noweight_50rep_aspcr
er5,ER (5),ASPCR-log,49,,2074.0,9.0,0.7059,5.0,0.625,9.0,9.0,9.0,0.7059,0.7059,0.7059,5.0,5.0,5.0,0.625,0.625,0.625,1.0,1.0,,,,,,,,,,,,,,,15.1766123771667,paper_er_sf_alpha001_nowrong_noweight_50rep_aspcr
er5,ER (5),ASPCR-log,50,,2075.0,9.0,0.125,9.0,0.1333,9.0,9.0,9.0,0.125,0.125,0.125,9.0,9.0,9.0,0.1333,0.1333,0.1333,1.0,1.0,,,,,,,,,,,,,,,15.0706219673157,paper_er_sf_alpha001_nowrong_noweight_50rep_aspcr
sf5,SF (5),ASPCR-log,1,,2026.0,4.0,0.6,4.0,0.6,4.0,4.0,4.0,0.6,0.6,0.6,4.0,4.0,4.0,0.6,0.6,0.6,1.0,1.0,,,,,,,,,,,,,,,15.3234634399414,paper_er_sf_alpha001_nowrong_noweight_50rep_aspcr
sf5,SF (5),ASPCR-log,2,,2027.0,6.0,0.2,6.0,0.2222,6.0,6.0,6.0,0.2,0.2,0.2,6.0,6.0,6.0,0.2222,0.2222,0.2222,1.0,1.0,,,,,,,,,,,,,,,15.4665312767029,paper_er_sf_alpha001_nowrong_noweight_50rep_aspcr
sf5,SF (5),ASPCR-log,3,,2028.0,2.0,0.8333,2.0,0.8333,2.0,2.0,2.0,0.8333,0.8333,0.8333,2.0,2.0,2.0,0.8333,0.8333,0.8333,1.0,1.0,,,,,,,,,,,,,,,15.1544420719147,paper_er_sf_alpha001_nowrong_noweight_50rep_aspcr
sf5,SF (5),ASPCR-log,4,,2029.0,5.0,0.3636,5.0,0.3636,5.0,5.0,5.0,0.3636,0.3636,0.3636,5.0,5.0,5.0,0.3636,0.3636,0.3636,1.0,1.0,,,,,,,,,,,,,,,14.952573299408,paper_er_sf_alpha001_nowrong_noweight_50rep_aspcr
sf5,SF (5),ASPCR-log,5,,2030.0,4.0,0.6,5.0,0.4444,4.0,4.0,4.0,0.6,0.6,0.6,5.0,5.0,5.0,0.4444,0.4444,0.4444,1.0,1.0,,,,,,,,,,,,,,,15.3370299339294,paper_er_sf_alpha001_nowrong_noweight_50rep_aspcr
sf5,SF (5),ASPCR-log,6,,2031.0,1.0,0.7692,3.0,0.7273,1.0,1.0,1.0,0.7692,0.7692,0.7692,3.0,3.0,3.0,0.7273,0.7273,0.7273,1.0,1.0,,,,,,,,,,,,,,,17.0248596668243,paper_er_sf_alpha001_nowrong_noweight_50rep_aspcr
sf5,SF (5),ASPCR-log,7,,2032.0,7.0,0.4,6.0,0.2222,7.0,7.0,7.0,0.4,0.4,0.4,6.0,6.0,6.0,0.2222,0.2222,0.2222,1.0,1.0,,,,,,,,,,,,,,,19.1896920204163,paper_er_sf_alpha001_nowrong_noweight_50rep_aspcr
sf5,SF (5),ASPCR-log,8,,2033.0,6.0,0.3636,6.0,0.2,6.0,6.0,6.0,0.3636,0.3636,0.3636,6.0,6.0,6.0,0.2,0.2,0.2,1.0,1.0,,,,,,,,,,,,,,,17.2486147880554,paper_er_sf_alpha001_nowrong_noweight_50rep_aspcr
sf5,SF (5),ASPCR-log,9,,2034.0,5.0,0.3333,5.0,0.3636,5.0,5.0,5.0,0.3333,0.3333,0.3333,5.0,5.0,5.0,0.3636,0.3636,0.3636,1.0,1.0,,,,,,,,,,,,,,,15.8691327571869,paper_er_sf_alpha001_nowrong_noweight_50rep_aspcr
sf5,SF (5),ASPCR-log,10,,2035.0,8.0,0.0,7.0,0.1818,8.0,8.0,8.0,0.0,0.0,0.0,7.0,7.0,7.0,0.1818,0.1818,0.1818,1.0,1.0,,,,,,,,,,,,,,,15.0813558101654,paper_er_sf_alpha001_nowrong_noweight_50rep_aspcr
sf5,SF (5),ASPCR-log,11,,2036.0,3.0,0.7692,5.0,0.3077,3.0,3.0,3.0,0.7692,0.7692,0.7692,5.0,5.0,5.0,0.3077,0.3077,0.3077,1.0,1.0,,,,,,,,,,,,,,,13.3371045589447,paper_er_sf_alpha001_nowrong_noweight_50rep_aspcr
sf5,SF (5),ASPCR-log,12,,2037.0,4.0,0.3636,5.0,0.4444,4.0,4.0,4.0,0.3636,0.3636,0.3636,5.0,5.0,5.0,0.4444,0.4444,0.4444,1.0,1.0,,,,,,,,,,,,,,,13.3456029891968,paper_er_sf_alpha001_nowrong_noweight_50rep_aspcr
sf5,SF (5),ASPCR-log,13,,2038.0,6.0,0.2,7.0,0.0,6.0,6.0,6.0,0.2,0.2,0.2,7.0,7.0,7.0,0.0,0.0,0.0,1.0,1.0,,,,,,,,,,,,,,,13.2667105197906,paper_er_sf_alpha001_nowrong_noweight_50rep_aspcr
sf5,SF (5),ASPCR-log,14,,2039.0,7.0,0.2,7.0,0.0,7.0,7.0,7.0,0.2,0.2,0.2,7.0,7.0,7.0,0.0,0.0,0.0,1.0,1.0,,,,,,,,,,,,,,,14.4580392837524,paper_er_sf_alpha001_nowrong_noweight_50rep_aspcr
sf5,SF (5),ASPCR-log,15,,2040.0,7.0,0.2222,6.0,0.2222,7.0,7.0,7.0,0.2222,0.2222,0.2222,6.0,6.0,6.0,0.2222,0.2222,0.2222,1.0,1.0,,,,,,,,,,,,,,,14.2019736766815,paper_er_sf_alpha001_nowrong_noweight_50rep_aspcr
sf5,SF (5),ASPCR-log,16,,2041.0,6.0,0.1667,6.0,0.1818,6.0,6.0,6.0,0.1667,0.1667,0.1667,6.0,6.0,6.0,0.1818,0.1818,0.1818,1.0,1.0,,,,,,,,,,,,,,,14.1774938106537,paper_er_sf_alpha001_nowrong_noweight_50rep_aspcr
sf5,SF (5),ASPCR-log,17,,2042.0,5.0,0.5455,5.0,0.4,5.0,5.0,5.0,0.5455,0.5455,0.5455,5.0,5.0,5.0,0.4,0.4,0.4,1.0,1.0,,,,,,,,,,,,,,,15.5570352077484,paper_er_sf_alpha001_nowrong_noweight_50rep_aspcr
sf5,SF (5),ASPCR-log,18,,2043.0,3.0,0.5455,3.0,0.7273,3.0,3.0,3.0,0.5455,0.5455,0.5455,3.0,3.0,3.0,0.7273,0.7273,0.7273,1.0,1.0,,,,,,,,,,,,,,,16.0638740062714,paper_er_sf_alpha001_nowrong_noweight_50rep_aspcr
sf5,SF (5),ASPCR-log,19,,2044.0,5.0,0.3636,6.0,0.2,5.0,5.0,5.0,0.3636,0.3636,0.3636,6.0,6.0,6.0,0.2,0.2,0.2,1.0,1.0,,,,,,,,,,,,,,,16.2781646251678,paper_er_sf_alpha001_nowrong_noweight_50rep_aspcr
sf5,SF (5),ASPCR-log,20,,2045.0,5.0,0.1667,6.0,0.2,5.0,5.0,5.0,0.1667,0.1667,0.1667,6.0,6.0,6.0,0.2,0.2,0.2,1.0,1.0,,,,,,,,,,,,,,,16.662605047226,paper_er_sf_alpha001_nowrong_noweight_50rep_aspcr
sf5,SF (5),ASPCR-log,21,,2046.0,5.0,0.3636,6.0,0.2,5.0,5.0,5.0,0.3636,0.3636,0.3636,6.0,6.0,6.0,0.2,0.2,0.2,1.0,1.0,,,,,,,,,,,,,,,19.3360507488251,paper_er_sf_alpha001_nowrong_noweight_50rep_aspcr
sf5,SF (5),ASPCR-log,22,,2047.0,5.0,0.3636,5.0,0.4,5.0,5.0,5.0,0.3636,0.3636,0.3636,5.0,5.0,5.0,0.4,0.4,0.4,1.0,1.0,,,,,,,,,,,,,,,17.269846200943,paper_er_sf_alpha001_nowrong_noweight_50rep_aspcr
sf5,SF (5),ASPCR-log,23,,2048.0,5.0,0.4615,5.0,0.3333,5.0,5.0,5.0,0.4615,0.4615,0.4615,5.0,5.0,5.0,0.3333,0.3333,0.3333,1.0,1.0,,,,,,,,,,,,,,,19.3186695575714,paper_er_sf_alpha001_nowrong_noweight_50rep_aspcr
sf5,SF (5),ASPCR-log,24,,2049.0,4.0,0.5455,3.0,0.7273,4.0,4.0,4.0,0.5455,0.5455,0.5455,3.0,3.0,3.0,0.7273,0.7273,0.7273,1.0,1.0,,,,,,,,,,,,,,,18.5213792324066,paper_er_sf_alpha001_nowrong_noweight_50rep_aspcr
sf5,SF (5),ASPCR-log,25,,2050.0,5.0,0.3333,6.0,0.2,5.0,5.0,5.0,0.3333,0.3333,0.3333,6.0,6.0,6.0,0.2,0.2,0.2,1.0,1.0,,,,,,,,,,,,,,,16.4056203365326,paper_er_sf_alpha001_nowrong_noweight_50rep_aspcr
sf5,SF (5),ASPCR-log,26,,2051.0,5.0,0.5455,4.0,0.5455,5.0,5.0,5.0,0.5455,0.5455,0.5455,4.0,4.0,4.0,0.5455,0.5455,0.5455,1.0,1.0,,,,,,,,,,,,,,,15.3413348197937,paper_er_sf_alpha001_nowrong_noweight_50rep_aspcr
sf5,SF (5),ASPCR-log,27,,2052.0,7.0,0.5455,5.0,0.3636,7.0,7.0,7.0,0.5455,0.5455,0.5455,5.0,5.0,5.0,0.3636,0.3636,0.3636,1.0,1.0,,,,,,,,,,,,,,,15.0998330116272,paper_er_sf_alpha001_nowrong_noweight_50rep_aspcr
sf5,SF (5),ASPCR-log,28,,2053.0,5.0,0.5455,5.0,0.4,5.0,5.0,5.0,0.5455,0.5455,0.5455,5.0,5.0,5.0,0.4,0.4,0.4,1.0,1.0,,,,,,,,,,,,,,,15.4799149036407,paper_er_sf_alpha001_nowrong_noweight_50rep_aspcr
sf5,SF (5),ASPCR-log,29,,2054.0,8.0,0.0,8.0,0.0,8.0,8.0,8.0,0.0,0.0,0.0,8.0,8.0,8.0,0.0,0.0,0.0,1.0,1.0,,,,,,,,,,,,,,,15.6628060340881,paper_er_sf_alpha001_nowrong_noweight_50rep_aspcr
sf5,SF (5),ASPCR-log,30,,2055.0,7.0,0.25,6.0,0.25,7.0,7.0,7.0,0.25,0.25,0.25,6.0,6.0,6.0,0.25,0.25,0.25,1.0,1.0,,,,,,,,,,,,,,,19.3737809658051,paper_er_sf_alpha001_nowrong_noweight_50rep_aspcr
sf5,SF (5),ASPCR-log,31,,2056.0,5.0,0.3333,5.0,0.3333,5.0,5.0,5.0,0.3333,0.3333,0.3333,5.0,5.0,5.0,0.3333,0.3333,0.3333,1.0,1.0,,,,,,,,,,,,,,,19.3370337486267,paper_er_sf_alpha001_nowrong_noweight_50rep_aspcr
sf5,SF (5),ASPCR-log,32,,2057.0,5.0,0.5,6.0,0.3636,5.0,5.0,5.0,0.5,0.5,0.5,6.0,6.0,6.0,0.3636,0.3636,0.3636,1.0,1.0,,,,,,,,,,,,,,,16.0530686378479,paper_er_sf_alpha001_nowrong_noweight_50rep_aspcr
sf5,SF (5),ASPCR-log,33,,2058.0,6.0,0.3636,6.0,0.2,6.0,6.0,6.0,0.3636,0.3636,0.3636,6.0,6.0,6.0,0.2,0.2,0.2,1.0,1.0,,,,,,,,,,,,,,,14.034149646759,paper_er_sf_alpha001_nowrong_noweight_50rep_aspcr
sf5,SF (5),ASPCR-log,34,,2059.0,4.0,0.6154,4.0,0.5,4.0,4.0,4.0,0.6154,0.6154,0.6154,4.0,4.0,4.0,0.5,0.5,0.5,1.0,1.0,,,,,,,,,,,,,,,14.2534074783325,paper_er_sf_alpha001_nowrong_noweight_50rep_aspcr
sf5,SF (5),ASPCR-log,35,,2060.0,7.0,0.2222,6.0,0.2222,7.0,7.0,7.0,0.2222,0.2222,0.2222,6.0,6.0,6.0,0.2222,0.2222,0.2222,1.0,1.0,,,,,,,,,,,,,,,14.4535067081451,paper_er_sf_alpha001_nowrong_noweight_50rep_aspcr
sf5,SF (5),ASPCR-log,36,,2061.0,7.0,0.0,7.0,0.0,7.0,7.0,7.0,0.0,0.0,0.0,7.0,7.0,7.0,0.0,0.0,0.0,1.0,1.0,,,,,,,,,,,,,,,16.3687994480133,paper_er_sf_alpha001_nowrong_noweight_50rep_aspcr
sf5,SF (5),ASPCR-log,37,,2062.0,4.0,0.5455,5.0,0.4,4.0,4.0,4.0,0.5455,0.5455,0.5455,5.0,5.0,5.0,0.4,0.4,0.4,1.0,1.0,,,,,,,,,,,,,,,19.307254076004,paper_er_sf_alpha001_nowrong_noweight_50rep_aspcr
sf5,SF (5),ASPCR-log,38,,2063.0,4.0,0.6,5.0,0.4,4.0,4.0,4.0,0.6,0.6,0.6,5.0,5.0,5.0,0.4,0.4,0.4,1.0,1.0,,,,,,,,,,,,,,,19.5101618766785,paper_er_sf_alpha001_nowrong_noweight_50rep_aspcr
sf5,SF (5),ASPCR-log,39,,2064.0,4.0,0.5,3.0,0.6667,4.0,4.0,4.0,0.5,0.5,0.5,3.0,3.0,3.0,0.6667,0.6667,0.6667,1.0,1.0,,,,,,,,,,,,,,,19.2575352191925,paper_er_sf_alpha001_nowrong_noweight_50rep_aspcr
sf5,SF (5),ASPCR-log,40,,2065.0,5.0,0.6,5.0,0.4,5.0,5.0,5.0,0.6,0.6,0.6,5.0,5.0,5.0,0.4,0.4,0.4,1.0,1.0,,,,,,,,,,,,,,,17.5128350257874,paper_er_sf_alpha001_nowrong_noweight_50rep_aspcr
sf5,SF (5),ASPCR-log,41,,2066.0,6.0,0.3636,6.0,0.3636,6.0,6.0,6.0,0.3636,0.3636,0.3636,6.0,6.0,6.0,0.3636,0.3636,0.3636,1.0,1.0,,,,,,,,,,,,,,,20.1752717494965,paper_er_sf_alpha001_nowrong_noweight_50rep_aspcr
sf5,SF (5),ASPCR-log,42,,2067.0,4.0,0.7143,3.0,0.5714,4.0,4.0,4.0,0.7143,0.7143,0.7143,3.0,3.0,3.0,0.5714,0.5714,0.5714,1.0,1.0,,,,,,,,,,,,,,,20.0424475669861,paper_er_sf_alpha001_nowrong_noweight_50rep_aspcr
sf5,SF (5),ASPCR-log,43,,2068.0,5.0,0.5,4.0,0.5455,5.0,5.0,5.0,0.5,0.5,0.5,4.0,4.0,4.0,0.5455,0.5455,0.5455,1.0,1.0,,,,,,,,,,,,,,,19.8596422672272,paper_er_sf_alpha001_nowrong_noweight_50rep_aspcr
sf5,SF (5),ASPCR-log,44,,2069.0,4.0,0.5,3.0,0.6667,4.0,4.0,4.0,0.5,0.5,0.5,3.0,3.0,3.0,0.6667,0.6667,0.6667,1.0,1.0,,,,,,,,,,,,,,,20.0301239490509,paper_er_sf_alpha001_nowrong_noweight_50rep_aspcr
sf5,SF (5),ASPCR-log,45,,2070.0,6.0,0.2,6.0,0.2222,6.0,6.0,6.0,0.2,0.2,0.2,6.0,6.0,6.0,0.2222,0.2222,0.2222,1.0,1.0,,,,,,,,,,,,,,,19.757913351059,paper_er_sf_alpha001_nowrong_noweight_50rep_aspcr
sf5,SF (5),ASPCR-log,46,,2071.0,4.0,0.5455,5.0,0.4,4.0,4.0,4.0,0.5455,0.5455,0.5455,5.0,5.0,5.0,0.4,0.4,0.4,1.0,1.0,,,,,,,,,,,,,,,19.7726759910583,paper_er_sf_alpha001_nowrong_noweight_50rep_aspcr
sf5,SF (5),ASPCR-log,47,,2072.0,5.0,0.7273,4.0,0.6,5.0,5.0,5.0,0.7273,0.7273,0.7273,4.0,4.0,4.0,0.6,0.6,0.6,1.0,1.0,,,,,,,,,,,,,,,19.7863442897797,paper_er_sf_alpha001_nowrong_noweight_50rep_aspcr
sf5,SF (5),ASPCR-log,48,,2073.0,5.0,0.4444,5.0,0.4444,5.0,5.0,5.0,0.4444,0.4444,0.4444,5.0,5.0,5.0,0.4444,0.4444,0.4444,1.0,1.0,,,,,,,,,,,,,,,19.7665460109711,paper_er_sf_alpha001_nowrong_noweight_50rep_aspcr
sf5,SF (5),ASPCR-log,49,,2074.0,4.0,0.5,3.0,0.6667,4.0,4.0,4.0,0.5,0.5,0.5,3.0,3.0,3.0,0.6667,0.6667,0.6667,1.0,1.0,,,,,,,,,,,,,,,19.8407030105591,paper_er_sf_alpha001_nowrong_noweight_50rep_aspcr
sf5,SF (5),ASPCR-log,50,,2075.0,5.0,0.1667,6.0,0.1818,5.0,5.0,5.0,0.1667,0.1667,0.1667,6.0,6.0,6.0,0.1818,0.1818,0.1818,1.0,1.0,,,,,,,,,,,,,,,16.5496940612793,paper_er_sf_alpha001_nowrong_noweight_50rep_aspcr
asia,Asia (8),FGS,1,,2026.0,12.0,0.2222,12.0,0.2222,12.0,12.0,12.0,0.2222,0.2222,0.2222,12.0,12.0,12.0,0.2222,0.2222,0.2222,1.0,1.0,,,,,,,,,,,,,,,0.2294020652770996,paper_bnlearn_alpha001_nowrong_noweight_50rep_mpc_fgs
asia,Asia (8),FGS,2,,2027.0,13.0,0.1176,13.0,0.1176,13.0,13.0,13.0,0.1176,0.1176,0.1176,13.0,13.0,13.0,0.1176,0.1176,0.1176,1.0,1.0,,,,,,,,,,,,,,,0.1916649341583252,paper_bnlearn_alpha001_nowrong_noweight_50rep_mpc_fgs
asia,Asia (8),FGS,3,,2028.0,12.0,0.25,11.0,0.25,12.0,12.0,12.0,0.25,0.25,0.25,11.0,11.0,11.0,0.25,0.25,0.25,1.0,1.0,,,,,,,,,,,,,,,0.1887257099151611,paper_bnlearn_alpha001_nowrong_noweight_50rep_mpc_fgs
asia,Asia (8),FGS,4,,2029.0,12.0,0.25,11.0,0.25,12.0,12.0,12.0,0.25,0.25,0.25,11.0,11.0,11.0,0.25,0.25,0.25,1.0,1.0,,,,,,,,,,,,,,,0.1942803859710693,paper_bnlearn_alpha001_nowrong_noweight_50rep_mpc_fgs
asia,Asia (8),FGS,5,,2030.0,11.0,0.25,10.0,0.25,11.0,11.0,11.0,0.25,0.25,0.25,10.0,10.0,10.0,0.25,0.25,0.25,1.0,1.0,,,,,,,,,,,,,,,0.1920437812805175,paper_bnlearn_alpha001_nowrong_noweight_50rep_mpc_fgs
asia,Asia (8),FGS,6,,2031.0,12.0,0.25,11.0,0.25,12.0,12.0,12.0,0.25,0.25,0.25,11.0,11.0,11.0,0.25,0.25,0.25,1.0,1.0,,,,,,,,,,,,,,,0.1816051006317138,paper_bnlearn_alpha001_nowrong_noweight_50rep_mpc_fgs
asia,Asia (8),FGS,7,,2032.0,11.0,0.25,10.0,0.25,11.0,11.0,11.0,0.25,0.25,0.25,10.0,10.0,10.0,0.25,0.25,0.25,1.0,1.0,,,,,,,,,,,,,,,0.1815240383148193,paper_bnlearn_alpha001_nowrong_noweight_50rep_mpc_fgs
asia,Asia (8),FGS,8,,2033.0,12.0,0.2667,11.0,0.2667,12.0,12.0,12.0,0.2667,0.2667,0.2667,11.0,11.0,11.0,0.2667,0.2667,0.2667,1.0,1.0,,,,,,,,,,,,,,,0.1783621311187744,paper_bnlearn_alpha001_nowrong_noweight_50rep_mpc_fgs
asia,Asia (8),FGS,9,,2034.0,12.0,0.2667,11.0,0.2667,12.0,12.0,12.0,0.2667,0.2667,0.2667,11.0,11.0,11.0,0.2667,0.2667,0.2667,1.0,1.0,,,,,,,,,,,,,,,0.1874134540557861,paper_bnlearn_alpha001_nowrong_noweight_50rep_mpc_fgs
asia,Asia (8),FGS,10,,2035.0,12.0,0.25,11.0,0.25,12.0,12.0,12.0,0.25,0.25,0.25,11.0,11.0,11.0,0.25,0.25,0.25,1.0,1.0,,,,,,,,,,,,,,,0.1860463619232177,paper_bnlearn_alpha001_nowrong_noweight_50rep_mpc_fgs
asia,Asia (8),FGS,11,,2036.0,12.0,0.25,11.0,0.25,12.0,12.0,12.0,0.25,0.25,0.25,11.0,11.0,11.0,0.25,0.25,0.25,1.0,1.0,,,,,,,,,,,,,,,0.1859080791473388,paper_bnlearn_alpha001_nowrong_noweight_50rep_mpc_fgs
asia,Asia (8),FGS,12,,2037.0,12.0,0.2667,11.0,0.2667,12.0,12.0,12.0,0.2667,0.2667,0.2667,11.0,11.0,11.0,0.2667,0.2667,0.2667,1.0,1.0,,,,,,,,,,,,,,,0.1763489246368408,paper_bnlearn_alpha001_nowrong_noweight_50rep_mpc_fgs
asia,Asia (8),FGS,13,,2038.0,12.0,0.2667,11.0,0.2667,12.0,12.0,12.0,0.2667,0.2667,0.2667,11.0,11.0,11.0,0.2667,0.2667,0.2667,1.0,1.0,,,,,,,,,,,,,,,0.1920499801635742,paper_bnlearn_alpha001_nowrong_noweight_50rep_mpc_fgs
asia,Asia (8),FGS,14,,2039.0,12.0,0.25,11.0,0.25,12.0,12.0,12.0,0.25,0.25,0.25,11.0,11.0,11.0,0.25,0.25,0.25,1.0,1.0,,,,,,,,,,,,,,,0.1843817234039306,paper_bnlearn_alpha001_nowrong_noweight_50rep_mpc_fgs
asia,Asia (8),FGS,15,,2040.0,13.0,0.1176,13.0,0.1176,13.0,13.0,13.0,0.1176,0.1176,0.1176,13.0,13.0,13.0,0.1176,0.1176,0.1176,1.0,1.0,,,,,,,,,,,,,,,0.1932156085968017,paper_bnlearn_alpha001_nowrong_noweight_50rep_mpc_fgs
asia,Asia (8),FGS,16,,2041.0,12.0,0.2667,11.0,0.2667,12.0,12.0,12.0,0.2667,0.2667,0.2667,11.0,11.0,11.0,0.2667,0.2667,0.2667,1.0,1.0,,,,,,,,,,,,,,,0.1918525695800781,paper_bnlearn_alpha001_nowrong_noweight_50rep_mpc_fgs
asia,Asia (8),FGS,17,,2042.0,12.0,0.2667,11.0,0.2667,12.0,12.0,12.0,0.2667,0.2667,0.2667,11.0,11.0,11.0,0.2667,0.2667,0.2667,1.0,1.0,,,,,,,,,,,,,,,0.1902108192443847,paper_bnlearn_alpha001_nowrong_noweight_50rep_mpc_fgs
asia,Asia (8),FGS,18,,2043.0,12.0,0.25,11.0,0.25,12.0,12.0,12.0,0.25,0.25,0.25,11.0,11.0,11.0,0.25,0.25,0.25,1.0,1.0,,,,,,,,,,,,,,,0.1907153129577636,paper_bnlearn_alpha001_nowrong_noweight_50rep_mpc_fgs
asia,Asia (8),FGS,19,,2044.0,12.0,0.2667,11.0,0.2667,12.0,12.0,12.0,0.2667,0.2667,0.2667,11.0,11.0,11.0,0.2667,0.2667,0.2667,1.0,1.0,,,,,,,,,,,,,,,0.1846582889556884,paper_bnlearn_alpha001_nowrong_noweight_50rep_mpc_fgs
asia,Asia (8),FGS,20,,2045.0,12.0,0.25,11.0,0.25,12.0,12.0,12.0,0.25,0.25,0.25,11.0,11.0,11.0,0.25,0.25,0.25,1.0,1.0,,,,,,,,,,,,,,,0.1888725757598877,paper_bnlearn_alpha001_nowrong_noweight_50rep_mpc_fgs
asia,Asia (8),FGS,21,,2046.0,13.0,0.1176,13.0,0.1176,13.0,13.0,13.0,0.1176,0.1176,0.1176,13.0,13.0,13.0,0.1176,0.1176,0.1176,1.0,1.0,,,,,,,,,,,,,,,0.197009801864624,paper_bnlearn_alpha001_nowrong_noweight_50rep_mpc_fgs
asia,Asia (8),FGS,22,,2047.0,12.0,0.25,11.0,0.25,12.0,12.0,12.0,0.25,0.25,0.25,11.0,11.0,11.0,0.25,0.25,0.25,1.0,1.0,,,,,,,,,,,,,,,0.1886355876922607,paper_bnlearn_alpha001_nowrong_noweight_50rep_mpc_fgs
asia,Asia (8),FGS,23,,2048.0,12.0,0.2667,11.0,0.2667,12.0,12.0,12.0,0.2667,0.2667,0.2667,11.0,11.0,11.0,0.2667,0.2667,0.2667,1.0,1.0,,,,,,,,,,,,,,,0.1845705509185791,paper_bnlearn_alpha001_nowrong_noweight_50rep_mpc_fgs
asia,Asia (8),FGS,24,,2049.0,13.0,0.2222,13.0,0.2222,13.0,13.0,13.0,0.2222,0.2222,0.2222,13.0,13.0,13.0,0.2222,0.2222,0.2222,1.0,1.0,,,,,,,,,,,,,,,0.191310167312622,paper_bnlearn_alpha001_nowrong_noweight_50rep_mpc_fgs
asia,Asia (8),FGS,25,,2050.0,12.0,0.2667,11.0,0.2667,12.0,12.0,12.0,0.2667,0.2667,0.2667,11.0,11.0,11.0,0.2667,0.2667,0.2667,1.0,1.0,,,,,,,,,,,,,,,0.1830301284790039,paper_bnlearn_alpha001_nowrong_noweight_50rep_mpc_fgs
asia,Asia (8),FGS,26,,2051.0,12.0,0.2667,11.0,0.2667,12.0,12.0,12.0,0.2667,0.2667,0.2667,11.0,11.0,11.0,0.2667,0.2667,0.2667,1.0,1.0,,,,,,,,,,,,,,,0.2436690330505371,paper_bnlearn_alpha001_nowrong_noweight_50rep_mpc_fgs
asia,Asia (8),FGS,27,,2052.0,12.0,0.25,11.0,0.25,12.0,12.0,12.0,0.25,0.25,0.25,11.0,11.0,11.0,0.25,0.25,0.25,1.0,1.0,,,,,,,,,,,,,,,0.2028000354766845,paper_bnlearn_alpha001_nowrong_noweight_50rep_mpc_fgs
asia,Asia (8),FGS,28,,2053.0,11.0,0.25,10.0,0.25,11.0,11.0,11.0,0.25,0.25,0.25,10.0,10.0,10.0,0.25,0.25,0.25,1.0,1.0,,,,,,,,,,,,,,,0.1928632259368896,paper_bnlearn_alpha001_nowrong_noweight_50rep_mpc_fgs
asia,Asia (8),FGS,29,,2054.0,12.0,0.2667,11.0,0.2667,12.0,12.0,12.0,0.2667,0.2667,0.2667,11.0,11.0,11.0,0.2667,0.2667,0.2667,1.0,1.0,,,,,,,,,,,,,,,0.1835334300994873,paper_bnlearn_alpha001_nowrong_noweight_50rep_mpc_fgs
asia,Asia (8),FGS,30,,2055.0,12.0,0.25,11.0,0.25,12.0,12.0,12.0,0.25,0.25,0.25,11.0,11.0,11.0,0.25,0.25,0.25,1.0,1.0,,,,,,,,,,,,,,,0.1910269260406494,paper_bnlearn_alpha001_nowrong_noweight_50rep_mpc_fgs
asia,Asia (8),FGS,31,,2056.0,12.0,0.25,11.0,0.25,12.0,12.0,12.0,0.25,0.25,0.25,11.0,11.0,11.0,0.25,0.25,0.25,1.0,1.0,,,,,,,,,,,,,,,0.1929512023925781,paper_bnlearn_alpha001_nowrong_noweight_50rep_mpc_fgs
asia,Asia (8),FGS,32,,2057.0,12.0,0.2667,11.0,0.2667,12.0,12.0,12.0,0.2667,0.2667,0.2667,11.0,11.0,11.0,0.2667,0.2667,0.2667,1.0,1.0,,,,,,,,,,,,,,,0.1900959014892578,paper_bnlearn_alpha001_nowrong_noweight_50rep_mpc_fgs
asia,Asia (8),FGS,33,,2058.0,12.0,0.25,11.0,0.25,12.0,12.0,12.0,0.25,0.25,0.25,11.0,11.0,11.0,0.25,0.25,0.25,1.0,1.0,,,,,,,,,,,,,,,0.1918320655822754,paper_bnlearn_alpha001_nowrong_noweight_50rep_mpc_fgs
asia,Asia (8),FGS,34,,2059.0,12.0,0.2667,11.0,0.2667,12.0,12.0,12.0,0.2667,0.2667,0.2667,11.0,11.0,11.0,0.2667,0.2667,0.2667,1.0,1.0,,,,,,,,,,,,,,,0.1861522197723388,paper_bnlearn_alpha001_nowrong_noweight_50rep_mpc_fgs
asia,Asia (8),FGS,35,,2060.0,12.0,0.2667,11.0,0.2667,12.0,12.0,12.0,0.2667,0.2667,0.2667,11.0,11.0,11.0,0.2667,0.2667,0.2667,1.0,1.0,,,,,,,,,,,,,,,0.1812379360198974,paper_bnlearn_alpha001_nowrong_noweight_50rep_mpc_fgs
asia,Asia (8),FGS,36,,2061.0,12.0,0.2667,11.0,0.2667,12.0,12.0,12.0,0.2667,0.2667,0.2667,11.0,11.0,11.0,0.2667,0.2667,0.2667,1.0,1.0,,,,,,,,,,,,,,,0.1894371509552002,paper_bnlearn_alpha001_nowrong_noweight_50rep_mpc_fgs
asia,Asia (8),FGS,37,,2062.0,12.0,0.25,11.0,0.25,12.0,12.0,12.0,0.25,0.25,0.25,11.0,11.0,11.0,0.25,0.25,0.25,1.0,1.0,,,,,,,,,,,,,,,0.1830792427062988,paper_bnlearn_alpha001_nowrong_noweight_50rep_mpc_fgs
asia,Asia (8),FGS,38,,2063.0,14.0,0.2222,13.0,0.2222,14.0,14.0,14.0,0.2222,0.2222,0.2222,13.0,13.0,13.0,0.2222,0.2222,0.2222,1.0,1.0,,,,,,,,,,,,,,,0.1919958591461181,paper_bnlearn_alpha001_nowrong_noweight_50rep_mpc_fgs
asia,Asia (8),FGS,39,,2064.0,12.0,0.2667,11.0,0.2667,12.0,12.0,12.0,0.2667,0.2667,0.2667,11.0,11.0,11.0,0.2667,0.2667,0.2667,1.0,1.0,,,,,,,,,,,,,,,0.1868627071380615,paper_bnlearn_alpha001_nowrong_noweight_50rep_mpc_fgs
asia,Asia (8),FGS,40,,2065.0,12.0,0.25,11.0,0.25,12.0,12.0,12.0,0.25,0.25,0.25,11.0,11.0,11.0,0.25,0.25,0.25,1.0,1.0,,,,,,,,,,,,,,,0.1886990070343017,paper_bnlearn_alpha001_nowrong_noweight_50rep_mpc_fgs
asia,Asia (8),FGS,41,,2066.0,12.0,0.25,11.0,0.25,12.0,12.0,12.0,0.25,0.25,0.25,11.0,11.0,11.0,0.25,0.25,0.25,1.0,1.0,,,,,,,,,,,,,,,0.1900737285614013,paper_bnlearn_alpha001_nowrong_noweight_50rep_mpc_fgs
asia,Asia (8),FGS,42,,2067.0,12.0,0.25,11.0,0.25,12.0,12.0,12.0,0.25,0.25,0.25,11.0,11.0,11.0,0.25,0.25,0.25,1.0,1.0,,,,,,,,,,,,,,,0.1875290870666504,paper_bnlearn_alpha001_nowrong_noweight_50rep_mpc_fgs
asia,Asia (8),FGS,43,,2068.0,12.0,0.2667,11.0,0.2667,12.0,12.0,12.0,0.2667,0.2667,0.2667,11.0,11.0,11.0,0.2667,0.2667,0.2667,1.0,1.0,,,,,,,,,,,,,,,0.1195924282073974,paper_bnlearn_alpha001_nowrong_noweight_50rep_mpc_fgs
asia,Asia (8),FGS,44,,2069.0,14.0,0.2353,13.0,0.2353,14.0,14.0,14.0,0.2353,0.2353,0.2353,13.0,13.0,13.0,0.2353,0.2353,0.2353,1.0,1.0,,,,,,,,,,,,,,,0.1842701435089111,paper_bnlearn_alpha001_nowrong_noweight_50rep_mpc_fgs
asia,Asia (8),FGS,45,,2070.0,12.0,0.2667,11.0,0.2667,12.0,12.0,12.0,0.2667,0.2667,0.2667,11.0,11.0,11.0,0.2667,0.2667,0.2667,1.0,1.0,,,,,,,,,,,,,,,0.1810901165008545,paper_bnlearn_alpha001_nowrong_noweight_50rep_mpc_fgs
asia,Asia (8),FGS,46,,2071.0,12.0,0.2667,11.0,0.2667,12.0,12.0,12.0,0.2667,0.2667,0.2667,11.0,11.0,11.0,0.2667,0.2667,0.2667,1.0,1.0,,,,,,,,,,,,,,,0.1852962970733642,paper_bnlearn_alpha001_nowrong_noweight_50rep_mpc_fgs
asia,Asia (8),FGS,47,,2072.0,12.0,0.25,11.0,0.25,12.0,12.0,12.0,0.25,0.25,0.25,11.0,11.0,11.0,0.25,0.25,0.25,1.0,1.0,,,,,,,,,,,,,,,0.1846725940704345,paper_bnlearn_alpha001_nowrong_noweight_50rep_mpc_fgs
asia,Asia (8),FGS,48,,2073.0,13.0,0.1176,13.0,0.1176,13.0,13.0,13.0,0.1176,0.1176,0.1176,13.0,13.0,13.0,0.1176,0.1176,0.1176,1.0,1.0,,,,,,,,,,,,,,,0.1873140335083007,paper_bnlearn_alpha001_nowrong_noweight_50rep_mpc_fgs
asia,Asia (8),FGS,49,,2074.0,13.0,0.2353,12.0,0.2353,13.0,13.0,13.0,0.2353,0.2353,0.2353,12.0,12.0,12.0,0.2353,0.2353,0.2353,1.0,1.0,,,,,,,,,,,,,,,0.2228438854217529,paper_bnlearn_alpha001_nowrong_noweight_50rep_mpc_fgs
asia,Asia (8),FGS,50,,2075.0,12.0,0.2667,11.0,0.2667,12.0,12.0,12.0,0.2667,0.2667,0.2667,11.0,11.0,11.0,0.2667,0.2667,0.2667,1.0,1.0,,,,,,,,,,,,,,,0.1798911094665527,paper_bnlearn_alpha001_nowrong_noweight_50rep_mpc_fgs
asia,Asia (8),MPC,1,,2026.0,4.0,0.4615,6.0,0.4,4.0,4.0,4.0,0.4615,0.4615,0.4615,6.0,6.0,6.0,0.4,0.4,0.4,1.0,1.0,,,,,,,,,,,,,,,0.0409574508666992,paper_bnlearn_alpha001_nowrong_noweight_50rep_mpc_fgs
asia,Asia (8),MPC,2,,2027.0,4.0,0.4615,6.0,0.4,4.0,4.0,4.0,0.4615,0.4615,0.4615,6.0,6.0,6.0,0.4,0.4,0.4,1.0,1.0,,,,,,,,,,,,,,,0.0417702198028564,paper_bnlearn_alpha001_nowrong_noweight_50rep_mpc_fgs
asia,Asia (8),MPC,3,,2028.0,3.0,0.5714,6.0,0.4,3.0,3.0,3.0,0.5714,0.5714,0.5714,6.0,6.0,6.0,0.4,0.4,0.4,1.0,1.0,,,,,,,,,,,,,,,0.0424907207489013,paper_bnlearn_alpha001_nowrong_noweight_50rep_mpc_fgs
asia,Asia (8),MPC,4,,2029.0,4.0,0.4615,6.0,0.4,4.0,4.0,4.0,0.4615,0.4615,0.4615,6.0,6.0,6.0,0.4,0.4,0.4,1.0,1.0,,,,,,,,,,,,,,,0.0391993522644043,paper_bnlearn_alpha001_nowrong_noweight_50rep_mpc_fgs
asia,Asia (8),MPC,5,,2030.0,4.0,0.4615,6.0,0.4,4.0,4.0,4.0,0.4615,0.4615,0.4615,6.0,6.0,6.0,0.4,0.4,0.4,1.0,1.0,,,,,,,,,,,,,,,0.0406301021575927,paper_bnlearn_alpha001_nowrong_noweight_50rep_mpc_fgs
asia,Asia (8),MPC,6,,2031.0,3.0,0.5714,6.0,0.4,3.0,3.0,3.0,0.5714,0.5714,0.5714,6.0,6.0,6.0,0.4,0.4,0.4,1.0,1.0,,,,,,,,,,,,,,,0.0417523384094238,paper_bnlearn_alpha001_nowrong_noweight_50rep_mpc_fgs
asia,Asia (8),MPC,7,,2032.0,4.0,0.4615,6.0,0.4,4.0,4.0,4.0,0.4615,0.4615,0.4615,6.0,6.0,6.0,0.4,0.4,0.4,1.0,1.0,,,,,,,,,,,,,,,0.0487210750579834,paper_bnlearn_alpha001_nowrong_noweight_50rep_mpc_fgs
asia,Asia (8),MPC,8,,2033.0,4.0,0.4615,6.0,0.4,4.0,4.0,4.0,0.4615,0.4615,0.4615,6.0,6.0,6.0,0.4,0.4,0.4,1.0,1.0,,,,,,,,,,,,,,,0.0380089282989501,paper_bnlearn_alpha001_nowrong_noweight_50rep_mpc_fgs
asia,Asia (8),MPC,9,,2034.0,4.0,0.4615,6.0,0.4,4.0,4.0,4.0,0.4615,0.4615,0.4615,6.0,6.0,6.0,0.4,0.4,0.4,1.0,1.0,,,,,,,,,,,,,,,0.0452861785888671,paper_bnlearn_alpha001_nowrong_noweight_50rep_mpc_fgs
asia,Asia (8),MPC,10,,2035.0,3.0,0.5714,6.0,0.4,3.0,3.0,3.0,0.5714,0.5714,0.5714,6.0,6.0,6.0,0.4,0.4,0.4,1.0,1.0,,,,,,,,,,,,,,,0.044189453125,paper_bnlearn_alpha001_nowrong_noweight_50rep_mpc_fgs
asia,Asia (8),MPC,11,,2036.0,3.0,0.5714,6.0,0.4,3.0,3.0,3.0,0.5714,0.5714,0.5714,6.0,6.0,6.0,0.4,0.4,0.4,1.0,1.0,,,,,,,,,,,,,,,0.0359792709350585,paper_bnlearn_alpha001_nowrong_noweight_50rep_mpc_fgs
asia,Asia (8),MPC,12,,2037.0,4.0,0.4615,6.0,0.4,4.0,4.0,4.0,0.4615,0.4615,0.4615,6.0,6.0,6.0,0.4,0.4,0.4,1.0,1.0,,,,,,,,,,,,,,,0.0375199317932128,paper_bnlearn_alpha001_nowrong_noweight_50rep_mpc_fgs
asia,Asia (8),MPC,13,,2038.0,4.0,0.4615,6.0,0.4,4.0,4.0,4.0,0.4615,0.4615,0.4615,6.0,6.0,6.0,0.4,0.4,0.4,1.0,1.0,,,,,,,,,,,,,,,0.0367007255554199,paper_bnlearn_alpha001_nowrong_noweight_50rep_mpc_fgs
asia,Asia (8),MPC,14,,2039.0,3.0,0.5714,6.0,0.4,3.0,3.0,3.0,0.5714,0.5714,0.5714,6.0,6.0,6.0,0.4,0.4,0.4,1.0,1.0,,,,,,,,,,,,,,,0.0390989780426025,paper_bnlearn_alpha001_nowrong_noweight_50rep_mpc_fgs
asia,Asia (8),MPC,15,,2040.0,4.0,0.4615,6.0,0.4,4.0,4.0,4.0,0.4615,0.4615,0.4615,6.0,6.0,6.0,0.4,0.4,0.4,1.0,1.0,,,,,,,,,,,,,,,0.033221960067749,paper_bnlearn_alpha001_nowrong_noweight_50rep_mpc_fgs
asia,Asia (8),MPC,16,,2041.0,4.0,0.4615,6.0,0.4,4.0,4.0,4.0,0.4615,0.4615,0.4615,6.0,6.0,6.0,0.4,0.4,0.4,1.0,1.0,,,,,,,,,,,,,,,0.0370540618896484,paper_bnlearn_alpha001_nowrong_noweight_50rep_mpc_fgs
asia,Asia (8),MPC,17,,2042.0,4.0,0.4615,6.0,0.4,4.0,4.0,4.0,0.4615,0.4615,0.4615,6.0,6.0,6.0,0.4,0.4,0.4,1.0,1.0,,,,,,,,,,,,,,,0.0375809669494628,paper_bnlearn_alpha001_nowrong_noweight_50rep_mpc_fgs
asia,Asia (8),MPC,18,,2043.0,4.0,0.4615,6.0,0.4,4.0,4.0,4.0,0.4615,0.4615,0.4615,6.0,6.0,6.0,0.4,0.4,0.4,1.0,1.0,,,,,,,,,,,,,,,0.0351223945617675,paper_bnlearn_alpha001_nowrong_noweight_50rep_mpc_fgs
asia,Asia (8),MPC,19,,2044.0,4.0,0.4615,6.0,0.4,4.0,4.0,4.0,0.4615,0.4615,0.4615,6.0,6.0,6.0,0.4,0.4,0.4,1.0,1.0,,,,,,,,,,,,,,,0.035682201385498,paper_bnlearn_alpha001_nowrong_noweight_50rep_mpc_fgs
asia,Asia (8),MPC,20,,2045.0,4.0,0.4615,6.0,0.4,4.0,4.0,4.0,0.4615,0.4615,0.4615,6.0,6.0,6.0,0.4,0.4,0.4,1.0,1.0,,,,,,,,,,,,,,,0.0390512943267822,paper_bnlearn_alpha001_nowrong_noweight_50rep_mpc_fgs
asia,Asia (8),MPC,21,,2046.0,3.0,0.5714,6.0,0.4,3.0,3.0,3.0,0.5714,0.5714,0.5714,6.0,6.0,6.0,0.4,0.4,0.4,1.0,1.0,,,,,,,,,,,,,,,0.0384199619293212,paper_bnlearn_alpha001_nowrong_noweight_50rep_mpc_fgs
asia,Asia (8),MPC,22,,2047.0,3.0,0.5714,6.0,0.4,3.0,3.0,3.0,0.5714,0.5714,0.5714,6.0,6.0,6.0,0.4,0.4,0.4,1.0,1.0,,,,,,,,,,,,,,,0.0449435710906982,paper_bnlearn_alpha001_nowrong_noweight_50rep_mpc_fgs
asia,Asia (8),MPC,23,,2048.0,4.0,0.4615,6.0,0.4,4.0,4.0,4.0,0.4615,0.4615,0.4615,6.0,6.0,6.0,0.4,0.4,0.4,1.0,1.0,,,,,,,,,,,,,,,0.0367321968078613,paper_bnlearn_alpha001_nowrong_noweight_50rep_mpc_fgs
asia,Asia (8),MPC,24,,2049.0,4.0,0.4615,6.0,0.4,4.0,4.0,4.0,0.4615,0.4615,0.4615,6.0,6.0,6.0,0.4,0.4,0.4,1.0,1.0,,,,,,,,,,,,,,,0.035114049911499,paper_bnlearn_alpha001_nowrong_noweight_50rep_mpc_fgs
asia,Asia (8),MPC,25,,2050.0,4.0,0.4615,6.0,0.4,4.0,4.0,4.0,0.4615,0.4615,0.4615,6.0,6.0,6.0,0.4,0.4,0.4,1.0,1.0,,,,,,,,,,,,,,,0.0377638339996337,paper_bnlearn_alpha001_nowrong_noweight_50rep_mpc_fgs
asia,Asia (8),MPC,26,,2051.0,4.0,0.4615,6.0,0.4,4.0,4.0,4.0,0.4615,0.4615,0.4615,6.0,6.0,6.0,0.4,0.4,0.4,1.0,1.0,,,,,,,,,,,,,,,0.0340056419372558,paper_bnlearn_alpha001_nowrong_noweight_50rep_mpc_fgs
asia,Asia (8),MPC,27,,2052.0,4.0,0.4615,6.0,0.4,4.0,4.0,4.0,0.4615,0.4615,0.4615,6.0,6.0,6.0,0.4,0.4,0.4,1.0,1.0,,,,,,,,,,,,,,,0.0404987335205078,paper_bnlearn_alpha001_nowrong_noweight_50rep_mpc_fgs
asia,Asia (8),MPC,28,,2053.0,4.0,0.4615,6.0,0.4,4.0,4.0,4.0,0.4615,0.4615,0.4615,6.0,6.0,6.0,0.4,0.4,0.4,1.0,1.0,,,,,,,,,,,,,,,0.0453920364379882,paper_bnlearn_alpha001_nowrong_noweight_50rep_mpc_fgs
asia,Asia (8),MPC,29,,2054.0,4.0,0.4615,6.0,0.4,4.0,4.0,4.0,0.4615,0.4615,0.4615,6.0,6.0,6.0,0.4,0.4,0.4,1.0,1.0,,,,,,,,,,,,,,,0.0370004177093505,paper_bnlearn_alpha001_nowrong_noweight_50rep_mpc_fgs
asia,Asia (8),MPC,30,,2055.0,3.0,0.5714,6.0,0.4,3.0,3.0,3.0,0.5714,0.5714,0.5714,6.0,6.0,6.0,0.4,0.4,0.4,1.0,1.0,,,,,,,,,,,,,,,0.0425105094909668,paper_bnlearn_alpha001_nowrong_noweight_50rep_mpc_fgs
asia,Asia (8),MPC,31,,2056.0,4.0,0.4615,6.0,0.4,4.0,4.0,4.0,0.4615,0.4615,0.4615,6.0,6.0,6.0,0.4,0.4,0.4,1.0,1.0,,,,,,,,,,,,,,,0.0423455238342285,paper_bnlearn_alpha001_nowrong_noweight_50rep_mpc_fgs
asia,Asia (8),MPC,32,,2057.0,4.0,0.4615,6.0,0.4,4.0,4.0,4.0,0.4615,0.4615,0.4615,6.0,6.0,6.0,0.4,0.4,0.4,1.0,1.0,,,,,,,,,,,,,,,0.0415008068084716,paper_bnlearn_alpha001_nowrong_noweight_50rep_mpc_fgs
asia,Asia (8),MPC,33,,2058.0,4.0,0.4615,6.0,0.4,4.0,4.0,4.0,0.4615,0.4615,0.4615,6.0,6.0,6.0,0.4,0.4,0.4,1.0,1.0,,,,,,,,,,,,,,,0.0404374599456787,paper_bnlearn_alpha001_nowrong_noweight_50rep_mpc_fgs
asia,Asia (8),MPC,34,,2059.0,4.0,0.4615,6.0,0.4,4.0,4.0,4.0,0.4615,0.4615,0.4615,6.0,6.0,6.0,0.4,0.4,0.4,1.0,1.0,,,,,,,,,,,,,,,0.0396993160247802,paper_bnlearn_alpha001_nowrong_noweight_50rep_mpc_fgs
asia,Asia (8),MPC,35,,2060.0,4.0,0.4615,6.0,0.4,4.0,4.0,4.0,0.4615,0.4615,0.4615,6.0,6.0,6.0,0.4,0.4,0.4,1.0,1.0,,,,,,,,,,,,,,,0.0400996208190918,paper_bnlearn_alpha001_nowrong_noweight_50rep_mpc_fgs
asia,Asia (8),MPC,36,,2061.0,4.0,0.4615,6.0,0.4,4.0,4.0,4.0,0.4615,0.4615,0.4615,6.0,6.0,6.0,0.4,0.4,0.4,1.0,1.0,,,,,,,,,,,,,,,0.0392646789550781,paper_bnlearn_alpha001_nowrong_noweight_50rep_mpc_fgs
asia,Asia (8),MPC,37,,2062.0,4.0,0.4615,6.0,0.4,4.0,4.0,4.0,0.4615,0.4615,0.4615,6.0,6.0,6.0,0.4,0.4,0.4,1.0,1.0,,,,,,,,,,,,,,,0.0410804748535156,paper_bnlearn_alpha001_nowrong_noweight_50rep_mpc_fgs
asia,Asia (8),MPC,38,,2063.0,4.0,0.4615,6.0,0.4,4.0,4.0,4.0,0.4615,0.4615,0.4615,6.0,6.0,6.0,0.4,0.4,0.4,1.0,1.0,,,,,,,,,,,,,,,0.0405175685882568,paper_bnlearn_alpha001_nowrong_noweight_50rep_mpc_fgs
asia,Asia (8),MPC,39,,2064.0,5.0,0.4286,6.0,0.4,5.0,5.0,5.0,0.4286,0.4286,0.4286,6.0,6.0,6.0,0.4,0.4,0.4,1.0,1.0,,,,,,,,,,,,,,,0.0446987152099609,paper_bnlearn_alpha001_nowrong_noweight_50rep_mpc_fgs
asia,Asia (8),MPC,40,,2065.0,4.0,0.4615,6.0,0.4,4.0,4.0,4.0,0.4615,0.4615,0.4615,6.0,6.0,6.0,0.4,0.4,0.4,1.0,1.0,,,,,,,,,,,,,,,0.0434191226959228,paper_bnlearn_alpha001_nowrong_noweight_50rep_mpc_fgs
asia,Asia (8),MPC,41,,2066.0,4.0,0.4615,6.0,0.4,4.0,4.0,4.0,0.4615,0.4615,0.4615,6.0,6.0,6.0,0.4,0.4,0.4,1.0,1.0,,,,,,,,,,,,,,,0.0411221981048584,paper_bnlearn_alpha001_nowrong_noweight_50rep_mpc_fgs
asia,Asia (8),MPC,42,,2067.0,4.0,0.4615,6.0,0.4,4.0,4.0,4.0,0.4615,0.4615,0.4615,6.0,6.0,6.0,0.4,0.4,0.4,1.0,1.0,,,,,,,,,,,,,,,0.0404841899871826,paper_bnlearn_alpha001_nowrong_noweight_50rep_mpc_fgs
asia,Asia (8),MPC,43,,2068.0,4.0,0.4615,6.0,0.4,4.0,4.0,4.0,0.4615,0.4615,0.4615,6.0,6.0,6.0,0.4,0.4,0.4,1.0,1.0,,,,,,,,,,,,,,,0.0411434173583984,paper_bnlearn_alpha001_nowrong_noweight_50rep_mpc_fgs
asia,Asia (8),MPC,44,,2069.0,4.0,0.4615,6.0,0.4,4.0,4.0,4.0,0.4615,0.4615,0.4615,6.0,6.0,6.0,0.4,0.4,0.4,1.0,1.0,,,,,,,,,,,,,,,0.0402052402496337,paper_bnlearn_alpha001_nowrong_noweight_50rep_mpc_fgs
asia,Asia (8),MPC,45,,2070.0,4.0,0.4615,6.0,0.4,4.0,4.0,4.0,0.4615,0.4615,0.4615,6.0,6.0,6.0,0.4,0.4,0.4,1.0,1.0,,,,,,,,,,,,,,,0.0277950763702392,paper_bnlearn_alpha001_nowrong_noweight_50rep_mpc_fgs
asia,Asia (8),MPC,46,,2071.0,4.0,0.4615,6.0,0.4,4.0,4.0,4.0,0.4615,0.4615,0.4615,6.0,6.0,6.0,0.4,0.4,0.4,1.0,1.0,,,,,,,,,,,,,,,0.0246093273162841,paper_bnlearn_alpha001_nowrong_noweight_50rep_mpc_fgs
asia,Asia (8),MPC,47,,2072.0,4.0,0.4615,6.0,0.4,4.0,4.0,4.0,0.4615,0.4615,0.4615,6.0,6.0,6.0,0.4,0.4,0.4,1.0,1.0,,,,,,,,,,,,,,,0.02744722366333,paper_bnlearn_alpha001_nowrong_noweight_50rep_mpc_fgs
asia,Asia (8),MPC,48,,2073.0,3.0,0.5714,6.0,0.4,3.0,3.0,3.0,0.5714,0.5714,0.5714,6.0,6.0,6.0,0.4,0.4,0.4,1.0,1.0,,,,,,,,,,,,,,,0.030651569366455,paper_bnlearn_alpha001_nowrong_noweight_50rep_mpc_fgs
asia,Asia (8),MPC,49,,2074.0,3.0,0.5714,6.0,0.4,3.0,3.0,3.0,0.5714,0.5714,0.5714,6.0,6.0,6.0,0.4,0.4,0.4,1.0,1.0,,,,,,,,,,,,,,,0.0294826030731201,paper_bnlearn_alpha001_nowrong_noweight_50rep_mpc_fgs
asia,Asia (8),MPC,50,,2075.0,4.0,0.4615,6.0,0.4,4.0,4.0,4.0,0.4615,0.4615,0.4615,6.0,6.0,6.0,0.4,0.4,0.4,1.0,1.0,,,,,,,,,,,,,,,0.0232799053192138,paper_bnlearn_alpha001_nowrong_noweight_50rep_mpc_fgs
cancer,Cancer (5),FGS,1,,2026.0,3.0,0.2857,3.0,0.2857,3.0,3.0,3.0,0.2857,0.2857,0.2857,3.0,3.0,3.0,0.2857,0.2857,0.2857,1.0,1.0,,,,,,,,,,,,,,,0.896857738494873,paper_bnlearn_alpha001_nowrong_noweight_50rep_mpc_fgs
cancer,Cancer (5),FGS,2,,2027.0,3.0,0.2857,3.0,0.2857,3.0,3.0,3.0,0.2857,0.2857,0.2857,3.0,3.0,3.0,0.2857,0.2857,0.2857,1.0,1.0,,,,,,,,,,,,,,,0.1519017219543457,paper_bnlearn_alpha001_nowrong_noweight_50rep_mpc_fgs
cancer,Cancer (5),FGS,3,,2028.0,3.0,0.2857,3.0,0.2857,3.0,3.0,3.0,0.2857,0.2857,0.2857,3.0,3.0,3.0,0.2857,0.2857,0.2857,1.0,1.0,,,,,,,,,,,,,,,0.1372237205505371,paper_bnlearn_alpha001_nowrong_noweight_50rep_mpc_fgs
cancer,Cancer (5),FGS,4,,2029.0,2.0,0.5,2.0,0.5,2.0,2.0,2.0,0.5,0.5,0.5,2.0,2.0,2.0,0.5,0.5,0.5,1.0,1.0,,,,,,,,,,,,,,,0.1103982925415039,paper_bnlearn_alpha001_nowrong_noweight_50rep_mpc_fgs
cancer,Cancer (5),FGS,5,,2030.0,2.0,0.5,2.0,0.5,2.0,2.0,2.0,0.5,0.5,0.5,2.0,2.0,2.0,0.5,0.5,0.5,1.0,1.0,,,,,,,,,,,,,,,0.1075351238250732,paper_bnlearn_alpha001_nowrong_noweight_50rep_mpc_fgs
cancer,Cancer (5),FGS,6,,2031.0,2.0,0.5,2.0,0.5,2.0,2.0,2.0,0.5,0.5,0.5,2.0,2.0,2.0,0.5,0.5,0.5,1.0,1.0,,,,,,,,,,,,,,,0.1101861000061035,paper_bnlearn_alpha001_nowrong_noweight_50rep_mpc_fgs
cancer,Cancer (5),FGS,7,,2032.0,2.0,0.5,2.0,0.5,2.0,2.0,2.0,0.5,0.5,0.5,2.0,2.0,2.0,0.5,0.5,0.5,1.0,1.0,,,,,,,,,,,,,,,0.1075472831726074,paper_bnlearn_alpha001_nowrong_noweight_50rep_mpc_fgs
cancer,Cancer (5),FGS,8,,2033.0,3.0,0.2857,3.0,0.2857,3.0,3.0,3.0,0.2857,0.2857,0.2857,3.0,3.0,3.0,0.2857,0.2857,0.2857,1.0,1.0,,,,,,,,,,,,,,,0.0966567993164062,paper_bnlearn_alpha001_nowrong_noweight_50rep_mpc_fgs
cancer,Cancer (5),FGS,9,,2034.0,2.0,0.5,2.0,0.5,2.0,2.0,2.0,0.5,0.5,0.5,2.0,2.0,2.0,0.5,0.5,0.5,1.0,1.0,,,,,,,,,,,,,,,0.1044731140136718,paper_bnlearn_alpha001_nowrong_noweight_50rep_mpc_fgs
cancer,Cancer (5),FGS,10,,2035.0,3.0,0.2857,3.0,0.2857,3.0,3.0,3.0,0.2857,0.2857,0.2857,3.0,3.0,3.0,0.2857,0.2857,0.2857,1.0,1.0,,,,,,,,,,,,,,,0.1045954227447509,paper_bnlearn_alpha001_nowrong_noweight_50rep_mpc_fgs
cancer,Cancer (5),FGS,11,,2036.0,2.0,0.5,2.0,0.5,2.0,2.0,2.0,0.5,0.5,0.5,2.0,2.0,2.0,0.5,0.5,0.5,1.0,1.0,,,,,,,,,,,,,,,0.1413516998291015,paper_bnlearn_alpha001_nowrong_noweight_50rep_mpc_fgs
cancer,Cancer (5),FGS,12,,2037.0,4.0,0.25,4.0,0.25,4.0,4.0,4.0,0.25,0.25,0.25,4.0,4.0,4.0,0.25,0.25,0.25,1.0,1.0,,,,,,,,,,,,,,,0.1010689735412597,paper_bnlearn_alpha001_nowrong_noweight_50rep_mpc_fgs
cancer,Cancer (5),FGS,13,,2038.0,2.0,0.5,2.0,0.5,2.0,2.0,2.0,0.5,0.5,0.5,2.0,2.0,2.0,0.5,0.5,0.5,1.0,1.0,,,,,,,,,,,,,,,0.1179637908935546,paper_bnlearn_alpha001_nowrong_noweight_50rep_mpc_fgs
cancer,Cancer (5),FGS,14,,2039.0,2.0,0.5,2.0,0.5,2.0,2.0,2.0,0.5,0.5,0.5,2.0,2.0,2.0,0.5,0.5,0.5,1.0,1.0,,,,,,,,,,,,,,,0.1092815399169921,paper_bnlearn_alpha001_nowrong_noweight_50rep_mpc_fgs
cancer,Cancer (5),FGS,15,,2040.0,2.0,0.5,2.0,0.5,2.0,2.0,2.0,0.5,0.5,0.5,2.0,2.0,2.0,0.5,0.5,0.5,1.0,1.0,,,,,,,,,,,,,,,0.0914540290832519,paper_bnlearn_alpha001_nowrong_noweight_50rep_mpc_fgs
cancer,Cancer (5),FGS,16,,2041.0,3.0,0.2857,3.0,0.2857,3.0,3.0,3.0,0.2857,0.2857,0.2857,3.0,3.0,3.0,0.2857,0.2857,0.2857,1.0,1.0,,,,,,,,,,,,,,,0.0955660343170166,paper_bnlearn_alpha001_nowrong_noweight_50rep_mpc_fgs
cancer,Cancer (5),FGS,17,,2042.0,3.0,0.2857,3.0,0.2857,3.0,3.0,3.0,0.2857,0.2857,0.2857,3.0,3.0,3.0,0.2857,0.2857,0.2857,1.0,1.0,,,,,,,,,,,,,,,0.1004443168640136,paper_bnlearn_alpha001_nowrong_noweight_50rep_mpc_fgs
cancer,Cancer (5),FGS,18,,2043.0,2.0,0.5,2.0,0.5,2.0,2.0,2.0,0.5,0.5,0.5,2.0,2.0,2.0,0.5,0.5,0.5,1.0,1.0,,,,,,,,,,,,,,,0.1073181629180908,paper_bnlearn_alpha001_nowrong_noweight_50rep_mpc_fgs
cancer,Cancer (5),FGS,19,,2044.0,3.0,0.2857,3.0,0.2857,3.0,3.0,3.0,0.2857,0.2857,0.2857,3.0,3.0,3.0,0.2857,0.2857,0.2857,1.0,1.0,,,,,,,,,,,,,,,0.1049098968505859,paper_bnlearn_alpha001_nowrong_noweight_50rep_mpc_fgs
cancer,Cancer (5),FGS,20,,2045.0,2.0,0.5,2.0,0.5,2.0,2.0,2.0,0.5,0.5,0.5,2.0,2.0,2.0,0.5,0.5,0.5,1.0,1.0,,,,,,,,,,,,,,,0.1034929752349853,paper_bnlearn_alpha001_nowrong_noweight_50rep_mpc_fgs
cancer,Cancer (5),FGS,21,,2046.0,2.0,0.5,2.0,0.5,2.0,2.0,2.0,0.5,0.5,0.5,2.0,2.0,2.0,0.5,0.5,0.5,1.0,1.0,,,,,,,,,,,,,,,0.1058042049407959,paper_bnlearn_alpha001_nowrong_noweight_50rep_mpc_fgs
cancer,Cancer (5),FGS,22,,2047.0,2.0,0.5,2.0,0.5,2.0,2.0,2.0,0.5,0.5,0.5,2.0,2.0,2.0,0.5,0.5,0.5,1.0,1.0,,,,,,,,,,,,,,,0.1116909980773925,paper_bnlearn_alpha001_nowrong_noweight_50rep_mpc_fgs
cancer,Cancer (5),FGS,23,,2048.0,2.0,0.5,2.0,0.5,2.0,2.0,2.0,0.5,0.5,0.5,2.0,2.0,2.0,0.5,0.5,0.5,1.0,1.0,,,,,,,,,,,,,,,0.109900951385498,paper_bnlearn_alpha001_nowrong_noweight_50rep_mpc_fgs
cancer,Cancer (5),FGS,24,,2049.0,3.0,0.2857,3.0,0.2857,3.0,3.0,3.0,0.2857,0.2857,0.2857,3.0,3.0,3.0,0.2857,0.2857,0.2857,1.0,1.0,,,,,,,,,,,,,,,0.1231482028961181,paper_bnlearn_alpha001_nowrong_noweight_50rep_mpc_fgs
cancer,Cancer (5),FGS,25,,2050.0,3.0,0.2857,3.0,0.2857,3.0,3.0,3.0,0.2857,0.2857,0.2857,3.0,3.0,3.0,0.2857,0.2857,0.2857,1.0,1.0,,,,,,,,,,,,,,,0.0980401039123535,paper_bnlearn_alpha001_nowrong_noweight_50rep_mpc_fgs
cancer,Cancer (5),FGS,26,,2051.0,3.0,0.2857,3.0,0.2857,3.0,3.0,3.0,0.2857,0.2857,0.2857,3.0,3.0,3.0,0.2857,0.2857,0.2857,1.0,1.0,,,,,,,,,,,,,,,0.0981974601745605,paper_bnlearn_alpha001_nowrong_noweight_50rep_mpc_fgs
cancer,Cancer (5),FGS,27,,2052.0,2.0,0.5,2.0,0.5,2.0,2.0,2.0,0.5,0.5,0.5,2.0,2.0,2.0,0.5,0.5,0.5,1.0,1.0,,,,,,,,,,,,,,,0.097398042678833,paper_bnlearn_alpha001_nowrong_noweight_50rep_mpc_fgs
cancer,Cancer (5),FGS,28,,2053.0,3.0,0.2857,3.0,0.2857,3.0,3.0,3.0,0.2857,0.2857,0.2857,3.0,3.0,3.0,0.2857,0.2857,0.2857,1.0,1.0,,,,,,,,,,,,,,,0.1001348495483398,paper_bnlearn_alpha001_nowrong_noweight_50rep_mpc_fgs
cancer,Cancer (5),FGS,29,,2054.0,3.0,0.2857,3.0,0.2857,3.0,3.0,3.0,0.2857,0.2857,0.2857,3.0,3.0,3.0,0.2857,0.2857,0.2857,1.0,1.0,,,,,,,,,,,,,,,0.1013627052307128,paper_bnlearn_alpha001_nowrong_noweight_50rep_mpc_fgs
cancer,Cancer (5),FGS,30,,2055.0,2.0,0.5,2.0,0.5,2.0,2.0,2.0,0.5,0.5,0.5,2.0,2.0,2.0,0.5,0.5,0.5,1.0,1.0,,,,,,,,,,,,,,,0.1160285472869873,paper_bnlearn_alpha001_nowrong_noweight_50rep_mpc_fgs
cancer,Cancer (5),FGS,31,,2056.0,2.0,0.5,2.0,0.5,2.0,2.0,2.0,0.5,0.5,0.5,2.0,2.0,2.0,0.5,0.5,0.5,1.0,1.0,,,,,,,,,,,,,,,0.0985231399536132,paper_bnlearn_alpha001_nowrong_noweight_50rep_mpc_fgs
cancer,Cancer (5),FGS,32,,2057.0,3.0,0.2857,3.0,0.2857,3.0,3.0,3.0,0.2857,0.2857,0.2857,3.0,3.0,3.0,0.2857,0.2857,0.2857,1.0,1.0,,,,,,,,,,,,,,,0.1100180149078369,paper_bnlearn_alpha001_nowrong_noweight_50rep_mpc_fgs
cancer,Cancer (5),FGS,33,,2058.0,2.0,0.5,2.0,0.5,2.0,2.0,2.0,0.5,0.5,0.5,2.0,2.0,2.0,0.5,0.5,0.5,1.0,1.0,,,,,,,,,,,,,,,0.1116447448730468,paper_bnlearn_alpha001_nowrong_noweight_50rep_mpc_fgs
cancer,Cancer (5),FGS,34,,2059.0,3.0,0.2857,3.0,0.2857,3.0,3.0,3.0,0.2857,0.2857,0.2857,3.0,3.0,3.0,0.2857,0.2857,0.2857,1.0,1.0,,,,,,,,,,,,,,,0.0925548076629638,paper_bnlearn_alpha001_nowrong_noweight_50rep_mpc_fgs
cancer,Cancer (5),FGS,35,,2060.0,3.0,0.2857,3.0,0.2857,3.0,3.0,3.0,0.2857,0.2857,0.2857,3.0,3.0,3.0,0.2857,0.2857,0.2857,1.0,1.0,,,,,,,,,,,,,,,0.1147606372833252,paper_bnlearn_alpha001_nowrong_noweight_50rep_mpc_fgs
cancer,Cancer (5),FGS,36,,2061.0,3.0,0.2857,3.0,0.2857,3.0,3.0,3.0,0.2857,0.2857,0.2857,3.0,3.0,3.0,0.2857,0.2857,0.2857,1.0,1.0,,,,,,,,,,,,,,,0.0911149978637695,paper_bnlearn_alpha001_nowrong_noweight_50rep_mpc_fgs
cancer,Cancer (5),FGS,37,,2062.0,2.0,0.5,2.0,0.5,2.0,2.0,2.0,0.5,0.5,0.5,2.0,2.0,2.0,0.5,0.5,0.5,1.0,1.0,,,,,,,,,,,,,,,0.1104812622070312,paper_bnlearn_alpha001_nowrong_noweight_50rep_mpc_fgs
cancer,Cancer (5),FGS,38,,2063.0,3.0,0.2857,3.0,0.2857,3.0,3.0,3.0,0.2857,0.2857,0.2857,3.0,3.0,3.0,0.2857,0.2857,0.2857,1.0,1.0,,,,,,,,,,,,,,,0.095632791519165,paper_bnlearn_alpha001_nowrong_noweight_50rep_mpc_fgs
cancer,Cancer (5),FGS,39,,2064.0,2.0,0.5,2.0,0.5,2.0,2.0,2.0,0.5,0.5,0.5,2.0,2.0,2.0,0.5,0.5,0.5,1.0,1.0,,,,,,,,,,,,,,,0.1097016334533691,paper_bnlearn_alpha001_nowrong_noweight_50rep_mpc_fgs
cancer,Cancer (5),FGS,40,,2065.0,2.0,0.5,2.0,0.5,2.0,2.0,2.0,0.5,0.5,0.5,2.0,2.0,2.0,0.5,0.5,0.5,1.0,1.0,,,,,,,,,,,,,,,0.1677608489990234,paper_bnlearn_alpha001_nowrong_noweight_50rep_mpc_fgs
cancer,Cancer (5),FGS,41,,2066.0,2.0,0.5,2.0,0.5,2.0,2.0,2.0,0.5,0.5,0.5,2.0,2.0,2.0,0.5,0.5,0.5,1.0,1.0,,,,,,,,,,,,,,,0.1618382930755615,paper_bnlearn_alpha001_nowrong_noweight_50rep_mpc_fgs
cancer,Cancer (5),FGS,42,,2067.0,2.0,0.5,2.0,0.5,2.0,2.0,2.0,0.5,0.5,0.5,2.0,2.0,2.0,0.5,0.5,0.5,1.0,1.0,,,,,,,,,,,,,,,0.170236587524414,paper_bnlearn_alpha001_nowrong_noweight_50rep_mpc_fgs
cancer,Cancer (5),FGS,43,,2068.0,2.0,0.5,2.0,0.5,2.0,2.0,2.0,0.5,0.5,0.5,2.0,2.0,2.0,0.5,0.5,0.5,1.0,1.0,,,,,,,,,,,,,,,0.1689364910125732,paper_bnlearn_alpha001_nowrong_noweight_50rep_mpc_fgs
cancer,Cancer (5),FGS,44,,2069.0,2.0,0.5,2.0,0.5,2.0,2.0,2.0,0.5,0.5,0.5,2.0,2.0,2.0,0.5,0.5,0.5,1.0,1.0,,,,,,,,,,,,,,,0.1699535846710205,paper_bnlearn_alpha001_nowrong_noweight_50rep_mpc_fgs
cancer,Cancer (5),FGS,45,,2070.0,3.0,0.2857,3.0,0.2857,3.0,3.0,3.0,0.2857,0.2857,0.2857,3.0,3.0,3.0,0.2857,0.2857,0.2857,1.0,1.0,,,,,,,,,,,,,,,0.1638514995574951,paper_bnlearn_alpha001_nowrong_noweight_50rep_mpc_fgs
cancer,Cancer (5),FGS,46,,2071.0,3.0,0.2857,3.0,0.2857,3.0,3.0,3.0,0.2857,0.2857,0.2857,3.0,3.0,3.0,0.2857,0.2857,0.2857,1.0,1.0,,,,,,,,,,,,,,,0.1580550670623779,paper_bnlearn_alpha001_nowrong_noweight_50rep_mpc_fgs
cancer,Cancer (5),FGS,47,,2072.0,3.0,0.2857,3.0,0.2857,3.0,3.0,3.0,0.2857,0.2857,0.2857,3.0,3.0,3.0,0.2857,0.2857,0.2857,1.0,1.0,,,,,,,,,,,,,,,0.1599090099334716,paper_bnlearn_alpha001_nowrong_noweight_50rep_mpc_fgs
cancer,Cancer (5),FGS,48,,2073.0,2.0,0.5,2.0,0.5,2.0,2.0,2.0,0.5,0.5,0.5,2.0,2.0,2.0,0.5,0.5,0.5,1.0,1.0,,,,,,,,,,,,,,,0.168511152267456,paper_bnlearn_alpha001_nowrong_noweight_50rep_mpc_fgs
cancer,Cancer (5),FGS,49,,2074.0,2.0,0.5,2.0,0.5,2.0,2.0,2.0,0.5,0.5,0.5,2.0,2.0,2.0,0.5,0.5,0.5,1.0,1.0,,,,,,,,,,,,,,,0.1634485721588134,paper_bnlearn_alpha001_nowrong_noweight_50rep_mpc_fgs
cancer,Cancer (5),FGS,50,,2075.0,2.0,0.5,2.0,0.5,2.0,2.0,2.0,0.5,0.5,0.5,2.0,2.0,2.0,0.5,0.5,0.5,1.0,1.0,,,,,,,,,,,,,,,0.1168081760406494,paper_bnlearn_alpha001_nowrong_noweight_50rep_mpc_fgs
cancer,Cancer (5),MPC,1,,2026.0,2.0,0.5714,4.0,0.0,2.0,2.0,2.0,0.5714,0.5714,0.5714,4.0,4.0,4.0,0.0,0.0,0.0,1.0,1.0,,,,,,,,,,,,,,,0.0086400508880615,paper_bnlearn_alpha001_nowrong_noweight_50rep_mpc_fgs
cancer,Cancer (5),MPC,2,,2027.0,2.0,0.5714,4.0,0.0,2.0,2.0,2.0,0.5714,0.5714,0.5714,4.0,4.0,4.0,0.0,0.0,0.0,1.0,1.0,,,,,,,,,,,,,,,0.0100069046020507,paper_bnlearn_alpha001_nowrong_noweight_50rep_mpc_fgs
cancer,Cancer (5),MPC,3,,2028.0,2.0,0.5714,4.0,0.0,2.0,2.0,2.0,0.5714,0.5714,0.5714,4.0,4.0,4.0,0.0,0.0,0.0,1.0,1.0,,,,,,,,,,,,,,,0.0083479881286621,paper_bnlearn_alpha001_nowrong_noweight_50rep_mpc_fgs
cancer,Cancer (5),MPC,4,,2029.0,2.0,0.5714,4.0,0.0,2.0,2.0,2.0,0.5714,0.5714,0.5714,4.0,4.0,4.0,0.0,0.0,0.0,1.0,1.0,,,,,,,,,,,,,,,0.010016918182373,paper_bnlearn_alpha001_nowrong_noweight_50rep_mpc_fgs
cancer,Cancer (5),MPC,5,,2030.0,0.0,1.0,0.0,1.0,0.0,0.0,0.0,1.0,1.0,1.0,0.0,0.0,0.0,1.0,1.0,1.0,1.0,1.0,,,,,,,,,,,,,,,0.0140345096588134,paper_bnlearn_alpha001_nowrong_noweight_50rep_mpc_fgs
cancer,Cancer (5),MPC,6,,2031.0,2.0,0.5,4.0,0.0,2.0,2.0,2.0,0.5,0.5,0.5,4.0,4.0,4.0,0.0,0.0,0.0,1.0,1.0,,,,,,,,,,,,,,,0.0136411190032958,paper_bnlearn_alpha001_nowrong_noweight_50rep_mpc_fgs
cancer,Cancer (5),MPC,7,,2032.0,0.0,1.0,0.0,1.0,0.0,0.0,0.0,1.0,1.0,1.0,0.0,0.0,0.0,1.0,1.0,1.0,1.0,1.0,,,,,,,,,,,,,,,0.0138468742370605,paper_bnlearn_alpha001_nowrong_noweight_50rep_mpc_fgs
cancer,Cancer (5),MPC,8,,2033.0,2.0,0.5714,4.0,0.0,2.0,2.0,2.0,0.5714,0.5714,0.5714,4.0,4.0,4.0,0.0,0.0,0.0,1.0,1.0,,,,,,,,,,,,,,,0.0081169605255126,paper_bnlearn_alpha001_nowrong_noweight_50rep_mpc_fgs
cancer,Cancer (5),MPC,9,,2034.0,0.0,1.0,0.0,1.0,0.0,0.0,0.0,1.0,1.0,1.0,0.0,0.0,0.0,1.0,1.0,1.0,1.0,1.0,,,,,,,,,,,,,,,0.0139415264129638,paper_bnlearn_alpha001_nowrong_noweight_50rep_mpc_fgs
cancer,Cancer (5),MPC,10,,2035.0,2.0,0.5714,4.0,0.0,2.0,2.0,2.0,0.5714,0.5714,0.5714,4.0,4.0,4.0,0.0,0.0,0.0,1.0,1.0,,,,,,,,,,,,,,,0.0084688663482666,paper_bnlearn_alpha001_nowrong_noweight_50rep_mpc_fgs
cancer,Cancer (5),MPC,11,,2036.0,2.0,0.5,4.0,0.0,2.0,2.0,2.0,0.5,0.5,0.5,4.0,4.0,4.0,0.0,0.0,0.0,1.0,1.0,,,,,,,,,,,,,,,0.0137488842010498,paper_bnlearn_alpha001_nowrong_noweight_50rep_mpc_fgs
cancer,Cancer (5),MPC,12,,2037.0,3.0,0.5,4.0,0.0,3.0,3.0,3.0,0.5,0.5,0.5,4.0,4.0,4.0,0.0,0.0,0.0,1.0,1.0,,,,,,,,,,,,,,,0.0092735290527343,paper_bnlearn_alpha001_nowrong_noweight_50rep_mpc_fgs
cancer,Cancer (5),MPC,13,,2038.0,1.0,0.8571,1.0,0.8571,1.0,1.0,1.0,0.8571,0.8571,0.8571,1.0,1.0,1.0,0.8571,0.8571,0.8571,1.0,1.0,,,,,,,,,,,,,,,0.0134000778198242,paper_bnlearn_alpha001_nowrong_noweight_50rep_mpc_fgs
cancer,Cancer (5),MPC,14,,2039.0,2.0,0.5,4.0,0.0,2.0,2.0,2.0,0.5,0.5,0.5,4.0,4.0,4.0,0.0,0.0,0.0,1.0,1.0,,,,,,,,,,,,,,,0.0147140026092529,paper_bnlearn_alpha001_nowrong_noweight_50rep_mpc_fgs
cancer,Cancer (5),MPC,15,,2040.0,0.0,1.0,0.0,1.0,0.0,0.0,0.0,1.0,1.0,1.0,0.0,0.0,0.0,1.0,1.0,1.0,1.0,1.0,,,,,,,,,,,,,,,0.015934944152832,paper_bnlearn_alpha001_nowrong_noweight_50rep_mpc_fgs
cancer,Cancer (5),MPC,16,,2041.0,2.0,0.5714,4.0,0.0,2.0,2.0,2.0,0.5714,0.5714,0.5714,4.0,4.0,4.0,0.0,0.0,0.0,1.0,1.0,,,,,,,,,,,,,,,0.0090022087097167,paper_bnlearn_alpha001_nowrong_noweight_50rep_mpc_fgs
cancer,Cancer (5),MPC,17,,2042.0,2.0,0.5714,4.0,0.0,2.0,2.0,2.0,0.5714,0.5714,0.5714,4.0,4.0,4.0,0.0,0.0,0.0,1.0,1.0,,,,,,,,,,,,,,,0.0107228755950927,paper_bnlearn_alpha001_nowrong_noweight_50rep_mpc_fgs
cancer,Cancer (5),MPC,18,,2043.0,3.0,0.2857,4.0,0.0,3.0,3.0,3.0,0.2857,0.2857,0.2857,4.0,4.0,4.0,0.0,0.0,0.0,1.0,1.0,,,,,,,,,,,,,,,0.0106678009033203,paper_bnlearn_alpha001_nowrong_noweight_50rep_mpc_fgs
cancer,Cancer (5),MPC,19,,2044.0,2.0,0.5714,4.0,0.0,2.0,2.0,2.0,0.5714,0.5714,0.5714,4.0,4.0,4.0,0.0,0.0,0.0,1.0,1.0,,,,,,,,,,,,,,,0.0086839199066162,paper_bnlearn_alpha001_nowrong_noweight_50rep_mpc_fgs
cancer,Cancer (5),MPC,20,,2045.0,0.0,1.0,0.0,1.0,0.0,0.0,0.0,1.0,1.0,1.0,0.0,0.0,0.0,1.0,1.0,1.0,1.0,1.0,,,,,,,,,,,,,,,0.0153820514678955,paper_bnlearn_alpha001_nowrong_noweight_50rep_mpc_fgs
cancer,Cancer (5),MPC,21,,2046.0,0.0,1.0,0.0,1.0,0.0,0.0,0.0,1.0,1.0,1.0,0.0,0.0,0.0,1.0,1.0,1.0,1.0,1.0,,,,,,,,,,,,,,,0.0157310962677001,paper_bnlearn_alpha001_nowrong_noweight_50rep_mpc_fgs
cancer,Cancer (5),MPC,22,,2047.0,2.0,0.5,4.0,0.0,2.0,2.0,2.0,0.5,0.5,0.5,4.0,4.0,4.0,0.0,0.0,0.0,1.0,1.0,,,,,,,,,,,,,,,0.015132188796997,paper_bnlearn_alpha001_nowrong_noweight_50rep_mpc_fgs
cancer,Cancer (5),MPC,23,,2048.0,0.0,1.0,0.0,1.0,0.0,0.0,0.0,1.0,1.0,1.0,0.0,0.0,0.0,1.0,1.0,1.0,1.0,1.0,,,,,,,,,,,,,,,0.0159652233123779,paper_bnlearn_alpha001_nowrong_noweight_50rep_mpc_fgs
cancer,Cancer (5),MPC,24,,2049.0,2.0,0.5714,4.0,0.0,2.0,2.0,2.0,0.5714,0.5714,0.5714,4.0,4.0,4.0,0.0,0.0,0.0,1.0,1.0,,,,,,,,,,,,,,,0.0090959072113037,paper_bnlearn_alpha001_nowrong_noweight_50rep_mpc_fgs
cancer,Cancer (5),MPC,25,,2050.0,2.0,0.5714,4.0,0.0,2.0,2.0,2.0,0.5714,0.5714,0.5714,4.0,4.0,4.0,0.0,0.0,0.0,1.0,1.0,,,,,,,,,,,,,,,0.0087974071502685,paper_bnlearn_alpha001_nowrong_noweight_50rep_mpc_fgs
cancer,Cancer (5),MPC,26,,2051.0,2.0,0.5714,4.0,0.0,2.0,2.0,2.0,0.5714,0.5714,0.5714,4.0,4.0,4.0,0.0,0.0,0.0,1.0,1.0,,,,,,,,,,,,,,,0.0108206272125244,paper_bnlearn_alpha001_nowrong_noweight_50rep_mpc_fgs
cancer,Cancer (5),MPC,27,,2052.0,2.0,0.5,4.0,0.0,2.0,2.0,2.0,0.5,0.5,0.5,4.0,4.0,4.0,0.0,0.0,0.0,1.0,1.0,,,,,,,,,,,,,,,0.0156359672546386,paper_bnlearn_alpha001_nowrong_noweight_50rep_mpc_fgs
cancer,Cancer (5),MPC,28,,2053.0,2.0,0.5714,2.0,0.5714,2.0,2.0,2.0,0.5714,0.5714,0.5714,2.0,2.0,2.0,0.5714,0.5714,0.5714,1.0,1.0,,,,,,,,,,,,,,,0.0106613636016845,paper_bnlearn_alpha001_nowrong_noweight_50rep_mpc_fgs
cancer,Cancer (5),MPC,29,,2054.0,2.0,0.5714,4.0,0.0,2.0,2.0,2.0,0.5714,0.5714,0.5714,4.0,4.0,4.0,0.0,0.0,0.0,1.0,1.0,,,,,,,,,,,,,,,0.0090506076812744,paper_bnlearn_alpha001_nowrong_noweight_50rep_mpc_fgs
cancer,Cancer (5),MPC,30,,2055.0,2.0,0.5714,4.0,0.0,2.0,2.0,2.0,0.5714,0.5714,0.5714,4.0,4.0,4.0,0.0,0.0,0.0,1.0,1.0,,,,,,,,,,,,,,,0.0109467506408691,paper_bnlearn_alpha001_nowrong_noweight_50rep_mpc_fgs
cancer,Cancer (5),MPC,31,,2056.0,0.0,1.0,0.0,1.0,0.0,0.0,0.0,1.0,1.0,1.0,0.0,0.0,0.0,1.0,1.0,1.0,1.0,1.0,,,,,,,,,,,,,,,0.0155258178710937,paper_bnlearn_alpha001_nowrong_noweight_50rep_mpc_fgs
cancer,Cancer (5),MPC,32,,2057.0,2.0,0.5714,4.0,0.0,2.0,2.0,2.0,0.5714,0.5714,0.5714,4.0,4.0,4.0,0.0,0.0,0.0,1.0,1.0,,,,,,,,,,,,,,,0.0092437267303466,paper_bnlearn_alpha001_nowrong_noweight_50rep_mpc_fgs
cancer,Cancer (5),MPC,33,,2058.0,2.0,0.5714,4.0,0.0,2.0,2.0,2.0,0.5714,0.5714,0.5714,4.0,4.0,4.0,0.0,0.0,0.0,1.0,1.0,,,,,,,,,,,,,,,0.0109295845031738,paper_bnlearn_alpha001_nowrong_noweight_50rep_mpc_fgs
cancer,Cancer (5),MPC,34,,2059.0,2.0,0.5714,4.0,0.0,2.0,2.0,2.0,0.5714,0.5714,0.5714,4.0,4.0,4.0,0.0,0.0,0.0,1.0,1.0,,,,,,,,,,,,,,,0.0093295574188232,paper_bnlearn_alpha001_nowrong_noweight_50rep_mpc_fgs
cancer,Cancer (5),MPC,35,,2060.0,2.0,0.5714,4.0,0.0,2.0,2.0,2.0,0.5714,0.5714,0.5714,4.0,4.0,4.0,0.0,0.0,0.0,1.0,1.0,,,,,,,,,,,,,,,0.0109891891479492,paper_bnlearn_alpha001_nowrong_noweight_50rep_mpc_fgs
cancer,Cancer (5),MPC,36,,2061.0,2.0,0.5714,4.0,0.0,2.0,2.0,2.0,0.5714,0.5714,0.5714,4.0,4.0,4.0,0.0,0.0,0.0,1.0,1.0,,,,,,,,,,,,,,,0.0084073543548583,paper_bnlearn_alpha001_nowrong_noweight_50rep_mpc_fgs
cancer,Cancer (5),MPC,37,,2062.0,2.0,0.5,4.0,0.0,2.0,2.0,2.0,0.5,0.5,0.5,4.0,4.0,4.0,0.0,0.0,0.0,1.0,1.0,,,,,,,,,,,,,,,0.0101957321166992,paper_bnlearn_alpha001_nowrong_noweight_50rep_mpc_fgs
cancer,Cancer (5),MPC,38,,2063.0,2.0,0.5714,4.0,0.0,2.0,2.0,2.0,0.5714,0.5714,0.5714,4.0,4.0,4.0,0.0,0.0,0.0,1.0,1.0,,,,,,,,,,,,,,,0.0078113079071044,paper_bnlearn_alpha001_nowrong_noweight_50rep_mpc_fgs
cancer,Cancer (5),MPC,39,,2064.0,0.0,1.0,0.0,1.0,0.0,0.0,0.0,1.0,1.0,1.0,0.0,0.0,0.0,1.0,1.0,1.0,1.0,1.0,,,,,,,,,,,,,,,0.0100560188293457,paper_bnlearn_alpha001_nowrong_noweight_50rep_mpc_fgs
cancer,Cancer (5),MPC,40,,2065.0,0.0,1.0,0.0,1.0,0.0,0.0,0.0,1.0,1.0,1.0,0.0,0.0,0.0,1.0,1.0,1.0,1.0,1.0,,,,,,,,,,,,,,,0.0155270099639892,paper_bnlearn_alpha001_nowrong_noweight_50rep_mpc_fgs
cancer,Cancer (5),MPC,41,,2066.0,0.0,1.0,0.0,1.0,0.0,0.0,0.0,1.0,1.0,1.0,0.0,0.0,0.0,1.0,1.0,1.0,1.0,1.0,,,,,,,,,,,,,,,0.0101125240325927,paper_bnlearn_alpha001_nowrong_noweight_50rep_mpc_fgs
cancer,Cancer (5),MPC,42,,2067.0,0.0,1.0,0.0,1.0,0.0,0.0,0.0,1.0,1.0,1.0,0.0,0.0,0.0,1.0,1.0,1.0,1.0,1.0,,,,,,,,,,,,,,,0.0121152400970458,paper_bnlearn_alpha001_nowrong_noweight_50rep_mpc_fgs
cancer,Cancer (5),MPC,43,,2068.0,2.0,0.5714,4.0,0.0,2.0,2.0,2.0,0.5714,0.5714,0.5714,4.0,4.0,4.0,0.0,0.0,0.0,1.0,1.0,,,,,,,,,,,,,,,0.0110180377960205,paper_bnlearn_alpha001_nowrong_noweight_50rep_mpc_fgs
cancer,Cancer (5),MPC,44,,2069.0,2.0,0.5714,4.0,0.0,2.0,2.0,2.0,0.5714,0.5714,0.5714,4.0,4.0,4.0,0.0,0.0,0.0,1.0,1.0,,,,,,,,,,,,,,,0.0083112716674804,paper_bnlearn_alpha001_nowrong_noweight_50rep_mpc_fgs
cancer,Cancer (5),MPC,45,,2070.0,4.0,0.5,2.0,0.5714,4.0,4.0,4.0,0.5,0.5,0.5,2.0,2.0,2.0,0.5714,0.5714,0.5714,1.0,1.0,,,,,,,,,,,,,,,0.0075154304504394,paper_bnlearn_alpha001_nowrong_noweight_50rep_mpc_fgs
cancer,Cancer (5),MPC,46,,2071.0,2.0,0.5714,4.0,0.0,2.0,2.0,2.0,0.5714,0.5714,0.5714,4.0,4.0,4.0,0.0,0.0,0.0,1.0,1.0,,,,,,,,,,,,,,,0.005573034286499,paper_bnlearn_alpha001_nowrong_noweight_50rep_mpc_fgs
cancer,Cancer (5),MPC,47,,2072.0,2.0,0.5714,4.0,0.0,2.0,2.0,2.0,0.5714,0.5714,0.5714,4.0,4.0,4.0,0.0,0.0,0.0,1.0,1.0,,,,,,,,,,,,,,,0.0054972171783447,paper_bnlearn_alpha001_nowrong_noweight_50rep_mpc_fgs
cancer,Cancer (5),MPC,48,,2073.0,2.0,0.5714,4.0,0.0,2.0,2.0,2.0,0.5714,0.5714,0.5714,4.0,4.0,4.0,0.0,0.0,0.0,1.0,1.0,,,,,,,,,,,,,,,0.0069711208343505,paper_bnlearn_alpha001_nowrong_noweight_50rep_mpc_fgs
cancer,Cancer (5),MPC,49,,2074.0,2.0,0.5,4.0,0.0,2.0,2.0,2.0,0.5,0.5,0.5,4.0,4.0,4.0,0.0,0.0,0.0,1.0,1.0,,,,,,,,,,,,,,,0.0094907283782958,paper_bnlearn_alpha001_nowrong_noweight_50rep_mpc_fgs
cancer,Cancer (5),MPC,50,,2075.0,2.0,0.5714,4.0,0.0,2.0,2.0,2.0,0.5714,0.5714,0.5714,4.0,4.0,4.0,0.0,0.0,0.0,1.0,1.0,,,,,,,,,,,,,,,0.0105588436126708,paper_bnlearn_alpha001_nowrong_noweight_50rep_mpc_fgs
earthquake,Earthquake (5),FGS,1,,2026.0,2.0,0.5,2.0,0.5,2.0,2.0,2.0,0.5,0.5,0.5,2.0,2.0,2.0,0.5,0.5,0.5,1.0,1.0,,,,,,,,,,,,,,,0.1598241329193115,paper_bnlearn_alpha001_nowrong_noweight_50rep_mpc_fgs
earthquake,Earthquake (5),FGS,2,,2027.0,2.0,0.5,2.0,0.5,2.0,2.0,2.0,0.5,0.5,0.5,2.0,2.0,2.0,0.5,0.5,0.5,1.0,1.0,,,,,,,,,,,,,,,0.1561949253082275,paper_bnlearn_alpha001_nowrong_noweight_50rep_mpc_fgs
earthquake,Earthquake (5),FGS,3,,2028.0,2.0,0.5,2.0,0.5,2.0,2.0,2.0,0.5,0.5,0.5,2.0,2.0,2.0,0.5,0.5,0.5,1.0,1.0,,,,,,,,,,,,,,,0.1700000762939453,paper_bnlearn_alpha001_nowrong_noweight_50rep_mpc_fgs
earthquake,Earthquake (5),FGS,4,,2029.0,2.0,0.5,2.0,0.5,2.0,2.0,2.0,0.5,0.5,0.5,2.0,2.0,2.0,0.5,0.5,0.5,1.0,1.0,,,,,,,,,,,,,,,0.1757278442382812,paper_bnlearn_alpha001_nowrong_noweight_50rep_mpc_fgs
earthquake,Earthquake (5),FGS,5,,2030.0,3.0,0.4444,3.0,0.4444,3.0,3.0,3.0,0.4444,0.4444,0.4444,3.0,3.0,3.0,0.4444,0.4444,0.4444,1.0,1.0,,,,,,,,,,,,,,,0.1682808399200439,paper_bnlearn_alpha001_nowrong_noweight_50rep_mpc_fgs
earthquake,Earthquake (5),FGS,6,,2031.0,2.0,0.5,2.0,0.5,2.0,2.0,2.0,0.5,0.5,0.5,2.0,2.0,2.0,0.5,0.5,0.5,1.0,1.0,,,,,,,,,,,,,,,0.1617858409881591,paper_bnlearn_alpha001_nowrong_noweight_50rep_mpc_fgs
earthquake,Earthquake (5),FGS,7,,2032.0,3.0,0.4444,3.0,0.4444,3.0,3.0,3.0,0.4444,0.4444,0.4444,3.0,3.0,3.0,0.4444,0.4444,0.4444,1.0,1.0,,,,,,,,,,,,,,,0.1713333129882812,paper_bnlearn_alpha001_nowrong_noweight_50rep_mpc_fgs
earthquake,Earthquake (5),FGS,8,,2033.0,3.0,0.4444,3.0,0.4444,3.0,3.0,3.0,0.4444,0.4444,0.4444,3.0,3.0,3.0,0.4444,0.4444,0.4444,1.0,1.0,,,,,,,,,,,,,,,0.1638176441192627,paper_bnlearn_alpha001_nowrong_noweight_50rep_mpc_fgs
earthquake,Earthquake (5),FGS,9,,2034.0,3.0,0.4444,3.0,0.4444,3.0,3.0,3.0,0.4444,0.4444,0.4444,3.0,3.0,3.0,0.4444,0.4444,0.4444,1.0,1.0,,,,,,,,,,,,,,,0.169907808303833,paper_bnlearn_alpha001_nowrong_noweight_50rep_mpc_fgs
earthquake,Earthquake (5),FGS,10,,2035.0,2.0,0.5,2.0,0.5,2.0,2.0,2.0,0.5,0.5,0.5,2.0,2.0,2.0,0.5,0.5,0.5,1.0,1.0,,,,,,,,,,,,,,,0.1638712882995605,paper_bnlearn_alpha001_nowrong_noweight_50rep_mpc_fgs
earthquake,Earthquake (5),FGS,11,,2036.0,2.0,0.5,2.0,0.5,2.0,2.0,2.0,0.5,0.5,0.5,2.0,2.0,2.0,0.5,0.5,0.5,1.0,1.0,,,,,,,,,,,,,,,0.1689913272857666,paper_bnlearn_alpha001_nowrong_noweight_50rep_mpc_fgs
earthquake,Earthquake (5),FGS,12,,2037.0,2.0,0.5,2.0,0.5,2.0,2.0,2.0,0.5,0.5,0.5,2.0,2.0,2.0,0.5,0.5,0.5,1.0,1.0,,,,,,,,,,,,,,,0.1658999919891357,paper_bnlearn_alpha001_nowrong_noweight_50rep_mpc_fgs
earthquake,Earthquake (5),FGS,13,,2038.0,2.0,0.5,2.0,0.5,2.0,2.0,2.0,0.5,0.5,0.5,2.0,2.0,2.0,0.5,0.5,0.5,1.0,1.0,,,,,,,,,,,,,,,0.1618821620941162,paper_bnlearn_alpha001_nowrong_noweight_50rep_mpc_fgs
earthquake,Earthquake (5),FGS,14,,2039.0,3.0,0.4444,3.0,0.4444,3.0,3.0,3.0,0.4444,0.4444,0.4444,3.0,3.0,3.0,0.4444,0.4444,0.4444,1.0,1.0,,,,,,,,,,,,,,,0.1321699619293213,paper_bnlearn_alpha001_nowrong_noweight_50rep_mpc_fgs
earthquake,Earthquake (5),FGS,15,,2040.0,3.0,0.4444,3.0,0.4444,3.0,3.0,3.0,0.4444,0.4444,0.4444,3.0,3.0,3.0,0.4444,0.4444,0.4444,1.0,1.0,,,,,,,,,,,,,,,0.1326172351837158,paper_bnlearn_alpha001_nowrong_noweight_50rep_mpc_fgs
earthquake,Earthquake (5),FGS,16,,2041.0,3.0,0.4444,3.0,0.4444,3.0,3.0,3.0,0.4444,0.4444,0.4444,3.0,3.0,3.0,0.4444,0.4444,0.4444,1.0,1.0,,,,,,,,,,,,,,,0.1767334938049316,paper_bnlearn_alpha001_nowrong_noweight_50rep_mpc_fgs
earthquake,Earthquake (5),FGS,17,,2042.0,3.0,0.4444,3.0,0.4444,3.0,3.0,3.0,0.4444,0.4444,0.4444,3.0,3.0,3.0,0.4444,0.4444,0.4444,1.0,1.0,,,,,,,,,,,,,,,0.1722984313964843,paper_bnlearn_alpha001_nowrong_noweight_50rep_mpc_fgs
earthquake,Earthquake (5),FGS,18,,2043.0,3.0,0.4444,3.0,0.4444,3.0,3.0,3.0,0.4444,0.4444,0.4444,3.0,3.0,3.0,0.4444,0.4444,0.4444,1.0,1.0,,,,,,,,,,,,,,,0.1687841415405273,paper_bnlearn_alpha001_nowrong_noweight_50rep_mpc_fgs
earthquake,Earthquake (5),FGS,19,,2044.0,2.0,0.5,2.0,0.5,2.0,2.0,2.0,0.5,0.5,0.5,2.0,2.0,2.0,0.5,0.5,0.5,1.0,1.0,,,,,,,,,,,,,,,0.1689205169677734,paper_bnlearn_alpha001_nowrong_noweight_50rep_mpc_fgs
earthquake,Earthquake (5),FGS,20,,2045.0,3.0,0.4444,3.0,0.4444,3.0,3.0,3.0,0.4444,0.4444,0.4444,3.0,3.0,3.0,0.4444,0.4444,0.4444,1.0,1.0,,,,,,,,,,,,,,,0.1778807640075683,paper_bnlearn_alpha001_nowrong_noweight_50rep_mpc_fgs
earthquake,Earthquake (5),FGS,21,,2046.0,2.0,0.5,2.0,0.5,2.0,2.0,2.0,0.5,0.5,0.5,2.0,2.0,2.0,0.5,0.5,0.5,1.0,1.0,,,,,,,,,,,,,,,0.1697742938995361,paper_bnlearn_alpha001_nowrong_noweight_50rep_mpc_fgs
earthquake,Earthquake (5),FGS,22,,2047.0,2.0,0.5,2.0,0.5,2.0,2.0,2.0,0.5,0.5,0.5,2.0,2.0,2.0,0.5,0.5,0.5,1.0,1.0,,,,,,,,,,,,,,,0.1785328388214111,paper_bnlearn_alpha001_nowrong_noweight_50rep_mpc_fgs
earthquake,Earthquake (5),FGS,23,,2048.0,2.0,0.5,2.0,0.5,2.0,2.0,2.0,0.5,0.5,0.5,2.0,2.0,2.0,0.5,0.5,0.5,1.0,1.0,,,,,,,,,,,,,,,0.1642253398895263,paper_bnlearn_alpha001_nowrong_noweight_50rep_mpc_fgs
earthquake,Earthquake (5),FGS,24,,2049.0,3.0,0.4444,3.0,0.4444,3.0,3.0,3.0,0.4444,0.4444,0.4444,3.0,3.0,3.0,0.4444,0.4444,0.4444,1.0,1.0,,,,,,,,,,,,,,,0.1656553745269775,paper_bnlearn_alpha001_nowrong_noweight_50rep_mpc_fgs
earthquake,Earthquake (5),FGS,25,,2050.0,3.0,0.4444,3.0,0.4444,3.0,3.0,3.0,0.4444,0.4444,0.4444,3.0,3.0,3.0,0.4444,0.4444,0.4444,1.0,1.0,,,,,,,,,,,,,,,0.1641597747802734,paper_bnlearn_alpha001_nowrong_noweight_50rep_mpc_fgs
earthquake,Earthquake (5),FGS,26,,2051.0,2.0,0.5,2.0,0.5,2.0,2.0,2.0,0.5,0.5,0.5,2.0,2.0,2.0,0.5,0.5,0.5,1.0,1.0,,,,,,,,,,,,,,,0.1625242233276367,paper_bnlearn_alpha001_nowrong_noweight_50rep_mpc_fgs
earthquake,Earthquake (5),FGS,27,,2052.0,3.0,0.4444,3.0,0.4444,3.0,3.0,3.0,0.4444,0.4444,0.4444,3.0,3.0,3.0,0.4444,0.4444,0.4444,1.0,1.0,,,,,,,,,,,,,,,0.1606197357177734,paper_bnlearn_alpha001_nowrong_noweight_50rep_mpc_fgs
earthquake,Earthquake (5),FGS,28,,2053.0,2.0,0.5,2.0,0.5,2.0,2.0,2.0,0.5,0.5,0.5,2.0,2.0,2.0,0.5,0.5,0.5,1.0,1.0,,,,,,,,,,,,,,,0.1642918586730957,paper_bnlearn_alpha001_nowrong_noweight_50rep_mpc_fgs
earthquake,Earthquake (5),FGS,29,,2054.0,3.0,0.4444,3.0,0.4444,3.0,3.0,3.0,0.4444,0.4444,0.4444,3.0,3.0,3.0,0.4444,0.4444,0.4444,1.0,1.0,,,,,,,,,,,,,,,0.1588819026947021,paper_bnlearn_alpha001_nowrong_noweight_50rep_mpc_fgs
earthquake,Earthquake (5),FGS,30,,2055.0,2.0,0.5,2.0,0.5,2.0,2.0,2.0,0.5,0.5,0.5,2.0,2.0,2.0,0.5,0.5,0.5,1.0,1.0,,,,,,,,,,,,,,,0.1522333621978759,paper_bnlearn_alpha001_nowrong_noweight_50rep_mpc_fgs
earthquake,Earthquake (5),FGS,31,,2056.0,2.0,0.5,2.0,0.5,2.0,2.0,2.0,0.5,0.5,0.5,2.0,2.0,2.0,0.5,0.5,0.5,1.0,1.0,,,,,,,,,,,,,,,0.1669850349426269,paper_bnlearn_alpha001_nowrong_noweight_50rep_mpc_fgs
earthquake,Earthquake (5),FGS,32,,2057.0,3.0,0.4444,3.0,0.4444,3.0,3.0,3.0,0.4444,0.4444,0.4444,3.0,3.0,3.0,0.4444,0.4444,0.4444,1.0,1.0,,,,,,,,,,,,,,,0.1681783199310302,paper_bnlearn_alpha001_nowrong_noweight_50rep_mpc_fgs
earthquake,Earthquake (5),FGS,33,,2058.0,2.0,0.5,2.0,0.5,2.0,2.0,2.0,0.5,0.5,0.5,2.0,2.0,2.0,0.5,0.5,0.5,1.0,1.0,,,,,,,,,,,,,,,0.1615328788757324,paper_bnlearn_alpha001_nowrong_noweight_50rep_mpc_fgs
earthquake,Earthquake (5),FGS,34,,2059.0,2.0,0.5,2.0,0.5,2.0,2.0,2.0,0.5,0.5,0.5,2.0,2.0,2.0,0.5,0.5,0.5,1.0,1.0,,,,,,,,,,,,,,,0.1654150485992431,paper_bnlearn_alpha001_nowrong_noweight_50rep_mpc_fgs
earthquake,Earthquake (5),FGS,35,,2060.0,3.0,0.4444,3.0,0.4444,3.0,3.0,3.0,0.4444,0.4444,0.4444,3.0,3.0,3.0,0.4444,0.4444,0.4444,1.0,1.0,,,,,,,,,,,,,,,0.1675784587860107,paper_bnlearn_alpha001_nowrong_noweight_50rep_mpc_fgs
earthquake,Earthquake (5),FGS,36,,2061.0,2.0,0.5,2.0,0.5,2.0,2.0,2.0,0.5,0.5,0.5,2.0,2.0,2.0,0.5,0.5,0.5,1.0,1.0,,,,,,,,,,,,,,,0.180518627166748,paper_bnlearn_alpha001_nowrong_noweight_50rep_mpc_fgs
earthquake,Earthquake (5),FGS,37,,2062.0,2.0,0.5,2.0,0.5,2.0,2.0,2.0,0.5,0.5,0.5,2.0,2.0,2.0,0.5,0.5,0.5,1.0,1.0,,,,,,,,,,,,,,,0.1662478446960449,paper_bnlearn_alpha001_nowrong_noweight_50rep_mpc_fgs
earthquake,Earthquake (5),FGS,38,,2063.0,3.0,0.4444,3.0,0.4444,3.0,3.0,3.0,0.4444,0.4444,0.4444,3.0,3.0,3.0,0.4444,0.4444,0.4444,1.0,1.0,,,,,,,,,,,,,,,0.1776788234710693,paper_bnlearn_alpha001_nowrong_noweight_50rep_mpc_fgs
earthquake,Earthquake (5),FGS,39,,2064.0,2.0,0.5,2.0,0.5,2.0,2.0,2.0,0.5,0.5,0.5,2.0,2.0,2.0,0.5,0.5,0.5,1.0,1.0,,,,,,,,,,,,,,,0.15794038772583,paper_bnlearn_alpha001_nowrong_noweight_50rep_mpc_fgs
earthquake,Earthquake (5),FGS,40,,2065.0,2.0,0.5,2.0,0.5,2.0,2.0,2.0,0.5,0.5,0.5,2.0,2.0,2.0,0.5,0.5,0.5,1.0,1.0,,,,,,,,,,,,,,,0.1606297492980957,paper_bnlearn_alpha001_nowrong_noweight_50rep_mpc_fgs
earthquake,Earthquake (5),FGS,41,,2066.0,2.0,0.5,2.0,0.5,2.0,2.0,2.0,0.5,0.5,0.5,2.0,2.0,2.0,0.5,0.5,0.5,1.0,1.0,,,,,,,,,,,,,,,0.1549432277679443,paper_bnlearn_alpha001_nowrong_noweight_50rep_mpc_fgs
earthquake,Earthquake (5),FGS,42,,2067.0,2.0,0.5,2.0,0.5,2.0,2.0,2.0,0.5,0.5,0.5,2.0,2.0,2.0,0.5,0.5,0.5,1.0,1.0,,,,,,,,,,,,,,,0.1825358867645263,paper_bnlearn_alpha001_nowrong_noweight_50rep_mpc_fgs
earthquake,Earthquake (5),FGS,43,,2068.0,2.0,0.5,2.0,0.5,2.0,2.0,2.0,0.5,0.5,0.5,2.0,2.0,2.0,0.5,0.5,0.5,1.0,1.0,,,,,,,,,,,,,,,0.1268529891967773,paper_bnlearn_alpha001_nowrong_noweight_50rep_mpc_fgs
earthquake,Earthquake (5),FGS,44,,2069.0,4.0,0.4,4.0,0.4,4.0,4.0,4.0,0.4,0.4,0.4,4.0,4.0,4.0,0.4,0.4,0.4,1.0,1.0,,,,,,,,,,,,,,,0.1322894096374511,paper_bnlearn_alpha001_nowrong_noweight_50rep_mpc_fgs
earthquake,Earthquake (5),FGS,45,,2070.0,4.0,0.4,4.0,0.4,4.0,4.0,4.0,0.4,0.4,0.4,4.0,4.0,4.0,0.4,0.4,0.4,1.0,1.0,,,,,,,,,,,,,,,0.1607477664947509,paper_bnlearn_alpha001_nowrong_noweight_50rep_mpc_fgs
earthquake,Earthquake (5),FGS,46,,2071.0,3.0,0.4444,3.0,0.4444,3.0,3.0,3.0,0.4444,0.4444,0.4444,3.0,3.0,3.0,0.4444,0.4444,0.4444,1.0,1.0,,,,,,,,,,,,,,,0.1774966716766357,paper_bnlearn_alpha001_nowrong_noweight_50rep_mpc_fgs
earthquake,Earthquake (5),FGS,47,,2072.0,2.0,0.5,2.0,0.5,2.0,2.0,2.0,0.5,0.5,0.5,2.0,2.0,2.0,0.5,0.5,0.5,1.0,1.0,,,,,,,,,,,,,,,0.1887617111206054,paper_bnlearn_alpha001_nowrong_noweight_50rep_mpc_fgs
earthquake,Earthquake (5),FGS,48,,2073.0,2.0,0.5,2.0,0.5,2.0,2.0,2.0,0.5,0.5,0.5,2.0,2.0,2.0,0.5,0.5,0.5,1.0,1.0,,,,,,,,,,,,,,,0.1679117679595947,paper_bnlearn_alpha001_nowrong_noweight_50rep_mpc_fgs
earthquake,Earthquake (5),FGS,49,,2074.0,4.0,0.4,4.0,0.4,4.0,4.0,4.0,0.4,0.4,0.4,4.0,4.0,4.0,0.4,0.4,0.4,1.0,1.0,,,,,,,,,,,,,,,0.1688282489776611,paper_bnlearn_alpha001_nowrong_noweight_50rep_mpc_fgs
earthquake,Earthquake (5),FGS,50,,2075.0,2.0,0.5,2.0,0.5,2.0,2.0,2.0,0.5,0.5,0.5,2.0,2.0,2.0,0.5,0.5,0.5,1.0,1.0,,,,,,,,,,,,,,,0.1694564819335937,paper_bnlearn_alpha001_nowrong_noweight_50rep_mpc_fgs
earthquake,Earthquake (5),MPC,1,,2026.0,0.0,1.0,0.0,1.0,0.0,0.0,0.0,1.0,1.0,1.0,0.0,0.0,0.0,1.0,1.0,1.0,1.0,1.0,,,,,,,,,,,,,,,0.0192821025848388,paper_bnlearn_alpha001_nowrong_noweight_50rep_mpc_fgs
earthquake,Earthquake (5),MPC,2,,2027.0,0.0,1.0,0.0,1.0,0.0,0.0,0.0,1.0,1.0,1.0,0.0,0.0,0.0,1.0,1.0,1.0,1.0,1.0,,,,,,,,,,,,,,,0.0190989971160888,paper_bnlearn_alpha001_nowrong_noweight_50rep_mpc_fgs
earthquake,Earthquake (5),MPC,3,,2028.0,0.0,1.0,0.0,1.0,0.0,0.0,0.0,1.0,1.0,1.0,0.0,0.0,0.0,1.0,1.0,1.0,1.0,1.0,,,,,,,,,,,,,,,0.0121698379516601,paper_bnlearn_alpha001_nowrong_noweight_50rep_mpc_fgs
earthquake,Earthquake (5),MPC,4,,2029.0,0.0,1.0,0.0,1.0,0.0,0.0,0.0,1.0,1.0,1.0,0.0,0.0,0.0,1.0,1.0,1.0,1.0,1.0,,,,,,,,,,,,,,,0.0120553970336914,paper_bnlearn_alpha001_nowrong_noweight_50rep_mpc_fgs
earthquake,Earthquake (5),MPC,5,,2030.0,0.0,1.0,0.0,1.0,0.0,0.0,0.0,1.0,1.0,1.0,0.0,0.0,0.0,1.0,1.0,1.0,1.0,1.0,,,,,,,,,,,,,,,0.0121474266052246,paper_bnlearn_alpha001_nowrong_noweight_50rep_mpc_fgs
earthquake,Earthquake (5),MPC,6,,2031.0,0.0,1.0,0.0,1.0,0.0,0.0,0.0,1.0,1.0,1.0,0.0,0.0,0.0,1.0,1.0,1.0,1.0,1.0,,,,,,,,,,,,,,,0.0177223682403564,paper_bnlearn_alpha001_nowrong_noweight_50rep_mpc_fgs
earthquake,Earthquake (5),MPC,7,,2032.0,0.0,1.0,0.0,1.0,0.0,0.0,0.0,1.0,1.0,1.0,0.0,0.0,0.0,1.0,1.0,1.0,1.0,1.0,,,,,,,,,,,,,,,0.0188350677490234,paper_bnlearn_alpha001_nowrong_noweight_50rep_mpc_fgs
earthquake,Earthquake (5),MPC,8,,2033.0,1.0,0.8889,1.0,0.8889,1.0,1.0,1.0,0.8889,0.8889,0.8889,1.0,1.0,1.0,0.8889,0.8889,0.8889,1.0,1.0,,,,,,,,,,,,,,,0.0156867504119873,paper_bnlearn_alpha001_nowrong_noweight_50rep_mpc_fgs
earthquake,Earthquake (5),MPC,9,,2034.0,0.0,1.0,0.0,1.0,0.0,0.0,0.0,1.0,1.0,1.0,0.0,0.0,0.0,1.0,1.0,1.0,1.0,1.0,,,,,,,,,,,,,,,0.0125594139099121,paper_bnlearn_alpha001_nowrong_noweight_50rep_mpc_fgs
earthquake,Earthquake (5),MPC,10,,2035.0,0.0,1.0,0.0,1.0,0.0,0.0,0.0,1.0,1.0,1.0,0.0,0.0,0.0,1.0,1.0,1.0,1.0,1.0,,,,,,,,,,,,,,,0.0123696327209472,paper_bnlearn_alpha001_nowrong_noweight_50rep_mpc_fgs
earthquake,Earthquake (5),MPC,11,,2036.0,0.0,1.0,0.0,1.0,0.0,0.0,0.0,1.0,1.0,1.0,0.0,0.0,0.0,1.0,1.0,1.0,1.0,1.0,,,,,,,,,,,,,,,0.0118861198425292,paper_bnlearn_alpha001_nowrong_noweight_50rep_mpc_fgs
earthquake,Earthquake (5),MPC,12,,2037.0,3.0,0.8889,0.0,1.0,3.0,3.0,3.0,0.8889,0.8889,0.8889,0.0,0.0,0.0,1.0,1.0,1.0,1.0,1.0,,,,,,,,,,,,,,,0.0132985115051269,paper_bnlearn_alpha001_nowrong_noweight_50rep_mpc_fgs
earthquake,Earthquake (5),MPC,13,,2038.0,0.0,1.0,0.0,1.0,0.0,0.0,0.0,1.0,1.0,1.0,0.0,0.0,0.0,1.0,1.0,1.0,1.0,1.0,,,,,,,,,,,,,,,0.0136339664459228,paper_bnlearn_alpha001_nowrong_noweight_50rep_mpc_fgs
earthquake,Earthquake (5),MPC,14,,2039.0,0.0,1.0,0.0,1.0,0.0,0.0,0.0,1.0,1.0,1.0,0.0,0.0,0.0,1.0,1.0,1.0,1.0,1.0,,,,,,,,,,,,,,,0.0194902420043945,paper_bnlearn_alpha001_nowrong_noweight_50rep_mpc_fgs
earthquake,Earthquake (5),MPC,15,,2040.0,0.0,1.0,0.0,1.0,0.0,0.0,0.0,1.0,1.0,1.0,0.0,0.0,0.0,1.0,1.0,1.0,1.0,1.0,,,,,,,,,,,,,,,0.0121424198150634,paper_bnlearn_alpha001_nowrong_noweight_50rep_mpc_fgs
earthquake,Earthquake (5),MPC,16,,2041.0,0.0,1.0,0.0,1.0,0.0,0.0,0.0,1.0,1.0,1.0,0.0,0.0,0.0,1.0,1.0,1.0,1.0,1.0,,,,,,,,,,,,,,,0.0171096324920654,paper_bnlearn_alpha001_nowrong_noweight_50rep_mpc_fgs
earthquake,Earthquake (5),MPC,17,,2042.0,0.0,1.0,0.0,1.0,0.0,0.0,0.0,1.0,1.0,1.0,0.0,0.0,0.0,1.0,1.0,1.0,1.0,1.0,,,,,,,,,,,,,,,0.0170860290527343,paper_bnlearn_alpha001_nowrong_noweight_50rep_mpc_fgs
earthquake,Earthquake (5),MPC,18,,2043.0,0.0,1.0,0.0,1.0,0.0,0.0,0.0,1.0,1.0,1.0,0.0,0.0,0.0,1.0,1.0,1.0,1.0,1.0,,,,,,,,,,,,,,,0.0174629688262939,paper_bnlearn_alpha001_nowrong_noweight_50rep_mpc_fgs
earthquake,Earthquake (5),MPC,19,,2044.0,3.0,0.8889,0.0,1.0,3.0,3.0,3.0,0.8889,0.8889,0.8889,0.0,0.0,0.0,1.0,1.0,1.0,1.0,1.0,,,,,,,,,,,,,,,0.0167641639709472,paper_bnlearn_alpha001_nowrong_noweight_50rep_mpc_fgs
earthquake,Earthquake (5),MPC,20,,2045.0,0.0,1.0,0.0,1.0,0.0,0.0,0.0,1.0,1.0,1.0,0.0,0.0,0.0,1.0,1.0,1.0,1.0,1.0,,,,,,,,,,,,,,,0.0158205032348632,paper_bnlearn_alpha001_nowrong_noweight_50rep_mpc_fgs
earthquake,Earthquake (5),MPC,21,,2046.0,0.0,1.0,0.0,1.0,0.0,0.0,0.0,1.0,1.0,1.0,0.0,0.0,0.0,1.0,1.0,1.0,1.0,1.0,,,,,,,,,,,,,,,0.0161311626434326,paper_bnlearn_alpha001_nowrong_noweight_50rep_mpc_fgs
earthquake,Earthquake (5),MPC,22,,2047.0,0.0,1.0,0.0,1.0,0.0,0.0,0.0,1.0,1.0,1.0,0.0,0.0,0.0,1.0,1.0,1.0,1.0,1.0,,,,,,,,,,,,,,,0.0156688690185546,paper_bnlearn_alpha001_nowrong_noweight_50rep_mpc_fgs
earthquake,Earthquake (5),MPC,23,,2048.0,0.0,1.0,0.0,1.0,0.0,0.0,0.0,1.0,1.0,1.0,0.0,0.0,0.0,1.0,1.0,1.0,1.0,1.0,,,,,,,,,,,,,,,0.016289472579956,paper_bnlearn_alpha001_nowrong_noweight_50rep_mpc_fgs
earthquake,Earthquake (5),MPC,24,,2049.0,0.0,1.0,0.0,1.0,0.0,0.0,0.0,1.0,1.0,1.0,0.0,0.0,0.0,1.0,1.0,1.0,1.0,1.0,,,,,,,,,,,,,,,0.0186660289764404,paper_bnlearn_alpha001_nowrong_noweight_50rep_mpc_fgs
earthquake,Earthquake (5),MPC,25,,2050.0,3.0,0.8889,0.0,1.0,3.0,3.0,3.0,0.8889,0.8889,0.8889,0.0,0.0,0.0,1.0,1.0,1.0,1.0,1.0,,,,,,,,,,,,,,,0.0153591632843017,paper_bnlearn_alpha001_nowrong_noweight_50rep_mpc_fgs
earthquake,Earthquake (5),MPC,26,,2051.0,0.0,1.0,0.0,1.0,0.0,0.0,0.0,1.0,1.0,1.0,0.0,0.0,0.0,1.0,1.0,1.0,1.0,1.0,,,,,,,,,,,,,,,0.018273115158081,paper_bnlearn_alpha001_nowrong_noweight_50rep_mpc_fgs
earthquake,Earthquake (5),MPC,27,,2052.0,0.0,1.0,0.0,1.0,0.0,0.0,0.0,1.0,1.0,1.0,0.0,0.0,0.0,1.0,1.0,1.0,1.0,1.0,,,,,,,,,,,,,,,0.0191338062286376,paper_bnlearn_alpha001_nowrong_noweight_50rep_mpc_fgs
earthquake,Earthquake (5),MPC,28,,2053.0,0.0,1.0,0.0,1.0,0.0,0.0,0.0,1.0,1.0,1.0,0.0,0.0,0.0,1.0,1.0,1.0,1.0,1.0,,,,,,,,,,,,,,,0.0120534896850585,paper_bnlearn_alpha001_nowrong_noweight_50rep_mpc_fgs
earthquake,Earthquake (5),MPC,29,,2054.0,0.0,1.0,0.0,1.0,0.0,0.0,0.0,1.0,1.0,1.0,0.0,0.0,0.0,1.0,1.0,1.0,1.0,1.0,,,,,,,,,,,,,,,0.0117859840393066,paper_bnlearn_alpha001_nowrong_noweight_50rep_mpc_fgs
earthquake,Earthquake (5),MPC,30,,2055.0,0.0,1.0,0.0,1.0,0.0,0.0,0.0,1.0,1.0,1.0,0.0,0.0,0.0,1.0,1.0,1.0,1.0,1.0,,,,,,,,,,,,,,,0.012169599533081,paper_bnlearn_alpha001_nowrong_noweight_50rep_mpc_fgs
earthquake,Earthquake (5),MPC,31,,2056.0,0.0,1.0,0.0,1.0,0.0,0.0,0.0,1.0,1.0,1.0,0.0,0.0,0.0,1.0,1.0,1.0,1.0,1.0,,,,,,,,,,,,,,,0.0135314464569091,paper_bnlearn_alpha001_nowrong_noweight_50rep_mpc_fgs
earthquake,Earthquake (5),MPC,32,,2057.0,0.0,1.0,0.0,1.0,0.0,0.0,0.0,1.0,1.0,1.0,0.0,0.0,0.0,1.0,1.0,1.0,1.0,1.0,,,,,,,,,,,,,,,0.0122702121734619,paper_bnlearn_alpha001_nowrong_noweight_50rep_mpc_fgs
earthquake,Earthquake (5),MPC,33,,2058.0,0.0,1.0,0.0,1.0,0.0,0.0,0.0,1.0,1.0,1.0,0.0,0.0,0.0,1.0,1.0,1.0,1.0,1.0,,,,,,,,,,,,,,,0.0125796794891357,paper_bnlearn_alpha001_nowrong_noweight_50rep_mpc_fgs
earthquake,Earthquake (5),MPC,34,,2059.0,0.0,1.0,0.0,1.0,0.0,0.0,0.0,1.0,1.0,1.0,0.0,0.0,0.0,1.0,1.0,1.0,1.0,1.0,,,,,,,,,,,,,,,0.0116486549377441,paper_bnlearn_alpha001_nowrong_noweight_50rep_mpc_fgs
earthquake,Earthquake (5),MPC,35,,2060.0,0.0,1.0,0.0,1.0,0.0,0.0,0.0,1.0,1.0,1.0,0.0,0.0,0.0,1.0,1.0,1.0,1.0,1.0,,,,,,,,,,,,,,,0.0123736858367919,paper_bnlearn_alpha001_nowrong_noweight_50rep_mpc_fgs
earthquake,Earthquake (5),MPC,36,,2061.0,0.0,1.0,0.0,1.0,0.0,0.0,0.0,1.0,1.0,1.0,0.0,0.0,0.0,1.0,1.0,1.0,1.0,1.0,,,,,,,,,,,,,,,0.0128147602081298,paper_bnlearn_alpha001_nowrong_noweight_50rep_mpc_fgs
earthquake,Earthquake (5),MPC,37,,2062.0,0.0,1.0,0.0,1.0,0.0,0.0,0.0,1.0,1.0,1.0,0.0,0.0,0.0,1.0,1.0,1.0,1.0,1.0,,,,,,,,,,,,,,,0.011756420135498,paper_bnlearn_alpha001_nowrong_noweight_50rep_mpc_fgs
earthquake,Earthquake (5),MPC,38,,2063.0,0.0,1.0,0.0,1.0,0.0,0.0,0.0,1.0,1.0,1.0,0.0,0.0,0.0,1.0,1.0,1.0,1.0,1.0,,,,,,,,,,,,,,,0.0120778083801269,paper_bnlearn_alpha001_nowrong_noweight_50rep_mpc_fgs
earthquake,Earthquake (5),MPC,39,,2064.0,0.0,1.0,0.0,1.0,0.0,0.0,0.0,1.0,1.0,1.0,0.0,0.0,0.0,1.0,1.0,1.0,1.0,1.0,,,,,,,,,,,,,,,0.0117909908294677,paper_bnlearn_alpha001_nowrong_noweight_50rep_mpc_fgs
earthquake,Earthquake (5),MPC,40,,2065.0,0.0,1.0,0.0,1.0,0.0,0.0,0.0,1.0,1.0,1.0,0.0,0.0,0.0,1.0,1.0,1.0,1.0,1.0,,,,,,,,,,,,,,,0.0128192901611328,paper_bnlearn_alpha001_nowrong_noweight_50rep_mpc_fgs
earthquake,Earthquake (5),MPC,41,,2066.0,0.0,1.0,0.0,1.0,0.0,0.0,0.0,1.0,1.0,1.0,0.0,0.0,0.0,1.0,1.0,1.0,1.0,1.0,,,,,,,,,,,,,,,0.0120887756347656,paper_bnlearn_alpha001_nowrong_noweight_50rep_mpc_fgs
earthquake,Earthquake (5),MPC,42,,2067.0,0.0,1.0,0.0,1.0,0.0,0.0,0.0,1.0,1.0,1.0,0.0,0.0,0.0,1.0,1.0,1.0,1.0,1.0,,,,,,,,,,,,,,,0.0120322704315185,paper_bnlearn_alpha001_nowrong_noweight_50rep_mpc_fgs
earthquake,Earthquake (5),MPC,43,,2068.0,0.0,1.0,0.0,1.0,0.0,0.0,0.0,1.0,1.0,1.0,0.0,0.0,0.0,1.0,1.0,1.0,1.0,1.0,,,,,,,,,,,,,,,0.0134623050689697,paper_bnlearn_alpha001_nowrong_noweight_50rep_mpc_fgs
earthquake,Earthquake (5),MPC,44,,2069.0,0.0,1.0,0.0,1.0,0.0,0.0,0.0,1.0,1.0,1.0,0.0,0.0,0.0,1.0,1.0,1.0,1.0,1.0,,,,,,,,,,,,,,,0.0151097774505615,paper_bnlearn_alpha001_nowrong_noweight_50rep_mpc_fgs
earthquake,Earthquake (5),MPC,45,,2070.0,0.0,1.0,0.0,1.0,0.0,0.0,0.0,1.0,1.0,1.0,0.0,0.0,0.0,1.0,1.0,1.0,1.0,1.0,,,,,,,,,,,,,,,0.0119800567626953,paper_bnlearn_alpha001_nowrong_noweight_50rep_mpc_fgs
earthquake,Earthquake (5),MPC,46,,2071.0,0.0,1.0,0.0,1.0,0.0,0.0,0.0,1.0,1.0,1.0,0.0,0.0,0.0,1.0,1.0,1.0,1.0,1.0,,,,,,,,,,,,,,,0.0120980739593505,paper_bnlearn_alpha001_nowrong_noweight_50rep_mpc_fgs
earthquake,Earthquake (5),MPC,47,,2072.0,0.0,1.0,0.0,1.0,0.0,0.0,0.0,1.0,1.0,1.0,0.0,0.0,0.0,1.0,1.0,1.0,1.0,1.0,,,,,,,,,,,,,,,0.0185701847076416,paper_bnlearn_alpha001_nowrong_noweight_50rep_mpc_fgs
earthquake,Earthquake (5),MPC,48,,2073.0,0.0,1.0,0.0,1.0,0.0,0.0,0.0,1.0,1.0,1.0,0.0,0.0,0.0,1.0,1.0,1.0,1.0,1.0,,,,,,,,,,,,,,,0.0190012454986572,paper_bnlearn_alpha001_nowrong_noweight_50rep_mpc_fgs
earthquake,Earthquake (5),MPC,49,,2074.0,0.0,1.0,0.0,1.0,0.0,0.0,0.0,1.0,1.0,1.0,0.0,0.0,0.0,1.0,1.0,1.0,1.0,1.0,,,,,,,,,,,,,,,0.0188994407653808,paper_bnlearn_alpha001_nowrong_noweight_50rep_mpc_fgs
earthquake,Earthquake (5),MPC,50,,2075.0,0.0,1.0,0.0,1.0,0.0,0.0,0.0,1.0,1.0,1.0,0.0,0.0,0.0,1.0,1.0,1.0,1.0,1.0,,,,,,,,,,,,,,,0.0189545154571533,paper_bnlearn_alpha001_nowrong_noweight_50rep_mpc_fgs
survey,Survey (6),FGS,1,,2026.0,8.0,0.4,6.0,0.4,8.0,8.0,8.0,0.4,0.4,0.4,6.0,6.0,6.0,0.4,0.4,0.4,1.0,1.0,,,,,,,,,,,,,,,0.1610465049743652,paper_bnlearn_alpha001_nowrong_noweight_50rep_mpc_fgs
survey,Survey (6),FGS,2,,2027.0,7.0,0.4444,5.0,0.4444,7.0,7.0,7.0,0.4444,0.4444,0.4444,5.0,5.0,5.0,0.4444,0.4444,0.4444,1.0,1.0,,,,,,,,,,,,,,,0.102252721786499,paper_bnlearn_alpha001_nowrong_noweight_50rep_mpc_fgs
survey,Survey (6),FGS,3,,2028.0,9.0,0.2,8.0,0.2,9.0,9.0,9.0,0.2,0.2,0.2,8.0,8.0,8.0,0.2,0.2,0.2,1.0,1.0,,,,,,,,,,,,,,,0.1503112316131591,paper_bnlearn_alpha001_nowrong_noweight_50rep_mpc_fgs
survey,Survey (6),FGS,4,,2029.0,8.0,0.2222,7.0,0.2222,8.0,8.0,8.0,0.2222,0.2222,0.2222,7.0,7.0,7.0,0.2222,0.2222,0.2222,1.0,1.0,,,,,,,,,,,,,,,0.1543090343475341,paper_bnlearn_alpha001_nowrong_noweight_50rep_mpc_fgs
survey,Survey (6),FGS,5,,2030.0,9.0,0.1818,8.0,0.1818,9.0,9.0,9.0,0.1818,0.1818,0.1818,8.0,8.0,8.0,0.1818,0.1818,0.1818,1.0,1.0,,,,,,,,,,,,,,,0.1626121997833252,paper_bnlearn_alpha001_nowrong_noweight_50rep_mpc_fgs
survey,Survey (6),FGS,6,,2031.0,9.0,0.2,8.0,0.2,9.0,9.0,9.0,0.2,0.2,0.2,8.0,8.0,8.0,0.2,0.2,0.2,1.0,1.0,,,,,,,,,,,,,,,0.1574382781982422,paper_bnlearn_alpha001_nowrong_noweight_50rep_mpc_fgs
survey,Survey (6),FGS,7,,2032.0,8.0,0.2222,7.0,0.2222,8.0,8.0,8.0,0.2222,0.2222,0.2222,7.0,7.0,7.0,0.2222,0.2222,0.2222,1.0,1.0,,,,,,,,,,,,,,,0.1573748588562011,paper_bnlearn_alpha001_nowrong_noweight_50rep_mpc_fgs
survey,Survey (6),FGS,8,,2033.0,8.0,0.2222,7.0,0.2222,8.0,8.0,8.0,0.2222,0.2222,0.2222,7.0,7.0,7.0,0.2222,0.2222,0.2222,1.0,1.0,,,,,,,,,,,,,,,0.1872272491455078,paper_bnlearn_alpha001_nowrong_noweight_50rep_mpc_fgs
survey,Survey (6),FGS,9,,2034.0,8.0,0.4,6.0,0.4,8.0,8.0,8.0,0.4,0.4,0.4,6.0,6.0,6.0,0.4,0.4,0.4,1.0,1.0,,,,,,,,,,,,,,,0.1502478122711181,paper_bnlearn_alpha001_nowrong_noweight_50rep_mpc_fgs
survey,Survey (6),FGS,10,,2035.0,8.0,0.2222,7.0,0.2222,8.0,8.0,8.0,0.2222,0.2222,0.2222,7.0,7.0,7.0,0.2222,0.2222,0.2222,1.0,1.0,,,,,,,,,,,,,,,0.1082913875579834,paper_bnlearn_alpha001_nowrong_noweight_50rep_mpc_fgs
survey,Survey (6),FGS,11,,2036.0,7.0,0.25,6.0,0.25,7.0,7.0,7.0,0.25,0.25,0.25,6.0,6.0,6.0,0.25,0.25,0.25,1.0,1.0,,,,,,,,,,,,,,,0.1506280899047851,paper_bnlearn_alpha001_nowrong_noweight_50rep_mpc_fgs
survey,Survey (6),FGS,12,,2037.0,7.0,0.25,6.0,0.25,7.0,7.0,7.0,0.25,0.25,0.25,6.0,6.0,6.0,0.25,0.25,0.25,1.0,1.0,,,,,,,,,,,,,,,0.149738073348999,paper_bnlearn_alpha001_nowrong_noweight_50rep_mpc_fgs
survey,Survey (6),FGS,13,,2038.0,9.0,0.1818,8.0,0.1818,9.0,9.0,9.0,0.1818,0.1818,0.1818,8.0,8.0,8.0,0.1818,0.1818,0.1818,1.0,1.0,,,,,,,,,,,,,,,0.1575250625610351,paper_bnlearn_alpha001_nowrong_noweight_50rep_mpc_fgs
survey,Survey (6),FGS,14,,2039.0,9.0,0.2,8.0,0.2,9.0,9.0,9.0,0.2,0.2,0.2,8.0,8.0,8.0,0.2,0.2,0.2,1.0,1.0,,,,,,,,,,,,,,,0.1582889556884765,paper_bnlearn_alpha001_nowrong_noweight_50rep_mpc_fgs
survey,Survey (6),FGS,15,,2040.0,8.0,0.4,6.0,0.4,8.0,8.0,8.0,0.4,0.4,0.4,6.0,6.0,6.0,0.4,0.4,0.4,1.0,1.0,,,,,,,,,,,,,,,0.1610147953033447,paper_bnlearn_alpha001_nowrong_noweight_50rep_mpc_fgs
survey,Survey (6),FGS,16,,2041.0,9.0,0.2,8.0,0.2,9.0,9.0,9.0,0.2,0.2,0.2,8.0,8.0,8.0,0.2,0.2,0.2,1.0,1.0,,,,,,,,,,,,,,,0.157999038696289,paper_bnlearn_alpha001_nowrong_noweight_50rep_mpc_fgs
survey,Survey (6),FGS,17,,2042.0,7.0,0.25,6.0,0.25,7.0,7.0,7.0,0.25,0.25,0.25,6.0,6.0,6.0,0.25,0.25,0.25,1.0,1.0,,,,,,,,,,,,,,,0.0947461128234863,paper_bnlearn_alpha001_nowrong_noweight_50rep_mpc_fgs
survey,Survey (6),FGS,18,,2043.0,7.0,0.25,6.0,0.25,7.0,7.0,7.0,0.25,0.25,0.25,6.0,6.0,6.0,0.25,0.25,0.25,1.0,1.0,,,,,,,,,,,,,,,0.0956237316131591,paper_bnlearn_alpha001_nowrong_noweight_50rep_mpc_fgs
survey,Survey (6),FGS,19,,2044.0,7.0,0.4444,5.0,0.4444,7.0,7.0,7.0,0.4444,0.4444,0.4444,5.0,5.0,5.0,0.4444,0.4444,0.4444,1.0,1.0,,,,,,,,,,,,,,,0.0991971492767334,paper_bnlearn_alpha001_nowrong_noweight_50rep_mpc_fgs
survey,Survey (6),FGS,20,,2045.0,8.0,0.4,6.0,0.4,8.0,8.0,8.0,0.4,0.4,0.4,6.0,6.0,6.0,0.4,0.4,0.4,1.0,1.0,,,,,,,,,,,,,,,0.1417458057403564,paper_bnlearn_alpha001_nowrong_noweight_50rep_mpc_fgs
survey,Survey (6),FGS,21,,2046.0,8.0,0.2222,7.0,0.2222,8.0,8.0,8.0,0.2222,0.2222,0.2222,7.0,7.0,7.0,0.2222,0.2222,0.2222,1.0,1.0,,,,,,,,,,,,,,,0.1183228492736816,paper_bnlearn_alpha001_nowrong_noweight_50rep_mpc_fgs
survey,Survey (6),FGS,22,,2047.0,9.0,0.2,8.0,0.2,9.0,9.0,9.0,0.2,0.2,0.2,8.0,8.0,8.0,0.2,0.2,0.2,1.0,1.0,,,,,,,,,,,,,,,0.1087911128997802,paper_bnlearn_alpha001_nowrong_noweight_50rep_mpc_fgs
survey,Survey (6),FGS,23,,2048.0,8.0,0.4,6.0,0.4,8.0,8.0,8.0,0.4,0.4,0.4,6.0,6.0,6.0,0.4,0.4,0.4,1.0,1.0,,,,,,,,,,,,,,,0.1572589874267578,paper_bnlearn_alpha001_nowrong_noweight_50rep_mpc_fgs
survey,Survey (6),FGS,24,,2049.0,9.0,0.2,8.0,0.2,9.0,9.0,9.0,0.2,0.2,0.2,8.0,8.0,8.0,0.2,0.2,0.2,1.0,1.0,,,,,,,,,,,,,,,0.157118558883667,paper_bnlearn_alpha001_nowrong_noweight_50rep_mpc_fgs
survey,Survey (6),FGS,25,,2050.0,9.0,0.2,8.0,0.2,9.0,9.0,9.0,0.2,0.2,0.2,8.0,8.0,8.0,0.2,0.2,0.2,1.0,1.0,,,,,,,,,,,,,,,0.1029105186462402,paper_bnlearn_alpha001_nowrong_noweight_50rep_mpc_fgs
survey,Survey (6),FGS,26,,2051.0,8.0,0.4,6.0,0.4,8.0,8.0,8.0,0.4,0.4,0.4,6.0,6.0,6.0,0.4,0.4,0.4,1.0,1.0,,,,,,,,,,,,,,,0.1157808303833007,paper_bnlearn_alpha001_nowrong_noweight_50rep_mpc_fgs
survey,Survey (6),FGS,27,,2052.0,8.0,0.4,6.0,0.4,8.0,8.0,8.0,0.4,0.4,0.4,6.0,6.0,6.0,0.4,0.4,0.4,1.0,1.0,,,,,,,,,,,,,,,0.1538069248199463,paper_bnlearn_alpha001_nowrong_noweight_50rep_mpc_fgs
survey,Survey (6),FGS,28,,2053.0,7.0,0.4444,5.0,0.4444,7.0,7.0,7.0,0.4444,0.4444,0.4444,5.0,5.0,5.0,0.4444,0.4444,0.4444,1.0,1.0,,,,,,,,,,,,,,,0.1030969619750976,paper_bnlearn_alpha001_nowrong_noweight_50rep_mpc_fgs
survey,Survey (6),FGS,29,,2054.0,9.0,0.2,8.0,0.2,9.0,9.0,9.0,0.2,0.2,0.2,8.0,8.0,8.0,0.2,0.2,0.2,1.0,1.0,,,,,,,,,,,,,,,0.1671457290649414,paper_bnlearn_alpha001_nowrong_noweight_50rep_mpc_fgs
survey,Survey (6),FGS,30,,2055.0,8.0,0.2222,7.0,0.2222,8.0,8.0,8.0,0.2222,0.2222,0.2222,7.0,7.0,7.0,0.2222,0.2222,0.2222,1.0,1.0,,,,,,,,,,,,,,,0.1650731563568115,paper_bnlearn_alpha001_nowrong_noweight_50rep_mpc_fgs
survey,Survey (6),FGS,31,,2056.0,8.0,0.4,6.0,0.4,8.0,8.0,8.0,0.4,0.4,0.4,6.0,6.0,6.0,0.4,0.4,0.4,1.0,1.0,,,,,,,,,,,,,,,0.1873486042022705,paper_bnlearn_alpha001_nowrong_noweight_50rep_mpc_fgs
survey,Survey (6),FGS,32,,2057.0,7.0,0.25,6.0,0.25,7.0,7.0,7.0,0.25,0.25,0.25,6.0,6.0,6.0,0.25,0.25,0.25,1.0,1.0,,,,,,,,,,,,,,,0.1646246910095214,paper_bnlearn_alpha001_nowrong_noweight_50rep_mpc_fgs
survey,Survey (6),FGS,33,,2058.0,9.0,0.1818,8.0,0.1818,9.0,9.0,9.0,0.1818,0.1818,0.1818,8.0,8.0,8.0,0.1818,0.1818,0.1818,1.0,1.0,,,,,,,,,,,,,,,0.1906313896179199,paper_bnlearn_alpha001_nowrong_noweight_50rep_mpc_fgs
survey,Survey (6),FGS,34,,2059.0,7.0,0.25,6.0,0.25,7.0,7.0,7.0,0.25,0.25,0.25,6.0,6.0,6.0,0.25,0.25,0.25,1.0,1.0,,,,,,,,,,,,,,,0.1597301959991455,paper_bnlearn_alpha001_nowrong_noweight_50rep_mpc_fgs
survey,Survey (6),FGS,35,,2060.0,9.0,0.2,8.0,0.2,9.0,9.0,9.0,0.2,0.2,0.2,8.0,8.0,8.0,0.2,0.2,0.2,1.0,1.0,,,,,,,,,,,,,,,0.1661326885223388,paper_bnlearn_alpha001_nowrong_noweight_50rep_mpc_fgs
survey,Survey (6),FGS,36,,2061.0,8.0,0.2222,7.0,0.2222,8.0,8.0,8.0,0.2222,0.2222,0.2222,7.0,7.0,7.0,0.2222,0.2222,0.2222,1.0,1.0,,,,,,,,,,,,,,,0.1639454364776611,paper_bnlearn_alpha001_nowrong_noweight_50rep_mpc_fgs
survey,Survey (6),FGS,37,,2062.0,9.0,0.2,8.0,0.2,9.0,9.0,9.0,0.2,0.2,0.2,8.0,8.0,8.0,0.2,0.2,0.2,1.0,1.0,,,,,,,,,,,,,,,0.1679120063781738,paper_bnlearn_alpha001_nowrong_noweight_50rep_mpc_fgs
survey,Survey (6),FGS,38,,2063.0,9.0,0.2,8.0,0.2,9.0,9.0,9.0,0.2,0.2,0.2,8.0,8.0,8.0,0.2,0.2,0.2,1.0,1.0,,,,,,,,,,,,,,,0.1683084964752197,paper_bnlearn_alpha001_nowrong_noweight_50rep_mpc_fgs
survey,Survey (6),FGS,39,,2064.0,8.0,0.2222,7.0,0.2222,8.0,8.0,8.0,0.2222,0.2222,0.2222,7.0,7.0,7.0,0.2222,0.2222,0.2222,1.0,1.0,,,,,,,,,,,,,,,0.1638300418853759,paper_bnlearn_alpha001_nowrong_noweight_50rep_mpc_fgs
survey,Survey (6),FGS,40,,2065.0,8.0,0.2222,7.0,0.2222,8.0,8.0,8.0,0.2222,0.2222,0.2222,7.0,7.0,7.0,0.2222,0.2222,0.2222,1.0,1.0,,,,,,,,,,,,,,,0.1632242202758789,paper_bnlearn_alpha001_nowrong_noweight_50rep_mpc_fgs
survey,Survey (6),FGS,41,,2066.0,8.0,0.2222,7.0,0.2222,8.0,8.0,8.0,0.2222,0.2222,0.2222,7.0,7.0,7.0,0.2222,0.2222,0.2222,1.0,1.0,,,,,,,,,,,,,,,0.1669766902923584,paper_bnlearn_alpha001_nowrong_noweight_50rep_mpc_fgs
survey,Survey (6),FGS,42,,2067.0,9.0,0.2,8.0,0.2,9.0,9.0,9.0,0.2,0.2,0.2,8.0,8.0,8.0,0.2,0.2,0.2,1.0,1.0,,,,,,,,,,,,,,,0.1470715999603271,paper_bnlearn_alpha001_nowrong_noweight_50rep_mpc_fgs
survey,Survey (6),FGS,43,,2068.0,9.0,0.1818,8.0,0.1818,9.0,9.0,9.0,0.1818,0.1818,0.1818,8.0,8.0,8.0,0.1818,0.1818,0.1818,1.0,1.0,,,,,,,,,,,,,,,0.1649174690246582,paper_bnlearn_alpha001_nowrong_noweight_50rep_mpc_fgs
survey,Survey (6),FGS,44,,2069.0,8.0,0.2222,7.0,0.2222,8.0,8.0,8.0,0.2222,0.2222,0.2222,7.0,7.0,7.0,0.2222,0.2222,0.2222,1.0,1.0,,,,,,,,,,,,,,,0.160881757736206,paper_bnlearn_alpha001_nowrong_noweight_50rep_mpc_fgs
survey,Survey (6),FGS,45,,2070.0,8.0,0.2222,7.0,0.2222,8.0,8.0,8.0,0.2222,0.2222,0.2222,7.0,7.0,7.0,0.2222,0.2222,0.2222,1.0,1.0,,,,,,,,,,,,,,,0.1670832633972168,paper_bnlearn_alpha001_nowrong_noweight_50rep_mpc_fgs
survey,Survey (6),FGS,46,,2071.0,9.0,0.2,8.0,0.2,9.0,9.0,9.0,0.2,0.2,0.2,8.0,8.0,8.0,0.2,0.2,0.2,1.0,1.0,,,,,,,,,,,,,,,0.1635491847991943,paper_bnlearn_alpha001_nowrong_noweight_50rep_mpc_fgs
survey,Survey (6),FGS,47,,2072.0,9.0,0.2,8.0,0.2,9.0,9.0,9.0,0.2,0.2,0.2,8.0,8.0,8.0,0.2,0.2,0.2,1.0,1.0,,,,,,,,,,,,,,,0.1635041236877441,paper_bnlearn_alpha001_nowrong_noweight_50rep_mpc_fgs
survey,Survey (6),FGS,48,,2073.0,9.0,0.2,8.0,0.2,9.0,9.0,9.0,0.2,0.2,0.2,8.0,8.0,8.0,0.2,0.2,0.2,1.0,1.0,,,,,,,,,,,,,,,0.1086945533752441,paper_bnlearn_alpha001_nowrong_noweight_50rep_mpc_fgs
survey,Survey (6),FGS,49,,2074.0,8.0,0.2222,7.0,0.2222,8.0,8.0,8.0,0.2222,0.2222,0.2222,7.0,7.0,7.0,0.2222,0.2222,0.2222,1.0,1.0,,,,,,,,,,,,,,,0.1629161834716797,paper_bnlearn_alpha001_nowrong_noweight_50rep_mpc_fgs
survey,Survey (6),FGS,50,,2075.0,8.0,0.2222,7.0,0.2222,8.0,8.0,8.0,0.2222,0.2222,0.2222,7.0,7.0,7.0,0.2222,0.2222,0.2222,1.0,1.0,,,,,,,,,,,,,,,0.1594688892364502,paper_bnlearn_alpha001_nowrong_noweight_50rep_mpc_fgs
survey,Survey (6),MPC,1,,2026.0,4.0,0.9091,6.0,0.0,4.0,4.0,4.0,0.9091,0.9091,0.9091,6.0,6.0,6.0,0.0,0.0,0.0,1.0,1.0,,,,,,,,,,,,,,,0.0157973766326904,paper_bnlearn_alpha001_nowrong_noweight_50rep_mpc_fgs
survey,Survey (6),MPC,2,,2027.0,4.0,0.8,3.0,0.6667,4.0,4.0,4.0,0.8,0.8,0.8,3.0,3.0,3.0,0.6667,0.6667,0.6667,1.0,1.0,,,,,,,,,,,,,,,0.0114147663116455,paper_bnlearn_alpha001_nowrong_noweight_50rep_mpc_fgs
survey,Survey (6),MPC,3,,2028.0,2.0,0.7273,2.0,0.7273,2.0,2.0,2.0,0.7273,0.7273,0.7273,2.0,2.0,2.0,0.7273,0.7273,0.7273,1.0,1.0,,,,,,,,,,,,,,,0.0127086639404296,paper_bnlearn_alpha001_nowrong_noweight_50rep_mpc_fgs
survey,Survey (6),MPC,4,,2029.0,4.0,0.9091,6.0,0.0,4.0,4.0,4.0,0.9091,0.9091,0.9091,6.0,6.0,6.0,0.0,0.0,0.0,1.0,1.0,,,,,,,,,,,,,,,0.0153868198394775,paper_bnlearn_alpha001_nowrong_noweight_50rep_mpc_fgs
survey,Survey (6),MPC,5,,2030.0,5.0,0.7273,6.0,0.0,5.0,5.0,5.0,0.7273,0.7273,0.7273,6.0,6.0,6.0,0.0,0.0,0.0,1.0,1.0,,,,,,,,,,,,,,,0.0188090801239013,paper_bnlearn_alpha001_nowrong_noweight_50rep_mpc_fgs
survey,Survey (6),MPC,6,,2031.0,1.0,0.9091,1.0,0.9091,1.0,1.0,1.0,0.9091,0.9091,0.9091,1.0,1.0,1.0,0.9091,0.9091,0.9091,1.0,1.0,,,,,,,,,,,,,,,0.0209376811981201,paper_bnlearn_alpha001_nowrong_noweight_50rep_mpc_fgs
survey,Survey (6),MPC,7,,2032.0,4.0,0.8,6.0,0.0,4.0,4.0,4.0,0.8,0.8,0.8,6.0,6.0,6.0,0.0,0.0,0.0,1.0,1.0,,,,,,,,,,,,,,,0.0121757984161376,paper_bnlearn_alpha001_nowrong_noweight_50rep_mpc_fgs
survey,Survey (6),MPC,8,,2033.0,5.0,0.7273,6.0,0.0,5.0,5.0,5.0,0.7273,0.7273,0.7273,6.0,6.0,6.0,0.0,0.0,0.0,1.0,1.0,,,,,,,,,,,,,,,0.0164606571197509,paper_bnlearn_alpha001_nowrong_noweight_50rep_mpc_fgs
survey,Survey (6),MPC,9,,2034.0,6.0,0.6667,6.0,0.0,6.0,6.0,6.0,0.6667,0.6667,0.6667,6.0,6.0,6.0,0.0,0.0,0.0,1.0,1.0,,,,,,,,,,,,,,,0.0118045806884765,paper_bnlearn_alpha001_nowrong_noweight_50rep_mpc_fgs
survey,Survey (6),MPC,10,,2035.0,4.0,0.9091,6.0,0.0,4.0,4.0,4.0,0.9091,0.9091,0.9091,6.0,6.0,6.0,0.0,0.0,0.0,1.0,1.0,,,,,,,,,,,,,,,0.0182647705078125,paper_bnlearn_alpha001_nowrong_noweight_50rep_mpc_fgs
survey,Survey (6),MPC,11,,2036.0,5.0,0.8,6.0,0.0,5.0,5.0,5.0,0.8,0.8,0.8,6.0,6.0,6.0,0.0,0.0,0.0,1.0,1.0,,,,,,,,,,,,,,,0.0130341053009033,paper_bnlearn_alpha001_nowrong_noweight_50rep_mpc_fgs
survey,Survey (6),MPC,12,,2037.0,5.0,0.8,6.0,0.0,5.0,5.0,5.0,0.8,0.8,0.8,6.0,6.0,6.0,0.0,0.0,0.0,1.0,1.0,,,,,,,,,,,,,,,0.0120999813079833,paper_bnlearn_alpha001_nowrong_noweight_50rep_mpc_fgs
survey,Survey (6),MPC,13,,2038.0,4.0,0.8333,6.0,0.0,4.0,4.0,4.0,0.8333,0.8333,0.8333,6.0,6.0,6.0,0.0,0.0,0.0,1.0,1.0,,,,,,,,,,,,,,,0.0236098766326904,paper_bnlearn_alpha001_nowrong_noweight_50rep_mpc_fgs
survey,Survey (6),MPC,14,,2039.0,1.0,0.8333,1.0,0.8333,1.0,1.0,1.0,0.8333,0.8333,0.8333,1.0,1.0,1.0,0.8333,0.8333,0.8333,1.0,1.0,,,,,,,,,,,,,,,0.0244522094726562,paper_bnlearn_alpha001_nowrong_noweight_50rep_mpc_fgs
survey,Survey (6),MPC,15,,2040.0,4.0,0.9091,6.0,0.0,4.0,4.0,4.0,0.9091,0.9091,0.9091,6.0,6.0,6.0,0.0,0.0,0.0,1.0,1.0,,,,,,,,,,,,,,,0.015068769454956,paper_bnlearn_alpha001_nowrong_noweight_50rep_mpc_fgs
survey,Survey (6),MPC,16,,2041.0,4.0,0.8,3.0,0.6667,4.0,4.0,4.0,0.8,0.8,0.8,3.0,3.0,3.0,0.6667,0.6667,0.6667,1.0,1.0,,,,,,,,,,,,,,,0.0145092010498046,paper_bnlearn_alpha001_nowrong_noweight_50rep_mpc_fgs
survey,Survey (6),MPC,17,,2042.0,5.0,0.6667,6.0,0.0,5.0,5.0,5.0,0.6667,0.6667,0.6667,6.0,6.0,6.0,0.0,0.0,0.0,1.0,1.0,,,,,,,,,,,,,,,0.0082497596740722,paper_bnlearn_alpha001_nowrong_noweight_50rep_mpc_fgs
survey,Survey (6),MPC,18,,2043.0,5.0,0.6667,6.0,0.0,5.0,5.0,5.0,0.6667,0.6667,0.6667,6.0,6.0,6.0,0.0,0.0,0.0,1.0,1.0,,,,,,,,,,,,,,,0.0081965923309326,paper_bnlearn_alpha001_nowrong_noweight_50rep_mpc_fgs
survey,Survey (6),MPC,19,,2044.0,2.0,0.7273,2.0,0.7273,2.0,2.0,2.0,0.7273,0.7273,0.7273,2.0,2.0,2.0,0.7273,0.7273,0.7273,1.0,1.0,,,,,,,,,,,,,,,0.0156419277191162,paper_bnlearn_alpha001_nowrong_noweight_50rep_mpc_fgs
survey,Survey (6),MPC,20,,2045.0,4.0,0.8,6.0,0.0,4.0,4.0,4.0,0.8,0.8,0.8,6.0,6.0,6.0,0.0,0.0,0.0,1.0,1.0,,,,,,,,,,,,,,,0.0157017707824707,paper_bnlearn_alpha001_nowrong_noweight_50rep_mpc_fgs
survey,Survey (6),MPC,21,,2046.0,4.0,0.8,6.0,0.0,4.0,4.0,4.0,0.8,0.8,0.8,6.0,6.0,6.0,0.0,0.0,0.0,1.0,1.0,,,,,,,,,,,,,,,0.0149734020233154,paper_bnlearn_alpha001_nowrong_noweight_50rep_mpc_fgs
survey,Survey (6),MPC,22,,2047.0,3.0,0.8,4.0,0.5,3.0,3.0,3.0,0.8,0.8,0.8,4.0,4.0,4.0,0.5,0.5,0.5,1.0,1.0,,,,,,,,,,,,,,,0.0159227848052978,paper_bnlearn_alpha001_nowrong_noweight_50rep_mpc_fgs
survey,Survey (6),MPC,23,,2048.0,4.0,0.9091,6.0,0.0,4.0,4.0,4.0,0.9091,0.9091,0.9091,6.0,6.0,6.0,0.0,0.0,0.0,1.0,1.0,,,,,,,,,,,,,,,0.0170357227325439,paper_bnlearn_alpha001_nowrong_noweight_50rep_mpc_fgs
survey,Survey (6),MPC,24,,2049.0,2.0,0.7273,2.0,0.7273,2.0,2.0,2.0,0.7273,0.7273,0.7273,2.0,2.0,2.0,0.7273,0.7273,0.7273,1.0,1.0,,,,,,,,,,,,,,,0.0198099613189697,paper_bnlearn_alpha001_nowrong_noweight_50rep_mpc_fgs
survey,Survey (6),MPC,25,,2050.0,2.0,0.7273,2.0,0.7273,2.0,2.0,2.0,0.7273,0.7273,0.7273,2.0,2.0,2.0,0.7273,0.7273,0.7273,1.0,1.0,,,,,,,,,,,,,,,0.0204443931579589,paper_bnlearn_alpha001_nowrong_noweight_50rep_mpc_fgs
survey,Survey (6),MPC,26,,2051.0,5.0,0.8,6.0,0.0,5.0,5.0,5.0,0.8,0.8,0.8,6.0,6.0,6.0,0.0,0.0,0.0,1.0,1.0,,,,,,,,,,,,,,,0.011608600616455,paper_bnlearn_alpha001_nowrong_noweight_50rep_mpc_fgs
survey,Survey (6),MPC,27,,2052.0,4.0,0.9091,6.0,0.0,4.0,4.0,4.0,0.9091,0.9091,0.9091,6.0,6.0,6.0,0.0,0.0,0.0,1.0,1.0,,,,,,,,,,,,,,,0.0138354301452636,paper_bnlearn_alpha001_nowrong_noweight_50rep_mpc_fgs
survey,Survey (6),MPC,28,,2053.0,5.0,0.8,6.0,0.0,5.0,5.0,5.0,0.8,0.8,0.8,6.0,6.0,6.0,0.0,0.0,0.0,1.0,1.0,,,,,,,,,,,,,,,0.0133686065673828,paper_bnlearn_alpha001_nowrong_noweight_50rep_mpc_fgs
survey,Survey (6),MPC,29,,2054.0,2.0,0.7273,2.0,0.7273,2.0,2.0,2.0,0.7273,0.7273,0.7273,2.0,2.0,2.0,0.7273,0.7273,0.7273,1.0,1.0,,,,,,,,,,,,,,,0.0219006538391113,paper_bnlearn_alpha001_nowrong_noweight_50rep_mpc_fgs
survey,Survey (6),MPC,30,,2055.0,4.0,0.9091,6.0,0.0,4.0,4.0,4.0,0.9091,0.9091,0.9091,6.0,6.0,6.0,0.0,0.0,0.0,1.0,1.0,,,,,,,,,,,,,,,0.0140659809112548,paper_bnlearn_alpha001_nowrong_noweight_50rep_mpc_fgs
survey,Survey (6),MPC,31,,2056.0,4.0,0.9091,6.0,0.0,4.0,4.0,4.0,0.9091,0.9091,0.9091,6.0,6.0,6.0,0.0,0.0,0.0,1.0,1.0,,,,,,,,,,,,,,,0.0141146183013916,paper_bnlearn_alpha001_nowrong_noweight_50rep_mpc_fgs
survey,Survey (6),MPC,32,,2057.0,5.0,0.6667,6.0,0.0,5.0,5.0,5.0,0.6667,0.6667,0.6667,6.0,6.0,6.0,0.0,0.0,0.0,1.0,1.0,,,,,,,,,,,,,,,0.0099148750305175,paper_bnlearn_alpha001_nowrong_noweight_50rep_mpc_fgs
survey,Survey (6),MPC,33,,2058.0,0.0,1.0,0.0,1.0,0.0,0.0,0.0,1.0,1.0,1.0,0.0,0.0,0.0,1.0,1.0,1.0,1.0,1.0,,,,,,,,,,,,,,,0.0205605030059814,paper_bnlearn_alpha001_nowrong_noweight_50rep_mpc_fgs
survey,Survey (6),MPC,34,,2059.0,5.0,0.8,6.0,0.0,5.0,5.0,5.0,0.8,0.8,0.8,6.0,6.0,6.0,0.0,0.0,0.0,1.0,1.0,,,,,,,,,,,,,,,0.0123913288116455,paper_bnlearn_alpha001_nowrong_noweight_50rep_mpc_fgs
survey,Survey (6),MPC,35,,2060.0,4.0,0.7273,6.0,0.0,4.0,4.0,4.0,0.7273,0.7273,0.7273,6.0,6.0,6.0,0.0,0.0,0.0,1.0,1.0,,,,,,,,,,,,,,,0.0200111865997314,paper_bnlearn_alpha001_nowrong_noweight_50rep_mpc_fgs
survey,Survey (6),MPC,36,,2061.0,5.0,0.8,6.0,0.0,5.0,5.0,5.0,0.8,0.8,0.8,6.0,6.0,6.0,0.0,0.0,0.0,1.0,1.0,,,,,,,,,,,,,,,0.012967824935913,paper_bnlearn_alpha001_nowrong_noweight_50rep_mpc_fgs
survey,Survey (6),MPC,37,,2062.0,2.0,0.8333,4.0,0.5,2.0,2.0,2.0,0.8333,0.8333,0.8333,4.0,4.0,4.0,0.5,0.5,0.5,1.0,1.0,,,,,,,,,,,,,,,0.0251169204711914,paper_bnlearn_alpha001_nowrong_noweight_50rep_mpc_fgs
survey,Survey (6),MPC,38,,2063.0,4.0,0.8,3.0,0.6667,4.0,4.0,4.0,0.8,0.8,0.8,3.0,3.0,3.0,0.6667,0.6667,0.6667,1.0,1.0,,,,,,,,,,,,,,,0.0165343284606933,paper_bnlearn_alpha001_nowrong_noweight_50rep_mpc_fgs
survey,Survey (6),MPC,39,,2064.0,4.0,0.9091,6.0,0.0,4.0,4.0,4.0,0.9091,0.9091,0.9091,6.0,6.0,6.0,0.0,0.0,0.0,1.0,1.0,,,,,,,,,,,,,,,0.0134150981903076,paper_bnlearn_alpha001_nowrong_noweight_50rep_mpc_fgs
survey,Survey (6),MPC,40,,2065.0,4.0,0.8,6.0,0.0,4.0,4.0,4.0,0.8,0.8,0.8,6.0,6.0,6.0,0.0,0.0,0.0,1.0,1.0,,,,,,,,,,,,,,,0.0124812126159667,paper_bnlearn_alpha001_nowrong_noweight_50rep_mpc_fgs
survey,Survey (6),MPC,41,,2066.0,5.0,0.8,6.0,0.0,5.0,5.0,5.0,0.8,0.8,0.8,6.0,6.0,6.0,0.0,0.0,0.0,1.0,1.0,,,,,,,,,,,,,,,0.0147089958190917,paper_bnlearn_alpha001_nowrong_noweight_50rep_mpc_fgs
survey,Survey (6),MPC,42,,2067.0,5.0,0.8,6.0,0.0,5.0,5.0,5.0,0.8,0.8,0.8,6.0,6.0,6.0,0.0,0.0,0.0,1.0,1.0,,,,,,,,,,,,,,,0.0184810161590576,paper_bnlearn_alpha001_nowrong_noweight_50rep_mpc_fgs
survey,Survey (6),MPC,43,,2068.0,5.0,0.7273,6.0,0.0,5.0,5.0,5.0,0.7273,0.7273,0.7273,6.0,6.0,6.0,0.0,0.0,0.0,1.0,1.0,,,,,,,,,,,,,,,0.0188643932342529,paper_bnlearn_alpha001_nowrong_noweight_50rep_mpc_fgs
survey,Survey (6),MPC,44,,2069.0,4.0,0.9091,6.0,0.0,4.0,4.0,4.0,0.9091,0.9091,0.9091,6.0,6.0,6.0,0.0,0.0,0.0,1.0,1.0,,,,,,,,,,,,,,,0.0145807266235351,paper_bnlearn_alpha001_nowrong_noweight_50rep_mpc_fgs
survey,Survey (6),MPC,45,,2070.0,4.0,0.9091,6.0,0.0,4.0,4.0,4.0,0.9091,0.9091,0.9091,6.0,6.0,6.0,0.0,0.0,0.0,1.0,1.0,,,,,,,,,,,,,,,0.0152931213378906,paper_bnlearn_alpha001_nowrong_noweight_50rep_mpc_fgs
survey,Survey (6),MPC,46,,2071.0,0.0,1.0,0.0,1.0,0.0,0.0,0.0,1.0,1.0,1.0,0.0,0.0,0.0,1.0,1.0,1.0,1.0,1.0,,,,,,,,,,,,,,,0.022853136062622,paper_bnlearn_alpha001_nowrong_noweight_50rep_mpc_fgs
survey,Survey (6),MPC,47,,2072.0,2.0,0.7273,2.0,0.7273,2.0,2.0,2.0,0.7273,0.7273,0.7273,2.0,2.0,2.0,0.7273,0.7273,0.7273,1.0,1.0,,,,,,,,,,,,,,,0.0198440551757812,paper_bnlearn_alpha001_nowrong_noweight_50rep_mpc_fgs
survey,Survey (6),MPC,48,,2073.0,0.0,1.0,0.0,1.0,0.0,0.0,0.0,1.0,1.0,1.0,0.0,0.0,0.0,1.0,1.0,1.0,1.0,1.0,,,,,,,,,,,,,,,0.0220704078674316,paper_bnlearn_alpha001_nowrong_noweight_50rep_mpc_fgs
survey,Survey (6),MPC,49,,2074.0,4.0,0.8,6.0,0.0,4.0,4.0,4.0,0.8,0.8,0.8,6.0,6.0,6.0,0.0,0.0,0.0,1.0,1.0,,,,,,,,,,,,,,,0.014150857925415,paper_bnlearn_alpha001_nowrong_noweight_50rep_mpc_fgs
survey,Survey (6),MPC,50,,2075.0,5.0,0.8,6.0,0.0,5.0,5.0,5.0,0.8,0.8,0.8,6.0,6.0,6.0,0.0,0.0,0.0,1.0,1.0,,,,,,,,,,,,,,,0.0140354633331298,paper_bnlearn_alpha001_nowrong_noweight_50rep_mpc_fgs
cancer,Cancer (5),ASPCR-log,1,,2026.0,4.0,0.0,4.0,0.0,4.0,4.0,4.0,0.0,0.0,0.0,4.0,4.0,4.0,0.0,0.0,0.0,1.0,1.0,,,,,,,,,,,,,,,19.1036016941071,paper_bnlearn_alpha001_nowrong_noweight_50rep_aspcr
cancer,Cancer (5),ASPCR-log,2,,2027.0,3.0,0.5714,3.0,0.3333,3.0,3.0,3.0,0.5714,0.5714,0.5714,3.0,3.0,3.0,0.3333,0.3333,0.3333,1.0,1.0,,,,,,,,,,,,,,,19.1591703891754,paper_bnlearn_alpha001_nowrong_noweight_50rep_aspcr
cancer,Cancer (5),ASPCR-log,3,,2028.0,2.0,0.5714,3.0,0.2857,2.0,2.0,2.0,0.5714,0.5714,0.5714,3.0,3.0,3.0,0.2857,0.2857,0.2857,1.0,1.0,,,,,,,,,,,,,,,20.7820308208466,paper_bnlearn_alpha001_nowrong_noweight_50rep_aspcr
cancer,Cancer (5),ASPCR-log,4,,2029.0,2.0,0.5,2.0,0.5,2.0,2.0,2.0,0.5,0.5,0.5,2.0,2.0,2.0,0.5,0.5,0.5,1.0,1.0,,,,,,,,,,,,,,,20.7531206607819,paper_bnlearn_alpha001_nowrong_noweight_50rep_aspcr
cancer,Cancer (5),ASPCR-log,5,,2030.0,3.0,0.2857,3.0,0.2857,3.0,3.0,3.0,0.2857,0.2857,0.2857,3.0,3.0,3.0,0.2857,0.2857,0.2857,1.0,1.0,,,,,,,,,,,,,,,20.4759759902954,paper_bnlearn_alpha001_nowrong_noweight_50rep_aspcr
cancer,Cancer (5),ASPCR-log,6,,2031.0,3.0,0.2857,3.0,0.2857,3.0,3.0,3.0,0.2857,0.2857,0.2857,3.0,3.0,3.0,0.2857,0.2857,0.2857,1.0,1.0,,,,,,,,,,,,,,,20.6746118068695,paper_bnlearn_alpha001_nowrong_noweight_50rep_aspcr
cancer,Cancer (5),ASPCR-log,7,,2032.0,3.0,0.5,3.0,0.2857,3.0,3.0,3.0,0.5,0.5,0.5,3.0,3.0,3.0,0.2857,0.2857,0.2857,1.0,1.0,,,,,,,,,,,,,,,18.4605643749237,paper_bnlearn_alpha001_nowrong_noweight_50rep_aspcr
cancer,Cancer (5),ASPCR-log,8,,2033.0,3.0,0.5714,3.0,0.3333,3.0,3.0,3.0,0.5714,0.5714,0.5714,3.0,3.0,3.0,0.3333,0.3333,0.3333,1.0,1.0,,,,,,,,,,,,,,,19.23863697052,paper_bnlearn_alpha001_nowrong_noweight_50rep_aspcr
cancer,Cancer (5),ASPCR-log,9,,2034.0,4.0,0.0,4.0,0.0,4.0,4.0,4.0,0.0,0.0,0.0,4.0,4.0,4.0,0.0,0.0,0.0,1.0,1.0,,,,,,,,,,,,,,,16.0364139080048,paper_bnlearn_alpha001_nowrong_noweight_50rep_aspcr
cancer,Cancer (5),ASPCR-log,10,,2035.0,2.0,0.5714,3.0,0.2857,2.0,2.0,2.0,0.5714,0.5714,0.5714,3.0,3.0,3.0,0.2857,0.2857,0.2857,1.0,1.0,,,,,,,,,,,,,,,19.5778753757477,paper_bnlearn_alpha001_nowrong_noweight_50rep_aspcr
cancer,Cancer (5),ASPCR-log,11,,2036.0,4.0,0.5,2.0,0.5714,4.0,4.0,4.0,0.5,0.5,0.5,2.0,2.0,2.0,0.5714,0.5714,0.5714,1.0,1.0,,,,,,,,,,,,,,,22.4274916648865,paper_bnlearn_alpha001_nowrong_noweight_50rep_aspcr
cancer,Cancer (5),ASPCR-log,12,,2037.0,5.0,0.0,4.0,0.0,5.0,5.0,5.0,0.0,0.0,0.0,4.0,4.0,4.0,0.0,0.0,0.0,1.0,1.0,,,,,,,,,,,,,,,19.3253462314606,paper_bnlearn_alpha001_nowrong_noweight_50rep_aspcr
cancer,Cancer (5),ASPCR-log,13,,2038.0,4.0,0.5,2.0,0.5714,4.0,4.0,4.0,0.5,0.5,0.5,2.0,2.0,2.0,0.5714,0.5714,0.5714,1.0,1.0,,,,,,,,,,,,,,,17.8084051609039,paper_bnlearn_alpha001_nowrong_noweight_50rep_aspcr
cancer,Cancer (5),ASPCR-log,14,,2039.0,3.0,0.5,3.0,0.2857,3.0,3.0,3.0,0.5,0.5,0.5,3.0,3.0,3.0,0.2857,0.2857,0.2857,1.0,1.0,,,,,,,,,,,,,,,16.8963105678558,paper_bnlearn_alpha001_nowrong_noweight_50rep_aspcr
cancer,Cancer (5),ASPCR-log,15,,2040.0,4.0,0.5,2.0,0.5714,4.0,4.0,4.0,0.5,0.5,0.5,2.0,2.0,2.0,0.5714,0.5714,0.5714,1.0,1.0,,,,,,,,,,,,,,,15.2857840061188,paper_bnlearn_alpha001_nowrong_noweight_50rep_aspcr
cancer,Cancer (5),ASPCR-log,16,,2041.0,4.0,0.5714,2.0,0.6667,4.0,4.0,4.0,0.5714,0.5714,0.5714,2.0,2.0,2.0,0.6667,0.6667,0.6667,1.0,1.0,,,,,,,,,,,,,,,16.8282132148743,paper_bnlearn_alpha001_nowrong_noweight_50rep_aspcr
cancer,Cancer (5),ASPCR-log,17,,2042.0,3.0,0.4,4.0,0.0,3.0,3.0,3.0,0.4,0.4,0.4,4.0,4.0,4.0,0.0,0.0,0.0,1.0,1.0,,,,,,,,,,,,,,,16.0576567649841,paper_bnlearn_alpha001_nowrong_noweight_50rep_aspcr
cancer,Cancer (5),ASPCR-log,18,,2043.0,5.0,0.2222,3.0,0.25,5.0,5.0,5.0,0.2222,0.2222,0.2222,3.0,3.0,3.0,0.25,0.25,0.25,1.0,1.0,,,,,,,,,,,,,,,19.9169340133667,paper_bnlearn_alpha001_nowrong_noweight_50rep_aspcr
cancer,Cancer (5),ASPCR-log,19,,2044.0,3.0,0.3333,2.0,0.6667,3.0,3.0,3.0,0.3333,0.3333,0.3333,2.0,2.0,2.0,0.6667,0.6667,0.6667,1.0,1.0,,,,,,,,,,,,,,,17.910950422287,paper_bnlearn_alpha001_nowrong_noweight_50rep_aspcr
cancer,Cancer (5),ASPCR-log,20,,2045.0,2.0,0.5,1.0,0.75,2.0,2.0,2.0,0.5,0.5,0.5,1.0,1.0,1.0,0.75,0.75,0.75,1.0,1.0,,,,,,,,,,,,,,,23.4187004566193,paper_bnlearn_alpha001_nowrong_noweight_50rep_aspcr
cancer,Cancer (5),ASPCR-log,21,,2046.0,4.0,0.5,2.0,0.5714,4.0,4.0,4.0,0.5,0.5,0.5,2.0,2.0,2.0,0.5714,0.5714,0.5714,1.0,1.0,,,,,,,,,,,,,,,21.7176277637482,paper_bnlearn_alpha001_nowrong_noweight_50rep_aspcr
cancer,Cancer (5),ASPCR-log,22,,2047.0,2.0,0.5,2.0,0.5,2.0,2.0,2.0,0.5,0.5,0.5,2.0,2.0,2.0,0.5,0.5,0.5,1.0,1.0,,,,,,,,,,,,,,,23.7220404148102,paper_bnlearn_alpha001_nowrong_noweight_50rep_aspcr
cancer,Cancer (5),ASPCR-log,23,,2048.0,2.0,0.5,2.0,0.5,2.0,2.0,2.0,0.5,0.5,0.5,2.0,2.0,2.0,0.5,0.5,0.5,1.0,1.0,,,,,,,,,,,,,,,23.8918104171753,paper_bnlearn_alpha001_nowrong_noweight_50rep_aspcr
cancer,Cancer (5),ASPCR-log,24,,2049.0,3.0,0.5714,3.0,0.3333,3.0,3.0,3.0,0.5714,0.5714,0.5714,3.0,3.0,3.0,0.3333,0.3333,0.3333,1.0,1.0,,,,,,,,,,,,,,,21.2532660961151,paper_bnlearn_alpha001_nowrong_noweight_50rep_aspcr
cancer,Cancer (5),ASPCR-log,25,,2050.0,2.0,0.5714,3.0,0.2857,2.0,2.0,2.0,0.5714,0.5714,0.5714,3.0,3.0,3.0,0.2857,0.2857,0.2857,1.0,1.0,,,,,,,,,,,,,,,21.5914971828461,paper_bnlearn_alpha001_nowrong_noweight_50rep_aspcr
cancer,Cancer (5),ASPCR-log,26,,2051.0,3.0,0.5714,3.0,0.3333,3.0,3.0,3.0,0.5714,0.5714,0.5714,3.0,3.0,3.0,0.3333,0.3333,0.3333,1.0,1.0,,,,,,,,,,,,,,,20.5704028606415,paper_bnlearn_alpha001_nowrong_noweight_50rep_aspcr
cancer,Cancer (5),ASPCR-log,27,,2052.0,2.0,0.5,3.0,0.25,2.0,2.0,2.0,0.5,0.5,0.5,3.0,3.0,3.0,0.25,0.25,0.25,1.0,1.0,,,,,,,,,,,,,,,21.5452871322632,paper_bnlearn_alpha001_nowrong_noweight_50rep_aspcr
cancer,Cancer (5),ASPCR-log,28,,2053.0,3.0,0.5714,3.0,0.3333,3.0,3.0,3.0,0.5714,0.5714,0.5714,3.0,3.0,3.0,0.3333,0.3333,0.3333,1.0,1.0,,,,,,,,,,,,,,,21.3620660305023,paper_bnlearn_alpha001_nowrong_noweight_50rep_aspcr
cancer,Cancer (5),ASPCR-log,29,,2054.0,2.0,0.5714,1.0,0.8571,2.0,2.0,2.0,0.5714,0.5714,0.5714,1.0,1.0,1.0,0.8571,0.8571,0.8571,1.0,1.0,,,,,,,,,,,,,,,19.7156755924225,paper_bnlearn_alpha001_nowrong_noweight_50rep_aspcr
cancer,Cancer (5),ASPCR-log,30,,2055.0,2.0,0.5,1.0,0.75,2.0,2.0,2.0,0.5,0.5,0.5,1.0,1.0,1.0,0.75,0.75,0.75,1.0,1.0,,,,,,,,,,,,,,,17.2655050754547,paper_bnlearn_alpha001_nowrong_noweight_50rep_aspcr
cancer,Cancer (5),ASPCR-log,31,,2056.0,2.0,0.5714,2.0,0.5714,2.0,2.0,2.0,0.5714,0.5714,0.5714,2.0,2.0,2.0,0.5714,0.5714,0.5714,1.0,1.0,,,,,,,,,,,,,,,16.0661685466766,paper_bnlearn_alpha001_nowrong_noweight_50rep_aspcr
cancer,Cancer (5),ASPCR-log,32,,2057.0,3.0,0.5714,3.0,0.3333,3.0,3.0,3.0,0.5714,0.5714,0.5714,3.0,3.0,3.0,0.3333,0.3333,0.3333,1.0,1.0,,,,,,,,,,,,,,,16.6727743148804,paper_bnlearn_alpha001_nowrong_noweight_50rep_aspcr
cancer,Cancer (5),ASPCR-log,33,,2058.0,5.0,0.4444,2.0,0.5714,5.0,5.0,5.0,0.4444,0.4444,0.4444,2.0,2.0,2.0,0.5714,0.5714,0.5714,1.0,1.0,,,,,,,,,,,,,,,16.2978386878967,paper_bnlearn_alpha001_nowrong_noweight_50rep_aspcr
cancer,Cancer (5),ASPCR-log,34,,2059.0,3.0,0.3333,3.0,0.3333,3.0,3.0,3.0,0.3333,0.3333,0.3333,3.0,3.0,3.0,0.3333,0.3333,0.3333,1.0,1.0,,,,,,,,,,,,,,,20.7235770225525,paper_bnlearn_alpha001_nowrong_noweight_50rep_aspcr
cancer,Cancer (5),ASPCR-log,35,,2060.0,2.0,0.5714,3.0,0.2857,2.0,2.0,2.0,0.5714,0.5714,0.5714,3.0,3.0,3.0,0.2857,0.2857,0.2857,1.0,1.0,,,,,,,,,,,,,,,15.7808396816254,paper_bnlearn_alpha001_nowrong_noweight_50rep_aspcr
cancer,Cancer (5),ASPCR-log,36,,2061.0,2.0,0.5714,3.0,0.2857,2.0,2.0,2.0,0.5714,0.5714,0.5714,3.0,3.0,3.0,0.2857,0.2857,0.2857,1.0,1.0,,,,,,,,,,,,,,,19.9017519950867,paper_bnlearn_alpha001_nowrong_noweight_50rep_aspcr
cancer,Cancer (5),ASPCR-log,37,,2062.0,4.0,0.5,2.0,0.5714,4.0,4.0,4.0,0.5,0.5,0.5,2.0,2.0,2.0,0.5714,0.5714,0.5714,1.0,1.0,,,,,,,,,,,,,,,20.5538456439972,paper_bnlearn_alpha001_nowrong_noweight_50rep_aspcr
cancer,Cancer (5),ASPCR-log,38,,2063.0,2.0,0.5714,3.0,0.2857,2.0,2.0,2.0,0.5714,0.5714,0.5714,3.0,3.0,3.0,0.2857,0.2857,0.2857,1.0,1.0,,,,,,,,,,,,,,,20.5165154933929,paper_bnlearn_alpha001_nowrong_noweight_50rep_aspcr
cancer,Cancer (5),ASPCR-log,39,,2064.0,3.0,0.2857,3.0,0.2857,3.0,3.0,3.0,0.2857,0.2857,0.2857,3.0,3.0,3.0,0.2857,0.2857,0.2857,1.0,1.0,,,,,,,,,,,,,,,21.4797286987305,paper_bnlearn_alpha001_nowrong_noweight_50rep_aspcr
cancer,Cancer (5),ASPCR-log,40,,2065.0,3.0,0.5,3.0,0.2857,3.0,3.0,3.0,0.5,0.5,0.5,3.0,3.0,3.0,0.2857,0.2857,0.2857,1.0,1.0,,,,,,,,,,,,,,,21.5451927185059,paper_bnlearn_alpha001_nowrong_noweight_50rep_aspcr
cancer,Cancer (5),ASPCR-log,41,,2066.0,4.0,0.5,2.0,0.5714,4.0,4.0,4.0,0.5,0.5,0.5,2.0,2.0,2.0,0.5714,0.5714,0.5714,1.0,1.0,,,,,,,,,,,,,,,21.2697188854218,paper_bnlearn_alpha001_nowrong_noweight_50rep_aspcr
cancer,Cancer (5),ASPCR-log,42,,2067.0,2.0,0.5,1.0,0.75,2.0,2.0,2.0,0.5,0.5,0.5,1.0,1.0,1.0,0.75,0.75,0.75,1.0,1.0,,,,,,,,,,,,,,,21.2312788963318,paper_bnlearn_alpha001_nowrong_noweight_50rep_aspcr
cancer,Cancer (5),ASPCR-log,43,,2068.0,3.0,0.5,3.0,0.2857,3.0,3.0,3.0,0.5,0.5,0.5,3.0,3.0,3.0,0.2857,0.2857,0.2857,1.0,1.0,,,,,,,,,,,,,,,21.3445718288422,paper_bnlearn_alpha001_nowrong_noweight_50rep_aspcr
cancer,Cancer (5),ASPCR-log,44,,2069.0,3.0,0.5,4.0,0.25,3.0,3.0,3.0,0.5,0.5,0.5,4.0,4.0,4.0,0.25,0.25,0.25,1.0,1.0,,,,,,,,,,,,,,,21.1244447231293,paper_bnlearn_alpha001_nowrong_noweight_50rep_aspcr
cancer,Cancer (5),ASPCR-log,45,,2070.0,3.0,0.5714,3.0,0.3333,3.0,3.0,3.0,0.5714,0.5714,0.5714,3.0,3.0,3.0,0.3333,0.3333,0.3333,1.0,1.0,,,,,,,,,,,,,,,19.9273002147675,paper_bnlearn_alpha001_nowrong_noweight_50rep_aspcr
cancer,Cancer (5),ASPCR-log,46,,2071.0,3.0,0.5714,3.0,0.3333,3.0,3.0,3.0,0.5714,0.5714,0.5714,3.0,3.0,3.0,0.3333,0.3333,0.3333,1.0,1.0,,,,,,,,,,,,,,,20.8515686988831,paper_bnlearn_alpha001_nowrong_noweight_50rep_aspcr
cancer,Cancer (5),ASPCR-log,47,,2072.0,4.0,0.5,4.0,0.2857,4.0,4.0,4.0,0.5,0.5,0.5,4.0,4.0,4.0,0.2857,0.2857,0.2857,1.0,1.0,,,,,,,,,,,,,,,17.8726904392242,paper_bnlearn_alpha001_nowrong_noweight_50rep_aspcr
cancer,Cancer (5),ASPCR-log,48,,2073.0,3.0,0.3333,2.0,0.6667,3.0,3.0,3.0,0.3333,0.3333,0.3333,2.0,2.0,2.0,0.6667,0.6667,0.6667,1.0,1.0,,,,,,,,,,,,,,,16.9352684020996,paper_bnlearn_alpha001_nowrong_noweight_50rep_aspcr
cancer,Cancer (5),ASPCR-log,49,,2074.0,4.0,0.5,2.0,0.5714,4.0,4.0,4.0,0.5,0.5,0.5,2.0,2.0,2.0,0.5714,0.5714,0.5714,1.0,1.0,,,,,,,,,,,,,,,16.6391310691833,paper_bnlearn_alpha001_nowrong_noweight_50rep_aspcr
cancer,Cancer (5),ASPCR-log,50,,2075.0,3.0,0.5,3.0,0.2857,3.0,3.0,3.0,0.5,0.5,0.5,3.0,3.0,3.0,0.2857,0.2857,0.2857,1.0,1.0,,,,,,,,,,,,,,,16.7818605899811,paper_bnlearn_alpha001_nowrong_noweight_50rep_aspcr
earthquake,Earthquake (5),ASPCR-log,1,,2026.0,3.0,0.8889,0.0,1.0,3.0,3.0,3.0,0.8889,0.8889,0.8889,0.0,0.0,0.0,1.0,1.0,1.0,1.0,1.0,,,,,,,,,,,,,,,15.1421546936035,paper_bnlearn_alpha001_nowrong_noweight_50rep_aspcr
earthquake,Earthquake (5),ASPCR-log,2,,2027.0,0.0,1.0,0.0,1.0,0.0,0.0,0.0,1.0,1.0,1.0,0.0,0.0,0.0,1.0,1.0,1.0,1.0,1.0,,,,,,,,,,,,,,,14.2124319076538,paper_bnlearn_alpha001_nowrong_noweight_50rep_aspcr
earthquake,Earthquake (5),ASPCR-log,3,,2028.0,0.0,1.0,0.0,1.0,0.0,0.0,0.0,1.0,1.0,1.0,0.0,0.0,0.0,1.0,1.0,1.0,1.0,1.0,,,,,,,,,,,,,,,15.25066614151,paper_bnlearn_alpha001_nowrong_noweight_50rep_aspcr
earthquake,Earthquake (5),ASPCR-log,4,,2029.0,1.0,0.8889,1.0,0.8889,1.0,1.0,1.0,0.8889,0.8889,0.8889,1.0,1.0,1.0,0.8889,0.8889,0.8889,1.0,1.0,,,,,,,,,,,,,,,18.0695705413818,paper_bnlearn_alpha001_nowrong_noweight_50rep_aspcr
earthquake,Earthquake (5),ASPCR-log,5,,2030.0,1.0,0.8889,1.0,0.8889,1.0,1.0,1.0,0.8889,0.8889,0.8889,1.0,1.0,1.0,0.8889,0.8889,0.8889,1.0,1.0,,,,,,,,,,,,,,,18.3108179569244,paper_bnlearn_alpha001_nowrong_noweight_50rep_aspcr
earthquake,Earthquake (5),ASPCR-log,6,,2031.0,0.0,1.0,0.0,1.0,0.0,0.0,0.0,1.0,1.0,1.0,0.0,0.0,0.0,1.0,1.0,1.0,1.0,1.0,,,,,,,,,,,,,,,23.3417589664459,paper_bnlearn_alpha001_nowrong_noweight_50rep_aspcr
earthquake,Earthquake (5),ASPCR-log,7,,2032.0,3.0,0.5,2.0,0.75,3.0,3.0,3.0,0.5,0.5,0.5,2.0,2.0,2.0,0.75,0.75,0.75,1.0,1.0,,,,,,,,,,,,,,,20.871593952179,paper_bnlearn_alpha001_nowrong_noweight_50rep_aspcr
earthquake,Earthquake (5),ASPCR-log,8,,2033.0,1.0,0.8889,1.0,0.8889,1.0,1.0,1.0,0.8889,0.8889,0.8889,1.0,1.0,1.0,0.8889,0.8889,0.8889,1.0,1.0,,,,,,,,,,,,,,,20.8318772315979,paper_bnlearn_alpha001_nowrong_noweight_50rep_aspcr
earthquake,Earthquake (5),ASPCR-log,9,,2034.0,0.0,1.0,0.0,1.0,0.0,0.0,0.0,1.0,1.0,1.0,0.0,0.0,0.0,1.0,1.0,1.0,1.0,1.0,,,,,,,,,,,,,,,20.5173771381378,paper_bnlearn_alpha001_nowrong_noweight_50rep_aspcr
earthquake,Earthquake (5),ASPCR-log,10,,2035.0,1.0,0.8889,1.0,0.8889,1.0,1.0,1.0,0.8889,0.8889,0.8889,1.0,1.0,1.0,0.8889,0.8889,0.8889,1.0,1.0,,,,,,,,,,,,,,,21.444221496582,paper_bnlearn_alpha001_nowrong_noweight_50rep_aspcr
earthquake,Earthquake (5),ASPCR-log,11,,2036.0,1.0,0.8889,1.0,0.8889,1.0,1.0,1.0,0.8889,0.8889,0.8889,1.0,1.0,1.0,0.8889,0.8889,0.8889,1.0,1.0,,,,,,,,,,,,,,,23.8517334461212,paper_bnlearn_alpha001_nowrong_noweight_50rep_aspcr
earthquake,Earthquake (5),ASPCR-log,12,,2037.0,3.0,0.8889,0.0,1.0,3.0,3.0,3.0,0.8889,0.8889,0.8889,0.0,0.0,0.0,1.0,1.0,1.0,1.0,1.0,,,,,,,,,,,,,,,21.4295289516449,paper_bnlearn_alpha001_nowrong_noweight_50rep_aspcr
earthquake,Earthquake (5),ASPCR-log,13,,2038.0,0.0,1.0,0.0,1.0,0.0,0.0,0.0,1.0,1.0,1.0,0.0,0.0,0.0,1.0,1.0,1.0,1.0,1.0,,,,,,,,,,,,,,,21.3170807361603,paper_bnlearn_alpha001_nowrong_noweight_50rep_aspcr
earthquake,Earthquake (5),ASPCR-log,14,,2039.0,1.0,0.8889,1.0,0.8889,1.0,1.0,1.0,0.8889,0.8889,0.8889,1.0,1.0,1.0,0.8889,0.8889,0.8889,1.0,1.0,,,,,,,,,,,,,,,21.2220456600189,paper_bnlearn_alpha001_nowrong_noweight_50rep_aspcr
earthquake,Earthquake (5),ASPCR-log,15,,2040.0,4.0,0.5714,3.0,0.5714,4.0,4.0,4.0,0.5714,0.5714,0.5714,3.0,3.0,3.0,0.5714,0.5714,0.5714,1.0,1.0,,,,,,,,,,,,,,,21.0414810180664,paper_bnlearn_alpha001_nowrong_noweight_50rep_aspcr
earthquake,Earthquake (5),ASPCR-log,16,,2041.0,4.0,0.5,2.0,0.75,4.0,4.0,4.0,0.5,0.5,0.5,2.0,2.0,2.0,0.75,0.75,0.75,1.0,1.0,,,,,,,,,,,,,,,20.8777413368225,paper_bnlearn_alpha001_nowrong_noweight_50rep_aspcr
earthquake,Earthquake (5),ASPCR-log,17,,2042.0,1.0,0.8889,1.0,0.8889,1.0,1.0,1.0,0.8889,0.8889,0.8889,1.0,1.0,1.0,0.8889,0.8889,0.8889,1.0,1.0,,,,,,,,,,,,,,,17.2741334438324,paper_bnlearn_alpha001_nowrong_noweight_50rep_aspcr
earthquake,Earthquake (5),ASPCR-log,18,,2043.0,3.0,0.5,2.0,0.75,3.0,3.0,3.0,0.5,0.5,0.5,2.0,2.0,2.0,0.75,0.75,0.75,1.0,1.0,,,,,,,,,,,,,,,18.7855010032654,paper_bnlearn_alpha001_nowrong_noweight_50rep_aspcr
earthquake,Earthquake (5),ASPCR-log,19,,2044.0,1.0,0.8889,1.0,0.8889,1.0,1.0,1.0,0.8889,0.8889,0.8889,1.0,1.0,1.0,0.8889,0.8889,0.8889,1.0,1.0,,,,,,,,,,,,,,,16.2531716823578,paper_bnlearn_alpha001_nowrong_noweight_50rep_aspcr
earthquake,Earthquake (5),ASPCR-log,20,,2045.0,1.0,0.8889,1.0,0.8889,1.0,1.0,1.0,0.8889,0.8889,0.8889,1.0,1.0,1.0,0.8889,0.8889,0.8889,1.0,1.0,,,,,,,,,,,,,,,14.826269865036,paper_bnlearn_alpha001_nowrong_noweight_50rep_aspcr
earthquake,Earthquake (5),ASPCR-log,21,,2046.0,0.0,1.0,0.0,1.0,0.0,0.0,0.0,1.0,1.0,1.0,0.0,0.0,0.0,1.0,1.0,1.0,1.0,1.0,,,,,,,,,,,,,,,15.1731312274933,paper_bnlearn_alpha001_nowrong_noweight_50rep_aspcr
earthquake,Earthquake (5),ASPCR-log,22,,2047.0,3.0,0.5,2.0,0.75,3.0,3.0,3.0,0.5,0.5,0.5,2.0,2.0,2.0,0.75,0.75,0.75,1.0,1.0,,,,,,,,,,,,,,,16.0296764373779,paper_bnlearn_alpha001_nowrong_noweight_50rep_aspcr
earthquake,Earthquake (5),ASPCR-log,23,,2048.0,2.0,0.5714,1.0,0.8571,2.0,2.0,2.0,0.5714,0.5714,0.5714,1.0,1.0,1.0,0.8571,0.8571,0.8571,1.0,1.0,,,,,,,,,,,,,,,17.7507820129395,paper_bnlearn_alpha001_nowrong_noweight_50rep_aspcr
earthquake,Earthquake (5),ASPCR-log,24,,2049.0,1.0,0.8889,1.0,0.8889,1.0,1.0,1.0,0.8889,0.8889,0.8889,1.0,1.0,1.0,0.8889,0.8889,0.8889,1.0,1.0,,,,,,,,,,,,,,,19.366311788559,paper_bnlearn_alpha001_nowrong_noweight_50rep_aspcr
earthquake,Earthquake (5),ASPCR-log,25,,2050.0,5.0,0.4444,3.0,0.6667,5.0,5.0,5.0,0.4444,0.4444,0.4444,3.0,3.0,3.0,0.6667,0.6667,0.6667,1.0,1.0,,,,,,,,,,,,,,,21.1928191184998,paper_bnlearn_alpha001_nowrong_noweight_50rep_aspcr
earthquake,Earthquake (5),ASPCR-log,26,,2051.0,2.0,0.5714,1.0,0.8571,2.0,2.0,2.0,0.5714,0.5714,0.5714,1.0,1.0,1.0,0.8571,0.8571,0.8571,1.0,1.0,,,,,,,,,,,,,,,23.9143679141998,paper_bnlearn_alpha001_nowrong_noweight_50rep_aspcr
earthquake,Earthquake (5),ASPCR-log,27,,2052.0,2.0,0.8,3.0,0.6,2.0,2.0,2.0,0.8,0.8,0.8,3.0,3.0,3.0,0.6,0.6,0.6,1.0,1.0,,,,,,,,,,,,,,,23.8685877323151,paper_bnlearn_alpha001_nowrong_noweight_50rep_aspcr
earthquake,Earthquake (5),ASPCR-log,28,,2053.0,2.0,0.5714,1.0,0.8571,2.0,2.0,2.0,0.5714,0.5714,0.5714,1.0,1.0,1.0,0.8571,0.8571,0.8571,1.0,1.0,,,,,,,,,,,,,,,21.6552836894989,paper_bnlearn_alpha001_nowrong_noweight_50rep_aspcr
earthquake,Earthquake (5),ASPCR-log,29,,2054.0,3.0,0.5,2.0,0.75,3.0,3.0,3.0,0.5,0.5,0.5,2.0,2.0,2.0,0.75,0.75,0.75,1.0,1.0,,,,,,,,,,,,,,,21.4076507091522,paper_bnlearn_alpha001_nowrong_noweight_50rep_aspcr
earthquake,Earthquake (5),ASPCR-log,30,,2055.0,0.0,1.0,0.0,1.0,0.0,0.0,0.0,1.0,1.0,1.0,0.0,0.0,0.0,1.0,1.0,1.0,1.0,1.0,,,,,,,,,,,,,,,21.4024670124054,paper_bnlearn_alpha001_nowrong_noweight_50rep_aspcr
earthquake,Earthquake (5),ASPCR-log,31,,2056.0,2.0,0.5714,1.0,0.8571,2.0,2.0,2.0,0.5714,0.5714,0.5714,1.0,1.0,1.0,0.8571,0.8571,0.8571,1.0,1.0,,,,,,,,,,,,,,,21.3683886528015,paper_bnlearn_alpha001_nowrong_noweight_50rep_aspcr
earthquake,Earthquake (5),ASPCR-log,32,,2057.0,1.0,0.8889,1.0,0.8889,1.0,1.0,1.0,0.8889,0.8889,0.8889,1.0,1.0,1.0,0.8889,0.8889,0.8889,1.0,1.0,,,,,,,,,,,,,,,19.1367433071136,paper_bnlearn_alpha001_nowrong_noweight_50rep_aspcr
earthquake,Earthquake (5),ASPCR-log,33,,2058.0,2.0,0.5714,1.0,0.8571,2.0,2.0,2.0,0.5714,0.5714,0.5714,1.0,1.0,1.0,0.8571,0.8571,0.8571,1.0,1.0,,,,,,,,,,,,,,,20.8093023300171,paper_bnlearn_alpha001_nowrong_noweight_50rep_aspcr
earthquake,Earthquake (5),ASPCR-log,34,,2059.0,0.0,1.0,0.0,1.0,0.0,0.0,0.0,1.0,1.0,1.0,0.0,0.0,0.0,1.0,1.0,1.0,1.0,1.0,,,,,,,,,,,,,,,22.7366771697998,paper_bnlearn_alpha001_nowrong_noweight_50rep_aspcr
earthquake,Earthquake (5),ASPCR-log,35,,2060.0,2.0,0.5714,1.0,0.8571,2.0,2.0,2.0,0.5714,0.5714,0.5714,1.0,1.0,1.0,0.8571,0.8571,0.8571,1.0,1.0,,,,,,,,,,,,,,,19.442990064621,paper_bnlearn_alpha001_nowrong_noweight_50rep_aspcr
earthquake,Earthquake (5),ASPCR-log,36,,2061.0,3.0,0.5,2.0,0.75,3.0,3.0,3.0,0.5,0.5,0.5,2.0,2.0,2.0,0.75,0.75,0.75,1.0,1.0,,,,,,,,,,,,,,,14.3538761138916,paper_bnlearn_alpha001_nowrong_noweight_50rep_aspcr
earthquake,Earthquake (5),ASPCR-log,37,,2062.0,0.0,1.0,0.0,1.0,0.0,0.0,0.0,1.0,1.0,1.0,0.0,0.0,0.0,1.0,1.0,1.0,1.0,1.0,,,,,,,,,,,,,,,13.9101459980011,paper_bnlearn_alpha001_nowrong_noweight_50rep_aspcr
earthquake,Earthquake (5),ASPCR-log,38,,2063.0,1.0,0.8889,1.0,0.8889,1.0,1.0,1.0,0.8889,0.8889,0.8889,1.0,1.0,1.0,0.8889,0.8889,0.8889,1.0,1.0,,,,,,,,,,,,,,,14.6646707057953,paper_bnlearn_alpha001_nowrong_noweight_50rep_aspcr
earthquake,Earthquake (5),ASPCR-log,39,,2064.0,4.0,0.5,2.0,0.75,4.0,4.0,4.0,0.5,0.5,0.5,2.0,2.0,2.0,0.75,0.75,0.75,1.0,1.0,,,,,,,,,,,,,,,15.7933094501495,paper_bnlearn_alpha001_nowrong_noweight_50rep_aspcr
earthquake,Earthquake (5),ASPCR-log,40,,2065.0,2.0,0.6667,2.0,0.6667,2.0,2.0,2.0,0.6667,0.6667,0.6667,2.0,2.0,2.0,0.6667,0.6667,0.6667,1.0,1.0,,,,,,,,,,,,,,,15.7229993343353,paper_bnlearn_alpha001_nowrong_noweight_50rep_aspcr
earthquake,Earthquake (5),ASPCR-log,41,,2066.0,0.0,1.0,0.0,1.0,0.0,0.0,0.0,1.0,1.0,1.0,0.0,0.0,0.0,1.0,1.0,1.0,1.0,1.0,,,,,,,,,,,,,,,16.6581552028656,paper_bnlearn_alpha001_nowrong_noweight_50rep_aspcr
earthquake,Earthquake (5),ASPCR-log,42,,2067.0,0.0,1.0,0.0,1.0,0.0,0.0,0.0,1.0,1.0,1.0,0.0,0.0,0.0,1.0,1.0,1.0,1.0,1.0,,,,,,,,,,,,,,,19.3241436481476,paper_bnlearn_alpha001_nowrong_noweight_50rep_aspcr
earthquake,Earthquake (5),ASPCR-log,43,,2068.0,2.0,0.5714,1.0,0.8571,2.0,2.0,2.0,0.5714,0.5714,0.5714,1.0,1.0,1.0,0.8571,0.8571,0.8571,1.0,1.0,,,,,,,,,,,,,,,19.2760050296783,paper_bnlearn_alpha001_nowrong_noweight_50rep_aspcr
earthquake,Earthquake (5),ASPCR-log,44,,2069.0,2.0,0.5714,1.0,0.8571,2.0,2.0,2.0,0.5714,0.5714,0.5714,1.0,1.0,1.0,0.8571,0.8571,0.8571,1.0,1.0,,,,,,,,,,,,,,,20.981883764267,paper_bnlearn_alpha001_nowrong_noweight_50rep_aspcr
earthquake,Earthquake (5),ASPCR-log,45,,2070.0,2.0,0.5714,1.0,0.8571,2.0,2.0,2.0,0.5714,0.5714,0.5714,1.0,1.0,1.0,0.8571,0.8571,0.8571,1.0,1.0,,,,,,,,,,,,,,,21.5931174755096,paper_bnlearn_alpha001_nowrong_noweight_50rep_aspcr
earthquake,Earthquake (5),ASPCR-log,46,,2071.0,4.0,0.5,2.0,0.75,4.0,4.0,4.0,0.5,0.5,0.5,2.0,2.0,2.0,0.75,0.75,0.75,1.0,1.0,,,,,,,,,,,,,,,21.4622588157654,paper_bnlearn_alpha001_nowrong_noweight_50rep_aspcr
earthquake,Earthquake (5),ASPCR-log,47,,2072.0,1.0,0.8889,1.0,0.8889,1.0,1.0,1.0,0.8889,0.8889,0.8889,1.0,1.0,1.0,0.8889,0.8889,0.8889,1.0,1.0,,,,,,,,,,,,,,,23.1109619140625,paper_bnlearn_alpha001_nowrong_noweight_50rep_aspcr
earthquake,Earthquake (5),ASPCR-log,48,,2073.0,2.0,0.5714,1.0,0.8571,2.0,2.0,2.0,0.5714,0.5714,0.5714,1.0,1.0,1.0,0.8571,0.8571,0.8571,1.0,1.0,,,,,,,,,,,,,,,22.1093285083771,paper_bnlearn_alpha001_nowrong_noweight_50rep_aspcr
earthquake,Earthquake (5),ASPCR-log,49,,2074.0,2.0,0.8,2.0,0.8,2.0,2.0,2.0,0.8,0.8,0.8,2.0,2.0,2.0,0.8,0.8,0.8,1.0,1.0,,,,,,,,,,,,,,,21.5794122219086,paper_bnlearn_alpha001_nowrong_noweight_50rep_aspcr
earthquake,Earthquake (5),ASPCR-log,50,,2075.0,2.0,0.5714,1.0,0.8571,2.0,2.0,2.0,0.5714,0.5714,0.5714,1.0,1.0,1.0,0.8571,0.8571,0.8571,1.0,1.0,,,,,,,,,,,,,,,21.2944376468658,paper_bnlearn_alpha001_nowrong_noweight_50rep_aspcr
survey,Survey (6),ASPCR-log,1,,2026.0,7.0,0.2222,5.0,0.25,7.0,7.0,7.0,0.2222,0.2222,0.2222,5.0,5.0,5.0,0.25,0.25,0.25,1.0,1.0,,,,,,,,,,,,,,,72.4677393436432,paper_bnlearn_alpha001_nowrong_noweight_50rep_aspcr
survey,Survey (6),ASPCR-log,2,,2027.0,4.0,0.5,5.0,0.2857,4.0,4.0,4.0,0.5,0.5,0.5,5.0,5.0,5.0,0.2857,0.2857,0.2857,1.0,1.0,,,,,,,,,,,,,,,67.9527978897095,paper_bnlearn_alpha001_nowrong_noweight_50rep_aspcr
survey,Survey (6),ASPCR-log,3,,2028.0,5.0,0.4444,5.0,0.2222,5.0,5.0,5.0,0.4444,0.4444,0.4444,5.0,5.0,5.0,0.2222,0.2222,0.2222,1.0,1.0,,,,,,,,,,,,,,,58.0808799266815,paper_bnlearn_alpha001_nowrong_noweight_50rep_aspcr
survey,Survey (6),ASPCR-log,4,,2029.0,4.0,0.6667,4.0,0.5,4.0,4.0,4.0,0.6667,0.6667,0.6667,4.0,4.0,4.0,0.5,0.5,0.5,1.0,1.0,,,,,,,,,,,,,,,83.306666135788,paper_bnlearn_alpha001_nowrong_noweight_50rep_aspcr
survey,Survey (6),ASPCR-log,5,,2030.0,7.0,0.2,5.0,0.25,7.0,7.0,7.0,0.2,0.2,0.2,5.0,5.0,5.0,0.25,0.25,0.25,1.0,1.0,,,,,,,,,,,,,,,89.87029337883,paper_bnlearn_alpha001_nowrong_noweight_50rep_aspcr
survey,Survey (6),ASPCR-log,6,,2031.0,4.0,0.6,4.0,0.4444,4.0,4.0,4.0,0.6,0.6,0.6,4.0,4.0,4.0,0.4444,0.4444,0.4444,1.0,1.0,,,,,,,,,,,,,,,83.6470625400543,paper_bnlearn_alpha001_nowrong_noweight_50rep_aspcr
survey,Survey (6),ASPCR-log,7,,2032.0,7.0,0.4,6.0,0.2222,7.0,7.0,7.0,0.4,0.4,0.4,6.0,6.0,6.0,0.2222,0.2222,0.2222,1.0,1.0,,,,,,,,,,,,,,,61.4082448482513,paper_bnlearn_alpha001_nowrong_noweight_50rep_aspcr
survey,Survey (6),ASPCR-log,8,,2033.0,6.0,0.4444,5.0,0.2857,6.0,6.0,6.0,0.4444,0.4444,0.4444,5.0,5.0,5.0,0.2857,0.2857,0.2857,1.0,1.0,,,,,,,,,,,,,,,54.5866374969482,paper_bnlearn_alpha001_nowrong_noweight_50rep_aspcr
survey,Survey (6),ASPCR-log,9,,2034.0,7.0,0.2,6.0,0.2222,7.0,7.0,7.0,0.2,0.2,0.2,6.0,6.0,6.0,0.2222,0.2222,0.2222,1.0,1.0,,,,,,,,,,,,,,,71.053035736084,paper_bnlearn_alpha001_nowrong_noweight_50rep_aspcr
survey,Survey (6),ASPCR-log,10,,2035.0,5.0,0.5,6.0,0.0,5.0,5.0,5.0,0.5,0.5,0.5,6.0,6.0,6.0,0.0,0.0,0.0,1.0,1.0,,,,,,,,,,,,,,,187.96177315712,paper_bnlearn_alpha001_nowrong_noweight_50rep_aspcr
survey,Survey (6),ASPCR-log,11,,2036.0,5.0,0.4444,4.0,0.5,5.0,5.0,5.0,0.4444,0.4444,0.4444,4.0,4.0,4.0,0.5,0.5,0.5,1.0,1.0,,,,,,,,,,,,,,,67.6526019573212,paper_bnlearn_alpha001_nowrong_noweight_50rep_aspcr
survey,Survey (6),ASPCR-log,12,,2037.0,5.0,0.5,4.0,0.5,5.0,5.0,5.0,0.5,0.5,0.5,4.0,4.0,4.0,0.5,0.5,0.5,1.0,1.0,,,,,,,,,,,,,,,59.2197721004486,paper_bnlearn_alpha001_nowrong_noweight_50rep_aspcr
survey,Survey (6),ASPCR-log,13,,2038.0,6.0,0.4444,4.0,0.5,6.0,6.0,6.0,0.4444,0.4444,0.4444,4.0,4.0,4.0,0.5,0.5,0.5,1.0,1.0,,,,,,,,,,,,,,,71.1352126598358,paper_bnlearn_alpha001_nowrong_noweight_50rep_aspcr
survey,Survey (6),ASPCR-log,14,,2039.0,3.0,0.7273,3.0,0.6,3.0,3.0,3.0,0.7273,0.7273,0.7273,3.0,3.0,3.0,0.6,0.6,0.6,1.0,1.0,,,,,,,,,,,,,,,72.1445381641388,paper_bnlearn_alpha001_nowrong_noweight_50rep_aspcr
survey,Survey (6),ASPCR-log,15,,2040.0,5.0,0.2857,6.0,0.0,5.0,5.0,5.0,0.2857,0.2857,0.2857,6.0,6.0,6.0,0.0,0.0,0.0,1.0,1.0,,,,,,,,,,,,,,,78.8760375976562,paper_bnlearn_alpha001_nowrong_noweight_50rep_aspcr
survey,Survey (6),ASPCR-log,16,,2041.0,4.0,0.6,4.0,0.4444,4.0,4.0,4.0,0.6,0.6,0.6,4.0,4.0,4.0,0.4444,0.4444,0.4444,1.0,1.0,,,,,,,,,,,,,,,90.8577966690063,paper_bnlearn_alpha001_nowrong_noweight_50rep_aspcr
survey,Survey (6),ASPCR-log,17,,2042.0,5.0,0.4444,6.0,0.0,5.0,5.0,5.0,0.4444,0.4444,0.4444,6.0,6.0,6.0,0.0,0.0,0.0,1.0,1.0,,,,,,,,,,,,,,,65.9815557003021,paper_bnlearn_alpha001_nowrong_noweight_50rep_aspcr
survey,Survey (6),ASPCR-log,18,,2043.0,5.0,0.5,4.0,0.5,5.0,5.0,5.0,0.5,0.5,0.5,4.0,4.0,4.0,0.5,0.5,0.5,1.0,1.0,,,,,,,,,,,,,,,57.32204413414,paper_bnlearn_alpha001_nowrong_noweight_50rep_aspcr
survey,Survey (6),ASPCR-log,19,,2044.0,6.0,0.2,6.0,0.0,6.0,6.0,6.0,0.2,0.2,0.2,6.0,6.0,6.0,0.0,0.0,0.0,1.0,1.0,,,,,,,,,,,,,,,60.3935325145722,paper_bnlearn_alpha001_nowrong_noweight_50rep_aspcr
survey,Survey (6),ASPCR-log,20,,2045.0,6.0,0.2222,5.0,0.25,6.0,6.0,6.0,0.2222,0.2222,0.2222,5.0,5.0,5.0,0.25,0.25,0.25,1.0,1.0,,,,,,,,,,,,,,,66.5190954208374,paper_bnlearn_alpha001_nowrong_noweight_50rep_aspcr
survey,Survey (6),ASPCR-log,21,,2046.0,5.0,0.4444,5.0,0.25,5.0,5.0,5.0,0.4444,0.4444,0.4444,5.0,5.0,5.0,0.25,0.25,0.25,1.0,1.0,,,,,,,,,,,,,,,75.5237507820129,paper_bnlearn_alpha001_nowrong_noweight_50rep_aspcr
survey,Survey (6),ASPCR-log,22,,2047.0,6.0,0.2222,5.0,0.25,6.0,6.0,6.0,0.2222,0.2222,0.2222,5.0,5.0,5.0,0.25,0.25,0.25,1.0,1.0,,,,,,,,,,,,,,,79.7815508842468,paper_bnlearn_alpha001_nowrong_noweight_50rep_aspcr
survey,Survey (6),ASPCR-log,23,,2048.0,4.0,0.4,4.0,0.4,4.0,4.0,4.0,0.4,0.4,0.4,4.0,4.0,4.0,0.4,0.4,0.4,1.0,1.0,,,,,,,,,,,,,,,68.8675544261932,paper_bnlearn_alpha001_nowrong_noweight_50rep_aspcr
survey,Survey (6),ASPCR-log,24,,2049.0,5.0,0.4,4.0,0.4,5.0,5.0,5.0,0.4,0.4,0.4,4.0,4.0,4.0,0.4,0.4,0.4,1.0,1.0,,,,,,,,,,,,,,,70.1871912479401,paper_bnlearn_alpha001_nowrong_noweight_50rep_aspcr
survey,Survey (6),ASPCR-log,25,,2050.0,6.0,0.2,5.0,0.2222,6.0,6.0,6.0,0.2,0.2,0.2,5.0,5.0,5.0,0.2222,0.2222,0.2222,1.0,1.0,,,,,,,,,,,,,,,67.0919544696808,paper_bnlearn_alpha001_nowrong_noweight_50rep_aspcr
survey,Survey (6),ASPCR-log,26,,2051.0,7.0,0.2222,5.0,0.25,7.0,7.0,7.0,0.2222,0.2222,0.2222,5.0,5.0,5.0,0.25,0.25,0.25,1.0,1.0,,,,,,,,,,,,,,,56.9821124076843,paper_bnlearn_alpha001_nowrong_noweight_50rep_aspcr
survey,Survey (6),ASPCR-log,27,,2052.0,2.0,0.8,3.0,0.6,2.0,2.0,2.0,0.8,0.8,0.8,3.0,3.0,3.0,0.6,0.6,0.6,1.0,1.0,,,,,,,,,,,,,,,66.5218505859375,paper_bnlearn_alpha001_nowrong_noweight_50rep_aspcr
survey,Survey (6),ASPCR-log,28,,2053.0,7.0,0.25,5.0,0.2857,7.0,7.0,7.0,0.25,0.25,0.25,5.0,5.0,5.0,0.2857,0.2857,0.2857,1.0,1.0,,,,,,,,,,,,,,,66.6282346248627,paper_bnlearn_alpha001_nowrong_noweight_50rep_aspcr
survey,Survey (6),ASPCR-log,29,,2054.0,6.0,0.4,5.0,0.25,6.0,6.0,6.0,0.4,0.4,0.4,5.0,5.0,5.0,0.25,0.25,0.25,1.0,1.0,,,,,,,,,,,,,,,72.4864192008972,paper_bnlearn_alpha001_nowrong_noweight_50rep_aspcr
survey,Survey (6),ASPCR-log,30,,2055.0,4.0,0.6667,4.0,0.4444,4.0,4.0,4.0,0.6667,0.6667,0.6667,4.0,4.0,4.0,0.4444,0.4444,0.4444,1.0,1.0,,,,,,,,,,,,,,,67.4397211074829,paper_bnlearn_alpha001_nowrong_noweight_50rep_aspcr
survey,Survey (6),ASPCR-log,31,,2056.0,7.0,0.2222,5.0,0.25,7.0,7.0,7.0,0.2222,0.2222,0.2222,5.0,5.0,5.0,0.25,0.25,0.25,1.0,1.0,,,,,,,,,,,,,,,55.5039188861847,paper_bnlearn_alpha001_nowrong_noweight_50rep_aspcr
survey,Survey (6),ASPCR-log,32,,2057.0,6.0,0.4444,5.0,0.25,6.0,6.0,6.0,0.4444,0.4444,0.4444,5.0,5.0,5.0,0.25,0.25,0.25,1.0,1.0,,,,,,,,,,,,,,,56.2652733325958,paper_bnlearn_alpha001_nowrong_noweight_50rep_aspcr
survey,Survey (6),ASPCR-log,33,,2058.0,7.0,0.0,6.0,0.0,7.0,7.0,7.0,0.0,0.0,0.0,6.0,6.0,6.0,0.0,0.0,0.0,1.0,1.0,,,,,,,,,,,,,,,55.8547413349152,paper_bnlearn_alpha001_nowrong_noweight_50rep_aspcr
survey,Survey (6),ASPCR-log,34,,2059.0,5.0,0.2857,6.0,0.0,5.0,5.0,5.0,0.2857,0.2857,0.2857,6.0,6.0,6.0,0.0,0.0,0.0,1.0,1.0,,,,,,,,,,,,,,,47.3650062084198,paper_bnlearn_alpha001_nowrong_noweight_50rep_aspcr
survey,Survey (6),ASPCR-log,35,,2060.0,5.0,0.4444,5.0,0.2222,5.0,5.0,5.0,0.4444,0.4444,0.4444,5.0,5.0,5.0,0.2222,0.2222,0.2222,1.0,1.0,,,,,,,,,,,,,,,52.0790319442749,paper_bnlearn_alpha001_nowrong_noweight_50rep_aspcr
survey,Survey (6),ASPCR-log,36,,2061.0,6.0,0.0,6.0,0.0,6.0,6.0,6.0,0.0,0.0,0.0,6.0,6.0,6.0,0.0,0.0,0.0,1.0,1.0,,,,,,,,,,,,,,,69.9941992759705,paper_bnlearn_alpha001_nowrong_noweight_50rep_aspcr
survey,Survey (6),ASPCR-log,37,,2062.0,6.0,0.2222,5.0,0.25,6.0,6.0,6.0,0.2222,0.2222,0.2222,5.0,5.0,5.0,0.25,0.25,0.25,1.0,1.0,,,,,,,,,,,,,,,102.622092962265,paper_bnlearn_alpha001_nowrong_noweight_50rep_aspcr
survey,Survey (6),ASPCR-log,38,,2063.0,5.0,0.4444,6.0,0.0,5.0,5.0,5.0,0.4444,0.4444,0.4444,6.0,6.0,6.0,0.0,0.0,0.0,1.0,1.0,,,,,,,,,,,,,,,76.1744618415833,paper_bnlearn_alpha001_nowrong_noweight_50rep_aspcr
survey,Survey (6),ASPCR-log,39,,2064.0,5.0,0.5,6.0,0.0,5.0,5.0,5.0,0.5,0.5,0.5,6.0,6.0,6.0,0.0,0.0,0.0,1.0,1.0,,,,,,,,,,,,,,,59.7808725833893,paper_bnlearn_alpha001_nowrong_noweight_50rep_aspcr
survey,Survey (6),ASPCR-log,40,,2065.0,5.0,0.5,6.0,0.0,5.0,5.0,5.0,0.5,0.5,0.5,6.0,6.0,6.0,0.0,0.0,0.0,1.0,1.0,,,,,,,,,,,,,,,48.2315919399261,paper_bnlearn_alpha001_nowrong_noweight_50rep_aspcr
survey,Survey (6),ASPCR-log,41,,2066.0,5.0,0.2857,5.0,0.2857,5.0,5.0,5.0,0.2857,0.2857,0.2857,5.0,5.0,5.0,0.2857,0.2857,0.2857,1.0,1.0,,,,,,,,,,,,,,,56.2973744869232,paper_bnlearn_alpha001_nowrong_noweight_50rep_aspcr
survey,Survey (6),ASPCR-log,42,,2067.0,7.0,0.2222,5.0,0.25,7.0,7.0,7.0,0.2222,0.2222,0.2222,5.0,5.0,5.0,0.25,0.25,0.25,1.0,1.0,,,,,,,,,,,,,,,80.3191456794739,paper_bnlearn_alpha001_nowrong_noweight_50rep_aspcr
survey,Survey (6),ASPCR-log,43,,2068.0,4.0,0.3636,4.0,0.3636,4.0,4.0,4.0,0.3636,0.3636,0.3636,4.0,4.0,4.0,0.3636,0.3636,0.3636,1.0,1.0,,,,,,,,,,,,,,,66.8480339050293,paper_bnlearn_alpha001_nowrong_noweight_50rep_aspcr
survey,Survey (6),ASPCR-log,44,,2069.0,5.0,0.4444,5.0,0.25,5.0,5.0,5.0,0.4444,0.4444,0.4444,5.0,5.0,5.0,0.25,0.25,0.25,1.0,1.0,,,,,,,,,,,,,,,53.0231785774231,paper_bnlearn_alpha001_nowrong_noweight_50rep_aspcr
survey,Survey (6),ASPCR-log,45,,2070.0,5.0,0.2857,6.0,0.0,5.0,5.0,5.0,0.2857,0.2857,0.2857,6.0,6.0,6.0,0.0,0.0,0.0,1.0,1.0,,,,,,,,,,,,,,,52.1227700710297,paper_bnlearn_alpha001_nowrong_noweight_50rep_aspcr
survey,Survey (6),ASPCR-log,46,,2071.0,4.0,0.6,4.0,0.4444,4.0,4.0,4.0,0.6,0.6,0.6,4.0,4.0,4.0,0.4444,0.4444,0.4444,1.0,1.0,,,,,,,,,,,,,,,69.1711070537567,paper_bnlearn_alpha001_nowrong_noweight_50rep_aspcr
survey,Survey (6),ASPCR-log,47,,2072.0,5.0,0.4,5.0,0.2222,5.0,5.0,5.0,0.4,0.4,0.4,5.0,5.0,5.0,0.2222,0.2222,0.2222,1.0,1.0,,,,,,,,,,,,,,,63.9163665771484,paper_bnlearn_alpha001_nowrong_noweight_50rep_aspcr
survey,Survey (6),ASPCR-log,48,,2073.0,5.0,0.5,6.0,0.0,5.0,5.0,5.0,0.5,0.5,0.5,6.0,6.0,6.0,0.0,0.0,0.0,1.0,1.0,,,,,,,,,,,,,,,71.827113866806,paper_bnlearn_alpha001_nowrong_noweight_50rep_aspcr
survey,Survey (6),ASPCR-log,49,,2074.0,7.0,0.0,6.0,0.0,7.0,7.0,7.0,0.0,0.0,0.0,6.0,6.0,6.0,0.0,0.0,0.0,1.0,1.0,,,,,,,,,,,,,,,60.8118505477905,paper_bnlearn_alpha001_nowrong_noweight_50rep_aspcr
survey,Survey (6),ASPCR-log,50,,2075.0,5.0,0.4,4.0,0.4,5.0,5.0,5.0,0.4,0.4,0.4,4.0,4.0,4.0,0.4,0.4,0.4,1.0,1.0,,,,,,,,,,,,,,,93.8040437698364,paper_bnlearn_alpha001_nowrong_noweight_50rep_aspcr
