dataset,dataset_label,seed,rep_local,source,pct_wrong_facts,method,total_facts,correct_facts,wrong_facts,accepted_facts,accepted_correct_facts,accepted_wrong_facts,removed_facts,removed_wrong_facts,fact_precision,fact_recall,fact_f1
cancer,Cancer (5),2026.0,1.0,results/paper_aaai2027/frozen/results/final_mcs_experiments_er_sf_alpha001_nowrong_noweight_50rep_chunked/wc_sweep_bnlearn_cancer_alpha001_nowrong_noweight_seed2026_2075_20260715_154609/summary.json,0.0,ABA-PC,22.0,16.0,6.0,17.0,14.0,3.0,5.0,3.0,0.8235294117647058,0.875,0.8484848484848485
cancer,Cancer (5),2027.0,2.0,results/paper_aaai2027/frozen/results/final_mcs_experiments_er_sf_alpha001_nowrong_noweight_50rep_chunked/wc_sweep_bnlearn_cancer_alpha001_nowrong_noweight_seed2026_2075_20260715_154609/summary.json,0.0,ABA-PC,28.0,22.0,6.0,20.0,18.0,2.0,8.0,4.0,0.9,0.8181818181818182,0.8571428571428571
cancer,Cancer (5),2028.0,3.0,results/paper_aaai2027/frozen/results/final_mcs_experiments_er_sf_alpha001_nowrong_noweight_50rep_chunked/wc_sweep_bnlearn_cancer_alpha001_nowrong_noweight_seed2026_2075_20260715_154609/summary.json,0.0,ABA-PC,22.0,16.0,6.0,18.0,16.0,2.0,4.0,4.0,0.8888888888888888,1.0,0.9411764705882353
cancer,Cancer (5),2029.0,4.0,results/paper_aaai2027/frozen/results/final_mcs_experiments_er_sf_alpha001_nowrong_noweight_50rep_chunked/wc_sweep_bnlearn_cancer_alpha001_nowrong_noweight_seed2026_2075_20260715_154609/summary.json,0.0,ABA-PC,29.0,24.0,5.0,23.0,22.0,1.0,6.0,4.0,0.9565217391304348,0.9166666666666666,0.9361702127659575
cancer,Cancer (5),2030.0,5.0,results/paper_aaai2027/frozen/results/final_mcs_experiments_er_sf_alpha001_nowrong_noweight_50rep_chunked/wc_sweep_bnlearn_cancer_alpha001_nowrong_noweight_seed2026_2075_20260715_154609/summary.json,0.0,ABA-PC,44.0,39.0,5.0,34.0,33.0,1.0,10.0,4.0,0.9705882352941176,0.8461538461538461,0.9041095890410958
cancer,Cancer (5),2031.0,6.0,results/paper_aaai2027/frozen/results/final_mcs_experiments_er_sf_alpha001_nowrong_noweight_50rep_chunked/wc_sweep_bnlearn_cancer_alpha001_nowrong_noweight_seed2026_2075_20260715_154609/summary.json,0.0,ABA-PC,44.0,38.0,6.0,36.0,35.0,1.0,8.0,5.0,0.9722222222222222,0.9210526315789473,0.9459459459459459
cancer,Cancer (5),2032.0,7.0,results/paper_aaai2027/frozen/results/final_mcs_experiments_er_sf_alpha001_nowrong_noweight_50rep_chunked/wc_sweep_bnlearn_cancer_alpha001_nowrong_noweight_seed2026_2075_20260715_154609/summary.json,0.0,ABA-PC,44.0,39.0,5.0,37.0,36.0,1.0,7.0,4.0,0.972972972972973,0.9230769230769231,0.9473684210526315
cancer,Cancer (5),2033.0,8.0,results/paper_aaai2027/frozen/results/final_mcs_experiments_er_sf_alpha001_nowrong_noweight_50rep_chunked/wc_sweep_bnlearn_cancer_alpha001_nowrong_noweight_seed2026_2075_20260715_154609/summary.json,0.0,ABA-PC,22.0,17.0,5.0,19.0,17.0,2.0,3.0,3.0,0.8947368421052632,1.0,0.9444444444444444
cancer,Cancer (5),2034.0,9.0,results/paper_aaai2027/frozen/results/final_mcs_experiments_er_sf_alpha001_nowrong_noweight_50rep_chunked/wc_sweep_bnlearn_cancer_alpha001_nowrong_noweight_seed2026_2075_20260715_154609/summary.json,0.0,ABA-PC,44.0,39.0,5.0,35.0,34.0,1.0,9.0,4.0,0.9714285714285714,0.8717948717948718,0.918918918918919
cancer,Cancer (5),2035.0,10.0,results/paper_aaai2027/frozen/results/final_mcs_experiments_er_sf_alpha001_nowrong_noweight_50rep_chunked/wc_sweep_bnlearn_cancer_alpha001_nowrong_noweight_seed2026_2075_20260715_154609/summary.json,0.0,ABA-PC,22.0,16.0,6.0,16.0,15.0,1.0,6.0,5.0,0.9375,0.9375,0.9375
cancer,Cancer (5),2036.0,11.0,results/paper_aaai2027/frozen/results/final_mcs_experiments_er_sf_alpha001_nowrong_noweight_50rep_chunked/wc_sweep_bnlearn_cancer_alpha001_nowrong_noweight_seed2026_2075_20260715_154609/summary.json,0.0,ABA-PC,44.0,38.0,6.0,34.0,33.0,1.0,10.0,5.0,0.9705882352941176,0.868421052631579,0.9166666666666666
cancer,Cancer (5),2037.0,12.0,results/paper_aaai2027/frozen/results/final_mcs_experiments_er_sf_alpha001_nowrong_noweight_50rep_chunked/wc_sweep_bnlearn_cancer_alpha001_nowrong_noweight_seed2026_2075_20260715_154609/summary.json,0.0,ABA-PC,26.0,19.0,7.0,20.0,15.0,5.0,6.0,2.0,0.75,0.7894736842105263,0.7692307692307693
cancer,Cancer (5),2038.0,13.0,results/paper_aaai2027/frozen/results/final_mcs_experiments_er_sf_alpha001_nowrong_noweight_50rep_chunked/wc_sweep_bnlearn_cancer_alpha001_nowrong_noweight_seed2026_2075_20260715_154609/summary.json,0.0,ABA-PC,41.0,35.0,6.0,35.0,34.0,1.0,6.0,5.0,0.9714285714285714,0.9714285714285714,0.9714285714285714
cancer,Cancer (5),2039.0,14.0,results/paper_aaai2027/frozen/results/final_mcs_experiments_er_sf_alpha001_nowrong_noweight_50rep_chunked/wc_sweep_bnlearn_cancer_alpha001_nowrong_noweight_seed2026_2075_20260715_154609/summary.json,0.0,ABA-PC,44.0,38.0,6.0,35.0,35.0,0.0,9.0,6.0,1.0,0.9210526315789473,0.958904109589041
cancer,Cancer (5),2040.0,15.0,results/paper_aaai2027/frozen/results/final_mcs_experiments_er_sf_alpha001_nowrong_noweight_50rep_chunked/wc_sweep_bnlearn_cancer_alpha001_nowrong_noweight_seed2026_2075_20260715_154609/summary.json,0.0,ABA-PC,44.0,39.0,5.0,36.0,35.0,1.0,8.0,4.0,0.9722222222222222,0.8974358974358975,0.9333333333333333
cancer,Cancer (5),2041.0,16.0,results/paper_aaai2027/frozen/results/final_mcs_experiments_er_sf_alpha001_nowrong_noweight_50rep_chunked/wc_sweep_bnlearn_cancer_alpha001_nowrong_noweight_seed2026_2075_20260715_154609/summary.json,0.0,ABA-PC,22.0,16.0,6.0,18.0,15.0,3.0,4.0,3.0,0.8333333333333334,0.9375,0.8823529411764706
cancer,Cancer (5),2042.0,17.0,results/paper_aaai2027/frozen/results/final_mcs_experiments_er_sf_alpha001_nowrong_noweight_50rep_chunked/wc_sweep_bnlearn_cancer_alpha001_nowrong_noweight_seed2026_2075_20260715_154609/summary.json,0.0,ABA-PC,28.0,21.0,7.0,20.0,18.0,2.0,8.0,5.0,0.9,0.8571428571428571,0.8780487804878049
cancer,Cancer (5),2043.0,18.0,results/paper_aaai2027/frozen/results/final_mcs_experiments_er_sf_alpha001_nowrong_noweight_50rep_chunked/wc_sweep_bnlearn_cancer_alpha001_nowrong_noweight_seed2026_2075_20260715_154609/summary.json,0.0,ABA-PC,28.0,21.0,7.0,21.0,21.0,0.0,7.0,7.0,1.0,1.0,1.0
cancer,Cancer (5),2044.0,19.0,results/paper_aaai2027/frozen/results/final_mcs_experiments_er_sf_alpha001_nowrong_noweight_50rep_chunked/wc_sweep_bnlearn_cancer_alpha001_nowrong_noweight_seed2026_2075_20260715_154609/summary.json,0.0,ABA-PC,22.0,16.0,6.0,16.0,14.0,2.0,6.0,4.0,0.875,0.875,0.875
cancer,Cancer (5),2045.0,20.0,results/paper_aaai2027/frozen/results/final_mcs_experiments_er_sf_alpha001_nowrong_noweight_50rep_chunked/wc_sweep_bnlearn_cancer_alpha001_nowrong_noweight_seed2026_2075_20260715_154609/summary.json,0.0,ABA-PC,44.0,39.0,5.0,36.0,36.0,0.0,8.0,5.0,1.0,0.9230769230769231,0.96
cancer,Cancer (5),2046.0,21.0,results/paper_aaai2027/frozen/results/final_mcs_experiments_er_sf_alpha001_nowrong_noweight_50rep_chunked/wc_sweep_bnlearn_cancer_alpha001_nowrong_noweight_seed2026_2075_20260715_154609/summary.json,0.0,ABA-PC,44.0,40.0,4.0,34.0,34.0,0.0,10.0,4.0,1.0,0.85,0.918918918918919
cancer,Cancer (5),2047.0,22.0,results/paper_aaai2027/frozen/results/final_mcs_experiments_er_sf_alpha001_nowrong_noweight_50rep_chunked/wc_sweep_bnlearn_cancer_alpha001_nowrong_noweight_seed2026_2075_20260715_154609/summary.json,0.0,ABA-PC,44.0,38.0,6.0,34.0,32.0,2.0,10.0,4.0,0.9411764705882353,0.8421052631578947,0.8888888888888888
cancer,Cancer (5),2048.0,23.0,results/paper_aaai2027/frozen/results/final_mcs_experiments_er_sf_alpha001_nowrong_noweight_50rep_chunked/wc_sweep_bnlearn_cancer_alpha001_nowrong_noweight_seed2026_2075_20260715_154609/summary.json,0.0,ABA-PC,44.0,39.0,5.0,36.0,35.0,1.0,8.0,4.0,0.9722222222222222,0.8974358974358975,0.9333333333333333
cancer,Cancer (5),2049.0,24.0,results/paper_aaai2027/frozen/results/final_mcs_experiments_er_sf_alpha001_nowrong_noweight_50rep_chunked/wc_sweep_bnlearn_cancer_alpha001_nowrong_noweight_seed2026_2075_20260715_154609/summary.json,0.0,ABA-PC,22.0,16.0,6.0,17.0,15.0,2.0,5.0,4.0,0.8823529411764706,0.9375,0.9090909090909091
cancer,Cancer (5),2050.0,25.0,results/paper_aaai2027/frozen/results/final_mcs_experiments_er_sf_alpha001_nowrong_noweight_50rep_chunked/wc_sweep_bnlearn_cancer_alpha001_nowrong_noweight_seed2026_2075_20260715_154609/summary.json,0.0,ABA-PC,22.0,16.0,6.0,17.0,15.0,2.0,5.0,4.0,0.8823529411764706,0.9375,0.9090909090909091
cancer,Cancer (5),2051.0,26.0,results/paper_aaai2027/frozen/results/final_mcs_experiments_er_sf_alpha001_nowrong_noweight_50rep_chunked/wc_sweep_bnlearn_cancer_alpha001_nowrong_noweight_seed2026_2075_20260715_154609/summary.json,0.0,ABA-PC,28.0,22.0,6.0,21.0,19.0,2.0,7.0,4.0,0.9047619047619048,0.8636363636363636,0.8837209302325582
cancer,Cancer (5),2052.0,27.0,results/paper_aaai2027/frozen/results/final_mcs_experiments_er_sf_alpha001_nowrong_noweight_50rep_chunked/wc_sweep_bnlearn_cancer_alpha001_nowrong_noweight_seed2026_2075_20260715_154609/summary.json,0.0,ABA-PC,44.0,38.0,6.0,35.0,34.0,1.0,9.0,5.0,0.9714285714285714,0.8947368421052632,0.9315068493150684
cancer,Cancer (5),2053.0,28.0,results/paper_aaai2027/frozen/results/final_mcs_experiments_er_sf_alpha001_nowrong_noweight_50rep_chunked/wc_sweep_bnlearn_cancer_alpha001_nowrong_noweight_seed2026_2075_20260715_154609/summary.json,0.0,ABA-PC,28.0,21.0,7.0,20.0,19.0,1.0,8.0,6.0,0.95,0.9047619047619048,0.926829268292683
cancer,Cancer (5),2054.0,29.0,results/paper_aaai2027/frozen/results/final_mcs_experiments_er_sf_alpha001_nowrong_noweight_50rep_chunked/wc_sweep_bnlearn_cancer_alpha001_nowrong_noweight_seed2026_2075_20260715_154609/summary.json,0.0,ABA-PC,22.0,16.0,6.0,14.0,14.0,0.0,8.0,6.0,1.0,0.875,0.9333333333333333
cancer,Cancer (5),2055.0,30.0,results/paper_aaai2027/frozen/results/final_mcs_experiments_er_sf_alpha001_nowrong_noweight_50rep_chunked/wc_sweep_bnlearn_cancer_alpha001_nowrong_noweight_seed2026_2075_20260715_154609/summary.json,0.0,ABA-PC,28.0,21.0,7.0,21.0,21.0,0.0,7.0,7.0,1.0,1.0,1.0
cancer,Cancer (5),2056.0,31.0,results/paper_aaai2027/frozen/results/final_mcs_experiments_er_sf_alpha001_nowrong_noweight_50rep_chunked/wc_sweep_bnlearn_cancer_alpha001_nowrong_noweight_seed2026_2075_20260715_154609/summary.json,0.0,ABA-PC,44.0,39.0,5.0,36.0,33.0,3.0,8.0,2.0,0.9166666666666666,0.8461538461538461,0.88
cancer,Cancer (5),2057.0,32.0,results/paper_aaai2027/frozen/results/final_mcs_experiments_er_sf_alpha001_nowrong_noweight_50rep_chunked/wc_sweep_bnlearn_cancer_alpha001_nowrong_noweight_seed2026_2075_20260715_154609/summary.json,0.0,ABA-PC,22.0,16.0,6.0,14.0,13.0,1.0,8.0,5.0,0.9285714285714286,0.8125,0.8666666666666667
cancer,Cancer (5),2058.0,33.0,results/paper_aaai2027/frozen/results/final_mcs_experiments_er_sf_alpha001_nowrong_noweight_50rep_chunked/wc_sweep_bnlearn_cancer_alpha001_nowrong_noweight_seed2026_2075_20260715_154609/summary.json,0.0,ABA-PC,29.0,24.0,5.0,22.0,20.0,2.0,7.0,3.0,0.9090909090909091,0.8333333333333334,0.8695652173913043
cancer,Cancer (5),2059.0,34.0,results/paper_aaai2027/frozen/results/final_mcs_experiments_er_sf_alpha001_nowrong_noweight_50rep_chunked/wc_sweep_bnlearn_cancer_alpha001_nowrong_noweight_seed2026_2075_20260715_154609/summary.json,0.0,ABA-PC,22.0,16.0,6.0,16.0,14.0,2.0,6.0,4.0,0.875,0.875,0.875
cancer,Cancer (5),2060.0,35.0,results/paper_aaai2027/frozen/results/final_mcs_experiments_er_sf_alpha001_nowrong_noweight_50rep_chunked/wc_sweep_bnlearn_cancer_alpha001_nowrong_noweight_seed2026_2075_20260715_154609/summary.json,0.0,ABA-PC,28.0,21.0,7.0,18.0,17.0,1.0,10.0,6.0,0.9444444444444444,0.8095238095238095,0.8717948717948718
cancer,Cancer (5),2061.0,36.0,results/paper_aaai2027/frozen/results/final_mcs_experiments_er_sf_alpha001_nowrong_noweight_50rep_chunked/wc_sweep_bnlearn_cancer_alpha001_nowrong_noweight_seed2026_2075_20260715_154609/summary.json,0.0,ABA-PC,22.0,16.0,6.0,17.0,15.0,2.0,5.0,4.0,0.8823529411764706,0.9375,0.9090909090909091
cancer,Cancer (5),2062.0,37.0,results/paper_aaai2027/frozen/results/final_mcs_experiments_er_sf_alpha001_nowrong_noweight_50rep_chunked/wc_sweep_bnlearn_cancer_alpha001_nowrong_noweight_seed2026_2075_20260715_154609/summary.json,0.0,ABA-PC,44.0,38.0,6.0,33.0,32.0,1.0,11.0,5.0,0.9696969696969697,0.8421052631578947,0.9014084507042254
cancer,Cancer (5),2063.0,38.0,results/paper_aaai2027/frozen/results/final_mcs_experiments_er_sf_alpha001_nowrong_noweight_50rep_chunked/wc_sweep_bnlearn_cancer_alpha001_nowrong_noweight_seed2026_2075_20260715_154609/summary.json,0.0,ABA-PC,22.0,17.0,5.0,18.0,15.0,3.0,4.0,2.0,0.8333333333333334,0.8823529411764706,0.8571428571428571
cancer,Cancer (5),2064.0,39.0,results/paper_aaai2027/frozen/results/final_mcs_experiments_er_sf_alpha001_nowrong_noweight_50rep_chunked/wc_sweep_bnlearn_cancer_alpha001_nowrong_noweight_seed2026_2075_20260715_154609/summary.json,0.0,ABA-PC,44.0,39.0,5.0,36.0,33.0,3.0,8.0,2.0,0.9166666666666666,0.8461538461538461,0.88
cancer,Cancer (5),2065.0,40.0,results/paper_aaai2027/frozen/results/final_mcs_experiments_er_sf_alpha001_nowrong_noweight_50rep_chunked/wc_sweep_bnlearn_cancer_alpha001_nowrong_noweight_seed2026_2075_20260715_154609/summary.json,0.0,ABA-PC,44.0,39.0,5.0,33.0,33.0,0.0,11.0,5.0,1.0,0.8461538461538461,0.9166666666666666
cancer,Cancer (5),2066.0,41.0,results/paper_aaai2027/frozen/results/final_mcs_experiments_er_sf_alpha001_nowrong_noweight_50rep_chunked/wc_sweep_bnlearn_cancer_alpha001_nowrong_noweight_seed2026_2075_20260715_154609/summary.json,0.0,ABA-PC,44.0,40.0,4.0,36.0,35.0,1.0,8.0,3.0,0.9722222222222222,0.875,0.9210526315789473
cancer,Cancer (5),2067.0,42.0,results/paper_aaai2027/frozen/results/final_mcs_experiments_er_sf_alpha001_nowrong_noweight_50rep_chunked/wc_sweep_bnlearn_cancer_alpha001_nowrong_noweight_seed2026_2075_20260715_154609/summary.json,0.0,ABA-PC,44.0,39.0,5.0,33.0,30.0,3.0,11.0,2.0,0.9090909090909091,0.7692307692307693,0.8333333333333334
cancer,Cancer (5),2068.0,43.0,results/paper_aaai2027/frozen/results/final_mcs_experiments_er_sf_alpha001_nowrong_noweight_50rep_chunked/wc_sweep_bnlearn_cancer_alpha001_nowrong_noweight_seed2026_2075_20260715_154609/summary.json,0.0,ABA-PC,39.0,35.0,4.0,29.0,29.0,0.0,10.0,4.0,1.0,0.8285714285714286,0.90625
cancer,Cancer (5),2069.0,44.0,results/paper_aaai2027/frozen/results/final_mcs_experiments_er_sf_alpha001_nowrong_noweight_50rep_chunked/wc_sweep_bnlearn_cancer_alpha001_nowrong_noweight_seed2026_2075_20260715_154609/summary.json,0.0,ABA-PC,28.0,22.0,6.0,19.0,18.0,1.0,9.0,5.0,0.9473684210526315,0.8181818181818182,0.8780487804878049
cancer,Cancer (5),2070.0,45.0,results/paper_aaai2027/frozen/results/final_mcs_experiments_er_sf_alpha001_nowrong_noweight_50rep_chunked/wc_sweep_bnlearn_cancer_alpha001_nowrong_noweight_seed2026_2075_20260715_154609/summary.json,0.0,ABA-PC,35.0,17.0,18.0,26.0,17.0,9.0,9.0,9.0,0.6538461538461539,1.0,0.7906976744186046
cancer,Cancer (5),2071.0,46.0,results/paper_aaai2027/frozen/results/final_mcs_experiments_er_sf_alpha001_nowrong_noweight_50rep_chunked/wc_sweep_bnlearn_cancer_alpha001_nowrong_noweight_seed2026_2075_20260715_154609/summary.json,0.0,ABA-PC,22.0,16.0,6.0,15.0,14.0,1.0,7.0,5.0,0.9333333333333333,0.875,0.9032258064516129
cancer,Cancer (5),2072.0,47.0,results/paper_aaai2027/frozen/results/final_mcs_experiments_er_sf_alpha001_nowrong_noweight_50rep_chunked/wc_sweep_bnlearn_cancer_alpha001_nowrong_noweight_seed2026_2075_20260715_154609/summary.json,0.0,ABA-PC,22.0,17.0,5.0,16.0,14.0,2.0,6.0,3.0,0.875,0.8235294117647058,0.8484848484848485
cancer,Cancer (5),2073.0,48.0,results/paper_aaai2027/frozen/results/final_mcs_experiments_er_sf_alpha001_nowrong_noweight_50rep_chunked/wc_sweep_bnlearn_cancer_alpha001_nowrong_noweight_seed2026_2075_20260715_154609/summary.json,0.0,ABA-PC,28.0,23.0,5.0,23.0,20.0,3.0,5.0,2.0,0.8695652173913043,0.8695652173913043,0.8695652173913043
cancer,Cancer (5),2074.0,49.0,results/paper_aaai2027/frozen/results/final_mcs_experiments_er_sf_alpha001_nowrong_noweight_50rep_chunked/wc_sweep_bnlearn_cancer_alpha001_nowrong_noweight_seed2026_2075_20260715_154609/summary.json,0.0,ABA-PC,44.0,39.0,5.0,35.0,34.0,1.0,9.0,4.0,0.9714285714285714,0.8717948717948718,0.918918918918919
cancer,Cancer (5),2075.0,50.0,results/paper_aaai2027/frozen/results/final_mcs_experiments_er_sf_alpha001_nowrong_noweight_50rep_chunked/wc_sweep_bnlearn_cancer_alpha001_nowrong_noweight_seed2026_2075_20260715_154609/summary.json,0.0,ABA-PC,37.0,31.0,6.0,29.0,29.0,0.0,8.0,6.0,1.0,0.9354838709677419,0.9666666666666667
cancer,Cancer (5),2026.0,1.0,results/paper_aaai2027/frozen/results/final_mcs_experiments_er_sf_alpha001_nowrong_noweight_50rep_chunked/wc_sweep_bnlearn_cancer_alpha001_nowrong_noweight_seed2026_2075_20260715_154609/summary.json,0.0,OptABA-PC,22.0,16.0,6.0,19.0,15.0,4.0,3.0,2.0,0.7894736842105263,0.9375,0.8571428571428571
cancer,Cancer (5),2027.0,2.0,results/paper_aaai2027/frozen/results/final_mcs_experiments_er_sf_alpha001_nowrong_noweight_50rep_chunked/wc_sweep_bnlearn_cancer_alpha001_nowrong_noweight_seed2026_2075_20260715_154609/summary.json,0.0,OptABA-PC,28.0,22.0,6.0,24.0,20.0,4.0,4.0,2.0,0.8333333333333334,0.9090909090909091,0.8695652173913043
cancer,Cancer (5),2028.0,3.0,results/paper_aaai2027/frozen/results/final_mcs_experiments_er_sf_alpha001_nowrong_noweight_50rep_chunked/wc_sweep_bnlearn_cancer_alpha001_nowrong_noweight_seed2026_2075_20260715_154609/summary.json,0.0,OptABA-PC,22.0,16.0,6.0,19.0,16.0,3.0,3.0,3.0,0.8421052631578947,1.0,0.9142857142857143
cancer,Cancer (5),2029.0,4.0,results/paper_aaai2027/frozen/results/final_mcs_experiments_er_sf_alpha001_nowrong_noweight_50rep_chunked/wc_sweep_bnlearn_cancer_alpha001_nowrong_noweight_seed2026_2075_20260715_154609/summary.json,0.0,OptABA-PC,29.0,24.0,5.0,25.0,23.0,2.0,4.0,3.0,0.92,0.9583333333333334,0.9387755102040817
cancer,Cancer (5),2030.0,5.0,results/paper_aaai2027/frozen/results/final_mcs_experiments_er_sf_alpha001_nowrong_noweight_50rep_chunked/wc_sweep_bnlearn_cancer_alpha001_nowrong_noweight_seed2026_2075_20260715_154609/summary.json,0.0,OptABA-PC,44.0,39.0,5.0,39.0,37.0,2.0,5.0,3.0,0.9487179487179487,0.9487179487179487,0.9487179487179487
cancer,Cancer (5),2031.0,6.0,results/paper_aaai2027/frozen/results/final_mcs_experiments_er_sf_alpha001_nowrong_noweight_50rep_chunked/wc_sweep_bnlearn_cancer_alpha001_nowrong_noweight_seed2026_2075_20260715_154609/summary.json,0.0,OptABA-PC,44.0,38.0,6.0,38.0,36.0,2.0,6.0,4.0,0.9473684210526315,0.9473684210526315,0.9473684210526315
cancer,Cancer (5),2032.0,7.0,results/paper_aaai2027/frozen/results/final_mcs_experiments_er_sf_alpha001_nowrong_noweight_50rep_chunked/wc_sweep_bnlearn_cancer_alpha001_nowrong_noweight_seed2026_2075_20260715_154609/summary.json,0.0,OptABA-PC,44.0,39.0,5.0,39.0,37.0,2.0,5.0,3.0,0.9487179487179487,0.9487179487179487,0.9487179487179487
cancer,Cancer (5),2033.0,8.0,results/paper_aaai2027/frozen/results/final_mcs_experiments_er_sf_alpha001_nowrong_noweight_50rep_chunked/wc_sweep_bnlearn_cancer_alpha001_nowrong_noweight_seed2026_2075_20260715_154609/summary.json,0.0,OptABA-PC,22.0,17.0,5.0,20.0,17.0,3.0,2.0,2.0,0.85,1.0,0.918918918918919
cancer,Cancer (5),2034.0,9.0,results/paper_aaai2027/frozen/results/final_mcs_experiments_er_sf_alpha001_nowrong_noweight_50rep_chunked/wc_sweep_bnlearn_cancer_alpha001_nowrong_noweight_seed2026_2075_20260715_154609/summary.json,0.0,OptABA-PC,44.0,39.0,5.0,39.0,37.0,2.0,5.0,3.0,0.9487179487179487,0.9487179487179487,0.9487179487179487
cancer,Cancer (5),2035.0,10.0,results/paper_aaai2027/frozen/results/final_mcs_experiments_er_sf_alpha001_nowrong_noweight_50rep_chunked/wc_sweep_bnlearn_cancer_alpha001_nowrong_noweight_seed2026_2075_20260715_154609/summary.json,0.0,OptABA-PC,22.0,16.0,6.0,19.0,16.0,3.0,3.0,3.0,0.8421052631578947,1.0,0.9142857142857143
cancer,Cancer (5),2036.0,11.0,results/paper_aaai2027/frozen/results/final_mcs_experiments_er_sf_alpha001_nowrong_noweight_50rep_chunked/wc_sweep_bnlearn_cancer_alpha001_nowrong_noweight_seed2026_2075_20260715_154609/summary.json,0.0,OptABA-PC,44.0,38.0,6.0,38.0,36.0,2.0,6.0,4.0,0.9473684210526315,0.9473684210526315,0.9473684210526315
cancer,Cancer (5),2037.0,12.0,results/paper_aaai2027/frozen/results/final_mcs_experiments_er_sf_alpha001_nowrong_noweight_50rep_chunked/wc_sweep_bnlearn_cancer_alpha001_nowrong_noweight_seed2026_2075_20260715_154609/summary.json,0.0,OptABA-PC,26.0,19.0,7.0,23.0,17.0,6.0,3.0,1.0,0.7391304347826086,0.8947368421052632,0.8095238095238095
cancer,Cancer (5),2038.0,13.0,results/paper_aaai2027/frozen/results/final_mcs_experiments_er_sf_alpha001_nowrong_noweight_50rep_chunked/wc_sweep_bnlearn_cancer_alpha001_nowrong_noweight_seed2026_2075_20260715_154609/summary.json,0.0,OptABA-PC,41.0,35.0,6.0,37.0,35.0,2.0,4.0,4.0,0.9459459459459459,1.0,0.9722222222222222
cancer,Cancer (5),2039.0,14.0,results/paper_aaai2027/frozen/results/final_mcs_experiments_er_sf_alpha001_nowrong_noweight_50rep_chunked/wc_sweep_bnlearn_cancer_alpha001_nowrong_noweight_seed2026_2075_20260715_154609/summary.json,0.0,OptABA-PC,44.0,38.0,6.0,38.0,36.0,2.0,6.0,4.0,0.9473684210526315,0.9473684210526315,0.9473684210526315
cancer,Cancer (5),2040.0,15.0,results/paper_aaai2027/frozen/results/final_mcs_experiments_er_sf_alpha001_nowrong_noweight_50rep_chunked/wc_sweep_bnlearn_cancer_alpha001_nowrong_noweight_seed2026_2075_20260715_154609/summary.json,0.0,OptABA-PC,44.0,39.0,5.0,39.0,37.0,2.0,5.0,3.0,0.9487179487179487,0.9487179487179487,0.9487179487179487
cancer,Cancer (5),2041.0,16.0,results/paper_aaai2027/frozen/results/final_mcs_experiments_er_sf_alpha001_nowrong_noweight_50rep_chunked/wc_sweep_bnlearn_cancer_alpha001_nowrong_noweight_seed2026_2075_20260715_154609/summary.json,0.0,OptABA-PC,22.0,16.0,6.0,19.0,15.0,4.0,3.0,2.0,0.7894736842105263,0.9375,0.8571428571428571
cancer,Cancer (5),2042.0,17.0,results/paper_aaai2027/frozen/results/final_mcs_experiments_er_sf_alpha001_nowrong_noweight_50rep_chunked/wc_sweep_bnlearn_cancer_alpha001_nowrong_noweight_seed2026_2075_20260715_154609/summary.json,0.0,OptABA-PC,28.0,21.0,7.0,23.0,18.0,5.0,5.0,2.0,0.782608695652174,0.8571428571428571,0.8181818181818182
cancer,Cancer (5),2043.0,18.0,results/paper_aaai2027/frozen/results/final_mcs_experiments_er_sf_alpha001_nowrong_noweight_50rep_chunked/wc_sweep_bnlearn_cancer_alpha001_nowrong_noweight_seed2026_2075_20260715_154609/summary.json,0.0,OptABA-PC,28.0,21.0,7.0,24.0,19.0,5.0,4.0,2.0,0.7916666666666666,0.9047619047619048,0.8444444444444444
cancer,Cancer (5),2044.0,19.0,results/paper_aaai2027/frozen/results/final_mcs_experiments_er_sf_alpha001_nowrong_noweight_50rep_chunked/wc_sweep_bnlearn_cancer_alpha001_nowrong_noweight_seed2026_2075_20260715_154609/summary.json,0.0,OptABA-PC,22.0,16.0,6.0,19.0,15.0,4.0,3.0,2.0,0.7894736842105263,0.9375,0.8571428571428571
cancer,Cancer (5),2045.0,20.0,results/paper_aaai2027/frozen/results/final_mcs_experiments_er_sf_alpha001_nowrong_noweight_50rep_chunked/wc_sweep_bnlearn_cancer_alpha001_nowrong_noweight_seed2026_2075_20260715_154609/summary.json,0.0,OptABA-PC,44.0,39.0,5.0,39.0,39.0,0.0,5.0,5.0,1.0,1.0,1.0
cancer,Cancer (5),2046.0,21.0,results/paper_aaai2027/frozen/results/final_mcs_experiments_er_sf_alpha001_nowrong_noweight_50rep_chunked/wc_sweep_bnlearn_cancer_alpha001_nowrong_noweight_seed2026_2075_20260715_154609/summary.json,0.0,OptABA-PC,44.0,40.0,4.0,40.0,38.0,2.0,4.0,2.0,0.95,0.95,0.95
cancer,Cancer (5),2047.0,22.0,results/paper_aaai2027/frozen/results/final_mcs_experiments_er_sf_alpha001_nowrong_noweight_50rep_chunked/wc_sweep_bnlearn_cancer_alpha001_nowrong_noweight_seed2026_2075_20260715_154609/summary.json,0.0,OptABA-PC,44.0,38.0,6.0,38.0,33.0,5.0,6.0,1.0,0.868421052631579,0.868421052631579,0.868421052631579
cancer,Cancer (5),2048.0,23.0,results/paper_aaai2027/frozen/results/final_mcs_experiments_er_sf_alpha001_nowrong_noweight_50rep_chunked/wc_sweep_bnlearn_cancer_alpha001_nowrong_noweight_seed2026_2075_20260715_154609/summary.json,0.0,OptABA-PC,44.0,39.0,5.0,39.0,37.0,2.0,5.0,3.0,0.9487179487179487,0.9487179487179487,0.9487179487179487
cancer,Cancer (5),2049.0,24.0,results/paper_aaai2027/frozen/results/final_mcs_experiments_er_sf_alpha001_nowrong_noweight_50rep_chunked/wc_sweep_bnlearn_cancer_alpha001_nowrong_noweight_seed2026_2075_20260715_154609/summary.json,0.0,OptABA-PC,22.0,16.0,6.0,19.0,16.0,3.0,3.0,3.0,0.8421052631578947,1.0,0.9142857142857143
cancer,Cancer (5),2050.0,25.0,results/paper_aaai2027/frozen/results/final_mcs_experiments_er_sf_alpha001_nowrong_noweight_50rep_chunked/wc_sweep_bnlearn_cancer_alpha001_nowrong_noweight_seed2026_2075_20260715_154609/summary.json,0.0,OptABA-PC,22.0,16.0,6.0,19.0,15.0,4.0,3.0,2.0,0.7894736842105263,0.9375,0.8571428571428571
cancer,Cancer (5),2051.0,26.0,results/paper_aaai2027/frozen/results/final_mcs_experiments_er_sf_alpha001_nowrong_noweight_50rep_chunked/wc_sweep_bnlearn_cancer_alpha001_nowrong_noweight_seed2026_2075_20260715_154609/summary.json,0.0,OptABA-PC,28.0,22.0,6.0,24.0,19.0,5.0,4.0,1.0,0.7916666666666666,0.8636363636363636,0.8260869565217391
cancer,Cancer (5),2052.0,27.0,results/paper_aaai2027/frozen/results/final_mcs_experiments_er_sf_alpha001_nowrong_noweight_50rep_chunked/wc_sweep_bnlearn_cancer_alpha001_nowrong_noweight_seed2026_2075_20260715_154609/summary.json,0.0,OptABA-PC,44.0,38.0,6.0,38.0,34.0,4.0,6.0,2.0,0.8947368421052632,0.8947368421052632,0.8947368421052632
cancer,Cancer (5),2053.0,28.0,results/paper_aaai2027/frozen/results/final_mcs_experiments_er_sf_alpha001_nowrong_noweight_50rep_chunked/wc_sweep_bnlearn_cancer_alpha001_nowrong_noweight_seed2026_2075_20260715_154609/summary.json,0.0,OptABA-PC,28.0,21.0,7.0,25.0,19.0,6.0,3.0,1.0,0.76,0.9047619047619048,0.8260869565217391
cancer,Cancer (5),2054.0,29.0,results/paper_aaai2027/frozen/results/final_mcs_experiments_er_sf_alpha001_nowrong_noweight_50rep_chunked/wc_sweep_bnlearn_cancer_alpha001_nowrong_noweight_seed2026_2075_20260715_154609/summary.json,0.0,OptABA-PC,22.0,16.0,6.0,19.0,16.0,3.0,3.0,3.0,0.8421052631578947,1.0,0.9142857142857143
cancer,Cancer (5),2055.0,30.0,results/paper_aaai2027/frozen/results/final_mcs_experiments_er_sf_alpha001_nowrong_noweight_50rep_chunked/wc_sweep_bnlearn_cancer_alpha001_nowrong_noweight_seed2026_2075_20260715_154609/summary.json,0.0,OptABA-PC,28.0,21.0,7.0,23.0,19.0,4.0,5.0,3.0,0.8260869565217391,0.9047619047619048,0.8636363636363636
cancer,Cancer (5),2056.0,31.0,results/paper_aaai2027/frozen/results/final_mcs_experiments_er_sf_alpha001_nowrong_noweight_50rep_chunked/wc_sweep_bnlearn_cancer_alpha001_nowrong_noweight_seed2026_2075_20260715_154609/summary.json,0.0,OptABA-PC,44.0,39.0,5.0,39.0,34.0,5.0,5.0,0.0,0.8717948717948718,0.8717948717948718,0.8717948717948718
cancer,Cancer (5),2057.0,32.0,results/paper_aaai2027/frozen/results/final_mcs_experiments_er_sf_alpha001_nowrong_noweight_50rep_chunked/wc_sweep_bnlearn_cancer_alpha001_nowrong_noweight_seed2026_2075_20260715_154609/summary.json,0.0,OptABA-PC,22.0,16.0,6.0,19.0,15.0,4.0,3.0,2.0,0.7894736842105263,0.9375,0.8571428571428571
cancer,Cancer (5),2058.0,33.0,results/paper_aaai2027/frozen/results/final_mcs_experiments_er_sf_alpha001_nowrong_noweight_50rep_chunked/wc_sweep_bnlearn_cancer_alpha001_nowrong_noweight_seed2026_2075_20260715_154609/summary.json,0.0,OptABA-PC,29.0,24.0,5.0,25.0,23.0,2.0,4.0,3.0,0.92,0.9583333333333334,0.9387755102040817
cancer,Cancer (5),2059.0,34.0,results/paper_aaai2027/frozen/results/final_mcs_experiments_er_sf_alpha001_nowrong_noweight_50rep_chunked/wc_sweep_bnlearn_cancer_alpha001_nowrong_noweight_seed2026_2075_20260715_154609/summary.json,0.0,OptABA-PC,22.0,16.0,6.0,19.0,15.0,4.0,3.0,2.0,0.7894736842105263,0.9375,0.8571428571428571
cancer,Cancer (5),2060.0,35.0,results/paper_aaai2027/frozen/results/final_mcs_experiments_er_sf_alpha001_nowrong_noweight_50rep_chunked/wc_sweep_bnlearn_cancer_alpha001_nowrong_noweight_seed2026_2075_20260715_154609/summary.json,0.0,OptABA-PC,28.0,21.0,7.0,23.0,18.0,5.0,5.0,2.0,0.782608695652174,0.8571428571428571,0.8181818181818182
cancer,Cancer (5),2061.0,36.0,results/paper_aaai2027/frozen/results/final_mcs_experiments_er_sf_alpha001_nowrong_noweight_50rep_chunked/wc_sweep_bnlearn_cancer_alpha001_nowrong_noweight_seed2026_2075_20260715_154609/summary.json,0.0,OptABA-PC,22.0,16.0,6.0,19.0,16.0,3.0,3.0,3.0,0.8421052631578947,1.0,0.9142857142857143
cancer,Cancer (5),2062.0,37.0,results/paper_aaai2027/frozen/results/final_mcs_experiments_er_sf_alpha001_nowrong_noweight_50rep_chunked/wc_sweep_bnlearn_cancer_alpha001_nowrong_noweight_seed2026_2075_20260715_154609/summary.json,0.0,OptABA-PC,44.0,38.0,6.0,38.0,38.0,0.0,6.0,6.0,1.0,1.0,1.0
cancer,Cancer (5),2063.0,38.0,results/paper_aaai2027/frozen/results/final_mcs_experiments_er_sf_alpha001_nowrong_noweight_50rep_chunked/wc_sweep_bnlearn_cancer_alpha001_nowrong_noweight_seed2026_2075_20260715_154609/summary.json,0.0,OptABA-PC,22.0,17.0,5.0,20.0,16.0,4.0,2.0,1.0,0.8,0.9411764705882353,0.8648648648648649
cancer,Cancer (5),2064.0,39.0,results/paper_aaai2027/frozen/results/final_mcs_experiments_er_sf_alpha001_nowrong_noweight_50rep_chunked/wc_sweep_bnlearn_cancer_alpha001_nowrong_noweight_seed2026_2075_20260715_154609/summary.json,0.0,OptABA-PC,44.0,39.0,5.0,39.0,34.0,5.0,5.0,0.0,0.8717948717948718,0.8717948717948718,0.8717948717948718
cancer,Cancer (5),2065.0,40.0,results/paper_aaai2027/frozen/results/final_mcs_experiments_er_sf_alpha001_nowrong_noweight_50rep_chunked/wc_sweep_bnlearn_cancer_alpha001_nowrong_noweight_seed2026_2075_20260715_154609/summary.json,0.0,OptABA-PC,44.0,39.0,5.0,39.0,39.0,0.0,5.0,5.0,1.0,1.0,1.0
cancer,Cancer (5),2066.0,41.0,results/paper_aaai2027/frozen/results/final_mcs_experiments_er_sf_alpha001_nowrong_noweight_50rep_chunked/wc_sweep_bnlearn_cancer_alpha001_nowrong_noweight_seed2026_2075_20260715_154609/summary.json,0.0,OptABA-PC,44.0,40.0,4.0,40.0,40.0,0.0,4.0,4.0,1.0,1.0,1.0
cancer,Cancer (5),2067.0,42.0,results/paper_aaai2027/frozen/results/final_mcs_experiments_er_sf_alpha001_nowrong_noweight_50rep_chunked/wc_sweep_bnlearn_cancer_alpha001_nowrong_noweight_seed2026_2075_20260715_154609/summary.json,0.0,OptABA-PC,44.0,39.0,5.0,39.0,37.0,2.0,5.0,3.0,0.9487179487179487,0.9487179487179487,0.9487179487179487
cancer,Cancer (5),2068.0,43.0,results/paper_aaai2027/frozen/results/final_mcs_experiments_er_sf_alpha001_nowrong_noweight_50rep_chunked/wc_sweep_bnlearn_cancer_alpha001_nowrong_noweight_seed2026_2075_20260715_154609/summary.json,0.0,OptABA-PC,39.0,35.0,4.0,36.0,34.0,2.0,3.0,2.0,0.9444444444444444,0.9714285714285714,0.9577464788732394
cancer,Cancer (5),2069.0,44.0,results/paper_aaai2027/frozen/results/final_mcs_experiments_er_sf_alpha001_nowrong_noweight_50rep_chunked/wc_sweep_bnlearn_cancer_alpha001_nowrong_noweight_seed2026_2075_20260715_154609/summary.json,0.0,OptABA-PC,28.0,22.0,6.0,24.0,19.0,5.0,4.0,1.0,0.7916666666666666,0.8636363636363636,0.8260869565217391
cancer,Cancer (5),2070.0,45.0,results/paper_aaai2027/frozen/results/final_mcs_experiments_er_sf_alpha001_nowrong_noweight_50rep_chunked/wc_sweep_bnlearn_cancer_alpha001_nowrong_noweight_seed2026_2075_20260715_154609/summary.json,0.0,OptABA-PC,35.0,17.0,18.0,30.0,16.0,14.0,5.0,4.0,0.5333333333333333,0.9411764705882353,0.6808510638297872
cancer,Cancer (5),2071.0,46.0,results/paper_aaai2027/frozen/results/final_mcs_experiments_er_sf_alpha001_nowrong_noweight_50rep_chunked/wc_sweep_bnlearn_cancer_alpha001_nowrong_noweight_seed2026_2075_20260715_154609/summary.json,0.0,OptABA-PC,22.0,16.0,6.0,19.0,15.0,4.0,3.0,2.0,0.7894736842105263,0.9375,0.8571428571428571
cancer,Cancer (5),2072.0,47.0,results/paper_aaai2027/frozen/results/final_mcs_experiments_er_sf_alpha001_nowrong_noweight_50rep_chunked/wc_sweep_bnlearn_cancer_alpha001_nowrong_noweight_seed2026_2075_20260715_154609/summary.json,0.0,OptABA-PC,22.0,17.0,5.0,20.0,16.0,4.0,2.0,1.0,0.8,0.9411764705882353,0.8648648648648649
cancer,Cancer (5),2073.0,48.0,results/paper_aaai2027/frozen/results/final_mcs_experiments_er_sf_alpha001_nowrong_noweight_50rep_chunked/wc_sweep_bnlearn_cancer_alpha001_nowrong_noweight_seed2026_2075_20260715_154609/summary.json,0.0,OptABA-PC,28.0,23.0,5.0,24.0,20.0,4.0,4.0,1.0,0.8333333333333334,0.8695652173913043,0.851063829787234
cancer,Cancer (5),2074.0,49.0,results/paper_aaai2027/frozen/results/final_mcs_experiments_er_sf_alpha001_nowrong_noweight_50rep_chunked/wc_sweep_bnlearn_cancer_alpha001_nowrong_noweight_seed2026_2075_20260715_154609/summary.json,0.0,OptABA-PC,44.0,39.0,5.0,39.0,39.0,0.0,5.0,5.0,1.0,1.0,1.0
cancer,Cancer (5),2075.0,50.0,results/paper_aaai2027/frozen/results/final_mcs_experiments_er_sf_alpha001_nowrong_noweight_50rep_chunked/wc_sweep_bnlearn_cancer_alpha001_nowrong_noweight_seed2026_2075_20260715_154609/summary.json,0.0,OptABA-PC,37.0,31.0,6.0,32.0,30.0,2.0,5.0,4.0,0.9375,0.967741935483871,0.9523809523809523
cancer,Cancer (5),2026.0,,results/paper_aaai2027/frozen/results/progress/paper_aspcr_dag_alpha001_n5000_50rep/cancer__aspcr_log_dag_dag.csv,,ASPCR-DAG,80.0,49.0,31.0,62.0,41.0,21.0,18.0,10.0,0.6612903225806451,0.8367346938775511,0.7387387387387386
cancer,Cancer (5),2027.0,,results/paper_aaai2027/frozen/results/progress/paper_aspcr_dag_alpha001_n5000_50rep/cancer__aspcr_log_dag_dag.csv,,ASPCR-DAG,80.0,57.0,23.0,64.0,49.0,15.0,16.0,8.0,0.765625,0.8596491228070176,0.8099173553719009
cancer,Cancer (5),2028.0,,results/paper_aaai2027/frozen/results/progress/paper_aspcr_dag_alpha001_n5000_50rep/cancer__aspcr_log_dag_dag.csv,,ASPCR-DAG,80.0,53.0,27.0,60.0,45.0,15.0,20.0,12.0,0.75,0.8490566037735849,0.7964601769911505
cancer,Cancer (5),2029.0,,results/paper_aaai2027/frozen/results/progress/paper_aspcr_dag_alpha001_n5000_50rep/cancer__aspcr_log_dag_dag.csv,,ASPCR-DAG,80.0,57.0,23.0,60.0,56.0,4.0,20.0,19.0,0.9333333333333332,0.9824561403508772,0.9572649572649572
cancer,Cancer (5),2030.0,,results/paper_aaai2027/frozen/results/progress/paper_aspcr_dag_alpha001_n5000_50rep/cancer__aspcr_log_dag_dag.csv,,ASPCR-DAG,80.0,53.0,27.0,56.0,33.0,23.0,24.0,4.0,0.5892857142857143,0.6226415094339622,0.6055045871559632
cancer,Cancer (5),2031.0,,results/paper_aaai2027/frozen/results/progress/paper_aspcr_dag_alpha001_n5000_50rep/cancer__aspcr_log_dag_dag.csv,,ASPCR-DAG,80.0,53.0,27.0,56.0,52.0,4.0,24.0,23.0,0.9285714285714286,0.981132075471698,0.9541284403669724
cancer,Cancer (5),2032.0,,results/paper_aaai2027/frozen/results/progress/paper_aspcr_dag_alpha001_n5000_50rep/cancer__aspcr_log_dag_dag.csv,,ASPCR-DAG,80.0,53.0,27.0,56.0,52.0,4.0,24.0,23.0,0.9285714285714286,0.981132075471698,0.9541284403669724
cancer,Cancer (5),2033.0,,results/paper_aaai2027/frozen/results/progress/paper_aspcr_dag_alpha001_n5000_50rep/cancer__aspcr_log_dag_dag.csv,,ASPCR-DAG,80.0,61.0,19.0,68.0,53.0,15.0,12.0,4.0,0.7794117647058824,0.8688524590163934,0.8217054263565892
cancer,Cancer (5),2034.0,,results/paper_aaai2027/frozen/results/progress/paper_aspcr_dag_alpha001_n5000_50rep/cancer__aspcr_log_dag_dag.csv,,ASPCR-DAG,80.0,57.0,23.0,65.0,56.0,9.0,15.0,14.0,0.8615384615384616,0.9824561403508772,0.9180327868852458
cancer,Cancer (5),2035.0,,results/paper_aaai2027/frozen/results/progress/paper_aspcr_dag_alpha001_n5000_50rep/cancer__aspcr_log_dag_dag.csv,,ASPCR-DAG,80.0,53.0,27.0,60.0,45.0,15.0,20.0,12.0,0.75,0.8490566037735849,0.7964601769911505
cancer,Cancer (5),2036.0,,results/paper_aaai2027/frozen/results/progress/paper_aspcr_dag_alpha001_n5000_50rep/cancer__aspcr_log_dag_dag.csv,,ASPCR-DAG,80.0,57.0,23.0,60.0,56.0,4.0,20.0,19.0,0.9333333333333332,0.9824561403508772,0.9572649572649572
cancer,Cancer (5),2037.0,,results/paper_aaai2027/frozen/results/progress/paper_aspcr_dag_alpha001_n5000_50rep/cancer__aspcr_log_dag_dag.csv,,ASPCR-DAG,80.0,53.0,27.0,64.0,37.0,27.0,16.0,0.0,0.578125,0.6981132075471698,0.6324786324786325
cancer,Cancer (5),2038.0,,results/paper_aaai2027/frozen/results/progress/paper_aspcr_dag_alpha001_n5000_50rep/cancer__aspcr_log_dag_dag.csv,,ASPCR-DAG,80.0,57.0,23.0,60.0,56.0,4.0,20.0,19.0,0.9333333333333332,0.9824561403508772,0.9572649572649572
cancer,Cancer (5),2039.0,,results/paper_aaai2027/frozen/results/progress/paper_aspcr_dag_alpha001_n5000_50rep/cancer__aspcr_log_dag_dag.csv,,ASPCR-DAG,80.0,53.0,27.0,56.0,52.0,4.0,24.0,23.0,0.9285714285714286,0.981132075471698,0.9541284403669724
cancer,Cancer (5),2040.0,,results/paper_aaai2027/frozen/results/progress/paper_aspcr_dag_alpha001_n5000_50rep/cancer__aspcr_log_dag_dag.csv,,ASPCR-DAG,80.0,53.0,27.0,56.0,52.0,4.0,24.0,23.0,0.9285714285714286,0.981132075471698,0.9541284403669724
cancer,Cancer (5),2041.0,,results/paper_aaai2027/frozen/results/progress/paper_aspcr_dag_alpha001_n5000_50rep/cancer__aspcr_log_dag_dag.csv,,ASPCR-DAG,80.0,45.0,35.0,68.0,45.0,23.0,12.0,12.0,0.6617647058823529,1.0,0.7964601769911505
cancer,Cancer (5),2042.0,,results/paper_aaai2027/frozen/results/progress/paper_aspcr_dag_alpha001_n5000_50rep/cancer__aspcr_log_dag_dag.csv,,ASPCR-DAG,80.0,53.0,27.0,60.0,33.0,27.0,20.0,0.0,0.55,0.6226415094339622,0.5840707964601771
cancer,Cancer (5),2043.0,,results/paper_aaai2027/frozen/results/progress/paper_aspcr_dag_alpha001_n5000_50rep/cancer__aspcr_log_dag_dag.csv,,ASPCR-DAG,80.0,57.0,23.0,64.0,56.0,8.0,16.0,15.0,0.875,0.9824561403508772,0.9256198347107438
cancer,Cancer (5),2044.0,,results/paper_aaai2027/frozen/results/progress/paper_aspcr_dag_alpha001_n5000_50rep/cancer__aspcr_log_dag_dag.csv,,ASPCR-DAG,80.0,51.0,29.0,60.0,41.0,19.0,20.0,10.0,0.6833333333333333,0.803921568627451,0.7387387387387387
cancer,Cancer (5),2045.0,,results/paper_aaai2027/frozen/results/progress/paper_aspcr_dag_alpha001_n5000_50rep/cancer__aspcr_log_dag_dag.csv,,ASPCR-DAG,80.0,53.0,27.0,56.0,52.0,4.0,24.0,23.0,0.9285714285714286,0.981132075471698,0.9541284403669724
cancer,Cancer (5),2046.0,,results/paper_aaai2027/frozen/results/progress/paper_aspcr_dag_alpha001_n5000_50rep/cancer__aspcr_log_dag_dag.csv,,ASPCR-DAG,80.0,57.0,23.0,60.0,56.0,4.0,20.0,19.0,0.9333333333333332,0.9824561403508772,0.9572649572649572
cancer,Cancer (5),2047.0,,results/paper_aaai2027/frozen/results/progress/paper_aspcr_dag_alpha001_n5000_50rep/cancer__aspcr_log_dag_dag.csv,,ASPCR-DAG,80.0,49.0,31.0,60.0,33.0,27.0,20.0,4.0,0.55,0.673469387755102,0.6055045871559633
cancer,Cancer (5),2048.0,,results/paper_aaai2027/frozen/results/progress/paper_aspcr_dag_alpha001_n5000_50rep/cancer__aspcr_log_dag_dag.csv,,ASPCR-DAG,80.0,53.0,27.0,56.0,52.0,4.0,24.0,23.0,0.9285714285714286,0.981132075471698,0.9541284403669724
cancer,Cancer (5),2049.0,,results/paper_aaai2027/frozen/results/progress/paper_aspcr_dag_alpha001_n5000_50rep/cancer__aspcr_log_dag_dag.csv,,ASPCR-DAG,80.0,49.0,31.0,72.0,49.0,23.0,8.0,8.0,0.6805555555555556,1.0,0.8099173553719008
cancer,Cancer (5),2050.0,,results/paper_aaai2027/frozen/results/progress/paper_aspcr_dag_alpha001_n5000_50rep/cancer__aspcr_log_dag_dag.csv,,ASPCR-DAG,80.0,57.0,23.0,64.0,49.0,15.0,16.0,8.0,0.765625,0.8596491228070176,0.8099173553719009
cancer,Cancer (5),2051.0,,results/paper_aaai2027/frozen/results/progress/paper_aspcr_dag_alpha001_n5000_50rep/cancer__aspcr_log_dag_dag.csv,,ASPCR-DAG,80.0,53.0,27.0,60.0,45.0,15.0,20.0,12.0,0.75,0.8490566037735849,0.7964601769911505
cancer,Cancer (5),2052.0,,results/paper_aaai2027/frozen/results/progress/paper_aspcr_dag_alpha001_n5000_50rep/cancer__aspcr_log_dag_dag.csv,,ASPCR-DAG,80.0,53.0,27.0,56.0,52.0,4.0,24.0,23.0,0.9285714285714286,0.981132075471698,0.9541284403669724
cancer,Cancer (5),2053.0,,results/paper_aaai2027/frozen/results/progress/paper_aspcr_dag_alpha001_n5000_50rep/cancer__aspcr_log_dag_dag.csv,,ASPCR-DAG,80.0,53.0,27.0,60.0,45.0,15.0,20.0,12.0,0.75,0.8490566037735849,0.7964601769911505
cancer,Cancer (5),2054.0,,results/paper_aaai2027/frozen/results/progress/paper_aspcr_dag_alpha001_n5000_50rep/cancer__aspcr_log_dag_dag.csv,,ASPCR-DAG,80.0,53.0,27.0,68.0,49.0,19.0,12.0,8.0,0.7205882352941176,0.9245283018867924,0.8099173553719008
cancer,Cancer (5),2055.0,,results/paper_aaai2027/frozen/results/progress/paper_aspcr_dag_alpha001_n5000_50rep/cancer__aspcr_log_dag_dag.csv,,ASPCR-DAG,80.0,53.0,27.0,56.0,52.0,4.0,24.0,23.0,0.9285714285714286,0.981132075471698,0.9541284403669724
cancer,Cancer (5),2056.0,,results/paper_aaai2027/frozen/results/progress/paper_aspcr_dag_alpha001_n5000_50rep/cancer__aspcr_log_dag_dag.csv,,ASPCR-DAG,80.0,53.0,27.0,56.0,33.0,23.0,24.0,4.0,0.5892857142857143,0.6226415094339622,0.6055045871559632
cancer,Cancer (5),2057.0,,results/paper_aaai2027/frozen/results/progress/paper_aspcr_dag_alpha001_n5000_50rep/cancer__aspcr_log_dag_dag.csv,,ASPCR-DAG,80.0,53.0,27.0,60.0,45.0,15.0,20.0,12.0,0.75,0.8490566037735849,0.7964601769911505
cancer,Cancer (5),2058.0,,results/paper_aaai2027/frozen/results/progress/paper_aspcr_dag_alpha001_n5000_50rep/cancer__aspcr_log_dag_dag.csv,,ASPCR-DAG,80.0,53.0,27.0,60.0,52.0,8.0,20.0,19.0,0.8666666666666667,0.981132075471698,0.9203539823008848
cancer,Cancer (5),2059.0,,results/paper_aaai2027/frozen/results/progress/paper_aspcr_dag_alpha001_n5000_50rep/cancer__aspcr_log_dag_dag.csv,,ASPCR-DAG,80.0,45.0,35.0,68.0,33.0,35.0,12.0,0.0,0.4852941176470588,0.7333333333333333,0.584070796460177
cancer,Cancer (5),2060.0,,results/paper_aaai2027/frozen/results/progress/paper_aspcr_dag_alpha001_n5000_50rep/cancer__aspcr_log_dag_dag.csv,,ASPCR-DAG,80.0,53.0,27.0,60.0,45.0,15.0,20.0,12.0,0.75,0.8490566037735849,0.7964601769911505
cancer,Cancer (5),2061.0,,results/paper_aaai2027/frozen/results/progress/paper_aspcr_dag_alpha001_n5000_50rep/cancer__aspcr_log_dag_dag.csv,,ASPCR-DAG,80.0,53.0,27.0,60.0,45.0,15.0,20.0,12.0,0.75,0.8490566037735849,0.7964601769911505
cancer,Cancer (5),2062.0,,results/paper_aaai2027/frozen/results/progress/paper_aspcr_dag_alpha001_n5000_50rep/cancer__aspcr_log_dag_dag.csv,,ASPCR-DAG,80.0,53.0,27.0,56.0,52.0,4.0,24.0,23.0,0.9285714285714286,0.981132075471698,0.9541284403669724
cancer,Cancer (5),2063.0,,results/paper_aaai2027/frozen/results/progress/paper_aspcr_dag_alpha001_n5000_50rep/cancer__aspcr_log_dag_dag.csv,,ASPCR-DAG,80.0,49.0,31.0,72.0,49.0,23.0,8.0,8.0,0.6805555555555556,1.0,0.8099173553719008
cancer,Cancer (5),2064.0,,results/paper_aaai2027/frozen/results/progress/paper_aspcr_dag_alpha001_n5000_50rep/cancer__aspcr_log_dag_dag.csv,,ASPCR-DAG,80.0,57.0,23.0,60.0,37.0,23.0,20.0,0.0,0.6166666666666667,0.6491228070175439,0.6324786324786326
cancer,Cancer (5),2065.0,,results/paper_aaai2027/frozen/results/progress/paper_aspcr_dag_alpha001_n5000_50rep/cancer__aspcr_log_dag_dag.csv,,ASPCR-DAG,80.0,53.0,27.0,56.0,52.0,4.0,24.0,23.0,0.9285714285714286,0.981132075471698,0.9541284403669724
cancer,Cancer (5),2066.0,,results/paper_aaai2027/frozen/results/progress/paper_aspcr_dag_alpha001_n5000_50rep/cancer__aspcr_log_dag_dag.csv,,ASPCR-DAG,80.0,57.0,23.0,60.0,56.0,4.0,20.0,19.0,0.9333333333333332,0.9824561403508772,0.9572649572649572
cancer,Cancer (5),2067.0,,results/paper_aaai2027/frozen/results/progress/paper_aspcr_dag_alpha001_n5000_50rep/cancer__aspcr_log_dag_dag.csv,,ASPCR-DAG,80.0,57.0,23.0,60.0,56.0,4.0,20.0,19.0,0.9333333333333332,0.9824561403508772,0.9572649572649572
cancer,Cancer (5),2068.0,,results/paper_aaai2027/frozen/results/progress/paper_aspcr_dag_alpha001_n5000_50rep/cancer__aspcr_log_dag_dag.csv,,ASPCR-DAG,80.0,61.0,19.0,64.0,60.0,4.0,16.0,15.0,0.9375,0.9836065573770492,0.96
cancer,Cancer (5),2069.0,,results/paper_aaai2027/frozen/results/progress/paper_aspcr_dag_alpha001_n5000_50rep/cancer__aspcr_log_dag_dag.csv,,ASPCR-DAG,80.0,53.0,27.0,60.0,48.0,12.0,20.0,15.0,0.8,0.9056603773584906,0.8495575221238938
cancer,Cancer (5),2070.0,,results/paper_aaai2027/frozen/results/progress/paper_aspcr_dag_alpha001_n5000_50rep/cancer__aspcr_log_dag_dag.csv,,ASPCR-DAG,80.0,51.0,29.0,60.0,44.0,16.0,20.0,13.0,0.7333333333333333,0.8627450980392157,0.7927927927927927
cancer,Cancer (5),2071.0,,results/paper_aaai2027/frozen/results/progress/paper_aspcr_dag_alpha001_n5000_50rep/cancer__aspcr_log_dag_dag.csv,,ASPCR-DAG,80.0,53.0,27.0,60.0,45.0,15.0,20.0,12.0,0.75,0.8490566037735849,0.7964601769911505
cancer,Cancer (5),2072.0,,results/paper_aaai2027/frozen/results/progress/paper_aspcr_dag_alpha001_n5000_50rep/cancer__aspcr_log_dag_dag.csv,,ASPCR-DAG,80.0,53.0,27.0,64.0,45.0,19.0,16.0,8.0,0.703125,0.8490566037735849,0.7692307692307692
cancer,Cancer (5),2073.0,,results/paper_aaai2027/frozen/results/progress/paper_aspcr_dag_alpha001_n5000_50rep/cancer__aspcr_log_dag_dag.csv,,ASPCR-DAG,80.0,61.0,19.0,66.0,49.0,17.0,14.0,2.0,0.7424242424242424,0.8032786885245902,0.7716535433070867
cancer,Cancer (5),2074.0,,results/paper_aaai2027/frozen/results/progress/paper_aspcr_dag_alpha001_n5000_50rep/cancer__aspcr_log_dag_dag.csv,,ASPCR-DAG,80.0,57.0,23.0,60.0,56.0,4.0,20.0,19.0,0.9333333333333332,0.9824561403508772,0.9572649572649572
cancer,Cancer (5),2075.0,,results/paper_aaai2027/frozen/results/progress/paper_aspcr_dag_alpha001_n5000_50rep/cancer__aspcr_log_dag_dag.csv,,ASPCR-DAG,80.0,53.0,27.0,56.0,52.0,4.0,24.0,23.0,0.9285714285714286,0.981132075471698,0.9541284403669724
earthquake,Earthquake (5),2026.0,1.0,results/paper_aaai2027/frozen/results/final_mcs_experiments_er_sf_alpha001_nowrong_noweight_50rep_chunked/wc_sweep_bnlearn_earthquake_alpha001_nowrong_noweight_seed2026_2075_20260715_155009/summary.json,0.0,ABA-PC,54.0,54.0,0.0,54.0,54.0,0.0,0.0,0.0,1.0,1.0,1.0
earthquake,Earthquake (5),2027.0,2.0,results/paper_aaai2027/frozen/results/final_mcs_experiments_er_sf_alpha001_nowrong_noweight_50rep_chunked/wc_sweep_bnlearn_earthquake_alpha001_nowrong_noweight_seed2026_2075_20260715_155009/summary.json,0.0,ABA-PC,54.0,54.0,0.0,54.0,54.0,0.0,0.0,0.0,1.0,1.0,1.0
earthquake,Earthquake (5),2028.0,3.0,results/paper_aaai2027/frozen/results/final_mcs_experiments_er_sf_alpha001_nowrong_noweight_50rep_chunked/wc_sweep_bnlearn_earthquake_alpha001_nowrong_noweight_seed2026_2075_20260715_155009/summary.json,0.0,ABA-PC,54.0,54.0,0.0,54.0,54.0,0.0,0.0,0.0,1.0,1.0,1.0
earthquake,Earthquake (5),2029.0,4.0,results/paper_aaai2027/frozen/results/final_mcs_experiments_er_sf_alpha001_nowrong_noweight_50rep_chunked/wc_sweep_bnlearn_earthquake_alpha001_nowrong_noweight_seed2026_2075_20260715_155009/summary.json,0.0,ABA-PC,54.0,54.0,0.0,54.0,54.0,0.0,0.0,0.0,1.0,1.0,1.0
earthquake,Earthquake (5),2030.0,5.0,results/paper_aaai2027/frozen/results/final_mcs_experiments_er_sf_alpha001_nowrong_noweight_50rep_chunked/wc_sweep_bnlearn_earthquake_alpha001_nowrong_noweight_seed2026_2075_20260715_155009/summary.json,0.0,ABA-PC,54.0,54.0,0.0,54.0,54.0,0.0,0.0,0.0,1.0,1.0,1.0
earthquake,Earthquake (5),2031.0,6.0,results/paper_aaai2027/frozen/results/final_mcs_experiments_er_sf_alpha001_nowrong_noweight_50rep_chunked/wc_sweep_bnlearn_earthquake_alpha001_nowrong_noweight_seed2026_2075_20260715_155009/summary.json,0.0,ABA-PC,54.0,54.0,0.0,54.0,54.0,0.0,0.0,0.0,1.0,1.0,1.0
earthquake,Earthquake (5),2032.0,7.0,results/paper_aaai2027/frozen/results/final_mcs_experiments_er_sf_alpha001_nowrong_noweight_50rep_chunked/wc_sweep_bnlearn_earthquake_alpha001_nowrong_noweight_seed2026_2075_20260715_155009/summary.json,0.0,ABA-PC,54.0,54.0,0.0,54.0,54.0,0.0,0.0,0.0,1.0,1.0,1.0
earthquake,Earthquake (5),2033.0,8.0,results/paper_aaai2027/frozen/results/final_mcs_experiments_er_sf_alpha001_nowrong_noweight_50rep_chunked/wc_sweep_bnlearn_earthquake_alpha001_nowrong_noweight_seed2026_2075_20260715_155009/summary.json,0.0,ABA-PC,59.0,57.0,2.0,54.0,53.0,1.0,5.0,1.0,0.9814814814814815,0.9298245614035088,0.954954954954955
earthquake,Earthquake (5),2034.0,9.0,results/paper_aaai2027/frozen/results/final_mcs_experiments_er_sf_alpha001_nowrong_noweight_50rep_chunked/wc_sweep_bnlearn_earthquake_alpha001_nowrong_noweight_seed2026_2075_20260715_155009/summary.json,0.0,ABA-PC,54.0,54.0,0.0,54.0,54.0,0.0,0.0,0.0,1.0,1.0,1.0
earthquake,Earthquake (5),2035.0,10.0,results/paper_aaai2027/frozen/results/final_mcs_experiments_er_sf_alpha001_nowrong_noweight_50rep_chunked/wc_sweep_bnlearn_earthquake_alpha001_nowrong_noweight_seed2026_2075_20260715_155009/summary.json,0.0,ABA-PC,54.0,54.0,0.0,54.0,54.0,0.0,0.0,0.0,1.0,1.0,1.0
earthquake,Earthquake (5),2036.0,11.0,results/paper_aaai2027/frozen/results/final_mcs_experiments_er_sf_alpha001_nowrong_noweight_50rep_chunked/wc_sweep_bnlearn_earthquake_alpha001_nowrong_noweight_seed2026_2075_20260715_155009/summary.json,0.0,ABA-PC,54.0,54.0,0.0,54.0,54.0,0.0,0.0,0.0,1.0,1.0,1.0
earthquake,Earthquake (5),2037.0,12.0,results/paper_aaai2027/frozen/results/final_mcs_experiments_er_sf_alpha001_nowrong_noweight_50rep_chunked/wc_sweep_bnlearn_earthquake_alpha001_nowrong_noweight_seed2026_2075_20260715_155009/summary.json,0.0,ABA-PC,58.0,57.0,1.0,58.0,57.0,1.0,0.0,0.0,0.9827586206896551,1.0,0.991304347826087
earthquake,Earthquake (5),2038.0,13.0,results/paper_aaai2027/frozen/results/final_mcs_experiments_er_sf_alpha001_nowrong_noweight_50rep_chunked/wc_sweep_bnlearn_earthquake_alpha001_nowrong_noweight_seed2026_2075_20260715_155009/summary.json,0.0,ABA-PC,54.0,54.0,0.0,54.0,54.0,0.0,0.0,0.0,1.0,1.0,1.0
earthquake,Earthquake (5),2039.0,14.0,results/paper_aaai2027/frozen/results/final_mcs_experiments_er_sf_alpha001_nowrong_noweight_50rep_chunked/wc_sweep_bnlearn_earthquake_alpha001_nowrong_noweight_seed2026_2075_20260715_155009/summary.json,0.0,ABA-PC,54.0,54.0,0.0,54.0,54.0,0.0,0.0,0.0,1.0,1.0,1.0
earthquake,Earthquake (5),2040.0,15.0,results/paper_aaai2027/frozen/results/final_mcs_experiments_er_sf_alpha001_nowrong_noweight_50rep_chunked/wc_sweep_bnlearn_earthquake_alpha001_nowrong_noweight_seed2026_2075_20260715_155009/summary.json,0.0,ABA-PC,54.0,54.0,0.0,54.0,54.0,0.0,0.0,0.0,1.0,1.0,1.0
earthquake,Earthquake (5),2041.0,16.0,results/paper_aaai2027/frozen/results/final_mcs_experiments_er_sf_alpha001_nowrong_noweight_50rep_chunked/wc_sweep_bnlearn_earthquake_alpha001_nowrong_noweight_seed2026_2075_20260715_155009/summary.json,0.0,ABA-PC,54.0,54.0,0.0,54.0,54.0,0.0,0.0,0.0,1.0,1.0,1.0
earthquake,Earthquake (5),2042.0,17.0,results/paper_aaai2027/frozen/results/final_mcs_experiments_er_sf_alpha001_nowrong_noweight_50rep_chunked/wc_sweep_bnlearn_earthquake_alpha001_nowrong_noweight_seed2026_2075_20260715_155009/summary.json,0.0,ABA-PC,54.0,54.0,0.0,54.0,54.0,0.0,0.0,0.0,1.0,1.0,1.0
earthquake,Earthquake (5),2043.0,18.0,results/paper_aaai2027/frozen/results/final_mcs_experiments_er_sf_alpha001_nowrong_noweight_50rep_chunked/wc_sweep_bnlearn_earthquake_alpha001_nowrong_noweight_seed2026_2075_20260715_155009/summary.json,0.0,ABA-PC,54.0,54.0,0.0,54.0,54.0,0.0,0.0,0.0,1.0,1.0,1.0
earthquake,Earthquake (5),2044.0,19.0,results/paper_aaai2027/frozen/results/final_mcs_experiments_er_sf_alpha001_nowrong_noweight_50rep_chunked/wc_sweep_bnlearn_earthquake_alpha001_nowrong_noweight_seed2026_2075_20260715_155009/summary.json,0.0,ABA-PC,58.0,57.0,1.0,58.0,57.0,1.0,0.0,0.0,0.9827586206896551,1.0,0.991304347826087
earthquake,Earthquake (5),2045.0,20.0,results/paper_aaai2027/frozen/results/final_mcs_experiments_er_sf_alpha001_nowrong_noweight_50rep_chunked/wc_sweep_bnlearn_earthquake_alpha001_nowrong_noweight_seed2026_2075_20260715_155009/summary.json,0.0,ABA-PC,54.0,54.0,0.0,54.0,54.0,0.0,0.0,0.0,1.0,1.0,1.0
earthquake,Earthquake (5),2046.0,21.0,results/paper_aaai2027/frozen/results/final_mcs_experiments_er_sf_alpha001_nowrong_noweight_50rep_chunked/wc_sweep_bnlearn_earthquake_alpha001_nowrong_noweight_seed2026_2075_20260715_155009/summary.json,0.0,ABA-PC,54.0,54.0,0.0,54.0,54.0,0.0,0.0,0.0,1.0,1.0,1.0
earthquake,Earthquake (5),2047.0,22.0,results/paper_aaai2027/frozen/results/final_mcs_experiments_er_sf_alpha001_nowrong_noweight_50rep_chunked/wc_sweep_bnlearn_earthquake_alpha001_nowrong_noweight_seed2026_2075_20260715_155009/summary.json,0.0,ABA-PC,54.0,54.0,0.0,54.0,54.0,0.0,0.0,0.0,1.0,1.0,1.0
earthquake,Earthquake (5),2048.0,23.0,results/paper_aaai2027/frozen/results/final_mcs_experiments_er_sf_alpha001_nowrong_noweight_50rep_chunked/wc_sweep_bnlearn_earthquake_alpha001_nowrong_noweight_seed2026_2075_20260715_155009/summary.json,0.0,ABA-PC,54.0,54.0,0.0,54.0,54.0,0.0,0.0,0.0,1.0,1.0,1.0
earthquake,Earthquake (5),2049.0,24.0,results/paper_aaai2027/frozen/results/final_mcs_experiments_er_sf_alpha001_nowrong_noweight_50rep_chunked/wc_sweep_bnlearn_earthquake_alpha001_nowrong_noweight_seed2026_2075_20260715_155009/summary.json,0.0,ABA-PC,54.0,54.0,0.0,54.0,54.0,0.0,0.0,0.0,1.0,1.0,1.0
earthquake,Earthquake (5),2050.0,25.0,results/paper_aaai2027/frozen/results/final_mcs_experiments_er_sf_alpha001_nowrong_noweight_50rep_chunked/wc_sweep_bnlearn_earthquake_alpha001_nowrong_noweight_seed2026_2075_20260715_155009/summary.json,0.0,ABA-PC,58.0,57.0,1.0,58.0,57.0,1.0,0.0,0.0,0.9827586206896551,1.0,0.991304347826087
earthquake,Earthquake (5),2051.0,26.0,results/paper_aaai2027/frozen/results/final_mcs_experiments_er_sf_alpha001_nowrong_noweight_50rep_chunked/wc_sweep_bnlearn_earthquake_alpha001_nowrong_noweight_seed2026_2075_20260715_155009/summary.json,0.0,ABA-PC,54.0,54.0,0.0,54.0,54.0,0.0,0.0,0.0,1.0,1.0,1.0
earthquake,Earthquake (5),2052.0,27.0,results/paper_aaai2027/frozen/results/final_mcs_experiments_er_sf_alpha001_nowrong_noweight_50rep_chunked/wc_sweep_bnlearn_earthquake_alpha001_nowrong_noweight_seed2026_2075_20260715_155009/summary.json,0.0,ABA-PC,54.0,54.0,0.0,54.0,54.0,0.0,0.0,0.0,1.0,1.0,1.0
earthquake,Earthquake (5),2053.0,28.0,results/paper_aaai2027/frozen/results/final_mcs_experiments_er_sf_alpha001_nowrong_noweight_50rep_chunked/wc_sweep_bnlearn_earthquake_alpha001_nowrong_noweight_seed2026_2075_20260715_155009/summary.json,0.0,ABA-PC,54.0,54.0,0.0,54.0,54.0,0.0,0.0,0.0,1.0,1.0,1.0
earthquake,Earthquake (5),2054.0,29.0,results/paper_aaai2027/frozen/results/final_mcs_experiments_er_sf_alpha001_nowrong_noweight_50rep_chunked/wc_sweep_bnlearn_earthquake_alpha001_nowrong_noweight_seed2026_2075_20260715_155009/summary.json,0.0,ABA-PC,54.0,54.0,0.0,54.0,54.0,0.0,0.0,0.0,1.0,1.0,1.0
earthquake,Earthquake (5),2055.0,30.0,results/paper_aaai2027/frozen/results/final_mcs_experiments_er_sf_alpha001_nowrong_noweight_50rep_chunked/wc_sweep_bnlearn_earthquake_alpha001_nowrong_noweight_seed2026_2075_20260715_155009/summary.json,0.0,ABA-PC,54.0,54.0,0.0,54.0,54.0,0.0,0.0,0.0,1.0,1.0,1.0
earthquake,Earthquake (5),2056.0,31.0,results/paper_aaai2027/frozen/results/final_mcs_experiments_er_sf_alpha001_nowrong_noweight_50rep_chunked/wc_sweep_bnlearn_earthquake_alpha001_nowrong_noweight_seed2026_2075_20260715_155009/summary.json,0.0,ABA-PC,54.0,54.0,0.0,54.0,54.0,0.0,0.0,0.0,1.0,1.0,1.0
earthquake,Earthquake (5),2057.0,32.0,results/paper_aaai2027/frozen/results/final_mcs_experiments_er_sf_alpha001_nowrong_noweight_50rep_chunked/wc_sweep_bnlearn_earthquake_alpha001_nowrong_noweight_seed2026_2075_20260715_155009/summary.json,0.0,ABA-PC,54.0,54.0,0.0,54.0,54.0,0.0,0.0,0.0,1.0,1.0,1.0
earthquake,Earthquake (5),2058.0,33.0,results/paper_aaai2027/frozen/results/final_mcs_experiments_er_sf_alpha001_nowrong_noweight_50rep_chunked/wc_sweep_bnlearn_earthquake_alpha001_nowrong_noweight_seed2026_2075_20260715_155009/summary.json,0.0,ABA-PC,54.0,54.0,0.0,54.0,54.0,0.0,0.0,0.0,1.0,1.0,1.0
earthquake,Earthquake (5),2059.0,34.0,results/paper_aaai2027/frozen/results/final_mcs_experiments_er_sf_alpha001_nowrong_noweight_50rep_chunked/wc_sweep_bnlearn_earthquake_alpha001_nowrong_noweight_seed2026_2075_20260715_155009/summary.json,0.0,ABA-PC,54.0,54.0,0.0,54.0,54.0,0.0,0.0,0.0,1.0,1.0,1.0
earthquake,Earthquake (5),2060.0,35.0,results/paper_aaai2027/frozen/results/final_mcs_experiments_er_sf_alpha001_nowrong_noweight_50rep_chunked/wc_sweep_bnlearn_earthquake_alpha001_nowrong_noweight_seed2026_2075_20260715_155009/summary.json,0.0,ABA-PC,54.0,54.0,0.0,54.0,54.0,0.0,0.0,0.0,1.0,1.0,1.0
earthquake,Earthquake (5),2061.0,36.0,results/paper_aaai2027/frozen/results/final_mcs_experiments_er_sf_alpha001_nowrong_noweight_50rep_chunked/wc_sweep_bnlearn_earthquake_alpha001_nowrong_noweight_seed2026_2075_20260715_155009/summary.json,0.0,ABA-PC,54.0,53.0,1.0,53.0,53.0,0.0,1.0,1.0,1.0,1.0,1.0
earthquake,Earthquake (5),2062.0,37.0,results/paper_aaai2027/frozen/results/final_mcs_experiments_er_sf_alpha001_nowrong_noweight_50rep_chunked/wc_sweep_bnlearn_earthquake_alpha001_nowrong_noweight_seed2026_2075_20260715_155009/summary.json,0.0,ABA-PC,54.0,54.0,0.0,54.0,54.0,0.0,0.0,0.0,1.0,1.0,1.0
earthquake,Earthquake (5),2063.0,38.0,results/paper_aaai2027/frozen/results/final_mcs_experiments_er_sf_alpha001_nowrong_noweight_50rep_chunked/wc_sweep_bnlearn_earthquake_alpha001_nowrong_noweight_seed2026_2075_20260715_155009/summary.json,0.0,ABA-PC,54.0,54.0,0.0,54.0,54.0,0.0,0.0,0.0,1.0,1.0,1.0
earthquake,Earthquake (5),2064.0,39.0,results/paper_aaai2027/frozen/results/final_mcs_experiments_er_sf_alpha001_nowrong_noweight_50rep_chunked/wc_sweep_bnlearn_earthquake_alpha001_nowrong_noweight_seed2026_2075_20260715_155009/summary.json,0.0,ABA-PC,54.0,54.0,0.0,54.0,54.0,0.0,0.0,0.0,1.0,1.0,1.0
earthquake,Earthquake (5),2065.0,40.0,results/paper_aaai2027/frozen/results/final_mcs_experiments_er_sf_alpha001_nowrong_noweight_50rep_chunked/wc_sweep_bnlearn_earthquake_alpha001_nowrong_noweight_seed2026_2075_20260715_155009/summary.json,0.0,ABA-PC,54.0,54.0,0.0,54.0,54.0,0.0,0.0,0.0,1.0,1.0,1.0
earthquake,Earthquake (5),2066.0,41.0,results/paper_aaai2027/frozen/results/final_mcs_experiments_er_sf_alpha001_nowrong_noweight_50rep_chunked/wc_sweep_bnlearn_earthquake_alpha001_nowrong_noweight_seed2026_2075_20260715_155009/summary.json,0.0,ABA-PC,54.0,54.0,0.0,54.0,54.0,0.0,0.0,0.0,1.0,1.0,1.0
earthquake,Earthquake (5),2067.0,42.0,results/paper_aaai2027/frozen/results/final_mcs_experiments_er_sf_alpha001_nowrong_noweight_50rep_chunked/wc_sweep_bnlearn_earthquake_alpha001_nowrong_noweight_seed2026_2075_20260715_155009/summary.json,0.0,ABA-PC,54.0,54.0,0.0,54.0,54.0,0.0,0.0,0.0,1.0,1.0,1.0
earthquake,Earthquake (5),2068.0,43.0,results/paper_aaai2027/frozen/results/final_mcs_experiments_er_sf_alpha001_nowrong_noweight_50rep_chunked/wc_sweep_bnlearn_earthquake_alpha001_nowrong_noweight_seed2026_2075_20260715_155009/summary.json,0.0,ABA-PC,54.0,54.0,0.0,54.0,54.0,0.0,0.0,0.0,1.0,1.0,1.0
earthquake,Earthquake (5),2069.0,44.0,results/paper_aaai2027/frozen/results/final_mcs_experiments_er_sf_alpha001_nowrong_noweight_50rep_chunked/wc_sweep_bnlearn_earthquake_alpha001_nowrong_noweight_seed2026_2075_20260715_155009/summary.json,0.0,ABA-PC,54.0,53.0,1.0,53.0,53.0,0.0,1.0,1.0,1.0,1.0,1.0
earthquake,Earthquake (5),2070.0,45.0,results/paper_aaai2027/frozen/results/final_mcs_experiments_er_sf_alpha001_nowrong_noweight_50rep_chunked/wc_sweep_bnlearn_earthquake_alpha001_nowrong_noweight_seed2026_2075_20260715_155009/summary.json,0.0,ABA-PC,54.0,54.0,0.0,54.0,54.0,0.0,0.0,0.0,1.0,1.0,1.0
earthquake,Earthquake (5),2071.0,46.0,results/paper_aaai2027/frozen/results/final_mcs_experiments_er_sf_alpha001_nowrong_noweight_50rep_chunked/wc_sweep_bnlearn_earthquake_alpha001_nowrong_noweight_seed2026_2075_20260715_155009/summary.json,0.0,ABA-PC,54.0,54.0,0.0,54.0,54.0,0.0,0.0,0.0,1.0,1.0,1.0
earthquake,Earthquake (5),2072.0,47.0,results/paper_aaai2027/frozen/results/final_mcs_experiments_er_sf_alpha001_nowrong_noweight_50rep_chunked/wc_sweep_bnlearn_earthquake_alpha001_nowrong_noweight_seed2026_2075_20260715_155009/summary.json,0.0,ABA-PC,54.0,54.0,0.0,54.0,54.0,0.0,0.0,0.0,1.0,1.0,1.0
earthquake,Earthquake (5),2073.0,48.0,results/paper_aaai2027/frozen/results/final_mcs_experiments_er_sf_alpha001_nowrong_noweight_50rep_chunked/wc_sweep_bnlearn_earthquake_alpha001_nowrong_noweight_seed2026_2075_20260715_155009/summary.json,0.0,ABA-PC,54.0,54.0,0.0,54.0,54.0,0.0,0.0,0.0,1.0,1.0,1.0
earthquake,Earthquake (5),2074.0,49.0,results/paper_aaai2027/frozen/results/final_mcs_experiments_er_sf_alpha001_nowrong_noweight_50rep_chunked/wc_sweep_bnlearn_earthquake_alpha001_nowrong_noweight_seed2026_2075_20260715_155009/summary.json,0.0,ABA-PC,54.0,54.0,0.0,54.0,54.0,0.0,0.0,0.0,1.0,1.0,1.0
earthquake,Earthquake (5),2075.0,50.0,results/paper_aaai2027/frozen/results/final_mcs_experiments_er_sf_alpha001_nowrong_noweight_50rep_chunked/wc_sweep_bnlearn_earthquake_alpha001_nowrong_noweight_seed2026_2075_20260715_155009/summary.json,0.0,ABA-PC,54.0,54.0,0.0,54.0,54.0,0.0,0.0,0.0,1.0,1.0,1.0
earthquake,Earthquake (5),2026.0,1.0,results/paper_aaai2027/frozen/results/final_mcs_experiments_er_sf_alpha001_nowrong_noweight_50rep_chunked/wc_sweep_bnlearn_earthquake_alpha001_nowrong_noweight_seed2026_2075_20260715_155009/summary.json,0.0,OptABA-PC,54.0,54.0,0.0,54.0,54.0,0.0,0.0,0.0,1.0,1.0,1.0
earthquake,Earthquake (5),2027.0,2.0,results/paper_aaai2027/frozen/results/final_mcs_experiments_er_sf_alpha001_nowrong_noweight_50rep_chunked/wc_sweep_bnlearn_earthquake_alpha001_nowrong_noweight_seed2026_2075_20260715_155009/summary.json,0.0,OptABA-PC,54.0,54.0,0.0,54.0,54.0,0.0,0.0,0.0,1.0,1.0,1.0
earthquake,Earthquake (5),2028.0,3.0,results/paper_aaai2027/frozen/results/final_mcs_experiments_er_sf_alpha001_nowrong_noweight_50rep_chunked/wc_sweep_bnlearn_earthquake_alpha001_nowrong_noweight_seed2026_2075_20260715_155009/summary.json,0.0,OptABA-PC,54.0,54.0,0.0,54.0,54.0,0.0,0.0,0.0,1.0,1.0,1.0
earthquake,Earthquake (5),2029.0,4.0,results/paper_aaai2027/frozen/results/final_mcs_experiments_er_sf_alpha001_nowrong_noweight_50rep_chunked/wc_sweep_bnlearn_earthquake_alpha001_nowrong_noweight_seed2026_2075_20260715_155009/summary.json,0.0,OptABA-PC,54.0,54.0,0.0,54.0,54.0,0.0,0.0,0.0,1.0,1.0,1.0
earthquake,Earthquake (5),2030.0,5.0,results/paper_aaai2027/frozen/results/final_mcs_experiments_er_sf_alpha001_nowrong_noweight_50rep_chunked/wc_sweep_bnlearn_earthquake_alpha001_nowrong_noweight_seed2026_2075_20260715_155009/summary.json,0.0,OptABA-PC,54.0,54.0,0.0,54.0,54.0,0.0,0.0,0.0,1.0,1.0,1.0
earthquake,Earthquake (5),2031.0,6.0,results/paper_aaai2027/frozen/results/final_mcs_experiments_er_sf_alpha001_nowrong_noweight_50rep_chunked/wc_sweep_bnlearn_earthquake_alpha001_nowrong_noweight_seed2026_2075_20260715_155009/summary.json,0.0,OptABA-PC,54.0,54.0,0.0,54.0,54.0,0.0,0.0,0.0,1.0,1.0,1.0
earthquake,Earthquake (5),2032.0,7.0,results/paper_aaai2027/frozen/results/final_mcs_experiments_er_sf_alpha001_nowrong_noweight_50rep_chunked/wc_sweep_bnlearn_earthquake_alpha001_nowrong_noweight_seed2026_2075_20260715_155009/summary.json,0.0,OptABA-PC,54.0,54.0,0.0,54.0,54.0,0.0,0.0,0.0,1.0,1.0,1.0
earthquake,Earthquake (5),2033.0,8.0,results/paper_aaai2027/frozen/results/final_mcs_experiments_er_sf_alpha001_nowrong_noweight_50rep_chunked/wc_sweep_bnlearn_earthquake_alpha001_nowrong_noweight_seed2026_2075_20260715_155009/summary.json,0.0,OptABA-PC,59.0,57.0,2.0,57.0,56.0,1.0,2.0,1.0,0.9824561403508771,0.9824561403508771,0.9824561403508771
earthquake,Earthquake (5),2034.0,9.0,results/paper_aaai2027/frozen/results/final_mcs_experiments_er_sf_alpha001_nowrong_noweight_50rep_chunked/wc_sweep_bnlearn_earthquake_alpha001_nowrong_noweight_seed2026_2075_20260715_155009/summary.json,0.0,OptABA-PC,54.0,54.0,0.0,54.0,54.0,0.0,0.0,0.0,1.0,1.0,1.0
earthquake,Earthquake (5),2035.0,10.0,results/paper_aaai2027/frozen/results/final_mcs_experiments_er_sf_alpha001_nowrong_noweight_50rep_chunked/wc_sweep_bnlearn_earthquake_alpha001_nowrong_noweight_seed2026_2075_20260715_155009/summary.json,0.0,OptABA-PC,54.0,54.0,0.0,54.0,54.0,0.0,0.0,0.0,1.0,1.0,1.0
earthquake,Earthquake (5),2036.0,11.0,results/paper_aaai2027/frozen/results/final_mcs_experiments_er_sf_alpha001_nowrong_noweight_50rep_chunked/wc_sweep_bnlearn_earthquake_alpha001_nowrong_noweight_seed2026_2075_20260715_155009/summary.json,0.0,OptABA-PC,54.0,54.0,0.0,54.0,54.0,0.0,0.0,0.0,1.0,1.0,1.0
earthquake,Earthquake (5),2037.0,12.0,results/paper_aaai2027/frozen/results/final_mcs_experiments_er_sf_alpha001_nowrong_noweight_50rep_chunked/wc_sweep_bnlearn_earthquake_alpha001_nowrong_noweight_seed2026_2075_20260715_155009/summary.json,0.0,OptABA-PC,58.0,57.0,1.0,58.0,57.0,1.0,0.0,0.0,0.9827586206896551,1.0,0.991304347826087
earthquake,Earthquake (5),2038.0,13.0,results/paper_aaai2027/frozen/results/final_mcs_experiments_er_sf_alpha001_nowrong_noweight_50rep_chunked/wc_sweep_bnlearn_earthquake_alpha001_nowrong_noweight_seed2026_2075_20260715_155009/summary.json,0.0,OptABA-PC,54.0,54.0,0.0,54.0,54.0,0.0,0.0,0.0,1.0,1.0,1.0
earthquake,Earthquake (5),2039.0,14.0,results/paper_aaai2027/frozen/results/final_mcs_experiments_er_sf_alpha001_nowrong_noweight_50rep_chunked/wc_sweep_bnlearn_earthquake_alpha001_nowrong_noweight_seed2026_2075_20260715_155009/summary.json,0.0,OptABA-PC,54.0,54.0,0.0,54.0,54.0,0.0,0.0,0.0,1.0,1.0,1.0
earthquake,Earthquake (5),2040.0,15.0,results/paper_aaai2027/frozen/results/final_mcs_experiments_er_sf_alpha001_nowrong_noweight_50rep_chunked/wc_sweep_bnlearn_earthquake_alpha001_nowrong_noweight_seed2026_2075_20260715_155009/summary.json,0.0,OptABA-PC,54.0,54.0,0.0,54.0,54.0,0.0,0.0,0.0,1.0,1.0,1.0
earthquake,Earthquake (5),2041.0,16.0,results/paper_aaai2027/frozen/results/final_mcs_experiments_er_sf_alpha001_nowrong_noweight_50rep_chunked/wc_sweep_bnlearn_earthquake_alpha001_nowrong_noweight_seed2026_2075_20260715_155009/summary.json,0.0,OptABA-PC,54.0,54.0,0.0,54.0,54.0,0.0,0.0,0.0,1.0,1.0,1.0
earthquake,Earthquake (5),2042.0,17.0,results/paper_aaai2027/frozen/results/final_mcs_experiments_er_sf_alpha001_nowrong_noweight_50rep_chunked/wc_sweep_bnlearn_earthquake_alpha001_nowrong_noweight_seed2026_2075_20260715_155009/summary.json,0.0,OptABA-PC,54.0,54.0,0.0,54.0,54.0,0.0,0.0,0.0,1.0,1.0,1.0
earthquake,Earthquake (5),2043.0,18.0,results/paper_aaai2027/frozen/results/final_mcs_experiments_er_sf_alpha001_nowrong_noweight_50rep_chunked/wc_sweep_bnlearn_earthquake_alpha001_nowrong_noweight_seed2026_2075_20260715_155009/summary.json,0.0,OptABA-PC,54.0,54.0,0.0,54.0,54.0,0.0,0.0,0.0,1.0,1.0,1.0
earthquake,Earthquake (5),2044.0,19.0,results/paper_aaai2027/frozen/results/final_mcs_experiments_er_sf_alpha001_nowrong_noweight_50rep_chunked/wc_sweep_bnlearn_earthquake_alpha001_nowrong_noweight_seed2026_2075_20260715_155009/summary.json,0.0,OptABA-PC,58.0,57.0,1.0,58.0,57.0,1.0,0.0,0.0,0.9827586206896551,1.0,0.991304347826087
earthquake,Earthquake (5),2045.0,20.0,results/paper_aaai2027/frozen/results/final_mcs_experiments_er_sf_alpha001_nowrong_noweight_50rep_chunked/wc_sweep_bnlearn_earthquake_alpha001_nowrong_noweight_seed2026_2075_20260715_155009/summary.json,0.0,OptABA-PC,54.0,54.0,0.0,54.0,54.0,0.0,0.0,0.0,1.0,1.0,1.0
earthquake,Earthquake (5),2046.0,21.0,results/paper_aaai2027/frozen/results/final_mcs_experiments_er_sf_alpha001_nowrong_noweight_50rep_chunked/wc_sweep_bnlearn_earthquake_alpha001_nowrong_noweight_seed2026_2075_20260715_155009/summary.json,0.0,OptABA-PC,54.0,54.0,0.0,54.0,54.0,0.0,0.0,0.0,1.0,1.0,1.0
earthquake,Earthquake (5),2047.0,22.0,results/paper_aaai2027/frozen/results/final_mcs_experiments_er_sf_alpha001_nowrong_noweight_50rep_chunked/wc_sweep_bnlearn_earthquake_alpha001_nowrong_noweight_seed2026_2075_20260715_155009/summary.json,0.0,OptABA-PC,54.0,54.0,0.0,54.0,54.0,0.0,0.0,0.0,1.0,1.0,1.0
earthquake,Earthquake (5),2048.0,23.0,results/paper_aaai2027/frozen/results/final_mcs_experiments_er_sf_alpha001_nowrong_noweight_50rep_chunked/wc_sweep_bnlearn_earthquake_alpha001_nowrong_noweight_seed2026_2075_20260715_155009/summary.json,0.0,OptABA-PC,54.0,54.0,0.0,54.0,54.0,0.0,0.0,0.0,1.0,1.0,1.0
earthquake,Earthquake (5),2049.0,24.0,results/paper_aaai2027/frozen/results/final_mcs_experiments_er_sf_alpha001_nowrong_noweight_50rep_chunked/wc_sweep_bnlearn_earthquake_alpha001_nowrong_noweight_seed2026_2075_20260715_155009/summary.json,0.0,OptABA-PC,54.0,54.0,0.0,54.0,54.0,0.0,0.0,0.0,1.0,1.0,1.0
earthquake,Earthquake (5),2050.0,25.0,results/paper_aaai2027/frozen/results/final_mcs_experiments_er_sf_alpha001_nowrong_noweight_50rep_chunked/wc_sweep_bnlearn_earthquake_alpha001_nowrong_noweight_seed2026_2075_20260715_155009/summary.json,0.0,OptABA-PC,58.0,57.0,1.0,58.0,57.0,1.0,0.0,0.0,0.9827586206896551,1.0,0.991304347826087
earthquake,Earthquake (5),2051.0,26.0,results/paper_aaai2027/frozen/results/final_mcs_experiments_er_sf_alpha001_nowrong_noweight_50rep_chunked/wc_sweep_bnlearn_earthquake_alpha001_nowrong_noweight_seed2026_2075_20260715_155009/summary.json,0.0,OptABA-PC,54.0,54.0,0.0,54.0,54.0,0.0,0.0,0.0,1.0,1.0,1.0
earthquake,Earthquake (5),2052.0,27.0,results/paper_aaai2027/frozen/results/final_mcs_experiments_er_sf_alpha001_nowrong_noweight_50rep_chunked/wc_sweep_bnlearn_earthquake_alpha001_nowrong_noweight_seed2026_2075_20260715_155009/summary.json,0.0,OptABA-PC,54.0,54.0,0.0,54.0,54.0,0.0,0.0,0.0,1.0,1.0,1.0
earthquake,Earthquake (5),2053.0,28.0,results/paper_aaai2027/frozen/results/final_mcs_experiments_er_sf_alpha001_nowrong_noweight_50rep_chunked/wc_sweep_bnlearn_earthquake_alpha001_nowrong_noweight_seed2026_2075_20260715_155009/summary.json,0.0,OptABA-PC,54.0,54.0,0.0,54.0,54.0,0.0,0.0,0.0,1.0,1.0,1.0
earthquake,Earthquake (5),2054.0,29.0,results/paper_aaai2027/frozen/results/final_mcs_experiments_er_sf_alpha001_nowrong_noweight_50rep_chunked/wc_sweep_bnlearn_earthquake_alpha001_nowrong_noweight_seed2026_2075_20260715_155009/summary.json,0.0,OptABA-PC,54.0,54.0,0.0,54.0,54.0,0.0,0.0,0.0,1.0,1.0,1.0
earthquake,Earthquake (5),2055.0,30.0,results/paper_aaai2027/frozen/results/final_mcs_experiments_er_sf_alpha001_nowrong_noweight_50rep_chunked/wc_sweep_bnlearn_earthquake_alpha001_nowrong_noweight_seed2026_2075_20260715_155009/summary.json,0.0,OptABA-PC,54.0,54.0,0.0,54.0,54.0,0.0,0.0,0.0,1.0,1.0,1.0
earthquake,Earthquake (5),2056.0,31.0,results/paper_aaai2027/frozen/results/final_mcs_experiments_er_sf_alpha001_nowrong_noweight_50rep_chunked/wc_sweep_bnlearn_earthquake_alpha001_nowrong_noweight_seed2026_2075_20260715_155009/summary.json,0.0,OptABA-PC,54.0,54.0,0.0,54.0,54.0,0.0,0.0,0.0,1.0,1.0,1.0
earthquake,Earthquake (5),2057.0,32.0,results/paper_aaai2027/frozen/results/final_mcs_experiments_er_sf_alpha001_nowrong_noweight_50rep_chunked/wc_sweep_bnlearn_earthquake_alpha001_nowrong_noweight_seed2026_2075_20260715_155009/summary.json,0.0,OptABA-PC,54.0,54.0,0.0,54.0,54.0,0.0,0.0,0.0,1.0,1.0,1.0
earthquake,Earthquake (5),2058.0,33.0,results/paper_aaai2027/frozen/results/final_mcs_experiments_er_sf_alpha001_nowrong_noweight_50rep_chunked/wc_sweep_bnlearn_earthquake_alpha001_nowrong_noweight_seed2026_2075_20260715_155009/summary.json,0.0,OptABA-PC,54.0,54.0,0.0,54.0,54.0,0.0,0.0,0.0,1.0,1.0,1.0
earthquake,Earthquake (5),2059.0,34.0,results/paper_aaai2027/frozen/results/final_mcs_experiments_er_sf_alpha001_nowrong_noweight_50rep_chunked/wc_sweep_bnlearn_earthquake_alpha001_nowrong_noweight_seed2026_2075_20260715_155009/summary.json,0.0,OptABA-PC,54.0,54.0,0.0,54.0,54.0,0.0,0.0,0.0,1.0,1.0,1.0
earthquake,Earthquake (5),2060.0,35.0,results/paper_aaai2027/frozen/results/final_mcs_experiments_er_sf_alpha001_nowrong_noweight_50rep_chunked/wc_sweep_bnlearn_earthquake_alpha001_nowrong_noweight_seed2026_2075_20260715_155009/summary.json,0.0,OptABA-PC,54.0,54.0,0.0,54.0,54.0,0.0,0.0,0.0,1.0,1.0,1.0
earthquake,Earthquake (5),2061.0,36.0,results/paper_aaai2027/frozen/results/final_mcs_experiments_er_sf_alpha001_nowrong_noweight_50rep_chunked/wc_sweep_bnlearn_earthquake_alpha001_nowrong_noweight_seed2026_2075_20260715_155009/summary.json,0.0,OptABA-PC,54.0,53.0,1.0,53.0,53.0,0.0,1.0,1.0,1.0,1.0,1.0
earthquake,Earthquake (5),2062.0,37.0,results/paper_aaai2027/frozen/results/final_mcs_experiments_er_sf_alpha001_nowrong_noweight_50rep_chunked/wc_sweep_bnlearn_earthquake_alpha001_nowrong_noweight_seed2026_2075_20260715_155009/summary.json,0.0,OptABA-PC,54.0,54.0,0.0,54.0,54.0,0.0,0.0,0.0,1.0,1.0,1.0
earthquake,Earthquake (5),2063.0,38.0,results/paper_aaai2027/frozen/results/final_mcs_experiments_er_sf_alpha001_nowrong_noweight_50rep_chunked/wc_sweep_bnlearn_earthquake_alpha001_nowrong_noweight_seed2026_2075_20260715_155009/summary.json,0.0,OptABA-PC,54.0,54.0,0.0,54.0,54.0,0.0,0.0,0.0,1.0,1.0,1.0
earthquake,Earthquake (5),2064.0,39.0,results/paper_aaai2027/frozen/results/final_mcs_experiments_er_sf_alpha001_nowrong_noweight_50rep_chunked/wc_sweep_bnlearn_earthquake_alpha001_nowrong_noweight_seed2026_2075_20260715_155009/summary.json,0.0,OptABA-PC,54.0,54.0,0.0,54.0,54.0,0.0,0.0,0.0,1.0,1.0,1.0
earthquake,Earthquake (5),2065.0,40.0,results/paper_aaai2027/frozen/results/final_mcs_experiments_er_sf_alpha001_nowrong_noweight_50rep_chunked/wc_sweep_bnlearn_earthquake_alpha001_nowrong_noweight_seed2026_2075_20260715_155009/summary.json,0.0,OptABA-PC,54.0,54.0,0.0,54.0,54.0,0.0,0.0,0.0,1.0,1.0,1.0
earthquake,Earthquake (5),2066.0,41.0,results/paper_aaai2027/frozen/results/final_mcs_experiments_er_sf_alpha001_nowrong_noweight_50rep_chunked/wc_sweep_bnlearn_earthquake_alpha001_nowrong_noweight_seed2026_2075_20260715_155009/summary.json,0.0,OptABA-PC,54.0,54.0,0.0,54.0,54.0,0.0,0.0,0.0,1.0,1.0,1.0
earthquake,Earthquake (5),2067.0,42.0,results/paper_aaai2027/frozen/results/final_mcs_experiments_er_sf_alpha001_nowrong_noweight_50rep_chunked/wc_sweep_bnlearn_earthquake_alpha001_nowrong_noweight_seed2026_2075_20260715_155009/summary.json,0.0,OptABA-PC,54.0,54.0,0.0,54.0,54.0,0.0,0.0,0.0,1.0,1.0,1.0
earthquake,Earthquake (5),2068.0,43.0,results/paper_aaai2027/frozen/results/final_mcs_experiments_er_sf_alpha001_nowrong_noweight_50rep_chunked/wc_sweep_bnlearn_earthquake_alpha001_nowrong_noweight_seed2026_2075_20260715_155009/summary.json,0.0,OptABA-PC,54.0,54.0,0.0,54.0,54.0,0.0,0.0,0.0,1.0,1.0,1.0
earthquake,Earthquake (5),2069.0,44.0,results/paper_aaai2027/frozen/results/final_mcs_experiments_er_sf_alpha001_nowrong_noweight_50rep_chunked/wc_sweep_bnlearn_earthquake_alpha001_nowrong_noweight_seed2026_2075_20260715_155009/summary.json,0.0,OptABA-PC,54.0,53.0,1.0,53.0,53.0,0.0,1.0,1.0,1.0,1.0,1.0
earthquake,Earthquake (5),2070.0,45.0,results/paper_aaai2027/frozen/results/final_mcs_experiments_er_sf_alpha001_nowrong_noweight_50rep_chunked/wc_sweep_bnlearn_earthquake_alpha001_nowrong_noweight_seed2026_2075_20260715_155009/summary.json,0.0,OptABA-PC,54.0,54.0,0.0,54.0,54.0,0.0,0.0,0.0,1.0,1.0,1.0
earthquake,Earthquake (5),2071.0,46.0,results/paper_aaai2027/frozen/results/final_mcs_experiments_er_sf_alpha001_nowrong_noweight_50rep_chunked/wc_sweep_bnlearn_earthquake_alpha001_nowrong_noweight_seed2026_2075_20260715_155009/summary.json,0.0,OptABA-PC,54.0,54.0,0.0,54.0,54.0,0.0,0.0,0.0,1.0,1.0,1.0
earthquake,Earthquake (5),2072.0,47.0,results/paper_aaai2027/frozen/results/final_mcs_experiments_er_sf_alpha001_nowrong_noweight_50rep_chunked/wc_sweep_bnlearn_earthquake_alpha001_nowrong_noweight_seed2026_2075_20260715_155009/summary.json,0.0,OptABA-PC,54.0,54.0,0.0,54.0,54.0,0.0,0.0,0.0,1.0,1.0,1.0
earthquake,Earthquake (5),2073.0,48.0,results/paper_aaai2027/frozen/results/final_mcs_experiments_er_sf_alpha001_nowrong_noweight_50rep_chunked/wc_sweep_bnlearn_earthquake_alpha001_nowrong_noweight_seed2026_2075_20260715_155009/summary.json,0.0,OptABA-PC,54.0,54.0,0.0,54.0,54.0,0.0,0.0,0.0,1.0,1.0,1.0
earthquake,Earthquake (5),2074.0,49.0,results/paper_aaai2027/frozen/results/final_mcs_experiments_er_sf_alpha001_nowrong_noweight_50rep_chunked/wc_sweep_bnlearn_earthquake_alpha001_nowrong_noweight_seed2026_2075_20260715_155009/summary.json,0.0,OptABA-PC,54.0,54.0,0.0,54.0,54.0,0.0,0.0,0.0,1.0,1.0,1.0
earthquake,Earthquake (5),2075.0,50.0,results/paper_aaai2027/frozen/results/final_mcs_experiments_er_sf_alpha001_nowrong_noweight_50rep_chunked/wc_sweep_bnlearn_earthquake_alpha001_nowrong_noweight_seed2026_2075_20260715_155009/summary.json,0.0,OptABA-PC,54.0,54.0,0.0,54.0,54.0,0.0,0.0,0.0,1.0,1.0,1.0
earthquake,Earthquake (5),2026.0,,results/paper_aaai2027/frozen/results/progress/paper_aspcr_dag_alpha001_n5000_50rep/earthquake__aspcr_log_dag_dag.csv,,ASPCR-DAG,80.0,78.0,2.0,79.0,78.0,1.0,1.0,1.0,0.9873417721518988,1.0,0.9936305732484078
earthquake,Earthquake (5),2027.0,,results/paper_aaai2027/frozen/results/progress/paper_aspcr_dag_alpha001_n5000_50rep/earthquake__aspcr_log_dag_dag.csv,,ASPCR-DAG,80.0,80.0,0.0,80.0,80.0,0.0,0.0,0.0,1.0,1.0,1.0
earthquake,Earthquake (5),2028.0,,results/paper_aaai2027/frozen/results/progress/paper_aspcr_dag_alpha001_n5000_50rep/earthquake__aspcr_log_dag_dag.csv,,ASPCR-DAG,80.0,74.0,6.0,74.0,74.0,0.0,6.0,6.0,1.0,1.0,1.0
earthquake,Earthquake (5),2029.0,,results/paper_aaai2027/frozen/results/progress/paper_aspcr_dag_alpha001_n5000_50rep/earthquake__aspcr_log_dag_dag.csv,,ASPCR-DAG,80.0,75.0,5.0,77.0,73.0,4.0,3.0,1.0,0.948051948051948,0.9733333333333334,0.9605263157894736
earthquake,Earthquake (5),2030.0,,results/paper_aaai2027/frozen/results/progress/paper_aspcr_dag_alpha001_n5000_50rep/earthquake__aspcr_log_dag_dag.csv,,ASPCR-DAG,80.0,74.0,6.0,80.0,74.0,6.0,0.0,0.0,0.925,1.0,0.961038961038961
earthquake,Earthquake (5),2031.0,,results/paper_aaai2027/frozen/results/progress/paper_aspcr_dag_alpha001_n5000_50rep/earthquake__aspcr_log_dag_dag.csv,,ASPCR-DAG,80.0,80.0,0.0,80.0,80.0,0.0,0.0,0.0,1.0,1.0,1.0
earthquake,Earthquake (5),2032.0,,results/paper_aaai2027/frozen/results/progress/paper_aspcr_dag_alpha001_n5000_50rep/earthquake__aspcr_log_dag_dag.csv,,ASPCR-DAG,80.0,74.0,6.0,80.0,74.0,6.0,0.0,0.0,0.925,1.0,0.961038961038961
earthquake,Earthquake (5),2033.0,,results/paper_aaai2027/frozen/results/progress/paper_aspcr_dag_alpha001_n5000_50rep/earthquake__aspcr_log_dag_dag.csv,,ASPCR-DAG,80.0,72.0,8.0,75.0,67.0,8.0,5.0,0.0,0.8933333333333333,0.9305555555555556,0.91156462585034
earthquake,Earthquake (5),2034.0,,results/paper_aaai2027/frozen/results/progress/paper_aspcr_dag_alpha001_n5000_50rep/earthquake__aspcr_log_dag_dag.csv,,ASPCR-DAG,80.0,76.0,4.0,78.0,74.0,4.0,2.0,0.0,0.9487179487179488,0.9736842105263158,0.9610389610389612
earthquake,Earthquake (5),2035.0,,results/paper_aaai2027/frozen/results/progress/paper_aspcr_dag_alpha001_n5000_50rep/earthquake__aspcr_log_dag_dag.csv,,ASPCR-DAG,80.0,76.0,4.0,80.0,76.0,4.0,0.0,0.0,0.95,1.0,0.9743589743589745
earthquake,Earthquake (5),2036.0,,results/paper_aaai2027/frozen/results/progress/paper_aspcr_dag_alpha001_n5000_50rep/earthquake__aspcr_log_dag_dag.csv,,ASPCR-DAG,80.0,74.0,6.0,80.0,74.0,6.0,0.0,0.0,0.925,1.0,0.961038961038961
earthquake,Earthquake (5),2037.0,,results/paper_aaai2027/frozen/results/progress/paper_aspcr_dag_alpha001_n5000_50rep/earthquake__aspcr_log_dag_dag.csv,,ASPCR-DAG,80.0,76.0,4.0,80.0,76.0,4.0,0.0,0.0,0.95,1.0,0.9743589743589745
earthquake,Earthquake (5),2038.0,,results/paper_aaai2027/frozen/results/progress/paper_aspcr_dag_alpha001_n5000_50rep/earthquake__aspcr_log_dag_dag.csv,,ASPCR-DAG,80.0,80.0,0.0,80.0,80.0,0.0,0.0,0.0,1.0,1.0,1.0
earthquake,Earthquake (5),2039.0,,results/paper_aaai2027/frozen/results/progress/paper_aspcr_dag_alpha001_n5000_50rep/earthquake__aspcr_log_dag_dag.csv,,ASPCR-DAG,80.0,74.0,6.0,80.0,74.0,6.0,0.0,0.0,0.925,1.0,0.961038961038961
earthquake,Earthquake (5),2040.0,,results/paper_aaai2027/frozen/results/progress/paper_aspcr_dag_alpha001_n5000_50rep/earthquake__aspcr_log_dag_dag.csv,,ASPCR-DAG,80.0,76.0,4.0,78.0,74.0,4.0,2.0,0.0,0.9487179487179488,0.9736842105263158,0.9610389610389612
earthquake,Earthquake (5),2041.0,,results/paper_aaai2027/frozen/results/progress/paper_aspcr_dag_alpha001_n5000_50rep/earthquake__aspcr_log_dag_dag.csv,,ASPCR-DAG,80.0,76.0,4.0,78.0,74.0,4.0,2.0,0.0,0.9487179487179488,0.9736842105263158,0.9610389610389612
earthquake,Earthquake (5),2042.0,,results/paper_aaai2027/frozen/results/progress/paper_aspcr_dag_alpha001_n5000_50rep/earthquake__aspcr_log_dag_dag.csv,,ASPCR-DAG,80.0,74.0,6.0,80.0,74.0,6.0,0.0,0.0,0.925,1.0,0.961038961038961
earthquake,Earthquake (5),2043.0,,results/paper_aaai2027/frozen/results/progress/paper_aspcr_dag_alpha001_n5000_50rep/earthquake__aspcr_log_dag_dag.csv,,ASPCR-DAG,80.0,76.0,4.0,78.0,74.0,4.0,2.0,0.0,0.9487179487179488,0.9736842105263158,0.9610389610389612
earthquake,Earthquake (5),2044.0,,results/paper_aaai2027/frozen/results/progress/paper_aspcr_dag_alpha001_n5000_50rep/earthquake__aspcr_log_dag_dag.csv,,ASPCR-DAG,80.0,75.0,5.0,79.0,75.0,4.0,1.0,1.0,0.9493670886075948,1.0,0.974025974025974
earthquake,Earthquake (5),2045.0,,results/paper_aaai2027/frozen/results/progress/paper_aspcr_dag_alpha001_n5000_50rep/earthquake__aspcr_log_dag_dag.csv,,ASPCR-DAG,80.0,74.0,6.0,80.0,74.0,6.0,0.0,0.0,0.925,1.0,0.961038961038961
earthquake,Earthquake (5),2046.0,,results/paper_aaai2027/frozen/results/progress/paper_aspcr_dag_alpha001_n5000_50rep/earthquake__aspcr_log_dag_dag.csv,,ASPCR-DAG,80.0,80.0,0.0,80.0,80.0,0.0,0.0,0.0,1.0,1.0,1.0
earthquake,Earthquake (5),2047.0,,results/paper_aaai2027/frozen/results/progress/paper_aspcr_dag_alpha001_n5000_50rep/earthquake__aspcr_log_dag_dag.csv,,ASPCR-DAG,80.0,72.0,8.0,74.0,70.0,4.0,6.0,4.0,0.945945945945946,0.9722222222222222,0.9589041095890412
earthquake,Earthquake (5),2048.0,,results/paper_aaai2027/frozen/results/progress/paper_aspcr_dag_alpha001_n5000_50rep/earthquake__aspcr_log_dag_dag.csv,,ASPCR-DAG,80.0,74.0,6.0,79.0,73.0,6.0,1.0,0.0,0.9240506329113924,0.9864864864864864,0.954248366013072
earthquake,Earthquake (5),2049.0,,results/paper_aaai2027/frozen/results/progress/paper_aspcr_dag_alpha001_n5000_50rep/earthquake__aspcr_log_dag_dag.csv,,ASPCR-DAG,80.0,76.0,4.0,78.0,74.0,4.0,2.0,0.0,0.9487179487179488,0.9736842105263158,0.9610389610389612
earthquake,Earthquake (5),2050.0,,results/paper_aaai2027/frozen/results/progress/paper_aspcr_dag_alpha001_n5000_50rep/earthquake__aspcr_log_dag_dag.csv,,ASPCR-DAG,80.0,68.0,12.0,75.0,65.0,10.0,5.0,2.0,0.8666666666666667,0.9558823529411764,0.9090909090909092
earthquake,Earthquake (5),2051.0,,results/paper_aaai2027/frozen/results/progress/paper_aspcr_dag_alpha001_n5000_50rep/earthquake__aspcr_log_dag_dag.csv,,ASPCR-DAG,80.0,76.0,4.0,78.0,74.0,4.0,2.0,0.0,0.9487179487179488,0.9736842105263158,0.9610389610389612
earthquake,Earthquake (5),2052.0,,results/paper_aaai2027/frozen/results/progress/paper_aspcr_dag_alpha001_n5000_50rep/earthquake__aspcr_log_dag_dag.csv,,ASPCR-DAG,80.0,72.0,8.0,80.0,72.0,8.0,0.0,0.0,0.9,1.0,0.9473684210526316
earthquake,Earthquake (5),2053.0,,results/paper_aaai2027/frozen/results/progress/paper_aspcr_dag_alpha001_n5000_50rep/earthquake__aspcr_log_dag_dag.csv,,ASPCR-DAG,80.0,76.0,4.0,76.0,76.0,0.0,4.0,4.0,1.0,1.0,1.0
earthquake,Earthquake (5),2054.0,,results/paper_aaai2027/frozen/results/progress/paper_aspcr_dag_alpha001_n5000_50rep/earthquake__aspcr_log_dag_dag.csv,,ASPCR-DAG,80.0,75.0,5.0,77.0,73.0,4.0,3.0,1.0,0.948051948051948,0.9733333333333334,0.9605263157894736
earthquake,Earthquake (5),2055.0,,results/paper_aaai2027/frozen/results/progress/paper_aspcr_dag_alpha001_n5000_50rep/earthquake__aspcr_log_dag_dag.csv,,ASPCR-DAG,80.0,80.0,0.0,80.0,80.0,0.0,0.0,0.0,1.0,1.0,1.0
earthquake,Earthquake (5),2056.0,,results/paper_aaai2027/frozen/results/progress/paper_aspcr_dag_alpha001_n5000_50rep/earthquake__aspcr_log_dag_dag.csv,,ASPCR-DAG,80.0,76.0,4.0,76.0,76.0,0.0,4.0,4.0,1.0,1.0,1.0
earthquake,Earthquake (5),2057.0,,results/paper_aaai2027/frozen/results/progress/paper_aspcr_dag_alpha001_n5000_50rep/earthquake__aspcr_log_dag_dag.csv,,ASPCR-DAG,80.0,74.0,6.0,80.0,74.0,6.0,0.0,0.0,0.925,1.0,0.961038961038961
earthquake,Earthquake (5),2058.0,,results/paper_aaai2027/frozen/results/progress/paper_aspcr_dag_alpha001_n5000_50rep/earthquake__aspcr_log_dag_dag.csv,,ASPCR-DAG,80.0,80.0,0.0,80.0,80.0,0.0,0.0,0.0,1.0,1.0,1.0
earthquake,Earthquake (5),2059.0,,results/paper_aaai2027/frozen/results/progress/paper_aspcr_dag_alpha001_n5000_50rep/earthquake__aspcr_log_dag_dag.csv,,ASPCR-DAG,80.0,80.0,0.0,80.0,80.0,0.0,0.0,0.0,1.0,1.0,1.0
earthquake,Earthquake (5),2060.0,,results/paper_aaai2027/frozen/results/progress/paper_aspcr_dag_alpha001_n5000_50rep/earthquake__aspcr_log_dag_dag.csv,,ASPCR-DAG,80.0,76.0,4.0,78.0,74.0,4.0,2.0,0.0,0.9487179487179488,0.9736842105263158,0.9610389610389612
earthquake,Earthquake (5),2061.0,,results/paper_aaai2027/frozen/results/progress/paper_aspcr_dag_alpha001_n5000_50rep/earthquake__aspcr_log_dag_dag.csv,,ASPCR-DAG,80.0,76.0,4.0,78.0,74.0,4.0,2.0,0.0,0.9487179487179488,0.9736842105263158,0.9610389610389612
earthquake,Earthquake (5),2062.0,,results/paper_aaai2027/frozen/results/progress/paper_aspcr_dag_alpha001_n5000_50rep/earthquake__aspcr_log_dag_dag.csv,,ASPCR-DAG,80.0,78.0,2.0,78.0,78.0,0.0,2.0,2.0,1.0,1.0,1.0
earthquake,Earthquake (5),2063.0,,results/paper_aaai2027/frozen/results/progress/paper_aspcr_dag_alpha001_n5000_50rep/earthquake__aspcr_log_dag_dag.csv,,ASPCR-DAG,80.0,74.0,6.0,80.0,74.0,6.0,0.0,0.0,0.925,1.0,0.961038961038961
earthquake,Earthquake (5),2064.0,,results/paper_aaai2027/frozen/results/progress/paper_aspcr_dag_alpha001_n5000_50rep/earthquake__aspcr_log_dag_dag.csv,,ASPCR-DAG,80.0,74.0,6.0,80.0,74.0,6.0,0.0,0.0,0.925,1.0,0.961038961038961
earthquake,Earthquake (5),2065.0,,results/paper_aaai2027/frozen/results/progress/paper_aspcr_dag_alpha001_n5000_50rep/earthquake__aspcr_log_dag_dag.csv,,ASPCR-DAG,80.0,70.0,10.0,76.0,66.0,10.0,4.0,0.0,0.868421052631579,0.9428571428571428,0.904109589041096
earthquake,Earthquake (5),2066.0,,results/paper_aaai2027/frozen/results/progress/paper_aspcr_dag_alpha001_n5000_50rep/earthquake__aspcr_log_dag_dag.csv,,ASPCR-DAG,80.0,80.0,0.0,80.0,80.0,0.0,0.0,0.0,1.0,1.0,1.0
earthquake,Earthquake (5),2067.0,,results/paper_aaai2027/frozen/results/progress/paper_aspcr_dag_alpha001_n5000_50rep/earthquake__aspcr_log_dag_dag.csv,,ASPCR-DAG,80.0,76.0,4.0,76.0,76.0,0.0,4.0,4.0,1.0,1.0,1.0
earthquake,Earthquake (5),2068.0,,results/paper_aaai2027/frozen/results/progress/paper_aspcr_dag_alpha001_n5000_50rep/earthquake__aspcr_log_dag_dag.csv,,ASPCR-DAG,80.0,80.0,0.0,80.0,80.0,0.0,0.0,0.0,1.0,1.0,1.0
earthquake,Earthquake (5),2069.0,,results/paper_aaai2027/frozen/results/progress/paper_aspcr_dag_alpha001_n5000_50rep/earthquake__aspcr_log_dag_dag.csv,,ASPCR-DAG,80.0,74.0,6.0,79.0,73.0,6.0,1.0,0.0,0.9240506329113924,0.9864864864864864,0.954248366013072
earthquake,Earthquake (5),2070.0,,results/paper_aaai2027/frozen/results/progress/paper_aspcr_dag_alpha001_n5000_50rep/earthquake__aspcr_log_dag_dag.csv,,ASPCR-DAG,80.0,76.0,4.0,77.0,73.0,4.0,3.0,0.0,0.948051948051948,0.9605263157894736,0.9542483660130718
earthquake,Earthquake (5),2071.0,,results/paper_aaai2027/frozen/results/progress/paper_aspcr_dag_alpha001_n5000_50rep/earthquake__aspcr_log_dag_dag.csv,,ASPCR-DAG,80.0,72.0,8.0,78.0,72.0,6.0,2.0,2.0,0.9230769230769232,1.0,0.96
earthquake,Earthquake (5),2072.0,,results/paper_aaai2027/frozen/results/progress/paper_aspcr_dag_alpha001_n5000_50rep/earthquake__aspcr_log_dag_dag.csv,,ASPCR-DAG,80.0,76.0,4.0,78.0,74.0,4.0,2.0,0.0,0.9487179487179488,0.9736842105263158,0.9610389610389612
earthquake,Earthquake (5),2073.0,,results/paper_aaai2027/frozen/results/progress/paper_aspcr_dag_alpha001_n5000_50rep/earthquake__aspcr_log_dag_dag.csv,,ASPCR-DAG,80.0,76.0,4.0,78.0,74.0,4.0,2.0,0.0,0.9487179487179488,0.9736842105263158,0.9610389610389612
earthquake,Earthquake (5),2074.0,,results/paper_aaai2027/frozen/results/progress/paper_aspcr_dag_alpha001_n5000_50rep/earthquake__aspcr_log_dag_dag.csv,,ASPCR-DAG,80.0,69.0,11.0,75.0,65.0,10.0,5.0,1.0,0.8666666666666667,0.9420289855072465,0.9027777777777778
earthquake,Earthquake (5),2075.0,,results/paper_aaai2027/frozen/results/progress/paper_aspcr_dag_alpha001_n5000_50rep/earthquake__aspcr_log_dag_dag.csv,,ASPCR-DAG,80.0,80.0,0.0,80.0,80.0,0.0,0.0,0.0,1.0,1.0,1.0
survey,Survey (6),2026.0,1.0,results/paper_aaai2027/frozen/results/final_mcs_experiments_er_sf_alpha001_nowrong_noweight_50rep_chunked/wc_sweep_bnlearn_survey_alpha001_nowrong_noweight_seed2026_2075_20260715_155405/summary.json,0.0,ABA-PC,52.0,34.0,18.0,19.0,17.0,2.0,33.0,16.0,0.8947368421052632,0.5,0.6415094339622641
survey,Survey (6),2027.0,2.0,results/paper_aaai2027/frozen/results/final_mcs_experiments_er_sf_alpha001_nowrong_noweight_50rep_chunked/wc_sweep_bnlearn_survey_alpha001_nowrong_noweight_seed2026_2075_20260715_155405/summary.json,0.0,ABA-PC,33.0,23.0,10.0,22.0,18.0,4.0,11.0,6.0,0.8181818181818182,0.782608695652174,0.8
survey,Survey (6),2028.0,3.0,results/paper_aaai2027/frozen/results/final_mcs_experiments_er_sf_alpha001_nowrong_noweight_50rep_chunked/wc_sweep_bnlearn_survey_alpha001_nowrong_noweight_seed2026_2075_20260715_155405/summary.json,0.0,ABA-PC,64.0,42.0,22.0,35.0,34.0,1.0,29.0,21.0,0.9714285714285714,0.8095238095238095,0.8831168831168831
survey,Survey (6),2029.0,4.0,results/paper_aaai2027/frozen/results/final_mcs_experiments_er_sf_alpha001_nowrong_noweight_50rep_chunked/wc_sweep_bnlearn_survey_alpha001_nowrong_noweight_seed2026_2075_20260715_155405/summary.json,0.0,ABA-PC,52.0,34.0,18.0,25.0,24.0,1.0,27.0,17.0,0.96,0.7058823529411765,0.8135593220338984
survey,Survey (6),2030.0,5.0,results/paper_aaai2027/frozen/results/final_mcs_experiments_er_sf_alpha001_nowrong_noweight_50rep_chunked/wc_sweep_bnlearn_survey_alpha001_nowrong_noweight_seed2026_2075_20260715_155405/summary.json,0.0,ABA-PC,68.0,46.0,22.0,38.0,36.0,2.0,30.0,20.0,0.9473684210526315,0.782608695652174,0.8571428571428571
survey,Survey (6),2031.0,6.0,results/paper_aaai2027/frozen/results/final_mcs_experiments_er_sf_alpha001_nowrong_noweight_50rep_chunked/wc_sweep_bnlearn_survey_alpha001_nowrong_noweight_seed2026_2075_20260715_155405/summary.json,0.0,ABA-PC,72.0,48.0,24.0,39.0,36.0,3.0,33.0,21.0,0.9230769230769231,0.75,0.8275862068965517
survey,Survey (6),2032.0,7.0,results/paper_aaai2027/frozen/results/final_mcs_experiments_er_sf_alpha001_nowrong_noweight_50rep_chunked/wc_sweep_bnlearn_survey_alpha001_nowrong_noweight_seed2026_2075_20260715_155405/summary.json,0.0,ABA-PC,53.0,39.0,14.0,24.0,23.0,1.0,29.0,13.0,0.9583333333333334,0.5897435897435898,0.7301587301587301
survey,Survey (6),2033.0,8.0,results/paper_aaai2027/frozen/results/final_mcs_experiments_er_sf_alpha001_nowrong_noweight_50rep_chunked/wc_sweep_bnlearn_survey_alpha001_nowrong_noweight_seed2026_2075_20260715_155405/summary.json,0.0,ABA-PC,47.0,25.0,22.0,19.0,15.0,4.0,28.0,18.0,0.7894736842105263,0.6,0.6818181818181818
survey,Survey (6),2034.0,9.0,results/paper_aaai2027/frozen/results/final_mcs_experiments_er_sf_alpha001_nowrong_noweight_50rep_chunked/wc_sweep_bnlearn_survey_alpha001_nowrong_noweight_seed2026_2075_20260715_155405/summary.json,0.0,ABA-PC,40.0,28.0,12.0,26.0,23.0,3.0,14.0,9.0,0.8846153846153846,0.8214285714285714,0.8518518518518519
survey,Survey (6),2035.0,10.0,results/paper_aaai2027/frozen/results/final_mcs_experiments_er_sf_alpha001_nowrong_noweight_50rep_chunked/wc_sweep_bnlearn_survey_alpha001_nowrong_noweight_seed2026_2075_20260715_155405/summary.json,0.0,ABA-PC,53.0,35.0,18.0,25.0,23.0,2.0,28.0,16.0,0.92,0.6571428571428571,0.7666666666666667
survey,Survey (6),2036.0,11.0,results/paper_aaai2027/frozen/results/final_mcs_experiments_er_sf_alpha001_nowrong_noweight_50rep_chunked/wc_sweep_bnlearn_survey_alpha001_nowrong_noweight_seed2026_2075_20260715_155405/summary.json,0.0,ABA-PC,36.0,19.0,17.0,19.0,13.0,6.0,17.0,11.0,0.6842105263157895,0.6842105263157895,0.6842105263157895
survey,Survey (6),2037.0,12.0,results/paper_aaai2027/frozen/results/final_mcs_experiments_er_sf_alpha001_nowrong_noweight_50rep_chunked/wc_sweep_bnlearn_survey_alpha001_nowrong_noweight_seed2026_2075_20260715_155405/summary.json,0.0,ABA-PC,32.0,15.0,17.0,17.0,12.0,5.0,15.0,12.0,0.7058823529411765,0.8,0.75
survey,Survey (6),2038.0,13.0,results/paper_aaai2027/frozen/results/final_mcs_experiments_er_sf_alpha001_nowrong_noweight_50rep_chunked/wc_sweep_bnlearn_survey_alpha001_nowrong_noweight_seed2026_2075_20260715_155405/summary.json,0.0,ABA-PC,80.0,54.0,26.0,33.0,32.0,1.0,47.0,25.0,0.9696969696969697,0.5925925925925926,0.735632183908046
survey,Survey (6),2039.0,14.0,results/paper_aaai2027/frozen/results/final_mcs_experiments_er_sf_alpha001_nowrong_noweight_50rep_chunked/wc_sweep_bnlearn_survey_alpha001_nowrong_noweight_seed2026_2075_20260715_155405/summary.json,0.0,ABA-PC,83.0,64.0,19.0,40.0,39.0,1.0,43.0,18.0,0.975,0.609375,0.75
survey,Survey (6),2040.0,15.0,results/paper_aaai2027/frozen/results/final_mcs_experiments_er_sf_alpha001_nowrong_noweight_50rep_chunked/wc_sweep_bnlearn_survey_alpha001_nowrong_noweight_seed2026_2075_20260715_155405/summary.json,0.0,ABA-PC,46.0,28.0,18.0,21.0,18.0,3.0,25.0,15.0,0.8571428571428571,0.6428571428571429,0.7346938775510204
survey,Survey (6),2041.0,16.0,results/paper_aaai2027/frozen/results/final_mcs_experiments_er_sf_alpha001_nowrong_noweight_50rep_chunked/wc_sweep_bnlearn_survey_alpha001_nowrong_noweight_seed2026_2075_20260715_155405/summary.json,0.0,ABA-PC,44.0,34.0,10.0,35.0,32.0,3.0,9.0,7.0,0.9142857142857143,0.9411764705882353,0.927536231884058
survey,Survey (6),2042.0,17.0,results/paper_aaai2027/frozen/results/final_mcs_experiments_er_sf_alpha001_nowrong_noweight_50rep_chunked/wc_sweep_bnlearn_survey_alpha001_nowrong_noweight_seed2026_2075_20260715_155405/summary.json,0.0,ABA-PC,22.0,11.0,11.0,11.0,9.0,2.0,11.0,9.0,0.8181818181818182,0.8181818181818182,0.8181818181818182
survey,Survey (6),2043.0,18.0,results/paper_aaai2027/frozen/results/final_mcs_experiments_er_sf_alpha001_nowrong_noweight_50rep_chunked/wc_sweep_bnlearn_survey_alpha001_nowrong_noweight_seed2026_2075_20260715_155405/summary.json,0.0,ABA-PC,22.0,10.0,12.0,15.0,9.0,6.0,7.0,6.0,0.6,0.9,0.72
survey,Survey (6),2044.0,19.0,results/paper_aaai2027/frozen/results/final_mcs_experiments_er_sf_alpha001_nowrong_noweight_50rep_chunked/wc_sweep_bnlearn_survey_alpha001_nowrong_noweight_seed2026_2075_20260715_155405/summary.json,0.0,ABA-PC,48.0,28.0,20.0,22.0,21.0,1.0,26.0,19.0,0.9545454545454546,0.75,0.84
survey,Survey (6),2045.0,20.0,results/paper_aaai2027/frozen/results/final_mcs_experiments_er_sf_alpha001_nowrong_noweight_50rep_chunked/wc_sweep_bnlearn_survey_alpha001_nowrong_noweight_seed2026_2075_20260715_155405/summary.json,0.0,ABA-PC,52.0,33.0,19.0,26.0,23.0,3.0,26.0,16.0,0.8846153846153846,0.696969696969697,0.7796610169491526
survey,Survey (6),2046.0,21.0,results/paper_aaai2027/frozen/results/final_mcs_experiments_er_sf_alpha001_nowrong_noweight_50rep_chunked/wc_sweep_bnlearn_survey_alpha001_nowrong_noweight_seed2026_2075_20260715_155405/summary.json,0.0,ABA-PC,50.0,32.0,18.0,23.0,20.0,3.0,27.0,15.0,0.8695652173913043,0.625,0.7272727272727273
survey,Survey (6),2047.0,22.0,results/paper_aaai2027/frozen/results/final_mcs_experiments_er_sf_alpha001_nowrong_noweight_50rep_chunked/wc_sweep_bnlearn_survey_alpha001_nowrong_noweight_seed2026_2075_20260715_155405/summary.json,0.0,ABA-PC,56.0,39.0,17.0,36.0,32.0,4.0,20.0,13.0,0.8888888888888888,0.8205128205128205,0.8533333333333334
survey,Survey (6),2048.0,23.0,results/paper_aaai2027/frozen/results/final_mcs_experiments_er_sf_alpha001_nowrong_noweight_50rep_chunked/wc_sweep_bnlearn_survey_alpha001_nowrong_noweight_seed2026_2075_20260715_155405/summary.json,0.0,ABA-PC,61.0,43.0,18.0,30.0,28.0,2.0,31.0,16.0,0.9333333333333333,0.6511627906976745,0.7671232876712328
survey,Survey (6),2049.0,24.0,results/paper_aaai2027/frozen/results/final_mcs_experiments_er_sf_alpha001_nowrong_noweight_50rep_chunked/wc_sweep_bnlearn_survey_alpha001_nowrong_noweight_seed2026_2075_20260715_155405/summary.json,0.0,ABA-PC,68.0,47.0,21.0,34.0,33.0,1.0,34.0,20.0,0.9705882352941176,0.7021276595744681,0.8148148148148148
survey,Survey (6),2050.0,25.0,results/paper_aaai2027/frozen/results/final_mcs_experiments_er_sf_alpha001_nowrong_noweight_50rep_chunked/wc_sweep_bnlearn_survey_alpha001_nowrong_noweight_seed2026_2075_20260715_155405/summary.json,0.0,ABA-PC,71.0,59.0,12.0,44.0,44.0,0.0,27.0,12.0,1.0,0.7457627118644068,0.8543689320388349
survey,Survey (6),2051.0,26.0,results/paper_aaai2027/frozen/results/final_mcs_experiments_er_sf_alpha001_nowrong_noweight_50rep_chunked/wc_sweep_bnlearn_survey_alpha001_nowrong_noweight_seed2026_2075_20260715_155405/summary.json,0.0,ABA-PC,38.0,21.0,17.0,20.0,16.0,4.0,18.0,13.0,0.8,0.7619047619047619,0.7804878048780488
survey,Survey (6),2052.0,27.0,results/paper_aaai2027/frozen/results/final_mcs_experiments_er_sf_alpha001_nowrong_noweight_50rep_chunked/wc_sweep_bnlearn_survey_alpha001_nowrong_noweight_seed2026_2075_20260715_155405/summary.json,0.0,ABA-PC,46.0,28.0,18.0,24.0,22.0,2.0,22.0,16.0,0.9166666666666666,0.7857142857142857,0.8461538461538461
survey,Survey (6),2053.0,28.0,results/paper_aaai2027/frozen/results/final_mcs_experiments_er_sf_alpha001_nowrong_noweight_50rep_chunked/wc_sweep_bnlearn_survey_alpha001_nowrong_noweight_seed2026_2075_20260715_155405/summary.json,0.0,ABA-PC,44.0,24.0,20.0,18.0,17.0,1.0,26.0,19.0,0.9444444444444444,0.7083333333333334,0.8095238095238095
survey,Survey (6),2054.0,29.0,results/paper_aaai2027/frozen/results/final_mcs_experiments_er_sf_alpha001_nowrong_noweight_50rep_chunked/wc_sweep_bnlearn_survey_alpha001_nowrong_noweight_seed2026_2075_20260715_155405/summary.json,0.0,ABA-PC,76.0,50.0,26.0,39.0,36.0,3.0,37.0,23.0,0.9230769230769231,0.72,0.8089887640449438
survey,Survey (6),2055.0,30.0,results/paper_aaai2027/frozen/results/final_mcs_experiments_er_sf_alpha001_nowrong_noweight_50rep_chunked/wc_sweep_bnlearn_survey_alpha001_nowrong_noweight_seed2026_2075_20260715_155405/summary.json,0.0,ABA-PC,46.0,28.0,18.0,19.0,17.0,2.0,27.0,16.0,0.8947368421052632,0.6071428571428571,0.723404255319149
survey,Survey (6),2056.0,31.0,results/paper_aaai2027/frozen/results/final_mcs_experiments_er_sf_alpha001_nowrong_noweight_50rep_chunked/wc_sweep_bnlearn_survey_alpha001_nowrong_noweight_seed2026_2075_20260715_155405/summary.json,0.0,ABA-PC,46.0,28.0,18.0,25.0,23.0,2.0,21.0,16.0,0.92,0.8214285714285714,0.8679245283018868
survey,Survey (6),2057.0,32.0,results/paper_aaai2027/frozen/results/final_mcs_experiments_er_sf_alpha001_nowrong_noweight_50rep_chunked/wc_sweep_bnlearn_survey_alpha001_nowrong_noweight_seed2026_2075_20260715_155405/summary.json,0.0,ABA-PC,30.0,19.0,11.0,16.0,15.0,1.0,14.0,10.0,0.9375,0.7894736842105263,0.8571428571428571
survey,Survey (6),2058.0,33.0,results/paper_aaai2027/frozen/results/final_mcs_experiments_er_sf_alpha001_nowrong_noweight_50rep_chunked/wc_sweep_bnlearn_survey_alpha001_nowrong_noweight_seed2026_2075_20260715_155405/summary.json,0.0,ABA-PC,80.0,55.0,25.0,40.0,38.0,2.0,40.0,23.0,0.95,0.6909090909090909,0.8
survey,Survey (6),2059.0,34.0,results/paper_aaai2027/frozen/results/final_mcs_experiments_er_sf_alpha001_nowrong_noweight_50rep_chunked/wc_sweep_bnlearn_survey_alpha001_nowrong_noweight_seed2026_2075_20260715_155405/summary.json,0.0,ABA-PC,38.0,21.0,17.0,13.0,10.0,3.0,25.0,14.0,0.7692307692307693,0.47619047619047616,0.5882352941176471
survey,Survey (6),2060.0,35.0,results/paper_aaai2027/frozen/results/final_mcs_experiments_er_sf_alpha001_nowrong_noweight_50rep_chunked/wc_sweep_bnlearn_survey_alpha001_nowrong_noweight_seed2026_2075_20260715_155405/summary.json,0.0,ABA-PC,72.0,47.0,25.0,37.0,35.0,2.0,35.0,23.0,0.9459459459459459,0.7446808510638298,0.8333333333333334
survey,Survey (6),2061.0,36.0,results/paper_aaai2027/frozen/results/final_mcs_experiments_er_sf_alpha001_nowrong_noweight_50rep_chunked/wc_sweep_bnlearn_survey_alpha001_nowrong_noweight_seed2026_2075_20260715_155405/summary.json,0.0,ABA-PC,41.0,24.0,17.0,18.0,15.0,3.0,23.0,14.0,0.8333333333333334,0.625,0.7142857142857143
survey,Survey (6),2062.0,37.0,results/paper_aaai2027/frozen/results/final_mcs_experiments_er_sf_alpha001_nowrong_noweight_50rep_chunked/wc_sweep_bnlearn_survey_alpha001_nowrong_noweight_seed2026_2075_20260715_155405/summary.json,0.0,ABA-PC,86.0,60.0,26.0,36.0,36.0,0.0,50.0,26.0,1.0,0.6,0.75
survey,Survey (6),2063.0,38.0,results/paper_aaai2027/frozen/results/final_mcs_experiments_er_sf_alpha001_nowrong_noweight_50rep_chunked/wc_sweep_bnlearn_survey_alpha001_nowrong_noweight_seed2026_2075_20260715_155405/summary.json,0.0,ABA-PC,52.0,42.0,10.0,43.0,40.0,3.0,9.0,7.0,0.9302325581395349,0.9523809523809523,0.9411764705882353
survey,Survey (6),2064.0,39.0,results/paper_aaai2027/frozen/results/final_mcs_experiments_er_sf_alpha001_nowrong_noweight_50rep_chunked/wc_sweep_bnlearn_survey_alpha001_nowrong_noweight_seed2026_2075_20260715_155405/summary.json,0.0,ABA-PC,46.0,28.0,18.0,23.0,20.0,3.0,23.0,15.0,0.8695652173913043,0.7142857142857143,0.7843137254901961
survey,Survey (6),2065.0,40.0,results/paper_aaai2027/frozen/results/final_mcs_experiments_er_sf_alpha001_nowrong_noweight_50rep_chunked/wc_sweep_bnlearn_survey_alpha001_nowrong_noweight_seed2026_2075_20260715_155405/summary.json,0.0,ABA-PC,44.0,25.0,19.0,22.0,16.0,6.0,22.0,13.0,0.7272727272727273,0.64,0.6808510638297872
survey,Survey (6),2066.0,41.0,results/paper_aaai2027/frozen/results/final_mcs_experiments_er_sf_alpha001_nowrong_noweight_50rep_chunked/wc_sweep_bnlearn_survey_alpha001_nowrong_noweight_seed2026_2075_20260715_155405/summary.json,0.0,ABA-PC,47.0,30.0,17.0,22.0,18.0,4.0,25.0,13.0,0.8181818181818182,0.6,0.6923076923076923
survey,Survey (6),2067.0,42.0,results/paper_aaai2027/frozen/results/final_mcs_experiments_er_sf_alpha001_nowrong_noweight_50rep_chunked/wc_sweep_bnlearn_survey_alpha001_nowrong_noweight_seed2026_2075_20260715_155405/summary.json,0.0,ABA-PC,56.0,39.0,17.0,30.0,28.0,2.0,26.0,15.0,0.9333333333333333,0.717948717948718,0.8115942028985508
survey,Survey (6),2068.0,43.0,results/paper_aaai2027/frozen/results/final_mcs_experiments_er_sf_alpha001_nowrong_noweight_50rep_chunked/wc_sweep_bnlearn_survey_alpha001_nowrong_noweight_seed2026_2075_20260715_155405/summary.json,0.0,ABA-PC,64.0,41.0,23.0,35.0,34.0,1.0,29.0,22.0,0.9714285714285714,0.8292682926829268,0.8947368421052632
survey,Survey (6),2069.0,44.0,results/paper_aaai2027/frozen/results/final_mcs_experiments_er_sf_alpha001_nowrong_noweight_50rep_chunked/wc_sweep_bnlearn_survey_alpha001_nowrong_noweight_seed2026_2075_20260715_155405/summary.json,0.0,ABA-PC,46.0,28.0,18.0,17.0,17.0,0.0,29.0,18.0,1.0,0.6071428571428571,0.7555555555555555
survey,Survey (6),2070.0,45.0,results/paper_aaai2027/frozen/results/final_mcs_experiments_er_sf_alpha001_nowrong_noweight_50rep_chunked/wc_sweep_bnlearn_survey_alpha001_nowrong_noweight_seed2026_2075_20260715_155405/summary.json,0.0,ABA-PC,46.0,28.0,18.0,22.0,21.0,1.0,24.0,17.0,0.9545454545454546,0.75,0.84
survey,Survey (6),2071.0,46.0,results/paper_aaai2027/frozen/results/final_mcs_experiments_er_sf_alpha001_nowrong_noweight_50rep_chunked/wc_sweep_bnlearn_survey_alpha001_nowrong_noweight_seed2026_2075_20260715_155405/summary.json,0.0,ABA-PC,80.0,55.0,25.0,39.0,38.0,1.0,41.0,24.0,0.9743589743589743,0.6909090909090909,0.8085106382978723
survey,Survey (6),2072.0,47.0,results/paper_aaai2027/frozen/results/final_mcs_experiments_er_sf_alpha001_nowrong_noweight_50rep_chunked/wc_sweep_bnlearn_survey_alpha001_nowrong_noweight_seed2026_2075_20260715_155405/summary.json,0.0,ABA-PC,68.0,48.0,20.0,40.0,38.0,2.0,28.0,18.0,0.95,0.7916666666666666,0.8636363636363636
survey,Survey (6),2073.0,48.0,results/paper_aaai2027/frozen/results/final_mcs_experiments_er_sf_alpha001_nowrong_noweight_50rep_chunked/wc_sweep_bnlearn_survey_alpha001_nowrong_noweight_seed2026_2075_20260715_155405/summary.json,0.0,ABA-PC,80.0,55.0,25.0,38.0,36.0,2.0,42.0,23.0,0.9473684210526315,0.6545454545454545,0.7741935483870968
survey,Survey (6),2074.0,49.0,results/paper_aaai2027/frozen/results/final_mcs_experiments_er_sf_alpha001_nowrong_noweight_50rep_chunked/wc_sweep_bnlearn_survey_alpha001_nowrong_noweight_seed2026_2075_20260715_155405/summary.json,0.0,ABA-PC,40.0,22.0,18.0,18.0,14.0,4.0,22.0,14.0,0.7777777777777778,0.6363636363636364,0.7
survey,Survey (6),2075.0,50.0,results/paper_aaai2027/frozen/results/final_mcs_experiments_er_sf_alpha001_nowrong_noweight_50rep_chunked/wc_sweep_bnlearn_survey_alpha001_nowrong_noweight_seed2026_2075_20260715_155405/summary.json,0.0,ABA-PC,47.0,31.0,16.0,30.0,28.0,2.0,17.0,14.0,0.9333333333333333,0.9032258064516129,0.9180327868852459
survey,Survey (6),2026.0,1.0,results/paper_aaai2027/frozen/results/final_mcs_experiments_er_sf_alpha001_nowrong_noweight_50rep_chunked/wc_sweep_bnlearn_survey_alpha001_nowrong_noweight_seed2026_2075_20260715_155405/summary.json,0.0,OptABA-PC,52.0,34.0,18.0,39.0,27.0,12.0,13.0,6.0,0.6923076923076923,0.7941176470588235,0.7397260273972602
survey,Survey (6),2027.0,2.0,results/paper_aaai2027/frozen/results/final_mcs_experiments_er_sf_alpha001_nowrong_noweight_50rep_chunked/wc_sweep_bnlearn_survey_alpha001_nowrong_noweight_seed2026_2075_20260715_155405/summary.json,0.0,OptABA-PC,33.0,23.0,10.0,29.0,23.0,6.0,4.0,4.0,0.7931034482758621,1.0,0.8846153846153846
survey,Survey (6),2028.0,3.0,results/paper_aaai2027/frozen/results/final_mcs_experiments_er_sf_alpha001_nowrong_noweight_50rep_chunked/wc_sweep_bnlearn_survey_alpha001_nowrong_noweight_seed2026_2075_20260715_155405/summary.json,0.0,OptABA-PC,64.0,42.0,22.0,52.0,38.0,14.0,12.0,8.0,0.7307692307692307,0.9047619047619048,0.8085106382978723
survey,Survey (6),2029.0,4.0,results/paper_aaai2027/frozen/results/final_mcs_experiments_er_sf_alpha001_nowrong_noweight_50rep_chunked/wc_sweep_bnlearn_survey_alpha001_nowrong_noweight_seed2026_2075_20260715_155405/summary.json,0.0,OptABA-PC,52.0,34.0,18.0,38.0,29.0,9.0,14.0,9.0,0.7631578947368421,0.8529411764705882,0.8055555555555556
survey,Survey (6),2030.0,5.0,results/paper_aaai2027/frozen/results/final_mcs_experiments_er_sf_alpha001_nowrong_noweight_50rep_chunked/wc_sweep_bnlearn_survey_alpha001_nowrong_noweight_seed2026_2075_20260715_155405/summary.json,0.0,OptABA-PC,68.0,46.0,22.0,55.0,39.0,16.0,13.0,6.0,0.7090909090909091,0.8478260869565217,0.7722772277227723
survey,Survey (6),2031.0,6.0,results/paper_aaai2027/frozen/results/final_mcs_experiments_er_sf_alpha001_nowrong_noweight_50rep_chunked/wc_sweep_bnlearn_survey_alpha001_nowrong_noweight_seed2026_2075_20260715_155405/summary.json,0.0,OptABA-PC,72.0,48.0,24.0,62.0,39.0,23.0,10.0,1.0,0.6290322580645161,0.8125,0.7090909090909091
survey,Survey (6),2032.0,7.0,results/paper_aaai2027/frozen/results/final_mcs_experiments_er_sf_alpha001_nowrong_noweight_50rep_chunked/wc_sweep_bnlearn_survey_alpha001_nowrong_noweight_seed2026_2075_20260715_155405/summary.json,0.0,OptABA-PC,53.0,39.0,14.0,45.0,35.0,10.0,8.0,4.0,0.7777777777777778,0.8974358974358975,0.8333333333333334
survey,Survey (6),2033.0,8.0,results/paper_aaai2027/frozen/results/final_mcs_experiments_er_sf_alpha001_nowrong_noweight_50rep_chunked/wc_sweep_bnlearn_survey_alpha001_nowrong_noweight_seed2026_2075_20260715_155405/summary.json,0.0,OptABA-PC,47.0,25.0,22.0,39.0,22.0,17.0,8.0,5.0,0.5641025641025641,0.88,0.6875
survey,Survey (6),2034.0,9.0,results/paper_aaai2027/frozen/results/final_mcs_experiments_er_sf_alpha001_nowrong_noweight_50rep_chunked/wc_sweep_bnlearn_survey_alpha001_nowrong_noweight_seed2026_2075_20260715_155405/summary.json,0.0,OptABA-PC,40.0,28.0,12.0,34.0,27.0,7.0,6.0,5.0,0.7941176470588235,0.9642857142857143,0.8709677419354839
survey,Survey (6),2035.0,10.0,results/paper_aaai2027/frozen/results/final_mcs_experiments_er_sf_alpha001_nowrong_noweight_50rep_chunked/wc_sweep_bnlearn_survey_alpha001_nowrong_noweight_seed2026_2075_20260715_155405/summary.json,0.0,OptABA-PC,53.0,35.0,18.0,39.0,29.0,10.0,14.0,8.0,0.7435897435897436,0.8285714285714286,0.7837837837837838
survey,Survey (6),2036.0,11.0,results/paper_aaai2027/frozen/results/final_mcs_experiments_er_sf_alpha001_nowrong_noweight_50rep_chunked/wc_sweep_bnlearn_survey_alpha001_nowrong_noweight_seed2026_2075_20260715_155405/summary.json,0.0,OptABA-PC,36.0,19.0,17.0,30.0,14.0,16.0,6.0,1.0,0.4666666666666667,0.7368421052631579,0.5714285714285714
survey,Survey (6),2037.0,12.0,results/paper_aaai2027/frozen/results/final_mcs_experiments_er_sf_alpha001_nowrong_noweight_50rep_chunked/wc_sweep_bnlearn_survey_alpha001_nowrong_noweight_seed2026_2075_20260715_155405/summary.json,0.0,OptABA-PC,32.0,15.0,17.0,27.0,12.0,15.0,5.0,2.0,0.4444444444444444,0.8,0.5714285714285714
survey,Survey (6),2038.0,13.0,results/paper_aaai2027/frozen/results/final_mcs_experiments_er_sf_alpha001_nowrong_noweight_50rep_chunked/wc_sweep_bnlearn_survey_alpha001_nowrong_noweight_seed2026_2075_20260715_155405/summary.json,0.0,OptABA-PC,80.0,54.0,26.0,63.0,48.0,15.0,17.0,11.0,0.7619047619047619,0.8888888888888888,0.8205128205128205
survey,Survey (6),2039.0,14.0,results/paper_aaai2027/frozen/results/final_mcs_experiments_er_sf_alpha001_nowrong_noweight_50rep_chunked/wc_sweep_bnlearn_survey_alpha001_nowrong_noweight_seed2026_2075_20260715_155405/summary.json,0.0,OptABA-PC,83.0,64.0,19.0,66.0,57.0,9.0,17.0,10.0,0.8636363636363636,0.890625,0.8769230769230769
survey,Survey (6),2040.0,15.0,results/paper_aaai2027/frozen/results/final_mcs_experiments_er_sf_alpha001_nowrong_noweight_50rep_chunked/wc_sweep_bnlearn_survey_alpha001_nowrong_noweight_seed2026_2075_20260715_155405/summary.json,0.0,OptABA-PC,46.0,28.0,18.0,36.0,20.0,16.0,10.0,2.0,0.5555555555555556,0.7142857142857143,0.625
survey,Survey (6),2041.0,16.0,results/paper_aaai2027/frozen/results/final_mcs_experiments_er_sf_alpha001_nowrong_noweight_50rep_chunked/wc_sweep_bnlearn_survey_alpha001_nowrong_noweight_seed2026_2075_20260715_155405/summary.json,0.0,OptABA-PC,44.0,34.0,10.0,40.0,32.0,8.0,4.0,2.0,0.8,0.9411764705882353,0.8648648648648649
survey,Survey (6),2042.0,17.0,results/paper_aaai2027/frozen/results/final_mcs_experiments_er_sf_alpha001_nowrong_noweight_50rep_chunked/wc_sweep_bnlearn_survey_alpha001_nowrong_noweight_seed2026_2075_20260715_155405/summary.json,0.0,OptABA-PC,22.0,11.0,11.0,20.0,10.0,10.0,2.0,1.0,0.5,0.9090909090909091,0.6451612903225806
survey,Survey (6),2043.0,18.0,results/paper_aaai2027/frozen/results/final_mcs_experiments_er_sf_alpha001_nowrong_noweight_50rep_chunked/wc_sweep_bnlearn_survey_alpha001_nowrong_noweight_seed2026_2075_20260715_155405/summary.json,0.0,OptABA-PC,22.0,10.0,12.0,20.0,8.0,12.0,2.0,0.0,0.4,0.8,0.5333333333333333
survey,Survey (6),2044.0,19.0,results/paper_aaai2027/frozen/results/final_mcs_experiments_er_sf_alpha001_nowrong_noweight_50rep_chunked/wc_sweep_bnlearn_survey_alpha001_nowrong_noweight_seed2026_2075_20260715_155405/summary.json,0.0,OptABA-PC,48.0,28.0,20.0,41.0,21.0,20.0,7.0,0.0,0.5121951219512195,0.75,0.6086956521739131
survey,Survey (6),2045.0,20.0,results/paper_aaai2027/frozen/results/final_mcs_experiments_er_sf_alpha001_nowrong_noweight_50rep_chunked/wc_sweep_bnlearn_survey_alpha001_nowrong_noweight_seed2026_2075_20260715_155405/summary.json,0.0,OptABA-PC,52.0,33.0,19.0,40.0,28.0,12.0,12.0,7.0,0.7,0.8484848484848485,0.7671232876712328
survey,Survey (6),2046.0,21.0,results/paper_aaai2027/frozen/results/final_mcs_experiments_er_sf_alpha001_nowrong_noweight_50rep_chunked/wc_sweep_bnlearn_survey_alpha001_nowrong_noweight_seed2026_2075_20260715_155405/summary.json,0.0,OptABA-PC,50.0,32.0,18.0,38.0,29.0,9.0,12.0,9.0,0.7631578947368421,0.90625,0.8285714285714286
survey,Survey (6),2047.0,22.0,results/paper_aaai2027/frozen/results/final_mcs_experiments_er_sf_alpha001_nowrong_noweight_50rep_chunked/wc_sweep_bnlearn_survey_alpha001_nowrong_noweight_seed2026_2075_20260715_155405/summary.json,0.0,OptABA-PC,56.0,39.0,17.0,45.0,35.0,10.0,11.0,7.0,0.7777777777777778,0.8974358974358975,0.8333333333333334
survey,Survey (6),2048.0,23.0,results/paper_aaai2027/frozen/results/final_mcs_experiments_er_sf_alpha001_nowrong_noweight_50rep_chunked/wc_sweep_bnlearn_survey_alpha001_nowrong_noweight_seed2026_2075_20260715_155405/summary.json,0.0,OptABA-PC,61.0,43.0,18.0,48.0,36.0,12.0,13.0,6.0,0.75,0.8372093023255814,0.7912087912087912
survey,Survey (6),2049.0,24.0,results/paper_aaai2027/frozen/results/final_mcs_experiments_er_sf_alpha001_nowrong_noweight_50rep_chunked/wc_sweep_bnlearn_survey_alpha001_nowrong_noweight_seed2026_2075_20260715_155405/summary.json,0.0,OptABA-PC,68.0,47.0,21.0,56.0,40.0,16.0,12.0,5.0,0.7142857142857143,0.851063829787234,0.7766990291262136
survey,Survey (6),2050.0,25.0,results/paper_aaai2027/frozen/results/final_mcs_experiments_er_sf_alpha001_nowrong_noweight_50rep_chunked/wc_sweep_bnlearn_survey_alpha001_nowrong_noweight_seed2026_2075_20260715_155405/summary.json,0.0,OptABA-PC,71.0,59.0,12.0,63.0,57.0,6.0,8.0,6.0,0.9047619047619048,0.9661016949152542,0.9344262295081968
survey,Survey (6),2051.0,26.0,results/paper_aaai2027/frozen/results/final_mcs_experiments_er_sf_alpha001_nowrong_noweight_50rep_chunked/wc_sweep_bnlearn_survey_alpha001_nowrong_noweight_seed2026_2075_20260715_155405/summary.json,0.0,OptABA-PC,38.0,21.0,17.0,30.0,17.0,13.0,8.0,4.0,0.5666666666666667,0.8095238095238095,0.6666666666666666
survey,Survey (6),2052.0,27.0,results/paper_aaai2027/frozen/results/final_mcs_experiments_er_sf_alpha001_nowrong_noweight_50rep_chunked/wc_sweep_bnlearn_survey_alpha001_nowrong_noweight_seed2026_2075_20260715_155405/summary.json,0.0,OptABA-PC,46.0,28.0,18.0,34.0,24.0,10.0,12.0,8.0,0.7058823529411765,0.8571428571428571,0.7741935483870968
survey,Survey (6),2053.0,28.0,results/paper_aaai2027/frozen/results/final_mcs_experiments_er_sf_alpha001_nowrong_noweight_50rep_chunked/wc_sweep_bnlearn_survey_alpha001_nowrong_noweight_seed2026_2075_20260715_155405/summary.json,0.0,OptABA-PC,44.0,24.0,20.0,36.0,17.0,19.0,8.0,1.0,0.4722222222222222,0.7083333333333334,0.5666666666666667
survey,Survey (6),2054.0,29.0,results/paper_aaai2027/frozen/results/final_mcs_experiments_er_sf_alpha001_nowrong_noweight_50rep_chunked/wc_sweep_bnlearn_survey_alpha001_nowrong_noweight_seed2026_2075_20260715_155405/summary.json,0.0,OptABA-PC,76.0,50.0,26.0,65.0,40.0,25.0,11.0,1.0,0.6153846153846154,0.8,0.6956521739130435
survey,Survey (6),2055.0,30.0,results/paper_aaai2027/frozen/results/final_mcs_experiments_er_sf_alpha001_nowrong_noweight_50rep_chunked/wc_sweep_bnlearn_survey_alpha001_nowrong_noweight_seed2026_2075_20260715_155405/summary.json,0.0,OptABA-PC,46.0,28.0,18.0,36.0,18.0,18.0,10.0,0.0,0.5,0.6428571428571429,0.5625
survey,Survey (6),2056.0,31.0,results/paper_aaai2027/frozen/results/final_mcs_experiments_er_sf_alpha001_nowrong_noweight_50rep_chunked/wc_sweep_bnlearn_survey_alpha001_nowrong_noweight_seed2026_2075_20260715_155405/summary.json,0.0,OptABA-PC,46.0,28.0,18.0,35.0,22.0,13.0,11.0,5.0,0.6285714285714286,0.7857142857142857,0.6984126984126984
survey,Survey (6),2057.0,32.0,results/paper_aaai2027/frozen/results/final_mcs_experiments_er_sf_alpha001_nowrong_noweight_50rep_chunked/wc_sweep_bnlearn_survey_alpha001_nowrong_noweight_seed2026_2075_20260715_155405/summary.json,0.0,OptABA-PC,30.0,19.0,11.0,27.0,18.0,9.0,3.0,2.0,0.6666666666666666,0.9473684210526315,0.782608695652174
survey,Survey (6),2058.0,33.0,results/paper_aaai2027/frozen/results/final_mcs_experiments_er_sf_alpha001_nowrong_noweight_50rep_chunked/wc_sweep_bnlearn_survey_alpha001_nowrong_noweight_seed2026_2075_20260715_155405/summary.json,0.0,OptABA-PC,80.0,55.0,25.0,64.0,49.0,15.0,16.0,10.0,0.765625,0.8909090909090909,0.8235294117647058
survey,Survey (6),2059.0,34.0,results/paper_aaai2027/frozen/results/final_mcs_experiments_er_sf_alpha001_nowrong_noweight_50rep_chunked/wc_sweep_bnlearn_survey_alpha001_nowrong_noweight_seed2026_2075_20260715_155405/summary.json,0.0,OptABA-PC,38.0,21.0,17.0,30.0,15.0,15.0,8.0,2.0,0.5,0.7142857142857143,0.5882352941176471
survey,Survey (6),2060.0,35.0,results/paper_aaai2027/frozen/results/final_mcs_experiments_er_sf_alpha001_nowrong_noweight_50rep_chunked/wc_sweep_bnlearn_survey_alpha001_nowrong_noweight_seed2026_2075_20260715_155405/summary.json,0.0,OptABA-PC,72.0,47.0,25.0,61.0,41.0,20.0,11.0,5.0,0.6721311475409836,0.8723404255319149,0.7592592592592593
survey,Survey (6),2061.0,36.0,results/paper_aaai2027/frozen/results/final_mcs_experiments_er_sf_alpha001_nowrong_noweight_50rep_chunked/wc_sweep_bnlearn_survey_alpha001_nowrong_noweight_seed2026_2075_20260715_155405/summary.json,0.0,OptABA-PC,41.0,24.0,17.0,32.0,19.0,13.0,9.0,4.0,0.59375,0.7916666666666666,0.6785714285714286
survey,Survey (6),2062.0,37.0,results/paper_aaai2027/frozen/results/final_mcs_experiments_er_sf_alpha001_nowrong_noweight_50rep_chunked/wc_sweep_bnlearn_survey_alpha001_nowrong_noweight_seed2026_2075_20260715_155405/summary.json,0.0,OptABA-PC,86.0,60.0,26.0,66.0,52.0,14.0,20.0,12.0,0.7878787878787878,0.8666666666666667,0.8253968253968254
survey,Survey (6),2063.0,38.0,results/paper_aaai2027/frozen/results/final_mcs_experiments_er_sf_alpha001_nowrong_noweight_50rep_chunked/wc_sweep_bnlearn_survey_alpha001_nowrong_noweight_seed2026_2075_20260715_155405/summary.json,0.0,OptABA-PC,52.0,42.0,10.0,47.0,42.0,5.0,5.0,5.0,0.8936170212765957,1.0,0.9438202247191011
survey,Survey (6),2064.0,39.0,results/paper_aaai2027/frozen/results/final_mcs_experiments_er_sf_alpha001_nowrong_noweight_50rep_chunked/wc_sweep_bnlearn_survey_alpha001_nowrong_noweight_seed2026_2075_20260715_155405/summary.json,0.0,OptABA-PC,46.0,28.0,18.0,34.0,24.0,10.0,12.0,8.0,0.7058823529411765,0.8571428571428571,0.7741935483870968
survey,Survey (6),2065.0,40.0,results/paper_aaai2027/frozen/results/final_mcs_experiments_er_sf_alpha001_nowrong_noweight_50rep_chunked/wc_sweep_bnlearn_survey_alpha001_nowrong_noweight_seed2026_2075_20260715_155405/summary.json,0.0,OptABA-PC,44.0,25.0,19.0,37.0,18.0,19.0,7.0,0.0,0.4864864864864865,0.72,0.5806451612903226
survey,Survey (6),2066.0,41.0,results/paper_aaai2027/frozen/results/final_mcs_experiments_er_sf_alpha001_nowrong_noweight_50rep_chunked/wc_sweep_bnlearn_survey_alpha001_nowrong_noweight_seed2026_2075_20260715_155405/summary.json,0.0,OptABA-PC,47.0,30.0,17.0,37.0,25.0,12.0,10.0,5.0,0.6756756756756757,0.8333333333333334,0.746268656716418
survey,Survey (6),2067.0,42.0,results/paper_aaai2027/frozen/results/final_mcs_experiments_er_sf_alpha001_nowrong_noweight_50rep_chunked/wc_sweep_bnlearn_survey_alpha001_nowrong_noweight_seed2026_2075_20260715_155405/summary.json,0.0,OptABA-PC,56.0,39.0,17.0,45.0,34.0,11.0,11.0,6.0,0.7555555555555555,0.8717948717948718,0.8095238095238095
survey,Survey (6),2068.0,43.0,results/paper_aaai2027/frozen/results/final_mcs_experiments_er_sf_alpha001_nowrong_noweight_50rep_chunked/wc_sweep_bnlearn_survey_alpha001_nowrong_noweight_seed2026_2075_20260715_155405/summary.json,0.0,OptABA-PC,64.0,41.0,23.0,51.0,37.0,14.0,13.0,9.0,0.7254901960784313,0.9024390243902439,0.8043478260869565
survey,Survey (6),2069.0,44.0,results/paper_aaai2027/frozen/results/final_mcs_experiments_er_sf_alpha001_nowrong_noweight_50rep_chunked/wc_sweep_bnlearn_survey_alpha001_nowrong_noweight_seed2026_2075_20260715_155405/summary.json,0.0,OptABA-PC,46.0,28.0,18.0,36.0,20.0,16.0,10.0,2.0,0.5555555555555556,0.7142857142857143,0.625
survey,Survey (6),2070.0,45.0,results/paper_aaai2027/frozen/results/final_mcs_experiments_er_sf_alpha001_nowrong_noweight_50rep_chunked/wc_sweep_bnlearn_survey_alpha001_nowrong_noweight_seed2026_2075_20260715_155405/summary.json,0.0,OptABA-PC,46.0,28.0,18.0,35.0,22.0,13.0,11.0,5.0,0.6285714285714286,0.7857142857142857,0.6984126984126984
survey,Survey (6),2071.0,46.0,results/paper_aaai2027/frozen/results/final_mcs_experiments_er_sf_alpha001_nowrong_noweight_50rep_chunked/wc_sweep_bnlearn_survey_alpha001_nowrong_noweight_seed2026_2075_20260715_155405/summary.json,0.0,OptABA-PC,80.0,55.0,25.0,64.0,45.0,19.0,16.0,6.0,0.703125,0.8181818181818182,0.7563025210084033
survey,Survey (6),2072.0,47.0,results/paper_aaai2027/frozen/results/final_mcs_experiments_er_sf_alpha001_nowrong_noweight_50rep_chunked/wc_sweep_bnlearn_survey_alpha001_nowrong_noweight_seed2026_2075_20260715_155405/summary.json,0.0,OptABA-PC,68.0,48.0,20.0,56.0,45.0,11.0,12.0,9.0,0.8035714285714286,0.9375,0.8653846153846154
survey,Survey (6),2073.0,48.0,results/paper_aaai2027/frozen/results/final_mcs_experiments_er_sf_alpha001_nowrong_noweight_50rep_chunked/wc_sweep_bnlearn_survey_alpha001_nowrong_noweight_seed2026_2075_20260715_155405/summary.json,0.0,OptABA-PC,80.0,55.0,25.0,64.0,40.0,24.0,16.0,1.0,0.625,0.7272727272727273,0.6722689075630253
survey,Survey (6),2074.0,49.0,results/paper_aaai2027/frozen/results/final_mcs_experiments_er_sf_alpha001_nowrong_noweight_50rep_chunked/wc_sweep_bnlearn_survey_alpha001_nowrong_noweight_seed2026_2075_20260715_155405/summary.json,0.0,OptABA-PC,40.0,22.0,18.0,34.0,17.0,17.0,6.0,1.0,0.5,0.7727272727272727,0.6071428571428571
survey,Survey (6),2075.0,50.0,results/paper_aaai2027/frozen/results/final_mcs_experiments_er_sf_alpha001_nowrong_noweight_50rep_chunked/wc_sweep_bnlearn_survey_alpha001_nowrong_noweight_seed2026_2075_20260715_155405/summary.json,0.0,OptABA-PC,47.0,31.0,16.0,36.0,29.0,7.0,11.0,9.0,0.8055555555555556,0.9354838709677419,0.8656716417910447
survey,Survey (6),2026.0,,results/paper_aaai2027/frozen/results/progress/paper_aspcr_dag_alpha001_n5000_50rep/survey__aspcr_log_dag_dag.csv,,ASPCR-DAG,240.0,141.0,99.0,200.0,121.0,79.0,40.0,20.0,0.605,0.8581560283687943,0.7096774193548387
survey,Survey (6),2027.0,,results/paper_aaai2027/frozen/results/progress/paper_aspcr_dag_alpha001_n5000_50rep/survey__aspcr_log_dag_dag.csv,,ASPCR-DAG,240.0,137.0,103.0,192.0,109.0,83.0,48.0,20.0,0.5677083333333334,0.7956204379562044,0.662613981762918
survey,Survey (6),2028.0,,results/paper_aaai2027/frozen/results/progress/paper_aspcr_dag_alpha001_n5000_50rep/survey__aspcr_log_dag_dag.csv,,ASPCR-DAG,240.0,133.0,107.0,200.0,123.0,77.0,40.0,30.0,0.615,0.924812030075188,0.7387387387387386
survey,Survey (6),2029.0,,results/paper_aaai2027/frozen/results/progress/paper_aspcr_dag_alpha001_n5000_50rep/survey__aspcr_log_dag_dag.csv,,ASPCR-DAG,240.0,141.0,99.0,196.0,113.0,83.0,44.0,16.0,0.576530612244898,0.8014184397163121,0.6706231454005934
survey,Survey (6),2030.0,,results/paper_aaai2027/frozen/results/progress/paper_aspcr_dag_alpha001_n5000_50rep/survey__aspcr_log_dag_dag.csv,,ASPCR-DAG,240.0,141.0,99.0,194.0,115.0,79.0,46.0,20.0,0.5927835051546392,0.8156028368794326,0.6865671641791045
survey,Survey (6),2031.0,,results/paper_aaai2027/frozen/results/progress/paper_aspcr_dag_alpha001_n5000_50rep/survey__aspcr_log_dag_dag.csv,,ASPCR-DAG,240.0,117.0,123.0,180.0,111.0,69.0,60.0,54.0,0.6166666666666667,0.9487179487179488,0.7474747474747475
survey,Survey (6),2032.0,,results/paper_aaai2027/frozen/results/progress/paper_aspcr_dag_alpha001_n5000_50rep/survey__aspcr_log_dag_dag.csv,,ASPCR-DAG,240.0,117.0,123.0,224.0,117.0,107.0,16.0,16.0,0.5223214285714286,1.0,0.686217008797654
survey,Survey (6),2033.0,,results/paper_aaai2027/frozen/results/progress/paper_aspcr_dag_alpha001_n5000_50rep/survey__aspcr_log_dag_dag.csv,,ASPCR-DAG,240.0,157.0,83.0,184.0,109.0,75.0,56.0,8.0,0.592391304347826,0.6942675159235668,0.6392961876832844
survey,Survey (6),2034.0,,results/paper_aaai2027/frozen/results/progress/paper_aspcr_dag_alpha001_n5000_50rep/survey__aspcr_log_dag_dag.csv,,ASPCR-DAG,240.0,141.0,99.0,194.0,119.0,75.0,46.0,24.0,0.6134020618556701,0.8439716312056738,0.7104477611940299
survey,Survey (6),2035.0,,results/paper_aaai2027/frozen/results/progress/paper_aspcr_dag_alpha001_n5000_50rep/survey__aspcr_log_dag_dag.csv,,ASPCR-DAG,240.0,141.0,99.0,180.0,101.0,79.0,60.0,20.0,0.5611111111111111,0.7163120567375887,0.6292834890965732
survey,Survey (6),2036.0,,results/paper_aaai2027/frozen/results/progress/paper_aspcr_dag_alpha001_n5000_50rep/survey__aspcr_log_dag_dag.csv,,ASPCR-DAG,240.0,125.0,115.0,216.0,109.0,107.0,24.0,8.0,0.5046296296296297,0.872,0.6392961876832844
survey,Survey (6),2037.0,,results/paper_aaai2027/frozen/results/progress/paper_aspcr_dag_alpha001_n5000_50rep/survey__aspcr_log_dag_dag.csv,,ASPCR-DAG,240.0,140.0,100.0,193.0,93.0,100.0,47.0,0.0,0.4818652849740932,0.6642857142857143,0.5585585585585585
survey,Survey (6),2038.0,,results/paper_aaai2027/frozen/results/progress/paper_aspcr_dag_alpha001_n5000_50rep/survey__aspcr_log_dag_dag.csv,,ASPCR-DAG,240.0,145.0,95.0,198.0,145.0,53.0,42.0,42.0,0.7323232323232324,1.0,0.8454810495626823
survey,Survey (6),2039.0,,results/paper_aaai2027/frozen/results/progress/paper_aspcr_dag_alpha001_n5000_50rep/survey__aspcr_log_dag_dag.csv,,ASPCR-DAG,240.0,141.0,99.0,194.0,141.0,53.0,46.0,46.0,0.7268041237113402,1.0,0.8417910447761193
survey,Survey (6),2040.0,,results/paper_aaai2027/frozen/results/progress/paper_aspcr_dag_alpha001_n5000_50rep/survey__aspcr_log_dag_dag.csv,,ASPCR-DAG,240.0,141.0,99.0,184.0,113.0,71.0,56.0,28.0,0.6141304347826086,0.8014184397163121,0.6953846153846154
survey,Survey (6),2041.0,,results/paper_aaai2027/frozen/results/progress/paper_aspcr_dag_alpha001_n5000_50rep/survey__aspcr_log_dag_dag.csv,,ASPCR-DAG,240.0,141.0,99.0,184.0,125.0,59.0,56.0,40.0,0.6793478260869565,0.8865248226950354,0.7692307692307692
survey,Survey (6),2042.0,,results/paper_aaai2027/frozen/results/progress/paper_aspcr_dag_alpha001_n5000_50rep/survey__aspcr_log_dag_dag.csv,,ASPCR-DAG,240.0,125.0,115.0,216.0,109.0,107.0,24.0,8.0,0.5046296296296297,0.872,0.6392961876832844
survey,Survey (6),2043.0,,results/paper_aaai2027/frozen/results/progress/paper_aspcr_dag_alpha001_n5000_50rep/survey__aspcr_log_dag_dag.csv,,ASPCR-DAG,240.0,122.0,118.0,211.0,93.0,118.0,29.0,0.0,0.4407582938388625,0.7622950819672131,0.5585585585585585
survey,Survey (6),2044.0,,results/paper_aaai2027/frozen/results/progress/paper_aspcr_dag_alpha001_n5000_50rep/survey__aspcr_log_dag_dag.csv,,ASPCR-DAG,240.0,157.0,83.0,198.0,133.0,65.0,42.0,18.0,0.6717171717171717,0.8471337579617835,0.7492957746478873
survey,Survey (6),2045.0,,results/paper_aaai2027/frozen/results/progress/paper_aspcr_dag_alpha001_n5000_50rep/survey__aspcr_log_dag_dag.csv,,ASPCR-DAG,240.0,140.0,100.0,185.0,117.0,68.0,55.0,32.0,0.6324324324324324,0.8357142857142857,0.7200000000000001
survey,Survey (6),2046.0,,results/paper_aaai2027/frozen/results/progress/paper_aspcr_dag_alpha001_n5000_50rep/survey__aspcr_log_dag_dag.csv,,ASPCR-DAG,240.0,125.0,115.0,204.0,105.0,99.0,36.0,16.0,0.5147058823529411,0.84,0.6382978723404256
survey,Survey (6),2047.0,,results/paper_aaai2027/frozen/results/progress/paper_aspcr_dag_alpha001_n5000_50rep/survey__aspcr_log_dag_dag.csv,,ASPCR-DAG,240.0,141.0,99.0,192.0,105.0,87.0,48.0,12.0,0.546875,0.7446808510638298,0.6306306306306305
survey,Survey (6),2048.0,,results/paper_aaai2027/frozen/results/progress/paper_aspcr_dag_alpha001_n5000_50rep/survey__aspcr_log_dag_dag.csv,,ASPCR-DAG,240.0,141.0,99.0,200.0,117.0,83.0,40.0,16.0,0.585,0.8297872340425532,0.6862170087976539
survey,Survey (6),2049.0,,results/paper_aaai2027/frozen/results/progress/paper_aspcr_dag_alpha001_n5000_50rep/survey__aspcr_log_dag_dag.csv,,ASPCR-DAG,240.0,129.0,111.0,196.0,101.0,95.0,44.0,16.0,0.5153061224489796,0.7829457364341085,0.6215384615384615
survey,Survey (6),2050.0,,results/paper_aaai2027/frozen/results/progress/paper_aspcr_dag_alpha001_n5000_50rep/survey__aspcr_log_dag_dag.csv,,ASPCR-DAG,240.0,149.0,91.0,204.0,147.0,57.0,36.0,34.0,0.7205882352941176,0.9865771812080536,0.8328611898016998
survey,Survey (6),2051.0,,results/paper_aaai2027/frozen/results/progress/paper_aspcr_dag_alpha001_n5000_50rep/survey__aspcr_log_dag_dag.csv,,ASPCR-DAG,240.0,135.0,105.0,206.0,121.0,85.0,34.0,20.0,0.587378640776699,0.8962962962962963,0.7096774193548386
survey,Survey (6),2052.0,,results/paper_aaai2027/frozen/results/progress/paper_aspcr_dag_alpha001_n5000_50rep/survey__aspcr_log_dag_dag.csv,,ASPCR-DAG,240.0,141.0,99.0,200.0,125.0,75.0,40.0,24.0,0.625,0.8865248226950354,0.7331378299120236
survey,Survey (6),2053.0,,results/paper_aaai2027/frozen/results/progress/paper_aspcr_dag_alpha001_n5000_50rep/survey__aspcr_log_dag_dag.csv,,ASPCR-DAG,240.0,121.0,119.0,204.0,109.0,95.0,36.0,24.0,0.5343137254901961,0.9008264462809916,0.6707692307692308
survey,Survey (6),2054.0,,results/paper_aaai2027/frozen/results/progress/paper_aspcr_dag_alpha001_n5000_50rep/survey__aspcr_log_dag_dag.csv,,ASPCR-DAG,240.0,125.0,115.0,208.0,109.0,99.0,32.0,16.0,0.5240384615384616,0.872,0.6546546546546547
survey,Survey (6),2055.0,,results/paper_aaai2027/frozen/results/progress/paper_aspcr_dag_alpha001_n5000_50rep/survey__aspcr_log_dag_dag.csv,,ASPCR-DAG,240.0,129.0,111.0,208.0,113.0,95.0,32.0,16.0,0.5432692307692307,0.875968992248062,0.6706231454005935
survey,Survey (6),2056.0,,results/paper_aaai2027/frozen/results/progress/paper_aspcr_dag_alpha001_n5000_50rep/survey__aspcr_log_dag_dag.csv,,ASPCR-DAG,240.0,125.0,115.0,216.0,117.0,99.0,24.0,16.0,0.5416666666666666,0.936,0.6862170087976539
survey,Survey (6),2057.0,,results/paper_aaai2027/frozen/results/progress/paper_aspcr_dag_alpha001_n5000_50rep/survey__aspcr_log_dag_dag.csv,,ASPCR-DAG,240.0,125.0,115.0,216.0,109.0,107.0,24.0,8.0,0.5046296296296297,0.872,0.6392961876832844
survey,Survey (6),2058.0,,results/paper_aaai2027/frozen/results/progress/paper_aspcr_dag_alpha001_n5000_50rep/survey__aspcr_log_dag_dag.csv,,ASPCR-DAG,240.0,141.0,99.0,194.0,131.0,63.0,46.0,36.0,0.6752577319587629,0.9290780141843972,0.782089552238806
survey,Survey (6),2059.0,,results/paper_aaai2027/frozen/results/progress/paper_aspcr_dag_alpha001_n5000_50rep/survey__aspcr_log_dag_dag.csv,,ASPCR-DAG,240.0,125.0,115.0,204.0,105.0,99.0,36.0,16.0,0.5147058823529411,0.84,0.6382978723404256
survey,Survey (6),2060.0,,results/paper_aaai2027/frozen/results/progress/paper_aspcr_dag_alpha001_n5000_50rep/survey__aspcr_log_dag_dag.csv,,ASPCR-DAG,240.0,134.0,106.0,199.0,123.0,76.0,41.0,30.0,0.6180904522613065,0.917910447761194,0.7387387387387387
survey,Survey (6),2061.0,,results/paper_aaai2027/frozen/results/progress/paper_aspcr_dag_alpha001_n5000_50rep/survey__aspcr_log_dag_dag.csv,,ASPCR-DAG,240.0,141.0,99.0,200.0,117.0,83.0,40.0,16.0,0.585,0.8297872340425532,0.6862170087976539
survey,Survey (6),2062.0,,results/paper_aaai2027/frozen/results/progress/paper_aspcr_dag_alpha001_n5000_50rep/survey__aspcr_log_dag_dag.csv,,ASPCR-DAG,240.0,159.0,81.0,176.0,131.0,45.0,64.0,36.0,0.7443181818181818,0.8238993710691824,0.782089552238806
survey,Survey (6),2063.0,,results/paper_aaai2027/frozen/results/progress/paper_aspcr_dag_alpha001_n5000_50rep/survey__aspcr_log_dag_dag.csv,,ASPCR-DAG,240.0,137.0,103.0,196.0,123.0,73.0,44.0,30.0,0.6275510204081632,0.8978102189781022,0.7387387387387387
survey,Survey (6),2064.0,,results/paper_aaai2027/frozen/results/progress/paper_aspcr_dag_alpha001_n5000_50rep/survey__aspcr_log_dag_dag.csv,,ASPCR-DAG,240.0,157.0,83.0,180.0,109.0,71.0,60.0,12.0,0.6055555555555555,0.6942675159235668,0.6468842729970326
survey,Survey (6),2065.0,,results/paper_aaai2027/frozen/results/progress/paper_aspcr_dag_alpha001_n5000_50rep/survey__aspcr_log_dag_dag.csv,,ASPCR-DAG,240.0,109.0,131.0,220.0,105.0,115.0,20.0,16.0,0.4772727272727273,0.963302752293578,0.6382978723404256
survey,Survey (6),2066.0,,results/paper_aaai2027/frozen/results/progress/paper_aspcr_dag_alpha001_n5000_50rep/survey__aspcr_log_dag_dag.csv,,ASPCR-DAG,240.0,125.0,115.0,204.0,105.0,99.0,36.0,16.0,0.5147058823529411,0.84,0.6382978723404256
survey,Survey (6),2067.0,,results/paper_aaai2027/frozen/results/progress/paper_aspcr_dag_alpha001_n5000_50rep/survey__aspcr_log_dag_dag.csv,,ASPCR-DAG,240.0,141.0,99.0,194.0,141.0,53.0,46.0,46.0,0.7268041237113402,1.0,0.8417910447761193
survey,Survey (6),2068.0,,results/paper_aaai2027/frozen/results/progress/paper_aspcr_dag_alpha001_n5000_50rep/survey__aspcr_log_dag_dag.csv,,ASPCR-DAG,240.0,142.0,98.0,193.0,141.0,52.0,47.0,46.0,0.7305699481865285,0.9929577464788732,0.8417910447761193
survey,Survey (6),2069.0,,results/paper_aaai2027/frozen/results/progress/paper_aspcr_dag_alpha001_n5000_50rep/survey__aspcr_log_dag_dag.csv,,ASPCR-DAG,240.0,125.0,115.0,204.0,105.0,99.0,36.0,16.0,0.5147058823529411,0.84,0.6382978723404256
survey,Survey (6),2070.0,,results/paper_aaai2027/frozen/results/progress/paper_aspcr_dag_alpha001_n5000_50rep/survey__aspcr_log_dag_dag.csv,,ASPCR-DAG,240.0,125.0,115.0,204.0,105.0,99.0,36.0,16.0,0.5147058823529411,0.84,0.6382978723404256
survey,Survey (6),2071.0,,results/paper_aaai2027/frozen/results/progress/paper_aspcr_dag_alpha001_n5000_50rep/survey__aspcr_log_dag_dag.csv,,ASPCR-DAG,240.0,129.0,111.0,188.0,121.0,67.0,52.0,44.0,0.6436170212765957,0.937984496124031,0.7634069400630913
survey,Survey (6),2072.0,,results/paper_aaai2027/frozen/results/progress/paper_aspcr_dag_alpha001_n5000_50rep/survey__aspcr_log_dag_dag.csv,,ASPCR-DAG,240.0,117.0,123.0,208.0,101.0,107.0,32.0,16.0,0.4855769230769231,0.8632478632478633,0.6215384615384615
survey,Survey (6),2073.0,,results/paper_aaai2027/frozen/results/progress/paper_aspcr_dag_alpha001_n5000_50rep/survey__aspcr_log_dag_dag.csv,,ASPCR-DAG,240.0,141.0,99.0,192.0,123.0,69.0,48.0,30.0,0.640625,0.8723404255319149,0.7387387387387387
survey,Survey (6),2074.0,,results/paper_aaai2027/frozen/results/progress/paper_aspcr_dag_alpha001_n5000_50rep/survey__aspcr_log_dag_dag.csv,,ASPCR-DAG,240.0,139.0,101.0,204.0,119.0,85.0,36.0,16.0,0.5833333333333334,0.8561151079136691,0.6938775510204082
survey,Survey (6),2075.0,,results/paper_aaai2027/frozen/results/progress/paper_aspcr_dag_alpha001_n5000_50rep/survey__aspcr_log_dag_dag.csv,,ASPCR-DAG,240.0,132.0,108.0,169.0,107.0,62.0,71.0,46.0,0.6331360946745562,0.8106060606060606,0.7109634551495017
asia,Asia (8),2026.0,1.0,results/paper_aaai2027/frozen/results/final_mcs_experiments_er_sf_alpha001_nowrong_noweight_50rep_chunked/wc_sweep_bnlearn_asia_alpha001_nowrong_noweight_seed2026_2075_20260715_161105/summary.json,0.0,ABA-PC,140.0,127.0,13.0,104.0,102.0,2.0,36.0,11.0,0.9807692307692307,0.8031496062992126,0.8831168831168831
asia,Asia (8),2027.0,2.0,results/paper_aaai2027/frozen/results/final_mcs_experiments_er_sf_alpha001_nowrong_noweight_50rep_chunked/wc_sweep_bnlearn_asia_alpha001_nowrong_noweight_seed2026_2075_20260715_161105/summary.json,0.0,ABA-PC,140.0,127.0,13.0,110.0,108.0,2.0,30.0,11.0,0.9818181818181818,0.8503937007874016,0.9113924050632911
asia,Asia (8),2028.0,3.0,results/paper_aaai2027/frozen/results/final_mcs_experiments_er_sf_alpha001_nowrong_noweight_50rep_chunked/wc_sweep_bnlearn_asia_alpha001_nowrong_noweight_seed2026_2075_20260715_161105/summary.json,0.0,ABA-PC,146.0,136.0,10.0,105.0,103.0,2.0,41.0,8.0,0.9809523809523809,0.7573529411764706,0.8547717842323651
asia,Asia (8),2029.0,4.0,results/paper_aaai2027/frozen/results/final_mcs_experiments_er_sf_alpha001_nowrong_noweight_50rep_chunked/wc_sweep_bnlearn_asia_alpha001_nowrong_noweight_seed2026_2075_20260715_161105/summary.json,0.0,ABA-PC,135.0,125.0,10.0,101.0,99.0,2.0,34.0,8.0,0.9801980198019802,0.792,0.8761061946902655
asia,Asia (8),2030.0,5.0,results/paper_aaai2027/frozen/results/final_mcs_experiments_er_sf_alpha001_nowrong_noweight_50rep_chunked/wc_sweep_bnlearn_asia_alpha001_nowrong_noweight_seed2026_2075_20260715_161105/summary.json,0.0,ABA-PC,137.0,122.0,15.0,105.0,102.0,3.0,32.0,12.0,0.9714285714285714,0.8360655737704918,0.8986784140969163
asia,Asia (8),2031.0,6.0,results/paper_aaai2027/frozen/results/final_mcs_experiments_er_sf_alpha001_nowrong_noweight_50rep_chunked/wc_sweep_bnlearn_asia_alpha001_nowrong_noweight_seed2026_2075_20260715_161105/summary.json,0.0,ABA-PC,145.0,134.0,11.0,117.0,115.0,2.0,28.0,9.0,0.9829059829059829,0.8582089552238806,0.9163346613545816
asia,Asia (8),2032.0,7.0,results/paper_aaai2027/frozen/results/final_mcs_experiments_er_sf_alpha001_nowrong_noweight_50rep_chunked/wc_sweep_bnlearn_asia_alpha001_nowrong_noweight_seed2026_2075_20260715_161105/summary.json,0.0,ABA-PC,166.0,143.0,23.0,123.0,121.0,2.0,43.0,21.0,0.983739837398374,0.8461538461538461,0.9097744360902256
asia,Asia (8),2033.0,8.0,results/paper_aaai2027/frozen/results/final_mcs_experiments_er_sf_alpha001_nowrong_noweight_50rep_chunked/wc_sweep_bnlearn_asia_alpha001_nowrong_noweight_seed2026_2075_20260715_161105/summary.json,0.0,ABA-PC,124.0,111.0,13.0,94.0,92.0,2.0,30.0,11.0,0.9787234042553191,0.8288288288288288,0.8975609756097561
asia,Asia (8),2034.0,9.0,results/paper_aaai2027/frozen/results/final_mcs_experiments_er_sf_alpha001_nowrong_noweight_50rep_chunked/wc_sweep_bnlearn_asia_alpha001_nowrong_noweight_seed2026_2075_20260715_161105/summary.json,0.0,ABA-PC,154.0,137.0,17.0,121.0,119.0,2.0,33.0,15.0,0.9834710743801653,0.8686131386861314,0.9224806201550387
asia,Asia (8),2035.0,10.0,results/paper_aaai2027/frozen/results/final_mcs_experiments_er_sf_alpha001_nowrong_noweight_50rep_chunked/wc_sweep_bnlearn_asia_alpha001_nowrong_noweight_seed2026_2075_20260715_161105/summary.json,0.0,ABA-PC,151.0,141.0,10.0,115.0,113.0,2.0,36.0,8.0,0.9826086956521739,0.8014184397163121,0.8828125
asia,Asia (8),2036.0,11.0,results/paper_aaai2027/frozen/results/final_mcs_experiments_er_sf_alpha001_nowrong_noweight_50rep_chunked/wc_sweep_bnlearn_asia_alpha001_nowrong_noweight_seed2026_2075_20260715_161105/summary.json,0.0,ABA-PC,135.0,122.0,13.0,103.0,100.0,3.0,32.0,10.0,0.970873786407767,0.819672131147541,0.8888888888888888
asia,Asia (8),2037.0,12.0,results/paper_aaai2027/frozen/results/final_mcs_experiments_er_sf_alpha001_nowrong_noweight_50rep_chunked/wc_sweep_bnlearn_asia_alpha001_nowrong_noweight_seed2026_2075_20260715_161105/summary.json,0.0,ABA-PC,140.0,127.0,13.0,98.0,96.0,2.0,42.0,11.0,0.9795918367346939,0.7559055118110236,0.8533333333333334
asia,Asia (8),2038.0,13.0,results/paper_aaai2027/frozen/results/final_mcs_experiments_er_sf_alpha001_nowrong_noweight_50rep_chunked/wc_sweep_bnlearn_asia_alpha001_nowrong_noweight_seed2026_2075_20260715_161105/summary.json,0.0,ABA-PC,140.0,126.0,14.0,107.0,104.0,3.0,33.0,11.0,0.9719626168224299,0.8253968253968254,0.8927038626609443
asia,Asia (8),2039.0,14.0,results/paper_aaai2027/frozen/results/final_mcs_experiments_er_sf_alpha001_nowrong_noweight_50rep_chunked/wc_sweep_bnlearn_asia_alpha001_nowrong_noweight_seed2026_2075_20260715_161105/summary.json,0.0,ABA-PC,151.0,140.0,11.0,119.0,117.0,2.0,32.0,9.0,0.9831932773109243,0.8357142857142857,0.9034749034749034
asia,Asia (8),2040.0,15.0,results/paper_aaai2027/frozen/results/final_mcs_experiments_er_sf_alpha001_nowrong_noweight_50rep_chunked/wc_sweep_bnlearn_asia_alpha001_nowrong_noweight_seed2026_2075_20260715_161105/summary.json,0.0,ABA-PC,124.0,110.0,14.0,96.0,94.0,2.0,28.0,12.0,0.9791666666666666,0.8545454545454545,0.912621359223301
asia,Asia (8),2041.0,16.0,results/paper_aaai2027/frozen/results/final_mcs_experiments_er_sf_alpha001_nowrong_noweight_50rep_chunked/wc_sweep_bnlearn_asia_alpha001_nowrong_noweight_seed2026_2075_20260715_161105/summary.json,0.0,ABA-PC,140.0,128.0,12.0,114.0,109.0,5.0,26.0,7.0,0.956140350877193,0.8515625,0.9008264462809917
asia,Asia (8),2042.0,17.0,results/paper_aaai2027/frozen/results/final_mcs_experiments_er_sf_alpha001_nowrong_noweight_50rep_chunked/wc_sweep_bnlearn_asia_alpha001_nowrong_noweight_seed2026_2075_20260715_161105/summary.json,0.0,ABA-PC,140.0,128.0,12.0,101.0,99.0,2.0,39.0,10.0,0.9801980198019802,0.7734375,0.8646288209606987
asia,Asia (8),2043.0,18.0,results/paper_aaai2027/frozen/results/final_mcs_experiments_er_sf_alpha001_nowrong_noweight_50rep_chunked/wc_sweep_bnlearn_asia_alpha001_nowrong_noweight_seed2026_2075_20260715_161105/summary.json,0.0,ABA-PC,133.0,122.0,11.0,98.0,96.0,2.0,35.0,9.0,0.9795918367346939,0.7868852459016393,0.8727272727272727
asia,Asia (8),2044.0,19.0,results/paper_aaai2027/frozen/results/final_mcs_experiments_er_sf_alpha001_nowrong_noweight_50rep_chunked/wc_sweep_bnlearn_asia_alpha001_nowrong_noweight_seed2026_2075_20260715_161105/summary.json,0.0,ABA-PC,134.0,121.0,13.0,101.0,98.0,3.0,33.0,10.0,0.9702970297029703,0.8099173553719008,0.8828828828828829
asia,Asia (8),2045.0,20.0,results/paper_aaai2027/frozen/results/final_mcs_experiments_er_sf_alpha001_nowrong_noweight_50rep_chunked/wc_sweep_bnlearn_asia_alpha001_nowrong_noweight_seed2026_2075_20260715_161105/summary.json,0.0,ABA-PC,146.0,135.0,11.0,113.0,111.0,2.0,33.0,9.0,0.9823008849557522,0.8222222222222222,0.8951612903225806
asia,Asia (8),2046.0,21.0,results/paper_aaai2027/frozen/results/final_mcs_experiments_er_sf_alpha001_nowrong_noweight_50rep_chunked/wc_sweep_bnlearn_asia_alpha001_nowrong_noweight_seed2026_2075_20260715_161105/summary.json,0.0,ABA-PC,146.0,133.0,13.0,105.0,103.0,2.0,41.0,11.0,0.9809523809523809,0.7744360902255639,0.865546218487395
asia,Asia (8),2047.0,22.0,results/paper_aaai2027/frozen/results/final_mcs_experiments_er_sf_alpha001_nowrong_noweight_50rep_chunked/wc_sweep_bnlearn_asia_alpha001_nowrong_noweight_seed2026_2075_20260715_161105/summary.json,0.0,ABA-PC,170.0,159.0,11.0,135.0,133.0,2.0,35.0,9.0,0.9851851851851852,0.8364779874213837,0.9047619047619048
asia,Asia (8),2048.0,23.0,results/paper_aaai2027/frozen/results/final_mcs_experiments_er_sf_alpha001_nowrong_noweight_50rep_chunked/wc_sweep_bnlearn_asia_alpha001_nowrong_noweight_seed2026_2075_20260715_161105/summary.json,0.0,ABA-PC,140.0,128.0,12.0,100.0,98.0,2.0,40.0,10.0,0.98,0.765625,0.8596491228070176
asia,Asia (8),2049.0,24.0,results/paper_aaai2027/frozen/results/final_mcs_experiments_er_sf_alpha001_nowrong_noweight_50rep_chunked/wc_sweep_bnlearn_asia_alpha001_nowrong_noweight_seed2026_2075_20260715_161105/summary.json,0.0,ABA-PC,127.0,115.0,12.0,98.0,96.0,2.0,29.0,10.0,0.9795918367346939,0.8347826086956521,0.9014084507042254
asia,Asia (8),2050.0,25.0,results/paper_aaai2027/frozen/results/final_mcs_experiments_er_sf_alpha001_nowrong_noweight_50rep_chunked/wc_sweep_bnlearn_asia_alpha001_nowrong_noweight_seed2026_2075_20260715_161105/summary.json,0.0,ABA-PC,140.0,131.0,9.0,111.0,108.0,3.0,29.0,6.0,0.972972972972973,0.8244274809160306,0.8925619834710744
asia,Asia (8),2051.0,26.0,results/paper_aaai2027/frozen/results/final_mcs_experiments_er_sf_alpha001_nowrong_noweight_50rep_chunked/wc_sweep_bnlearn_asia_alpha001_nowrong_noweight_seed2026_2075_20260715_161105/summary.json,0.0,ABA-PC,127.0,115.0,12.0,96.0,94.0,2.0,31.0,10.0,0.9791666666666666,0.8173913043478261,0.8909952606635071
asia,Asia (8),2052.0,27.0,results/paper_aaai2027/frozen/results/final_mcs_experiments_er_sf_alpha001_nowrong_noweight_50rep_chunked/wc_sweep_bnlearn_asia_alpha001_nowrong_noweight_seed2026_2075_20260715_161105/summary.json,0.0,ABA-PC,157.0,144.0,13.0,122.0,120.0,2.0,35.0,11.0,0.9836065573770492,0.8333333333333334,0.9022556390977443
asia,Asia (8),2053.0,28.0,results/paper_aaai2027/frozen/results/final_mcs_experiments_er_sf_alpha001_nowrong_noweight_50rep_chunked/wc_sweep_bnlearn_asia_alpha001_nowrong_noweight_seed2026_2075_20260715_161105/summary.json,0.0,ABA-PC,167.0,146.0,21.0,125.0,123.0,2.0,42.0,19.0,0.984,0.8424657534246576,0.9077490774907749
asia,Asia (8),2054.0,29.0,results/paper_aaai2027/frozen/results/final_mcs_experiments_er_sf_alpha001_nowrong_noweight_50rep_chunked/wc_sweep_bnlearn_asia_alpha001_nowrong_noweight_seed2026_2075_20260715_161105/summary.json,0.0,ABA-PC,124.0,110.0,14.0,107.0,102.0,5.0,17.0,9.0,0.9532710280373832,0.9272727272727272,0.9400921658986175
asia,Asia (8),2055.0,30.0,results/paper_aaai2027/frozen/results/final_mcs_experiments_er_sf_alpha001_nowrong_noweight_50rep_chunked/wc_sweep_bnlearn_asia_alpha001_nowrong_noweight_seed2026_2075_20260715_161105/summary.json,0.0,ABA-PC,145.0,134.0,11.0,111.0,109.0,2.0,34.0,9.0,0.9819819819819819,0.8134328358208955,0.889795918367347
asia,Asia (8),2056.0,31.0,results/paper_aaai2027/frozen/results/final_mcs_experiments_er_sf_alpha001_nowrong_noweight_50rep_chunked/wc_sweep_bnlearn_asia_alpha001_nowrong_noweight_seed2026_2075_20260715_161105/summary.json,0.0,ABA-PC,146.0,134.0,12.0,112.0,110.0,2.0,34.0,10.0,0.9821428571428571,0.8208955223880597,0.8943089430894309
asia,Asia (8),2057.0,32.0,results/paper_aaai2027/frozen/results/final_mcs_experiments_er_sf_alpha001_nowrong_noweight_50rep_chunked/wc_sweep_bnlearn_asia_alpha001_nowrong_noweight_seed2026_2075_20260715_161105/summary.json,0.0,ABA-PC,142.0,125.0,17.0,99.0,97.0,2.0,43.0,15.0,0.9797979797979798,0.776,0.8660714285714286
asia,Asia (8),2058.0,33.0,results/paper_aaai2027/frozen/results/final_mcs_experiments_er_sf_alpha001_nowrong_noweight_50rep_chunked/wc_sweep_bnlearn_asia_alpha001_nowrong_noweight_seed2026_2075_20260715_161105/summary.json,0.0,ABA-PC,140.0,127.0,13.0,106.0,104.0,2.0,34.0,11.0,0.9811320754716981,0.8188976377952756,0.8927038626609443
asia,Asia (8),2059.0,34.0,results/paper_aaai2027/frozen/results/final_mcs_experiments_er_sf_alpha001_nowrong_noweight_50rep_chunked/wc_sweep_bnlearn_asia_alpha001_nowrong_noweight_seed2026_2075_20260715_161105/summary.json,0.0,ABA-PC,134.0,120.0,14.0,99.0,97.0,2.0,35.0,12.0,0.9797979797979798,0.8083333333333333,0.8858447488584474
asia,Asia (8),2060.0,35.0,results/paper_aaai2027/frozen/results/final_mcs_experiments_er_sf_alpha001_nowrong_noweight_50rep_chunked/wc_sweep_bnlearn_asia_alpha001_nowrong_noweight_seed2026_2075_20260715_161105/summary.json,0.0,ABA-PC,140.0,130.0,10.0,107.0,105.0,2.0,33.0,8.0,0.9813084112149533,0.8076923076923077,0.8860759493670886
asia,Asia (8),2061.0,36.0,results/paper_aaai2027/frozen/results/final_mcs_experiments_er_sf_alpha001_nowrong_noweight_50rep_chunked/wc_sweep_bnlearn_asia_alpha001_nowrong_noweight_seed2026_2075_20260715_161105/summary.json,0.0,ABA-PC,134.0,122.0,12.0,105.0,103.0,2.0,29.0,10.0,0.9809523809523809,0.8442622950819673,0.9074889867841409
asia,Asia (8),2062.0,37.0,results/paper_aaai2027/frozen/results/final_mcs_experiments_er_sf_alpha001_nowrong_noweight_50rep_chunked/wc_sweep_bnlearn_asia_alpha001_nowrong_noweight_seed2026_2075_20260715_161105/summary.json,0.0,ABA-PC,140.0,127.0,13.0,102.0,100.0,2.0,38.0,11.0,0.9803921568627451,0.7874015748031497,0.8733624454148472
asia,Asia (8),2063.0,38.0,results/paper_aaai2027/frozen/results/final_mcs_experiments_er_sf_alpha001_nowrong_noweight_50rep_chunked/wc_sweep_bnlearn_asia_alpha001_nowrong_noweight_seed2026_2075_20260715_161105/summary.json,0.0,ABA-PC,140.0,127.0,13.0,102.0,100.0,2.0,38.0,11.0,0.9803921568627451,0.7874015748031497,0.8733624454148472
asia,Asia (8),2064.0,39.0,results/paper_aaai2027/frozen/results/final_mcs_experiments_er_sf_alpha001_nowrong_noweight_50rep_chunked/wc_sweep_bnlearn_asia_alpha001_nowrong_noweight_seed2026_2075_20260715_161105/summary.json,0.0,ABA-PC,152.0,138.0,14.0,121.0,115.0,6.0,31.0,8.0,0.9504132231404959,0.8333333333333334,0.888030888030888
asia,Asia (8),2065.0,40.0,results/paper_aaai2027/frozen/results/final_mcs_experiments_er_sf_alpha001_nowrong_noweight_50rep_chunked/wc_sweep_bnlearn_asia_alpha001_nowrong_noweight_seed2026_2075_20260715_161105/summary.json,0.0,ABA-PC,149.0,136.0,13.0,110.0,108.0,2.0,39.0,11.0,0.9818181818181818,0.7941176470588235,0.8780487804878049
asia,Asia (8),2066.0,41.0,results/paper_aaai2027/frozen/results/final_mcs_experiments_er_sf_alpha001_nowrong_noweight_50rep_chunked/wc_sweep_bnlearn_asia_alpha001_nowrong_noweight_seed2026_2075_20260715_161105/summary.json,0.0,ABA-PC,140.0,125.0,15.0,102.0,100.0,2.0,38.0,13.0,0.9803921568627451,0.8,0.8810572687224669
asia,Asia (8),2067.0,42.0,results/paper_aaai2027/frozen/results/final_mcs_experiments_er_sf_alpha001_nowrong_noweight_50rep_chunked/wc_sweep_bnlearn_asia_alpha001_nowrong_noweight_seed2026_2075_20260715_161105/summary.json,0.0,ABA-PC,140.0,127.0,13.0,104.0,102.0,2.0,36.0,11.0,0.9807692307692307,0.8031496062992126,0.8831168831168831
asia,Asia (8),2068.0,43.0,results/paper_aaai2027/frozen/results/final_mcs_experiments_er_sf_alpha001_nowrong_noweight_50rep_chunked/wc_sweep_bnlearn_asia_alpha001_nowrong_noweight_seed2026_2075_20260715_161105/summary.json,0.0,ABA-PC,140.0,129.0,11.0,110.0,108.0,2.0,30.0,9.0,0.9818181818181818,0.8372093023255814,0.9037656903765691
asia,Asia (8),2069.0,44.0,results/paper_aaai2027/frozen/results/final_mcs_experiments_er_sf_alpha001_nowrong_noweight_50rep_chunked/wc_sweep_bnlearn_asia_alpha001_nowrong_noweight_seed2026_2075_20260715_161105/summary.json,0.0,ABA-PC,134.0,123.0,11.0,103.0,100.0,3.0,31.0,8.0,0.970873786407767,0.8130081300813008,0.8849557522123894
asia,Asia (8),2070.0,45.0,results/paper_aaai2027/frozen/results/final_mcs_experiments_er_sf_alpha001_nowrong_noweight_50rep_chunked/wc_sweep_bnlearn_asia_alpha001_nowrong_noweight_seed2026_2075_20260715_161105/summary.json,0.0,ABA-PC,155.0,130.0,25.0,112.0,109.0,3.0,43.0,22.0,0.9732142857142857,0.8384615384615385,0.9008264462809917
asia,Asia (8),2071.0,46.0,results/paper_aaai2027/frozen/results/final_mcs_experiments_er_sf_alpha001_nowrong_noweight_50rep_chunked/wc_sweep_bnlearn_asia_alpha001_nowrong_noweight_seed2026_2075_20260715_161105/summary.json,0.0,ABA-PC,134.0,121.0,13.0,102.0,100.0,2.0,32.0,11.0,0.9803921568627451,0.8264462809917356,0.8968609865470852
asia,Asia (8),2072.0,47.0,results/paper_aaai2027/frozen/results/final_mcs_experiments_er_sf_alpha001_nowrong_noweight_50rep_chunked/wc_sweep_bnlearn_asia_alpha001_nowrong_noweight_seed2026_2075_20260715_161105/summary.json,0.0,ABA-PC,146.0,132.0,14.0,109.0,107.0,2.0,37.0,12.0,0.981651376146789,0.8106060606060606,0.8879668049792531
asia,Asia (8),2073.0,48.0,results/paper_aaai2027/frozen/results/final_mcs_experiments_er_sf_alpha001_nowrong_noweight_50rep_chunked/wc_sweep_bnlearn_asia_alpha001_nowrong_noweight_seed2026_2075_20260715_161105/summary.json,0.0,ABA-PC,145.0,134.0,11.0,109.0,107.0,2.0,36.0,9.0,0.981651376146789,0.7985074626865671,0.8806584362139918
asia,Asia (8),2074.0,49.0,results/paper_aaai2027/frozen/results/final_mcs_experiments_er_sf_alpha001_nowrong_noweight_50rep_chunked/wc_sweep_bnlearn_asia_alpha001_nowrong_noweight_seed2026_2075_20260715_161105/summary.json,0.0,ABA-PC,157.0,145.0,12.0,122.0,120.0,2.0,35.0,10.0,0.9836065573770492,0.8275862068965517,0.898876404494382
asia,Asia (8),2075.0,50.0,results/paper_aaai2027/frozen/results/final_mcs_experiments_er_sf_alpha001_nowrong_noweight_50rep_chunked/wc_sweep_bnlearn_asia_alpha001_nowrong_noweight_seed2026_2075_20260715_161105/summary.json,0.0,ABA-PC,140.0,130.0,10.0,119.0,114.0,5.0,21.0,5.0,0.957983193277311,0.8769230769230769,0.9156626506024096
asia,Asia (8),2026.0,1.0,results/paper_aaai2027/frozen/results/final_mcs_experiments_er_sf_alpha001_nowrong_noweight_50rep_chunked/wc_sweep_bnlearn_asia_alpha001_nowrong_noweight_seed2026_2075_20260715_161105/summary.json,0.0,OptABA-PC,140.0,127.0,13.0,131.0,126.0,5.0,9.0,8.0,0.9618320610687023,0.9921259842519685,0.9767441860465116
asia,Asia (8),2027.0,2.0,results/paper_aaai2027/frozen/results/final_mcs_experiments_er_sf_alpha001_nowrong_noweight_50rep_chunked/wc_sweep_bnlearn_asia_alpha001_nowrong_noweight_seed2026_2075_20260715_161105/summary.json,0.0,OptABA-PC,140.0,127.0,13.0,131.0,126.0,5.0,9.0,8.0,0.9618320610687023,0.9921259842519685,0.9767441860465116
asia,Asia (8),2028.0,3.0,results/paper_aaai2027/frozen/results/final_mcs_experiments_er_sf_alpha001_nowrong_noweight_50rep_chunked/wc_sweep_bnlearn_asia_alpha001_nowrong_noweight_seed2026_2075_20260715_161105/summary.json,0.0,OptABA-PC,146.0,136.0,10.0,137.0,136.0,1.0,9.0,9.0,0.9927007299270073,1.0,0.9963369963369964
asia,Asia (8),2029.0,4.0,results/paper_aaai2027/frozen/results/final_mcs_experiments_er_sf_alpha001_nowrong_noweight_50rep_chunked/wc_sweep_bnlearn_asia_alpha001_nowrong_noweight_seed2026_2075_20260715_161105/summary.json,0.0,OptABA-PC,135.0,125.0,10.0,130.0,125.0,5.0,5.0,5.0,0.9615384615384616,1.0,0.9803921568627451
asia,Asia (8),2030.0,5.0,results/paper_aaai2027/frozen/results/final_mcs_experiments_er_sf_alpha001_nowrong_noweight_50rep_chunked/wc_sweep_bnlearn_asia_alpha001_nowrong_noweight_seed2026_2075_20260715_161105/summary.json,0.0,OptABA-PC,137.0,122.0,15.0,127.0,116.0,11.0,10.0,4.0,0.9133858267716536,0.9508196721311475,0.9317269076305221
asia,Asia (8),2031.0,6.0,results/paper_aaai2027/frozen/results/final_mcs_experiments_er_sf_alpha001_nowrong_noweight_50rep_chunked/wc_sweep_bnlearn_asia_alpha001_nowrong_noweight_seed2026_2075_20260715_161105/summary.json,0.0,OptABA-PC,145.0,134.0,11.0,134.0,133.0,1.0,11.0,10.0,0.9925373134328358,0.9925373134328358,0.9925373134328358
asia,Asia (8),2032.0,7.0,results/paper_aaai2027/frozen/results/final_mcs_experiments_er_sf_alpha001_nowrong_noweight_50rep_chunked/wc_sweep_bnlearn_asia_alpha001_nowrong_noweight_seed2026_2075_20260715_161105/summary.json,0.0,OptABA-PC,166.0,143.0,23.0,154.0,140.0,14.0,12.0,9.0,0.9090909090909091,0.9790209790209791,0.9427609427609428
asia,Asia (8),2033.0,8.0,results/paper_aaai2027/frozen/results/final_mcs_experiments_er_sf_alpha001_nowrong_noweight_50rep_chunked/wc_sweep_bnlearn_asia_alpha001_nowrong_noweight_seed2026_2075_20260715_161105/summary.json,0.0,OptABA-PC,124.0,111.0,13.0,119.0,109.0,10.0,5.0,3.0,0.9159663865546218,0.9819819819819819,0.9478260869565217
asia,Asia (8),2034.0,9.0,results/paper_aaai2027/frozen/results/final_mcs_experiments_er_sf_alpha001_nowrong_noweight_50rep_chunked/wc_sweep_bnlearn_asia_alpha001_nowrong_noweight_seed2026_2075_20260715_161105/summary.json,0.0,OptABA-PC,154.0,137.0,17.0,142.0,137.0,5.0,12.0,12.0,0.9647887323943662,1.0,0.982078853046595
asia,Asia (8),2035.0,10.0,results/paper_aaai2027/frozen/results/final_mcs_experiments_er_sf_alpha001_nowrong_noweight_50rep_chunked/wc_sweep_bnlearn_asia_alpha001_nowrong_noweight_seed2026_2075_20260715_161105/summary.json,0.0,OptABA-PC,151.0,141.0,10.0,141.0,140.0,1.0,10.0,9.0,0.9929078014184397,0.9929078014184397,0.9929078014184397
asia,Asia (8),2036.0,11.0,results/paper_aaai2027/frozen/results/final_mcs_experiments_er_sf_alpha001_nowrong_noweight_50rep_chunked/wc_sweep_bnlearn_asia_alpha001_nowrong_noweight_seed2026_2075_20260715_161105/summary.json,0.0,OptABA-PC,135.0,122.0,13.0,126.0,120.0,6.0,9.0,7.0,0.9523809523809523,0.9836065573770492,0.967741935483871
asia,Asia (8),2037.0,12.0,results/paper_aaai2027/frozen/results/final_mcs_experiments_er_sf_alpha001_nowrong_noweight_50rep_chunked/wc_sweep_bnlearn_asia_alpha001_nowrong_noweight_seed2026_2075_20260715_161105/summary.json,0.0,OptABA-PC,140.0,127.0,13.0,131.0,126.0,5.0,9.0,8.0,0.9618320610687023,0.9921259842519685,0.9767441860465116
asia,Asia (8),2038.0,13.0,results/paper_aaai2027/frozen/results/final_mcs_experiments_er_sf_alpha001_nowrong_noweight_50rep_chunked/wc_sweep_bnlearn_asia_alpha001_nowrong_noweight_seed2026_2075_20260715_161105/summary.json,0.0,OptABA-PC,140.0,126.0,14.0,130.0,125.0,5.0,10.0,9.0,0.9615384615384616,0.9920634920634921,0.9765625
asia,Asia (8),2039.0,14.0,results/paper_aaai2027/frozen/results/final_mcs_experiments_er_sf_alpha001_nowrong_noweight_50rep_chunked/wc_sweep_bnlearn_asia_alpha001_nowrong_noweight_seed2026_2075_20260715_161105/summary.json,0.0,OptABA-PC,151.0,140.0,11.0,140.0,139.0,1.0,11.0,10.0,0.9928571428571429,0.9928571428571429,0.9928571428571429
asia,Asia (8),2040.0,15.0,results/paper_aaai2027/frozen/results/final_mcs_experiments_er_sf_alpha001_nowrong_noweight_50rep_chunked/wc_sweep_bnlearn_asia_alpha001_nowrong_noweight_seed2026_2075_20260715_161105/summary.json,0.0,OptABA-PC,124.0,110.0,14.0,118.0,108.0,10.0,6.0,4.0,0.9152542372881356,0.9818181818181818,0.9473684210526315
asia,Asia (8),2041.0,16.0,results/paper_aaai2027/frozen/results/final_mcs_experiments_er_sf_alpha001_nowrong_noweight_50rep_chunked/wc_sweep_bnlearn_asia_alpha001_nowrong_noweight_seed2026_2075_20260715_161105/summary.json,0.0,OptABA-PC,140.0,128.0,12.0,132.0,127.0,5.0,8.0,7.0,0.9621212121212122,0.9921875,0.9769230769230769
asia,Asia (8),2042.0,17.0,results/paper_aaai2027/frozen/results/final_mcs_experiments_er_sf_alpha001_nowrong_noweight_50rep_chunked/wc_sweep_bnlearn_asia_alpha001_nowrong_noweight_seed2026_2075_20260715_161105/summary.json,0.0,OptABA-PC,140.0,128.0,12.0,132.0,127.0,5.0,8.0,7.0,0.9621212121212122,0.9921875,0.9769230769230769
asia,Asia (8),2043.0,18.0,results/paper_aaai2027/frozen/results/final_mcs_experiments_er_sf_alpha001_nowrong_noweight_50rep_chunked/wc_sweep_bnlearn_asia_alpha001_nowrong_noweight_seed2026_2075_20260715_161105/summary.json,0.0,OptABA-PC,133.0,122.0,11.0,123.0,118.0,5.0,10.0,6.0,0.959349593495935,0.9672131147540983,0.963265306122449
asia,Asia (8),2044.0,19.0,results/paper_aaai2027/frozen/results/final_mcs_experiments_er_sf_alpha001_nowrong_noweight_50rep_chunked/wc_sweep_bnlearn_asia_alpha001_nowrong_noweight_seed2026_2075_20260715_161105/summary.json,0.0,OptABA-PC,134.0,121.0,13.0,125.0,120.0,5.0,9.0,8.0,0.96,0.9917355371900827,0.975609756097561
asia,Asia (8),2045.0,20.0,results/paper_aaai2027/frozen/results/final_mcs_experiments_er_sf_alpha001_nowrong_noweight_50rep_chunked/wc_sweep_bnlearn_asia_alpha001_nowrong_noweight_seed2026_2075_20260715_161105/summary.json,0.0,OptABA-PC,146.0,135.0,11.0,140.0,133.0,7.0,6.0,4.0,0.95,0.9851851851851852,0.9672727272727273
asia,Asia (8),2046.0,21.0,results/paper_aaai2027/frozen/results/final_mcs_experiments_er_sf_alpha001_nowrong_noweight_50rep_chunked/wc_sweep_bnlearn_asia_alpha001_nowrong_noweight_seed2026_2075_20260715_161105/summary.json,0.0,OptABA-PC,146.0,133.0,13.0,134.0,133.0,1.0,12.0,12.0,0.9925373134328358,1.0,0.9962546816479401
asia,Asia (8),2047.0,1.0,results/paper_aaai2027/frozen/results/recovery_optaba_runs/wc_sweep_bnlearn_asia_seed2047_recovery_20260730_180615/summary.json,0.0,OptABA-PC,170.0,159.0,11.0,159.0,158.0,1.0,11.0,10.0,0.9937106918238994,0.9937106918238994,0.9937106918238994
asia,Asia (8),2048.0,23.0,results/paper_aaai2027/frozen/results/final_mcs_experiments_er_sf_alpha001_nowrong_noweight_50rep_chunked/wc_sweep_bnlearn_asia_alpha001_nowrong_noweight_seed2026_2075_20260715_161105/summary.json,0.0,OptABA-PC,140.0,128.0,12.0,132.0,127.0,5.0,8.0,7.0,0.9621212121212122,0.9921875,0.9769230769230769
asia,Asia (8),2049.0,24.0,results/paper_aaai2027/frozen/results/final_mcs_experiments_er_sf_alpha001_nowrong_noweight_50rep_chunked/wc_sweep_bnlearn_asia_alpha001_nowrong_noweight_seed2026_2075_20260715_161105/summary.json,0.0,OptABA-PC,127.0,115.0,12.0,119.0,114.0,5.0,8.0,7.0,0.957983193277311,0.991304347826087,0.9743589743589743
asia,Asia (8),2050.0,25.0,results/paper_aaai2027/frozen/results/final_mcs_experiments_er_sf_alpha001_nowrong_noweight_50rep_chunked/wc_sweep_bnlearn_asia_alpha001_nowrong_noweight_seed2026_2075_20260715_161105/summary.json,0.0,OptABA-PC,140.0,131.0,9.0,135.0,130.0,5.0,5.0,4.0,0.9629629629629629,0.9923664122137404,0.9774436090225563
asia,Asia (8),2051.0,26.0,results/paper_aaai2027/frozen/results/final_mcs_experiments_er_sf_alpha001_nowrong_noweight_50rep_chunked/wc_sweep_bnlearn_asia_alpha001_nowrong_noweight_seed2026_2075_20260715_161105/summary.json,0.0,OptABA-PC,127.0,115.0,12.0,119.0,114.0,5.0,8.0,7.0,0.957983193277311,0.991304347826087,0.9743589743589743
asia,Asia (8),2052.0,27.0,results/paper_aaai2027/frozen/results/final_mcs_experiments_er_sf_alpha001_nowrong_noweight_50rep_chunked/wc_sweep_bnlearn_asia_alpha001_nowrong_noweight_seed2026_2075_20260715_161105/summary.json,0.0,OptABA-PC,157.0,144.0,13.0,144.0,143.0,1.0,13.0,12.0,0.9930555555555556,0.9930555555555556,0.9930555555555556
asia,Asia (8),2053.0,28.0,results/paper_aaai2027/frozen/results/final_mcs_experiments_er_sf_alpha001_nowrong_noweight_50rep_chunked/wc_sweep_bnlearn_asia_alpha001_nowrong_noweight_seed2026_2075_20260715_161105/summary.json,0.0,OptABA-PC,167.0,146.0,21.0,155.0,142.0,13.0,12.0,8.0,0.9161290322580645,0.9726027397260274,0.9435215946843853
asia,Asia (8),2054.0,29.0,results/paper_aaai2027/frozen/results/final_mcs_experiments_er_sf_alpha001_nowrong_noweight_50rep_chunked/wc_sweep_bnlearn_asia_alpha001_nowrong_noweight_seed2026_2075_20260715_161105/summary.json,0.0,OptABA-PC,124.0,110.0,14.0,118.0,108.0,10.0,6.0,4.0,0.9152542372881356,0.9818181818181818,0.9473684210526315
asia,Asia (8),2055.0,30.0,results/paper_aaai2027/frozen/results/final_mcs_experiments_er_sf_alpha001_nowrong_noweight_50rep_chunked/wc_sweep_bnlearn_asia_alpha001_nowrong_noweight_seed2026_2075_20260715_161105/summary.json,0.0,OptABA-PC,145.0,134.0,11.0,134.0,133.0,1.0,11.0,10.0,0.9925373134328358,0.9925373134328358,0.9925373134328358
asia,Asia (8),2056.0,31.0,results/paper_aaai2027/frozen/results/final_mcs_experiments_er_sf_alpha001_nowrong_noweight_50rep_chunked/wc_sweep_bnlearn_asia_alpha001_nowrong_noweight_seed2026_2075_20260715_161105/summary.json,0.0,OptABA-PC,146.0,134.0,12.0,137.0,131.0,6.0,9.0,6.0,0.9562043795620438,0.9776119402985075,0.966789667896679
asia,Asia (8),2057.0,32.0,results/paper_aaai2027/frozen/results/final_mcs_experiments_er_sf_alpha001_nowrong_noweight_50rep_chunked/wc_sweep_bnlearn_asia_alpha001_nowrong_noweight_seed2026_2075_20260715_161105/summary.json,0.0,OptABA-PC,142.0,125.0,17.0,131.0,124.0,7.0,11.0,10.0,0.9465648854961832,0.992,0.96875
asia,Asia (8),2058.0,33.0,results/paper_aaai2027/frozen/results/final_mcs_experiments_er_sf_alpha001_nowrong_noweight_50rep_chunked/wc_sweep_bnlearn_asia_alpha001_nowrong_noweight_seed2026_2075_20260715_161105/summary.json,0.0,OptABA-PC,140.0,127.0,13.0,130.0,124.0,6.0,10.0,7.0,0.9538461538461539,0.9763779527559056,0.9649805447470817
asia,Asia (8),2059.0,34.0,results/paper_aaai2027/frozen/results/final_mcs_experiments_er_sf_alpha001_nowrong_noweight_50rep_chunked/wc_sweep_bnlearn_asia_alpha001_nowrong_noweight_seed2026_2075_20260715_161105/summary.json,0.0,OptABA-PC,134.0,120.0,14.0,124.0,119.0,5.0,10.0,9.0,0.9596774193548387,0.9916666666666667,0.9754098360655737
asia,Asia (8),2060.0,35.0,results/paper_aaai2027/frozen/results/final_mcs_experiments_er_sf_alpha001_nowrong_noweight_50rep_chunked/wc_sweep_bnlearn_asia_alpha001_nowrong_noweight_seed2026_2075_20260715_161105/summary.json,0.0,OptABA-PC,140.0,130.0,10.0,134.0,129.0,5.0,6.0,5.0,0.9626865671641791,0.9923076923076923,0.9772727272727273
asia,Asia (8),2061.0,36.0,results/paper_aaai2027/frozen/results/final_mcs_experiments_er_sf_alpha001_nowrong_noweight_50rep_chunked/wc_sweep_bnlearn_asia_alpha001_nowrong_noweight_seed2026_2075_20260715_161105/summary.json,0.0,OptABA-PC,134.0,122.0,12.0,126.0,121.0,5.0,8.0,7.0,0.9603174603174603,0.9918032786885246,0.9758064516129032
asia,Asia (8),2062.0,37.0,results/paper_aaai2027/frozen/results/final_mcs_experiments_er_sf_alpha001_nowrong_noweight_50rep_chunked/wc_sweep_bnlearn_asia_alpha001_nowrong_noweight_seed2026_2075_20260715_161105/summary.json,0.0,OptABA-PC,140.0,127.0,13.0,132.0,125.0,7.0,8.0,6.0,0.946969696969697,0.984251968503937,0.9652509652509652
asia,Asia (8),2063.0,38.0,results/paper_aaai2027/frozen/results/final_mcs_experiments_er_sf_alpha001_nowrong_noweight_50rep_chunked/wc_sweep_bnlearn_asia_alpha001_nowrong_noweight_seed2026_2075_20260715_161105/summary.json,0.0,OptABA-PC,140.0,127.0,13.0,131.0,126.0,5.0,9.0,8.0,0.9618320610687023,0.9921259842519685,0.9767441860465116
asia,Asia (8),2064.0,39.0,results/paper_aaai2027/frozen/results/final_mcs_experiments_er_sf_alpha001_nowrong_noweight_50rep_chunked/wc_sweep_bnlearn_asia_alpha001_nowrong_noweight_seed2026_2075_20260715_161105/summary.json,0.0,OptABA-PC,152.0,138.0,14.0,142.0,135.0,7.0,10.0,7.0,0.9507042253521126,0.9782608695652174,0.9642857142857143
asia,Asia (8),2065.0,40.0,results/paper_aaai2027/frozen/results/final_mcs_experiments_er_sf_alpha001_nowrong_noweight_50rep_chunked/wc_sweep_bnlearn_asia_alpha001_nowrong_noweight_seed2026_2075_20260715_161105/summary.json,0.0,OptABA-PC,149.0,136.0,13.0,140.0,135.0,5.0,9.0,8.0,0.9642857142857143,0.9926470588235294,0.9782608695652174
asia,Asia (8),2066.0,41.0,results/paper_aaai2027/frozen/results/final_mcs_experiments_er_sf_alpha001_nowrong_noweight_50rep_chunked/wc_sweep_bnlearn_asia_alpha001_nowrong_noweight_seed2026_2075_20260715_161105/summary.json,0.0,OptABA-PC,140.0,125.0,15.0,128.0,123.0,5.0,12.0,10.0,0.9609375,0.984,0.9723320158102767
asia,Asia (8),2067.0,42.0,results/paper_aaai2027/frozen/results/final_mcs_experiments_er_sf_alpha001_nowrong_noweight_50rep_chunked/wc_sweep_bnlearn_asia_alpha001_nowrong_noweight_seed2026_2075_20260715_161105/summary.json,0.0,OptABA-PC,140.0,127.0,13.0,130.0,124.0,6.0,10.0,7.0,0.9538461538461539,0.9763779527559056,0.9649805447470817
asia,Asia (8),2068.0,43.0,results/paper_aaai2027/frozen/results/final_mcs_experiments_er_sf_alpha001_nowrong_noweight_50rep_chunked/wc_sweep_bnlearn_asia_alpha001_nowrong_noweight_seed2026_2075_20260715_161105/summary.json,0.0,OptABA-PC,140.0,129.0,11.0,133.0,128.0,5.0,7.0,6.0,0.9624060150375939,0.9922480620155039,0.9770992366412213
asia,Asia (8),2069.0,44.0,results/paper_aaai2027/frozen/results/final_mcs_experiments_er_sf_alpha001_nowrong_noweight_50rep_chunked/wc_sweep_bnlearn_asia_alpha001_nowrong_noweight_seed2026_2075_20260715_161105/summary.json,0.0,OptABA-PC,134.0,123.0,11.0,127.0,122.0,5.0,7.0,6.0,0.9606299212598425,0.991869918699187,0.976
asia,Asia (8),2070.0,45.0,results/paper_aaai2027/frozen/results/final_mcs_experiments_er_sf_alpha001_nowrong_noweight_50rep_chunked/wc_sweep_bnlearn_asia_alpha001_nowrong_noweight_seed2026_2075_20260715_161105/summary.json,0.0,OptABA-PC,155.0,130.0,25.0,140.0,128.0,12.0,15.0,13.0,0.9142857142857143,0.9846153846153847,0.9481481481481482
asia,Asia (8),2071.0,46.0,results/paper_aaai2027/frozen/results/final_mcs_experiments_er_sf_alpha001_nowrong_noweight_50rep_chunked/wc_sweep_bnlearn_asia_alpha001_nowrong_noweight_seed2026_2075_20260715_161105/summary.json,0.0,OptABA-PC,134.0,121.0,13.0,125.0,120.0,5.0,9.0,8.0,0.96,0.9917355371900827,0.975609756097561
asia,Asia (8),2072.0,47.0,results/paper_aaai2027/frozen/results/final_mcs_experiments_er_sf_alpha001_nowrong_noweight_50rep_chunked/wc_sweep_bnlearn_asia_alpha001_nowrong_noweight_seed2026_2075_20260715_161105/summary.json,0.0,OptABA-PC,146.0,132.0,14.0,135.0,129.0,6.0,11.0,8.0,0.9555555555555556,0.9772727272727273,0.9662921348314607
asia,Asia (8),2073.0,48.0,results/paper_aaai2027/frozen/results/final_mcs_experiments_er_sf_alpha001_nowrong_noweight_50rep_chunked/wc_sweep_bnlearn_asia_alpha001_nowrong_noweight_seed2026_2075_20260715_161105/summary.json,0.0,OptABA-PC,145.0,134.0,11.0,134.0,133.0,1.0,11.0,10.0,0.9925373134328358,0.9925373134328358,0.9925373134328358
asia,Asia (8),2074.0,49.0,results/paper_aaai2027/frozen/results/final_mcs_experiments_er_sf_alpha001_nowrong_noweight_50rep_chunked/wc_sweep_bnlearn_asia_alpha001_nowrong_noweight_seed2026_2075_20260715_161105/summary.json,0.0,OptABA-PC,157.0,145.0,12.0,145.0,144.0,1.0,12.0,11.0,0.993103448275862,0.993103448275862,0.993103448275862
asia,Asia (8),2075.0,50.0,results/paper_aaai2027/frozen/results/final_mcs_experiments_er_sf_alpha001_nowrong_noweight_50rep_chunked/wc_sweep_bnlearn_asia_alpha001_nowrong_noweight_seed2026_2075_20260715_161105/summary.json,0.0,OptABA-PC,140.0,130.0,10.0,134.0,129.0,5.0,6.0,5.0,0.9626865671641791,0.9923076923076923,0.9772727272727273
er5,ER (5),2026.0,1.0,results/paper_aaai2027/frozen/results/final_mcs_experiments_er_sf_sparse_alpha001_noweight_50rep/wc_sweep_5_2026_er_sparse_alpha001_noweight_seed2026_2075_20260715_175814/summary.json,0.0,ABA-PC,36.0,36.0,0.0,36.0,36.0,0.0,0.0,0.0,1.0,1.0,1.0
er5,ER (5),2027.0,2.0,results/paper_aaai2027/frozen/results/final_mcs_experiments_er_sf_sparse_alpha001_noweight_50rep/wc_sweep_5_2026_er_sparse_alpha001_noweight_seed2026_2075_20260715_175814/summary.json,0.0,ABA-PC,47.0,42.0,5.0,42.0,41.0,1.0,5.0,4.0,0.9761904761904762,0.9761904761904762,0.9761904761904762
er5,ER (5),2028.0,3.0,results/paper_aaai2027/frozen/results/final_mcs_experiments_er_sf_sparse_alpha001_noweight_50rep/wc_sweep_5_2026_er_sparse_alpha001_noweight_seed2026_2075_20260715_175814/summary.json,0.0,ABA-PC,47.0,46.0,1.0,46.0,46.0,0.0,1.0,1.0,1.0,1.0,1.0
er5,ER (5),2029.0,4.0,results/paper_aaai2027/frozen/results/final_mcs_experiments_er_sf_sparse_alpha001_noweight_50rep/wc_sweep_5_2026_er_sparse_alpha001_noweight_seed2026_2075_20260715_175814/summary.json,0.0,ABA-PC,27.0,24.0,3.0,25.0,24.0,1.0,2.0,2.0,0.96,1.0,0.9795918367346939
er5,ER (5),2030.0,5.0,results/paper_aaai2027/frozen/results/final_mcs_experiments_er_sf_sparse_alpha001_noweight_50rep/wc_sweep_5_2026_er_sparse_alpha001_noweight_seed2026_2075_20260715_175814/summary.json,0.0,ABA-PC,32.0,25.0,7.0,30.0,23.0,7.0,2.0,0.0,0.7666666666666667,0.92,0.8363636363636363
er5,ER (5),2031.0,6.0,results/paper_aaai2027/frozen/results/final_mcs_experiments_er_sf_sparse_alpha001_noweight_50rep/wc_sweep_5_2026_er_sparse_alpha001_noweight_seed2026_2075_20260715_175814/summary.json,0.0,ABA-PC,37.0,34.0,3.0,32.0,31.0,1.0,5.0,2.0,0.96875,0.9117647058823529,0.9393939393939394
er5,ER (5),2032.0,7.0,results/paper_aaai2027/frozen/results/final_mcs_experiments_er_sf_sparse_alpha001_noweight_50rep/wc_sweep_5_2026_er_sparse_alpha001_noweight_seed2026_2075_20260715_175814/summary.json,0.0,ABA-PC,34.0,31.0,3.0,31.0,29.0,2.0,3.0,1.0,0.9354838709677419,0.9354838709677419,0.9354838709677419
er5,ER (5),2033.0,8.0,results/paper_aaai2027/frozen/results/final_mcs_experiments_er_sf_sparse_alpha001_noweight_50rep/wc_sweep_5_2026_er_sparse_alpha001_noweight_seed2026_2075_20260715_175814/summary.json,0.0,ABA-PC,47.0,47.0,0.0,47.0,47.0,0.0,0.0,0.0,1.0,1.0,1.0
er5,ER (5),2034.0,9.0,results/paper_aaai2027/frozen/results/final_mcs_experiments_er_sf_sparse_alpha001_noweight_50rep/wc_sweep_5_2026_er_sparse_alpha001_noweight_seed2026_2075_20260715_175814/summary.json,0.0,ABA-PC,41.0,40.0,1.0,40.0,40.0,0.0,1.0,1.0,1.0,1.0,1.0
er5,ER (5),2035.0,10.0,results/paper_aaai2027/frozen/results/final_mcs_experiments_er_sf_sparse_alpha001_noweight_50rep/wc_sweep_5_2026_er_sparse_alpha001_noweight_seed2026_2075_20260715_175814/summary.json,0.0,ABA-PC,31.0,25.0,6.0,24.0,24.0,0.0,7.0,6.0,1.0,0.96,0.9795918367346939
er5,ER (5),2036.0,11.0,results/paper_aaai2027/frozen/results/final_mcs_experiments_er_sf_sparse_alpha001_noweight_50rep/wc_sweep_5_2026_er_sparse_alpha001_noweight_seed2026_2075_20260715_175814/summary.json,0.0,ABA-PC,47.0,43.0,4.0,42.0,42.0,0.0,5.0,4.0,1.0,0.9767441860465116,0.9882352941176471
er5,ER (5),2037.0,12.0,results/paper_aaai2027/frozen/results/final_mcs_experiments_er_sf_sparse_alpha001_noweight_50rep/wc_sweep_5_2026_er_sparse_alpha001_noweight_seed2026_2075_20260715_175814/summary.json,0.0,ABA-PC,28.0,28.0,0.0,28.0,28.0,0.0,0.0,0.0,1.0,1.0,1.0
er5,ER (5),2038.0,13.0,results/paper_aaai2027/frozen/results/final_mcs_experiments_er_sf_sparse_alpha001_noweight_50rep/wc_sweep_5_2026_er_sparse_alpha001_noweight_seed2026_2075_20260715_175814/summary.json,0.0,ABA-PC,38.0,33.0,5.0,30.0,30.0,0.0,8.0,5.0,1.0,0.9090909090909091,0.9523809523809523
er5,ER (5),2039.0,14.0,results/paper_aaai2027/frozen/results/final_mcs_experiments_er_sf_sparse_alpha001_noweight_50rep/wc_sweep_5_2026_er_sparse_alpha001_noweight_seed2026_2075_20260715_175814/summary.json,0.0,ABA-PC,27.0,25.0,2.0,23.0,23.0,0.0,4.0,2.0,1.0,0.92,0.9583333333333334
er5,ER (5),2040.0,15.0,results/paper_aaai2027/frozen/results/final_mcs_experiments_er_sf_sparse_alpha001_noweight_50rep/wc_sweep_5_2026_er_sparse_alpha001_noweight_seed2026_2075_20260715_175814/summary.json,0.0,ABA-PC,41.0,34.0,7.0,28.0,27.0,1.0,13.0,6.0,0.9642857142857143,0.7941176470588235,0.8709677419354839
er5,ER (5),2041.0,16.0,results/paper_aaai2027/frozen/results/final_mcs_experiments_er_sf_sparse_alpha001_noweight_50rep/wc_sweep_5_2026_er_sparse_alpha001_noweight_seed2026_2075_20260715_175814/summary.json,0.0,ABA-PC,42.0,40.0,2.0,36.0,36.0,0.0,6.0,2.0,1.0,0.9,0.9473684210526315
er5,ER (5),2042.0,17.0,results/paper_aaai2027/frozen/results/final_mcs_experiments_er_sf_sparse_alpha001_noweight_50rep/wc_sweep_5_2026_er_sparse_alpha001_noweight_seed2026_2075_20260715_175814/summary.json,0.0,ABA-PC,52.0,45.0,7.0,50.0,43.0,7.0,2.0,0.0,0.86,0.9555555555555556,0.9052631578947369
er5,ER (5),2043.0,18.0,results/paper_aaai2027/frozen/results/final_mcs_experiments_er_sf_sparse_alpha001_noweight_50rep/wc_sweep_5_2026_er_sparse_alpha001_noweight_seed2026_2075_20260715_175814/summary.json,0.0,ABA-PC,42.0,40.0,2.0,39.0,37.0,2.0,3.0,0.0,0.9487179487179487,0.925,0.9367088607594937
er5,ER (5),2044.0,19.0,results/paper_aaai2027/frozen/results/final_mcs_experiments_er_sf_sparse_alpha001_noweight_50rep/wc_sweep_5_2026_er_sparse_alpha001_noweight_seed2026_2075_20260715_175814/summary.json,0.0,ABA-PC,42.0,41.0,1.0,37.0,36.0,1.0,5.0,0.0,0.972972972972973,0.8780487804878049,0.9230769230769231
er5,ER (5),2045.0,20.0,results/paper_aaai2027/frozen/results/final_mcs_experiments_er_sf_sparse_alpha001_noweight_50rep/wc_sweep_5_2026_er_sparse_alpha001_noweight_seed2026_2075_20260715_175814/summary.json,0.0,ABA-PC,39.0,37.0,2.0,34.0,33.0,1.0,5.0,1.0,0.9705882352941176,0.8918918918918919,0.9295774647887324
er5,ER (5),2046.0,21.0,results/paper_aaai2027/frozen/results/final_mcs_experiments_er_sf_sparse_alpha001_noweight_50rep/wc_sweep_5_2026_er_sparse_alpha001_noweight_seed2026_2075_20260715_175814/summary.json,0.0,ABA-PC,33.0,33.0,0.0,33.0,33.0,0.0,0.0,0.0,1.0,1.0,1.0
er5,ER (5),2047.0,22.0,results/paper_aaai2027/frozen/results/final_mcs_experiments_er_sf_sparse_alpha001_noweight_50rep/wc_sweep_5_2026_er_sparse_alpha001_noweight_seed2026_2075_20260715_175814/summary.json,0.0,ABA-PC,24.0,24.0,0.0,24.0,24.0,0.0,0.0,0.0,1.0,1.0,1.0
er5,ER (5),2048.0,23.0,results/paper_aaai2027/frozen/results/final_mcs_experiments_er_sf_sparse_alpha001_noweight_50rep/wc_sweep_5_2026_er_sparse_alpha001_noweight_seed2026_2075_20260715_175814/summary.json,0.0,ABA-PC,29.0,28.0,1.0,29.0,28.0,1.0,0.0,0.0,0.9655172413793104,1.0,0.9824561403508771
er5,ER (5),2049.0,24.0,results/paper_aaai2027/frozen/results/final_mcs_experiments_er_sf_sparse_alpha001_noweight_50rep/wc_sweep_5_2026_er_sparse_alpha001_noweight_seed2026_2075_20260715_175814/summary.json,0.0,ABA-PC,32.0,31.0,1.0,32.0,31.0,1.0,0.0,0.0,0.96875,1.0,0.9841269841269841
er5,ER (5),2050.0,25.0,results/paper_aaai2027/frozen/results/final_mcs_experiments_er_sf_sparse_alpha001_noweight_50rep/wc_sweep_5_2026_er_sparse_alpha001_noweight_seed2026_2075_20260715_175814/summary.json,0.0,ABA-PC,36.0,33.0,3.0,33.0,33.0,0.0,3.0,3.0,1.0,1.0,1.0
er5,ER (5),2051.0,26.0,results/paper_aaai2027/frozen/results/final_mcs_experiments_er_sf_sparse_alpha001_noweight_50rep/wc_sweep_5_2026_er_sparse_alpha001_noweight_seed2026_2075_20260715_175814/summary.json,0.0,ABA-PC,24.0,24.0,0.0,24.0,24.0,0.0,0.0,0.0,1.0,1.0,1.0
er5,ER (5),2052.0,27.0,results/paper_aaai2027/frozen/results/final_mcs_experiments_er_sf_sparse_alpha001_noweight_50rep/wc_sweep_5_2026_er_sparse_alpha001_noweight_seed2026_2075_20260715_175814/summary.json,0.0,ABA-PC,28.0,25.0,3.0,25.0,25.0,0.0,3.0,3.0,1.0,1.0,1.0
er5,ER (5),2053.0,28.0,results/paper_aaai2027/frozen/results/final_mcs_experiments_er_sf_sparse_alpha001_noweight_50rep/wc_sweep_5_2026_er_sparse_alpha001_noweight_seed2026_2075_20260715_175814/summary.json,0.0,ABA-PC,24.0,24.0,0.0,24.0,24.0,0.0,0.0,0.0,1.0,1.0,1.0
er5,ER (5),2054.0,29.0,results/paper_aaai2027/frozen/results/final_mcs_experiments_er_sf_sparse_alpha001_noweight_50rep/wc_sweep_5_2026_er_sparse_alpha001_noweight_seed2026_2075_20260715_175814/summary.json,0.0,ABA-PC,35.0,33.0,2.0,35.0,33.0,2.0,0.0,0.0,0.9428571428571428,1.0,0.9705882352941176
er5,ER (5),2055.0,30.0,results/paper_aaai2027/frozen/results/final_mcs_experiments_er_sf_sparse_alpha001_noweight_50rep/wc_sweep_5_2026_er_sparse_alpha001_noweight_seed2026_2075_20260715_175814/summary.json,0.0,ABA-PC,29.0,24.0,5.0,24.0,21.0,3.0,5.0,2.0,0.875,0.875,0.875
er5,ER (5),2056.0,31.0,results/paper_aaai2027/frozen/results/final_mcs_experiments_er_sf_sparse_alpha001_noweight_50rep/wc_sweep_5_2026_er_sparse_alpha001_noweight_seed2026_2075_20260715_175814/summary.json,0.0,ABA-PC,47.0,47.0,0.0,47.0,47.0,0.0,0.0,0.0,1.0,1.0,1.0
er5,ER (5),2057.0,32.0,results/paper_aaai2027/frozen/results/final_mcs_experiments_er_sf_sparse_alpha001_noweight_50rep/wc_sweep_5_2026_er_sparse_alpha001_noweight_seed2026_2075_20260715_175814/summary.json,0.0,ABA-PC,46.0,44.0,2.0,42.0,41.0,1.0,4.0,1.0,0.9761904761904762,0.9318181818181818,0.9534883720930233
er5,ER (5),2058.0,33.0,results/paper_aaai2027/frozen/results/final_mcs_experiments_er_sf_sparse_alpha001_noweight_50rep/wc_sweep_5_2026_er_sparse_alpha001_noweight_seed2026_2075_20260715_175814/summary.json,0.0,ABA-PC,36.0,32.0,4.0,34.0,32.0,2.0,2.0,2.0,0.9411764705882353,1.0,0.9696969696969697
er5,ER (5),2059.0,34.0,results/paper_aaai2027/frozen/results/final_mcs_experiments_er_sf_sparse_alpha001_noweight_50rep/wc_sweep_5_2026_er_sparse_alpha001_noweight_seed2026_2075_20260715_175814/summary.json,0.0,ABA-PC,23.0,23.0,0.0,23.0,23.0,0.0,0.0,0.0,1.0,1.0,1.0
er5,ER (5),2060.0,35.0,results/paper_aaai2027/frozen/results/final_mcs_experiments_er_sf_sparse_alpha001_noweight_50rep/wc_sweep_5_2026_er_sparse_alpha001_noweight_seed2026_2075_20260715_175814/summary.json,0.0,ABA-PC,33.0,32.0,1.0,33.0,32.0,1.0,0.0,0.0,0.9696969696969697,1.0,0.9846153846153847
er5,ER (5),2061.0,36.0,results/paper_aaai2027/frozen/results/final_mcs_experiments_er_sf_sparse_alpha001_noweight_50rep/wc_sweep_5_2026_er_sparse_alpha001_noweight_seed2026_2075_20260715_175814/summary.json,0.0,ABA-PC,30.0,28.0,2.0,28.0,26.0,2.0,2.0,0.0,0.9285714285714286,0.9285714285714286,0.9285714285714286
er5,ER (5),2062.0,37.0,results/paper_aaai2027/frozen/results/final_mcs_experiments_er_sf_sparse_alpha001_noweight_50rep/wc_sweep_5_2026_er_sparse_alpha001_noweight_seed2026_2075_20260715_175814/summary.json,0.0,ABA-PC,37.0,35.0,2.0,37.0,35.0,2.0,0.0,0.0,0.9459459459459459,1.0,0.9722222222222222
er5,ER (5),2063.0,38.0,results/paper_aaai2027/frozen/results/final_mcs_experiments_er_sf_sparse_alpha001_noweight_50rep/wc_sweep_5_2026_er_sparse_alpha001_noweight_seed2026_2075_20260715_175814/summary.json,0.0,ABA-PC,34.0,29.0,5.0,28.0,25.0,3.0,6.0,2.0,0.8928571428571429,0.8620689655172413,0.8771929824561403
er5,ER (5),2064.0,39.0,results/paper_aaai2027/frozen/results/final_mcs_experiments_er_sf_sparse_alpha001_noweight_50rep/wc_sweep_5_2026_er_sparse_alpha001_noweight_seed2026_2075_20260715_175814/summary.json,0.0,ABA-PC,38.0,33.0,5.0,31.0,29.0,2.0,7.0,3.0,0.9354838709677419,0.8787878787878788,0.90625
er5,ER (5),2065.0,40.0,results/paper_aaai2027/frozen/results/final_mcs_experiments_er_sf_sparse_alpha001_noweight_50rep/wc_sweep_5_2026_er_sparse_alpha001_noweight_seed2026_2075_20260715_175814/summary.json,0.0,ABA-PC,35.0,31.0,4.0,30.0,28.0,2.0,5.0,2.0,0.9333333333333333,0.9032258064516129,0.9180327868852459
er5,ER (5),2066.0,41.0,results/paper_aaai2027/frozen/results/final_mcs_experiments_er_sf_sparse_alpha001_noweight_50rep/wc_sweep_5_2026_er_sparse_alpha001_noweight_seed2026_2075_20260715_175814/summary.json,0.0,ABA-PC,36.0,34.0,2.0,26.0,26.0,0.0,10.0,2.0,1.0,0.7647058823529411,0.8666666666666667
er5,ER (5),2067.0,42.0,results/paper_aaai2027/frozen/results/final_mcs_experiments_er_sf_sparse_alpha001_noweight_50rep/wc_sweep_5_2026_er_sparse_alpha001_noweight_seed2026_2075_20260715_175814/summary.json,0.0,ABA-PC,35.0,25.0,10.0,25.0,20.0,5.0,10.0,5.0,0.8,0.8,0.8
er5,ER (5),2068.0,43.0,results/paper_aaai2027/frozen/results/final_mcs_experiments_er_sf_sparse_alpha001_noweight_50rep/wc_sweep_5_2026_er_sparse_alpha001_noweight_seed2026_2075_20260715_175814/summary.json,0.0,ABA-PC,19.0,18.0,1.0,19.0,18.0,1.0,0.0,0.0,0.9473684210526315,1.0,0.972972972972973
er5,ER (5),2069.0,44.0,results/paper_aaai2027/frozen/results/final_mcs_experiments_er_sf_sparse_alpha001_noweight_50rep/wc_sweep_5_2026_er_sparse_alpha001_noweight_seed2026_2075_20260715_175814/summary.json,0.0,ABA-PC,35.0,31.0,4.0,27.0,26.0,1.0,8.0,3.0,0.9629629629629629,0.8387096774193549,0.896551724137931
er5,ER (5),2070.0,45.0,results/paper_aaai2027/frozen/results/final_mcs_experiments_er_sf_sparse_alpha001_noweight_50rep/wc_sweep_5_2026_er_sparse_alpha001_noweight_seed2026_2075_20260715_175814/summary.json,0.0,ABA-PC,30.0,28.0,2.0,28.0,26.0,2.0,2.0,0.0,0.9285714285714286,0.9285714285714286,0.9285714285714286
er5,ER (5),2071.0,46.0,results/paper_aaai2027/frozen/results/final_mcs_experiments_er_sf_sparse_alpha001_noweight_50rep/wc_sweep_5_2026_er_sparse_alpha001_noweight_seed2026_2075_20260715_175814/summary.json,0.0,ABA-PC,27.0,27.0,0.0,27.0,27.0,0.0,0.0,0.0,1.0,1.0,1.0
er5,ER (5),2072.0,47.0,results/paper_aaai2027/frozen/results/final_mcs_experiments_er_sf_sparse_alpha001_noweight_50rep/wc_sweep_5_2026_er_sparse_alpha001_noweight_seed2026_2075_20260715_175814/summary.json,0.0,ABA-PC,31.0,28.0,3.0,29.0,27.0,2.0,2.0,1.0,0.9310344827586207,0.9642857142857143,0.9473684210526315
er5,ER (5),2073.0,48.0,results/paper_aaai2027/frozen/results/final_mcs_experiments_er_sf_sparse_alpha001_noweight_50rep/wc_sweep_5_2026_er_sparse_alpha001_noweight_seed2026_2075_20260715_175814/summary.json,0.0,ABA-PC,38.0,34.0,4.0,29.0,29.0,0.0,9.0,4.0,1.0,0.8529411764705882,0.9206349206349206
er5,ER (5),2074.0,49.0,results/paper_aaai2027/frozen/results/final_mcs_experiments_er_sf_sparse_alpha001_noweight_50rep/wc_sweep_5_2026_er_sparse_alpha001_noweight_seed2026_2075_20260715_175814/summary.json,0.0,ABA-PC,47.0,44.0,3.0,43.0,42.0,1.0,4.0,2.0,0.9767441860465116,0.9545454545454546,0.9655172413793104
er5,ER (5),2075.0,50.0,results/paper_aaai2027/frozen/results/final_mcs_experiments_er_sf_sparse_alpha001_noweight_50rep/wc_sweep_5_2026_er_sparse_alpha001_noweight_seed2026_2075_20260715_175814/summary.json,0.0,ABA-PC,36.0,35.0,1.0,34.0,34.0,0.0,2.0,1.0,1.0,0.9714285714285714,0.9855072463768116
er5,ER (5),2026.0,1.0,results/paper_aaai2027/frozen/results/final_mcs_experiments_er_sf_sparse_alpha001_noweight_50rep/wc_sweep_5_2026_er_sparse_alpha001_noweight_seed2026_2075_20260715_175814/summary.json,0.0,OptABA-PC,36.0,36.0,0.0,36.0,36.0,0.0,0.0,0.0,1.0,1.0,1.0
er5,ER (5),2027.0,2.0,results/paper_aaai2027/frozen/results/final_mcs_experiments_er_sf_sparse_alpha001_noweight_50rep/wc_sweep_5_2026_er_sparse_alpha001_noweight_seed2026_2075_20260715_175814/summary.json,0.0,OptABA-PC,47.0,42.0,5.0,45.0,42.0,3.0,2.0,2.0,0.9333333333333333,1.0,0.9655172413793104
er5,ER (5),2028.0,3.0,results/paper_aaai2027/frozen/results/final_mcs_experiments_er_sf_sparse_alpha001_noweight_50rep/wc_sweep_5_2026_er_sparse_alpha001_noweight_seed2026_2075_20260715_175814/summary.json,0.0,OptABA-PC,47.0,46.0,1.0,46.0,46.0,0.0,1.0,1.0,1.0,1.0,1.0
er5,ER (5),2029.0,4.0,results/paper_aaai2027/frozen/results/final_mcs_experiments_er_sf_sparse_alpha001_noweight_50rep/wc_sweep_5_2026_er_sparse_alpha001_noweight_seed2026_2075_20260715_175814/summary.json,0.0,OptABA-PC,27.0,24.0,3.0,26.0,24.0,2.0,1.0,1.0,0.9230769230769231,1.0,0.96
er5,ER (5),2030.0,5.0,results/paper_aaai2027/frozen/results/final_mcs_experiments_er_sf_sparse_alpha001_noweight_50rep/wc_sweep_5_2026_er_sparse_alpha001_noweight_seed2026_2075_20260715_175814/summary.json,0.0,OptABA-PC,32.0,25.0,7.0,30.0,23.0,7.0,2.0,0.0,0.7666666666666667,0.92,0.8363636363636363
er5,ER (5),2031.0,6.0,results/paper_aaai2027/frozen/results/final_mcs_experiments_er_sf_sparse_alpha001_noweight_50rep/wc_sweep_5_2026_er_sparse_alpha001_noweight_seed2026_2075_20260715_175814/summary.json,0.0,OptABA-PC,37.0,34.0,3.0,35.0,34.0,1.0,2.0,2.0,0.9714285714285714,1.0,0.9855072463768116
er5,ER (5),2032.0,7.0,results/paper_aaai2027/frozen/results/final_mcs_experiments_er_sf_sparse_alpha001_noweight_50rep/wc_sweep_5_2026_er_sparse_alpha001_noweight_seed2026_2075_20260715_175814/summary.json,0.0,OptABA-PC,34.0,31.0,3.0,32.0,29.0,3.0,2.0,0.0,0.90625,0.9354838709677419,0.9206349206349206
er5,ER (5),2033.0,8.0,results/paper_aaai2027/frozen/results/final_mcs_experiments_er_sf_sparse_alpha001_noweight_50rep/wc_sweep_5_2026_er_sparse_alpha001_noweight_seed2026_2075_20260715_175814/summary.json,0.0,OptABA-PC,47.0,47.0,0.0,47.0,47.0,0.0,0.0,0.0,1.0,1.0,1.0
er5,ER (5),2034.0,9.0,results/paper_aaai2027/frozen/results/final_mcs_experiments_er_sf_sparse_alpha001_noweight_50rep/wc_sweep_5_2026_er_sparse_alpha001_noweight_seed2026_2075_20260715_175814/summary.json,0.0,OptABA-PC,41.0,40.0,1.0,40.0,40.0,0.0,1.0,1.0,1.0,1.0,1.0
er5,ER (5),2035.0,10.0,results/paper_aaai2027/frozen/results/final_mcs_experiments_er_sf_sparse_alpha001_noweight_50rep/wc_sweep_5_2026_er_sparse_alpha001_noweight_seed2026_2075_20260715_175814/summary.json,0.0,OptABA-PC,31.0,25.0,6.0,26.0,24.0,2.0,5.0,4.0,0.9230769230769231,0.96,0.9411764705882353
er5,ER (5),2036.0,11.0,results/paper_aaai2027/frozen/results/final_mcs_experiments_er_sf_sparse_alpha001_noweight_50rep/wc_sweep_5_2026_er_sparse_alpha001_noweight_seed2026_2075_20260715_175814/summary.json,0.0,OptABA-PC,47.0,43.0,4.0,44.0,41.0,3.0,3.0,1.0,0.9318181818181818,0.9534883720930233,0.9425287356321839
er5,ER (5),2037.0,12.0,results/paper_aaai2027/frozen/results/final_mcs_experiments_er_sf_sparse_alpha001_noweight_50rep/wc_sweep_5_2026_er_sparse_alpha001_noweight_seed2026_2075_20260715_175814/summary.json,0.0,OptABA-PC,28.0,28.0,0.0,28.0,28.0,0.0,0.0,0.0,1.0,1.0,1.0
er5,ER (5),2038.0,13.0,results/paper_aaai2027/frozen/results/final_mcs_experiments_er_sf_sparse_alpha001_noweight_50rep/wc_sweep_5_2026_er_sparse_alpha001_noweight_seed2026_2075_20260715_175814/summary.json,0.0,OptABA-PC,38.0,33.0,5.0,33.0,33.0,0.0,5.0,5.0,1.0,1.0,1.0
er5,ER (5),2039.0,14.0,results/paper_aaai2027/frozen/results/final_mcs_experiments_er_sf_sparse_alpha001_noweight_50rep/wc_sweep_5_2026_er_sparse_alpha001_noweight_seed2026_2075_20260715_175814/summary.json,0.0,OptABA-PC,27.0,25.0,2.0,25.0,25.0,0.0,2.0,2.0,1.0,1.0,1.0
er5,ER (5),2040.0,15.0,results/paper_aaai2027/frozen/results/final_mcs_experiments_er_sf_sparse_alpha001_noweight_50rep/wc_sweep_5_2026_er_sparse_alpha001_noweight_seed2026_2075_20260715_175814/summary.json,0.0,OptABA-PC,41.0,34.0,7.0,37.0,33.0,4.0,4.0,3.0,0.8918918918918919,0.9705882352941176,0.9295774647887324
er5,ER (5),2041.0,16.0,results/paper_aaai2027/frozen/results/final_mcs_experiments_er_sf_sparse_alpha001_noweight_50rep/wc_sweep_5_2026_er_sparse_alpha001_noweight_seed2026_2075_20260715_175814/summary.json,0.0,OptABA-PC,42.0,40.0,2.0,40.0,40.0,0.0,2.0,2.0,1.0,1.0,1.0
er5,ER (5),2042.0,17.0,results/paper_aaai2027/frozen/results/final_mcs_experiments_er_sf_sparse_alpha001_noweight_50rep/wc_sweep_5_2026_er_sparse_alpha001_noweight_seed2026_2075_20260715_175814/summary.json,0.0,OptABA-PC,52.0,45.0,7.0,50.0,43.0,7.0,2.0,0.0,0.86,0.9555555555555556,0.9052631578947369
er5,ER (5),2043.0,18.0,results/paper_aaai2027/frozen/results/final_mcs_experiments_er_sf_sparse_alpha001_noweight_50rep/wc_sweep_5_2026_er_sparse_alpha001_noweight_seed2026_2075_20260715_175814/summary.json,0.0,OptABA-PC,42.0,40.0,2.0,39.0,37.0,2.0,3.0,0.0,0.9487179487179487,0.925,0.9367088607594937
er5,ER (5),2044.0,19.0,results/paper_aaai2027/frozen/results/final_mcs_experiments_er_sf_sparse_alpha001_noweight_50rep/wc_sweep_5_2026_er_sparse_alpha001_noweight_seed2026_2075_20260715_175814/summary.json,0.0,OptABA-PC,42.0,41.0,1.0,41.0,41.0,0.0,1.0,1.0,1.0,1.0,1.0
er5,ER (5),2045.0,20.0,results/paper_aaai2027/frozen/results/final_mcs_experiments_er_sf_sparse_alpha001_noweight_50rep/wc_sweep_5_2026_er_sparse_alpha001_noweight_seed2026_2075_20260715_175814/summary.json,0.0,OptABA-PC,39.0,37.0,2.0,37.0,37.0,0.0,2.0,2.0,1.0,1.0,1.0
er5,ER (5),2046.0,21.0,results/paper_aaai2027/frozen/results/final_mcs_experiments_er_sf_sparse_alpha001_noweight_50rep/wc_sweep_5_2026_er_sparse_alpha001_noweight_seed2026_2075_20260715_175814/summary.json,0.0,OptABA-PC,33.0,33.0,0.0,33.0,33.0,0.0,0.0,0.0,1.0,1.0,1.0
er5,ER (5),2047.0,22.0,results/paper_aaai2027/frozen/results/final_mcs_experiments_er_sf_sparse_alpha001_noweight_50rep/wc_sweep_5_2026_er_sparse_alpha001_noweight_seed2026_2075_20260715_175814/summary.json,0.0,OptABA-PC,24.0,24.0,0.0,24.0,24.0,0.0,0.0,0.0,1.0,1.0,1.0
er5,ER (5),2048.0,23.0,results/paper_aaai2027/frozen/results/final_mcs_experiments_er_sf_sparse_alpha001_noweight_50rep/wc_sweep_5_2026_er_sparse_alpha001_noweight_seed2026_2075_20260715_175814/summary.json,0.0,OptABA-PC,29.0,28.0,1.0,29.0,28.0,1.0,0.0,0.0,0.9655172413793104,1.0,0.9824561403508771
er5,ER (5),2049.0,24.0,results/paper_aaai2027/frozen/results/final_mcs_experiments_er_sf_sparse_alpha001_noweight_50rep/wc_sweep_5_2026_er_sparse_alpha001_noweight_seed2026_2075_20260715_175814/summary.json,0.0,OptABA-PC,32.0,31.0,1.0,32.0,31.0,1.0,0.0,0.0,0.96875,1.0,0.9841269841269841
er5,ER (5),2050.0,25.0,results/paper_aaai2027/frozen/results/final_mcs_experiments_er_sf_sparse_alpha001_noweight_50rep/wc_sweep_5_2026_er_sparse_alpha001_noweight_seed2026_2075_20260715_175814/summary.json,0.0,OptABA-PC,36.0,33.0,3.0,33.0,33.0,0.0,3.0,3.0,1.0,1.0,1.0
er5,ER (5),2051.0,26.0,results/paper_aaai2027/frozen/results/final_mcs_experiments_er_sf_sparse_alpha001_noweight_50rep/wc_sweep_5_2026_er_sparse_alpha001_noweight_seed2026_2075_20260715_175814/summary.json,0.0,OptABA-PC,24.0,24.0,0.0,24.0,24.0,0.0,0.0,0.0,1.0,1.0,1.0
er5,ER (5),2052.0,27.0,results/paper_aaai2027/frozen/results/final_mcs_experiments_er_sf_sparse_alpha001_noweight_50rep/wc_sweep_5_2026_er_sparse_alpha001_noweight_seed2026_2075_20260715_175814/summary.json,0.0,OptABA-PC,28.0,25.0,3.0,25.0,25.0,0.0,3.0,3.0,1.0,1.0,1.0
er5,ER (5),2053.0,28.0,results/paper_aaai2027/frozen/results/final_mcs_experiments_er_sf_sparse_alpha001_noweight_50rep/wc_sweep_5_2026_er_sparse_alpha001_noweight_seed2026_2075_20260715_175814/summary.json,0.0,OptABA-PC,24.0,24.0,0.0,24.0,24.0,0.0,0.0,0.0,1.0,1.0,1.0
er5,ER (5),2054.0,29.0,results/paper_aaai2027/frozen/results/final_mcs_experiments_er_sf_sparse_alpha001_noweight_50rep/wc_sweep_5_2026_er_sparse_alpha001_noweight_seed2026_2075_20260715_175814/summary.json,0.0,OptABA-PC,35.0,33.0,2.0,35.0,33.0,2.0,0.0,0.0,0.9428571428571428,1.0,0.9705882352941176
er5,ER (5),2055.0,30.0,results/paper_aaai2027/frozen/results/final_mcs_experiments_er_sf_sparse_alpha001_noweight_50rep/wc_sweep_5_2026_er_sparse_alpha001_noweight_seed2026_2075_20260715_175814/summary.json,0.0,OptABA-PC,29.0,24.0,5.0,26.0,22.0,4.0,3.0,1.0,0.8461538461538461,0.9166666666666666,0.88
er5,ER (5),2056.0,31.0,results/paper_aaai2027/frozen/results/final_mcs_experiments_er_sf_sparse_alpha001_noweight_50rep/wc_sweep_5_2026_er_sparse_alpha001_noweight_seed2026_2075_20260715_175814/summary.json,0.0,OptABA-PC,47.0,47.0,0.0,47.0,47.0,0.0,0.0,0.0,1.0,1.0,1.0
er5,ER (5),2057.0,32.0,results/paper_aaai2027/frozen/results/final_mcs_experiments_er_sf_sparse_alpha001_noweight_50rep/wc_sweep_5_2026_er_sparse_alpha001_noweight_seed2026_2075_20260715_175814/summary.json,0.0,OptABA-PC,46.0,44.0,2.0,45.0,43.0,2.0,1.0,0.0,0.9555555555555556,0.9772727272727273,0.9662921348314607
er5,ER (5),2058.0,33.0,results/paper_aaai2027/frozen/results/final_mcs_experiments_er_sf_sparse_alpha001_noweight_50rep/wc_sweep_5_2026_er_sparse_alpha001_noweight_seed2026_2075_20260715_175814/summary.json,0.0,OptABA-PC,36.0,32.0,4.0,35.0,31.0,4.0,1.0,0.0,0.8857142857142857,0.96875,0.9253731343283582
er5,ER (5),2059.0,34.0,results/paper_aaai2027/frozen/results/final_mcs_experiments_er_sf_sparse_alpha001_noweight_50rep/wc_sweep_5_2026_er_sparse_alpha001_noweight_seed2026_2075_20260715_175814/summary.json,0.0,OptABA-PC,23.0,23.0,0.0,23.0,23.0,0.0,0.0,0.0,1.0,1.0,1.0
er5,ER (5),2060.0,35.0,results/paper_aaai2027/frozen/results/final_mcs_experiments_er_sf_sparse_alpha001_noweight_50rep/wc_sweep_5_2026_er_sparse_alpha001_noweight_seed2026_2075_20260715_175814/summary.json,0.0,OptABA-PC,33.0,32.0,1.0,33.0,32.0,1.0,0.0,0.0,0.9696969696969697,1.0,0.9846153846153847
er5,ER (5),2061.0,36.0,results/paper_aaai2027/frozen/results/final_mcs_experiments_er_sf_sparse_alpha001_noweight_50rep/wc_sweep_5_2026_er_sparse_alpha001_noweight_seed2026_2075_20260715_175814/summary.json,0.0,OptABA-PC,30.0,28.0,2.0,29.0,27.0,2.0,1.0,0.0,0.9310344827586207,0.9642857142857143,0.9473684210526315
er5,ER (5),2062.0,37.0,results/paper_aaai2027/frozen/results/final_mcs_experiments_er_sf_sparse_alpha001_noweight_50rep/wc_sweep_5_2026_er_sparse_alpha001_noweight_seed2026_2075_20260715_175814/summary.json,0.0,OptABA-PC,37.0,35.0,2.0,37.0,35.0,2.0,0.0,0.0,0.9459459459459459,1.0,0.9722222222222222
er5,ER (5),2063.0,38.0,results/paper_aaai2027/frozen/results/final_mcs_experiments_er_sf_sparse_alpha001_noweight_50rep/wc_sweep_5_2026_er_sparse_alpha001_noweight_seed2026_2075_20260715_175814/summary.json,0.0,OptABA-PC,34.0,29.0,5.0,31.0,27.0,4.0,3.0,1.0,0.8709677419354839,0.9310344827586207,0.9
er5,ER (5),2064.0,39.0,results/paper_aaai2027/frozen/results/final_mcs_experiments_er_sf_sparse_alpha001_noweight_50rep/wc_sweep_5_2026_er_sparse_alpha001_noweight_seed2026_2075_20260715_175814/summary.json,0.0,OptABA-PC,38.0,33.0,5.0,35.0,33.0,2.0,3.0,3.0,0.9428571428571428,1.0,0.9705882352941176
er5,ER (5),2065.0,40.0,results/paper_aaai2027/frozen/results/final_mcs_experiments_er_sf_sparse_alpha001_noweight_50rep/wc_sweep_5_2026_er_sparse_alpha001_noweight_seed2026_2075_20260715_175814/summary.json,0.0,OptABA-PC,35.0,31.0,4.0,32.0,29.0,3.0,3.0,1.0,0.90625,0.9354838709677419,0.9206349206349206
er5,ER (5),2066.0,41.0,results/paper_aaai2027/frozen/results/final_mcs_experiments_er_sf_sparse_alpha001_noweight_50rep/wc_sweep_5_2026_er_sparse_alpha001_noweight_seed2026_2075_20260715_175814/summary.json,0.0,OptABA-PC,36.0,34.0,2.0,34.0,34.0,0.0,2.0,2.0,1.0,1.0,1.0
er5,ER (5),2067.0,42.0,results/paper_aaai2027/frozen/results/final_mcs_experiments_er_sf_sparse_alpha001_noweight_50rep/wc_sweep_5_2026_er_sparse_alpha001_noweight_seed2026_2075_20260715_175814/summary.json,0.0,OptABA-PC,35.0,25.0,10.0,31.0,25.0,6.0,4.0,4.0,0.8064516129032258,1.0,0.8928571428571429
er5,ER (5),2068.0,43.0,results/paper_aaai2027/frozen/results/final_mcs_experiments_er_sf_sparse_alpha001_noweight_50rep/wc_sweep_5_2026_er_sparse_alpha001_noweight_seed2026_2075_20260715_175814/summary.json,0.0,OptABA-PC,19.0,18.0,1.0,19.0,18.0,1.0,0.0,0.0,0.9473684210526315,1.0,0.972972972972973
er5,ER (5),2069.0,44.0,results/paper_aaai2027/frozen/results/final_mcs_experiments_er_sf_sparse_alpha001_noweight_50rep/wc_sweep_5_2026_er_sparse_alpha001_noweight_seed2026_2075_20260715_175814/summary.json,0.0,OptABA-PC,35.0,31.0,4.0,32.0,30.0,2.0,3.0,2.0,0.9375,0.967741935483871,0.9523809523809523
er5,ER (5),2070.0,45.0,results/paper_aaai2027/frozen/results/final_mcs_experiments_er_sf_sparse_alpha001_noweight_50rep/wc_sweep_5_2026_er_sparse_alpha001_noweight_seed2026_2075_20260715_175814/summary.json,0.0,OptABA-PC,30.0,28.0,2.0,28.0,26.0,2.0,2.0,0.0,0.9285714285714286,0.9285714285714286,0.9285714285714286
er5,ER (5),2071.0,46.0,results/paper_aaai2027/frozen/results/final_mcs_experiments_er_sf_sparse_alpha001_noweight_50rep/wc_sweep_5_2026_er_sparse_alpha001_noweight_seed2026_2075_20260715_175814/summary.json,0.0,OptABA-PC,27.0,27.0,0.0,27.0,27.0,0.0,0.0,0.0,1.0,1.0,1.0
er5,ER (5),2072.0,47.0,results/paper_aaai2027/frozen/results/final_mcs_experiments_er_sf_sparse_alpha001_noweight_50rep/wc_sweep_5_2026_er_sparse_alpha001_noweight_seed2026_2075_20260715_175814/summary.json,0.0,OptABA-PC,31.0,28.0,3.0,30.0,28.0,2.0,1.0,1.0,0.9333333333333333,1.0,0.9655172413793104
er5,ER (5),2073.0,48.0,results/paper_aaai2027/frozen/results/final_mcs_experiments_er_sf_sparse_alpha001_noweight_50rep/wc_sweep_5_2026_er_sparse_alpha001_noweight_seed2026_2075_20260715_175814/summary.json,0.0,OptABA-PC,38.0,34.0,4.0,34.0,34.0,0.0,4.0,4.0,1.0,1.0,1.0
er5,ER (5),2074.0,49.0,results/paper_aaai2027/frozen/results/final_mcs_experiments_er_sf_sparse_alpha001_noweight_50rep/wc_sweep_5_2026_er_sparse_alpha001_noweight_seed2026_2075_20260715_175814/summary.json,0.0,OptABA-PC,47.0,44.0,3.0,44.0,44.0,0.0,3.0,3.0,1.0,1.0,1.0
er5,ER (5),2075.0,50.0,results/paper_aaai2027/frozen/results/final_mcs_experiments_er_sf_sparse_alpha001_noweight_50rep/wc_sweep_5_2026_er_sparse_alpha001_noweight_seed2026_2075_20260715_175814/summary.json,0.0,OptABA-PC,36.0,35.0,1.0,35.0,35.0,0.0,1.0,1.0,1.0,1.0,1.0
er5,ER (5),2026.0,,results/paper_aaai2027/frozen/results/progress/paper_aspcr_dag_er_sf_e1_alpha001_n5000_50rep/er5__aspcr_log_dag_dag.csv,,ASPCR-DAG,80.0,60.0,20.0,67.0,47.0,20.0,13.0,0.0,0.7014925373134329,0.7833333333333333,0.7401574803149608
er5,ER (5),2027.0,,results/paper_aaai2027/frozen/results/progress/paper_aspcr_dag_er_sf_e1_alpha001_n5000_50rep/er5__aspcr_log_dag_dag.csv,,ASPCR-DAG,80.0,42.0,38.0,60.0,34.0,26.0,20.0,12.0,0.5666666666666667,0.8095238095238095,0.6666666666666666
er5,ER (5),2028.0,,results/paper_aaai2027/frozen/results/progress/paper_aspcr_dag_er_sf_e1_alpha001_n5000_50rep/er5__aspcr_log_dag_dag.csv,,ASPCR-DAG,80.0,35.0,45.0,80.0,35.0,45.0,0.0,0.0,0.4375,1.0,0.6086956521739131
er5,ER (5),2029.0,,results/paper_aaai2027/frozen/results/progress/paper_aspcr_dag_er_sf_e1_alpha001_n5000_50rep/er5__aspcr_log_dag_dag.csv,,ASPCR-DAG,80.0,45.0,35.0,74.0,45.0,29.0,6.0,6.0,0.6081081081081081,1.0,0.7563025210084033
er5,ER (5),2030.0,,results/paper_aaai2027/frozen/results/progress/paper_aspcr_dag_er_sf_e1_alpha001_n5000_50rep/er5__aspcr_log_dag_dag.csv,,ASPCR-DAG,80.0,64.0,16.0,68.0,60.0,8.0,12.0,8.0,0.8823529411764706,0.9375,0.9090909090909092
er5,ER (5),2031.0,,results/paper_aaai2027/frozen/results/progress/paper_aspcr_dag_er_sf_e1_alpha001_n5000_50rep/er5__aspcr_log_dag_dag.csv,,ASPCR-DAG,80.0,48.0,32.0,64.0,48.0,16.0,16.0,16.0,0.75,1.0,0.8571428571428571
er5,ER (5),2032.0,,results/paper_aaai2027/frozen/results/progress/paper_aspcr_dag_er_sf_e1_alpha001_n5000_50rep/er5__aspcr_log_dag_dag.csv,,ASPCR-DAG,80.0,46.0,34.0,72.0,38.0,34.0,8.0,0.0,0.5277777777777778,0.8260869565217391,0.6440677966101694
er5,ER (5),2033.0,,results/paper_aaai2027/frozen/results/progress/paper_aspcr_dag_er_sf_e1_alpha001_n5000_50rep/er5__aspcr_log_dag_dag.csv,,ASPCR-DAG,80.0,48.0,32.0,74.0,48.0,26.0,6.0,6.0,0.6486486486486487,1.0,0.7868852459016393
er5,ER (5),2034.0,,results/paper_aaai2027/frozen/results/progress/paper_aspcr_dag_er_sf_e1_alpha001_n5000_50rep/er5__aspcr_log_dag_dag.csv,,ASPCR-DAG,80.0,29.0,51.0,80.0,29.0,51.0,0.0,0.0,0.3625,1.0,0.5321100917431192
er5,ER (5),2035.0,,results/paper_aaai2027/frozen/results/progress/paper_aspcr_dag_er_sf_e1_alpha001_n5000_50rep/er5__aspcr_log_dag_dag.csv,,ASPCR-DAG,80.0,57.0,23.0,68.0,57.0,11.0,12.0,12.0,0.8382352941176471,1.0,0.912
er5,ER (5),2036.0,,results/paper_aaai2027/frozen/results/progress/paper_aspcr_dag_er_sf_e1_alpha001_n5000_50rep/er5__aspcr_log_dag_dag.csv,,ASPCR-DAG,80.0,58.0,22.0,63.0,53.0,10.0,17.0,12.0,0.8412698412698413,0.913793103448276,0.8760330578512397
er5,ER (5),2037.0,,results/paper_aaai2027/frozen/results/progress/paper_aspcr_dag_er_sf_e1_alpha001_n5000_50rep/er5__aspcr_log_dag_dag.csv,,ASPCR-DAG,80.0,57.0,23.0,67.0,55.0,12.0,13.0,11.0,0.8208955223880597,0.9649122807017544,0.8870967741935484
er5,ER (5),2038.0,,results/paper_aaai2027/frozen/results/progress/paper_aspcr_dag_er_sf_e1_alpha001_n5000_50rep/er5__aspcr_log_dag_dag.csv,,ASPCR-DAG,80.0,43.0,37.0,66.0,35.0,31.0,14.0,6.0,0.5303030303030303,0.813953488372093,0.6422018348623852
er5,ER (5),2039.0,,results/paper_aaai2027/frozen/results/progress/paper_aspcr_dag_er_sf_e1_alpha001_n5000_50rep/er5__aspcr_log_dag_dag.csv,,ASPCR-DAG,80.0,48.0,32.0,62.0,38.0,24.0,18.0,8.0,0.6129032258064516,0.7916666666666666,0.6909090909090909
er5,ER (5),2040.0,,results/paper_aaai2027/frozen/results/progress/paper_aspcr_dag_er_sf_e1_alpha001_n5000_50rep/er5__aspcr_log_dag_dag.csv,,ASPCR-DAG,80.0,46.0,34.0,72.0,38.0,34.0,8.0,0.0,0.5277777777777778,0.8260869565217391,0.6440677966101694
er5,ER (5),2041.0,,results/paper_aaai2027/frozen/results/progress/paper_aspcr_dag_er_sf_e1_alpha001_n5000_50rep/er5__aspcr_log_dag_dag.csv,,ASPCR-DAG,80.0,66.0,14.0,66.0,66.0,0.0,14.0,14.0,1.0,1.0,1.0
er5,ER (5),2042.0,,results/paper_aaai2027/frozen/results/progress/paper_aspcr_dag_er_sf_e1_alpha001_n5000_50rep/er5__aspcr_log_dag_dag.csv,,ASPCR-DAG,80.0,58.0,22.0,64.0,50.0,14.0,16.0,8.0,0.78125,0.8620689655172413,0.8196721311475409
er5,ER (5),2043.0,,results/paper_aaai2027/frozen/results/progress/paper_aspcr_dag_er_sf_e1_alpha001_n5000_50rep/er5__aspcr_log_dag_dag.csv,,ASPCR-DAG,80.0,68.0,12.0,66.0,56.0,10.0,14.0,2.0,0.8484848484848485,0.8235294117647058,0.8358208955223881
er5,ER (5),2044.0,,results/paper_aaai2027/frozen/results/progress/paper_aspcr_dag_er_sf_e1_alpha001_n5000_50rep/er5__aspcr_log_dag_dag.csv,,ASPCR-DAG,80.0,46.0,34.0,68.0,46.0,22.0,12.0,12.0,0.6764705882352942,1.0,0.8070175438596492
er5,ER (5),2045.0,,results/paper_aaai2027/frozen/results/progress/paper_aspcr_dag_er_sf_e1_alpha001_n5000_50rep/er5__aspcr_log_dag_dag.csv,,ASPCR-DAG,80.0,43.0,37.0,75.0,42.0,33.0,5.0,4.0,0.56,0.9767441860465116,0.7118644067796611
er5,ER (5),2046.0,,results/paper_aaai2027/frozen/results/progress/paper_aspcr_dag_er_sf_e1_alpha001_n5000_50rep/er5__aspcr_log_dag_dag.csv,,ASPCR-DAG,80.0,66.0,14.0,66.0,58.0,8.0,14.0,6.0,0.8787878787878788,0.8787878787878788,0.8787878787878788
er5,ER (5),2047.0,,results/paper_aaai2027/frozen/results/progress/paper_aspcr_dag_er_sf_e1_alpha001_n5000_50rep/er5__aspcr_log_dag_dag.csv,,ASPCR-DAG,80.0,58.0,22.0,80.0,58.0,22.0,0.0,0.0,0.725,1.0,0.8405797101449275
er5,ER (5),2048.0,,results/paper_aaai2027/frozen/results/progress/paper_aspcr_dag_er_sf_e1_alpha001_n5000_50rep/er5__aspcr_log_dag_dag.csv,,ASPCR-DAG,80.0,58.0,22.0,66.0,44.0,22.0,14.0,0.0,0.6666666666666666,0.7586206896551724,0.7096774193548386
er5,ER (5),2049.0,,results/paper_aaai2027/frozen/results/progress/paper_aspcr_dag_er_sf_e1_alpha001_n5000_50rep/er5__aspcr_log_dag_dag.csv,,ASPCR-DAG,80.0,49.0,31.0,68.0,37.0,31.0,12.0,0.0,0.5441176470588235,0.7551020408163265,0.6324786324786325
er5,ER (5),2050.0,,results/paper_aaai2027/frozen/results/progress/paper_aspcr_dag_er_sf_e1_alpha001_n5000_50rep/er5__aspcr_log_dag_dag.csv,,ASPCR-DAG,80.0,60.0,20.0,72.0,52.0,20.0,8.0,0.0,0.7222222222222222,0.8666666666666667,0.7878787878787877
er5,ER (5),2051.0,,results/paper_aaai2027/frozen/results/progress/paper_aspcr_dag_er_sf_e1_alpha001_n5000_50rep/er5__aspcr_log_dag_dag.csv,,ASPCR-DAG,80.0,74.0,6.0,72.0,68.0,4.0,8.0,2.0,0.9444444444444444,0.918918918918919,0.9315068493150684
er5,ER (5),2052.0,,results/paper_aaai2027/frozen/results/progress/paper_aspcr_dag_er_sf_e1_alpha001_n5000_50rep/er5__aspcr_log_dag_dag.csv,,ASPCR-DAG,80.0,49.0,31.0,66.0,41.0,25.0,14.0,6.0,0.6212121212121212,0.8367346938775511,0.7130434782608696
er5,ER (5),2053.0,,results/paper_aaai2027/frozen/results/progress/paper_aspcr_dag_er_sf_e1_alpha001_n5000_50rep/er5__aspcr_log_dag_dag.csv,,ASPCR-DAG,80.0,58.0,22.0,80.0,58.0,22.0,0.0,0.0,0.725,1.0,0.8405797101449275
er5,ER (5),2054.0,,results/paper_aaai2027/frozen/results/progress/paper_aspcr_dag_er_sf_e1_alpha001_n5000_50rep/er5__aspcr_log_dag_dag.csv,,ASPCR-DAG,80.0,59.0,21.0,65.0,56.0,9.0,15.0,12.0,0.8615384615384616,0.9491525423728814,0.903225806451613
er5,ER (5),2055.0,,results/paper_aaai2027/frozen/results/progress/paper_aspcr_dag_er_sf_e1_alpha001_n5000_50rep/er5__aspcr_log_dag_dag.csv,,ASPCR-DAG,80.0,44.0,36.0,78.0,42.0,36.0,2.0,0.0,0.5384615384615384,0.9545454545454546,0.6885245901639344
er5,ER (5),2056.0,,results/paper_aaai2027/frozen/results/progress/paper_aspcr_dag_er_sf_e1_alpha001_n5000_50rep/er5__aspcr_log_dag_dag.csv,,ASPCR-DAG,80.0,48.0,32.0,74.0,48.0,26.0,6.0,6.0,0.6486486486486487,1.0,0.7868852459016393
er5,ER (5),2057.0,,results/paper_aaai2027/frozen/results/progress/paper_aspcr_dag_er_sf_e1_alpha001_n5000_50rep/er5__aspcr_log_dag_dag.csv,,ASPCR-DAG,80.0,43.0,37.0,64.0,37.0,27.0,16.0,10.0,0.578125,0.8604651162790697,0.6915887850467289
er5,ER (5),2058.0,,results/paper_aaai2027/frozen/results/progress/paper_aspcr_dag_er_sf_e1_alpha001_n5000_50rep/er5__aspcr_log_dag_dag.csv,,ASPCR-DAG,80.0,41.0,39.0,72.0,33.0,39.0,8.0,0.0,0.4583333333333333,0.8048780487804879,0.584070796460177
er5,ER (5),2059.0,,results/paper_aaai2027/frozen/results/progress/paper_aspcr_dag_er_sf_e1_alpha001_n5000_50rep/er5__aspcr_log_dag_dag.csv,,ASPCR-DAG,80.0,66.0,14.0,78.0,66.0,12.0,2.0,2.0,0.8461538461538461,1.0,0.9166666666666666
er5,ER (5),2060.0,,results/paper_aaai2027/frozen/results/progress/paper_aspcr_dag_er_sf_e1_alpha001_n5000_50rep/er5__aspcr_log_dag_dag.csv,,ASPCR-DAG,80.0,41.0,39.0,70.0,38.0,32.0,10.0,7.0,0.5428571428571428,0.926829268292683,0.6846846846846847
er5,ER (5),2061.0,,results/paper_aaai2027/frozen/results/progress/paper_aspcr_dag_er_sf_e1_alpha001_n5000_50rep/er5__aspcr_log_dag_dag.csv,,ASPCR-DAG,80.0,56.0,24.0,68.0,48.0,20.0,12.0,4.0,0.7058823529411765,0.8571428571428571,0.7741935483870968
er5,ER (5),2062.0,,results/paper_aaai2027/frozen/results/progress/paper_aspcr_dag_er_sf_e1_alpha001_n5000_50rep/er5__aspcr_log_dag_dag.csv,,ASPCR-DAG,80.0,53.0,27.0,64.0,45.0,19.0,16.0,8.0,0.703125,0.8490566037735849,0.7692307692307692
er5,ER (5),2063.0,,results/paper_aaai2027/frozen/results/progress/paper_aspcr_dag_er_sf_e1_alpha001_n5000_50rep/er5__aspcr_log_dag_dag.csv,,ASPCR-DAG,80.0,56.0,24.0,64.0,40.0,24.0,16.0,0.0,0.625,0.7142857142857143,0.6666666666666666
er5,ER (5),2064.0,,results/paper_aaai2027/frozen/results/progress/paper_aspcr_dag_er_sf_e1_alpha001_n5000_50rep/er5__aspcr_log_dag_dag.csv,,ASPCR-DAG,80.0,39.0,41.0,68.0,31.0,37.0,12.0,4.0,0.4558823529411764,0.7948717948717948,0.5794392523364486
er5,ER (5),2065.0,,results/paper_aaai2027/frozen/results/progress/paper_aspcr_dag_er_sf_e1_alpha001_n5000_50rep/er5__aspcr_log_dag_dag.csv,,ASPCR-DAG,80.0,52.0,28.0,80.0,52.0,28.0,0.0,0.0,0.65,1.0,0.787878787878788
er5,ER (5),2066.0,,results/paper_aaai2027/frozen/results/progress/paper_aspcr_dag_er_sf_e1_alpha001_n5000_50rep/er5__aspcr_log_dag_dag.csv,,ASPCR-DAG,80.0,64.0,16.0,64.0,56.0,8.0,16.0,8.0,0.875,0.875,0.875
er5,ER (5),2067.0,,results/paper_aaai2027/frozen/results/progress/paper_aspcr_dag_er_sf_e1_alpha001_n5000_50rep/er5__aspcr_log_dag_dag.csv,,ASPCR-DAG,80.0,56.0,24.0,70.0,52.0,18.0,10.0,6.0,0.7428571428571429,0.9285714285714286,0.8253968253968255
er5,ER (5),2068.0,,results/paper_aaai2027/frozen/results/progress/paper_aspcr_dag_er_sf_e1_alpha001_n5000_50rep/er5__aspcr_log_dag_dag.csv,,ASPCR-DAG,80.0,50.0,30.0,72.0,42.0,30.0,8.0,0.0,0.5833333333333334,0.84,0.6885245901639344
er5,ER (5),2069.0,,results/paper_aaai2027/frozen/results/progress/paper_aspcr_dag_er_sf_e1_alpha001_n5000_50rep/er5__aspcr_log_dag_dag.csv,,ASPCR-DAG,80.0,58.0,22.0,64.0,55.0,9.0,16.0,13.0,0.859375,0.9482758620689656,0.9016393442622952
er5,ER (5),2070.0,,results/paper_aaai2027/frozen/results/progress/paper_aspcr_dag_er_sf_e1_alpha001_n5000_50rep/er5__aspcr_log_dag_dag.csv,,ASPCR-DAG,80.0,68.0,12.0,70.0,66.0,4.0,10.0,8.0,0.9428571428571428,0.9705882352941176,0.9565217391304348
er5,ER (5),2071.0,,results/paper_aaai2027/frozen/results/progress/paper_aspcr_dag_er_sf_e1_alpha001_n5000_50rep/er5__aspcr_log_dag_dag.csv,,ASPCR-DAG,80.0,49.0,31.0,68.0,47.0,21.0,12.0,10.0,0.6911764705882353,0.9591836734693876,0.8034188034188035
er5,ER (5),2072.0,,results/paper_aaai2027/frozen/results/progress/paper_aspcr_dag_er_sf_e1_alpha001_n5000_50rep/er5__aspcr_log_dag_dag.csv,,ASPCR-DAG,80.0,54.0,26.0,70.0,50.0,20.0,10.0,6.0,0.7142857142857143,0.925925925925926,0.8064516129032259
er5,ER (5),2073.0,,results/paper_aaai2027/frozen/results/progress/paper_aspcr_dag_er_sf_e1_alpha001_n5000_50rep/er5__aspcr_log_dag_dag.csv,,ASPCR-DAG,80.0,31.0,49.0,80.0,31.0,49.0,0.0,0.0,0.3875,1.0,0.5585585585585586
er5,ER (5),2074.0,,results/paper_aaai2027/frozen/results/progress/paper_aspcr_dag_er_sf_e1_alpha001_n5000_50rep/er5__aspcr_log_dag_dag.csv,,ASPCR-DAG,80.0,44.0,36.0,66.0,37.0,29.0,14.0,7.0,0.5606060606060606,0.8409090909090909,0.6727272727272727
er5,ER (5),2075.0,,results/paper_aaai2027/frozen/results/progress/paper_aspcr_dag_er_sf_e1_alpha001_n5000_50rep/er5__aspcr_log_dag_dag.csv,,ASPCR-DAG,80.0,56.0,24.0,63.0,56.0,7.0,17.0,17.0,0.8888888888888888,1.0,0.9411764705882352
er8,ER (8),2026.0,1.0,results/paper_aaai2027/frozen/results/final_mcs_experiments_er_sf_sparse_alpha001_noweight_50rep/wc_sweep_8_2026_er_sparse_alpha001_noweight_seed2026_2075_20260715_175946/summary.json,0.0,ABA-PC,83.0,68.0,15.0,53.0,50.0,3.0,30.0,12.0,0.9433962264150944,0.7352941176470589,0.8264462809917356
er8,ER (8),2027.0,2.0,results/paper_aaai2027/frozen/results/final_mcs_experiments_er_sf_sparse_alpha001_noweight_50rep/wc_sweep_8_2026_er_sparse_alpha001_noweight_seed2026_2075_20260715_175946/summary.json,0.0,ABA-PC,133.0,115.0,18.0,82.0,79.0,3.0,51.0,15.0,0.9634146341463414,0.6869565217391305,0.8020304568527918
er8,ER (8),2028.0,3.0,results/paper_aaai2027/frozen/results/final_mcs_experiments_er_sf_sparse_alpha001_noweight_50rep/wc_sweep_8_2026_er_sparse_alpha001_noweight_seed2026_2075_20260715_175946/summary.json,0.0,ABA-PC,59.0,56.0,3.0,53.0,53.0,0.0,6.0,3.0,1.0,0.9464285714285714,0.9724770642201835
er8,ER (8),2029.0,4.0,results/paper_aaai2027/frozen/results/final_mcs_experiments_er_sf_sparse_alpha001_noweight_50rep/wc_sweep_8_2026_er_sparse_alpha001_noweight_seed2026_2075_20260715_175946/summary.json,0.0,ABA-PC,66.0,52.0,14.0,41.0,39.0,2.0,25.0,12.0,0.9512195121951219,0.75,0.8387096774193549
er8,ER (8),2030.0,5.0,results/paper_aaai2027/frozen/results/final_mcs_experiments_er_sf_sparse_alpha001_noweight_50rep/wc_sweep_8_2026_er_sparse_alpha001_noweight_seed2026_2075_20260715_175946/summary.json,0.0,ABA-PC,138.0,123.0,15.0,113.0,110.0,3.0,25.0,12.0,0.9734513274336283,0.8943089430894309,0.9322033898305084
er8,ER (8),2031.0,6.0,results/paper_aaai2027/frozen/results/final_mcs_experiments_er_sf_sparse_alpha001_noweight_50rep/wc_sweep_8_2026_er_sparse_alpha001_noweight_seed2026_2075_20260715_175946/summary.json,0.0,ABA-PC,130.0,110.0,20.0,94.0,87.0,7.0,36.0,13.0,0.925531914893617,0.7909090909090909,0.8529411764705882
er8,ER (8),2032.0,7.0,results/paper_aaai2027/frozen/results/final_mcs_experiments_er_sf_sparse_alpha001_noweight_50rep/wc_sweep_8_2026_er_sparse_alpha001_noweight_seed2026_2075_20260715_175946/summary.json,0.0,ABA-PC,99.0,98.0,1.0,98.0,98.0,0.0,1.0,1.0,1.0,1.0,1.0
er8,ER (8),2033.0,8.0,results/paper_aaai2027/frozen/results/final_mcs_experiments_er_sf_sparse_alpha001_noweight_50rep/wc_sweep_8_2026_er_sparse_alpha001_noweight_seed2026_2075_20260715_175946/summary.json,0.0,ABA-PC,103.0,83.0,20.0,63.0,59.0,4.0,40.0,16.0,0.9365079365079365,0.7108433734939759,0.8082191780821918
er8,ER (8),2034.0,9.0,results/paper_aaai2027/frozen/results/final_mcs_experiments_er_sf_sparse_alpha001_noweight_50rep/wc_sweep_8_2026_er_sparse_alpha001_noweight_seed2026_2075_20260715_175946/summary.json,0.0,ABA-PC,71.0,71.0,0.0,71.0,71.0,0.0,0.0,0.0,1.0,1.0,1.0
er8,ER (8),2035.0,10.0,results/paper_aaai2027/frozen/results/final_mcs_experiments_er_sf_sparse_alpha001_noweight_50rep/wc_sweep_8_2026_er_sparse_alpha001_noweight_seed2026_2075_20260715_175946/summary.json,0.0,ABA-PC,81.0,77.0,4.0,59.0,58.0,1.0,22.0,3.0,0.9830508474576272,0.7532467532467533,0.8529411764705882
er8,ER (8),2036.0,11.0,results/paper_aaai2027/frozen/results/final_mcs_experiments_er_sf_sparse_alpha001_noweight_50rep/wc_sweep_8_2026_er_sparse_alpha001_noweight_seed2026_2075_20260715_175946/summary.json,0.0,ABA-PC,92.0,75.0,17.0,64.0,60.0,4.0,28.0,13.0,0.9375,0.8,0.8633093525179856
er8,ER (8),2037.0,12.0,results/paper_aaai2027/frozen/results/final_mcs_experiments_er_sf_sparse_alpha001_noweight_50rep/wc_sweep_8_2026_er_sparse_alpha001_noweight_seed2026_2075_20260715_175946/summary.json,0.0,ABA-PC,70.0,63.0,7.0,54.0,53.0,1.0,16.0,6.0,0.9814814814814815,0.8412698412698413,0.905982905982906
er8,ER (8),2038.0,13.0,results/paper_aaai2027/frozen/results/final_mcs_experiments_er_sf_sparse_alpha001_noweight_50rep/wc_sweep_8_2026_er_sparse_alpha001_noweight_seed2026_2075_20260715_175946/summary.json,0.0,ABA-PC,127.0,120.0,7.0,102.0,101.0,1.0,25.0,6.0,0.9901960784313726,0.8416666666666667,0.9099099099099099
er8,ER (8),2039.0,14.0,results/paper_aaai2027/frozen/results/final_mcs_experiments_er_sf_sparse_alpha001_noweight_50rep/wc_sweep_8_2026_er_sparse_alpha001_noweight_seed2026_2075_20260715_175946/summary.json,0.0,ABA-PC,108.0,90.0,18.0,62.0,59.0,3.0,46.0,15.0,0.9516129032258065,0.6555555555555556,0.7763157894736842
er8,ER (8),2040.0,15.0,results/paper_aaai2027/frozen/results/final_mcs_experiments_er_sf_sparse_alpha001_noweight_50rep/wc_sweep_8_2026_er_sparse_alpha001_noweight_seed2026_2075_20260715_175946/summary.json,0.0,ABA-PC,163.0,152.0,11.0,127.0,127.0,0.0,36.0,11.0,1.0,0.8355263157894737,0.910394265232975
er8,ER (8),2041.0,16.0,results/paper_aaai2027/frozen/results/final_mcs_experiments_er_sf_sparse_alpha001_noweight_50rep/wc_sweep_8_2026_er_sparse_alpha001_noweight_seed2026_2075_20260715_175946/summary.json,0.0,ABA-PC,110.0,90.0,20.0,74.0,71.0,3.0,36.0,17.0,0.9594594594594594,0.7888888888888889,0.8658536585365854
er8,ER (8),2042.0,17.0,results/paper_aaai2027/frozen/results/final_mcs_experiments_er_sf_sparse_alpha001_noweight_50rep/wc_sweep_8_2026_er_sparse_alpha001_noweight_seed2026_2075_20260715_175946/summary.json,0.0,ABA-PC,130.0,105.0,25.0,88.0,79.0,9.0,42.0,16.0,0.8977272727272727,0.7523809523809524,0.8186528497409327
er8,ER (8),2043.0,18.0,results/paper_aaai2027/frozen/results/final_mcs_experiments_er_sf_sparse_alpha001_noweight_50rep/wc_sweep_8_2026_er_sparse_alpha001_noweight_seed2026_2075_20260715_175946/summary.json,0.0,ABA-PC,111.0,103.0,8.0,95.0,94.0,1.0,16.0,7.0,0.9894736842105263,0.912621359223301,0.9494949494949495
er8,ER (8),2044.0,19.0,results/paper_aaai2027/frozen/results/final_mcs_experiments_er_sf_sparse_alpha001_noweight_50rep/wc_sweep_8_2026_er_sparse_alpha001_noweight_seed2026_2075_20260715_175946/summary.json,0.0,ABA-PC,86.0,83.0,3.0,81.0,81.0,0.0,5.0,3.0,1.0,0.9759036144578314,0.9878048780487805
er8,ER (8),2045.0,20.0,results/paper_aaai2027/frozen/results/final_mcs_experiments_er_sf_sparse_alpha001_noweight_50rep/wc_sweep_8_2026_er_sparse_alpha001_noweight_seed2026_2075_20260715_175946/summary.json,0.0,ABA-PC,154.0,141.0,13.0,126.0,124.0,2.0,28.0,11.0,0.9841269841269841,0.8794326241134752,0.9288389513108615
er8,ER (8),2046.0,21.0,results/paper_aaai2027/frozen/results/final_mcs_experiments_er_sf_sparse_alpha001_noweight_50rep/wc_sweep_8_2026_er_sparse_alpha001_noweight_seed2026_2075_20260715_175946/summary.json,0.0,ABA-PC,95.0,79.0,16.0,59.0,56.0,3.0,36.0,13.0,0.9491525423728814,0.7088607594936709,0.8115942028985508
er8,ER (8),2047.0,22.0,results/paper_aaai2027/frozen/results/final_mcs_experiments_er_sf_sparse_alpha001_noweight_50rep/wc_sweep_8_2026_er_sparse_alpha001_noweight_seed2026_2075_20260715_175946/summary.json,0.0,ABA-PC,92.0,80.0,12.0,52.0,51.0,1.0,40.0,11.0,0.9807692307692307,0.6375,0.7727272727272727
er8,ER (8),2048.0,23.0,results/paper_aaai2027/frozen/results/final_mcs_experiments_er_sf_sparse_alpha001_noweight_50rep/wc_sweep_8_2026_er_sparse_alpha001_noweight_seed2026_2075_20260715_175946/summary.json,0.0,ABA-PC,90.0,82.0,8.0,62.0,60.0,2.0,28.0,6.0,0.967741935483871,0.7317073170731707,0.8333333333333334
er8,ER (8),2049.0,24.0,results/paper_aaai2027/frozen/results/final_mcs_experiments_er_sf_sparse_alpha001_noweight_50rep/wc_sweep_8_2026_er_sparse_alpha001_noweight_seed2026_2075_20260715_175946/summary.json,0.0,ABA-PC,89.0,83.0,6.0,81.0,77.0,4.0,8.0,2.0,0.9506172839506173,0.927710843373494,0.9390243902439024
er8,ER (8),2050.0,25.0,results/paper_aaai2027/frozen/results/final_mcs_experiments_er_sf_sparse_alpha001_noweight_50rep/wc_sweep_8_2026_er_sparse_alpha001_noweight_seed2026_2075_20260715_175946/summary.json,0.0,ABA-PC,122.0,113.0,9.0,102.0,96.0,6.0,20.0,3.0,0.9411764705882353,0.8495575221238938,0.8930232558139535
er8,ER (8),2051.0,26.0,results/paper_aaai2027/frozen/results/final_mcs_experiments_er_sf_sparse_alpha001_noweight_50rep/wc_sweep_8_2026_er_sparse_alpha001_noweight_seed2026_2075_20260715_175946/summary.json,0.0,ABA-PC,105.0,92.0,13.0,71.0,66.0,5.0,34.0,8.0,0.9295774647887324,0.717391304347826,0.8098159509202454
er8,ER (8),2052.0,27.0,results/paper_aaai2027/frozen/results/final_mcs_experiments_er_sf_sparse_alpha001_noweight_50rep/wc_sweep_8_2026_er_sparse_alpha001_noweight_seed2026_2075_20260715_175946/summary.json,0.0,ABA-PC,110.0,93.0,17.0,66.0,63.0,3.0,44.0,14.0,0.9545454545454546,0.6774193548387096,0.7924528301886793
er8,ER (8),2053.0,28.0,results/paper_aaai2027/frozen/results/final_mcs_experiments_er_sf_sparse_alpha001_noweight_50rep/wc_sweep_8_2026_er_sparse_alpha001_noweight_seed2026_2075_20260715_175946/summary.json,0.0,ABA-PC,154.0,118.0,36.0,96.0,82.0,14.0,58.0,22.0,0.8541666666666666,0.6949152542372882,0.7663551401869159
er8,ER (8),2054.0,29.0,results/paper_aaai2027/frozen/results/final_mcs_experiments_er_sf_sparse_alpha001_noweight_50rep/wc_sweep_8_2026_er_sparse_alpha001_noweight_seed2026_2075_20260715_175946/summary.json,0.0,ABA-PC,78.0,75.0,3.0,68.0,67.0,1.0,10.0,2.0,0.9852941176470589,0.8933333333333333,0.9370629370629371
er8,ER (8),2055.0,30.0,results/paper_aaai2027/frozen/results/final_mcs_experiments_er_sf_sparse_alpha001_noweight_50rep/wc_sweep_8_2026_er_sparse_alpha001_noweight_seed2026_2075_20260715_175946/summary.json,0.0,ABA-PC,87.0,72.0,15.0,61.0,58.0,3.0,26.0,12.0,0.9508196721311475,0.8055555555555556,0.8721804511278195
er8,ER (8),2056.0,31.0,results/paper_aaai2027/frozen/results/final_mcs_experiments_er_sf_sparse_alpha001_noweight_50rep/wc_sweep_8_2026_er_sparse_alpha001_noweight_seed2026_2075_20260715_175946/summary.json,0.0,ABA-PC,82.0,66.0,16.0,54.0,51.0,3.0,28.0,13.0,0.9444444444444444,0.7727272727272727,0.85
er8,ER (8),2057.0,32.0,results/paper_aaai2027/frozen/results/final_mcs_experiments_er_sf_sparse_alpha001_noweight_50rep/wc_sweep_8_2026_er_sparse_alpha001_noweight_seed2026_2075_20260715_175946/summary.json,0.0,ABA-PC,119.0,100.0,19.0,84.0,79.0,5.0,35.0,14.0,0.9404761904761905,0.79,0.8586956521739131
er8,ER (8),2058.0,33.0,results/paper_aaai2027/frozen/results/final_mcs_experiments_er_sf_sparse_alpha001_noweight_50rep/wc_sweep_8_2026_er_sparse_alpha001_noweight_seed2026_2075_20260715_175946/summary.json,0.0,ABA-PC,128.0,101.0,27.0,77.0,70.0,7.0,51.0,20.0,0.9090909090909091,0.693069306930693,0.7865168539325843
er8,ER (8),2059.0,34.0,results/paper_aaai2027/frozen/results/final_mcs_experiments_er_sf_sparse_alpha001_noweight_50rep/wc_sweep_8_2026_er_sparse_alpha001_noweight_seed2026_2075_20260715_175946/summary.json,0.0,ABA-PC,135.0,129.0,6.0,91.0,90.0,1.0,44.0,5.0,0.989010989010989,0.6976744186046512,0.8181818181818182
er8,ER (8),2060.0,35.0,results/paper_aaai2027/frozen/results/final_mcs_experiments_er_sf_sparse_alpha001_noweight_50rep/wc_sweep_8_2026_er_sparse_alpha001_noweight_seed2026_2075_20260715_175946/summary.json,0.0,ABA-PC,124.0,113.0,11.0,95.0,91.0,4.0,29.0,7.0,0.9578947368421052,0.8053097345132744,0.875
er8,ER (8),2061.0,36.0,results/paper_aaai2027/frozen/results/final_mcs_experiments_er_sf_sparse_alpha001_noweight_50rep/wc_sweep_8_2026_er_sparse_alpha001_noweight_seed2026_2075_20260715_175946/summary.json,0.0,ABA-PC,137.0,130.0,7.0,105.0,100.0,5.0,32.0,2.0,0.9523809523809523,0.7692307692307693,0.851063829787234
er8,ER (8),2062.0,37.0,results/paper_aaai2027/frozen/results/final_mcs_experiments_er_sf_sparse_alpha001_noweight_50rep/wc_sweep_8_2026_er_sparse_alpha001_noweight_seed2026_2075_20260715_175946/summary.json,0.0,ABA-PC,83.0,68.0,15.0,46.0,44.0,2.0,37.0,13.0,0.9565217391304348,0.6470588235294118,0.7719298245614035
er8,ER (8),2063.0,38.0,results/paper_aaai2027/frozen/results/final_mcs_experiments_er_sf_sparse_alpha001_noweight_50rep/wc_sweep_8_2026_er_sparse_alpha001_noweight_seed2026_2075_20260715_175946/summary.json,0.0,ABA-PC,53.0,43.0,10.0,41.0,39.0,2.0,12.0,8.0,0.9512195121951219,0.9069767441860465,0.9285714285714286
er8,ER (8),2064.0,39.0,results/paper_aaai2027/frozen/results/final_mcs_experiments_er_sf_sparse_alpha001_noweight_50rep/wc_sweep_8_2026_er_sparse_alpha001_noweight_seed2026_2075_20260715_175946/summary.json,0.0,ABA-PC,112.0,104.0,8.0,97.0,95.0,2.0,15.0,6.0,0.979381443298969,0.9134615384615384,0.945273631840796
er8,ER (8),2065.0,40.0,results/paper_aaai2027/frozen/results/final_mcs_experiments_er_sf_sparse_alpha001_noweight_50rep/wc_sweep_8_2026_er_sparse_alpha001_noweight_seed2026_2075_20260715_175946/summary.json,0.0,ABA-PC,57.0,52.0,5.0,44.0,42.0,2.0,13.0,3.0,0.9545454545454546,0.8076923076923077,0.875
er8,ER (8),2066.0,41.0,results/paper_aaai2027/frozen/results/final_mcs_experiments_er_sf_sparse_alpha001_noweight_50rep/wc_sweep_8_2026_er_sparse_alpha001_noweight_seed2026_2075_20260715_175946/summary.json,0.0,ABA-PC,49.0,49.0,0.0,49.0,49.0,0.0,0.0,0.0,1.0,1.0,1.0
er8,ER (8),2067.0,42.0,results/paper_aaai2027/frozen/results/final_mcs_experiments_er_sf_sparse_alpha001_noweight_50rep/wc_sweep_8_2026_er_sparse_alpha001_noweight_seed2026_2075_20260715_175946/summary.json,0.0,ABA-PC,74.0,70.0,4.0,58.0,55.0,3.0,16.0,1.0,0.9482758620689655,0.7857142857142857,0.859375
er8,ER (8),2068.0,43.0,results/paper_aaai2027/frozen/results/final_mcs_experiments_er_sf_sparse_alpha001_noweight_50rep/wc_sweep_8_2026_er_sparse_alpha001_noweight_seed2026_2075_20260715_175946/summary.json,0.0,ABA-PC,105.0,83.0,22.0,53.0,53.0,0.0,52.0,22.0,1.0,0.6385542168674698,0.7794117647058824
er8,ER (8),2069.0,44.0,results/paper_aaai2027/frozen/results/final_mcs_experiments_er_sf_sparse_alpha001_noweight_50rep/wc_sweep_8_2026_er_sparse_alpha001_noweight_seed2026_2075_20260715_175946/summary.json,0.0,ABA-PC,83.0,68.0,15.0,49.0,47.0,2.0,34.0,13.0,0.9591836734693877,0.6911764705882353,0.8034188034188035
er8,ER (8),2070.0,45.0,results/paper_aaai2027/frozen/results/final_mcs_experiments_er_sf_sparse_alpha001_noweight_50rep/wc_sweep_8_2026_er_sparse_alpha001_noweight_seed2026_2075_20260715_175946/summary.json,0.0,ABA-PC,72.0,60.0,12.0,41.0,40.0,1.0,31.0,11.0,0.975609756097561,0.6666666666666666,0.7920792079207921
er8,ER (8),2071.0,46.0,results/paper_aaai2027/frozen/results/final_mcs_experiments_er_sf_sparse_alpha001_noweight_50rep/wc_sweep_8_2026_er_sparse_alpha001_noweight_seed2026_2075_20260715_175946/summary.json,0.0,ABA-PC,115.0,87.0,28.0,66.0,65.0,1.0,49.0,27.0,0.9848484848484849,0.7471264367816092,0.8496732026143791
er8,ER (8),2072.0,47.0,results/paper_aaai2027/frozen/results/final_mcs_experiments_er_sf_sparse_alpha001_noweight_50rep/wc_sweep_8_2026_er_sparse_alpha001_noweight_seed2026_2075_20260715_175946/summary.json,0.0,ABA-PC,162.0,145.0,17.0,126.0,125.0,1.0,36.0,16.0,0.9920634920634921,0.8620689655172413,0.922509225092251
er8,ER (8),2073.0,48.0,results/paper_aaai2027/frozen/results/final_mcs_experiments_er_sf_sparse_alpha001_noweight_50rep/wc_sweep_8_2026_er_sparse_alpha001_noweight_seed2026_2075_20260715_175946/summary.json,0.0,ABA-PC,94.0,75.0,19.0,65.0,59.0,6.0,29.0,13.0,0.9076923076923077,0.7866666666666666,0.8428571428571429
er8,ER (8),2074.0,49.0,results/paper_aaai2027/frozen/results/final_mcs_experiments_er_sf_sparse_alpha001_noweight_50rep/wc_sweep_8_2026_er_sparse_alpha001_noweight_seed2026_2075_20260715_175946/summary.json,0.0,ABA-PC,64.0,56.0,8.0,47.0,46.0,1.0,17.0,7.0,0.9787234042553191,0.8214285714285714,0.8932038834951457
er8,ER (8),2075.0,50.0,results/paper_aaai2027/frozen/results/final_mcs_experiments_er_sf_sparse_alpha001_noweight_50rep/wc_sweep_8_2026_er_sparse_alpha001_noweight_seed2026_2075_20260715_175946/summary.json,0.0,ABA-PC,100.0,100.0,0.0,100.0,100.0,0.0,0.0,0.0,1.0,1.0,1.0
er8,ER (8),2026.0,1.0,results/paper_aaai2027/frozen/results/final_mcs_experiments_er_sf_sparse_alpha001_noweight_50rep/wc_sweep_8_2026_er_sparse_alpha001_noweight_seed2026_2075_20260715_175946/summary.json,0.0,OptABA-PC,83.0,68.0,15.0,71.0,68.0,3.0,12.0,12.0,0.9577464788732394,1.0,0.9784172661870504
er8,ER (8),2027.0,2.0,results/paper_aaai2027/frozen/results/final_mcs_experiments_er_sf_sparse_alpha001_noweight_50rep/wc_sweep_8_2026_er_sparse_alpha001_noweight_seed2026_2075_20260715_175946/summary.json,0.0,OptABA-PC,133.0,115.0,18.0,115.0,110.0,5.0,18.0,13.0,0.9565217391304348,0.9565217391304348,0.9565217391304348
er8,ER (8),2028.0,3.0,results/paper_aaai2027/frozen/results/final_mcs_experiments_er_sf_sparse_alpha001_noweight_50rep/wc_sweep_8_2026_er_sparse_alpha001_noweight_seed2026_2075_20260715_175946/summary.json,0.0,OptABA-PC,59.0,56.0,3.0,57.0,54.0,3.0,2.0,0.0,0.9473684210526315,0.9642857142857143,0.9557522123893806
er8,ER (8),2029.0,4.0,results/paper_aaai2027/frozen/results/final_mcs_experiments_er_sf_sparse_alpha001_noweight_50rep/wc_sweep_8_2026_er_sparse_alpha001_noweight_seed2026_2075_20260715_175946/summary.json,0.0,OptABA-PC,66.0,52.0,14.0,58.0,52.0,6.0,8.0,8.0,0.896551724137931,1.0,0.9454545454545454
er8,ER (8),2030.0,5.0,results/paper_aaai2027/frozen/results/final_mcs_experiments_er_sf_sparse_alpha001_noweight_50rep/wc_sweep_8_2026_er_sparse_alpha001_noweight_seed2026_2075_20260715_175946/summary.json,0.0,OptABA-PC,138.0,123.0,15.0,128.0,119.0,9.0,10.0,6.0,0.9296875,0.967479674796748,0.9482071713147411
er8,ER (8),2031.0,6.0,results/paper_aaai2027/frozen/results/final_mcs_experiments_er_sf_sparse_alpha001_noweight_50rep/wc_sweep_8_2026_er_sparse_alpha001_noweight_seed2026_2075_20260715_175946/summary.json,0.0,OptABA-PC,130.0,110.0,20.0,115.0,107.0,8.0,15.0,12.0,0.9304347826086956,0.9727272727272728,0.9511111111111111
er8,ER (8),2032.0,7.0,results/paper_aaai2027/frozen/results/final_mcs_experiments_er_sf_sparse_alpha001_noweight_50rep/wc_sweep_8_2026_er_sparse_alpha001_noweight_seed2026_2075_20260715_175946/summary.json,0.0,OptABA-PC,99.0,98.0,1.0,98.0,98.0,0.0,1.0,1.0,1.0,1.0,1.0
er8,ER (8),2033.0,8.0,results/paper_aaai2027/frozen/results/final_mcs_experiments_er_sf_sparse_alpha001_noweight_50rep/wc_sweep_8_2026_er_sparse_alpha001_noweight_seed2026_2075_20260715_175946/summary.json,0.0,OptABA-PC,103.0,83.0,20.0,89.0,78.0,11.0,14.0,9.0,0.8764044943820225,0.9397590361445783,0.9069767441860465
er8,ER (8),2034.0,9.0,results/paper_aaai2027/frozen/results/final_mcs_experiments_er_sf_sparse_alpha001_noweight_50rep/wc_sweep_8_2026_er_sparse_alpha001_noweight_seed2026_2075_20260715_175946/summary.json,0.0,OptABA-PC,71.0,71.0,0.0,71.0,71.0,0.0,0.0,0.0,1.0,1.0,1.0
er8,ER (8),2035.0,10.0,results/paper_aaai2027/frozen/results/final_mcs_experiments_er_sf_sparse_alpha001_noweight_50rep/wc_sweep_8_2026_er_sparse_alpha001_noweight_seed2026_2075_20260715_175946/summary.json,0.0,OptABA-PC,81.0,77.0,4.0,78.0,77.0,1.0,3.0,3.0,0.9871794871794872,1.0,0.9935483870967742
er8,ER (8),2036.0,11.0,results/paper_aaai2027/frozen/results/final_mcs_experiments_er_sf_sparse_alpha001_noweight_50rep/wc_sweep_8_2026_er_sparse_alpha001_noweight_seed2026_2075_20260715_175946/summary.json,0.0,OptABA-PC,92.0,75.0,17.0,80.0,66.0,14.0,12.0,3.0,0.825,0.88,0.8516129032258064
er8,ER (8),2037.0,12.0,results/paper_aaai2027/frozen/results/final_mcs_experiments_er_sf_sparse_alpha001_noweight_50rep/wc_sweep_8_2026_er_sparse_alpha001_noweight_seed2026_2075_20260715_175946/summary.json,0.0,OptABA-PC,70.0,63.0,7.0,66.0,62.0,4.0,4.0,3.0,0.9393939393939394,0.9841269841269841,0.9612403100775194
er8,ER (8),2038.0,13.0,results/paper_aaai2027/frozen/results/final_mcs_experiments_er_sf_sparse_alpha001_noweight_50rep/wc_sweep_8_2026_er_sparse_alpha001_noweight_seed2026_2075_20260715_175946/summary.json,0.0,OptABA-PC,127.0,120.0,7.0,122.0,119.0,3.0,5.0,4.0,0.9754098360655737,0.9916666666666667,0.9834710743801653
er8,ER (8),2039.0,14.0,results/paper_aaai2027/frozen/results/final_mcs_experiments_er_sf_sparse_alpha001_noweight_50rep/wc_sweep_8_2026_er_sparse_alpha001_noweight_seed2026_2075_20260715_175946/summary.json,0.0,OptABA-PC,108.0,90.0,18.0,94.0,87.0,7.0,14.0,11.0,0.925531914893617,0.9666666666666667,0.9456521739130435
er8,ER (8),2040.0,15.0,results/paper_aaai2027/frozen/results/final_mcs_experiments_er_sf_sparse_alpha001_noweight_50rep/wc_sweep_8_2026_er_sparse_alpha001_noweight_seed2026_2075_20260715_175946/summary.json,0.0,OptABA-PC,163.0,152.0,11.0,154.0,149.0,5.0,9.0,6.0,0.9675324675324676,0.9802631578947368,0.9738562091503268
er8,ER (8),2041.0,16.0,results/paper_aaai2027/frozen/results/final_mcs_experiments_er_sf_sparse_alpha001_noweight_50rep/wc_sweep_8_2026_er_sparse_alpha001_noweight_seed2026_2075_20260715_175946/summary.json,0.0,OptABA-PC,110.0,90.0,20.0,96.0,86.0,10.0,14.0,10.0,0.8958333333333334,0.9555555555555556,0.9247311827956989
er8,ER (8),2042.0,17.0,results/paper_aaai2027/frozen/results/final_mcs_experiments_er_sf_sparse_alpha001_noweight_50rep/wc_sweep_8_2026_er_sparse_alpha001_noweight_seed2026_2075_20260715_175946/summary.json,0.0,OptABA-PC,130.0,105.0,25.0,118.0,99.0,19.0,12.0,6.0,0.8389830508474576,0.9428571428571428,0.8878923766816144
er8,ER (8),2043.0,18.0,results/paper_aaai2027/frozen/results/final_mcs_experiments_er_sf_sparse_alpha001_noweight_50rep/wc_sweep_8_2026_er_sparse_alpha001_noweight_seed2026_2075_20260715_175946/summary.json,0.0,OptABA-PC,111.0,103.0,8.0,103.0,102.0,1.0,8.0,7.0,0.9902912621359223,0.9902912621359223,0.9902912621359223
er8,ER (8),2044.0,19.0,results/paper_aaai2027/frozen/results/final_mcs_experiments_er_sf_sparse_alpha001_noweight_50rep/wc_sweep_8_2026_er_sparse_alpha001_noweight_seed2026_2075_20260715_175946/summary.json,0.0,OptABA-PC,86.0,83.0,3.0,84.0,83.0,1.0,2.0,2.0,0.9880952380952381,1.0,0.9940119760479041
er8,ER (8),2045.0,20.0,results/paper_aaai2027/frozen/results/final_mcs_experiments_er_sf_sparse_alpha001_noweight_50rep/wc_sweep_8_2026_er_sparse_alpha001_noweight_seed2026_2075_20260715_175946/summary.json,0.0,OptABA-PC,154.0,141.0,13.0,142.0,140.0,2.0,12.0,11.0,0.9859154929577465,0.9929078014184397,0.9893992932862191
er8,ER (8),2046.0,21.0,results/paper_aaai2027/frozen/results/final_mcs_experiments_er_sf_sparse_alpha001_noweight_50rep/wc_sweep_8_2026_er_sparse_alpha001_noweight_seed2026_2075_20260715_175946/summary.json,0.0,OptABA-PC,95.0,79.0,16.0,81.0,77.0,4.0,14.0,12.0,0.9506172839506173,0.9746835443037974,0.9625
er8,ER (8),2047.0,22.0,results/paper_aaai2027/frozen/results/final_mcs_experiments_er_sf_sparse_alpha001_noweight_50rep/wc_sweep_8_2026_er_sparse_alpha001_noweight_seed2026_2075_20260715_175946/summary.json,0.0,OptABA-PC,92.0,80.0,12.0,82.0,77.0,5.0,10.0,7.0,0.9390243902439024,0.9625,0.9506172839506173
er8,ER (8),2048.0,23.0,results/paper_aaai2027/frozen/results/final_mcs_experiments_er_sf_sparse_alpha001_noweight_50rep/wc_sweep_8_2026_er_sparse_alpha001_noweight_seed2026_2075_20260715_175946/summary.json,0.0,OptABA-PC,90.0,82.0,8.0,84.0,81.0,3.0,6.0,5.0,0.9642857142857143,0.9878048780487805,0.9759036144578314
er8,ER (8),2049.0,24.0,results/paper_aaai2027/frozen/results/final_mcs_experiments_er_sf_sparse_alpha001_noweight_50rep/wc_sweep_8_2026_er_sparse_alpha001_noweight_seed2026_2075_20260715_175946/summary.json,0.0,OptABA-PC,89.0,83.0,6.0,87.0,83.0,4.0,2.0,2.0,0.9540229885057471,1.0,0.9764705882352941
er8,ER (8),2050.0,25.0,results/paper_aaai2027/frozen/results/final_mcs_experiments_er_sf_sparse_alpha001_noweight_50rep/wc_sweep_8_2026_er_sparse_alpha001_noweight_seed2026_2075_20260715_175946/summary.json,0.0,OptABA-PC,122.0,113.0,9.0,116.0,110.0,6.0,6.0,3.0,0.9482758620689655,0.9734513274336283,0.9606986899563319
er8,ER (8),2051.0,26.0,results/paper_aaai2027/frozen/results/final_mcs_experiments_er_sf_sparse_alpha001_noweight_50rep/wc_sweep_8_2026_er_sparse_alpha001_noweight_seed2026_2075_20260715_175946/summary.json,0.0,OptABA-PC,105.0,92.0,13.0,94.0,91.0,3.0,11.0,10.0,0.9680851063829787,0.9891304347826086,0.978494623655914
er8,ER (8),2052.0,27.0,results/paper_aaai2027/frozen/results/final_mcs_experiments_er_sf_sparse_alpha001_noweight_50rep/wc_sweep_8_2026_er_sparse_alpha001_noweight_seed2026_2075_20260715_175946/summary.json,0.0,OptABA-PC,110.0,93.0,17.0,97.0,90.0,7.0,13.0,10.0,0.9278350515463918,0.967741935483871,0.9473684210526315
er8,ER (8),2053.0,28.0,results/paper_aaai2027/frozen/results/final_mcs_experiments_er_sf_sparse_alpha001_noweight_50rep/wc_sweep_8_2026_er_sparse_alpha001_noweight_seed2026_2075_20260715_175946/summary.json,0.0,OptABA-PC,154.0,118.0,36.0,129.0,99.0,30.0,25.0,6.0,0.7674418604651163,0.8389830508474576,0.8016194331983806
er8,ER (8),2054.0,29.0,results/paper_aaai2027/frozen/results/final_mcs_experiments_er_sf_sparse_alpha001_noweight_50rep/wc_sweep_8_2026_er_sparse_alpha001_noweight_seed2026_2075_20260715_175946/summary.json,0.0,OptABA-PC,78.0,75.0,3.0,75.0,75.0,0.0,3.0,3.0,1.0,1.0,1.0
er8,ER (8),2055.0,30.0,results/paper_aaai2027/frozen/results/final_mcs_experiments_er_sf_sparse_alpha001_noweight_50rep/wc_sweep_8_2026_er_sparse_alpha001_noweight_seed2026_2075_20260715_175946/summary.json,0.0,OptABA-PC,87.0,72.0,15.0,77.0,72.0,5.0,10.0,10.0,0.935064935064935,1.0,0.9664429530201343
er8,ER (8),2056.0,31.0,results/paper_aaai2027/frozen/results/final_mcs_experiments_er_sf_sparse_alpha001_noweight_50rep/wc_sweep_8_2026_er_sparse_alpha001_noweight_seed2026_2075_20260715_175946/summary.json,0.0,OptABA-PC,82.0,66.0,16.0,70.0,65.0,5.0,12.0,11.0,0.9285714285714286,0.9848484848484849,0.9558823529411765
er8,ER (8),2057.0,32.0,results/paper_aaai2027/frozen/results/final_mcs_experiments_er_sf_sparse_alpha001_noweight_50rep/wc_sweep_8_2026_er_sparse_alpha001_noweight_seed2026_2075_20260715_175946/summary.json,0.0,OptABA-PC,119.0,100.0,19.0,104.0,95.0,9.0,15.0,10.0,0.9134615384615384,0.95,0.9313725490196079
er8,ER (8),2058.0,33.0,results/paper_aaai2027/frozen/results/final_mcs_experiments_er_sf_sparse_alpha001_noweight_50rep/wc_sweep_8_2026_er_sparse_alpha001_noweight_seed2026_2075_20260715_175946/summary.json,0.0,OptABA-PC,128.0,101.0,27.0,112.0,94.0,18.0,16.0,9.0,0.8392857142857143,0.9306930693069307,0.8826291079812206
er8,ER (8),2059.0,34.0,results/paper_aaai2027/frozen/results/final_mcs_experiments_er_sf_sparse_alpha001_noweight_50rep/wc_sweep_8_2026_er_sparse_alpha001_noweight_seed2026_2075_20260715_175946/summary.json,0.0,OptABA-PC,135.0,129.0,6.0,129.0,129.0,0.0,6.0,6.0,1.0,1.0,1.0
er8,ER (8),2060.0,35.0,results/paper_aaai2027/frozen/results/final_mcs_experiments_er_sf_sparse_alpha001_noweight_50rep/wc_sweep_8_2026_er_sparse_alpha001_noweight_seed2026_2075_20260715_175946/summary.json,0.0,OptABA-PC,124.0,113.0,11.0,118.0,111.0,7.0,6.0,4.0,0.940677966101695,0.9823008849557522,0.961038961038961
er8,ER (8),2061.0,36.0,results/paper_aaai2027/frozen/results/final_mcs_experiments_er_sf_sparse_alpha001_noweight_50rep/wc_sweep_8_2026_er_sparse_alpha001_noweight_seed2026_2075_20260715_175946/summary.json,0.0,OptABA-PC,137.0,130.0,7.0,130.0,130.0,0.0,7.0,7.0,1.0,1.0,1.0
er8,ER (8),2062.0,37.0,results/paper_aaai2027/frozen/results/final_mcs_experiments_er_sf_sparse_alpha001_noweight_50rep/wc_sweep_8_2026_er_sparse_alpha001_noweight_seed2026_2075_20260715_175946/summary.json,0.0,OptABA-PC,83.0,68.0,15.0,74.0,64.0,10.0,9.0,5.0,0.8648648648648649,0.9411764705882353,0.9014084507042254
er8,ER (8),2063.0,38.0,results/paper_aaai2027/frozen/results/final_mcs_experiments_er_sf_sparse_alpha001_noweight_50rep/wc_sweep_8_2026_er_sparse_alpha001_noweight_seed2026_2075_20260715_175946/summary.json,0.0,OptABA-PC,53.0,43.0,10.0,49.0,43.0,6.0,4.0,4.0,0.8775510204081632,1.0,0.9347826086956522
er8,ER (8),2064.0,39.0,results/paper_aaai2027/frozen/results/final_mcs_experiments_er_sf_sparse_alpha001_noweight_50rep/wc_sweep_8_2026_er_sparse_alpha001_noweight_seed2026_2075_20260715_175946/summary.json,0.0,OptABA-PC,112.0,104.0,8.0,104.0,104.0,0.0,8.0,8.0,1.0,1.0,1.0
er8,ER (8),2065.0,40.0,results/paper_aaai2027/frozen/results/final_mcs_experiments_er_sf_sparse_alpha001_noweight_50rep/wc_sweep_8_2026_er_sparse_alpha001_noweight_seed2026_2075_20260715_175946/summary.json,0.0,OptABA-PC,57.0,52.0,5.0,55.0,52.0,3.0,2.0,2.0,0.9454545454545454,1.0,0.9719626168224299
er8,ER (8),2066.0,41.0,results/paper_aaai2027/frozen/results/final_mcs_experiments_er_sf_sparse_alpha001_noweight_50rep/wc_sweep_8_2026_er_sparse_alpha001_noweight_seed2026_2075_20260715_175946/summary.json,0.0,OptABA-PC,49.0,49.0,0.0,49.0,49.0,0.0,0.0,0.0,1.0,1.0,1.0
er8,ER (8),2067.0,42.0,results/paper_aaai2027/frozen/results/final_mcs_experiments_er_sf_sparse_alpha001_noweight_50rep/wc_sweep_8_2026_er_sparse_alpha001_noweight_seed2026_2075_20260715_175946/summary.json,0.0,OptABA-PC,74.0,70.0,4.0,70.0,68.0,2.0,4.0,2.0,0.9714285714285714,0.9714285714285714,0.9714285714285714
er8,ER (8),2068.0,43.0,results/paper_aaai2027/frozen/results/final_mcs_experiments_er_sf_sparse_alpha001_noweight_50rep/wc_sweep_8_2026_er_sparse_alpha001_noweight_seed2026_2075_20260715_175946/summary.json,0.0,OptABA-PC,105.0,83.0,22.0,88.0,79.0,9.0,17.0,13.0,0.8977272727272727,0.9518072289156626,0.9239766081871345
er8,ER (8),2069.0,44.0,results/paper_aaai2027/frozen/results/final_mcs_experiments_er_sf_sparse_alpha001_noweight_50rep/wc_sweep_8_2026_er_sparse_alpha001_noweight_seed2026_2075_20260715_175946/summary.json,0.0,OptABA-PC,83.0,68.0,15.0,74.0,63.0,11.0,9.0,4.0,0.8513513513513513,0.9264705882352942,0.8873239436619719
er8,ER (8),2070.0,45.0,results/paper_aaai2027/frozen/results/final_mcs_experiments_er_sf_sparse_alpha001_noweight_50rep/wc_sweep_8_2026_er_sparse_alpha001_noweight_seed2026_2075_20260715_175946/summary.json,0.0,OptABA-PC,72.0,60.0,12.0,62.0,57.0,5.0,10.0,7.0,0.9193548387096774,0.95,0.9344262295081968
er8,ER (8),2071.0,46.0,results/paper_aaai2027/frozen/results/final_mcs_experiments_er_sf_sparse_alpha001_noweight_50rep/wc_sweep_8_2026_er_sparse_alpha001_noweight_seed2026_2075_20260715_175946/summary.json,0.0,OptABA-PC,115.0,87.0,28.0,98.0,83.0,15.0,17.0,13.0,0.8469387755102041,0.9540229885057471,0.8972972972972973
er8,ER (8),2072.0,47.0,results/paper_aaai2027/frozen/results/final_mcs_experiments_er_sf_sparse_alpha001_noweight_50rep/wc_sweep_8_2026_er_sparse_alpha001_noweight_seed2026_2075_20260715_175946/summary.json,0.0,OptABA-PC,162.0,145.0,17.0,149.0,144.0,5.0,13.0,12.0,0.9664429530201343,0.993103448275862,0.9795918367346939
er8,ER (8),2073.0,48.0,results/paper_aaai2027/frozen/results/final_mcs_experiments_er_sf_sparse_alpha001_noweight_50rep/wc_sweep_8_2026_er_sparse_alpha001_noweight_seed2026_2075_20260715_175946/summary.json,0.0,OptABA-PC,94.0,75.0,19.0,80.0,70.0,10.0,14.0,9.0,0.875,0.9333333333333333,0.9032258064516129
er8,ER (8),2074.0,49.0,results/paper_aaai2027/frozen/results/final_mcs_experiments_er_sf_sparse_alpha001_noweight_50rep/wc_sweep_8_2026_er_sparse_alpha001_noweight_seed2026_2075_20260715_175946/summary.json,0.0,OptABA-PC,64.0,56.0,8.0,61.0,56.0,5.0,3.0,3.0,0.9180327868852459,1.0,0.9572649572649573
er8,ER (8),2075.0,50.0,results/paper_aaai2027/frozen/results/final_mcs_experiments_er_sf_sparse_alpha001_noweight_50rep/wc_sweep_8_2026_er_sparse_alpha001_noweight_seed2026_2075_20260715_175946/summary.json,0.0,OptABA-PC,100.0,100.0,0.0,100.0,100.0,0.0,0.0,0.0,1.0,1.0,1.0
sf5,SF (5),2026.0,1.0,results/paper_aaai2027/frozen/results/final_mcs_experiments_er_sf_sparse_alpha001_noweight_50rep/wc_sweep_sf5_2026_sparse_alpha001_noweight_seed2026_2075_20260715_175821/summary.json,0.0,ABA-PC,38.0,37.0,1.0,38.0,37.0,1.0,0.0,0.0,0.9736842105263158,1.0,0.9866666666666667
sf5,SF (5),2027.0,2.0,results/paper_aaai2027/frozen/results/final_mcs_experiments_er_sf_sparse_alpha001_noweight_50rep/wc_sweep_sf5_2026_sparse_alpha001_noweight_seed2026_2075_20260715_175821/summary.json,0.0,ABA-PC,38.0,38.0,0.0,38.0,38.0,0.0,0.0,0.0,1.0,1.0,1.0
sf5,SF (5),2028.0,3.0,results/paper_aaai2027/frozen/results/final_mcs_experiments_er_sf_sparse_alpha001_noweight_50rep/wc_sweep_sf5_2026_sparse_alpha001_noweight_seed2026_2075_20260715_175821/summary.json,0.0,ABA-PC,47.0,44.0,3.0,45.0,44.0,1.0,2.0,2.0,0.9777777777777777,1.0,0.9887640449438202
sf5,SF (5),2029.0,4.0,results/paper_aaai2027/frozen/results/final_mcs_experiments_er_sf_sparse_alpha001_noweight_50rep/wc_sweep_sf5_2026_sparse_alpha001_noweight_seed2026_2075_20260715_175821/summary.json,0.0,ABA-PC,30.0,26.0,4.0,22.0,20.0,2.0,8.0,2.0,0.9090909090909091,0.7692307692307693,0.8333333333333334
sf5,SF (5),2030.0,5.0,results/paper_aaai2027/frozen/results/final_mcs_experiments_er_sf_sparse_alpha001_noweight_50rep/wc_sweep_sf5_2026_sparse_alpha001_noweight_seed2026_2075_20260715_175821/summary.json,0.0,ABA-PC,38.0,38.0,0.0,38.0,38.0,0.0,0.0,0.0,1.0,1.0,1.0
sf5,SF (5),2031.0,6.0,results/paper_aaai2027/frozen/results/final_mcs_experiments_er_sf_sparse_alpha001_noweight_50rep/wc_sweep_sf5_2026_sparse_alpha001_noweight_seed2026_2075_20260715_175821/summary.json,0.0,ABA-PC,30.0,30.0,0.0,30.0,30.0,0.0,0.0,0.0,1.0,1.0,1.0
sf5,SF (5),2032.0,7.0,results/paper_aaai2027/frozen/results/final_mcs_experiments_er_sf_sparse_alpha001_noweight_50rep/wc_sweep_sf5_2026_sparse_alpha001_noweight_seed2026_2075_20260715_175821/summary.json,0.0,ABA-PC,31.0,26.0,5.0,21.0,20.0,1.0,10.0,4.0,0.9523809523809523,0.7692307692307693,0.851063829787234
sf5,SF (5),2033.0,8.0,results/paper_aaai2027/frozen/results/final_mcs_experiments_er_sf_sparse_alpha001_noweight_50rep/wc_sweep_sf5_2026_sparse_alpha001_noweight_seed2026_2075_20260715_175821/summary.json,0.0,ABA-PC,31.0,29.0,2.0,27.0,27.0,0.0,4.0,2.0,1.0,0.9310344827586207,0.9642857142857143
sf5,SF (5),2034.0,9.0,results/paper_aaai2027/frozen/results/final_mcs_experiments_er_sf_sparse_alpha001_noweight_50rep/wc_sweep_sf5_2026_sparse_alpha001_noweight_seed2026_2075_20260715_175821/summary.json,0.0,ABA-PC,30.0,30.0,0.0,30.0,30.0,0.0,0.0,0.0,1.0,1.0,1.0
sf5,SF (5),2035.0,10.0,results/paper_aaai2027/frozen/results/final_mcs_experiments_er_sf_sparse_alpha001_noweight_50rep/wc_sweep_sf5_2026_sparse_alpha001_noweight_seed2026_2075_20260715_175821/summary.json,0.0,ABA-PC,30.0,27.0,3.0,28.0,26.0,2.0,2.0,1.0,0.9285714285714286,0.9629629629629629,0.9454545454545454
sf5,SF (5),2036.0,11.0,results/paper_aaai2027/frozen/results/final_mcs_experiments_er_sf_sparse_alpha001_noweight_50rep/wc_sweep_sf5_2026_sparse_alpha001_noweight_seed2026_2075_20260715_175821/summary.json,0.0,ABA-PC,30.0,29.0,1.0,23.0,22.0,1.0,7.0,0.0,0.9565217391304348,0.7586206896551724,0.8461538461538461
sf5,SF (5),2037.0,12.0,results/paper_aaai2027/frozen/results/final_mcs_experiments_er_sf_sparse_alpha001_noweight_50rep/wc_sweep_sf5_2026_sparse_alpha001_noweight_seed2026_2075_20260715_175821/summary.json,0.0,ABA-PC,31.0,28.0,3.0,23.0,22.0,1.0,8.0,2.0,0.9565217391304348,0.7857142857142857,0.8627450980392157
sf5,SF (5),2038.0,13.0,results/paper_aaai2027/frozen/results/final_mcs_experiments_er_sf_sparse_alpha001_noweight_50rep/wc_sweep_sf5_2026_sparse_alpha001_noweight_seed2026_2075_20260715_175821/summary.json,0.0,ABA-PC,38.0,38.0,0.0,38.0,38.0,0.0,0.0,0.0,1.0,1.0,1.0
sf5,SF (5),2039.0,14.0,results/paper_aaai2027/frozen/results/final_mcs_experiments_er_sf_sparse_alpha001_noweight_50rep/wc_sweep_sf5_2026_sparse_alpha001_noweight_seed2026_2075_20260715_175821/summary.json,0.0,ABA-PC,38.0,37.0,1.0,38.0,37.0,1.0,0.0,0.0,0.9736842105263158,1.0,0.9866666666666667
sf5,SF (5),2040.0,15.0,results/paper_aaai2027/frozen/results/final_mcs_experiments_er_sf_sparse_alpha001_noweight_50rep/wc_sweep_sf5_2026_sparse_alpha001_noweight_seed2026_2075_20260715_175821/summary.json,0.0,ABA-PC,38.0,37.0,1.0,38.0,37.0,1.0,0.0,0.0,0.9736842105263158,1.0,0.9866666666666667
sf5,SF (5),2041.0,16.0,results/paper_aaai2027/frozen/results/final_mcs_experiments_er_sf_sparse_alpha001_noweight_50rep/wc_sweep_sf5_2026_sparse_alpha001_noweight_seed2026_2075_20260715_175821/summary.json,0.0,ABA-PC,31.0,29.0,2.0,23.0,23.0,0.0,8.0,2.0,1.0,0.7931034482758621,0.8846153846153846
sf5,SF (5),2042.0,17.0,results/paper_aaai2027/frozen/results/final_mcs_experiments_er_sf_sparse_alpha001_noweight_50rep/wc_sweep_sf5_2026_sparse_alpha001_noweight_seed2026_2075_20260715_175821/summary.json,0.0,ABA-PC,31.0,29.0,2.0,26.0,26.0,0.0,5.0,2.0,1.0,0.896551724137931,0.9454545454545454
sf5,SF (5),2043.0,18.0,results/paper_aaai2027/frozen/results/final_mcs_experiments_er_sf_sparse_alpha001_noweight_50rep/wc_sweep_sf5_2026_sparse_alpha001_noweight_seed2026_2075_20260715_175821/summary.json,0.0,ABA-PC,30.0,30.0,0.0,30.0,30.0,0.0,0.0,0.0,1.0,1.0,1.0
sf5,SF (5),2044.0,19.0,results/paper_aaai2027/frozen/results/final_mcs_experiments_er_sf_sparse_alpha001_noweight_50rep/wc_sweep_sf5_2026_sparse_alpha001_noweight_seed2026_2075_20260715_175821/summary.json,0.0,ABA-PC,30.0,29.0,1.0,23.0,23.0,0.0,7.0,1.0,1.0,0.7931034482758621,0.8846153846153846
sf5,SF (5),2045.0,20.0,results/paper_aaai2027/frozen/results/final_mcs_experiments_er_sf_sparse_alpha001_noweight_50rep/wc_sweep_sf5_2026_sparse_alpha001_noweight_seed2026_2075_20260715_175821/summary.json,0.0,ABA-PC,30.0,27.0,3.0,21.0,20.0,1.0,9.0,2.0,0.9523809523809523,0.7407407407407407,0.8333333333333334
sf5,SF (5),2046.0,21.0,results/paper_aaai2027/frozen/results/final_mcs_experiments_er_sf_sparse_alpha001_noweight_50rep/wc_sweep_sf5_2026_sparse_alpha001_noweight_seed2026_2075_20260715_175821/summary.json,0.0,ABA-PC,31.0,28.0,3.0,26.0,26.0,0.0,5.0,3.0,1.0,0.9285714285714286,0.9629629629629629
sf5,SF (5),2047.0,22.0,results/paper_aaai2027/frozen/results/final_mcs_experiments_er_sf_sparse_alpha001_noweight_50rep/wc_sweep_sf5_2026_sparse_alpha001_noweight_seed2026_2075_20260715_175821/summary.json,0.0,ABA-PC,38.0,38.0,0.0,38.0,38.0,0.0,0.0,0.0,1.0,1.0,1.0
sf5,SF (5),2048.0,23.0,results/paper_aaai2027/frozen/results/final_mcs_experiments_er_sf_sparse_alpha001_noweight_50rep/wc_sweep_sf5_2026_sparse_alpha001_noweight_seed2026_2075_20260715_175821/summary.json,0.0,ABA-PC,30.0,30.0,0.0,30.0,30.0,0.0,0.0,0.0,1.0,1.0,1.0
sf5,SF (5),2049.0,24.0,results/paper_aaai2027/frozen/results/final_mcs_experiments_er_sf_sparse_alpha001_noweight_50rep/wc_sweep_sf5_2026_sparse_alpha001_noweight_seed2026_2075_20260715_175821/summary.json,0.0,ABA-PC,31.0,30.0,1.0,28.0,28.0,0.0,3.0,1.0,1.0,0.9333333333333333,0.9655172413793104
sf5,SF (5),2050.0,25.0,results/paper_aaai2027/frozen/results/final_mcs_experiments_er_sf_sparse_alpha001_noweight_50rep/wc_sweep_sf5_2026_sparse_alpha001_noweight_seed2026_2075_20260715_175821/summary.json,0.0,ABA-PC,30.0,28.0,2.0,20.0,19.0,1.0,10.0,1.0,0.95,0.6785714285714286,0.7916666666666666
sf5,SF (5),2051.0,26.0,results/paper_aaai2027/frozen/results/final_mcs_experiments_er_sf_sparse_alpha001_noweight_50rep/wc_sweep_sf5_2026_sparse_alpha001_noweight_seed2026_2075_20260715_175821/summary.json,0.0,ABA-PC,38.0,38.0,0.0,38.0,38.0,0.0,0.0,0.0,1.0,1.0,1.0
sf5,SF (5),2052.0,27.0,results/paper_aaai2027/frozen/results/final_mcs_experiments_er_sf_sparse_alpha001_noweight_50rep/wc_sweep_sf5_2026_sparse_alpha001_noweight_seed2026_2075_20260715_175821/summary.json,0.0,ABA-PC,30.0,28.0,2.0,29.0,27.0,2.0,1.0,0.0,0.9310344827586207,0.9642857142857143,0.9473684210526315
sf5,SF (5),2053.0,28.0,results/paper_aaai2027/frozen/results/final_mcs_experiments_er_sf_sparse_alpha001_noweight_50rep/wc_sweep_sf5_2026_sparse_alpha001_noweight_seed2026_2075_20260715_175821/summary.json,0.0,ABA-PC,30.0,29.0,1.0,27.0,27.0,0.0,3.0,1.0,1.0,0.9310344827586207,0.9642857142857143
sf5,SF (5),2054.0,29.0,results/paper_aaai2027/frozen/results/final_mcs_experiments_er_sf_sparse_alpha001_noweight_50rep/wc_sweep_sf5_2026_sparse_alpha001_noweight_seed2026_2075_20260715_175821/summary.json,0.0,ABA-PC,36.0,31.0,5.0,29.0,28.0,1.0,7.0,4.0,0.9655172413793104,0.9032258064516129,0.9333333333333333
sf5,SF (5),2055.0,30.0,results/paper_aaai2027/frozen/results/final_mcs_experiments_er_sf_sparse_alpha001_noweight_50rep/wc_sweep_sf5_2026_sparse_alpha001_noweight_seed2026_2075_20260715_175821/summary.json,0.0,ABA-PC,18.0,16.0,2.0,15.0,14.0,1.0,3.0,1.0,0.9333333333333333,0.875,0.9032258064516129
sf5,SF (5),2056.0,31.0,results/paper_aaai2027/frozen/results/final_mcs_experiments_er_sf_sparse_alpha001_noweight_50rep/wc_sweep_sf5_2026_sparse_alpha001_noweight_seed2026_2075_20260715_175821/summary.json,0.0,ABA-PC,29.0,27.0,2.0,24.0,23.0,1.0,5.0,1.0,0.9583333333333334,0.8518518518518519,0.9019607843137255
sf5,SF (5),2057.0,32.0,results/paper_aaai2027/frozen/results/final_mcs_experiments_er_sf_sparse_alpha001_noweight_50rep/wc_sweep_sf5_2026_sparse_alpha001_noweight_seed2026_2075_20260715_175821/summary.json,0.0,ABA-PC,29.0,27.0,2.0,22.0,22.0,0.0,7.0,2.0,1.0,0.8148148148148148,0.8979591836734694
sf5,SF (5),2058.0,33.0,results/paper_aaai2027/frozen/results/final_mcs_experiments_er_sf_sparse_alpha001_noweight_50rep/wc_sweep_sf5_2026_sparse_alpha001_noweight_seed2026_2075_20260715_175821/summary.json,0.0,ABA-PC,30.0,29.0,1.0,26.0,26.0,0.0,4.0,1.0,1.0,0.896551724137931,0.9454545454545454
sf5,SF (5),2059.0,34.0,results/paper_aaai2027/frozen/results/final_mcs_experiments_er_sf_sparse_alpha001_noweight_50rep/wc_sweep_sf5_2026_sparse_alpha001_noweight_seed2026_2075_20260715_175821/summary.json,0.0,ABA-PC,38.0,38.0,0.0,38.0,38.0,0.0,0.0,0.0,1.0,1.0,1.0
sf5,SF (5),2060.0,35.0,results/paper_aaai2027/frozen/results/final_mcs_experiments_er_sf_sparse_alpha001_noweight_50rep/wc_sweep_sf5_2026_sparse_alpha001_noweight_seed2026_2075_20260715_175821/summary.json,0.0,ABA-PC,35.0,34.0,1.0,31.0,31.0,0.0,4.0,1.0,1.0,0.9117647058823529,0.9538461538461539
sf5,SF (5),2061.0,36.0,results/paper_aaai2027/frozen/results/final_mcs_experiments_er_sf_sparse_alpha001_noweight_50rep/wc_sweep_sf5_2026_sparse_alpha001_noweight_seed2026_2075_20260715_175821/summary.json,0.0,ABA-PC,47.0,45.0,2.0,46.0,45.0,1.0,1.0,1.0,0.9782608695652174,1.0,0.989010989010989
sf5,SF (5),2062.0,37.0,results/paper_aaai2027/frozen/results/final_mcs_experiments_er_sf_sparse_alpha001_noweight_50rep/wc_sweep_sf5_2026_sparse_alpha001_noweight_seed2026_2075_20260715_175821/summary.json,0.0,ABA-PC,38.0,38.0,0.0,38.0,38.0,0.0,0.0,0.0,1.0,1.0,1.0
sf5,SF (5),2063.0,38.0,results/paper_aaai2027/frozen/results/final_mcs_experiments_er_sf_sparse_alpha001_noweight_50rep/wc_sweep_sf5_2026_sparse_alpha001_noweight_seed2026_2075_20260715_175821/summary.json,0.0,ABA-PC,30.0,29.0,1.0,29.0,29.0,0.0,1.0,1.0,1.0,1.0,1.0
sf5,SF (5),2064.0,39.0,results/paper_aaai2027/frozen/results/final_mcs_experiments_er_sf_sparse_alpha001_noweight_50rep/wc_sweep_sf5_2026_sparse_alpha001_noweight_seed2026_2075_20260715_175821/summary.json,0.0,ABA-PC,31.0,30.0,1.0,30.0,30.0,0.0,1.0,1.0,1.0,1.0,1.0
sf5,SF (5),2065.0,40.0,results/paper_aaai2027/frozen/results/final_mcs_experiments_er_sf_sparse_alpha001_noweight_50rep/wc_sweep_sf5_2026_sparse_alpha001_noweight_seed2026_2075_20260715_175821/summary.json,0.0,ABA-PC,38.0,38.0,0.0,38.0,38.0,0.0,0.0,0.0,1.0,1.0,1.0
sf5,SF (5),2066.0,41.0,results/paper_aaai2027/frozen/results/final_mcs_experiments_er_sf_sparse_alpha001_noweight_50rep/wc_sweep_sf5_2026_sparse_alpha001_noweight_seed2026_2075_20260715_175821/summary.json,0.0,ABA-PC,30.0,30.0,0.0,30.0,30.0,0.0,0.0,0.0,1.0,1.0,1.0
sf5,SF (5),2067.0,42.0,results/paper_aaai2027/frozen/results/final_mcs_experiments_er_sf_sparse_alpha001_noweight_50rep/wc_sweep_sf5_2026_sparse_alpha001_noweight_seed2026_2075_20260715_175821/summary.json,0.0,ABA-PC,30.0,29.0,1.0,28.0,27.0,1.0,2.0,0.0,0.9642857142857143,0.9310344827586207,0.9473684210526315
sf5,SF (5),2068.0,43.0,results/paper_aaai2027/frozen/results/final_mcs_experiments_er_sf_sparse_alpha001_noweight_50rep/wc_sweep_sf5_2026_sparse_alpha001_noweight_seed2026_2075_20260715_175821/summary.json,0.0,ABA-PC,30.0,28.0,2.0,25.0,24.0,1.0,5.0,1.0,0.96,0.8571428571428571,0.9056603773584906
sf5,SF (5),2069.0,44.0,results/paper_aaai2027/frozen/results/final_mcs_experiments_er_sf_sparse_alpha001_noweight_50rep/wc_sweep_sf5_2026_sparse_alpha001_noweight_seed2026_2075_20260715_175821/summary.json,0.0,ABA-PC,24.0,24.0,0.0,24.0,24.0,0.0,0.0,0.0,1.0,1.0,1.0
sf5,SF (5),2070.0,45.0,results/paper_aaai2027/frozen/results/final_mcs_experiments_er_sf_sparse_alpha001_noweight_50rep/wc_sweep_sf5_2026_sparse_alpha001_noweight_seed2026_2075_20260715_175821/summary.json,0.0,ABA-PC,30.0,30.0,0.0,30.0,30.0,0.0,0.0,0.0,1.0,1.0,1.0
sf5,SF (5),2071.0,46.0,results/paper_aaai2027/frozen/results/final_mcs_experiments_er_sf_sparse_alpha001_noweight_50rep/wc_sweep_sf5_2026_sparse_alpha001_noweight_seed2026_2075_20260715_175821/summary.json,0.0,ABA-PC,31.0,28.0,3.0,26.0,26.0,0.0,5.0,3.0,1.0,0.9285714285714286,0.9629629629629629
sf5,SF (5),2072.0,47.0,results/paper_aaai2027/frozen/results/final_mcs_experiments_er_sf_sparse_alpha001_noweight_50rep/wc_sweep_sf5_2026_sparse_alpha001_noweight_seed2026_2075_20260715_175821/summary.json,0.0,ABA-PC,30.0,29.0,1.0,29.0,29.0,0.0,1.0,1.0,1.0,1.0,1.0
sf5,SF (5),2073.0,48.0,results/paper_aaai2027/frozen/results/final_mcs_experiments_er_sf_sparse_alpha001_noweight_50rep/wc_sweep_sf5_2026_sparse_alpha001_noweight_seed2026_2075_20260715_175821/summary.json,0.0,ABA-PC,37.0,37.0,0.0,37.0,37.0,0.0,0.0,0.0,1.0,1.0,1.0
sf5,SF (5),2074.0,49.0,results/paper_aaai2027/frozen/results/final_mcs_experiments_er_sf_sparse_alpha001_noweight_50rep/wc_sweep_sf5_2026_sparse_alpha001_noweight_seed2026_2075_20260715_175821/summary.json,0.0,ABA-PC,16.0,15.0,1.0,16.0,15.0,1.0,0.0,0.0,0.9375,1.0,0.967741935483871
sf5,SF (5),2075.0,50.0,results/paper_aaai2027/frozen/results/final_mcs_experiments_er_sf_sparse_alpha001_noweight_50rep/wc_sweep_sf5_2026_sparse_alpha001_noweight_seed2026_2075_20260715_175821/summary.json,0.0,ABA-PC,30.0,28.0,2.0,25.0,24.0,1.0,5.0,1.0,0.96,0.8571428571428571,0.9056603773584906
sf5,SF (5),2026.0,1.0,results/paper_aaai2027/frozen/results/final_mcs_experiments_er_sf_sparse_alpha001_noweight_50rep/wc_sweep_sf5_2026_sparse_alpha001_noweight_seed2026_2075_20260715_175821/summary.json,0.0,OptABA-PC,38.0,37.0,1.0,38.0,37.0,1.0,0.0,0.0,0.9736842105263158,1.0,0.9866666666666667
sf5,SF (5),2027.0,2.0,results/paper_aaai2027/frozen/results/final_mcs_experiments_er_sf_sparse_alpha001_noweight_50rep/wc_sweep_sf5_2026_sparse_alpha001_noweight_seed2026_2075_20260715_175821/summary.json,0.0,OptABA-PC,38.0,38.0,0.0,38.0,38.0,0.0,0.0,0.0,1.0,1.0,1.0
sf5,SF (5),2028.0,3.0,results/paper_aaai2027/frozen/results/final_mcs_experiments_er_sf_sparse_alpha001_noweight_50rep/wc_sweep_sf5_2026_sparse_alpha001_noweight_seed2026_2075_20260715_175821/summary.json,0.0,OptABA-PC,47.0,44.0,3.0,45.0,44.0,1.0,2.0,2.0,0.9777777777777777,1.0,0.9887640449438202
sf5,SF (5),2029.0,4.0,results/paper_aaai2027/frozen/results/final_mcs_experiments_er_sf_sparse_alpha001_noweight_50rep/wc_sweep_sf5_2026_sparse_alpha001_noweight_seed2026_2075_20260715_175821/summary.json,0.0,OptABA-PC,30.0,26.0,4.0,28.0,25.0,3.0,2.0,1.0,0.8928571428571429,0.9615384615384616,0.9259259259259259
sf5,SF (5),2030.0,5.0,results/paper_aaai2027/frozen/results/final_mcs_experiments_er_sf_sparse_alpha001_noweight_50rep/wc_sweep_sf5_2026_sparse_alpha001_noweight_seed2026_2075_20260715_175821/summary.json,0.0,OptABA-PC,38.0,38.0,0.0,38.0,38.0,0.0,0.0,0.0,1.0,1.0,1.0
sf5,SF (5),2031.0,6.0,results/paper_aaai2027/frozen/results/final_mcs_experiments_er_sf_sparse_alpha001_noweight_50rep/wc_sweep_sf5_2026_sparse_alpha001_noweight_seed2026_2075_20260715_175821/summary.json,0.0,OptABA-PC,30.0,30.0,0.0,30.0,30.0,0.0,0.0,0.0,1.0,1.0,1.0
sf5,SF (5),2032.0,7.0,results/paper_aaai2027/frozen/results/final_mcs_experiments_er_sf_sparse_alpha001_noweight_50rep/wc_sweep_sf5_2026_sparse_alpha001_noweight_seed2026_2075_20260715_175821/summary.json,0.0,OptABA-PC,31.0,26.0,5.0,27.0,24.0,3.0,4.0,2.0,0.8888888888888888,0.9230769230769231,0.9056603773584906
sf5,SF (5),2033.0,8.0,results/paper_aaai2027/frozen/results/final_mcs_experiments_er_sf_sparse_alpha001_noweight_50rep/wc_sweep_sf5_2026_sparse_alpha001_noweight_seed2026_2075_20260715_175821/summary.json,0.0,OptABA-PC,31.0,29.0,2.0,29.0,29.0,0.0,2.0,2.0,1.0,1.0,1.0
sf5,SF (5),2034.0,9.0,results/paper_aaai2027/frozen/results/final_mcs_experiments_er_sf_sparse_alpha001_noweight_50rep/wc_sweep_sf5_2026_sparse_alpha001_noweight_seed2026_2075_20260715_175821/summary.json,0.0,OptABA-PC,30.0,30.0,0.0,30.0,30.0,0.0,0.0,0.0,1.0,1.0,1.0
sf5,SF (5),2035.0,10.0,results/paper_aaai2027/frozen/results/final_mcs_experiments_er_sf_sparse_alpha001_noweight_50rep/wc_sweep_sf5_2026_sparse_alpha001_noweight_seed2026_2075_20260715_175821/summary.json,0.0,OptABA-PC,30.0,27.0,3.0,28.0,26.0,2.0,2.0,1.0,0.9285714285714286,0.9629629629629629,0.9454545454545454
sf5,SF (5),2036.0,11.0,results/paper_aaai2027/frozen/results/final_mcs_experiments_er_sf_sparse_alpha001_noweight_50rep/wc_sweep_sf5_2026_sparse_alpha001_noweight_seed2026_2075_20260715_175821/summary.json,0.0,OptABA-PC,30.0,29.0,1.0,29.0,29.0,0.0,1.0,1.0,1.0,1.0,1.0
sf5,SF (5),2037.0,12.0,results/paper_aaai2027/frozen/results/final_mcs_experiments_er_sf_sparse_alpha001_noweight_50rep/wc_sweep_sf5_2026_sparse_alpha001_noweight_seed2026_2075_20260715_175821/summary.json,0.0,OptABA-PC,31.0,28.0,3.0,29.0,26.0,3.0,2.0,0.0,0.896551724137931,0.9285714285714286,0.9122807017543859
sf5,SF (5),2038.0,13.0,results/paper_aaai2027/frozen/results/final_mcs_experiments_er_sf_sparse_alpha001_noweight_50rep/wc_sweep_sf5_2026_sparse_alpha001_noweight_seed2026_2075_20260715_175821/summary.json,0.0,OptABA-PC,38.0,38.0,0.0,38.0,38.0,0.0,0.0,0.0,1.0,1.0,1.0
sf5,SF (5),2039.0,14.0,results/paper_aaai2027/frozen/results/final_mcs_experiments_er_sf_sparse_alpha001_noweight_50rep/wc_sweep_sf5_2026_sparse_alpha001_noweight_seed2026_2075_20260715_175821/summary.json,0.0,OptABA-PC,38.0,37.0,1.0,38.0,37.0,1.0,0.0,0.0,0.9736842105263158,1.0,0.9866666666666667
sf5,SF (5),2040.0,15.0,results/paper_aaai2027/frozen/results/final_mcs_experiments_er_sf_sparse_alpha001_noweight_50rep/wc_sweep_sf5_2026_sparse_alpha001_noweight_seed2026_2075_20260715_175821/summary.json,0.0,OptABA-PC,38.0,37.0,1.0,38.0,37.0,1.0,0.0,0.0,0.9736842105263158,1.0,0.9866666666666667
sf5,SF (5),2041.0,16.0,results/paper_aaai2027/frozen/results/final_mcs_experiments_er_sf_sparse_alpha001_noweight_50rep/wc_sweep_sf5_2026_sparse_alpha001_noweight_seed2026_2075_20260715_175821/summary.json,0.0,OptABA-PC,31.0,29.0,2.0,29.0,29.0,0.0,2.0,2.0,1.0,1.0,1.0
sf5,SF (5),2042.0,17.0,results/paper_aaai2027/frozen/results/final_mcs_experiments_er_sf_sparse_alpha001_noweight_50rep/wc_sweep_sf5_2026_sparse_alpha001_noweight_seed2026_2075_20260715_175821/summary.json,0.0,OptABA-PC,31.0,29.0,2.0,29.0,29.0,0.0,2.0,2.0,1.0,1.0,1.0
sf5,SF (5),2043.0,18.0,results/paper_aaai2027/frozen/results/final_mcs_experiments_er_sf_sparse_alpha001_noweight_50rep/wc_sweep_sf5_2026_sparse_alpha001_noweight_seed2026_2075_20260715_175821/summary.json,0.0,OptABA-PC,30.0,30.0,0.0,30.0,30.0,0.0,0.0,0.0,1.0,1.0,1.0
sf5,SF (5),2044.0,19.0,results/paper_aaai2027/frozen/results/final_mcs_experiments_er_sf_sparse_alpha001_noweight_50rep/wc_sweep_sf5_2026_sparse_alpha001_noweight_seed2026_2075_20260715_175821/summary.json,0.0,OptABA-PC,30.0,29.0,1.0,29.0,29.0,0.0,1.0,1.0,1.0,1.0,1.0
sf5,SF (5),2045.0,20.0,results/paper_aaai2027/frozen/results/final_mcs_experiments_er_sf_sparse_alpha001_noweight_50rep/wc_sweep_sf5_2026_sparse_alpha001_noweight_seed2026_2075_20260715_175821/summary.json,0.0,OptABA-PC,30.0,27.0,3.0,27.0,25.0,2.0,3.0,1.0,0.9259259259259259,0.9259259259259259,0.9259259259259259
sf5,SF (5),2046.0,21.0,results/paper_aaai2027/frozen/results/final_mcs_experiments_er_sf_sparse_alpha001_noweight_50rep/wc_sweep_sf5_2026_sparse_alpha001_noweight_seed2026_2075_20260715_175821/summary.json,0.0,OptABA-PC,31.0,28.0,3.0,28.0,28.0,0.0,3.0,3.0,1.0,1.0,1.0
sf5,SF (5),2047.0,22.0,results/paper_aaai2027/frozen/results/final_mcs_experiments_er_sf_sparse_alpha001_noweight_50rep/wc_sweep_sf5_2026_sparse_alpha001_noweight_seed2026_2075_20260715_175821/summary.json,0.0,OptABA-PC,38.0,38.0,0.0,38.0,38.0,0.0,0.0,0.0,1.0,1.0,1.0
sf5,SF (5),2048.0,23.0,results/paper_aaai2027/frozen/results/final_mcs_experiments_er_sf_sparse_alpha001_noweight_50rep/wc_sweep_sf5_2026_sparse_alpha001_noweight_seed2026_2075_20260715_175821/summary.json,0.0,OptABA-PC,30.0,30.0,0.0,30.0,30.0,0.0,0.0,0.0,1.0,1.0,1.0
sf5,SF (5),2049.0,24.0,results/paper_aaai2027/frozen/results/final_mcs_experiments_er_sf_sparse_alpha001_noweight_50rep/wc_sweep_sf5_2026_sparse_alpha001_noweight_seed2026_2075_20260715_175821/summary.json,0.0,OptABA-PC,31.0,30.0,1.0,30.0,30.0,0.0,1.0,1.0,1.0,1.0,1.0
sf5,SF (5),2050.0,25.0,results/paper_aaai2027/frozen/results/final_mcs_experiments_er_sf_sparse_alpha001_noweight_50rep/wc_sweep_sf5_2026_sparse_alpha001_noweight_seed2026_2075_20260715_175821/summary.json,0.0,OptABA-PC,30.0,28.0,2.0,28.0,28.0,0.0,2.0,2.0,1.0,1.0,1.0
sf5,SF (5),2051.0,26.0,results/paper_aaai2027/frozen/results/final_mcs_experiments_er_sf_sparse_alpha001_noweight_50rep/wc_sweep_sf5_2026_sparse_alpha001_noweight_seed2026_2075_20260715_175821/summary.json,0.0,OptABA-PC,38.0,38.0,0.0,38.0,38.0,0.0,0.0,0.0,1.0,1.0,1.0
sf5,SF (5),2052.0,27.0,results/paper_aaai2027/frozen/results/final_mcs_experiments_er_sf_sparse_alpha001_noweight_50rep/wc_sweep_sf5_2026_sparse_alpha001_noweight_seed2026_2075_20260715_175821/summary.json,0.0,OptABA-PC,30.0,28.0,2.0,29.0,27.0,2.0,1.0,0.0,0.9310344827586207,0.9642857142857143,0.9473684210526315
sf5,SF (5),2053.0,28.0,results/paper_aaai2027/frozen/results/final_mcs_experiments_er_sf_sparse_alpha001_noweight_50rep/wc_sweep_sf5_2026_sparse_alpha001_noweight_seed2026_2075_20260715_175821/summary.json,0.0,OptABA-PC,30.0,29.0,1.0,29.0,29.0,0.0,1.0,1.0,1.0,1.0,1.0
sf5,SF (5),2054.0,29.0,results/paper_aaai2027/frozen/results/final_mcs_experiments_er_sf_sparse_alpha001_noweight_50rep/wc_sweep_sf5_2026_sparse_alpha001_noweight_seed2026_2075_20260715_175821/summary.json,0.0,OptABA-PC,36.0,31.0,5.0,32.0,31.0,1.0,4.0,4.0,0.96875,1.0,0.9841269841269841
sf5,SF (5),2055.0,30.0,results/paper_aaai2027/frozen/results/final_mcs_experiments_er_sf_sparse_alpha001_noweight_50rep/wc_sweep_sf5_2026_sparse_alpha001_noweight_seed2026_2075_20260715_175821/summary.json,0.0,OptABA-PC,18.0,16.0,2.0,17.0,16.0,1.0,1.0,1.0,0.9411764705882353,1.0,0.9696969696969697
sf5,SF (5),2056.0,31.0,results/paper_aaai2027/frozen/results/final_mcs_experiments_er_sf_sparse_alpha001_noweight_50rep/wc_sweep_sf5_2026_sparse_alpha001_noweight_seed2026_2075_20260715_175821/summary.json,0.0,OptABA-PC,29.0,27.0,2.0,27.0,25.0,2.0,2.0,0.0,0.9259259259259259,0.9259259259259259,0.9259259259259259
sf5,SF (5),2057.0,32.0,results/paper_aaai2027/frozen/results/final_mcs_experiments_er_sf_sparse_alpha001_noweight_50rep/wc_sweep_sf5_2026_sparse_alpha001_noweight_seed2026_2075_20260715_175821/summary.json,0.0,OptABA-PC,29.0,27.0,2.0,27.0,27.0,0.0,2.0,2.0,1.0,1.0,1.0
sf5,SF (5),2058.0,33.0,results/paper_aaai2027/frozen/results/final_mcs_experiments_er_sf_sparse_alpha001_noweight_50rep/wc_sweep_sf5_2026_sparse_alpha001_noweight_seed2026_2075_20260715_175821/summary.json,0.0,OptABA-PC,30.0,29.0,1.0,29.0,29.0,0.0,1.0,1.0,1.0,1.0,1.0
sf5,SF (5),2059.0,34.0,results/paper_aaai2027/frozen/results/final_mcs_experiments_er_sf_sparse_alpha001_noweight_50rep/wc_sweep_sf5_2026_sparse_alpha001_noweight_seed2026_2075_20260715_175821/summary.json,0.0,OptABA-PC,38.0,38.0,0.0,38.0,38.0,0.0,0.0,0.0,1.0,1.0,1.0
sf5,SF (5),2060.0,35.0,results/paper_aaai2027/frozen/results/final_mcs_experiments_er_sf_sparse_alpha001_noweight_50rep/wc_sweep_sf5_2026_sparse_alpha001_noweight_seed2026_2075_20260715_175821/summary.json,0.0,OptABA-PC,35.0,34.0,1.0,34.0,34.0,0.0,1.0,1.0,1.0,1.0,1.0
sf5,SF (5),2061.0,36.0,results/paper_aaai2027/frozen/results/final_mcs_experiments_er_sf_sparse_alpha001_noweight_50rep/wc_sweep_sf5_2026_sparse_alpha001_noweight_seed2026_2075_20260715_175821/summary.json,0.0,OptABA-PC,47.0,45.0,2.0,46.0,45.0,1.0,1.0,1.0,0.9782608695652174,1.0,0.989010989010989
sf5,SF (5),2062.0,37.0,results/paper_aaai2027/frozen/results/final_mcs_experiments_er_sf_sparse_alpha001_noweight_50rep/wc_sweep_sf5_2026_sparse_alpha001_noweight_seed2026_2075_20260715_175821/summary.json,0.0,OptABA-PC,38.0,38.0,0.0,38.0,38.0,0.0,0.0,0.0,1.0,1.0,1.0
sf5,SF (5),2063.0,38.0,results/paper_aaai2027/frozen/results/final_mcs_experiments_er_sf_sparse_alpha001_noweight_50rep/wc_sweep_sf5_2026_sparse_alpha001_noweight_seed2026_2075_20260715_175821/summary.json,0.0,OptABA-PC,30.0,29.0,1.0,29.0,29.0,0.0,1.0,1.0,1.0,1.0,1.0
sf5,SF (5),2064.0,39.0,results/paper_aaai2027/frozen/results/final_mcs_experiments_er_sf_sparse_alpha001_noweight_50rep/wc_sweep_sf5_2026_sparse_alpha001_noweight_seed2026_2075_20260715_175821/summary.json,0.0,OptABA-PC,31.0,30.0,1.0,30.0,30.0,0.0,1.0,1.0,1.0,1.0,1.0
sf5,SF (5),2065.0,40.0,results/paper_aaai2027/frozen/results/final_mcs_experiments_er_sf_sparse_alpha001_noweight_50rep/wc_sweep_sf5_2026_sparse_alpha001_noweight_seed2026_2075_20260715_175821/summary.json,0.0,OptABA-PC,38.0,38.0,0.0,38.0,38.0,0.0,0.0,0.0,1.0,1.0,1.0
sf5,SF (5),2066.0,41.0,results/paper_aaai2027/frozen/results/final_mcs_experiments_er_sf_sparse_alpha001_noweight_50rep/wc_sweep_sf5_2026_sparse_alpha001_noweight_seed2026_2075_20260715_175821/summary.json,0.0,OptABA-PC,30.0,30.0,0.0,30.0,30.0,0.0,0.0,0.0,1.0,1.0,1.0
sf5,SF (5),2067.0,42.0,results/paper_aaai2027/frozen/results/final_mcs_experiments_er_sf_sparse_alpha001_noweight_50rep/wc_sweep_sf5_2026_sparse_alpha001_noweight_seed2026_2075_20260715_175821/summary.json,0.0,OptABA-PC,30.0,29.0,1.0,29.0,29.0,0.0,1.0,1.0,1.0,1.0,1.0
sf5,SF (5),2068.0,43.0,results/paper_aaai2027/frozen/results/final_mcs_experiments_er_sf_sparse_alpha001_noweight_50rep/wc_sweep_sf5_2026_sparse_alpha001_noweight_seed2026_2075_20260715_175821/summary.json,0.0,OptABA-PC,30.0,28.0,2.0,28.0,28.0,0.0,2.0,2.0,1.0,1.0,1.0
sf5,SF (5),2069.0,44.0,results/paper_aaai2027/frozen/results/final_mcs_experiments_er_sf_sparse_alpha001_noweight_50rep/wc_sweep_sf5_2026_sparse_alpha001_noweight_seed2026_2075_20260715_175821/summary.json,0.0,OptABA-PC,24.0,24.0,0.0,24.0,24.0,0.0,0.0,0.0,1.0,1.0,1.0
sf5,SF (5),2070.0,45.0,results/paper_aaai2027/frozen/results/final_mcs_experiments_er_sf_sparse_alpha001_noweight_50rep/wc_sweep_sf5_2026_sparse_alpha001_noweight_seed2026_2075_20260715_175821/summary.json,0.0,OptABA-PC,30.0,30.0,0.0,30.0,30.0,0.0,0.0,0.0,1.0,1.0,1.0
sf5,SF (5),2071.0,46.0,results/paper_aaai2027/frozen/results/final_mcs_experiments_er_sf_sparse_alpha001_noweight_50rep/wc_sweep_sf5_2026_sparse_alpha001_noweight_seed2026_2075_20260715_175821/summary.json,0.0,OptABA-PC,31.0,28.0,3.0,28.0,28.0,0.0,3.0,3.0,1.0,1.0,1.0
sf5,SF (5),2072.0,47.0,results/paper_aaai2027/frozen/results/final_mcs_experiments_er_sf_sparse_alpha001_noweight_50rep/wc_sweep_sf5_2026_sparse_alpha001_noweight_seed2026_2075_20260715_175821/summary.json,0.0,OptABA-PC,30.0,29.0,1.0,29.0,29.0,0.0,1.0,1.0,1.0,1.0,1.0
sf5,SF (5),2073.0,48.0,results/paper_aaai2027/frozen/results/final_mcs_experiments_er_sf_sparse_alpha001_noweight_50rep/wc_sweep_sf5_2026_sparse_alpha001_noweight_seed2026_2075_20260715_175821/summary.json,0.0,OptABA-PC,37.0,37.0,0.0,37.0,37.0,0.0,0.0,0.0,1.0,1.0,1.0
sf5,SF (5),2074.0,49.0,results/paper_aaai2027/frozen/results/final_mcs_experiments_er_sf_sparse_alpha001_noweight_50rep/wc_sweep_sf5_2026_sparse_alpha001_noweight_seed2026_2075_20260715_175821/summary.json,0.0,OptABA-PC,16.0,15.0,1.0,16.0,15.0,1.0,0.0,0.0,0.9375,1.0,0.967741935483871
sf5,SF (5),2075.0,50.0,results/paper_aaai2027/frozen/results/final_mcs_experiments_er_sf_sparse_alpha001_noweight_50rep/wc_sweep_sf5_2026_sparse_alpha001_noweight_seed2026_2075_20260715_175821/summary.json,0.0,OptABA-PC,30.0,28.0,2.0,28.0,28.0,0.0,2.0,2.0,1.0,1.0,1.0
sf5,SF (5),2026.0,,results/paper_aaai2027/frozen/results/progress/paper_aspcr_dag_er_sf_e1_alpha001_n5000_50rep/sf5__aspcr_log_dag_dag.csv,,ASPCR-DAG,80.0,40.0,40.0,76.0,36.0,40.0,4.0,0.0,0.4736842105263157,0.9,0.6206896551724138
sf5,SF (5),2027.0,,results/paper_aaai2027/frozen/results/progress/paper_aspcr_dag_er_sf_e1_alpha001_n5000_50rep/sf5__aspcr_log_dag_dag.csv,,ASPCR-DAG,80.0,40.0,40.0,76.0,40.0,36.0,4.0,4.0,0.5263157894736842,1.0,0.6896551724137931
sf5,SF (5),2028.0,,results/paper_aaai2027/frozen/results/progress/paper_aspcr_dag_er_sf_e1_alpha001_n5000_50rep/sf5__aspcr_log_dag_dag.csv,,ASPCR-DAG,80.0,56.0,24.0,60.0,36.0,24.0,20.0,0.0,0.6,0.6428571428571429,0.6206896551724138
sf5,SF (5),2029.0,,results/paper_aaai2027/frozen/results/progress/paper_aspcr_dag_er_sf_e1_alpha001_n5000_50rep/sf5__aspcr_log_dag_dag.csv,,ASPCR-DAG,80.0,49.0,31.0,68.0,41.0,27.0,12.0,4.0,0.6029411764705882,0.8367346938775511,0.7008547008547009
sf5,SF (5),2030.0,,results/paper_aaai2027/frozen/results/progress/paper_aspcr_dag_er_sf_e1_alpha001_n5000_50rep/sf5__aspcr_log_dag_dag.csv,,ASPCR-DAG,80.0,40.0,40.0,76.0,36.0,40.0,4.0,0.0,0.4736842105263157,0.9,0.6206896551724138
sf5,SF (5),2031.0,,results/paper_aaai2027/frozen/results/progress/paper_aspcr_dag_er_sf_e1_alpha001_n5000_50rep/sf5__aspcr_log_dag_dag.csv,,ASPCR-DAG,80.0,59.0,21.0,65.0,44.0,21.0,15.0,0.0,0.676923076923077,0.7457627118644068,0.7096774193548386
sf5,SF (5),2032.0,,results/paper_aaai2027/frozen/results/progress/paper_aspcr_dag_er_sf_e1_alpha001_n5000_50rep/sf5__aspcr_log_dag_dag.csv,,ASPCR-DAG,80.0,41.0,39.0,76.0,41.0,35.0,4.0,4.0,0.5394736842105263,1.0,0.7008547008547009
sf5,SF (5),2033.0,,results/paper_aaai2027/frozen/results/progress/paper_aspcr_dag_er_sf_e1_alpha001_n5000_50rep/sf5__aspcr_log_dag_dag.csv,,ASPCR-DAG,80.0,64.0,16.0,64.0,64.0,0.0,16.0,16.0,1.0,1.0,1.0
sf5,SF (5),2034.0,,results/paper_aaai2027/frozen/results/progress/paper_aspcr_dag_er_sf_e1_alpha001_n5000_50rep/sf5__aspcr_log_dag_dag.csv,,ASPCR-DAG,80.0,52.0,28.0,68.0,48.0,20.0,12.0,8.0,0.7058823529411765,0.9230769230769232,0.8000000000000002
sf5,SF (5),2035.0,,results/paper_aaai2027/frozen/results/progress/paper_aspcr_dag_er_sf_e1_alpha001_n5000_50rep/sf5__aspcr_log_dag_dag.csv,,ASPCR-DAG,80.0,41.0,39.0,76.0,37.0,39.0,4.0,0.0,0.4868421052631579,0.902439024390244,0.6324786324786326
sf5,SF (5),2036.0,,results/paper_aaai2027/frozen/results/progress/paper_aspcr_dag_er_sf_e1_alpha001_n5000_50rep/sf5__aspcr_log_dag_dag.csv,,ASPCR-DAG,80.0,38.0,42.0,68.0,36.0,32.0,12.0,10.0,0.5294117647058824,0.9473684210526316,0.679245283018868
sf5,SF (5),2037.0,,results/paper_aaai2027/frozen/results/progress/paper_aspcr_dag_er_sf_e1_alpha001_n5000_50rep/sf5__aspcr_log_dag_dag.csv,,ASPCR-DAG,80.0,44.0,36.0,72.0,36.0,36.0,8.0,0.0,0.5,0.8181818181818182,0.6206896551724137
sf5,SF (5),2038.0,,results/paper_aaai2027/frozen/results/progress/paper_aspcr_dag_er_sf_e1_alpha001_n5000_50rep/sf5__aspcr_log_dag_dag.csv,,ASPCR-DAG,80.0,52.0,28.0,64.0,36.0,28.0,16.0,0.0,0.5625,0.6923076923076923,0.6206896551724138
sf5,SF (5),2039.0,,results/paper_aaai2027/frozen/results/progress/paper_aspcr_dag_er_sf_e1_alpha001_n5000_50rep/sf5__aspcr_log_dag_dag.csv,,ASPCR-DAG,80.0,38.0,42.0,64.0,26.0,38.0,16.0,4.0,0.40625,0.6842105263157895,0.5098039215686275
sf5,SF (5),2040.0,,results/paper_aaai2027/frozen/results/progress/paper_aspcr_dag_er_sf_e1_alpha001_n5000_50rep/sf5__aspcr_log_dag_dag.csv,,ASPCR-DAG,80.0,48.0,32.0,68.0,40.0,28.0,12.0,4.0,0.5882352941176471,0.8333333333333334,0.6896551724137931
sf5,SF (5),2041.0,,results/paper_aaai2027/frozen/results/progress/paper_aspcr_dag_er_sf_e1_alpha001_n5000_50rep/sf5__aspcr_log_dag_dag.csv,,ASPCR-DAG,80.0,34.0,46.0,80.0,34.0,46.0,0.0,0.0,0.425,1.0,0.5964912280701754
sf5,SF (5),2042.0,,results/paper_aaai2027/frozen/results/progress/paper_aspcr_dag_er_sf_e1_alpha001_n5000_50rep/sf5__aspcr_log_dag_dag.csv,,ASPCR-DAG,80.0,62.0,18.0,64.0,46.0,18.0,16.0,0.0,0.71875,0.7419354838709677,0.7301587301587302
sf5,SF (5),2043.0,,results/paper_aaai2027/frozen/results/progress/paper_aspcr_dag_er_sf_e1_alpha001_n5000_50rep/sf5__aspcr_log_dag_dag.csv,,ASPCR-DAG,80.0,42.0,38.0,76.0,40.0,36.0,4.0,2.0,0.5263157894736842,0.9523809523809524,0.6779661016949152
sf5,SF (5),2044.0,,results/paper_aaai2027/frozen/results/progress/paper_aspcr_dag_er_sf_e1_alpha001_n5000_50rep/sf5__aspcr_log_dag_dag.csv,,ASPCR-DAG,80.0,50.0,30.0,68.0,48.0,20.0,12.0,10.0,0.7058823529411765,0.96,0.8135593220338982
sf5,SF (5),2045.0,,results/paper_aaai2027/frozen/results/progress/paper_aspcr_dag_er_sf_e1_alpha001_n5000_50rep/sf5__aspcr_log_dag_dag.csv,,ASPCR-DAG,80.0,39.0,41.0,74.0,35.0,39.0,6.0,2.0,0.4729729729729729,0.8974358974358975,0.6194690265486726
sf5,SF (5),2046.0,,results/paper_aaai2027/frozen/results/progress/paper_aspcr_dag_er_sf_e1_alpha001_n5000_50rep/sf5__aspcr_log_dag_dag.csv,,ASPCR-DAG,80.0,68.0,12.0,68.0,68.0,0.0,12.0,12.0,1.0,1.0,1.0
sf5,SF (5),2047.0,,results/paper_aaai2027/frozen/results/progress/paper_aspcr_dag_er_sf_e1_alpha001_n5000_50rep/sf5__aspcr_log_dag_dag.csv,,ASPCR-DAG,80.0,36.0,44.0,76.0,32.0,44.0,4.0,0.0,0.4210526315789473,0.8888888888888888,0.5714285714285714
sf5,SF (5),2048.0,,results/paper_aaai2027/frozen/results/progress/paper_aspcr_dag_er_sf_e1_alpha001_n5000_50rep/sf5__aspcr_log_dag_dag.csv,,ASPCR-DAG,80.0,52.0,28.0,70.0,46.0,24.0,10.0,4.0,0.6571428571428571,0.8846153846153846,0.7540983606557377
sf5,SF (5),2049.0,,results/paper_aaai2027/frozen/results/progress/paper_aspcr_dag_er_sf_e1_alpha001_n5000_50rep/sf5__aspcr_log_dag_dag.csv,,ASPCR-DAG,80.0,44.0,36.0,72.0,36.0,36.0,8.0,0.0,0.5,0.8181818181818182,0.6206896551724137
sf5,SF (5),2050.0,,results/paper_aaai2027/frozen/results/progress/paper_aspcr_dag_er_sf_e1_alpha001_n5000_50rep/sf5__aspcr_log_dag_dag.csv,,ASPCR-DAG,80.0,55.0,25.0,72.0,47.0,25.0,8.0,0.0,0.6527777777777778,0.8545454545454545,0.7401574803149606
sf5,SF (5),2051.0,,results/paper_aaai2027/frozen/results/progress/paper_aspcr_dag_er_sf_e1_alpha001_n5000_50rep/sf5__aspcr_log_dag_dag.csv,,ASPCR-DAG,80.0,56.0,24.0,56.0,56.0,0.0,24.0,24.0,1.0,1.0,1.0
sf5,SF (5),2052.0,,results/paper_aaai2027/frozen/results/progress/paper_aspcr_dag_er_sf_e1_alpha001_n5000_50rep/sf5__aspcr_log_dag_dag.csv,,ASPCR-DAG,80.0,60.0,20.0,60.0,44.0,16.0,20.0,4.0,0.7333333333333333,0.7333333333333333,0.7333333333333333
sf5,SF (5),2053.0,,results/paper_aaai2027/frozen/results/progress/paper_aspcr_dag_er_sf_e1_alpha001_n5000_50rep/sf5__aspcr_log_dag_dag.csv,,ASPCR-DAG,80.0,52.0,28.0,76.0,52.0,24.0,4.0,4.0,0.6842105263157895,1.0,0.8125000000000001
sf5,SF (5),2054.0,,results/paper_aaai2027/frozen/results/progress/paper_aspcr_dag_er_sf_e1_alpha001_n5000_50rep/sf5__aspcr_log_dag_dag.csv,,ASPCR-DAG,80.0,36.0,44.0,80.0,36.0,44.0,0.0,0.0,0.45,1.0,0.6206896551724138
sf5,SF (5),2055.0,,results/paper_aaai2027/frozen/results/progress/paper_aspcr_dag_er_sf_e1_alpha001_n5000_50rep/sf5__aspcr_log_dag_dag.csv,,ASPCR-DAG,80.0,52.0,28.0,68.0,52.0,16.0,12.0,12.0,0.7647058823529411,1.0,0.8666666666666666
sf5,SF (5),2056.0,,results/paper_aaai2027/frozen/results/progress/paper_aspcr_dag_er_sf_e1_alpha001_n5000_50rep/sf5__aspcr_log_dag_dag.csv,,ASPCR-DAG,80.0,61.0,19.0,64.0,51.0,13.0,16.0,6.0,0.796875,0.8360655737704918,0.816
sf5,SF (5),2057.0,,results/paper_aaai2027/frozen/results/progress/paper_aspcr_dag_er_sf_e1_alpha001_n5000_50rep/sf5__aspcr_log_dag_dag.csv,,ASPCR-DAG,80.0,23.0,57.0,80.0,23.0,57.0,0.0,0.0,0.2875,1.0,0.4466019417475727
sf5,SF (5),2058.0,,results/paper_aaai2027/frozen/results/progress/paper_aspcr_dag_er_sf_e1_alpha001_n5000_50rep/sf5__aspcr_log_dag_dag.csv,,ASPCR-DAG,80.0,52.0,28.0,76.0,52.0,24.0,4.0,4.0,0.6842105263157895,1.0,0.8125000000000001
sf5,SF (5),2059.0,,results/paper_aaai2027/frozen/results/progress/paper_aspcr_dag_er_sf_e1_alpha001_n5000_50rep/sf5__aspcr_log_dag_dag.csv,,ASPCR-DAG,80.0,40.0,40.0,72.0,32.0,40.0,8.0,0.0,0.4444444444444444,0.8,0.5714285714285714
sf5,SF (5),2060.0,,results/paper_aaai2027/frozen/results/progress/paper_aspcr_dag_er_sf_e1_alpha001_n5000_50rep/sf5__aspcr_log_dag_dag.csv,,ASPCR-DAG,80.0,52.0,28.0,72.0,44.0,28.0,8.0,0.0,0.6111111111111112,0.8461538461538461,0.7096774193548387
sf5,SF (5),2061.0,,results/paper_aaai2027/frozen/results/progress/paper_aspcr_dag_er_sf_e1_alpha001_n5000_50rep/sf5__aspcr_log_dag_dag.csv,,ASPCR-DAG,80.0,56.0,24.0,64.0,42.0,22.0,16.0,2.0,0.65625,0.75,0.7
sf5,SF (5),2062.0,,results/paper_aaai2027/frozen/results/progress/paper_aspcr_dag_er_sf_e1_alpha001_n5000_50rep/sf5__aspcr_log_dag_dag.csv,,ASPCR-DAG,80.0,46.0,34.0,76.0,44.0,32.0,4.0,2.0,0.5789473684210527,0.9565217391304348,0.721311475409836
sf5,SF (5),2063.0,,results/paper_aaai2027/frozen/results/progress/paper_aspcr_dag_er_sf_e1_alpha001_n5000_50rep/sf5__aspcr_log_dag_dag.csv,,ASPCR-DAG,80.0,58.0,22.0,60.0,42.0,18.0,20.0,4.0,0.7,0.7241379310344828,0.711864406779661
sf5,SF (5),2064.0,,results/paper_aaai2027/frozen/results/progress/paper_aspcr_dag_er_sf_e1_alpha001_n5000_50rep/sf5__aspcr_log_dag_dag.csv,,ASPCR-DAG,80.0,34.0,46.0,80.0,34.0,46.0,0.0,0.0,0.425,1.0,0.5964912280701754
sf5,SF (5),2065.0,,results/paper_aaai2027/frozen/results/progress/paper_aspcr_dag_er_sf_e1_alpha001_n5000_50rep/sf5__aspcr_log_dag_dag.csv,,ASPCR-DAG,80.0,40.0,40.0,76.0,36.0,40.0,4.0,0.0,0.4736842105263157,0.9,0.6206896551724138
sf5,SF (5),2066.0,,results/paper_aaai2027/frozen/results/progress/paper_aspcr_dag_er_sf_e1_alpha001_n5000_50rep/sf5__aspcr_log_dag_dag.csv,,ASPCR-DAG,80.0,52.0,28.0,70.0,52.0,18.0,10.0,10.0,0.7428571428571429,1.0,0.8524590163934427
sf5,SF (5),2067.0,,results/paper_aaai2027/frozen/results/progress/paper_aspcr_dag_er_sf_e1_alpha001_n5000_50rep/sf5__aspcr_log_dag_dag.csv,,ASPCR-DAG,80.0,63.0,17.0,63.0,63.0,0.0,17.0,17.0,1.0,1.0,1.0
sf5,SF (5),2068.0,,results/paper_aaai2027/frozen/results/progress/paper_aspcr_dag_er_sf_e1_alpha001_n5000_50rep/sf5__aspcr_log_dag_dag.csv,,ASPCR-DAG,80.0,49.0,31.0,68.0,41.0,27.0,12.0,4.0,0.6029411764705882,0.8367346938775511,0.7008547008547009
sf5,SF (5),2069.0,,results/paper_aaai2027/frozen/results/progress/paper_aspcr_dag_er_sf_e1_alpha001_n5000_50rep/sf5__aspcr_log_dag_dag.csv,,ASPCR-DAG,80.0,55.0,25.0,72.0,47.0,25.0,8.0,0.0,0.6527777777777778,0.8545454545454545,0.7401574803149606
sf5,SF (5),2070.0,,results/paper_aaai2027/frozen/results/progress/paper_aspcr_dag_er_sf_e1_alpha001_n5000_50rep/sf5__aspcr_log_dag_dag.csv,,ASPCR-DAG,80.0,52.0,28.0,72.0,44.0,28.0,8.0,0.0,0.6111111111111112,0.8461538461538461,0.7096774193548387
sf5,SF (5),2071.0,,results/paper_aaai2027/frozen/results/progress/paper_aspcr_dag_er_sf_e1_alpha001_n5000_50rep/sf5__aspcr_log_dag_dag.csv,,ASPCR-DAG,80.0,62.0,18.0,58.0,40.0,18.0,22.0,0.0,0.6896551724137931,0.6451612903225806,0.6666666666666667
sf5,SF (5),2072.0,,results/paper_aaai2027/frozen/results/progress/paper_aspcr_dag_er_sf_e1_alpha001_n5000_50rep/sf5__aspcr_log_dag_dag.csv,,ASPCR-DAG,80.0,58.0,22.0,68.0,50.0,18.0,12.0,4.0,0.7352941176470589,0.8620689655172413,0.7936507936507937
sf5,SF (5),2073.0,,results/paper_aaai2027/frozen/results/progress/paper_aspcr_dag_er_sf_e1_alpha001_n5000_50rep/sf5__aspcr_log_dag_dag.csv,,ASPCR-DAG,80.0,42.0,38.0,68.0,32.0,36.0,12.0,2.0,0.4705882352941176,0.7619047619047619,0.5818181818181817
sf5,SF (5),2074.0,,results/paper_aaai2027/frozen/results/progress/paper_aspcr_dag_er_sf_e1_alpha001_n5000_50rep/sf5__aspcr_log_dag_dag.csv,,ASPCR-DAG,80.0,52.0,28.0,72.0,44.0,28.0,8.0,0.0,0.6111111111111112,0.8461538461538461,0.7096774193548387
sf5,SF (5),2075.0,,results/paper_aaai2027/frozen/results/progress/paper_aspcr_dag_er_sf_e1_alpha001_n5000_50rep/sf5__aspcr_log_dag_dag.csv,,ASPCR-DAG,80.0,62.0,18.0,62.0,62.0,0.0,18.0,18.0,1.0,1.0,1.0
sf8,SF (8),2026.0,1.0,results/paper_aaai2027/frozen/results/final_mcs_experiments_er_sf_sparse_alpha001_noweight_50rep/wc_sweep_sf8_2026_sparse_alpha001_noweight_seed2026_2075_20260715_180034/summary.json,0.0,ABA-PC,292.0,279.0,13.0,239.0,238.0,1.0,53.0,12.0,0.99581589958159,0.8530465949820788,0.918918918918919
sf8,SF (8),2027.0,2.0,results/paper_aaai2027/frozen/results/final_mcs_experiments_er_sf_sparse_alpha001_noweight_50rep/wc_sweep_sf8_2026_sparse_alpha001_noweight_seed2026_2075_20260715_180034/summary.json,0.0,ABA-PC,142.0,118.0,24.0,97.0,89.0,8.0,45.0,16.0,0.9175257731958762,0.7542372881355932,0.827906976744186
sf8,SF (8),2028.0,3.0,results/paper_aaai2027/frozen/results/final_mcs_experiments_er_sf_sparse_alpha001_noweight_50rep/wc_sweep_sf8_2026_sparse_alpha001_noweight_seed2026_2075_20260715_180034/summary.json,0.0,ABA-PC,99.0,91.0,8.0,68.0,67.0,1.0,31.0,7.0,0.9852941176470589,0.7362637362637363,0.8427672955974843
sf8,SF (8),2029.0,4.0,results/paper_aaai2027/frozen/results/final_mcs_experiments_er_sf_sparse_alpha001_noweight_50rep/wc_sweep_sf8_2026_sparse_alpha001_noweight_seed2026_2075_20260715_180034/summary.json,0.0,ABA-PC,101.0,76.0,25.0,65.0,58.0,7.0,36.0,18.0,0.8923076923076924,0.7631578947368421,0.8226950354609929
sf8,SF (8),2030.0,5.0,results/paper_aaai2027/frozen/results/final_mcs_experiments_er_sf_sparse_alpha001_noweight_50rep/wc_sweep_sf8_2026_sparse_alpha001_noweight_seed2026_2075_20260715_180034/summary.json,0.0,ABA-PC,113.0,104.0,9.0,102.0,102.0,0.0,11.0,9.0,1.0,0.9807692307692307,0.9902912621359223
sf8,SF (8),2031.0,6.0,results/paper_aaai2027/frozen/results/final_mcs_experiments_er_sf_sparse_alpha001_noweight_50rep/wc_sweep_sf8_2026_sparse_alpha001_noweight_seed2026_2075_20260715_180034/summary.json,0.0,ABA-PC,93.0,86.0,7.0,58.0,58.0,0.0,35.0,7.0,1.0,0.6744186046511628,0.8055555555555556
sf8,SF (8),2032.0,7.0,results/paper_aaai2027/frozen/results/final_mcs_experiments_er_sf_sparse_alpha001_noweight_50rep/wc_sweep_sf8_2026_sparse_alpha001_noweight_seed2026_2075_20260715_180034/summary.json,0.0,ABA-PC,132.0,103.0,29.0,97.0,81.0,16.0,35.0,13.0,0.8350515463917526,0.7864077669902912,0.81
sf8,SF (8),2033.0,8.0,results/paper_aaai2027/frozen/results/final_mcs_experiments_er_sf_sparse_alpha001_noweight_50rep/wc_sweep_sf8_2026_sparse_alpha001_noweight_seed2026_2075_20260715_180034/summary.json,0.0,ABA-PC,100.0,86.0,14.0,54.0,53.0,1.0,46.0,13.0,0.9814814814814815,0.6162790697674418,0.7571428571428571
sf8,SF (8),2034.0,9.0,results/paper_aaai2027/frozen/results/final_mcs_experiments_er_sf_sparse_alpha001_noweight_50rep/wc_sweep_sf8_2026_sparse_alpha001_noweight_seed2026_2075_20260715_180034/summary.json,0.0,ABA-PC,66.0,61.0,5.0,61.0,60.0,1.0,5.0,4.0,0.9836065573770492,0.9836065573770492,0.9836065573770492
sf8,SF (8),2035.0,10.0,results/paper_aaai2027/frozen/results/final_mcs_experiments_er_sf_sparse_alpha001_noweight_50rep/wc_sweep_sf8_2026_sparse_alpha001_noweight_seed2026_2075_20260715_180034/summary.json,0.0,ABA-PC,122.0,100.0,22.0,72.0,66.0,6.0,50.0,16.0,0.9166666666666666,0.66,0.7674418604651163
sf8,SF (8),2036.0,11.0,results/paper_aaai2027/frozen/results/final_mcs_experiments_er_sf_sparse_alpha001_noweight_50rep/wc_sweep_sf8_2026_sparse_alpha001_noweight_seed2026_2075_20260715_180034/summary.json,0.0,ABA-PC,93.0,85.0,8.0,55.0,55.0,0.0,38.0,8.0,1.0,0.6470588235294118,0.7857142857142857
sf8,SF (8),2037.0,12.0,results/paper_aaai2027/frozen/results/final_mcs_experiments_er_sf_sparse_alpha001_noweight_50rep/wc_sweep_sf8_2026_sparse_alpha001_noweight_seed2026_2075_20260715_180034/summary.json,0.0,ABA-PC,89.0,82.0,7.0,70.0,70.0,0.0,19.0,7.0,1.0,0.8536585365853658,0.9210526315789473
sf8,SF (8),2038.0,13.0,results/paper_aaai2027/frozen/results/final_mcs_experiments_er_sf_sparse_alpha001_noweight_50rep/wc_sweep_sf8_2026_sparse_alpha001_noweight_seed2026_2075_20260715_180034/summary.json,0.0,ABA-PC,183.0,153.0,30.0,111.0,107.0,4.0,72.0,26.0,0.963963963963964,0.6993464052287581,0.8106060606060606
sf8,SF (8),2039.0,14.0,results/paper_aaai2027/frozen/results/final_mcs_experiments_er_sf_sparse_alpha001_noweight_50rep/wc_sweep_sf8_2026_sparse_alpha001_noweight_seed2026_2075_20260715_180034/summary.json,0.0,ABA-PC,136.0,113.0,23.0,75.0,72.0,3.0,61.0,20.0,0.96,0.6371681415929203,0.7659574468085106
sf8,SF (8),2040.0,15.0,results/paper_aaai2027/frozen/results/final_mcs_experiments_er_sf_sparse_alpha001_noweight_50rep/wc_sweep_sf8_2026_sparse_alpha001_noweight_seed2026_2075_20260715_180034/summary.json,0.0,ABA-PC,160.0,140.0,20.0,117.0,116.0,1.0,43.0,19.0,0.9914529914529915,0.8285714285714286,0.9027237354085603
sf8,SF (8),2041.0,16.0,results/paper_aaai2027/frozen/results/final_mcs_experiments_er_sf_sparse_alpha001_noweight_50rep/wc_sweep_sf8_2026_sparse_alpha001_noweight_seed2026_2075_20260715_180034/summary.json,0.0,ABA-PC,133.0,112.0,21.0,72.0,68.0,4.0,61.0,17.0,0.9444444444444444,0.6071428571428571,0.7391304347826086
sf8,SF (8),2042.0,17.0,results/paper_aaai2027/frozen/results/final_mcs_experiments_er_sf_sparse_alpha001_noweight_50rep/wc_sweep_sf8_2026_sparse_alpha001_noweight_seed2026_2075_20260715_180034/summary.json,0.0,ABA-PC,100.0,86.0,14.0,68.0,67.0,1.0,32.0,13.0,0.9852941176470589,0.7790697674418605,0.8701298701298701
sf8,SF (8),2043.0,18.0,results/paper_aaai2027/frozen/results/final_mcs_experiments_er_sf_sparse_alpha001_noweight_50rep/wc_sweep_sf8_2026_sparse_alpha001_noweight_seed2026_2075_20260715_180034/summary.json,0.0,ABA-PC,74.0,57.0,17.0,45.0,41.0,4.0,29.0,13.0,0.9111111111111111,0.7192982456140351,0.803921568627451
sf8,SF (8),2044.0,19.0,results/paper_aaai2027/frozen/results/final_mcs_experiments_er_sf_sparse_alpha001_noweight_50rep/wc_sweep_sf8_2026_sparse_alpha001_noweight_seed2026_2075_20260715_180034/summary.json,0.0,ABA-PC,132.0,119.0,13.0,81.0,79.0,2.0,51.0,11.0,0.9753086419753086,0.6638655462184874,0.79
sf8,SF (8),2045.0,20.0,results/paper_aaai2027/frozen/results/final_mcs_experiments_er_sf_sparse_alpha001_noweight_50rep/wc_sweep_sf8_2026_sparse_alpha001_noweight_seed2026_2075_20260715_180034/summary.json,0.0,ABA-PC,122.0,113.0,9.0,95.0,93.0,2.0,27.0,7.0,0.9789473684210527,0.8230088495575221,0.8942307692307693
sf8,SF (8),2046.0,21.0,results/paper_aaai2027/frozen/results/final_mcs_experiments_er_sf_sparse_alpha001_noweight_50rep/wc_sweep_sf8_2026_sparse_alpha001_noweight_seed2026_2075_20260715_180034/summary.json,0.0,ABA-PC,37.0,33.0,4.0,37.0,33.0,4.0,0.0,0.0,0.8918918918918919,1.0,0.9428571428571428
sf8,SF (8),2047.0,22.0,results/paper_aaai2027/frozen/results/final_mcs_experiments_er_sf_sparse_alpha001_noweight_50rep/wc_sweep_sf8_2026_sparse_alpha001_noweight_seed2026_2075_20260715_180034/summary.json,0.0,ABA-PC,183.0,151.0,32.0,101.0,99.0,2.0,82.0,30.0,0.9801980198019802,0.6556291390728477,0.7857142857142857
sf8,SF (8),2048.0,23.0,results/paper_aaai2027/frozen/results/final_mcs_experiments_er_sf_sparse_alpha001_noweight_50rep/wc_sweep_sf8_2026_sparse_alpha001_noweight_seed2026_2075_20260715_180034/summary.json,0.0,ABA-PC,103.0,85.0,18.0,60.0,54.0,6.0,43.0,12.0,0.9,0.6352941176470588,0.7448275862068966
sf8,SF (8),2049.0,24.0,results/paper_aaai2027/frozen/results/final_mcs_experiments_er_sf_sparse_alpha001_noweight_50rep/wc_sweep_sf8_2026_sparse_alpha001_noweight_seed2026_2075_20260715_180034/summary.json,0.0,ABA-PC,143.0,133.0,10.0,117.0,115.0,2.0,26.0,8.0,0.9829059829059829,0.8646616541353384,0.92
sf8,SF (8),2050.0,25.0,results/paper_aaai2027/frozen/results/final_mcs_experiments_er_sf_sparse_alpha001_noweight_50rep/wc_sweep_sf8_2026_sparse_alpha001_noweight_seed2026_2075_20260715_180034/summary.json,0.0,ABA-PC,106.0,76.0,30.0,54.0,51.0,3.0,52.0,27.0,0.9444444444444444,0.6710526315789473,0.7846153846153846
sf8,SF (8),2051.0,26.0,results/paper_aaai2027/frozen/results/final_mcs_experiments_er_sf_sparse_alpha001_noweight_50rep/wc_sweep_sf8_2026_sparse_alpha001_noweight_seed2026_2075_20260715_180034/summary.json,0.0,ABA-PC,39.0,33.0,6.0,28.0,27.0,1.0,11.0,5.0,0.9642857142857143,0.8181818181818182,0.8852459016393442
sf8,SF (8),2052.0,27.0,results/paper_aaai2027/frozen/results/final_mcs_experiments_er_sf_sparse_alpha001_noweight_50rep/wc_sweep_sf8_2026_sparse_alpha001_noweight_seed2026_2075_20260715_180034/summary.json,0.0,ABA-PC,123.0,105.0,18.0,77.0,74.0,3.0,46.0,15.0,0.961038961038961,0.7047619047619048,0.8131868131868132
sf8,SF (8),2053.0,28.0,results/paper_aaai2027/frozen/results/final_mcs_experiments_er_sf_sparse_alpha001_noweight_50rep/wc_sweep_sf8_2026_sparse_alpha001_noweight_seed2026_2075_20260715_180034/summary.json,0.0,ABA-PC,105.0,95.0,10.0,71.0,70.0,1.0,34.0,9.0,0.9859154929577465,0.7368421052631579,0.8433734939759037
sf8,SF (8),2054.0,29.0,results/paper_aaai2027/frozen/results/final_mcs_experiments_er_sf_sparse_alpha001_noweight_50rep/wc_sweep_sf8_2026_sparse_alpha001_noweight_seed2026_2075_20260715_180034/summary.json,0.0,ABA-PC,196.0,165.0,31.0,122.0,119.0,3.0,74.0,28.0,0.9754098360655737,0.7212121212121212,0.8292682926829268
sf8,SF (8),2055.0,30.0,results/paper_aaai2027/frozen/results/final_mcs_experiments_er_sf_sparse_alpha001_noweight_50rep/wc_sweep_sf8_2026_sparse_alpha001_noweight_seed2026_2075_20260715_180034/summary.json,0.0,ABA-PC,31.0,26.0,5.0,31.0,26.0,5.0,0.0,0.0,0.8387096774193549,1.0,0.9122807017543859
sf8,SF (8),2056.0,31.0,results/paper_aaai2027/frozen/results/final_mcs_experiments_er_sf_sparse_alpha001_noweight_50rep/wc_sweep_sf8_2026_sparse_alpha001_noweight_seed2026_2075_20260715_180034/summary.json,0.0,ABA-PC,133.0,116.0,17.0,82.0,79.0,3.0,51.0,14.0,0.9634146341463414,0.6810344827586207,0.797979797979798
sf8,SF (8),2057.0,32.0,results/paper_aaai2027/frozen/results/final_mcs_experiments_er_sf_sparse_alpha001_noweight_50rep/wc_sweep_sf8_2026_sparse_alpha001_noweight_seed2026_2075_20260715_180034/summary.json,0.0,ABA-PC,121.0,96.0,25.0,67.0,62.0,5.0,54.0,20.0,0.9253731343283582,0.6458333333333334,0.7607361963190185
sf8,SF (8),2058.0,33.0,results/paper_aaai2027/frozen/results/final_mcs_experiments_er_sf_sparse_alpha001_noweight_50rep/wc_sweep_sf8_2026_sparse_alpha001_noweight_seed2026_2075_20260715_180034/summary.json,0.0,ABA-PC,105.0,86.0,19.0,59.0,58.0,1.0,46.0,18.0,0.9830508474576272,0.6744186046511628,0.8
sf8,SF (8),2059.0,34.0,results/paper_aaai2027/frozen/results/final_mcs_experiments_er_sf_sparse_alpha001_noweight_50rep/wc_sweep_sf8_2026_sparse_alpha001_noweight_seed2026_2075_20260715_180034/summary.json,0.0,ABA-PC,36.0,30.0,6.0,27.0,24.0,3.0,9.0,3.0,0.8888888888888888,0.8,0.8421052631578947
sf8,SF (8),2060.0,35.0,results/paper_aaai2027/frozen/results/final_mcs_experiments_er_sf_sparse_alpha001_noweight_50rep/wc_sweep_sf8_2026_sparse_alpha001_noweight_seed2026_2075_20260715_180034/summary.json,0.0,ABA-PC,183.0,158.0,25.0,130.0,130.0,0.0,53.0,25.0,1.0,0.8227848101265823,0.9027777777777778
sf8,SF (8),2061.0,36.0,results/paper_aaai2027/frozen/results/final_mcs_experiments_er_sf_sparse_alpha001_noweight_50rep/wc_sweep_sf8_2026_sparse_alpha001_noweight_seed2026_2075_20260715_180034/summary.json,0.0,ABA-PC,183.0,164.0,19.0,131.0,128.0,3.0,52.0,16.0,0.9770992366412213,0.7804878048780488,0.8677966101694915
sf8,SF (8),2062.0,37.0,results/paper_aaai2027/frozen/results/final_mcs_experiments_er_sf_sparse_alpha001_noweight_50rep/wc_sweep_sf8_2026_sparse_alpha001_noweight_seed2026_2075_20260715_180034/summary.json,0.0,ABA-PC,121.0,98.0,23.0,62.0,62.0,0.0,59.0,23.0,1.0,0.6326530612244898,0.775
sf8,SF (8),2063.0,38.0,results/paper_aaai2027/frozen/results/final_mcs_experiments_er_sf_sparse_alpha001_noweight_50rep/wc_sweep_sf8_2026_sparse_alpha001_noweight_seed2026_2075_20260715_180034/summary.json,0.0,ABA-PC,109.0,89.0,20.0,61.0,59.0,2.0,48.0,18.0,0.9672131147540983,0.6629213483146067,0.7866666666666666
sf8,SF (8),2064.0,39.0,results/paper_aaai2027/frozen/results/final_mcs_experiments_er_sf_sparse_alpha001_noweight_50rep/wc_sweep_sf8_2026_sparse_alpha001_noweight_seed2026_2075_20260715_180034/summary.json,0.0,ABA-PC,43.0,35.0,8.0,31.0,26.0,5.0,12.0,3.0,0.8387096774193549,0.7428571428571429,0.7878787878787878
sf8,SF (8),2065.0,40.0,results/paper_aaai2027/frozen/results/final_mcs_experiments_er_sf_sparse_alpha001_noweight_50rep/wc_sweep_sf8_2026_sparse_alpha001_noweight_seed2026_2075_20260715_180034/summary.json,0.0,ABA-PC,143.0,133.0,10.0,113.0,113.0,0.0,30.0,10.0,1.0,0.849624060150376,0.9186991869918699
sf8,SF (8),2066.0,41.0,results/paper_aaai2027/frozen/results/final_mcs_experiments_er_sf_sparse_alpha001_noweight_50rep/wc_sweep_sf8_2026_sparse_alpha001_noweight_seed2026_2075_20260715_180034/summary.json,0.0,ABA-PC,115.0,109.0,6.0,100.0,100.0,0.0,15.0,6.0,1.0,0.9174311926605505,0.9569377990430622
sf8,SF (8),2067.0,42.0,results/paper_aaai2027/frozen/results/final_mcs_experiments_er_sf_sparse_alpha001_noweight_50rep/wc_sweep_sf8_2026_sparse_alpha001_noweight_seed2026_2075_20260715_180034/summary.json,0.0,ABA-PC,105.0,99.0,6.0,78.0,75.0,3.0,27.0,3.0,0.9615384615384616,0.7575757575757576,0.847457627118644
sf8,SF (8),2068.0,43.0,results/paper_aaai2027/frozen/results/final_mcs_experiments_er_sf_sparse_alpha001_noweight_50rep/wc_sweep_sf8_2026_sparse_alpha001_noweight_seed2026_2075_20260715_180034/summary.json,0.0,ABA-PC,51.0,38.0,13.0,31.0,30.0,1.0,20.0,12.0,0.967741935483871,0.7894736842105263,0.8695652173913043
sf8,SF (8),2069.0,44.0,results/paper_aaai2027/frozen/results/final_mcs_experiments_er_sf_sparse_alpha001_noweight_50rep/wc_sweep_sf8_2026_sparse_alpha001_noweight_seed2026_2075_20260715_180034/summary.json,0.0,ABA-PC,51.0,46.0,5.0,40.0,37.0,3.0,11.0,2.0,0.925,0.8043478260869565,0.8604651162790697
sf8,SF (8),2070.0,45.0,results/paper_aaai2027/frozen/results/final_mcs_experiments_er_sf_sparse_alpha001_noweight_50rep/wc_sweep_sf8_2026_sparse_alpha001_noweight_seed2026_2075_20260715_180034/summary.json,0.0,ABA-PC,111.0,96.0,15.0,73.0,70.0,3.0,38.0,12.0,0.958904109589041,0.7291666666666666,0.8284023668639053
sf8,SF (8),2071.0,46.0,results/paper_aaai2027/frozen/results/final_mcs_experiments_er_sf_sparse_alpha001_noweight_50rep/wc_sweep_sf8_2026_sparse_alpha001_noweight_seed2026_2075_20260715_180034/summary.json,0.0,ABA-PC,61.0,50.0,11.0,34.0,33.0,1.0,27.0,10.0,0.9705882352941176,0.66,0.7857142857142857
sf8,SF (8),2072.0,47.0,results/paper_aaai2027/frozen/results/final_mcs_experiments_er_sf_sparse_alpha001_noweight_50rep/wc_sweep_sf8_2026_sparse_alpha001_noweight_seed2026_2075_20260715_180034/summary.json,0.0,ABA-PC,57.0,46.0,11.0,36.0,35.0,1.0,21.0,10.0,0.9722222222222222,0.7608695652173914,0.8536585365853658
sf8,SF (8),2073.0,48.0,results/paper_aaai2027/frozen/results/final_mcs_experiments_er_sf_sparse_alpha001_noweight_50rep/wc_sweep_sf8_2026_sparse_alpha001_noweight_seed2026_2075_20260715_180034/summary.json,0.0,ABA-PC,55.0,47.0,8.0,36.0,33.0,3.0,19.0,5.0,0.9166666666666666,0.7021276595744681,0.7951807228915663
sf8,SF (8),2074.0,49.0,results/paper_aaai2027/frozen/results/final_mcs_experiments_er_sf_sparse_alpha001_noweight_50rep/wc_sweep_sf8_2026_sparse_alpha001_noweight_seed2026_2075_20260715_180034/summary.json,0.0,ABA-PC,172.0,148.0,24.0,82.0,82.0,0.0,90.0,24.0,1.0,0.5540540540540541,0.7130434782608696
sf8,SF (8),2075.0,50.0,results/paper_aaai2027/frozen/results/final_mcs_experiments_er_sf_sparse_alpha001_noweight_50rep/wc_sweep_sf8_2026_sparse_alpha001_noweight_seed2026_2075_20260715_180034/summary.json,0.0,ABA-PC,87.0,81.0,6.0,63.0,63.0,0.0,24.0,6.0,1.0,0.7777777777777778,0.875
sf8,SF (8),2026.0,1.0,results/paper_aaai2027/frozen/results/final_mcs_experiments_er_sf_sparse_alpha001_noweight_50rep/wc_sweep_sf8_2026_sparse_alpha001_noweight_seed2026_2075_20260715_180034/summary.json,0.0,OptABA-PC,292.0,279.0,13.0,279.0,278.0,1.0,13.0,12.0,0.996415770609319,0.996415770609319,0.996415770609319
sf8,SF (8),2027.0,2.0,results/paper_aaai2027/frozen/results/final_mcs_experiments_er_sf_sparse_alpha001_noweight_50rep/wc_sweep_sf8_2026_sparse_alpha001_noweight_seed2026_2075_20260715_180034/summary.json,0.0,OptABA-PC,142.0,118.0,24.0,130.0,111.0,19.0,12.0,5.0,0.8538461538461538,0.940677966101695,0.8951612903225806
sf8,SF (8),2028.0,3.0,results/paper_aaai2027/frozen/results/final_mcs_experiments_er_sf_sparse_alpha001_noweight_50rep/wc_sweep_sf8_2026_sparse_alpha001_noweight_seed2026_2075_20260715_180034/summary.json,0.0,OptABA-PC,99.0,91.0,8.0,92.0,91.0,1.0,7.0,7.0,0.9891304347826086,1.0,0.994535519125683
sf8,SF (8),2029.0,4.0,results/paper_aaai2027/frozen/results/final_mcs_experiments_er_sf_sparse_alpha001_noweight_50rep/wc_sweep_sf8_2026_sparse_alpha001_noweight_seed2026_2075_20260715_180034/summary.json,0.0,OptABA-PC,101.0,76.0,25.0,87.0,74.0,13.0,14.0,12.0,0.8505747126436781,0.9736842105263158,0.9079754601226994
sf8,SF (8),2030.0,5.0,results/paper_aaai2027/frozen/results/final_mcs_experiments_er_sf_sparse_alpha001_noweight_50rep/wc_sweep_sf8_2026_sparse_alpha001_noweight_seed2026_2075_20260715_180034/summary.json,0.0,OptABA-PC,113.0,104.0,9.0,108.0,103.0,5.0,5.0,4.0,0.9537037037037037,0.9903846153846154,0.9716981132075472
sf8,SF (8),2031.0,6.0,results/paper_aaai2027/frozen/results/final_mcs_experiments_er_sf_sparse_alpha001_noweight_50rep/wc_sweep_sf8_2026_sparse_alpha001_noweight_seed2026_2075_20260715_180034/summary.json,0.0,OptABA-PC,93.0,86.0,7.0,87.0,84.0,3.0,6.0,4.0,0.9655172413793104,0.9767441860465116,0.9710982658959537
sf8,SF (8),2032.0,7.0,results/paper_aaai2027/frozen/results/final_mcs_experiments_er_sf_sparse_alpha001_noweight_50rep/wc_sweep_sf8_2026_sparse_alpha001_noweight_seed2026_2075_20260715_180034/summary.json,0.0,OptABA-PC,132.0,103.0,29.0,123.0,101.0,22.0,9.0,7.0,0.8211382113821138,0.9805825242718447,0.8938053097345132
sf8,SF (8),2033.0,8.0,results/paper_aaai2027/frozen/results/final_mcs_experiments_er_sf_sparse_alpha001_noweight_50rep/wc_sweep_sf8_2026_sparse_alpha001_noweight_seed2026_2075_20260715_180034/summary.json,0.0,OptABA-PC,100.0,86.0,14.0,93.0,84.0,9.0,7.0,5.0,0.9032258064516129,0.9767441860465116,0.9385474860335196
sf8,SF (8),2034.0,9.0,results/paper_aaai2027/frozen/results/final_mcs_experiments_er_sf_sparse_alpha001_noweight_50rep/wc_sweep_sf8_2026_sparse_alpha001_noweight_seed2026_2075_20260715_180034/summary.json,0.0,OptABA-PC,66.0,61.0,5.0,63.0,61.0,2.0,3.0,3.0,0.9682539682539683,1.0,0.9838709677419355
sf8,SF (8),2035.0,10.0,results/paper_aaai2027/frozen/results/final_mcs_experiments_er_sf_sparse_alpha001_noweight_50rep/wc_sweep_sf8_2026_sparse_alpha001_noweight_seed2026_2075_20260715_180034/summary.json,0.0,OptABA-PC,122.0,100.0,22.0,100.0,78.0,22.0,22.0,0.0,0.78,0.78,0.78
sf8,SF (8),2036.0,11.0,results/paper_aaai2027/frozen/results/final_mcs_experiments_er_sf_sparse_alpha001_noweight_50rep/wc_sweep_sf8_2026_sparse_alpha001_noweight_seed2026_2075_20260715_180034/summary.json,0.0,OptABA-PC,93.0,85.0,8.0,86.0,79.0,7.0,7.0,1.0,0.9186046511627907,0.9294117647058824,0.9239766081871345
sf8,SF (8),2037.0,12.0,results/paper_aaai2027/frozen/results/final_mcs_experiments_er_sf_sparse_alpha001_noweight_50rep/wc_sweep_sf8_2026_sparse_alpha001_noweight_seed2026_2075_20260715_180034/summary.json,0.0,OptABA-PC,89.0,82.0,7.0,83.0,82.0,1.0,6.0,6.0,0.9879518072289156,1.0,0.9939393939393939
sf8,SF (8),2038.0,13.0,results/paper_aaai2027/frozen/results/final_mcs_experiments_er_sf_sparse_alpha001_noweight_50rep/wc_sweep_sf8_2026_sparse_alpha001_noweight_seed2026_2075_20260715_180034/summary.json,0.0,OptABA-PC,183.0,153.0,30.0,175.0,147.0,28.0,8.0,2.0,0.84,0.9607843137254902,0.8963414634146342
sf8,SF (8),2039.0,14.0,results/paper_aaai2027/frozen/results/final_mcs_experiments_er_sf_sparse_alpha001_noweight_50rep/wc_sweep_sf8_2026_sparse_alpha001_noweight_seed2026_2075_20260715_180034/summary.json,0.0,OptABA-PC,136.0,113.0,23.0,117.0,105.0,12.0,19.0,11.0,0.8974358974358975,0.9292035398230089,0.9130434782608695
sf8,SF (8),2040.0,15.0,results/paper_aaai2027/frozen/results/final_mcs_experiments_er_sf_sparse_alpha001_noweight_50rep/wc_sweep_sf8_2026_sparse_alpha001_noweight_seed2026_2075_20260715_180034/summary.json,0.0,OptABA-PC,160.0,140.0,20.0,153.0,137.0,16.0,7.0,4.0,0.8954248366013072,0.9785714285714285,0.9351535836177475
sf8,SF (8),2041.0,16.0,results/paper_aaai2027/frozen/results/final_mcs_experiments_er_sf_sparse_alpha001_noweight_50rep/wc_sweep_sf8_2026_sparse_alpha001_noweight_seed2026_2075_20260715_180034/summary.json,0.0,OptABA-PC,133.0,112.0,21.0,115.0,103.0,12.0,18.0,9.0,0.8956521739130435,0.9196428571428571,0.9074889867841409
sf8,SF (8),2042.0,17.0,results/paper_aaai2027/frozen/results/final_mcs_experiments_er_sf_sparse_alpha001_noweight_50rep/wc_sweep_sf8_2026_sparse_alpha001_noweight_seed2026_2075_20260715_180034/summary.json,0.0,OptABA-PC,100.0,86.0,14.0,93.0,84.0,9.0,7.0,5.0,0.9032258064516129,0.9767441860465116,0.9385474860335196
sf8,SF (8),2043.0,18.0,results/paper_aaai2027/frozen/results/final_mcs_experiments_er_sf_sparse_alpha001_noweight_50rep/wc_sweep_sf8_2026_sparse_alpha001_noweight_seed2026_2075_20260715_180034/summary.json,0.0,OptABA-PC,74.0,57.0,17.0,63.0,50.0,13.0,11.0,4.0,0.7936507936507936,0.8771929824561403,0.8333333333333334
sf8,SF (8),2044.0,19.0,results/paper_aaai2027/frozen/results/final_mcs_experiments_er_sf_sparse_alpha001_noweight_50rep/wc_sweep_sf8_2026_sparse_alpha001_noweight_seed2026_2075_20260715_180034/summary.json,0.0,OptABA-PC,132.0,119.0,13.0,119.0,116.0,3.0,13.0,10.0,0.9747899159663865,0.9747899159663865,0.9747899159663865
sf8,SF (8),2045.0,20.0,results/paper_aaai2027/frozen/results/final_mcs_experiments_er_sf_sparse_alpha001_noweight_50rep/wc_sweep_sf8_2026_sparse_alpha001_noweight_seed2026_2075_20260715_180034/summary.json,0.0,OptABA-PC,122.0,113.0,9.0,113.0,110.0,3.0,9.0,6.0,0.9734513274336283,0.9734513274336283,0.9734513274336283
sf8,SF (8),2046.0,21.0,results/paper_aaai2027/frozen/results/final_mcs_experiments_er_sf_sparse_alpha001_noweight_50rep/wc_sweep_sf8_2026_sparse_alpha001_noweight_seed2026_2075_20260715_180034/summary.json,0.0,OptABA-PC,37.0,33.0,4.0,37.0,33.0,4.0,0.0,0.0,0.8918918918918919,1.0,0.9428571428571428
sf8,SF (8),2047.0,22.0,results/paper_aaai2027/frozen/results/final_mcs_experiments_er_sf_sparse_alpha001_noweight_50rep/wc_sweep_sf8_2026_sparse_alpha001_noweight_seed2026_2075_20260715_180034/summary.json,0.0,OptABA-PC,183.0,151.0,32.0,173.0,145.0,28.0,10.0,4.0,0.838150289017341,0.9602649006622517,0.8950617283950617
sf8,SF (8),2048.0,23.0,results/paper_aaai2027/frozen/results/final_mcs_experiments_er_sf_sparse_alpha001_noweight_50rep/wc_sweep_sf8_2026_sparse_alpha001_noweight_seed2026_2075_20260715_180034/summary.json,0.0,OptABA-PC,103.0,85.0,18.0,86.0,74.0,12.0,17.0,6.0,0.8604651162790697,0.8705882352941177,0.8654970760233918
sf8,SF (8),2049.0,24.0,results/paper_aaai2027/frozen/results/final_mcs_experiments_er_sf_sparse_alpha001_noweight_50rep/wc_sweep_sf8_2026_sparse_alpha001_noweight_seed2026_2075_20260715_180034/summary.json,0.0,OptABA-PC,143.0,133.0,10.0,135.0,133.0,2.0,8.0,8.0,0.9851851851851852,1.0,0.9925373134328358
sf8,SF (8),2050.0,25.0,results/paper_aaai2027/frozen/results/final_mcs_experiments_er_sf_sparse_alpha001_noweight_50rep/wc_sweep_sf8_2026_sparse_alpha001_noweight_seed2026_2075_20260715_180034/summary.json,0.0,OptABA-PC,106.0,76.0,30.0,91.0,71.0,20.0,15.0,10.0,0.7802197802197802,0.9342105263157895,0.8502994011976048
sf8,SF (8),2051.0,26.0,results/paper_aaai2027/frozen/results/final_mcs_experiments_er_sf_sparse_alpha001_noweight_50rep/wc_sweep_sf8_2026_sparse_alpha001_noweight_seed2026_2075_20260715_180034/summary.json,0.0,OptABA-PC,39.0,33.0,6.0,37.0,32.0,5.0,2.0,1.0,0.8648648648648649,0.9696969696969697,0.9142857142857143
sf8,SF (8),2052.0,27.0,results/paper_aaai2027/frozen/results/final_mcs_experiments_er_sf_sparse_alpha001_noweight_50rep/wc_sweep_sf8_2026_sparse_alpha001_noweight_seed2026_2075_20260715_180034/summary.json,0.0,OptABA-PC,123.0,105.0,18.0,110.0,103.0,7.0,13.0,11.0,0.9363636363636364,0.9809523809523809,0.958139534883721
sf8,SF (8),2053.0,28.0,results/paper_aaai2027/frozen/results/final_mcs_experiments_er_sf_sparse_alpha001_noweight_50rep/wc_sweep_sf8_2026_sparse_alpha001_noweight_seed2026_2075_20260715_180034/summary.json,0.0,OptABA-PC,105.0,95.0,10.0,95.0,94.0,1.0,10.0,9.0,0.9894736842105263,0.9894736842105263,0.9894736842105263
sf8,SF (8),2054.0,29.0,results/paper_aaai2027/frozen/results/final_mcs_experiments_er_sf_sparse_alpha001_noweight_50rep/wc_sweep_sf8_2026_sparse_alpha001_noweight_seed2026_2075_20260715_180034/summary.json,0.0,OptABA-PC,196.0,165.0,31.0,176.0,162.0,14.0,20.0,17.0,0.9204545454545454,0.9818181818181818,0.9501466275659824
sf8,SF (8),2055.0,30.0,results/paper_aaai2027/frozen/results/final_mcs_experiments_er_sf_sparse_alpha001_noweight_50rep/wc_sweep_sf8_2026_sparse_alpha001_noweight_seed2026_2075_20260715_180034/summary.json,0.0,OptABA-PC,31.0,26.0,5.0,31.0,26.0,5.0,0.0,0.0,0.8387096774193549,1.0,0.9122807017543859
sf8,SF (8),2056.0,31.0,results/paper_aaai2027/frozen/results/final_mcs_experiments_er_sf_sparse_alpha001_noweight_50rep/wc_sweep_sf8_2026_sparse_alpha001_noweight_seed2026_2075_20260715_180034/summary.json,0.0,OptABA-PC,133.0,116.0,17.0,121.0,107.0,14.0,12.0,3.0,0.8842975206611571,0.9224137931034483,0.9029535864978903
sf8,SF (8),2057.0,32.0,results/paper_aaai2027/frozen/results/final_mcs_experiments_er_sf_sparse_alpha001_noweight_50rep/wc_sweep_sf8_2026_sparse_alpha001_noweight_seed2026_2075_20260715_180034/summary.json,0.0,OptABA-PC,121.0,96.0,25.0,104.0,87.0,17.0,17.0,8.0,0.8365384615384616,0.90625,0.87
sf8,SF (8),2058.0,33.0,results/paper_aaai2027/frozen/results/final_mcs_experiments_er_sf_sparse_alpha001_noweight_50rep/wc_sweep_sf8_2026_sparse_alpha001_noweight_seed2026_2075_20260715_180034/summary.json,0.0,OptABA-PC,105.0,86.0,19.0,97.0,82.0,15.0,8.0,4.0,0.845360824742268,0.9534883720930233,0.8961748633879781
sf8,SF (8),2059.0,34.0,results/paper_aaai2027/frozen/results/final_mcs_experiments_er_sf_sparse_alpha001_noweight_50rep/wc_sweep_sf8_2026_sparse_alpha001_noweight_seed2026_2075_20260715_180034/summary.json,0.0,OptABA-PC,36.0,30.0,6.0,34.0,29.0,5.0,2.0,1.0,0.8529411764705882,0.9666666666666667,0.90625
sf8,SF (8),2060.0,35.0,results/paper_aaai2027/frozen/results/final_mcs_experiments_er_sf_sparse_alpha001_noweight_50rep/wc_sweep_sf8_2026_sparse_alpha001_noweight_seed2026_2075_20260715_180034/summary.json,0.0,OptABA-PC,183.0,158.0,25.0,169.0,155.0,14.0,14.0,11.0,0.9171597633136095,0.9810126582278481,0.9480122324159022
sf8,SF (8),2061.0,36.0,results/paper_aaai2027/frozen/results/final_mcs_experiments_er_sf_sparse_alpha001_noweight_50rep/wc_sweep_sf8_2026_sparse_alpha001_noweight_seed2026_2075_20260715_180034/summary.json,0.0,OptABA-PC,183.0,164.0,19.0,164.0,164.0,0.0,19.0,19.0,1.0,1.0,1.0
sf8,SF (8),2062.0,37.0,results/paper_aaai2027/frozen/results/final_mcs_experiments_er_sf_sparse_alpha001_noweight_50rep/wc_sweep_sf8_2026_sparse_alpha001_noweight_seed2026_2075_20260715_180034/summary.json,0.0,OptABA-PC,121.0,98.0,23.0,107.0,90.0,17.0,14.0,6.0,0.8411214953271028,0.9183673469387755,0.8780487804878049
sf8,SF (8),2063.0,38.0,results/paper_aaai2027/frozen/results/final_mcs_experiments_er_sf_sparse_alpha001_noweight_50rep/wc_sweep_sf8_2026_sparse_alpha001_noweight_seed2026_2075_20260715_180034/summary.json,0.0,OptABA-PC,109.0,89.0,20.0,97.0,85.0,12.0,12.0,8.0,0.8762886597938144,0.9550561797752809,0.9139784946236559
sf8,SF (8),2064.0,39.0,results/paper_aaai2027/frozen/results/final_mcs_experiments_er_sf_sparse_alpha001_noweight_50rep/wc_sweep_sf8_2026_sparse_alpha001_noweight_seed2026_2075_20260715_180034/summary.json,0.0,OptABA-PC,43.0,35.0,8.0,39.0,33.0,6.0,4.0,2.0,0.8461538461538461,0.9428571428571428,0.8918918918918919
sf8,SF (8),2065.0,40.0,results/paper_aaai2027/frozen/results/final_mcs_experiments_er_sf_sparse_alpha001_noweight_50rep/wc_sweep_sf8_2026_sparse_alpha001_noweight_seed2026_2075_20260715_180034/summary.json,0.0,OptABA-PC,143.0,133.0,10.0,134.0,133.0,1.0,9.0,9.0,0.9925373134328358,1.0,0.9962546816479401
sf8,SF (8),2066.0,41.0,results/paper_aaai2027/frozen/results/final_mcs_experiments_er_sf_sparse_alpha001_noweight_50rep/wc_sweep_sf8_2026_sparse_alpha001_noweight_seed2026_2075_20260715_180034/summary.json,0.0,OptABA-PC,115.0,109.0,6.0,109.0,109.0,0.0,6.0,6.0,1.0,1.0,1.0
sf8,SF (8),2067.0,42.0,results/paper_aaai2027/frozen/results/final_mcs_experiments_er_sf_sparse_alpha001_noweight_50rep/wc_sweep_sf8_2026_sparse_alpha001_noweight_seed2026_2075_20260715_180034/summary.json,0.0,OptABA-PC,105.0,99.0,6.0,101.0,98.0,3.0,4.0,3.0,0.9702970297029703,0.98989898989899,0.98
sf8,SF (8),2068.0,43.0,results/paper_aaai2027/frozen/results/final_mcs_experiments_er_sf_sparse_alpha001_noweight_50rep/wc_sweep_sf8_2026_sparse_alpha001_noweight_seed2026_2075_20260715_180034/summary.json,0.0,OptABA-PC,51.0,38.0,13.0,44.0,36.0,8.0,7.0,5.0,0.8181818181818182,0.9473684210526315,0.8780487804878049
sf8,SF (8),2069.0,44.0,results/paper_aaai2027/frozen/results/final_mcs_experiments_er_sf_sparse_alpha001_noweight_50rep/wc_sweep_sf8_2026_sparse_alpha001_noweight_seed2026_2075_20260715_180034/summary.json,0.0,OptABA-PC,51.0,46.0,5.0,48.0,46.0,2.0,3.0,3.0,0.9583333333333334,1.0,0.9787234042553191
sf8,SF (8),2070.0,45.0,results/paper_aaai2027/frozen/results/final_mcs_experiments_er_sf_sparse_alpha001_noweight_50rep/wc_sweep_sf8_2026_sparse_alpha001_noweight_seed2026_2075_20260715_180034/summary.json,0.0,OptABA-PC,111.0,96.0,15.0,103.0,94.0,9.0,8.0,6.0,0.912621359223301,0.9791666666666666,0.9447236180904522
sf8,SF (8),2071.0,46.0,results/paper_aaai2027/frozen/results/final_mcs_experiments_er_sf_sparse_alpha001_noweight_50rep/wc_sweep_sf8_2026_sparse_alpha001_noweight_seed2026_2075_20260715_180034/summary.json,0.0,OptABA-PC,61.0,50.0,11.0,55.0,45.0,10.0,6.0,1.0,0.8181818181818182,0.9,0.8571428571428571
sf8,SF (8),2072.0,47.0,results/paper_aaai2027/frozen/results/final_mcs_experiments_er_sf_sparse_alpha001_noweight_50rep/wc_sweep_sf8_2026_sparse_alpha001_noweight_seed2026_2075_20260715_180034/summary.json,0.0,OptABA-PC,57.0,46.0,11.0,51.0,43.0,8.0,6.0,3.0,0.8431372549019608,0.9347826086956522,0.8865979381443299
sf8,SF (8),2073.0,48.0,results/paper_aaai2027/frozen/results/final_mcs_experiments_er_sf_sparse_alpha001_noweight_50rep/wc_sweep_sf8_2026_sparse_alpha001_noweight_seed2026_2075_20260715_180034/summary.json,0.0,OptABA-PC,55.0,47.0,8.0,50.0,46.0,4.0,5.0,4.0,0.92,0.9787234042553191,0.9484536082474226
sf8,SF (8),2074.0,49.0,results/paper_aaai2027/frozen/results/final_mcs_experiments_er_sf_sparse_alpha001_noweight_50rep/wc_sweep_sf8_2026_sparse_alpha001_noweight_seed2026_2075_20260715_180034/summary.json,0.0,OptABA-PC,172.0,148.0,24.0,153.0,146.0,7.0,19.0,17.0,0.954248366013072,0.9864864864864865,0.9700996677740864
sf8,SF (8),2075.0,50.0,results/paper_aaai2027/frozen/results/final_mcs_experiments_er_sf_sparse_alpha001_noweight_50rep/wc_sweep_sf8_2026_sparse_alpha001_noweight_seed2026_2075_20260715_180034/summary.json,0.0,OptABA-PC,87.0,81.0,6.0,82.0,81.0,1.0,5.0,5.0,0.9878048780487805,1.0,0.9938650306748467
