dataset,dataset_label,method,rep,rep_local,seed,cpdag_shd,cpdag_f1,dag_shd,dag_f1,cpdag_shd_avg,cpdag_shd_best,cpdag_shd_worst,cpdag_f1_avg,cpdag_f1_best,cpdag_f1_worst,dag_shd_avg,dag_shd_best,dag_shd_worst,dag_f1_avg,dag_f1_best,dag_f1_worst,n_cpdags_compat,n_dags_compat,adjacency_f1_avg,adjacency_f1_best,adjacency_f1_worst,arrowhead_f1_avg,arrowhead_f1_best,arrowhead_f1_worst,cpdag_adjacency_f1_avg,cpdag_adjacency_f1_best,cpdag_adjacency_f1_worst,cpdag_arrowhead_f1_avg,cpdag_arrowhead_f1_best,cpdag_arrowhead_f1_worst,true_cpdag_in_compat,true_dag_in_compat,time_sec,pct_wrong_facts,source,raw_graph_path,aspcr_constraints_path,source_version,endpoint_valid,endpoint_invalid_reason,n_cpdags_returned,n_dags_returned,aspcr_status,compatibility_basis
cancer,Cancer (5),ABA-PC,1,1.0,2026.0,2.0,0.5714,2.0,0.5714408159766863,2.0,2.0,2.0,0.5714,0.5714,0.5714,2.0,2.0,2.0,0.5714408159766863,0.5714408159766863,0.5714408159766863,1.0,1.0,0.8571428571428571,0.8571428571428571,0.8571428571428571,0.5714285714285715,0.5714285714285715,0.5714285714285715,0.8571428571428571,0.8571428571428571,0.8571428571428571,0.5,0.5,0.5,0.0,0.0,1.9860232858918607,0.0,results/paper_aaai2027/frozen/results/final_mcs_experiments_er_sf_alpha001_nowrong_noweight_50rep_chunked/wc_sweep_bnlearn_cancer_alpha001_nowrong_noweight_seed2026_2075_20260715_154609/summary.json,,,,,,1.0,1.0,,retained CI facts
cancer,Cancer (5),ABA-PC,2,2.0,2027.0,2.8,0.51744,3.2083333333333335,0.43584656075909484,2.8,2.0,4.0,0.51744,0.5714,0.4444,3.2083333333333335,1.0,5.0,0.43584656075909484,0.8571428571428571,0.22222222222222224,5.0,24.0,0.7619047619047619,0.8571428571428571,0.6666666666666665,0.43584656084656087,0.8571428571428571,0.22222222222222224,0.7761904761904761,0.8571428571428571,0.6666666666666665,0.1,0.5,0.0,0.0,0.0,1.262642528861761,0.0,results/paper_aaai2027/frozen/results/final_mcs_experiments_er_sf_alpha001_nowrong_noweight_50rep_chunked/wc_sweep_bnlearn_cancer_alpha001_nowrong_noweight_seed2026_2075_20260715_154609/summary.json,,,,,,5.0,24.0,,retained CI facts
cancer,Cancer (5),ABA-PC,3,3.0,2028.0,2.0,0.5714,2.25,0.49999693833817493,2.0,2.0,2.0,0.5714,0.5714,0.5714,2.25,1.0,3.0,0.49999693833817493,0.8571428571428571,0.2857020401165781,1.0,4.0,0.8571428571428571,0.8571428571428571,0.8571428571428571,0.5,0.8571428571428571,0.28571428571428575,0.8571428571428571,0.8571428571428571,0.8571428571428571,0.0,0.0,0.0,0.0,0.0,1.2846004702150822,0.0,results/paper_aaai2027/frozen/results/final_mcs_experiments_er_sf_alpha001_nowrong_noweight_50rep_chunked/wc_sweep_bnlearn_cancer_alpha001_nowrong_noweight_seed2026_2075_20260715_154609/summary.json,,,,,,1.0,4.0,,retained CI facts
cancer,Cancer (5),ABA-PC,4,4.0,2029.0,1.5,0.70835,1.6666666666666667,0.6944444444444443,1.5,1.0,2.0,0.70835,0.75,0.6667,1.6666666666666667,1.0,2.0,0.6944444444444443,0.75,0.6666666666666665,2.0,3.0,0.9259259259259259,1.0,0.888888888888889,0.6944444444444443,0.75,0.6666666666666665,0.9444444444444444,1.0,0.888888888888889,0.8,0.8,0.8,0.0,0.0,1.2141477069817483,0.0,results/paper_aaai2027/frozen/results/final_mcs_experiments_er_sf_alpha001_nowrong_noweight_50rep_chunked/wc_sweep_bnlearn_cancer_alpha001_nowrong_noweight_seed2026_2075_20260715_154609/summary.json,,,,,,2.0,3.0,,retained CI facts
cancer,Cancer (5),ABA-PC,5,5.0,2030.0,4.466666666666667,0.39041333333333333,4.619909502262443,0.3850209370690027,4.466666666666667,1.0,7.0,0.39041333333333333,0.75,0.1667,4.619909502262443,1.0,8.0,0.3850209370690027,0.75,0.1538355026308502,120.0,221.0,0.7579294511421208,1.0,0.6153846153846153,0.3850230463352635,0.75,0.15384615384615383,0.7692696192696193,1.0,0.6153846153846153,0.49236111111111114,0.8,0.25,0.0,0.0,2.1915182108059525,0.0,results/paper_aaai2027/frozen/results/final_mcs_experiments_er_sf_alpha001_nowrong_noweight_50rep_chunked/wc_sweep_bnlearn_cancer_alpha001_nowrong_noweight_seed2026_2075_20260715_154609/summary.json,,,,,,120.0,221.0,,retained CI facts
cancer,Cancer (5),ABA-PC,6,6.0,2031.0,1.5,0.70835,1.6666666666666667,0.6944444444444443,1.5,1.0,2.0,0.70835,0.75,0.6667,1.6666666666666667,1.0,2.0,0.6944444444444443,0.75,0.6666666666666665,2.0,3.0,0.9259259259259259,1.0,0.888888888888889,0.6944444444444443,0.75,0.6666666666666665,0.9444444444444444,1.0,0.888888888888889,0.8,0.8,0.8,0.0,0.0,1.2134771882556379,0.0,results/paper_aaai2027/frozen/results/final_mcs_experiments_er_sf_alpha001_nowrong_noweight_50rep_chunked/wc_sweep_bnlearn_cancer_alpha001_nowrong_noweight_seed2026_2075_20260715_154609/summary.json,,,,,,2.0,3.0,,retained CI facts
cancer,Cancer (5),ABA-PC,7,7.0,2032.0,2.5,0.5620333333333333,2.4444444444444446,0.5895035060661685,2.5,1.0,4.0,0.5620333333333333,0.75,0.4,2.4444444444444446,1.0,4.0,0.5895035060661685,0.75,0.3999759990399616,6.0,9.0,0.8814814814814815,1.0,0.8,0.5895061728395061,0.75,0.4,0.8925925925925927,1.0,0.8,0.6222222222222222,0.8,0.3333333333333333,0.0,0.0,1.2480279658921063,0.0,results/paper_aaai2027/frozen/results/final_mcs_experiments_er_sf_alpha001_nowrong_noweight_50rep_chunked/wc_sweep_bnlearn_cancer_alpha001_nowrong_noweight_seed2026_2075_20260715_154609/summary.json,,,,,,6.0,9.0,,retained CI facts
cancer,Cancer (5),ABA-PC,8,8.0,2033.0,2.0,0.5714,2.25,0.49999693833817493,2.0,2.0,2.0,0.5714,0.5714,0.5714,2.25,1.0,3.0,0.49999693833817493,0.8571428571428571,0.2857020401165781,1.0,4.0,0.8571428571428571,0.8571428571428571,0.8571428571428571,0.5,0.8571428571428571,0.28571428571428575,0.8571428571428571,0.8571428571428571,0.8571428571428571,0.0,0.0,0.0,0.0,0.0,1.2523266207426786,0.0,results/paper_aaai2027/frozen/results/final_mcs_experiments_er_sf_alpha001_nowrong_noweight_50rep_chunked/wc_sweep_bnlearn_cancer_alpha001_nowrong_noweight_seed2026_2075_20260715_154609/summary.json,,,,,,1.0,4.0,,retained CI facts
cancer,Cancer (5),ABA-PC,9,9.0,2034.0,3.4242424242424243,0.5050666666666667,3.765625,0.472239688452494,3.4242424242424243,1.0,5.0,0.5050666666666667,0.75,0.3636,3.765625,1.0,6.0,0.472239688452494,0.75,0.3333333333333333,33.0,64.0,0.7955176767676768,1.0,0.6666666666666666,0.47224589646464643,0.75,0.3333333333333333,0.8142026323844506,1.0,0.6666666666666666,0.6431457431457431,0.8,0.5,0.0,0.0,1.4986286973580718,0.0,results/paper_aaai2027/frozen/results/final_mcs_experiments_er_sf_alpha001_nowrong_noweight_50rep_chunked/wc_sweep_bnlearn_cancer_alpha001_nowrong_noweight_seed2026_2075_20260715_154609/summary.json,,,,,,33.0,64.0,,retained CI facts
cancer,Cancer (5),ABA-PC,10,10.0,2035.0,3.6,0.50395,3.263157894736842,0.41228005719400174,3.6,2.0,5.0,0.50395,0.5714,0.4444,3.263157894736842,1.0,5.0,0.41228005719400174,0.8571428571428571,0.0,5.0,19.0,0.7650375939849624,0.8571428571428571,0.6666666666666665,0.41228070175438597,0.8571428571428571,0.0,0.7761904761904761,0.8571428571428571,0.6666666666666665,0.0,0.0,0.0,0.0,0.0,1.3096106620505452,0.0,results/paper_aaai2027/frozen/results/final_mcs_experiments_er_sf_alpha001_nowrong_noweight_50rep_chunked/wc_sweep_bnlearn_cancer_alpha001_nowrong_noweight_seed2026_2075_20260715_154609/summary.json,,,,,,5.0,19.0,,retained CI facts
cancer,Cancer (5),ABA-PC,11,11.0,2036.0,3.4242424242424243,0.5050666666666667,3.765625,0.472239688452494,3.4242424242424243,1.0,5.0,0.5050666666666667,0.75,0.3636,3.765625,1.0,6.0,0.472239688452494,0.75,0.3333333333333333,33.0,64.0,0.7955176767676768,1.0,0.6666666666666666,0.47224589646464643,0.75,0.3333333333333333,0.8142026323844506,1.0,0.6666666666666666,0.6431457431457431,0.8,0.5,0.0,0.0,1.5127326687797904,0.0,results/paper_aaai2027/frozen/results/final_mcs_experiments_er_sf_alpha001_nowrong_noweight_50rep_chunked/wc_sweep_bnlearn_cancer_alpha001_nowrong_noweight_seed2026_2075_20260715_154609/summary.json,,,,,,33.0,64.0,,retained CI facts
cancer,Cancer (5),ABA-PC,12,12.0,2037.0,3.6666666666666665,0.44813333333333333,4.0,0.3916606664266571,3.6666666666666665,3.0,4.0,0.44813333333333333,0.5,0.4,4.0,3.0,5.0,0.3916606664266571,0.5,0.22222222222222224,3.0,4.0,0.7208333333333332,0.8,0.6666666666666665,0.39166666666666666,0.5,0.22222222222222224,0.7388888888888889,0.8,0.6666666666666665,0.4444444444444444,0.5,0.3333333333333333,0.0,0.0,1.2708389712497592,0.0,results/paper_aaai2027/frozen/results/final_mcs_experiments_er_sf_alpha001_nowrong_noweight_50rep_chunked/wc_sweep_bnlearn_cancer_alpha001_nowrong_noweight_seed2026_2075_20260715_154609/summary.json,,,,,,3.0,4.0,,retained CI facts
cancer,Cancer (5),ABA-PC,13,13.0,2038.0,1.5,0.70835,1.6666666666666667,0.6944444444444443,1.5,1.0,2.0,0.70835,0.75,0.6667,1.6666666666666667,1.0,2.0,0.6944444444444443,0.75,0.6666666666666665,2.0,3.0,0.9259259259259259,1.0,0.888888888888889,0.6944444444444443,0.75,0.6666666666666665,0.9444444444444444,1.0,0.888888888888889,0.8,0.8,0.8,0.0,0.0,1.243219502735883,0.0,results/paper_aaai2027/frozen/results/final_mcs_experiments_er_sf_alpha001_nowrong_noweight_50rep_chunked/wc_sweep_bnlearn_cancer_alpha001_nowrong_noweight_seed2026_2075_20260715_154609/summary.json,,,,,,2.0,3.0,,retained CI facts
cancer,Cancer (5),ABA-PC,14,14.0,2039.0,2.75,0.49350000000000005,3.257142857142857,0.44079159323937495,2.75,0.0,4.0,0.49350000000000005,1.0,0.4,3.257142857142857,0.0,5.0,0.44079159323937495,1.0,0.2000239980801536,12.0,70.0,0.8660317460317462,1.0,0.8,0.4407936507936508,1.0,0.2,0.9037037037037038,1.0,0.8,0.25,1.0,0.0,1.0,1.0,2.110840880777687,0.0,results/paper_aaai2027/frozen/results/final_mcs_experiments_er_sf_alpha001_nowrong_noweight_50rep_chunked/wc_sweep_bnlearn_cancer_alpha001_nowrong_noweight_seed2026_2075_20260715_154609/summary.json,,,,,,12.0,70.0,,retained CI facts
cancer,Cancer (5),ABA-PC,15,15.0,2040.0,1.5,0.70835,1.6666666666666667,0.6944444444444443,1.5,1.0,2.0,0.70835,0.75,0.6667,1.6666666666666667,1.0,2.0,0.6944444444444443,0.75,0.6666666666666665,2.0,3.0,0.9259259259259259,1.0,0.888888888888889,0.6944444444444443,0.75,0.6666666666666665,0.9444444444444444,1.0,0.888888888888889,0.8,0.8,0.8,0.0,0.0,1.2374930982477963,0.0,results/paper_aaai2027/frozen/results/final_mcs_experiments_er_sf_alpha001_nowrong_noweight_50rep_chunked/wc_sweep_bnlearn_cancer_alpha001_nowrong_noweight_seed2026_2075_20260715_154609/summary.json,,,,,,2.0,3.0,,retained CI facts
cancer,Cancer (5),ABA-PC,16,16.0,2041.0,2.0,0.5714,2.0,0.5714408159766863,2.0,2.0,2.0,0.5714,0.5714,0.5714,2.0,2.0,2.0,0.5714408159766863,0.5714408159766863,0.5714408159766863,1.0,1.0,0.8571428571428571,0.8571428571428571,0.8571428571428571,0.5714285714285715,0.5714285714285715,0.5714285714285715,0.8571428571428571,0.8571428571428571,0.8571428571428571,0.5,0.5,0.5,0.0,0.0,1.15045812074095,0.0,results/paper_aaai2027/frozen/results/final_mcs_experiments_er_sf_alpha001_nowrong_noweight_50rep_chunked/wc_sweep_bnlearn_cancer_alpha001_nowrong_noweight_seed2026_2075_20260715_154609/summary.json,,,,,,1.0,1.0,,retained CI facts
cancer,Cancer (5),ABA-PC,17,17.0,2042.0,1.0,0.75,1.0,0.75,1.0,1.0,1.0,0.75,0.75,0.75,1.0,1.0,1.0,0.75,0.75,0.75,1.0,1.0,1.0,1.0,1.0,0.75,0.75,0.75,1.0,1.0,1.0,0.8,0.8,0.8,0.0,0.0,1.0437452476471663,0.0,results/paper_aaai2027/frozen/results/final_mcs_experiments_er_sf_alpha001_nowrong_noweight_50rep_chunked/wc_sweep_bnlearn_cancer_alpha001_nowrong_noweight_seed2026_2075_20260715_154609/summary.json,,,,,,1.0,1.0,,retained CI facts
cancer,Cancer (5),ABA-PC,18,18.0,2043.0,2.2222222222222223,0.7286833333333333,2.1739130434782608,0.7255840302620546,2.2222222222222223,0.0,4.0,0.7286833333333333,1.0,0.4444,2.1739130434782608,0.0,4.0,0.7255840302620546,1.0,0.4444444444444445,18.0,23.0,0.8031181379007465,1.0,0.6,0.7255819060166886,1.0,0.4444444444444445,0.7919472502805837,1.0,0.6,0.6968253968253968,1.0,0.0,1.0,1.0,1.26380146574229,0.0,results/paper_aaai2027/frozen/results/final_mcs_experiments_er_sf_alpha001_nowrong_noweight_50rep_chunked/wc_sweep_bnlearn_cancer_alpha001_nowrong_noweight_seed2026_2075_20260715_154609/summary.json,,,,,,18.0,23.0,,retained CI facts
cancer,Cancer (5),ABA-PC,19,19.0,2044.0,4.0,0.0,4.0,0.0,4.0,4.0,4.0,0.0,0.0,0.0,4.0,4.0,4.0,0.0,0.0,0.0,1.0,1.0,0.8571428571428571,0.8571428571428571,0.8571428571428571,0.0,0.0,0.0,0.8571428571428571,0.8571428571428571,0.8571428571428571,0.0,0.0,0.0,0.0,0.0,1.1852619359269738,0.0,results/paper_aaai2027/frozen/results/final_mcs_experiments_er_sf_alpha001_nowrong_noweight_50rep_chunked/wc_sweep_bnlearn_cancer_alpha001_nowrong_noweight_seed2026_2075_20260715_154609/summary.json,,,,,,1.0,1.0,,retained CI facts
cancer,Cancer (5),ABA-PC,20,20.0,2045.0,2.8333333333333335,0.62666,3.5128205128205128,0.4376099140622419,2.8333333333333335,0.0,5.0,0.62666,1.0,0.4,3.5128205128205128,0.0,6.0,0.4376099140622419,1.0,0.0,6.0,39.0,0.837037037037037,1.0,0.8,0.4376068376068376,1.0,0.0,0.8777777777777778,1.0,0.8,0.3333333333333333,1.0,0.0,1.0,1.0,1.3336365432478487,0.0,results/paper_aaai2027/frozen/results/final_mcs_experiments_er_sf_alpha001_nowrong_noweight_50rep_chunked/wc_sweep_bnlearn_cancer_alpha001_nowrong_noweight_seed2026_2075_20260715_154609/summary.json,,,,,,6.0,39.0,,retained CI facts
cancer,Cancer (5),ABA-PC,21,21.0,2046.0,0.5,0.94445,0.6666666666666666,0.9259259259259259,0.5,0.0,1.0,0.94445,1.0,0.8889,0.6666666666666666,0.0,1.0,0.9259259259259259,1.0,0.888888888888889,2.0,3.0,0.9259259259259259,1.0,0.888888888888889,0.9259259259259259,1.0,0.888888888888889,0.9444444444444444,1.0,0.888888888888889,1.0,1.0,1.0,1.0,1.0,1.0124931558966637,0.0,results/paper_aaai2027/frozen/results/final_mcs_experiments_er_sf_alpha001_nowrong_noweight_50rep_chunked/wc_sweep_bnlearn_cancer_alpha001_nowrong_noweight_seed2026_2075_20260715_154609/summary.json,,,,,,2.0,3.0,,retained CI facts
cancer,Cancer (5),ABA-PC,22,22.0,2047.0,4.393939393939394,0.3091242424242424,4.515625,0.323270212164006,4.393939393939394,2.0,7.0,0.3091242424242424,0.5,0.1667,4.515625,2.0,7.0,0.323270212164006,0.5,0.16666666666666666,33.0,64.0,0.7955176767676768,1.0,0.6666666666666666,0.32327178030303033,0.5,0.16666666666666666,0.8142026323844506,1.0,0.6666666666666666,0.4756132756132756,0.6666666666666666,0.25,0.0,0.0,1.2162116025574505,0.0,results/paper_aaai2027/frozen/results/final_mcs_experiments_er_sf_alpha001_nowrong_noweight_50rep_chunked/wc_sweep_bnlearn_cancer_alpha001_nowrong_noweight_seed2026_2075_20260715_154609/summary.json,,,,,,33.0,64.0,,retained CI facts
cancer,Cancer (5),ABA-PC,23,23.0,2048.0,1.5,0.70835,1.6666666666666667,0.6944444444444443,1.5,1.0,2.0,0.70835,0.75,0.6667,1.6666666666666667,1.0,2.0,0.6944444444444443,0.75,0.6666666666666665,2.0,3.0,0.9259259259259259,1.0,0.888888888888889,0.6944444444444443,0.75,0.6666666666666665,0.9444444444444444,1.0,0.888888888888889,0.8,0.8,0.8,0.0,0.0,0.9654617831110954,0.0,results/paper_aaai2027/frozen/results/final_mcs_experiments_er_sf_alpha001_nowrong_noweight_50rep_chunked/wc_sweep_bnlearn_cancer_alpha001_nowrong_noweight_seed2026_2075_20260715_154609/summary.json,,,,,,2.0,3.0,,retained CI facts
cancer,Cancer (5),ABA-PC,24,24.0,2049.0,2.5,0.5357000000000001,2.857142857142857,0.4285696790503857,2.5,2.0,3.0,0.5357000000000001,0.5714,0.5,2.857142857142857,1.0,4.0,0.4285696790503857,0.8571428571428571,0.25,2.0,7.0,0.8112244897959184,0.8571428571428571,0.75,0.42857142857142855,0.8571428571428571,0.25,0.8035714285714286,0.8571428571428571,0.75,0.0,0.0,0.0,0.0,0.0,0.9741756077855825,0.0,results/paper_aaai2027/frozen/results/final_mcs_experiments_er_sf_alpha001_nowrong_noweight_50rep_chunked/wc_sweep_bnlearn_cancer_alpha001_nowrong_noweight_seed2026_2075_20260715_154609/summary.json,,,,,,2.0,7.0,,retained CI facts
cancer,Cancer (5),ABA-PC,25,25.0,2050.0,3.0,0.5357000000000001,3.1538461538461537,0.38461444256559224,3.0,2.0,4.0,0.5357000000000001,0.5714,0.5,3.1538461538461537,1.0,5.0,0.38461444256559224,0.8571428571428571,0.0,3.0,13.0,0.7912087912087912,0.8571428571428571,0.75,0.38461538461538464,0.8571428571428571,0.0,0.8214285714285715,0.8571428571428571,0.75,0.0,0.0,0.0,0.0,0.0,1.0398734221234918,0.0,results/paper_aaai2027/frozen/results/final_mcs_experiments_er_sf_alpha001_nowrong_noweight_50rep_chunked/wc_sweep_bnlearn_cancer_alpha001_nowrong_noweight_seed2026_2075_20260715_154609/summary.json,,,,,,3.0,13.0,,retained CI facts
cancer,Cancer (5),ABA-PC,26,26.0,2051.0,3.5,0.2361,3.6666666666666665,0.23148148148148148,3.5,3.0,4.0,0.2361,0.25,0.2222,3.6666666666666665,3.0,4.0,0.23148148148148148,0.25,0.22222222222222224,2.0,3.0,0.9259259259259259,1.0,0.888888888888889,0.23148148148148148,0.25,0.22222222222222224,0.9444444444444444,1.0,0.888888888888889,0.4,0.4,0.4,0.0,0.0,0.9624966257251799,0.0,results/paper_aaai2027/frozen/results/final_mcs_experiments_er_sf_alpha001_nowrong_noweight_50rep_chunked/wc_sweep_bnlearn_cancer_alpha001_nowrong_noweight_seed2026_2075_20260715_154609/summary.json,,,,,,2.0,3.0,,retained CI facts
cancer,Cancer (5),ABA-PC,27,27.0,2052.0,5.0,0.23146666666666668,4.866666666666666,0.08926085913126951,5.0,3.0,7.0,0.23146666666666668,0.25,0.2222,4.866666666666666,3.0,7.0,0.08926085913126951,0.25,0.0,11.0,15.0,0.8692255892255892,1.0,0.7272727272727273,0.08925925925925927,0.25,0.0,0.8701561065197428,1.0,0.7272727272727273,0.10909090909090911,0.4,0.0,0.0,0.0,1.0446223900653422,0.0,results/paper_aaai2027/frozen/results/final_mcs_experiments_er_sf_alpha001_nowrong_noweight_50rep_chunked/wc_sweep_bnlearn_cancer_alpha001_nowrong_noweight_seed2026_2075_20260715_154609/summary.json,,,,,,11.0,15.0,,retained CI facts
cancer,Cancer (5),ABA-PC,28,28.0,2053.0,2.3,0.67167,2.357142857142857,0.6535731428228578,2.3,1.0,4.0,0.67167,0.8889,0.4444,2.357142857142857,1.0,4.0,0.6535731428228578,0.888888888888889,0.4444444444444445,10.0,14.0,0.8166666666666667,1.0,0.6666666666666665,0.6535714285714285,0.888888888888889,0.4444444444444445,0.8105555555555556,1.0,0.6666666666666665,0.6233333333333333,1.0,0.0,0.0,0.0,1.0353078548796475,0.0,results/paper_aaai2027/frozen/results/final_mcs_experiments_er_sf_alpha001_nowrong_noweight_50rep_chunked/wc_sweep_bnlearn_cancer_alpha001_nowrong_noweight_seed2026_2075_20260715_154609/summary.json,,,,,,10.0,14.0,,retained CI facts
cancer,Cancer (5),ABA-PC,29,29.0,2054.0,2.7027027027027026,0.6180972972972972,2.9642857142857144,0.5396643603956546,2.7027027027027026,0.0,5.0,0.6180972972972972,1.0,0.4444,2.9642857142857144,0.0,5.0,0.5396643603956546,1.0,0.22222222222222224,37.0,84.0,0.7620181405895692,1.0,0.6666666666666665,0.5396636432350718,1.0,0.22222222222222224,0.7869154869154869,1.0,0.6666666666666665,0.46306306306306305,1.0,0.0,1.0,1.0,1.2491467762738466,0.0,results/paper_aaai2027/frozen/results/final_mcs_experiments_er_sf_alpha001_nowrong_noweight_50rep_chunked/wc_sweep_bnlearn_cancer_alpha001_nowrong_noweight_seed2026_2075_20260715_154609/summary.json,,,,,,37.0,84.0,,retained CI facts
cancer,Cancer (5),ABA-PC,30,30.0,2055.0,0.0,1.0,0.0,1.0,0.0,0.0,0.0,1.0,1.0,1.0,0.0,0.0,0.0,1.0,1.0,1.0,1.0,1.0,1.0,1.0,1.0,1.0,1.0,1.0,1.0,1.0,1.0,1.0,1.0,1.0,1.0,1.0,0.9924680381081998,0.0,results/paper_aaai2027/frozen/results/final_mcs_experiments_er_sf_alpha001_nowrong_noweight_50rep_chunked/wc_sweep_bnlearn_cancer_alpha001_nowrong_noweight_seed2026_2075_20260715_154609/summary.json,,,,,,1.0,1.0,,retained CI facts
cancer,Cancer (5),ABA-PC,31,31.0,2056.0,3.2857142857142856,0.4333142857142857,3.3846153846153846,0.4281940508389566,3.2857142857142856,2.0,4.0,0.4333142857142857,0.5,0.4,3.3846153846153846,2.0,4.0,0.4281940508389566,0.5,0.3999759990399616,7.0,13.0,0.8564102564102565,1.0,0.8,0.42820512820512824,0.5,0.4,0.8666666666666668,1.0,0.8,0.619047619047619,0.6666666666666666,0.5,0.0,0.0,1.0304381041787565,0.0,results/paper_aaai2027/frozen/results/final_mcs_experiments_er_sf_alpha001_nowrong_noweight_50rep_chunked/wc_sweep_bnlearn_cancer_alpha001_nowrong_noweight_seed2026_2075_20260715_154609/summary.json,,,,,,7.0,13.0,,retained CI facts
cancer,Cancer (5),ABA-PC,32,32.0,2057.0,4.212962962962963,0.438803738317757,4.3954545454545455,0.40975887822777823,4.212962962962963,1.0,7.0,0.438803738317757,0.75,0.2,4.3954545454545455,1.0,7.0,0.40975887822777823,0.75,0.1818528887757699,108.0,220.0,0.673235274826184,1.0,0.4,0.4097615768070314,0.75,0.18181818181818182,0.6896618299396077,1.0,0.4,0.5396384479717814,1.0,0.0,0.0,0.0,2.3338999510742724,0.0,results/paper_aaai2027/frozen/results/final_mcs_experiments_er_sf_alpha001_nowrong_noweight_50rep_chunked/wc_sweep_bnlearn_cancer_alpha001_nowrong_noweight_seed2026_2075_20260715_154609/summary.json,,,,,,108.0,220.0,,retained CI facts
cancer,Cancer (5),ABA-PC,33,33.0,2058.0,4.5,0.2222,4.5,0.11111111111111112,4.5,4.0,5.0,0.2222,0.2222,0.2222,4.5,4.0,5.0,0.11111111111111112,0.22222222222222224,0.0,2.0,4.0,0.8194444444444444,0.888888888888889,0.75,0.11111111111111112,0.22222222222222224,0.0,0.8194444444444444,0.888888888888889,0.75,0.2,0.4,0.0,0.0,0.0,1.0492242751643062,0.0,results/paper_aaai2027/frozen/results/final_mcs_experiments_er_sf_alpha001_nowrong_noweight_50rep_chunked/wc_sweep_bnlearn_cancer_alpha001_nowrong_noweight_seed2026_2075_20260715_154609/summary.json,,,,,,2.0,4.0,,retained CI facts
cancer,Cancer (5),ABA-PC,34,34.0,2059.0,4.0,0.0,4.0,0.0,4.0,4.0,4.0,0.0,0.0,0.0,4.0,4.0,4.0,0.0,0.0,0.0,1.0,1.0,0.8571428571428571,0.8571428571428571,0.8571428571428571,0.0,0.0,0.0,0.8571428571428571,0.8571428571428571,0.8571428571428571,0.0,0.0,0.0,0.0,0.0,0.9972134837880731,0.0,results/paper_aaai2027/frozen/results/final_mcs_experiments_er_sf_alpha001_nowrong_noweight_50rep_chunked/wc_sweep_bnlearn_cancer_alpha001_nowrong_noweight_seed2026_2075_20260715_154609/summary.json,,,,,,1.0,1.0,,retained CI facts
cancer,Cancer (5),ABA-PC,35,35.0,2060.0,4.580645161290323,0.36394482758620694,4.824561403508772,0.26848327893714274,4.580645161290323,2.0,7.0,0.36394482758620694,0.5,0.2,4.824561403508772,2.0,8.0,0.26848327893714274,0.5,0.0,31.0,57.0,0.6890129363813573,1.0,0.4,0.2684830763778132,0.5,0.0,0.711485826001955,1.0,0.4,0.17542242703533026,0.5,0.0,0.0,0.0,1.905537593178451,0.0,results/paper_aaai2027/frozen/results/final_mcs_experiments_er_sf_alpha001_nowrong_noweight_50rep_chunked/wc_sweep_bnlearn_cancer_alpha001_nowrong_noweight_seed2026_2075_20260715_154609/summary.json,,,,,,31.0,57.0,,retained CI facts
cancer,Cancer (5),ABA-PC,36,36.0,2061.0,2.5,0.5357000000000001,2.857142857142857,0.4285696790503857,2.5,2.0,3.0,0.5357000000000001,0.5714,0.5,2.857142857142857,1.0,4.0,0.4285696790503857,0.8571428571428571,0.25,2.0,7.0,0.8112244897959184,0.8571428571428571,0.75,0.42857142857142855,0.8571428571428571,0.25,0.8035714285714286,0.8571428571428571,0.75,0.0,0.0,0.0,0.0,0.0,1.007412183098495,0.0,results/paper_aaai2027/frozen/results/final_mcs_experiments_er_sf_alpha001_nowrong_noweight_50rep_chunked/wc_sweep_bnlearn_cancer_alpha001_nowrong_noweight_seed2026_2075_20260715_154609/summary.json,,,,,,2.0,7.0,,retained CI facts
cancer,Cancer (5),ABA-PC,37,37.0,2062.0,4.3893129770992365,0.3888610687022901,4.559322033898305,0.38249945147158626,4.3893129770992365,1.0,7.0,0.3888610687022901,0.75,0.1667,4.559322033898305,1.0,8.0,0.38249945147158626,0.75,0.1538355026308502,131.0,236.0,0.7650033582236972,1.0,0.6153846153846153,0.3825016791118486,0.75,0.15384615384615383,0.7777410036952022,1.0,0.6153846153846153,0.4852599054889132,0.8,0.25,0.0,0.0,2.4696244639344513,0.0,results/paper_aaai2027/frozen/results/final_mcs_experiments_er_sf_alpha001_nowrong_noweight_50rep_chunked/wc_sweep_bnlearn_cancer_alpha001_nowrong_noweight_seed2026_2075_20260715_154609/summary.json,,,,,,131.0,236.0,,retained CI facts
cancer,Cancer (5),ABA-PC,38,38.0,2063.0,4.0,0.0,4.0,0.0,4.0,4.0,4.0,0.0,0.0,0.0,4.0,4.0,4.0,0.0,0.0,0.0,1.0,1.0,0.8571428571428571,0.8571428571428571,0.8571428571428571,0.0,0.0,0.0,0.8571428571428571,0.8571428571428571,0.8571428571428571,0.0,0.0,0.0,0.0,0.0,1.7811672403477132,0.0,results/paper_aaai2027/frozen/results/final_mcs_experiments_er_sf_alpha001_nowrong_noweight_50rep_chunked/wc_sweep_bnlearn_cancer_alpha001_nowrong_noweight_seed2026_2075_20260715_154609/summary.json,,,,,,1.0,1.0,,retained CI facts
cancer,Cancer (5),ABA-PC,39,39.0,2064.0,3.2857142857142856,0.4333142857142857,3.3846153846153846,0.4281940508389566,3.2857142857142856,2.0,4.0,0.4333142857142857,0.5,0.4,3.3846153846153846,2.0,4.0,0.4281940508389566,0.5,0.3999759990399616,7.0,13.0,0.8564102564102565,1.0,0.8,0.42820512820512824,0.5,0.4,0.8666666666666668,1.0,0.8,0.619047619047619,0.6666666666666666,0.5,0.0,0.0,1.8644227851182222,0.0,results/paper_aaai2027/frozen/results/final_mcs_experiments_er_sf_alpha001_nowrong_noweight_50rep_chunked/wc_sweep_bnlearn_cancer_alpha001_nowrong_noweight_seed2026_2075_20260715_154609/summary.json,,,,,,7.0,13.0,,retained CI facts
cancer,Cancer (5),ABA-PC,40,40.0,2065.0,3.34375,0.5094125,4.0927152317880795,0.43083182042733886,3.34375,0.0,6.0,0.5094125,1.0,0.3333,4.0927152317880795,0.0,7.0,0.43083182042733886,1.0,0.16666666666666666,32.0,151.0,0.7839721720516423,1.0,0.6666666666666666,0.43082814904006955,1.0,0.16666666666666666,0.8247474747474748,1.0,0.6666666666666666,0.39017857142857143,1.0,0.0,1.0,1.0,2.181541786994785,0.0,results/paper_aaai2027/frozen/results/final_mcs_experiments_er_sf_alpha001_nowrong_noweight_50rep_chunked/wc_sweep_bnlearn_cancer_alpha001_nowrong_noweight_seed2026_2075_20260715_154609/summary.json,,,,,,32.0,151.0,,retained CI facts
cancer,Cancer (5),ABA-PC,41,41.0,2066.0,3.111111111111111,0.5039777777777777,2.9166666666666665,0.5390923621544581,3.111111111111111,1.0,5.0,0.5039777777777777,0.75,0.3636,2.9166666666666665,1.0,5.0,0.5390923621544581,0.75,0.3636247931780578,9.0,12.0,0.8550505050505052,1.0,0.7272727272727273,0.5390993265993266,0.75,0.36363636363636365,0.8536475869809204,1.0,0.7272727272727273,0.5206349206349207,0.8,0.28571428571428575,0.0,0.0,1.9238939182832837,0.0,results/paper_aaai2027/frozen/results/final_mcs_experiments_er_sf_alpha001_nowrong_noweight_50rep_chunked/wc_sweep_bnlearn_cancer_alpha001_nowrong_noweight_seed2026_2075_20260715_154609/summary.json,,,,,,9.0,12.0,,retained CI facts
cancer,Cancer (5),ABA-PC,42,42.0,2067.0,3.2857142857142856,0.4333142857142857,3.3846153846153846,0.4281940508389566,3.2857142857142856,2.0,4.0,0.4333142857142857,0.5,0.4,3.3846153846153846,2.0,4.0,0.4281940508389566,0.5,0.3999759990399616,7.0,13.0,0.8564102564102565,1.0,0.8,0.42820512820512824,0.5,0.4,0.8666666666666668,1.0,0.8,0.619047619047619,0.6666666666666666,0.5,0.0,0.0,1.9227833822369576,0.0,results/paper_aaai2027/frozen/results/final_mcs_experiments_er_sf_alpha001_nowrong_noweight_50rep_chunked/wc_sweep_bnlearn_cancer_alpha001_nowrong_noweight_seed2026_2075_20260715_154609/summary.json,,,,,,7.0,13.0,,retained CI facts
cancer,Cancer (5),ABA-PC,43,43.0,2068.0,0.5,0.94445,0.6666666666666666,0.9259259259259259,0.5,0.0,1.0,0.94445,1.0,0.8889,0.6666666666666666,0.0,1.0,0.9259259259259259,1.0,0.888888888888889,2.0,3.0,0.9259259259259259,1.0,0.888888888888889,0.9259259259259259,1.0,0.888888888888889,0.9444444444444444,1.0,0.888888888888889,1.0,1.0,1.0,1.0,1.0,1.939907134976238,0.0,results/paper_aaai2027/frozen/results/final_mcs_experiments_er_sf_alpha001_nowrong_noweight_50rep_chunked/wc_sweep_bnlearn_cancer_alpha001_nowrong_noweight_seed2026_2075_20260715_154609/summary.json,,,,,,2.0,3.0,,retained CI facts
cancer,Cancer (5),ABA-PC,44,44.0,2069.0,2.2,0.59762,2.2857142857142856,0.5935391641871456,2.2,1.0,3.0,0.59762,0.75,0.5,2.2857142857142856,1.0,3.0,0.5935391641871456,0.75,0.5,5.0,7.0,0.840702947845805,1.0,0.75,0.5935374149659863,0.75,0.5,0.8492063492063492,1.0,0.75,0.5866666666666667,0.8,0.3333333333333333,0.0,0.0,1.9304815367795527,0.0,results/paper_aaai2027/frozen/results/final_mcs_experiments_er_sf_alpha001_nowrong_noweight_50rep_chunked/wc_sweep_bnlearn_cancer_alpha001_nowrong_noweight_seed2026_2075_20260715_154609/summary.json,,,,,,5.0,7.0,,retained CI facts
cancer,Cancer (5),ABA-PC,45,45.0,2070.0,4.0,0.4444,4.666666666666667,0.29629629629629634,4.0,4.0,4.0,0.4444,0.4444,0.4444,4.666666666666667,4.0,5.0,0.29629629629629634,0.4444444444444445,0.22222222222222224,1.0,3.0,0.6666666666666665,0.6666666666666665,0.6666666666666665,0.29629629629629634,0.4444444444444445,0.22222222222222224,0.6666666666666665,0.6666666666666665,0.6666666666666665,0.0,0.0,0.0,0.0,0.0,2.6048151571303606,0.0,results/paper_aaai2027/frozen/results/final_mcs_experiments_er_sf_alpha001_nowrong_noweight_50rep_chunked/wc_sweep_bnlearn_cancer_alpha001_nowrong_noweight_seed2026_2075_20260715_154609/summary.json,,,,,,1.0,3.0,,retained CI facts
cancer,Cancer (5),ABA-PC,46,46.0,2071.0,3.0,0.538675,3.2195121951219514,0.46622174652508036,3.0,1.0,5.0,0.538675,0.75,0.4444,3.2195121951219514,1.0,5.0,0.46622174652508036,0.8571428571428571,0.22222222222222224,12.0,41.0,0.754161827332559,1.0,0.6666666666666665,0.46622144792876496,0.8571428571428571,0.22222222222222224,0.7883597883597884,1.0,0.6666666666666665,0.24444444444444446,0.8,0.0,0.0,0.0,2.0899192169308662,0.0,results/paper_aaai2027/frozen/results/final_mcs_experiments_er_sf_alpha001_nowrong_noweight_50rep_chunked/wc_sweep_bnlearn_cancer_alpha001_nowrong_noweight_seed2026_2075_20260715_154609/summary.json,,,,,,12.0,41.0,,retained CI facts
cancer,Cancer (5),ABA-PC,47,47.0,2072.0,3.642857142857143,0.4752,3.8125,0.4370633387956206,3.642857142857143,1.0,6.0,0.4752,0.75,0.2222,3.8125,1.0,6.0,0.4370633387956206,0.75,0.2000239980801536,28.0,32.0,0.7380388708513709,1.0,0.4444444444444445,0.43706484487734487,0.75,0.2,0.7351576994434137,1.0,0.4444444444444445,0.4733843537414966,0.8,0.0,0.0,0.0,2.079641249962151,0.0,results/paper_aaai2027/frozen/results/final_mcs_experiments_er_sf_alpha001_nowrong_noweight_50rep_chunked/wc_sweep_bnlearn_cancer_alpha001_nowrong_noweight_seed2026_2075_20260715_154609/summary.json,,,,,,28.0,32.0,,retained CI facts
cancer,Cancer (5),ABA-PC,48,48.0,2073.0,3.5,0.4222,3.3333333333333335,0.4296216293096169,3.5,3.0,4.0,0.4222,0.4444,0.4,3.3333333333333335,3.0,4.0,0.4296216293096169,0.4444444444444445,0.3999759990399616,2.0,3.0,0.8592592592592593,0.888888888888889,0.8,0.42962962962962964,0.4444444444444445,0.4,0.8444444444444446,0.888888888888889,0.8,0.5833333333333333,0.6666666666666666,0.5,0.0,0.0,1.975429120939225,0.0,results/paper_aaai2027/frozen/results/final_mcs_experiments_er_sf_alpha001_nowrong_noweight_50rep_chunked/wc_sweep_bnlearn_cancer_alpha001_nowrong_noweight_seed2026_2075_20260715_154609/summary.json,,,,,,2.0,3.0,,retained CI facts
cancer,Cancer (5),ABA-PC,49,49.0,2074.0,2.0,0.6667,2.0,0.6666666666666665,2.0,2.0,2.0,0.6667,0.6667,0.6667,2.0,2.0,2.0,0.6666666666666665,0.6666666666666665,0.6666666666666665,1.0,2.0,0.888888888888889,0.888888888888889,0.888888888888889,0.6666666666666665,0.6666666666666665,0.6666666666666665,0.888888888888889,0.888888888888889,0.888888888888889,0.8,0.8,0.8,0.0,0.0,2.047610954847187,0.0,results/paper_aaai2027/frozen/results/final_mcs_experiments_er_sf_alpha001_nowrong_noweight_50rep_chunked/wc_sweep_bnlearn_cancer_alpha001_nowrong_noweight_seed2026_2075_20260715_154609/summary.json,,,,,,1.0,2.0,,retained CI facts
cancer,Cancer (5),ABA-PC,50,50.0,2075.0,1.2857142857142858,0.8087428571428571,1.6,0.7594468443964454,1.2857142857142858,0.0,2.0,0.8087428571428571,1.0,0.6667,1.6,0.0,3.0,0.7594468443964454,1.0,0.6,7.0,10.0,0.8933333333333333,1.0,0.8,0.7594444444444444,1.0,0.6,0.907936507936508,1.0,0.8,0.8666666666666666,1.0,0.6666666666666666,1.0,1.0,2.054302346892655,0.0,results/paper_aaai2027/frozen/results/final_mcs_experiments_er_sf_alpha001_nowrong_noweight_50rep_chunked/wc_sweep_bnlearn_cancer_alpha001_nowrong_noweight_seed2026_2075_20260715_154609/summary.json,,,,,,7.0,10.0,,retained CI facts
cancer,Cancer (5),OptABA-PC,1,1.0,2026.0,4.0,0.0,4.0,0.0,4.0,4.0,4.0,0.0,0.0,0.0,4.0,4.0,4.0,0.0,0.0,0.0,1.0,1.0,0.8571428571428571,0.8571428571428571,0.8571428571428571,0.0,0.0,0.0,0.8571428571428571,0.8571428571428571,0.8571428571428571,0.0,0.0,0.0,0.0,0.0,1.1304990639910102,0.0,results/paper_aaai2027/frozen/results/final_mcs_experiments_er_sf_alpha001_nowrong_noweight_50rep_chunked/wc_sweep_bnlearn_cancer_alpha001_nowrong_noweight_seed2026_2075_20260715_154609/summary.json,,,,,,1.0,1.0,,retained CI facts
cancer,Cancer (5),OptABA-PC,2,2.0,2027.0,2.0,0.5714,2.25,0.49999693833817493,2.0,2.0,2.0,0.5714,0.5714,0.5714,2.25,1.0,3.0,0.49999693833817493,0.8571428571428571,0.2857020401165781,1.0,4.0,0.8571428571428571,0.8571428571428571,0.8571428571428571,0.5,0.8571428571428571,0.28571428571428575,0.8571428571428571,0.8571428571428571,0.8571428571428571,0.0,0.0,0.0,0.0,0.0,1.1150616579689085,0.0,results/paper_aaai2027/frozen/results/final_mcs_experiments_er_sf_alpha001_nowrong_noweight_50rep_chunked/wc_sweep_bnlearn_cancer_alpha001_nowrong_noweight_seed2026_2075_20260715_154609/summary.json,,,,,,1.0,4.0,,retained CI facts
cancer,Cancer (5),OptABA-PC,3,3.0,2028.0,2.0,0.5714,2.25,0.49999693833817493,2.0,2.0,2.0,0.5714,0.5714,0.5714,2.25,1.0,3.0,0.49999693833817493,0.8571428571428571,0.2857020401165781,1.0,4.0,0.8571428571428571,0.8571428571428571,0.8571428571428571,0.5,0.8571428571428571,0.28571428571428575,0.8571428571428571,0.8571428571428571,0.8571428571428571,0.0,0.0,0.0,0.0,0.0,1.1618775161914527,0.0,results/paper_aaai2027/frozen/results/final_mcs_experiments_er_sf_alpha001_nowrong_noweight_50rep_chunked/wc_sweep_bnlearn_cancer_alpha001_nowrong_noweight_seed2026_2075_20260715_154609/summary.json,,,,,,1.0,4.0,,retained CI facts
cancer,Cancer (5),OptABA-PC,4,4.0,2029.0,1.0,0.75,1.0,0.75,1.0,1.0,1.0,0.75,0.75,0.75,1.0,1.0,1.0,0.75,0.75,0.75,1.0,1.0,1.0,1.0,1.0,0.75,0.75,0.75,1.0,1.0,1.0,0.8,0.8,0.8,0.0,0.0,1.1149629461579025,0.0,results/paper_aaai2027/frozen/results/final_mcs_experiments_er_sf_alpha001_nowrong_noweight_50rep_chunked/wc_sweep_bnlearn_cancer_alpha001_nowrong_noweight_seed2026_2075_20260715_154609/summary.json,,,,,,1.0,1.0,,retained CI facts
cancer,Cancer (5),OptABA-PC,5,5.0,2030.0,1.0,0.75,1.0,0.75,1.0,1.0,1.0,0.75,0.75,0.75,1.0,1.0,1.0,0.75,0.75,0.75,1.0,1.0,1.0,1.0,1.0,0.75,0.75,0.75,1.0,1.0,1.0,0.8,0.8,0.8,0.0,0.0,1.125701047014445,0.0,results/paper_aaai2027/frozen/results/final_mcs_experiments_er_sf_alpha001_nowrong_noweight_50rep_chunked/wc_sweep_bnlearn_cancer_alpha001_nowrong_noweight_seed2026_2075_20260715_154609/summary.json,,,,,,1.0,1.0,,retained CI facts
cancer,Cancer (5),OptABA-PC,6,6.0,2031.0,1.0,0.75,1.0,0.75,1.0,1.0,1.0,0.75,0.75,0.75,1.0,1.0,1.0,0.75,0.75,0.75,1.0,1.0,1.0,1.0,1.0,0.75,0.75,0.75,1.0,1.0,1.0,0.8,0.8,0.8,0.0,0.0,1.132227199152112,0.0,results/paper_aaai2027/frozen/results/final_mcs_experiments_er_sf_alpha001_nowrong_noweight_50rep_chunked/wc_sweep_bnlearn_cancer_alpha001_nowrong_noweight_seed2026_2075_20260715_154609/summary.json,,,,,,1.0,1.0,,retained CI facts
cancer,Cancer (5),OptABA-PC,7,7.0,2032.0,1.0,0.75,1.0,0.75,1.0,1.0,1.0,0.75,0.75,0.75,1.0,1.0,1.0,0.75,0.75,0.75,1.0,1.0,1.0,1.0,1.0,0.75,0.75,0.75,1.0,1.0,1.0,0.8,0.8,0.8,0.0,0.0,1.1503822952508926,0.0,results/paper_aaai2027/frozen/results/final_mcs_experiments_er_sf_alpha001_nowrong_noweight_50rep_chunked/wc_sweep_bnlearn_cancer_alpha001_nowrong_noweight_seed2026_2075_20260715_154609/summary.json,,,,,,1.0,1.0,,retained CI facts
cancer,Cancer (5),OptABA-PC,8,8.0,2033.0,2.0,0.5714,2.25,0.49999693833817493,2.0,2.0,2.0,0.5714,0.5714,0.5714,2.25,1.0,3.0,0.49999693833817493,0.8571428571428571,0.2857020401165781,1.0,4.0,0.8571428571428571,0.8571428571428571,0.8571428571428571,0.5,0.8571428571428571,0.28571428571428575,0.8571428571428571,0.8571428571428571,0.8571428571428571,0.0,0.0,0.0,0.0,0.0,1.1554019208997488,0.0,results/paper_aaai2027/frozen/results/final_mcs_experiments_er_sf_alpha001_nowrong_noweight_50rep_chunked/wc_sweep_bnlearn_cancer_alpha001_nowrong_noweight_seed2026_2075_20260715_154609/summary.json,,,,,,1.0,4.0,,retained CI facts
cancer,Cancer (5),OptABA-PC,9,9.0,2034.0,1.0,0.75,1.0,0.75,1.0,1.0,1.0,0.75,0.75,0.75,1.0,1.0,1.0,0.75,0.75,0.75,1.0,1.0,1.0,1.0,1.0,0.75,0.75,0.75,1.0,1.0,1.0,0.8,0.8,0.8,0.0,0.0,1.13340487703681,0.0,results/paper_aaai2027/frozen/results/final_mcs_experiments_er_sf_alpha001_nowrong_noweight_50rep_chunked/wc_sweep_bnlearn_cancer_alpha001_nowrong_noweight_seed2026_2075_20260715_154609/summary.json,,,,,,1.0,1.0,,retained CI facts
cancer,Cancer (5),OptABA-PC,10,10.0,2035.0,2.0,0.5714,2.25,0.49999693833817493,2.0,2.0,2.0,0.5714,0.5714,0.5714,2.25,1.0,3.0,0.49999693833817493,0.8571428571428571,0.2857020401165781,1.0,4.0,0.8571428571428571,0.8571428571428571,0.8571428571428571,0.5,0.8571428571428571,0.28571428571428575,0.8571428571428571,0.8571428571428571,0.8571428571428571,0.0,0.0,0.0,0.0,0.0,1.124827353283763,0.0,results/paper_aaai2027/frozen/results/final_mcs_experiments_er_sf_alpha001_nowrong_noweight_50rep_chunked/wc_sweep_bnlearn_cancer_alpha001_nowrong_noweight_seed2026_2075_20260715_154609/summary.json,,,,,,1.0,4.0,,retained CI facts
cancer,Cancer (5),OptABA-PC,11,11.0,2036.0,1.0,0.75,1.0,0.75,1.0,1.0,1.0,0.75,0.75,0.75,1.0,1.0,1.0,0.75,0.75,0.75,1.0,1.0,1.0,1.0,1.0,0.75,0.75,0.75,1.0,1.0,1.0,0.8,0.8,0.8,0.0,0.0,1.1457038251683116,0.0,results/paper_aaai2027/frozen/results/final_mcs_experiments_er_sf_alpha001_nowrong_noweight_50rep_chunked/wc_sweep_bnlearn_cancer_alpha001_nowrong_noweight_seed2026_2075_20260715_154609/summary.json,,,,,,1.0,1.0,,retained CI facts
cancer,Cancer (5),OptABA-PC,12,12.0,2037.0,3.0,0.5,3.0,0.5,3.0,3.0,3.0,0.5,0.5,0.5,3.0,3.0,3.0,0.5,0.5,0.5,1.0,1.0,0.75,0.75,0.75,0.5,0.5,0.5,0.75,0.75,0.75,0.5,0.5,0.5,0.0,0.0,1.1658515110611916,0.0,results/paper_aaai2027/frozen/results/final_mcs_experiments_er_sf_alpha001_nowrong_noweight_50rep_chunked/wc_sweep_bnlearn_cancer_alpha001_nowrong_noweight_seed2026_2075_20260715_154609/summary.json,,,,,,1.0,1.0,,retained CI facts
cancer,Cancer (5),OptABA-PC,13,13.0,2038.0,1.0,0.75,1.0,0.75,1.0,1.0,1.0,0.75,0.75,0.75,1.0,1.0,1.0,0.75,0.75,0.75,1.0,1.0,1.0,1.0,1.0,0.75,0.75,0.75,1.0,1.0,1.0,0.8,0.8,0.8,0.0,0.0,1.1317986389622092,0.0,results/paper_aaai2027/frozen/results/final_mcs_experiments_er_sf_alpha001_nowrong_noweight_50rep_chunked/wc_sweep_bnlearn_cancer_alpha001_nowrong_noweight_seed2026_2075_20260715_154609/summary.json,,,,,,1.0,1.0,,retained CI facts
cancer,Cancer (5),OptABA-PC,14,14.0,2039.0,2.0,0.5,2.0,0.5,2.0,2.0,2.0,0.5,0.5,0.5,2.0,2.0,2.0,0.5,0.5,0.5,1.0,1.0,1.0,1.0,1.0,0.5,0.5,0.5,1.0,1.0,1.0,0.5,0.5,0.5,0.0,0.0,1.1382183698005974,0.0,results/paper_aaai2027/frozen/results/final_mcs_experiments_er_sf_alpha001_nowrong_noweight_50rep_chunked/wc_sweep_bnlearn_cancer_alpha001_nowrong_noweight_seed2026_2075_20260715_154609/summary.json,,,,,,1.0,1.0,,retained CI facts
cancer,Cancer (5),OptABA-PC,15,15.0,2040.0,1.0,0.75,1.0,0.75,1.0,1.0,1.0,0.75,0.75,0.75,1.0,1.0,1.0,0.75,0.75,0.75,1.0,1.0,1.0,1.0,1.0,0.75,0.75,0.75,1.0,1.0,1.0,0.8,0.8,0.8,0.0,0.0,1.1429091249592602,0.0,results/paper_aaai2027/frozen/results/final_mcs_experiments_er_sf_alpha001_nowrong_noweight_50rep_chunked/wc_sweep_bnlearn_cancer_alpha001_nowrong_noweight_seed2026_2075_20260715_154609/summary.json,,,,,,1.0,1.0,,retained CI facts
cancer,Cancer (5),OptABA-PC,16,16.0,2041.0,2.0,0.5714,2.0,0.5714408159766863,2.0,2.0,2.0,0.5714,0.5714,0.5714,2.0,2.0,2.0,0.5714408159766863,0.5714408159766863,0.5714408159766863,1.0,1.0,0.8571428571428571,0.8571428571428571,0.8571428571428571,0.5714285714285715,0.5714285714285715,0.5714285714285715,0.8571428571428571,0.8571428571428571,0.8571428571428571,0.5,0.5,0.5,0.0,0.0,0.9383166222833097,0.0,results/paper_aaai2027/frozen/results/final_mcs_experiments_er_sf_alpha001_nowrong_noweight_50rep_chunked/wc_sweep_bnlearn_cancer_alpha001_nowrong_noweight_seed2026_2075_20260715_154609/summary.json,,,,,,1.0,1.0,,retained CI facts
cancer,Cancer (5),OptABA-PC,17,17.0,2042.0,4.0,0.25,4.0,0.25,4.0,4.0,4.0,0.25,0.25,0.25,4.0,4.0,4.0,0.25,0.25,0.25,1.0,2.0,0.75,0.75,0.75,0.25,0.25,0.25,0.75,0.75,0.75,0.4,0.4,0.4,0.0,0.0,0.9729041708633304,0.0,results/paper_aaai2027/frozen/results/final_mcs_experiments_er_sf_alpha001_nowrong_noweight_50rep_chunked/wc_sweep_bnlearn_cancer_alpha001_nowrong_noweight_seed2026_2075_20260715_154609/summary.json,,,,,,1.0,2.0,,retained CI facts
cancer,Cancer (5),OptABA-PC,18,18.0,2043.0,2.0,0.5,2.0,0.5,2.0,2.0,2.0,0.5,0.5,0.5,2.0,2.0,2.0,0.5,0.5,0.5,1.0,1.0,1.0,1.0,1.0,0.5,0.5,0.5,1.0,1.0,1.0,0.6666666666666666,0.6666666666666666,0.6666666666666666,0.0,0.0,1.074878322891891,0.0,results/paper_aaai2027/frozen/results/final_mcs_experiments_er_sf_alpha001_nowrong_noweight_50rep_chunked/wc_sweep_bnlearn_cancer_alpha001_nowrong_noweight_seed2026_2075_20260715_154609/summary.json,,,,,,1.0,1.0,,retained CI facts
cancer,Cancer (5),OptABA-PC,19,19.0,2044.0,4.0,0.0,4.0,0.0,4.0,4.0,4.0,0.0,0.0,0.0,4.0,4.0,4.0,0.0,0.0,0.0,1.0,1.0,0.8571428571428571,0.8571428571428571,0.8571428571428571,0.0,0.0,0.0,0.8571428571428571,0.8571428571428571,0.8571428571428571,0.0,0.0,0.0,0.0,0.0,1.0882480219006538,0.0,results/paper_aaai2027/frozen/results/final_mcs_experiments_er_sf_alpha001_nowrong_noweight_50rep_chunked/wc_sweep_bnlearn_cancer_alpha001_nowrong_noweight_seed2026_2075_20260715_154609/summary.json,,,,,,1.0,1.0,,retained CI facts
cancer,Cancer (5),OptABA-PC,20,20.0,2045.0,0.0,1.0,0.0,1.0,0.0,0.0,0.0,1.0,1.0,1.0,0.0,0.0,0.0,1.0,1.0,1.0,1.0,1.0,1.0,1.0,1.0,1.0,1.0,1.0,1.0,1.0,1.0,1.0,1.0,1.0,1.0,1.0,1.0981031539849937,0.0,results/paper_aaai2027/frozen/results/final_mcs_experiments_er_sf_alpha001_nowrong_noweight_50rep_chunked/wc_sweep_bnlearn_cancer_alpha001_nowrong_noweight_seed2026_2075_20260715_154609/summary.json,,,,,,1.0,1.0,,retained CI facts
cancer,Cancer (5),OptABA-PC,21,21.0,2046.0,1.0,0.75,1.0,0.75,1.0,1.0,1.0,0.75,0.75,0.75,1.0,1.0,1.0,0.75,0.75,0.75,1.0,1.0,1.0,1.0,1.0,0.75,0.75,0.75,1.0,1.0,1.0,0.8,0.8,0.8,0.0,0.0,0.9305176623165607,0.0,results/paper_aaai2027/frozen/results/final_mcs_experiments_er_sf_alpha001_nowrong_noweight_50rep_chunked/wc_sweep_bnlearn_cancer_alpha001_nowrong_noweight_seed2026_2075_20260715_154609/summary.json,,,,,,1.0,1.0,,retained CI facts
cancer,Cancer (5),OptABA-PC,22,22.0,2047.0,2.0,0.5,2.0,0.5,2.0,2.0,2.0,0.5,0.5,0.5,2.0,2.0,2.0,0.5,0.5,0.5,1.0,1.0,1.0,1.0,1.0,0.5,0.5,0.5,1.0,1.0,1.0,0.6666666666666666,0.6666666666666666,0.6666666666666666,0.0,0.0,0.9241098938509822,0.0,results/paper_aaai2027/frozen/results/final_mcs_experiments_er_sf_alpha001_nowrong_noweight_50rep_chunked/wc_sweep_bnlearn_cancer_alpha001_nowrong_noweight_seed2026_2075_20260715_154609/summary.json,,,,,,1.0,1.0,,retained CI facts
cancer,Cancer (5),OptABA-PC,23,23.0,2048.0,1.0,0.75,1.0,0.75,1.0,1.0,1.0,0.75,0.75,0.75,1.0,1.0,1.0,0.75,0.75,0.75,1.0,1.0,1.0,1.0,1.0,0.75,0.75,0.75,1.0,1.0,1.0,0.8,0.8,0.8,0.0,0.0,0.9140217816457152,0.0,results/paper_aaai2027/frozen/results/final_mcs_experiments_er_sf_alpha001_nowrong_noweight_50rep_chunked/wc_sweep_bnlearn_cancer_alpha001_nowrong_noweight_seed2026_2075_20260715_154609/summary.json,,,,,,1.0,1.0,,retained CI facts
cancer,Cancer (5),OptABA-PC,24,24.0,2049.0,2.0,0.5714,2.25,0.49999693833817493,2.0,2.0,2.0,0.5714,0.5714,0.5714,2.25,1.0,3.0,0.49999693833817493,0.8571428571428571,0.2857020401165781,1.0,4.0,0.8571428571428571,0.8571428571428571,0.8571428571428571,0.5,0.8571428571428571,0.28571428571428575,0.8571428571428571,0.8571428571428571,0.8571428571428571,0.0,0.0,0.0,0.0,0.0,0.8928435440175235,0.0,results/paper_aaai2027/frozen/results/final_mcs_experiments_er_sf_alpha001_nowrong_noweight_50rep_chunked/wc_sweep_bnlearn_cancer_alpha001_nowrong_noweight_seed2026_2075_20260715_154609/summary.json,,,,,,1.0,4.0,,retained CI facts
cancer,Cancer (5),OptABA-PC,25,25.0,2050.0,4.0,0.0,4.0,0.0,4.0,4.0,4.0,0.0,0.0,0.0,4.0,4.0,4.0,0.0,0.0,0.0,1.0,1.0,0.8571428571428571,0.8571428571428571,0.8571428571428571,0.0,0.0,0.0,0.8571428571428571,0.8571428571428571,0.8571428571428571,0.0,0.0,0.0,0.0,0.0,0.9070746102370322,0.0,results/paper_aaai2027/frozen/results/final_mcs_experiments_er_sf_alpha001_nowrong_noweight_50rep_chunked/wc_sweep_bnlearn_cancer_alpha001_nowrong_noweight_seed2026_2075_20260715_154609/summary.json,,,,,,1.0,1.0,,retained CI facts
cancer,Cancer (5),OptABA-PC,26,26.0,2051.0,2.0,0.5,2.0,0.5,2.0,2.0,2.0,0.5,0.5,0.5,2.0,2.0,2.0,0.5,0.5,0.5,1.0,1.0,1.0,1.0,1.0,0.5,0.5,0.5,1.0,1.0,1.0,0.6666666666666666,0.6666666666666666,0.6666666666666666,0.0,0.0,0.8979837242513895,0.0,results/paper_aaai2027/frozen/results/final_mcs_experiments_er_sf_alpha001_nowrong_noweight_50rep_chunked/wc_sweep_bnlearn_cancer_alpha001_nowrong_noweight_seed2026_2075_20260715_154609/summary.json,,,,,,1.0,1.0,,retained CI facts
cancer,Cancer (5),OptABA-PC,27,27.0,2052.0,3.0,0.25,3.0,0.25,3.0,3.0,3.0,0.25,0.25,0.25,3.0,3.0,3.0,0.25,0.25,0.25,1.0,1.0,1.0,1.0,1.0,0.25,0.25,0.25,1.0,1.0,1.0,0.4,0.4,0.4,0.0,0.0,0.9070093622431159,0.0,results/paper_aaai2027/frozen/results/final_mcs_experiments_er_sf_alpha001_nowrong_noweight_50rep_chunked/wc_sweep_bnlearn_cancer_alpha001_nowrong_noweight_seed2026_2075_20260715_154609/summary.json,,,,,,1.0,1.0,,retained CI facts
cancer,Cancer (5),OptABA-PC,28,28.0,2053.0,2.0,0.5,2.0,0.5,2.0,2.0,2.0,0.5,0.5,0.5,2.0,2.0,2.0,0.5,0.5,0.5,1.0,1.0,1.0,1.0,1.0,0.5,0.5,0.5,1.0,1.0,1.0,0.6666666666666666,0.6666666666666666,0.6666666666666666,0.0,0.0,0.9148721350356936,0.0,results/paper_aaai2027/frozen/results/final_mcs_experiments_er_sf_alpha001_nowrong_noweight_50rep_chunked/wc_sweep_bnlearn_cancer_alpha001_nowrong_noweight_seed2026_2075_20260715_154609/summary.json,,,,,,1.0,1.0,,retained CI facts
cancer,Cancer (5),OptABA-PC,29,29.0,2054.0,2.0,0.5714,2.25,0.49999693833817493,2.0,2.0,2.0,0.5714,0.5714,0.5714,2.25,1.0,3.0,0.49999693833817493,0.8571428571428571,0.2857020401165781,1.0,4.0,0.8571428571428571,0.8571428571428571,0.8571428571428571,0.5,0.8571428571428571,0.28571428571428575,0.8571428571428571,0.8571428571428571,0.8571428571428571,0.0,0.0,0.0,0.0,0.0,0.9275049162097275,0.0,results/paper_aaai2027/frozen/results/final_mcs_experiments_er_sf_alpha001_nowrong_noweight_50rep_chunked/wc_sweep_bnlearn_cancer_alpha001_nowrong_noweight_seed2026_2075_20260715_154609/summary.json,,,,,,1.0,4.0,,retained CI facts
cancer,Cancer (5),OptABA-PC,30,30.0,2055.0,3.0,0.5,3.6666666666666665,0.3333333333333333,3.0,3.0,3.0,0.5,0.5,0.5,3.6666666666666665,3.0,4.0,0.3333333333333333,0.5,0.25,1.0,3.0,0.75,0.75,0.75,0.3333333333333333,0.5,0.25,0.75,0.75,0.75,0.0,0.0,0.0,0.0,0.0,0.9326086519286036,0.0,results/paper_aaai2027/frozen/results/final_mcs_experiments_er_sf_alpha001_nowrong_noweight_50rep_chunked/wc_sweep_bnlearn_cancer_alpha001_nowrong_noweight_seed2026_2075_20260715_154609/summary.json,,,,,,1.0,3.0,,retained CI facts
cancer,Cancer (5),OptABA-PC,31,31.0,2056.0,2.0,0.5,2.0,0.5,2.0,2.0,2.0,0.5,0.5,0.5,2.0,2.0,2.0,0.5,0.5,0.5,1.0,1.0,1.0,1.0,1.0,0.5,0.5,0.5,1.0,1.0,1.0,0.6666666666666666,0.6666666666666666,0.6666666666666666,0.0,0.0,1.5335088185966015,0.0,results/paper_aaai2027/frozen/results/final_mcs_experiments_er_sf_alpha001_nowrong_noweight_50rep_chunked/wc_sweep_bnlearn_cancer_alpha001_nowrong_noweight_seed2026_2075_20260715_154609/summary.json,,,,,,1.0,1.0,,retained CI facts
cancer,Cancer (5),OptABA-PC,32,32.0,2057.0,2.0,0.5714,2.0,0.5714408159766863,2.0,2.0,2.0,0.5714,0.5714,0.5714,2.0,2.0,2.0,0.5714408159766863,0.5714408159766863,0.5714408159766863,1.0,1.0,0.8571428571428571,0.8571428571428571,0.8571428571428571,0.5714285714285715,0.5714285714285715,0.5714285714285715,0.8571428571428571,0.8571428571428571,0.8571428571428571,0.5,0.5,0.5,0.0,0.0,0.8931118240579963,0.0,results/paper_aaai2027/frozen/results/final_mcs_experiments_er_sf_alpha001_nowrong_noweight_50rep_chunked/wc_sweep_bnlearn_cancer_alpha001_nowrong_noweight_seed2026_2075_20260715_154609/summary.json,,,,,,1.0,1.0,,retained CI facts
cancer,Cancer (5),OptABA-PC,33,33.0,2058.0,1.0,0.75,1.0,0.75,1.0,1.0,1.0,0.75,0.75,0.75,1.0,1.0,1.0,0.75,0.75,0.75,1.0,1.0,1.0,1.0,1.0,0.75,0.75,0.75,1.0,1.0,1.0,0.8,0.8,0.8,0.0,0.0,0.9650358976796269,0.0,results/paper_aaai2027/frozen/results/final_mcs_experiments_er_sf_alpha001_nowrong_noweight_50rep_chunked/wc_sweep_bnlearn_cancer_alpha001_nowrong_noweight_seed2026_2075_20260715_154609/summary.json,,,,,,1.0,1.0,,retained CI facts
cancer,Cancer (5),OptABA-PC,34,34.0,2059.0,4.0,0.0,4.0,0.0,4.0,4.0,4.0,0.0,0.0,0.0,4.0,4.0,4.0,0.0,0.0,0.0,1.0,1.0,0.8571428571428571,0.8571428571428571,0.8571428571428571,0.0,0.0,0.0,0.8571428571428571,0.8571428571428571,0.8571428571428571,0.0,0.0,0.0,0.0,0.0,0.914320747833699,0.0,results/paper_aaai2027/frozen/results/final_mcs_experiments_er_sf_alpha001_nowrong_noweight_50rep_chunked/wc_sweep_bnlearn_cancer_alpha001_nowrong_noweight_seed2026_2075_20260715_154609/summary.json,,,,,,1.0,1.0,,retained CI facts
cancer,Cancer (5),OptABA-PC,35,35.0,2060.0,2.0,0.5,2.0,0.5,2.0,2.0,2.0,0.5,0.5,0.5,2.0,2.0,2.0,0.5,0.5,0.5,1.0,1.0,1.0,1.0,1.0,0.5,0.5,0.5,1.0,1.0,1.0,0.6666666666666666,0.6666666666666666,0.6666666666666666,0.0,0.0,1.6484905909746885,0.0,results/paper_aaai2027/frozen/results/final_mcs_experiments_er_sf_alpha001_nowrong_noweight_50rep_chunked/wc_sweep_bnlearn_cancer_alpha001_nowrong_noweight_seed2026_2075_20260715_154609/summary.json,,,,,,1.0,1.0,,retained CI facts
cancer,Cancer (5),OptABA-PC,36,36.0,2061.0,2.0,0.5714,2.25,0.49999693833817493,2.0,2.0,2.0,0.5714,0.5714,0.5714,2.25,1.0,3.0,0.49999693833817493,0.8571428571428571,0.2857020401165781,1.0,4.0,0.8571428571428571,0.8571428571428571,0.8571428571428571,0.5,0.8571428571428571,0.28571428571428575,0.8571428571428571,0.8571428571428571,0.8571428571428571,0.0,0.0,0.0,0.0,0.0,0.9217766732908785,0.0,results/paper_aaai2027/frozen/results/final_mcs_experiments_er_sf_alpha001_nowrong_noweight_50rep_chunked/wc_sweep_bnlearn_cancer_alpha001_nowrong_noweight_seed2026_2075_20260715_154609/summary.json,,,,,,1.0,4.0,,retained CI facts
cancer,Cancer (5),OptABA-PC,37,37.0,2062.0,0.0,1.0,0.0,1.0,0.0,0.0,0.0,1.0,1.0,1.0,0.0,0.0,0.0,1.0,1.0,1.0,1.0,1.0,1.0,1.0,1.0,1.0,1.0,1.0,1.0,1.0,1.0,1.0,1.0,1.0,1.0,1.0,1.7552505736239254,0.0,results/paper_aaai2027/frozen/results/final_mcs_experiments_er_sf_alpha001_nowrong_noweight_50rep_chunked/wc_sweep_bnlearn_cancer_alpha001_nowrong_noweight_seed2026_2075_20260715_154609/summary.json,,,,,,1.0,1.0,,retained CI facts
cancer,Cancer (5),OptABA-PC,38,38.0,2063.0,4.0,0.0,4.0,0.0,4.0,4.0,4.0,0.0,0.0,0.0,4.0,4.0,4.0,0.0,0.0,0.0,1.0,1.0,0.8571428571428571,0.8571428571428571,0.8571428571428571,0.0,0.0,0.0,0.8571428571428571,0.8571428571428571,0.8571428571428571,0.0,0.0,0.0,0.0,0.0,1.696031244006008,0.0,results/paper_aaai2027/frozen/results/final_mcs_experiments_er_sf_alpha001_nowrong_noweight_50rep_chunked/wc_sweep_bnlearn_cancer_alpha001_nowrong_noweight_seed2026_2075_20260715_154609/summary.json,,,,,,1.0,1.0,,retained CI facts
cancer,Cancer (5),OptABA-PC,39,39.0,2064.0,2.0,0.5,2.0,0.5,2.0,2.0,2.0,0.5,0.5,0.5,2.0,2.0,2.0,0.5,0.5,0.5,1.0,1.0,1.0,1.0,1.0,0.5,0.5,0.5,1.0,1.0,1.0,0.6666666666666666,0.6666666666666666,0.6666666666666666,0.0,0.0,1.723605623934418,0.0,results/paper_aaai2027/frozen/results/final_mcs_experiments_er_sf_alpha001_nowrong_noweight_50rep_chunked/wc_sweep_bnlearn_cancer_alpha001_nowrong_noweight_seed2026_2075_20260715_154609/summary.json,,,,,,1.0,1.0,,retained CI facts
cancer,Cancer (5),OptABA-PC,40,40.0,2065.0,0.0,1.0,0.0,1.0,0.0,0.0,0.0,1.0,1.0,1.0,0.0,0.0,0.0,1.0,1.0,1.0,1.0,1.0,1.0,1.0,1.0,1.0,1.0,1.0,1.0,1.0,1.0,1.0,1.0,1.0,1.0,1.0,1.7672127932310104,0.0,results/paper_aaai2027/frozen/results/final_mcs_experiments_er_sf_alpha001_nowrong_noweight_50rep_chunked/wc_sweep_bnlearn_cancer_alpha001_nowrong_noweight_seed2026_2075_20260715_154609/summary.json,,,,,,1.0,1.0,,retained CI facts
cancer,Cancer (5),OptABA-PC,41,41.0,2066.0,0.0,1.0,0.0,1.0,0.0,0.0,0.0,1.0,1.0,1.0,0.0,0.0,0.0,1.0,1.0,1.0,1.0,1.0,1.0,1.0,1.0,1.0,1.0,1.0,1.0,1.0,1.0,1.0,1.0,1.0,1.0,1.0,1.7886173529550433,0.0,results/paper_aaai2027/frozen/results/final_mcs_experiments_er_sf_alpha001_nowrong_noweight_50rep_chunked/wc_sweep_bnlearn_cancer_alpha001_nowrong_noweight_seed2026_2075_20260715_154609/summary.json,,,,,,1.0,1.0,,retained CI facts
cancer,Cancer (5),OptABA-PC,42,42.0,2067.0,1.0,0.75,1.0,0.75,1.0,1.0,1.0,0.75,0.75,0.75,1.0,1.0,1.0,0.75,0.75,0.75,1.0,1.0,1.0,1.0,1.0,0.75,0.75,0.75,1.0,1.0,1.0,0.8,0.8,0.8,0.0,0.0,1.7988524711690843,0.0,results/paper_aaai2027/frozen/results/final_mcs_experiments_er_sf_alpha001_nowrong_noweight_50rep_chunked/wc_sweep_bnlearn_cancer_alpha001_nowrong_noweight_seed2026_2075_20260715_154609/summary.json,,,,,,1.0,1.0,,retained CI facts
cancer,Cancer (5),OptABA-PC,43,43.0,2068.0,1.0,0.75,1.0,0.75,1.0,1.0,1.0,0.75,0.75,0.75,1.0,1.0,1.0,0.75,0.75,0.75,1.0,1.0,1.0,1.0,1.0,0.75,0.75,0.75,1.0,1.0,1.0,0.8,0.8,0.8,0.0,0.0,1.814406766090542,0.0,results/paper_aaai2027/frozen/results/final_mcs_experiments_er_sf_alpha001_nowrong_noweight_50rep_chunked/wc_sweep_bnlearn_cancer_alpha001_nowrong_noweight_seed2026_2075_20260715_154609/summary.json,,,,,,1.0,1.0,,retained CI facts
cancer,Cancer (5),OptABA-PC,44,44.0,2069.0,2.0,0.5,2.0,0.5,2.0,2.0,2.0,0.5,0.5,0.5,2.0,2.0,2.0,0.5,0.5,0.5,1.0,1.0,1.0,1.0,1.0,0.5,0.5,0.5,1.0,1.0,1.0,0.6666666666666666,0.6666666666666666,0.6666666666666666,0.0,0.0,1.8976369639858603,0.0,results/paper_aaai2027/frozen/results/final_mcs_experiments_er_sf_alpha001_nowrong_noweight_50rep_chunked/wc_sweep_bnlearn_cancer_alpha001_nowrong_noweight_seed2026_2075_20260715_154609/summary.json,,,,,,1.0,1.0,,retained CI facts
cancer,Cancer (5),OptABA-PC,45,45.0,2070.0,2.0,0.5714,2.0,0.5714408159766863,2.0,2.0,2.0,0.5714,0.5714,0.5714,2.0,2.0,2.0,0.5714408159766863,0.5714408159766863,0.5714408159766863,1.0,1.0,0.8571428571428571,0.8571428571428571,0.8571428571428571,0.5714285714285715,0.5714285714285715,0.5714285714285715,0.8571428571428571,0.8571428571428571,0.8571428571428571,0.5,0.5,0.5,0.0,0.0,1.8884422536939383,0.0,results/paper_aaai2027/frozen/results/final_mcs_experiments_er_sf_alpha001_nowrong_noweight_50rep_chunked/wc_sweep_bnlearn_cancer_alpha001_nowrong_noweight_seed2026_2075_20260715_154609/summary.json,,,,,,1.0,1.0,,retained CI facts
cancer,Cancer (5),OptABA-PC,46,46.0,2071.0,2.0,0.5714,2.0,0.5714408159766863,2.0,2.0,2.0,0.5714,0.5714,0.5714,2.0,2.0,2.0,0.5714408159766863,0.5714408159766863,0.5714408159766863,1.0,1.0,0.8571428571428571,0.8571428571428571,0.8571428571428571,0.5714285714285715,0.5714285714285715,0.5714285714285715,0.8571428571428571,0.8571428571428571,0.8571428571428571,0.5,0.5,0.5,0.0,0.0,1.8467041701078415,0.0,results/paper_aaai2027/frozen/results/final_mcs_experiments_er_sf_alpha001_nowrong_noweight_50rep_chunked/wc_sweep_bnlearn_cancer_alpha001_nowrong_noweight_seed2026_2075_20260715_154609/summary.json,,,,,,1.0,1.0,,retained CI facts
cancer,Cancer (5),OptABA-PC,47,47.0,2072.0,2.0,0.5714,2.0,0.5714408159766863,2.0,2.0,2.0,0.5714,0.5714,0.5714,2.0,2.0,2.0,0.5714408159766863,0.5714408159766863,0.5714408159766863,1.0,1.0,0.8571428571428571,0.8571428571428571,0.8571428571428571,0.5714285714285715,0.5714285714285715,0.5714285714285715,0.8571428571428571,0.8571428571428571,0.8571428571428571,0.5,0.5,0.5,0.0,0.0,1.872543775010854,0.0,results/paper_aaai2027/frozen/results/final_mcs_experiments_er_sf_alpha001_nowrong_noweight_50rep_chunked/wc_sweep_bnlearn_cancer_alpha001_nowrong_noweight_seed2026_2075_20260715_154609/summary.json,,,,,,1.0,1.0,,retained CI facts
cancer,Cancer (5),OptABA-PC,48,48.0,2073.0,3.0,0.4444,3.0,0.4444444444444445,3.0,3.0,3.0,0.4444,0.4444,0.4444,3.0,3.0,3.0,0.4444444444444445,0.4444444444444445,0.4444444444444445,1.0,2.0,0.888888888888889,0.888888888888889,0.888888888888889,0.4444444444444445,0.4444444444444445,0.4444444444444445,0.888888888888889,0.888888888888889,0.888888888888889,0.6666666666666666,0.6666666666666666,0.6666666666666666,0.0,0.0,1.9054167699068785,0.0,results/paper_aaai2027/frozen/results/final_mcs_experiments_er_sf_alpha001_nowrong_noweight_50rep_chunked/wc_sweep_bnlearn_cancer_alpha001_nowrong_noweight_seed2026_2075_20260715_154609/summary.json,,,,,,1.0,2.0,,retained CI facts
cancer,Cancer (5),OptABA-PC,49,49.0,2074.0,0.0,1.0,0.0,1.0,0.0,0.0,0.0,1.0,1.0,1.0,0.0,0.0,0.0,1.0,1.0,1.0,1.0,1.0,1.0,1.0,1.0,1.0,1.0,1.0,1.0,1.0,1.0,1.0,1.0,1.0,1.0,1.0,1.9252607231028378,0.0,results/paper_aaai2027/frozen/results/final_mcs_experiments_er_sf_alpha001_nowrong_noweight_50rep_chunked/wc_sweep_bnlearn_cancer_alpha001_nowrong_noweight_seed2026_2075_20260715_154609/summary.json,,,,,,1.0,1.0,,retained CI facts
cancer,Cancer (5),OptABA-PC,50,50.0,2075.0,1.0,0.75,1.0,0.75,1.0,1.0,1.0,0.75,0.75,0.75,1.0,1.0,1.0,0.75,0.75,0.75,1.0,1.0,1.0,1.0,1.0,0.75,0.75,0.75,1.0,1.0,1.0,0.8,0.8,0.8,0.0,0.0,1.921185687649995,0.0,results/paper_aaai2027/frozen/results/final_mcs_experiments_er_sf_alpha001_nowrong_noweight_50rep_chunked/wc_sweep_bnlearn_cancer_alpha001_nowrong_noweight_seed2026_2075_20260715_154609/summary.json,,,,,,1.0,1.0,,retained CI facts
cancer,Cancer (5),MPC,1,,2026.0,2.0,0.5714,4.0,0.0,2.0,2.0,2.0,0.5714,0.5714,0.5714,2.25,1.0,3.0,0.499975,0.8571,0.2857,0.0,0.0,,,,,,,,,,,,,,0.0,0.0086400508880615,,paper_bnlearn_alpha001_nowrong_noweight_50rep_mpc_fgs,results/paper_aaai2027/frozen/results/estimated_graphs/paper_bnlearn_alpha001_nowrong_noweight_50rep_mpc_fgs/cancer/MPC/run_0000_seed_2026.npz,,paper_bnlearn_alpha001_nowrong_noweight_50rep_mpc_fgs,1.0,,1.0,4.0,,full recorded matched G2 CI trace
cancer,Cancer (5),MPC,2,,2027.0,2.0,0.5714,4.0,0.0,2.0,2.0,2.0,0.5714,0.5714,0.5714,2.25,1.0,3.0,0.499975,0.8571,0.2857,0.0,0.0,,,,,,,,,,,,,,0.0,0.0100069046020507,,paper_bnlearn_alpha001_nowrong_noweight_50rep_mpc_fgs,results/paper_aaai2027/frozen/results/estimated_graphs/paper_bnlearn_alpha001_nowrong_noweight_50rep_mpc_fgs/cancer/MPC/run_0001_seed_2027.npz,,paper_bnlearn_alpha001_nowrong_noweight_50rep_mpc_fgs,1.0,,1.0,4.0,,full recorded matched G2 CI trace
cancer,Cancer (5),MPC,3,,2028.0,2.0,0.5714,4.0,0.0,2.0,2.0,2.0,0.5714,0.5714,0.5714,2.25,1.0,3.0,0.499975,0.8571,0.2857,0.0,0.0,,,,,,,,,,,,,,0.0,0.0083479881286621,,paper_bnlearn_alpha001_nowrong_noweight_50rep_mpc_fgs,results/paper_aaai2027/frozen/results/estimated_graphs/paper_bnlearn_alpha001_nowrong_noweight_50rep_mpc_fgs/cancer/MPC/run_0002_seed_2028.npz,,paper_bnlearn_alpha001_nowrong_noweight_50rep_mpc_fgs,1.0,,1.0,4.0,,full recorded matched G2 CI trace
cancer,Cancer (5),MPC,4,,2029.0,2.0,0.5714,4.0,0.0,2.0,2.0,2.0,0.5714,0.5714,0.5714,2.25,1.0,3.0,0.499975,0.8571,0.2857,0.0,0.0,,,,,,,,,,,,,,0.0,0.010016918182373,,paper_bnlearn_alpha001_nowrong_noweight_50rep_mpc_fgs,results/paper_aaai2027/frozen/results/estimated_graphs/paper_bnlearn_alpha001_nowrong_noweight_50rep_mpc_fgs/cancer/MPC/run_0003_seed_2029.npz,,paper_bnlearn_alpha001_nowrong_noweight_50rep_mpc_fgs,1.0,,1.0,4.0,,full recorded matched G2 CI trace
cancer,Cancer (5),MPC,5,,2030.0,0.0,1.0,0.0,1.0,0.0,0.0,0.0,1.0,1.0,1.0,0.0,0.0,0.0,1.0,1.0,1.0,0.0,0.0,,,,,,,,,,,,,,1.0,0.0140345096588134,,paper_bnlearn_alpha001_nowrong_noweight_50rep_mpc_fgs,results/paper_aaai2027/frozen/results/estimated_graphs/paper_bnlearn_alpha001_nowrong_noweight_50rep_mpc_fgs/cancer/MPC/run_0004_seed_2030.npz,,paper_bnlearn_alpha001_nowrong_noweight_50rep_mpc_fgs,1.0,,1.0,1.0,,full recorded matched G2 CI trace
cancer,Cancer (5),MPC,6,,2031.0,2.0,0.5,4.0,0.0,2.0,2.0,2.0,0.5,0.5,0.5,2.0,1.0,3.0,0.5,0.75,0.25,0.0,0.0,,,,,,,,,,,,,,0.0,0.0136411190032958,,paper_bnlearn_alpha001_nowrong_noweight_50rep_mpc_fgs,results/paper_aaai2027/frozen/results/estimated_graphs/paper_bnlearn_alpha001_nowrong_noweight_50rep_mpc_fgs/cancer/MPC/run_0005_seed_2031.npz,,paper_bnlearn_alpha001_nowrong_noweight_50rep_mpc_fgs,1.0,,1.0,5.0,,full recorded matched G2 CI trace
cancer,Cancer (5),MPC,7,,2032.0,0.0,1.0,0.0,1.0,0.0,0.0,0.0,1.0,1.0,1.0,0.0,0.0,0.0,1.0,1.0,1.0,0.0,0.0,,,,,,,,,,,,,,1.0,0.0138468742370605,,paper_bnlearn_alpha001_nowrong_noweight_50rep_mpc_fgs,results/paper_aaai2027/frozen/results/estimated_graphs/paper_bnlearn_alpha001_nowrong_noweight_50rep_mpc_fgs/cancer/MPC/run_0006_seed_2032.npz,,paper_bnlearn_alpha001_nowrong_noweight_50rep_mpc_fgs,1.0,,1.0,1.0,,full recorded matched G2 CI trace
cancer,Cancer (5),MPC,8,,2033.0,2.0,0.5714,4.0,0.0,2.0,2.0,2.0,0.5714,0.5714,0.5714,2.25,1.0,3.0,0.499975,0.8571,0.2857,0.0,0.0,,,,,,,,,,,,,,0.0,0.0081169605255126,,paper_bnlearn_alpha001_nowrong_noweight_50rep_mpc_fgs,results/paper_aaai2027/frozen/results/estimated_graphs/paper_bnlearn_alpha001_nowrong_noweight_50rep_mpc_fgs/cancer/MPC/run_0007_seed_2033.npz,,paper_bnlearn_alpha001_nowrong_noweight_50rep_mpc_fgs,1.0,,1.0,4.0,,full recorded matched G2 CI trace
cancer,Cancer (5),MPC,9,,2034.0,0.0,1.0,0.0,1.0,0.0,0.0,0.0,1.0,1.0,1.0,0.0,0.0,0.0,1.0,1.0,1.0,0.0,0.0,,,,,,,,,,,,,,1.0,0.0139415264129638,,paper_bnlearn_alpha001_nowrong_noweight_50rep_mpc_fgs,results/paper_aaai2027/frozen/results/estimated_graphs/paper_bnlearn_alpha001_nowrong_noweight_50rep_mpc_fgs/cancer/MPC/run_0008_seed_2034.npz,,paper_bnlearn_alpha001_nowrong_noweight_50rep_mpc_fgs,1.0,,1.0,1.0,,full recorded matched G2 CI trace
cancer,Cancer (5),MPC,10,,2035.0,2.0,0.5714,4.0,0.0,2.0,2.0,2.0,0.5714,0.5714,0.5714,2.25,1.0,3.0,0.499975,0.8571,0.2857,0.0,0.0,,,,,,,,,,,,,,0.0,0.0084688663482666,,paper_bnlearn_alpha001_nowrong_noweight_50rep_mpc_fgs,results/paper_aaai2027/frozen/results/estimated_graphs/paper_bnlearn_alpha001_nowrong_noweight_50rep_mpc_fgs/cancer/MPC/run_0009_seed_2035.npz,,paper_bnlearn_alpha001_nowrong_noweight_50rep_mpc_fgs,1.0,,1.0,4.0,,full recorded matched G2 CI trace
cancer,Cancer (5),MPC,11,,2036.0,2.0,0.5,4.0,0.0,2.0,2.0,2.0,0.5,0.5,0.5,2.0,1.0,3.0,0.5,0.75,0.25,0.0,0.0,,,,,,,,,,,,,,0.0,0.0137488842010498,,paper_bnlearn_alpha001_nowrong_noweight_50rep_mpc_fgs,results/paper_aaai2027/frozen/results/estimated_graphs/paper_bnlearn_alpha001_nowrong_noweight_50rep_mpc_fgs/cancer/MPC/run_0010_seed_2036.npz,,paper_bnlearn_alpha001_nowrong_noweight_50rep_mpc_fgs,1.0,,1.0,5.0,,full recorded matched G2 CI trace
cancer,Cancer (5),MPC,12,,2037.0,3.0,0.5,4.0,0.0,3.0,3.0,3.0,0.5,0.5,0.5,3.5,2.0,5.0,0.375,0.75,0.0,0.0,0.0,,,,,,,,,,,,,,0.0,0.0092735290527343,,paper_bnlearn_alpha001_nowrong_noweight_50rep_mpc_fgs,results/paper_aaai2027/frozen/results/estimated_graphs/paper_bnlearn_alpha001_nowrong_noweight_50rep_mpc_fgs/cancer/MPC/run_0011_seed_2037.npz,,paper_bnlearn_alpha001_nowrong_noweight_50rep_mpc_fgs,1.0,,1.0,8.0,,full recorded matched G2 CI trace
cancer,Cancer (5),MPC,13,,2038.0,1.0,0.8571,1.0,0.8571,1.0,1.0,1.0,0.8571,0.8571,0.8571,1.0,1.0,1.0,0.8571,0.8571,0.8571,0.0,0.0,,,,,,,,,,,,,,0.0,0.0134000778198242,,paper_bnlearn_alpha001_nowrong_noweight_50rep_mpc_fgs,results/paper_aaai2027/frozen/results/estimated_graphs/paper_bnlearn_alpha001_nowrong_noweight_50rep_mpc_fgs/cancer/MPC/run_0012_seed_2038.npz,,paper_bnlearn_alpha001_nowrong_noweight_50rep_mpc_fgs,1.0,,1.0,1.0,,full recorded matched G2 CI trace
cancer,Cancer (5),MPC,14,,2039.0,2.0,0.5,4.0,0.0,2.0,2.0,2.0,0.5,0.5,0.5,2.0,1.0,3.0,0.5,0.75,0.25,0.0,0.0,,,,,,,,,,,,,,0.0,0.0147140026092529,,paper_bnlearn_alpha001_nowrong_noweight_50rep_mpc_fgs,results/paper_aaai2027/frozen/results/estimated_graphs/paper_bnlearn_alpha001_nowrong_noweight_50rep_mpc_fgs/cancer/MPC/run_0013_seed_2039.npz,,paper_bnlearn_alpha001_nowrong_noweight_50rep_mpc_fgs,1.0,,1.0,5.0,,full recorded matched G2 CI trace
cancer,Cancer (5),MPC,15,,2040.0,0.0,1.0,0.0,1.0,0.0,0.0,0.0,1.0,1.0,1.0,0.0,0.0,0.0,1.0,1.0,1.0,0.0,0.0,,,,,,,,,,,,,,1.0,0.015934944152832,,paper_bnlearn_alpha001_nowrong_noweight_50rep_mpc_fgs,results/paper_aaai2027/frozen/results/estimated_graphs/paper_bnlearn_alpha001_nowrong_noweight_50rep_mpc_fgs/cancer/MPC/run_0014_seed_2040.npz,,paper_bnlearn_alpha001_nowrong_noweight_50rep_mpc_fgs,1.0,,1.0,1.0,,full recorded matched G2 CI trace
cancer,Cancer (5),MPC,16,,2041.0,2.0,0.5714,4.0,0.0,2.0,2.0,2.0,0.5714,0.5714,0.5714,2.25,1.0,3.0,0.499975,0.8571,0.2857,0.0,0.0,,,,,,,,,,,,,,0.0,0.0090022087097167,,paper_bnlearn_alpha001_nowrong_noweight_50rep_mpc_fgs,results/paper_aaai2027/frozen/results/estimated_graphs/paper_bnlearn_alpha001_nowrong_noweight_50rep_mpc_fgs/cancer/MPC/run_0015_seed_2041.npz,,paper_bnlearn_alpha001_nowrong_noweight_50rep_mpc_fgs,1.0,,1.0,4.0,,full recorded matched G2 CI trace
cancer,Cancer (5),MPC,17,,2042.0,2.0,0.5714,4.0,0.0,2.0,2.0,2.0,0.5714,0.5714,0.5714,2.25,1.0,3.0,0.499975,0.8571,0.2857,0.0,0.0,,,,,,,,,,,,,,0.0,0.0107228755950927,,paper_bnlearn_alpha001_nowrong_noweight_50rep_mpc_fgs,results/paper_aaai2027/frozen/results/estimated_graphs/paper_bnlearn_alpha001_nowrong_noweight_50rep_mpc_fgs/cancer/MPC/run_0016_seed_2042.npz,,paper_bnlearn_alpha001_nowrong_noweight_50rep_mpc_fgs,1.0,,1.0,4.0,,full recorded matched G2 CI trace
cancer,Cancer (5),MPC,18,,2043.0,3.0,0.2857,4.0,0.0,3.0,3.0,3.0,0.2857,0.2857,0.2857,2.75,2.0,4.0,0.357125,0.5714,0.0,0.0,0.0,,,,,,,,,,,,,,0.0,0.0106678009033203,,paper_bnlearn_alpha001_nowrong_noweight_50rep_mpc_fgs,results/paper_aaai2027/frozen/results/estimated_graphs/paper_bnlearn_alpha001_nowrong_noweight_50rep_mpc_fgs/cancer/MPC/run_0017_seed_2043.npz,,paper_bnlearn_alpha001_nowrong_noweight_50rep_mpc_fgs,1.0,,1.0,4.0,,full recorded matched G2 CI trace
cancer,Cancer (5),MPC,19,,2044.0,2.0,0.5714,4.0,0.0,2.0,2.0,2.0,0.5714,0.5714,0.5714,2.25,1.0,3.0,0.499975,0.8571,0.2857,0.0,0.0,,,,,,,,,,,,,,0.0,0.0086839199066162,,paper_bnlearn_alpha001_nowrong_noweight_50rep_mpc_fgs,results/paper_aaai2027/frozen/results/estimated_graphs/paper_bnlearn_alpha001_nowrong_noweight_50rep_mpc_fgs/cancer/MPC/run_0018_seed_2044.npz,,paper_bnlearn_alpha001_nowrong_noweight_50rep_mpc_fgs,1.0,,1.0,4.0,,full recorded matched G2 CI trace
cancer,Cancer (5),MPC,20,,2045.0,0.0,1.0,0.0,1.0,0.0,0.0,0.0,1.0,1.0,1.0,0.0,0.0,0.0,1.0,1.0,1.0,0.0,0.0,,,,,,,,,,,,,,1.0,0.0153820514678955,,paper_bnlearn_alpha001_nowrong_noweight_50rep_mpc_fgs,results/paper_aaai2027/frozen/results/estimated_graphs/paper_bnlearn_alpha001_nowrong_noweight_50rep_mpc_fgs/cancer/MPC/run_0019_seed_2045.npz,,paper_bnlearn_alpha001_nowrong_noweight_50rep_mpc_fgs,1.0,,1.0,1.0,,full recorded matched G2 CI trace
cancer,Cancer (5),MPC,21,,2046.0,0.0,1.0,0.0,1.0,0.0,0.0,0.0,1.0,1.0,1.0,0.0,0.0,0.0,1.0,1.0,1.0,0.0,0.0,,,,,,,,,,,,,,1.0,0.0157310962677001,,paper_bnlearn_alpha001_nowrong_noweight_50rep_mpc_fgs,results/paper_aaai2027/frozen/results/estimated_graphs/paper_bnlearn_alpha001_nowrong_noweight_50rep_mpc_fgs/cancer/MPC/run_0020_seed_2046.npz,,paper_bnlearn_alpha001_nowrong_noweight_50rep_mpc_fgs,1.0,,1.0,1.0,,full recorded matched G2 CI trace
cancer,Cancer (5),MPC,22,,2047.0,2.0,0.5,4.0,0.0,2.0,2.0,2.0,0.5,0.5,0.5,2.0,1.0,3.0,0.5,0.75,0.25,0.0,0.0,,,,,,,,,,,,,,0.0,0.015132188796997,,paper_bnlearn_alpha001_nowrong_noweight_50rep_mpc_fgs,results/paper_aaai2027/frozen/results/estimated_graphs/paper_bnlearn_alpha001_nowrong_noweight_50rep_mpc_fgs/cancer/MPC/run_0021_seed_2047.npz,,paper_bnlearn_alpha001_nowrong_noweight_50rep_mpc_fgs,1.0,,1.0,5.0,,full recorded matched G2 CI trace
cancer,Cancer (5),MPC,23,,2048.0,0.0,1.0,0.0,1.0,0.0,0.0,0.0,1.0,1.0,1.0,0.0,0.0,0.0,1.0,1.0,1.0,0.0,0.0,,,,,,,,,,,,,,1.0,0.0159652233123779,,paper_bnlearn_alpha001_nowrong_noweight_50rep_mpc_fgs,results/paper_aaai2027/frozen/results/estimated_graphs/paper_bnlearn_alpha001_nowrong_noweight_50rep_mpc_fgs/cancer/MPC/run_0022_seed_2048.npz,,paper_bnlearn_alpha001_nowrong_noweight_50rep_mpc_fgs,1.0,,1.0,1.0,,full recorded matched G2 CI trace
cancer,Cancer (5),MPC,24,,2049.0,2.0,0.5714,4.0,0.0,2.0,2.0,2.0,0.5714,0.5714,0.5714,2.25,1.0,3.0,0.499975,0.8571,0.2857,0.0,0.0,,,,,,,,,,,,,,0.0,0.0090959072113037,,paper_bnlearn_alpha001_nowrong_noweight_50rep_mpc_fgs,results/paper_aaai2027/frozen/results/estimated_graphs/paper_bnlearn_alpha001_nowrong_noweight_50rep_mpc_fgs/cancer/MPC/run_0023_seed_2049.npz,,paper_bnlearn_alpha001_nowrong_noweight_50rep_mpc_fgs,1.0,,1.0,4.0,,full recorded matched G2 CI trace
cancer,Cancer (5),MPC,25,,2050.0,2.0,0.5714,4.0,0.0,2.0,2.0,2.0,0.5714,0.5714,0.5714,2.25,1.0,3.0,0.499975,0.8571,0.2857,0.0,0.0,,,,,,,,,,,,,,0.0,0.0087974071502685,,paper_bnlearn_alpha001_nowrong_noweight_50rep_mpc_fgs,results/paper_aaai2027/frozen/results/estimated_graphs/paper_bnlearn_alpha001_nowrong_noweight_50rep_mpc_fgs/cancer/MPC/run_0024_seed_2050.npz,,paper_bnlearn_alpha001_nowrong_noweight_50rep_mpc_fgs,1.0,,1.0,4.0,,full recorded matched G2 CI trace
cancer,Cancer (5),MPC,26,,2051.0,2.0,0.5714,4.0,0.0,2.0,2.0,2.0,0.5714,0.5714,0.5714,2.25,1.0,3.0,0.499975,0.8571,0.2857,0.0,0.0,,,,,,,,,,,,,,0.0,0.0108206272125244,,paper_bnlearn_alpha001_nowrong_noweight_50rep_mpc_fgs,results/paper_aaai2027/frozen/results/estimated_graphs/paper_bnlearn_alpha001_nowrong_noweight_50rep_mpc_fgs/cancer/MPC/run_0025_seed_2051.npz,,paper_bnlearn_alpha001_nowrong_noweight_50rep_mpc_fgs,1.0,,1.0,4.0,,full recorded matched G2 CI trace
cancer,Cancer (5),MPC,27,,2052.0,2.0,0.5,4.0,0.0,2.0,2.0,2.0,0.5,0.5,0.5,2.0,1.0,3.0,0.5,0.75,0.25,0.0,0.0,,,,,,,,,,,,,,0.0,0.0156359672546386,,paper_bnlearn_alpha001_nowrong_noweight_50rep_mpc_fgs,results/paper_aaai2027/frozen/results/estimated_graphs/paper_bnlearn_alpha001_nowrong_noweight_50rep_mpc_fgs/cancer/MPC/run_0026_seed_2052.npz,,paper_bnlearn_alpha001_nowrong_noweight_50rep_mpc_fgs,1.0,,1.0,5.0,,full recorded matched G2 CI trace
cancer,Cancer (5),MPC,28,,2053.0,2.0,0.5714,2.0,0.5714,2.0,2.0,2.0,0.5714,0.5714,0.5714,2.0,2.0,2.0,0.5714,0.5714,0.5714,0.0,0.0,,,,,,,,,,,,,,0.0,0.0106613636016845,,paper_bnlearn_alpha001_nowrong_noweight_50rep_mpc_fgs,results/paper_aaai2027/frozen/results/estimated_graphs/paper_bnlearn_alpha001_nowrong_noweight_50rep_mpc_fgs/cancer/MPC/run_0027_seed_2053.npz,,paper_bnlearn_alpha001_nowrong_noweight_50rep_mpc_fgs,1.0,,1.0,1.0,,full recorded matched G2 CI trace
cancer,Cancer (5),MPC,29,,2054.0,2.0,0.5714,4.0,0.0,2.0,2.0,2.0,0.5714,0.5714,0.5714,2.25,1.0,3.0,0.499975,0.8571,0.2857,0.0,0.0,,,,,,,,,,,,,,0.0,0.0090506076812744,,paper_bnlearn_alpha001_nowrong_noweight_50rep_mpc_fgs,results/paper_aaai2027/frozen/results/estimated_graphs/paper_bnlearn_alpha001_nowrong_noweight_50rep_mpc_fgs/cancer/MPC/run_0028_seed_2054.npz,,paper_bnlearn_alpha001_nowrong_noweight_50rep_mpc_fgs,1.0,,1.0,4.0,,full recorded matched G2 CI trace
cancer,Cancer (5),MPC,30,,2055.0,2.0,0.5714,4.0,0.0,2.0,2.0,2.0,0.5714,0.5714,0.5714,2.25,1.0,3.0,0.499975,0.8571,0.2857,0.0,0.0,,,,,,,,,,,,,,0.0,0.0109467506408691,,paper_bnlearn_alpha001_nowrong_noweight_50rep_mpc_fgs,results/paper_aaai2027/frozen/results/estimated_graphs/paper_bnlearn_alpha001_nowrong_noweight_50rep_mpc_fgs/cancer/MPC/run_0029_seed_2055.npz,,paper_bnlearn_alpha001_nowrong_noweight_50rep_mpc_fgs,1.0,,1.0,4.0,,full recorded matched G2 CI trace
cancer,Cancer (5),MPC,31,,2056.0,0.0,1.0,0.0,1.0,0.0,0.0,0.0,1.0,1.0,1.0,0.0,0.0,0.0,1.0,1.0,1.0,0.0,0.0,,,,,,,,,,,,,,1.0,0.0155258178710937,,paper_bnlearn_alpha001_nowrong_noweight_50rep_mpc_fgs,results/paper_aaai2027/frozen/results/estimated_graphs/paper_bnlearn_alpha001_nowrong_noweight_50rep_mpc_fgs/cancer/MPC/run_0030_seed_2056.npz,,paper_bnlearn_alpha001_nowrong_noweight_50rep_mpc_fgs,1.0,,1.0,1.0,,full recorded matched G2 CI trace
cancer,Cancer (5),MPC,32,,2057.0,2.0,0.5714,4.0,0.0,2.0,2.0,2.0,0.5714,0.5714,0.5714,2.25,1.0,3.0,0.499975,0.8571,0.2857,0.0,0.0,,,,,,,,,,,,,,0.0,0.0092437267303466,,paper_bnlearn_alpha001_nowrong_noweight_50rep_mpc_fgs,results/paper_aaai2027/frozen/results/estimated_graphs/paper_bnlearn_alpha001_nowrong_noweight_50rep_mpc_fgs/cancer/MPC/run_0031_seed_2057.npz,,paper_bnlearn_alpha001_nowrong_noweight_50rep_mpc_fgs,1.0,,1.0,4.0,,full recorded matched G2 CI trace
cancer,Cancer (5),MPC,33,,2058.0,2.0,0.5714,4.0,0.0,2.0,2.0,2.0,0.5714,0.5714,0.5714,2.25,1.0,3.0,0.499975,0.8571,0.2857,0.0,0.0,,,,,,,,,,,,,,0.0,0.0109295845031738,,paper_bnlearn_alpha001_nowrong_noweight_50rep_mpc_fgs,results/paper_aaai2027/frozen/results/estimated_graphs/paper_bnlearn_alpha001_nowrong_noweight_50rep_mpc_fgs/cancer/MPC/run_0032_seed_2058.npz,,paper_bnlearn_alpha001_nowrong_noweight_50rep_mpc_fgs,1.0,,1.0,4.0,,full recorded matched G2 CI trace
cancer,Cancer (5),MPC,34,,2059.0,2.0,0.5714,4.0,0.0,2.0,2.0,2.0,0.5714,0.5714,0.5714,2.25,1.0,3.0,0.499975,0.8571,0.2857,0.0,0.0,,,,,,,,,,,,,,0.0,0.0093295574188232,,paper_bnlearn_alpha001_nowrong_noweight_50rep_mpc_fgs,results/paper_aaai2027/frozen/results/estimated_graphs/paper_bnlearn_alpha001_nowrong_noweight_50rep_mpc_fgs/cancer/MPC/run_0033_seed_2059.npz,,paper_bnlearn_alpha001_nowrong_noweight_50rep_mpc_fgs,1.0,,1.0,4.0,,full recorded matched G2 CI trace
cancer,Cancer (5),MPC,35,,2060.0,2.0,0.5714,4.0,0.0,2.0,2.0,2.0,0.5714,0.5714,0.5714,2.25,1.0,3.0,0.499975,0.8571,0.2857,0.0,0.0,,,,,,,,,,,,,,0.0,0.0109891891479492,,paper_bnlearn_alpha001_nowrong_noweight_50rep_mpc_fgs,results/paper_aaai2027/frozen/results/estimated_graphs/paper_bnlearn_alpha001_nowrong_noweight_50rep_mpc_fgs/cancer/MPC/run_0034_seed_2060.npz,,paper_bnlearn_alpha001_nowrong_noweight_50rep_mpc_fgs,1.0,,1.0,4.0,,full recorded matched G2 CI trace
cancer,Cancer (5),MPC,36,,2061.0,2.0,0.5714,4.0,0.0,2.0,2.0,2.0,0.5714,0.5714,0.5714,2.25,1.0,3.0,0.499975,0.8571,0.2857,0.0,0.0,,,,,,,,,,,,,,0.0,0.0084073543548583,,paper_bnlearn_alpha001_nowrong_noweight_50rep_mpc_fgs,results/paper_aaai2027/frozen/results/estimated_graphs/paper_bnlearn_alpha001_nowrong_noweight_50rep_mpc_fgs/cancer/MPC/run_0035_seed_2061.npz,,paper_bnlearn_alpha001_nowrong_noweight_50rep_mpc_fgs,1.0,,1.0,4.0,,full recorded matched G2 CI trace
cancer,Cancer (5),MPC,37,,2062.0,2.0,0.5,4.0,0.0,2.0,2.0,2.0,0.5,0.5,0.5,2.0,1.0,3.0,0.5,0.75,0.25,0.0,0.0,,,,,,,,,,,,,,0.0,0.0101957321166992,,paper_bnlearn_alpha001_nowrong_noweight_50rep_mpc_fgs,results/paper_aaai2027/frozen/results/estimated_graphs/paper_bnlearn_alpha001_nowrong_noweight_50rep_mpc_fgs/cancer/MPC/run_0036_seed_2062.npz,,paper_bnlearn_alpha001_nowrong_noweight_50rep_mpc_fgs,1.0,,1.0,5.0,,full recorded matched G2 CI trace
cancer,Cancer (5),MPC,38,,2063.0,2.0,0.5714,4.0,0.0,2.0,2.0,2.0,0.5714,0.5714,0.5714,2.25,1.0,3.0,0.499975,0.8571,0.2857,0.0,0.0,,,,,,,,,,,,,,0.0,0.0078113079071044,,paper_bnlearn_alpha001_nowrong_noweight_50rep_mpc_fgs,results/paper_aaai2027/frozen/results/estimated_graphs/paper_bnlearn_alpha001_nowrong_noweight_50rep_mpc_fgs/cancer/MPC/run_0037_seed_2063.npz,,paper_bnlearn_alpha001_nowrong_noweight_50rep_mpc_fgs,1.0,,1.0,4.0,,full recorded matched G2 CI trace
cancer,Cancer (5),MPC,39,,2064.0,0.0,1.0,0.0,1.0,0.0,0.0,0.0,1.0,1.0,1.0,0.0,0.0,0.0,1.0,1.0,1.0,0.0,0.0,,,,,,,,,,,,,,1.0,0.0100560188293457,,paper_bnlearn_alpha001_nowrong_noweight_50rep_mpc_fgs,results/paper_aaai2027/frozen/results/estimated_graphs/paper_bnlearn_alpha001_nowrong_noweight_50rep_mpc_fgs/cancer/MPC/run_0038_seed_2064.npz,,paper_bnlearn_alpha001_nowrong_noweight_50rep_mpc_fgs,1.0,,1.0,1.0,,full recorded matched G2 CI trace
cancer,Cancer (5),MPC,40,,2065.0,0.0,1.0,0.0,1.0,0.0,0.0,0.0,1.0,1.0,1.0,0.0,0.0,0.0,1.0,1.0,1.0,0.0,0.0,,,,,,,,,,,,,,1.0,0.0155270099639892,,paper_bnlearn_alpha001_nowrong_noweight_50rep_mpc_fgs,results/paper_aaai2027/frozen/results/estimated_graphs/paper_bnlearn_alpha001_nowrong_noweight_50rep_mpc_fgs/cancer/MPC/run_0039_seed_2065.npz,,paper_bnlearn_alpha001_nowrong_noweight_50rep_mpc_fgs,1.0,,1.0,1.0,,full recorded matched G2 CI trace
cancer,Cancer (5),MPC,41,,2066.0,0.0,1.0,0.0,1.0,0.0,0.0,0.0,1.0,1.0,1.0,0.0,0.0,0.0,1.0,1.0,1.0,0.0,0.0,,,,,,,,,,,,,,1.0,0.0101125240325927,,paper_bnlearn_alpha001_nowrong_noweight_50rep_mpc_fgs,results/paper_aaai2027/frozen/results/estimated_graphs/paper_bnlearn_alpha001_nowrong_noweight_50rep_mpc_fgs/cancer/MPC/run_0040_seed_2066.npz,,paper_bnlearn_alpha001_nowrong_noweight_50rep_mpc_fgs,1.0,,1.0,1.0,,full recorded matched G2 CI trace
cancer,Cancer (5),MPC,42,,2067.0,0.0,1.0,0.0,1.0,0.0,0.0,0.0,1.0,1.0,1.0,0.0,0.0,0.0,1.0,1.0,1.0,0.0,0.0,,,,,,,,,,,,,,1.0,0.0121152400970458,,paper_bnlearn_alpha001_nowrong_noweight_50rep_mpc_fgs,results/paper_aaai2027/frozen/results/estimated_graphs/paper_bnlearn_alpha001_nowrong_noweight_50rep_mpc_fgs/cancer/MPC/run_0041_seed_2067.npz,,paper_bnlearn_alpha001_nowrong_noweight_50rep_mpc_fgs,1.0,,1.0,1.0,,full recorded matched G2 CI trace
cancer,Cancer (5),MPC,43,,2068.0,2.0,0.5714,4.0,0.0,2.0,2.0,2.0,0.5714,0.5714,0.5714,2.25,1.0,3.0,0.499975,0.8571,0.2857,0.0,0.0,,,,,,,,,,,,,,0.0,0.0110180377960205,,paper_bnlearn_alpha001_nowrong_noweight_50rep_mpc_fgs,results/paper_aaai2027/frozen/results/estimated_graphs/paper_bnlearn_alpha001_nowrong_noweight_50rep_mpc_fgs/cancer/MPC/run_0042_seed_2068.npz,,paper_bnlearn_alpha001_nowrong_noweight_50rep_mpc_fgs,1.0,,1.0,4.0,,full recorded matched G2 CI trace
cancer,Cancer (5),MPC,44,,2069.0,2.0,0.5714,4.0,0.0,2.0,2.0,2.0,0.5714,0.5714,0.5714,2.25,1.0,3.0,0.499975,0.8571,0.2857,0.0,0.0,,,,,,,,,,,,,,0.0,0.0083112716674804,,paper_bnlearn_alpha001_nowrong_noweight_50rep_mpc_fgs,results/paper_aaai2027/frozen/results/estimated_graphs/paper_bnlearn_alpha001_nowrong_noweight_50rep_mpc_fgs/cancer/MPC/run_0043_seed_2069.npz,,paper_bnlearn_alpha001_nowrong_noweight_50rep_mpc_fgs,1.0,,1.0,4.0,,full recorded matched G2 CI trace
cancer,Cancer (5),MPC,45,,2070.0,4.0,0.5,2.0,0.5714,4.0,4.0,4.0,0.5,0.5,0.5,3.0,3.0,3.0,0.5,0.5,0.5,0.0,0.0,,,,,,,,,,,,,,0.0,0.0075154304504394,,paper_bnlearn_alpha001_nowrong_noweight_50rep_mpc_fgs,results/paper_aaai2027/frozen/results/estimated_graphs/paper_bnlearn_alpha001_nowrong_noweight_50rep_mpc_fgs/cancer/MPC/run_0044_seed_2070.npz,,paper_bnlearn_alpha001_nowrong_noweight_50rep_mpc_fgs,1.0,,1.0,2.0,,full recorded matched G2 CI trace
cancer,Cancer (5),MPC,46,,2071.0,2.0,0.5714,4.0,0.0,2.0,2.0,2.0,0.5714,0.5714,0.5714,2.25,1.0,3.0,0.499975,0.8571,0.2857,0.0,0.0,,,,,,,,,,,,,,0.0,0.005573034286499,,paper_bnlearn_alpha001_nowrong_noweight_50rep_mpc_fgs,results/paper_aaai2027/frozen/results/estimated_graphs/paper_bnlearn_alpha001_nowrong_noweight_50rep_mpc_fgs/cancer/MPC/run_0045_seed_2071.npz,,paper_bnlearn_alpha001_nowrong_noweight_50rep_mpc_fgs,1.0,,1.0,4.0,,full recorded matched G2 CI trace
cancer,Cancer (5),MPC,47,,2072.0,2.0,0.5714,4.0,0.0,2.0,2.0,2.0,0.5714,0.5714,0.5714,2.25,1.0,3.0,0.499975,0.8571,0.2857,0.0,0.0,,,,,,,,,,,,,,0.0,0.0054972171783447,,paper_bnlearn_alpha001_nowrong_noweight_50rep_mpc_fgs,results/paper_aaai2027/frozen/results/estimated_graphs/paper_bnlearn_alpha001_nowrong_noweight_50rep_mpc_fgs/cancer/MPC/run_0046_seed_2072.npz,,paper_bnlearn_alpha001_nowrong_noweight_50rep_mpc_fgs,1.0,,1.0,4.0,,full recorded matched G2 CI trace
cancer,Cancer (5),MPC,48,,2073.0,2.0,0.5714,4.0,0.0,2.0,2.0,2.0,0.5714,0.5714,0.5714,2.25,1.0,3.0,0.499975,0.8571,0.2857,0.0,0.0,,,,,,,,,,,,,,0.0,0.0069711208343505,,paper_bnlearn_alpha001_nowrong_noweight_50rep_mpc_fgs,results/paper_aaai2027/frozen/results/estimated_graphs/paper_bnlearn_alpha001_nowrong_noweight_50rep_mpc_fgs/cancer/MPC/run_0047_seed_2073.npz,,paper_bnlearn_alpha001_nowrong_noweight_50rep_mpc_fgs,1.0,,1.0,4.0,,full recorded matched G2 CI trace
cancer,Cancer (5),MPC,49,,2074.0,2.0,0.5,4.0,0.0,2.0,2.0,2.0,0.5,0.5,0.5,2.0,1.0,3.0,0.5,0.75,0.25,0.0,0.0,,,,,,,,,,,,,,0.0,0.0094907283782958,,paper_bnlearn_alpha001_nowrong_noweight_50rep_mpc_fgs,results/paper_aaai2027/frozen/results/estimated_graphs/paper_bnlearn_alpha001_nowrong_noweight_50rep_mpc_fgs/cancer/MPC/run_0048_seed_2074.npz,,paper_bnlearn_alpha001_nowrong_noweight_50rep_mpc_fgs,1.0,,1.0,5.0,,full recorded matched G2 CI trace
cancer,Cancer (5),MPC,50,,2075.0,2.0,0.5714,4.0,0.0,2.0,2.0,2.0,0.5714,0.5714,0.5714,2.25,1.0,3.0,0.499975,0.8571,0.2857,0.0,0.0,,,,,,,,,,,,,,0.0,0.0105588436126708,,paper_bnlearn_alpha001_nowrong_noweight_50rep_mpc_fgs,results/paper_aaai2027/frozen/results/estimated_graphs/paper_bnlearn_alpha001_nowrong_noweight_50rep_mpc_fgs/cancer/MPC/run_0049_seed_2075.npz,,paper_bnlearn_alpha001_nowrong_noweight_50rep_mpc_fgs,1.0,,1.0,4.0,,full recorded matched G2 CI trace
cancer,Cancer (5),FGS,1,,2026.0,3.0,0.2857,3.0,0.2857,3.0,3.0,3.0,0.2857,0.2857,0.2857,2.75,2.0,4.0,0.357125,0.5714,0.0,,,,,,,,,,,,,,,,0.0,0.896857738494873,,paper_bnlearn_alpha001_nowrong_noweight_50rep_mpc_fgs,results/paper_aaai2027/frozen/results/estimated_graphs/paper_bnlearn_alpha001_nowrong_noweight_50rep_mpc_fgs/cancer/FGS/run_0000_seed_2026.npz,,paper_bnlearn_alpha001_nowrong_noweight_50rep_mpc_fgs,1.0,,1.0,4.0,,not applicable (score based)
cancer,Cancer (5),FGS,2,,2027.0,3.0,0.2857,3.0,0.2857,3.0,3.0,3.0,0.2857,0.2857,0.2857,2.75,2.0,4.0,0.357125,0.5714,0.0,,,,,,,,,,,,,,,,0.0,0.1519017219543457,,paper_bnlearn_alpha001_nowrong_noweight_50rep_mpc_fgs,results/paper_aaai2027/frozen/results/estimated_graphs/paper_bnlearn_alpha001_nowrong_noweight_50rep_mpc_fgs/cancer/FGS/run_0001_seed_2027.npz,,paper_bnlearn_alpha001_nowrong_noweight_50rep_mpc_fgs,1.0,,1.0,4.0,,not applicable (score based)
cancer,Cancer (5),FGS,3,,2028.0,3.0,0.2857,3.0,0.2857,3.0,3.0,3.0,0.2857,0.2857,0.2857,2.75,2.0,4.0,0.357125,0.5714,0.0,,,,,,,,,,,,,,,,0.0,0.1372237205505371,,paper_bnlearn_alpha001_nowrong_noweight_50rep_mpc_fgs,results/paper_aaai2027/frozen/results/estimated_graphs/paper_bnlearn_alpha001_nowrong_noweight_50rep_mpc_fgs/cancer/FGS/run_0002_seed_2028.npz,,paper_bnlearn_alpha001_nowrong_noweight_50rep_mpc_fgs,1.0,,1.0,4.0,,not applicable (score based)
cancer,Cancer (5),FGS,4,,2029.0,2.0,0.5,2.0,0.5,2.0,2.0,2.0,0.5,0.5,0.5,2.0,1.0,3.0,0.5,0.75,0.25,,,,,,,,,,,,,,,,0.0,0.1103982925415039,,paper_bnlearn_alpha001_nowrong_noweight_50rep_mpc_fgs,results/paper_aaai2027/frozen/results/estimated_graphs/paper_bnlearn_alpha001_nowrong_noweight_50rep_mpc_fgs/cancer/FGS/run_0003_seed_2029.npz,,paper_bnlearn_alpha001_nowrong_noweight_50rep_mpc_fgs,1.0,,1.0,5.0,,not applicable (score based)
cancer,Cancer (5),FGS,5,,2030.0,2.0,0.5,2.0,0.5,2.0,2.0,2.0,0.5,0.5,0.5,2.0,1.0,3.0,0.5,0.75,0.25,,,,,,,,,,,,,,,,0.0,0.1075351238250732,,paper_bnlearn_alpha001_nowrong_noweight_50rep_mpc_fgs,results/paper_aaai2027/frozen/results/estimated_graphs/paper_bnlearn_alpha001_nowrong_noweight_50rep_mpc_fgs/cancer/FGS/run_0004_seed_2030.npz,,paper_bnlearn_alpha001_nowrong_noweight_50rep_mpc_fgs,1.0,,1.0,5.0,,not applicable (score based)
cancer,Cancer (5),FGS,6,,2031.0,2.0,0.5,2.0,0.5,2.0,2.0,2.0,0.5,0.5,0.5,2.0,1.0,3.0,0.5,0.75,0.25,,,,,,,,,,,,,,,,0.0,0.1101861000061035,,paper_bnlearn_alpha001_nowrong_noweight_50rep_mpc_fgs,results/paper_aaai2027/frozen/results/estimated_graphs/paper_bnlearn_alpha001_nowrong_noweight_50rep_mpc_fgs/cancer/FGS/run_0005_seed_2031.npz,,paper_bnlearn_alpha001_nowrong_noweight_50rep_mpc_fgs,1.0,,1.0,5.0,,not applicable (score based)
cancer,Cancer (5),FGS,7,,2032.0,2.0,0.5,2.0,0.5,2.0,2.0,2.0,0.5,0.5,0.5,2.0,1.0,3.0,0.5,0.75,0.25,,,,,,,,,,,,,,,,0.0,0.1075472831726074,,paper_bnlearn_alpha001_nowrong_noweight_50rep_mpc_fgs,results/paper_aaai2027/frozen/results/estimated_graphs/paper_bnlearn_alpha001_nowrong_noweight_50rep_mpc_fgs/cancer/FGS/run_0006_seed_2032.npz,,paper_bnlearn_alpha001_nowrong_noweight_50rep_mpc_fgs,1.0,,1.0,5.0,,not applicable (score based)
cancer,Cancer (5),FGS,8,,2033.0,3.0,0.2857,3.0,0.2857,3.0,3.0,3.0,0.2857,0.2857,0.2857,2.75,2.0,4.0,0.357125,0.5714,0.0,,,,,,,,,,,,,,,,0.0,0.0966567993164062,,paper_bnlearn_alpha001_nowrong_noweight_50rep_mpc_fgs,results/paper_aaai2027/frozen/results/estimated_graphs/paper_bnlearn_alpha001_nowrong_noweight_50rep_mpc_fgs/cancer/FGS/run_0007_seed_2033.npz,,paper_bnlearn_alpha001_nowrong_noweight_50rep_mpc_fgs,1.0,,1.0,4.0,,not applicable (score based)
cancer,Cancer (5),FGS,9,,2034.0,2.0,0.5,2.0,0.5,2.0,2.0,2.0,0.5,0.5,0.5,2.0,1.0,3.0,0.5,0.75,0.25,,,,,,,,,,,,,,,,0.0,0.1044731140136718,,paper_bnlearn_alpha001_nowrong_noweight_50rep_mpc_fgs,results/paper_aaai2027/frozen/results/estimated_graphs/paper_bnlearn_alpha001_nowrong_noweight_50rep_mpc_fgs/cancer/FGS/run_0008_seed_2034.npz,,paper_bnlearn_alpha001_nowrong_noweight_50rep_mpc_fgs,1.0,,1.0,5.0,,not applicable (score based)
cancer,Cancer (5),FGS,10,,2035.0,3.0,0.2857,3.0,0.2857,3.0,3.0,3.0,0.2857,0.2857,0.2857,2.75,2.0,4.0,0.357125,0.5714,0.0,,,,,,,,,,,,,,,,0.0,0.1045954227447509,,paper_bnlearn_alpha001_nowrong_noweight_50rep_mpc_fgs,results/paper_aaai2027/frozen/results/estimated_graphs/paper_bnlearn_alpha001_nowrong_noweight_50rep_mpc_fgs/cancer/FGS/run_0009_seed_2035.npz,,paper_bnlearn_alpha001_nowrong_noweight_50rep_mpc_fgs,1.0,,1.0,4.0,,not applicable (score based)
cancer,Cancer (5),FGS,11,,2036.0,2.0,0.5,2.0,0.5,2.0,2.0,2.0,0.5,0.5,0.5,2.0,1.0,3.0,0.5,0.75,0.25,,,,,,,,,,,,,,,,0.0,0.1413516998291015,,paper_bnlearn_alpha001_nowrong_noweight_50rep_mpc_fgs,results/paper_aaai2027/frozen/results/estimated_graphs/paper_bnlearn_alpha001_nowrong_noweight_50rep_mpc_fgs/cancer/FGS/run_0010_seed_2036.npz,,paper_bnlearn_alpha001_nowrong_noweight_50rep_mpc_fgs,1.0,,1.0,5.0,,not applicable (score based)
cancer,Cancer (5),FGS,12,,2037.0,4.0,0.25,4.0,0.25,4.0,4.0,4.0,0.25,0.25,0.25,3.75,3.0,5.0,0.3125,0.5,0.0,,,,,,,,,,,,,,,,0.0,0.1010689735412597,,paper_bnlearn_alpha001_nowrong_noweight_50rep_mpc_fgs,results/paper_aaai2027/frozen/results/estimated_graphs/paper_bnlearn_alpha001_nowrong_noweight_50rep_mpc_fgs/cancer/FGS/run_0011_seed_2037.npz,,paper_bnlearn_alpha001_nowrong_noweight_50rep_mpc_fgs,1.0,,1.0,8.0,,not applicable (score based)
cancer,Cancer (5),FGS,13,,2038.0,2.0,0.5,2.0,0.5,2.0,2.0,2.0,0.5,0.5,0.5,2.0,1.0,3.0,0.5,0.75,0.25,,,,,,,,,,,,,,,,0.0,0.1179637908935546,,paper_bnlearn_alpha001_nowrong_noweight_50rep_mpc_fgs,results/paper_aaai2027/frozen/results/estimated_graphs/paper_bnlearn_alpha001_nowrong_noweight_50rep_mpc_fgs/cancer/FGS/run_0012_seed_2038.npz,,paper_bnlearn_alpha001_nowrong_noweight_50rep_mpc_fgs,1.0,,1.0,5.0,,not applicable (score based)
cancer,Cancer (5),FGS,14,,2039.0,2.0,0.5,2.0,0.5,2.0,2.0,2.0,0.5,0.5,0.5,2.0,1.0,3.0,0.5,0.75,0.25,,,,,,,,,,,,,,,,0.0,0.1092815399169921,,paper_bnlearn_alpha001_nowrong_noweight_50rep_mpc_fgs,results/paper_aaai2027/frozen/results/estimated_graphs/paper_bnlearn_alpha001_nowrong_noweight_50rep_mpc_fgs/cancer/FGS/run_0013_seed_2039.npz,,paper_bnlearn_alpha001_nowrong_noweight_50rep_mpc_fgs,1.0,,1.0,5.0,,not applicable (score based)
cancer,Cancer (5),FGS,15,,2040.0,2.0,0.5,2.0,0.5,2.0,2.0,2.0,0.5,0.5,0.5,2.0,1.0,3.0,0.5,0.75,0.25,,,,,,,,,,,,,,,,0.0,0.0914540290832519,,paper_bnlearn_alpha001_nowrong_noweight_50rep_mpc_fgs,results/paper_aaai2027/frozen/results/estimated_graphs/paper_bnlearn_alpha001_nowrong_noweight_50rep_mpc_fgs/cancer/FGS/run_0014_seed_2040.npz,,paper_bnlearn_alpha001_nowrong_noweight_50rep_mpc_fgs,1.0,,1.0,5.0,,not applicable (score based)
cancer,Cancer (5),FGS,16,,2041.0,3.0,0.2857,3.0,0.2857,3.0,3.0,3.0,0.2857,0.2857,0.2857,2.75,2.0,4.0,0.357125,0.5714,0.0,,,,,,,,,,,,,,,,0.0,0.0955660343170166,,paper_bnlearn_alpha001_nowrong_noweight_50rep_mpc_fgs,results/paper_aaai2027/frozen/results/estimated_graphs/paper_bnlearn_alpha001_nowrong_noweight_50rep_mpc_fgs/cancer/FGS/run_0015_seed_2041.npz,,paper_bnlearn_alpha001_nowrong_noweight_50rep_mpc_fgs,1.0,,1.0,4.0,,not applicable (score based)
cancer,Cancer (5),FGS,17,,2042.0,3.0,0.2857,3.0,0.2857,3.0,3.0,3.0,0.2857,0.2857,0.2857,2.75,2.0,4.0,0.357125,0.5714,0.0,,,,,,,,,,,,,,,,0.0,0.1004443168640136,,paper_bnlearn_alpha001_nowrong_noweight_50rep_mpc_fgs,results/paper_aaai2027/frozen/results/estimated_graphs/paper_bnlearn_alpha001_nowrong_noweight_50rep_mpc_fgs/cancer/FGS/run_0016_seed_2042.npz,,paper_bnlearn_alpha001_nowrong_noweight_50rep_mpc_fgs,1.0,,1.0,4.0,,not applicable (score based)
cancer,Cancer (5),FGS,18,,2043.0,2.0,0.5,2.0,0.5,2.0,2.0,2.0,0.5,0.5,0.5,2.0,1.0,3.0,0.5,0.75,0.25,,,,,,,,,,,,,,,,0.0,0.1073181629180908,,paper_bnlearn_alpha001_nowrong_noweight_50rep_mpc_fgs,results/paper_aaai2027/frozen/results/estimated_graphs/paper_bnlearn_alpha001_nowrong_noweight_50rep_mpc_fgs/cancer/FGS/run_0017_seed_2043.npz,,paper_bnlearn_alpha001_nowrong_noweight_50rep_mpc_fgs,1.0,,1.0,5.0,,not applicable (score based)
cancer,Cancer (5),FGS,19,,2044.0,3.0,0.2857,3.0,0.2857,3.0,3.0,3.0,0.2857,0.2857,0.2857,2.75,2.0,4.0,0.357125,0.5714,0.0,,,,,,,,,,,,,,,,0.0,0.1049098968505859,,paper_bnlearn_alpha001_nowrong_noweight_50rep_mpc_fgs,results/paper_aaai2027/frozen/results/estimated_graphs/paper_bnlearn_alpha001_nowrong_noweight_50rep_mpc_fgs/cancer/FGS/run_0018_seed_2044.npz,,paper_bnlearn_alpha001_nowrong_noweight_50rep_mpc_fgs,1.0,,1.0,4.0,,not applicable (score based)
cancer,Cancer (5),FGS,20,,2045.0,2.0,0.5,2.0,0.5,2.0,2.0,2.0,0.5,0.5,0.5,2.0,1.0,3.0,0.5,0.75,0.25,,,,,,,,,,,,,,,,0.0,0.1034929752349853,,paper_bnlearn_alpha001_nowrong_noweight_50rep_mpc_fgs,results/paper_aaai2027/frozen/results/estimated_graphs/paper_bnlearn_alpha001_nowrong_noweight_50rep_mpc_fgs/cancer/FGS/run_0019_seed_2045.npz,,paper_bnlearn_alpha001_nowrong_noweight_50rep_mpc_fgs,1.0,,1.0,5.0,,not applicable (score based)
cancer,Cancer (5),FGS,21,,2046.0,2.0,0.5,2.0,0.5,2.0,2.0,2.0,0.5,0.5,0.5,2.0,1.0,3.0,0.5,0.75,0.25,,,,,,,,,,,,,,,,0.0,0.1058042049407959,,paper_bnlearn_alpha001_nowrong_noweight_50rep_mpc_fgs,results/paper_aaai2027/frozen/results/estimated_graphs/paper_bnlearn_alpha001_nowrong_noweight_50rep_mpc_fgs/cancer/FGS/run_0020_seed_2046.npz,,paper_bnlearn_alpha001_nowrong_noweight_50rep_mpc_fgs,1.0,,1.0,5.0,,not applicable (score based)
cancer,Cancer (5),FGS,22,,2047.0,2.0,0.5,2.0,0.5,2.0,2.0,2.0,0.5,0.5,0.5,2.0,1.0,3.0,0.5,0.75,0.25,,,,,,,,,,,,,,,,0.0,0.1116909980773925,,paper_bnlearn_alpha001_nowrong_noweight_50rep_mpc_fgs,results/paper_aaai2027/frozen/results/estimated_graphs/paper_bnlearn_alpha001_nowrong_noweight_50rep_mpc_fgs/cancer/FGS/run_0021_seed_2047.npz,,paper_bnlearn_alpha001_nowrong_noweight_50rep_mpc_fgs,1.0,,1.0,5.0,,not applicable (score based)
cancer,Cancer (5),FGS,23,,2048.0,2.0,0.5,2.0,0.5,2.0,2.0,2.0,0.5,0.5,0.5,2.0,1.0,3.0,0.5,0.75,0.25,,,,,,,,,,,,,,,,0.0,0.109900951385498,,paper_bnlearn_alpha001_nowrong_noweight_50rep_mpc_fgs,results/paper_aaai2027/frozen/results/estimated_graphs/paper_bnlearn_alpha001_nowrong_noweight_50rep_mpc_fgs/cancer/FGS/run_0022_seed_2048.npz,,paper_bnlearn_alpha001_nowrong_noweight_50rep_mpc_fgs,1.0,,1.0,5.0,,not applicable (score based)
cancer,Cancer (5),FGS,24,,2049.0,3.0,0.2857,3.0,0.2857,3.0,3.0,3.0,0.2857,0.2857,0.2857,2.75,2.0,4.0,0.357125,0.5714,0.0,,,,,,,,,,,,,,,,0.0,0.1231482028961181,,paper_bnlearn_alpha001_nowrong_noweight_50rep_mpc_fgs,results/paper_aaai2027/frozen/results/estimated_graphs/paper_bnlearn_alpha001_nowrong_noweight_50rep_mpc_fgs/cancer/FGS/run_0023_seed_2049.npz,,paper_bnlearn_alpha001_nowrong_noweight_50rep_mpc_fgs,1.0,,1.0,4.0,,not applicable (score based)
cancer,Cancer (5),FGS,25,,2050.0,3.0,0.2857,3.0,0.2857,3.0,3.0,3.0,0.2857,0.2857,0.2857,2.75,2.0,4.0,0.357125,0.5714,0.0,,,,,,,,,,,,,,,,0.0,0.0980401039123535,,paper_bnlearn_alpha001_nowrong_noweight_50rep_mpc_fgs,results/paper_aaai2027/frozen/results/estimated_graphs/paper_bnlearn_alpha001_nowrong_noweight_50rep_mpc_fgs/cancer/FGS/run_0024_seed_2050.npz,,paper_bnlearn_alpha001_nowrong_noweight_50rep_mpc_fgs,1.0,,1.0,4.0,,not applicable (score based)
cancer,Cancer (5),FGS,26,,2051.0,3.0,0.2857,3.0,0.2857,3.0,3.0,3.0,0.2857,0.2857,0.2857,2.75,2.0,4.0,0.357125,0.5714,0.0,,,,,,,,,,,,,,,,0.0,0.0981974601745605,,paper_bnlearn_alpha001_nowrong_noweight_50rep_mpc_fgs,results/paper_aaai2027/frozen/results/estimated_graphs/paper_bnlearn_alpha001_nowrong_noweight_50rep_mpc_fgs/cancer/FGS/run_0025_seed_2051.npz,,paper_bnlearn_alpha001_nowrong_noweight_50rep_mpc_fgs,1.0,,1.0,4.0,,not applicable (score based)
cancer,Cancer (5),FGS,27,,2052.0,2.0,0.5,2.0,0.5,2.0,2.0,2.0,0.5,0.5,0.5,2.0,1.0,3.0,0.5,0.75,0.25,,,,,,,,,,,,,,,,0.0,0.097398042678833,,paper_bnlearn_alpha001_nowrong_noweight_50rep_mpc_fgs,results/paper_aaai2027/frozen/results/estimated_graphs/paper_bnlearn_alpha001_nowrong_noweight_50rep_mpc_fgs/cancer/FGS/run_0026_seed_2052.npz,,paper_bnlearn_alpha001_nowrong_noweight_50rep_mpc_fgs,1.0,,1.0,5.0,,not applicable (score based)
cancer,Cancer (5),FGS,28,,2053.0,3.0,0.2857,3.0,0.2857,3.0,3.0,3.0,0.2857,0.2857,0.2857,2.75,2.0,4.0,0.357125,0.5714,0.0,,,,,,,,,,,,,,,,0.0,0.1001348495483398,,paper_bnlearn_alpha001_nowrong_noweight_50rep_mpc_fgs,results/paper_aaai2027/frozen/results/estimated_graphs/paper_bnlearn_alpha001_nowrong_noweight_50rep_mpc_fgs/cancer/FGS/run_0027_seed_2053.npz,,paper_bnlearn_alpha001_nowrong_noweight_50rep_mpc_fgs,1.0,,1.0,4.0,,not applicable (score based)
cancer,Cancer (5),FGS,29,,2054.0,3.0,0.2857,3.0,0.2857,3.0,3.0,3.0,0.2857,0.2857,0.2857,2.75,2.0,4.0,0.357125,0.5714,0.0,,,,,,,,,,,,,,,,0.0,0.1013627052307128,,paper_bnlearn_alpha001_nowrong_noweight_50rep_mpc_fgs,results/paper_aaai2027/frozen/results/estimated_graphs/paper_bnlearn_alpha001_nowrong_noweight_50rep_mpc_fgs/cancer/FGS/run_0028_seed_2054.npz,,paper_bnlearn_alpha001_nowrong_noweight_50rep_mpc_fgs,1.0,,1.0,4.0,,not applicable (score based)
cancer,Cancer (5),FGS,30,,2055.0,2.0,0.5,2.0,0.5,2.0,2.0,2.0,0.5,0.5,0.5,2.0,1.0,3.0,0.5,0.75,0.25,,,,,,,,,,,,,,,,0.0,0.1160285472869873,,paper_bnlearn_alpha001_nowrong_noweight_50rep_mpc_fgs,results/paper_aaai2027/frozen/results/estimated_graphs/paper_bnlearn_alpha001_nowrong_noweight_50rep_mpc_fgs/cancer/FGS/run_0029_seed_2055.npz,,paper_bnlearn_alpha001_nowrong_noweight_50rep_mpc_fgs,1.0,,1.0,5.0,,not applicable (score based)
cancer,Cancer (5),FGS,31,,2056.0,2.0,0.5,2.0,0.5,2.0,2.0,2.0,0.5,0.5,0.5,2.0,1.0,3.0,0.5,0.75,0.25,,,,,,,,,,,,,,,,0.0,0.0985231399536132,,paper_bnlearn_alpha001_nowrong_noweight_50rep_mpc_fgs,results/paper_aaai2027/frozen/results/estimated_graphs/paper_bnlearn_alpha001_nowrong_noweight_50rep_mpc_fgs/cancer/FGS/run_0030_seed_2056.npz,,paper_bnlearn_alpha001_nowrong_noweight_50rep_mpc_fgs,1.0,,1.0,5.0,,not applicable (score based)
cancer,Cancer (5),FGS,32,,2057.0,3.0,0.2857,3.0,0.2857,3.0,3.0,3.0,0.2857,0.2857,0.2857,2.75,2.0,4.0,0.357125,0.5714,0.0,,,,,,,,,,,,,,,,0.0,0.1100180149078369,,paper_bnlearn_alpha001_nowrong_noweight_50rep_mpc_fgs,results/paper_aaai2027/frozen/results/estimated_graphs/paper_bnlearn_alpha001_nowrong_noweight_50rep_mpc_fgs/cancer/FGS/run_0031_seed_2057.npz,,paper_bnlearn_alpha001_nowrong_noweight_50rep_mpc_fgs,1.0,,1.0,4.0,,not applicable (score based)
cancer,Cancer (5),FGS,33,,2058.0,2.0,0.5,2.0,0.5,2.0,2.0,2.0,0.5,0.5,0.5,2.0,1.0,3.0,0.5,0.75,0.25,,,,,,,,,,,,,,,,0.0,0.1116447448730468,,paper_bnlearn_alpha001_nowrong_noweight_50rep_mpc_fgs,results/paper_aaai2027/frozen/results/estimated_graphs/paper_bnlearn_alpha001_nowrong_noweight_50rep_mpc_fgs/cancer/FGS/run_0032_seed_2058.npz,,paper_bnlearn_alpha001_nowrong_noweight_50rep_mpc_fgs,1.0,,1.0,5.0,,not applicable (score based)
cancer,Cancer (5),FGS,34,,2059.0,3.0,0.2857,3.0,0.2857,3.0,3.0,3.0,0.2857,0.2857,0.2857,2.75,2.0,4.0,0.357125,0.5714,0.0,,,,,,,,,,,,,,,,0.0,0.0925548076629638,,paper_bnlearn_alpha001_nowrong_noweight_50rep_mpc_fgs,results/paper_aaai2027/frozen/results/estimated_graphs/paper_bnlearn_alpha001_nowrong_noweight_50rep_mpc_fgs/cancer/FGS/run_0033_seed_2059.npz,,paper_bnlearn_alpha001_nowrong_noweight_50rep_mpc_fgs,1.0,,1.0,4.0,,not applicable (score based)
cancer,Cancer (5),FGS,35,,2060.0,3.0,0.2857,3.0,0.2857,3.0,3.0,3.0,0.2857,0.2857,0.2857,2.75,2.0,4.0,0.357125,0.5714,0.0,,,,,,,,,,,,,,,,0.0,0.1147606372833252,,paper_bnlearn_alpha001_nowrong_noweight_50rep_mpc_fgs,results/paper_aaai2027/frozen/results/estimated_graphs/paper_bnlearn_alpha001_nowrong_noweight_50rep_mpc_fgs/cancer/FGS/run_0034_seed_2060.npz,,paper_bnlearn_alpha001_nowrong_noweight_50rep_mpc_fgs,1.0,,1.0,4.0,,not applicable (score based)
cancer,Cancer (5),FGS,36,,2061.0,3.0,0.2857,3.0,0.2857,3.0,3.0,3.0,0.2857,0.2857,0.2857,2.75,2.0,4.0,0.357125,0.5714,0.0,,,,,,,,,,,,,,,,0.0,0.0911149978637695,,paper_bnlearn_alpha001_nowrong_noweight_50rep_mpc_fgs,results/paper_aaai2027/frozen/results/estimated_graphs/paper_bnlearn_alpha001_nowrong_noweight_50rep_mpc_fgs/cancer/FGS/run_0035_seed_2061.npz,,paper_bnlearn_alpha001_nowrong_noweight_50rep_mpc_fgs,1.0,,1.0,4.0,,not applicable (score based)
cancer,Cancer (5),FGS,37,,2062.0,2.0,0.5,2.0,0.5,2.0,2.0,2.0,0.5,0.5,0.5,2.0,1.0,3.0,0.5,0.75,0.25,,,,,,,,,,,,,,,,0.0,0.1104812622070312,,paper_bnlearn_alpha001_nowrong_noweight_50rep_mpc_fgs,results/paper_aaai2027/frozen/results/estimated_graphs/paper_bnlearn_alpha001_nowrong_noweight_50rep_mpc_fgs/cancer/FGS/run_0036_seed_2062.npz,,paper_bnlearn_alpha001_nowrong_noweight_50rep_mpc_fgs,1.0,,1.0,5.0,,not applicable (score based)
cancer,Cancer (5),FGS,38,,2063.0,3.0,0.2857,3.0,0.2857,3.0,3.0,3.0,0.2857,0.2857,0.2857,2.75,2.0,4.0,0.357125,0.5714,0.0,,,,,,,,,,,,,,,,0.0,0.095632791519165,,paper_bnlearn_alpha001_nowrong_noweight_50rep_mpc_fgs,results/paper_aaai2027/frozen/results/estimated_graphs/paper_bnlearn_alpha001_nowrong_noweight_50rep_mpc_fgs/cancer/FGS/run_0037_seed_2063.npz,,paper_bnlearn_alpha001_nowrong_noweight_50rep_mpc_fgs,1.0,,1.0,4.0,,not applicable (score based)
cancer,Cancer (5),FGS,39,,2064.0,2.0,0.5,2.0,0.5,2.0,2.0,2.0,0.5,0.5,0.5,2.0,1.0,3.0,0.5,0.75,0.25,,,,,,,,,,,,,,,,0.0,0.1097016334533691,,paper_bnlearn_alpha001_nowrong_noweight_50rep_mpc_fgs,results/paper_aaai2027/frozen/results/estimated_graphs/paper_bnlearn_alpha001_nowrong_noweight_50rep_mpc_fgs/cancer/FGS/run_0038_seed_2064.npz,,paper_bnlearn_alpha001_nowrong_noweight_50rep_mpc_fgs,1.0,,1.0,5.0,,not applicable (score based)
cancer,Cancer (5),FGS,40,,2065.0,2.0,0.5,2.0,0.5,2.0,2.0,2.0,0.5,0.5,0.5,2.0,1.0,3.0,0.5,0.75,0.25,,,,,,,,,,,,,,,,0.0,0.1677608489990234,,paper_bnlearn_alpha001_nowrong_noweight_50rep_mpc_fgs,results/paper_aaai2027/frozen/results/estimated_graphs/paper_bnlearn_alpha001_nowrong_noweight_50rep_mpc_fgs/cancer/FGS/run_0039_seed_2065.npz,,paper_bnlearn_alpha001_nowrong_noweight_50rep_mpc_fgs,1.0,,1.0,5.0,,not applicable (score based)
cancer,Cancer (5),FGS,41,,2066.0,2.0,0.5,2.0,0.5,2.0,2.0,2.0,0.5,0.5,0.5,2.0,1.0,3.0,0.5,0.75,0.25,,,,,,,,,,,,,,,,0.0,0.1618382930755615,,paper_bnlearn_alpha001_nowrong_noweight_50rep_mpc_fgs,results/paper_aaai2027/frozen/results/estimated_graphs/paper_bnlearn_alpha001_nowrong_noweight_50rep_mpc_fgs/cancer/FGS/run_0040_seed_2066.npz,,paper_bnlearn_alpha001_nowrong_noweight_50rep_mpc_fgs,1.0,,1.0,5.0,,not applicable (score based)
cancer,Cancer (5),FGS,42,,2067.0,2.0,0.5,2.0,0.5,2.0,2.0,2.0,0.5,0.5,0.5,2.0,1.0,3.0,0.5,0.75,0.25,,,,,,,,,,,,,,,,0.0,0.170236587524414,,paper_bnlearn_alpha001_nowrong_noweight_50rep_mpc_fgs,results/paper_aaai2027/frozen/results/estimated_graphs/paper_bnlearn_alpha001_nowrong_noweight_50rep_mpc_fgs/cancer/FGS/run_0041_seed_2067.npz,,paper_bnlearn_alpha001_nowrong_noweight_50rep_mpc_fgs,1.0,,1.0,5.0,,not applicable (score based)
cancer,Cancer (5),FGS,43,,2068.0,2.0,0.5,2.0,0.5,2.0,2.0,2.0,0.5,0.5,0.5,2.0,1.0,3.0,0.5,0.75,0.25,,,,,,,,,,,,,,,,0.0,0.1689364910125732,,paper_bnlearn_alpha001_nowrong_noweight_50rep_mpc_fgs,results/paper_aaai2027/frozen/results/estimated_graphs/paper_bnlearn_alpha001_nowrong_noweight_50rep_mpc_fgs/cancer/FGS/run_0042_seed_2068.npz,,paper_bnlearn_alpha001_nowrong_noweight_50rep_mpc_fgs,1.0,,1.0,5.0,,not applicable (score based)
cancer,Cancer (5),FGS,44,,2069.0,2.0,0.5,2.0,0.5,2.0,2.0,2.0,0.5,0.5,0.5,2.0,1.0,3.0,0.5,0.75,0.25,,,,,,,,,,,,,,,,0.0,0.1699535846710205,,paper_bnlearn_alpha001_nowrong_noweight_50rep_mpc_fgs,results/paper_aaai2027/frozen/results/estimated_graphs/paper_bnlearn_alpha001_nowrong_noweight_50rep_mpc_fgs/cancer/FGS/run_0043_seed_2069.npz,,paper_bnlearn_alpha001_nowrong_noweight_50rep_mpc_fgs,1.0,,1.0,5.0,,not applicable (score based)
cancer,Cancer (5),FGS,45,,2070.0,3.0,0.2857,3.0,0.2857,3.0,3.0,3.0,0.2857,0.2857,0.2857,2.75,2.0,4.0,0.357125,0.5714,0.0,,,,,,,,,,,,,,,,0.0,0.1638514995574951,,paper_bnlearn_alpha001_nowrong_noweight_50rep_mpc_fgs,results/paper_aaai2027/frozen/results/estimated_graphs/paper_bnlearn_alpha001_nowrong_noweight_50rep_mpc_fgs/cancer/FGS/run_0044_seed_2070.npz,,paper_bnlearn_alpha001_nowrong_noweight_50rep_mpc_fgs,1.0,,1.0,4.0,,not applicable (score based)
cancer,Cancer (5),FGS,46,,2071.0,3.0,0.2857,3.0,0.2857,3.0,3.0,3.0,0.2857,0.2857,0.2857,2.75,2.0,4.0,0.357125,0.5714,0.0,,,,,,,,,,,,,,,,0.0,0.1580550670623779,,paper_bnlearn_alpha001_nowrong_noweight_50rep_mpc_fgs,results/paper_aaai2027/frozen/results/estimated_graphs/paper_bnlearn_alpha001_nowrong_noweight_50rep_mpc_fgs/cancer/FGS/run_0045_seed_2071.npz,,paper_bnlearn_alpha001_nowrong_noweight_50rep_mpc_fgs,1.0,,1.0,4.0,,not applicable (score based)
cancer,Cancer (5),FGS,47,,2072.0,3.0,0.2857,3.0,0.2857,3.0,3.0,3.0,0.2857,0.2857,0.2857,2.75,2.0,4.0,0.357125,0.5714,0.0,,,,,,,,,,,,,,,,0.0,0.1599090099334716,,paper_bnlearn_alpha001_nowrong_noweight_50rep_mpc_fgs,results/paper_aaai2027/frozen/results/estimated_graphs/paper_bnlearn_alpha001_nowrong_noweight_50rep_mpc_fgs/cancer/FGS/run_0046_seed_2072.npz,,paper_bnlearn_alpha001_nowrong_noweight_50rep_mpc_fgs,1.0,,1.0,4.0,,not applicable (score based)
cancer,Cancer (5),FGS,48,,2073.0,2.0,0.5,2.0,0.5,2.0,2.0,2.0,0.5,0.5,0.5,2.0,1.0,3.0,0.5,0.75,0.25,,,,,,,,,,,,,,,,0.0,0.168511152267456,,paper_bnlearn_alpha001_nowrong_noweight_50rep_mpc_fgs,results/paper_aaai2027/frozen/results/estimated_graphs/paper_bnlearn_alpha001_nowrong_noweight_50rep_mpc_fgs/cancer/FGS/run_0047_seed_2073.npz,,paper_bnlearn_alpha001_nowrong_noweight_50rep_mpc_fgs,1.0,,1.0,5.0,,not applicable (score based)
cancer,Cancer (5),FGS,49,,2074.0,2.0,0.5,2.0,0.5,2.0,2.0,2.0,0.5,0.5,0.5,2.0,1.0,3.0,0.5,0.75,0.25,,,,,,,,,,,,,,,,0.0,0.1634485721588134,,paper_bnlearn_alpha001_nowrong_noweight_50rep_mpc_fgs,results/paper_aaai2027/frozen/results/estimated_graphs/paper_bnlearn_alpha001_nowrong_noweight_50rep_mpc_fgs/cancer/FGS/run_0048_seed_2074.npz,,paper_bnlearn_alpha001_nowrong_noweight_50rep_mpc_fgs,1.0,,1.0,5.0,,not applicable (score based)
cancer,Cancer (5),FGS,50,,2075.0,2.0,0.5,2.0,0.5,2.0,2.0,2.0,0.5,0.5,0.5,2.0,1.0,3.0,0.5,0.75,0.25,,,,,,,,,,,,,,,,0.0,0.1168081760406494,,paper_bnlearn_alpha001_nowrong_noweight_50rep_mpc_fgs,results/paper_aaai2027/frozen/results/estimated_graphs/paper_bnlearn_alpha001_nowrong_noweight_50rep_mpc_fgs/cancer/FGS/run_0049_seed_2075.npz,,paper_bnlearn_alpha001_nowrong_noweight_50rep_mpc_fgs,1.0,,1.0,5.0,,not applicable (score based)
cancer,Cancer (5),ASPCR-DAG,1,,2026.0,4.0,0.0,4.0,0.0,4.0,4.0,4.0,0.0,0.0,0.0,4.0,4.0,4.0,0.0,0.0,0.0,0.0,0.0,,,,,,,,,,,,,,,12.6671674251556,,paper_aspcr_dag_alpha001_n5000_50rep,results/paper_aaai2027/frozen/results/estimated_graphs/paper_aspcr_dag_alpha001_n5000_50rep/cancer/ASPCR-DAG-log/run_0000_seed_2026.npz,results/paper_aaai2027/frozen/results/aspcr_matched/paper_aspcr_dag_alpha001_n5000_50rep/results/aspcr_log-weights_dag_sufficient_cancer_2026_constraints.csv,paper_aspcr_dag_alpha001_n5000_50rep,,,1.0,1.0,corrected_dag_complete,complete native ASPCR CI trace
cancer,Cancer (5),ASPCR-DAG,2,,2027.0,2.0,0.5714,3.0,0.2857,2.0,2.0,2.0,0.5714,0.5714,0.5714,3.0,3.0,3.0,0.2857,0.2857,0.2857,0.0,0.0,,,,,,,,,,,,,,,12.8047714233398,,paper_aspcr_dag_alpha001_n5000_50rep,results/paper_aaai2027/frozen/results/estimated_graphs/paper_aspcr_dag_alpha001_n5000_50rep/cancer/ASPCR-DAG-log/run_0001_seed_2027.npz,results/paper_aaai2027/frozen/results/aspcr_matched/paper_aspcr_dag_alpha001_n5000_50rep/results/aspcr_log-weights_dag_sufficient_cancer_2027_constraints.csv,paper_aspcr_dag_alpha001_n5000_50rep,,,1.0,1.0,corrected_dag_complete,complete native ASPCR CI trace
cancer,Cancer (5),ASPCR-DAG,3,,2028.0,2.0,0.5714,1.0,0.8571,2.0,2.0,2.0,0.5714,0.5714,0.5714,1.0,1.0,1.0,0.8571,0.8571,0.8571,0.0,0.0,,,,,,,,,,,,,,,12.8967926502228,,paper_aspcr_dag_alpha001_n5000_50rep,results/paper_aaai2027/frozen/results/estimated_graphs/paper_aspcr_dag_alpha001_n5000_50rep/cancer/ASPCR-DAG-log/run_0002_seed_2028.npz,results/paper_aaai2027/frozen/results/aspcr_matched/paper_aspcr_dag_alpha001_n5000_50rep/results/aspcr_log-weights_dag_sufficient_cancer_2028_constraints.csv,paper_aspcr_dag_alpha001_n5000_50rep,,,1.0,1.0,corrected_dag_complete,complete native ASPCR CI trace
cancer,Cancer (5),ASPCR-DAG,4,,2029.0,2.0,0.5,2.0,0.5,2.0,2.0,2.0,0.5,0.5,0.5,2.0,2.0,2.0,0.5,0.5,0.5,0.0,0.0,,,,,,,,,,,,,,,12.8839418888092,,paper_aspcr_dag_alpha001_n5000_50rep,results/paper_aaai2027/frozen/results/estimated_graphs/paper_aspcr_dag_alpha001_n5000_50rep/cancer/ASPCR-DAG-log/run_0003_seed_2029.npz,results/paper_aaai2027/frozen/results/aspcr_matched/paper_aspcr_dag_alpha001_n5000_50rep/results/aspcr_log-weights_dag_sufficient_cancer_2029_constraints.csv,paper_aspcr_dag_alpha001_n5000_50rep,,,1.0,1.0,corrected_dag_complete,complete native ASPCR CI trace
cancer,Cancer (5),ASPCR-DAG,5,,2030.0,2.0,0.5,2.0,0.5,2.0,2.0,2.0,0.5,0.5,0.5,2.0,2.0,2.0,0.5,0.5,0.5,0.0,0.0,,,,,,,,,,,,,,,12.8632946014404,,paper_aspcr_dag_alpha001_n5000_50rep,results/paper_aaai2027/frozen/results/estimated_graphs/paper_aspcr_dag_alpha001_n5000_50rep/cancer/ASPCR-DAG-log/run_0004_seed_2030.npz,results/paper_aaai2027/frozen/results/aspcr_matched/paper_aspcr_dag_alpha001_n5000_50rep/results/aspcr_log-weights_dag_sufficient_cancer_2030_constraints.csv,paper_aspcr_dag_alpha001_n5000_50rep,,,1.0,1.0,corrected_dag_complete,complete native ASPCR CI trace
cancer,Cancer (5),ASPCR-DAG,6,,2031.0,2.0,0.5,3.0,0.25,2.0,2.0,2.0,0.5,0.5,0.5,3.0,3.0,3.0,0.25,0.25,0.25,0.0,0.0,,,,,,,,,,,,,,,12.8540344238281,,paper_aspcr_dag_alpha001_n5000_50rep,results/paper_aaai2027/frozen/results/estimated_graphs/paper_aspcr_dag_alpha001_n5000_50rep/cancer/ASPCR-DAG-log/run_0005_seed_2031.npz,results/paper_aaai2027/frozen/results/aspcr_matched/paper_aspcr_dag_alpha001_n5000_50rep/results/aspcr_log-weights_dag_sufficient_cancer_2031_constraints.csv,paper_aspcr_dag_alpha001_n5000_50rep,,,1.0,1.0,corrected_dag_complete,complete native ASPCR CI trace
cancer,Cancer (5),ASPCR-DAG,7,,2032.0,2.0,0.5,3.0,0.25,2.0,2.0,2.0,0.5,0.5,0.5,3.0,3.0,3.0,0.25,0.25,0.25,0.0,0.0,,,,,,,,,,,,,,,12.6841311454773,,paper_aspcr_dag_alpha001_n5000_50rep,results/paper_aaai2027/frozen/results/estimated_graphs/paper_aspcr_dag_alpha001_n5000_50rep/cancer/ASPCR-DAG-log/run_0006_seed_2032.npz,results/paper_aaai2027/frozen/results/aspcr_matched/paper_aspcr_dag_alpha001_n5000_50rep/results/aspcr_log-weights_dag_sufficient_cancer_2032_constraints.csv,paper_aspcr_dag_alpha001_n5000_50rep,,,1.0,1.0,corrected_dag_complete,complete native ASPCR CI trace
cancer,Cancer (5),ASPCR-DAG,8,,2033.0,2.0,0.5714,1.0,0.8571,2.0,2.0,2.0,0.5714,0.5714,0.5714,1.0,1.0,1.0,0.8571,0.8571,0.8571,0.0,0.0,,,,,,,,,,,,,,,12.8141448497772,,paper_aspcr_dag_alpha001_n5000_50rep,results/paper_aaai2027/frozen/results/estimated_graphs/paper_aspcr_dag_alpha001_n5000_50rep/cancer/ASPCR-DAG-log/run_0007_seed_2033.npz,results/paper_aaai2027/frozen/results/aspcr_matched/paper_aspcr_dag_alpha001_n5000_50rep/results/aspcr_log-weights_dag_sufficient_cancer_2033_constraints.csv,paper_aspcr_dag_alpha001_n5000_50rep,,,1.0,1.0,corrected_dag_complete,complete native ASPCR CI trace
cancer,Cancer (5),ASPCR-DAG,9,,2034.0,4.0,0.0,4.0,0.0,4.0,4.0,4.0,0.0,0.0,0.0,4.0,4.0,4.0,0.0,0.0,0.0,0.0,0.0,,,,,,,,,,,,,,,12.7495658397675,,paper_aspcr_dag_alpha001_n5000_50rep,results/paper_aaai2027/frozen/results/estimated_graphs/paper_aspcr_dag_alpha001_n5000_50rep/cancer/ASPCR-DAG-log/run_0008_seed_2034.npz,results/paper_aaai2027/frozen/results/aspcr_matched/paper_aspcr_dag_alpha001_n5000_50rep/results/aspcr_log-weights_dag_sufficient_cancer_2034_constraints.csv,paper_aspcr_dag_alpha001_n5000_50rep,,,1.0,1.0,corrected_dag_complete,complete native ASPCR CI trace
cancer,Cancer (5),ASPCR-DAG,10,,2035.0,2.0,0.5714,3.0,0.2857,2.0,2.0,2.0,0.5714,0.5714,0.5714,3.0,3.0,3.0,0.2857,0.2857,0.2857,0.0,0.0,,,,,,,,,,,,,,,12.6928060054779,,paper_aspcr_dag_alpha001_n5000_50rep,results/paper_aaai2027/frozen/results/estimated_graphs/paper_aspcr_dag_alpha001_n5000_50rep/cancer/ASPCR-DAG-log/run_0009_seed_2035.npz,results/paper_aaai2027/frozen/results/aspcr_matched/paper_aspcr_dag_alpha001_n5000_50rep/results/aspcr_log-weights_dag_sufficient_cancer_2035_constraints.csv,paper_aspcr_dag_alpha001_n5000_50rep,,,1.0,1.0,corrected_dag_complete,complete native ASPCR CI trace
cancer,Cancer (5),ASPCR-DAG,11,,2036.0,2.0,0.5,1.0,0.75,2.0,2.0,2.0,0.5,0.5,0.5,1.0,1.0,1.0,0.75,0.75,0.75,0.0,0.0,,,,,,,,,,,,,,,12.6971254348755,,paper_aspcr_dag_alpha001_n5000_50rep,results/paper_aaai2027/frozen/results/estimated_graphs/paper_aspcr_dag_alpha001_n5000_50rep/cancer/ASPCR-DAG-log/run_0010_seed_2036.npz,results/paper_aaai2027/frozen/results/aspcr_matched/paper_aspcr_dag_alpha001_n5000_50rep/results/aspcr_log-weights_dag_sufficient_cancer_2036_constraints.csv,paper_aspcr_dag_alpha001_n5000_50rep,,,1.0,1.0,corrected_dag_complete,complete native ASPCR CI trace
cancer,Cancer (5),ASPCR-DAG,12,,2037.0,4.0,0.25,4.0,0.25,4.0,4.0,4.0,0.25,0.25,0.25,4.0,4.0,4.0,0.25,0.25,0.25,0.0,0.0,,,,,,,,,,,,,,,12.6969919204712,,paper_aspcr_dag_alpha001_n5000_50rep,results/paper_aaai2027/frozen/results/estimated_graphs/paper_aspcr_dag_alpha001_n5000_50rep/cancer/ASPCR-DAG-log/run_0011_seed_2037.npz,results/paper_aaai2027/frozen/results/aspcr_matched/paper_aspcr_dag_alpha001_n5000_50rep/results/aspcr_log-weights_dag_sufficient_cancer_2037_constraints.csv,paper_aspcr_dag_alpha001_n5000_50rep,,,1.0,1.0,corrected_dag_complete,complete native ASPCR CI trace
cancer,Cancer (5),ASPCR-DAG,13,,2038.0,2.0,0.5,3.0,0.25,2.0,2.0,2.0,0.5,0.5,0.5,3.0,3.0,3.0,0.25,0.25,0.25,0.0,0.0,,,,,,,,,,,,,,,12.6695492267609,,paper_aspcr_dag_alpha001_n5000_50rep,results/paper_aaai2027/frozen/results/estimated_graphs/paper_aspcr_dag_alpha001_n5000_50rep/cancer/ASPCR-DAG-log/run_0012_seed_2038.npz,results/paper_aaai2027/frozen/results/aspcr_matched/paper_aspcr_dag_alpha001_n5000_50rep/results/aspcr_log-weights_dag_sufficient_cancer_2038_constraints.csv,paper_aspcr_dag_alpha001_n5000_50rep,,,1.0,1.0,corrected_dag_complete,complete native ASPCR CI trace
cancer,Cancer (5),ASPCR-DAG,14,,2039.0,2.0,0.5,2.0,0.5,2.0,2.0,2.0,0.5,0.5,0.5,2.0,2.0,2.0,0.5,0.5,0.5,0.0,0.0,,,,,,,,,,,,,,,12.8387720584869,,paper_aspcr_dag_alpha001_n5000_50rep,results/paper_aaai2027/frozen/results/estimated_graphs/paper_aspcr_dag_alpha001_n5000_50rep/cancer/ASPCR-DAG-log/run_0013_seed_2039.npz,results/paper_aaai2027/frozen/results/aspcr_matched/paper_aspcr_dag_alpha001_n5000_50rep/results/aspcr_log-weights_dag_sufficient_cancer_2039_constraints.csv,paper_aspcr_dag_alpha001_n5000_50rep,,,1.0,1.0,corrected_dag_complete,complete native ASPCR CI trace
cancer,Cancer (5),ASPCR-DAG,15,,2040.0,2.0,0.5,2.0,0.5,2.0,2.0,2.0,0.5,0.5,0.5,2.0,2.0,2.0,0.5,0.5,0.5,0.0,0.0,,,,,,,,,,,,,,,12.6979749202728,,paper_aspcr_dag_alpha001_n5000_50rep,results/paper_aaai2027/frozen/results/estimated_graphs/paper_aspcr_dag_alpha001_n5000_50rep/cancer/ASPCR-DAG-log/run_0014_seed_2040.npz,results/paper_aaai2027/frozen/results/aspcr_matched/paper_aspcr_dag_alpha001_n5000_50rep/results/aspcr_log-weights_dag_sufficient_cancer_2040_constraints.csv,paper_aspcr_dag_alpha001_n5000_50rep,,,1.0,1.0,corrected_dag_complete,complete native ASPCR CI trace
cancer,Cancer (5),ASPCR-DAG,16,,2041.0,2.0,0.5714,3.0,0.2857,2.0,2.0,2.0,0.5714,0.5714,0.5714,3.0,3.0,3.0,0.2857,0.2857,0.2857,0.0,0.0,,,,,,,,,,,,,,,12.8923141956329,,paper_aspcr_dag_alpha001_n5000_50rep,results/paper_aaai2027/frozen/results/estimated_graphs/paper_aspcr_dag_alpha001_n5000_50rep/cancer/ASPCR-DAG-log/run_0015_seed_2041.npz,results/paper_aaai2027/frozen/results/aspcr_matched/paper_aspcr_dag_alpha001_n5000_50rep/results/aspcr_log-weights_dag_sufficient_cancer_2041_constraints.csv,paper_aspcr_dag_alpha001_n5000_50rep,,,1.0,1.0,corrected_dag_complete,complete native ASPCR CI trace
cancer,Cancer (5),ASPCR-DAG,17,,2042.0,3.0,0.2857,3.0,0.2857,3.0,3.0,3.0,0.2857,0.2857,0.2857,3.0,3.0,3.0,0.2857,0.2857,0.2857,0.0,0.0,,,,,,,,,,,,,,,12.7685463428497,,paper_aspcr_dag_alpha001_n5000_50rep,results/paper_aaai2027/frozen/results/estimated_graphs/paper_aspcr_dag_alpha001_n5000_50rep/cancer/ASPCR-DAG-log/run_0016_seed_2042.npz,results/paper_aaai2027/frozen/results/aspcr_matched/paper_aspcr_dag_alpha001_n5000_50rep/results/aspcr_log-weights_dag_sufficient_cancer_2042_constraints.csv,paper_aspcr_dag_alpha001_n5000_50rep,,,1.0,1.0,corrected_dag_complete,complete native ASPCR CI trace
cancer,Cancer (5),ASPCR-DAG,18,,2043.0,3.0,0.4444,3.0,0.4444,3.0,3.0,3.0,0.4444,0.4444,0.4444,3.0,3.0,3.0,0.4444,0.4444,0.4444,0.0,0.0,,,,,,,,,,,,,,,12.8771073818207,,paper_aspcr_dag_alpha001_n5000_50rep,results/paper_aaai2027/frozen/results/estimated_graphs/paper_aspcr_dag_alpha001_n5000_50rep/cancer/ASPCR-DAG-log/run_0017_seed_2043.npz,results/paper_aaai2027/frozen/results/aspcr_matched/paper_aspcr_dag_alpha001_n5000_50rep/results/aspcr_log-weights_dag_sufficient_cancer_2043_constraints.csv,paper_aspcr_dag_alpha001_n5000_50rep,,,1.0,1.0,corrected_dag_complete,complete native ASPCR CI trace
cancer,Cancer (5),ASPCR-DAG,19,,2044.0,2.0,0.5714,2.0,0.5714,2.0,2.0,2.0,0.5714,0.5714,0.5714,2.0,2.0,2.0,0.5714,0.5714,0.5714,0.0,0.0,,,,,,,,,,,,,,,12.7432475090027,,paper_aspcr_dag_alpha001_n5000_50rep,results/paper_aaai2027/frozen/results/estimated_graphs/paper_aspcr_dag_alpha001_n5000_50rep/cancer/ASPCR-DAG-log/run_0018_seed_2044.npz,results/paper_aaai2027/frozen/results/aspcr_matched/paper_aspcr_dag_alpha001_n5000_50rep/results/aspcr_log-weights_dag_sufficient_cancer_2044_constraints.csv,paper_aspcr_dag_alpha001_n5000_50rep,,,1.0,1.0,corrected_dag_complete,complete native ASPCR CI trace
cancer,Cancer (5),ASPCR-DAG,20,,2045.0,2.0,0.5,1.0,0.75,2.0,2.0,2.0,0.5,0.5,0.5,1.0,1.0,1.0,0.75,0.75,0.75,0.0,0.0,,,,,,,,,,,,,,,12.8118901252747,,paper_aspcr_dag_alpha001_n5000_50rep,results/paper_aaai2027/frozen/results/estimated_graphs/paper_aspcr_dag_alpha001_n5000_50rep/cancer/ASPCR-DAG-log/run_0019_seed_2045.npz,results/paper_aaai2027/frozen/results/aspcr_matched/paper_aspcr_dag_alpha001_n5000_50rep/results/aspcr_log-weights_dag_sufficient_cancer_2045_constraints.csv,paper_aspcr_dag_alpha001_n5000_50rep,,,1.0,1.0,corrected_dag_complete,complete native ASPCR CI trace
cancer,Cancer (5),ASPCR-DAG,21,,2046.0,2.0,0.5,3.0,0.25,2.0,2.0,2.0,0.5,0.5,0.5,3.0,3.0,3.0,0.25,0.25,0.25,0.0,0.0,,,,,,,,,,,,,,,12.708530664444,,paper_aspcr_dag_alpha001_n5000_50rep,results/paper_aaai2027/frozen/results/estimated_graphs/paper_aspcr_dag_alpha001_n5000_50rep/cancer/ASPCR-DAG-log/run_0020_seed_2046.npz,results/paper_aaai2027/frozen/results/aspcr_matched/paper_aspcr_dag_alpha001_n5000_50rep/results/aspcr_log-weights_dag_sufficient_cancer_2046_constraints.csv,paper_aspcr_dag_alpha001_n5000_50rep,,,1.0,1.0,corrected_dag_complete,complete native ASPCR CI trace
cancer,Cancer (5),ASPCR-DAG,22,,2047.0,2.0,0.5,2.0,0.5,2.0,2.0,2.0,0.5,0.5,0.5,2.0,2.0,2.0,0.5,0.5,0.5,0.0,0.0,,,,,,,,,,,,,,,12.669525384903,,paper_aspcr_dag_alpha001_n5000_50rep,results/paper_aaai2027/frozen/results/estimated_graphs/paper_aspcr_dag_alpha001_n5000_50rep/cancer/ASPCR-DAG-log/run_0021_seed_2047.npz,results/paper_aaai2027/frozen/results/aspcr_matched/paper_aspcr_dag_alpha001_n5000_50rep/results/aspcr_log-weights_dag_sufficient_cancer_2047_constraints.csv,paper_aspcr_dag_alpha001_n5000_50rep,,,1.0,1.0,corrected_dag_complete,complete native ASPCR CI trace
cancer,Cancer (5),ASPCR-DAG,23,,2048.0,2.0,0.5,1.0,0.75,2.0,2.0,2.0,0.5,0.5,0.5,1.0,1.0,1.0,0.75,0.75,0.75,0.0,0.0,,,,,,,,,,,,,,,12.8099987506866,,paper_aspcr_dag_alpha001_n5000_50rep,results/paper_aaai2027/frozen/results/estimated_graphs/paper_aspcr_dag_alpha001_n5000_50rep/cancer/ASPCR-DAG-log/run_0022_seed_2048.npz,results/paper_aaai2027/frozen/results/aspcr_matched/paper_aspcr_dag_alpha001_n5000_50rep/results/aspcr_log-weights_dag_sufficient_cancer_2048_constraints.csv,paper_aspcr_dag_alpha001_n5000_50rep,,,1.0,1.0,corrected_dag_complete,complete native ASPCR CI trace
cancer,Cancer (5),ASPCR-DAG,24,,2049.0,2.0,0.5714,3.0,0.2857,2.0,2.0,2.0,0.5714,0.5714,0.5714,3.0,3.0,3.0,0.2857,0.2857,0.2857,0.0,0.0,,,,,,,,,,,,,,,12.9452295303345,,paper_aspcr_dag_alpha001_n5000_50rep,results/paper_aaai2027/frozen/results/estimated_graphs/paper_aspcr_dag_alpha001_n5000_50rep/cancer/ASPCR-DAG-log/run_0023_seed_2049.npz,results/paper_aaai2027/frozen/results/aspcr_matched/paper_aspcr_dag_alpha001_n5000_50rep/results/aspcr_log-weights_dag_sufficient_cancer_2049_constraints.csv,paper_aspcr_dag_alpha001_n5000_50rep,,,1.0,1.0,corrected_dag_complete,complete native ASPCR CI trace
cancer,Cancer (5),ASPCR-DAG,25,,2050.0,2.0,0.5714,1.0,0.8571,2.0,2.0,2.0,0.5714,0.5714,0.5714,1.0,1.0,1.0,0.8571,0.8571,0.8571,0.0,0.0,,,,,,,,,,,,,,,12.7234284877777,,paper_aspcr_dag_alpha001_n5000_50rep,results/paper_aaai2027/frozen/results/estimated_graphs/paper_aspcr_dag_alpha001_n5000_50rep/cancer/ASPCR-DAG-log/run_0024_seed_2050.npz,results/paper_aaai2027/frozen/results/aspcr_matched/paper_aspcr_dag_alpha001_n5000_50rep/results/aspcr_log-weights_dag_sufficient_cancer_2050_constraints.csv,paper_aspcr_dag_alpha001_n5000_50rep,,,1.0,1.0,corrected_dag_complete,complete native ASPCR CI trace
cancer,Cancer (5),ASPCR-DAG,26,,2051.0,2.0,0.5714,3.0,0.2857,2.0,2.0,2.0,0.5714,0.5714,0.5714,3.0,3.0,3.0,0.2857,0.2857,0.2857,0.0,0.0,,,,,,,,,,,,,,,12.6339440345764,,paper_aspcr_dag_alpha001_n5000_50rep,results/paper_aaai2027/frozen/results/estimated_graphs/paper_aspcr_dag_alpha001_n5000_50rep/cancer/ASPCR-DAG-log/run_0025_seed_2051.npz,results/paper_aaai2027/frozen/results/aspcr_matched/paper_aspcr_dag_alpha001_n5000_50rep/results/aspcr_log-weights_dag_sufficient_cancer_2051_constraints.csv,paper_aspcr_dag_alpha001_n5000_50rep,,,1.0,1.0,corrected_dag_complete,complete native ASPCR CI trace
cancer,Cancer (5),ASPCR-DAG,27,,2052.0,2.0,0.5,2.0,0.5,2.0,2.0,2.0,0.5,0.5,0.5,2.0,2.0,2.0,0.5,0.5,0.5,0.0,0.0,,,,,,,,,,,,,,,12.8767414093018,,paper_aspcr_dag_alpha001_n5000_50rep,results/paper_aaai2027/frozen/results/estimated_graphs/paper_aspcr_dag_alpha001_n5000_50rep/cancer/ASPCR-DAG-log/run_0026_seed_2052.npz,results/paper_aaai2027/frozen/results/aspcr_matched/paper_aspcr_dag_alpha001_n5000_50rep/results/aspcr_log-weights_dag_sufficient_cancer_2052_constraints.csv,paper_aspcr_dag_alpha001_n5000_50rep,,,1.0,1.0,corrected_dag_complete,complete native ASPCR CI trace
cancer,Cancer (5),ASPCR-DAG,28,,2053.0,2.0,0.5714,1.0,0.8571,2.0,2.0,2.0,0.5714,0.5714,0.5714,1.0,1.0,1.0,0.8571,0.8571,0.8571,0.0,0.0,,,,,,,,,,,,,,,12.7493035793304,,paper_aspcr_dag_alpha001_n5000_50rep,results/paper_aaai2027/frozen/results/estimated_graphs/paper_aspcr_dag_alpha001_n5000_50rep/cancer/ASPCR-DAG-log/run_0027_seed_2053.npz,results/paper_aaai2027/frozen/results/aspcr_matched/paper_aspcr_dag_alpha001_n5000_50rep/results/aspcr_log-weights_dag_sufficient_cancer_2053_constraints.csv,paper_aspcr_dag_alpha001_n5000_50rep,,,1.0,1.0,corrected_dag_complete,complete native ASPCR CI trace
cancer,Cancer (5),ASPCR-DAG,29,,2054.0,2.0,0.5714,2.0,0.5714,2.0,2.0,2.0,0.5714,0.5714,0.5714,2.0,2.0,2.0,0.5714,0.5714,0.5714,0.0,0.0,,,,,,,,,,,,,,,12.6796369552612,,paper_aspcr_dag_alpha001_n5000_50rep,results/paper_aaai2027/frozen/results/estimated_graphs/paper_aspcr_dag_alpha001_n5000_50rep/cancer/ASPCR-DAG-log/run_0028_seed_2054.npz,results/paper_aaai2027/frozen/results/aspcr_matched/paper_aspcr_dag_alpha001_n5000_50rep/results/aspcr_log-weights_dag_sufficient_cancer_2054_constraints.csv,paper_aspcr_dag_alpha001_n5000_50rep,,,1.0,1.0,corrected_dag_complete,complete native ASPCR CI trace
cancer,Cancer (5),ASPCR-DAG,30,,2055.0,2.0,0.5,3.0,0.25,2.0,2.0,2.0,0.5,0.5,0.5,3.0,3.0,3.0,0.25,0.25,0.25,0.0,0.0,,,,,,,,,,,,,,,12.8428103923798,,paper_aspcr_dag_alpha001_n5000_50rep,results/paper_aaai2027/frozen/results/estimated_graphs/paper_aspcr_dag_alpha001_n5000_50rep/cancer/ASPCR-DAG-log/run_0029_seed_2055.npz,results/paper_aaai2027/frozen/results/aspcr_matched/paper_aspcr_dag_alpha001_n5000_50rep/results/aspcr_log-weights_dag_sufficient_cancer_2055_constraints.csv,paper_aspcr_dag_alpha001_n5000_50rep,,,1.0,1.0,corrected_dag_complete,complete native ASPCR CI trace
cancer,Cancer (5),ASPCR-DAG,31,,2056.0,2.0,0.5,2.0,0.5,2.0,2.0,2.0,0.5,0.5,0.5,2.0,2.0,2.0,0.5,0.5,0.5,0.0,0.0,,,,,,,,,,,,,,,12.8857243061066,,paper_aspcr_dag_alpha001_n5000_50rep,results/paper_aaai2027/frozen/results/estimated_graphs/paper_aspcr_dag_alpha001_n5000_50rep/cancer/ASPCR-DAG-log/run_0030_seed_2056.npz,results/paper_aaai2027/frozen/results/aspcr_matched/paper_aspcr_dag_alpha001_n5000_50rep/results/aspcr_log-weights_dag_sufficient_cancer_2056_constraints.csv,paper_aspcr_dag_alpha001_n5000_50rep,,,1.0,1.0,corrected_dag_complete,complete native ASPCR CI trace
cancer,Cancer (5),ASPCR-DAG,32,,2057.0,2.0,0.5714,3.0,0.2857,2.0,2.0,2.0,0.5714,0.5714,0.5714,3.0,3.0,3.0,0.2857,0.2857,0.2857,0.0,0.0,,,,,,,,,,,,,,,12.9392154216766,,paper_aspcr_dag_alpha001_n5000_50rep,results/paper_aaai2027/frozen/results/estimated_graphs/paper_aspcr_dag_alpha001_n5000_50rep/cancer/ASPCR-DAG-log/run_0031_seed_2057.npz,results/paper_aaai2027/frozen/results/aspcr_matched/paper_aspcr_dag_alpha001_n5000_50rep/results/aspcr_log-weights_dag_sufficient_cancer_2057_constraints.csv,paper_aspcr_dag_alpha001_n5000_50rep,,,1.0,1.0,corrected_dag_complete,complete native ASPCR CI trace
cancer,Cancer (5),ASPCR-DAG,33,,2058.0,3.0,0.4444,3.0,0.4444,3.0,3.0,3.0,0.4444,0.4444,0.4444,3.0,3.0,3.0,0.4444,0.4444,0.4444,0.0,0.0,,,,,,,,,,,,,,,12.8719968795776,,paper_aspcr_dag_alpha001_n5000_50rep,results/paper_aaai2027/frozen/results/estimated_graphs/paper_aspcr_dag_alpha001_n5000_50rep/cancer/ASPCR-DAG-log/run_0032_seed_2058.npz,results/paper_aaai2027/frozen/results/aspcr_matched/paper_aspcr_dag_alpha001_n5000_50rep/results/aspcr_log-weights_dag_sufficient_cancer_2058_constraints.csv,paper_aspcr_dag_alpha001_n5000_50rep,,,1.0,1.0,corrected_dag_complete,complete native ASPCR CI trace
cancer,Cancer (5),ASPCR-DAG,34,,2059.0,3.0,0.2857,3.0,0.2857,3.0,3.0,3.0,0.2857,0.2857,0.2857,3.0,3.0,3.0,0.2857,0.2857,0.2857,0.0,0.0,,,,,,,,,,,,,,,12.8603947162628,,paper_aspcr_dag_alpha001_n5000_50rep,results/paper_aaai2027/frozen/results/estimated_graphs/paper_aspcr_dag_alpha001_n5000_50rep/cancer/ASPCR-DAG-log/run_0033_seed_2059.npz,results/paper_aaai2027/frozen/results/aspcr_matched/paper_aspcr_dag_alpha001_n5000_50rep/results/aspcr_log-weights_dag_sufficient_cancer_2059_constraints.csv,paper_aspcr_dag_alpha001_n5000_50rep,,,1.0,1.0,corrected_dag_complete,complete native ASPCR CI trace
cancer,Cancer (5),ASPCR-DAG,35,,2060.0,2.0,0.5714,1.0,0.8571,2.0,2.0,2.0,0.5714,0.5714,0.5714,1.0,1.0,1.0,0.8571,0.8571,0.8571,0.0,0.0,,,,,,,,,,,,,,,12.8606381416321,,paper_aspcr_dag_alpha001_n5000_50rep,results/paper_aaai2027/frozen/results/estimated_graphs/paper_aspcr_dag_alpha001_n5000_50rep/cancer/ASPCR-DAG-log/run_0034_seed_2060.npz,results/paper_aaai2027/frozen/results/aspcr_matched/paper_aspcr_dag_alpha001_n5000_50rep/results/aspcr_log-weights_dag_sufficient_cancer_2060_constraints.csv,paper_aspcr_dag_alpha001_n5000_50rep,,,1.0,1.0,corrected_dag_complete,complete native ASPCR CI trace
cancer,Cancer (5),ASPCR-DAG,36,,2061.0,2.0,0.5714,3.0,0.2857,2.0,2.0,2.0,0.5714,0.5714,0.5714,3.0,3.0,3.0,0.2857,0.2857,0.2857,0.0,0.0,,,,,,,,,,,,,,,12.9294743537903,,paper_aspcr_dag_alpha001_n5000_50rep,results/paper_aaai2027/frozen/results/estimated_graphs/paper_aspcr_dag_alpha001_n5000_50rep/cancer/ASPCR-DAG-log/run_0035_seed_2061.npz,results/paper_aaai2027/frozen/results/aspcr_matched/paper_aspcr_dag_alpha001_n5000_50rep/results/aspcr_log-weights_dag_sufficient_cancer_2061_constraints.csv,paper_aspcr_dag_alpha001_n5000_50rep,,,1.0,1.0,corrected_dag_complete,complete native ASPCR CI trace
cancer,Cancer (5),ASPCR-DAG,37,,2062.0,2.0,0.5,2.0,0.5,2.0,2.0,2.0,0.5,0.5,0.5,2.0,2.0,2.0,0.5,0.5,0.5,0.0,0.0,,,,,,,,,,,,,,,12.8993942737579,,paper_aspcr_dag_alpha001_n5000_50rep,results/paper_aaai2027/frozen/results/estimated_graphs/paper_aspcr_dag_alpha001_n5000_50rep/cancer/ASPCR-DAG-log/run_0036_seed_2062.npz,results/paper_aaai2027/frozen/results/aspcr_matched/paper_aspcr_dag_alpha001_n5000_50rep/results/aspcr_log-weights_dag_sufficient_cancer_2062_constraints.csv,paper_aspcr_dag_alpha001_n5000_50rep,,,1.0,1.0,corrected_dag_complete,complete native ASPCR CI trace
cancer,Cancer (5),ASPCR-DAG,38,,2063.0,2.0,0.5714,3.0,0.2857,2.0,2.0,2.0,0.5714,0.5714,0.5714,3.0,3.0,3.0,0.2857,0.2857,0.2857,0.0,0.0,,,,,,,,,,,,,,,12.6793651580811,,paper_aspcr_dag_alpha001_n5000_50rep,results/paper_aaai2027/frozen/results/estimated_graphs/paper_aspcr_dag_alpha001_n5000_50rep/cancer/ASPCR-DAG-log/run_0037_seed_2063.npz,results/paper_aaai2027/frozen/results/aspcr_matched/paper_aspcr_dag_alpha001_n5000_50rep/results/aspcr_log-weights_dag_sufficient_cancer_2063_constraints.csv,paper_aspcr_dag_alpha001_n5000_50rep,,,1.0,1.0,corrected_dag_complete,complete native ASPCR CI trace
cancer,Cancer (5),ASPCR-DAG,39,,2064.0,2.0,0.5,2.0,0.5,2.0,2.0,2.0,0.5,0.5,0.5,2.0,2.0,2.0,0.5,0.5,0.5,0.0,0.0,,,,,,,,,,,,,,,12.9569232463837,,paper_aspcr_dag_alpha001_n5000_50rep,results/paper_aaai2027/frozen/results/estimated_graphs/paper_aspcr_dag_alpha001_n5000_50rep/cancer/ASPCR-DAG-log/run_0038_seed_2064.npz,results/paper_aaai2027/frozen/results/aspcr_matched/paper_aspcr_dag_alpha001_n5000_50rep/results/aspcr_log-weights_dag_sufficient_cancer_2064_constraints.csv,paper_aspcr_dag_alpha001_n5000_50rep,,,1.0,1.0,corrected_dag_complete,complete native ASPCR CI trace
cancer,Cancer (5),ASPCR-DAG,40,,2065.0,2.0,0.5,2.0,0.5,2.0,2.0,2.0,0.5,0.5,0.5,2.0,2.0,2.0,0.5,0.5,0.5,0.0,0.0,,,,,,,,,,,,,,,12.8964290618896,,paper_aspcr_dag_alpha001_n5000_50rep,results/paper_aaai2027/frozen/results/estimated_graphs/paper_aspcr_dag_alpha001_n5000_50rep/cancer/ASPCR-DAG-log/run_0039_seed_2065.npz,results/paper_aaai2027/frozen/results/aspcr_matched/paper_aspcr_dag_alpha001_n5000_50rep/results/aspcr_log-weights_dag_sufficient_cancer_2065_constraints.csv,paper_aspcr_dag_alpha001_n5000_50rep,,,1.0,1.0,corrected_dag_complete,complete native ASPCR CI trace
cancer,Cancer (5),ASPCR-DAG,41,,2066.0,2.0,0.5,1.0,0.75,2.0,2.0,2.0,0.5,0.5,0.5,1.0,1.0,1.0,0.75,0.75,0.75,0.0,0.0,,,,,,,,,,,,,,,12.6802823543549,,paper_aspcr_dag_alpha001_n5000_50rep,results/paper_aaai2027/frozen/results/estimated_graphs/paper_aspcr_dag_alpha001_n5000_50rep/cancer/ASPCR-DAG-log/run_0040_seed_2066.npz,results/paper_aaai2027/frozen/results/aspcr_matched/paper_aspcr_dag_alpha001_n5000_50rep/results/aspcr_log-weights_dag_sufficient_cancer_2066_constraints.csv,paper_aspcr_dag_alpha001_n5000_50rep,,,1.0,1.0,corrected_dag_complete,complete native ASPCR CI trace
cancer,Cancer (5),ASPCR-DAG,42,,2067.0,2.0,0.5,3.0,0.25,2.0,2.0,2.0,0.5,0.5,0.5,3.0,3.0,3.0,0.25,0.25,0.25,0.0,0.0,,,,,,,,,,,,,,,12.8527245521545,,paper_aspcr_dag_alpha001_n5000_50rep,results/paper_aaai2027/frozen/results/estimated_graphs/paper_aspcr_dag_alpha001_n5000_50rep/cancer/ASPCR-DAG-log/run_0041_seed_2067.npz,results/paper_aaai2027/frozen/results/aspcr_matched/paper_aspcr_dag_alpha001_n5000_50rep/results/aspcr_log-weights_dag_sufficient_cancer_2067_constraints.csv,paper_aspcr_dag_alpha001_n5000_50rep,,,1.0,1.0,corrected_dag_complete,complete native ASPCR CI trace
cancer,Cancer (5),ASPCR-DAG,43,,2068.0,2.0,0.5,3.0,0.25,2.0,2.0,2.0,0.5,0.5,0.5,3.0,3.0,3.0,0.25,0.25,0.25,0.0,0.0,,,,,,,,,,,,,,,12.6976211071014,,paper_aspcr_dag_alpha001_n5000_50rep,results/paper_aaai2027/frozen/results/estimated_graphs/paper_aspcr_dag_alpha001_n5000_50rep/cancer/ASPCR-DAG-log/run_0042_seed_2068.npz,results/paper_aaai2027/frozen/results/aspcr_matched/paper_aspcr_dag_alpha001_n5000_50rep/results/aspcr_log-weights_dag_sufficient_cancer_2068_constraints.csv,paper_aspcr_dag_alpha001_n5000_50rep,,,1.0,1.0,corrected_dag_complete,complete native ASPCR CI trace
cancer,Cancer (5),ASPCR-DAG,44,,2069.0,3.0,0.5,3.0,0.5,3.0,3.0,3.0,0.5,0.5,0.5,3.0,3.0,3.0,0.5,0.5,0.5,0.0,0.0,,,,,,,,,,,,,,,12.7005417346954,,paper_aspcr_dag_alpha001_n5000_50rep,results/paper_aaai2027/frozen/results/estimated_graphs/paper_aspcr_dag_alpha001_n5000_50rep/cancer/ASPCR-DAG-log/run_0043_seed_2069.npz,results/paper_aaai2027/frozen/results/aspcr_matched/paper_aspcr_dag_alpha001_n5000_50rep/results/aspcr_log-weights_dag_sufficient_cancer_2069_constraints.csv,paper_aspcr_dag_alpha001_n5000_50rep,,,1.0,1.0,corrected_dag_complete,complete native ASPCR CI trace
cancer,Cancer (5),ASPCR-DAG,45,,2070.0,2.0,0.5714,2.0,0.5714,2.0,2.0,2.0,0.5714,0.5714,0.5714,2.0,2.0,2.0,0.5714,0.5714,0.5714,0.0,0.0,,,,,,,,,,,,,,,12.7368001937866,,paper_aspcr_dag_alpha001_n5000_50rep,results/paper_aaai2027/frozen/results/estimated_graphs/paper_aspcr_dag_alpha001_n5000_50rep/cancer/ASPCR-DAG-log/run_0044_seed_2070.npz,results/paper_aaai2027/frozen/results/aspcr_matched/paper_aspcr_dag_alpha001_n5000_50rep/results/aspcr_log-weights_dag_sufficient_cancer_2070_constraints.csv,paper_aspcr_dag_alpha001_n5000_50rep,,,1.0,1.0,corrected_dag_complete,complete native ASPCR CI trace
cancer,Cancer (5),ASPCR-DAG,46,,2071.0,2.0,0.5714,3.0,0.2857,2.0,2.0,2.0,0.5714,0.5714,0.5714,3.0,3.0,3.0,0.2857,0.2857,0.2857,0.0,0.0,,,,,,,,,,,,,,,12.7218379974365,,paper_aspcr_dag_alpha001_n5000_50rep,results/paper_aaai2027/frozen/results/estimated_graphs/paper_aspcr_dag_alpha001_n5000_50rep/cancer/ASPCR-DAG-log/run_0045_seed_2071.npz,results/paper_aaai2027/frozen/results/aspcr_matched/paper_aspcr_dag_alpha001_n5000_50rep/results/aspcr_log-weights_dag_sufficient_cancer_2071_constraints.csv,paper_aspcr_dag_alpha001_n5000_50rep,,,1.0,1.0,corrected_dag_complete,complete native ASPCR CI trace
cancer,Cancer (5),ASPCR-DAG,47,,2072.0,3.0,0.5,3.0,0.5,3.0,3.0,3.0,0.5,0.5,0.5,3.0,3.0,3.0,0.5,0.5,0.5,0.0,0.0,,,,,,,,,,,,,,,12.8323030471802,,paper_aspcr_dag_alpha001_n5000_50rep,results/paper_aaai2027/frozen/results/estimated_graphs/paper_aspcr_dag_alpha001_n5000_50rep/cancer/ASPCR-DAG-log/run_0046_seed_2072.npz,results/paper_aaai2027/frozen/results/aspcr_matched/paper_aspcr_dag_alpha001_n5000_50rep/results/aspcr_log-weights_dag_sufficient_cancer_2072_constraints.csv,paper_aspcr_dag_alpha001_n5000_50rep,,,1.0,1.0,corrected_dag_complete,complete native ASPCR CI trace
cancer,Cancer (5),ASPCR-DAG,48,,2073.0,2.0,0.5714,2.0,0.5714,2.0,2.0,2.0,0.5714,0.5714,0.5714,2.0,2.0,2.0,0.5714,0.5714,0.5714,0.0,0.0,,,,,,,,,,,,,,,12.8068101406097,,paper_aspcr_dag_alpha001_n5000_50rep,results/paper_aaai2027/frozen/results/estimated_graphs/paper_aspcr_dag_alpha001_n5000_50rep/cancer/ASPCR-DAG-log/run_0047_seed_2073.npz,results/paper_aaai2027/frozen/results/aspcr_matched/paper_aspcr_dag_alpha001_n5000_50rep/results/aspcr_log-weights_dag_sufficient_cancer_2073_constraints.csv,paper_aspcr_dag_alpha001_n5000_50rep,,,1.0,1.0,corrected_dag_complete,complete native ASPCR CI trace
cancer,Cancer (5),ASPCR-DAG,49,,2074.0,2.0,0.5,1.0,0.75,2.0,2.0,2.0,0.5,0.5,0.5,1.0,1.0,1.0,0.75,0.75,0.75,0.0,0.0,,,,,,,,,,,,,,,12.8007116317749,,paper_aspcr_dag_alpha001_n5000_50rep,results/paper_aaai2027/frozen/results/estimated_graphs/paper_aspcr_dag_alpha001_n5000_50rep/cancer/ASPCR-DAG-log/run_0048_seed_2074.npz,results/paper_aaai2027/frozen/results/aspcr_matched/paper_aspcr_dag_alpha001_n5000_50rep/results/aspcr_log-weights_dag_sufficient_cancer_2074_constraints.csv,paper_aspcr_dag_alpha001_n5000_50rep,,,1.0,1.0,corrected_dag_complete,complete native ASPCR CI trace
cancer,Cancer (5),ASPCR-DAG,50,,2075.0,2.0,0.5,1.0,0.75,2.0,2.0,2.0,0.5,0.5,0.5,1.0,1.0,1.0,0.75,0.75,0.75,0.0,0.0,,,,,,,,,,,,,,,12.7823650836945,,paper_aspcr_dag_alpha001_n5000_50rep,results/paper_aaai2027/frozen/results/estimated_graphs/paper_aspcr_dag_alpha001_n5000_50rep/cancer/ASPCR-DAG-log/run_0049_seed_2075.npz,results/paper_aaai2027/frozen/results/aspcr_matched/paper_aspcr_dag_alpha001_n5000_50rep/results/aspcr_log-weights_dag_sufficient_cancer_2075_constraints.csv,paper_aspcr_dag_alpha001_n5000_50rep,,,1.0,1.0,corrected_dag_complete,complete native ASPCR CI trace
earthquake,Earthquake (5),ABA-PC,1,1.0,2026.0,0.0,1.0,0.0,1.0,0.0,0.0,0.0,1.0,1.0,1.0,0.0,0.0,0.0,1.0,1.0,1.0,1.0,1.0,1.0,1.0,1.0,1.0,1.0,1.0,1.0,1.0,1.0,1.0,1.0,1.0,1.0,1.0,1.2042002873495221,0.0,results/paper_aaai2027/frozen/results/final_mcs_experiments_er_sf_alpha001_nowrong_noweight_50rep_chunked/wc_sweep_bnlearn_earthquake_alpha001_nowrong_noweight_seed2026_2075_20260715_155009/summary.json,,,,,,1.0,1.0,,retained CI facts
earthquake,Earthquake (5),ABA-PC,2,2.0,2027.0,0.0,1.0,0.0,1.0,0.0,0.0,0.0,1.0,1.0,1.0,0.0,0.0,0.0,1.0,1.0,1.0,1.0,1.0,1.0,1.0,1.0,1.0,1.0,1.0,1.0,1.0,1.0,1.0,1.0,1.0,1.0,1.0,1.2456074967049062,0.0,results/paper_aaai2027/frozen/results/final_mcs_experiments_er_sf_alpha001_nowrong_noweight_50rep_chunked/wc_sweep_bnlearn_earthquake_alpha001_nowrong_noweight_seed2026_2075_20260715_155009/summary.json,,,,,,1.0,1.0,,retained CI facts
earthquake,Earthquake (5),ABA-PC,3,3.0,2028.0,0.0,1.0,0.0,1.0,0.0,0.0,0.0,1.0,1.0,1.0,0.0,0.0,0.0,1.0,1.0,1.0,1.0,1.0,1.0,1.0,1.0,1.0,1.0,1.0,1.0,1.0,1.0,1.0,1.0,1.0,1.0,1.0,1.77944964915514,0.0,results/paper_aaai2027/frozen/results/final_mcs_experiments_er_sf_alpha001_nowrong_noweight_50rep_chunked/wc_sweep_bnlearn_earthquake_alpha001_nowrong_noweight_seed2026_2075_20260715_155009/summary.json,,,,,,1.0,1.0,,retained CI facts
earthquake,Earthquake (5),ABA-PC,4,4.0,2029.0,0.0,1.0,0.0,1.0,0.0,0.0,0.0,1.0,1.0,1.0,0.0,0.0,0.0,1.0,1.0,1.0,1.0,1.0,1.0,1.0,1.0,1.0,1.0,1.0,1.0,1.0,1.0,1.0,1.0,1.0,1.0,1.0,1.297149800695479,0.0,results/paper_aaai2027/frozen/results/final_mcs_experiments_er_sf_alpha001_nowrong_noweight_50rep_chunked/wc_sweep_bnlearn_earthquake_alpha001_nowrong_noweight_seed2026_2075_20260715_155009/summary.json,,,,,,1.0,1.0,,retained CI facts
earthquake,Earthquake (5),ABA-PC,5,5.0,2030.0,0.0,1.0,0.0,1.0,0.0,0.0,0.0,1.0,1.0,1.0,0.0,0.0,0.0,1.0,1.0,1.0,1.0,1.0,1.0,1.0,1.0,1.0,1.0,1.0,1.0,1.0,1.0,1.0,1.0,1.0,1.0,1.0,1.2058960660360754,0.0,results/paper_aaai2027/frozen/results/final_mcs_experiments_er_sf_alpha001_nowrong_noweight_50rep_chunked/wc_sweep_bnlearn_earthquake_alpha001_nowrong_noweight_seed2026_2075_20260715_155009/summary.json,,,,,,1.0,1.0,,retained CI facts
earthquake,Earthquake (5),ABA-PC,6,6.0,2031.0,0.0,1.0,0.0,1.0,0.0,0.0,0.0,1.0,1.0,1.0,0.0,0.0,0.0,1.0,1.0,1.0,1.0,1.0,1.0,1.0,1.0,1.0,1.0,1.0,1.0,1.0,1.0,1.0,1.0,1.0,1.0,1.0,1.1905394759960473,0.0,results/paper_aaai2027/frozen/results/final_mcs_experiments_er_sf_alpha001_nowrong_noweight_50rep_chunked/wc_sweep_bnlearn_earthquake_alpha001_nowrong_noweight_seed2026_2075_20260715_155009/summary.json,,,,,,1.0,1.0,,retained CI facts
earthquake,Earthquake (5),ABA-PC,7,7.0,2032.0,0.0,1.0,0.0,1.0,0.0,0.0,0.0,1.0,1.0,1.0,0.0,0.0,0.0,1.0,1.0,1.0,1.0,1.0,1.0,1.0,1.0,1.0,1.0,1.0,1.0,1.0,1.0,1.0,1.0,1.0,1.0,1.0,1.1999839539639652,0.0,results/paper_aaai2027/frozen/results/final_mcs_experiments_er_sf_alpha001_nowrong_noweight_50rep_chunked/wc_sweep_bnlearn_earthquake_alpha001_nowrong_noweight_seed2026_2075_20260715_155009/summary.json,,,,,,1.0,1.0,,retained CI facts
earthquake,Earthquake (5),ABA-PC,8,8.0,2033.0,1.3333333333333333,0.8592666666666666,1.75,0.7944504443244469,1.3333333333333333,1.0,2.0,0.8592666666666666,0.8889,0.8,1.75,1.0,3.0,0.7944504443244469,0.888888888888889,0.6,3.0,4.0,0.8444444444444446,0.888888888888889,0.8,0.7944444444444445,0.888888888888889,0.6,0.8592592592592593,0.888888888888889,0.8,0.8888888888888888,1.0,0.6666666666666666,0.0,0.0,1.260291944257915,0.0,results/paper_aaai2027/frozen/results/final_mcs_experiments_er_sf_alpha001_nowrong_noweight_50rep_chunked/wc_sweep_bnlearn_earthquake_alpha001_nowrong_noweight_seed2026_2075_20260715_155009/summary.json,,,,,,3.0,4.0,,retained CI facts
earthquake,Earthquake (5),ABA-PC,9,9.0,2034.0,0.0,1.0,0.0,1.0,0.0,0.0,0.0,1.0,1.0,1.0,0.0,0.0,0.0,1.0,1.0,1.0,1.0,1.0,1.0,1.0,1.0,1.0,1.0,1.0,1.0,1.0,1.0,1.0,1.0,1.0,1.0,1.0,1.2168929679319263,0.0,results/paper_aaai2027/frozen/results/final_mcs_experiments_er_sf_alpha001_nowrong_noweight_50rep_chunked/wc_sweep_bnlearn_earthquake_alpha001_nowrong_noweight_seed2026_2075_20260715_155009/summary.json,,,,,,1.0,1.0,,retained CI facts
earthquake,Earthquake (5),ABA-PC,10,10.0,2035.0,0.0,1.0,0.0,1.0,0.0,0.0,0.0,1.0,1.0,1.0,0.0,0.0,0.0,1.0,1.0,1.0,1.0,1.0,1.0,1.0,1.0,1.0,1.0,1.0,1.0,1.0,1.0,1.0,1.0,1.0,1.0,1.0,1.332357686944306,0.0,results/paper_aaai2027/frozen/results/final_mcs_experiments_er_sf_alpha001_nowrong_noweight_50rep_chunked/wc_sweep_bnlearn_earthquake_alpha001_nowrong_noweight_seed2026_2075_20260715_155009/summary.json,,,,,,1.0,1.0,,retained CI facts
earthquake,Earthquake (5),ABA-PC,11,11.0,2036.0,0.0,1.0,0.0,1.0,0.0,0.0,0.0,1.0,1.0,1.0,0.0,0.0,0.0,1.0,1.0,1.0,1.0,1.0,1.0,1.0,1.0,1.0,1.0,1.0,1.0,1.0,1.0,1.0,1.0,1.0,1.0,1.0,1.259656777139753,0.0,results/paper_aaai2027/frozen/results/final_mcs_experiments_er_sf_alpha001_nowrong_noweight_50rep_chunked/wc_sweep_bnlearn_earthquake_alpha001_nowrong_noweight_seed2026_2075_20260715_155009/summary.json,,,,,,1.0,1.0,,retained CI facts
earthquake,Earthquake (5),ABA-PC,12,12.0,2037.0,1.0,0.8889,1.0,0.888888888888889,1.0,1.0,1.0,0.8889,0.8889,0.8889,1.0,1.0,1.0,0.888888888888889,0.888888888888889,0.888888888888889,1.0,2.0,0.888888888888889,0.888888888888889,0.888888888888889,0.888888888888889,0.888888888888889,0.888888888888889,0.888888888888889,0.888888888888889,0.888888888888889,1.0,1.0,1.0,0.0,0.0,1.2185154650360346,0.0,results/paper_aaai2027/frozen/results/final_mcs_experiments_er_sf_alpha001_nowrong_noweight_50rep_chunked/wc_sweep_bnlearn_earthquake_alpha001_nowrong_noweight_seed2026_2075_20260715_155009/summary.json,,,,,,1.0,2.0,,retained CI facts
earthquake,Earthquake (5),ABA-PC,13,13.0,2038.0,0.0,1.0,0.0,1.0,0.0,0.0,0.0,1.0,1.0,1.0,0.0,0.0,0.0,1.0,1.0,1.0,1.0,1.0,1.0,1.0,1.0,1.0,1.0,1.0,1.0,1.0,1.0,1.0,1.0,1.0,1.0,1.0,1.232278455980122,0.0,results/paper_aaai2027/frozen/results/final_mcs_experiments_er_sf_alpha001_nowrong_noweight_50rep_chunked/wc_sweep_bnlearn_earthquake_alpha001_nowrong_noweight_seed2026_2075_20260715_155009/summary.json,,,,,,1.0,1.0,,retained CI facts
earthquake,Earthquake (5),ABA-PC,14,14.0,2039.0,0.0,1.0,0.0,1.0,0.0,0.0,0.0,1.0,1.0,1.0,0.0,0.0,0.0,1.0,1.0,1.0,1.0,1.0,1.0,1.0,1.0,1.0,1.0,1.0,1.0,1.0,1.0,1.0,1.0,1.0,1.0,1.0,1.2479396550916135,0.0,results/paper_aaai2027/frozen/results/final_mcs_experiments_er_sf_alpha001_nowrong_noweight_50rep_chunked/wc_sweep_bnlearn_earthquake_alpha001_nowrong_noweight_seed2026_2075_20260715_155009/summary.json,,,,,,1.0,1.0,,retained CI facts
earthquake,Earthquake (5),ABA-PC,15,15.0,2040.0,0.0,1.0,0.0,1.0,0.0,0.0,0.0,1.0,1.0,1.0,0.0,0.0,0.0,1.0,1.0,1.0,1.0,1.0,1.0,1.0,1.0,1.0,1.0,1.0,1.0,1.0,1.0,1.0,1.0,1.0,1.0,1.0,1.2214430449530482,0.0,results/paper_aaai2027/frozen/results/final_mcs_experiments_er_sf_alpha001_nowrong_noweight_50rep_chunked/wc_sweep_bnlearn_earthquake_alpha001_nowrong_noweight_seed2026_2075_20260715_155009/summary.json,,,,,,1.0,1.0,,retained CI facts
earthquake,Earthquake (5),ABA-PC,16,16.0,2041.0,0.0,1.0,0.0,1.0,0.0,0.0,0.0,1.0,1.0,1.0,0.0,0.0,0.0,1.0,1.0,1.0,1.0,1.0,1.0,1.0,1.0,1.0,1.0,1.0,1.0,1.0,1.0,1.0,1.0,1.0,1.0,1.0,1.3208710900507867,0.0,results/paper_aaai2027/frozen/results/final_mcs_experiments_er_sf_alpha001_nowrong_noweight_50rep_chunked/wc_sweep_bnlearn_earthquake_alpha001_nowrong_noweight_seed2026_2075_20260715_155009/summary.json,,,,,,1.0,1.0,,retained CI facts
earthquake,Earthquake (5),ABA-PC,17,17.0,2042.0,0.0,1.0,0.0,1.0,0.0,0.0,0.0,1.0,1.0,1.0,0.0,0.0,0.0,1.0,1.0,1.0,1.0,1.0,1.0,1.0,1.0,1.0,1.0,1.0,1.0,1.0,1.0,1.0,1.0,1.0,1.0,1.0,1.2387894513085485,0.0,results/paper_aaai2027/frozen/results/final_mcs_experiments_er_sf_alpha001_nowrong_noweight_50rep_chunked/wc_sweep_bnlearn_earthquake_alpha001_nowrong_noweight_seed2026_2075_20260715_155009/summary.json,,,,,,1.0,1.0,,retained CI facts
earthquake,Earthquake (5),ABA-PC,18,18.0,2043.0,0.0,1.0,0.0,1.0,0.0,0.0,0.0,1.0,1.0,1.0,0.0,0.0,0.0,1.0,1.0,1.0,1.0,1.0,1.0,1.0,1.0,1.0,1.0,1.0,1.0,1.0,1.0,1.0,1.0,1.0,1.0,1.0,1.232996425125748,0.0,results/paper_aaai2027/frozen/results/final_mcs_experiments_er_sf_alpha001_nowrong_noweight_50rep_chunked/wc_sweep_bnlearn_earthquake_alpha001_nowrong_noweight_seed2026_2075_20260715_155009/summary.json,,,,,,1.0,1.0,,retained CI facts
earthquake,Earthquake (5),ABA-PC,19,19.0,2044.0,1.0,0.8889,1.0,0.888888888888889,1.0,1.0,1.0,0.8889,0.8889,0.8889,1.0,1.0,1.0,0.888888888888889,0.888888888888889,0.888888888888889,1.0,2.0,0.888888888888889,0.888888888888889,0.888888888888889,0.888888888888889,0.888888888888889,0.888888888888889,0.888888888888889,0.888888888888889,0.888888888888889,1.0,1.0,1.0,0.0,0.0,1.2913318080827594,0.0,results/paper_aaai2027/frozen/results/final_mcs_experiments_er_sf_alpha001_nowrong_noweight_50rep_chunked/wc_sweep_bnlearn_earthquake_alpha001_nowrong_noweight_seed2026_2075_20260715_155009/summary.json,,,,,,1.0,2.0,,retained CI facts
earthquake,Earthquake (5),ABA-PC,20,20.0,2045.0,0.0,1.0,0.0,1.0,0.0,0.0,0.0,1.0,1.0,1.0,0.0,0.0,0.0,1.0,1.0,1.0,1.0,1.0,1.0,1.0,1.0,1.0,1.0,1.0,1.0,1.0,1.0,1.0,1.0,1.0,1.0,1.0,1.831313543021679,0.0,results/paper_aaai2027/frozen/results/final_mcs_experiments_er_sf_alpha001_nowrong_noweight_50rep_chunked/wc_sweep_bnlearn_earthquake_alpha001_nowrong_noweight_seed2026_2075_20260715_155009/summary.json,,,,,,1.0,1.0,,retained CI facts
earthquake,Earthquake (5),ABA-PC,21,21.0,2046.0,0.0,1.0,0.0,1.0,0.0,0.0,0.0,1.0,1.0,1.0,0.0,0.0,0.0,1.0,1.0,1.0,1.0,1.0,1.0,1.0,1.0,1.0,1.0,1.0,1.0,1.0,1.0,1.0,1.0,1.0,1.0,1.0,1.2316879448480904,0.0,results/paper_aaai2027/frozen/results/final_mcs_experiments_er_sf_alpha001_nowrong_noweight_50rep_chunked/wc_sweep_bnlearn_earthquake_alpha001_nowrong_noweight_seed2026_2075_20260715_155009/summary.json,,,,,,1.0,1.0,,retained CI facts
earthquake,Earthquake (5),ABA-PC,22,22.0,2047.0,0.0,1.0,0.0,1.0,0.0,0.0,0.0,1.0,1.0,1.0,0.0,0.0,0.0,1.0,1.0,1.0,1.0,1.0,1.0,1.0,1.0,1.0,1.0,1.0,1.0,1.0,1.0,1.0,1.0,1.0,1.0,1.0,1.3402952207252383,0.0,results/paper_aaai2027/frozen/results/final_mcs_experiments_er_sf_alpha001_nowrong_noweight_50rep_chunked/wc_sweep_bnlearn_earthquake_alpha001_nowrong_noweight_seed2026_2075_20260715_155009/summary.json,,,,,,1.0,1.0,,retained CI facts
earthquake,Earthquake (5),ABA-PC,23,23.0,2048.0,0.0,1.0,0.0,1.0,0.0,0.0,0.0,1.0,1.0,1.0,0.0,0.0,0.0,1.0,1.0,1.0,1.0,1.0,1.0,1.0,1.0,1.0,1.0,1.0,1.0,1.0,1.0,1.0,1.0,1.0,1.0,1.0,1.238343795761466,0.0,results/paper_aaai2027/frozen/results/final_mcs_experiments_er_sf_alpha001_nowrong_noweight_50rep_chunked/wc_sweep_bnlearn_earthquake_alpha001_nowrong_noweight_seed2026_2075_20260715_155009/summary.json,,,,,,1.0,1.0,,retained CI facts
earthquake,Earthquake (5),ABA-PC,24,24.0,2049.0,0.0,1.0,0.0,1.0,0.0,0.0,0.0,1.0,1.0,1.0,0.0,0.0,0.0,1.0,1.0,1.0,1.0,1.0,1.0,1.0,1.0,1.0,1.0,1.0,1.0,1.0,1.0,1.0,1.0,1.0,1.0,1.0,1.242921079043299,0.0,results/paper_aaai2027/frozen/results/final_mcs_experiments_er_sf_alpha001_nowrong_noweight_50rep_chunked/wc_sweep_bnlearn_earthquake_alpha001_nowrong_noweight_seed2026_2075_20260715_155009/summary.json,,,,,,1.0,1.0,,retained CI facts
earthquake,Earthquake (5),ABA-PC,25,25.0,2050.0,1.0,0.8889,1.0,0.888888888888889,1.0,1.0,1.0,0.8889,0.8889,0.8889,1.0,1.0,1.0,0.888888888888889,0.888888888888889,0.888888888888889,1.0,2.0,0.888888888888889,0.888888888888889,0.888888888888889,0.888888888888889,0.888888888888889,0.888888888888889,0.888888888888889,0.888888888888889,0.888888888888889,1.0,1.0,1.0,0.0,0.0,1.2594078578986228,0.0,results/paper_aaai2027/frozen/results/final_mcs_experiments_er_sf_alpha001_nowrong_noweight_50rep_chunked/wc_sweep_bnlearn_earthquake_alpha001_nowrong_noweight_seed2026_2075_20260715_155009/summary.json,,,,,,1.0,2.0,,retained CI facts
earthquake,Earthquake (5),ABA-PC,26,26.0,2051.0,0.0,1.0,0.0,1.0,0.0,0.0,0.0,1.0,1.0,1.0,0.0,0.0,0.0,1.0,1.0,1.0,1.0,1.0,1.0,1.0,1.0,1.0,1.0,1.0,1.0,1.0,1.0,1.0,1.0,1.0,1.0,1.0,1.2584666991606355,0.0,results/paper_aaai2027/frozen/results/final_mcs_experiments_er_sf_alpha001_nowrong_noweight_50rep_chunked/wc_sweep_bnlearn_earthquake_alpha001_nowrong_noweight_seed2026_2075_20260715_155009/summary.json,,,,,,1.0,1.0,,retained CI facts
earthquake,Earthquake (5),ABA-PC,27,27.0,2052.0,0.0,1.0,0.0,1.0,0.0,0.0,0.0,1.0,1.0,1.0,0.0,0.0,0.0,1.0,1.0,1.0,1.0,1.0,1.0,1.0,1.0,1.0,1.0,1.0,1.0,1.0,1.0,1.0,1.0,1.0,1.0,1.0,1.2548027969896793,0.0,results/paper_aaai2027/frozen/results/final_mcs_experiments_er_sf_alpha001_nowrong_noweight_50rep_chunked/wc_sweep_bnlearn_earthquake_alpha001_nowrong_noweight_seed2026_2075_20260715_155009/summary.json,,,,,,1.0,1.0,,retained CI facts
earthquake,Earthquake (5),ABA-PC,28,28.0,2053.0,0.0,1.0,0.0,1.0,0.0,0.0,0.0,1.0,1.0,1.0,0.0,0.0,0.0,1.0,1.0,1.0,1.0,1.0,1.0,1.0,1.0,1.0,1.0,1.0,1.0,1.0,1.0,1.0,1.0,1.0,1.0,1.0,1.370423185173422,0.0,results/paper_aaai2027/frozen/results/final_mcs_experiments_er_sf_alpha001_nowrong_noweight_50rep_chunked/wc_sweep_bnlearn_earthquake_alpha001_nowrong_noweight_seed2026_2075_20260715_155009/summary.json,,,,,,1.0,1.0,,retained CI facts
earthquake,Earthquake (5),ABA-PC,29,29.0,2054.0,0.0,1.0,0.0,1.0,0.0,0.0,0.0,1.0,1.0,1.0,0.0,0.0,0.0,1.0,1.0,1.0,1.0,1.0,1.0,1.0,1.0,1.0,1.0,1.0,1.0,1.0,1.0,1.0,1.0,1.0,1.0,1.0,1.2709192358888686,0.0,results/paper_aaai2027/frozen/results/final_mcs_experiments_er_sf_alpha001_nowrong_noweight_50rep_chunked/wc_sweep_bnlearn_earthquake_alpha001_nowrong_noweight_seed2026_2075_20260715_155009/summary.json,,,,,,1.0,1.0,,retained CI facts
earthquake,Earthquake (5),ABA-PC,30,30.0,2055.0,0.0,1.0,0.0,1.0,0.0,0.0,0.0,1.0,1.0,1.0,0.0,0.0,0.0,1.0,1.0,1.0,1.0,1.0,1.0,1.0,1.0,1.0,1.0,1.0,1.0,1.0,1.0,1.0,1.0,1.0,1.0,1.0,2.706495825201273,0.0,results/paper_aaai2027/frozen/results/final_mcs_experiments_er_sf_alpha001_nowrong_noweight_50rep_chunked/wc_sweep_bnlearn_earthquake_alpha001_nowrong_noweight_seed2026_2075_20260715_155009/summary.json,,,,,,1.0,1.0,,retained CI facts
earthquake,Earthquake (5),ABA-PC,31,31.0,2056.0,0.0,1.0,0.0,1.0,0.0,0.0,0.0,1.0,1.0,1.0,0.0,0.0,0.0,1.0,1.0,1.0,1.0,1.0,1.0,1.0,1.0,1.0,1.0,1.0,1.0,1.0,1.0,1.0,1.0,1.0,1.0,1.0,2.738732004072517,0.0,results/paper_aaai2027/frozen/results/final_mcs_experiments_er_sf_alpha001_nowrong_noweight_50rep_chunked/wc_sweep_bnlearn_earthquake_alpha001_nowrong_noweight_seed2026_2075_20260715_155009/summary.json,,,,,,1.0,1.0,,retained CI facts
earthquake,Earthquake (5),ABA-PC,32,32.0,2057.0,0.0,1.0,0.0,1.0,0.0,0.0,0.0,1.0,1.0,1.0,0.0,0.0,0.0,1.0,1.0,1.0,1.0,1.0,1.0,1.0,1.0,1.0,1.0,1.0,1.0,1.0,1.0,1.0,1.0,1.0,1.0,1.0,2.7885375479236245,0.0,results/paper_aaai2027/frozen/results/final_mcs_experiments_er_sf_alpha001_nowrong_noweight_50rep_chunked/wc_sweep_bnlearn_earthquake_alpha001_nowrong_noweight_seed2026_2075_20260715_155009/summary.json,,,,,,1.0,1.0,,retained CI facts
earthquake,Earthquake (5),ABA-PC,33,33.0,2058.0,0.0,1.0,0.0,1.0,0.0,0.0,0.0,1.0,1.0,1.0,0.0,0.0,0.0,1.0,1.0,1.0,1.0,1.0,1.0,1.0,1.0,1.0,1.0,1.0,1.0,1.0,1.0,1.0,1.0,1.0,1.0,1.0,2.871091043110937,0.0,results/paper_aaai2027/frozen/results/final_mcs_experiments_er_sf_alpha001_nowrong_noweight_50rep_chunked/wc_sweep_bnlearn_earthquake_alpha001_nowrong_noweight_seed2026_2075_20260715_155009/summary.json,,,,,,1.0,1.0,,retained CI facts
earthquake,Earthquake (5),ABA-PC,34,34.0,2059.0,0.0,1.0,0.0,1.0,0.0,0.0,0.0,1.0,1.0,1.0,0.0,0.0,0.0,1.0,1.0,1.0,1.0,1.0,1.0,1.0,1.0,1.0,1.0,1.0,1.0,1.0,1.0,1.0,1.0,1.0,1.0,1.0,3.019788899924606,0.0,results/paper_aaai2027/frozen/results/final_mcs_experiments_er_sf_alpha001_nowrong_noweight_50rep_chunked/wc_sweep_bnlearn_earthquake_alpha001_nowrong_noweight_seed2026_2075_20260715_155009/summary.json,,,,,,1.0,1.0,,retained CI facts
earthquake,Earthquake (5),ABA-PC,35,35.0,2060.0,0.0,1.0,0.0,1.0,0.0,0.0,0.0,1.0,1.0,1.0,0.0,0.0,0.0,1.0,1.0,1.0,1.0,1.0,1.0,1.0,1.0,1.0,1.0,1.0,1.0,1.0,1.0,1.0,1.0,1.0,1.0,1.0,3.4927757382392883,0.0,results/paper_aaai2027/frozen/results/final_mcs_experiments_er_sf_alpha001_nowrong_noweight_50rep_chunked/wc_sweep_bnlearn_earthquake_alpha001_nowrong_noweight_seed2026_2075_20260715_155009/summary.json,,,,,,1.0,1.0,,retained CI facts
earthquake,Earthquake (5),ABA-PC,36,36.0,2061.0,0.0,1.0,0.0,1.0,0.0,0.0,0.0,1.0,1.0,1.0,0.0,0.0,0.0,1.0,1.0,1.0,1.0,1.0,1.0,1.0,1.0,1.0,1.0,1.0,1.0,1.0,1.0,1.0,1.0,1.0,1.0,1.0,2.9721524552442133,0.0,results/paper_aaai2027/frozen/results/final_mcs_experiments_er_sf_alpha001_nowrong_noweight_50rep_chunked/wc_sweep_bnlearn_earthquake_alpha001_nowrong_noweight_seed2026_2075_20260715_155009/summary.json,,,,,,1.0,1.0,,retained CI facts
earthquake,Earthquake (5),ABA-PC,37,37.0,2062.0,0.0,1.0,0.0,1.0,0.0,0.0,0.0,1.0,1.0,1.0,0.0,0.0,0.0,1.0,1.0,1.0,1.0,1.0,1.0,1.0,1.0,1.0,1.0,1.0,1.0,1.0,1.0,1.0,1.0,1.0,1.0,1.0,2.9729869686998427,0.0,results/paper_aaai2027/frozen/results/final_mcs_experiments_er_sf_alpha001_nowrong_noweight_50rep_chunked/wc_sweep_bnlearn_earthquake_alpha001_nowrong_noweight_seed2026_2075_20260715_155009/summary.json,,,,,,1.0,1.0,,retained CI facts
earthquake,Earthquake (5),ABA-PC,38,38.0,2063.0,0.0,1.0,0.0,1.0,0.0,0.0,0.0,1.0,1.0,1.0,0.0,0.0,0.0,1.0,1.0,1.0,1.0,1.0,1.0,1.0,1.0,1.0,1.0,1.0,1.0,1.0,1.0,1.0,1.0,1.0,1.0,1.0,3.0535907419398427,0.0,results/paper_aaai2027/frozen/results/final_mcs_experiments_er_sf_alpha001_nowrong_noweight_50rep_chunked/wc_sweep_bnlearn_earthquake_alpha001_nowrong_noweight_seed2026_2075_20260715_155009/summary.json,,,,,,1.0,1.0,,retained CI facts
earthquake,Earthquake (5),ABA-PC,39,39.0,2064.0,0.0,1.0,0.0,1.0,0.0,0.0,0.0,1.0,1.0,1.0,0.0,0.0,0.0,1.0,1.0,1.0,1.0,1.0,1.0,1.0,1.0,1.0,1.0,1.0,1.0,1.0,1.0,1.0,1.0,1.0,1.0,1.0,3.1174642397090793,0.0,results/paper_aaai2027/frozen/results/final_mcs_experiments_er_sf_alpha001_nowrong_noweight_50rep_chunked/wc_sweep_bnlearn_earthquake_alpha001_nowrong_noweight_seed2026_2075_20260715_155009/summary.json,,,,,,1.0,1.0,,retained CI facts
earthquake,Earthquake (5),ABA-PC,40,40.0,2065.0,0.0,1.0,0.0,1.0,0.0,0.0,0.0,1.0,1.0,1.0,0.0,0.0,0.0,1.0,1.0,1.0,1.0,1.0,1.0,1.0,1.0,1.0,1.0,1.0,1.0,1.0,1.0,1.0,1.0,1.0,1.0,1.0,3.225198979023844,0.0,results/paper_aaai2027/frozen/results/final_mcs_experiments_er_sf_alpha001_nowrong_noweight_50rep_chunked/wc_sweep_bnlearn_earthquake_alpha001_nowrong_noweight_seed2026_2075_20260715_155009/summary.json,,,,,,1.0,1.0,,retained CI facts
earthquake,Earthquake (5),ABA-PC,41,41.0,2066.0,0.0,1.0,0.0,1.0,0.0,0.0,0.0,1.0,1.0,1.0,0.0,0.0,0.0,1.0,1.0,1.0,1.0,1.0,1.0,1.0,1.0,1.0,1.0,1.0,1.0,1.0,1.0,1.0,1.0,1.0,1.0,1.0,3.1619293340481818,0.0,results/paper_aaai2027/frozen/results/final_mcs_experiments_er_sf_alpha001_nowrong_noweight_50rep_chunked/wc_sweep_bnlearn_earthquake_alpha001_nowrong_noweight_seed2026_2075_20260715_155009/summary.json,,,,,,1.0,1.0,,retained CI facts
earthquake,Earthquake (5),ABA-PC,42,42.0,2067.0,0.0,1.0,0.0,1.0,0.0,0.0,0.0,1.0,1.0,1.0,0.0,0.0,0.0,1.0,1.0,1.0,1.0,1.0,1.0,1.0,1.0,1.0,1.0,1.0,1.0,1.0,1.0,1.0,1.0,1.0,1.0,1.0,3.220941095147282,0.0,results/paper_aaai2027/frozen/results/final_mcs_experiments_er_sf_alpha001_nowrong_noweight_50rep_chunked/wc_sweep_bnlearn_earthquake_alpha001_nowrong_noweight_seed2026_2075_20260715_155009/summary.json,,,,,,1.0,1.0,,retained CI facts
earthquake,Earthquake (5),ABA-PC,43,43.0,2068.0,0.0,1.0,0.0,1.0,0.0,0.0,0.0,1.0,1.0,1.0,0.0,0.0,0.0,1.0,1.0,1.0,1.0,1.0,1.0,1.0,1.0,1.0,1.0,1.0,1.0,1.0,1.0,1.0,1.0,1.0,1.0,1.0,3.285156406927854,0.0,results/paper_aaai2027/frozen/results/final_mcs_experiments_er_sf_alpha001_nowrong_noweight_50rep_chunked/wc_sweep_bnlearn_earthquake_alpha001_nowrong_noweight_seed2026_2075_20260715_155009/summary.json,,,,,,1.0,1.0,,retained CI facts
earthquake,Earthquake (5),ABA-PC,44,44.0,2069.0,0.0,1.0,0.0,1.0,0.0,0.0,0.0,1.0,1.0,1.0,0.0,0.0,0.0,1.0,1.0,1.0,1.0,1.0,1.0,1.0,1.0,1.0,1.0,1.0,1.0,1.0,1.0,1.0,1.0,1.0,1.0,1.0,3.3297135368920863,0.0,results/paper_aaai2027/frozen/results/final_mcs_experiments_er_sf_alpha001_nowrong_noweight_50rep_chunked/wc_sweep_bnlearn_earthquake_alpha001_nowrong_noweight_seed2026_2075_20260715_155009/summary.json,,,,,,1.0,1.0,,retained CI facts
earthquake,Earthquake (5),ABA-PC,45,45.0,2070.0,0.0,1.0,0.0,1.0,0.0,0.0,0.0,1.0,1.0,1.0,0.0,0.0,0.0,1.0,1.0,1.0,1.0,1.0,1.0,1.0,1.0,1.0,1.0,1.0,1.0,1.0,1.0,1.0,1.0,1.0,1.0,1.0,1.300766654778272,0.0,results/paper_aaai2027/frozen/results/final_mcs_experiments_er_sf_alpha001_nowrong_noweight_50rep_chunked/wc_sweep_bnlearn_earthquake_alpha001_nowrong_noweight_seed2026_2075_20260715_155009/summary.json,,,,,,1.0,1.0,,retained CI facts
earthquake,Earthquake (5),ABA-PC,46,46.0,2071.0,0.0,1.0,0.0,1.0,0.0,0.0,0.0,1.0,1.0,1.0,0.0,0.0,0.0,1.0,1.0,1.0,1.0,1.0,1.0,1.0,1.0,1.0,1.0,1.0,1.0,1.0,1.0,1.0,1.0,1.0,1.0,1.0,1.6398535170592368,0.0,results/paper_aaai2027/frozen/results/final_mcs_experiments_er_sf_alpha001_nowrong_noweight_50rep_chunked/wc_sweep_bnlearn_earthquake_alpha001_nowrong_noweight_seed2026_2075_20260715_155009/summary.json,,,,,,1.0,1.0,,retained CI facts
earthquake,Earthquake (5),ABA-PC,47,47.0,2072.0,0.0,1.0,0.0,1.0,0.0,0.0,0.0,1.0,1.0,1.0,0.0,0.0,0.0,1.0,1.0,1.0,1.0,1.0,1.0,1.0,1.0,1.0,1.0,1.0,1.0,1.0,1.0,1.0,1.0,1.0,1.0,1.0,1.4889608789235353,0.0,results/paper_aaai2027/frozen/results/final_mcs_experiments_er_sf_alpha001_nowrong_noweight_50rep_chunked/wc_sweep_bnlearn_earthquake_alpha001_nowrong_noweight_seed2026_2075_20260715_155009/summary.json,,,,,,1.0,1.0,,retained CI facts
earthquake,Earthquake (5),ABA-PC,48,48.0,2073.0,0.0,1.0,0.0,1.0,0.0,0.0,0.0,1.0,1.0,1.0,0.0,0.0,0.0,1.0,1.0,1.0,1.0,1.0,1.0,1.0,1.0,1.0,1.0,1.0,1.0,1.0,1.0,1.0,1.0,1.0,1.0,1.0,1.247256332077086,0.0,results/paper_aaai2027/frozen/results/final_mcs_experiments_er_sf_alpha001_nowrong_noweight_50rep_chunked/wc_sweep_bnlearn_earthquake_alpha001_nowrong_noweight_seed2026_2075_20260715_155009/summary.json,,,,,,1.0,1.0,,retained CI facts
earthquake,Earthquake (5),ABA-PC,49,49.0,2074.0,0.0,1.0,0.0,1.0,0.0,0.0,0.0,1.0,1.0,1.0,0.0,0.0,0.0,1.0,1.0,1.0,1.0,1.0,1.0,1.0,1.0,1.0,1.0,1.0,1.0,1.0,1.0,1.0,1.0,1.0,1.0,1.0,1.249958572909236,0.0,results/paper_aaai2027/frozen/results/final_mcs_experiments_er_sf_alpha001_nowrong_noweight_50rep_chunked/wc_sweep_bnlearn_earthquake_alpha001_nowrong_noweight_seed2026_2075_20260715_155009/summary.json,,,,,,1.0,1.0,,retained CI facts
earthquake,Earthquake (5),ABA-PC,50,50.0,2075.0,0.0,1.0,0.0,1.0,0.0,0.0,0.0,1.0,1.0,1.0,0.0,0.0,0.0,1.0,1.0,1.0,1.0,1.0,1.0,1.0,1.0,1.0,1.0,1.0,1.0,1.0,1.0,1.0,1.0,1.0,1.0,1.0,1.2453713873401284,0.0,results/paper_aaai2027/frozen/results/final_mcs_experiments_er_sf_alpha001_nowrong_noweight_50rep_chunked/wc_sweep_bnlearn_earthquake_alpha001_nowrong_noweight_seed2026_2075_20260715_155009/summary.json,,,,,,1.0,1.0,,retained CI facts
earthquake,Earthquake (5),OptABA-PC,1,1.0,2026.0,0.0,1.0,0.0,1.0,0.0,0.0,0.0,1.0,1.0,1.0,0.0,0.0,0.0,1.0,1.0,1.0,1.0,1.0,1.0,1.0,1.0,1.0,1.0,1.0,1.0,1.0,1.0,1.0,1.0,1.0,1.0,1.0,1.0891443146392703,0.0,results/paper_aaai2027/frozen/results/final_mcs_experiments_er_sf_alpha001_nowrong_noweight_50rep_chunked/wc_sweep_bnlearn_earthquake_alpha001_nowrong_noweight_seed2026_2075_20260715_155009/summary.json,,,,,,1.0,1.0,,retained CI facts
earthquake,Earthquake (5),OptABA-PC,2,2.0,2027.0,0.0,1.0,0.0,1.0,0.0,0.0,0.0,1.0,1.0,1.0,0.0,0.0,0.0,1.0,1.0,1.0,1.0,1.0,1.0,1.0,1.0,1.0,1.0,1.0,1.0,1.0,1.0,1.0,1.0,1.0,1.0,1.0,1.1345212874002755,0.0,results/paper_aaai2027/frozen/results/final_mcs_experiments_er_sf_alpha001_nowrong_noweight_50rep_chunked/wc_sweep_bnlearn_earthquake_alpha001_nowrong_noweight_seed2026_2075_20260715_155009/summary.json,,,,,,1.0,1.0,,retained CI facts
earthquake,Earthquake (5),OptABA-PC,3,3.0,2028.0,0.0,1.0,0.0,1.0,0.0,0.0,0.0,1.0,1.0,1.0,0.0,0.0,0.0,1.0,1.0,1.0,1.0,1.0,1.0,1.0,1.0,1.0,1.0,1.0,1.0,1.0,1.0,1.0,1.0,1.0,1.0,1.0,1.670941417105496,0.0,results/paper_aaai2027/frozen/results/final_mcs_experiments_er_sf_alpha001_nowrong_noweight_50rep_chunked/wc_sweep_bnlearn_earthquake_alpha001_nowrong_noweight_seed2026_2075_20260715_155009/summary.json,,,,,,1.0,1.0,,retained CI facts
earthquake,Earthquake (5),OptABA-PC,4,4.0,2029.0,0.0,1.0,0.0,1.0,0.0,0.0,0.0,1.0,1.0,1.0,0.0,0.0,0.0,1.0,1.0,1.0,1.0,1.0,1.0,1.0,1.0,1.0,1.0,1.0,1.0,1.0,1.0,1.0,1.0,1.0,1.0,1.0,1.1405444941483438,0.0,results/paper_aaai2027/frozen/results/final_mcs_experiments_er_sf_alpha001_nowrong_noweight_50rep_chunked/wc_sweep_bnlearn_earthquake_alpha001_nowrong_noweight_seed2026_2075_20260715_155009/summary.json,,,,,,1.0,1.0,,retained CI facts
earthquake,Earthquake (5),OptABA-PC,5,5.0,2030.0,0.0,1.0,0.0,1.0,0.0,0.0,0.0,1.0,1.0,1.0,0.0,0.0,0.0,1.0,1.0,1.0,1.0,1.0,1.0,1.0,1.0,1.0,1.0,1.0,1.0,1.0,1.0,1.0,1.0,1.0,1.0,1.0,1.0974305556155741,0.0,results/paper_aaai2027/frozen/results/final_mcs_experiments_er_sf_alpha001_nowrong_noweight_50rep_chunked/wc_sweep_bnlearn_earthquake_alpha001_nowrong_noweight_seed2026_2075_20260715_155009/summary.json,,,,,,1.0,1.0,,retained CI facts
earthquake,Earthquake (5),OptABA-PC,6,6.0,2031.0,0.0,1.0,0.0,1.0,0.0,0.0,0.0,1.0,1.0,1.0,0.0,0.0,0.0,1.0,1.0,1.0,1.0,1.0,1.0,1.0,1.0,1.0,1.0,1.0,1.0,1.0,1.0,1.0,1.0,1.0,1.0,1.0,1.0801375294104218,0.0,results/paper_aaai2027/frozen/results/final_mcs_experiments_er_sf_alpha001_nowrong_noweight_50rep_chunked/wc_sweep_bnlearn_earthquake_alpha001_nowrong_noweight_seed2026_2075_20260715_155009/summary.json,,,,,,1.0,1.0,,retained CI facts
earthquake,Earthquake (5),OptABA-PC,7,7.0,2032.0,0.0,1.0,0.0,1.0,0.0,0.0,0.0,1.0,1.0,1.0,0.0,0.0,0.0,1.0,1.0,1.0,1.0,1.0,1.0,1.0,1.0,1.0,1.0,1.0,1.0,1.0,1.0,1.0,1.0,1.0,1.0,1.0,1.0862593003548682,0.0,results/paper_aaai2027/frozen/results/final_mcs_experiments_er_sf_alpha001_nowrong_noweight_50rep_chunked/wc_sweep_bnlearn_earthquake_alpha001_nowrong_noweight_seed2026_2075_20260715_155009/summary.json,,,,,,1.0,1.0,,retained CI facts
earthquake,Earthquake (5),OptABA-PC,8,8.0,2033.0,1.0,0.8889,1.0,0.888888888888889,1.0,1.0,1.0,0.8889,0.8889,0.8889,1.0,1.0,1.0,0.888888888888889,0.888888888888889,0.888888888888889,1.0,1.0,0.888888888888889,0.888888888888889,0.888888888888889,0.888888888888889,0.888888888888889,0.888888888888889,0.888888888888889,0.888888888888889,0.888888888888889,1.0,1.0,1.0,0.0,0.0,1.1294539491645992,0.0,results/paper_aaai2027/frozen/results/final_mcs_experiments_er_sf_alpha001_nowrong_noweight_50rep_chunked/wc_sweep_bnlearn_earthquake_alpha001_nowrong_noweight_seed2026_2075_20260715_155009/summary.json,,,,,,1.0,1.0,,retained CI facts
earthquake,Earthquake (5),OptABA-PC,9,9.0,2034.0,0.0,1.0,0.0,1.0,0.0,0.0,0.0,1.0,1.0,1.0,0.0,0.0,0.0,1.0,1.0,1.0,1.0,1.0,1.0,1.0,1.0,1.0,1.0,1.0,1.0,1.0,1.0,1.0,1.0,1.0,1.0,1.0,1.0997477755881846,0.0,results/paper_aaai2027/frozen/results/final_mcs_experiments_er_sf_alpha001_nowrong_noweight_50rep_chunked/wc_sweep_bnlearn_earthquake_alpha001_nowrong_noweight_seed2026_2075_20260715_155009/summary.json,,,,,,1.0,1.0,,retained CI facts
earthquake,Earthquake (5),OptABA-PC,10,10.0,2035.0,0.0,1.0,0.0,1.0,0.0,0.0,0.0,1.0,1.0,1.0,0.0,0.0,0.0,1.0,1.0,1.0,1.0,1.0,1.0,1.0,1.0,1.0,1.0,1.0,1.0,1.0,1.0,1.0,1.0,1.0,1.0,1.0,1.162314046639949,0.0,results/paper_aaai2027/frozen/results/final_mcs_experiments_er_sf_alpha001_nowrong_noweight_50rep_chunked/wc_sweep_bnlearn_earthquake_alpha001_nowrong_noweight_seed2026_2075_20260715_155009/summary.json,,,,,,1.0,1.0,,retained CI facts
earthquake,Earthquake (5),OptABA-PC,11,11.0,2036.0,0.0,1.0,0.0,1.0,0.0,0.0,0.0,1.0,1.0,1.0,0.0,0.0,0.0,1.0,1.0,1.0,1.0,1.0,1.0,1.0,1.0,1.0,1.0,1.0,1.0,1.0,1.0,1.0,1.0,1.0,1.0,1.0,1.130514713935554,0.0,results/paper_aaai2027/frozen/results/final_mcs_experiments_er_sf_alpha001_nowrong_noweight_50rep_chunked/wc_sweep_bnlearn_earthquake_alpha001_nowrong_noweight_seed2026_2075_20260715_155009/summary.json,,,,,,1.0,1.0,,retained CI facts
earthquake,Earthquake (5),OptABA-PC,12,12.0,2037.0,1.0,0.8889,1.0,0.888888888888889,1.0,1.0,1.0,0.8889,0.8889,0.8889,1.0,1.0,1.0,0.888888888888889,0.888888888888889,0.888888888888889,1.0,2.0,0.888888888888889,0.888888888888889,0.888888888888889,0.888888888888889,0.888888888888889,0.888888888888889,0.888888888888889,0.888888888888889,0.888888888888889,1.0,1.0,1.0,0.0,0.0,1.0980816134251654,0.0,results/paper_aaai2027/frozen/results/final_mcs_experiments_er_sf_alpha001_nowrong_noweight_50rep_chunked/wc_sweep_bnlearn_earthquake_alpha001_nowrong_noweight_seed2026_2075_20260715_155009/summary.json,,,,,,1.0,2.0,,retained CI facts
earthquake,Earthquake (5),OptABA-PC,13,13.0,2038.0,0.0,1.0,0.0,1.0,0.0,0.0,0.0,1.0,1.0,1.0,0.0,0.0,0.0,1.0,1.0,1.0,1.0,1.0,1.0,1.0,1.0,1.0,1.0,1.0,1.0,1.0,1.0,1.0,1.0,1.0,1.0,1.0,1.104142603930086,0.0,results/paper_aaai2027/frozen/results/final_mcs_experiments_er_sf_alpha001_nowrong_noweight_50rep_chunked/wc_sweep_bnlearn_earthquake_alpha001_nowrong_noweight_seed2026_2075_20260715_155009/summary.json,,,,,,1.0,1.0,,retained CI facts
earthquake,Earthquake (5),OptABA-PC,14,14.0,2039.0,0.0,1.0,0.0,1.0,0.0,0.0,0.0,1.0,1.0,1.0,0.0,0.0,0.0,1.0,1.0,1.0,1.0,1.0,1.0,1.0,1.0,1.0,1.0,1.0,1.0,1.0,1.0,1.0,1.0,1.0,1.0,1.0,1.115965608973056,0.0,results/paper_aaai2027/frozen/results/final_mcs_experiments_er_sf_alpha001_nowrong_noweight_50rep_chunked/wc_sweep_bnlearn_earthquake_alpha001_nowrong_noweight_seed2026_2075_20260715_155009/summary.json,,,,,,1.0,1.0,,retained CI facts
earthquake,Earthquake (5),OptABA-PC,15,15.0,2040.0,0.0,1.0,0.0,1.0,0.0,0.0,0.0,1.0,1.0,1.0,0.0,0.0,0.0,1.0,1.0,1.0,1.0,1.0,1.0,1.0,1.0,1.0,1.0,1.0,1.0,1.0,1.0,1.0,1.0,1.0,1.0,1.0,1.0917139421217144,0.0,results/paper_aaai2027/frozen/results/final_mcs_experiments_er_sf_alpha001_nowrong_noweight_50rep_chunked/wc_sweep_bnlearn_earthquake_alpha001_nowrong_noweight_seed2026_2075_20260715_155009/summary.json,,,,,,1.0,1.0,,retained CI facts
earthquake,Earthquake (5),OptABA-PC,16,16.0,2041.0,0.0,1.0,0.0,1.0,0.0,0.0,0.0,1.0,1.0,1.0,0.0,0.0,0.0,1.0,1.0,1.0,1.0,1.0,1.0,1.0,1.0,1.0,1.0,1.0,1.0,1.0,1.0,1.0,1.0,1.0,1.0,1.0,1.1393469497561455,0.0,results/paper_aaai2027/frozen/results/final_mcs_experiments_er_sf_alpha001_nowrong_noweight_50rep_chunked/wc_sweep_bnlearn_earthquake_alpha001_nowrong_noweight_seed2026_2075_20260715_155009/summary.json,,,,,,1.0,1.0,,retained CI facts
earthquake,Earthquake (5),OptABA-PC,17,17.0,2042.0,0.0,1.0,0.0,1.0,0.0,0.0,0.0,1.0,1.0,1.0,0.0,0.0,0.0,1.0,1.0,1.0,1.0,1.0,1.0,1.0,1.0,1.0,1.0,1.0,1.0,1.0,1.0,1.0,1.0,1.0,1.0,1.0,1.1033439678139985,0.0,results/paper_aaai2027/frozen/results/final_mcs_experiments_er_sf_alpha001_nowrong_noweight_50rep_chunked/wc_sweep_bnlearn_earthquake_alpha001_nowrong_noweight_seed2026_2075_20260715_155009/summary.json,,,,,,1.0,1.0,,retained CI facts
earthquake,Earthquake (5),OptABA-PC,18,18.0,2043.0,0.0,1.0,0.0,1.0,0.0,0.0,0.0,1.0,1.0,1.0,0.0,0.0,0.0,1.0,1.0,1.0,1.0,1.0,1.0,1.0,1.0,1.0,1.0,1.0,1.0,1.0,1.0,1.0,1.0,1.0,1.0,1.0,1.0947987595573068,0.0,results/paper_aaai2027/frozen/results/final_mcs_experiments_er_sf_alpha001_nowrong_noweight_50rep_chunked/wc_sweep_bnlearn_earthquake_alpha001_nowrong_noweight_seed2026_2075_20260715_155009/summary.json,,,,,,1.0,1.0,,retained CI facts
earthquake,Earthquake (5),OptABA-PC,19,19.0,2044.0,1.0,0.8889,1.0,0.888888888888889,1.0,1.0,1.0,0.8889,0.8889,0.8889,1.0,1.0,1.0,0.888888888888889,0.888888888888889,0.888888888888889,1.0,2.0,0.888888888888889,0.888888888888889,0.888888888888889,0.888888888888889,0.888888888888889,0.888888888888889,0.888888888888889,0.888888888888889,0.888888888888889,1.0,1.0,1.0,0.0,0.0,1.1443753559142351,0.0,results/paper_aaai2027/frozen/results/final_mcs_experiments_er_sf_alpha001_nowrong_noweight_50rep_chunked/wc_sweep_bnlearn_earthquake_alpha001_nowrong_noweight_seed2026_2075_20260715_155009/summary.json,,,,,,1.0,2.0,,retained CI facts
earthquake,Earthquake (5),OptABA-PC,20,20.0,2045.0,0.0,1.0,0.0,1.0,0.0,0.0,0.0,1.0,1.0,1.0,0.0,0.0,0.0,1.0,1.0,1.0,1.0,1.0,1.0,1.0,1.0,1.0,1.0,1.0,1.0,1.0,1.0,1.0,1.0,1.0,1.0,1.0,1.690172042697668,0.0,results/paper_aaai2027/frozen/results/final_mcs_experiments_er_sf_alpha001_nowrong_noweight_50rep_chunked/wc_sweep_bnlearn_earthquake_alpha001_nowrong_noweight_seed2026_2075_20260715_155009/summary.json,,,,,,1.0,1.0,,retained CI facts
earthquake,Earthquake (5),OptABA-PC,21,21.0,2046.0,0.0,1.0,0.0,1.0,0.0,0.0,0.0,1.0,1.0,1.0,0.0,0.0,0.0,1.0,1.0,1.0,1.0,1.0,1.0,1.0,1.0,1.0,1.0,1.0,1.0,1.0,1.0,1.0,1.0,1.0,1.0,1.0,1.0898907450027764,0.0,results/paper_aaai2027/frozen/results/final_mcs_experiments_er_sf_alpha001_nowrong_noweight_50rep_chunked/wc_sweep_bnlearn_earthquake_alpha001_nowrong_noweight_seed2026_2075_20260715_155009/summary.json,,,,,,1.0,1.0,,retained CI facts
earthquake,Earthquake (5),OptABA-PC,22,22.0,2047.0,0.0,1.0,0.0,1.0,0.0,0.0,0.0,1.0,1.0,1.0,0.0,0.0,0.0,1.0,1.0,1.0,1.0,1.0,1.0,1.0,1.0,1.0,1.0,1.0,1.0,1.0,1.0,1.0,1.0,1.0,1.0,1.0,1.1469836002215743,0.0,results/paper_aaai2027/frozen/results/final_mcs_experiments_er_sf_alpha001_nowrong_noweight_50rep_chunked/wc_sweep_bnlearn_earthquake_alpha001_nowrong_noweight_seed2026_2075_20260715_155009/summary.json,,,,,,1.0,1.0,,retained CI facts
earthquake,Earthquake (5),OptABA-PC,23,23.0,2048.0,0.0,1.0,0.0,1.0,0.0,0.0,0.0,1.0,1.0,1.0,0.0,0.0,0.0,1.0,1.0,1.0,1.0,1.0,1.0,1.0,1.0,1.0,1.0,1.0,1.0,1.0,1.0,1.0,1.0,1.0,1.0,1.0,1.0965265538543463,0.0,results/paper_aaai2027/frozen/results/final_mcs_experiments_er_sf_alpha001_nowrong_noweight_50rep_chunked/wc_sweep_bnlearn_earthquake_alpha001_nowrong_noweight_seed2026_2075_20260715_155009/summary.json,,,,,,1.0,1.0,,retained CI facts
earthquake,Earthquake (5),OptABA-PC,24,24.0,2049.0,0.0,1.0,0.0,1.0,0.0,0.0,0.0,1.0,1.0,1.0,0.0,0.0,0.0,1.0,1.0,1.0,1.0,1.0,1.0,1.0,1.0,1.0,1.0,1.0,1.0,1.0,1.0,1.0,1.0,1.0,1.0,1.0,1.0945011842995882,0.0,results/paper_aaai2027/frozen/results/final_mcs_experiments_er_sf_alpha001_nowrong_noweight_50rep_chunked/wc_sweep_bnlearn_earthquake_alpha001_nowrong_noweight_seed2026_2075_20260715_155009/summary.json,,,,,,1.0,1.0,,retained CI facts
earthquake,Earthquake (5),OptABA-PC,25,25.0,2050.0,1.0,0.8889,1.0,0.888888888888889,1.0,1.0,1.0,0.8889,0.8889,0.8889,1.0,1.0,1.0,0.888888888888889,0.888888888888889,0.888888888888889,1.0,2.0,0.888888888888889,0.888888888888889,0.888888888888889,0.888888888888889,0.888888888888889,0.888888888888889,0.888888888888889,0.888888888888889,0.888888888888889,1.0,1.0,1.0,0.0,0.0,1.1135261040180922,0.0,results/paper_aaai2027/frozen/results/final_mcs_experiments_er_sf_alpha001_nowrong_noweight_50rep_chunked/wc_sweep_bnlearn_earthquake_alpha001_nowrong_noweight_seed2026_2075_20260715_155009/summary.json,,,,,,1.0,2.0,,retained CI facts
earthquake,Earthquake (5),OptABA-PC,26,26.0,2051.0,0.0,1.0,0.0,1.0,0.0,0.0,0.0,1.0,1.0,1.0,0.0,0.0,0.0,1.0,1.0,1.0,1.0,1.0,1.0,1.0,1.0,1.0,1.0,1.0,1.0,1.0,1.0,1.0,1.0,1.0,1.0,1.0,1.1052334634587169,0.0,results/paper_aaai2027/frozen/results/final_mcs_experiments_er_sf_alpha001_nowrong_noweight_50rep_chunked/wc_sweep_bnlearn_earthquake_alpha001_nowrong_noweight_seed2026_2075_20260715_155009/summary.json,,,,,,1.0,1.0,,retained CI facts
earthquake,Earthquake (5),OptABA-PC,27,27.0,2052.0,0.0,1.0,0.0,1.0,0.0,0.0,0.0,1.0,1.0,1.0,0.0,0.0,0.0,1.0,1.0,1.0,1.0,1.0,1.0,1.0,1.0,1.0,1.0,1.0,1.0,1.0,1.0,1.0,1.0,1.0,1.0,1.0,1.1002035159617662,0.0,results/paper_aaai2027/frozen/results/final_mcs_experiments_er_sf_alpha001_nowrong_noweight_50rep_chunked/wc_sweep_bnlearn_earthquake_alpha001_nowrong_noweight_seed2026_2075_20260715_155009/summary.json,,,,,,1.0,1.0,,retained CI facts
earthquake,Earthquake (5),OptABA-PC,28,28.0,2053.0,0.0,1.0,0.0,1.0,0.0,0.0,0.0,1.0,1.0,1.0,0.0,0.0,0.0,1.0,1.0,1.0,1.0,1.0,1.0,1.0,1.0,1.0,1.0,1.0,1.0,1.0,1.0,1.0,1.0,1.0,1.0,1.0,1.161196812056005,0.0,results/paper_aaai2027/frozen/results/final_mcs_experiments_er_sf_alpha001_nowrong_noweight_50rep_chunked/wc_sweep_bnlearn_earthquake_alpha001_nowrong_noweight_seed2026_2075_20260715_155009/summary.json,,,,,,1.0,1.0,,retained CI facts
earthquake,Earthquake (5),OptABA-PC,29,29.0,2054.0,0.0,1.0,0.0,1.0,0.0,0.0,0.0,1.0,1.0,1.0,0.0,0.0,0.0,1.0,1.0,1.0,1.0,1.0,1.0,1.0,1.0,1.0,1.0,1.0,1.0,1.0,1.0,1.0,1.0,1.0,1.0,1.0,1.1127812964841723,0.0,results/paper_aaai2027/frozen/results/final_mcs_experiments_er_sf_alpha001_nowrong_noweight_50rep_chunked/wc_sweep_bnlearn_earthquake_alpha001_nowrong_noweight_seed2026_2075_20260715_155009/summary.json,,,,,,1.0,1.0,,retained CI facts
earthquake,Earthquake (5),OptABA-PC,30,30.0,2055.0,0.0,1.0,0.0,1.0,0.0,0.0,0.0,1.0,1.0,1.0,0.0,0.0,0.0,1.0,1.0,1.0,1.0,1.0,1.0,1.0,1.0,1.0,1.0,1.0,1.0,1.0,1.0,1.0,1.0,1.0,1.0,1.0,2.5451798434369266,0.0,results/paper_aaai2027/frozen/results/final_mcs_experiments_er_sf_alpha001_nowrong_noweight_50rep_chunked/wc_sweep_bnlearn_earthquake_alpha001_nowrong_noweight_seed2026_2075_20260715_155009/summary.json,,,,,,1.0,1.0,,retained CI facts
earthquake,Earthquake (5),OptABA-PC,31,31.0,2056.0,0.0,1.0,0.0,1.0,0.0,0.0,0.0,1.0,1.0,1.0,0.0,0.0,0.0,1.0,1.0,1.0,1.0,1.0,1.0,1.0,1.0,1.0,1.0,1.0,1.0,1.0,1.0,1.0,1.0,1.0,1.0,1.0,2.5745627102442086,0.0,results/paper_aaai2027/frozen/results/final_mcs_experiments_er_sf_alpha001_nowrong_noweight_50rep_chunked/wc_sweep_bnlearn_earthquake_alpha001_nowrong_noweight_seed2026_2075_20260715_155009/summary.json,,,,,,1.0,1.0,,retained CI facts
earthquake,Earthquake (5),OptABA-PC,32,32.0,2057.0,0.0,1.0,0.0,1.0,0.0,0.0,0.0,1.0,1.0,1.0,0.0,0.0,0.0,1.0,1.0,1.0,1.0,1.0,1.0,1.0,1.0,1.0,1.0,1.0,1.0,1.0,1.0,1.0,1.0,1.0,1.0,1.0,2.626175935845822,0.0,results/paper_aaai2027/frozen/results/final_mcs_experiments_er_sf_alpha001_nowrong_noweight_50rep_chunked/wc_sweep_bnlearn_earthquake_alpha001_nowrong_noweight_seed2026_2075_20260715_155009/summary.json,,,,,,1.0,1.0,,retained CI facts
earthquake,Earthquake (5),OptABA-PC,33,33.0,2058.0,0.0,1.0,0.0,1.0,0.0,0.0,0.0,1.0,1.0,1.0,0.0,0.0,0.0,1.0,1.0,1.0,1.0,1.0,1.0,1.0,1.0,1.0,1.0,1.0,1.0,1.0,1.0,1.0,1.0,1.0,1.0,1.0,2.7015415499918163,0.0,results/paper_aaai2027/frozen/results/final_mcs_experiments_er_sf_alpha001_nowrong_noweight_50rep_chunked/wc_sweep_bnlearn_earthquake_alpha001_nowrong_noweight_seed2026_2075_20260715_155009/summary.json,,,,,,1.0,1.0,,retained CI facts
earthquake,Earthquake (5),OptABA-PC,34,34.0,2059.0,0.0,1.0,0.0,1.0,0.0,0.0,0.0,1.0,1.0,1.0,0.0,0.0,0.0,1.0,1.0,1.0,1.0,1.0,1.0,1.0,1.0,1.0,1.0,1.0,1.0,1.0,1.0,1.0,1.0,1.0,1.0,1.0,2.7921693148091435,0.0,results/paper_aaai2027/frozen/results/final_mcs_experiments_er_sf_alpha001_nowrong_noweight_50rep_chunked/wc_sweep_bnlearn_earthquake_alpha001_nowrong_noweight_seed2026_2075_20260715_155009/summary.json,,,,,,1.0,1.0,,retained CI facts
earthquake,Earthquake (5),OptABA-PC,35,35.0,2060.0,0.0,1.0,0.0,1.0,0.0,0.0,0.0,1.0,1.0,1.0,0.0,0.0,0.0,1.0,1.0,1.0,1.0,1.0,1.0,1.0,1.0,1.0,1.0,1.0,1.0,1.0,1.0,1.0,1.0,1.0,1.0,1.0,3.326298044528812,0.0,results/paper_aaai2027/frozen/results/final_mcs_experiments_er_sf_alpha001_nowrong_noweight_50rep_chunked/wc_sweep_bnlearn_earthquake_alpha001_nowrong_noweight_seed2026_2075_20260715_155009/summary.json,,,,,,1.0,1.0,,retained CI facts
earthquake,Earthquake (5),OptABA-PC,36,36.0,2061.0,0.0,1.0,0.0,1.0,0.0,0.0,0.0,1.0,1.0,1.0,0.0,0.0,0.0,1.0,1.0,1.0,1.0,1.0,1.0,1.0,1.0,1.0,1.0,1.0,1.0,1.0,1.0,1.0,1.0,1.0,1.0,1.0,2.78473356179893,0.0,results/paper_aaai2027/frozen/results/final_mcs_experiments_er_sf_alpha001_nowrong_noweight_50rep_chunked/wc_sweep_bnlearn_earthquake_alpha001_nowrong_noweight_seed2026_2075_20260715_155009/summary.json,,,,,,1.0,1.0,,retained CI facts
earthquake,Earthquake (5),OptABA-PC,37,37.0,2062.0,0.0,1.0,0.0,1.0,0.0,0.0,0.0,1.0,1.0,1.0,0.0,0.0,0.0,1.0,1.0,1.0,1.0,1.0,1.0,1.0,1.0,1.0,1.0,1.0,1.0,1.0,1.0,1.0,1.0,1.0,1.0,1.0,2.799072947818786,0.0,results/paper_aaai2027/frozen/results/final_mcs_experiments_er_sf_alpha001_nowrong_noweight_50rep_chunked/wc_sweep_bnlearn_earthquake_alpha001_nowrong_noweight_seed2026_2075_20260715_155009/summary.json,,,,,,1.0,1.0,,retained CI facts
earthquake,Earthquake (5),OptABA-PC,38,38.0,2063.0,0.0,1.0,0.0,1.0,0.0,0.0,0.0,1.0,1.0,1.0,0.0,0.0,0.0,1.0,1.0,1.0,1.0,1.0,1.0,1.0,1.0,1.0,1.0,1.0,1.0,1.0,1.0,1.0,1.0,1.0,1.0,1.0,2.8776431079022586,0.0,results/paper_aaai2027/frozen/results/final_mcs_experiments_er_sf_alpha001_nowrong_noweight_50rep_chunked/wc_sweep_bnlearn_earthquake_alpha001_nowrong_noweight_seed2026_2075_20260715_155009/summary.json,,,,,,1.0,1.0,,retained CI facts
earthquake,Earthquake (5),OptABA-PC,39,39.0,2064.0,0.0,1.0,0.0,1.0,0.0,0.0,0.0,1.0,1.0,1.0,0.0,0.0,0.0,1.0,1.0,1.0,1.0,1.0,1.0,1.0,1.0,1.0,1.0,1.0,1.0,1.0,1.0,1.0,1.0,1.0,1.0,1.0,2.9407241819426417,0.0,results/paper_aaai2027/frozen/results/final_mcs_experiments_er_sf_alpha001_nowrong_noweight_50rep_chunked/wc_sweep_bnlearn_earthquake_alpha001_nowrong_noweight_seed2026_2075_20260715_155009/summary.json,,,,,,1.0,1.0,,retained CI facts
earthquake,Earthquake (5),OptABA-PC,40,40.0,2065.0,0.0,1.0,0.0,1.0,0.0,0.0,0.0,1.0,1.0,1.0,0.0,0.0,0.0,1.0,1.0,1.0,1.0,1.0,1.0,1.0,1.0,1.0,1.0,1.0,1.0,1.0,1.0,1.0,1.0,1.0,1.0,1.0,2.9918312141671777,0.0,results/paper_aaai2027/frozen/results/final_mcs_experiments_er_sf_alpha001_nowrong_noweight_50rep_chunked/wc_sweep_bnlearn_earthquake_alpha001_nowrong_noweight_seed2026_2075_20260715_155009/summary.json,,,,,,1.0,1.0,,retained CI facts
earthquake,Earthquake (5),OptABA-PC,41,41.0,2066.0,0.0,1.0,0.0,1.0,0.0,0.0,0.0,1.0,1.0,1.0,0.0,0.0,0.0,1.0,1.0,1.0,1.0,1.0,1.0,1.0,1.0,1.0,1.0,1.0,1.0,1.0,1.0,1.0,1.0,1.0,1.0,1.0,2.97868670290336,0.0,results/paper_aaai2027/frozen/results/final_mcs_experiments_er_sf_alpha001_nowrong_noweight_50rep_chunked/wc_sweep_bnlearn_earthquake_alpha001_nowrong_noweight_seed2026_2075_20260715_155009/summary.json,,,,,,1.0,1.0,,retained CI facts
earthquake,Earthquake (5),OptABA-PC,42,42.0,2067.0,0.0,1.0,0.0,1.0,0.0,0.0,0.0,1.0,1.0,1.0,0.0,0.0,0.0,1.0,1.0,1.0,1.0,1.0,1.0,1.0,1.0,1.0,1.0,1.0,1.0,1.0,1.0,1.0,1.0,1.0,1.0,1.0,3.038483479525894,0.0,results/paper_aaai2027/frozen/results/final_mcs_experiments_er_sf_alpha001_nowrong_noweight_50rep_chunked/wc_sweep_bnlearn_earthquake_alpha001_nowrong_noweight_seed2026_2075_20260715_155009/summary.json,,,,,,1.0,1.0,,retained CI facts
earthquake,Earthquake (5),OptABA-PC,43,43.0,2068.0,0.0,1.0,0.0,1.0,0.0,0.0,0.0,1.0,1.0,1.0,0.0,0.0,0.0,1.0,1.0,1.0,1.0,1.0,1.0,1.0,1.0,1.0,1.0,1.0,1.0,1.0,1.0,1.0,1.0,1.0,1.0,1.0,3.101018859539181,0.0,results/paper_aaai2027/frozen/results/final_mcs_experiments_er_sf_alpha001_nowrong_noweight_50rep_chunked/wc_sweep_bnlearn_earthquake_alpha001_nowrong_noweight_seed2026_2075_20260715_155009/summary.json,,,,,,1.0,1.0,,retained CI facts
earthquake,Earthquake (5),OptABA-PC,44,44.0,2069.0,0.0,1.0,0.0,1.0,0.0,0.0,0.0,1.0,1.0,1.0,0.0,0.0,0.0,1.0,1.0,1.0,1.0,1.0,1.0,1.0,1.0,1.0,1.0,1.0,1.0,1.0,1.0,1.0,1.0,1.0,1.0,1.0,3.1273886347189546,0.0,results/paper_aaai2027/frozen/results/final_mcs_experiments_er_sf_alpha001_nowrong_noweight_50rep_chunked/wc_sweep_bnlearn_earthquake_alpha001_nowrong_noweight_seed2026_2075_20260715_155009/summary.json,,,,,,1.0,1.0,,retained CI facts
earthquake,Earthquake (5),OptABA-PC,45,45.0,2070.0,0.0,1.0,0.0,1.0,0.0,0.0,0.0,1.0,1.0,1.0,0.0,0.0,0.0,1.0,1.0,1.0,1.0,1.0,1.0,1.0,1.0,1.0,1.0,1.0,1.0,1.0,1.0,1.0,1.0,1.0,1.0,1.0,1.1442009187303483,0.0,results/paper_aaai2027/frozen/results/final_mcs_experiments_er_sf_alpha001_nowrong_noweight_50rep_chunked/wc_sweep_bnlearn_earthquake_alpha001_nowrong_noweight_seed2026_2075_20260715_155009/summary.json,,,,,,1.0,1.0,,retained CI facts
earthquake,Earthquake (5),OptABA-PC,46,46.0,2071.0,0.0,1.0,0.0,1.0,0.0,0.0,0.0,1.0,1.0,1.0,0.0,0.0,0.0,1.0,1.0,1.0,1.0,1.0,1.0,1.0,1.0,1.0,1.0,1.0,1.0,1.0,1.0,1.0,1.0,1.0,1.0,1.0,1.5014904281124473,0.0,results/paper_aaai2027/frozen/results/final_mcs_experiments_er_sf_alpha001_nowrong_noweight_50rep_chunked/wc_sweep_bnlearn_earthquake_alpha001_nowrong_noweight_seed2026_2075_20260715_155009/summary.json,,,,,,1.0,1.0,,retained CI facts
earthquake,Earthquake (5),OptABA-PC,47,47.0,2072.0,0.0,1.0,0.0,1.0,0.0,0.0,0.0,1.0,1.0,1.0,0.0,0.0,0.0,1.0,1.0,1.0,1.0,1.0,1.0,1.0,1.0,1.0,1.0,1.0,1.0,1.0,1.0,1.0,1.0,1.0,1.0,1.0,1.3457937790080905,0.0,results/paper_aaai2027/frozen/results/final_mcs_experiments_er_sf_alpha001_nowrong_noweight_50rep_chunked/wc_sweep_bnlearn_earthquake_alpha001_nowrong_noweight_seed2026_2075_20260715_155009/summary.json,,,,,,1.0,1.0,,retained CI facts
earthquake,Earthquake (5),OptABA-PC,48,48.0,2073.0,0.0,1.0,0.0,1.0,0.0,0.0,0.0,1.0,1.0,1.0,0.0,0.0,0.0,1.0,1.0,1.0,1.0,1.0,1.0,1.0,1.0,1.0,1.0,1.0,1.0,1.0,1.0,1.0,1.0,1.0,1.0,1.0,1.101380386389792,0.0,results/paper_aaai2027/frozen/results/final_mcs_experiments_er_sf_alpha001_nowrong_noweight_50rep_chunked/wc_sweep_bnlearn_earthquake_alpha001_nowrong_noweight_seed2026_2075_20260715_155009/summary.json,,,,,,1.0,1.0,,retained CI facts
earthquake,Earthquake (5),OptABA-PC,49,49.0,2074.0,0.0,1.0,0.0,1.0,0.0,0.0,0.0,1.0,1.0,1.0,0.0,0.0,0.0,1.0,1.0,1.0,1.0,1.0,1.0,1.0,1.0,1.0,1.0,1.0,1.0,1.0,1.0,1.0,1.0,1.0,1.0,1.0,1.1056740302592516,0.0,results/paper_aaai2027/frozen/results/final_mcs_experiments_er_sf_alpha001_nowrong_noweight_50rep_chunked/wc_sweep_bnlearn_earthquake_alpha001_nowrong_noweight_seed2026_2075_20260715_155009/summary.json,,,,,,1.0,1.0,,retained CI facts
earthquake,Earthquake (5),OptABA-PC,50,50.0,2075.0,0.0,1.0,0.0,1.0,0.0,0.0,0.0,1.0,1.0,1.0,0.0,0.0,0.0,1.0,1.0,1.0,1.0,1.0,1.0,1.0,1.0,1.0,1.0,1.0,1.0,1.0,1.0,1.0,1.0,1.0,1.0,1.0,1.1006910470314324,0.0,results/paper_aaai2027/frozen/results/final_mcs_experiments_er_sf_alpha001_nowrong_noweight_50rep_chunked/wc_sweep_bnlearn_earthquake_alpha001_nowrong_noweight_seed2026_2075_20260715_155009/summary.json,,,,,,1.0,1.0,,retained CI facts
earthquake,Earthquake (5),MPC,1,,2026.0,0.0,1.0,0.0,1.0,0.0,0.0,0.0,1.0,1.0,1.0,0.0,0.0,0.0,1.0,1.0,1.0,1.0,1.0,,,,,,,,,,,,,,1.0,0.0192821025848388,,paper_bnlearn_alpha001_nowrong_noweight_50rep_mpc_fgs,results/paper_aaai2027/frozen/results/estimated_graphs/paper_bnlearn_alpha001_nowrong_noweight_50rep_mpc_fgs/earthquake/MPC/run_0000_seed_2026.npz,,paper_bnlearn_alpha001_nowrong_noweight_50rep_mpc_fgs,1.0,,1.0,1.0,,full recorded matched G2 CI trace
earthquake,Earthquake (5),MPC,2,,2027.0,0.0,1.0,0.0,1.0,0.0,0.0,0.0,1.0,1.0,1.0,0.0,0.0,0.0,1.0,1.0,1.0,1.0,1.0,,,,,,,,,,,,,,1.0,0.0190989971160888,,paper_bnlearn_alpha001_nowrong_noweight_50rep_mpc_fgs,results/paper_aaai2027/frozen/results/estimated_graphs/paper_bnlearn_alpha001_nowrong_noweight_50rep_mpc_fgs/earthquake/MPC/run_0001_seed_2027.npz,,paper_bnlearn_alpha001_nowrong_noweight_50rep_mpc_fgs,1.0,,1.0,1.0,,full recorded matched G2 CI trace
earthquake,Earthquake (5),MPC,3,,2028.0,0.0,1.0,0.0,1.0,0.0,0.0,0.0,1.0,1.0,1.0,0.0,0.0,0.0,1.0,1.0,1.0,1.0,1.0,,,,,,,,,,,,,,1.0,0.0121698379516601,,paper_bnlearn_alpha001_nowrong_noweight_50rep_mpc_fgs,results/paper_aaai2027/frozen/results/estimated_graphs/paper_bnlearn_alpha001_nowrong_noweight_50rep_mpc_fgs/earthquake/MPC/run_0002_seed_2028.npz,,paper_bnlearn_alpha001_nowrong_noweight_50rep_mpc_fgs,1.0,,1.0,1.0,,full recorded matched G2 CI trace
earthquake,Earthquake (5),MPC,4,,2029.0,0.0,1.0,0.0,1.0,0.0,0.0,0.0,1.0,1.0,1.0,0.0,0.0,0.0,1.0,1.0,1.0,1.0,1.0,,,,,,,,,,,,,,1.0,0.0120553970336914,,paper_bnlearn_alpha001_nowrong_noweight_50rep_mpc_fgs,results/paper_aaai2027/frozen/results/estimated_graphs/paper_bnlearn_alpha001_nowrong_noweight_50rep_mpc_fgs/earthquake/MPC/run_0003_seed_2029.npz,,paper_bnlearn_alpha001_nowrong_noweight_50rep_mpc_fgs,1.0,,1.0,1.0,,full recorded matched G2 CI trace
earthquake,Earthquake (5),MPC,5,,2030.0,0.0,1.0,0.0,1.0,0.0,0.0,0.0,1.0,1.0,1.0,0.0,0.0,0.0,1.0,1.0,1.0,1.0,1.0,,,,,,,,,,,,,,1.0,0.0121474266052246,,paper_bnlearn_alpha001_nowrong_noweight_50rep_mpc_fgs,results/paper_aaai2027/frozen/results/estimated_graphs/paper_bnlearn_alpha001_nowrong_noweight_50rep_mpc_fgs/earthquake/MPC/run_0004_seed_2030.npz,,paper_bnlearn_alpha001_nowrong_noweight_50rep_mpc_fgs,1.0,,1.0,1.0,,full recorded matched G2 CI trace
earthquake,Earthquake (5),MPC,6,,2031.0,0.0,1.0,0.0,1.0,0.0,0.0,0.0,1.0,1.0,1.0,0.0,0.0,0.0,1.0,1.0,1.0,1.0,1.0,,,,,,,,,,,,,,1.0,0.0177223682403564,,paper_bnlearn_alpha001_nowrong_noweight_50rep_mpc_fgs,results/paper_aaai2027/frozen/results/estimated_graphs/paper_bnlearn_alpha001_nowrong_noweight_50rep_mpc_fgs/earthquake/MPC/run_0005_seed_2031.npz,,paper_bnlearn_alpha001_nowrong_noweight_50rep_mpc_fgs,1.0,,1.0,1.0,,full recorded matched G2 CI trace
earthquake,Earthquake (5),MPC,7,,2032.0,0.0,1.0,0.0,1.0,0.0,0.0,0.0,1.0,1.0,1.0,0.0,0.0,0.0,1.0,1.0,1.0,1.0,1.0,,,,,,,,,,,,,,1.0,0.0188350677490234,,paper_bnlearn_alpha001_nowrong_noweight_50rep_mpc_fgs,results/paper_aaai2027/frozen/results/estimated_graphs/paper_bnlearn_alpha001_nowrong_noweight_50rep_mpc_fgs/earthquake/MPC/run_0006_seed_2032.npz,,paper_bnlearn_alpha001_nowrong_noweight_50rep_mpc_fgs,1.0,,1.0,1.0,,full recorded matched G2 CI trace
earthquake,Earthquake (5),MPC,8,,2033.0,1.0,0.8889,1.0,0.8889,1.0,1.0,1.0,0.8889,0.8889,0.8889,1.0,1.0,1.0,0.8889,0.8889,0.8889,0.0,0.0,,,,,,,,,,,,,,0.0,0.0156867504119873,,paper_bnlearn_alpha001_nowrong_noweight_50rep_mpc_fgs,results/paper_aaai2027/frozen/results/estimated_graphs/paper_bnlearn_alpha001_nowrong_noweight_50rep_mpc_fgs/earthquake/MPC/run_0007_seed_2033.npz,,paper_bnlearn_alpha001_nowrong_noweight_50rep_mpc_fgs,1.0,,1.0,1.0,,full recorded matched G2 CI trace
earthquake,Earthquake (5),MPC,9,,2034.0,0.0,1.0,0.0,1.0,0.0,0.0,0.0,1.0,1.0,1.0,0.0,0.0,0.0,1.0,1.0,1.0,1.0,1.0,,,,,,,,,,,,,,1.0,0.0125594139099121,,paper_bnlearn_alpha001_nowrong_noweight_50rep_mpc_fgs,results/paper_aaai2027/frozen/results/estimated_graphs/paper_bnlearn_alpha001_nowrong_noweight_50rep_mpc_fgs/earthquake/MPC/run_0008_seed_2034.npz,,paper_bnlearn_alpha001_nowrong_noweight_50rep_mpc_fgs,1.0,,1.0,1.0,,full recorded matched G2 CI trace
earthquake,Earthquake (5),MPC,10,,2035.0,0.0,1.0,0.0,1.0,0.0,0.0,0.0,1.0,1.0,1.0,0.0,0.0,0.0,1.0,1.0,1.0,1.0,1.0,,,,,,,,,,,,,,1.0,0.0123696327209472,,paper_bnlearn_alpha001_nowrong_noweight_50rep_mpc_fgs,results/paper_aaai2027/frozen/results/estimated_graphs/paper_bnlearn_alpha001_nowrong_noweight_50rep_mpc_fgs/earthquake/MPC/run_0009_seed_2035.npz,,paper_bnlearn_alpha001_nowrong_noweight_50rep_mpc_fgs,1.0,,1.0,1.0,,full recorded matched G2 CI trace
earthquake,Earthquake (5),MPC,11,,2036.0,0.0,1.0,0.0,1.0,0.0,0.0,0.0,1.0,1.0,1.0,0.0,0.0,0.0,1.0,1.0,1.0,1.0,1.0,,,,,,,,,,,,,,1.0,0.0118861198425292,,paper_bnlearn_alpha001_nowrong_noweight_50rep_mpc_fgs,results/paper_aaai2027/frozen/results/estimated_graphs/paper_bnlearn_alpha001_nowrong_noweight_50rep_mpc_fgs/earthquake/MPC/run_0010_seed_2036.npz,,paper_bnlearn_alpha001_nowrong_noweight_50rep_mpc_fgs,1.0,,1.0,1.0,,full recorded matched G2 CI trace
earthquake,Earthquake (5),MPC,12,,2037.0,3.0,0.8889,0.0,1.0,3.0,3.0,3.0,0.8889,0.8889,0.8889,1.0,1.0,1.0,0.8889,0.8889,0.8889,1.0,2.0,,,,,,,,,,,,,,0.0,0.0132985115051269,,paper_bnlearn_alpha001_nowrong_noweight_50rep_mpc_fgs,results/paper_aaai2027/frozen/results/estimated_graphs/paper_bnlearn_alpha001_nowrong_noweight_50rep_mpc_fgs/earthquake/MPC/run_0011_seed_2037.npz,,paper_bnlearn_alpha001_nowrong_noweight_50rep_mpc_fgs,1.0,,1.0,2.0,,full recorded matched G2 CI trace
earthquake,Earthquake (5),MPC,13,,2038.0,0.0,1.0,0.0,1.0,0.0,0.0,0.0,1.0,1.0,1.0,0.0,0.0,0.0,1.0,1.0,1.0,1.0,1.0,,,,,,,,,,,,,,1.0,0.0136339664459228,,paper_bnlearn_alpha001_nowrong_noweight_50rep_mpc_fgs,results/paper_aaai2027/frozen/results/estimated_graphs/paper_bnlearn_alpha001_nowrong_noweight_50rep_mpc_fgs/earthquake/MPC/run_0012_seed_2038.npz,,paper_bnlearn_alpha001_nowrong_noweight_50rep_mpc_fgs,1.0,,1.0,1.0,,full recorded matched G2 CI trace
earthquake,Earthquake (5),MPC,14,,2039.0,0.0,1.0,0.0,1.0,0.0,0.0,0.0,1.0,1.0,1.0,0.0,0.0,0.0,1.0,1.0,1.0,1.0,1.0,,,,,,,,,,,,,,1.0,0.0194902420043945,,paper_bnlearn_alpha001_nowrong_noweight_50rep_mpc_fgs,results/paper_aaai2027/frozen/results/estimated_graphs/paper_bnlearn_alpha001_nowrong_noweight_50rep_mpc_fgs/earthquake/MPC/run_0013_seed_2039.npz,,paper_bnlearn_alpha001_nowrong_noweight_50rep_mpc_fgs,1.0,,1.0,1.0,,full recorded matched G2 CI trace
earthquake,Earthquake (5),MPC,15,,2040.0,0.0,1.0,0.0,1.0,0.0,0.0,0.0,1.0,1.0,1.0,0.0,0.0,0.0,1.0,1.0,1.0,1.0,1.0,,,,,,,,,,,,,,1.0,0.0121424198150634,,paper_bnlearn_alpha001_nowrong_noweight_50rep_mpc_fgs,results/paper_aaai2027/frozen/results/estimated_graphs/paper_bnlearn_alpha001_nowrong_noweight_50rep_mpc_fgs/earthquake/MPC/run_0014_seed_2040.npz,,paper_bnlearn_alpha001_nowrong_noweight_50rep_mpc_fgs,1.0,,1.0,1.0,,full recorded matched G2 CI trace
earthquake,Earthquake (5),MPC,16,,2041.0,0.0,1.0,0.0,1.0,0.0,0.0,0.0,1.0,1.0,1.0,0.0,0.0,0.0,1.0,1.0,1.0,1.0,1.0,,,,,,,,,,,,,,1.0,0.0171096324920654,,paper_bnlearn_alpha001_nowrong_noweight_50rep_mpc_fgs,results/paper_aaai2027/frozen/results/estimated_graphs/paper_bnlearn_alpha001_nowrong_noweight_50rep_mpc_fgs/earthquake/MPC/run_0015_seed_2041.npz,,paper_bnlearn_alpha001_nowrong_noweight_50rep_mpc_fgs,1.0,,1.0,1.0,,full recorded matched G2 CI trace
earthquake,Earthquake (5),MPC,17,,2042.0,0.0,1.0,0.0,1.0,0.0,0.0,0.0,1.0,1.0,1.0,0.0,0.0,0.0,1.0,1.0,1.0,1.0,1.0,,,,,,,,,,,,,,1.0,0.0170860290527343,,paper_bnlearn_alpha001_nowrong_noweight_50rep_mpc_fgs,results/paper_aaai2027/frozen/results/estimated_graphs/paper_bnlearn_alpha001_nowrong_noweight_50rep_mpc_fgs/earthquake/MPC/run_0016_seed_2042.npz,,paper_bnlearn_alpha001_nowrong_noweight_50rep_mpc_fgs,1.0,,1.0,1.0,,full recorded matched G2 CI trace
earthquake,Earthquake (5),MPC,18,,2043.0,0.0,1.0,0.0,1.0,0.0,0.0,0.0,1.0,1.0,1.0,0.0,0.0,0.0,1.0,1.0,1.0,1.0,1.0,,,,,,,,,,,,,,1.0,0.0174629688262939,,paper_bnlearn_alpha001_nowrong_noweight_50rep_mpc_fgs,results/paper_aaai2027/frozen/results/estimated_graphs/paper_bnlearn_alpha001_nowrong_noweight_50rep_mpc_fgs/earthquake/MPC/run_0017_seed_2043.npz,,paper_bnlearn_alpha001_nowrong_noweight_50rep_mpc_fgs,1.0,,1.0,1.0,,full recorded matched G2 CI trace
earthquake,Earthquake (5),MPC,19,,2044.0,3.0,0.8889,0.0,1.0,3.0,3.0,3.0,0.8889,0.8889,0.8889,1.0,1.0,1.0,0.8889,0.8889,0.8889,1.0,2.0,,,,,,,,,,,,,,0.0,0.0167641639709472,,paper_bnlearn_alpha001_nowrong_noweight_50rep_mpc_fgs,results/paper_aaai2027/frozen/results/estimated_graphs/paper_bnlearn_alpha001_nowrong_noweight_50rep_mpc_fgs/earthquake/MPC/run_0018_seed_2044.npz,,paper_bnlearn_alpha001_nowrong_noweight_50rep_mpc_fgs,1.0,,1.0,2.0,,full recorded matched G2 CI trace
earthquake,Earthquake (5),MPC,20,,2045.0,0.0,1.0,0.0,1.0,0.0,0.0,0.0,1.0,1.0,1.0,0.0,0.0,0.0,1.0,1.0,1.0,1.0,1.0,,,,,,,,,,,,,,1.0,0.0158205032348632,,paper_bnlearn_alpha001_nowrong_noweight_50rep_mpc_fgs,results/paper_aaai2027/frozen/results/estimated_graphs/paper_bnlearn_alpha001_nowrong_noweight_50rep_mpc_fgs/earthquake/MPC/run_0019_seed_2045.npz,,paper_bnlearn_alpha001_nowrong_noweight_50rep_mpc_fgs,1.0,,1.0,1.0,,full recorded matched G2 CI trace
earthquake,Earthquake (5),MPC,21,,2046.0,0.0,1.0,0.0,1.0,0.0,0.0,0.0,1.0,1.0,1.0,0.0,0.0,0.0,1.0,1.0,1.0,1.0,1.0,,,,,,,,,,,,,,1.0,0.0161311626434326,,paper_bnlearn_alpha001_nowrong_noweight_50rep_mpc_fgs,results/paper_aaai2027/frozen/results/estimated_graphs/paper_bnlearn_alpha001_nowrong_noweight_50rep_mpc_fgs/earthquake/MPC/run_0020_seed_2046.npz,,paper_bnlearn_alpha001_nowrong_noweight_50rep_mpc_fgs,1.0,,1.0,1.0,,full recorded matched G2 CI trace
earthquake,Earthquake (5),MPC,22,,2047.0,0.0,1.0,0.0,1.0,0.0,0.0,0.0,1.0,1.0,1.0,0.0,0.0,0.0,1.0,1.0,1.0,1.0,1.0,,,,,,,,,,,,,,1.0,0.0156688690185546,,paper_bnlearn_alpha001_nowrong_noweight_50rep_mpc_fgs,results/paper_aaai2027/frozen/results/estimated_graphs/paper_bnlearn_alpha001_nowrong_noweight_50rep_mpc_fgs/earthquake/MPC/run_0021_seed_2047.npz,,paper_bnlearn_alpha001_nowrong_noweight_50rep_mpc_fgs,1.0,,1.0,1.0,,full recorded matched G2 CI trace
earthquake,Earthquake (5),MPC,23,,2048.0,0.0,1.0,0.0,1.0,0.0,0.0,0.0,1.0,1.0,1.0,0.0,0.0,0.0,1.0,1.0,1.0,1.0,1.0,,,,,,,,,,,,,,1.0,0.016289472579956,,paper_bnlearn_alpha001_nowrong_noweight_50rep_mpc_fgs,results/paper_aaai2027/frozen/results/estimated_graphs/paper_bnlearn_alpha001_nowrong_noweight_50rep_mpc_fgs/earthquake/MPC/run_0022_seed_2048.npz,,paper_bnlearn_alpha001_nowrong_noweight_50rep_mpc_fgs,1.0,,1.0,1.0,,full recorded matched G2 CI trace
earthquake,Earthquake (5),MPC,24,,2049.0,0.0,1.0,0.0,1.0,0.0,0.0,0.0,1.0,1.0,1.0,0.0,0.0,0.0,1.0,1.0,1.0,1.0,1.0,,,,,,,,,,,,,,1.0,0.0186660289764404,,paper_bnlearn_alpha001_nowrong_noweight_50rep_mpc_fgs,results/paper_aaai2027/frozen/results/estimated_graphs/paper_bnlearn_alpha001_nowrong_noweight_50rep_mpc_fgs/earthquake/MPC/run_0023_seed_2049.npz,,paper_bnlearn_alpha001_nowrong_noweight_50rep_mpc_fgs,1.0,,1.0,1.0,,full recorded matched G2 CI trace
earthquake,Earthquake (5),MPC,25,,2050.0,3.0,0.8889,0.0,1.0,3.0,3.0,3.0,0.8889,0.8889,0.8889,1.0,1.0,1.0,0.8889,0.8889,0.8889,1.0,2.0,,,,,,,,,,,,,,0.0,0.0153591632843017,,paper_bnlearn_alpha001_nowrong_noweight_50rep_mpc_fgs,results/paper_aaai2027/frozen/results/estimated_graphs/paper_bnlearn_alpha001_nowrong_noweight_50rep_mpc_fgs/earthquake/MPC/run_0024_seed_2050.npz,,paper_bnlearn_alpha001_nowrong_noweight_50rep_mpc_fgs,1.0,,1.0,2.0,,full recorded matched G2 CI trace
earthquake,Earthquake (5),MPC,26,,2051.0,0.0,1.0,0.0,1.0,0.0,0.0,0.0,1.0,1.0,1.0,0.0,0.0,0.0,1.0,1.0,1.0,1.0,1.0,,,,,,,,,,,,,,1.0,0.018273115158081,,paper_bnlearn_alpha001_nowrong_noweight_50rep_mpc_fgs,results/paper_aaai2027/frozen/results/estimated_graphs/paper_bnlearn_alpha001_nowrong_noweight_50rep_mpc_fgs/earthquake/MPC/run_0025_seed_2051.npz,,paper_bnlearn_alpha001_nowrong_noweight_50rep_mpc_fgs,1.0,,1.0,1.0,,full recorded matched G2 CI trace
earthquake,Earthquake (5),MPC,27,,2052.0,0.0,1.0,0.0,1.0,0.0,0.0,0.0,1.0,1.0,1.0,0.0,0.0,0.0,1.0,1.0,1.0,1.0,1.0,,,,,,,,,,,,,,1.0,0.0191338062286376,,paper_bnlearn_alpha001_nowrong_noweight_50rep_mpc_fgs,results/paper_aaai2027/frozen/results/estimated_graphs/paper_bnlearn_alpha001_nowrong_noweight_50rep_mpc_fgs/earthquake/MPC/run_0026_seed_2052.npz,,paper_bnlearn_alpha001_nowrong_noweight_50rep_mpc_fgs,1.0,,1.0,1.0,,full recorded matched G2 CI trace
earthquake,Earthquake (5),MPC,28,,2053.0,0.0,1.0,0.0,1.0,0.0,0.0,0.0,1.0,1.0,1.0,0.0,0.0,0.0,1.0,1.0,1.0,1.0,1.0,,,,,,,,,,,,,,1.0,0.0120534896850585,,paper_bnlearn_alpha001_nowrong_noweight_50rep_mpc_fgs,results/paper_aaai2027/frozen/results/estimated_graphs/paper_bnlearn_alpha001_nowrong_noweight_50rep_mpc_fgs/earthquake/MPC/run_0027_seed_2053.npz,,paper_bnlearn_alpha001_nowrong_noweight_50rep_mpc_fgs,1.0,,1.0,1.0,,full recorded matched G2 CI trace
earthquake,Earthquake (5),MPC,29,,2054.0,0.0,1.0,0.0,1.0,0.0,0.0,0.0,1.0,1.0,1.0,0.0,0.0,0.0,1.0,1.0,1.0,1.0,1.0,,,,,,,,,,,,,,1.0,0.0117859840393066,,paper_bnlearn_alpha001_nowrong_noweight_50rep_mpc_fgs,results/paper_aaai2027/frozen/results/estimated_graphs/paper_bnlearn_alpha001_nowrong_noweight_50rep_mpc_fgs/earthquake/MPC/run_0028_seed_2054.npz,,paper_bnlearn_alpha001_nowrong_noweight_50rep_mpc_fgs,1.0,,1.0,1.0,,full recorded matched G2 CI trace
earthquake,Earthquake (5),MPC,30,,2055.0,0.0,1.0,0.0,1.0,0.0,0.0,0.0,1.0,1.0,1.0,0.0,0.0,0.0,1.0,1.0,1.0,1.0,1.0,,,,,,,,,,,,,,1.0,0.012169599533081,,paper_bnlearn_alpha001_nowrong_noweight_50rep_mpc_fgs,results/paper_aaai2027/frozen/results/estimated_graphs/paper_bnlearn_alpha001_nowrong_noweight_50rep_mpc_fgs/earthquake/MPC/run_0029_seed_2055.npz,,paper_bnlearn_alpha001_nowrong_noweight_50rep_mpc_fgs,1.0,,1.0,1.0,,full recorded matched G2 CI trace
earthquake,Earthquake (5),MPC,31,,2056.0,0.0,1.0,0.0,1.0,0.0,0.0,0.0,1.0,1.0,1.0,0.0,0.0,0.0,1.0,1.0,1.0,1.0,1.0,,,,,,,,,,,,,,1.0,0.0135314464569091,,paper_bnlearn_alpha001_nowrong_noweight_50rep_mpc_fgs,results/paper_aaai2027/frozen/results/estimated_graphs/paper_bnlearn_alpha001_nowrong_noweight_50rep_mpc_fgs/earthquake/MPC/run_0030_seed_2056.npz,,paper_bnlearn_alpha001_nowrong_noweight_50rep_mpc_fgs,1.0,,1.0,1.0,,full recorded matched G2 CI trace
earthquake,Earthquake (5),MPC,32,,2057.0,0.0,1.0,0.0,1.0,0.0,0.0,0.0,1.0,1.0,1.0,0.0,0.0,0.0,1.0,1.0,1.0,1.0,1.0,,,,,,,,,,,,,,1.0,0.0122702121734619,,paper_bnlearn_alpha001_nowrong_noweight_50rep_mpc_fgs,results/paper_aaai2027/frozen/results/estimated_graphs/paper_bnlearn_alpha001_nowrong_noweight_50rep_mpc_fgs/earthquake/MPC/run_0031_seed_2057.npz,,paper_bnlearn_alpha001_nowrong_noweight_50rep_mpc_fgs,1.0,,1.0,1.0,,full recorded matched G2 CI trace
earthquake,Earthquake (5),MPC,33,,2058.0,0.0,1.0,0.0,1.0,0.0,0.0,0.0,1.0,1.0,1.0,0.0,0.0,0.0,1.0,1.0,1.0,1.0,1.0,,,,,,,,,,,,,,1.0,0.0125796794891357,,paper_bnlearn_alpha001_nowrong_noweight_50rep_mpc_fgs,results/paper_aaai2027/frozen/results/estimated_graphs/paper_bnlearn_alpha001_nowrong_noweight_50rep_mpc_fgs/earthquake/MPC/run_0032_seed_2058.npz,,paper_bnlearn_alpha001_nowrong_noweight_50rep_mpc_fgs,1.0,,1.0,1.0,,full recorded matched G2 CI trace
earthquake,Earthquake (5),MPC,34,,2059.0,0.0,1.0,0.0,1.0,0.0,0.0,0.0,1.0,1.0,1.0,0.0,0.0,0.0,1.0,1.0,1.0,1.0,1.0,,,,,,,,,,,,,,1.0,0.0116486549377441,,paper_bnlearn_alpha001_nowrong_noweight_50rep_mpc_fgs,results/paper_aaai2027/frozen/results/estimated_graphs/paper_bnlearn_alpha001_nowrong_noweight_50rep_mpc_fgs/earthquake/MPC/run_0033_seed_2059.npz,,paper_bnlearn_alpha001_nowrong_noweight_50rep_mpc_fgs,1.0,,1.0,1.0,,full recorded matched G2 CI trace
earthquake,Earthquake (5),MPC,35,,2060.0,0.0,1.0,0.0,1.0,0.0,0.0,0.0,1.0,1.0,1.0,0.0,0.0,0.0,1.0,1.0,1.0,1.0,1.0,,,,,,,,,,,,,,1.0,0.0123736858367919,,paper_bnlearn_alpha001_nowrong_noweight_50rep_mpc_fgs,results/paper_aaai2027/frozen/results/estimated_graphs/paper_bnlearn_alpha001_nowrong_noweight_50rep_mpc_fgs/earthquake/MPC/run_0034_seed_2060.npz,,paper_bnlearn_alpha001_nowrong_noweight_50rep_mpc_fgs,1.0,,1.0,1.0,,full recorded matched G2 CI trace
earthquake,Earthquake (5),MPC,36,,2061.0,0.0,1.0,0.0,1.0,0.0,0.0,0.0,1.0,1.0,1.0,0.0,0.0,0.0,1.0,1.0,1.0,0.0,0.0,,,,,,,,,,,,,,1.0,0.0128147602081298,,paper_bnlearn_alpha001_nowrong_noweight_50rep_mpc_fgs,results/paper_aaai2027/frozen/results/estimated_graphs/paper_bnlearn_alpha001_nowrong_noweight_50rep_mpc_fgs/earthquake/MPC/run_0035_seed_2061.npz,,paper_bnlearn_alpha001_nowrong_noweight_50rep_mpc_fgs,1.0,,1.0,1.0,,full recorded matched G2 CI trace
earthquake,Earthquake (5),MPC,37,,2062.0,0.0,1.0,0.0,1.0,0.0,0.0,0.0,1.0,1.0,1.0,0.0,0.0,0.0,1.0,1.0,1.0,1.0,1.0,,,,,,,,,,,,,,1.0,0.011756420135498,,paper_bnlearn_alpha001_nowrong_noweight_50rep_mpc_fgs,results/paper_aaai2027/frozen/results/estimated_graphs/paper_bnlearn_alpha001_nowrong_noweight_50rep_mpc_fgs/earthquake/MPC/run_0036_seed_2062.npz,,paper_bnlearn_alpha001_nowrong_noweight_50rep_mpc_fgs,1.0,,1.0,1.0,,full recorded matched G2 CI trace
earthquake,Earthquake (5),MPC,38,,2063.0,0.0,1.0,0.0,1.0,0.0,0.0,0.0,1.0,1.0,1.0,0.0,0.0,0.0,1.0,1.0,1.0,1.0,1.0,,,,,,,,,,,,,,1.0,0.0120778083801269,,paper_bnlearn_alpha001_nowrong_noweight_50rep_mpc_fgs,results/paper_aaai2027/frozen/results/estimated_graphs/paper_bnlearn_alpha001_nowrong_noweight_50rep_mpc_fgs/earthquake/MPC/run_0037_seed_2063.npz,,paper_bnlearn_alpha001_nowrong_noweight_50rep_mpc_fgs,1.0,,1.0,1.0,,full recorded matched G2 CI trace
earthquake,Earthquake (5),MPC,39,,2064.0,0.0,1.0,0.0,1.0,0.0,0.0,0.0,1.0,1.0,1.0,0.0,0.0,0.0,1.0,1.0,1.0,1.0,1.0,,,,,,,,,,,,,,1.0,0.0117909908294677,,paper_bnlearn_alpha001_nowrong_noweight_50rep_mpc_fgs,results/paper_aaai2027/frozen/results/estimated_graphs/paper_bnlearn_alpha001_nowrong_noweight_50rep_mpc_fgs/earthquake/MPC/run_0038_seed_2064.npz,,paper_bnlearn_alpha001_nowrong_noweight_50rep_mpc_fgs,1.0,,1.0,1.0,,full recorded matched G2 CI trace
earthquake,Earthquake (5),MPC,40,,2065.0,0.0,1.0,0.0,1.0,0.0,0.0,0.0,1.0,1.0,1.0,0.0,0.0,0.0,1.0,1.0,1.0,1.0,1.0,,,,,,,,,,,,,,1.0,0.0128192901611328,,paper_bnlearn_alpha001_nowrong_noweight_50rep_mpc_fgs,results/paper_aaai2027/frozen/results/estimated_graphs/paper_bnlearn_alpha001_nowrong_noweight_50rep_mpc_fgs/earthquake/MPC/run_0039_seed_2065.npz,,paper_bnlearn_alpha001_nowrong_noweight_50rep_mpc_fgs,1.0,,1.0,1.0,,full recorded matched G2 CI trace
earthquake,Earthquake (5),MPC,41,,2066.0,0.0,1.0,0.0,1.0,0.0,0.0,0.0,1.0,1.0,1.0,0.0,0.0,0.0,1.0,1.0,1.0,1.0,1.0,,,,,,,,,,,,,,1.0,0.0120887756347656,,paper_bnlearn_alpha001_nowrong_noweight_50rep_mpc_fgs,results/paper_aaai2027/frozen/results/estimated_graphs/paper_bnlearn_alpha001_nowrong_noweight_50rep_mpc_fgs/earthquake/MPC/run_0040_seed_2066.npz,,paper_bnlearn_alpha001_nowrong_noweight_50rep_mpc_fgs,1.0,,1.0,1.0,,full recorded matched G2 CI trace
earthquake,Earthquake (5),MPC,42,,2067.0,0.0,1.0,0.0,1.0,0.0,0.0,0.0,1.0,1.0,1.0,0.0,0.0,0.0,1.0,1.0,1.0,1.0,1.0,,,,,,,,,,,,,,1.0,0.0120322704315185,,paper_bnlearn_alpha001_nowrong_noweight_50rep_mpc_fgs,results/paper_aaai2027/frozen/results/estimated_graphs/paper_bnlearn_alpha001_nowrong_noweight_50rep_mpc_fgs/earthquake/MPC/run_0041_seed_2067.npz,,paper_bnlearn_alpha001_nowrong_noweight_50rep_mpc_fgs,1.0,,1.0,1.0,,full recorded matched G2 CI trace
earthquake,Earthquake (5),MPC,43,,2068.0,0.0,1.0,0.0,1.0,0.0,0.0,0.0,1.0,1.0,1.0,0.0,0.0,0.0,1.0,1.0,1.0,1.0,1.0,,,,,,,,,,,,,,1.0,0.0134623050689697,,paper_bnlearn_alpha001_nowrong_noweight_50rep_mpc_fgs,results/paper_aaai2027/frozen/results/estimated_graphs/paper_bnlearn_alpha001_nowrong_noweight_50rep_mpc_fgs/earthquake/MPC/run_0042_seed_2068.npz,,paper_bnlearn_alpha001_nowrong_noweight_50rep_mpc_fgs,1.0,,1.0,1.0,,full recorded matched G2 CI trace
earthquake,Earthquake (5),MPC,44,,2069.0,0.0,1.0,0.0,1.0,0.0,0.0,0.0,1.0,1.0,1.0,0.0,0.0,0.0,1.0,1.0,1.0,0.0,0.0,,,,,,,,,,,,,,1.0,0.0151097774505615,,paper_bnlearn_alpha001_nowrong_noweight_50rep_mpc_fgs,results/paper_aaai2027/frozen/results/estimated_graphs/paper_bnlearn_alpha001_nowrong_noweight_50rep_mpc_fgs/earthquake/MPC/run_0043_seed_2069.npz,,paper_bnlearn_alpha001_nowrong_noweight_50rep_mpc_fgs,1.0,,1.0,1.0,,full recorded matched G2 CI trace
earthquake,Earthquake (5),MPC,45,,2070.0,0.0,1.0,0.0,1.0,0.0,0.0,0.0,1.0,1.0,1.0,0.0,0.0,0.0,1.0,1.0,1.0,1.0,1.0,,,,,,,,,,,,,,1.0,0.0119800567626953,,paper_bnlearn_alpha001_nowrong_noweight_50rep_mpc_fgs,results/paper_aaai2027/frozen/results/estimated_graphs/paper_bnlearn_alpha001_nowrong_noweight_50rep_mpc_fgs/earthquake/MPC/run_0044_seed_2070.npz,,paper_bnlearn_alpha001_nowrong_noweight_50rep_mpc_fgs,1.0,,1.0,1.0,,full recorded matched G2 CI trace
earthquake,Earthquake (5),MPC,46,,2071.0,0.0,1.0,0.0,1.0,0.0,0.0,0.0,1.0,1.0,1.0,0.0,0.0,0.0,1.0,1.0,1.0,1.0,1.0,,,,,,,,,,,,,,1.0,0.0120980739593505,,paper_bnlearn_alpha001_nowrong_noweight_50rep_mpc_fgs,results/paper_aaai2027/frozen/results/estimated_graphs/paper_bnlearn_alpha001_nowrong_noweight_50rep_mpc_fgs/earthquake/MPC/run_0045_seed_2071.npz,,paper_bnlearn_alpha001_nowrong_noweight_50rep_mpc_fgs,1.0,,1.0,1.0,,full recorded matched G2 CI trace
earthquake,Earthquake (5),MPC,47,,2072.0,0.0,1.0,0.0,1.0,0.0,0.0,0.0,1.0,1.0,1.0,0.0,0.0,0.0,1.0,1.0,1.0,1.0,1.0,,,,,,,,,,,,,,1.0,0.0185701847076416,,paper_bnlearn_alpha001_nowrong_noweight_50rep_mpc_fgs,results/paper_aaai2027/frozen/results/estimated_graphs/paper_bnlearn_alpha001_nowrong_noweight_50rep_mpc_fgs/earthquake/MPC/run_0046_seed_2072.npz,,paper_bnlearn_alpha001_nowrong_noweight_50rep_mpc_fgs,1.0,,1.0,1.0,,full recorded matched G2 CI trace
earthquake,Earthquake (5),MPC,48,,2073.0,0.0,1.0,0.0,1.0,0.0,0.0,0.0,1.0,1.0,1.0,0.0,0.0,0.0,1.0,1.0,1.0,1.0,1.0,,,,,,,,,,,,,,1.0,0.0190012454986572,,paper_bnlearn_alpha001_nowrong_noweight_50rep_mpc_fgs,results/paper_aaai2027/frozen/results/estimated_graphs/paper_bnlearn_alpha001_nowrong_noweight_50rep_mpc_fgs/earthquake/MPC/run_0047_seed_2073.npz,,paper_bnlearn_alpha001_nowrong_noweight_50rep_mpc_fgs,1.0,,1.0,1.0,,full recorded matched G2 CI trace
earthquake,Earthquake (5),MPC,49,,2074.0,0.0,1.0,0.0,1.0,0.0,0.0,0.0,1.0,1.0,1.0,0.0,0.0,0.0,1.0,1.0,1.0,1.0,1.0,,,,,,,,,,,,,,1.0,0.0188994407653808,,paper_bnlearn_alpha001_nowrong_noweight_50rep_mpc_fgs,results/paper_aaai2027/frozen/results/estimated_graphs/paper_bnlearn_alpha001_nowrong_noweight_50rep_mpc_fgs/earthquake/MPC/run_0048_seed_2074.npz,,paper_bnlearn_alpha001_nowrong_noweight_50rep_mpc_fgs,1.0,,1.0,1.0,,full recorded matched G2 CI trace
earthquake,Earthquake (5),MPC,50,,2075.0,0.0,1.0,0.0,1.0,0.0,0.0,0.0,1.0,1.0,1.0,0.0,0.0,0.0,1.0,1.0,1.0,1.0,1.0,,,,,,,,,,,,,,1.0,0.0189545154571533,,paper_bnlearn_alpha001_nowrong_noweight_50rep_mpc_fgs,results/paper_aaai2027/frozen/results/estimated_graphs/paper_bnlearn_alpha001_nowrong_noweight_50rep_mpc_fgs/earthquake/MPC/run_0049_seed_2075.npz,,paper_bnlearn_alpha001_nowrong_noweight_50rep_mpc_fgs,1.0,,1.0,1.0,,full recorded matched G2 CI trace
earthquake,Earthquake (5),FGS,1,,2026.0,2.0,0.5,2.0,0.5,2.0,2.0,2.0,0.5,0.5,0.5,2.0,1.0,3.0,0.5,0.75,0.25,,,,,,,,,,,,,,,,0.0,0.1598241329193115,,paper_bnlearn_alpha001_nowrong_noweight_50rep_mpc_fgs,results/paper_aaai2027/frozen/results/estimated_graphs/paper_bnlearn_alpha001_nowrong_noweight_50rep_mpc_fgs/earthquake/FGS/run_0000_seed_2026.npz,,paper_bnlearn_alpha001_nowrong_noweight_50rep_mpc_fgs,1.0,,1.0,5.0,,not applicable (score based)
earthquake,Earthquake (5),FGS,2,,2027.0,2.0,0.5,2.0,0.5,2.0,2.0,2.0,0.5,0.5,0.5,2.0,1.0,3.0,0.5,0.75,0.25,,,,,,,,,,,,,,,,0.0,0.1561949253082275,,paper_bnlearn_alpha001_nowrong_noweight_50rep_mpc_fgs,results/paper_aaai2027/frozen/results/estimated_graphs/paper_bnlearn_alpha001_nowrong_noweight_50rep_mpc_fgs/earthquake/FGS/run_0001_seed_2027.npz,,paper_bnlearn_alpha001_nowrong_noweight_50rep_mpc_fgs,1.0,,1.0,5.0,,not applicable (score based)
earthquake,Earthquake (5),FGS,3,,2028.0,2.0,0.5,2.0,0.5,2.0,2.0,2.0,0.5,0.5,0.5,2.0,1.0,3.0,0.5,0.75,0.25,,,,,,,,,,,,,,,,0.0,0.1700000762939453,,paper_bnlearn_alpha001_nowrong_noweight_50rep_mpc_fgs,results/paper_aaai2027/frozen/results/estimated_graphs/paper_bnlearn_alpha001_nowrong_noweight_50rep_mpc_fgs/earthquake/FGS/run_0002_seed_2028.npz,,paper_bnlearn_alpha001_nowrong_noweight_50rep_mpc_fgs,1.0,,1.0,5.0,,not applicable (score based)
earthquake,Earthquake (5),FGS,4,,2029.0,2.0,0.5,2.0,0.5,2.0,2.0,2.0,0.5,0.5,0.5,2.0,1.0,3.0,0.5,0.75,0.25,,,,,,,,,,,,,,,,0.0,0.1757278442382812,,paper_bnlearn_alpha001_nowrong_noweight_50rep_mpc_fgs,results/paper_aaai2027/frozen/results/estimated_graphs/paper_bnlearn_alpha001_nowrong_noweight_50rep_mpc_fgs/earthquake/FGS/run_0003_seed_2029.npz,,paper_bnlearn_alpha001_nowrong_noweight_50rep_mpc_fgs,1.0,,1.0,5.0,,not applicable (score based)
earthquake,Earthquake (5),FGS,5,,2030.0,3.0,0.4444,3.0,0.4444,3.0,3.0,3.0,0.4444,0.4444,0.4444,3.0,2.0,4.0,0.44443,0.6667,0.2222,,,,,,,,,,,,,,,,0.0,0.1682808399200439,,paper_bnlearn_alpha001_nowrong_noweight_50rep_mpc_fgs,results/paper_aaai2027/frozen/results/estimated_graphs/paper_bnlearn_alpha001_nowrong_noweight_50rep_mpc_fgs/earthquake/FGS/run_0004_seed_2030.npz,,paper_bnlearn_alpha001_nowrong_noweight_50rep_mpc_fgs,1.0,,1.0,10.0,,not applicable (score based)
earthquake,Earthquake (5),FGS,6,,2031.0,2.0,0.5,2.0,0.5,2.0,2.0,2.0,0.5,0.5,0.5,2.0,1.0,3.0,0.5,0.75,0.25,,,,,,,,,,,,,,,,0.0,0.1617858409881591,,paper_bnlearn_alpha001_nowrong_noweight_50rep_mpc_fgs,results/paper_aaai2027/frozen/results/estimated_graphs/paper_bnlearn_alpha001_nowrong_noweight_50rep_mpc_fgs/earthquake/FGS/run_0005_seed_2031.npz,,paper_bnlearn_alpha001_nowrong_noweight_50rep_mpc_fgs,1.0,,1.0,5.0,,not applicable (score based)
earthquake,Earthquake (5),FGS,7,,2032.0,3.0,0.4444,3.0,0.4444,3.0,3.0,3.0,0.4444,0.4444,0.4444,3.0,2.0,4.0,0.44443,0.6667,0.2222,,,,,,,,,,,,,,,,0.0,0.1713333129882812,,paper_bnlearn_alpha001_nowrong_noweight_50rep_mpc_fgs,results/paper_aaai2027/frozen/results/estimated_graphs/paper_bnlearn_alpha001_nowrong_noweight_50rep_mpc_fgs/earthquake/FGS/run_0006_seed_2032.npz,,paper_bnlearn_alpha001_nowrong_noweight_50rep_mpc_fgs,1.0,,1.0,10.0,,not applicable (score based)
earthquake,Earthquake (5),FGS,8,,2033.0,3.0,0.4444,3.0,0.4444,3.0,3.0,3.0,0.4444,0.4444,0.4444,3.0,2.0,4.0,0.44443,0.6667,0.2222,,,,,,,,,,,,,,,,0.0,0.1638176441192627,,paper_bnlearn_alpha001_nowrong_noweight_50rep_mpc_fgs,results/paper_aaai2027/frozen/results/estimated_graphs/paper_bnlearn_alpha001_nowrong_noweight_50rep_mpc_fgs/earthquake/FGS/run_0007_seed_2033.npz,,paper_bnlearn_alpha001_nowrong_noweight_50rep_mpc_fgs,1.0,,1.0,10.0,,not applicable (score based)
earthquake,Earthquake (5),FGS,9,,2034.0,3.0,0.4444,3.0,0.4444,3.0,3.0,3.0,0.4444,0.4444,0.4444,3.0,2.0,4.0,0.44443,0.6667,0.2222,,,,,,,,,,,,,,,,0.0,0.169907808303833,,paper_bnlearn_alpha001_nowrong_noweight_50rep_mpc_fgs,results/paper_aaai2027/frozen/results/estimated_graphs/paper_bnlearn_alpha001_nowrong_noweight_50rep_mpc_fgs/earthquake/FGS/run_0008_seed_2034.npz,,paper_bnlearn_alpha001_nowrong_noweight_50rep_mpc_fgs,1.0,,1.0,10.0,,not applicable (score based)
earthquake,Earthquake (5),FGS,10,,2035.0,2.0,0.5,2.0,0.5,2.0,2.0,2.0,0.5,0.5,0.5,2.0,1.0,3.0,0.5,0.75,0.25,,,,,,,,,,,,,,,,0.0,0.1638712882995605,,paper_bnlearn_alpha001_nowrong_noweight_50rep_mpc_fgs,results/paper_aaai2027/frozen/results/estimated_graphs/paper_bnlearn_alpha001_nowrong_noweight_50rep_mpc_fgs/earthquake/FGS/run_0009_seed_2035.npz,,paper_bnlearn_alpha001_nowrong_noweight_50rep_mpc_fgs,1.0,,1.0,5.0,,not applicable (score based)
earthquake,Earthquake (5),FGS,11,,2036.0,2.0,0.5,2.0,0.5,2.0,2.0,2.0,0.5,0.5,0.5,2.0,1.0,3.0,0.5,0.75,0.25,,,,,,,,,,,,,,,,0.0,0.1689913272857666,,paper_bnlearn_alpha001_nowrong_noweight_50rep_mpc_fgs,results/paper_aaai2027/frozen/results/estimated_graphs/paper_bnlearn_alpha001_nowrong_noweight_50rep_mpc_fgs/earthquake/FGS/run_0010_seed_2036.npz,,paper_bnlearn_alpha001_nowrong_noweight_50rep_mpc_fgs,1.0,,1.0,5.0,,not applicable (score based)
earthquake,Earthquake (5),FGS,12,,2037.0,2.0,0.5,2.0,0.5,2.0,2.0,2.0,0.5,0.5,0.5,2.0,1.0,3.0,0.5,0.75,0.25,,,,,,,,,,,,,,,,0.0,0.1658999919891357,,paper_bnlearn_alpha001_nowrong_noweight_50rep_mpc_fgs,results/paper_aaai2027/frozen/results/estimated_graphs/paper_bnlearn_alpha001_nowrong_noweight_50rep_mpc_fgs/earthquake/FGS/run_0011_seed_2037.npz,,paper_bnlearn_alpha001_nowrong_noweight_50rep_mpc_fgs,1.0,,1.0,5.0,,not applicable (score based)
earthquake,Earthquake (5),FGS,13,,2038.0,2.0,0.5,2.0,0.5,2.0,2.0,2.0,0.5,0.5,0.5,2.0,1.0,3.0,0.5,0.75,0.25,,,,,,,,,,,,,,,,0.0,0.1618821620941162,,paper_bnlearn_alpha001_nowrong_noweight_50rep_mpc_fgs,results/paper_aaai2027/frozen/results/estimated_graphs/paper_bnlearn_alpha001_nowrong_noweight_50rep_mpc_fgs/earthquake/FGS/run_0012_seed_2038.npz,,paper_bnlearn_alpha001_nowrong_noweight_50rep_mpc_fgs,1.0,,1.0,5.0,,not applicable (score based)
earthquake,Earthquake (5),FGS,14,,2039.0,3.0,0.4444,3.0,0.4444,3.0,3.0,3.0,0.4444,0.4444,0.4444,3.0,2.0,4.0,0.44443,0.6667,0.2222,,,,,,,,,,,,,,,,0.0,0.1321699619293213,,paper_bnlearn_alpha001_nowrong_noweight_50rep_mpc_fgs,results/paper_aaai2027/frozen/results/estimated_graphs/paper_bnlearn_alpha001_nowrong_noweight_50rep_mpc_fgs/earthquake/FGS/run_0013_seed_2039.npz,,paper_bnlearn_alpha001_nowrong_noweight_50rep_mpc_fgs,1.0,,1.0,10.0,,not applicable (score based)
earthquake,Earthquake (5),FGS,15,,2040.0,3.0,0.4444,3.0,0.4444,3.0,3.0,3.0,0.4444,0.4444,0.4444,3.0,2.0,4.0,0.44443,0.6667,0.2222,,,,,,,,,,,,,,,,0.0,0.1326172351837158,,paper_bnlearn_alpha001_nowrong_noweight_50rep_mpc_fgs,results/paper_aaai2027/frozen/results/estimated_graphs/paper_bnlearn_alpha001_nowrong_noweight_50rep_mpc_fgs/earthquake/FGS/run_0014_seed_2040.npz,,paper_bnlearn_alpha001_nowrong_noweight_50rep_mpc_fgs,1.0,,1.0,10.0,,not applicable (score based)
earthquake,Earthquake (5),FGS,16,,2041.0,3.0,0.4444,3.0,0.4444,3.0,3.0,3.0,0.4444,0.4444,0.4444,3.0,2.0,4.0,0.44443,0.6667,0.2222,,,,,,,,,,,,,,,,0.0,0.1767334938049316,,paper_bnlearn_alpha001_nowrong_noweight_50rep_mpc_fgs,results/paper_aaai2027/frozen/results/estimated_graphs/paper_bnlearn_alpha001_nowrong_noweight_50rep_mpc_fgs/earthquake/FGS/run_0015_seed_2041.npz,,paper_bnlearn_alpha001_nowrong_noweight_50rep_mpc_fgs,1.0,,1.0,10.0,,not applicable (score based)
earthquake,Earthquake (5),FGS,17,,2042.0,3.0,0.4444,3.0,0.4444,3.0,3.0,3.0,0.4444,0.4444,0.4444,3.0,2.0,4.0,0.44443,0.6667,0.2222,,,,,,,,,,,,,,,,0.0,0.1722984313964843,,paper_bnlearn_alpha001_nowrong_noweight_50rep_mpc_fgs,results/paper_aaai2027/frozen/results/estimated_graphs/paper_bnlearn_alpha001_nowrong_noweight_50rep_mpc_fgs/earthquake/FGS/run_0016_seed_2042.npz,,paper_bnlearn_alpha001_nowrong_noweight_50rep_mpc_fgs,1.0,,1.0,10.0,,not applicable (score based)
earthquake,Earthquake (5),FGS,18,,2043.0,3.0,0.4444,3.0,0.4444,3.0,3.0,3.0,0.4444,0.4444,0.4444,3.0,2.0,4.0,0.44443,0.6667,0.2222,,,,,,,,,,,,,,,,0.0,0.1687841415405273,,paper_bnlearn_alpha001_nowrong_noweight_50rep_mpc_fgs,results/paper_aaai2027/frozen/results/estimated_graphs/paper_bnlearn_alpha001_nowrong_noweight_50rep_mpc_fgs/earthquake/FGS/run_0017_seed_2043.npz,,paper_bnlearn_alpha001_nowrong_noweight_50rep_mpc_fgs,1.0,,1.0,10.0,,not applicable (score based)
earthquake,Earthquake (5),FGS,19,,2044.0,2.0,0.5,2.0,0.5,2.0,2.0,2.0,0.5,0.5,0.5,2.0,1.0,3.0,0.5,0.75,0.25,,,,,,,,,,,,,,,,0.0,0.1689205169677734,,paper_bnlearn_alpha001_nowrong_noweight_50rep_mpc_fgs,results/paper_aaai2027/frozen/results/estimated_graphs/paper_bnlearn_alpha001_nowrong_noweight_50rep_mpc_fgs/earthquake/FGS/run_0018_seed_2044.npz,,paper_bnlearn_alpha001_nowrong_noweight_50rep_mpc_fgs,1.0,,1.0,5.0,,not applicable (score based)
earthquake,Earthquake (5),FGS,20,,2045.0,3.0,0.4444,3.0,0.4444,3.0,3.0,3.0,0.4444,0.4444,0.4444,3.0,2.0,4.0,0.44443,0.6667,0.2222,,,,,,,,,,,,,,,,0.0,0.1778807640075683,,paper_bnlearn_alpha001_nowrong_noweight_50rep_mpc_fgs,results/paper_aaai2027/frozen/results/estimated_graphs/paper_bnlearn_alpha001_nowrong_noweight_50rep_mpc_fgs/earthquake/FGS/run_0019_seed_2045.npz,,paper_bnlearn_alpha001_nowrong_noweight_50rep_mpc_fgs,1.0,,1.0,10.0,,not applicable (score based)
earthquake,Earthquake (5),FGS,21,,2046.0,2.0,0.5,2.0,0.5,2.0,2.0,2.0,0.5,0.5,0.5,2.0,1.0,3.0,0.5,0.75,0.25,,,,,,,,,,,,,,,,0.0,0.1697742938995361,,paper_bnlearn_alpha001_nowrong_noweight_50rep_mpc_fgs,results/paper_aaai2027/frozen/results/estimated_graphs/paper_bnlearn_alpha001_nowrong_noweight_50rep_mpc_fgs/earthquake/FGS/run_0020_seed_2046.npz,,paper_bnlearn_alpha001_nowrong_noweight_50rep_mpc_fgs,1.0,,1.0,5.0,,not applicable (score based)
earthquake,Earthquake (5),FGS,22,,2047.0,2.0,0.5,2.0,0.5,2.0,2.0,2.0,0.5,0.5,0.5,2.0,1.0,3.0,0.5,0.75,0.25,,,,,,,,,,,,,,,,0.0,0.1785328388214111,,paper_bnlearn_alpha001_nowrong_noweight_50rep_mpc_fgs,results/paper_aaai2027/frozen/results/estimated_graphs/paper_bnlearn_alpha001_nowrong_noweight_50rep_mpc_fgs/earthquake/FGS/run_0021_seed_2047.npz,,paper_bnlearn_alpha001_nowrong_noweight_50rep_mpc_fgs,1.0,,1.0,5.0,,not applicable (score based)
earthquake,Earthquake (5),FGS,23,,2048.0,2.0,0.5,2.0,0.5,2.0,2.0,2.0,0.5,0.5,0.5,2.0,1.0,3.0,0.5,0.75,0.25,,,,,,,,,,,,,,,,0.0,0.1642253398895263,,paper_bnlearn_alpha001_nowrong_noweight_50rep_mpc_fgs,results/paper_aaai2027/frozen/results/estimated_graphs/paper_bnlearn_alpha001_nowrong_noweight_50rep_mpc_fgs/earthquake/FGS/run_0022_seed_2048.npz,,paper_bnlearn_alpha001_nowrong_noweight_50rep_mpc_fgs,1.0,,1.0,5.0,,not applicable (score based)
earthquake,Earthquake (5),FGS,24,,2049.0,3.0,0.4444,3.0,0.4444,3.0,3.0,3.0,0.4444,0.4444,0.4444,3.0,2.0,4.0,0.44443,0.6667,0.2222,,,,,,,,,,,,,,,,0.0,0.1656553745269775,,paper_bnlearn_alpha001_nowrong_noweight_50rep_mpc_fgs,results/paper_aaai2027/frozen/results/estimated_graphs/paper_bnlearn_alpha001_nowrong_noweight_50rep_mpc_fgs/earthquake/FGS/run_0023_seed_2049.npz,,paper_bnlearn_alpha001_nowrong_noweight_50rep_mpc_fgs,1.0,,1.0,10.0,,not applicable (score based)
earthquake,Earthquake (5),FGS,25,,2050.0,3.0,0.4444,3.0,0.4444,3.0,3.0,3.0,0.4444,0.4444,0.4444,3.0,2.0,4.0,0.44443,0.6667,0.2222,,,,,,,,,,,,,,,,0.0,0.1641597747802734,,paper_bnlearn_alpha001_nowrong_noweight_50rep_mpc_fgs,results/paper_aaai2027/frozen/results/estimated_graphs/paper_bnlearn_alpha001_nowrong_noweight_50rep_mpc_fgs/earthquake/FGS/run_0024_seed_2050.npz,,paper_bnlearn_alpha001_nowrong_noweight_50rep_mpc_fgs,1.0,,1.0,10.0,,not applicable (score based)
earthquake,Earthquake (5),FGS,26,,2051.0,2.0,0.5,2.0,0.5,2.0,2.0,2.0,0.5,0.5,0.5,2.0,1.0,3.0,0.5,0.75,0.25,,,,,,,,,,,,,,,,0.0,0.1625242233276367,,paper_bnlearn_alpha001_nowrong_noweight_50rep_mpc_fgs,results/paper_aaai2027/frozen/results/estimated_graphs/paper_bnlearn_alpha001_nowrong_noweight_50rep_mpc_fgs/earthquake/FGS/run_0025_seed_2051.npz,,paper_bnlearn_alpha001_nowrong_noweight_50rep_mpc_fgs,1.0,,1.0,5.0,,not applicable (score based)
earthquake,Earthquake (5),FGS,27,,2052.0,3.0,0.4444,3.0,0.4444,3.0,3.0,3.0,0.4444,0.4444,0.4444,3.0,2.0,4.0,0.44443,0.6667,0.2222,,,,,,,,,,,,,,,,0.0,0.1606197357177734,,paper_bnlearn_alpha001_nowrong_noweight_50rep_mpc_fgs,results/paper_aaai2027/frozen/results/estimated_graphs/paper_bnlearn_alpha001_nowrong_noweight_50rep_mpc_fgs/earthquake/FGS/run_0026_seed_2052.npz,,paper_bnlearn_alpha001_nowrong_noweight_50rep_mpc_fgs,1.0,,1.0,10.0,,not applicable (score based)
earthquake,Earthquake (5),FGS,28,,2053.0,2.0,0.5,2.0,0.5,2.0,2.0,2.0,0.5,0.5,0.5,2.0,1.0,3.0,0.5,0.75,0.25,,,,,,,,,,,,,,,,0.0,0.1642918586730957,,paper_bnlearn_alpha001_nowrong_noweight_50rep_mpc_fgs,results/paper_aaai2027/frozen/results/estimated_graphs/paper_bnlearn_alpha001_nowrong_noweight_50rep_mpc_fgs/earthquake/FGS/run_0027_seed_2053.npz,,paper_bnlearn_alpha001_nowrong_noweight_50rep_mpc_fgs,1.0,,1.0,5.0,,not applicable (score based)
earthquake,Earthquake (5),FGS,29,,2054.0,3.0,0.4444,3.0,0.4444,3.0,3.0,3.0,0.4444,0.4444,0.4444,3.0,2.0,4.0,0.44443,0.6667,0.2222,,,,,,,,,,,,,,,,0.0,0.1588819026947021,,paper_bnlearn_alpha001_nowrong_noweight_50rep_mpc_fgs,results/paper_aaai2027/frozen/results/estimated_graphs/paper_bnlearn_alpha001_nowrong_noweight_50rep_mpc_fgs/earthquake/FGS/run_0028_seed_2054.npz,,paper_bnlearn_alpha001_nowrong_noweight_50rep_mpc_fgs,1.0,,1.0,10.0,,not applicable (score based)
earthquake,Earthquake (5),FGS,30,,2055.0,2.0,0.5,2.0,0.5,2.0,2.0,2.0,0.5,0.5,0.5,2.0,1.0,3.0,0.5,0.75,0.25,,,,,,,,,,,,,,,,0.0,0.1522333621978759,,paper_bnlearn_alpha001_nowrong_noweight_50rep_mpc_fgs,results/paper_aaai2027/frozen/results/estimated_graphs/paper_bnlearn_alpha001_nowrong_noweight_50rep_mpc_fgs/earthquake/FGS/run_0029_seed_2055.npz,,paper_bnlearn_alpha001_nowrong_noweight_50rep_mpc_fgs,1.0,,1.0,5.0,,not applicable (score based)
earthquake,Earthquake (5),FGS,31,,2056.0,2.0,0.5,2.0,0.5,2.0,2.0,2.0,0.5,0.5,0.5,2.0,1.0,3.0,0.5,0.75,0.25,,,,,,,,,,,,,,,,0.0,0.1669850349426269,,paper_bnlearn_alpha001_nowrong_noweight_50rep_mpc_fgs,results/paper_aaai2027/frozen/results/estimated_graphs/paper_bnlearn_alpha001_nowrong_noweight_50rep_mpc_fgs/earthquake/FGS/run_0030_seed_2056.npz,,paper_bnlearn_alpha001_nowrong_noweight_50rep_mpc_fgs,1.0,,1.0,5.0,,not applicable (score based)
earthquake,Earthquake (5),FGS,32,,2057.0,3.0,0.4444,3.0,0.4444,3.0,3.0,3.0,0.4444,0.4444,0.4444,3.0,2.0,4.0,0.44443,0.6667,0.2222,,,,,,,,,,,,,,,,0.0,0.1681783199310302,,paper_bnlearn_alpha001_nowrong_noweight_50rep_mpc_fgs,results/paper_aaai2027/frozen/results/estimated_graphs/paper_bnlearn_alpha001_nowrong_noweight_50rep_mpc_fgs/earthquake/FGS/run_0031_seed_2057.npz,,paper_bnlearn_alpha001_nowrong_noweight_50rep_mpc_fgs,1.0,,1.0,10.0,,not applicable (score based)
earthquake,Earthquake (5),FGS,33,,2058.0,2.0,0.5,2.0,0.5,2.0,2.0,2.0,0.5,0.5,0.5,2.0,1.0,3.0,0.5,0.75,0.25,,,,,,,,,,,,,,,,0.0,0.1615328788757324,,paper_bnlearn_alpha001_nowrong_noweight_50rep_mpc_fgs,results/paper_aaai2027/frozen/results/estimated_graphs/paper_bnlearn_alpha001_nowrong_noweight_50rep_mpc_fgs/earthquake/FGS/run_0032_seed_2058.npz,,paper_bnlearn_alpha001_nowrong_noweight_50rep_mpc_fgs,1.0,,1.0,5.0,,not applicable (score based)
earthquake,Earthquake (5),FGS,34,,2059.0,2.0,0.5,2.0,0.5,2.0,2.0,2.0,0.5,0.5,0.5,2.0,1.0,3.0,0.5,0.75,0.25,,,,,,,,,,,,,,,,0.0,0.1654150485992431,,paper_bnlearn_alpha001_nowrong_noweight_50rep_mpc_fgs,results/paper_aaai2027/frozen/results/estimated_graphs/paper_bnlearn_alpha001_nowrong_noweight_50rep_mpc_fgs/earthquake/FGS/run_0033_seed_2059.npz,,paper_bnlearn_alpha001_nowrong_noweight_50rep_mpc_fgs,1.0,,1.0,5.0,,not applicable (score based)
earthquake,Earthquake (5),FGS,35,,2060.0,3.0,0.4444,3.0,0.4444,3.0,3.0,3.0,0.4444,0.4444,0.4444,3.0,2.0,4.0,0.44443,0.6667,0.2222,,,,,,,,,,,,,,,,0.0,0.1675784587860107,,paper_bnlearn_alpha001_nowrong_noweight_50rep_mpc_fgs,results/paper_aaai2027/frozen/results/estimated_graphs/paper_bnlearn_alpha001_nowrong_noweight_50rep_mpc_fgs/earthquake/FGS/run_0034_seed_2060.npz,,paper_bnlearn_alpha001_nowrong_noweight_50rep_mpc_fgs,1.0,,1.0,10.0,,not applicable (score based)
earthquake,Earthquake (5),FGS,36,,2061.0,2.0,0.5,2.0,0.5,2.0,2.0,2.0,0.5,0.5,0.5,2.0,1.0,3.0,0.5,0.75,0.25,,,,,,,,,,,,,,,,0.0,0.180518627166748,,paper_bnlearn_alpha001_nowrong_noweight_50rep_mpc_fgs,results/paper_aaai2027/frozen/results/estimated_graphs/paper_bnlearn_alpha001_nowrong_noweight_50rep_mpc_fgs/earthquake/FGS/run_0035_seed_2061.npz,,paper_bnlearn_alpha001_nowrong_noweight_50rep_mpc_fgs,1.0,,1.0,5.0,,not applicable (score based)
earthquake,Earthquake (5),FGS,37,,2062.0,2.0,0.5,2.0,0.5,2.0,2.0,2.0,0.5,0.5,0.5,2.0,1.0,3.0,0.5,0.75,0.25,,,,,,,,,,,,,,,,0.0,0.1662478446960449,,paper_bnlearn_alpha001_nowrong_noweight_50rep_mpc_fgs,results/paper_aaai2027/frozen/results/estimated_graphs/paper_bnlearn_alpha001_nowrong_noweight_50rep_mpc_fgs/earthquake/FGS/run_0036_seed_2062.npz,,paper_bnlearn_alpha001_nowrong_noweight_50rep_mpc_fgs,1.0,,1.0,5.0,,not applicable (score based)
earthquake,Earthquake (5),FGS,38,,2063.0,3.0,0.4444,3.0,0.4444,3.0,3.0,3.0,0.4444,0.4444,0.4444,3.0,2.0,4.0,0.44443,0.6667,0.2222,,,,,,,,,,,,,,,,0.0,0.1776788234710693,,paper_bnlearn_alpha001_nowrong_noweight_50rep_mpc_fgs,results/paper_aaai2027/frozen/results/estimated_graphs/paper_bnlearn_alpha001_nowrong_noweight_50rep_mpc_fgs/earthquake/FGS/run_0037_seed_2063.npz,,paper_bnlearn_alpha001_nowrong_noweight_50rep_mpc_fgs,1.0,,1.0,10.0,,not applicable (score based)
earthquake,Earthquake (5),FGS,39,,2064.0,2.0,0.5,2.0,0.5,2.0,2.0,2.0,0.5,0.5,0.5,2.0,1.0,3.0,0.5,0.75,0.25,,,,,,,,,,,,,,,,0.0,0.15794038772583,,paper_bnlearn_alpha001_nowrong_noweight_50rep_mpc_fgs,results/paper_aaai2027/frozen/results/estimated_graphs/paper_bnlearn_alpha001_nowrong_noweight_50rep_mpc_fgs/earthquake/FGS/run_0038_seed_2064.npz,,paper_bnlearn_alpha001_nowrong_noweight_50rep_mpc_fgs,1.0,,1.0,5.0,,not applicable (score based)
earthquake,Earthquake (5),FGS,40,,2065.0,2.0,0.5,2.0,0.5,2.0,2.0,2.0,0.5,0.5,0.5,2.0,1.0,3.0,0.5,0.75,0.25,,,,,,,,,,,,,,,,0.0,0.1606297492980957,,paper_bnlearn_alpha001_nowrong_noweight_50rep_mpc_fgs,results/paper_aaai2027/frozen/results/estimated_graphs/paper_bnlearn_alpha001_nowrong_noweight_50rep_mpc_fgs/earthquake/FGS/run_0039_seed_2065.npz,,paper_bnlearn_alpha001_nowrong_noweight_50rep_mpc_fgs,1.0,,1.0,5.0,,not applicable (score based)
earthquake,Earthquake (5),FGS,41,,2066.0,2.0,0.5,2.0,0.5,2.0,2.0,2.0,0.5,0.5,0.5,2.0,1.0,3.0,0.5,0.75,0.25,,,,,,,,,,,,,,,,0.0,0.1549432277679443,,paper_bnlearn_alpha001_nowrong_noweight_50rep_mpc_fgs,results/paper_aaai2027/frozen/results/estimated_graphs/paper_bnlearn_alpha001_nowrong_noweight_50rep_mpc_fgs/earthquake/FGS/run_0040_seed_2066.npz,,paper_bnlearn_alpha001_nowrong_noweight_50rep_mpc_fgs,1.0,,1.0,5.0,,not applicable (score based)
earthquake,Earthquake (5),FGS,42,,2067.0,2.0,0.5,2.0,0.5,2.0,2.0,2.0,0.5,0.5,0.5,2.0,1.0,3.0,0.5,0.75,0.25,,,,,,,,,,,,,,,,0.0,0.1825358867645263,,paper_bnlearn_alpha001_nowrong_noweight_50rep_mpc_fgs,results/paper_aaai2027/frozen/results/estimated_graphs/paper_bnlearn_alpha001_nowrong_noweight_50rep_mpc_fgs/earthquake/FGS/run_0041_seed_2067.npz,,paper_bnlearn_alpha001_nowrong_noweight_50rep_mpc_fgs,1.0,,1.0,5.0,,not applicable (score based)
earthquake,Earthquake (5),FGS,43,,2068.0,2.0,0.5,2.0,0.5,2.0,2.0,2.0,0.5,0.5,0.5,2.0,1.0,3.0,0.5,0.75,0.25,,,,,,,,,,,,,,,,0.0,0.1268529891967773,,paper_bnlearn_alpha001_nowrong_noweight_50rep_mpc_fgs,results/paper_aaai2027/frozen/results/estimated_graphs/paper_bnlearn_alpha001_nowrong_noweight_50rep_mpc_fgs/earthquake/FGS/run_0042_seed_2068.npz,,paper_bnlearn_alpha001_nowrong_noweight_50rep_mpc_fgs,1.0,,1.0,5.0,,not applicable (score based)
earthquake,Earthquake (5),FGS,44,,2069.0,4.0,0.4,4.0,0.4,4.0,4.0,4.0,0.4,0.4,0.4,3.8461538461538463,2.0,5.0,0.43076923076923074,0.8,0.2,,,,,,,,,,,,,,,,0.0,0.1322894096374511,,paper_bnlearn_alpha001_nowrong_noweight_50rep_mpc_fgs,results/paper_aaai2027/frozen/results/estimated_graphs/paper_bnlearn_alpha001_nowrong_noweight_50rep_mpc_fgs/earthquake/FGS/run_0043_seed_2069.npz,,paper_bnlearn_alpha001_nowrong_noweight_50rep_mpc_fgs,1.0,,1.0,13.0,,not applicable (score based)
earthquake,Earthquake (5),FGS,45,,2070.0,4.0,0.4,4.0,0.4,4.0,4.0,4.0,0.4,0.4,0.4,3.8461538461538463,2.0,5.0,0.43076923076923074,0.8,0.2,,,,,,,,,,,,,,,,0.0,0.1607477664947509,,paper_bnlearn_alpha001_nowrong_noweight_50rep_mpc_fgs,results/paper_aaai2027/frozen/results/estimated_graphs/paper_bnlearn_alpha001_nowrong_noweight_50rep_mpc_fgs/earthquake/FGS/run_0044_seed_2070.npz,,paper_bnlearn_alpha001_nowrong_noweight_50rep_mpc_fgs,1.0,,1.0,13.0,,not applicable (score based)
earthquake,Earthquake (5),FGS,46,,2071.0,3.0,0.4444,3.0,0.4444,3.0,3.0,3.0,0.4444,0.4444,0.4444,3.0,2.0,4.0,0.44443,0.6667,0.2222,,,,,,,,,,,,,,,,0.0,0.1774966716766357,,paper_bnlearn_alpha001_nowrong_noweight_50rep_mpc_fgs,results/paper_aaai2027/frozen/results/estimated_graphs/paper_bnlearn_alpha001_nowrong_noweight_50rep_mpc_fgs/earthquake/FGS/run_0045_seed_2071.npz,,paper_bnlearn_alpha001_nowrong_noweight_50rep_mpc_fgs,1.0,,1.0,10.0,,not applicable (score based)
earthquake,Earthquake (5),FGS,47,,2072.0,2.0,0.5,2.0,0.5,2.0,2.0,2.0,0.5,0.5,0.5,2.0,1.0,3.0,0.5,0.75,0.25,,,,,,,,,,,,,,,,0.0,0.1887617111206054,,paper_bnlearn_alpha001_nowrong_noweight_50rep_mpc_fgs,results/paper_aaai2027/frozen/results/estimated_graphs/paper_bnlearn_alpha001_nowrong_noweight_50rep_mpc_fgs/earthquake/FGS/run_0046_seed_2072.npz,,paper_bnlearn_alpha001_nowrong_noweight_50rep_mpc_fgs,1.0,,1.0,5.0,,not applicable (score based)
earthquake,Earthquake (5),FGS,48,,2073.0,2.0,0.5,2.0,0.5,2.0,2.0,2.0,0.5,0.5,0.5,2.0,1.0,3.0,0.5,0.75,0.25,,,,,,,,,,,,,,,,0.0,0.1679117679595947,,paper_bnlearn_alpha001_nowrong_noweight_50rep_mpc_fgs,results/paper_aaai2027/frozen/results/estimated_graphs/paper_bnlearn_alpha001_nowrong_noweight_50rep_mpc_fgs/earthquake/FGS/run_0047_seed_2073.npz,,paper_bnlearn_alpha001_nowrong_noweight_50rep_mpc_fgs,1.0,,1.0,5.0,,not applicable (score based)
earthquake,Earthquake (5),FGS,49,,2074.0,4.0,0.4,4.0,0.4,4.0,4.0,4.0,0.4,0.4,0.4,3.8461538461538463,2.0,5.0,0.43076923076923074,0.8,0.2,,,,,,,,,,,,,,,,0.0,0.1688282489776611,,paper_bnlearn_alpha001_nowrong_noweight_50rep_mpc_fgs,results/paper_aaai2027/frozen/results/estimated_graphs/paper_bnlearn_alpha001_nowrong_noweight_50rep_mpc_fgs/earthquake/FGS/run_0048_seed_2074.npz,,paper_bnlearn_alpha001_nowrong_noweight_50rep_mpc_fgs,1.0,,1.0,13.0,,not applicable (score based)
earthquake,Earthquake (5),FGS,50,,2075.0,2.0,0.5,2.0,0.5,2.0,2.0,2.0,0.5,0.5,0.5,2.0,1.0,3.0,0.5,0.75,0.25,,,,,,,,,,,,,,,,0.0,0.1694564819335937,,paper_bnlearn_alpha001_nowrong_noweight_50rep_mpc_fgs,results/paper_aaai2027/frozen/results/estimated_graphs/paper_bnlearn_alpha001_nowrong_noweight_50rep_mpc_fgs/earthquake/FGS/run_0049_seed_2075.npz,,paper_bnlearn_alpha001_nowrong_noweight_50rep_mpc_fgs,1.0,,1.0,5.0,,not applicable (score based)
earthquake,Earthquake (5),ASPCR-DAG,1,,2026.0,3.0,0.4444,1.0,0.8889,3.0,3.0,3.0,0.4444,0.4444,0.4444,1.0,1.0,1.0,0.8889,0.8889,0.8889,0.0,0.0,,,,,,,,,,,,,,,12.7766027450562,,paper_aspcr_dag_alpha001_n5000_50rep,results/paper_aaai2027/frozen/results/estimated_graphs/paper_aspcr_dag_alpha001_n5000_50rep/earthquake/ASPCR-DAG-log/run_0000_seed_2026.npz,results/paper_aaai2027/frozen/results/aspcr_matched/paper_aspcr_dag_alpha001_n5000_50rep/results/aspcr_log-weights_dag_sufficient_earthquake_2026_constraints.csv,paper_aspcr_dag_alpha001_n5000_50rep,,,1.0,1.0,corrected_dag_complete,complete native ASPCR CI trace
earthquake,Earthquake (5),ASPCR-DAG,2,,2027.0,0.0,1.0,0.0,1.0,0.0,0.0,0.0,1.0,1.0,1.0,0.0,0.0,0.0,1.0,1.0,1.0,1.0,1.0,,,,,,,,,,,,,,,12.6122801303864,,paper_aspcr_dag_alpha001_n5000_50rep,results/paper_aaai2027/frozen/results/estimated_graphs/paper_aspcr_dag_alpha001_n5000_50rep/earthquake/ASPCR-DAG-log/run_0001_seed_2027.npz,results/paper_aaai2027/frozen/results/aspcr_matched/paper_aspcr_dag_alpha001_n5000_50rep/results/aspcr_log-weights_dag_sufficient_earthquake_2027_constraints.csv,paper_aspcr_dag_alpha001_n5000_50rep,,,1.0,1.0,corrected_dag_complete,complete native ASPCR CI trace
earthquake,Earthquake (5),ASPCR-DAG,3,,2028.0,0.0,1.0,0.0,1.0,0.0,0.0,0.0,1.0,1.0,1.0,0.0,0.0,0.0,1.0,1.0,1.0,0.0,0.0,,,,,,,,,,,,,,,12.6049649715424,,paper_aspcr_dag_alpha001_n5000_50rep,results/paper_aaai2027/frozen/results/estimated_graphs/paper_aspcr_dag_alpha001_n5000_50rep/earthquake/ASPCR-DAG-log/run_0002_seed_2028.npz,results/paper_aaai2027/frozen/results/aspcr_matched/paper_aspcr_dag_alpha001_n5000_50rep/results/aspcr_log-weights_dag_sufficient_earthquake_2028_constraints.csv,paper_aspcr_dag_alpha001_n5000_50rep,,,1.0,1.0,corrected_dag_complete,complete native ASPCR CI trace
earthquake,Earthquake (5),ASPCR-DAG,4,,2029.0,1.0,0.8889,1.0,0.8889,1.0,1.0,1.0,0.8889,0.8889,0.8889,1.0,1.0,1.0,0.8889,0.8889,0.8889,0.0,0.0,,,,,,,,,,,,,,,12.7226798534393,,paper_aspcr_dag_alpha001_n5000_50rep,results/paper_aaai2027/frozen/results/estimated_graphs/paper_aspcr_dag_alpha001_n5000_50rep/earthquake/ASPCR-DAG-log/run_0003_seed_2029.npz,results/paper_aaai2027/frozen/results/aspcr_matched/paper_aspcr_dag_alpha001_n5000_50rep/results/aspcr_log-weights_dag_sufficient_earthquake_2029_constraints.csv,paper_aspcr_dag_alpha001_n5000_50rep,,,1.0,1.0,corrected_dag_complete,complete native ASPCR CI trace
earthquake,Earthquake (5),ASPCR-DAG,5,,2030.0,1.0,0.8889,1.0,0.8889,1.0,1.0,1.0,0.8889,0.8889,0.8889,1.0,1.0,1.0,0.8889,0.8889,0.8889,1.0,1.0,,,,,,,,,,,,,,,12.6277129650116,,paper_aspcr_dag_alpha001_n5000_50rep,results/paper_aaai2027/frozen/results/estimated_graphs/paper_aspcr_dag_alpha001_n5000_50rep/earthquake/ASPCR-DAG-log/run_0004_seed_2030.npz,results/paper_aaai2027/frozen/results/aspcr_matched/paper_aspcr_dag_alpha001_n5000_50rep/results/aspcr_log-weights_dag_sufficient_earthquake_2030_constraints.csv,paper_aspcr_dag_alpha001_n5000_50rep,,,1.0,1.0,corrected_dag_complete,complete native ASPCR CI trace
earthquake,Earthquake (5),ASPCR-DAG,6,,2031.0,0.0,1.0,0.0,1.0,0.0,0.0,0.0,1.0,1.0,1.0,0.0,0.0,0.0,1.0,1.0,1.0,1.0,1.0,,,,,,,,,,,,,,,12.6026244163513,,paper_aspcr_dag_alpha001_n5000_50rep,results/paper_aaai2027/frozen/results/estimated_graphs/paper_aspcr_dag_alpha001_n5000_50rep/earthquake/ASPCR-DAG-log/run_0005_seed_2031.npz,results/paper_aaai2027/frozen/results/aspcr_matched/paper_aspcr_dag_alpha001_n5000_50rep/results/aspcr_log-weights_dag_sufficient_earthquake_2031_constraints.csv,paper_aspcr_dag_alpha001_n5000_50rep,,,1.0,1.0,corrected_dag_complete,complete native ASPCR CI trace
earthquake,Earthquake (5),ASPCR-DAG,7,,2032.0,1.0,0.8889,1.0,0.8889,1.0,1.0,1.0,0.8889,0.8889,0.8889,1.0,1.0,1.0,0.8889,0.8889,0.8889,1.0,1.0,,,,,,,,,,,,,,,12.6001944541931,,paper_aspcr_dag_alpha001_n5000_50rep,results/paper_aaai2027/frozen/results/estimated_graphs/paper_aspcr_dag_alpha001_n5000_50rep/earthquake/ASPCR-DAG-log/run_0006_seed_2032.npz,results/paper_aaai2027/frozen/results/aspcr_matched/paper_aspcr_dag_alpha001_n5000_50rep/results/aspcr_log-weights_dag_sufficient_earthquake_2032_constraints.csv,paper_aspcr_dag_alpha001_n5000_50rep,,,1.0,1.0,corrected_dag_complete,complete native ASPCR CI trace
earthquake,Earthquake (5),ASPCR-DAG,8,,2033.0,2.0,0.8,2.0,0.8,2.0,2.0,2.0,0.8,0.8,0.8,2.0,2.0,2.0,0.8,0.8,0.8,0.0,0.0,,,,,,,,,,,,,,,12.6397368907928,,paper_aspcr_dag_alpha001_n5000_50rep,results/paper_aaai2027/frozen/results/estimated_graphs/paper_aspcr_dag_alpha001_n5000_50rep/earthquake/ASPCR-DAG-log/run_0007_seed_2033.npz,results/paper_aaai2027/frozen/results/aspcr_matched/paper_aspcr_dag_alpha001_n5000_50rep/results/aspcr_log-weights_dag_sufficient_earthquake_2033_constraints.csv,paper_aspcr_dag_alpha001_n5000_50rep,,,1.0,1.0,corrected_dag_complete,complete native ASPCR CI trace
earthquake,Earthquake (5),ASPCR-DAG,9,,2034.0,1.0,0.8889,1.0,0.8889,1.0,1.0,1.0,0.8889,0.8889,0.8889,1.0,1.0,1.0,0.8889,0.8889,0.8889,0.0,0.0,,,,,,,,,,,,,,,12.6153976917267,,paper_aspcr_dag_alpha001_n5000_50rep,results/paper_aaai2027/frozen/results/estimated_graphs/paper_aspcr_dag_alpha001_n5000_50rep/earthquake/ASPCR-DAG-log/run_0008_seed_2034.npz,results/paper_aaai2027/frozen/results/aspcr_matched/paper_aspcr_dag_alpha001_n5000_50rep/results/aspcr_log-weights_dag_sufficient_earthquake_2034_constraints.csv,paper_aspcr_dag_alpha001_n5000_50rep,,,1.0,1.0,corrected_dag_complete,complete native ASPCR CI trace
earthquake,Earthquake (5),ASPCR-DAG,10,,2035.0,1.0,0.8889,1.0,0.8889,1.0,1.0,1.0,0.8889,0.8889,0.8889,1.0,1.0,1.0,0.8889,0.8889,0.8889,1.0,1.0,,,,,,,,,,,,,,,12.7194085121155,,paper_aspcr_dag_alpha001_n5000_50rep,results/paper_aaai2027/frozen/results/estimated_graphs/paper_aspcr_dag_alpha001_n5000_50rep/earthquake/ASPCR-DAG-log/run_0009_seed_2035.npz,results/paper_aaai2027/frozen/results/aspcr_matched/paper_aspcr_dag_alpha001_n5000_50rep/results/aspcr_log-weights_dag_sufficient_earthquake_2035_constraints.csv,paper_aspcr_dag_alpha001_n5000_50rep,,,1.0,1.0,corrected_dag_complete,complete native ASPCR CI trace
earthquake,Earthquake (5),ASPCR-DAG,11,,2036.0,1.0,0.8889,1.0,0.8889,1.0,1.0,1.0,0.8889,0.8889,0.8889,1.0,1.0,1.0,0.8889,0.8889,0.8889,1.0,1.0,,,,,,,,,,,,,,,12.6449992656708,,paper_aspcr_dag_alpha001_n5000_50rep,results/paper_aaai2027/frozen/results/estimated_graphs/paper_aspcr_dag_alpha001_n5000_50rep/earthquake/ASPCR-DAG-log/run_0010_seed_2036.npz,results/paper_aaai2027/frozen/results/aspcr_matched/paper_aspcr_dag_alpha001_n5000_50rep/results/aspcr_log-weights_dag_sufficient_earthquake_2036_constraints.csv,paper_aspcr_dag_alpha001_n5000_50rep,,,1.0,1.0,corrected_dag_complete,complete native ASPCR CI trace
earthquake,Earthquake (5),ASPCR-DAG,12,,2037.0,1.0,0.8889,1.0,0.8889,1.0,1.0,1.0,0.8889,0.8889,0.8889,1.0,1.0,1.0,0.8889,0.8889,0.8889,1.0,1.0,,,,,,,,,,,,,,,12.8532214164734,,paper_aspcr_dag_alpha001_n5000_50rep,results/paper_aaai2027/frozen/results/estimated_graphs/paper_aspcr_dag_alpha001_n5000_50rep/earthquake/ASPCR-DAG-log/run_0011_seed_2037.npz,results/paper_aaai2027/frozen/results/aspcr_matched/paper_aspcr_dag_alpha001_n5000_50rep/results/aspcr_log-weights_dag_sufficient_earthquake_2037_constraints.csv,paper_aspcr_dag_alpha001_n5000_50rep,,,1.0,1.0,corrected_dag_complete,complete native ASPCR CI trace
earthquake,Earthquake (5),ASPCR-DAG,13,,2038.0,0.0,1.0,0.0,1.0,0.0,0.0,0.0,1.0,1.0,1.0,0.0,0.0,0.0,1.0,1.0,1.0,1.0,1.0,,,,,,,,,,,,,,,12.8217616081238,,paper_aspcr_dag_alpha001_n5000_50rep,results/paper_aaai2027/frozen/results/estimated_graphs/paper_aspcr_dag_alpha001_n5000_50rep/earthquake/ASPCR-DAG-log/run_0012_seed_2038.npz,results/paper_aaai2027/frozen/results/aspcr_matched/paper_aspcr_dag_alpha001_n5000_50rep/results/aspcr_log-weights_dag_sufficient_earthquake_2038_constraints.csv,paper_aspcr_dag_alpha001_n5000_50rep,,,1.0,1.0,corrected_dag_complete,complete native ASPCR CI trace
earthquake,Earthquake (5),ASPCR-DAG,14,,2039.0,1.0,0.8889,1.0,0.8889,1.0,1.0,1.0,0.8889,0.8889,0.8889,1.0,1.0,1.0,0.8889,0.8889,0.8889,1.0,1.0,,,,,,,,,,,,,,,12.7652432918549,,paper_aspcr_dag_alpha001_n5000_50rep,results/paper_aaai2027/frozen/results/estimated_graphs/paper_aspcr_dag_alpha001_n5000_50rep/earthquake/ASPCR-DAG-log/run_0013_seed_2039.npz,results/paper_aaai2027/frozen/results/aspcr_matched/paper_aspcr_dag_alpha001_n5000_50rep/results/aspcr_log-weights_dag_sufficient_earthquake_2039_constraints.csv,paper_aspcr_dag_alpha001_n5000_50rep,,,1.0,1.0,corrected_dag_complete,complete native ASPCR CI trace
earthquake,Earthquake (5),ASPCR-DAG,15,,2040.0,1.0,0.8889,1.0,0.8889,1.0,1.0,1.0,0.8889,0.8889,0.8889,1.0,1.0,1.0,0.8889,0.8889,0.8889,0.0,0.0,,,,,,,,,,,,,,,12.6788816452026,,paper_aspcr_dag_alpha001_n5000_50rep,results/paper_aaai2027/frozen/results/estimated_graphs/paper_aspcr_dag_alpha001_n5000_50rep/earthquake/ASPCR-DAG-log/run_0014_seed_2040.npz,results/paper_aaai2027/frozen/results/aspcr_matched/paper_aspcr_dag_alpha001_n5000_50rep/results/aspcr_log-weights_dag_sufficient_earthquake_2040_constraints.csv,paper_aspcr_dag_alpha001_n5000_50rep,,,1.0,1.0,corrected_dag_complete,complete native ASPCR CI trace
earthquake,Earthquake (5),ASPCR-DAG,16,,2041.0,1.0,0.8889,1.0,0.8889,1.0,1.0,1.0,0.8889,0.8889,0.8889,1.0,1.0,1.0,0.8889,0.8889,0.8889,0.0,0.0,,,,,,,,,,,,,,,12.8029046058655,,paper_aspcr_dag_alpha001_n5000_50rep,results/paper_aaai2027/frozen/results/estimated_graphs/paper_aspcr_dag_alpha001_n5000_50rep/earthquake/ASPCR-DAG-log/run_0015_seed_2041.npz,results/paper_aaai2027/frozen/results/aspcr_matched/paper_aspcr_dag_alpha001_n5000_50rep/results/aspcr_log-weights_dag_sufficient_earthquake_2041_constraints.csv,paper_aspcr_dag_alpha001_n5000_50rep,,,1.0,1.0,corrected_dag_complete,complete native ASPCR CI trace
earthquake,Earthquake (5),ASPCR-DAG,17,,2042.0,1.0,0.8889,1.0,0.8889,1.0,1.0,1.0,0.8889,0.8889,0.8889,1.0,1.0,1.0,0.8889,0.8889,0.8889,1.0,1.0,,,,,,,,,,,,,,,12.6637091636658,,paper_aspcr_dag_alpha001_n5000_50rep,results/paper_aaai2027/frozen/results/estimated_graphs/paper_aspcr_dag_alpha001_n5000_50rep/earthquake/ASPCR-DAG-log/run_0016_seed_2042.npz,results/paper_aaai2027/frozen/results/aspcr_matched/paper_aspcr_dag_alpha001_n5000_50rep/results/aspcr_log-weights_dag_sufficient_earthquake_2042_constraints.csv,paper_aspcr_dag_alpha001_n5000_50rep,,,1.0,1.0,corrected_dag_complete,complete native ASPCR CI trace
earthquake,Earthquake (5),ASPCR-DAG,18,,2043.0,1.0,0.8889,1.0,0.8889,1.0,1.0,1.0,0.8889,0.8889,0.8889,1.0,1.0,1.0,0.8889,0.8889,0.8889,0.0,0.0,,,,,,,,,,,,,,,12.6034979820251,,paper_aspcr_dag_alpha001_n5000_50rep,results/paper_aaai2027/frozen/results/estimated_graphs/paper_aspcr_dag_alpha001_n5000_50rep/earthquake/ASPCR-DAG-log/run_0017_seed_2043.npz,results/paper_aaai2027/frozen/results/aspcr_matched/paper_aspcr_dag_alpha001_n5000_50rep/results/aspcr_log-weights_dag_sufficient_earthquake_2043_constraints.csv,paper_aspcr_dag_alpha001_n5000_50rep,,,1.0,1.0,corrected_dag_complete,complete native ASPCR CI trace
earthquake,Earthquake (5),ASPCR-DAG,19,,2044.0,1.0,0.8889,1.0,0.8889,1.0,1.0,1.0,0.8889,0.8889,0.8889,1.0,1.0,1.0,0.8889,0.8889,0.8889,0.0,0.0,,,,,,,,,,,,,,,12.7604477405548,,paper_aspcr_dag_alpha001_n5000_50rep,results/paper_aaai2027/frozen/results/estimated_graphs/paper_aspcr_dag_alpha001_n5000_50rep/earthquake/ASPCR-DAG-log/run_0018_seed_2044.npz,results/paper_aaai2027/frozen/results/aspcr_matched/paper_aspcr_dag_alpha001_n5000_50rep/results/aspcr_log-weights_dag_sufficient_earthquake_2044_constraints.csv,paper_aspcr_dag_alpha001_n5000_50rep,,,1.0,1.0,corrected_dag_complete,complete native ASPCR CI trace
earthquake,Earthquake (5),ASPCR-DAG,20,,2045.0,1.0,0.8889,1.0,0.8889,1.0,1.0,1.0,0.8889,0.8889,0.8889,1.0,1.0,1.0,0.8889,0.8889,0.8889,1.0,1.0,,,,,,,,,,,,,,,12.6274774074554,,paper_aspcr_dag_alpha001_n5000_50rep,results/paper_aaai2027/frozen/results/estimated_graphs/paper_aspcr_dag_alpha001_n5000_50rep/earthquake/ASPCR-DAG-log/run_0019_seed_2045.npz,results/paper_aaai2027/frozen/results/aspcr_matched/paper_aspcr_dag_alpha001_n5000_50rep/results/aspcr_log-weights_dag_sufficient_earthquake_2045_constraints.csv,paper_aspcr_dag_alpha001_n5000_50rep,,,1.0,1.0,corrected_dag_complete,complete native ASPCR CI trace
earthquake,Earthquake (5),ASPCR-DAG,21,,2046.0,0.0,1.0,0.0,1.0,0.0,0.0,0.0,1.0,1.0,1.0,0.0,0.0,0.0,1.0,1.0,1.0,1.0,1.0,,,,,,,,,,,,,,,12.7298178672791,,paper_aspcr_dag_alpha001_n5000_50rep,results/paper_aaai2027/frozen/results/estimated_graphs/paper_aspcr_dag_alpha001_n5000_50rep/earthquake/ASPCR-DAG-log/run_0020_seed_2046.npz,results/paper_aaai2027/frozen/results/aspcr_matched/paper_aspcr_dag_alpha001_n5000_50rep/results/aspcr_log-weights_dag_sufficient_earthquake_2046_constraints.csv,paper_aspcr_dag_alpha001_n5000_50rep,,,1.0,1.0,corrected_dag_complete,complete native ASPCR CI trace
earthquake,Earthquake (5),ASPCR-DAG,22,,2047.0,1.0,0.8889,1.0,0.8889,1.0,1.0,1.0,0.8889,0.8889,0.8889,1.0,1.0,1.0,0.8889,0.8889,0.8889,0.0,0.0,,,,,,,,,,,,,,,12.6153144836426,,paper_aspcr_dag_alpha001_n5000_50rep,results/paper_aaai2027/frozen/results/estimated_graphs/paper_aspcr_dag_alpha001_n5000_50rep/earthquake/ASPCR-DAG-log/run_0021_seed_2047.npz,results/paper_aaai2027/frozen/results/aspcr_matched/paper_aspcr_dag_alpha001_n5000_50rep/results/aspcr_log-weights_dag_sufficient_earthquake_2047_constraints.csv,paper_aspcr_dag_alpha001_n5000_50rep,,,1.0,1.0,corrected_dag_complete,complete native ASPCR CI trace
earthquake,Earthquake (5),ASPCR-DAG,23,,2048.0,4.0,0.4,5.0,0.2,4.0,4.0,4.0,0.4,0.4,0.4,5.0,5.0,5.0,0.2,0.2,0.2,0.0,0.0,,,,,,,,,,,,,,,12.6389906406403,,paper_aspcr_dag_alpha001_n5000_50rep,results/paper_aaai2027/frozen/results/estimated_graphs/paper_aspcr_dag_alpha001_n5000_50rep/earthquake/ASPCR-DAG-log/run_0022_seed_2048.npz,results/paper_aaai2027/frozen/results/aspcr_matched/paper_aspcr_dag_alpha001_n5000_50rep/results/aspcr_log-weights_dag_sufficient_earthquake_2048_constraints.csv,paper_aspcr_dag_alpha001_n5000_50rep,,,1.0,1.0,corrected_dag_complete,complete native ASPCR CI trace
earthquake,Earthquake (5),ASPCR-DAG,24,,2049.0,1.0,0.8889,1.0,0.8889,1.0,1.0,1.0,0.8889,0.8889,0.8889,1.0,1.0,1.0,0.8889,0.8889,0.8889,0.0,0.0,,,,,,,,,,,,,,,12.6371750831604,,paper_aspcr_dag_alpha001_n5000_50rep,results/paper_aaai2027/frozen/results/estimated_graphs/paper_aspcr_dag_alpha001_n5000_50rep/earthquake/ASPCR-DAG-log/run_0023_seed_2049.npz,results/paper_aaai2027/frozen/results/aspcr_matched/paper_aspcr_dag_alpha001_n5000_50rep/results/aspcr_log-weights_dag_sufficient_earthquake_2049_constraints.csv,paper_aspcr_dag_alpha001_n5000_50rep,,,1.0,1.0,corrected_dag_complete,complete native ASPCR CI trace
earthquake,Earthquake (5),ASPCR-DAG,25,,2050.0,2.0,0.8,2.0,0.8,2.0,2.0,2.0,0.8,0.8,0.8,2.0,2.0,2.0,0.8,0.8,0.8,0.0,0.0,,,,,,,,,,,,,,,12.8421647548676,,paper_aspcr_dag_alpha001_n5000_50rep,results/paper_aaai2027/frozen/results/estimated_graphs/paper_aspcr_dag_alpha001_n5000_50rep/earthquake/ASPCR-DAG-log/run_0024_seed_2050.npz,results/paper_aaai2027/frozen/results/aspcr_matched/paper_aspcr_dag_alpha001_n5000_50rep/results/aspcr_log-weights_dag_sufficient_earthquake_2050_constraints.csv,paper_aspcr_dag_alpha001_n5000_50rep,,,1.0,1.0,corrected_dag_complete,complete native ASPCR CI trace
earthquake,Earthquake (5),ASPCR-DAG,26,,2051.0,1.0,0.8889,1.0,0.8889,1.0,1.0,1.0,0.8889,0.8889,0.8889,1.0,1.0,1.0,0.8889,0.8889,0.8889,0.0,0.0,,,,,,,,,,,,,,,12.6710026264191,,paper_aspcr_dag_alpha001_n5000_50rep,results/paper_aaai2027/frozen/results/estimated_graphs/paper_aspcr_dag_alpha001_n5000_50rep/earthquake/ASPCR-DAG-log/run_0025_seed_2051.npz,results/paper_aaai2027/frozen/results/aspcr_matched/paper_aspcr_dag_alpha001_n5000_50rep/results/aspcr_log-weights_dag_sufficient_earthquake_2051_constraints.csv,paper_aspcr_dag_alpha001_n5000_50rep,,,1.0,1.0,corrected_dag_complete,complete native ASPCR CI trace
earthquake,Earthquake (5),ASPCR-DAG,27,,2052.0,2.0,0.8,2.0,0.8,2.0,2.0,2.0,0.8,0.8,0.8,2.0,2.0,2.0,0.8,0.8,0.8,1.0,1.0,,,,,,,,,,,,,,,12.7528514862061,,paper_aspcr_dag_alpha001_n5000_50rep,results/paper_aaai2027/frozen/results/estimated_graphs/paper_aspcr_dag_alpha001_n5000_50rep/earthquake/ASPCR-DAG-log/run_0026_seed_2052.npz,results/paper_aaai2027/frozen/results/aspcr_matched/paper_aspcr_dag_alpha001_n5000_50rep/results/aspcr_log-weights_dag_sufficient_earthquake_2052_constraints.csv,paper_aspcr_dag_alpha001_n5000_50rep,,,1.0,1.0,corrected_dag_complete,complete native ASPCR CI trace
earthquake,Earthquake (5),ASPCR-DAG,28,,2053.0,0.0,1.0,0.0,1.0,0.0,0.0,0.0,1.0,1.0,1.0,0.0,0.0,0.0,1.0,1.0,1.0,0.0,0.0,,,,,,,,,,,,,,,12.7911639213562,,paper_aspcr_dag_alpha001_n5000_50rep,results/paper_aaai2027/frozen/results/estimated_graphs/paper_aspcr_dag_alpha001_n5000_50rep/earthquake/ASPCR-DAG-log/run_0027_seed_2053.npz,results/paper_aaai2027/frozen/results/aspcr_matched/paper_aspcr_dag_alpha001_n5000_50rep/results/aspcr_log-weights_dag_sufficient_earthquake_2053_constraints.csv,paper_aspcr_dag_alpha001_n5000_50rep,,,1.0,1.0,corrected_dag_complete,complete native ASPCR CI trace
earthquake,Earthquake (5),ASPCR-DAG,29,,2054.0,1.0,0.8889,1.0,0.8889,1.0,1.0,1.0,0.8889,0.8889,0.8889,1.0,1.0,1.0,0.8889,0.8889,0.8889,0.0,0.0,,,,,,,,,,,,,,,12.646106004715,,paper_aspcr_dag_alpha001_n5000_50rep,results/paper_aaai2027/frozen/results/estimated_graphs/paper_aspcr_dag_alpha001_n5000_50rep/earthquake/ASPCR-DAG-log/run_0028_seed_2054.npz,results/paper_aaai2027/frozen/results/aspcr_matched/paper_aspcr_dag_alpha001_n5000_50rep/results/aspcr_log-weights_dag_sufficient_earthquake_2054_constraints.csv,paper_aspcr_dag_alpha001_n5000_50rep,,,1.0,1.0,corrected_dag_complete,complete native ASPCR CI trace
earthquake,Earthquake (5),ASPCR-DAG,30,,2055.0,0.0,1.0,0.0,1.0,0.0,0.0,0.0,1.0,1.0,1.0,0.0,0.0,0.0,1.0,1.0,1.0,1.0,1.0,,,,,,,,,,,,,,,12.6832745075226,,paper_aspcr_dag_alpha001_n5000_50rep,results/paper_aaai2027/frozen/results/estimated_graphs/paper_aspcr_dag_alpha001_n5000_50rep/earthquake/ASPCR-DAG-log/run_0029_seed_2055.npz,results/paper_aaai2027/frozen/results/aspcr_matched/paper_aspcr_dag_alpha001_n5000_50rep/results/aspcr_log-weights_dag_sufficient_earthquake_2055_constraints.csv,paper_aspcr_dag_alpha001_n5000_50rep,,,1.0,1.0,corrected_dag_complete,complete native ASPCR CI trace
earthquake,Earthquake (5),ASPCR-DAG,31,,2056.0,0.0,1.0,0.0,1.0,0.0,0.0,0.0,1.0,1.0,1.0,0.0,0.0,0.0,1.0,1.0,1.0,0.0,0.0,,,,,,,,,,,,,,,12.632515668869,,paper_aspcr_dag_alpha001_n5000_50rep,results/paper_aaai2027/frozen/results/estimated_graphs/paper_aspcr_dag_alpha001_n5000_50rep/earthquake/ASPCR-DAG-log/run_0030_seed_2056.npz,results/paper_aaai2027/frozen/results/aspcr_matched/paper_aspcr_dag_alpha001_n5000_50rep/results/aspcr_log-weights_dag_sufficient_earthquake_2056_constraints.csv,paper_aspcr_dag_alpha001_n5000_50rep,,,1.0,1.0,corrected_dag_complete,complete native ASPCR CI trace
earthquake,Earthquake (5),ASPCR-DAG,32,,2057.0,1.0,0.8889,1.0,0.8889,1.0,1.0,1.0,0.8889,0.8889,0.8889,1.0,1.0,1.0,0.8889,0.8889,0.8889,1.0,1.0,,,,,,,,,,,,,,,12.6772239208221,,paper_aspcr_dag_alpha001_n5000_50rep,results/paper_aaai2027/frozen/results/estimated_graphs/paper_aspcr_dag_alpha001_n5000_50rep/earthquake/ASPCR-DAG-log/run_0031_seed_2057.npz,results/paper_aaai2027/frozen/results/aspcr_matched/paper_aspcr_dag_alpha001_n5000_50rep/results/aspcr_log-weights_dag_sufficient_earthquake_2057_constraints.csv,paper_aspcr_dag_alpha001_n5000_50rep,,,1.0,1.0,corrected_dag_complete,complete native ASPCR CI trace
earthquake,Earthquake (5),ASPCR-DAG,33,,2058.0,0.0,1.0,0.0,1.0,0.0,0.0,0.0,1.0,1.0,1.0,0.0,0.0,0.0,1.0,1.0,1.0,1.0,1.0,,,,,,,,,,,,,,,12.5997076034546,,paper_aspcr_dag_alpha001_n5000_50rep,results/paper_aaai2027/frozen/results/estimated_graphs/paper_aspcr_dag_alpha001_n5000_50rep/earthquake/ASPCR-DAG-log/run_0032_seed_2058.npz,results/paper_aaai2027/frozen/results/aspcr_matched/paper_aspcr_dag_alpha001_n5000_50rep/results/aspcr_log-weights_dag_sufficient_earthquake_2058_constraints.csv,paper_aspcr_dag_alpha001_n5000_50rep,,,1.0,1.0,corrected_dag_complete,complete native ASPCR CI trace
earthquake,Earthquake (5),ASPCR-DAG,34,,2059.0,0.0,1.0,0.0,1.0,0.0,0.0,0.0,1.0,1.0,1.0,0.0,0.0,0.0,1.0,1.0,1.0,1.0,1.0,,,,,,,,,,,,,,,12.6424045562744,,paper_aspcr_dag_alpha001_n5000_50rep,results/paper_aaai2027/frozen/results/estimated_graphs/paper_aspcr_dag_alpha001_n5000_50rep/earthquake/ASPCR-DAG-log/run_0033_seed_2059.npz,results/paper_aaai2027/frozen/results/aspcr_matched/paper_aspcr_dag_alpha001_n5000_50rep/results/aspcr_log-weights_dag_sufficient_earthquake_2059_constraints.csv,paper_aspcr_dag_alpha001_n5000_50rep,,,1.0,1.0,corrected_dag_complete,complete native ASPCR CI trace
earthquake,Earthquake (5),ASPCR-DAG,35,,2060.0,1.0,0.8889,1.0,0.8889,1.0,1.0,1.0,0.8889,0.8889,0.8889,1.0,1.0,1.0,0.8889,0.8889,0.8889,0.0,0.0,,,,,,,,,,,,,,,12.7488126754761,,paper_aspcr_dag_alpha001_n5000_50rep,results/paper_aaai2027/frozen/results/estimated_graphs/paper_aspcr_dag_alpha001_n5000_50rep/earthquake/ASPCR-DAG-log/run_0034_seed_2060.npz,results/paper_aaai2027/frozen/results/aspcr_matched/paper_aspcr_dag_alpha001_n5000_50rep/results/aspcr_log-weights_dag_sufficient_earthquake_2060_constraints.csv,paper_aspcr_dag_alpha001_n5000_50rep,,,1.0,1.0,corrected_dag_complete,complete native ASPCR CI trace
earthquake,Earthquake (5),ASPCR-DAG,36,,2061.0,1.0,0.8889,1.0,0.8889,1.0,1.0,1.0,0.8889,0.8889,0.8889,1.0,1.0,1.0,0.8889,0.8889,0.8889,0.0,0.0,,,,,,,,,,,,,,,12.8081426620483,,paper_aspcr_dag_alpha001_n5000_50rep,results/paper_aaai2027/frozen/results/estimated_graphs/paper_aspcr_dag_alpha001_n5000_50rep/earthquake/ASPCR-DAG-log/run_0035_seed_2061.npz,results/paper_aaai2027/frozen/results/aspcr_matched/paper_aspcr_dag_alpha001_n5000_50rep/results/aspcr_log-weights_dag_sufficient_earthquake_2061_constraints.csv,paper_aspcr_dag_alpha001_n5000_50rep,,,1.0,1.0,corrected_dag_complete,complete native ASPCR CI trace
earthquake,Earthquake (5),ASPCR-DAG,37,,2062.0,0.0,1.0,0.0,1.0,0.0,0.0,0.0,1.0,1.0,1.0,0.0,0.0,0.0,1.0,1.0,1.0,0.0,0.0,,,,,,,,,,,,,,,12.8341012001038,,paper_aspcr_dag_alpha001_n5000_50rep,results/paper_aaai2027/frozen/results/estimated_graphs/paper_aspcr_dag_alpha001_n5000_50rep/earthquake/ASPCR-DAG-log/run_0036_seed_2062.npz,results/paper_aaai2027/frozen/results/aspcr_matched/paper_aspcr_dag_alpha001_n5000_50rep/results/aspcr_log-weights_dag_sufficient_earthquake_2062_constraints.csv,paper_aspcr_dag_alpha001_n5000_50rep,,,1.0,1.0,corrected_dag_complete,complete native ASPCR CI trace
earthquake,Earthquake (5),ASPCR-DAG,38,,2063.0,1.0,0.8889,1.0,0.8889,1.0,1.0,1.0,0.8889,0.8889,0.8889,1.0,1.0,1.0,0.8889,0.8889,0.8889,1.0,1.0,,,,,,,,,,,,,,,12.7378032207489,,paper_aspcr_dag_alpha001_n5000_50rep,results/paper_aaai2027/frozen/results/estimated_graphs/paper_aspcr_dag_alpha001_n5000_50rep/earthquake/ASPCR-DAG-log/run_0037_seed_2063.npz,results/paper_aaai2027/frozen/results/aspcr_matched/paper_aspcr_dag_alpha001_n5000_50rep/results/aspcr_log-weights_dag_sufficient_earthquake_2063_constraints.csv,paper_aspcr_dag_alpha001_n5000_50rep,,,1.0,1.0,corrected_dag_complete,complete native ASPCR CI trace
earthquake,Earthquake (5),ASPCR-DAG,39,,2064.0,1.0,0.8889,1.0,0.8889,1.0,1.0,1.0,0.8889,0.8889,0.8889,1.0,1.0,1.0,0.8889,0.8889,0.8889,1.0,1.0,,,,,,,,,,,,,,,12.7472987174988,,paper_aspcr_dag_alpha001_n5000_50rep,results/paper_aaai2027/frozen/results/estimated_graphs/paper_aspcr_dag_alpha001_n5000_50rep/earthquake/ASPCR-DAG-log/run_0038_seed_2064.npz,results/paper_aaai2027/frozen/results/aspcr_matched/paper_aspcr_dag_alpha001_n5000_50rep/results/aspcr_log-weights_dag_sufficient_earthquake_2064_constraints.csv,paper_aspcr_dag_alpha001_n5000_50rep,,,1.0,1.0,corrected_dag_complete,complete native ASPCR CI trace
earthquake,Earthquake (5),ASPCR-DAG,40,,2065.0,5.0,0.3636,5.0,0.3636,5.0,5.0,5.0,0.3636,0.3636,0.3636,5.0,5.0,5.0,0.3636,0.3636,0.3636,0.0,0.0,,,,,,,,,,,,,,,12.6404232978821,,paper_aspcr_dag_alpha001_n5000_50rep,results/paper_aaai2027/frozen/results/estimated_graphs/paper_aspcr_dag_alpha001_n5000_50rep/earthquake/ASPCR-DAG-log/run_0039_seed_2065.npz,results/paper_aaai2027/frozen/results/aspcr_matched/paper_aspcr_dag_alpha001_n5000_50rep/results/aspcr_log-weights_dag_sufficient_earthquake_2065_constraints.csv,paper_aspcr_dag_alpha001_n5000_50rep,,,1.0,1.0,corrected_dag_complete,complete native ASPCR CI trace
earthquake,Earthquake (5),ASPCR-DAG,41,,2066.0,0.0,1.0,0.0,1.0,0.0,0.0,0.0,1.0,1.0,1.0,0.0,0.0,0.0,1.0,1.0,1.0,1.0,1.0,,,,,,,,,,,,,,,12.6016988754272,,paper_aspcr_dag_alpha001_n5000_50rep,results/paper_aaai2027/frozen/results/estimated_graphs/paper_aspcr_dag_alpha001_n5000_50rep/earthquake/ASPCR-DAG-log/run_0040_seed_2066.npz,results/paper_aaai2027/frozen/results/aspcr_matched/paper_aspcr_dag_alpha001_n5000_50rep/results/aspcr_log-weights_dag_sufficient_earthquake_2066_constraints.csv,paper_aspcr_dag_alpha001_n5000_50rep,,,1.0,1.0,corrected_dag_complete,complete native ASPCR CI trace
earthquake,Earthquake (5),ASPCR-DAG,42,,2067.0,0.0,1.0,0.0,1.0,0.0,0.0,0.0,1.0,1.0,1.0,0.0,0.0,0.0,1.0,1.0,1.0,0.0,0.0,,,,,,,,,,,,,,,12.8134591579437,,paper_aspcr_dag_alpha001_n5000_50rep,results/paper_aaai2027/frozen/results/estimated_graphs/paper_aspcr_dag_alpha001_n5000_50rep/earthquake/ASPCR-DAG-log/run_0041_seed_2067.npz,results/paper_aaai2027/frozen/results/aspcr_matched/paper_aspcr_dag_alpha001_n5000_50rep/results/aspcr_log-weights_dag_sufficient_earthquake_2067_constraints.csv,paper_aspcr_dag_alpha001_n5000_50rep,,,1.0,1.0,corrected_dag_complete,complete native ASPCR CI trace
earthquake,Earthquake (5),ASPCR-DAG,43,,2068.0,0.0,1.0,0.0,1.0,0.0,0.0,0.0,1.0,1.0,1.0,0.0,0.0,0.0,1.0,1.0,1.0,1.0,1.0,,,,,,,,,,,,,,,12.6015157699585,,paper_aspcr_dag_alpha001_n5000_50rep,results/paper_aaai2027/frozen/results/estimated_graphs/paper_aspcr_dag_alpha001_n5000_50rep/earthquake/ASPCR-DAG-log/run_0042_seed_2068.npz,results/paper_aaai2027/frozen/results/aspcr_matched/paper_aspcr_dag_alpha001_n5000_50rep/results/aspcr_log-weights_dag_sufficient_earthquake_2068_constraints.csv,paper_aspcr_dag_alpha001_n5000_50rep,,,1.0,1.0,corrected_dag_complete,complete native ASPCR CI trace
earthquake,Earthquake (5),ASPCR-DAG,44,,2069.0,4.0,0.4,5.0,0.2,4.0,4.0,4.0,0.4,0.4,0.4,5.0,5.0,5.0,0.2,0.2,0.2,0.0,0.0,,,,,,,,,,,,,,,12.6476209163666,,paper_aspcr_dag_alpha001_n5000_50rep,results/paper_aaai2027/frozen/results/estimated_graphs/paper_aspcr_dag_alpha001_n5000_50rep/earthquake/ASPCR-DAG-log/run_0043_seed_2069.npz,results/paper_aaai2027/frozen/results/aspcr_matched/paper_aspcr_dag_alpha001_n5000_50rep/results/aspcr_log-weights_dag_sufficient_earthquake_2069_constraints.csv,paper_aspcr_dag_alpha001_n5000_50rep,,,1.0,1.0,corrected_dag_complete,complete native ASPCR CI trace
earthquake,Earthquake (5),ASPCR-DAG,45,,2070.0,4.0,0.4,3.0,0.6,4.0,4.0,4.0,0.4,0.4,0.4,3.0,3.0,3.0,0.6,0.6,0.6,0.0,0.0,,,,,,,,,,,,,,,12.8138403892517,,paper_aspcr_dag_alpha001_n5000_50rep,results/paper_aaai2027/frozen/results/estimated_graphs/paper_aspcr_dag_alpha001_n5000_50rep/earthquake/ASPCR-DAG-log/run_0044_seed_2070.npz,results/paper_aaai2027/frozen/results/aspcr_matched/paper_aspcr_dag_alpha001_n5000_50rep/results/aspcr_log-weights_dag_sufficient_earthquake_2070_constraints.csv,paper_aspcr_dag_alpha001_n5000_50rep,,,1.0,1.0,corrected_dag_complete,complete native ASPCR CI trace
earthquake,Earthquake (5),ASPCR-DAG,46,,2071.0,1.0,0.8889,1.0,0.8889,1.0,1.0,1.0,0.8889,0.8889,0.8889,1.0,1.0,1.0,0.8889,0.8889,0.8889,0.0,0.0,,,,,,,,,,,,,,,12.6476051807404,,paper_aspcr_dag_alpha001_n5000_50rep,results/paper_aaai2027/frozen/results/estimated_graphs/paper_aspcr_dag_alpha001_n5000_50rep/earthquake/ASPCR-DAG-log/run_0045_seed_2071.npz,results/paper_aaai2027/frozen/results/aspcr_matched/paper_aspcr_dag_alpha001_n5000_50rep/results/aspcr_log-weights_dag_sufficient_earthquake_2071_constraints.csv,paper_aspcr_dag_alpha001_n5000_50rep,,,1.0,1.0,corrected_dag_complete,complete native ASPCR CI trace
earthquake,Earthquake (5),ASPCR-DAG,47,,2072.0,1.0,0.8889,1.0,0.8889,1.0,1.0,1.0,0.8889,0.8889,0.8889,1.0,1.0,1.0,0.8889,0.8889,0.8889,0.0,0.0,,,,,,,,,,,,,,,12.6058995723724,,paper_aspcr_dag_alpha001_n5000_50rep,results/paper_aaai2027/frozen/results/estimated_graphs/paper_aspcr_dag_alpha001_n5000_50rep/earthquake/ASPCR-DAG-log/run_0046_seed_2072.npz,results/paper_aaai2027/frozen/results/aspcr_matched/paper_aspcr_dag_alpha001_n5000_50rep/results/aspcr_log-weights_dag_sufficient_earthquake_2072_constraints.csv,paper_aspcr_dag_alpha001_n5000_50rep,,,1.0,1.0,corrected_dag_complete,complete native ASPCR CI trace
earthquake,Earthquake (5),ASPCR-DAG,48,,2073.0,1.0,0.8889,1.0,0.8889,1.0,1.0,1.0,0.8889,0.8889,0.8889,1.0,1.0,1.0,0.8889,0.8889,0.8889,0.0,0.0,,,,,,,,,,,,,,,12.6606440544128,,paper_aspcr_dag_alpha001_n5000_50rep,results/paper_aaai2027/frozen/results/estimated_graphs/paper_aspcr_dag_alpha001_n5000_50rep/earthquake/ASPCR-DAG-log/run_0047_seed_2073.npz,results/paper_aaai2027/frozen/results/aspcr_matched/paper_aspcr_dag_alpha001_n5000_50rep/results/aspcr_log-weights_dag_sufficient_earthquake_2073_constraints.csv,paper_aspcr_dag_alpha001_n5000_50rep,,,1.0,1.0,corrected_dag_complete,complete native ASPCR CI trace
earthquake,Earthquake (5),ASPCR-DAG,49,,2074.0,2.0,0.8,2.0,0.8,2.0,2.0,2.0,0.8,0.8,0.8,2.0,2.0,2.0,0.8,0.8,0.8,0.0,0.0,,,,,,,,,,,,,,,12.6016254425049,,paper_aspcr_dag_alpha001_n5000_50rep,results/paper_aaai2027/frozen/results/estimated_graphs/paper_aspcr_dag_alpha001_n5000_50rep/earthquake/ASPCR-DAG-log/run_0048_seed_2074.npz,results/paper_aaai2027/frozen/results/aspcr_matched/paper_aspcr_dag_alpha001_n5000_50rep/results/aspcr_log-weights_dag_sufficient_earthquake_2074_constraints.csv,paper_aspcr_dag_alpha001_n5000_50rep,,,1.0,1.0,corrected_dag_complete,complete native ASPCR CI trace
earthquake,Earthquake (5),ASPCR-DAG,50,,2075.0,0.0,1.0,0.0,1.0,0.0,0.0,0.0,1.0,1.0,1.0,0.0,0.0,0.0,1.0,1.0,1.0,1.0,1.0,,,,,,,,,,,,,,,12.7143411636353,,paper_aspcr_dag_alpha001_n5000_50rep,results/paper_aaai2027/frozen/results/estimated_graphs/paper_aspcr_dag_alpha001_n5000_50rep/earthquake/ASPCR-DAG-log/run_0049_seed_2075.npz,results/paper_aaai2027/frozen/results/aspcr_matched/paper_aspcr_dag_alpha001_n5000_50rep/results/aspcr_log-weights_dag_sufficient_earthquake_2075_constraints.csv,paper_aspcr_dag_alpha001_n5000_50rep,,,1.0,1.0,corrected_dag_complete,complete native ASPCR CI trace
survey,Survey (6),ABA-PC,1,1.0,2026.0,8.623655913978494,0.37571899641577067,7.499725425590335,0.2807335985680802,8.623655913978494,4.0,12.0,0.37571899641577067,0.7273,0.1176,7.499725425590335,2.0,13.0,0.2807335985680802,0.7272925615326924,0.0,837.0,1821.0,0.669325531940611,1.0,0.37499999999999994,0.2807369655465401,0.7272727272727272,0.0,0.6521989563524456,1.0,0.37499999999999994,0.0995930194854926,0.5,0.0,0.0,0.0,9.128463091794401,0.0,results/paper_aaai2027/frozen/results/final_mcs_experiments_er_sf_alpha001_nowrong_noweight_50rep_chunked/wc_sweep_bnlearn_survey_alpha001_nowrong_noweight_seed2026_2075_20260715_155405/summary.json,,,,,,837.0,1821.0,,retained CI facts
survey,Survey (6),ABA-PC,2,2.0,2027.0,3.5714285714285716,0.6110928571428571,3.5714285714285716,0.6110940996107741,3.5714285714285716,2.0,5.0,0.6110928571428571,0.7273,0.4615,3.5714285714285716,2.0,5.0,0.6110940996107741,0.7272925615326924,0.4615550290760284,14.0,14.0,0.8157199942914228,1.0,0.6666666666666666,0.6110793967936825,0.7272727272727272,0.4615384615384615,0.8157199942914228,1.0,0.6666666666666666,0.7292929292929292,0.888888888888889,0.5454545454545454,0.0,0.0,1.7050359868444502,0.0,results/paper_aaai2027/frozen/results/final_mcs_experiments_er_sf_alpha001_nowrong_noweight_50rep_chunked/wc_sweep_bnlearn_survey_alpha001_nowrong_noweight_seed2026_2075_20260715_155405/summary.json,,,,,,14.0,14.0,,retained CI facts
survey,Survey (6),ABA-PC,3,3.0,2028.0,3.5714285714285716,0.6684642857142856,3.738095238095238,0.6602968606501033,3.5714285714285716,1.0,6.0,0.6684642857142856,0.8333,0.5333,3.738095238095238,1.0,6.0,0.6602968606501033,0.8333,0.5333119971199712,28.0,42.0,0.8051020408163266,1.0,0.6666666666666667,0.6602956567242282,0.8333333333333334,0.5333333333333333,0.8150641025641026,1.0,0.6666666666666667,0.7356421356421355,0.888888888888889,0.6,0.0,0.0,1.7549843490123749,0.0,results/paper_aaai2027/frozen/results/final_mcs_experiments_er_sf_alpha001_nowrong_noweight_50rep_chunked/wc_sweep_bnlearn_survey_alpha001_nowrong_noweight_seed2026_2075_20260715_155405/summary.json,,,,,,28.0,42.0,,retained CI facts
survey,Survey (6),ABA-PC,4,4.0,2029.0,5.856512141280353,0.4995675496688742,5.6106032906764165,0.5140057845622796,5.856512141280353,1.0,10.0,0.4995675496688742,0.8333,0.25,5.6106032906764165,1.0,10.0,0.5140057845622796,0.8333,0.24999062441402586,453.0,547.0,0.7023135788110517,1.0,0.4,0.5140078812704902,0.8333333333333334,0.25,0.695360665608036,1.0,0.4,0.49772833249654436,0.888888888888889,0.18181818181818182,0.0,0.0,4.167358736973256,0.0,results/paper_aaai2027/frozen/results/final_mcs_experiments_er_sf_alpha001_nowrong_noweight_50rep_chunked/wc_sweep_bnlearn_survey_alpha001_nowrong_noweight_seed2026_2075_20260715_155405/summary.json,,,,,,453.0,547.0,,retained CI facts
survey,Survey (6),ABA-PC,5,5.0,2030.0,6.246666666666667,0.49525800000000003,5.690322580645161,0.48494429263915595,6.246666666666667,2.0,9.0,0.49525800000000003,0.6667,0.2667,5.690322580645161,2.0,9.0,0.48494429263915595,0.6667,0.26664,150.0,155.0,0.7206643451425235,1.0,0.42857142857142855,0.48494720965309196,0.6666666666666666,0.26666666666666666,0.7196045392515981,1.0,0.42857142857142855,0.3547211307211307,0.5,0.28571428571428575,0.0,0.0,1.898200981784612,0.0,results/paper_aaai2027/frozen/results/final_mcs_experiments_er_sf_alpha001_nowrong_noweight_50rep_chunked/wc_sweep_bnlearn_survey_alpha001_nowrong_noweight_seed2026_2075_20260715_155405/summary.json,,,,,,150.0,155.0,,retained CI facts
survey,Survey (6),ABA-PC,6,6.0,2031.0,8.056657223796034,0.3944109065155807,7.513882956001709,0.31788102748155944,8.056657223796034,3.0,12.0,0.3944109065155807,0.7273,0.1176,7.513882956001709,2.0,13.0,0.31788102748155944,0.7272925615326924,0.0,706.0,2341.0,0.6745039460627319,1.0,0.4705882352941177,0.3178898310886903,0.7272727272727272,0.0,0.6922001980596382,1.0,0.4705882352941177,0.1812395505030066,0.5714285714285715,0.0,0.0,0.0,7.756770546082407,0.0,results/paper_aaai2027/frozen/results/final_mcs_experiments_er_sf_alpha001_nowrong_noweight_50rep_chunked/wc_sweep_bnlearn_survey_alpha001_nowrong_noweight_seed2026_2075_20260715_155405/summary.json,,,,,,706.0,2341.0,,retained CI facts
survey,Survey (6),ABA-PC,7,7.0,2032.0,7.8926812104152,0.43806166432090077,7.908821131583238,0.3196701169109045,7.8926812104152,2.0,12.0,0.43806166432090077,0.9091,0.125,7.908821131583238,1.0,13.0,0.3196701169109045,0.9090710740195277,0.0,5684.0,30665.0,0.5648542888867727,0.9090909090909091,0.15384615384615383,0.31967598306333234,0.9090909090909091,0.0,0.5717450373274636,0.9090909090909091,0.15384615384615383,0.147997351190525,0.75,0.0,0.0,0.0,97.62220295006409,0.0,results/paper_aaai2027/frozen/results/final_mcs_experiments_er_sf_alpha001_nowrong_noweight_50rep_chunked/wc_sweep_bnlearn_survey_alpha001_nowrong_noweight_seed2026_2075_20260715_155405/summary.json,,,,,,5684.0,30665.0,,retained CI facts
survey,Survey (6),ABA-PC,8,8.0,2033.0,7.558189655172414,0.3708877155172414,7.438060094886663,0.28504910983704684,7.558189655172414,3.0,11.0,0.3708877155172414,0.7273,0.1333,7.438060094886663,2.0,12.0,0.28504910983704684,0.7272925615326924,0.0,464.0,1897.0,0.6486038902439412,0.9090909090909091,0.4,0.2850522649128807,0.7272727272727272,0.0,0.6679729721343565,0.9090909090909091,0.4,0.17755187819842994,0.5,0.0,0.0,0.0,6.725686689838767,0.0,results/paper_aaai2027/frozen/results/final_mcs_experiments_er_sf_alpha001_nowrong_noweight_50rep_chunked/wc_sweep_bnlearn_survey_alpha001_nowrong_noweight_seed2026_2075_20260715_155405/summary.json,,,,,,464.0,1897.0,,retained CI facts
survey,Survey (6),ABA-PC,9,9.0,2034.0,6.301075268817204,0.48148709677419355,5.801047120418848,0.4734791568630559,6.301075268817204,2.0,9.0,0.48148709677419355,0.6667,0.2667,5.801047120418848,2.0,9.0,0.4734791568630559,0.6667,0.26664,186.0,191.0,0.7021347403238378,1.0,0.42857142857142855,0.47348141028461327,0.6666666666666666,0.26666666666666666,0.7007819504973205,1.0,0.42857142857142855,0.3609574416026029,0.5,0.28571428571428575,0.0,0.0,1.9546883841976523,0.0,results/paper_aaai2027/frozen/results/final_mcs_experiments_er_sf_alpha001_nowrong_noweight_50rep_chunked/wc_sweep_bnlearn_survey_alpha001_nowrong_noweight_seed2026_2075_20260715_155405/summary.json,,,,,,186.0,191.0,,retained CI facts
survey,Survey (6),ABA-PC,10,10.0,2035.0,8.768901569186875,0.36026062767475037,7.829771554900516,0.26360400964260783,8.768901569186875,4.0,12.0,0.36026062767475037,0.6667,0.1176,7.829771554900516,2.0,13.0,0.26360400964260783,0.6667,0.0,701.0,1357.0,0.6648702271377723,1.0,0.37499999999999994,0.2636081086252312,0.6666666666666666,0.0,0.6487518548880469,1.0,0.37499999999999994,0.10336642276727868,0.4444444444444445,0.0,0.0,0.0,5.972326578106731,0.0,results/paper_aaai2027/frozen/results/final_mcs_experiments_er_sf_alpha001_nowrong_noweight_50rep_chunked/wc_sweep_bnlearn_survey_alpha001_nowrong_noweight_seed2026_2075_20260715_155405/summary.json,,,,,,701.0,1357.0,,retained CI facts
survey,Survey (6),ABA-PC,11,11.0,2036.0,7.5,0.34845,6.0,0.2613636356874838,7.5,7.0,8.0,0.34845,0.3636,0.3333,6.0,5.0,7.0,0.2613636356874838,0.363616528024001,0.1667,2.0,4.0,0.6969696969696969,0.7272727272727272,0.6666666666666666,0.26136363636363635,0.3636363636363636,0.16666666666666666,0.6969696969696969,0.7272727272727272,0.6666666666666666,0.0,0.0,0.0,0.0,0.0,1.036792105063796,0.0,results/paper_aaai2027/frozen/results/final_mcs_experiments_er_sf_alpha001_nowrong_noweight_50rep_chunked/wc_sweep_bnlearn_survey_alpha001_nowrong_noweight_seed2026_2075_20260715_155405/summary.json,,,,,,2.0,4.0,,retained CI facts
survey,Survey (6),ABA-PC,12,12.0,2037.0,7.115384615384615,0.4561884615384615,5.26890756302521,0.3541707114631554,7.115384615384615,4.0,9.0,0.4561884615384615,0.7273,0.3077,5.26890756302521,2.0,8.0,0.3541707114631554,0.7272925615326924,0.0,26.0,119.0,0.7523907465083935,0.9090909090909091,0.5,0.3541732777026894,0.7272727272727272,0.0,0.738318092164246,0.9090909090909091,0.5,0.05170940170940171,0.5,0.0,0.0,0.0,1.3502485379576683,0.0,results/paper_aaai2027/frozen/results/final_mcs_experiments_er_sf_alpha001_nowrong_noweight_50rep_chunked/wc_sweep_bnlearn_survey_alpha001_nowrong_noweight_seed2026_2075_20260715_155405/summary.json,,,,,,26.0,119.0,,retained CI facts
survey,Survey (6),ABA-PC,13,13.0,2038.0,9.37286063569682,0.40512424612876935,8.457413249211356,0.27083657688941676,9.37286063569682,3.0,13.0,0.40512424612876935,0.8333,0.2222,8.457413249211356,1.0,14.0,0.27083657688941676,0.8333,0.0,2454.0,10144.0,0.6691255081127757,1.0,0.3529411764705882,0.27084401704557226,0.8333333333333334,0.0,0.6637713202574451,1.0,0.3529411764705882,0.048764671441933055,0.5,0.0,0.0,0.0,31.183229211717844,0.0,results/paper_aaai2027/frozen/results/final_mcs_experiments_er_sf_alpha001_nowrong_noweight_50rep_chunked/wc_sweep_bnlearn_survey_alpha001_nowrong_noweight_seed2026_2075_20260715_155405/summary.json,,,,,,2454.0,10144.0,,retained CI facts
survey,Survey (6),ABA-PC,14,14.0,2039.0,6.463414634146342,0.3886170731707317,6.39622641509434,0.2435136615033088,6.463414634146342,4.0,9.0,0.3886170731707317,0.6667,0.1538,6.39622641509434,4.0,8.0,0.2435136615033088,0.3333,0.14286938635584506,41.0,53.0,0.7950238440804478,1.0,0.6153846153846153,0.2435137189854171,0.3333333333333333,0.14285714285714288,0.7870812114714553,1.0,0.6153846153846153,0.33318551367331856,0.6666666666666666,0.0,0.0,0.0,1.3385349418967962,0.0,results/paper_aaai2027/frozen/results/final_mcs_experiments_er_sf_alpha001_nowrong_noweight_50rep_chunked/wc_sweep_bnlearn_survey_alpha001_nowrong_noweight_seed2026_2075_20260715_155405/summary.json,,,,,,41.0,53.0,,retained CI facts
survey,Survey (6),ABA-PC,15,15.0,2040.0,9.667970447631465,0.29779755213055303,9.501369446135119,0.23624619675311065,9.667970447631465,4.0,13.0,0.29779755213055303,0.6667,0.1176,9.501369446135119,4.0,14.0,0.23624619675311065,0.6667,0.0,2301.0,13144.0,0.4313436546670901,0.6666666666666666,0.14285714285714288,0.2362487198187227,0.6666666666666666,0.0,0.43162151806603066,0.6666666666666666,0.14285714285714288,0.09757765774714929,0.6666666666666666,0.0,0.0,0.0,38.71411261893809,0.0,results/paper_aaai2027/frozen/results/final_mcs_experiments_er_sf_alpha001_nowrong_noweight_50rep_chunked/wc_sweep_bnlearn_survey_alpha001_nowrong_noweight_seed2026_2075_20260715_155405/summary.json,,,,,,2301.0,13144.0,,retained CI facts
survey,Survey (6),ABA-PC,16,16.0,2041.0,4.5,0.5314666666666666,4.0,0.5292877670079082,4.5,3.0,6.0,0.5314666666666666,0.7273,0.3333,4.0,2.0,6.0,0.5292877670079082,0.7272925615326924,0.3333,6.0,8.0,0.8025932400932401,0.9090909090909091,0.6666666666666666,0.5292832167832168,0.7272727272727272,0.3333333333333333,0.7797202797202797,0.9090909090909091,0.6666666666666666,0.43042328042328043,0.5714285714285715,0.22222222222222224,0.0,0.0,1.0437161880545318,0.0,results/paper_aaai2027/frozen/results/final_mcs_experiments_er_sf_alpha001_nowrong_noweight_50rep_chunked/wc_sweep_bnlearn_survey_alpha001_nowrong_noweight_seed2026_2075_20260715_155405/summary.json,,,,,,6.0,8.0,,retained CI facts
survey,Survey (6),ABA-PC,17,17.0,2042.0,6.481481481481482,0.39634025974025977,6.357933579335794,0.24680474148128445,6.481481481481482,3.0,9.0,0.39634025974025977,0.8,0.1538,6.357933579335794,2.0,10.0,0.24680474148128445,0.8000239995200095,0.0,81.0,271.0,0.6537102503892172,1.0,0.3333333333333333,0.24680153794544937,0.8,0.0,0.6568649457538346,1.0,0.3333333333333333,0.189692337840486,0.75,0.0,0.0,0.0,1.8748362972401083,0.0,results/paper_aaai2027/frozen/results/final_mcs_experiments_er_sf_alpha001_nowrong_noweight_50rep_chunked/wc_sweep_bnlearn_survey_alpha001_nowrong_noweight_seed2026_2075_20260715_155405/summary.json,,,,,,81.0,271.0,,retained CI facts
survey,Survey (6),ABA-PC,18,18.0,2043.0,5.666666666666667,0.5303333333333333,5.166666666666667,0.44190702449284885,5.666666666666667,5.0,6.0,0.5303333333333333,0.5455,0.5,5.166666666666667,4.0,6.0,0.44190702449284885,0.5454545454545454,0.3333,3.0,6.0,0.6464646464646464,0.7272727272727272,0.5454545454545454,0.4419191919191919,0.5454545454545454,0.3333333333333333,0.6464646464646464,0.7272727272727272,0.5454545454545454,0.48148148148148145,0.5,0.4444444444444445,0.0,0.0,1.6820718450471759,0.0,results/paper_aaai2027/frozen/results/final_mcs_experiments_er_sf_alpha001_nowrong_noweight_50rep_chunked/wc_sweep_bnlearn_survey_alpha001_nowrong_noweight_seed2026_2075_20260715_155405/summary.json,,,,,,3.0,6.0,,retained CI facts
survey,Survey (6),ABA-PC,19,19.0,2044.0,7.532258064516129,0.5652532258064515,7.340909090909091,0.27237037296212036,7.532258064516129,3.0,10.0,0.5652532258064515,0.8333,0.3333,7.340909090909091,2.0,11.0,0.27237037296212036,0.8333,0.0,62.0,528.0,0.620194042069042,0.8333333333333334,0.42857142857142855,0.27236825674325676,0.8333333333333334,0.0,0.6275744416873449,0.8333333333333334,0.42857142857142855,0.108678955453149,0.6666666666666666,0.0,0.0,0.0,2.4910414777696133,0.0,results/paper_aaai2027/frozen/results/final_mcs_experiments_er_sf_alpha001_nowrong_noweight_50rep_chunked/wc_sweep_bnlearn_survey_alpha001_nowrong_noweight_seed2026_2075_20260715_155405/summary.json,,,,,,62.0,528.0,,retained CI facts
survey,Survey (6),ABA-PC,20,20.0,2045.0,6.3727959697733,0.46526649874055415,6.0528109028960815,0.4107612264782179,6.3727959697733,2.0,10.0,0.46526649874055415,0.7692,0.1429,6.0528109028960815,2.0,10.0,0.4107612264782179,0.7272925615326924,0.0,397.0,587.0,0.7047988805128799,1.0,0.30769230769230765,0.4107636025663884,0.7272727272727272,0.0,0.6886810206635365,1.0,0.30769230769230765,0.4369874458035667,0.888888888888889,0.0,0.0,0.0,3.344841518905014,0.0,results/paper_aaai2027/frozen/results/final_mcs_experiments_er_sf_alpha001_nowrong_noweight_50rep_chunked/wc_sweep_bnlearn_survey_alpha001_nowrong_noweight_seed2026_2075_20260715_155405/summary.json,,,,,,397.0,587.0,,retained CI facts
survey,Survey (6),ABA-PC,21,21.0,2046.0,7.680981595092025,0.3440030674846626,7.04954954954955,0.29427726929943615,7.680981595092025,3.0,11.0,0.3440030674846626,0.5455,0.1429,7.04954954954955,3.0,11.0,0.29427726929943615,0.5454545454545454,0.0,163.0,222.0,0.6468320718320719,0.9090909090909091,0.42857142857142855,0.29427970677970683,0.5454545454545454,0.0,0.6477793678713923,0.9090909090909091,0.42857142857142855,0.1583758777010311,0.4444444444444445,0.0,0.0,0.0,1.9144696211442351,0.0,results/paper_aaai2027/frozen/results/final_mcs_experiments_er_sf_alpha001_nowrong_noweight_50rep_chunked/wc_sweep_bnlearn_survey_alpha001_nowrong_noweight_seed2026_2075_20260715_155405/summary.json,,,,,,163.0,222.0,,retained CI facts
survey,Survey (6),ABA-PC,22,22.0,2047.0,5.5,0.48075,5.0,0.40063121284251274,5.5,5.0,6.0,0.48075,0.5,0.4615,5.0,4.0,6.0,0.40063121284251274,0.5,0.3076698222940226,2.0,4.0,0.8012820512820513,0.8333333333333334,0.7692307692307692,0.4006410256410256,0.5,0.30769230769230765,0.8012820512820513,0.8333333333333334,0.7692307692307692,0.4222222222222223,0.4444444444444445,0.4,0.0,0.0,1.043620609678328,0.0,results/paper_aaai2027/frozen/results/final_mcs_experiments_er_sf_alpha001_nowrong_noweight_50rep_chunked/wc_sweep_bnlearn_survey_alpha001_nowrong_noweight_seed2026_2075_20260715_155405/summary.json,,,,,,2.0,4.0,,retained CI facts
survey,Survey (6),ABA-PC,23,23.0,2048.0,5.75,0.5016321428571429,5.136986301369863,0.3943741147223225,5.75,2.0,8.0,0.5016321428571429,0.6667,0.3077,5.136986301369863,2.0,8.0,0.3943741147223225,0.6667,0.14286938635584506,28.0,73.0,0.834637964774951,1.0,0.6153846153846153,0.39437503136133273,0.6666666666666666,0.14285714285714288,0.813448456305599,1.0,0.6153846153846153,0.42997835497835496,0.8,0.2,0.0,0.0,1.3860944150947034,0.0,results/paper_aaai2027/frozen/results/final_mcs_experiments_er_sf_alpha001_nowrong_noweight_50rep_chunked/wc_sweep_bnlearn_survey_alpha001_nowrong_noweight_seed2026_2075_20260715_155405/summary.json,,,,,,28.0,73.0,,retained CI facts
survey,Survey (6),ABA-PC,24,24.0,2049.0,9.39424778761062,0.394715989280929,9.491658754916587,0.21608474107681716,9.39424778761062,4.0,13.0,0.394715989280929,0.7692,0.125,9.491658754916587,3.0,14.0,0.21608474107681716,0.7692248513827863,0.0,2260.0,14746.0,0.49792360294980725,0.7692307692307692,0.14285714285714288,0.21608831397774006,0.7692307692307692,0.0,0.49996723349270683,0.7692307692307692,0.14285714285714288,0.15473750192776742,0.75,0.0,0.0,0.0,44.029502992052585,0.0,results/paper_aaai2027/frozen/results/final_mcs_experiments_er_sf_alpha001_nowrong_noweight_50rep_chunked/wc_sweep_bnlearn_survey_alpha001_nowrong_noweight_seed2026_2075_20260715_155405/summary.json,,,,,,2260.0,14746.0,,retained CI facts
survey,Survey (6),ABA-PC,25,25.0,2050.0,8.082530949105914,0.4465635684810375,8.25905383360522,0.33044783423598195,8.082530949105914,0.0,13.0,0.4465635684810375,1.0,0.1111,8.25905383360522,0.0,14.0,0.33044783423598195,1.0,0.0,5089.0,24520.0,0.5992520696562952,1.0,0.25,0.3304555021577014,1.0,0.0,0.6047670825711637,1.0,0.25,0.23494060250790452,1.0,0.0,1.0,1.0,75.26532836817205,0.0,results/paper_aaai2027/frozen/results/final_mcs_experiments_er_sf_alpha001_nowrong_noweight_50rep_chunked/wc_sweep_bnlearn_survey_alpha001_nowrong_noweight_seed2026_2075_20260715_155405/summary.json,,,,,,5089.0,24520.0,,retained CI facts
survey,Survey (6),ABA-PC,26,26.0,2051.0,5.5,0.48075,5.0,0.40063121284251274,5.5,5.0,6.0,0.48075,0.5,0.4615,5.0,4.0,6.0,0.40063121284251274,0.5,0.3076698222940226,2.0,4.0,0.8012820512820513,0.8333333333333334,0.7692307692307692,0.4006410256410256,0.5,0.30769230769230765,0.8012820512820513,0.8333333333333334,0.7692307692307692,0.4222222222222223,0.4444444444444445,0.4,0.0,0.0,1.1041285712271929,0.0,results/paper_aaai2027/frozen/results/final_mcs_experiments_er_sf_alpha001_nowrong_noweight_50rep_chunked/wc_sweep_bnlearn_survey_alpha001_nowrong_noweight_seed2026_2075_20260715_155405/summary.json,,,,,,2.0,4.0,,retained CI facts
survey,Survey (6),ABA-PC,27,27.0,2052.0,5.961038961038961,0.5455142857142856,5.752012882447665,0.3632452384974151,5.961038961038961,2.0,10.0,0.5455142857142856,0.9091,0.2857,5.752012882447665,1.0,10.0,0.3632452384974151,0.9090710740195277,0.0,154.0,621.0,0.78750594547696,1.0,0.5714285714285715,0.3632450480276567,0.9090909090909091,0.0,0.8032377795364808,1.0,0.5714285714285715,0.3487050467569948,0.8,0.0,0.0,0.0,2.9071591598913074,0.0,results/paper_aaai2027/frozen/results/final_mcs_experiments_er_sf_alpha001_nowrong_noweight_50rep_chunked/wc_sweep_bnlearn_survey_alpha001_nowrong_noweight_seed2026_2075_20260715_155405/summary.json,,,,,,154.0,621.0,,retained CI facts
survey,Survey (6),ABA-PC,28,28.0,2053.0,8.445941026574445,0.4077712413542046,8.59425358293904,0.2260418503624328,8.445941026574445,1.0,13.0,0.4077712413542046,0.9091,0.1176,8.59425358293904,1.0,14.0,0.2260418503624328,0.9090710740195277,0.0,2747.0,14583.0,0.5773524959504159,0.9090909090909091,0.25,0.22604396431610313,0.9090909090909091,0.0,0.5799706601340188,0.9090909090909091,0.25,0.15641019781900742,1.0,0.0,0.0,0.0,39.82788215531036,0.0,results/paper_aaai2027/frozen/results/final_mcs_experiments_er_sf_alpha001_nowrong_noweight_50rep_chunked/wc_sweep_bnlearn_survey_alpha001_nowrong_noweight_seed2026_2075_20260715_155405/summary.json,,,,,,2747.0,14583.0,,retained CI facts
survey,Survey (6),ABA-PC,29,29.0,2054.0,6.0,0.475225,5.75,0.2568459014417935,6.0,5.0,7.0,0.475225,0.5455,0.3333,5.75,4.0,7.0,0.2568459014417935,0.363616528024001,0.15388520671834624,8.0,16.0,0.8019376456876457,0.9090909090909091,0.6666666666666666,0.2568473193473193,0.3636363636363636,0.15384615384615383,0.7851107226107226,0.9090909090909091,0.6666666666666666,0.32281746031746034,0.4444444444444445,0.22222222222222224,0.0,0.0,1.1303315348923206,0.0,results/paper_aaai2027/frozen/results/final_mcs_experiments_er_sf_alpha001_nowrong_noweight_50rep_chunked/wc_sweep_bnlearn_survey_alpha001_nowrong_noweight_seed2026_2075_20260715_155405/summary.json,,,,,,8.0,16.0,,retained CI facts
survey,Survey (6),ABA-PC,30,30.0,2055.0,6.88974358974359,0.536532564102564,6.366050260787103,0.3556591554872762,6.88974358974359,2.0,10.0,0.536532564102564,0.9091,0.1818,6.366050260787103,1.0,11.0,0.3556591554872762,0.9090710740195277,0.0,390.0,2109.0,0.6699525355872105,0.9090909090909091,0.4615384615384615,0.35565735294837464,0.9090909090909091,0.0,0.6788077056176604,0.9090909090909091,0.4615384615384615,0.08239131239131238,0.6666666666666666,0.0,0.0,0.0,7.014781392645091,0.0,results/paper_aaai2027/frozen/results/final_mcs_experiments_er_sf_alpha001_nowrong_noweight_50rep_chunked/wc_sweep_bnlearn_survey_alpha001_nowrong_noweight_seed2026_2075_20260715_155405/summary.json,,,,,,390.0,2109.0,,retained CI facts
survey,Survey (6),ABA-PC,31,31.0,2056.0,6.166666666666667,0.6010555555555555,4.961538461538462,0.40577534217489847,6.166666666666667,5.0,7.0,0.6010555555555555,0.7273,0.4615,4.961538461538462,2.0,7.0,0.40577534217489847,0.7272925615326924,0.15388520671834624,18.0,52.0,0.8058415943031327,1.0,0.6153846153846153,0.4057737134660211,0.7272727272727272,0.15384615384615383,0.8123080623080623,1.0,0.6153846153846153,0.15493827160493825,0.25,0.0,0.0,0.0,1.1799535448662937,0.0,results/paper_aaai2027/frozen/results/final_mcs_experiments_er_sf_alpha001_nowrong_noweight_50rep_chunked/wc_sweep_bnlearn_survey_alpha001_nowrong_noweight_seed2026_2075_20260715_155405/summary.json,,,,,,18.0,52.0,,retained CI facts
survey,Survey (6),ABA-PC,32,32.0,2057.0,6.607986960065199,0.5017335236541599,6.55832974601808,0.3499020327479145,6.607986960065199,1.0,10.0,0.5017335236541599,0.8333,0.1429,6.55832974601808,1.0,11.0,0.3499020327479145,0.8333,0.0,1227.0,2323.0,0.6555821110764009,1.0,0.16666666666666666,0.34990318275243953,0.8333333333333334,0.0,0.6571307338170562,1.0,0.16666666666666666,0.3349670568496974,0.888888888888889,0.0,0.0,0.0,8.586302326060832,0.0,results/paper_aaai2027/frozen/results/final_mcs_experiments_er_sf_alpha001_nowrong_noweight_50rep_chunked/wc_sweep_bnlearn_survey_alpha001_nowrong_noweight_seed2026_2075_20260715_155405/summary.json,,,,,,1227.0,2323.0,,retained CI facts
survey,Survey (6),ABA-PC,33,33.0,2058.0,8.321428571428571,0.37849642857142857,8.081967213114755,0.2357113296013939,8.321428571428571,6.0,11.0,0.37849642857142857,0.5714,0.2353,8.081967213114755,5.0,11.0,0.2357113296013939,0.4615550290760284,0.11764774844720495,28.0,122.0,0.6721087173835487,0.7692307692307692,0.5333333333333333,0.23571768556098352,0.4615384615384615,0.11764705882352942,0.6740827100070799,0.7692307692307692,0.5333333333333333,0.3132137703566275,0.5,0.0,0.0,0.0,1.4054270586930215,0.0,results/paper_aaai2027/frozen/results/final_mcs_experiments_er_sf_alpha001_nowrong_noweight_50rep_chunked/wc_sweep_bnlearn_survey_alpha001_nowrong_noweight_seed2026_2075_20260715_155405/summary.json,,,,,,28.0,122.0,,retained CI facts
survey,Survey (6),ABA-PC,34,34.0,2059.0,7.150943396226415,0.28781523809523807,6.576719576719577,0.2735934311601661,7.150943396226415,4.0,10.0,0.28781523809523807,0.6,0.1333,6.576719576719577,3.0,10.0,0.2735934311601661,0.6,0.13333599712023037,106.0,189.0,0.5880146308717736,0.8,0.3333333333333333,0.27359043073328787,0.6,0.13333333333333333,0.5801242782374857,0.8,0.3333333333333333,0.27752001667096005,0.6666666666666666,0.0,0.0,0.0,1.6631475249305367,0.0,results/paper_aaai2027/frozen/results/final_mcs_experiments_er_sf_alpha001_nowrong_noweight_50rep_chunked/wc_sweep_bnlearn_survey_alpha001_nowrong_noweight_seed2026_2075_20260715_155405/summary.json,,,,,,106.0,189.0,,retained CI facts
survey,Survey (6),ABA-PC,35,35.0,2060.0,7.081712062256809,0.48223579766536967,6.596529284164859,0.40245061916795016,7.081712062256809,3.0,11.0,0.48223579766536967,0.6667,0.2353,6.596529284164859,3.0,11.0,0.40245061916795016,0.6667,0.1250093738282715,257.0,461.0,0.6946749109566515,0.8333333333333334,0.5555555555555556,0.40245734090955476,0.6666666666666666,0.125,0.6969968721799804,0.8333333333333334,0.5555555555555556,0.3588583055509126,0.6666666666666665,0.16666666666666666,0.0,0.0,2.6917515289969742,0.0,results/paper_aaai2027/frozen/results/final_mcs_experiments_er_sf_alpha001_nowrong_noweight_50rep_chunked/wc_sweep_bnlearn_survey_alpha001_nowrong_noweight_seed2026_2075_20260715_155405/summary.json,,,,,,257.0,461.0,,retained CI facts
survey,Survey (6),ABA-PC,36,36.0,2061.0,7.145655449522853,0.39438156705173283,7.357519254154844,0.3801212358365134,7.145655449522853,2.0,11.0,0.39438156705173283,0.7273,0.1333,7.357519254154844,2.0,11.0,0.3801212358365134,0.7272925615326924,0.13333599712023037,1991.0,4934.0,0.5668781768435431,1.0,0.28571428571428575,0.38012777924047864,0.7272727272727272,0.13333333333333333,0.5813964442801562,1.0,0.28571428571428575,0.5101985825993862,0.888888888888889,0.16666666666666666,0.0,0.0,16.722308503929526,0.0,results/paper_aaai2027/frozen/results/final_mcs_experiments_er_sf_alpha001_nowrong_noweight_50rep_chunked/wc_sweep_bnlearn_survey_alpha001_nowrong_noweight_seed2026_2075_20260715_155405/summary.json,,,,,,1991.0,4934.0,,retained CI facts
survey,Survey (6),ABA-PC,37,37.0,2062.0,8.32503230353577,0.4666652516462841,7.991290116779007,0.30215189199055925,8.32503230353577,0.0,13.0,0.4666652516462841,1.0,0.1176,7.991290116779007,0.0,14.0,0.30215189199055925,1.0,0.0,8513.0,36051.0,0.6637080016605115,1.0,0.30769230769230765,0.3021602285545188,1.0,0.0,0.6744929747735146,1.0,0.30769230769230765,0.1635490017376544,1.0,0.0,1.0,1.0,120.75571203231812,0.0,results/paper_aaai2027/frozen/results/final_mcs_experiments_er_sf_alpha001_nowrong_noweight_50rep_chunked/wc_sweep_bnlearn_survey_alpha001_nowrong_noweight_seed2026_2075_20260715_155405/summary.json,,,,,,8513.0,36051.0,,retained CI facts
survey,Survey (6),ABA-PC,38,38.0,2063.0,6.392857142857143,0.5009696428571428,5.819004524886878,0.40031108275197774,6.392857142857143,2.0,10.0,0.5009696428571428,0.7273,0.2667,5.819004524886878,2.0,10.0,0.40031108275197774,0.7272925615326924,0.0,56.0,221.0,0.7591994732266226,1.0,0.5714285714285715,0.4003115285920716,0.7272727272727272,0.0,0.7794042267256553,1.0,0.5714285714285715,0.20035381285381287,0.5,0.0,0.0,0.0,1.8013759418390691,0.0,results/paper_aaai2027/frozen/results/final_mcs_experiments_er_sf_alpha001_nowrong_noweight_50rep_chunked/wc_sweep_bnlearn_survey_alpha001_nowrong_noweight_seed2026_2075_20260715_155405/summary.json,,,,,,56.0,221.0,,retained CI facts
survey,Survey (6),ABA-PC,39,39.0,2064.0,8.065217391304348,0.36628260869565216,8.038022813688213,0.2742320784318016,8.065217391304348,6.0,10.0,0.36628260869565216,0.5455,0.1538,8.038022813688213,5.0,11.0,0.2742320784318016,0.5454545454545454,0.0,46.0,263.0,0.48564059514629854,0.6153846153846153,0.30769230769230765,0.2742321050305841,0.5454545454545454,0.0,0.49879178792222273,0.6153846153846153,0.30769230769230765,0.15452035886818496,0.5714285714285715,0.0,0.0,0.0,2.6953441640362144,0.0,results/paper_aaai2027/frozen/results/final_mcs_experiments_er_sf_alpha001_nowrong_noweight_50rep_chunked/wc_sweep_bnlearn_survey_alpha001_nowrong_noweight_seed2026_2075_20260715_155405/summary.json,,,,,,46.0,263.0,,retained CI facts
survey,Survey (6),ABA-PC,40,40.0,2065.0,6.833333333333333,0.21261666666666668,7.111111111111111,0.20069228885931384,6.833333333333333,5.0,8.0,0.21261666666666668,0.3636,0.1667,7.111111111111111,5.0,8.0,0.20069228885931384,0.363616528024001,0.1667,6.0,9.0,0.5212121212121211,0.7272727272727272,0.3636363636363636,0.20067340067340067,0.3636363636363636,0.16666666666666666,0.546969696969697,0.7272727272727272,0.3636363636363636,0.27314814814814814,0.4444444444444445,0.22222222222222224,0.0,0.0,1.1048039542511106,0.0,results/paper_aaai2027/frozen/results/final_mcs_experiments_er_sf_alpha001_nowrong_noweight_50rep_chunked/wc_sweep_bnlearn_survey_alpha001_nowrong_noweight_seed2026_2075_20260715_155405/summary.json,,,,,,6.0,9.0,,retained CI facts
survey,Survey (6),ABA-PC,41,41.0,2066.0,6.885714285714286,0.3253942857142857,6.62,0.27603216803454195,6.885714285714286,4.0,9.0,0.3253942857142857,0.5455,0.1667,6.62,4.0,9.0,0.27603216803454195,0.5454545454545454,0.0,35.0,50.0,0.6206526806526805,0.7272727272727272,0.5,0.276037296037296,0.5454545454545454,0.0,0.6182151182151182,0.7272727272727272,0.5,0.20476190476190478,0.5,0.0,0.0,0.0,1.3269790383055806,0.0,results/paper_aaai2027/frozen/results/final_mcs_experiments_er_sf_alpha001_nowrong_noweight_50rep_chunked/wc_sweep_bnlearn_survey_alpha001_nowrong_noweight_seed2026_2075_20260715_155405/summary.json,,,,,,35.0,50.0,,retained CI facts
survey,Survey (6),ABA-PC,42,42.0,2067.0,8.614503816793894,0.32601882352941175,8.459183673469388,0.23859219089298814,8.614503816793894,5.0,11.0,0.32601882352941175,0.5,0.1333,8.459183673469388,5.0,12.0,0.23859219089298814,0.5,0.0,262.0,490.0,0.5381741158001662,0.8333333333333334,0.28571428571428575,0.2385941409530845,0.5,0.0,0.5462885976469273,0.8333333333333334,0.28571428571428575,0.20033403831113755,0.5714285714285715,0.0,0.0,0.0,3.7954170927405357,0.0,results/paper_aaai2027/frozen/results/final_mcs_experiments_er_sf_alpha001_nowrong_noweight_50rep_chunked/wc_sweep_bnlearn_survey_alpha001_nowrong_noweight_seed2026_2075_20260715_155405/summary.json,,,,,,262.0,490.0,,retained CI facts
survey,Survey (6),ABA-PC,43,43.0,2068.0,8.219780219780219,0.46735164835164833,7.94238683127572,0.2602206954252648,8.219780219780219,5.0,11.0,0.46735164835164833,0.7692,0.1538,7.94238683127572,5.0,12.0,0.2602206954252648,0.5,0.0,91.0,243.0,0.5874753161790198,0.7692307692307692,0.28571428571428575,0.2602209861469121,0.5,0.0,0.5744616189671135,0.7692307692307692,0.28571428571428575,0.17703962703962703,0.6666666666666665,0.0,0.0,0.0,2.818165769800544,0.0,results/paper_aaai2027/frozen/results/final_mcs_experiments_er_sf_alpha001_nowrong_noweight_50rep_chunked/wc_sweep_bnlearn_survey_alpha001_nowrong_noweight_seed2026_2075_20260715_155405/summary.json,,,,,,91.0,243.0,,retained CI facts
survey,Survey (6),ABA-PC,44,44.0,2069.0,8.445717344753747,0.42627923715116905,7.956272788656313,0.3221459667133367,8.445717344753747,1.0,13.0,0.42627923715116905,0.9231,0.1111,7.956272788656313,1.0,14.0,0.3221459667133367,0.9230520704323946,0.0,9340.0,37025.0,0.6186633683583614,0.923076923076923,0.26666666666666666,0.32215150120326314,0.923076923076923,0.0,0.6235926388022884,0.923076923076923,0.26666666666666666,0.16916298845099703,1.0,0.0,0.0,0.0,120.41223978996277,0.0,results/paper_aaai2027/frozen/results/final_mcs_experiments_er_sf_alpha001_nowrong_noweight_50rep_chunked/wc_sweep_bnlearn_survey_alpha001_nowrong_noweight_seed2026_2075_20260715_155405/summary.json,,,,,,9340.0,37025.0,,retained CI facts
survey,Survey (6),ABA-PC,45,45.0,2070.0,8.985074626865671,0.38472571756601603,7.16423196104471,0.30569710565699537,8.985074626865671,2.0,12.0,0.38472571756601603,0.6667,0.1429,7.16423196104471,2.0,11.0,0.30569710565699537,0.6667,0.0,871.0,2259.0,0.6611500023381908,1.0,0.28571428571428575,0.3057024879167681,0.6666666666666666,0.0,0.6567105532409104,1.0,0.28571428571428575,0.009858186207210316,0.5,0.0,0.0,0.0,8.207311092875898,0.0,results/paper_aaai2027/frozen/results/final_mcs_experiments_er_sf_alpha001_nowrong_noweight_50rep_chunked/wc_sweep_bnlearn_survey_alpha001_nowrong_noweight_seed2026_2075_20260715_155405/summary.json,,,,,,871.0,2259.0,,retained CI facts
survey,Survey (6),ABA-PC,46,46.0,2071.0,8.517798913043478,0.39052950484244986,8.165093675165517,0.3454442374771924,8.517798913043478,1.0,14.0,0.39052950484244986,0.8333,0.1111,8.165093675165517,1.0,14.0,0.3454442374771924,0.8333,0.0,14720.0,28396.0,0.6028986456074773,1.0,0.25,0.3454536178802929,0.8333333333333334,0.0,0.5984972763657331,1.0,0.25,0.37124028598213377,0.888888888888889,0.0,0.0,0.0,76.97848090389743,0.0,results/paper_aaai2027/frozen/results/final_mcs_experiments_er_sf_alpha001_nowrong_noweight_50rep_chunked/wc_sweep_bnlearn_survey_alpha001_nowrong_noweight_seed2026_2075_20260715_155405/summary.json,,,,,,14720.0,28396.0,,retained CI facts
survey,Survey (6),ABA-PC,47,47.0,2072.0,8.470134874759152,0.4325383429672447,7.690746268656716,0.3100840488800502,8.470134874759152,4.0,12.0,0.4325383429672447,0.6667,0.2353,7.690746268656716,2.0,12.0,0.3100840488800502,0.6667,0.11108887999999999,519.0,1675.0,0.6923910437943985,1.0,0.4705882352941177,0.3100943689337479,0.6666666666666666,0.1111111111111111,0.7013572133223522,1.0,0.4705882352941177,0.25910231921792615,0.5714285714285715,0.14285714285714288,0.0,0.0,5.365231201052666,0.0,results/paper_aaai2027/frozen/results/final_mcs_experiments_er_sf_alpha001_nowrong_noweight_50rep_chunked/wc_sweep_bnlearn_survey_alpha001_nowrong_noweight_seed2026_2075_20260715_155405/summary.json,,,,,,519.0,1675.0,,retained CI facts
survey,Survey (6),ABA-PC,48,48.0,2073.0,7.473684210526316,0.4810954887218045,7.119170984455959,0.40938032271583347,7.473684210526316,3.0,11.0,0.4810954887218045,0.6667,0.2667,7.119170984455959,3.0,12.0,0.40938032271583347,0.6667,0.11764774844720495,133.0,193.0,0.6513288203550319,0.8333333333333334,0.4705882352941177,0.4093875865744198,0.6666666666666666,0.11764705882352942,0.6541743553021749,0.8333333333333334,0.4705882352941177,0.3430210975323757,0.6666666666666665,0.0,0.0,0.0,2.4767990740947425,0.0,results/paper_aaai2027/frozen/results/final_mcs_experiments_er_sf_alpha001_nowrong_noweight_50rep_chunked/wc_sweep_bnlearn_survey_alpha001_nowrong_noweight_seed2026_2075_20260715_155405/summary.json,,,,,,133.0,193.0,,retained CI facts
survey,Survey (6),ABA-PC,49,49.0,2074.0,6.0,0.3636,6.0,0.181838014725934,6.0,6.0,6.0,0.3636,0.3636,0.3636,6.0,6.0,6.0,0.181838014725934,0.181838014725934,0.181838014725934,1.0,1.0,0.7272727272727272,0.7272727272727272,0.7272727272727272,0.1818181818181818,0.1818181818181818,0.1818181818181818,0.7272727272727272,0.7272727272727272,0.7272727272727272,0.25,0.25,0.25,0.0,0.0,1.8147395523265004,0.0,results/paper_aaai2027/frozen/results/final_mcs_experiments_er_sf_alpha001_nowrong_noweight_50rep_chunked/wc_sweep_bnlearn_survey_alpha001_nowrong_noweight_seed2026_2075_20260715_155405/summary.json,,,,,,1.0,1.0,,retained CI facts
survey,Survey (6),ABA-PC,50,50.0,2075.0,6.962264150943396,0.4233452830188679,6.879377431906615,0.4234836645871064,6.962264150943396,3.0,10.0,0.4233452830188679,0.7143,0.1429,6.879377431906615,3.0,10.0,0.4234836645871064,0.6153822469913577,0.14286938635584506,265.0,514.0,0.6233467227058438,0.923076923076923,0.30769230769230765,0.4234904782026549,0.6153846153846153,0.14285714285714288,0.615268322132917,0.923076923076923,0.30769230769230765,0.5165329848348716,0.888888888888889,0.16666666666666666,0.0,0.0,3.2304266639985144,0.0,results/paper_aaai2027/frozen/results/final_mcs_experiments_er_sf_alpha001_nowrong_noweight_50rep_chunked/wc_sweep_bnlearn_survey_alpha001_nowrong_noweight_seed2026_2075_20260715_155405/summary.json,,,,,,265.0,514.0,,retained CI facts
survey,Survey (6),OptABA-PC,1,1.0,2026.0,4.0,0.5455,3.5,0.4545355367392732,4.0,4.0,4.0,0.5455,0.5455,0.5455,3.5,3.0,4.0,0.4545355367392732,0.5454545454545454,0.363616528024001,1.0,2.0,0.9090909090909091,0.9090909090909091,0.9090909090909091,0.4545454545454545,0.5454545454545454,0.3636363636363636,0.9090909090909091,0.9090909090909091,0.9090909090909091,0.5,0.5,0.5,0.0,0.0,5.701882315333933,0.0,results/paper_aaai2027/frozen/results/final_mcs_experiments_er_sf_alpha001_nowrong_noweight_50rep_chunked/wc_sweep_bnlearn_survey_alpha001_nowrong_noweight_seed2026_2075_20260715_155405/summary.json,,,,,,1.0,2.0,,retained CI facts
survey,Survey (6),OptABA-PC,2,2.0,2027.0,4.5,0.697,3.0,0.6098617767468094,4.5,4.0,5.0,0.697,0.7273,0.6667,3.0,2.0,4.0,0.6098617767468094,0.7272925615326924,0.5,2.0,4.0,0.8712121212121212,0.9090909090909091,0.8333333333333334,0.6098484848484849,0.7272727272727272,0.5,0.8712121212121212,0.9090909090909091,0.8333333333333334,0.4722222222222222,0.5,0.4444444444444445,0.0,0.0,1.229822936002165,0.0,results/paper_aaai2027/frozen/results/final_mcs_experiments_er_sf_alpha001_nowrong_noweight_50rep_chunked/wc_sweep_bnlearn_survey_alpha001_nowrong_noweight_seed2026_2075_20260715_155405/summary.json,,,,,,2.0,4.0,,retained CI facts
survey,Survey (6),OptABA-PC,3,3.0,2028.0,4.0,0.5455,4.0,0.5454545454545454,4.0,4.0,4.0,0.5455,0.5455,0.5455,4.0,4.0,4.0,0.5454545454545454,0.5454545454545454,0.5454545454545454,1.0,1.0,0.7272727272727272,0.7272727272727272,0.7272727272727272,0.5454545454545454,0.5454545454545454,0.5454545454545454,0.7272727272727272,0.7272727272727272,0.7272727272727272,0.5,0.5,0.5,0.0,0.0,4.454905216116458,0.0,results/paper_aaai2027/frozen/results/final_mcs_experiments_er_sf_alpha001_nowrong_noweight_50rep_chunked/wc_sweep_bnlearn_survey_alpha001_nowrong_noweight_seed2026_2075_20260715_155405/summary.json,,,,,,1.0,1.0,,retained CI facts
survey,Survey (6),OptABA-PC,4,4.0,2029.0,2.0,0.6667,2.0,0.6667,2.0,2.0,2.0,0.6667,0.6667,0.6667,2.0,2.0,2.0,0.6667,0.6667,0.6667,1.0,1.0,1.0,1.0,1.0,0.6666666666666666,0.6666666666666666,0.6666666666666666,1.0,1.0,1.0,0.8,0.8,0.8,0.0,0.0,6.131925507914275,0.0,results/paper_aaai2027/frozen/results/final_mcs_experiments_er_sf_alpha001_nowrong_noweight_50rep_chunked/wc_sweep_bnlearn_survey_alpha001_nowrong_noweight_seed2026_2075_20260715_155405/summary.json,,,,,,1.0,1.0,,retained CI facts
survey,Survey (6),OptABA-PC,5,5.0,2030.0,5.0,0.669025,3.5,0.585385547881828,5.0,4.0,6.0,0.669025,0.7273,0.6154,3.5,2.0,5.0,0.585385547881828,0.7272925615326924,0.4615550290760284,4.0,8.0,0.8362470862470862,0.9090909090909091,0.7692307692307692,0.5853729603729604,0.7272727272727272,0.4615384615384615,0.8362470862470862,0.9090909090909091,0.7692307692307692,0.44722222222222224,0.5,0.4,0.0,0.0,3.2473145546391606,0.0,results/paper_aaai2027/frozen/results/final_mcs_experiments_er_sf_alpha001_nowrong_noweight_50rep_chunked/wc_sweep_bnlearn_survey_alpha001_nowrong_noweight_seed2026_2075_20260715_155405/summary.json,,,,,,4.0,8.0,,retained CI facts
survey,Survey (6),OptABA-PC,6,6.0,2031.0,4.0,0.4,4.0,0.3999759990399616,4.0,4.0,4.0,0.4,0.4,0.4,4.0,4.0,4.0,0.3999759990399616,0.3999759990399616,0.3999759990399616,1.0,1.0,0.8,0.8,0.8,0.4,0.4,0.4,0.8,0.8,0.8,0.5,0.5,0.5,0.0,0.0,1.4385970430448651,0.0,results/paper_aaai2027/frozen/results/final_mcs_experiments_er_sf_alpha001_nowrong_noweight_50rep_chunked/wc_sweep_bnlearn_survey_alpha001_nowrong_noweight_seed2026_2075_20260715_155405/summary.json,,,,,,1.0,1.0,,retained CI facts
survey,Survey (6),OptABA-PC,7,7.0,2032.0,5.0,0.5455,4.5,0.4545355367392732,5.0,5.0,5.0,0.5455,0.5455,0.5455,4.5,4.0,5.0,0.4545355367392732,0.5454545454545454,0.363616528024001,1.0,2.0,0.7272727272727272,0.7272727272727272,0.7272727272727272,0.4545454545454545,0.5454545454545454,0.3636363636363636,0.7272727272727272,0.7272727272727272,0.7272727272727272,0.28571428571428575,0.28571428571428575,0.28571428571428575,0.0,0.0,2.632463497109711,0.0,results/paper_aaai2027/frozen/results/final_mcs_experiments_er_sf_alpha001_nowrong_noweight_50rep_chunked/wc_sweep_bnlearn_survey_alpha001_nowrong_noweight_seed2026_2075_20260715_155405/summary.json,,,,,,1.0,2.0,,retained CI facts
survey,Survey (6),OptABA-PC,8,8.0,2033.0,3.0,0.8,2.5,0.7000119997600047,3.0,3.0,3.0,0.8,0.8,0.8,2.5,2.0,3.0,0.7000119997600047,0.8000239995200095,0.6,1.0,2.0,0.8,0.8,0.8,0.7,0.8,0.6,0.8,0.8,0.8,0.6666666666666666,0.6666666666666666,0.6666666666666666,0.0,0.0,1.2141305319964886,0.0,results/paper_aaai2027/frozen/results/final_mcs_experiments_er_sf_alpha001_nowrong_noweight_50rep_chunked/wc_sweep_bnlearn_survey_alpha001_nowrong_noweight_seed2026_2075_20260715_155405/summary.json,,,,,,1.0,2.0,,retained CI facts
survey,Survey (6),OptABA-PC,9,9.0,2034.0,7.0,0.1667,7.0,0.1667,7.0,7.0,7.0,0.1667,0.1667,0.1667,7.0,7.0,7.0,0.1667,0.1667,0.1667,1.0,1.0,0.6666666666666666,0.6666666666666666,0.6666666666666666,0.16666666666666666,0.16666666666666666,0.16666666666666666,0.6666666666666666,0.6666666666666666,0.6666666666666666,0.2,0.2,0.2,0.0,0.0,1.0374124590307474,0.0,results/paper_aaai2027/frozen/results/final_mcs_experiments_er_sf_alpha001_nowrong_noweight_50rep_chunked/wc_sweep_bnlearn_survey_alpha001_nowrong_noweight_seed2026_2075_20260715_155405/summary.json,,,,,,1.0,1.0,,retained CI facts
survey,Survey (6),OptABA-PC,10,10.0,2035.0,3.0,0.5455,3.0,0.5454545454545454,3.0,3.0,3.0,0.5455,0.5455,0.5455,3.0,3.0,3.0,0.5454545454545454,0.5454545454545454,0.5454545454545454,1.0,1.0,0.9090909090909091,0.9090909090909091,0.9090909090909091,0.5454545454545454,0.5454545454545454,0.5454545454545454,0.9090909090909091,0.9090909090909091,0.9090909090909091,0.4444444444444445,0.4444444444444445,0.4444444444444445,0.0,0.0,7.254625274799764,0.0,results/paper_aaai2027/frozen/results/final_mcs_experiments_er_sf_alpha001_nowrong_noweight_50rep_chunked/wc_sweep_bnlearn_survey_alpha001_nowrong_noweight_seed2026_2075_20260715_155405/summary.json,,,,,,1.0,1.0,,retained CI facts
survey,Survey (6),OptABA-PC,11,11.0,2036.0,4.0,0.6,3.5,0.4999879995199808,4.0,4.0,4.0,0.6,0.6,0.6,3.5,3.0,4.0,0.4999879995199808,0.6,0.3999759990399616,1.0,2.0,0.8,0.8,0.8,0.5,0.6,0.4,0.8,0.8,0.8,0.5714285714285715,0.5714285714285715,0.5714285714285715,0.0,0.0,1.242009641136974,0.0,results/paper_aaai2027/frozen/results/final_mcs_experiments_er_sf_alpha001_nowrong_noweight_50rep_chunked/wc_sweep_bnlearn_survey_alpha001_nowrong_noweight_seed2026_2075_20260715_155405/summary.json,,,,,,1.0,2.0,,retained CI facts
survey,Survey (6),OptABA-PC,12,12.0,2037.0,5.0,0.6667,4.5,0.3333333311111111,5.0,5.0,5.0,0.6667,0.6667,0.6667,4.5,3.0,6.0,0.3333333311111111,0.6666666666666666,0.0,1.0,6.0,0.6666666666666666,0.6666666666666666,0.6666666666666666,0.3333333333333333,0.6666666666666666,0.0,0.6666666666666666,0.6666666666666666,0.6666666666666666,0.0,0.0,0.0,0.0,0.0,0.9811567096039653,0.0,results/paper_aaai2027/frozen/results/final_mcs_experiments_er_sf_alpha001_nowrong_noweight_50rep_chunked/wc_sweep_bnlearn_survey_alpha001_nowrong_noweight_seed2026_2075_20260715_155405/summary.json,,,,,,1.0,6.0,,retained CI facts
survey,Survey (6),OptABA-PC,13,13.0,2038.0,2.0,0.8,2.0,0.8000239995200095,2.0,2.0,2.0,0.8,0.8,0.8,2.0,2.0,2.0,0.8000239995200095,0.8000239995200095,0.8000239995200095,1.0,1.0,0.8,0.8,0.8,0.8,0.8,0.8,0.8,0.8,0.8,0.6666666666666666,0.6666666666666666,0.6666666666666666,0.0,0.0,5.1399339241907,0.0,results/paper_aaai2027/frozen/results/final_mcs_experiments_er_sf_alpha001_nowrong_noweight_50rep_chunked/wc_sweep_bnlearn_survey_alpha001_nowrong_noweight_seed2026_2075_20260715_155405/summary.json,,,,,,1.0,1.0,,retained CI facts
survey,Survey (6),OptABA-PC,14,14.0,2039.0,4.0,0.7273,3.5,0.6363735534936189,4.0,4.0,4.0,0.7273,0.7273,0.7273,3.5,3.0,4.0,0.6363735534936189,0.7272925615326924,0.5454545454545454,1.0,2.0,0.7272727272727272,0.7272727272727272,0.7272727272727272,0.6363636363636362,0.7272727272727272,0.5454545454545454,0.7272727272727272,0.7272727272727272,0.7272727272727272,0.5714285714285715,0.5714285714285715,0.5714285714285715,0.0,0.0,4.672339640557766,0.0,results/paper_aaai2027/frozen/results/final_mcs_experiments_er_sf_alpha001_nowrong_noweight_50rep_chunked/wc_sweep_bnlearn_survey_alpha001_nowrong_noweight_seed2026_2075_20260715_155405/summary.json,,,,,,1.0,2.0,,retained CI facts
survey,Survey (6),OptABA-PC,15,15.0,2040.0,5.0,0.6667,4.5,0.3333333311111111,5.0,5.0,5.0,0.6667,0.6667,0.6667,4.5,3.0,6.0,0.3333333311111111,0.6666666666666666,0.0,1.0,6.0,0.6666666666666666,0.6666666666666666,0.6666666666666666,0.3333333333333333,0.6666666666666666,0.0,0.6666666666666666,0.6666666666666666,0.6666666666666666,0.0,0.0,0.0,0.0,0.0,2.7772058015689254,0.0,results/paper_aaai2027/frozen/results/final_mcs_experiments_er_sf_alpha001_nowrong_noweight_50rep_chunked/wc_sweep_bnlearn_survey_alpha001_nowrong_noweight_seed2026_2075_20260715_155405/summary.json,,,,,,1.0,6.0,,retained CI facts
survey,Survey (6),OptABA-PC,16,16.0,2041.0,4.5,0.52275,4.0,0.4355927683696366,4.5,4.0,5.0,0.52275,0.5455,0.5,4.0,3.0,5.0,0.4355927683696366,0.5454545454545454,0.3333,2.0,4.0,0.8712121212121212,0.9090909090909091,0.8333333333333334,0.43560606060606055,0.5454545454545454,0.3333333333333333,0.8712121212121212,0.9090909090909091,0.8333333333333334,0.4722222222222222,0.5,0.4444444444444445,0.0,0.0,0.9880541181191802,0.0,results/paper_aaai2027/frozen/results/final_mcs_experiments_er_sf_alpha001_nowrong_noweight_50rep_chunked/wc_sweep_bnlearn_survey_alpha001_nowrong_noweight_seed2026_2075_20260715_155405/summary.json,,,,,,2.0,4.0,,retained CI facts
survey,Survey (6),OptABA-PC,17,17.0,2042.0,4.0,0.6,3.5,0.4999879995199808,4.0,4.0,4.0,0.6,0.6,0.6,3.5,3.0,4.0,0.4999879995199808,0.6,0.3999759990399616,1.0,2.0,0.8,0.8,0.8,0.5,0.6,0.4,0.8,0.8,0.8,0.5714285714285715,0.5714285714285715,0.5714285714285715,0.0,0.0,0.929361189249903,0.0,results/paper_aaai2027/frozen/results/final_mcs_experiments_er_sf_alpha001_nowrong_noweight_50rep_chunked/wc_sweep_bnlearn_survey_alpha001_nowrong_noweight_seed2026_2075_20260715_155405/summary.json,,,,,,1.0,2.0,,retained CI facts
survey,Survey (6),OptABA-PC,18,18.0,2043.0,5.0,0.4444,4.5,0.33333333,5.0,5.0,5.0,0.4444,0.4444,0.4444,4.5,4.0,5.0,0.33333333,0.44442222,0.22224443999999996,1.0,2.0,0.6666666666666666,0.6666666666666666,0.6666666666666666,0.3333333333333333,0.4444444444444444,0.2222222222222222,0.6666666666666666,0.6666666666666666,0.6666666666666666,0.3333333333333333,0.3333333333333333,0.3333333333333333,0.0,0.0,0.9102009180933237,0.0,results/paper_aaai2027/frozen/results/final_mcs_experiments_er_sf_alpha001_nowrong_noweight_50rep_chunked/wc_sweep_bnlearn_survey_alpha001_nowrong_noweight_seed2026_2075_20260715_155405/summary.json,,,,,,1.0,2.0,,retained CI facts
survey,Survey (6),OptABA-PC,19,19.0,2044.0,4.0,0.8,3.3333333333333335,0.5333253330133205,4.0,4.0,4.0,0.8,0.8,0.8,3.3333333333333335,3.0,4.0,0.5333253330133205,0.6,0.3999759990399616,1.0,3.0,0.8000000000000002,0.8,0.8,0.5333333333333333,0.6,0.4,0.8,0.8,0.8,0.6666666666666666,0.6666666666666666,0.6666666666666666,0.0,0.0,1.4701564009301364,0.0,results/paper_aaai2027/frozen/results/final_mcs_experiments_er_sf_alpha001_nowrong_noweight_50rep_chunked/wc_sweep_bnlearn_survey_alpha001_nowrong_noweight_seed2026_2075_20260715_155405/summary.json,,,,,,1.0,3.0,,retained CI facts
survey,Survey (6),OptABA-PC,20,20.0,2045.0,4.0,0.6,3.5,0.4999879995199808,4.0,4.0,4.0,0.6,0.6,0.6,3.5,3.0,4.0,0.4999879995199808,0.6,0.3999759990399616,1.0,2.0,0.8,0.8,0.8,0.5,0.6,0.4,0.8,0.8,0.8,0.3333333333333333,0.3333333333333333,0.3333333333333333,0.0,0.0,4.299283645115793,0.0,results/paper_aaai2027/frozen/results/final_mcs_experiments_er_sf_alpha001_nowrong_noweight_50rep_chunked/wc_sweep_bnlearn_survey_alpha001_nowrong_noweight_seed2026_2075_20260715_155405/summary.json,,,,,,1.0,2.0,,retained CI facts
survey,Survey (6),OptABA-PC,21,21.0,2046.0,3.0,0.7273,2.5,0.6363735534936189,3.0,3.0,3.0,0.7273,0.7273,0.7273,2.5,2.0,3.0,0.6363735534936189,0.7272925615326924,0.5454545454545454,1.0,2.0,0.9090909090909091,0.9090909090909091,0.9090909090909091,0.6363636363636362,0.7272727272727272,0.5454545454545454,0.9090909090909091,0.9090909090909091,0.9090909090909091,0.5714285714285715,0.5714285714285715,0.5714285714285715,0.0,0.0,3.1357500148005784,0.0,results/paper_aaai2027/frozen/results/final_mcs_experiments_er_sf_alpha001_nowrong_noweight_50rep_chunked/wc_sweep_bnlearn_survey_alpha001_nowrong_noweight_seed2026_2075_20260715_155405/summary.json,,,,,,1.0,2.0,,retained CI facts
survey,Survey (6),OptABA-PC,22,22.0,2047.0,5.0,0.5,4.5,0.41664999999999996,5.0,5.0,5.0,0.5,0.5,0.5,4.5,4.0,5.0,0.41664999999999996,0.5,0.3333,1.0,2.0,0.8333333333333334,0.8333333333333334,0.8333333333333334,0.41666666666666663,0.5,0.3333333333333333,0.8333333333333334,0.8333333333333334,0.8333333333333334,0.4444444444444445,0.4444444444444445,0.4444444444444445,0.0,0.0,2.007675810251385,0.0,results/paper_aaai2027/frozen/results/final_mcs_experiments_er_sf_alpha001_nowrong_noweight_50rep_chunked/wc_sweep_bnlearn_survey_alpha001_nowrong_noweight_seed2026_2075_20260715_155405/summary.json,,,,,,1.0,2.0,,retained CI facts
survey,Survey (6),OptABA-PC,23,23.0,2048.0,4.0,0.5455,3.5,0.4545355367392732,4.0,4.0,4.0,0.5455,0.5455,0.5455,3.5,3.0,4.0,0.4545355367392732,0.5454545454545454,0.363616528024001,1.0,2.0,0.9090909090909091,0.9090909090909091,0.9090909090909091,0.4545454545454545,0.5454545454545454,0.3636363636363636,0.9090909090909091,0.9090909090909091,0.9090909090909091,0.5,0.5,0.5,0.0,0.0,3.1390826599672437,0.0,results/paper_aaai2027/frozen/results/final_mcs_experiments_er_sf_alpha001_nowrong_noweight_50rep_chunked/wc_sweep_bnlearn_survey_alpha001_nowrong_noweight_seed2026_2075_20260715_155405/summary.json,,,,,,1.0,2.0,,retained CI facts
survey,Survey (6),OptABA-PC,24,24.0,2049.0,5.0,0.669025,3.5,0.585385547881828,5.0,4.0,6.0,0.669025,0.7273,0.6154,3.5,2.0,5.0,0.585385547881828,0.7272925615326924,0.4615550290760284,4.0,8.0,0.8362470862470862,0.9090909090909091,0.7692307692307692,0.5853729603729604,0.7272727272727272,0.4615384615384615,0.8362470862470862,0.9090909090909091,0.7692307692307692,0.44722222222222224,0.5,0.4,0.0,0.0,3.3205193197354674,0.0,results/paper_aaai2027/frozen/results/final_mcs_experiments_er_sf_alpha001_nowrong_noweight_50rep_chunked/wc_sweep_bnlearn_survey_alpha001_nowrong_noweight_seed2026_2075_20260715_155405/summary.json,,,,,,4.0,8.0,,retained CI facts
survey,Survey (6),OptABA-PC,25,25.0,2050.0,3.0,0.7273,2.5,0.6363735534936189,3.0,3.0,3.0,0.7273,0.7273,0.7273,2.5,2.0,3.0,0.6363735534936189,0.7272925615326924,0.5454545454545454,1.0,2.0,0.9090909090909091,0.9090909090909091,0.9090909090909091,0.6363636363636362,0.7272727272727272,0.5454545454545454,0.9090909090909091,0.9090909090909091,0.9090909090909091,0.5714285714285715,0.5714285714285715,0.5714285714285715,0.0,0.0,2.772189386188984,0.0,results/paper_aaai2027/frozen/results/final_mcs_experiments_er_sf_alpha001_nowrong_noweight_50rep_chunked/wc_sweep_bnlearn_survey_alpha001_nowrong_noweight_seed2026_2075_20260715_155405/summary.json,,,,,,1.0,2.0,,retained CI facts
survey,Survey (6),OptABA-PC,26,26.0,2051.0,5.0,0.6,4.333333333333333,0.33332533205335896,5.0,5.0,5.0,0.6,0.6,0.6,4.333333333333333,4.0,5.0,0.33332533205335896,0.3999759990399616,0.2000239980801536,1.0,3.0,0.8000000000000002,0.8,0.8,0.3333333333333333,0.4,0.2,0.8,0.8,0.8,0.3333333333333333,0.3333333333333333,0.3333333333333333,0.0,0.0,1.6306551666930318,0.0,results/paper_aaai2027/frozen/results/final_mcs_experiments_er_sf_alpha001_nowrong_noweight_50rep_chunked/wc_sweep_bnlearn_survey_alpha001_nowrong_noweight_seed2026_2075_20260715_155405/summary.json,,,,,,1.0,3.0,,retained CI facts
survey,Survey (6),OptABA-PC,27,27.0,2052.0,4.0,0.6,3.5,0.4999879995199808,4.0,4.0,4.0,0.6,0.6,0.6,3.5,3.0,4.0,0.4999879995199808,0.6,0.3999759990399616,1.0,2.0,0.8,0.8,0.8,0.5,0.6,0.4,0.8,0.8,0.8,0.3333333333333333,0.3333333333333333,0.3333333333333333,0.0,0.0,3.5965090608224273,0.0,results/paper_aaai2027/frozen/results/final_mcs_experiments_er_sf_alpha001_nowrong_noweight_50rep_chunked/wc_sweep_bnlearn_survey_alpha001_nowrong_noweight_seed2026_2075_20260715_155405/summary.json,,,,,,1.0,2.0,,retained CI facts
survey,Survey (6),OptABA-PC,28,28.0,2053.0,6.0,0.6667,4.833333333333333,0.25926296,6.0,6.0,6.0,0.6667,0.6667,0.6667,4.833333333333333,4.0,6.0,0.25926296,0.44442222,0.0,1.0,6.0,0.6666666666666666,0.6666666666666666,0.6666666666666666,0.25925925925925924,0.4444444444444444,0.0,0.6666666666666666,0.6666666666666666,0.6666666666666666,0.0,0.0,0.0,0.0,0.0,1.458633425179869,0.0,results/paper_aaai2027/frozen/results/final_mcs_experiments_er_sf_alpha001_nowrong_noweight_50rep_chunked/wc_sweep_bnlearn_survey_alpha001_nowrong_noweight_seed2026_2075_20260715_155405/summary.json,,,,,,1.0,6.0,,retained CI facts
survey,Survey (6),OptABA-PC,29,29.0,2054.0,4.0,0.4,4.0,0.3999759990399616,4.0,4.0,4.0,0.4,0.4,0.4,4.0,4.0,4.0,0.3999759990399616,0.3999759990399616,0.3999759990399616,1.0,1.0,0.8,0.8,0.8,0.4,0.4,0.4,0.8,0.8,0.8,0.5,0.5,0.5,0.0,0.0,2.0118549298495054,0.0,results/paper_aaai2027/frozen/results/final_mcs_experiments_er_sf_alpha001_nowrong_noweight_50rep_chunked/wc_sweep_bnlearn_survey_alpha001_nowrong_noweight_seed2026_2075_20260715_155405/summary.json,,,,,,1.0,1.0,,retained CI facts
survey,Survey (6),OptABA-PC,30,30.0,2055.0,5.0,0.4444,4.5,0.33333333,5.0,5.0,5.0,0.4444,0.4444,0.4444,4.5,4.0,5.0,0.33333333,0.44442222,0.22224443999999996,1.0,2.0,0.6666666666666666,0.6666666666666666,0.6666666666666666,0.3333333333333333,0.4444444444444444,0.2222222222222222,0.6666666666666666,0.6666666666666666,0.6666666666666666,0.3333333333333333,0.3333333333333333,0.3333333333333333,0.0,0.0,2.0455446001142263,0.0,results/paper_aaai2027/frozen/results/final_mcs_experiments_er_sf_alpha001_nowrong_noweight_50rep_chunked/wc_sweep_bnlearn_survey_alpha001_nowrong_noweight_seed2026_2075_20260715_155405/summary.json,,,,,,1.0,2.0,,retained CI facts
survey,Survey (6),OptABA-PC,31,31.0,2056.0,6.0,0.6,4.0,0.3999939990400192,6.0,6.0,6.0,0.6,0.6,0.6,4.0,3.0,5.0,0.3999939990400192,0.6,0.2000239980801536,1.0,4.0,0.8,0.8,0.8,0.4,0.6,0.2,0.8,0.8,0.8,0.0,0.0,0.0,0.0,0.0,2.3106337669305503,0.0,results/paper_aaai2027/frozen/results/final_mcs_experiments_er_sf_alpha001_nowrong_noweight_50rep_chunked/wc_sweep_bnlearn_survey_alpha001_nowrong_noweight_seed2026_2075_20260715_155405/summary.json,,,,,,1.0,4.0,,retained CI facts
survey,Survey (6),OptABA-PC,32,32.0,2057.0,5.0,0.5455,4.5,0.4545355367392732,5.0,5.0,5.0,0.5455,0.5455,0.5455,4.5,4.0,5.0,0.4545355367392732,0.5454545454545454,0.363616528024001,1.0,2.0,0.7272727272727272,0.7272727272727272,0.7272727272727272,0.4545454545454545,0.5454545454545454,0.3636363636363636,0.7272727272727272,0.7272727272727272,0.7272727272727272,0.5,0.5,0.5,0.0,0.0,0.9427027138881385,0.0,results/paper_aaai2027/frozen/results/final_mcs_experiments_er_sf_alpha001_nowrong_noweight_50rep_chunked/wc_sweep_bnlearn_survey_alpha001_nowrong_noweight_seed2026_2075_20260715_155405/summary.json,,,,,,1.0,2.0,,retained CI facts
survey,Survey (6),OptABA-PC,33,33.0,2058.0,2.0,0.8,2.0,0.8000239995200095,2.0,2.0,2.0,0.8,0.8,0.8,2.0,2.0,2.0,0.8000239995200095,0.8000239995200095,0.8000239995200095,1.0,1.0,0.8,0.8,0.8,0.8,0.8,0.8,0.8,0.8,0.8,0.6666666666666666,0.6666666666666666,0.6666666666666666,0.0,0.0,3.384499641135335,0.0,results/paper_aaai2027/frozen/results/final_mcs_experiments_er_sf_alpha001_nowrong_noweight_50rep_chunked/wc_sweep_bnlearn_survey_alpha001_nowrong_noweight_seed2026_2075_20260715_155405/summary.json,,,,,,1.0,1.0,,retained CI facts
survey,Survey (6),OptABA-PC,34,34.0,2059.0,5.0,0.6667,4.5,0.3333333311111111,5.0,5.0,5.0,0.6667,0.6667,0.6667,4.5,3.0,6.0,0.3333333311111111,0.6666666666666666,0.0,1.0,6.0,0.6666666666666666,0.6666666666666666,0.6666666666666666,0.3333333333333333,0.6666666666666666,0.0,0.6666666666666666,0.6666666666666666,0.6666666666666666,0.0,0.0,0.0,0.0,0.0,1.5951901087537408,0.0,results/paper_aaai2027/frozen/results/final_mcs_experiments_er_sf_alpha001_nowrong_noweight_50rep_chunked/wc_sweep_bnlearn_survey_alpha001_nowrong_noweight_seed2026_2075_20260715_155405/summary.json,,,,,,1.0,6.0,,retained CI facts
survey,Survey (6),OptABA-PC,35,35.0,2060.0,3.0,0.6,3.0,0.6,3.0,3.0,3.0,0.6,0.6,0.6,3.0,3.0,3.0,0.6,0.6,0.6,1.0,1.0,0.8,0.8,0.8,0.6,0.6,0.6,0.8,0.8,0.8,0.5714285714285715,0.5714285714285715,0.5714285714285715,0.0,0.0,1.3678093650378287,0.0,results/paper_aaai2027/frozen/results/final_mcs_experiments_er_sf_alpha001_nowrong_noweight_50rep_chunked/wc_sweep_bnlearn_survey_alpha001_nowrong_noweight_seed2026_2075_20260715_155405/summary.json,,,,,,1.0,1.0,,retained CI facts
survey,Survey (6),OptABA-PC,36,36.0,2061.0,6.5,0.57275,4.5,0.3818127015485698,6.5,6.0,7.0,0.57275,0.6,0.5455,4.5,3.0,6.0,0.3818127015485698,0.6,0.181838014725934,2.0,8.0,0.7636363636363637,0.8,0.7272727272727272,0.3818181818181818,0.6,0.1818181818181818,0.7636363636363637,0.8,0.7272727272727272,0.0,0.0,0.0,0.0,0.0,2.067849072162062,0.0,results/paper_aaai2027/frozen/results/final_mcs_experiments_er_sf_alpha001_nowrong_noweight_50rep_chunked/wc_sweep_bnlearn_survey_alpha001_nowrong_noweight_seed2026_2075_20260715_155405/summary.json,,,,,,2.0,8.0,,retained CI facts
survey,Survey (6),OptABA-PC,37,37.0,2062.0,5.0,0.7273,3.5,0.6363735534936189,5.0,5.0,5.0,0.7273,0.7273,0.7273,3.5,3.0,4.0,0.6363735534936189,0.7272925615326924,0.5454545454545454,1.0,2.0,0.7272727272727272,0.7272727272727272,0.7272727272727272,0.6363636363636362,0.7272727272727272,0.5454545454545454,0.7272727272727272,0.7272727272727272,0.7272727272727272,0.5,0.5,0.5,0.0,0.0,8.218078872188926,0.0,results/paper_aaai2027/frozen/results/final_mcs_experiments_er_sf_alpha001_nowrong_noweight_50rep_chunked/wc_sweep_bnlearn_survey_alpha001_nowrong_noweight_seed2026_2075_20260715_155405/summary.json,,,,,,1.0,2.0,,retained CI facts
survey,Survey (6),OptABA-PC,38,38.0,2063.0,4.0,0.6667,3.5,0.58335,4.0,4.0,4.0,0.6667,0.6667,0.6667,3.5,3.0,4.0,0.58335,0.6667,0.5,1.0,2.0,0.8333333333333334,0.8333333333333334,0.8333333333333334,0.5833333333333333,0.6666666666666666,0.5,0.8333333333333334,0.8333333333333334,0.8333333333333334,0.5,0.5,0.5,0.0,0.0,1.0553325698710978,0.0,results/paper_aaai2027/frozen/results/final_mcs_experiments_er_sf_alpha001_nowrong_noweight_50rep_chunked/wc_sweep_bnlearn_survey_alpha001_nowrong_noweight_seed2026_2075_20260715_155405/summary.json,,,,,,1.0,2.0,,retained CI facts
survey,Survey (6),OptABA-PC,39,39.0,2064.0,4.0,0.6,3.5,0.4999879995199808,4.0,4.0,4.0,0.6,0.6,0.6,3.5,3.0,4.0,0.4999879995199808,0.6,0.3999759990399616,1.0,2.0,0.8,0.8,0.8,0.5,0.6,0.4,0.8,0.8,0.8,0.3333333333333333,0.3333333333333333,0.3333333333333333,0.0,0.0,4.271997018251568,0.0,results/paper_aaai2027/frozen/results/final_mcs_experiments_er_sf_alpha001_nowrong_noweight_50rep_chunked/wc_sweep_bnlearn_survey_alpha001_nowrong_noweight_seed2026_2075_20260715_155405/summary.json,,,,,,1.0,2.0,,retained CI facts
survey,Survey (6),OptABA-PC,40,40.0,2065.0,5.0,0.4444,4.5,0.33333333,5.0,5.0,5.0,0.4444,0.4444,0.4444,4.5,4.0,5.0,0.33333333,0.44442222,0.22224443999999996,1.0,2.0,0.6666666666666666,0.6666666666666666,0.6666666666666666,0.3333333333333333,0.4444444444444444,0.2222222222222222,0.6666666666666666,0.6666666666666666,0.6666666666666666,0.3333333333333333,0.3333333333333333,0.3333333333333333,0.0,0.0,1.3943217634223402,0.0,results/paper_aaai2027/frozen/results/final_mcs_experiments_er_sf_alpha001_nowrong_noweight_50rep_chunked/wc_sweep_bnlearn_survey_alpha001_nowrong_noweight_seed2026_2075_20260715_155405/summary.json,,,,,,1.0,2.0,,retained CI facts
survey,Survey (6),OptABA-PC,41,41.0,2066.0,4.0,0.7273,3.3333333333333335,0.48484187297769726,4.0,4.0,4.0,0.7273,0.7273,0.7273,3.3333333333333335,3.0,4.0,0.48484187297769726,0.5454545454545454,0.363616528024001,1.0,3.0,0.9090909090909091,0.9090909090909091,0.9090909090909091,0.4848484848484848,0.5454545454545454,0.3636363636363636,0.9090909090909091,0.9090909090909091,0.9090909090909091,0.5714285714285715,0.5714285714285715,0.5714285714285715,0.0,0.0,3.736141568981111,0.0,results/paper_aaai2027/frozen/results/final_mcs_experiments_er_sf_alpha001_nowrong_noweight_50rep_chunked/wc_sweep_bnlearn_survey_alpha001_nowrong_noweight_seed2026_2075_20260715_155405/summary.json,,,,,,1.0,3.0,,retained CI facts
survey,Survey (6),OptABA-PC,42,42.0,2067.0,4.0,0.5455,3.5,0.4545355367392732,4.0,4.0,4.0,0.5455,0.5455,0.5455,3.5,3.0,4.0,0.4545355367392732,0.5454545454545454,0.363616528024001,1.0,2.0,0.9090909090909091,0.9090909090909091,0.9090909090909091,0.4545454545454545,0.5454545454545454,0.3636363636363636,0.9090909090909091,0.9090909090909091,0.9090909090909091,0.5,0.5,0.5,0.0,0.0,4.184274665080011,0.0,results/paper_aaai2027/frozen/results/final_mcs_experiments_er_sf_alpha001_nowrong_noweight_50rep_chunked/wc_sweep_bnlearn_survey_alpha001_nowrong_noweight_seed2026_2075_20260715_155405/summary.json,,,,,,1.0,2.0,,retained CI facts
survey,Survey (6),OptABA-PC,43,43.0,2068.0,4.0,0.5455,4.0,0.5454545454545454,4.0,4.0,4.0,0.5455,0.5455,0.5455,4.0,4.0,4.0,0.5454545454545454,0.5454545454545454,0.5454545454545454,1.0,1.0,0.7272727272727272,0.7272727272727272,0.7272727272727272,0.5454545454545454,0.5454545454545454,0.5454545454545454,0.7272727272727272,0.7272727272727272,0.7272727272727272,0.5,0.5,0.5,0.0,0.0,5.21647810516879,0.0,results/paper_aaai2027/frozen/results/final_mcs_experiments_er_sf_alpha001_nowrong_noweight_50rep_chunked/wc_sweep_bnlearn_survey_alpha001_nowrong_noweight_seed2026_2075_20260715_155405/summary.json,,,,,,1.0,1.0,,retained CI facts
survey,Survey (6),OptABA-PC,44,44.0,2069.0,5.0,0.6667,4.5,0.3333333311111111,5.0,5.0,5.0,0.6667,0.6667,0.6667,4.5,3.0,6.0,0.3333333311111111,0.6666666666666666,0.0,1.0,6.0,0.6666666666666666,0.6666666666666666,0.6666666666666666,0.3333333333333333,0.6666666666666666,0.0,0.6666666666666666,0.6666666666666666,0.6666666666666666,0.0,0.0,0.0,0.0,0.0,4.33286862494424,0.0,results/paper_aaai2027/frozen/results/final_mcs_experiments_er_sf_alpha001_nowrong_noweight_50rep_chunked/wc_sweep_bnlearn_survey_alpha001_nowrong_noweight_seed2026_2075_20260715_155405/summary.json,,,,,,1.0,6.0,,retained CI facts
survey,Survey (6),OptABA-PC,45,45.0,2070.0,6.0,0.6,4.0,0.3999939990400192,6.0,6.0,6.0,0.6,0.6,0.6,4.0,3.0,5.0,0.3999939990400192,0.6,0.2000239980801536,1.0,4.0,0.8,0.8,0.8,0.4,0.6,0.2,0.8,0.8,0.8,0.0,0.0,0.0,0.0,0.0,3.486922353040427,0.0,results/paper_aaai2027/frozen/results/final_mcs_experiments_er_sf_alpha001_nowrong_noweight_50rep_chunked/wc_sweep_bnlearn_survey_alpha001_nowrong_noweight_seed2026_2075_20260715_155405/summary.json,,,,,,1.0,4.0,,retained CI facts
survey,Survey (6),OptABA-PC,46,46.0,2071.0,3.0,0.6,3.0,0.6,3.0,3.0,3.0,0.6,0.6,0.6,3.0,3.0,3.0,0.6,0.6,0.6,1.0,1.0,0.8,0.8,0.8,0.6,0.6,0.6,0.8,0.8,0.8,0.5714285714285715,0.5714285714285715,0.5714285714285715,0.0,0.0,5.079644204117358,0.0,results/paper_aaai2027/frozen/results/final_mcs_experiments_er_sf_alpha001_nowrong_noweight_50rep_chunked/wc_sweep_bnlearn_survey_alpha001_nowrong_noweight_seed2026_2075_20260715_155405/summary.json,,,,,,1.0,1.0,,retained CI facts
survey,Survey (6),OptABA-PC,47,47.0,2072.0,4.0,0.669025,3.0,0.6690187021310126,4.0,3.0,5.0,0.669025,0.7273,0.6154,3.0,2.0,4.0,0.6690187021310126,0.7272925615326924,0.6153822469913577,4.0,4.0,0.8362470862470862,0.9090909090909091,0.7692307692307692,0.6689976689976689,0.7272727272727272,0.6153846153846153,0.8362470862470862,0.9090909090909091,0.7692307692307692,0.44722222222222224,0.5,0.4,0.0,0.0,3.125387637875974,0.0,results/paper_aaai2027/frozen/results/final_mcs_experiments_er_sf_alpha001_nowrong_noweight_50rep_chunked/wc_sweep_bnlearn_survey_alpha001_nowrong_noweight_seed2026_2075_20260715_155405/summary.json,,,,,,4.0,4.0,,retained CI facts
survey,Survey (6),OptABA-PC,48,48.0,2073.0,4.0,0.4,4.0,0.3999759990399616,4.0,4.0,4.0,0.4,0.4,0.4,4.0,4.0,4.0,0.3999759990399616,0.3999759990399616,0.3999759990399616,1.0,1.0,0.8,0.8,0.8,0.4,0.4,0.4,0.8,0.8,0.8,0.5,0.5,0.5,0.0,0.0,3.605557817965746,0.0,results/paper_aaai2027/frozen/results/final_mcs_experiments_er_sf_alpha001_nowrong_noweight_50rep_chunked/wc_sweep_bnlearn_survey_alpha001_nowrong_noweight_seed2026_2075_20260715_155405/summary.json,,,,,,1.0,1.0,,retained CI facts
survey,Survey (6),OptABA-PC,49,49.0,2074.0,5.0,0.6667,4.5,0.3333333311111111,5.0,5.0,5.0,0.6667,0.6667,0.6667,4.5,3.0,6.0,0.3333333311111111,0.6666666666666666,0.0,1.0,6.0,0.6666666666666666,0.6666666666666666,0.6666666666666666,0.3333333333333333,0.6666666666666666,0.0,0.6666666666666666,0.6666666666666666,0.6666666666666666,0.0,0.0,0.0,0.0,0.0,1.8922567311674356,0.0,results/paper_aaai2027/frozen/results/final_mcs_experiments_er_sf_alpha001_nowrong_noweight_50rep_chunked/wc_sweep_bnlearn_survey_alpha001_nowrong_noweight_seed2026_2075_20260715_155405/summary.json,,,,,,1.0,6.0,,retained CI facts
survey,Survey (6),OptABA-PC,50,50.0,2075.0,6.0,0.3333,5.5,0.25,6.0,6.0,6.0,0.3333,0.3333,0.3333,5.5,5.0,6.0,0.25,0.3333,0.1667,1.0,2.0,0.8333333333333334,0.8333333333333334,0.8333333333333334,0.25,0.3333333333333333,0.16666666666666666,0.8333333333333334,0.8333333333333334,0.8333333333333334,0.22222222222222224,0.22222222222222224,0.22222222222222224,0.0,0.0,2.85677325213328,0.0,results/paper_aaai2027/frozen/results/final_mcs_experiments_er_sf_alpha001_nowrong_noweight_50rep_chunked/wc_sweep_bnlearn_survey_alpha001_nowrong_noweight_seed2026_2075_20260715_155405/summary.json,,,,,,1.0,2.0,,retained CI facts
survey,Survey (6),MPC,1,,2026.0,4.0,0.9091,6.0,0.0,4.0,4.0,4.0,0.9091,0.9091,0.9091,,,,,,,0.0,0.0,,,,,,,,,,,,,,,0.0157973766326904,,paper_bnlearn_alpha001_nowrong_noweight_50rep_mpc_fgs,results/paper_aaai2027/frozen/results/estimated_graphs/paper_bnlearn_alpha001_nowrong_noweight_50rep_mpc_fgs/survey/MPC/run_0000_seed_2026.npz,,paper_bnlearn_alpha001_nowrong_noweight_50rep_mpc_fgs,0.0,ValueError: Endpoint graph has no consistent DAG extension,0.0,0.0,,full recorded matched G2 CI trace
survey,Survey (6),MPC,2,,2027.0,4.0,0.8,3.0,0.6667,4.0,4.0,4.0,0.8,0.8,0.8,2.5,2.0,3.0,0.7,0.8,0.6,0.0,0.0,,,,,,,,,,,,,,0.0,0.0114147663116455,,paper_bnlearn_alpha001_nowrong_noweight_50rep_mpc_fgs,results/paper_aaai2027/frozen/results/estimated_graphs/paper_bnlearn_alpha001_nowrong_noweight_50rep_mpc_fgs/survey/MPC/run_0001_seed_2027.npz,,paper_bnlearn_alpha001_nowrong_noweight_50rep_mpc_fgs,1.0,,1.0,2.0,,full recorded matched G2 CI trace
survey,Survey (6),MPC,3,,2028.0,2.0,0.7273,2.0,0.7273,2.0,2.0,2.0,0.7273,0.7273,0.7273,2.0,2.0,2.0,0.7273,0.7273,0.7273,0.0,0.0,,,,,,,,,,,,,,0.0,0.0127086639404296,,paper_bnlearn_alpha001_nowrong_noweight_50rep_mpc_fgs,results/paper_aaai2027/frozen/results/estimated_graphs/paper_bnlearn_alpha001_nowrong_noweight_50rep_mpc_fgs/survey/MPC/run_0002_seed_2028.npz,,paper_bnlearn_alpha001_nowrong_noweight_50rep_mpc_fgs,1.0,,1.0,1.0,,full recorded matched G2 CI trace
survey,Survey (6),MPC,4,,2029.0,4.0,0.9091,6.0,0.0,4.0,4.0,4.0,0.9091,0.9091,0.9091,,,,,,,0.0,0.0,,,,,,,,,,,,,,,0.0153868198394775,,paper_bnlearn_alpha001_nowrong_noweight_50rep_mpc_fgs,results/paper_aaai2027/frozen/results/estimated_graphs/paper_bnlearn_alpha001_nowrong_noweight_50rep_mpc_fgs/survey/MPC/run_0003_seed_2029.npz,,paper_bnlearn_alpha001_nowrong_noweight_50rep_mpc_fgs,0.0,ValueError: Endpoint graph has no consistent DAG extension,0.0,0.0,,full recorded matched G2 CI trace
survey,Survey (6),MPC,5,,2030.0,5.0,0.7273,6.0,0.0,5.0,5.0,5.0,0.7273,0.7273,0.7273,4.333333333333333,3.0,6.0,0.3030333333333333,0.5455,0.0,0.0,0.0,,,,,,,,,,,,,,0.0,0.0188090801239013,,paper_bnlearn_alpha001_nowrong_noweight_50rep_mpc_fgs,results/paper_aaai2027/frozen/results/estimated_graphs/paper_bnlearn_alpha001_nowrong_noweight_50rep_mpc_fgs/survey/MPC/run_0004_seed_2030.npz,,paper_bnlearn_alpha001_nowrong_noweight_50rep_mpc_fgs,1.0,,1.0,6.0,,full recorded matched G2 CI trace
survey,Survey (6),MPC,6,,2031.0,1.0,0.9091,1.0,0.9091,1.0,1.0,1.0,0.9091,0.9091,0.9091,1.0,1.0,1.0,0.9091,0.9091,0.9091,0.0,0.0,,,,,,,,,,,,,,0.0,0.0209376811981201,,paper_bnlearn_alpha001_nowrong_noweight_50rep_mpc_fgs,results/paper_aaai2027/frozen/results/estimated_graphs/paper_bnlearn_alpha001_nowrong_noweight_50rep_mpc_fgs/survey/MPC/run_0005_seed_2031.npz,,paper_bnlearn_alpha001_nowrong_noweight_50rep_mpc_fgs,1.0,,1.0,1.0,,full recorded matched G2 CI trace
survey,Survey (6),MPC,7,,2032.0,4.0,0.8,6.0,0.0,4.0,4.0,4.0,0.8,0.8,0.8,3.6,2.0,5.0,0.48,0.8,0.2,0.0,0.0,,,,,,,,,,,,,,0.0,0.0121757984161376,,paper_bnlearn_alpha001_nowrong_noweight_50rep_mpc_fgs,results/paper_aaai2027/frozen/results/estimated_graphs/paper_bnlearn_alpha001_nowrong_noweight_50rep_mpc_fgs/survey/MPC/run_0006_seed_2032.npz,,paper_bnlearn_alpha001_nowrong_noweight_50rep_mpc_fgs,1.0,,1.0,5.0,,full recorded matched G2 CI trace
survey,Survey (6),MPC,8,,2033.0,5.0,0.7273,6.0,0.0,5.0,5.0,5.0,0.7273,0.7273,0.7273,4.333333333333333,3.0,6.0,0.3030333333333333,0.5455,0.0,0.0,0.0,,,,,,,,,,,,,,0.0,0.0164606571197509,,paper_bnlearn_alpha001_nowrong_noweight_50rep_mpc_fgs,results/paper_aaai2027/frozen/results/estimated_graphs/paper_bnlearn_alpha001_nowrong_noweight_50rep_mpc_fgs/survey/MPC/run_0007_seed_2033.npz,,paper_bnlearn_alpha001_nowrong_noweight_50rep_mpc_fgs,1.0,,1.0,6.0,,full recorded matched G2 CI trace
survey,Survey (6),MPC,9,,2034.0,6.0,0.6667,6.0,0.0,6.0,6.0,6.0,0.6667,0.6667,0.6667,4.833333333333333,4.0,6.0,0.25923333333333337,0.4444,0.0,0.0,0.0,,,,,,,,,,,,,,0.0,0.0118045806884765,,paper_bnlearn_alpha001_nowrong_noweight_50rep_mpc_fgs,results/paper_aaai2027/frozen/results/estimated_graphs/paper_bnlearn_alpha001_nowrong_noweight_50rep_mpc_fgs/survey/MPC/run_0008_seed_2034.npz,,paper_bnlearn_alpha001_nowrong_noweight_50rep_mpc_fgs,1.0,,1.0,6.0,,full recorded matched G2 CI trace
survey,Survey (6),MPC,10,,2035.0,4.0,0.9091,6.0,0.0,4.0,4.0,4.0,0.9091,0.9091,0.9091,,,,,,,0.0,0.0,,,,,,,,,,,,,,,0.0182647705078125,,paper_bnlearn_alpha001_nowrong_noweight_50rep_mpc_fgs,results/paper_aaai2027/frozen/results/estimated_graphs/paper_bnlearn_alpha001_nowrong_noweight_50rep_mpc_fgs/survey/MPC/run_0009_seed_2035.npz,,paper_bnlearn_alpha001_nowrong_noweight_50rep_mpc_fgs,0.0,ValueError: Endpoint graph has no consistent DAG extension,0.0,0.0,,full recorded matched G2 CI trace
survey,Survey (6),MPC,11,,2036.0,5.0,0.8,6.0,0.0,5.0,5.0,5.0,0.8,0.8,0.8,4.6,3.0,6.0,0.27999999999999997,0.6,0.0,0.0,0.0,,,,,,,,,,,,,,0.0,0.0130341053009033,,paper_bnlearn_alpha001_nowrong_noweight_50rep_mpc_fgs,results/paper_aaai2027/frozen/results/estimated_graphs/paper_bnlearn_alpha001_nowrong_noweight_50rep_mpc_fgs/survey/MPC/run_0010_seed_2036.npz,,paper_bnlearn_alpha001_nowrong_noweight_50rep_mpc_fgs,1.0,,1.0,5.0,,full recorded matched G2 CI trace
survey,Survey (6),MPC,12,,2037.0,5.0,0.8,6.0,0.0,5.0,5.0,5.0,0.8,0.8,0.8,4.6,3.0,6.0,0.27999999999999997,0.6,0.0,0.0,0.0,,,,,,,,,,,,,,0.0,0.0120999813079833,,paper_bnlearn_alpha001_nowrong_noweight_50rep_mpc_fgs,results/paper_aaai2027/frozen/results/estimated_graphs/paper_bnlearn_alpha001_nowrong_noweight_50rep_mpc_fgs/survey/MPC/run_0011_seed_2037.npz,,paper_bnlearn_alpha001_nowrong_noweight_50rep_mpc_fgs,1.0,,1.0,5.0,,full recorded matched G2 CI trace
survey,Survey (6),MPC,13,,2038.0,4.0,0.8333,6.0,0.0,4.0,4.0,4.0,0.8333,0.8333,0.8333,,,,,,,0.0,0.0,,,,,,,,,,,,,,,0.0236098766326904,,paper_bnlearn_alpha001_nowrong_noweight_50rep_mpc_fgs,results/paper_aaai2027/frozen/results/estimated_graphs/paper_bnlearn_alpha001_nowrong_noweight_50rep_mpc_fgs/survey/MPC/run_0012_seed_2038.npz,,paper_bnlearn_alpha001_nowrong_noweight_50rep_mpc_fgs,0.0,ValueError: Endpoint graph has no consistent DAG extension,0.0,0.0,,full recorded matched G2 CI trace
survey,Survey (6),MPC,14,,2039.0,1.0,0.8333,1.0,0.8333,1.0,1.0,1.0,0.8333,0.8333,0.8333,1.0,1.0,1.0,0.8333,0.8333,0.8333,0.0,0.0,,,,,,,,,,,,,,0.0,0.0244522094726562,,paper_bnlearn_alpha001_nowrong_noweight_50rep_mpc_fgs,results/paper_aaai2027/frozen/results/estimated_graphs/paper_bnlearn_alpha001_nowrong_noweight_50rep_mpc_fgs/survey/MPC/run_0013_seed_2039.npz,,paper_bnlearn_alpha001_nowrong_noweight_50rep_mpc_fgs,1.0,,1.0,1.0,,full recorded matched G2 CI trace
survey,Survey (6),MPC,15,,2040.0,4.0,0.9091,6.0,0.0,4.0,4.0,4.0,0.9091,0.9091,0.9091,,,,,,,0.0,0.0,,,,,,,,,,,,,,,0.015068769454956,,paper_bnlearn_alpha001_nowrong_noweight_50rep_mpc_fgs,results/paper_aaai2027/frozen/results/estimated_graphs/paper_bnlearn_alpha001_nowrong_noweight_50rep_mpc_fgs/survey/MPC/run_0014_seed_2040.npz,,paper_bnlearn_alpha001_nowrong_noweight_50rep_mpc_fgs,0.0,ValueError: Endpoint graph has no consistent DAG extension,0.0,0.0,,full recorded matched G2 CI trace
survey,Survey (6),MPC,16,,2041.0,4.0,0.8,3.0,0.6667,4.0,4.0,4.0,0.8,0.8,0.8,2.5,2.0,3.0,0.7,0.8,0.6,0.0,0.0,,,,,,,,,,,,,,0.0,0.0145092010498046,,paper_bnlearn_alpha001_nowrong_noweight_50rep_mpc_fgs,results/paper_aaai2027/frozen/results/estimated_graphs/paper_bnlearn_alpha001_nowrong_noweight_50rep_mpc_fgs/survey/MPC/run_0015_seed_2041.npz,,paper_bnlearn_alpha001_nowrong_noweight_50rep_mpc_fgs,1.0,,1.0,2.0,,full recorded matched G2 CI trace
survey,Survey (6),MPC,17,,2042.0,5.0,0.6667,6.0,0.0,5.0,5.0,5.0,0.6667,0.6667,0.6667,4.5,3.0,6.0,0.3333166666666667,0.6667,0.0,0.0,0.0,,,,,,,,,,,,,,0.0,0.0082497596740722,,paper_bnlearn_alpha001_nowrong_noweight_50rep_mpc_fgs,results/paper_aaai2027/frozen/results/estimated_graphs/paper_bnlearn_alpha001_nowrong_noweight_50rep_mpc_fgs/survey/MPC/run_0016_seed_2042.npz,,paper_bnlearn_alpha001_nowrong_noweight_50rep_mpc_fgs,1.0,,1.0,6.0,,full recorded matched G2 CI trace
survey,Survey (6),MPC,18,,2043.0,5.0,0.6667,6.0,0.0,5.0,5.0,5.0,0.6667,0.6667,0.6667,4.5,3.0,6.0,0.3333166666666667,0.6667,0.0,0.0,0.0,,,,,,,,,,,,,,0.0,0.0081965923309326,,paper_bnlearn_alpha001_nowrong_noweight_50rep_mpc_fgs,results/paper_aaai2027/frozen/results/estimated_graphs/paper_bnlearn_alpha001_nowrong_noweight_50rep_mpc_fgs/survey/MPC/run_0017_seed_2043.npz,,paper_bnlearn_alpha001_nowrong_noweight_50rep_mpc_fgs,1.0,,1.0,6.0,,full recorded matched G2 CI trace
survey,Survey (6),MPC,19,,2044.0,2.0,0.7273,2.0,0.7273,2.0,2.0,2.0,0.7273,0.7273,0.7273,2.0,2.0,2.0,0.7273,0.7273,0.7273,0.0,0.0,,,,,,,,,,,,,,0.0,0.0156419277191162,,paper_bnlearn_alpha001_nowrong_noweight_50rep_mpc_fgs,results/paper_aaai2027/frozen/results/estimated_graphs/paper_bnlearn_alpha001_nowrong_noweight_50rep_mpc_fgs/survey/MPC/run_0018_seed_2044.npz,,paper_bnlearn_alpha001_nowrong_noweight_50rep_mpc_fgs,1.0,,1.0,1.0,,full recorded matched G2 CI trace
survey,Survey (6),MPC,20,,2045.0,4.0,0.8,6.0,0.0,4.0,4.0,4.0,0.8,0.8,0.8,3.6,2.0,5.0,0.48,0.8,0.2,0.0,0.0,,,,,,,,,,,,,,0.0,0.0157017707824707,,paper_bnlearn_alpha001_nowrong_noweight_50rep_mpc_fgs,results/paper_aaai2027/frozen/results/estimated_graphs/paper_bnlearn_alpha001_nowrong_noweight_50rep_mpc_fgs/survey/MPC/run_0019_seed_2045.npz,,paper_bnlearn_alpha001_nowrong_noweight_50rep_mpc_fgs,1.0,,1.0,5.0,,full recorded matched G2 CI trace
survey,Survey (6),MPC,21,,2046.0,4.0,0.8,6.0,0.0,4.0,4.0,4.0,0.8,0.8,0.8,3.6,2.0,5.0,0.48,0.8,0.2,0.0,0.0,,,,,,,,,,,,,,0.0,0.0149734020233154,,paper_bnlearn_alpha001_nowrong_noweight_50rep_mpc_fgs,results/paper_aaai2027/frozen/results/estimated_graphs/paper_bnlearn_alpha001_nowrong_noweight_50rep_mpc_fgs/survey/MPC/run_0020_seed_2046.npz,,paper_bnlearn_alpha001_nowrong_noweight_50rep_mpc_fgs,1.0,,1.0,5.0,,full recorded matched G2 CI trace
survey,Survey (6),MPC,22,,2047.0,3.0,0.8,4.0,0.5,3.0,3.0,3.0,0.8,0.8,0.8,3.0,2.0,4.0,0.6,0.8,0.4,0.0,0.0,,,,,,,,,,,,,,0.0,0.0159227848052978,,paper_bnlearn_alpha001_nowrong_noweight_50rep_mpc_fgs,results/paper_aaai2027/frozen/results/estimated_graphs/paper_bnlearn_alpha001_nowrong_noweight_50rep_mpc_fgs/survey/MPC/run_0021_seed_2047.npz,,paper_bnlearn_alpha001_nowrong_noweight_50rep_mpc_fgs,1.0,,1.0,3.0,,full recorded matched G2 CI trace
survey,Survey (6),MPC,23,,2048.0,4.0,0.9091,6.0,0.0,4.0,4.0,4.0,0.9091,0.9091,0.9091,,,,,,,0.0,0.0,,,,,,,,,,,,,,,0.0170357227325439,,paper_bnlearn_alpha001_nowrong_noweight_50rep_mpc_fgs,results/paper_aaai2027/frozen/results/estimated_graphs/paper_bnlearn_alpha001_nowrong_noweight_50rep_mpc_fgs/survey/MPC/run_0022_seed_2048.npz,,paper_bnlearn_alpha001_nowrong_noweight_50rep_mpc_fgs,0.0,ValueError: Endpoint graph has no consistent DAG extension,0.0,0.0,,full recorded matched G2 CI trace
survey,Survey (6),MPC,24,,2049.0,2.0,0.7273,2.0,0.7273,2.0,2.0,2.0,0.7273,0.7273,0.7273,2.0,2.0,2.0,0.7273,0.7273,0.7273,0.0,0.0,,,,,,,,,,,,,,0.0,0.0198099613189697,,paper_bnlearn_alpha001_nowrong_noweight_50rep_mpc_fgs,results/paper_aaai2027/frozen/results/estimated_graphs/paper_bnlearn_alpha001_nowrong_noweight_50rep_mpc_fgs/survey/MPC/run_0023_seed_2049.npz,,paper_bnlearn_alpha001_nowrong_noweight_50rep_mpc_fgs,1.0,,1.0,1.0,,full recorded matched G2 CI trace
survey,Survey (6),MPC,25,,2050.0,2.0,0.7273,2.0,0.7273,2.0,2.0,2.0,0.7273,0.7273,0.7273,2.0,2.0,2.0,0.7273,0.7273,0.7273,0.0,0.0,,,,,,,,,,,,,,0.0,0.0204443931579589,,paper_bnlearn_alpha001_nowrong_noweight_50rep_mpc_fgs,results/paper_aaai2027/frozen/results/estimated_graphs/paper_bnlearn_alpha001_nowrong_noweight_50rep_mpc_fgs/survey/MPC/run_0024_seed_2050.npz,,paper_bnlearn_alpha001_nowrong_noweight_50rep_mpc_fgs,1.0,,1.0,1.0,,full recorded matched G2 CI trace
survey,Survey (6),MPC,26,,2051.0,5.0,0.8,6.0,0.0,5.0,5.0,5.0,0.8,0.8,0.8,4.6,3.0,6.0,0.27999999999999997,0.6,0.0,0.0,0.0,,,,,,,,,,,,,,0.0,0.011608600616455,,paper_bnlearn_alpha001_nowrong_noweight_50rep_mpc_fgs,results/paper_aaai2027/frozen/results/estimated_graphs/paper_bnlearn_alpha001_nowrong_noweight_50rep_mpc_fgs/survey/MPC/run_0025_seed_2051.npz,,paper_bnlearn_alpha001_nowrong_noweight_50rep_mpc_fgs,1.0,,1.0,5.0,,full recorded matched G2 CI trace
survey,Survey (6),MPC,27,,2052.0,4.0,0.9091,6.0,0.0,4.0,4.0,4.0,0.9091,0.9091,0.9091,,,,,,,0.0,0.0,,,,,,,,,,,,,,,0.0138354301452636,,paper_bnlearn_alpha001_nowrong_noweight_50rep_mpc_fgs,results/paper_aaai2027/frozen/results/estimated_graphs/paper_bnlearn_alpha001_nowrong_noweight_50rep_mpc_fgs/survey/MPC/run_0026_seed_2052.npz,,paper_bnlearn_alpha001_nowrong_noweight_50rep_mpc_fgs,0.0,ValueError: Endpoint graph has no consistent DAG extension,0.0,0.0,,full recorded matched G2 CI trace
survey,Survey (6),MPC,28,,2053.0,5.0,0.8,6.0,0.0,5.0,5.0,5.0,0.8,0.8,0.8,4.6,3.0,6.0,0.27999999999999997,0.6,0.0,0.0,0.0,,,,,,,,,,,,,,0.0,0.0133686065673828,,paper_bnlearn_alpha001_nowrong_noweight_50rep_mpc_fgs,results/paper_aaai2027/frozen/results/estimated_graphs/paper_bnlearn_alpha001_nowrong_noweight_50rep_mpc_fgs/survey/MPC/run_0027_seed_2053.npz,,paper_bnlearn_alpha001_nowrong_noweight_50rep_mpc_fgs,1.0,,1.0,5.0,,full recorded matched G2 CI trace
survey,Survey (6),MPC,29,,2054.0,2.0,0.7273,2.0,0.7273,2.0,2.0,2.0,0.7273,0.7273,0.7273,2.0,2.0,2.0,0.7273,0.7273,0.7273,0.0,0.0,,,,,,,,,,,,,,0.0,0.0219006538391113,,paper_bnlearn_alpha001_nowrong_noweight_50rep_mpc_fgs,results/paper_aaai2027/frozen/results/estimated_graphs/paper_bnlearn_alpha001_nowrong_noweight_50rep_mpc_fgs/survey/MPC/run_0028_seed_2054.npz,,paper_bnlearn_alpha001_nowrong_noweight_50rep_mpc_fgs,1.0,,1.0,1.0,,full recorded matched G2 CI trace
survey,Survey (6),MPC,30,,2055.0,4.0,0.9091,6.0,0.0,4.0,4.0,4.0,0.9091,0.9091,0.9091,,,,,,,0.0,0.0,,,,,,,,,,,,,,,0.0140659809112548,,paper_bnlearn_alpha001_nowrong_noweight_50rep_mpc_fgs,results/paper_aaai2027/frozen/results/estimated_graphs/paper_bnlearn_alpha001_nowrong_noweight_50rep_mpc_fgs/survey/MPC/run_0029_seed_2055.npz,,paper_bnlearn_alpha001_nowrong_noweight_50rep_mpc_fgs,0.0,ValueError: Endpoint graph has no consistent DAG extension,0.0,0.0,,full recorded matched G2 CI trace
survey,Survey (6),MPC,31,,2056.0,4.0,0.9091,6.0,0.0,4.0,4.0,4.0,0.9091,0.9091,0.9091,,,,,,,0.0,0.0,,,,,,,,,,,,,,,0.0141146183013916,,paper_bnlearn_alpha001_nowrong_noweight_50rep_mpc_fgs,results/paper_aaai2027/frozen/results/estimated_graphs/paper_bnlearn_alpha001_nowrong_noweight_50rep_mpc_fgs/survey/MPC/run_0030_seed_2056.npz,,paper_bnlearn_alpha001_nowrong_noweight_50rep_mpc_fgs,0.0,ValueError: Endpoint graph has no consistent DAG extension,0.0,0.0,,full recorded matched G2 CI trace
survey,Survey (6),MPC,32,,2057.0,5.0,0.6667,6.0,0.0,5.0,5.0,5.0,0.6667,0.6667,0.6667,4.5,3.0,6.0,0.3333166666666667,0.6667,0.0,0.0,0.0,,,,,,,,,,,,,,0.0,0.0099148750305175,,paper_bnlearn_alpha001_nowrong_noweight_50rep_mpc_fgs,results/paper_aaai2027/frozen/results/estimated_graphs/paper_bnlearn_alpha001_nowrong_noweight_50rep_mpc_fgs/survey/MPC/run_0031_seed_2057.npz,,paper_bnlearn_alpha001_nowrong_noweight_50rep_mpc_fgs,1.0,,1.0,6.0,,full recorded matched G2 CI trace
survey,Survey (6),MPC,33,,2058.0,0.0,1.0,0.0,1.0,0.0,0.0,0.0,1.0,1.0,1.0,0.0,0.0,0.0,1.0,1.0,1.0,0.0,0.0,,,,,,,,,,,,,,1.0,0.0205605030059814,,paper_bnlearn_alpha001_nowrong_noweight_50rep_mpc_fgs,results/paper_aaai2027/frozen/results/estimated_graphs/paper_bnlearn_alpha001_nowrong_noweight_50rep_mpc_fgs/survey/MPC/run_0032_seed_2058.npz,,paper_bnlearn_alpha001_nowrong_noweight_50rep_mpc_fgs,1.0,,1.0,1.0,,full recorded matched G2 CI trace
survey,Survey (6),MPC,34,,2059.0,5.0,0.8,6.0,0.0,5.0,5.0,5.0,0.8,0.8,0.8,4.6,3.0,6.0,0.27999999999999997,0.6,0.0,0.0,0.0,,,,,,,,,,,,,,0.0,0.0123913288116455,,paper_bnlearn_alpha001_nowrong_noweight_50rep_mpc_fgs,results/paper_aaai2027/frozen/results/estimated_graphs/paper_bnlearn_alpha001_nowrong_noweight_50rep_mpc_fgs/survey/MPC/run_0033_seed_2059.npz,,paper_bnlearn_alpha001_nowrong_noweight_50rep_mpc_fgs,1.0,,1.0,5.0,,full recorded matched G2 CI trace
survey,Survey (6),MPC,35,,2060.0,4.0,0.7273,6.0,0.0,4.0,4.0,4.0,0.7273,0.7273,0.7273,3.3333333333333335,2.0,5.0,0.48485,0.7273,0.1818,0.0,0.0,,,,,,,,,,,,,,0.0,0.0200111865997314,,paper_bnlearn_alpha001_nowrong_noweight_50rep_mpc_fgs,results/paper_aaai2027/frozen/results/estimated_graphs/paper_bnlearn_alpha001_nowrong_noweight_50rep_mpc_fgs/survey/MPC/run_0034_seed_2060.npz,,paper_bnlearn_alpha001_nowrong_noweight_50rep_mpc_fgs,1.0,,1.0,6.0,,full recorded matched G2 CI trace
survey,Survey (6),MPC,36,,2061.0,5.0,0.8,6.0,0.0,5.0,5.0,5.0,0.8,0.8,0.8,4.6,3.0,6.0,0.27999999999999997,0.6,0.0,0.0,0.0,,,,,,,,,,,,,,0.0,0.012967824935913,,paper_bnlearn_alpha001_nowrong_noweight_50rep_mpc_fgs,results/paper_aaai2027/frozen/results/estimated_graphs/paper_bnlearn_alpha001_nowrong_noweight_50rep_mpc_fgs/survey/MPC/run_0035_seed_2061.npz,,paper_bnlearn_alpha001_nowrong_noweight_50rep_mpc_fgs,1.0,,1.0,5.0,,full recorded matched G2 CI trace
survey,Survey (6),MPC,37,,2062.0,2.0,0.8333,4.0,0.5,2.0,2.0,2.0,0.8333,0.8333,0.8333,2.0,1.0,3.0,0.66666,0.8333,0.5,0.0,0.0,,,,,,,,,,,,,,0.0,0.0251169204711914,,paper_bnlearn_alpha001_nowrong_noweight_50rep_mpc_fgs,results/paper_aaai2027/frozen/results/estimated_graphs/paper_bnlearn_alpha001_nowrong_noweight_50rep_mpc_fgs/survey/MPC/run_0036_seed_2062.npz,,paper_bnlearn_alpha001_nowrong_noweight_50rep_mpc_fgs,1.0,,1.0,5.0,,full recorded matched G2 CI trace
survey,Survey (6),MPC,38,,2063.0,4.0,0.8,3.0,0.6667,4.0,4.0,4.0,0.8,0.8,0.8,2.5,2.0,3.0,0.7,0.8,0.6,0.0,0.0,,,,,,,,,,,,,,0.0,0.0165343284606933,,paper_bnlearn_alpha001_nowrong_noweight_50rep_mpc_fgs,results/paper_aaai2027/frozen/results/estimated_graphs/paper_bnlearn_alpha001_nowrong_noweight_50rep_mpc_fgs/survey/MPC/run_0037_seed_2063.npz,,paper_bnlearn_alpha001_nowrong_noweight_50rep_mpc_fgs,1.0,,1.0,2.0,,full recorded matched G2 CI trace
survey,Survey (6),MPC,39,,2064.0,4.0,0.9091,6.0,0.0,4.0,4.0,4.0,0.9091,0.9091,0.9091,,,,,,,0.0,0.0,,,,,,,,,,,,,,,0.0134150981903076,,paper_bnlearn_alpha001_nowrong_noweight_50rep_mpc_fgs,results/paper_aaai2027/frozen/results/estimated_graphs/paper_bnlearn_alpha001_nowrong_noweight_50rep_mpc_fgs/survey/MPC/run_0038_seed_2064.npz,,paper_bnlearn_alpha001_nowrong_noweight_50rep_mpc_fgs,0.0,ValueError: Endpoint graph has no consistent DAG extension,0.0,0.0,,full recorded matched G2 CI trace
survey,Survey (6),MPC,40,,2065.0,4.0,0.8,6.0,0.0,4.0,4.0,4.0,0.8,0.8,0.8,3.6,2.0,5.0,0.48,0.8,0.2,0.0,0.0,,,,,,,,,,,,,,0.0,0.0124812126159667,,paper_bnlearn_alpha001_nowrong_noweight_50rep_mpc_fgs,results/paper_aaai2027/frozen/results/estimated_graphs/paper_bnlearn_alpha001_nowrong_noweight_50rep_mpc_fgs/survey/MPC/run_0039_seed_2065.npz,,paper_bnlearn_alpha001_nowrong_noweight_50rep_mpc_fgs,1.0,,1.0,5.0,,full recorded matched G2 CI trace
survey,Survey (6),MPC,41,,2066.0,5.0,0.8,6.0,0.0,5.0,5.0,5.0,0.8,0.8,0.8,4.6,3.0,6.0,0.27999999999999997,0.6,0.0,0.0,0.0,,,,,,,,,,,,,,0.0,0.0147089958190917,,paper_bnlearn_alpha001_nowrong_noweight_50rep_mpc_fgs,results/paper_aaai2027/frozen/results/estimated_graphs/paper_bnlearn_alpha001_nowrong_noweight_50rep_mpc_fgs/survey/MPC/run_0040_seed_2066.npz,,paper_bnlearn_alpha001_nowrong_noweight_50rep_mpc_fgs,1.0,,1.0,5.0,,full recorded matched G2 CI trace
survey,Survey (6),MPC,42,,2067.0,5.0,0.8,6.0,0.0,5.0,5.0,5.0,0.8,0.8,0.8,4.6,3.0,6.0,0.27999999999999997,0.6,0.0,0.0,0.0,,,,,,,,,,,,,,0.0,0.0184810161590576,,paper_bnlearn_alpha001_nowrong_noweight_50rep_mpc_fgs,results/paper_aaai2027/frozen/results/estimated_graphs/paper_bnlearn_alpha001_nowrong_noweight_50rep_mpc_fgs/survey/MPC/run_0041_seed_2067.npz,,paper_bnlearn_alpha001_nowrong_noweight_50rep_mpc_fgs,1.0,,1.0,5.0,,full recorded matched G2 CI trace
survey,Survey (6),MPC,43,,2068.0,5.0,0.7273,6.0,0.0,5.0,5.0,5.0,0.7273,0.7273,0.7273,4.333333333333333,3.0,6.0,0.3030333333333333,0.5455,0.0,0.0,0.0,,,,,,,,,,,,,,0.0,0.0188643932342529,,paper_bnlearn_alpha001_nowrong_noweight_50rep_mpc_fgs,results/paper_aaai2027/frozen/results/estimated_graphs/paper_bnlearn_alpha001_nowrong_noweight_50rep_mpc_fgs/survey/MPC/run_0042_seed_2068.npz,,paper_bnlearn_alpha001_nowrong_noweight_50rep_mpc_fgs,1.0,,1.0,6.0,,full recorded matched G2 CI trace
survey,Survey (6),MPC,44,,2069.0,4.0,0.9091,6.0,0.0,4.0,4.0,4.0,0.9091,0.9091,0.9091,,,,,,,0.0,0.0,,,,,,,,,,,,,,,0.0145807266235351,,paper_bnlearn_alpha001_nowrong_noweight_50rep_mpc_fgs,results/paper_aaai2027/frozen/results/estimated_graphs/paper_bnlearn_alpha001_nowrong_noweight_50rep_mpc_fgs/survey/MPC/run_0043_seed_2069.npz,,paper_bnlearn_alpha001_nowrong_noweight_50rep_mpc_fgs,0.0,ValueError: Endpoint graph has no consistent DAG extension,0.0,0.0,,full recorded matched G2 CI trace
survey,Survey (6),MPC,45,,2070.0,4.0,0.9091,6.0,0.0,4.0,4.0,4.0,0.9091,0.9091,0.9091,,,,,,,0.0,0.0,,,,,,,,,,,,,,,0.0152931213378906,,paper_bnlearn_alpha001_nowrong_noweight_50rep_mpc_fgs,results/paper_aaai2027/frozen/results/estimated_graphs/paper_bnlearn_alpha001_nowrong_noweight_50rep_mpc_fgs/survey/MPC/run_0044_seed_2070.npz,,paper_bnlearn_alpha001_nowrong_noweight_50rep_mpc_fgs,0.0,ValueError: Endpoint graph has no consistent DAG extension,0.0,0.0,,full recorded matched G2 CI trace
survey,Survey (6),MPC,46,,2071.0,0.0,1.0,0.0,1.0,0.0,0.0,0.0,1.0,1.0,1.0,0.0,0.0,0.0,1.0,1.0,1.0,0.0,0.0,,,,,,,,,,,,,,1.0,0.022853136062622,,paper_bnlearn_alpha001_nowrong_noweight_50rep_mpc_fgs,results/paper_aaai2027/frozen/results/estimated_graphs/paper_bnlearn_alpha001_nowrong_noweight_50rep_mpc_fgs/survey/MPC/run_0045_seed_2071.npz,,paper_bnlearn_alpha001_nowrong_noweight_50rep_mpc_fgs,1.0,,1.0,1.0,,full recorded matched G2 CI trace
survey,Survey (6),MPC,47,,2072.0,2.0,0.7273,2.0,0.7273,2.0,2.0,2.0,0.7273,0.7273,0.7273,2.0,2.0,2.0,0.7273,0.7273,0.7273,0.0,0.0,,,,,,,,,,,,,,0.0,0.0198440551757812,,paper_bnlearn_alpha001_nowrong_noweight_50rep_mpc_fgs,results/paper_aaai2027/frozen/results/estimated_graphs/paper_bnlearn_alpha001_nowrong_noweight_50rep_mpc_fgs/survey/MPC/run_0046_seed_2072.npz,,paper_bnlearn_alpha001_nowrong_noweight_50rep_mpc_fgs,1.0,,1.0,1.0,,full recorded matched G2 CI trace
survey,Survey (6),MPC,48,,2073.0,0.0,1.0,0.0,1.0,0.0,0.0,0.0,1.0,1.0,1.0,0.0,0.0,0.0,1.0,1.0,1.0,0.0,0.0,,,,,,,,,,,,,,1.0,0.0220704078674316,,paper_bnlearn_alpha001_nowrong_noweight_50rep_mpc_fgs,results/paper_aaai2027/frozen/results/estimated_graphs/paper_bnlearn_alpha001_nowrong_noweight_50rep_mpc_fgs/survey/MPC/run_0047_seed_2073.npz,,paper_bnlearn_alpha001_nowrong_noweight_50rep_mpc_fgs,1.0,,1.0,1.0,,full recorded matched G2 CI trace
survey,Survey (6),MPC,49,,2074.0,4.0,0.8,6.0,0.0,4.0,4.0,4.0,0.8,0.8,0.8,3.6,2.0,5.0,0.48,0.8,0.2,0.0,0.0,,,,,,,,,,,,,,0.0,0.014150857925415,,paper_bnlearn_alpha001_nowrong_noweight_50rep_mpc_fgs,results/paper_aaai2027/frozen/results/estimated_graphs/paper_bnlearn_alpha001_nowrong_noweight_50rep_mpc_fgs/survey/MPC/run_0048_seed_2074.npz,,paper_bnlearn_alpha001_nowrong_noweight_50rep_mpc_fgs,1.0,,1.0,5.0,,full recorded matched G2 CI trace
survey,Survey (6),MPC,50,,2075.0,5.0,0.8,6.0,0.0,5.0,5.0,5.0,0.8,0.8,0.8,4.6,3.0,6.0,0.27999999999999997,0.6,0.0,0.0,0.0,,,,,,,,,,,,,,0.0,0.0140354633331298,,paper_bnlearn_alpha001_nowrong_noweight_50rep_mpc_fgs,results/paper_aaai2027/frozen/results/estimated_graphs/paper_bnlearn_alpha001_nowrong_noweight_50rep_mpc_fgs/survey/MPC/run_0049_seed_2075.npz,,paper_bnlearn_alpha001_nowrong_noweight_50rep_mpc_fgs,1.0,,1.0,5.0,,full recorded matched G2 CI trace
survey,Survey (6),FGS,1,,2026.0,8.0,0.4,6.0,0.4,8.0,8.0,8.0,0.4,0.4,0.4,6.333333333333333,6.0,7.0,0.3333333333333333,0.4,0.2,,,,,,,,,,,,,,,,0.0,0.1610465049743652,,paper_bnlearn_alpha001_nowrong_noweight_50rep_mpc_fgs,results/paper_aaai2027/frozen/results/estimated_graphs/paper_bnlearn_alpha001_nowrong_noweight_50rep_mpc_fgs/survey/FGS/run_0000_seed_2026.npz,,paper_bnlearn_alpha001_nowrong_noweight_50rep_mpc_fgs,1.0,,1.0,3.0,,not applicable (score based)
survey,Survey (6),FGS,2,,2027.0,7.0,0.4444,5.0,0.4444,7.0,7.0,7.0,0.4444,0.4444,0.4444,5.5,5.0,6.0,0.33330000000000004,0.4444,0.2222,,,,,,,,,,,,,,,,0.0,0.102252721786499,,paper_bnlearn_alpha001_nowrong_noweight_50rep_mpc_fgs,results/paper_aaai2027/frozen/results/estimated_graphs/paper_bnlearn_alpha001_nowrong_noweight_50rep_mpc_fgs/survey/FGS/run_0001_seed_2027.npz,,paper_bnlearn_alpha001_nowrong_noweight_50rep_mpc_fgs,1.0,,1.0,2.0,,not applicable (score based)
survey,Survey (6),FGS,3,,2028.0,9.0,0.2,8.0,0.2,9.0,9.0,9.0,0.2,0.2,0.2,8.2,8.0,9.0,0.16,0.2,0.0,,,,,,,,,,,,,,,,0.0,0.1503112316131591,,paper_bnlearn_alpha001_nowrong_noweight_50rep_mpc_fgs,results/paper_aaai2027/frozen/results/estimated_graphs/paper_bnlearn_alpha001_nowrong_noweight_50rep_mpc_fgs/survey/FGS/run_0002_seed_2028.npz,,paper_bnlearn_alpha001_nowrong_noweight_50rep_mpc_fgs,1.0,,1.0,5.0,,not applicable (score based)
survey,Survey (6),FGS,4,,2029.0,8.0,0.2222,7.0,0.2222,8.0,8.0,8.0,0.2222,0.2222,0.2222,7.25,7.0,8.0,0.16665000000000002,0.2222,0.0,,,,,,,,,,,,,,,,0.0,0.1543090343475341,,paper_bnlearn_alpha001_nowrong_noweight_50rep_mpc_fgs,results/paper_aaai2027/frozen/results/estimated_graphs/paper_bnlearn_alpha001_nowrong_noweight_50rep_mpc_fgs/survey/FGS/run_0003_seed_2029.npz,,paper_bnlearn_alpha001_nowrong_noweight_50rep_mpc_fgs,1.0,,1.0,4.0,,not applicable (score based)
survey,Survey (6),FGS,5,,2030.0,9.0,0.1818,8.0,0.1818,9.0,9.0,9.0,0.1818,0.1818,0.1818,8.25,8.0,9.0,0.13635,0.1818,0.0,,,,,,,,,,,,,,,,0.0,0.1626121997833252,,paper_bnlearn_alpha001_nowrong_noweight_50rep_mpc_fgs,results/paper_aaai2027/frozen/results/estimated_graphs/paper_bnlearn_alpha001_nowrong_noweight_50rep_mpc_fgs/survey/FGS/run_0004_seed_2030.npz,,paper_bnlearn_alpha001_nowrong_noweight_50rep_mpc_fgs,1.0,,1.0,4.0,,not applicable (score based)
survey,Survey (6),FGS,6,,2031.0,9.0,0.2,8.0,0.2,9.0,9.0,9.0,0.2,0.2,0.2,8.2,8.0,9.0,0.16,0.2,0.0,,,,,,,,,,,,,,,,0.0,0.1574382781982422,,paper_bnlearn_alpha001_nowrong_noweight_50rep_mpc_fgs,results/paper_aaai2027/frozen/results/estimated_graphs/paper_bnlearn_alpha001_nowrong_noweight_50rep_mpc_fgs/survey/FGS/run_0005_seed_2031.npz,,paper_bnlearn_alpha001_nowrong_noweight_50rep_mpc_fgs,1.0,,1.0,5.0,,not applicable (score based)
survey,Survey (6),FGS,7,,2032.0,8.0,0.2222,7.0,0.2222,8.0,8.0,8.0,0.2222,0.2222,0.2222,7.25,7.0,8.0,0.16665000000000002,0.2222,0.0,,,,,,,,,,,,,,,,0.0,0.1573748588562011,,paper_bnlearn_alpha001_nowrong_noweight_50rep_mpc_fgs,results/paper_aaai2027/frozen/results/estimated_graphs/paper_bnlearn_alpha001_nowrong_noweight_50rep_mpc_fgs/survey/FGS/run_0006_seed_2032.npz,,paper_bnlearn_alpha001_nowrong_noweight_50rep_mpc_fgs,1.0,,1.0,4.0,,not applicable (score based)
survey,Survey (6),FGS,8,,2033.0,8.0,0.2222,7.0,0.2222,8.0,8.0,8.0,0.2222,0.2222,0.2222,7.333333333333333,7.0,8.0,0.14813333333333334,0.2222,0.0,,,,,,,,,,,,,,,,0.0,0.1872272491455078,,paper_bnlearn_alpha001_nowrong_noweight_50rep_mpc_fgs,results/paper_aaai2027/frozen/results/estimated_graphs/paper_bnlearn_alpha001_nowrong_noweight_50rep_mpc_fgs/survey/FGS/run_0007_seed_2033.npz,,paper_bnlearn_alpha001_nowrong_noweight_50rep_mpc_fgs,1.0,,1.0,6.0,,not applicable (score based)
survey,Survey (6),FGS,9,,2034.0,8.0,0.4,6.0,0.4,8.0,8.0,8.0,0.4,0.4,0.4,6.333333333333333,6.0,7.0,0.3333333333333333,0.4,0.2,,,,,,,,,,,,,,,,0.0,0.1502478122711181,,paper_bnlearn_alpha001_nowrong_noweight_50rep_mpc_fgs,results/paper_aaai2027/frozen/results/estimated_graphs/paper_bnlearn_alpha001_nowrong_noweight_50rep_mpc_fgs/survey/FGS/run_0008_seed_2034.npz,,paper_bnlearn_alpha001_nowrong_noweight_50rep_mpc_fgs,1.0,,1.0,3.0,,not applicable (score based)
survey,Survey (6),FGS,10,,2035.0,8.0,0.2222,7.0,0.2222,8.0,8.0,8.0,0.2222,0.2222,0.2222,7.25,7.0,8.0,0.16665000000000002,0.2222,0.0,,,,,,,,,,,,,,,,0.0,0.1082913875579834,,paper_bnlearn_alpha001_nowrong_noweight_50rep_mpc_fgs,results/paper_aaai2027/frozen/results/estimated_graphs/paper_bnlearn_alpha001_nowrong_noweight_50rep_mpc_fgs/survey/FGS/run_0009_seed_2035.npz,,paper_bnlearn_alpha001_nowrong_noweight_50rep_mpc_fgs,1.0,,1.0,4.0,,not applicable (score based)
survey,Survey (6),FGS,11,,2036.0,7.0,0.25,6.0,0.25,7.0,7.0,7.0,0.25,0.25,0.25,6.5,6.0,7.0,0.125,0.25,0.0,,,,,,,,,,,,,,,,0.0,0.1506280899047851,,paper_bnlearn_alpha001_nowrong_noweight_50rep_mpc_fgs,results/paper_aaai2027/frozen/results/estimated_graphs/paper_bnlearn_alpha001_nowrong_noweight_50rep_mpc_fgs/survey/FGS/run_0010_seed_2036.npz,,paper_bnlearn_alpha001_nowrong_noweight_50rep_mpc_fgs,1.0,,1.0,4.0,,not applicable (score based)
survey,Survey (6),FGS,12,,2037.0,7.0,0.25,6.0,0.25,7.0,7.0,7.0,0.25,0.25,0.25,6.5,6.0,7.0,0.125,0.25,0.0,,,,,,,,,,,,,,,,0.0,0.149738073348999,,paper_bnlearn_alpha001_nowrong_noweight_50rep_mpc_fgs,results/paper_aaai2027/frozen/results/estimated_graphs/paper_bnlearn_alpha001_nowrong_noweight_50rep_mpc_fgs/survey/FGS/run_0011_seed_2037.npz,,paper_bnlearn_alpha001_nowrong_noweight_50rep_mpc_fgs,1.0,,1.0,4.0,,not applicable (score based)
survey,Survey (6),FGS,13,,2038.0,9.0,0.1818,8.0,0.1818,9.0,9.0,9.0,0.1818,0.1818,0.1818,8.25,8.0,9.0,0.13635,0.1818,0.0,,,,,,,,,,,,,,,,0.0,0.1575250625610351,,paper_bnlearn_alpha001_nowrong_noweight_50rep_mpc_fgs,results/paper_aaai2027/frozen/results/estimated_graphs/paper_bnlearn_alpha001_nowrong_noweight_50rep_mpc_fgs/survey/FGS/run_0012_seed_2038.npz,,paper_bnlearn_alpha001_nowrong_noweight_50rep_mpc_fgs,1.0,,1.0,4.0,,not applicable (score based)
survey,Survey (6),FGS,14,,2039.0,9.0,0.2,8.0,0.2,9.0,9.0,9.0,0.2,0.2,0.2,8.2,8.0,9.0,0.16,0.2,0.0,,,,,,,,,,,,,,,,0.0,0.1582889556884765,,paper_bnlearn_alpha001_nowrong_noweight_50rep_mpc_fgs,results/paper_aaai2027/frozen/results/estimated_graphs/paper_bnlearn_alpha001_nowrong_noweight_50rep_mpc_fgs/survey/FGS/run_0013_seed_2039.npz,,paper_bnlearn_alpha001_nowrong_noweight_50rep_mpc_fgs,1.0,,1.0,5.0,,not applicable (score based)
survey,Survey (6),FGS,15,,2040.0,8.0,0.4,6.0,0.4,8.0,8.0,8.0,0.4,0.4,0.4,6.333333333333333,6.0,7.0,0.3333333333333333,0.4,0.2,,,,,,,,,,,,,,,,0.0,0.1610147953033447,,paper_bnlearn_alpha001_nowrong_noweight_50rep_mpc_fgs,results/paper_aaai2027/frozen/results/estimated_graphs/paper_bnlearn_alpha001_nowrong_noweight_50rep_mpc_fgs/survey/FGS/run_0014_seed_2040.npz,,paper_bnlearn_alpha001_nowrong_noweight_50rep_mpc_fgs,1.0,,1.0,3.0,,not applicable (score based)
survey,Survey (6),FGS,16,,2041.0,9.0,0.2,8.0,0.2,9.0,9.0,9.0,0.2,0.2,0.2,8.2,8.0,9.0,0.16,0.2,0.0,,,,,,,,,,,,,,,,0.0,0.157999038696289,,paper_bnlearn_alpha001_nowrong_noweight_50rep_mpc_fgs,results/paper_aaai2027/frozen/results/estimated_graphs/paper_bnlearn_alpha001_nowrong_noweight_50rep_mpc_fgs/survey/FGS/run_0015_seed_2041.npz,,paper_bnlearn_alpha001_nowrong_noweight_50rep_mpc_fgs,1.0,,1.0,5.0,,not applicable (score based)
survey,Survey (6),FGS,17,,2042.0,7.0,0.25,6.0,0.25,7.0,7.0,7.0,0.25,0.25,0.25,6.5,6.0,7.0,0.125,0.25,0.0,,,,,,,,,,,,,,,,0.0,0.0947461128234863,,paper_bnlearn_alpha001_nowrong_noweight_50rep_mpc_fgs,results/paper_aaai2027/frozen/results/estimated_graphs/paper_bnlearn_alpha001_nowrong_noweight_50rep_mpc_fgs/survey/FGS/run_0016_seed_2042.npz,,paper_bnlearn_alpha001_nowrong_noweight_50rep_mpc_fgs,1.0,,1.0,4.0,,not applicable (score based)
survey,Survey (6),FGS,18,,2043.0,7.0,0.25,6.0,0.25,7.0,7.0,7.0,0.25,0.25,0.25,6.5,6.0,7.0,0.125,0.25,0.0,,,,,,,,,,,,,,,,0.0,0.0956237316131591,,paper_bnlearn_alpha001_nowrong_noweight_50rep_mpc_fgs,results/paper_aaai2027/frozen/results/estimated_graphs/paper_bnlearn_alpha001_nowrong_noweight_50rep_mpc_fgs/survey/FGS/run_0017_seed_2043.npz,,paper_bnlearn_alpha001_nowrong_noweight_50rep_mpc_fgs,1.0,,1.0,4.0,,not applicable (score based)
survey,Survey (6),FGS,19,,2044.0,7.0,0.4444,5.0,0.4444,7.0,7.0,7.0,0.4444,0.4444,0.4444,5.5,5.0,6.0,0.33330000000000004,0.4444,0.2222,,,,,,,,,,,,,,,,0.0,0.0991971492767334,,paper_bnlearn_alpha001_nowrong_noweight_50rep_mpc_fgs,results/paper_aaai2027/frozen/results/estimated_graphs/paper_bnlearn_alpha001_nowrong_noweight_50rep_mpc_fgs/survey/FGS/run_0018_seed_2044.npz,,paper_bnlearn_alpha001_nowrong_noweight_50rep_mpc_fgs,1.0,,1.0,2.0,,not applicable (score based)
survey,Survey (6),FGS,20,,2045.0,8.0,0.4,6.0,0.4,8.0,8.0,8.0,0.4,0.4,0.4,6.333333333333333,6.0,7.0,0.3333333333333333,0.4,0.2,,,,,,,,,,,,,,,,0.0,0.1417458057403564,,paper_bnlearn_alpha001_nowrong_noweight_50rep_mpc_fgs,results/paper_aaai2027/frozen/results/estimated_graphs/paper_bnlearn_alpha001_nowrong_noweight_50rep_mpc_fgs/survey/FGS/run_0019_seed_2045.npz,,paper_bnlearn_alpha001_nowrong_noweight_50rep_mpc_fgs,1.0,,1.0,3.0,,not applicable (score based)
survey,Survey (6),FGS,21,,2046.0,8.0,0.2222,7.0,0.2222,8.0,8.0,8.0,0.2222,0.2222,0.2222,7.25,7.0,8.0,0.16665000000000002,0.2222,0.0,,,,,,,,,,,,,,,,0.0,0.1183228492736816,,paper_bnlearn_alpha001_nowrong_noweight_50rep_mpc_fgs,results/paper_aaai2027/frozen/results/estimated_graphs/paper_bnlearn_alpha001_nowrong_noweight_50rep_mpc_fgs/survey/FGS/run_0020_seed_2046.npz,,paper_bnlearn_alpha001_nowrong_noweight_50rep_mpc_fgs,1.0,,1.0,4.0,,not applicable (score based)
survey,Survey (6),FGS,22,,2047.0,9.0,0.2,8.0,0.2,9.0,9.0,9.0,0.2,0.2,0.2,8.2,8.0,9.0,0.16,0.2,0.0,,,,,,,,,,,,,,,,0.0,0.1087911128997802,,paper_bnlearn_alpha001_nowrong_noweight_50rep_mpc_fgs,results/paper_aaai2027/frozen/results/estimated_graphs/paper_bnlearn_alpha001_nowrong_noweight_50rep_mpc_fgs/survey/FGS/run_0021_seed_2047.npz,,paper_bnlearn_alpha001_nowrong_noweight_50rep_mpc_fgs,1.0,,1.0,5.0,,not applicable (score based)
survey,Survey (6),FGS,23,,2048.0,8.0,0.4,6.0,0.4,8.0,8.0,8.0,0.4,0.4,0.4,6.333333333333333,6.0,7.0,0.3333333333333333,0.4,0.2,,,,,,,,,,,,,,,,0.0,0.1572589874267578,,paper_bnlearn_alpha001_nowrong_noweight_50rep_mpc_fgs,results/paper_aaai2027/frozen/results/estimated_graphs/paper_bnlearn_alpha001_nowrong_noweight_50rep_mpc_fgs/survey/FGS/run_0022_seed_2048.npz,,paper_bnlearn_alpha001_nowrong_noweight_50rep_mpc_fgs,1.0,,1.0,3.0,,not applicable (score based)
survey,Survey (6),FGS,24,,2049.0,9.0,0.2,8.0,0.2,9.0,9.0,9.0,0.2,0.2,0.2,8.2,8.0,9.0,0.16,0.2,0.0,,,,,,,,,,,,,,,,0.0,0.157118558883667,,paper_bnlearn_alpha001_nowrong_noweight_50rep_mpc_fgs,results/paper_aaai2027/frozen/results/estimated_graphs/paper_bnlearn_alpha001_nowrong_noweight_50rep_mpc_fgs/survey/FGS/run_0023_seed_2049.npz,,paper_bnlearn_alpha001_nowrong_noweight_50rep_mpc_fgs,1.0,,1.0,5.0,,not applicable (score based)
survey,Survey (6),FGS,25,,2050.0,9.0,0.2,8.0,0.2,9.0,9.0,9.0,0.2,0.2,0.2,8.2,8.0,9.0,0.16,0.2,0.0,,,,,,,,,,,,,,,,0.0,0.1029105186462402,,paper_bnlearn_alpha001_nowrong_noweight_50rep_mpc_fgs,results/paper_aaai2027/frozen/results/estimated_graphs/paper_bnlearn_alpha001_nowrong_noweight_50rep_mpc_fgs/survey/FGS/run_0024_seed_2050.npz,,paper_bnlearn_alpha001_nowrong_noweight_50rep_mpc_fgs,1.0,,1.0,5.0,,not applicable (score based)
survey,Survey (6),FGS,26,,2051.0,8.0,0.4,6.0,0.4,8.0,8.0,8.0,0.4,0.4,0.4,6.333333333333333,6.0,7.0,0.3333333333333333,0.4,0.2,,,,,,,,,,,,,,,,0.0,0.1157808303833007,,paper_bnlearn_alpha001_nowrong_noweight_50rep_mpc_fgs,results/paper_aaai2027/frozen/results/estimated_graphs/paper_bnlearn_alpha001_nowrong_noweight_50rep_mpc_fgs/survey/FGS/run_0025_seed_2051.npz,,paper_bnlearn_alpha001_nowrong_noweight_50rep_mpc_fgs,1.0,,1.0,3.0,,not applicable (score based)
survey,Survey (6),FGS,27,,2052.0,8.0,0.4,6.0,0.4,8.0,8.0,8.0,0.4,0.4,0.4,6.333333333333333,6.0,7.0,0.3333333333333333,0.4,0.2,,,,,,,,,,,,,,,,0.0,0.1538069248199463,,paper_bnlearn_alpha001_nowrong_noweight_50rep_mpc_fgs,results/paper_aaai2027/frozen/results/estimated_graphs/paper_bnlearn_alpha001_nowrong_noweight_50rep_mpc_fgs/survey/FGS/run_0026_seed_2052.npz,,paper_bnlearn_alpha001_nowrong_noweight_50rep_mpc_fgs,1.0,,1.0,3.0,,not applicable (score based)
survey,Survey (6),FGS,28,,2053.0,7.0,0.4444,5.0,0.4444,7.0,7.0,7.0,0.4444,0.4444,0.4444,5.5,5.0,6.0,0.33330000000000004,0.4444,0.2222,,,,,,,,,,,,,,,,0.0,0.1030969619750976,,paper_bnlearn_alpha001_nowrong_noweight_50rep_mpc_fgs,results/paper_aaai2027/frozen/results/estimated_graphs/paper_bnlearn_alpha001_nowrong_noweight_50rep_mpc_fgs/survey/FGS/run_0027_seed_2053.npz,,paper_bnlearn_alpha001_nowrong_noweight_50rep_mpc_fgs,1.0,,1.0,2.0,,not applicable (score based)
survey,Survey (6),FGS,29,,2054.0,9.0,0.2,8.0,0.2,9.0,9.0,9.0,0.2,0.2,0.2,8.2,8.0,9.0,0.16,0.2,0.0,,,,,,,,,,,,,,,,0.0,0.1671457290649414,,paper_bnlearn_alpha001_nowrong_noweight_50rep_mpc_fgs,results/paper_aaai2027/frozen/results/estimated_graphs/paper_bnlearn_alpha001_nowrong_noweight_50rep_mpc_fgs/survey/FGS/run_0028_seed_2054.npz,,paper_bnlearn_alpha001_nowrong_noweight_50rep_mpc_fgs,1.0,,1.0,5.0,,not applicable (score based)
survey,Survey (6),FGS,30,,2055.0,8.0,0.2222,7.0,0.2222,8.0,8.0,8.0,0.2222,0.2222,0.2222,7.25,7.0,8.0,0.16665000000000002,0.2222,0.0,,,,,,,,,,,,,,,,0.0,0.1650731563568115,,paper_bnlearn_alpha001_nowrong_noweight_50rep_mpc_fgs,results/paper_aaai2027/frozen/results/estimated_graphs/paper_bnlearn_alpha001_nowrong_noweight_50rep_mpc_fgs/survey/FGS/run_0029_seed_2055.npz,,paper_bnlearn_alpha001_nowrong_noweight_50rep_mpc_fgs,1.0,,1.0,4.0,,not applicable (score based)
survey,Survey (6),FGS,31,,2056.0,8.0,0.4,6.0,0.4,8.0,8.0,8.0,0.4,0.4,0.4,6.333333333333333,6.0,7.0,0.3333333333333333,0.4,0.2,,,,,,,,,,,,,,,,0.0,0.1873486042022705,,paper_bnlearn_alpha001_nowrong_noweight_50rep_mpc_fgs,results/paper_aaai2027/frozen/results/estimated_graphs/paper_bnlearn_alpha001_nowrong_noweight_50rep_mpc_fgs/survey/FGS/run_0030_seed_2056.npz,,paper_bnlearn_alpha001_nowrong_noweight_50rep_mpc_fgs,1.0,,1.0,3.0,,not applicable (score based)
survey,Survey (6),FGS,32,,2057.0,7.0,0.25,6.0,0.25,7.0,7.0,7.0,0.25,0.25,0.25,6.5,6.0,7.0,0.125,0.25,0.0,,,,,,,,,,,,,,,,0.0,0.1646246910095214,,paper_bnlearn_alpha001_nowrong_noweight_50rep_mpc_fgs,results/paper_aaai2027/frozen/results/estimated_graphs/paper_bnlearn_alpha001_nowrong_noweight_50rep_mpc_fgs/survey/FGS/run_0031_seed_2057.npz,,paper_bnlearn_alpha001_nowrong_noweight_50rep_mpc_fgs,1.0,,1.0,4.0,,not applicable (score based)
survey,Survey (6),FGS,33,,2058.0,9.0,0.1818,8.0,0.1818,9.0,9.0,9.0,0.1818,0.1818,0.1818,8.25,8.0,9.0,0.13635,0.1818,0.0,,,,,,,,,,,,,,,,0.0,0.1906313896179199,,paper_bnlearn_alpha001_nowrong_noweight_50rep_mpc_fgs,results/paper_aaai2027/frozen/results/estimated_graphs/paper_bnlearn_alpha001_nowrong_noweight_50rep_mpc_fgs/survey/FGS/run_0032_seed_2058.npz,,paper_bnlearn_alpha001_nowrong_noweight_50rep_mpc_fgs,1.0,,1.0,4.0,,not applicable (score based)
survey,Survey (6),FGS,34,,2059.0,7.0,0.25,6.0,0.25,7.0,7.0,7.0,0.25,0.25,0.25,6.5,6.0,7.0,0.125,0.25,0.0,,,,,,,,,,,,,,,,0.0,0.1597301959991455,,paper_bnlearn_alpha001_nowrong_noweight_50rep_mpc_fgs,results/paper_aaai2027/frozen/results/estimated_graphs/paper_bnlearn_alpha001_nowrong_noweight_50rep_mpc_fgs/survey/FGS/run_0033_seed_2059.npz,,paper_bnlearn_alpha001_nowrong_noweight_50rep_mpc_fgs,1.0,,1.0,4.0,,not applicable (score based)
survey,Survey (6),FGS,35,,2060.0,9.0,0.2,8.0,0.2,9.0,9.0,9.0,0.2,0.2,0.2,8.2,8.0,9.0,0.16,0.2,0.0,,,,,,,,,,,,,,,,0.0,0.1661326885223388,,paper_bnlearn_alpha001_nowrong_noweight_50rep_mpc_fgs,results/paper_aaai2027/frozen/results/estimated_graphs/paper_bnlearn_alpha001_nowrong_noweight_50rep_mpc_fgs/survey/FGS/run_0034_seed_2060.npz,,paper_bnlearn_alpha001_nowrong_noweight_50rep_mpc_fgs,1.0,,1.0,5.0,,not applicable (score based)
survey,Survey (6),FGS,36,,2061.0,8.0,0.2222,7.0,0.2222,8.0,8.0,8.0,0.2222,0.2222,0.2222,7.25,7.0,8.0,0.16665000000000002,0.2222,0.0,,,,,,,,,,,,,,,,0.0,0.1639454364776611,,paper_bnlearn_alpha001_nowrong_noweight_50rep_mpc_fgs,results/paper_aaai2027/frozen/results/estimated_graphs/paper_bnlearn_alpha001_nowrong_noweight_50rep_mpc_fgs/survey/FGS/run_0035_seed_2061.npz,,paper_bnlearn_alpha001_nowrong_noweight_50rep_mpc_fgs,1.0,,1.0,4.0,,not applicable (score based)
survey,Survey (6),FGS,37,,2062.0,9.0,0.2,8.0,0.2,9.0,9.0,9.0,0.2,0.2,0.2,8.2,8.0,9.0,0.16,0.2,0.0,,,,,,,,,,,,,,,,0.0,0.1679120063781738,,paper_bnlearn_alpha001_nowrong_noweight_50rep_mpc_fgs,results/paper_aaai2027/frozen/results/estimated_graphs/paper_bnlearn_alpha001_nowrong_noweight_50rep_mpc_fgs/survey/FGS/run_0036_seed_2062.npz,,paper_bnlearn_alpha001_nowrong_noweight_50rep_mpc_fgs,1.0,,1.0,5.0,,not applicable (score based)
survey,Survey (6),FGS,38,,2063.0,9.0,0.2,8.0,0.2,9.0,9.0,9.0,0.2,0.2,0.2,8.2,8.0,9.0,0.16,0.2,0.0,,,,,,,,,,,,,,,,0.0,0.1683084964752197,,paper_bnlearn_alpha001_nowrong_noweight_50rep_mpc_fgs,results/paper_aaai2027/frozen/results/estimated_graphs/paper_bnlearn_alpha001_nowrong_noweight_50rep_mpc_fgs/survey/FGS/run_0037_seed_2063.npz,,paper_bnlearn_alpha001_nowrong_noweight_50rep_mpc_fgs,1.0,,1.0,5.0,,not applicable (score based)
survey,Survey (6),FGS,39,,2064.0,8.0,0.2222,7.0,0.2222,8.0,8.0,8.0,0.2222,0.2222,0.2222,7.25,7.0,8.0,0.16665000000000002,0.2222,0.0,,,,,,,,,,,,,,,,0.0,0.1638300418853759,,paper_bnlearn_alpha001_nowrong_noweight_50rep_mpc_fgs,results/paper_aaai2027/frozen/results/estimated_graphs/paper_bnlearn_alpha001_nowrong_noweight_50rep_mpc_fgs/survey/FGS/run_0038_seed_2064.npz,,paper_bnlearn_alpha001_nowrong_noweight_50rep_mpc_fgs,1.0,,1.0,4.0,,not applicable (score based)
survey,Survey (6),FGS,40,,2065.0,8.0,0.2222,7.0,0.2222,8.0,8.0,8.0,0.2222,0.2222,0.2222,7.25,7.0,8.0,0.16665000000000002,0.2222,0.0,,,,,,,,,,,,,,,,0.0,0.1632242202758789,,paper_bnlearn_alpha001_nowrong_noweight_50rep_mpc_fgs,results/paper_aaai2027/frozen/results/estimated_graphs/paper_bnlearn_alpha001_nowrong_noweight_50rep_mpc_fgs/survey/FGS/run_0039_seed_2065.npz,,paper_bnlearn_alpha001_nowrong_noweight_50rep_mpc_fgs,1.0,,1.0,4.0,,not applicable (score based)
survey,Survey (6),FGS,41,,2066.0,8.0,0.2222,7.0,0.2222,8.0,8.0,8.0,0.2222,0.2222,0.2222,7.25,7.0,8.0,0.16665000000000002,0.2222,0.0,,,,,,,,,,,,,,,,0.0,0.1669766902923584,,paper_bnlearn_alpha001_nowrong_noweight_50rep_mpc_fgs,results/paper_aaai2027/frozen/results/estimated_graphs/paper_bnlearn_alpha001_nowrong_noweight_50rep_mpc_fgs/survey/FGS/run_0040_seed_2066.npz,,paper_bnlearn_alpha001_nowrong_noweight_50rep_mpc_fgs,1.0,,1.0,4.0,,not applicable (score based)
survey,Survey (6),FGS,42,,2067.0,9.0,0.2,8.0,0.2,9.0,9.0,9.0,0.2,0.2,0.2,8.2,8.0,9.0,0.16,0.2,0.0,,,,,,,,,,,,,,,,0.0,0.1470715999603271,,paper_bnlearn_alpha001_nowrong_noweight_50rep_mpc_fgs,results/paper_aaai2027/frozen/results/estimated_graphs/paper_bnlearn_alpha001_nowrong_noweight_50rep_mpc_fgs/survey/FGS/run_0041_seed_2067.npz,,paper_bnlearn_alpha001_nowrong_noweight_50rep_mpc_fgs,1.0,,1.0,5.0,,not applicable (score based)
survey,Survey (6),FGS,43,,2068.0,9.0,0.1818,8.0,0.1818,9.0,9.0,9.0,0.1818,0.1818,0.1818,8.25,8.0,9.0,0.13635,0.1818,0.0,,,,,,,,,,,,,,,,0.0,0.1649174690246582,,paper_bnlearn_alpha001_nowrong_noweight_50rep_mpc_fgs,results/paper_aaai2027/frozen/results/estimated_graphs/paper_bnlearn_alpha001_nowrong_noweight_50rep_mpc_fgs/survey/FGS/run_0042_seed_2068.npz,,paper_bnlearn_alpha001_nowrong_noweight_50rep_mpc_fgs,1.0,,1.0,4.0,,not applicable (score based)
survey,Survey (6),FGS,44,,2069.0,8.0,0.2222,7.0,0.2222,8.0,8.0,8.0,0.2222,0.2222,0.2222,7.25,7.0,8.0,0.16665000000000002,0.2222,0.0,,,,,,,,,,,,,,,,0.0,0.160881757736206,,paper_bnlearn_alpha001_nowrong_noweight_50rep_mpc_fgs,results/paper_aaai2027/frozen/results/estimated_graphs/paper_bnlearn_alpha001_nowrong_noweight_50rep_mpc_fgs/survey/FGS/run_0043_seed_2069.npz,,paper_bnlearn_alpha001_nowrong_noweight_50rep_mpc_fgs,1.0,,1.0,4.0,,not applicable (score based)
survey,Survey (6),FGS,45,,2070.0,8.0,0.2222,7.0,0.2222,8.0,8.0,8.0,0.2222,0.2222,0.2222,7.25,7.0,8.0,0.16665000000000002,0.2222,0.0,,,,,,,,,,,,,,,,0.0,0.1670832633972168,,paper_bnlearn_alpha001_nowrong_noweight_50rep_mpc_fgs,results/paper_aaai2027/frozen/results/estimated_graphs/paper_bnlearn_alpha001_nowrong_noweight_50rep_mpc_fgs/survey/FGS/run_0044_seed_2070.npz,,paper_bnlearn_alpha001_nowrong_noweight_50rep_mpc_fgs,1.0,,1.0,4.0,,not applicable (score based)
survey,Survey (6),FGS,46,,2071.0,9.0,0.2,8.0,0.2,9.0,9.0,9.0,0.2,0.2,0.2,8.2,8.0,9.0,0.16,0.2,0.0,,,,,,,,,,,,,,,,0.0,0.1635491847991943,,paper_bnlearn_alpha001_nowrong_noweight_50rep_mpc_fgs,results/paper_aaai2027/frozen/results/estimated_graphs/paper_bnlearn_alpha001_nowrong_noweight_50rep_mpc_fgs/survey/FGS/run_0045_seed_2071.npz,,paper_bnlearn_alpha001_nowrong_noweight_50rep_mpc_fgs,1.0,,1.0,5.0,,not applicable (score based)
survey,Survey (6),FGS,47,,2072.0,9.0,0.2,8.0,0.2,9.0,9.0,9.0,0.2,0.2,0.2,8.2,8.0,9.0,0.16,0.2,0.0,,,,,,,,,,,,,,,,0.0,0.1635041236877441,,paper_bnlearn_alpha001_nowrong_noweight_50rep_mpc_fgs,results/paper_aaai2027/frozen/results/estimated_graphs/paper_bnlearn_alpha001_nowrong_noweight_50rep_mpc_fgs/survey/FGS/run_0046_seed_2072.npz,,paper_bnlearn_alpha001_nowrong_noweight_50rep_mpc_fgs,1.0,,1.0,5.0,,not applicable (score based)
survey,Survey (6),FGS,48,,2073.0,9.0,0.2,8.0,0.2,9.0,9.0,9.0,0.2,0.2,0.2,8.2,8.0,9.0,0.16,0.2,0.0,,,,,,,,,,,,,,,,0.0,0.1086945533752441,,paper_bnlearn_alpha001_nowrong_noweight_50rep_mpc_fgs,results/paper_aaai2027/frozen/results/estimated_graphs/paper_bnlearn_alpha001_nowrong_noweight_50rep_mpc_fgs/survey/FGS/run_0047_seed_2073.npz,,paper_bnlearn_alpha001_nowrong_noweight_50rep_mpc_fgs,1.0,,1.0,5.0,,not applicable (score based)
survey,Survey (6),FGS,49,,2074.0,8.0,0.2222,7.0,0.2222,8.0,8.0,8.0,0.2222,0.2222,0.2222,7.25,7.0,8.0,0.16665000000000002,0.2222,0.0,,,,,,,,,,,,,,,,0.0,0.1629161834716797,,paper_bnlearn_alpha001_nowrong_noweight_50rep_mpc_fgs,results/paper_aaai2027/frozen/results/estimated_graphs/paper_bnlearn_alpha001_nowrong_noweight_50rep_mpc_fgs/survey/FGS/run_0048_seed_2074.npz,,paper_bnlearn_alpha001_nowrong_noweight_50rep_mpc_fgs,1.0,,1.0,4.0,,not applicable (score based)
survey,Survey (6),FGS,50,,2075.0,8.0,0.2222,7.0,0.2222,8.0,8.0,8.0,0.2222,0.2222,0.2222,7.25,7.0,8.0,0.16665000000000002,0.2222,0.0,,,,,,,,,,,,,,,,0.0,0.1594688892364502,,paper_bnlearn_alpha001_nowrong_noweight_50rep_mpc_fgs,results/paper_aaai2027/frozen/results/estimated_graphs/paper_bnlearn_alpha001_nowrong_noweight_50rep_mpc_fgs/survey/FGS/run_0049_seed_2075.npz,,paper_bnlearn_alpha001_nowrong_noweight_50rep_mpc_fgs,1.0,,1.0,4.0,,not applicable (score based)
survey,Survey (6),ASPCR-DAG,1,,2026.0,4.0,0.4,4.0,0.4,4.0,4.0,4.0,0.4,0.4,0.4,4.0,4.0,4.0,0.4,0.4,0.4,0.0,0.0,,,,,,,,,,,,,,,38.8365614414215,,paper_aspcr_dag_alpha001_n5000_50rep,results/paper_aaai2027/frozen/results/estimated_graphs/paper_aspcr_dag_alpha001_n5000_50rep/survey/ASPCR-DAG-log/run_0000_seed_2026.npz,results/paper_aaai2027/frozen/results/aspcr_matched/paper_aspcr_dag_alpha001_n5000_50rep/results/aspcr_log-weights_dag_sufficient_survey_2026_constraints.csv,paper_aspcr_dag_alpha001_n5000_50rep,,,1.0,1.0,corrected_dag_complete,complete native ASPCR CI trace
survey,Survey (6),ASPCR-DAG,2,,2027.0,3.0,0.6667,3.0,0.6667,3.0,3.0,3.0,0.6667,0.6667,0.6667,3.0,3.0,3.0,0.6667,0.6667,0.6667,0.0,0.0,,,,,,,,,,,,,,,38.9140050411224,,paper_aspcr_dag_alpha001_n5000_50rep,results/paper_aaai2027/frozen/results/estimated_graphs/paper_aspcr_dag_alpha001_n5000_50rep/survey/ASPCR-DAG-log/run_0001_seed_2027.npz,results/paper_aaai2027/frozen/results/aspcr_matched/paper_aspcr_dag_alpha001_n5000_50rep/results/aspcr_log-weights_dag_sufficient_survey_2027_constraints.csv,paper_aspcr_dag_alpha001_n5000_50rep,,,1.0,1.0,corrected_dag_complete,complete native ASPCR CI trace
survey,Survey (6),ASPCR-DAG,3,,2028.0,5.0,0.4,5.0,0.2,5.0,5.0,5.0,0.4,0.4,0.4,5.0,5.0,5.0,0.2,0.2,0.2,0.0,0.0,,,,,,,,,,,,,,,39.4289591312408,,paper_aspcr_dag_alpha001_n5000_50rep,results/paper_aaai2027/frozen/results/estimated_graphs/paper_aspcr_dag_alpha001_n5000_50rep/survey/ASPCR-DAG-log/run_0002_seed_2028.npz,results/paper_aaai2027/frozen/results/aspcr_matched/paper_aspcr_dag_alpha001_n5000_50rep/results/aspcr_log-weights_dag_sufficient_survey_2028_constraints.csv,paper_aspcr_dag_alpha001_n5000_50rep,,,1.0,1.0,corrected_dag_complete,complete native ASPCR CI trace
survey,Survey (6),ASPCR-DAG,4,,2029.0,4.0,0.6667,4.0,0.4444,4.0,4.0,4.0,0.6667,0.6667,0.6667,4.0,4.0,4.0,0.4444,0.4444,0.4444,0.0,0.0,,,,,,,,,,,,,,,39.3585419654846,,paper_aspcr_dag_alpha001_n5000_50rep,results/paper_aaai2027/frozen/results/estimated_graphs/paper_aspcr_dag_alpha001_n5000_50rep/survey/ASPCR-DAG-log/run_0003_seed_2029.npz,results/paper_aaai2027/frozen/results/aspcr_matched/paper_aspcr_dag_alpha001_n5000_50rep/results/aspcr_log-weights_dag_sufficient_survey_2029_constraints.csv,paper_aspcr_dag_alpha001_n5000_50rep,,,1.0,1.0,corrected_dag_complete,complete native ASPCR CI trace
survey,Survey (6),ASPCR-DAG,5,,2030.0,3.0,0.5455,3.0,0.5455,3.0,3.0,3.0,0.5455,0.5455,0.5455,3.0,3.0,3.0,0.5455,0.5455,0.5455,0.0,0.0,,,,,,,,,,,,,,,39.6432256698608,,paper_aspcr_dag_alpha001_n5000_50rep,results/paper_aaai2027/frozen/results/estimated_graphs/paper_aspcr_dag_alpha001_n5000_50rep/survey/ASPCR-DAG-log/run_0004_seed_2030.npz,results/paper_aaai2027/frozen/results/aspcr_matched/paper_aspcr_dag_alpha001_n5000_50rep/results/aspcr_log-weights_dag_sufficient_survey_2030_constraints.csv,paper_aspcr_dag_alpha001_n5000_50rep,,,1.0,1.0,corrected_dag_complete,complete native ASPCR CI trace
survey,Survey (6),ASPCR-DAG,6,,2031.0,4.0,0.6,3.0,0.6,4.0,4.0,4.0,0.6,0.6,0.6,3.0,3.0,3.0,0.6,0.6,0.6,0.0,0.0,,,,,,,,,,,,,,,40.1870713233948,,paper_aspcr_dag_alpha001_n5000_50rep,results/paper_aaai2027/frozen/results/estimated_graphs/paper_aspcr_dag_alpha001_n5000_50rep/survey/ASPCR-DAG-log/run_0005_seed_2031.npz,results/paper_aaai2027/frozen/results/aspcr_matched/paper_aspcr_dag_alpha001_n5000_50rep/results/aspcr_log-weights_dag_sufficient_survey_2031_constraints.csv,paper_aspcr_dag_alpha001_n5000_50rep,,,1.0,1.0,corrected_dag_complete,complete native ASPCR CI trace
survey,Survey (6),ASPCR-DAG,7,,2032.0,5.0,0.6,5.0,0.4,5.0,5.0,5.0,0.6,0.6,0.6,5.0,5.0,5.0,0.4,0.4,0.4,0.0,0.0,,,,,,,,,,,,,,,38.5021014213562,,paper_aspcr_dag_alpha001_n5000_50rep,results/paper_aaai2027/frozen/results/estimated_graphs/paper_aspcr_dag_alpha001_n5000_50rep/survey/ASPCR-DAG-log/run_0006_seed_2032.npz,results/paper_aaai2027/frozen/results/aspcr_matched/paper_aspcr_dag_alpha001_n5000_50rep/results/aspcr_log-weights_dag_sufficient_survey_2032_constraints.csv,paper_aspcr_dag_alpha001_n5000_50rep,,,1.0,1.0,corrected_dag_complete,complete native ASPCR CI trace
survey,Survey (6),ASPCR-DAG,8,,2033.0,5.0,0.4444,4.0,0.4444,5.0,5.0,5.0,0.4444,0.4444,0.4444,4.0,4.0,4.0,0.4444,0.4444,0.4444,0.0,0.0,,,,,,,,,,,,,,,38.70183801651,,paper_aspcr_dag_alpha001_n5000_50rep,results/paper_aaai2027/frozen/results/estimated_graphs/paper_aspcr_dag_alpha001_n5000_50rep/survey/ASPCR-DAG-log/run_0007_seed_2033.npz,results/paper_aaai2027/frozen/results/aspcr_matched/paper_aspcr_dag_alpha001_n5000_50rep/results/aspcr_log-weights_dag_sufficient_survey_2033_constraints.csv,paper_aspcr_dag_alpha001_n5000_50rep,,,1.0,1.0,corrected_dag_complete,complete native ASPCR CI trace
survey,Survey (6),ASPCR-DAG,9,,2034.0,6.0,0.5455,5.0,0.3636,6.0,6.0,6.0,0.5455,0.5455,0.5455,5.0,5.0,5.0,0.3636,0.3636,0.3636,0.0,0.0,,,,,,,,,,,,,,,39.5150883197784,,paper_aspcr_dag_alpha001_n5000_50rep,results/paper_aaai2027/frozen/results/estimated_graphs/paper_aspcr_dag_alpha001_n5000_50rep/survey/ASPCR-DAG-log/run_0008_seed_2034.npz,results/paper_aaai2027/frozen/results/aspcr_matched/paper_aspcr_dag_alpha001_n5000_50rep/results/aspcr_log-weights_dag_sufficient_survey_2034_constraints.csv,paper_aspcr_dag_alpha001_n5000_50rep,,,1.0,1.0,corrected_dag_complete,complete native ASPCR CI trace
survey,Survey (6),ASPCR-DAG,10,,2035.0,6.0,0.2222,5.0,0.2222,6.0,6.0,6.0,0.2222,0.2222,0.2222,5.0,5.0,5.0,0.2222,0.2222,0.2222,0.0,0.0,,,,,,,,,,,,,,,41.061705827713,,paper_aspcr_dag_alpha001_n5000_50rep,results/paper_aaai2027/frozen/results/estimated_graphs/paper_aspcr_dag_alpha001_n5000_50rep/survey/ASPCR-DAG-log/run_0009_seed_2035.npz,results/paper_aaai2027/frozen/results/aspcr_matched/paper_aspcr_dag_alpha001_n5000_50rep/results/aspcr_log-weights_dag_sufficient_survey_2035_constraints.csv,paper_aspcr_dag_alpha001_n5000_50rep,,,1.0,1.0,corrected_dag_complete,complete native ASPCR CI trace
survey,Survey (6),ASPCR-DAG,11,,2036.0,5.0,0.4444,5.0,0.2222,5.0,5.0,5.0,0.4444,0.4444,0.4444,5.0,5.0,5.0,0.2222,0.2222,0.2222,0.0,0.0,,,,,,,,,,,,,,,38.261239528656,,paper_aspcr_dag_alpha001_n5000_50rep,results/paper_aaai2027/frozen/results/estimated_graphs/paper_aspcr_dag_alpha001_n5000_50rep/survey/ASPCR-DAG-log/run_0010_seed_2036.npz,results/paper_aaai2027/frozen/results/aspcr_matched/paper_aspcr_dag_alpha001_n5000_50rep/results/aspcr_log-weights_dag_sufficient_survey_2036_constraints.csv,paper_aspcr_dag_alpha001_n5000_50rep,,,1.0,1.0,corrected_dag_complete,complete native ASPCR CI trace
survey,Survey (6),ASPCR-DAG,12,,2037.0,5.0,0.5,6.0,0.0,5.0,5.0,5.0,0.5,0.5,0.5,6.0,6.0,6.0,0.0,0.0,0.0,0.0,0.0,,,,,,,,,,,,,,,38.8981966972351,,paper_aspcr_dag_alpha001_n5000_50rep,results/paper_aaai2027/frozen/results/estimated_graphs/paper_aspcr_dag_alpha001_n5000_50rep/survey/ASPCR-DAG-log/run_0011_seed_2037.npz,results/paper_aaai2027/frozen/results/aspcr_matched/paper_aspcr_dag_alpha001_n5000_50rep/results/aspcr_log-weights_dag_sufficient_survey_2037_constraints.csv,paper_aspcr_dag_alpha001_n5000_50rep,,,1.0,1.0,corrected_dag_complete,complete native ASPCR CI trace
survey,Survey (6),ASPCR-DAG,13,,2038.0,2.0,0.7273,2.0,0.7273,2.0,2.0,2.0,0.7273,0.7273,0.7273,2.0,2.0,2.0,0.7273,0.7273,0.7273,0.0,0.0,,,,,,,,,,,,,,,38.737283706665,,paper_aspcr_dag_alpha001_n5000_50rep,results/paper_aaai2027/frozen/results/estimated_graphs/paper_aspcr_dag_alpha001_n5000_50rep/survey/ASPCR-DAG-log/run_0012_seed_2038.npz,results/paper_aaai2027/frozen/results/aspcr_matched/paper_aspcr_dag_alpha001_n5000_50rep/results/aspcr_log-weights_dag_sufficient_survey_2038_constraints.csv,paper_aspcr_dag_alpha001_n5000_50rep,,,1.0,1.0,corrected_dag_complete,complete native ASPCR CI trace
survey,Survey (6),ASPCR-DAG,14,,2039.0,2.0,0.7273,3.0,0.5455,2.0,2.0,2.0,0.7273,0.7273,0.7273,3.0,3.0,3.0,0.5455,0.5455,0.5455,0.0,0.0,,,,,,,,,,,,,,,39.7392275333405,,paper_aspcr_dag_alpha001_n5000_50rep,results/paper_aaai2027/frozen/results/estimated_graphs/paper_aspcr_dag_alpha001_n5000_50rep/survey/ASPCR-DAG-log/run_0013_seed_2039.npz,results/paper_aaai2027/frozen/results/aspcr_matched/paper_aspcr_dag_alpha001_n5000_50rep/results/aspcr_log-weights_dag_sufficient_survey_2039_constraints.csv,paper_aspcr_dag_alpha001_n5000_50rep,,,1.0,1.0,corrected_dag_complete,complete native ASPCR CI trace
survey,Survey (6),ASPCR-DAG,15,,2040.0,4.0,0.4,4.0,0.4,4.0,4.0,4.0,0.4,0.4,0.4,4.0,4.0,4.0,0.4,0.4,0.4,0.0,0.0,,,,,,,,,,,,,,,39.1030795574188,,paper_aspcr_dag_alpha001_n5000_50rep,results/paper_aaai2027/frozen/results/estimated_graphs/paper_aspcr_dag_alpha001_n5000_50rep/survey/ASPCR-DAG-log/run_0014_seed_2040.npz,results/paper_aaai2027/frozen/results/aspcr_matched/paper_aspcr_dag_alpha001_n5000_50rep/results/aspcr_log-weights_dag_sufficient_survey_2040_constraints.csv,paper_aspcr_dag_alpha001_n5000_50rep,,,1.0,1.0,corrected_dag_complete,complete native ASPCR CI trace
survey,Survey (6),ASPCR-DAG,16,,2041.0,4.0,0.6,5.0,0.2,4.0,4.0,4.0,0.6,0.6,0.6,5.0,5.0,5.0,0.2,0.2,0.2,0.0,0.0,,,,,,,,,,,,,,,40.1845815181732,,paper_aspcr_dag_alpha001_n5000_50rep,results/paper_aaai2027/frozen/results/estimated_graphs/paper_aspcr_dag_alpha001_n5000_50rep/survey/ASPCR-DAG-log/run_0015_seed_2041.npz,results/paper_aaai2027/frozen/results/aspcr_matched/paper_aspcr_dag_alpha001_n5000_50rep/results/aspcr_log-weights_dag_sufficient_survey_2041_constraints.csv,paper_aspcr_dag_alpha001_n5000_50rep,,,1.0,1.0,corrected_dag_complete,complete native ASPCR CI trace
survey,Survey (6),ASPCR-DAG,17,,2042.0,5.0,0.4444,4.0,0.4444,5.0,5.0,5.0,0.4444,0.4444,0.4444,4.0,4.0,4.0,0.4444,0.4444,0.4444,0.0,0.0,,,,,,,,,,,,,,,38.8948740959167,,paper_aspcr_dag_alpha001_n5000_50rep,results/paper_aaai2027/frozen/results/estimated_graphs/paper_aspcr_dag_alpha001_n5000_50rep/survey/ASPCR-DAG-log/run_0016_seed_2042.npz,results/paper_aaai2027/frozen/results/aspcr_matched/paper_aspcr_dag_alpha001_n5000_50rep/results/aspcr_log-weights_dag_sufficient_survey_2042_constraints.csv,paper_aspcr_dag_alpha001_n5000_50rep,,,1.0,1.0,corrected_dag_complete,complete native ASPCR CI trace
survey,Survey (6),ASPCR-DAG,18,,2043.0,5.0,0.5,5.0,0.25,5.0,5.0,5.0,0.5,0.5,0.5,5.0,5.0,5.0,0.25,0.25,0.25,0.0,0.0,,,,,,,,,,,,,,,38.8092274665833,,paper_aspcr_dag_alpha001_n5000_50rep,results/paper_aaai2027/frozen/results/estimated_graphs/paper_aspcr_dag_alpha001_n5000_50rep/survey/ASPCR-DAG-log/run_0017_seed_2043.npz,results/paper_aaai2027/frozen/results/aspcr_matched/paper_aspcr_dag_alpha001_n5000_50rep/results/aspcr_log-weights_dag_sufficient_survey_2043_constraints.csv,paper_aspcr_dag_alpha001_n5000_50rep,,,1.0,1.0,corrected_dag_complete,complete native ASPCR CI trace
survey,Survey (6),ASPCR-DAG,19,,2044.0,5.0,0.6,5.0,0.2,5.0,5.0,5.0,0.6,0.6,0.6,5.0,5.0,5.0,0.2,0.2,0.2,0.0,0.0,,,,,,,,,,,,,,,39.5342843532562,,paper_aspcr_dag_alpha001_n5000_50rep,results/paper_aaai2027/frozen/results/estimated_graphs/paper_aspcr_dag_alpha001_n5000_50rep/survey/ASPCR-DAG-log/run_0018_seed_2044.npz,results/paper_aaai2027/frozen/results/aspcr_matched/paper_aspcr_dag_alpha001_n5000_50rep/results/aspcr_log-weights_dag_sufficient_survey_2044_constraints.csv,paper_aspcr_dag_alpha001_n5000_50rep,,,1.0,1.0,corrected_dag_complete,complete native ASPCR CI trace
survey,Survey (6),ASPCR-DAG,20,,2045.0,2.0,0.8,2.0,0.8,2.0,2.0,2.0,0.8,0.8,0.8,2.0,2.0,2.0,0.8,0.8,0.8,0.0,0.0,,,,,,,,,,,,,,,39.1567225456238,,paper_aspcr_dag_alpha001_n5000_50rep,results/paper_aaai2027/frozen/results/estimated_graphs/paper_aspcr_dag_alpha001_n5000_50rep/survey/ASPCR-DAG-log/run_0019_seed_2045.npz,results/paper_aaai2027/frozen/results/aspcr_matched/paper_aspcr_dag_alpha001_n5000_50rep/results/aspcr_log-weights_dag_sufficient_survey_2045_constraints.csv,paper_aspcr_dag_alpha001_n5000_50rep,,,1.0,1.0,corrected_dag_complete,complete native ASPCR CI trace
survey,Survey (6),ASPCR-DAG,21,,2046.0,5.0,0.4444,5.0,0.2222,5.0,5.0,5.0,0.4444,0.4444,0.4444,5.0,5.0,5.0,0.2222,0.2222,0.2222,0.0,0.0,,,,,,,,,,,,,,,39.1561896800995,,paper_aspcr_dag_alpha001_n5000_50rep,results/paper_aaai2027/frozen/results/estimated_graphs/paper_aspcr_dag_alpha001_n5000_50rep/survey/ASPCR-DAG-log/run_0020_seed_2046.npz,results/paper_aaai2027/frozen/results/aspcr_matched/paper_aspcr_dag_alpha001_n5000_50rep/results/aspcr_log-weights_dag_sufficient_survey_2046_constraints.csv,paper_aspcr_dag_alpha001_n5000_50rep,,,1.0,1.0,corrected_dag_complete,complete native ASPCR CI trace
survey,Survey (6),ASPCR-DAG,22,,2047.0,5.0,0.4,4.0,0.4,5.0,5.0,5.0,0.4,0.4,0.4,4.0,4.0,4.0,0.4,0.4,0.4,0.0,0.0,,,,,,,,,,,,,,,40.1559035778046,,paper_aspcr_dag_alpha001_n5000_50rep,results/paper_aaai2027/frozen/results/estimated_graphs/paper_aspcr_dag_alpha001_n5000_50rep/survey/ASPCR-DAG-log/run_0021_seed_2047.npz,results/paper_aaai2027/frozen/results/aspcr_matched/paper_aspcr_dag_alpha001_n5000_50rep/results/aspcr_log-weights_dag_sufficient_survey_2047_constraints.csv,paper_aspcr_dag_alpha001_n5000_50rep,,,1.0,1.0,corrected_dag_complete,complete native ASPCR CI trace
survey,Survey (6),ASPCR-DAG,23,,2048.0,5.0,0.6,3.0,0.6,5.0,5.0,5.0,0.6,0.6,0.6,3.0,3.0,3.0,0.6,0.6,0.6,0.0,0.0,,,,,,,,,,,,,,,39.2132384777069,,paper_aspcr_dag_alpha001_n5000_50rep,results/paper_aaai2027/frozen/results/estimated_graphs/paper_aspcr_dag_alpha001_n5000_50rep/survey/ASPCR-DAG-log/run_0022_seed_2048.npz,results/paper_aaai2027/frozen/results/aspcr_matched/paper_aspcr_dag_alpha001_n5000_50rep/results/aspcr_log-weights_dag_sufficient_survey_2048_constraints.csv,paper_aspcr_dag_alpha001_n5000_50rep,,,1.0,1.0,corrected_dag_complete,complete native ASPCR CI trace
survey,Survey (6),ASPCR-DAG,24,,2049.0,5.0,0.4,4.0,0.4,5.0,5.0,5.0,0.4,0.4,0.4,4.0,4.0,4.0,0.4,0.4,0.4,0.0,0.0,,,,,,,,,,,,,,,39.3782227039337,,paper_aspcr_dag_alpha001_n5000_50rep,results/paper_aaai2027/frozen/results/estimated_graphs/paper_aspcr_dag_alpha001_n5000_50rep/survey/ASPCR-DAG-log/run_0023_seed_2049.npz,results/paper_aaai2027/frozen/results/aspcr_matched/paper_aspcr_dag_alpha001_n5000_50rep/results/aspcr_log-weights_dag_sufficient_survey_2049_constraints.csv,paper_aspcr_dag_alpha001_n5000_50rep,,,1.0,1.0,corrected_dag_complete,complete native ASPCR CI trace
survey,Survey (6),ASPCR-DAG,25,,2050.0,3.0,0.6667,4.0,0.5,3.0,3.0,3.0,0.6667,0.6667,0.6667,4.0,4.0,4.0,0.5,0.5,0.5,0.0,0.0,,,,,,,,,,,,,,,38.7577297687531,,paper_aspcr_dag_alpha001_n5000_50rep,results/paper_aaai2027/frozen/results/estimated_graphs/paper_aspcr_dag_alpha001_n5000_50rep/survey/ASPCR-DAG-log/run_0024_seed_2050.npz,results/paper_aaai2027/frozen/results/aspcr_matched/paper_aspcr_dag_alpha001_n5000_50rep/results/aspcr_log-weights_dag_sufficient_survey_2050_constraints.csv,paper_aspcr_dag_alpha001_n5000_50rep,,,1.0,1.0,corrected_dag_complete,complete native ASPCR CI trace
survey,Survey (6),ASPCR-DAG,26,,2051.0,4.0,0.4,4.0,0.4,4.0,4.0,4.0,0.4,0.4,0.4,4.0,4.0,4.0,0.4,0.4,0.4,0.0,0.0,,,,,,,,,,,,,,,38.2879598140717,,paper_aspcr_dag_alpha001_n5000_50rep,results/paper_aaai2027/frozen/results/estimated_graphs/paper_aspcr_dag_alpha001_n5000_50rep/survey/ASPCR-DAG-log/run_0025_seed_2051.npz,results/paper_aaai2027/frozen/results/aspcr_matched/paper_aspcr_dag_alpha001_n5000_50rep/results/aspcr_log-weights_dag_sufficient_survey_2051_constraints.csv,paper_aspcr_dag_alpha001_n5000_50rep,,,1.0,1.0,corrected_dag_complete,complete native ASPCR CI trace
survey,Survey (6),ASPCR-DAG,27,,2052.0,2.0,0.8,3.0,0.6,2.0,2.0,2.0,0.8,0.8,0.8,3.0,3.0,3.0,0.6,0.6,0.6,0.0,0.0,,,,,,,,,,,,,,,38.3459467887878,,paper_aspcr_dag_alpha001_n5000_50rep,results/paper_aaai2027/frozen/results/estimated_graphs/paper_aspcr_dag_alpha001_n5000_50rep/survey/ASPCR-DAG-log/run_0026_seed_2052.npz,results/paper_aaai2027/frozen/results/aspcr_matched/paper_aspcr_dag_alpha001_n5000_50rep/results/aspcr_log-weights_dag_sufficient_survey_2052_constraints.csv,paper_aspcr_dag_alpha001_n5000_50rep,,,1.0,1.0,corrected_dag_complete,complete native ASPCR CI trace
survey,Survey (6),ASPCR-DAG,28,,2053.0,5.0,0.6,5.0,0.2,5.0,5.0,5.0,0.6,0.6,0.6,5.0,5.0,5.0,0.2,0.2,0.2,0.0,0.0,,,,,,,,,,,,,,,38.7052962779999,,paper_aspcr_dag_alpha001_n5000_50rep,results/paper_aaai2027/frozen/results/estimated_graphs/paper_aspcr_dag_alpha001_n5000_50rep/survey/ASPCR-DAG-log/run_0027_seed_2053.npz,results/paper_aaai2027/frozen/results/aspcr_matched/paper_aspcr_dag_alpha001_n5000_50rep/results/aspcr_log-weights_dag_sufficient_survey_2053_constraints.csv,paper_aspcr_dag_alpha001_n5000_50rep,,,1.0,1.0,corrected_dag_complete,complete native ASPCR CI trace
survey,Survey (6),ASPCR-DAG,29,,2054.0,6.0,0.3636,5.0,0.3636,6.0,6.0,6.0,0.3636,0.3636,0.3636,5.0,5.0,5.0,0.3636,0.3636,0.3636,0.0,0.0,,,,,,,,,,,,,,,38.9273068904877,,paper_aspcr_dag_alpha001_n5000_50rep,results/paper_aaai2027/frozen/results/estimated_graphs/paper_aspcr_dag_alpha001_n5000_50rep/survey/ASPCR-DAG-log/run_0028_seed_2054.npz,results/paper_aaai2027/frozen/results/aspcr_matched/paper_aspcr_dag_alpha001_n5000_50rep/results/aspcr_log-weights_dag_sufficient_survey_2054_constraints.csv,paper_aspcr_dag_alpha001_n5000_50rep,,,1.0,1.0,corrected_dag_complete,complete native ASPCR CI trace
survey,Survey (6),ASPCR-DAG,30,,2055.0,4.0,0.6667,5.0,0.2222,4.0,4.0,4.0,0.6667,0.6667,0.6667,5.0,5.0,5.0,0.2222,0.2222,0.2222,0.0,0.0,,,,,,,,,,,,,,,40.4176700115204,,paper_aspcr_dag_alpha001_n5000_50rep,results/paper_aaai2027/frozen/results/estimated_graphs/paper_aspcr_dag_alpha001_n5000_50rep/survey/ASPCR-DAG-log/run_0029_seed_2055.npz,results/paper_aaai2027/frozen/results/aspcr_matched/paper_aspcr_dag_alpha001_n5000_50rep/results/aspcr_log-weights_dag_sufficient_survey_2055_constraints.csv,paper_aspcr_dag_alpha001_n5000_50rep,,,1.0,1.0,corrected_dag_complete,complete native ASPCR CI trace
survey,Survey (6),ASPCR-DAG,31,,2056.0,5.0,0.6,4.0,0.4,5.0,5.0,5.0,0.6,0.6,0.6,4.0,4.0,4.0,0.4,0.4,0.4,0.0,0.0,,,,,,,,,,,,,,,38.65953373909,,paper_aspcr_dag_alpha001_n5000_50rep,results/paper_aaai2027/frozen/results/estimated_graphs/paper_aspcr_dag_alpha001_n5000_50rep/survey/ASPCR-DAG-log/run_0030_seed_2056.npz,results/paper_aaai2027/frozen/results/aspcr_matched/paper_aspcr_dag_alpha001_n5000_50rep/results/aspcr_log-weights_dag_sufficient_survey_2056_constraints.csv,paper_aspcr_dag_alpha001_n5000_50rep,,,1.0,1.0,corrected_dag_complete,complete native ASPCR CI trace
survey,Survey (6),ASPCR-DAG,32,,2057.0,5.0,0.4444,6.0,0.0,5.0,5.0,5.0,0.4444,0.4444,0.4444,6.0,6.0,6.0,0.0,0.0,0.0,0.0,0.0,,,,,,,,,,,,,,,38.3425631523132,,paper_aspcr_dag_alpha001_n5000_50rep,results/paper_aaai2027/frozen/results/estimated_graphs/paper_aspcr_dag_alpha001_n5000_50rep/survey/ASPCR-DAG-log/run_0031_seed_2057.npz,results/paper_aaai2027/frozen/results/aspcr_matched/paper_aspcr_dag_alpha001_n5000_50rep/results/aspcr_log-weights_dag_sufficient_survey_2057_constraints.csv,paper_aspcr_dag_alpha001_n5000_50rep,,,1.0,1.0,corrected_dag_complete,complete native ASPCR CI trace
survey,Survey (6),ASPCR-DAG,33,,2058.0,5.0,0.5455,3.0,0.5455,5.0,5.0,5.0,0.5455,0.5455,0.5455,3.0,3.0,3.0,0.5455,0.5455,0.5455,0.0,0.0,,,,,,,,,,,,,,,39.2388858795166,,paper_aspcr_dag_alpha001_n5000_50rep,results/paper_aaai2027/frozen/results/estimated_graphs/paper_aspcr_dag_alpha001_n5000_50rep/survey/ASPCR-DAG-log/run_0032_seed_2058.npz,results/paper_aaai2027/frozen/results/aspcr_matched/paper_aspcr_dag_alpha001_n5000_50rep/results/aspcr_log-weights_dag_sufficient_survey_2058_constraints.csv,paper_aspcr_dag_alpha001_n5000_50rep,,,1.0,1.0,corrected_dag_complete,complete native ASPCR CI trace
survey,Survey (6),ASPCR-DAG,34,,2059.0,6.0,0.2222,6.0,0.0,6.0,6.0,6.0,0.2222,0.2222,0.2222,6.0,6.0,6.0,0.0,0.0,0.0,0.0,0.0,,,,,,,,,,,,,,,38.9051713943481,,paper_aspcr_dag_alpha001_n5000_50rep,results/paper_aaai2027/frozen/results/estimated_graphs/paper_aspcr_dag_alpha001_n5000_50rep/survey/ASPCR-DAG-log/run_0033_seed_2059.npz,results/paper_aaai2027/frozen/results/aspcr_matched/paper_aspcr_dag_alpha001_n5000_50rep/results/aspcr_log-weights_dag_sufficient_survey_2059_constraints.csv,paper_aspcr_dag_alpha001_n5000_50rep,,,1.0,1.0,corrected_dag_complete,complete native ASPCR CI trace
survey,Survey (6),ASPCR-DAG,35,,2060.0,5.0,0.4,5.0,0.2,5.0,5.0,5.0,0.4,0.4,0.4,5.0,5.0,5.0,0.2,0.2,0.2,0.0,0.0,,,,,,,,,,,,,,,39.2137258052826,,paper_aspcr_dag_alpha001_n5000_50rep,results/paper_aaai2027/frozen/results/estimated_graphs/paper_aspcr_dag_alpha001_n5000_50rep/survey/ASPCR-DAG-log/run_0034_seed_2060.npz,results/paper_aaai2027/frozen/results/aspcr_matched/paper_aspcr_dag_alpha001_n5000_50rep/results/aspcr_log-weights_dag_sufficient_survey_2060_constraints.csv,paper_aspcr_dag_alpha001_n5000_50rep,,,1.0,1.0,corrected_dag_complete,complete native ASPCR CI trace
survey,Survey (6),ASPCR-DAG,36,,2061.0,4.0,0.4,4.0,0.4,4.0,4.0,4.0,0.4,0.4,0.4,4.0,4.0,4.0,0.4,0.4,0.4,0.0,0.0,,,,,,,,,,,,,,,38.7045483589172,,paper_aspcr_dag_alpha001_n5000_50rep,results/paper_aaai2027/frozen/results/estimated_graphs/paper_aspcr_dag_alpha001_n5000_50rep/survey/ASPCR-DAG-log/run_0035_seed_2061.npz,results/paper_aaai2027/frozen/results/aspcr_matched/paper_aspcr_dag_alpha001_n5000_50rep/results/aspcr_log-weights_dag_sufficient_survey_2061_constraints.csv,paper_aspcr_dag_alpha001_n5000_50rep,,,1.0,1.0,corrected_dag_complete,complete native ASPCR CI trace
survey,Survey (6),ASPCR-DAG,37,,2062.0,6.0,0.3636,3.0,0.5455,6.0,6.0,6.0,0.3636,0.3636,0.3636,3.0,3.0,3.0,0.5455,0.5455,0.5455,0.0,0.0,,,,,,,,,,,,,,,41.6081557273865,,paper_aspcr_dag_alpha001_n5000_50rep,results/paper_aaai2027/frozen/results/estimated_graphs/paper_aspcr_dag_alpha001_n5000_50rep/survey/ASPCR-DAG-log/run_0036_seed_2062.npz,results/paper_aaai2027/frozen/results/aspcr_matched/paper_aspcr_dag_alpha001_n5000_50rep/results/aspcr_log-weights_dag_sufficient_survey_2062_constraints.csv,paper_aspcr_dag_alpha001_n5000_50rep,,,1.0,1.0,corrected_dag_complete,complete native ASPCR CI trace
survey,Survey (6),ASPCR-DAG,38,,2063.0,5.0,0.4,3.0,0.6,5.0,5.0,5.0,0.4,0.4,0.4,3.0,3.0,3.0,0.6,0.6,0.6,0.0,0.0,,,,,,,,,,,,,,,39.3923733234406,,paper_aspcr_dag_alpha001_n5000_50rep,results/paper_aaai2027/frozen/results/estimated_graphs/paper_aspcr_dag_alpha001_n5000_50rep/survey/ASPCR-DAG-log/run_0037_seed_2063.npz,results/paper_aaai2027/frozen/results/aspcr_matched/paper_aspcr_dag_alpha001_n5000_50rep/results/aspcr_log-weights_dag_sufficient_survey_2063_constraints.csv,paper_aspcr_dag_alpha001_n5000_50rep,,,1.0,1.0,corrected_dag_complete,complete native ASPCR CI trace
survey,Survey (6),ASPCR-DAG,39,,2064.0,6.0,0.2222,6.0,0.0,6.0,6.0,6.0,0.2222,0.2222,0.2222,6.0,6.0,6.0,0.0,0.0,0.0,0.0,0.0,,,,,,,,,,,,,,,38.8571741580963,,paper_aspcr_dag_alpha001_n5000_50rep,results/paper_aaai2027/frozen/results/estimated_graphs/paper_aspcr_dag_alpha001_n5000_50rep/survey/ASPCR-DAG-log/run_0038_seed_2064.npz,results/paper_aaai2027/frozen/results/aspcr_matched/paper_aspcr_dag_alpha001_n5000_50rep/results/aspcr_log-weights_dag_sufficient_survey_2064_constraints.csv,paper_aspcr_dag_alpha001_n5000_50rep,,,1.0,1.0,corrected_dag_complete,complete native ASPCR CI trace
survey,Survey (6),ASPCR-DAG,40,,2065.0,5.0,0.4444,4.0,0.4444,5.0,5.0,5.0,0.4444,0.4444,0.4444,4.0,4.0,4.0,0.4444,0.4444,0.4444,0.0,0.0,,,,,,,,,,,,,,,38.5765235424042,,paper_aspcr_dag_alpha001_n5000_50rep,results/paper_aaai2027/frozen/results/estimated_graphs/paper_aspcr_dag_alpha001_n5000_50rep/survey/ASPCR-DAG-log/run_0039_seed_2065.npz,results/paper_aaai2027/frozen/results/aspcr_matched/paper_aspcr_dag_alpha001_n5000_50rep/results/aspcr_log-weights_dag_sufficient_survey_2065_constraints.csv,paper_aspcr_dag_alpha001_n5000_50rep,,,1.0,1.0,corrected_dag_complete,complete native ASPCR CI trace
survey,Survey (6),ASPCR-DAG,41,,2066.0,5.0,0.4444,5.0,0.2222,5.0,5.0,5.0,0.4444,0.4444,0.4444,5.0,5.0,5.0,0.2222,0.2222,0.2222,0.0,0.0,,,,,,,,,,,,,,,38.9203200340271,,paper_aspcr_dag_alpha001_n5000_50rep,results/paper_aaai2027/frozen/results/estimated_graphs/paper_aspcr_dag_alpha001_n5000_50rep/survey/ASPCR-DAG-log/run_0040_seed_2066.npz,results/paper_aaai2027/frozen/results/aspcr_matched/paper_aspcr_dag_alpha001_n5000_50rep/results/aspcr_log-weights_dag_sufficient_survey_2066_constraints.csv,paper_aspcr_dag_alpha001_n5000_50rep,,,1.0,1.0,corrected_dag_complete,complete native ASPCR CI trace
survey,Survey (6),ASPCR-DAG,42,,2067.0,2.0,0.7273,1.0,0.9091,2.0,2.0,2.0,0.7273,0.7273,0.7273,1.0,1.0,1.0,0.9091,0.9091,0.9091,0.0,0.0,,,,,,,,,,,,,,,39.8759553432465,,paper_aspcr_dag_alpha001_n5000_50rep,results/paper_aaai2027/frozen/results/estimated_graphs/paper_aspcr_dag_alpha001_n5000_50rep/survey/ASPCR-DAG-log/run_0041_seed_2067.npz,results/paper_aaai2027/frozen/results/aspcr_matched/paper_aspcr_dag_alpha001_n5000_50rep/results/aspcr_log-weights_dag_sufficient_survey_2067_constraints.csv,paper_aspcr_dag_alpha001_n5000_50rep,,,1.0,1.0,corrected_dag_complete,complete native ASPCR CI trace
survey,Survey (6),ASPCR-DAG,43,,2068.0,2.0,0.7273,1.0,0.9091,2.0,2.0,2.0,0.7273,0.7273,0.7273,1.0,1.0,1.0,0.9091,0.9091,0.9091,0.0,0.0,,,,,,,,,,,,,,,40.1808612346649,,paper_aspcr_dag_alpha001_n5000_50rep,results/paper_aaai2027/frozen/results/estimated_graphs/paper_aspcr_dag_alpha001_n5000_50rep/survey/ASPCR-DAG-log/run_0042_seed_2068.npz,results/paper_aaai2027/frozen/results/aspcr_matched/paper_aspcr_dag_alpha001_n5000_50rep/results/aspcr_log-weights_dag_sufficient_survey_2068_constraints.csv,paper_aspcr_dag_alpha001_n5000_50rep,,,1.0,1.0,corrected_dag_complete,complete native ASPCR CI trace
survey,Survey (6),ASPCR-DAG,44,,2069.0,5.0,0.4444,4.0,0.4444,5.0,5.0,5.0,0.4444,0.4444,0.4444,4.0,4.0,4.0,0.4444,0.4444,0.4444,0.0,0.0,,,,,,,,,,,,,,,38.7542049884796,,paper_aspcr_dag_alpha001_n5000_50rep,results/paper_aaai2027/frozen/results/estimated_graphs/paper_aspcr_dag_alpha001_n5000_50rep/survey/ASPCR-DAG-log/run_0043_seed_2069.npz,results/paper_aaai2027/frozen/results/aspcr_matched/paper_aspcr_dag_alpha001_n5000_50rep/results/aspcr_log-weights_dag_sufficient_survey_2069_constraints.csv,paper_aspcr_dag_alpha001_n5000_50rep,,,1.0,1.0,corrected_dag_complete,complete native ASPCR CI trace
survey,Survey (6),ASPCR-DAG,45,,2070.0,6.0,0.2222,5.0,0.2222,6.0,6.0,6.0,0.2222,0.2222,0.2222,5.0,5.0,5.0,0.2222,0.2222,0.2222,0.0,0.0,,,,,,,,,,,,,,,38.297226190567,,paper_aspcr_dag_alpha001_n5000_50rep,results/paper_aaai2027/frozen/results/estimated_graphs/paper_aspcr_dag_alpha001_n5000_50rep/survey/ASPCR-DAG-log/run_0044_seed_2070.npz,results/paper_aaai2027/frozen/results/aspcr_matched/paper_aspcr_dag_alpha001_n5000_50rep/results/aspcr_log-weights_dag_sufficient_survey_2070_constraints.csv,paper_aspcr_dag_alpha001_n5000_50rep,,,1.0,1.0,corrected_dag_complete,complete native ASPCR CI trace
survey,Survey (6),ASPCR-DAG,46,,2071.0,4.0,0.6,4.0,0.4,4.0,4.0,4.0,0.6,0.6,0.6,4.0,4.0,4.0,0.4,0.4,0.4,0.0,0.0,,,,,,,,,,,,,,,38.8989486694336,,paper_aspcr_dag_alpha001_n5000_50rep,results/paper_aaai2027/frozen/results/estimated_graphs/paper_aspcr_dag_alpha001_n5000_50rep/survey/ASPCR-DAG-log/run_0045_seed_2071.npz,results/paper_aaai2027/frozen/results/aspcr_matched/paper_aspcr_dag_alpha001_n5000_50rep/results/aspcr_log-weights_dag_sufficient_survey_2071_constraints.csv,paper_aspcr_dag_alpha001_n5000_50rep,,,1.0,1.0,corrected_dag_complete,complete native ASPCR CI trace
survey,Survey (6),ASPCR-DAG,47,,2072.0,5.0,0.4,4.0,0.4,5.0,5.0,5.0,0.4,0.4,0.4,4.0,4.0,4.0,0.4,0.4,0.4,0.0,0.0,,,,,,,,,,,,,,,39.3015403747559,,paper_aspcr_dag_alpha001_n5000_50rep,results/paper_aaai2027/frozen/results/estimated_graphs/paper_aspcr_dag_alpha001_n5000_50rep/survey/ASPCR-DAG-log/run_0046_seed_2072.npz,results/paper_aaai2027/frozen/results/aspcr_matched/paper_aspcr_dag_alpha001_n5000_50rep/results/aspcr_log-weights_dag_sufficient_survey_2072_constraints.csv,paper_aspcr_dag_alpha001_n5000_50rep,,,1.0,1.0,corrected_dag_complete,complete native ASPCR CI trace
survey,Survey (6),ASPCR-DAG,48,,2073.0,5.0,0.4,5.0,0.2,5.0,5.0,5.0,0.4,0.4,0.4,5.0,5.0,5.0,0.2,0.2,0.2,0.0,0.0,,,,,,,,,,,,,,,39.6047112941742,,paper_aspcr_dag_alpha001_n5000_50rep,results/paper_aaai2027/frozen/results/estimated_graphs/paper_aspcr_dag_alpha001_n5000_50rep/survey/ASPCR-DAG-log/run_0047_seed_2073.npz,results/paper_aaai2027/frozen/results/aspcr_matched/paper_aspcr_dag_alpha001_n5000_50rep/results/aspcr_log-weights_dag_sufficient_survey_2073_constraints.csv,paper_aspcr_dag_alpha001_n5000_50rep,,,1.0,1.0,corrected_dag_complete,complete native ASPCR CI trace
survey,Survey (6),ASPCR-DAG,49,,2074.0,7.0,0.2,7.0,0.0,7.0,7.0,7.0,0.2,0.2,0.2,7.0,7.0,7.0,0.0,0.0,0.0,0.0,0.0,,,,,,,,,,,,,,,38.4882025718689,,paper_aspcr_dag_alpha001_n5000_50rep,results/paper_aaai2027/frozen/results/estimated_graphs/paper_aspcr_dag_alpha001_n5000_50rep/survey/ASPCR-DAG-log/run_0048_seed_2074.npz,results/paper_aaai2027/frozen/results/aspcr_matched/paper_aspcr_dag_alpha001_n5000_50rep/results/aspcr_log-weights_dag_sufficient_survey_2074_constraints.csv,paper_aspcr_dag_alpha001_n5000_50rep,,,1.0,1.0,corrected_dag_complete,complete native ASPCR CI trace
survey,Survey (6),ASPCR-DAG,50,,2075.0,5.0,0.4,4.0,0.4,5.0,5.0,5.0,0.4,0.4,0.4,4.0,4.0,4.0,0.4,0.4,0.4,0.0,0.0,,,,,,,,,,,,,,,40.2723262310028,,paper_aspcr_dag_alpha001_n5000_50rep,results/paper_aaai2027/frozen/results/estimated_graphs/paper_aspcr_dag_alpha001_n5000_50rep/survey/ASPCR-DAG-log/run_0049_seed_2075.npz,results/paper_aaai2027/frozen/results/aspcr_matched/paper_aspcr_dag_alpha001_n5000_50rep/results/aspcr_log-weights_dag_sufficient_survey_2075_constraints.csv,paper_aspcr_dag_alpha001_n5000_50rep,,,1.0,1.0,corrected_dag_complete,complete native ASPCR CI trace
asia,Asia (8),ABA-PC,1,1.0,2026.0,11.956134285933778,0.2506918841918842,12.499004006868919,0.3663504831442083,11.956134285933778,6.0,18.0,0.2506918841918842,0.4444,0.087,12.499004006868919,6.0,19.0,0.3663504831442083,0.6666666666666665,0.09522040614165428,13017.0,43675.0,0.4607930380825945,0.6666666666666665,0.26086956521739135,0.36635279712392205,0.6666666666666665,0.09523809523809525,0.46222526869986036,0.6666666666666665,0.26086956521739135,0.37053237636785086,0.6666666666666665,0.0,0.0,0.0,120.89934989996254,0.0,results/paper_aaai2027/frozen/results/final_mcs_experiments_er_sf_alpha001_nowrong_noweight_50rep_chunked/wc_sweep_bnlearn_asia_alpha001_nowrong_noweight_seed2026_2075_20260715_161105/summary.json,,,,,,13017.0,43675.0,,retained CI facts
asia,Asia (8),ABA-PC,2,2.0,2027.0,10.549918166939444,0.32815608292416804,10.482647814910026,0.43571820247223886,10.549918166939444,6.0,16.0,0.32815608292416804,0.4444,0.1739,10.482647814910026,6.0,16.0,0.43571820247223886,0.6666666666666665,0.19044081228330856,1833.0,6224.0,0.5322409177441811,0.6666666666666665,0.3478260869565218,0.4357259861041937,0.6666666666666665,0.1904761904761905,0.5045283359709574,0.6666666666666665,0.3478260869565218,0.39987625122649667,0.6666666666666665,0.15384615384615383,0.0,0.0,19.70732029294595,0.0,results/paper_aaai2027/frozen/results/final_mcs_experiments_er_sf_alpha001_nowrong_noweight_50rep_chunked/wc_sweep_bnlearn_asia_alpha001_nowrong_noweight_seed2026_2075_20260715_161105/summary.json,,,,,,1833.0,6224.0,,retained CI facts
asia,Asia (8),ABA-PC,3,3.0,2028.0,18.9164734557993,0.13147375239923223,18.82888426888427,0.14258861727706845,18.9164734557993,14.0,25.0,0.13147375239923223,0.4348,0.0645,18.82888426888427,12.0,23.0,0.14258861727706845,0.4545107422869361,0.0,16821.0,36075.0,0.2388995062626227,0.5217391304347827,0.08333333333333333,0.14258957478587647,0.45454545454545453,0.0,0.2535597550895255,0.5217391304347827,0.08333333333333333,0.03714747524463571,0.6666666666666666,0.0,0.0,0.0,123.886608322151,0.0,results/paper_aaai2027/frozen/results/final_mcs_experiments_er_sf_alpha001_nowrong_noweight_50rep_chunked/wc_sweep_bnlearn_asia_alpha001_nowrong_noweight_seed2026_2075_20260715_161105/summary.json,,,,,,16821.0,36075.0,,retained CI facts
asia,Asia (8),ABA-PC,4,4.0,2029.0,17.988050453640184,0.1708236096327834,17.496137931034482,0.2131920941404349,17.988050453640184,12.0,24.0,0.1708236096327834,0.4348,0.069,17.496137931034482,11.0,22.0,0.2131920941404349,0.4545107422869361,0.0769656699889258,18076.0,36250.0,0.31506985544251026,0.5454545454545454,0.08333333333333333,0.21319232053423096,0.45454545454545453,0.07692307692307691,0.3390849463722933,0.5454545454545454,0.08333333333333333,0.13981534199811071,0.5714285714285715,0.0,0.0,0.0,122.40486226603389,0.0,results/paper_aaai2027/frozen/results/final_mcs_experiments_er_sf_alpha001_nowrong_noweight_50rep_chunked/wc_sweep_bnlearn_asia_alpha001_nowrong_noweight_seed2026_2075_20260715_161105/summary.json,,,,,,18076.0,36250.0,,retained CI facts
asia,Asia (8),ABA-PC,5,5.0,2030.0,14.348837209302326,0.16588372093023257,11.348837209302326,0.37034635806217614,14.348837209302326,12.0,17.0,0.16588372093023257,0.2222,0.0952,11.348837209302326,9.0,14.0,0.37034635806217614,0.4444444444444445,0.28573786728293166,43.0,43.0,0.47259798544988263,0.5555555555555556,0.380952380952381,0.3703594786826121,0.4444444444444445,0.2857142857142857,0.47259798544988263,0.5555555555555556,0.380952380952381,0.09213944969758923,0.16666666666666666,0.0,0.0,0.0,9.601521207019687,0.0,results/paper_aaai2027/frozen/results/final_mcs_experiments_er_sf_alpha001_nowrong_noweight_50rep_chunked/wc_sweep_bnlearn_asia_alpha001_nowrong_noweight_seed2026_2075_20260715_161105/summary.json,,,,,,43.0,43.0,,retained CI facts
asia,Asia (8),ABA-PC,6,6.0,2031.0,13.672701200932067,0.29319729939654654,13.27750305997552,0.3400419164886661,13.672701200932067,6.0,19.0,0.29319729939654654,0.5556,0.1481,13.27750305997552,6.0,20.0,0.3400419164886661,0.6666666666666665,0.14818463270475654,16737.0,40850.0,0.4656813871615392,0.6666666666666665,0.24,0.3400421266895172,0.6666666666666665,0.14814814814814814,0.4568790107584177,0.6666666666666665,0.24,0.3077709626915045,0.6,0.1818181818181818,0.0,0.0,120.96047509508207,0.0,results/paper_aaai2027/frozen/results/final_mcs_experiments_er_sf_alpha001_nowrong_noweight_50rep_chunked/wc_sweep_bnlearn_asia_alpha001_nowrong_noweight_seed2026_2075_20260715_161105/summary.json,,,,,,16737.0,40850.0,,retained CI facts
asia,Asia (8),ABA-PC,7,7.0,2032.0,9.645299145299145,0.3848418803418803,9.711711711711711,0.4694508638564402,9.645299145299145,6.0,14.0,0.3848418803418803,0.4444,0.2727,9.711711711711711,6.0,14.0,0.4694508638564402,0.6666666666666665,0.3478544411112561,234.0,888.0,0.5646152389573442,0.6666666666666665,0.43478260869565216,0.46945871433857705,0.6666666666666665,0.3478260869565218,0.5415213512086128,0.6666666666666665,0.43478260869565216,0.43310053027247597,0.5454545454545454,0.3333333333333333,0.0,0.0,4.490973979700357,0.0,results/paper_aaai2027/frozen/results/final_mcs_experiments_er_sf_alpha001_nowrong_noweight_50rep_chunked/wc_sweep_bnlearn_asia_alpha001_nowrong_noweight_seed2026_2075_20260715_161105/summary.json,,,,,,234.0,888.0,,retained CI facts
asia,Asia (8),ABA-PC,8,8.0,2033.0,17.66662241985797,0.17215119957617497,16.859576791808873,0.22103252273097151,17.66662241985797,9.0,24.0,0.17215119957617497,0.4762,0.069,16.859576791808873,9.0,23.0,0.22103252273097151,0.4761786846275753,0.0,15067.0,36625.0,0.3455443213959117,0.631578947368421,0.15384615384615383,0.22103166171147898,0.4761904761904762,0.0,0.3360618014390166,0.631578947368421,0.15384615384615383,0.1402742600186895,0.6666666666666665,0.0,0.0,0.0,126.06811811588705,0.0,results/paper_aaai2027/frozen/results/final_mcs_experiments_er_sf_alpha001_nowrong_noweight_50rep_chunked/wc_sweep_bnlearn_asia_alpha001_nowrong_noweight_seed2026_2075_20260715_161105/summary.json,,,,,,15067.0,36625.0,,retained CI facts
asia,Asia (8),ABA-PC,9,9.0,2034.0,12.482027896995708,0.28042011802575106,11.127923121894183,0.4423936293794334,12.482027896995708,6.0,18.0,0.28042011802575106,0.5556,0.0833,11.127923121894183,6.0,18.0,0.4423936293794334,0.6666666666666665,0.0869848721961398,7456.0,27368.0,0.5110415318466404,0.6666666666666665,0.3333333333333333,0.4424014503944462,0.6666666666666665,0.08695652173913045,0.5128842695900395,0.6666666666666665,0.3333333333333333,0.2800851380458554,0.6666666666666665,0.0,0.0,0.0,74.75131597463042,0.0,results/paper_aaai2027/frozen/results/final_mcs_experiments_er_sf_alpha001_nowrong_noweight_50rep_chunked/wc_sweep_bnlearn_asia_alpha001_nowrong_noweight_seed2026_2075_20260715_161105/summary.json,,,,,,7456.0,27368.0,,retained CI facts
asia,Asia (8),ABA-PC,10,10.0,2035.0,9.793560606060606,0.3863838068181818,10.3,0.4410215951632796,9.793560606060606,6.0,14.0,0.3863838068181818,0.4444,0.32,10.3,6.0,15.0,0.4410215951632796,0.6666666666666665,0.32000543995648034,1056.0,2520.0,0.5703514582250008,0.6666666666666665,0.4166666666666667,0.44103007867348065,0.6666666666666665,0.31999999999999995,0.5674977137280158,0.6666666666666665,0.4166666666666667,0.4480552201808886,0.6,0.3333333333333333,0.0,0.0,11.346913013141602,0.0,results/paper_aaai2027/frozen/results/final_mcs_experiments_er_sf_alpha001_nowrong_noweight_50rep_chunked/wc_sweep_bnlearn_asia_alpha001_nowrong_noweight_seed2026_2075_20260715_161105/summary.json,,,,,,1056.0,2520.0,,retained CI facts
asia,Asia (8),ABA-PC,11,11.0,2036.0,16.49853478202065,0.23077305812058663,15.150494752623688,0.3081398337362599,16.49853478202065,10.0,23.0,0.23077305812058663,0.5714,0.0667,15.150494752623688,9.0,22.0,0.3081398337362599,0.526285317276517,0.14285714285714288,22181.0,33350.0,0.4122774041654209,0.6,0.16666666666666666,0.30813801565894994,0.5263157894736842,0.14285714285714288,0.4106169658997163,0.6,0.16666666666666666,0.16676579410861647,0.5,0.0,0.0,0.0,122.95845871930942,0.0,results/paper_aaai2027/frozen/results/final_mcs_experiments_er_sf_alpha001_nowrong_noweight_50rep_chunked/wc_sweep_bnlearn_asia_alpha001_nowrong_noweight_seed2026_2075_20260715_161105/summary.json,,,,,,22181.0,33350.0,,retained CI facts
asia,Asia (8),ABA-PC,12,12.0,2037.0,19.1983223487118,0.11258126820524311,19.10235377026075,0.1296673805226437,19.1983223487118,12.0,25.0,0.11258126820524311,0.2727,0.0645,19.10235377026075,11.0,25.0,0.1296673805226437,0.4545107422869361,0.0,18359.0,35475.0,0.29076157799115465,0.5454545454545454,0.07692307692307691,0.12966900157594935,0.45454545454545453,0.0,0.308539946167438,0.5454545454545454,0.07692307692307691,0.02538980186955965,0.5714285714285715,0.0,0.0,0.0,125.30002990411595,0.0,results/paper_aaai2027/frozen/results/final_mcs_experiments_er_sf_alpha001_nowrong_noweight_50rep_chunked/wc_sweep_bnlearn_asia_alpha001_nowrong_noweight_seed2026_2075_20260715_161105/summary.json,,,,,,18359.0,35475.0,,retained CI facts
asia,Asia (8),ABA-PC,13,13.0,2038.0,9.545977011494253,0.30016839080459773,10.189138576779026,0.4386301008236604,9.545977011494253,7.0,13.0,0.30016839080459773,0.3529,0.1905,10.189138576779026,7.0,14.0,0.4386301008236604,0.5882602066745722,0.28573786728293166,174.0,534.0,0.5079495214030991,0.5882352941176471,0.380952380952381,0.43864198523641246,0.5882352941176471,0.2857142857142857,0.5083790982157588,0.5882352941176471,0.380952380952381,0.4529101007549284,0.6666666666666665,0.28571428571428575,0.0,0.0,6.900434998329729,0.0,results/paper_aaai2027/frozen/results/final_mcs_experiments_er_sf_alpha001_nowrong_noweight_50rep_chunked/wc_sweep_bnlearn_asia_alpha001_nowrong_noweight_seed2026_2075_20260715_161105/summary.json,,,,,,174.0,534.0,,retained CI facts
asia,Asia (8),ABA-PC,14,14.0,2039.0,7.75,0.40605625,8.916666666666666,0.49062262018748726,7.75,6.0,10.0,0.40605625,0.4444,0.3636,8.916666666666666,6.0,12.0,0.49062262018748726,0.6666666666666665,0.3636247931780578,32.0,192.0,0.6090567327409432,0.6666666666666665,0.5454545454545454,0.4906290347079821,0.6666666666666665,0.36363636363636365,0.6090567327409432,0.6666666666666665,0.5454545454545454,0.4733204295704296,0.5454545454545454,0.39999999999999997,0.0,0.0,7.709521457087249,0.0,results/paper_aaai2027/frozen/results/final_mcs_experiments_er_sf_alpha001_nowrong_noweight_50rep_chunked/wc_sweep_bnlearn_asia_alpha001_nowrong_noweight_seed2026_2075_20260715_161105/summary.json,,,,,,32.0,192.0,,retained CI facts
asia,Asia (8),ABA-PC,15,15.0,2040.0,13.85643321476757,0.24451227028378547,13.779975990396158,0.3082791892065636,13.85643321476757,7.0,19.0,0.24451227028378547,0.5,0.0833,13.779975990396158,7.0,20.0,0.3082791892065636,0.631609417213431,0.0,16306.0,41650.0,0.4140322261867819,0.631578947368421,0.1739130434782609,0.3082785361384501,0.631578947368421,0.0,0.40915961476746004,0.631578947368421,0.1739130434782609,0.2996731782871778,0.6666666666666665,0.0,0.0,0.0,121.3045456088148,0.0,results/paper_aaai2027/frozen/results/final_mcs_experiments_er_sf_alpha001_nowrong_noweight_50rep_chunked/wc_sweep_bnlearn_asia_alpha001_nowrong_noweight_seed2026_2075_20260715_161105/summary.json,,,,,,16306.0,41650.0,,retained CI facts
asia,Asia (8),ABA-PC,16,16.0,2041.0,14.666666666666666,0.2036111111111111,14.666666666666666,0.20362147913848333,14.666666666666666,14.0,16.0,0.2036111111111111,0.2105,0.1905,14.666666666666666,14.0,16.0,0.20362147913848333,0.21051412691060678,0.19044081228330856,9.0,9.0,0.30543024227234755,0.3157894736842105,0.2857142857142857,0.20362016151489837,0.2105263157894737,0.1904761904761905,0.30543024227234755,0.3157894736842105,0.2857142857142857,0.2557734204793028,0.26666666666666666,0.23529411764705882,0.0,0.0,3.5129067646339536,0.0,results/paper_aaai2027/frozen/results/final_mcs_experiments_er_sf_alpha001_nowrong_noweight_50rep_chunked/wc_sweep_bnlearn_asia_alpha001_nowrong_noweight_seed2026_2075_20260715_161105/summary.json,,,,,,9.0,9.0,,retained CI facts
asia,Asia (8),ABA-PC,17,17.0,2042.0,18.64167771483669,0.14169704497483357,17.66904964539007,0.20624552662246876,18.64167771483669,11.0,25.0,0.14169704497483357,0.48,0.0645,17.66904964539007,10.0,25.0,0.20624552662246876,0.5217391304347827,0.0,16594.0,35250.0,0.36224536119627326,0.5217391304347827,0.08333333333333333,0.20624278469296575,0.5217391304347827,0.0,0.34905040029589707,0.5217391304347827,0.08333333333333333,0.05893621280544285,0.6666666666666665,0.0,0.0,0.0,126.24671015096828,0.0,results/paper_aaai2027/frozen/results/final_mcs_experiments_er_sf_alpha001_nowrong_noweight_50rep_chunked/wc_sweep_bnlearn_asia_alpha001_nowrong_noweight_seed2026_2075_20260715_161105/summary.json,,,,,,16594.0,35250.0,,retained CI facts
asia,Asia (8),ABA-PC,18,18.0,2043.0,17.834342064071794,0.15074365021392047,16.964878724878727,0.26925644328641457,17.834342064071794,12.0,24.0,0.15074365021392047,0.3636,0.0667,16.964878724878727,11.0,22.0,0.26925644328641457,0.4761786846275753,0.14818463270475654,19166.0,36075.0,0.3874150871599131,0.5454545454545454,0.16666666666666666,0.26925089812233366,0.4761904761904762,0.14814814814814814,0.38996287615050923,0.5454545454545454,0.16666666666666666,0.09806497341969568,0.6666666666666665,0.0,0.0,0.0,130.4958319030702,0.0,results/paper_aaai2027/frozen/results/final_mcs_experiments_er_sf_alpha001_nowrong_noweight_50rep_chunked/wc_sweep_bnlearn_asia_alpha001_nowrong_noweight_seed2026_2075_20260715_161105/summary.json,,,,,,19166.0,36075.0,,retained CI facts
asia,Asia (8),ABA-PC,19,19.0,2044.0,15.439673745767928,0.1676925169245648,14.41743979721166,0.26262829269801624,15.439673745767928,6.0,22.0,0.1676925169245648,0.4706,0.0714,14.41743979721166,6.0,20.0,0.26262829269801624,0.625,0.07997823721436344,19494.0,39450.0,0.41288513498908375,0.625,0.1739130434782609,0.26262665003051733,0.625,0.07999999999999999,0.4042532173532672,0.625,0.1739130434782609,0.17771164822035201,0.75,0.0,0.0,0.0,120.897286683321,0.0,results/paper_aaai2027/frozen/results/final_mcs_experiments_er_sf_alpha001_nowrong_noweight_50rep_chunked/wc_sweep_bnlearn_asia_alpha001_nowrong_noweight_seed2026_2075_20260715_161105/summary.json,,,,,,19494.0,39450.0,,retained CI facts
asia,Asia (8),ABA-PC,20,20.0,2045.0,14.185429056924384,0.20344450273224043,13.2711477210324,0.38453195524354983,14.185429056924384,8.0,20.0,0.20344450273224043,0.5,0.0714,13.2711477210324,8.0,19.0,0.38453195524354983,0.6,0.1538355026308502,9416.0,45525.0,0.45464922133309554,0.631578947368421,0.30769230769230765,0.38453640722826343,0.6,0.15384615384615383,0.4584019284996368,0.631578947368421,0.30769230769230765,0.2613049395048811,0.75,0.0,0.0,0.0,121.4692881917581,0.0,results/paper_aaai2027/frozen/results/final_mcs_experiments_er_sf_alpha001_nowrong_noweight_50rep_chunked/wc_sweep_bnlearn_asia_alpha001_nowrong_noweight_seed2026_2075_20260715_161105/summary.json,,,,,,9416.0,45525.0,,retained CI facts
asia,Asia (8),ABA-PC,21,21.0,2046.0,18.56422046852669,0.1406551554444618,18.153152173913043,0.1719777118866677,18.56422046852669,12.0,24.0,0.1406551554444618,0.381,0.0714,18.153152173913043,12.0,22.0,0.1719777118866677,0.380958276587842,0.0,16093.0,36800.0,0.2629818680487644,0.4761904761904762,0.08333333333333333,0.17197853462973664,0.380952380952381,0.0,0.2642326709532671,0.4761904761904762,0.08333333333333333,0.12021422338109072,0.75,0.0,0.0,0.0,124.68613083707169,0.0,results/paper_aaai2027/frozen/results/final_mcs_experiments_er_sf_alpha001_nowrong_noweight_50rep_chunked/wc_sweep_bnlearn_asia_alpha001_nowrong_noweight_seed2026_2075_20260715_161105/summary.json,,,,,,16093.0,36800.0,,retained CI facts
asia,Asia (8),ABA-PC,22,22.0,2047.0,12.576195426195426,0.1877559374259303,12.831366073430779,0.3375124757784289,12.576195426195426,5.0,20.0,0.1877559374259303,0.4706,0.0714,12.831366073430779,5.0,21.0,0.3375124757784289,0.705901037622644,0.07404279279279279,9620.0,49053.0,0.5028893750442883,0.7058823529411765,0.30769230769230765,0.3375152639942188,0.7058823529411765,0.07407407407407407,0.5174197837988959,0.7058823529411765,0.30769230769230765,0.20382067089169972,0.75,0.0,0.0,0.0,123.20607597520575,0.0,results/paper_aaai2027/frozen/results/final_mcs_experiments_er_sf_alpha001_nowrong_noweight_50rep_chunked/wc_sweep_bnlearn_asia_alpha001_nowrong_noweight_seed2026_2075_20260715_161105/summary.json,,,,,,9620.0,49053.0,,retained CI facts
asia,Asia (8),ABA-PC,23,23.0,2048.0,15.851405426507906,0.1915308992769121,15.07209763539283,0.2738337729143779,15.851405426507906,7.0,23.0,0.1915308992769121,0.4444,0.069,15.07209763539283,8.0,21.0,0.2738337729143779,0.5000239992320246,0.0,20492.0,32775.0,0.3839972220209888,0.5882352941176471,0.1739130434782609,0.27383139356204095,0.5,0.0,0.3830557340135015,0.5882352941176471,0.1739130434782609,0.24240243205611553,0.75,0.0,0.0,0.0,145.05076861009002,0.0,results/paper_aaai2027/frozen/results/final_mcs_experiments_er_sf_alpha001_nowrong_noweight_50rep_chunked/wc_sweep_bnlearn_asia_alpha001_nowrong_noweight_seed2026_2075_20260715_161105/summary.json,,,,,,20492.0,32775.0,,retained CI facts
asia,Asia (8),ABA-PC,24,24.0,2049.0,15.005684097900227,0.18113461308762052,15.830669216061185,0.15760701779896522,15.005684097900227,7.0,23.0,0.18113461308762052,0.4211,0.0741,15.830669216061185,7.0,23.0,0.15760701779896522,0.631609417213431,0.0,14954.0,39225.0,0.3452274925587441,0.631578947368421,0.08695652173913045,0.15760826166562253,0.631578947368421,0.0,0.3836008600926331,0.631578947368421,0.08695652173913045,0.11289279507255812,0.75,0.0,0.0,0.0,124.2318822229281,0.0,results/paper_aaai2027/frozen/results/final_mcs_experiments_er_sf_alpha001_nowrong_noweight_50rep_chunked/wc_sweep_bnlearn_asia_alpha001_nowrong_noweight_seed2026_2075_20260715_161105/summary.json,,,,,,14954.0,39225.0,,retained CI facts
asia,Asia (8),ABA-PC,25,25.0,2050.0,11.328664799253035,0.2451470123300664,11.084786994185357,0.40180853385686677,11.328664799253035,6.0,17.0,0.2451470123300664,0.5,0.0833,11.084786994185357,6.0,17.0,0.40180853385686677,0.6666666666666665,0.09088594704684318,3213.0,16854.0,0.4952224828164134,0.6666666666666665,0.3478260869565218,0.40181658766645595,0.6666666666666665,0.09090909090909091,0.5003038401100373,0.6666666666666665,0.3478260869565218,0.3490351167865311,0.75,0.0,0.0,0.0,54.484150568023324,0.0,results/paper_aaai2027/frozen/results/final_mcs_experiments_er_sf_alpha001_nowrong_noweight_50rep_chunked/wc_sweep_bnlearn_asia_alpha001_nowrong_noweight_seed2026_2075_20260715_161105/summary.json,,,,,,3213.0,16854.0,,retained CI facts
asia,Asia (8),ABA-PC,26,26.0,2051.0,16.604365370506237,0.19507357850330154,14.80689259046525,0.29088836391926787,16.604365370506237,10.0,22.0,0.19507357850330154,0.4211,0.0714,14.80689259046525,9.0,20.0,0.29088836391926787,0.4444444444444445,0.07997823721436344,10904.0,43525.0,0.41602206203728437,0.5714285714285714,0.24,0.2908828868268008,0.4444444444444445,0.07999999999999999,0.42967565895917453,0.5714285714285714,0.24,0.16787691741425312,0.5454545454545454,0.0,0.0,0.0,122.51534124230966,0.0,results/paper_aaai2027/frozen/results/final_mcs_experiments_er_sf_alpha001_nowrong_noweight_50rep_chunked/wc_sweep_bnlearn_asia_alpha001_nowrong_noweight_seed2026_2075_20260715_161105/summary.json,,,,,,10904.0,43525.0,,retained CI facts
asia,Asia (8),ABA-PC,27,27.0,2052.0,11.901215443279314,0.22344181413191436,12.054696296296296,0.3762662884125653,11.901215443279314,5.0,19.0,0.22344181413191436,0.5556,0.0714,12.054696296296296,5.0,19.0,0.3762662884125653,0.705901037622644,0.07997823721436344,8392.0,50625.0,0.5095743198601597,0.7058823529411765,0.3333333333333333,0.3762695611580761,0.7058823529411765,0.07999999999999999,0.5133306356246761,0.7058823529411765,0.3333333333333333,0.31308183518019767,0.75,0.0,0.0,0.0,120.69704035716131,0.0,results/paper_aaai2027/frozen/results/final_mcs_experiments_er_sf_alpha001_nowrong_noweight_50rep_chunked/wc_sweep_bnlearn_asia_alpha001_nowrong_noweight_seed2026_2075_20260715_161105/summary.json,,,,,,8392.0,50625.0,,retained CI facts
asia,Asia (8),ABA-PC,28,28.0,2053.0,17.96766335789538,0.1762914295415959,17.055277572168762,0.2752919950748583,17.96766335789538,11.0,25.0,0.1762914295415959,0.4167,0.0667,17.055277572168762,11.0,24.0,0.2752919950748583,0.5217391304347827,0.06671554252199415,16421.0,33775.0,0.3921104933992857,0.5714285714285714,0.21428571428571425,0.2752874763519964,0.5217391304347827,0.06666666666666667,0.3856031931498247,0.5714285714285714,0.21428571428571425,0.16868974220412752,0.6666666666666666,0.0,0.0,0.0,137.65822160290554,0.0,results/paper_aaai2027/frozen/results/final_mcs_experiments_er_sf_alpha001_nowrong_noweight_50rep_chunked/wc_sweep_bnlearn_asia_alpha001_nowrong_noweight_seed2026_2075_20260715_161105/summary.json,,,,,,16421.0,33775.0,,retained CI facts
asia,Asia (8),ABA-PC,29,29.0,2054.0,8.75,0.329425,9.431034482758621,0.4380629500046673,8.75,7.0,11.0,0.329425,0.3529,0.3,9.431034482758621,7.0,12.0,0.4380629500046673,0.5882602066745722,0.3,16.0,58.0,0.5426615897417648,0.5882352941176471,0.5,0.4380733781715953,0.5882352941176471,0.3,0.5490733574131407,0.5882352941176471,0.5,0.48897352647352643,0.5454545454545454,0.39999999999999997,0.0,0.0,2.0660561281256378,0.0,results/paper_aaai2027/frozen/results/final_mcs_experiments_er_sf_alpha001_nowrong_noweight_50rep_chunked/wc_sweep_bnlearn_asia_alpha001_nowrong_noweight_seed2026_2075_20260715_161105/summary.json,,,,,,16.0,58.0,,retained CI facts
asia,Asia (8),ABA-PC,30,30.0,2055.0,11.518595255361028,0.20924743914528032,11.303213182286303,0.37708366188182646,11.518595255361028,5.0,17.0,0.20924743914528032,0.5556,0.08,11.303213182286303,5.0,18.0,0.37708366188182646,0.705901037622644,0.0,9653.0,48550.0,0.5216360025425039,0.7058823529411765,0.3,0.37708918434221306,0.7058823529411765,0.0,0.5269057378583868,0.7058823529411765,0.3,0.27668632013812244,0.75,0.0,0.0,0.0,121.48018053779379,0.0,results/paper_aaai2027/frozen/results/final_mcs_experiments_er_sf_alpha001_nowrong_noweight_50rep_chunked/wc_sweep_bnlearn_asia_alpha001_nowrong_noweight_seed2026_2075_20260715_161105/summary.json,,,,,,9653.0,48550.0,,retained CI facts
asia,Asia (8),ABA-PC,31,31.0,2056.0,11.616370900306606,0.2805978901384887,12.489558275678553,0.3632641171052781,11.616370900306606,6.0,17.0,0.2805978901384887,0.5263,0.087,12.489558275678553,6.0,19.0,0.3632641171052781,0.6666666666666665,0.09522040614165428,10763.0,46975.0,0.48503204720331683,0.6666666666666665,0.2,0.3632665457053911,0.6666666666666665,0.09523809523809525,0.4865576116178202,0.6666666666666665,0.2,0.4158551258385816,0.6666666666666665,0.0,0.0,0.0,120.85533860791475,0.0,results/paper_aaai2027/frozen/results/final_mcs_experiments_er_sf_alpha001_nowrong_noweight_50rep_chunked/wc_sweep_bnlearn_asia_alpha001_nowrong_noweight_seed2026_2075_20260715_161105/summary.json,,,,,,10763.0,46975.0,,retained CI facts
asia,Asia (8),ABA-PC,32,32.0,2057.0,17.398413566739606,0.1669627322621173,17.17103345724907,0.18716855187752057,17.398413566739606,10.0,23.0,0.1669627322621173,0.4,0.069,17.17103345724907,11.0,23.0,0.18716855187752057,0.3999759990399616,0.0,18280.0,33625.0,0.33548579930249667,0.6,0.08333333333333333,0.18717052267609421,0.4,0.0,0.3510997523433116,0.6,0.08333333333333333,0.13332996573584166,0.6666666666666666,0.0,0.0,0.0,126.13503338769078,0.0,results/paper_aaai2027/frozen/results/final_mcs_experiments_er_sf_alpha001_nowrong_noweight_50rep_chunked/wc_sweep_bnlearn_asia_alpha001_nowrong_noweight_seed2026_2075_20260715_161105/summary.json,,,,,,18280.0,33625.0,,retained CI facts
asia,Asia (8),ABA-PC,33,33.0,2058.0,15.4996826260428,0.2220997311170863,13.398379530916845,0.34957091599561235,15.4996826260428,7.0,22.0,0.2220997311170863,0.5556,0.0769,13.398379530916845,6.0,20.0,0.34957091599561235,0.6666666666666665,0.09088594704684318,22056.0,35175.0,0.4040069844323001,0.6666666666666665,0.09523809523809525,0.34957190981490216,0.6666666666666665,0.09090909090909091,0.3791980206825267,0.6666666666666665,0.09523809523809525,0.17698976074433395,0.6,0.0,0.0,0.0,121.64469312084839,0.0,results/paper_aaai2027/frozen/results/final_mcs_experiments_er_sf_alpha001_nowrong_noweight_50rep_chunked/wc_sweep_bnlearn_asia_alpha001_nowrong_noweight_seed2026_2075_20260715_161105/summary.json,,,,,,22056.0,35175.0,,retained CI facts
asia,Asia (8),ABA-PC,34,34.0,2059.0,14.406984960129202,0.24614015342686987,14.021451885199776,0.3104748679961284,14.406984960129202,7.0,22.0,0.24614015342686987,0.5263,0.0769,14.021451885199776,7.0,21.0,0.3104748679961284,0.631609417213431,0.0769656699889258,9907.0,44425.0,0.4059059948670232,0.6666666666666665,0.24,0.3104728720039651,0.631578947368421,0.07692307692307691,0.42247753070838656,0.6666666666666665,0.24,0.24571061512689865,0.6666666666666665,0.0,0.0,0.0,123.00701021729037,0.0,results/paper_aaai2027/frozen/results/final_mcs_experiments_er_sf_alpha001_nowrong_noweight_50rep_chunked/wc_sweep_bnlearn_asia_alpha001_nowrong_noweight_seed2026_2075_20260715_161105/summary.json,,,,,,9907.0,44425.0,,retained CI facts
asia,Asia (8),ABA-PC,35,35.0,2060.0,12.57601672367921,0.25033782684485767,11.386766463953428,0.3803453633174001,12.57601672367921,6.0,19.0,0.25033782684485767,0.5556,0.0833,11.386766463953428,5.0,17.0,0.3803453633174001,0.705901037622644,0.09088594704684318,5262.0,19239.0,0.5127518103724061,0.7058823529411765,0.2,0.3803482779414932,0.7058823529411765,0.09090909090909091,0.5022294655301169,0.7058823529411765,0.2,0.274400271068391,0.75,0.0,0.0,0.0,54.77194738481194,0.0,results/paper_aaai2027/frozen/results/final_mcs_experiments_er_sf_alpha001_nowrong_noweight_50rep_chunked/wc_sweep_bnlearn_asia_alpha001_nowrong_noweight_seed2026_2075_20260715_161105/summary.json,,,,,,5262.0,19239.0,,retained CI facts
asia,Asia (8),ABA-PC,36,36.0,2061.0,15.33786527765516,0.21990231137088204,14.72096174863388,0.28119915866064715,15.33786527765516,7.0,20.0,0.21990231137088204,0.4211,0.0769,14.72096174863388,8.0,20.0,0.28119915866064715,0.6,0.0869848721961398,11327.0,45750.0,0.37856538054296546,0.631578947368421,0.09090909090909091,0.2811947877650955,0.6,0.08695652173913045,0.36766970795772796,0.631578947368421,0.09090909090909091,0.29983626162880583,0.75,0.0,0.0,0.0,121.3601234247908,0.0,results/paper_aaai2027/frozen/results/final_mcs_experiments_er_sf_alpha001_nowrong_noweight_50rep_chunked/wc_sweep_bnlearn_asia_alpha001_nowrong_noweight_seed2026_2075_20260715_161105/summary.json,,,,,,11327.0,45750.0,,retained CI facts
asia,Asia (8),ABA-PC,37,37.0,2062.0,19.064406779661017,0.17461102305943488,17.69827089337176,0.2582922406566974,19.064406779661017,12.0,25.0,0.17461102305943488,0.5217,0.0645,17.69827089337176,12.0,23.0,0.2582922406566974,0.4166666666666667,0.07404279279279279,16815.0,34700.0,0.31845526542889174,0.5454545454545454,0.07999999999999999,0.2582883735169613,0.4166666666666667,0.07407407407407407,0.3351313725501193,0.5454545454545454,0.07999999999999999,0.10622389866582496,0.6666666666666666,0.0,0.0,0.0,124.66648171236739,0.0,results/paper_aaai2027/frozen/results/final_mcs_experiments_er_sf_alpha001_nowrong_noweight_50rep_chunked/wc_sweep_bnlearn_asia_alpha001_nowrong_noweight_seed2026_2075_20260715_161105/summary.json,,,,,,16815.0,34700.0,,retained CI facts
asia,Asia (8),ABA-PC,38,38.0,2063.0,18.137610641107145,0.17976505071950932,16.878305597579423,0.26183097846303044,18.137610641107145,9.0,25.0,0.17976505071950932,0.5217,0.0645,16.878305597579423,9.0,25.0,0.26183097846303044,0.5713990920346678,0.0,20449.0,33050.0,0.39350396034904034,0.6,0.21428571428571425,0.26182923624966054,0.5714285714285714,0.0,0.38190265068291507,0.6,0.21428571428571425,0.10561352165355663,0.75,0.0,0.0,0.0,124.35528600635007,0.0,results/paper_aaai2027/frozen/results/final_mcs_experiments_er_sf_alpha001_nowrong_noweight_50rep_chunked/wc_sweep_bnlearn_asia_alpha001_nowrong_noweight_seed2026_2075_20260715_161105/summary.json,,,,,,20449.0,33050.0,,retained CI facts
asia,Asia (8),ABA-PC,39,39.0,2064.0,13.539795918367346,0.2088246567505721,12.454248366013072,0.3289581207796637,13.539795918367346,8.0,19.0,0.2088246567505721,0.4211,0.0833,12.454248366013072,8.0,17.0,0.3289581207796637,0.526285317276517,0.17388468562483694,1960.0,4896.0,0.4703854912551126,0.631578947368421,0.2,0.328958919085282,0.5263157894736842,0.1739130434782609,0.47168186535414386,0.631578947368421,0.2,0.1798296477265565,0.75,0.0,0.0,0.0,21.560257024131715,0.0,results/paper_aaai2027/frozen/results/final_mcs_experiments_er_sf_alpha001_nowrong_noweight_50rep_chunked/wc_sweep_bnlearn_asia_alpha001_nowrong_noweight_seed2026_2075_20260715_161105/summary.json,,,,,,1960.0,4896.0,,retained CI facts
asia,Asia (8),ABA-PC,40,40.0,2065.0,19.065765657053216,0.17700963567222766,16.87081677704194,0.3013076756438745,19.065765657053216,12.0,25.0,0.17700963567222766,0.4545,0.0667,16.87081677704194,10.0,22.0,0.3013076756438745,0.5454776853894452,0.14285714285714288,16574.0,33975.0,0.3692038679103531,0.5454545454545454,0.15384615384615383,0.3013065819167903,0.5454545454545454,0.14285714285714288,0.3626207509514025,0.5454545454545454,0.15384615384615383,0.1095157684485368,0.6666666666666666,0.0,0.0,0.0,126.8134920927696,0.0,results/paper_aaai2027/frozen/results/final_mcs_experiments_er_sf_alpha001_nowrong_noweight_50rep_chunked/wc_sweep_bnlearn_asia_alpha001_nowrong_noweight_seed2026_2075_20260715_161105/summary.json,,,,,,16574.0,33975.0,,retained CI facts
asia,Asia (8),ABA-PC,41,41.0,2066.0,19.469449578968987,0.16609802681214092,18.278518518518517,0.22719476115845852,19.469449578968987,13.0,25.0,0.16609802681214092,0.5,0.0645,18.278518518518517,12.0,23.0,0.22719476115845852,0.4347542523218199,0.07142857142857144,19476.0,29025.0,0.3005036485888378,0.5454545454545454,0.07999999999999999,0.22719325753955275,0.43478260869565216,0.07142857142857144,0.32068127825090137,0.5454545454545454,0.07999999999999999,0.12113458991216614,0.6666666666666666,0.0,0.0,0.0,126.89992259209976,0.0,results/paper_aaai2027/frozen/results/final_mcs_experiments_er_sf_alpha001_nowrong_noweight_50rep_chunked/wc_sweep_bnlearn_asia_alpha001_nowrong_noweight_seed2026_2075_20260715_161105/summary.json,,,,,,19476.0,29025.0,,retained CI facts
asia,Asia (8),ABA-PC,42,42.0,2067.0,14.844971303634873,0.21629584897162588,14.396057774001699,0.3490677051789842,14.844971303634873,9.0,22.0,0.21629584897162588,0.3636,0.069,14.396057774001699,9.0,20.0,0.3490677051789842,0.5454776853894452,0.16666666666666666,14636.0,29425.0,0.3973967844640939,0.5555555555555556,0.18181818181818182,0.34906676864894604,0.5454545454545454,0.16666666666666666,0.3857054058865937,0.5555555555555556,0.18181818181818182,0.24521014064770205,0.75,0.0,0.0,0.0,125.24951055599377,0.0,results/paper_aaai2027/frozen/results/final_mcs_experiments_er_sf_alpha001_nowrong_noweight_50rep_chunked/wc_sweep_bnlearn_asia_alpha001_nowrong_noweight_seed2026_2075_20260715_161105/summary.json,,,,,,14636.0,29425.0,,retained CI facts
asia,Asia (8),ABA-PC,43,43.0,2068.0,13.379717586649551,0.14253539180909383,13.884130663856691,0.2512772491015188,13.379717586649551,7.0,20.0,0.14253539180909383,0.3529,0.0741,13.884130663856691,8.0,21.0,0.2512772491015188,0.5555555555555556,0.0,7790.0,23725.0,0.46501873707342606,0.6666666666666665,0.26086956521739135,0.251277127758359,0.5555555555555556,0.0,0.47689114756404605,0.6666666666666665,0.26086956521739135,0.14316249292560512,0.5,0.0,0.0,0.0,121.97836970724165,0.0,results/paper_aaai2027/frozen/results/final_mcs_experiments_er_sf_alpha001_nowrong_noweight_50rep_chunked/wc_sweep_bnlearn_asia_alpha001_nowrong_noweight_seed2026_2075_20260715_161105/summary.json,,,,,,7790.0,23725.0,,retained CI facts
asia,Asia (8),ABA-PC,44,44.0,2069.0,13.130329236838113,0.24976245142487044,13.323374950455806,0.24583904605499637,13.130329236838113,7.0,19.0,0.24976245142487044,0.4444,0.0833,13.323374950455806,7.0,19.0,0.24583904605499637,0.5882602066745722,0.0,6591.0,20184.0,0.43401438408098963,0.6666666666666665,0.1904761904761905,0.2458402290161363,0.5882352941176471,0.0,0.43323371215543344,0.6666666666666665,0.1904761904761905,0.3439098782146789,0.6666666666666665,0.0,0.0,0.0,111.2931786798872,0.0,results/paper_aaai2027/frozen/results/final_mcs_experiments_er_sf_alpha001_nowrong_noweight_50rep_chunked/wc_sweep_bnlearn_asia_alpha001_nowrong_noweight_seed2026_2075_20260715_161105/summary.json,,,,,,6591.0,20184.0,,retained CI facts
asia,Asia (8),ABA-PC,45,45.0,2070.0,16.83794321920312,0.1430026531492666,16.27911724137931,0.15432158413800634,16.83794321920312,8.0,22.0,0.1430026531492666,0.5263,0.08,16.27911724137931,8.0,21.0,0.15432158413800634,0.470563320626853,0.0,8207.0,18125.0,0.27627521332006855,0.5882352941176471,0.08695652173913045,0.15432769481357722,0.47058823529411764,0.0,0.2770415620553598,0.5882352941176471,0.08695652173913045,0.09518716555661345,0.75,0.0,0.0,0.0,129.72333430219442,0.0,results/paper_aaai2027/frozen/results/final_mcs_experiments_er_sf_alpha001_nowrong_noweight_50rep_chunked/wc_sweep_bnlearn_asia_alpha001_nowrong_noweight_seed2026_2075_20260715_161105/summary.json,,,,,,8207.0,18125.0,,retained CI facts
asia,Asia (8),ABA-PC,46,46.0,2071.0,13.963517665130569,0.1779309865824783,14.365219858156028,0.24825761849346714,13.963517665130569,7.0,22.0,0.1779309865824783,0.4211,0.0741,14.365219858156028,7.0,20.0,0.24825761849346714,0.5555555555555556,0.0,7812.0,17625.0,0.43637159333413633,0.6666666666666665,0.16666666666666666,0.24825686501407013,0.5555555555555556,0.0,0.4559136716487335,0.6666666666666665,0.16666666666666666,0.14749387233066188,0.75,0.0,0.0,0.0,127.12704704981297,0.0,results/paper_aaai2027/frozen/results/final_mcs_experiments_er_sf_alpha001_nowrong_noweight_50rep_chunked/wc_sweep_bnlearn_asia_alpha001_nowrong_noweight_seed2026_2075_20260715_161105/summary.json,,,,,,7812.0,17625.0,,retained CI facts
asia,Asia (8),ABA-PC,47,47.0,2072.0,12.86054721977052,0.18784830616256215,13.365988304093568,0.2719624774068616,12.86054721977052,7.0,20.0,0.18784830616256215,0.4444,0.0714,13.365988304093568,7.0,21.0,0.2719624774068616,0.5555555555555556,0.07404279279279279,9064.0,21375.0,0.49233515054581656,0.6666666666666665,0.25,0.2719614426737421,0.5555555555555556,0.07407407407407407,0.4892530384043535,0.6666666666666665,0.25,0.2363345307619803,0.6,0.0,0.0,0.0,123.86334986519068,0.0,results/paper_aaai2027/frozen/results/final_mcs_experiments_er_sf_alpha001_nowrong_noweight_50rep_chunked/wc_sweep_bnlearn_asia_alpha001_nowrong_noweight_seed2026_2075_20260715_161105/summary.json,,,,,,9064.0,21375.0,,retained CI facts
asia,Asia (8),ABA-PC,48,48.0,2073.0,15.015276630883568,0.27829487200660613,15.283422159887799,0.27989957548582806,15.015276630883568,7.0,22.0,0.27829487200660613,0.5263,0.1429,15.283422159887799,7.0,21.0,0.27989957548582806,0.5555555555555556,0.14285714285714288,12110.0,17825.0,0.4239858111804167,0.6666666666666665,0.23076923076923078,0.2798919805997247,0.5555555555555556,0.14285714285714288,0.4272618564564686,0.6666666666666665,0.23076923076923078,0.35525523412841775,0.6,0.17391304347826086,0.0,0.0,121.81976424576715,0.0,results/paper_aaai2027/frozen/results/final_mcs_experiments_er_sf_alpha001_nowrong_noweight_50rep_chunked/wc_sweep_bnlearn_asia_alpha001_nowrong_noweight_seed2026_2075_20260715_161105/summary.json,,,,,,12110.0,17825.0,,retained CI facts
asia,Asia (8),ABA-PC,49,49.0,2074.0,7.75,0.40605625,8.916666666666666,0.49062262018748726,7.75,6.0,10.0,0.40605625,0.4444,0.3636,8.916666666666666,6.0,12.0,0.49062262018748726,0.6666666666666665,0.3636247931780578,32.0,192.0,0.6090567327409432,0.6666666666666665,0.5454545454545454,0.4906290347079821,0.6666666666666665,0.36363636363636365,0.6090567327409432,0.6666666666666665,0.5454545454545454,0.4733204295704296,0.5454545454545454,0.39999999999999997,0.0,0.0,14.503299732226878,0.0,results/paper_aaai2027/frozen/results/final_mcs_experiments_er_sf_alpha001_nowrong_noweight_50rep_chunked/wc_sweep_bnlearn_asia_alpha001_nowrong_noweight_seed2026_2075_20260715_161105/summary.json,,,,,,32.0,192.0,,retained CI facts
asia,Asia (8),ABA-PC,50,50.0,2075.0,9.744897959183673,0.28760408163265305,10.77710843373494,0.3947527150103755,9.744897959183673,7.0,13.0,0.28760408163265305,0.3529,0.1905,10.77710843373494,7.0,15.0,0.3947527150103755,0.5882602066745722,0.19044081228330856,196.0,996.0,0.49086134924752556,0.5882352941176471,0.380952380952381,0.394762041747196,0.5882352941176471,0.1904761904761905,0.4968944082531623,0.5882352941176471,0.380952380952381,0.4624485491832431,0.6666666666666665,0.28571428571428575,0.0,0.0,3.9336404809728265,0.0,results/paper_aaai2027/frozen/results/final_mcs_experiments_er_sf_alpha001_nowrong_noweight_50rep_chunked/wc_sweep_bnlearn_asia_alpha001_nowrong_noweight_seed2026_2075_20260715_161105/summary.json,,,,,,196.0,996.0,,retained CI facts
asia,Asia (8),OptABA-PC,1,1.0,2026.0,4.0,0.5,4.666666666666667,0.6666666666666666,4.0,4.0,4.0,0.5,0.5,0.5,4.666666666666667,4.0,5.0,0.6666666666666666,0.75,0.625,1.0,3.0,0.75,0.75,0.75,0.6666666666666666,0.75,0.625,0.75,0.75,0.75,0.6666666666666665,0.6666666666666665,0.6666666666666665,0.0,0.0,15.58875681227073,0.0,results/paper_aaai2027/frozen/results/final_mcs_experiments_er_sf_alpha001_nowrong_noweight_50rep_chunked/wc_sweep_bnlearn_asia_alpha001_nowrong_noweight_seed2026_2075_20260715_161105/summary.json,,,,,,1.0,3.0,,retained CI facts
asia,Asia (8),OptABA-PC,2,2.0,2027.0,4.0,0.5,4.666666666666667,0.6666666666666666,4.0,4.0,4.0,0.5,0.5,0.5,4.666666666666667,4.0,5.0,0.6666666666666666,0.75,0.625,1.0,3.0,0.75,0.75,0.75,0.6666666666666666,0.75,0.625,0.75,0.75,0.75,0.6666666666666665,0.6666666666666665,0.6666666666666665,0.0,0.0,10.553501676768064,0.0,results/paper_aaai2027/frozen/results/final_mcs_experiments_er_sf_alpha001_nowrong_noweight_50rep_chunked/wc_sweep_bnlearn_asia_alpha001_nowrong_noweight_seed2026_2075_20260715_161105/summary.json,,,,,,1.0,3.0,,retained CI facts
asia,Asia (8),OptABA-PC,3,3.0,2028.0,3.5,0.5719,4.666666666666667,0.6672211902875493,3.5,3.0,4.0,0.5719,0.5882,0.5556,4.666666666666667,3.0,6.0,0.6672211902875493,0.8235418683446273,0.5555555555555556,2.0,12.0,0.8006535947712418,0.823529411764706,0.7777777777777777,0.6672113289760349,0.823529411764706,0.5555555555555556,0.8006535947712419,0.823529411764706,0.7777777777777777,0.6333333333333333,0.6666666666666665,0.6,0.0,0.0,32.82387920515612,0.0,results/paper_aaai2027/frozen/results/final_mcs_experiments_er_sf_alpha001_nowrong_noweight_50rep_chunked/wc_sweep_bnlearn_asia_alpha001_nowrong_noweight_seed2026_2075_20260715_161105/summary.json,,,,,,2.0,12.0,,retained CI facts
asia,Asia (8),OptABA-PC,4,4.0,2029.0,4.0,0.5,4.666666666666667,0.6666666666666666,4.0,4.0,4.0,0.5,0.5,0.5,4.666666666666667,4.0,5.0,0.6666666666666666,0.75,0.625,1.0,3.0,0.75,0.75,0.75,0.6666666666666666,0.75,0.625,0.75,0.75,0.75,0.6666666666666665,0.6666666666666665,0.6666666666666665,0.0,0.0,3.5344246700406075,0.0,results/paper_aaai2027/frozen/results/final_mcs_experiments_er_sf_alpha001_nowrong_noweight_50rep_chunked/wc_sweep_bnlearn_asia_alpha001_nowrong_noweight_seed2026_2075_20260715_161105/summary.json,,,,,,1.0,3.0,,retained CI facts
asia,Asia (8),OptABA-PC,5,5.0,2030.0,4.0,0.625,4.0,0.625,4.0,4.0,4.0,0.625,0.625,0.625,4.0,4.0,4.0,0.625,0.625,0.625,1.0,1.0,0.875,0.875,0.875,0.625,0.625,0.625,0.875,0.875,0.875,0.7272727272727273,0.7272727272727273,0.7272727272727273,0.0,0.0,241.119516256731,0.0,results/paper_aaai2027/frozen/results/final_mcs_experiments_er_sf_alpha001_nowrong_noweight_50rep_chunked/wc_sweep_bnlearn_asia_alpha001_nowrong_noweight_seed2026_2075_20260715_161105/summary.json,,,,,,1.0,1.0,,retained CI facts
asia,Asia (8),OptABA-PC,6,6.0,2031.0,3.5,0.5719,4.666666666666667,0.6672211902875493,3.5,3.0,4.0,0.5719,0.5882,0.5556,4.666666666666667,3.0,6.0,0.6672211902875493,0.8235418683446273,0.5555555555555556,2.0,12.0,0.8006535947712418,0.823529411764706,0.7777777777777777,0.6672113289760349,0.823529411764706,0.5555555555555556,0.8006535947712419,0.823529411764706,0.7777777777777777,0.6333333333333333,0.6666666666666665,0.6,0.0,0.0,37.63347416417673,0.0,results/paper_aaai2027/frozen/results/final_mcs_experiments_er_sf_alpha001_nowrong_noweight_50rep_chunked/wc_sweep_bnlearn_asia_alpha001_nowrong_noweight_seed2026_2075_20260715_161105/summary.json,,,,,,2.0,12.0,,retained CI facts
asia,Asia (8),OptABA-PC,7,7.0,2032.0,4.0,0.5,4.666666666666667,0.6666666666666666,4.0,4.0,4.0,0.5,0.5,0.5,4.666666666666667,4.0,5.0,0.6666666666666666,0.75,0.625,1.0,3.0,0.75,0.75,0.75,0.6666666666666666,0.75,0.625,0.75,0.75,0.75,0.6666666666666665,0.6666666666666665,0.6666666666666665,0.0,0.0,75.7282444620505,0.0,results/paper_aaai2027/frozen/results/final_mcs_experiments_er_sf_alpha001_nowrong_noweight_50rep_chunked/wc_sweep_bnlearn_asia_alpha001_nowrong_noweight_seed2026_2075_20260715_161105/summary.json,,,,,,1.0,3.0,,retained CI facts
asia,Asia (8),OptABA-PC,8,8.0,2033.0,3.0,0.6667,3.0,0.6666728888225192,3.0,3.0,3.0,0.6667,0.6667,0.6667,3.0,3.0,3.0,0.6666728888225192,0.6666728888225192,0.6666728888225192,1.0,1.0,0.9333333333333333,0.9333333333333333,0.9333333333333333,0.6666666666666666,0.6666666666666666,0.6666666666666666,0.9333333333333333,0.9333333333333333,0.9333333333333333,0.8,0.8,0.8,0.0,0.0,3.190132766030729,0.0,results/paper_aaai2027/frozen/results/final_mcs_experiments_er_sf_alpha001_nowrong_noweight_50rep_chunked/wc_sweep_bnlearn_asia_alpha001_nowrong_noweight_seed2026_2075_20260715_161105/summary.json,,,,,,1.0,1.0,,retained CI facts
asia,Asia (8),OptABA-PC,9,9.0,2034.0,4.0,0.5,4.666666666666667,0.6666666666666666,4.0,4.0,4.0,0.5,0.5,0.5,4.666666666666667,4.0,5.0,0.6666666666666666,0.75,0.625,1.0,3.0,0.75,0.75,0.75,0.6666666666666666,0.75,0.625,0.75,0.75,0.75,0.6666666666666665,0.6666666666666665,0.6666666666666665,0.0,0.0,98.9162969677709,0.0,results/paper_aaai2027/frozen/results/final_mcs_experiments_er_sf_alpha001_nowrong_noweight_50rep_chunked/wc_sweep_bnlearn_asia_alpha001_nowrong_noweight_seed2026_2075_20260715_161105/summary.json,,,,,,1.0,3.0,,retained CI facts
asia,Asia (8),OptABA-PC,10,10.0,2035.0,3.5,0.5719,4.666666666666667,0.6672211902875493,3.5,3.0,4.0,0.5719,0.5882,0.5556,4.666666666666667,3.0,6.0,0.6672211902875493,0.8235418683446273,0.5555555555555556,2.0,12.0,0.8006535947712418,0.823529411764706,0.7777777777777777,0.6672113289760349,0.823529411764706,0.5555555555555556,0.8006535947712419,0.823529411764706,0.7777777777777777,0.6333333333333333,0.6666666666666665,0.6,0.0,0.0,37.798098084982485,0.0,results/paper_aaai2027/frozen/results/final_mcs_experiments_er_sf_alpha001_nowrong_noweight_50rep_chunked/wc_sweep_bnlearn_asia_alpha001_nowrong_noweight_seed2026_2075_20260715_161105/summary.json,,,,,,2.0,12.0,,retained CI facts
asia,Asia (8),OptABA-PC,11,11.0,2036.0,2.0,0.75,2.5,0.6875,2.0,2.0,2.0,0.75,0.75,0.75,2.5,2.0,3.0,0.6875,0.75,0.625,1.0,2.0,1.0,1.0,1.0,0.6875,0.75,0.625,1.0,1.0,1.0,0.8,0.8,0.8,0.0,0.0,51.38007972901687,0.0,results/paper_aaai2027/frozen/results/final_mcs_experiments_er_sf_alpha001_nowrong_noweight_50rep_chunked/wc_sweep_bnlearn_asia_alpha001_nowrong_noweight_seed2026_2075_20260715_161105/summary.json,,,,,,1.0,2.0,,retained CI facts
asia,Asia (8),OptABA-PC,12,12.0,2037.0,4.0,0.5,4.666666666666667,0.6666666666666666,4.0,4.0,4.0,0.5,0.5,0.5,4.666666666666667,4.0,5.0,0.6666666666666666,0.75,0.625,1.0,3.0,0.75,0.75,0.75,0.6666666666666666,0.75,0.625,0.75,0.75,0.75,0.6666666666666665,0.6666666666666665,0.6666666666666665,0.0,0.0,6.968946773093194,0.0,results/paper_aaai2027/frozen/results/final_mcs_experiments_er_sf_alpha001_nowrong_noweight_50rep_chunked/wc_sweep_bnlearn_asia_alpha001_nowrong_noweight_seed2026_2075_20260715_161105/summary.json,,,,,,1.0,3.0,,retained CI facts
asia,Asia (8),OptABA-PC,13,13.0,2038.0,4.0,0.5,4.666666666666667,0.6666666666666666,4.0,4.0,4.0,0.5,0.5,0.5,4.666666666666667,4.0,5.0,0.6666666666666666,0.75,0.625,1.0,3.0,0.75,0.75,0.75,0.6666666666666666,0.75,0.625,0.75,0.75,0.75,0.6666666666666665,0.6666666666666665,0.6666666666666665,0.0,0.0,26.73038525832817,0.0,results/paper_aaai2027/frozen/results/final_mcs_experiments_er_sf_alpha001_nowrong_noweight_50rep_chunked/wc_sweep_bnlearn_asia_alpha001_nowrong_noweight_seed2026_2075_20260715_161105/summary.json,,,,,,1.0,3.0,,retained CI facts
asia,Asia (8),OptABA-PC,14,14.0,2039.0,3.5,0.5719,4.666666666666667,0.6672211902875493,3.5,3.0,4.0,0.5719,0.5882,0.5556,4.666666666666667,3.0,6.0,0.6672211902875493,0.8235418683446273,0.5555555555555556,2.0,12.0,0.8006535947712418,0.823529411764706,0.7777777777777777,0.6672113289760349,0.823529411764706,0.5555555555555556,0.8006535947712419,0.823529411764706,0.7777777777777777,0.6333333333333333,0.6666666666666665,0.6,0.0,0.0,52.69258903386071,0.0,results/paper_aaai2027/frozen/results/final_mcs_experiments_er_sf_alpha001_nowrong_noweight_50rep_chunked/wc_sweep_bnlearn_asia_alpha001_nowrong_noweight_seed2026_2075_20260715_161105/summary.json,,,,,,2.0,12.0,,retained CI facts
asia,Asia (8),OptABA-PC,15,15.0,2040.0,3.0,0.6667,3.0,0.6666728888225192,3.0,3.0,3.0,0.6667,0.6667,0.6667,3.0,3.0,3.0,0.6666728888225192,0.6666728888225192,0.6666728888225192,1.0,1.0,0.9333333333333333,0.9333333333333333,0.9333333333333333,0.6666666666666666,0.6666666666666666,0.6666666666666666,0.9333333333333333,0.9333333333333333,0.9333333333333333,0.8,0.8,0.8,0.0,0.0,3.7448349711485207,0.0,results/paper_aaai2027/frozen/results/final_mcs_experiments_er_sf_alpha001_nowrong_noweight_50rep_chunked/wc_sweep_bnlearn_asia_alpha001_nowrong_noweight_seed2026_2075_20260715_161105/summary.json,,,,,,1.0,1.0,,retained CI facts
asia,Asia (8),OptABA-PC,16,16.0,2041.0,4.0,0.5,4.666666666666667,0.6666666666666666,4.0,4.0,4.0,0.5,0.5,0.5,4.666666666666667,4.0,5.0,0.6666666666666666,0.75,0.625,1.0,3.0,0.75,0.75,0.75,0.6666666666666666,0.75,0.625,0.75,0.75,0.75,0.6666666666666665,0.6666666666666665,0.6666666666666665,0.0,0.0,9.169562052935362,0.0,results/paper_aaai2027/frozen/results/final_mcs_experiments_er_sf_alpha001_nowrong_noweight_50rep_chunked/wc_sweep_bnlearn_asia_alpha001_nowrong_noweight_seed2026_2075_20260715_161105/summary.json,,,,,,1.0,3.0,,retained CI facts
asia,Asia (8),OptABA-PC,17,17.0,2042.0,4.0,0.5,4.666666666666667,0.6666666666666666,4.0,4.0,4.0,0.5,0.5,0.5,4.666666666666667,4.0,5.0,0.6666666666666666,0.75,0.625,1.0,3.0,0.75,0.75,0.75,0.6666666666666666,0.75,0.625,0.75,0.75,0.75,0.6666666666666665,0.6666666666666665,0.6666666666666665,0.0,0.0,14.781693757977337,0.0,results/paper_aaai2027/frozen/results/final_mcs_experiments_er_sf_alpha001_nowrong_noweight_50rep_chunked/wc_sweep_bnlearn_asia_alpha001_nowrong_noweight_seed2026_2075_20260715_161105/summary.json,,,,,,1.0,3.0,,retained CI facts
asia,Asia (8),OptABA-PC,18,18.0,2043.0,4.0,0.5,4.666666666666667,0.6666666666666666,4.0,4.0,4.0,0.5,0.5,0.5,4.666666666666667,4.0,5.0,0.6666666666666666,0.75,0.625,1.0,3.0,0.75,0.75,0.75,0.6666666666666666,0.75,0.625,0.75,0.75,0.75,0.6666666666666665,0.6666666666666665,0.6666666666666665,0.0,0.0,241.54942350275815,0.0,results/paper_aaai2027/frozen/results/final_mcs_experiments_er_sf_alpha001_nowrong_noweight_50rep_chunked/wc_sweep_bnlearn_asia_alpha001_nowrong_noweight_seed2026_2075_20260715_161105/summary.json,,,,,,1.0,3.0,,retained CI facts
asia,Asia (8),OptABA-PC,19,19.0,2044.0,4.0,0.5,4.666666666666667,0.6666666666666666,4.0,4.0,4.0,0.5,0.5,0.5,4.666666666666667,4.0,5.0,0.6666666666666666,0.75,0.625,1.0,3.0,0.75,0.75,0.75,0.6666666666666666,0.75,0.625,0.75,0.75,0.75,0.6666666666666665,0.6666666666666665,0.6666666666666665,0.0,0.0,40.75975170498714,0.0,results/paper_aaai2027/frozen/results/final_mcs_experiments_er_sf_alpha001_nowrong_noweight_50rep_chunked/wc_sweep_bnlearn_asia_alpha001_nowrong_noweight_seed2026_2075_20260715_161105/summary.json,,,,,,1.0,3.0,,retained CI facts
asia,Asia (8),OptABA-PC,20,20.0,2045.0,4.0,0.5,4.666666666666667,0.6666666666666666,4.0,4.0,4.0,0.5,0.5,0.5,4.666666666666667,4.0,5.0,0.6666666666666666,0.75,0.625,1.0,3.0,0.75,0.75,0.75,0.6666666666666666,0.75,0.625,0.75,0.75,0.75,0.6666666666666665,0.6666666666666665,0.6666666666666665,0.0,0.0,4.849036915227771,0.0,results/paper_aaai2027/frozen/results/final_mcs_experiments_er_sf_alpha001_nowrong_noweight_50rep_chunked/wc_sweep_bnlearn_asia_alpha001_nowrong_noweight_seed2026_2075_20260715_161105/summary.json,,,,,,1.0,3.0,,retained CI facts
asia,Asia (8),OptABA-PC,21,21.0,2046.0,3.5,0.5719,4.666666666666667,0.6672211902875493,3.5,3.0,4.0,0.5719,0.5882,0.5556,4.666666666666667,3.0,6.0,0.6672211902875493,0.8235418683446273,0.5555555555555556,2.0,12.0,0.8006535947712418,0.823529411764706,0.7777777777777777,0.6672113289760349,0.823529411764706,0.5555555555555556,0.8006535947712419,0.823529411764706,0.7777777777777777,0.6333333333333333,0.6666666666666665,0.6,0.0,0.0,214.6080256071873,0.0,results/paper_aaai2027/frozen/results/final_mcs_experiments_er_sf_alpha001_nowrong_noweight_50rep_chunked/wc_sweep_bnlearn_asia_alpha001_nowrong_noweight_seed2026_2075_20260715_161105/summary.json,,,,,,2.0,12.0,,retained CI facts
asia,Asia (8),OptABA-PC,23,23.0,2048.0,4.0,0.5,4.666666666666667,0.6666666666666666,4.0,4.0,4.0,0.5,0.5,0.5,4.666666666666667,4.0,5.0,0.6666666666666666,0.75,0.625,1.0,3.0,0.75,0.75,0.75,0.6666666666666666,0.75,0.625,0.75,0.75,0.75,0.6666666666666665,0.6666666666666665,0.6666666666666665,0.0,0.0,9.645782568957657,0.0,results/paper_aaai2027/frozen/results/final_mcs_experiments_er_sf_alpha001_nowrong_noweight_50rep_chunked/wc_sweep_bnlearn_asia_alpha001_nowrong_noweight_seed2026_2075_20260715_161105/summary.json,,,,,,1.0,3.0,,retained CI facts
asia,Asia (8),OptABA-PC,24,24.0,2049.0,4.0,0.5,4.666666666666667,0.6666666666666666,4.0,4.0,4.0,0.5,0.5,0.5,4.666666666666667,4.0,5.0,0.6666666666666666,0.75,0.625,1.0,3.0,0.75,0.75,0.75,0.6666666666666666,0.75,0.625,0.75,0.75,0.75,0.6666666666666665,0.6666666666666665,0.6666666666666665,0.0,0.0,8.130622276104987,0.0,results/paper_aaai2027/frozen/results/final_mcs_experiments_er_sf_alpha001_nowrong_noweight_50rep_chunked/wc_sweep_bnlearn_asia_alpha001_nowrong_noweight_seed2026_2075_20260715_161105/summary.json,,,,,,1.0,3.0,,retained CI facts
asia,Asia (8),OptABA-PC,25,25.0,2050.0,4.0,0.5,4.666666666666667,0.6666666666666666,4.0,4.0,4.0,0.5,0.5,0.5,4.666666666666667,4.0,5.0,0.6666666666666666,0.75,0.625,1.0,3.0,0.75,0.75,0.75,0.6666666666666666,0.75,0.625,0.75,0.75,0.75,0.6666666666666665,0.6666666666666665,0.6666666666666665,0.0,0.0,13.954877708107233,0.0,results/paper_aaai2027/frozen/results/final_mcs_experiments_er_sf_alpha001_nowrong_noweight_50rep_chunked/wc_sweep_bnlearn_asia_alpha001_nowrong_noweight_seed2026_2075_20260715_161105/summary.json,,,,,,1.0,3.0,,retained CI facts
asia,Asia (8),OptABA-PC,26,26.0,2051.0,4.0,0.5,4.666666666666667,0.6666666666666666,4.0,4.0,4.0,0.5,0.5,0.5,4.666666666666667,4.0,5.0,0.6666666666666666,0.75,0.625,1.0,3.0,0.75,0.75,0.75,0.6666666666666666,0.75,0.625,0.75,0.75,0.75,0.6666666666666665,0.6666666666666665,0.6666666666666665,0.0,0.0,12.686403195839375,0.0,results/paper_aaai2027/frozen/results/final_mcs_experiments_er_sf_alpha001_nowrong_noweight_50rep_chunked/wc_sweep_bnlearn_asia_alpha001_nowrong_noweight_seed2026_2075_20260715_161105/summary.json,,,,,,1.0,3.0,,retained CI facts
asia,Asia (8),OptABA-PC,27,27.0,2052.0,3.5,0.5719,4.666666666666667,0.6672211902875493,3.5,3.0,4.0,0.5719,0.5882,0.5556,4.666666666666667,3.0,6.0,0.6672211902875493,0.8235418683446273,0.5555555555555556,2.0,12.0,0.8006535947712418,0.823529411764706,0.7777777777777777,0.6672113289760349,0.823529411764706,0.5555555555555556,0.8006535947712419,0.823529411764706,0.7777777777777777,0.6333333333333333,0.6666666666666665,0.6,0.0,0.0,100.55842850124463,0.0,results/paper_aaai2027/frozen/results/final_mcs_experiments_er_sf_alpha001_nowrong_noweight_50rep_chunked/wc_sweep_bnlearn_asia_alpha001_nowrong_noweight_seed2026_2075_20260715_161105/summary.json,,,,,,2.0,12.0,,retained CI facts
asia,Asia (8),OptABA-PC,28,28.0,2053.0,3.0,0.6667,3.0,0.6666728888225192,3.0,3.0,3.0,0.6667,0.6667,0.6667,3.0,3.0,3.0,0.6666728888225192,0.6666728888225192,0.6666728888225192,1.0,1.0,0.9333333333333333,0.9333333333333333,0.9333333333333333,0.6666666666666666,0.6666666666666666,0.6666666666666666,0.9333333333333333,0.9333333333333333,0.9333333333333333,0.8,0.8,0.8,0.0,0.0,302.45788812683895,0.0,results/paper_aaai2027/frozen/results/final_mcs_experiments_er_sf_alpha001_nowrong_noweight_50rep_chunked/wc_sweep_bnlearn_asia_alpha001_nowrong_noweight_seed2026_2075_20260715_161105/summary.json,,,,,,1.0,1.0,,retained CI facts
asia,Asia (8),OptABA-PC,29,29.0,2054.0,3.0,0.6667,3.0,0.6666728888225192,3.0,3.0,3.0,0.6667,0.6667,0.6667,3.0,3.0,3.0,0.6666728888225192,0.6666728888225192,0.6666728888225192,1.0,1.0,0.9333333333333333,0.9333333333333333,0.9333333333333333,0.6666666666666666,0.6666666666666666,0.6666666666666666,0.9333333333333333,0.9333333333333333,0.9333333333333333,0.8,0.8,0.8,0.0,0.0,3.5870675379410386,0.0,results/paper_aaai2027/frozen/results/final_mcs_experiments_er_sf_alpha001_nowrong_noweight_50rep_chunked/wc_sweep_bnlearn_asia_alpha001_nowrong_noweight_seed2026_2075_20260715_161105/summary.json,,,,,,1.0,1.0,,retained CI facts
asia,Asia (8),OptABA-PC,30,30.0,2055.0,3.5,0.5719,4.666666666666667,0.6672211902875493,3.5,3.0,4.0,0.5719,0.5882,0.5556,4.666666666666667,3.0,6.0,0.6672211902875493,0.8235418683446273,0.5555555555555556,2.0,12.0,0.8006535947712418,0.823529411764706,0.7777777777777777,0.6672113289760349,0.823529411764706,0.5555555555555556,0.8006535947712419,0.823529411764706,0.7777777777777777,0.6333333333333333,0.6666666666666665,0.6,0.0,0.0,83.52231683302671,0.0,results/paper_aaai2027/frozen/results/final_mcs_experiments_er_sf_alpha001_nowrong_noweight_50rep_chunked/wc_sweep_bnlearn_asia_alpha001_nowrong_noweight_seed2026_2075_20260715_161105/summary.json,,,,,,2.0,12.0,,retained CI facts
asia,Asia (8),OptABA-PC,31,31.0,2056.0,4.0,0.5,4.666666666666667,0.6666666666666666,4.0,4.0,4.0,0.5,0.5,0.5,4.666666666666667,4.0,5.0,0.6666666666666666,0.75,0.625,1.0,3.0,0.75,0.75,0.75,0.6666666666666666,0.75,0.625,0.75,0.75,0.75,0.6666666666666665,0.6666666666666665,0.6666666666666665,0.0,0.0,20.540918363723904,0.0,results/paper_aaai2027/frozen/results/final_mcs_experiments_er_sf_alpha001_nowrong_noweight_50rep_chunked/wc_sweep_bnlearn_asia_alpha001_nowrong_noweight_seed2026_2075_20260715_161105/summary.json,,,,,,1.0,3.0,,retained CI facts
asia,Asia (8),OptABA-PC,32,32.0,2057.0,4.0,0.5,4.666666666666667,0.6666666666666666,4.0,4.0,4.0,0.5,0.5,0.5,4.666666666666667,4.0,5.0,0.6666666666666666,0.75,0.625,1.0,3.0,0.75,0.75,0.75,0.6666666666666666,0.75,0.625,0.75,0.75,0.75,0.6666666666666665,0.6666666666666665,0.6666666666666665,0.0,0.0,100.19960729312152,0.0,results/paper_aaai2027/frozen/results/final_mcs_experiments_er_sf_alpha001_nowrong_noweight_50rep_chunked/wc_sweep_bnlearn_asia_alpha001_nowrong_noweight_seed2026_2075_20260715_161105/summary.json,,,,,,1.0,3.0,,retained CI facts
asia,Asia (8),OptABA-PC,33,33.0,2058.0,4.0,0.5,4.666666666666667,0.6666666666666666,4.0,4.0,4.0,0.5,0.5,0.5,4.666666666666667,4.0,5.0,0.6666666666666666,0.75,0.625,1.0,3.0,0.75,0.75,0.75,0.6666666666666666,0.75,0.625,0.75,0.75,0.75,0.6666666666666665,0.6666666666666665,0.6666666666666665,0.0,0.0,31.58267785795033,0.0,results/paper_aaai2027/frozen/results/final_mcs_experiments_er_sf_alpha001_nowrong_noweight_50rep_chunked/wc_sweep_bnlearn_asia_alpha001_nowrong_noweight_seed2026_2075_20260715_161105/summary.json,,,,,,1.0,3.0,,retained CI facts
asia,Asia (8),OptABA-PC,34,34.0,2059.0,4.0,0.5,4.666666666666667,0.6666666666666666,4.0,4.0,4.0,0.5,0.5,0.5,4.666666666666667,4.0,5.0,0.6666666666666666,0.75,0.625,1.0,3.0,0.75,0.75,0.75,0.6666666666666666,0.75,0.625,0.75,0.75,0.75,0.6666666666666665,0.6666666666666665,0.6666666666666665,0.0,0.0,27.210994724184275,0.0,results/paper_aaai2027/frozen/results/final_mcs_experiments_er_sf_alpha001_nowrong_noweight_50rep_chunked/wc_sweep_bnlearn_asia_alpha001_nowrong_noweight_seed2026_2075_20260715_161105/summary.json,,,,,,1.0,3.0,,retained CI facts
asia,Asia (8),OptABA-PC,35,35.0,2060.0,4.0,0.5,4.666666666666667,0.6666666666666666,4.0,4.0,4.0,0.5,0.5,0.5,4.666666666666667,4.0,5.0,0.6666666666666666,0.75,0.625,1.0,3.0,0.75,0.75,0.75,0.6666666666666666,0.75,0.625,0.75,0.75,0.75,0.6666666666666665,0.6666666666666665,0.6666666666666665,0.0,0.0,5.530741000082344,0.0,results/paper_aaai2027/frozen/results/final_mcs_experiments_er_sf_alpha001_nowrong_noweight_50rep_chunked/wc_sweep_bnlearn_asia_alpha001_nowrong_noweight_seed2026_2075_20260715_161105/summary.json,,,,,,1.0,3.0,,retained CI facts
asia,Asia (8),OptABA-PC,36,36.0,2061.0,4.0,0.5,4.666666666666667,0.6666666666666666,4.0,4.0,4.0,0.5,0.5,0.5,4.666666666666667,4.0,5.0,0.6666666666666666,0.75,0.625,1.0,3.0,0.75,0.75,0.75,0.6666666666666666,0.75,0.625,0.75,0.75,0.75,0.6666666666666665,0.6666666666666665,0.6666666666666665,0.0,0.0,16.14463721914217,0.0,results/paper_aaai2027/frozen/results/final_mcs_experiments_er_sf_alpha001_nowrong_noweight_50rep_chunked/wc_sweep_bnlearn_asia_alpha001_nowrong_noweight_seed2026_2075_20260715_161105/summary.json,,,,,,1.0,3.0,,retained CI facts
asia,Asia (8),OptABA-PC,37,37.0,2062.0,4.0,0.5,4.666666666666667,0.6666666666666666,4.0,4.0,4.0,0.5,0.5,0.5,4.666666666666667,4.0,5.0,0.6666666666666666,0.75,0.625,1.0,3.0,0.75,0.75,0.75,0.6666666666666666,0.75,0.625,0.75,0.75,0.75,0.6666666666666665,0.6666666666666665,0.6666666666666665,0.0,0.0,18.08157021505758,0.0,results/paper_aaai2027/frozen/results/final_mcs_experiments_er_sf_alpha001_nowrong_noweight_50rep_chunked/wc_sweep_bnlearn_asia_alpha001_nowrong_noweight_seed2026_2075_20260715_161105/summary.json,,,,,,1.0,3.0,,retained CI facts
asia,Asia (8),OptABA-PC,38,38.0,2063.0,4.0,0.5,4.666666666666667,0.6666666666666666,4.0,4.0,4.0,0.5,0.5,0.5,4.666666666666667,4.0,5.0,0.6666666666666666,0.75,0.625,1.0,3.0,0.75,0.75,0.75,0.6666666666666666,0.75,0.625,0.75,0.75,0.75,0.6666666666666665,0.6666666666666665,0.6666666666666665,0.0,0.0,24.875729721039534,0.0,results/paper_aaai2027/frozen/results/final_mcs_experiments_er_sf_alpha001_nowrong_noweight_50rep_chunked/wc_sweep_bnlearn_asia_alpha001_nowrong_noweight_seed2026_2075_20260715_161105/summary.json,,,,,,1.0,3.0,,retained CI facts
asia,Asia (8),OptABA-PC,39,39.0,2064.0,6.0,0.5882,5.5,0.6470806221486081,6.0,6.0,6.0,0.5882,0.5882,0.5882,5.5,5.0,6.0,0.6470806221486081,0.705901037622644,0.5882602066745722,1.0,2.0,0.7058823529411765,0.7058823529411765,0.7058823529411765,0.6470588235294118,0.7058823529411765,0.5882352941176471,0.7058823529411765,0.7058823529411765,0.7058823529411765,0.5454545454545454,0.5454545454545454,0.5454545454545454,0.0,0.0,213.9311351608485,0.0,results/paper_aaai2027/frozen/results/final_mcs_experiments_er_sf_alpha001_nowrong_noweight_50rep_chunked/wc_sweep_bnlearn_asia_alpha001_nowrong_noweight_seed2026_2075_20260715_161105/summary.json,,,,,,1.0,2.0,,retained CI facts
asia,Asia (8),OptABA-PC,40,40.0,2065.0,4.0,0.5,4.666666666666667,0.6666666666666666,4.0,4.0,4.0,0.5,0.5,0.5,4.666666666666667,4.0,5.0,0.6666666666666666,0.75,0.625,1.0,3.0,0.75,0.75,0.75,0.6666666666666666,0.75,0.625,0.75,0.75,0.75,0.6666666666666665,0.6666666666666665,0.6666666666666665,0.0,0.0,18.599492385983467,0.0,results/paper_aaai2027/frozen/results/final_mcs_experiments_er_sf_alpha001_nowrong_noweight_50rep_chunked/wc_sweep_bnlearn_asia_alpha001_nowrong_noweight_seed2026_2075_20260715_161105/summary.json,,,,,,1.0,3.0,,retained CI facts
asia,Asia (8),OptABA-PC,41,41.0,2066.0,6.0,0.4706,5.666666666666667,0.6274738169905961,6.0,6.0,6.0,0.4706,0.4706,0.4706,5.666666666666667,5.0,6.0,0.6274738169905961,0.705901037622644,0.5882602066745722,1.0,3.0,0.7058823529411765,0.7058823529411765,0.7058823529411765,0.6274509803921569,0.7058823529411765,0.5882352941176471,0.7058823529411765,0.7058823529411765,0.7058823529411765,0.5454545454545454,0.5454545454545454,0.5454545454545454,0.0,0.0,195.4597196886316,0.0,results/paper_aaai2027/frozen/results/final_mcs_experiments_er_sf_alpha001_nowrong_noweight_50rep_chunked/wc_sweep_bnlearn_asia_alpha001_nowrong_noweight_seed2026_2075_20260715_161105/summary.json,,,,,,1.0,3.0,,retained CI facts
asia,Asia (8),OptABA-PC,42,42.0,2067.0,4.0,0.5,4.666666666666667,0.6666666666666666,4.0,4.0,4.0,0.5,0.5,0.5,4.666666666666667,4.0,5.0,0.6666666666666666,0.75,0.625,1.0,3.0,0.75,0.75,0.75,0.6666666666666666,0.75,0.625,0.75,0.75,0.75,0.6666666666666665,0.6666666666666665,0.6666666666666665,0.0,0.0,48.47473854897544,0.0,results/paper_aaai2027/frozen/results/final_mcs_experiments_er_sf_alpha001_nowrong_noweight_50rep_chunked/wc_sweep_bnlearn_asia_alpha001_nowrong_noweight_seed2026_2075_20260715_161105/summary.json,,,,,,1.0,3.0,,retained CI facts
asia,Asia (8),OptABA-PC,43,43.0,2068.0,4.0,0.5,4.666666666666667,0.6666666666666666,4.0,4.0,4.0,0.5,0.5,0.5,4.666666666666667,4.0,5.0,0.6666666666666666,0.75,0.625,1.0,3.0,0.75,0.75,0.75,0.6666666666666666,0.75,0.625,0.75,0.75,0.75,0.6666666666666665,0.6666666666666665,0.6666666666666665,0.0,0.0,15.967196833807975,0.0,results/paper_aaai2027/frozen/results/final_mcs_experiments_er_sf_alpha001_nowrong_noweight_50rep_chunked/wc_sweep_bnlearn_asia_alpha001_nowrong_noweight_seed2026_2075_20260715_161105/summary.json,,,,,,1.0,3.0,,retained CI facts
asia,Asia (8),OptABA-PC,44,44.0,2069.0,4.0,0.5,4.666666666666667,0.6666666666666666,4.0,4.0,4.0,0.5,0.5,0.5,4.666666666666667,4.0,5.0,0.6666666666666666,0.75,0.625,1.0,3.0,0.75,0.75,0.75,0.6666666666666666,0.75,0.625,0.75,0.75,0.75,0.6666666666666665,0.6666666666666665,0.6666666666666665,0.0,0.0,9.658419499639422,0.0,results/paper_aaai2027/frozen/results/final_mcs_experiments_er_sf_alpha001_nowrong_noweight_50rep_chunked/wc_sweep_bnlearn_asia_alpha001_nowrong_noweight_seed2026_2075_20260715_161105/summary.json,,,,,,1.0,3.0,,retained CI facts
asia,Asia (8),OptABA-PC,45,45.0,2070.0,4.0,0.5,4.666666666666667,0.6666666666666666,4.0,4.0,4.0,0.5,0.5,0.5,4.666666666666667,4.0,5.0,0.6666666666666666,0.75,0.625,1.0,3.0,0.75,0.75,0.75,0.6666666666666666,0.75,0.625,0.75,0.75,0.75,0.6666666666666665,0.6666666666666665,0.6666666666666665,0.0,0.0,302.3266606638208,0.0,results/paper_aaai2027/frozen/results/final_mcs_experiments_er_sf_alpha001_nowrong_noweight_50rep_chunked/wc_sweep_bnlearn_asia_alpha001_nowrong_noweight_seed2026_2075_20260715_161105/summary.json,,,,,,1.0,3.0,,retained CI facts
asia,Asia (8),OptABA-PC,46,46.0,2071.0,4.0,0.5,4.666666666666667,0.6666666666666666,4.0,4.0,4.0,0.5,0.5,0.5,4.666666666666667,4.0,5.0,0.6666666666666666,0.75,0.625,1.0,3.0,0.75,0.75,0.75,0.6666666666666666,0.75,0.625,0.75,0.75,0.75,0.6666666666666665,0.6666666666666665,0.6666666666666665,0.0,0.0,14.095850035082549,0.0,results/paper_aaai2027/frozen/results/final_mcs_experiments_er_sf_alpha001_nowrong_noweight_50rep_chunked/wc_sweep_bnlearn_asia_alpha001_nowrong_noweight_seed2026_2075_20260715_161105/summary.json,,,,,,1.0,3.0,,retained CI facts
asia,Asia (8),OptABA-PC,47,47.0,2072.0,4.0,0.5,4.666666666666667,0.6666666666666666,4.0,4.0,4.0,0.5,0.5,0.5,4.666666666666667,4.0,5.0,0.6666666666666666,0.75,0.625,1.0,3.0,0.75,0.75,0.75,0.6666666666666666,0.75,0.625,0.75,0.75,0.75,0.6666666666666665,0.6666666666666665,0.6666666666666665,0.0,0.0,109.97094307560474,0.0,results/paper_aaai2027/frozen/results/final_mcs_experiments_er_sf_alpha001_nowrong_noweight_50rep_chunked/wc_sweep_bnlearn_asia_alpha001_nowrong_noweight_seed2026_2075_20260715_161105/summary.json,,,,,,1.0,3.0,,retained CI facts
asia,Asia (8),OptABA-PC,48,48.0,2073.0,3.5,0.5719,4.666666666666667,0.6672211902875493,3.5,3.0,4.0,0.5719,0.5882,0.5556,4.666666666666667,3.0,6.0,0.6672211902875493,0.8235418683446273,0.5555555555555556,2.0,12.0,0.8006535947712418,0.823529411764706,0.7777777777777777,0.6672113289760349,0.823529411764706,0.5555555555555556,0.8006535947712419,0.823529411764706,0.7777777777777777,0.6333333333333333,0.6666666666666665,0.6,0.0,0.0,164.9877267810516,0.0,results/paper_aaai2027/frozen/results/final_mcs_experiments_er_sf_alpha001_nowrong_noweight_50rep_chunked/wc_sweep_bnlearn_asia_alpha001_nowrong_noweight_seed2026_2075_20260715_161105/summary.json,,,,,,2.0,12.0,,retained CI facts
asia,Asia (8),OptABA-PC,49,49.0,2074.0,3.5,0.5719,4.666666666666667,0.6672211902875493,3.5,3.0,4.0,0.5719,0.5882,0.5556,4.666666666666667,3.0,6.0,0.6672211902875493,0.8235418683446273,0.5555555555555556,2.0,12.0,0.8006535947712418,0.823529411764706,0.7777777777777777,0.6672113289760349,0.823529411764706,0.5555555555555556,0.8006535947712419,0.823529411764706,0.7777777777777777,0.6333333333333333,0.6666666666666665,0.6,0.0,0.0,206.70897957216948,0.0,results/paper_aaai2027/frozen/results/final_mcs_experiments_er_sf_alpha001_nowrong_noweight_50rep_chunked/wc_sweep_bnlearn_asia_alpha001_nowrong_noweight_seed2026_2075_20260715_161105/summary.json,,,,,,2.0,12.0,,retained CI facts
asia,Asia (8),OptABA-PC,50,50.0,2075.0,4.0,0.5,4.666666666666667,0.6666666666666666,4.0,4.0,4.0,0.5,0.5,0.5,4.666666666666667,4.0,5.0,0.6666666666666666,0.75,0.625,1.0,3.0,0.75,0.75,0.75,0.6666666666666666,0.75,0.625,0.75,0.75,0.75,0.6666666666666665,0.6666666666666665,0.6666666666666665,0.0,0.0,1.8743210900574923,0.0,results/paper_aaai2027/frozen/results/final_mcs_experiments_er_sf_alpha001_nowrong_noweight_50rep_chunked/wc_sweep_bnlearn_asia_alpha001_nowrong_noweight_seed2026_2075_20260715_161105/summary.json,,,,,,1.0,3.0,,retained CI facts
asia,Asia (8),MPC,1,,2026.0,4.0,0.4615,6.0,0.4,4.0,4.0,4.0,0.4615,0.4615,0.4615,4.0,3.0,5.0,0.615375,0.7692,0.4615,0.0,0.0,,,,,,,,,,,,,,0.0,0.0409574508666992,,paper_bnlearn_alpha001_nowrong_noweight_50rep_mpc_fgs,results/paper_aaai2027/frozen/results/estimated_graphs/paper_bnlearn_alpha001_nowrong_noweight_50rep_mpc_fgs/asia/MPC/run_0000_seed_2026.npz,,paper_bnlearn_alpha001_nowrong_noweight_50rep_mpc_fgs,1.0,,1.0,4.0,,full recorded matched G2 CI trace
asia,Asia (8),MPC,2,,2027.0,4.0,0.4615,6.0,0.4,4.0,4.0,4.0,0.4615,0.4615,0.4615,4.0,3.0,5.0,0.615375,0.7692,0.4615,0.0,0.0,,,,,,,,,,,,,,0.0,0.0417702198028564,,paper_bnlearn_alpha001_nowrong_noweight_50rep_mpc_fgs,results/paper_aaai2027/frozen/results/estimated_graphs/paper_bnlearn_alpha001_nowrong_noweight_50rep_mpc_fgs/asia/MPC/run_0001_seed_2027.npz,,paper_bnlearn_alpha001_nowrong_noweight_50rep_mpc_fgs,1.0,,1.0,4.0,,full recorded matched G2 CI trace
asia,Asia (8),MPC,3,,2028.0,3.0,0.5714,6.0,0.4,3.0,3.0,3.0,0.5714,0.5714,0.5714,3.5,2.0,5.0,0.64285,0.8571,0.4286,0.0,0.0,,,,,,,,,,,,,,0.0,0.0424907207489013,,paper_bnlearn_alpha001_nowrong_noweight_50rep_mpc_fgs,results/paper_aaai2027/frozen/results/estimated_graphs/paper_bnlearn_alpha001_nowrong_noweight_50rep_mpc_fgs/asia/MPC/run_0002_seed_2028.npz,,paper_bnlearn_alpha001_nowrong_noweight_50rep_mpc_fgs,1.0,,1.0,8.0,,full recorded matched G2 CI trace
asia,Asia (8),MPC,4,,2029.0,4.0,0.4615,6.0,0.4,4.0,4.0,4.0,0.4615,0.4615,0.4615,4.0,3.0,5.0,0.615375,0.7692,0.4615,0.0,0.0,,,,,,,,,,,,,,0.0,0.0391993522644043,,paper_bnlearn_alpha001_nowrong_noweight_50rep_mpc_fgs,results/paper_aaai2027/frozen/results/estimated_graphs/paper_bnlearn_alpha001_nowrong_noweight_50rep_mpc_fgs/asia/MPC/run_0003_seed_2029.npz,,paper_bnlearn_alpha001_nowrong_noweight_50rep_mpc_fgs,1.0,,1.0,4.0,,full recorded matched G2 CI trace
asia,Asia (8),MPC,5,,2030.0,4.0,0.4615,6.0,0.4,4.0,4.0,4.0,0.4615,0.4615,0.4615,4.0,3.0,5.0,0.615375,0.7692,0.4615,0.0,0.0,,,,,,,,,,,,,,0.0,0.0406301021575927,,paper_bnlearn_alpha001_nowrong_noweight_50rep_mpc_fgs,results/paper_aaai2027/frozen/results/estimated_graphs/paper_bnlearn_alpha001_nowrong_noweight_50rep_mpc_fgs/asia/MPC/run_0004_seed_2030.npz,,paper_bnlearn_alpha001_nowrong_noweight_50rep_mpc_fgs,1.0,,1.0,4.0,,full recorded matched G2 CI trace
asia,Asia (8),MPC,6,,2031.0,3.0,0.5714,6.0,0.4,3.0,3.0,3.0,0.5714,0.5714,0.5714,3.5,2.0,5.0,0.64285,0.8571,0.4286,0.0,0.0,,,,,,,,,,,,,,0.0,0.0417523384094238,,paper_bnlearn_alpha001_nowrong_noweight_50rep_mpc_fgs,results/paper_aaai2027/frozen/results/estimated_graphs/paper_bnlearn_alpha001_nowrong_noweight_50rep_mpc_fgs/asia/MPC/run_0005_seed_2031.npz,,paper_bnlearn_alpha001_nowrong_noweight_50rep_mpc_fgs,1.0,,1.0,8.0,,full recorded matched G2 CI trace
asia,Asia (8),MPC,7,,2032.0,4.0,0.4615,6.0,0.4,4.0,4.0,4.0,0.4615,0.4615,0.4615,4.0,3.0,5.0,0.615375,0.7692,0.4615,0.0,0.0,,,,,,,,,,,,,,0.0,0.0487210750579834,,paper_bnlearn_alpha001_nowrong_noweight_50rep_mpc_fgs,results/paper_aaai2027/frozen/results/estimated_graphs/paper_bnlearn_alpha001_nowrong_noweight_50rep_mpc_fgs/asia/MPC/run_0006_seed_2032.npz,,paper_bnlearn_alpha001_nowrong_noweight_50rep_mpc_fgs,1.0,,1.0,4.0,,full recorded matched G2 CI trace
asia,Asia (8),MPC,8,,2033.0,4.0,0.4615,6.0,0.4,4.0,4.0,4.0,0.4615,0.4615,0.4615,4.0,3.0,5.0,0.615375,0.7692,0.4615,0.0,0.0,,,,,,,,,,,,,,0.0,0.0380089282989501,,paper_bnlearn_alpha001_nowrong_noweight_50rep_mpc_fgs,results/paper_aaai2027/frozen/results/estimated_graphs/paper_bnlearn_alpha001_nowrong_noweight_50rep_mpc_fgs/asia/MPC/run_0007_seed_2033.npz,,paper_bnlearn_alpha001_nowrong_noweight_50rep_mpc_fgs,1.0,,1.0,4.0,,full recorded matched G2 CI trace
asia,Asia (8),MPC,9,,2034.0,4.0,0.4615,6.0,0.4,4.0,4.0,4.0,0.4615,0.4615,0.4615,4.0,3.0,5.0,0.615375,0.7692,0.4615,0.0,0.0,,,,,,,,,,,,,,0.0,0.0452861785888671,,paper_bnlearn_alpha001_nowrong_noweight_50rep_mpc_fgs,results/paper_aaai2027/frozen/results/estimated_graphs/paper_bnlearn_alpha001_nowrong_noweight_50rep_mpc_fgs/asia/MPC/run_0008_seed_2034.npz,,paper_bnlearn_alpha001_nowrong_noweight_50rep_mpc_fgs,1.0,,1.0,4.0,,full recorded matched G2 CI trace
asia,Asia (8),MPC,10,,2035.0,3.0,0.5714,6.0,0.4,3.0,3.0,3.0,0.5714,0.5714,0.5714,3.5,2.0,5.0,0.64285,0.8571,0.4286,0.0,0.0,,,,,,,,,,,,,,0.0,0.044189453125,,paper_bnlearn_alpha001_nowrong_noweight_50rep_mpc_fgs,results/paper_aaai2027/frozen/results/estimated_graphs/paper_bnlearn_alpha001_nowrong_noweight_50rep_mpc_fgs/asia/MPC/run_0009_seed_2035.npz,,paper_bnlearn_alpha001_nowrong_noweight_50rep_mpc_fgs,1.0,,1.0,8.0,,full recorded matched G2 CI trace
asia,Asia (8),MPC,11,,2036.0,3.0,0.5714,6.0,0.4,3.0,3.0,3.0,0.5714,0.5714,0.5714,3.5,2.0,5.0,0.64285,0.8571,0.4286,0.0,0.0,,,,,,,,,,,,,,0.0,0.0359792709350585,,paper_bnlearn_alpha001_nowrong_noweight_50rep_mpc_fgs,results/paper_aaai2027/frozen/results/estimated_graphs/paper_bnlearn_alpha001_nowrong_noweight_50rep_mpc_fgs/asia/MPC/run_0010_seed_2036.npz,,paper_bnlearn_alpha001_nowrong_noweight_50rep_mpc_fgs,1.0,,1.0,8.0,,full recorded matched G2 CI trace
asia,Asia (8),MPC,12,,2037.0,4.0,0.4615,6.0,0.4,4.0,4.0,4.0,0.4615,0.4615,0.4615,4.0,3.0,5.0,0.615375,0.7692,0.4615,0.0,0.0,,,,,,,,,,,,,,0.0,0.0375199317932128,,paper_bnlearn_alpha001_nowrong_noweight_50rep_mpc_fgs,results/paper_aaai2027/frozen/results/estimated_graphs/paper_bnlearn_alpha001_nowrong_noweight_50rep_mpc_fgs/asia/MPC/run_0011_seed_2037.npz,,paper_bnlearn_alpha001_nowrong_noweight_50rep_mpc_fgs,1.0,,1.0,4.0,,full recorded matched G2 CI trace
asia,Asia (8),MPC,13,,2038.0,4.0,0.4615,6.0,0.4,4.0,4.0,4.0,0.4615,0.4615,0.4615,4.0,3.0,5.0,0.615375,0.7692,0.4615,0.0,0.0,,,,,,,,,,,,,,0.0,0.0367007255554199,,paper_bnlearn_alpha001_nowrong_noweight_50rep_mpc_fgs,results/paper_aaai2027/frozen/results/estimated_graphs/paper_bnlearn_alpha001_nowrong_noweight_50rep_mpc_fgs/asia/MPC/run_0012_seed_2038.npz,,paper_bnlearn_alpha001_nowrong_noweight_50rep_mpc_fgs,1.0,,1.0,4.0,,full recorded matched G2 CI trace
asia,Asia (8),MPC,14,,2039.0,3.0,0.5714,6.0,0.4,3.0,3.0,3.0,0.5714,0.5714,0.5714,3.5,2.0,5.0,0.64285,0.8571,0.4286,0.0,0.0,,,,,,,,,,,,,,0.0,0.0390989780426025,,paper_bnlearn_alpha001_nowrong_noweight_50rep_mpc_fgs,results/paper_aaai2027/frozen/results/estimated_graphs/paper_bnlearn_alpha001_nowrong_noweight_50rep_mpc_fgs/asia/MPC/run_0013_seed_2039.npz,,paper_bnlearn_alpha001_nowrong_noweight_50rep_mpc_fgs,1.0,,1.0,8.0,,full recorded matched G2 CI trace
asia,Asia (8),MPC,15,,2040.0,4.0,0.4615,6.0,0.4,4.0,4.0,4.0,0.4615,0.4615,0.4615,4.0,3.0,5.0,0.615375,0.7692,0.4615,0.0,0.0,,,,,,,,,,,,,,0.0,0.033221960067749,,paper_bnlearn_alpha001_nowrong_noweight_50rep_mpc_fgs,results/paper_aaai2027/frozen/results/estimated_graphs/paper_bnlearn_alpha001_nowrong_noweight_50rep_mpc_fgs/asia/MPC/run_0014_seed_2040.npz,,paper_bnlearn_alpha001_nowrong_noweight_50rep_mpc_fgs,1.0,,1.0,4.0,,full recorded matched G2 CI trace
asia,Asia (8),MPC,16,,2041.0,4.0,0.4615,6.0,0.4,4.0,4.0,4.0,0.4615,0.4615,0.4615,4.0,3.0,5.0,0.615375,0.7692,0.4615,0.0,0.0,,,,,,,,,,,,,,0.0,0.0370540618896484,,paper_bnlearn_alpha001_nowrong_noweight_50rep_mpc_fgs,results/paper_aaai2027/frozen/results/estimated_graphs/paper_bnlearn_alpha001_nowrong_noweight_50rep_mpc_fgs/asia/MPC/run_0015_seed_2041.npz,,paper_bnlearn_alpha001_nowrong_noweight_50rep_mpc_fgs,1.0,,1.0,4.0,,full recorded matched G2 CI trace
asia,Asia (8),MPC,17,,2042.0,4.0,0.4615,6.0,0.4,4.0,4.0,4.0,0.4615,0.4615,0.4615,4.0,3.0,5.0,0.615375,0.7692,0.4615,0.0,0.0,,,,,,,,,,,,,,0.0,0.0375809669494628,,paper_bnlearn_alpha001_nowrong_noweight_50rep_mpc_fgs,results/paper_aaai2027/frozen/results/estimated_graphs/paper_bnlearn_alpha001_nowrong_noweight_50rep_mpc_fgs/asia/MPC/run_0016_seed_2042.npz,,paper_bnlearn_alpha001_nowrong_noweight_50rep_mpc_fgs,1.0,,1.0,4.0,,full recorded matched G2 CI trace
asia,Asia (8),MPC,18,,2043.0,4.0,0.4615,6.0,0.4,4.0,4.0,4.0,0.4615,0.4615,0.4615,4.0,3.0,5.0,0.615375,0.7692,0.4615,0.0,0.0,,,,,,,,,,,,,,0.0,0.0351223945617675,,paper_bnlearn_alpha001_nowrong_noweight_50rep_mpc_fgs,results/paper_aaai2027/frozen/results/estimated_graphs/paper_bnlearn_alpha001_nowrong_noweight_50rep_mpc_fgs/asia/MPC/run_0017_seed_2043.npz,,paper_bnlearn_alpha001_nowrong_noweight_50rep_mpc_fgs,1.0,,1.0,4.0,,full recorded matched G2 CI trace
asia,Asia (8),MPC,19,,2044.0,4.0,0.4615,6.0,0.4,4.0,4.0,4.0,0.4615,0.4615,0.4615,4.0,3.0,5.0,0.615375,0.7692,0.4615,0.0,0.0,,,,,,,,,,,,,,0.0,0.035682201385498,,paper_bnlearn_alpha001_nowrong_noweight_50rep_mpc_fgs,results/paper_aaai2027/frozen/results/estimated_graphs/paper_bnlearn_alpha001_nowrong_noweight_50rep_mpc_fgs/asia/MPC/run_0018_seed_2044.npz,,paper_bnlearn_alpha001_nowrong_noweight_50rep_mpc_fgs,1.0,,1.0,4.0,,full recorded matched G2 CI trace
asia,Asia (8),MPC,20,,2045.0,4.0,0.4615,6.0,0.4,4.0,4.0,4.0,0.4615,0.4615,0.4615,4.0,3.0,5.0,0.615375,0.7692,0.4615,0.0,0.0,,,,,,,,,,,,,,0.0,0.0390512943267822,,paper_bnlearn_alpha001_nowrong_noweight_50rep_mpc_fgs,results/paper_aaai2027/frozen/results/estimated_graphs/paper_bnlearn_alpha001_nowrong_noweight_50rep_mpc_fgs/asia/MPC/run_0019_seed_2045.npz,,paper_bnlearn_alpha001_nowrong_noweight_50rep_mpc_fgs,1.0,,1.0,4.0,,full recorded matched G2 CI trace
asia,Asia (8),MPC,21,,2046.0,3.0,0.5714,6.0,0.4,3.0,3.0,3.0,0.5714,0.5714,0.5714,3.5,2.0,5.0,0.64285,0.8571,0.4286,0.0,0.0,,,,,,,,,,,,,,0.0,0.0384199619293212,,paper_bnlearn_alpha001_nowrong_noweight_50rep_mpc_fgs,results/paper_aaai2027/frozen/results/estimated_graphs/paper_bnlearn_alpha001_nowrong_noweight_50rep_mpc_fgs/asia/MPC/run_0020_seed_2046.npz,,paper_bnlearn_alpha001_nowrong_noweight_50rep_mpc_fgs,1.0,,1.0,8.0,,full recorded matched G2 CI trace
asia,Asia (8),MPC,22,,2047.0,3.0,0.5714,6.0,0.4,3.0,3.0,3.0,0.5714,0.5714,0.5714,3.5,2.0,5.0,0.64285,0.8571,0.4286,0.0,0.0,,,,,,,,,,,,,,0.0,0.0449435710906982,,paper_bnlearn_alpha001_nowrong_noweight_50rep_mpc_fgs,results/paper_aaai2027/frozen/results/estimated_graphs/paper_bnlearn_alpha001_nowrong_noweight_50rep_mpc_fgs/asia/MPC/run_0021_seed_2047.npz,,paper_bnlearn_alpha001_nowrong_noweight_50rep_mpc_fgs,1.0,,1.0,8.0,,full recorded matched G2 CI trace
asia,Asia (8),MPC,23,,2048.0,4.0,0.4615,6.0,0.4,4.0,4.0,4.0,0.4615,0.4615,0.4615,4.0,3.0,5.0,0.615375,0.7692,0.4615,0.0,0.0,,,,,,,,,,,,,,0.0,0.0367321968078613,,paper_bnlearn_alpha001_nowrong_noweight_50rep_mpc_fgs,results/paper_aaai2027/frozen/results/estimated_graphs/paper_bnlearn_alpha001_nowrong_noweight_50rep_mpc_fgs/asia/MPC/run_0022_seed_2048.npz,,paper_bnlearn_alpha001_nowrong_noweight_50rep_mpc_fgs,1.0,,1.0,4.0,,full recorded matched G2 CI trace
asia,Asia (8),MPC,24,,2049.0,4.0,0.4615,6.0,0.4,4.0,4.0,4.0,0.4615,0.4615,0.4615,4.0,3.0,5.0,0.615375,0.7692,0.4615,0.0,0.0,,,,,,,,,,,,,,0.0,0.035114049911499,,paper_bnlearn_alpha001_nowrong_noweight_50rep_mpc_fgs,results/paper_aaai2027/frozen/results/estimated_graphs/paper_bnlearn_alpha001_nowrong_noweight_50rep_mpc_fgs/asia/MPC/run_0023_seed_2049.npz,,paper_bnlearn_alpha001_nowrong_noweight_50rep_mpc_fgs,1.0,,1.0,4.0,,full recorded matched G2 CI trace
asia,Asia (8),MPC,25,,2050.0,4.0,0.4615,6.0,0.4,4.0,4.0,4.0,0.4615,0.4615,0.4615,4.0,3.0,5.0,0.615375,0.7692,0.4615,0.0,0.0,,,,,,,,,,,,,,0.0,0.0377638339996337,,paper_bnlearn_alpha001_nowrong_noweight_50rep_mpc_fgs,results/paper_aaai2027/frozen/results/estimated_graphs/paper_bnlearn_alpha001_nowrong_noweight_50rep_mpc_fgs/asia/MPC/run_0024_seed_2050.npz,,paper_bnlearn_alpha001_nowrong_noweight_50rep_mpc_fgs,1.0,,1.0,4.0,,full recorded matched G2 CI trace
asia,Asia (8),MPC,26,,2051.0,4.0,0.4615,6.0,0.4,4.0,4.0,4.0,0.4615,0.4615,0.4615,4.0,3.0,5.0,0.615375,0.7692,0.4615,0.0,0.0,,,,,,,,,,,,,,0.0,0.0340056419372558,,paper_bnlearn_alpha001_nowrong_noweight_50rep_mpc_fgs,results/paper_aaai2027/frozen/results/estimated_graphs/paper_bnlearn_alpha001_nowrong_noweight_50rep_mpc_fgs/asia/MPC/run_0025_seed_2051.npz,,paper_bnlearn_alpha001_nowrong_noweight_50rep_mpc_fgs,1.0,,1.0,4.0,,full recorded matched G2 CI trace
asia,Asia (8),MPC,27,,2052.0,4.0,0.4615,6.0,0.4,4.0,4.0,4.0,0.4615,0.4615,0.4615,4.0,3.0,5.0,0.615375,0.7692,0.4615,0.0,0.0,,,,,,,,,,,,,,0.0,0.0404987335205078,,paper_bnlearn_alpha001_nowrong_noweight_50rep_mpc_fgs,results/paper_aaai2027/frozen/results/estimated_graphs/paper_bnlearn_alpha001_nowrong_noweight_50rep_mpc_fgs/asia/MPC/run_0026_seed_2052.npz,,paper_bnlearn_alpha001_nowrong_noweight_50rep_mpc_fgs,1.0,,1.0,4.0,,full recorded matched G2 CI trace
asia,Asia (8),MPC,28,,2053.0,4.0,0.4615,6.0,0.4,4.0,4.0,4.0,0.4615,0.4615,0.4615,4.0,3.0,5.0,0.615375,0.7692,0.4615,0.0,0.0,,,,,,,,,,,,,,0.0,0.0453920364379882,,paper_bnlearn_alpha001_nowrong_noweight_50rep_mpc_fgs,results/paper_aaai2027/frozen/results/estimated_graphs/paper_bnlearn_alpha001_nowrong_noweight_50rep_mpc_fgs/asia/MPC/run_0027_seed_2053.npz,,paper_bnlearn_alpha001_nowrong_noweight_50rep_mpc_fgs,1.0,,1.0,4.0,,full recorded matched G2 CI trace
asia,Asia (8),MPC,29,,2054.0,4.0,0.4615,6.0,0.4,4.0,4.0,4.0,0.4615,0.4615,0.4615,4.0,3.0,5.0,0.615375,0.7692,0.4615,0.0,0.0,,,,,,,,,,,,,,0.0,0.0370004177093505,,paper_bnlearn_alpha001_nowrong_noweight_50rep_mpc_fgs,results/paper_aaai2027/frozen/results/estimated_graphs/paper_bnlearn_alpha001_nowrong_noweight_50rep_mpc_fgs/asia/MPC/run_0028_seed_2054.npz,,paper_bnlearn_alpha001_nowrong_noweight_50rep_mpc_fgs,1.0,,1.0,4.0,,full recorded matched G2 CI trace
asia,Asia (8),MPC,30,,2055.0,3.0,0.5714,6.0,0.4,3.0,3.0,3.0,0.5714,0.5714,0.5714,3.5,2.0,5.0,0.64285,0.8571,0.4286,0.0,0.0,,,,,,,,,,,,,,0.0,0.0425105094909668,,paper_bnlearn_alpha001_nowrong_noweight_50rep_mpc_fgs,results/paper_aaai2027/frozen/results/estimated_graphs/paper_bnlearn_alpha001_nowrong_noweight_50rep_mpc_fgs/asia/MPC/run_0029_seed_2055.npz,,paper_bnlearn_alpha001_nowrong_noweight_50rep_mpc_fgs,1.0,,1.0,8.0,,full recorded matched G2 CI trace
asia,Asia (8),MPC,31,,2056.0,4.0,0.4615,6.0,0.4,4.0,4.0,4.0,0.4615,0.4615,0.4615,4.0,3.0,5.0,0.615375,0.7692,0.4615,0.0,0.0,,,,,,,,,,,,,,0.0,0.0423455238342285,,paper_bnlearn_alpha001_nowrong_noweight_50rep_mpc_fgs,results/paper_aaai2027/frozen/results/estimated_graphs/paper_bnlearn_alpha001_nowrong_noweight_50rep_mpc_fgs/asia/MPC/run_0030_seed_2056.npz,,paper_bnlearn_alpha001_nowrong_noweight_50rep_mpc_fgs,1.0,,1.0,4.0,,full recorded matched G2 CI trace
asia,Asia (8),MPC,32,,2057.0,4.0,0.4615,6.0,0.4,4.0,4.0,4.0,0.4615,0.4615,0.4615,4.0,3.0,5.0,0.615375,0.7692,0.4615,0.0,0.0,,,,,,,,,,,,,,0.0,0.0415008068084716,,paper_bnlearn_alpha001_nowrong_noweight_50rep_mpc_fgs,results/paper_aaai2027/frozen/results/estimated_graphs/paper_bnlearn_alpha001_nowrong_noweight_50rep_mpc_fgs/asia/MPC/run_0031_seed_2057.npz,,paper_bnlearn_alpha001_nowrong_noweight_50rep_mpc_fgs,1.0,,1.0,4.0,,full recorded matched G2 CI trace
asia,Asia (8),MPC,33,,2058.0,4.0,0.4615,6.0,0.4,4.0,4.0,4.0,0.4615,0.4615,0.4615,4.0,3.0,5.0,0.615375,0.7692,0.4615,0.0,0.0,,,,,,,,,,,,,,0.0,0.0404374599456787,,paper_bnlearn_alpha001_nowrong_noweight_50rep_mpc_fgs,results/paper_aaai2027/frozen/results/estimated_graphs/paper_bnlearn_alpha001_nowrong_noweight_50rep_mpc_fgs/asia/MPC/run_0032_seed_2058.npz,,paper_bnlearn_alpha001_nowrong_noweight_50rep_mpc_fgs,1.0,,1.0,4.0,,full recorded matched G2 CI trace
asia,Asia (8),MPC,34,,2059.0,4.0,0.4615,6.0,0.4,4.0,4.0,4.0,0.4615,0.4615,0.4615,4.0,3.0,5.0,0.615375,0.7692,0.4615,0.0,0.0,,,,,,,,,,,,,,0.0,0.0396993160247802,,paper_bnlearn_alpha001_nowrong_noweight_50rep_mpc_fgs,results/paper_aaai2027/frozen/results/estimated_graphs/paper_bnlearn_alpha001_nowrong_noweight_50rep_mpc_fgs/asia/MPC/run_0033_seed_2059.npz,,paper_bnlearn_alpha001_nowrong_noweight_50rep_mpc_fgs,1.0,,1.0,4.0,,full recorded matched G2 CI trace
asia,Asia (8),MPC,35,,2060.0,4.0,0.4615,6.0,0.4,4.0,4.0,4.0,0.4615,0.4615,0.4615,4.0,3.0,5.0,0.615375,0.7692,0.4615,0.0,0.0,,,,,,,,,,,,,,0.0,0.0400996208190918,,paper_bnlearn_alpha001_nowrong_noweight_50rep_mpc_fgs,results/paper_aaai2027/frozen/results/estimated_graphs/paper_bnlearn_alpha001_nowrong_noweight_50rep_mpc_fgs/asia/MPC/run_0034_seed_2060.npz,,paper_bnlearn_alpha001_nowrong_noweight_50rep_mpc_fgs,1.0,,1.0,4.0,,full recorded matched G2 CI trace
asia,Asia (8),MPC,36,,2061.0,4.0,0.4615,6.0,0.4,4.0,4.0,4.0,0.4615,0.4615,0.4615,4.0,3.0,5.0,0.615375,0.7692,0.4615,0.0,0.0,,,,,,,,,,,,,,0.0,0.0392646789550781,,paper_bnlearn_alpha001_nowrong_noweight_50rep_mpc_fgs,results/paper_aaai2027/frozen/results/estimated_graphs/paper_bnlearn_alpha001_nowrong_noweight_50rep_mpc_fgs/asia/MPC/run_0035_seed_2061.npz,,paper_bnlearn_alpha001_nowrong_noweight_50rep_mpc_fgs,1.0,,1.0,4.0,,full recorded matched G2 CI trace
asia,Asia (8),MPC,37,,2062.0,4.0,0.4615,6.0,0.4,4.0,4.0,4.0,0.4615,0.4615,0.4615,4.0,3.0,5.0,0.615375,0.7692,0.4615,0.0,0.0,,,,,,,,,,,,,,0.0,0.0410804748535156,,paper_bnlearn_alpha001_nowrong_noweight_50rep_mpc_fgs,results/paper_aaai2027/frozen/results/estimated_graphs/paper_bnlearn_alpha001_nowrong_noweight_50rep_mpc_fgs/asia/MPC/run_0036_seed_2062.npz,,paper_bnlearn_alpha001_nowrong_noweight_50rep_mpc_fgs,1.0,,1.0,4.0,,full recorded matched G2 CI trace
asia,Asia (8),MPC,38,,2063.0,4.0,0.4615,6.0,0.4,4.0,4.0,4.0,0.4615,0.4615,0.4615,4.0,3.0,5.0,0.615375,0.7692,0.4615,0.0,0.0,,,,,,,,,,,,,,0.0,0.0405175685882568,,paper_bnlearn_alpha001_nowrong_noweight_50rep_mpc_fgs,results/paper_aaai2027/frozen/results/estimated_graphs/paper_bnlearn_alpha001_nowrong_noweight_50rep_mpc_fgs/asia/MPC/run_0037_seed_2063.npz,,paper_bnlearn_alpha001_nowrong_noweight_50rep_mpc_fgs,1.0,,1.0,4.0,,full recorded matched G2 CI trace
asia,Asia (8),MPC,39,,2064.0,5.0,0.4286,6.0,0.4,5.0,5.0,5.0,0.4286,0.4286,0.4286,5.0,4.0,6.0,0.57142,0.7143,0.4286,0.0,0.0,,,,,,,,,,,,,,0.0,0.0446987152099609,,paper_bnlearn_alpha001_nowrong_noweight_50rep_mpc_fgs,results/paper_aaai2027/frozen/results/estimated_graphs/paper_bnlearn_alpha001_nowrong_noweight_50rep_mpc_fgs/asia/MPC/run_0038_seed_2064.npz,,paper_bnlearn_alpha001_nowrong_noweight_50rep_mpc_fgs,1.0,,1.0,5.0,,full recorded matched G2 CI trace
asia,Asia (8),MPC,40,,2065.0,4.0,0.4615,6.0,0.4,4.0,4.0,4.0,0.4615,0.4615,0.4615,4.0,3.0,5.0,0.615375,0.7692,0.4615,0.0,0.0,,,,,,,,,,,,,,0.0,0.0434191226959228,,paper_bnlearn_alpha001_nowrong_noweight_50rep_mpc_fgs,results/paper_aaai2027/frozen/results/estimated_graphs/paper_bnlearn_alpha001_nowrong_noweight_50rep_mpc_fgs/asia/MPC/run_0039_seed_2065.npz,,paper_bnlearn_alpha001_nowrong_noweight_50rep_mpc_fgs,1.0,,1.0,4.0,,full recorded matched G2 CI trace
asia,Asia (8),MPC,41,,2066.0,4.0,0.4615,6.0,0.4,4.0,4.0,4.0,0.4615,0.4615,0.4615,4.0,3.0,5.0,0.615375,0.7692,0.4615,0.0,0.0,,,,,,,,,,,,,,0.0,0.0411221981048584,,paper_bnlearn_alpha001_nowrong_noweight_50rep_mpc_fgs,results/paper_aaai2027/frozen/results/estimated_graphs/paper_bnlearn_alpha001_nowrong_noweight_50rep_mpc_fgs/asia/MPC/run_0040_seed_2066.npz,,paper_bnlearn_alpha001_nowrong_noweight_50rep_mpc_fgs,1.0,,1.0,4.0,,full recorded matched G2 CI trace
asia,Asia (8),MPC,42,,2067.0,4.0,0.4615,6.0,0.4,4.0,4.0,4.0,0.4615,0.4615,0.4615,4.0,3.0,5.0,0.615375,0.7692,0.4615,0.0,0.0,,,,,,,,,,,,,,0.0,0.0404841899871826,,paper_bnlearn_alpha001_nowrong_noweight_50rep_mpc_fgs,results/paper_aaai2027/frozen/results/estimated_graphs/paper_bnlearn_alpha001_nowrong_noweight_50rep_mpc_fgs/asia/MPC/run_0041_seed_2067.npz,,paper_bnlearn_alpha001_nowrong_noweight_50rep_mpc_fgs,1.0,,1.0,4.0,,full recorded matched G2 CI trace
asia,Asia (8),MPC,43,,2068.0,4.0,0.4615,6.0,0.4,4.0,4.0,4.0,0.4615,0.4615,0.4615,4.0,3.0,5.0,0.615375,0.7692,0.4615,0.0,0.0,,,,,,,,,,,,,,0.0,0.0411434173583984,,paper_bnlearn_alpha001_nowrong_noweight_50rep_mpc_fgs,results/paper_aaai2027/frozen/results/estimated_graphs/paper_bnlearn_alpha001_nowrong_noweight_50rep_mpc_fgs/asia/MPC/run_0042_seed_2068.npz,,paper_bnlearn_alpha001_nowrong_noweight_50rep_mpc_fgs,1.0,,1.0,4.0,,full recorded matched G2 CI trace
asia,Asia (8),MPC,44,,2069.0,4.0,0.4615,6.0,0.4,4.0,4.0,4.0,0.4615,0.4615,0.4615,4.0,3.0,5.0,0.615375,0.7692,0.4615,0.0,0.0,,,,,,,,,,,,,,0.0,0.0402052402496337,,paper_bnlearn_alpha001_nowrong_noweight_50rep_mpc_fgs,results/paper_aaai2027/frozen/results/estimated_graphs/paper_bnlearn_alpha001_nowrong_noweight_50rep_mpc_fgs/asia/MPC/run_0043_seed_2069.npz,,paper_bnlearn_alpha001_nowrong_noweight_50rep_mpc_fgs,1.0,,1.0,4.0,,full recorded matched G2 CI trace
asia,Asia (8),MPC,45,,2070.0,4.0,0.4615,6.0,0.4,4.0,4.0,4.0,0.4615,0.4615,0.4615,4.0,3.0,5.0,0.615375,0.7692,0.4615,0.0,0.0,,,,,,,,,,,,,,0.0,0.0277950763702392,,paper_bnlearn_alpha001_nowrong_noweight_50rep_mpc_fgs,results/paper_aaai2027/frozen/results/estimated_graphs/paper_bnlearn_alpha001_nowrong_noweight_50rep_mpc_fgs/asia/MPC/run_0044_seed_2070.npz,,paper_bnlearn_alpha001_nowrong_noweight_50rep_mpc_fgs,1.0,,1.0,4.0,,full recorded matched G2 CI trace
asia,Asia (8),MPC,46,,2071.0,4.0,0.4615,6.0,0.4,4.0,4.0,4.0,0.4615,0.4615,0.4615,4.0,3.0,5.0,0.615375,0.7692,0.4615,0.0,0.0,,,,,,,,,,,,,,0.0,0.0246093273162841,,paper_bnlearn_alpha001_nowrong_noweight_50rep_mpc_fgs,results/paper_aaai2027/frozen/results/estimated_graphs/paper_bnlearn_alpha001_nowrong_noweight_50rep_mpc_fgs/asia/MPC/run_0045_seed_2071.npz,,paper_bnlearn_alpha001_nowrong_noweight_50rep_mpc_fgs,1.0,,1.0,4.0,,full recorded matched G2 CI trace
asia,Asia (8),MPC,47,,2072.0,4.0,0.4615,6.0,0.4,4.0,4.0,4.0,0.4615,0.4615,0.4615,4.0,3.0,5.0,0.615375,0.7692,0.4615,0.0,0.0,,,,,,,,,,,,,,0.0,0.02744722366333,,paper_bnlearn_alpha001_nowrong_noweight_50rep_mpc_fgs,results/paper_aaai2027/frozen/results/estimated_graphs/paper_bnlearn_alpha001_nowrong_noweight_50rep_mpc_fgs/asia/MPC/run_0046_seed_2072.npz,,paper_bnlearn_alpha001_nowrong_noweight_50rep_mpc_fgs,1.0,,1.0,4.0,,full recorded matched G2 CI trace
asia,Asia (8),MPC,48,,2073.0,3.0,0.5714,6.0,0.4,3.0,3.0,3.0,0.5714,0.5714,0.5714,3.5,2.0,5.0,0.64285,0.8571,0.4286,0.0,0.0,,,,,,,,,,,,,,0.0,0.030651569366455,,paper_bnlearn_alpha001_nowrong_noweight_50rep_mpc_fgs,results/paper_aaai2027/frozen/results/estimated_graphs/paper_bnlearn_alpha001_nowrong_noweight_50rep_mpc_fgs/asia/MPC/run_0047_seed_2073.npz,,paper_bnlearn_alpha001_nowrong_noweight_50rep_mpc_fgs,1.0,,1.0,8.0,,full recorded matched G2 CI trace
asia,Asia (8),MPC,49,,2074.0,3.0,0.5714,6.0,0.4,3.0,3.0,3.0,0.5714,0.5714,0.5714,3.5,2.0,5.0,0.64285,0.8571,0.4286,0.0,0.0,,,,,,,,,,,,,,0.0,0.0294826030731201,,paper_bnlearn_alpha001_nowrong_noweight_50rep_mpc_fgs,results/paper_aaai2027/frozen/results/estimated_graphs/paper_bnlearn_alpha001_nowrong_noweight_50rep_mpc_fgs/asia/MPC/run_0048_seed_2074.npz,,paper_bnlearn_alpha001_nowrong_noweight_50rep_mpc_fgs,1.0,,1.0,8.0,,full recorded matched G2 CI trace
asia,Asia (8),MPC,50,,2075.0,4.0,0.4615,6.0,0.4,4.0,4.0,4.0,0.4615,0.4615,0.4615,4.0,3.0,5.0,0.615375,0.7692,0.4615,0.0,0.0,,,,,,,,,,,,,,0.0,0.0232799053192138,,paper_bnlearn_alpha001_nowrong_noweight_50rep_mpc_fgs,results/paper_aaai2027/frozen/results/estimated_graphs/paper_bnlearn_alpha001_nowrong_noweight_50rep_mpc_fgs/asia/MPC/run_0049_seed_2075.npz,,paper_bnlearn_alpha001_nowrong_noweight_50rep_mpc_fgs,1.0,,1.0,4.0,,full recorded matched G2 CI trace
asia,Asia (8),FGS,1,,2026.0,12.0,0.2222,12.0,0.2222,12.0,12.0,12.0,0.2222,0.2222,0.2222,12.25,11.0,13.0,0.19442500000000001,0.3333,0.1111,,,,,,,,,,,,,,,,0.0,0.2294020652770996,,paper_bnlearn_alpha001_nowrong_noweight_50rep_mpc_fgs,results/paper_aaai2027/frozen/results/estimated_graphs/paper_bnlearn_alpha001_nowrong_noweight_50rep_mpc_fgs/asia/FGS/run_0000_seed_2026.npz,,paper_bnlearn_alpha001_nowrong_noweight_50rep_mpc_fgs,1.0,,1.0,16.0,,not applicable (score based)
asia,Asia (8),FGS,2,,2027.0,13.0,0.1176,13.0,0.1176,13.0,13.0,13.0,0.1176,0.1176,0.1176,13.0,13.0,13.0,0.1176,0.1176,0.1176,,,,,,,,,,,,,,,,0.0,0.1916649341583252,,paper_bnlearn_alpha001_nowrong_noweight_50rep_mpc_fgs,results/paper_aaai2027/frozen/results/estimated_graphs/paper_bnlearn_alpha001_nowrong_noweight_50rep_mpc_fgs/asia/FGS/run_0001_seed_2027.npz,,paper_bnlearn_alpha001_nowrong_noweight_50rep_mpc_fgs,1.0,,1.0,2.0,,not applicable (score based)
asia,Asia (8),FGS,3,,2028.0,12.0,0.25,11.0,0.25,12.0,12.0,12.0,0.25,0.25,0.25,11.6,11.0,12.0,0.175,0.25,0.125,,,,,,,,,,,,,,,,0.0,0.1887257099151611,,paper_bnlearn_alpha001_nowrong_noweight_50rep_mpc_fgs,results/paper_aaai2027/frozen/results/estimated_graphs/paper_bnlearn_alpha001_nowrong_noweight_50rep_mpc_fgs/asia/FGS/run_0002_seed_2028.npz,,paper_bnlearn_alpha001_nowrong_noweight_50rep_mpc_fgs,1.0,,1.0,5.0,,not applicable (score based)
asia,Asia (8),FGS,4,,2029.0,12.0,0.25,11.0,0.25,12.0,12.0,12.0,0.25,0.25,0.25,11.666666666666666,11.0,12.0,0.16666666666666666,0.25,0.125,,,,,,,,,,,,,,,,0.0,0.1942803859710693,,paper_bnlearn_alpha001_nowrong_noweight_50rep_mpc_fgs,results/paper_aaai2027/frozen/results/estimated_graphs/paper_bnlearn_alpha001_nowrong_noweight_50rep_mpc_fgs/asia/FGS/run_0003_seed_2029.npz,,paper_bnlearn_alpha001_nowrong_noweight_50rep_mpc_fgs,1.0,,1.0,6.0,,not applicable (score based)
asia,Asia (8),FGS,5,,2030.0,11.0,0.25,10.0,0.25,11.0,11.0,11.0,0.25,0.25,0.25,10.0,10.0,10.0,0.25,0.25,0.25,,,,,,,,,,,,,,,,0.0,0.1920437812805175,,paper_bnlearn_alpha001_nowrong_noweight_50rep_mpc_fgs,results/paper_aaai2027/frozen/results/estimated_graphs/paper_bnlearn_alpha001_nowrong_noweight_50rep_mpc_fgs/asia/FGS/run_0004_seed_2030.npz,,paper_bnlearn_alpha001_nowrong_noweight_50rep_mpc_fgs,1.0,,1.0,2.0,,not applicable (score based)
asia,Asia (8),FGS,6,,2031.0,12.0,0.25,11.0,0.25,12.0,12.0,12.0,0.25,0.25,0.25,11.6,11.0,12.0,0.175,0.25,0.125,,,,,,,,,,,,,,,,0.0,0.1816051006317138,,paper_bnlearn_alpha001_nowrong_noweight_50rep_mpc_fgs,results/paper_aaai2027/frozen/results/estimated_graphs/paper_bnlearn_alpha001_nowrong_noweight_50rep_mpc_fgs/asia/FGS/run_0005_seed_2031.npz,,paper_bnlearn_alpha001_nowrong_noweight_50rep_mpc_fgs,1.0,,1.0,5.0,,not applicable (score based)
asia,Asia (8),FGS,7,,2032.0,11.0,0.25,10.0,0.25,11.0,11.0,11.0,0.25,0.25,0.25,10.0,10.0,10.0,0.25,0.25,0.25,,,,,,,,,,,,,,,,0.0,0.1815240383148193,,paper_bnlearn_alpha001_nowrong_noweight_50rep_mpc_fgs,results/paper_aaai2027/frozen/results/estimated_graphs/paper_bnlearn_alpha001_nowrong_noweight_50rep_mpc_fgs/asia/FGS/run_0006_seed_2032.npz,,paper_bnlearn_alpha001_nowrong_noweight_50rep_mpc_fgs,1.0,,1.0,2.0,,not applicable (score based)
asia,Asia (8),FGS,8,,2033.0,12.0,0.2667,11.0,0.2667,12.0,12.0,12.0,0.2667,0.2667,0.2667,11.666666666666666,11.0,12.0,0.17776666666666666,0.2667,0.1333,,,,,,,,,,,,,,,,0.0,0.1783621311187744,,paper_bnlearn_alpha001_nowrong_noweight_50rep_mpc_fgs,results/paper_aaai2027/frozen/results/estimated_graphs/paper_bnlearn_alpha001_nowrong_noweight_50rep_mpc_fgs/asia/FGS/run_0007_seed_2033.npz,,paper_bnlearn_alpha001_nowrong_noweight_50rep_mpc_fgs,1.0,,1.0,6.0,,not applicable (score based)
asia,Asia (8),FGS,9,,2034.0,12.0,0.2667,11.0,0.2667,12.0,12.0,12.0,0.2667,0.2667,0.2667,11.666666666666666,11.0,12.0,0.17776666666666666,0.2667,0.1333,,,,,,,,,,,,,,,,0.0,0.1874134540557861,,paper_bnlearn_alpha001_nowrong_noweight_50rep_mpc_fgs,results/paper_aaai2027/frozen/results/estimated_graphs/paper_bnlearn_alpha001_nowrong_noweight_50rep_mpc_fgs/asia/FGS/run_0008_seed_2034.npz,,paper_bnlearn_alpha001_nowrong_noweight_50rep_mpc_fgs,1.0,,1.0,6.0,,not applicable (score based)
asia,Asia (8),FGS,10,,2035.0,12.0,0.25,11.0,0.25,12.0,12.0,12.0,0.25,0.25,0.25,11.6,11.0,12.0,0.175,0.25,0.125,,,,,,,,,,,,,,,,0.0,0.1860463619232177,,paper_bnlearn_alpha001_nowrong_noweight_50rep_mpc_fgs,results/paper_aaai2027/frozen/results/estimated_graphs/paper_bnlearn_alpha001_nowrong_noweight_50rep_mpc_fgs/asia/FGS/run_0009_seed_2035.npz,,paper_bnlearn_alpha001_nowrong_noweight_50rep_mpc_fgs,1.0,,1.0,5.0,,not applicable (score based)
asia,Asia (8),FGS,11,,2036.0,12.0,0.25,11.0,0.25,12.0,12.0,12.0,0.25,0.25,0.25,11.6,11.0,12.0,0.175,0.25,0.125,,,,,,,,,,,,,,,,0.0,0.1859080791473388,,paper_bnlearn_alpha001_nowrong_noweight_50rep_mpc_fgs,results/paper_aaai2027/frozen/results/estimated_graphs/paper_bnlearn_alpha001_nowrong_noweight_50rep_mpc_fgs/asia/FGS/run_0010_seed_2036.npz,,paper_bnlearn_alpha001_nowrong_noweight_50rep_mpc_fgs,1.0,,1.0,5.0,,not applicable (score based)
asia,Asia (8),FGS,12,,2037.0,12.0,0.2667,11.0,0.2667,12.0,12.0,12.0,0.2667,0.2667,0.2667,11.666666666666666,11.0,12.0,0.17776666666666666,0.2667,0.1333,,,,,,,,,,,,,,,,0.0,0.1763489246368408,,paper_bnlearn_alpha001_nowrong_noweight_50rep_mpc_fgs,results/paper_aaai2027/frozen/results/estimated_graphs/paper_bnlearn_alpha001_nowrong_noweight_50rep_mpc_fgs/asia/FGS/run_0011_seed_2037.npz,,paper_bnlearn_alpha001_nowrong_noweight_50rep_mpc_fgs,1.0,,1.0,6.0,,not applicable (score based)
asia,Asia (8),FGS,13,,2038.0,12.0,0.2667,11.0,0.2667,12.0,12.0,12.0,0.2667,0.2667,0.2667,11.666666666666666,11.0,12.0,0.17776666666666666,0.2667,0.1333,,,,,,,,,,,,,,,,0.0,0.1920499801635742,,paper_bnlearn_alpha001_nowrong_noweight_50rep_mpc_fgs,results/paper_aaai2027/frozen/results/estimated_graphs/paper_bnlearn_alpha001_nowrong_noweight_50rep_mpc_fgs/asia/FGS/run_0012_seed_2038.npz,,paper_bnlearn_alpha001_nowrong_noweight_50rep_mpc_fgs,1.0,,1.0,6.0,,not applicable (score based)
asia,Asia (8),FGS,14,,2039.0,12.0,0.25,11.0,0.25,12.0,12.0,12.0,0.25,0.25,0.25,11.6,11.0,12.0,0.175,0.25,0.125,,,,,,,,,,,,,,,,0.0,0.1843817234039306,,paper_bnlearn_alpha001_nowrong_noweight_50rep_mpc_fgs,results/paper_aaai2027/frozen/results/estimated_graphs/paper_bnlearn_alpha001_nowrong_noweight_50rep_mpc_fgs/asia/FGS/run_0013_seed_2039.npz,,paper_bnlearn_alpha001_nowrong_noweight_50rep_mpc_fgs,1.0,,1.0,5.0,,not applicable (score based)
asia,Asia (8),FGS,15,,2040.0,13.0,0.1176,13.0,0.1176,13.0,13.0,13.0,0.1176,0.1176,0.1176,13.0,13.0,13.0,0.1176,0.1176,0.1176,,,,,,,,,,,,,,,,0.0,0.1932156085968017,,paper_bnlearn_alpha001_nowrong_noweight_50rep_mpc_fgs,results/paper_aaai2027/frozen/results/estimated_graphs/paper_bnlearn_alpha001_nowrong_noweight_50rep_mpc_fgs/asia/FGS/run_0014_seed_2040.npz,,paper_bnlearn_alpha001_nowrong_noweight_50rep_mpc_fgs,1.0,,1.0,2.0,,not applicable (score based)
asia,Asia (8),FGS,16,,2041.0,12.0,0.2667,11.0,0.2667,12.0,12.0,12.0,0.2667,0.2667,0.2667,11.666666666666666,11.0,12.0,0.17776666666666666,0.2667,0.1333,,,,,,,,,,,,,,,,0.0,0.1918525695800781,,paper_bnlearn_alpha001_nowrong_noweight_50rep_mpc_fgs,results/paper_aaai2027/frozen/results/estimated_graphs/paper_bnlearn_alpha001_nowrong_noweight_50rep_mpc_fgs/asia/FGS/run_0015_seed_2041.npz,,paper_bnlearn_alpha001_nowrong_noweight_50rep_mpc_fgs,1.0,,1.0,6.0,,not applicable (score based)
asia,Asia (8),FGS,17,,2042.0,12.0,0.2667,11.0,0.2667,12.0,12.0,12.0,0.2667,0.2667,0.2667,11.666666666666666,11.0,12.0,0.17776666666666666,0.2667,0.1333,,,,,,,,,,,,,,,,0.0,0.1902108192443847,,paper_bnlearn_alpha001_nowrong_noweight_50rep_mpc_fgs,results/paper_aaai2027/frozen/results/estimated_graphs/paper_bnlearn_alpha001_nowrong_noweight_50rep_mpc_fgs/asia/FGS/run_0016_seed_2042.npz,,paper_bnlearn_alpha001_nowrong_noweight_50rep_mpc_fgs,1.0,,1.0,6.0,,not applicable (score based)
asia,Asia (8),FGS,18,,2043.0,12.0,0.25,11.0,0.25,12.0,12.0,12.0,0.25,0.25,0.25,11.6,11.0,12.0,0.175,0.25,0.125,,,,,,,,,,,,,,,,0.0,0.1907153129577636,,paper_bnlearn_alpha001_nowrong_noweight_50rep_mpc_fgs,results/paper_aaai2027/frozen/results/estimated_graphs/paper_bnlearn_alpha001_nowrong_noweight_50rep_mpc_fgs/asia/FGS/run_0017_seed_2043.npz,,paper_bnlearn_alpha001_nowrong_noweight_50rep_mpc_fgs,1.0,,1.0,5.0,,not applicable (score based)
asia,Asia (8),FGS,19,,2044.0,12.0,0.2667,11.0,0.2667,12.0,12.0,12.0,0.2667,0.2667,0.2667,11.666666666666666,11.0,12.0,0.17776666666666666,0.2667,0.1333,,,,,,,,,,,,,,,,0.0,0.1846582889556884,,paper_bnlearn_alpha001_nowrong_noweight_50rep_mpc_fgs,results/paper_aaai2027/frozen/results/estimated_graphs/paper_bnlearn_alpha001_nowrong_noweight_50rep_mpc_fgs/asia/FGS/run_0018_seed_2044.npz,,paper_bnlearn_alpha001_nowrong_noweight_50rep_mpc_fgs,1.0,,1.0,6.0,,not applicable (score based)
asia,Asia (8),FGS,20,,2045.0,12.0,0.25,11.0,0.25,12.0,12.0,12.0,0.25,0.25,0.25,11.6,11.0,12.0,0.175,0.25,0.125,,,,,,,,,,,,,,,,0.0,0.1888725757598877,,paper_bnlearn_alpha001_nowrong_noweight_50rep_mpc_fgs,results/paper_aaai2027/frozen/results/estimated_graphs/paper_bnlearn_alpha001_nowrong_noweight_50rep_mpc_fgs/asia/FGS/run_0019_seed_2045.npz,,paper_bnlearn_alpha001_nowrong_noweight_50rep_mpc_fgs,1.0,,1.0,5.0,,not applicable (score based)
asia,Asia (8),FGS,21,,2046.0,13.0,0.1176,13.0,0.1176,13.0,13.0,13.0,0.1176,0.1176,0.1176,13.0,13.0,13.0,0.1176,0.1176,0.1176,,,,,,,,,,,,,,,,0.0,0.197009801864624,,paper_bnlearn_alpha001_nowrong_noweight_50rep_mpc_fgs,results/paper_aaai2027/frozen/results/estimated_graphs/paper_bnlearn_alpha001_nowrong_noweight_50rep_mpc_fgs/asia/FGS/run_0020_seed_2046.npz,,paper_bnlearn_alpha001_nowrong_noweight_50rep_mpc_fgs,1.0,,1.0,2.0,,not applicable (score based)
asia,Asia (8),FGS,22,,2047.0,12.0,0.25,11.0,0.25,12.0,12.0,12.0,0.25,0.25,0.25,11.6,11.0,12.0,0.175,0.25,0.125,,,,,,,,,,,,,,,,0.0,0.1886355876922607,,paper_bnlearn_alpha001_nowrong_noweight_50rep_mpc_fgs,results/paper_aaai2027/frozen/results/estimated_graphs/paper_bnlearn_alpha001_nowrong_noweight_50rep_mpc_fgs/asia/FGS/run_0021_seed_2047.npz,,paper_bnlearn_alpha001_nowrong_noweight_50rep_mpc_fgs,1.0,,1.0,5.0,,not applicable (score based)
asia,Asia (8),FGS,23,,2048.0,12.0,0.2667,11.0,0.2667,12.0,12.0,12.0,0.2667,0.2667,0.2667,11.666666666666666,11.0,12.0,0.17776666666666666,0.2667,0.1333,,,,,,,,,,,,,,,,0.0,0.1845705509185791,,paper_bnlearn_alpha001_nowrong_noweight_50rep_mpc_fgs,results/paper_aaai2027/frozen/results/estimated_graphs/paper_bnlearn_alpha001_nowrong_noweight_50rep_mpc_fgs/asia/FGS/run_0022_seed_2048.npz,,paper_bnlearn_alpha001_nowrong_noweight_50rep_mpc_fgs,1.0,,1.0,6.0,,not applicable (score based)
asia,Asia (8),FGS,24,,2049.0,13.0,0.2222,13.0,0.2222,13.0,13.0,13.0,0.2222,0.2222,0.2222,13.1,12.0,14.0,0.21109,0.3333,0.1111,,,,,,,,,,,,,,,,0.0,0.191310167312622,,paper_bnlearn_alpha001_nowrong_noweight_50rep_mpc_fgs,results/paper_aaai2027/frozen/results/estimated_graphs/paper_bnlearn_alpha001_nowrong_noweight_50rep_mpc_fgs/asia/FGS/run_0023_seed_2049.npz,,paper_bnlearn_alpha001_nowrong_noweight_50rep_mpc_fgs,1.0,,1.0,10.0,,not applicable (score based)
asia,Asia (8),FGS,25,,2050.0,12.0,0.2667,11.0,0.2667,12.0,12.0,12.0,0.2667,0.2667,0.2667,11.666666666666666,11.0,12.0,0.17776666666666666,0.2667,0.1333,,,,,,,,,,,,,,,,0.0,0.1830301284790039,,paper_bnlearn_alpha001_nowrong_noweight_50rep_mpc_fgs,results/paper_aaai2027/frozen/results/estimated_graphs/paper_bnlearn_alpha001_nowrong_noweight_50rep_mpc_fgs/asia/FGS/run_0024_seed_2050.npz,,paper_bnlearn_alpha001_nowrong_noweight_50rep_mpc_fgs,1.0,,1.0,6.0,,not applicable (score based)
asia,Asia (8),FGS,26,,2051.0,12.0,0.2667,11.0,0.2667,12.0,12.0,12.0,0.2667,0.2667,0.2667,11.666666666666666,11.0,12.0,0.17776666666666666,0.2667,0.1333,,,,,,,,,,,,,,,,0.0,0.2436690330505371,,paper_bnlearn_alpha001_nowrong_noweight_50rep_mpc_fgs,results/paper_aaai2027/frozen/results/estimated_graphs/paper_bnlearn_alpha001_nowrong_noweight_50rep_mpc_fgs/asia/FGS/run_0025_seed_2051.npz,,paper_bnlearn_alpha001_nowrong_noweight_50rep_mpc_fgs,1.0,,1.0,6.0,,not applicable (score based)
asia,Asia (8),FGS,27,,2052.0,12.0,0.25,11.0,0.25,12.0,12.0,12.0,0.25,0.25,0.25,11.6,11.0,12.0,0.175,0.25,0.125,,,,,,,,,,,,,,,,0.0,0.2028000354766845,,paper_bnlearn_alpha001_nowrong_noweight_50rep_mpc_fgs,results/paper_aaai2027/frozen/results/estimated_graphs/paper_bnlearn_alpha001_nowrong_noweight_50rep_mpc_fgs/asia/FGS/run_0026_seed_2052.npz,,paper_bnlearn_alpha001_nowrong_noweight_50rep_mpc_fgs,1.0,,1.0,5.0,,not applicable (score based)
asia,Asia (8),FGS,28,,2053.0,11.0,0.25,10.0,0.25,11.0,11.0,11.0,0.25,0.25,0.25,10.0,10.0,10.0,0.25,0.25,0.25,,,,,,,,,,,,,,,,0.0,0.1928632259368896,,paper_bnlearn_alpha001_nowrong_noweight_50rep_mpc_fgs,results/paper_aaai2027/frozen/results/estimated_graphs/paper_bnlearn_alpha001_nowrong_noweight_50rep_mpc_fgs/asia/FGS/run_0027_seed_2053.npz,,paper_bnlearn_alpha001_nowrong_noweight_50rep_mpc_fgs,1.0,,1.0,2.0,,not applicable (score based)
asia,Asia (8),FGS,29,,2054.0,12.0,0.2667,11.0,0.2667,12.0,12.0,12.0,0.2667,0.2667,0.2667,11.666666666666666,11.0,12.0,0.17776666666666666,0.2667,0.1333,,,,,,,,,,,,,,,,0.0,0.1835334300994873,,paper_bnlearn_alpha001_nowrong_noweight_50rep_mpc_fgs,results/paper_aaai2027/frozen/results/estimated_graphs/paper_bnlearn_alpha001_nowrong_noweight_50rep_mpc_fgs/asia/FGS/run_0028_seed_2054.npz,,paper_bnlearn_alpha001_nowrong_noweight_50rep_mpc_fgs,1.0,,1.0,6.0,,not applicable (score based)
asia,Asia (8),FGS,30,,2055.0,12.0,0.25,11.0,0.25,12.0,12.0,12.0,0.25,0.25,0.25,11.6,11.0,12.0,0.175,0.25,0.125,,,,,,,,,,,,,,,,0.0,0.1910269260406494,,paper_bnlearn_alpha001_nowrong_noweight_50rep_mpc_fgs,results/paper_aaai2027/frozen/results/estimated_graphs/paper_bnlearn_alpha001_nowrong_noweight_50rep_mpc_fgs/asia/FGS/run_0029_seed_2055.npz,,paper_bnlearn_alpha001_nowrong_noweight_50rep_mpc_fgs,1.0,,1.0,5.0,,not applicable (score based)
asia,Asia (8),FGS,31,,2056.0,12.0,0.25,11.0,0.25,12.0,12.0,12.0,0.25,0.25,0.25,11.6,11.0,12.0,0.175,0.25,0.125,,,,,,,,,,,,,,,,0.0,0.1929512023925781,,paper_bnlearn_alpha001_nowrong_noweight_50rep_mpc_fgs,results/paper_aaai2027/frozen/results/estimated_graphs/paper_bnlearn_alpha001_nowrong_noweight_50rep_mpc_fgs/asia/FGS/run_0030_seed_2056.npz,,paper_bnlearn_alpha001_nowrong_noweight_50rep_mpc_fgs,1.0,,1.0,5.0,,not applicable (score based)
asia,Asia (8),FGS,32,,2057.0,12.0,0.2667,11.0,0.2667,12.0,12.0,12.0,0.2667,0.2667,0.2667,11.666666666666666,11.0,12.0,0.17776666666666666,0.2667,0.1333,,,,,,,,,,,,,,,,0.0,0.1900959014892578,,paper_bnlearn_alpha001_nowrong_noweight_50rep_mpc_fgs,results/paper_aaai2027/frozen/results/estimated_graphs/paper_bnlearn_alpha001_nowrong_noweight_50rep_mpc_fgs/asia/FGS/run_0031_seed_2057.npz,,paper_bnlearn_alpha001_nowrong_noweight_50rep_mpc_fgs,1.0,,1.0,6.0,,not applicable (score based)
asia,Asia (8),FGS,33,,2058.0,12.0,0.25,11.0,0.25,12.0,12.0,12.0,0.25,0.25,0.25,11.6,11.0,12.0,0.175,0.25,0.125,,,,,,,,,,,,,,,,0.0,0.1918320655822754,,paper_bnlearn_alpha001_nowrong_noweight_50rep_mpc_fgs,results/paper_aaai2027/frozen/results/estimated_graphs/paper_bnlearn_alpha001_nowrong_noweight_50rep_mpc_fgs/asia/FGS/run_0032_seed_2058.npz,,paper_bnlearn_alpha001_nowrong_noweight_50rep_mpc_fgs,1.0,,1.0,5.0,,not applicable (score based)
asia,Asia (8),FGS,34,,2059.0,12.0,0.2667,11.0,0.2667,12.0,12.0,12.0,0.2667,0.2667,0.2667,11.666666666666666,11.0,12.0,0.17776666666666666,0.2667,0.1333,,,,,,,,,,,,,,,,0.0,0.1861522197723388,,paper_bnlearn_alpha001_nowrong_noweight_50rep_mpc_fgs,results/paper_aaai2027/frozen/results/estimated_graphs/paper_bnlearn_alpha001_nowrong_noweight_50rep_mpc_fgs/asia/FGS/run_0033_seed_2059.npz,,paper_bnlearn_alpha001_nowrong_noweight_50rep_mpc_fgs,1.0,,1.0,6.0,,not applicable (score based)
asia,Asia (8),FGS,35,,2060.0,12.0,0.2667,11.0,0.2667,12.0,12.0,12.0,0.2667,0.2667,0.2667,11.666666666666666,11.0,12.0,0.17776666666666666,0.2667,0.1333,,,,,,,,,,,,,,,,0.0,0.1812379360198974,,paper_bnlearn_alpha001_nowrong_noweight_50rep_mpc_fgs,results/paper_aaai2027/frozen/results/estimated_graphs/paper_bnlearn_alpha001_nowrong_noweight_50rep_mpc_fgs/asia/FGS/run_0034_seed_2060.npz,,paper_bnlearn_alpha001_nowrong_noweight_50rep_mpc_fgs,1.0,,1.0,6.0,,not applicable (score based)
asia,Asia (8),FGS,36,,2061.0,12.0,0.2667,11.0,0.2667,12.0,12.0,12.0,0.2667,0.2667,0.2667,11.666666666666666,11.0,12.0,0.17776666666666666,0.2667,0.1333,,,,,,,,,,,,,,,,0.0,0.1894371509552002,,paper_bnlearn_alpha001_nowrong_noweight_50rep_mpc_fgs,results/paper_aaai2027/frozen/results/estimated_graphs/paper_bnlearn_alpha001_nowrong_noweight_50rep_mpc_fgs/asia/FGS/run_0035_seed_2061.npz,,paper_bnlearn_alpha001_nowrong_noweight_50rep_mpc_fgs,1.0,,1.0,6.0,,not applicable (score based)
asia,Asia (8),FGS,37,,2062.0,12.0,0.25,11.0,0.25,12.0,12.0,12.0,0.25,0.25,0.25,11.6,11.0,12.0,0.175,0.25,0.125,,,,,,,,,,,,,,,,0.0,0.1830792427062988,,paper_bnlearn_alpha001_nowrong_noweight_50rep_mpc_fgs,results/paper_aaai2027/frozen/results/estimated_graphs/paper_bnlearn_alpha001_nowrong_noweight_50rep_mpc_fgs/asia/FGS/run_0036_seed_2062.npz,,paper_bnlearn_alpha001_nowrong_noweight_50rep_mpc_fgs,1.0,,1.0,5.0,,not applicable (score based)
asia,Asia (8),FGS,38,,2063.0,14.0,0.2222,13.0,0.2222,14.0,14.0,14.0,0.2222,0.2222,0.2222,13.6,13.0,14.0,0.15554,0.2222,0.1111,,,,,,,,,,,,,,,,0.0,0.1919958591461181,,paper_bnlearn_alpha001_nowrong_noweight_50rep_mpc_fgs,results/paper_aaai2027/frozen/results/estimated_graphs/paper_bnlearn_alpha001_nowrong_noweight_50rep_mpc_fgs/asia/FGS/run_0037_seed_2063.npz,,paper_bnlearn_alpha001_nowrong_noweight_50rep_mpc_fgs,1.0,,1.0,5.0,,not applicable (score based)
asia,Asia (8),FGS,39,,2064.0,12.0,0.2667,11.0,0.2667,12.0,12.0,12.0,0.2667,0.2667,0.2667,11.666666666666666,11.0,12.0,0.17776666666666666,0.2667,0.1333,,,,,,,,,,,,,,,,0.0,0.1868627071380615,,paper_bnlearn_alpha001_nowrong_noweight_50rep_mpc_fgs,results/paper_aaai2027/frozen/results/estimated_graphs/paper_bnlearn_alpha001_nowrong_noweight_50rep_mpc_fgs/asia/FGS/run_0038_seed_2064.npz,,paper_bnlearn_alpha001_nowrong_noweight_50rep_mpc_fgs,1.0,,1.0,6.0,,not applicable (score based)
asia,Asia (8),FGS,40,,2065.0,12.0,0.25,11.0,0.25,12.0,12.0,12.0,0.25,0.25,0.25,11.6,11.0,12.0,0.175,0.25,0.125,,,,,,,,,,,,,,,,0.0,0.1886990070343017,,paper_bnlearn_alpha001_nowrong_noweight_50rep_mpc_fgs,results/paper_aaai2027/frozen/results/estimated_graphs/paper_bnlearn_alpha001_nowrong_noweight_50rep_mpc_fgs/asia/FGS/run_0039_seed_2065.npz,,paper_bnlearn_alpha001_nowrong_noweight_50rep_mpc_fgs,1.0,,1.0,5.0,,not applicable (score based)
asia,Asia (8),FGS,41,,2066.0,12.0,0.25,11.0,0.25,12.0,12.0,12.0,0.25,0.25,0.25,11.6,11.0,12.0,0.175,0.25,0.125,,,,,,,,,,,,,,,,0.0,0.1900737285614013,,paper_bnlearn_alpha001_nowrong_noweight_50rep_mpc_fgs,results/paper_aaai2027/frozen/results/estimated_graphs/paper_bnlearn_alpha001_nowrong_noweight_50rep_mpc_fgs/asia/FGS/run_0040_seed_2066.npz,,paper_bnlearn_alpha001_nowrong_noweight_50rep_mpc_fgs,1.0,,1.0,5.0,,not applicable (score based)
asia,Asia (8),FGS,42,,2067.0,12.0,0.25,11.0,0.25,12.0,12.0,12.0,0.25,0.25,0.25,11.6,11.0,12.0,0.175,0.25,0.125,,,,,,,,,,,,,,,,0.0,0.1875290870666504,,paper_bnlearn_alpha001_nowrong_noweight_50rep_mpc_fgs,results/paper_aaai2027/frozen/results/estimated_graphs/paper_bnlearn_alpha001_nowrong_noweight_50rep_mpc_fgs/asia/FGS/run_0041_seed_2067.npz,,paper_bnlearn_alpha001_nowrong_noweight_50rep_mpc_fgs,1.0,,1.0,5.0,,not applicable (score based)
asia,Asia (8),FGS,43,,2068.0,12.0,0.2667,11.0,0.2667,12.0,12.0,12.0,0.2667,0.2667,0.2667,11.666666666666666,11.0,12.0,0.17776666666666666,0.2667,0.1333,,,,,,,,,,,,,,,,0.0,0.1195924282073974,,paper_bnlearn_alpha001_nowrong_noweight_50rep_mpc_fgs,results/paper_aaai2027/frozen/results/estimated_graphs/paper_bnlearn_alpha001_nowrong_noweight_50rep_mpc_fgs/asia/FGS/run_0042_seed_2068.npz,,paper_bnlearn_alpha001_nowrong_noweight_50rep_mpc_fgs,1.0,,1.0,6.0,,not applicable (score based)
asia,Asia (8),FGS,44,,2069.0,14.0,0.2353,13.0,0.2353,14.0,14.0,14.0,0.2353,0.2353,0.2353,13.6,13.0,14.0,0.16468000000000002,0.2353,0.1176,,,,,,,,,,,,,,,,0.0,0.1842701435089111,,paper_bnlearn_alpha001_nowrong_noweight_50rep_mpc_fgs,results/paper_aaai2027/frozen/results/estimated_graphs/paper_bnlearn_alpha001_nowrong_noweight_50rep_mpc_fgs/asia/FGS/run_0043_seed_2069.npz,,paper_bnlearn_alpha001_nowrong_noweight_50rep_mpc_fgs,1.0,,1.0,5.0,,not applicable (score based)
asia,Asia (8),FGS,45,,2070.0,12.0,0.2667,11.0,0.2667,12.0,12.0,12.0,0.2667,0.2667,0.2667,11.666666666666666,11.0,12.0,0.17776666666666666,0.2667,0.1333,,,,,,,,,,,,,,,,0.0,0.1810901165008545,,paper_bnlearn_alpha001_nowrong_noweight_50rep_mpc_fgs,results/paper_aaai2027/frozen/results/estimated_graphs/paper_bnlearn_alpha001_nowrong_noweight_50rep_mpc_fgs/asia/FGS/run_0044_seed_2070.npz,,paper_bnlearn_alpha001_nowrong_noweight_50rep_mpc_fgs,1.0,,1.0,6.0,,not applicable (score based)
asia,Asia (8),FGS,46,,2071.0,12.0,0.2667,11.0,0.2667,12.0,12.0,12.0,0.2667,0.2667,0.2667,11.666666666666666,11.0,12.0,0.17776666666666666,0.2667,0.1333,,,,,,,,,,,,,,,,0.0,0.1852962970733642,,paper_bnlearn_alpha001_nowrong_noweight_50rep_mpc_fgs,results/paper_aaai2027/frozen/results/estimated_graphs/paper_bnlearn_alpha001_nowrong_noweight_50rep_mpc_fgs/asia/FGS/run_0045_seed_2071.npz,,paper_bnlearn_alpha001_nowrong_noweight_50rep_mpc_fgs,1.0,,1.0,6.0,,not applicable (score based)
asia,Asia (8),FGS,47,,2072.0,12.0,0.25,11.0,0.25,12.0,12.0,12.0,0.25,0.25,0.25,11.6,11.0,12.0,0.175,0.25,0.125,,,,,,,,,,,,,,,,0.0,0.1846725940704345,,paper_bnlearn_alpha001_nowrong_noweight_50rep_mpc_fgs,results/paper_aaai2027/frozen/results/estimated_graphs/paper_bnlearn_alpha001_nowrong_noweight_50rep_mpc_fgs/asia/FGS/run_0046_seed_2072.npz,,paper_bnlearn_alpha001_nowrong_noweight_50rep_mpc_fgs,1.0,,1.0,5.0,,not applicable (score based)
asia,Asia (8),FGS,48,,2073.0,13.0,0.1176,13.0,0.1176,13.0,13.0,13.0,0.1176,0.1176,0.1176,13.0,13.0,13.0,0.1176,0.1176,0.1176,,,,,,,,,,,,,,,,0.0,0.1873140335083007,,paper_bnlearn_alpha001_nowrong_noweight_50rep_mpc_fgs,results/paper_aaai2027/frozen/results/estimated_graphs/paper_bnlearn_alpha001_nowrong_noweight_50rep_mpc_fgs/asia/FGS/run_0047_seed_2073.npz,,paper_bnlearn_alpha001_nowrong_noweight_50rep_mpc_fgs,1.0,,1.0,2.0,,not applicable (score based)
asia,Asia (8),FGS,49,,2074.0,13.0,0.2353,12.0,0.2353,13.0,13.0,13.0,0.2353,0.2353,0.2353,12.5,12.0,13.0,0.17645,0.2353,0.1176,,,,,,,,,,,,,,,,0.0,0.2228438854217529,,paper_bnlearn_alpha001_nowrong_noweight_50rep_mpc_fgs,results/paper_aaai2027/frozen/results/estimated_graphs/paper_bnlearn_alpha001_nowrong_noweight_50rep_mpc_fgs/asia/FGS/run_0048_seed_2074.npz,,paper_bnlearn_alpha001_nowrong_noweight_50rep_mpc_fgs,1.0,,1.0,4.0,,not applicable (score based)
asia,Asia (8),FGS,50,,2075.0,12.0,0.2667,11.0,0.2667,12.0,12.0,12.0,0.2667,0.2667,0.2667,11.666666666666666,11.0,12.0,0.17776666666666666,0.2667,0.1333,,,,,,,,,,,,,,,,0.0,0.1798911094665527,,paper_bnlearn_alpha001_nowrong_noweight_50rep_mpc_fgs,results/paper_aaai2027/frozen/results/estimated_graphs/paper_bnlearn_alpha001_nowrong_noweight_50rep_mpc_fgs/asia/FGS/run_0049_seed_2075.npz,,paper_bnlearn_alpha001_nowrong_noweight_50rep_mpc_fgs,1.0,,1.0,6.0,,not applicable (score based)
er5,ER (5),ABA-PC,1,1.0,2026.0,0.0,0.8,1.0,0.8,0.0,0.0,0.0,0.8,0.8,0.8,1.0,0.0,2.0,0.8,1.0,0.6,1.0,4.0,1.0,1.0,1.0,0.8,1.0,0.6,1.0,1.0,1.0,1.0,1.0,1.0,1.0,1.0,0.9142508311197162,0.0,results/paper_aaai2027/frozen/results/final_mcs_experiments_er_sf_sparse_alpha001_noweight_50rep/wc_sweep_5_2026_er_sparse_alpha001_noweight_seed2026_2075_20260715_175814/summary.json,,,,,,1.0,4.0,,retained CI facts
er5,ER (5),ABA-PC,2,2.0,2027.0,5.5,0.3205,5.75,0.2804529708597762,5.5,5.0,6.0,0.3205,0.3333,0.3077,5.75,4.0,8.0,0.2804529708597762,0.5000194439043361,0.0,2.0,16.0,0.8012820512820513,0.8333333333333333,0.7692307692307693,0.28044871794871795,0.5,0.0,0.8012820512820513,0.8333333333333333,0.7692307692307693,0.0,0.0,0.0,0.0,0.0,0.9609429887495935,0.0,results/paper_aaai2027/frozen/results/final_mcs_experiments_er_sf_sparse_alpha001_noweight_50rep/wc_sweep_5_2026_er_sparse_alpha001_noweight_seed2026_2075_20260715_175814/summary.json,,,,,,2.0,16.0,,retained CI facts
er5,ER (5),ABA-PC,3,3.0,2028.0,2.3333333333333335,0.4989666666666667,3.590909090909091,0.4876037113974243,2.3333333333333335,0.0,4.0,0.4989666666666667,0.8,0.3333,3.590909090909091,0.0,6.0,0.4876037113974243,1.0,0.16669582968795568,3.0,22.0,0.8856749311294766,1.0,0.8333333333333333,0.48760330578512395,1.0,0.16666666666666666,0.914141414141414,1.0,0.8333333333333333,0.3333333333333333,1.0,0.0,1.0,1.0,0.9794847550801933,0.0,results/paper_aaai2027/frozen/results/final_mcs_experiments_er_sf_sparse_alpha001_noweight_50rep/wc_sweep_5_2026_er_sparse_alpha001_noweight_seed2026_2075_20260715_175814/summary.json,,,,,,3.0,22.0,,retained CI facts
er5,ER (5),ABA-PC,4,4.0,2029.0,5.090909090909091,0.34057777777777776,5.125,0.3699248830380241,5.090909090909091,4.0,6.0,0.34057777777777776,0.5455,0.1667,5.125,2.0,8.0,0.3699248830380241,0.7272925615326924,0.0,11.0,56.0,0.7619463869463869,0.9090909090909091,0.6666666666666666,0.3699217449217449,0.7272727272727272,0.0,0.782051282051282,0.9090909090909091,0.6666666666666666,0.0,0.0,0.0,0.0,0.0,1.0635689841583371,0.0,results/paper_aaai2027/frozen/results/final_mcs_experiments_er_sf_sparse_alpha001_noweight_50rep/wc_sweep_5_2026_er_sparse_alpha001_noweight_seed2026_2075_20260715_175814/summary.json,,,,,,11.0,56.0,,retained CI facts
er5,ER (5),ABA-PC,5,5.0,2030.0,3.0,0.5455,3.5,0.4545454538692866,3.0,3.0,3.0,0.5455,0.5455,0.5455,3.5,2.0,5.0,0.4545454538692866,0.7272925615326924,0.181838014725934,1.0,6.0,0.9090909090909091,0.9090909090909091,0.9090909090909091,0.45454545454545453,0.7272727272727272,0.1818181818181818,0.9090909090909091,0.9090909090909091,0.9090909090909091,0.0,0.0,0.0,0.0,0.0,0.9288721173070371,0.0,results/paper_aaai2027/frozen/results/final_mcs_experiments_er_sf_sparse_alpha001_noweight_50rep/wc_sweep_5_2026_er_sparse_alpha001_noweight_seed2026_2075_20260715_175814/summary.json,,,,,,1.0,6.0,,retained CI facts
er5,ER (5),ABA-PC,6,6.0,2031.0,6.321428571428571,0.3731857142857143,5.931818181818182,0.32450710742221206,6.321428571428571,4.0,8.0,0.3731857142857143,0.5455,0.1667,5.931818181818182,3.0,8.0,0.32450710742221206,0.5454545454545454,0.15384615384615385,28.0,88.0,0.7216590227953864,0.9090909090909091,0.6153846153846154,0.3245069324614779,0.5454545454545454,0.15384615384615385,0.7242697778412064,0.9090909090909091,0.6153846153846154,0.0,0.0,0.0,0.0,0.0,1.1547913732938468,0.0,results/paper_aaai2027/frozen/results/final_mcs_experiments_er_sf_sparse_alpha001_noweight_50rep/wc_sweep_5_2026_er_sparse_alpha001_noweight_seed2026_2075_20260715_175814/summary.json,,,,,,28.0,88.0,,retained CI facts
er5,ER (5),ABA-PC,7,7.0,2032.0,4.857142857142857,0.5944285714285714,3.4545454545454546,0.6063785051579965,4.857142857142857,3.0,7.0,0.5944285714285714,0.6667,0.3333,3.4545454545454546,2.0,5.0,0.6063785051579965,0.7272925615326924,0.5000194439043361,7.0,11.0,0.820300911210002,0.9090909090909091,0.6666666666666666,0.6063784700148337,0.7272727272727272,0.5,0.8111888111888111,0.9090909090909091,0.6666666666666666,0.34183673469387754,0.6666666666666666,0.0,0.0,0.0,0.9574989196844399,0.0,results/paper_aaai2027/frozen/results/final_mcs_experiments_er_sf_sparse_alpha001_noweight_50rep/wc_sweep_5_2026_er_sparse_alpha001_noweight_seed2026_2075_20260715_175814/summary.json,,,,,,7.0,11.0,,retained CI facts
er5,ER (5),ABA-PC,8,8.0,2033.0,0.5,0.95455,1.1666666666666667,0.8454545451840735,0.5,0.0,1.0,0.95455,1.0,0.9091,1.1666666666666667,0.0,2.0,0.8454545451840735,1.0,0.7272925615326924,2.0,6.0,0.9393939393939394,1.0,0.9090909090909091,0.8454545454545453,1.0,0.7272727272727272,0.9545454545454546,1.0,0.9090909090909091,1.0,1.0,1.0,1.0,1.0,0.9215006339363754,0.0,results/paper_aaai2027/frozen/results/final_mcs_experiments_er_sf_sparse_alpha001_noweight_50rep/wc_sweep_5_2026_er_sparse_alpha001_noweight_seed2026_2075_20260715_175814/summary.json,,,,,,2.0,6.0,,retained CI facts
er5,ER (5),ABA-PC,9,9.0,2034.0,1.0,0.57275,1.5,0.784851790423243,1.0,0.0,2.0,0.57275,0.6,0.5455,1.5,0.0,3.0,0.784851790423243,1.0,0.5454545454545454,2.0,6.0,0.9393939393939394,1.0,0.9090909090909091,0.7848484848484848,1.0,0.5454545454545454,0.9545454545454546,1.0,0.9090909090909091,0.8333333333333333,1.0,0.6666666666666666,1.0,1.0,0.9322252129204571,0.0,results/paper_aaai2027/frozen/results/final_mcs_experiments_er_sf_sparse_alpha001_noweight_50rep/wc_sweep_5_2026_er_sparse_alpha001_noweight_seed2026_2075_20260715_175814/summary.json,,,,,,2.0,6.0,,retained CI facts
er5,ER (5),ABA-PC,10,10.0,2035.0,0.0,1.0,0.0,1.0,0.0,0.0,0.0,1.0,1.0,1.0,0.0,0.0,0.0,1.0,1.0,1.0,1.0,1.0,1.0,1.0,1.0,1.0,1.0,1.0,1.0,1.0,1.0,1.0,1.0,1.0,1.0,1.0,0.9242735742591321,0.0,results/paper_aaai2027/frozen/results/final_mcs_experiments_er_sf_sparse_alpha001_noweight_50rep/wc_sweep_5_2026_er_sparse_alpha001_noweight_seed2026_2075_20260715_175814/summary.json,,,,,,1.0,1.0,,retained CI facts
er5,ER (5),ABA-PC,11,11.0,2036.0,3.641025641025641,0.650076923076923,4.733009708737864,0.4429966620674023,3.641025641025641,0.0,7.0,0.650076923076923,1.0,0.3333,4.733009708737864,0.0,9.0,0.4429966620674023,1.0,0.0,39.0,206.0,0.7980377227950043,1.0,0.6666666666666666,0.44299551581104973,1.0,0.0,0.8388577234731079,1.0,0.6666666666666666,0.5310134310134311,1.0,0.0,1.0,1.0,1.3976581362076104,0.0,results/paper_aaai2027/frozen/results/final_mcs_experiments_er_sf_sparse_alpha001_noweight_50rep/wc_sweep_5_2026_er_sparse_alpha001_noweight_seed2026_2075_20260715_175814/summary.json,,,,,,39.0,206.0,,retained CI facts
er5,ER (5),ABA-PC,12,12.0,2037.0,2.3,0.59578,2.8823529411764706,0.6417123849114686,2.3,0.0,4.0,0.59578,0.8,0.4,2.8823529411764706,0.0,5.0,0.6417123849114686,1.0,0.363616528024001,10.0,34.0,0.8358288770053476,1.0,0.7272727272727272,0.641711229946524,1.0,0.3636363636363636,0.8615151515151516,1.0,0.7272727272727272,0.7464285714285713,1.0,0.5,1.0,1.0,1.0041289031505585,0.0,results/paper_aaai2027/frozen/results/final_mcs_experiments_er_sf_sparse_alpha001_noweight_50rep/wc_sweep_5_2026_er_sparse_alpha001_noweight_seed2026_2075_20260715_175814/summary.json,,,,,,10.0,34.0,,retained CI facts
er5,ER (5),ABA-PC,13,13.0,2038.0,0.5,0.95455,1.0,0.8590909088880551,0.5,0.0,1.0,0.95455,1.0,0.9091,1.0,0.0,2.0,0.8590909088880551,1.0,0.7272925615326924,2.0,4.0,0.9545454545454546,1.0,0.9090909090909091,0.8590909090909091,1.0,0.7272727272727272,0.9545454545454546,1.0,0.9090909090909091,0.9444444444444444,1.0,0.888888888888889,1.0,1.0,0.9287430769763887,0.0,results/paper_aaai2027/frozen/results/final_mcs_experiments_er_sf_sparse_alpha001_noweight_50rep/wc_sweep_5_2026_er_sparse_alpha001_noweight_seed2026_2075_20260715_175814/summary.json,,,,,,2.0,4.0,,retained CI facts
er5,ER (5),ABA-PC,14,14.0,2039.0,2.6,0.617,1.9285714285714286,0.7318189039559526,2.6,0.0,4.0,0.617,0.7273,0.5455,1.9285714285714286,0.0,4.0,0.7318189039559526,1.0,0.4000000000000001,5.0,14.0,0.9112554112554113,1.0,0.7272727272727272,0.7318181818181818,1.0,0.4000000000000001,0.8757575757575757,1.0,0.7272727272727272,0.661904761904762,1.0,0.5,1.0,1.0,0.9578439509496093,0.0,results/paper_aaai2027/frozen/results/final_mcs_experiments_er_sf_sparse_alpha001_noweight_50rep/wc_sweep_5_2026_er_sparse_alpha001_noweight_seed2026_2075_20260715_175814/summary.json,,,,,,5.0,14.0,,retained CI facts
er5,ER (5),ABA-PC,15,15.0,2040.0,3.8333333333333335,0.2337694915254237,4.303370786516854,0.4939204822619734,3.8333333333333335,1.0,6.0,0.2337694915254237,0.7273,0.1429,4.303370786516854,1.0,8.0,0.4939204822619734,0.9090710740195277,0.15384615384615385,66.0,356.0,0.7911617408808419,1.0,0.6153846153846154,0.49392031189783997,0.9090909090909091,0.15384615384615385,0.8111650975287339,1.0,0.6153846153846154,0.0,0.0,0.0,0.0,0.0,1.6989235058426857,0.0,results/paper_aaai2027/frozen/results/final_mcs_experiments_er_sf_sparse_alpha001_noweight_50rep/wc_sweep_5_2026_er_sparse_alpha001_noweight_seed2026_2075_20260715_175814/summary.json,,,,,,66.0,356.0,,retained CI facts
er5,ER (5),ABA-PC,16,16.0,2041.0,0.0,1.0,1.0,0.8000000000000002,0.0,0.0,0.0,1.0,1.0,1.0,1.0,0.0,2.0,0.8000000000000002,1.0,0.6,1.0,3.0,1.0,1.0,1.0,0.8000000000000002,1.0,0.6,1.0,1.0,1.0,1.0,1.0,1.0,1.0,1.0,0.9172180867753923,0.0,results/paper_aaai2027/frozen/results/final_mcs_experiments_er_sf_sparse_alpha001_noweight_50rep/wc_sweep_5_2026_er_sparse_alpha001_noweight_seed2026_2075_20260715_175814/summary.json,,,,,,1.0,3.0,,retained CI facts
er5,ER (5),ABA-PC,17,17.0,2042.0,3.0,0.5,3.6666666666666665,0.555562036541931,3.0,3.0,3.0,0.5,0.5,0.5,3.6666666666666665,3.0,4.0,0.555562036541931,0.6666472218171212,0.5000194439043361,1.0,3.0,0.8333333333333334,0.8333333333333333,0.8333333333333333,0.5555555555555555,0.6666666666666666,0.5,0.8333333333333333,0.8333333333333333,0.8333333333333333,0.0,0.0,0.0,0.0,0.0,0.9458184842951596,0.0,results/paper_aaai2027/frozen/results/final_mcs_experiments_er_sf_sparse_alpha001_noweight_50rep/wc_sweep_5_2026_er_sparse_alpha001_noweight_seed2026_2075_20260715_175814/summary.json,,,,,,1.0,3.0,,retained CI facts
er5,ER (5),ABA-PC,18,18.0,2043.0,2.6,0.68304,3.176470588235294,0.6224622032325839,2.6,1.0,4.0,0.68304,0.9091,0.4,3.176470588235294,1.0,5.0,0.6224622032325839,0.9090710740195277,0.363616528024001,5.0,17.0,0.8117647058823528,0.9090909090909091,0.7272727272727272,0.6224598930481282,0.9090909090909091,0.3636363636363636,0.8357575757575757,0.9090909090909091,0.7272727272727272,0.7095238095238094,0.8571428571428571,0.5,0.0,0.0,0.9905938589945436,0.0,results/paper_aaai2027/frozen/results/final_mcs_experiments_er_sf_sparse_alpha001_noweight_50rep/wc_sweep_5_2026_er_sparse_alpha001_noweight_seed2026_2075_20260715_175814/summary.json,,,,,,5.0,17.0,,retained CI facts
er5,ER (5),ABA-PC,19,19.0,2044.0,1.0,0.7273,2.0,0.7272727270022551,1.0,1.0,1.0,0.7273,0.7273,0.7273,2.0,1.0,3.0,0.7272727270022551,0.9090710740195277,0.5454545454545454,1.0,3.0,0.9090909090909091,0.9090909090909091,0.9090909090909091,0.7272727272727272,0.9090909090909091,0.5454545454545454,0.9090909090909091,0.9090909090909091,0.9090909090909091,0.8571428571428571,0.8571428571428571,0.8571428571428571,0.0,0.0,0.9364303341135383,0.0,results/paper_aaai2027/frozen/results/final_mcs_experiments_er_sf_sparse_alpha001_noweight_50rep/wc_sweep_5_2026_er_sparse_alpha001_noweight_seed2026_2075_20260715_175814/summary.json,,,,,,1.0,3.0,,retained CI facts
er5,ER (5),ABA-PC,20,20.0,2045.0,3.5,0.7230624999999999,2.76,0.7267587554156505,3.5,1.0,5.0,0.7230624999999999,0.9091,0.5455,2.76,1.0,5.0,0.7267587554156505,0.9090710740195277,0.5000194439043361,8.0,25.0,0.808065268065268,0.9090909090909091,0.6666666666666666,0.7267599067599068,0.9090909090909091,0.5,0.8101689976689976,0.9090909090909091,0.6666666666666666,0.6547619047619048,1.0,0.5,0.0,0.0,0.9768893802538514,0.0,results/paper_aaai2027/frozen/results/final_mcs_experiments_er_sf_sparse_alpha001_noweight_50rep/wc_sweep_5_2026_er_sparse_alpha001_noweight_seed2026_2075_20260715_175814/summary.json,,,,,,8.0,25.0,,retained CI facts
er5,ER (5),ABA-PC,21,21.0,2046.0,0.0,0.6,1.5,0.7000000000000001,0.0,0.0,0.0,0.6,0.6,0.6,1.5,0.0,3.0,0.7000000000000001,1.0,0.4000000000000001,1.0,6.0,1.0,1.0,1.0,0.7000000000000001,1.0,0.4000000000000001,1.0,1.0,1.0,1.0,1.0,1.0,1.0,1.0,0.9606528622098267,0.0,results/paper_aaai2027/frozen/results/final_mcs_experiments_er_sf_sparse_alpha001_noweight_50rep/wc_sweep_5_2026_er_sparse_alpha001_noweight_seed2026_2075_20260715_175814/summary.json,,,,,,1.0,6.0,,retained CI facts
er5,ER (5),ABA-PC,22,22.0,2047.0,1.8,0.47272,3.0714285714285716,0.47402455691961376,1.8,0.0,4.0,0.47272,0.6,0.3636,3.0714285714285716,0.0,6.0,0.47402455691961376,1.0,0.0,5.0,42.0,0.9480519480519481,1.0,0.9090909090909091,0.4740259740259741,1.0,0.0,0.9818181818181818,1.0,0.9090909090909091,0.0,0.0,0.0,1.0,1.0,0.9954130267724395,0.0,results/paper_aaai2027/frozen/results/final_mcs_experiments_er_sf_sparse_alpha001_noweight_50rep/wc_sweep_5_2026_er_sparse_alpha001_noweight_seed2026_2075_20260715_175814/summary.json,,,,,,5.0,42.0,,retained CI facts
er5,ER (5),ABA-PC,23,23.0,2048.0,1.5,0.84445,2.1666666666666665,0.725925925925926,1.5,1.0,2.0,0.84445,0.8889,0.8,2.1666666666666665,1.0,3.0,0.725925925925926,0.888888888888889,0.6,2.0,6.0,0.8296296296296298,0.888888888888889,0.8000000000000002,0.725925925925926,0.888888888888889,0.6,0.8444444444444446,0.888888888888889,0.8000000000000002,1.0,1.0,1.0,0.0,0.0,0.919548412784934,0.0,results/paper_aaai2027/frozen/results/final_mcs_experiments_er_sf_sparse_alpha001_noweight_50rep/wc_sweep_5_2026_er_sparse_alpha001_noweight_seed2026_2075_20260715_175814/summary.json,,,,,,2.0,6.0,,retained CI facts
er5,ER (5),ABA-PC,24,24.0,2049.0,3.5,0.57275,3.6666666666666665,0.4276006551998017,3.5,2.0,5.0,0.57275,0.6,0.5455,3.6666666666666665,2.0,5.0,0.4276006551998017,0.6,0.3333236109085606,4.0,9.0,0.9124579124579123,1.0,0.8333333333333333,0.42760942760942755,0.6,0.3333333333333333,0.9128787878787878,1.0,0.8333333333333333,0.3333333333333333,0.6666666666666666,0.0,0.0,0.0,0.9531239969655871,0.0,results/paper_aaai2027/frozen/results/final_mcs_experiments_er_sf_sparse_alpha001_noweight_50rep/wc_sweep_5_2026_er_sparse_alpha001_noweight_seed2026_2075_20260715_175814/summary.json,,,,,,4.0,9.0,,retained CI facts
er5,ER (5),ABA-PC,25,25.0,2050.0,0.0,0.6,1.0,0.8,0.0,0.0,0.0,0.6,0.6,0.6,1.0,0.0,2.0,0.8,1.0,0.6,1.0,4.0,1.0,1.0,1.0,0.8,1.0,0.6,1.0,1.0,1.0,1.0,1.0,1.0,1.0,1.0,1.0583888599649072,0.0,results/paper_aaai2027/frozen/results/final_mcs_experiments_er_sf_sparse_alpha001_noweight_50rep/wc_sweep_5_2026_er_sparse_alpha001_noweight_seed2026_2075_20260715_175814/summary.json,,,,,,1.0,4.0,,retained CI facts
er5,ER (5),ABA-PC,26,26.0,2051.0,2.6,0.5333333333333333,3.0714285714285716,0.4740259736653533,2.6,0.0,5.0,0.5333333333333333,0.8,0.4,3.0714285714285716,0.0,6.0,0.4740259736653533,1.0,0.0,5.0,42.0,0.9480519480519481,1.0,0.9090909090909091,0.4740259740259741,1.0,0.0,0.9818181818181818,1.0,0.9090909090909091,0.4666666666666666,1.0,0.0,1.0,1.0,1.4619239349849522,0.0,results/paper_aaai2027/frozen/results/final_mcs_experiments_er_sf_sparse_alpha001_noweight_50rep/wc_sweep_5_2026_er_sparse_alpha001_noweight_seed2026_2075_20260715_175814/summary.json,,,,,,5.0,42.0,,retained CI facts
er5,ER (5),ABA-PC,27,27.0,2052.0,1.5,0.67275,1.0,0.8590909088880551,1.5,0.0,3.0,0.67275,0.8,0.5455,1.0,0.0,2.0,0.8590909088880551,1.0,0.7272925615326924,2.0,4.0,0.9545454545454546,1.0,0.9090909090909091,0.8590909090909091,1.0,0.7272727272727272,0.9545454545454546,1.0,0.9090909090909091,0.7857142857142858,1.0,0.5714285714285715,1.0,1.0,0.9475965616293252,0.0,results/paper_aaai2027/frozen/results/final_mcs_experiments_er_sf_sparse_alpha001_noweight_50rep/wc_sweep_5_2026_er_sparse_alpha001_noweight_seed2026_2075_20260715_175814/summary.json,,,,,,2.0,4.0,,retained CI facts
er5,ER (5),ABA-PC,28,28.0,2053.0,1.8,0.27636000000000005,3.0714285714285716,0.47402455691961376,1.8,0.0,4.0,0.27636000000000005,0.4,0.1818,3.0714285714285716,0.0,6.0,0.47402455691961376,1.0,0.0,5.0,42.0,0.9480519480519481,1.0,0.9090909090909091,0.4740259740259741,1.0,0.0,0.9818181818181818,1.0,0.9090909090909091,0.0,0.0,0.0,1.0,1.0,1.0010142191313207,0.0,results/paper_aaai2027/frozen/results/final_mcs_experiments_er_sf_sparse_alpha001_noweight_50rep/wc_sweep_5_2026_er_sparse_alpha001_noweight_seed2026_2075_20260715_175814/summary.json,,,,,,5.0,42.0,,retained CI facts
er5,ER (5),ABA-PC,29,29.0,2054.0,1.0,0.6,2.0,0.6000000000000001,1.0,1.0,1.0,0.6,0.6,0.6,2.0,1.0,3.0,0.6000000000000001,0.8000000000000002,0.4000000000000001,1.0,4.0,1.0,1.0,1.0,0.6000000000000001,0.8000000000000002,0.4000000000000001,1.0,1.0,1.0,0.8,0.8,0.8,0.0,0.0,0.9203481529839337,0.0,results/paper_aaai2027/frozen/results/final_mcs_experiments_er_sf_sparse_alpha001_noweight_50rep/wc_sweep_5_2026_er_sparse_alpha001_noweight_seed2026_2075_20260715_175814/summary.json,,,,,,1.0,4.0,,retained CI facts
er5,ER (5),ABA-PC,30,30.0,2055.0,4.5,0.4222,3.1666666666666665,0.5185185185185185,4.5,4.0,5.0,0.4222,0.4444,0.4,3.1666666666666665,2.0,4.0,0.5185185185185185,0.6666666666666665,0.4000000000000001,2.0,6.0,0.8296296296296298,0.888888888888889,0.8000000000000002,0.5185185185185185,0.6666666666666665,0.4000000000000001,0.8444444444444446,0.888888888888889,0.8000000000000002,0.0,0.0,0.0,0.0,0.0,0.9222641442902386,0.0,results/paper_aaai2027/frozen/results/final_mcs_experiments_er_sf_sparse_alpha001_noweight_50rep/wc_sweep_5_2026_er_sparse_alpha001_noweight_seed2026_2075_20260715_175814/summary.json,,,,,,2.0,6.0,,retained CI facts
er5,ER (5),ABA-PC,31,31.0,2056.0,0.5,0.7636499999999999,1.1666666666666667,0.8454545451840735,0.5,0.0,1.0,0.7636499999999999,0.8,0.7273,1.1666666666666667,0.0,2.0,0.8454545451840735,1.0,0.7272925615326924,2.0,6.0,0.9393939393939394,1.0,0.9090909090909091,0.8454545454545453,1.0,0.7272727272727272,0.9545454545454546,1.0,0.9090909090909091,1.0,1.0,1.0,1.0,1.0,0.9226820659823716,0.0,results/paper_aaai2027/frozen/results/final_mcs_experiments_er_sf_sparse_alpha001_noweight_50rep/wc_sweep_5_2026_er_sparse_alpha001_noweight_seed2026_2075_20260715_175814/summary.json,,,,,,2.0,6.0,,retained CI facts
er5,ER (5),ABA-PC,32,32.0,2057.0,5.0,0.5,5.666666666666667,0.22223842342815733,5.0,5.0,5.0,0.5,0.5,0.5,5.666666666666667,5.0,6.0,0.22223842342815733,0.3333236109085606,0.16669582968795568,1.0,3.0,0.8333333333333334,0.8333333333333333,0.8333333333333333,0.2222222222222222,0.3333333333333333,0.16666666666666666,0.8333333333333333,0.8333333333333333,0.8333333333333333,0.0,0.0,0.0,0.0,0.0,0.9369204761460423,0.0,results/paper_aaai2027/frozen/results/final_mcs_experiments_er_sf_sparse_alpha001_noweight_50rep/wc_sweep_5_2026_er_sparse_alpha001_noweight_seed2026_2075_20260715_175814/summary.json,,,,,,1.0,3.0,,retained CI facts
er5,ER (5),ABA-PC,33,33.0,2058.0,5.454545454545454,0.19419999999999998,5.882352941176471,0.13401328474978347,5.454545454545454,4.0,7.0,0.19419999999999998,0.3636,0.1538,5.882352941176471,4.0,8.0,0.13401328474978347,0.363616528024001,0.0,11.0,17.0,0.8331276566570684,1.0,0.6666666666666666,0.1340052104757987,0.3636363636363636,0.0,0.8137317228226318,1.0,0.6666666666666666,0.0,0.0,0.0,0.0,0.0,0.9654464670456946,0.0,results/paper_aaai2027/frozen/results/final_mcs_experiments_er_sf_sparse_alpha001_noweight_50rep/wc_sweep_5_2026_er_sparse_alpha001_noweight_seed2026_2075_20260715_175814/summary.json,,,,,,11.0,17.0,,retained CI facts
er5,ER (5),ABA-PC,34,34.0,2059.0,3.25,0.5242375,3.4130434782608696,0.45599472957851106,3.25,0.0,5.0,0.5242375,0.8,0.2,3.4130434782608696,0.0,6.0,0.45599472957851106,1.0,0.0,8.0,46.0,0.8907334211682038,1.0,0.6666666666666665,0.4559947299077734,1.0,0.0,0.8830808080808081,1.0,0.6666666666666665,0.20833333333333331,1.0,0.0,1.0,1.0,1.0081874439492822,0.0,results/paper_aaai2027/frozen/results/final_mcs_experiments_er_sf_sparse_alpha001_noweight_50rep/wc_sweep_5_2026_er_sparse_alpha001_noweight_seed2026_2075_20260715_175814/summary.json,,,,,,8.0,46.0,,retained CI facts
er5,ER (5),ABA-PC,35,35.0,2060.0,2.5,0.7636499999999999,2.1666666666666665,0.657582368995746,2.5,2.0,3.0,0.7636499999999999,0.8,0.7273,2.1666666666666665,1.0,3.0,0.657582368995746,0.8000000000000002,0.5454545454545454,2.0,6.0,0.9393939393939394,1.0,0.9090909090909091,0.6575757575757576,0.8000000000000002,0.5454545454545454,0.9545454545454546,1.0,0.9090909090909091,0.6666666666666666,0.6666666666666666,0.6666666666666666,0.0,0.0,0.9371647480875254,0.0,results/paper_aaai2027/frozen/results/final_mcs_experiments_er_sf_sparse_alpha001_noweight_50rep/wc_sweep_5_2026_er_sparse_alpha001_noweight_seed2026_2075_20260715_175814/summary.json,,,,,,2.0,6.0,,retained CI facts
er5,ER (5),ABA-PC,36,36.0,2061.0,2.8333333333333335,0.6050833333333333,2.8666666666666667,0.6781864590831584,2.8333333333333335,1.0,4.0,0.6050833333333333,0.7273,0.5455,2.8666666666666667,1.0,4.0,0.6781864590831584,0.9090710740195277,0.5454545454545454,6.0,15.0,0.7995959595959596,0.9090909090909091,0.7272727272727272,0.6781818181818181,0.9090909090909091,0.5454545454545454,0.7873737373737373,0.9090909090909091,0.7272727272727272,0.7182539682539683,0.8571428571428571,0.5,0.0,0.0,0.9511359757743776,0.0,results/paper_aaai2027/frozen/results/final_mcs_experiments_er_sf_sparse_alpha001_noweight_50rep/wc_sweep_5_2026_er_sparse_alpha001_noweight_seed2026_2075_20260715_175814/summary.json,,,,,,6.0,15.0,,retained CI facts
er5,ER (5),ABA-PC,37,37.0,2062.0,5.454545454545454,0.17074999999999999,5.882352941176471,0.13401328474978347,5.454545454545454,4.0,7.0,0.17074999999999999,0.1818,0.1538,5.882352941176471,4.0,8.0,0.13401328474978347,0.363616528024001,0.0,11.0,17.0,0.8331276566570684,1.0,0.6666666666666666,0.1340052104757987,0.3636363636363636,0.0,0.8137317228226318,1.0,0.6666666666666666,0.0,0.0,0.0,0.0,0.0,0.9747498980723321,0.0,results/paper_aaai2027/frozen/results/final_mcs_experiments_er_sf_sparse_alpha001_noweight_50rep/wc_sweep_5_2026_er_sparse_alpha001_noweight_seed2026_2075_20260715_175814/summary.json,,,,,,11.0,17.0,,retained CI facts
er5,ER (5),ABA-PC,38,38.0,2063.0,6.0,0.1818,7.0,0.181838014725934,6.0,6.0,6.0,0.1818,0.1818,0.1818,7.0,7.0,7.0,0.181838014725934,0.181838014725934,0.181838014725934,1.0,1.0,0.5454545454545454,0.5454545454545454,0.5454545454545454,0.1818181818181818,0.1818181818181818,0.1818181818181818,0.5454545454545454,0.5454545454545454,0.5454545454545454,0.0,0.0,0.0,0.0,0.0,0.9323823400773108,0.0,results/paper_aaai2027/frozen/results/final_mcs_experiments_er_sf_sparse_alpha001_noweight_50rep/wc_sweep_5_2026_er_sparse_alpha001_noweight_seed2026_2075_20260715_175814/summary.json,,,,,,1.0,1.0,,retained CI facts
er5,ER (5),ABA-PC,39,39.0,2064.0,7.857142857142857,0.16203888888888887,7.077922077922078,0.20217730000762787,7.857142857142857,7.0,9.0,0.16203888888888887,0.1818,0.1429,7.077922077922078,5.0,9.0,0.20217730000762787,0.363616528024001,0.0,28.0,77.0,0.6497614939173381,0.8333333333333333,0.3636363636363636,0.20217228658787098,0.3636363636363636,0.0,0.6527579563293848,0.8333333333333333,0.3636363636363636,0.0,0.0,0.0,0.0,0.0,1.1146752419881523,0.0,results/paper_aaai2027/frozen/results/final_mcs_experiments_er_sf_sparse_alpha001_noweight_50rep/wc_sweep_5_2026_er_sparse_alpha001_noweight_seed2026_2075_20260715_175814/summary.json,,,,,,28.0,77.0,,retained CI facts
er5,ER (5),ABA-PC,40,40.0,2065.0,3.0,0.3636,3.5,0.4545355367392732,3.0,3.0,3.0,0.3636,0.3636,0.3636,3.5,3.0,4.0,0.4545355367392732,0.5454545454545454,0.363616528024001,1.0,2.0,0.9090909090909091,0.9090909090909091,0.9090909090909091,0.4545454545454545,0.5454545454545454,0.3636363636363636,0.9090909090909091,0.9090909090909091,0.9090909090909091,0.5714285714285715,0.5714285714285715,0.5714285714285715,0.0,0.0,0.9312012819573283,0.0,results/paper_aaai2027/frozen/results/final_mcs_experiments_er_sf_sparse_alpha001_noweight_50rep/wc_sweep_5_2026_er_sparse_alpha001_noweight_seed2026_2075_20260715_175814/summary.json,,,,,,1.0,2.0,,retained CI facts
er5,ER (5),ABA-PC,41,41.0,2066.0,1.0,0.365125,2.5,0.6390151512442509,1.0,0.0,2.0,0.365125,0.4,0.3333,2.5,0.0,5.0,0.6390151512442509,1.0,0.3333236109085606,4.0,24.0,0.9128787878787877,1.0,0.8333333333333333,0.6390151515151515,1.0,0.3333333333333333,0.9128787878787878,1.0,0.8333333333333333,0.8166666666666667,1.0,0.6666666666666666,1.0,1.0,0.9832980721257627,0.0,results/paper_aaai2027/frozen/results/final_mcs_experiments_er_sf_sparse_alpha001_noweight_50rep/wc_sweep_5_2026_er_sparse_alpha001_noweight_seed2026_2075_20260715_175814/summary.json,,,,,,4.0,24.0,,retained CI facts
er5,ER (5),ABA-PC,42,42.0,2067.0,6.354166666666667,0.3167644444444444,6.018518518518518,0.3408969244649902,6.354166666666667,3.0,9.0,0.3167644444444444,0.5455,0.1538,6.018518518518518,2.0,9.0,0.3408969244649902,0.7272925615326924,0.0,48.0,162.0,0.6624877180432736,0.9090909090909091,0.3636363636363636,0.34089367422700756,0.7272727272727272,0.0,0.678366772116772,0.9090909090909091,0.3636363636363636,0.0,0.0,0.0,0.0,0.0,1.3102377951145172,0.0,results/paper_aaai2027/frozen/results/final_mcs_experiments_er_sf_sparse_alpha001_noweight_50rep/wc_sweep_5_2026_er_sparse_alpha001_noweight_seed2026_2075_20260715_175814/summary.json,,,,,,48.0,162.0,,retained CI facts
er5,ER (5),ABA-PC,43,43.0,2068.0,4.666666666666667,0.38863333333333333,4.369047619047619,0.3902062242647498,4.666666666666667,3.0,6.0,0.38863333333333333,0.8,0.2,4.369047619047619,1.0,7.0,0.3902062242647498,0.888888888888889,0.0,18.0,84.0,0.7471440596440596,0.888888888888889,0.6,0.3902056277056277,0.888888888888889,0.0,0.74503367003367,0.888888888888889,0.6,0.0380952380952381,0.4,0.0,0.0,0.0,1.0903340801596642,0.0,results/paper_aaai2027/frozen/results/final_mcs_experiments_er_sf_sparse_alpha001_noweight_50rep/wc_sweep_5_2026_er_sparse_alpha001_noweight_seed2026_2075_20260715_175814/summary.json,,,,,,18.0,84.0,,retained CI facts
er5,ER (5),ABA-PC,44,44.0,2069.0,4.0,0.38180000000000003,4.166666666666667,0.34242093603808027,4.0,4.0,4.0,0.38180000000000003,0.4,0.3636,4.166666666666667,3.0,5.0,0.34242093603808027,0.5454545454545454,0.181838014725934,2.0,6.0,0.8727272727272727,0.9090909090909091,0.8000000000000002,0.34242424242424246,0.5454545454545454,0.1818181818181818,0.8545454545454546,0.9090909090909091,0.8000000000000002,0.41666666666666663,0.5,0.3333333333333333,0.0,0.0,0.9546136260032654,0.0,results/paper_aaai2027/frozen/results/final_mcs_experiments_er_sf_sparse_alpha001_noweight_50rep/wc_sweep_5_2026_er_sparse_alpha001_noweight_seed2026_2075_20260715_175814/summary.json,,,,,,2.0,6.0,,retained CI facts
er5,ER (5),ABA-PC,45,45.0,2070.0,2.6666666666666665,0.7626333333333334,2.6,0.6909130184931448,2.6666666666666665,2.0,3.0,0.7626333333333334,0.9091,0.5455,2.6,1.0,4.0,0.6909130184931448,0.9090710740195277,0.5000194439043361,3.0,10.0,0.8636363636363636,0.9090909090909091,0.8333333333333333,0.6909090909090908,0.9090909090909091,0.5,0.8838383838383838,0.9090909090909091,0.8333333333333333,0.611111111111111,0.6666666666666666,0.5,0.0,0.0,0.9478741800412536,0.0,results/paper_aaai2027/frozen/results/final_mcs_experiments_er_sf_sparse_alpha001_noweight_50rep/wc_sweep_5_2026_er_sparse_alpha001_noweight_seed2026_2075_20260715_175814/summary.json,,,,,,3.0,10.0,,retained CI facts
er5,ER (5),ABA-PC,46,46.0,2071.0,4.5,0.4487333333333334,2.0952380952380953,0.7694121286763721,4.5,0.0,7.0,0.4487333333333334,1.0,0.1667,2.0952380952380953,0.0,3.0,0.7694121286763721,1.0,0.6,12.0,21.0,0.8343434343434344,1.0,0.7272727272727272,0.7694083694083693,1.0,0.6,0.8133838383838384,1.0,0.7272727272727272,0.38888888888888884,1.0,0.0,1.0,1.0,0.9665292757563293,0.0,results/paper_aaai2027/frozen/results/final_mcs_experiments_er_sf_sparse_alpha001_noweight_50rep/wc_sweep_5_2026_er_sparse_alpha001_noweight_seed2026_2075_20260715_175814/summary.json,,,,,,12.0,21.0,,retained CI facts
er5,ER (5),ABA-PC,47,47.0,2072.0,1.5,0.63335,2.1666666666666665,0.725925925925926,1.5,1.0,2.0,0.63335,0.6667,0.6,2.1666666666666665,1.0,3.0,0.725925925925926,0.888888888888889,0.6,2.0,6.0,0.8296296296296298,0.888888888888889,0.8000000000000002,0.725925925925926,0.888888888888889,0.6,0.8444444444444446,0.888888888888889,0.8000000000000002,1.0,1.0,1.0,0.0,0.0,0.9548852820880711,0.0,results/paper_aaai2027/frozen/results/final_mcs_experiments_er_sf_sparse_alpha001_noweight_50rep/wc_sweep_5_2026_er_sparse_alpha001_noweight_seed2026_2075_20260715_175814/summary.json,,,,,,2.0,6.0,,retained CI facts
er5,ER (5),ABA-PC,48,48.0,2073.0,2.8260869565217392,0.557986956521739,3.125,0.684649605055772,2.8260869565217392,0.0,5.0,0.557986956521739,0.8,0.3333,3.125,0.0,6.0,0.684649605055772,1.0,0.363616528024001,23.0,48.0,0.7723096348096347,1.0,0.5454545454545454,0.6846493783993783,1.0,0.3636363636363636,0.772443498530455,1.0,0.5454545454545454,0.7442028985507246,1.0,0.5714285714285715,1.0,1.0,1.0445724809542298,0.0,results/paper_aaai2027/frozen/results/final_mcs_experiments_er_sf_sparse_alpha001_noweight_50rep/wc_sweep_5_2026_er_sparse_alpha001_noweight_seed2026_2075_20260715_175814/summary.json,,,,,,23.0,48.0,,retained CI facts
er5,ER (5),ABA-PC,49,49.0,2074.0,5.0,0.7273,3.75,0.4090909084147565,5.0,5.0,5.0,0.7273,0.7273,0.7273,3.75,3.0,5.0,0.4090909084147565,0.5454545454545454,0.181838014725934,1.0,4.0,0.9090909090909091,0.9090909090909091,0.9090909090909091,0.40909090909090906,0.5454545454545454,0.1818181818181818,0.9090909090909091,0.9090909090909091,0.9090909090909091,0.0,0.0,0.0,0.0,0.0,0.9348101592622697,0.0,results/paper_aaai2027/frozen/results/final_mcs_experiments_er_sf_sparse_alpha001_noweight_50rep/wc_sweep_5_2026_er_sparse_alpha001_noweight_seed2026_2075_20260715_175814/summary.json,,,,,,1.0,4.0,,retained CI facts
er5,ER (5),ABA-PC,50,50.0,2075.0,0.0,1.0,1.0,0.8,0.0,0.0,0.0,1.0,1.0,1.0,1.0,0.0,2.0,0.8,1.0,0.6,1.0,4.0,1.0,1.0,1.0,0.8,1.0,0.6,1.0,1.0,1.0,1.0,1.0,1.0,1.0,1.0,0.92828439315781,0.0,results/paper_aaai2027/frozen/results/final_mcs_experiments_er_sf_sparse_alpha001_noweight_50rep/wc_sweep_5_2026_er_sparse_alpha001_noweight_seed2026_2075_20260715_175814/summary.json,,,,,,1.0,4.0,,retained CI facts
er5,ER (5),OptABA-PC,1,1.0,2026.0,0.0,0.8,1.0,0.8,0.0,0.0,0.0,0.8,0.8,0.8,1.0,0.0,2.0,0.8,1.0,0.6,1.0,4.0,1.0,1.0,1.0,0.8,1.0,0.6,1.0,1.0,1.0,1.0,1.0,1.0,1.0,1.0,0.8476935825310647,0.0,results/paper_aaai2027/frozen/results/final_mcs_experiments_er_sf_sparse_alpha001_noweight_50rep/wc_sweep_5_2026_er_sparse_alpha001_noweight_seed2026_2075_20260715_175814/summary.json,,,,,,1.0,4.0,,retained CI facts
er5,ER (5),OptABA-PC,2,2.0,2027.0,5.0,0.3333,5.25,0.29167517248878316,5.0,5.0,5.0,0.3333,0.3333,0.3333,5.25,4.0,7.0,0.29167517248878316,0.5000194439043361,0.0,1.0,8.0,0.8333333333333333,0.8333333333333333,0.8333333333333333,0.29166666666666663,0.5,0.0,0.8333333333333333,0.8333333333333333,0.8333333333333333,0.0,0.0,0.0,0.0,0.0,0.8825374892912805,0.0,results/paper_aaai2027/frozen/results/final_mcs_experiments_er_sf_sparse_alpha001_noweight_50rep/wc_sweep_5_2026_er_sparse_alpha001_noweight_seed2026_2075_20260715_175814/summary.json,,,,,,1.0,8.0,,retained CI facts
er5,ER (5),OptABA-PC,3,3.0,2028.0,2.3333333333333335,0.4989666666666667,3.590909090909091,0.4876037113974243,2.3333333333333335,0.0,4.0,0.4989666666666667,0.8,0.3333,3.590909090909091,0.0,6.0,0.4876037113974243,1.0,0.16669582968795568,3.0,22.0,0.8856749311294766,1.0,0.8333333333333333,0.48760330578512395,1.0,0.16666666666666666,0.914141414141414,1.0,0.8333333333333333,0.3333333333333333,1.0,0.0,1.0,1.0,0.9088561069220304,0.0,results/paper_aaai2027/frozen/results/final_mcs_experiments_er_sf_sparse_alpha001_noweight_50rep/wc_sweep_5_2026_er_sparse_alpha001_noweight_seed2026_2075_20260715_175814/summary.json,,,,,,3.0,22.0,,retained CI facts
er5,ER (5),OptABA-PC,4,4.0,2029.0,5.5,0.17425,5.5,0.22159581760279004,5.5,5.0,6.0,0.17425,0.1818,0.1667,5.5,4.0,7.0,0.22159581760279004,0.363616528024001,0.0,4.0,8.0,0.7992424242424242,0.9090909090909091,0.7272727272727272,0.22159090909090906,0.3636363636363636,0.0,0.7992424242424242,0.9090909090909091,0.7272727272727272,0.0,0.0,0.0,0.0,0.0,0.8967578150331974,0.0,results/paper_aaai2027/frozen/results/final_mcs_experiments_er_sf_sparse_alpha001_noweight_50rep/wc_sweep_5_2026_er_sparse_alpha001_noweight_seed2026_2075_20260715_175814/summary.json,,,,,,4.0,8.0,,retained CI facts
er5,ER (5),OptABA-PC,5,5.0,2030.0,3.0,0.5455,3.5,0.4545454538692866,3.0,3.0,3.0,0.5455,0.5455,0.5455,3.5,2.0,5.0,0.4545454538692866,0.7272925615326924,0.181838014725934,1.0,6.0,0.9090909090909091,0.9090909090909091,0.9090909090909091,0.45454545454545453,0.7272727272727272,0.1818181818181818,0.9090909090909091,0.9090909090909091,0.9090909090909091,0.0,0.0,0.0,0.0,0.0,0.8642383050173521,0.0,results/paper_aaai2027/frozen/results/final_mcs_experiments_er_sf_sparse_alpha001_noweight_50rep/wc_sweep_5_2026_er_sparse_alpha001_noweight_seed2026_2075_20260715_175814/summary.json,,,,,,1.0,6.0,,retained CI facts
er5,ER (5),OptABA-PC,6,6.0,2031.0,2.0,0.4,2.0,0.6,2.0,2.0,2.0,0.4,0.4,0.4,2.0,2.0,2.0,0.6,0.6,0.6,1.0,1.0,1.0,1.0,1.0,0.6,0.6,0.6,1.0,1.0,1.0,0.0,0.0,0.0,0.0,0.0,0.8655427433550358,0.0,results/paper_aaai2027/frozen/results/final_mcs_experiments_er_sf_sparse_alpha001_noweight_50rep/wc_sweep_5_2026_er_sparse_alpha001_noweight_seed2026_2075_20260715_175814/summary.json,,,,,,1.0,1.0,,retained CI facts
er5,ER (5),OptABA-PC,7,7.0,2032.0,5.0,0.6667,3.5,0.5833333328607286,5.0,5.0,5.0,0.6667,0.6667,0.6667,3.5,3.0,4.0,0.5833333328607286,0.6666472218171212,0.5000194439043361,1.0,2.0,0.8333333333333333,0.8333333333333333,0.8333333333333333,0.5833333333333333,0.6666666666666666,0.5,0.8333333333333333,0.8333333333333333,0.8333333333333333,0.0,0.0,0.0,0.0,0.0,0.8628684161230922,0.0,results/paper_aaai2027/frozen/results/final_mcs_experiments_er_sf_sparse_alpha001_noweight_50rep/wc_sweep_5_2026_er_sparse_alpha001_noweight_seed2026_2075_20260715_175814/summary.json,,,,,,1.0,2.0,,retained CI facts
er5,ER (5),OptABA-PC,8,8.0,2033.0,0.5,0.95455,1.1666666666666667,0.8454545451840735,0.5,0.0,1.0,0.95455,1.0,0.9091,1.1666666666666667,0.0,2.0,0.8454545451840735,1.0,0.7272925615326924,2.0,6.0,0.9393939393939394,1.0,0.9090909090909091,0.8454545454545453,1.0,0.7272727272727272,0.9545454545454546,1.0,0.9090909090909091,1.0,1.0,1.0,1.0,1.0,0.8605965622700751,0.0,results/paper_aaai2027/frozen/results/final_mcs_experiments_er_sf_sparse_alpha001_noweight_50rep/wc_sweep_5_2026_er_sparse_alpha001_noweight_seed2026_2075_20260715_175814/summary.json,,,,,,2.0,6.0,,retained CI facts
er5,ER (5),OptABA-PC,9,9.0,2034.0,1.0,0.57275,1.5,0.784851790423243,1.0,0.0,2.0,0.57275,0.6,0.5455,1.5,0.0,3.0,0.784851790423243,1.0,0.5454545454545454,2.0,6.0,0.9393939393939394,1.0,0.9090909090909091,0.7848484848484848,1.0,0.5454545454545454,0.9545454545454546,1.0,0.9090909090909091,0.8333333333333333,1.0,0.6666666666666666,1.0,1.0,0.8629139261320233,0.0,results/paper_aaai2027/frozen/results/final_mcs_experiments_er_sf_sparse_alpha001_noweight_50rep/wc_sweep_5_2026_er_sparse_alpha001_noweight_seed2026_2075_20260715_175814/summary.json,,,,,,2.0,6.0,,retained CI facts
er5,ER (5),OptABA-PC,10,10.0,2035.0,3.25,0.4409,2.5454545454545454,0.5801652891332532,3.25,2.0,4.0,0.4409,0.6,0.3636,2.5454545454545454,1.0,4.0,0.5801652891332532,0.8000000000000002,0.363616528024001,4.0,11.0,0.9305785123966942,1.0,0.8000000000000002,0.5801652892561984,0.8000000000000002,0.3636363636363636,0.9272727272727272,1.0,0.8000000000000002,0.5843253968253969,0.7499999999999999,0.4444444444444445,0.0,0.0,0.8903181916102767,0.0,results/paper_aaai2027/frozen/results/final_mcs_experiments_er_sf_sparse_alpha001_noweight_50rep/wc_sweep_5_2026_er_sparse_alpha001_noweight_seed2026_2075_20260715_175814/summary.json,,,,,,4.0,11.0,,retained CI facts
er5,ER (5),OptABA-PC,11,11.0,2036.0,2.5,0.697,3.2857142857142856,0.5692724579959875,2.5,2.0,3.0,0.697,0.7273,0.6667,3.2857142857142856,2.0,4.0,0.5692724579959875,0.7272925615326924,0.5000194439043361,2.0,7.0,0.8658008658008658,0.9090909090909091,0.8333333333333333,0.5692640692640693,0.7272727272727272,0.5,0.8712121212121211,0.9090909090909091,0.8333333333333333,0.8571428571428571,0.8571428571428571,0.8571428571428571,0.0,0.0,0.9239476751536131,0.0,results/paper_aaai2027/frozen/results/final_mcs_experiments_er_sf_sparse_alpha001_noweight_50rep/wc_sweep_5_2026_er_sparse_alpha001_noweight_seed2026_2075_20260715_175814/summary.json,,,,,,2.0,7.0,,retained CI facts
er5,ER (5),OptABA-PC,12,12.0,2037.0,2.3,0.59578,2.8823529411764706,0.6417123849114686,2.3,0.0,4.0,0.59578,0.8,0.4,2.8823529411764706,0.0,5.0,0.6417123849114686,1.0,0.363616528024001,10.0,34.0,0.8358288770053476,1.0,0.7272727272727272,0.641711229946524,1.0,0.3636363636363636,0.8615151515151516,1.0,0.7272727272727272,0.7464285714285713,1.0,0.5,1.0,1.0,0.9359082281589508,0.0,results/paper_aaai2027/frozen/results/final_mcs_experiments_er_sf_sparse_alpha001_noweight_50rep/wc_sweep_5_2026_er_sparse_alpha001_noweight_seed2026_2075_20260715_175814/summary.json,,,,,,10.0,34.0,,retained CI facts
er5,ER (5),OptABA-PC,13,13.0,2038.0,0.0,1.0,0.5,0.9000000000000001,0.0,0.0,0.0,1.0,1.0,1.0,0.5,0.0,1.0,0.9000000000000001,1.0,0.8000000000000002,1.0,2.0,1.0,1.0,1.0,0.9000000000000001,1.0,0.8000000000000002,1.0,1.0,1.0,1.0,1.0,1.0,1.0,1.0,0.8801134810782969,0.0,results/paper_aaai2027/frozen/results/final_mcs_experiments_er_sf_sparse_alpha001_noweight_50rep/wc_sweep_5_2026_er_sparse_alpha001_noweight_seed2026_2075_20260715_175814/summary.json,,,,,,1.0,2.0,,retained CI facts
er5,ER (5),OptABA-PC,14,14.0,2039.0,0.0,0.6,1.5,0.7000000000000001,0.0,0.0,0.0,0.6,0.6,0.6,1.5,0.0,3.0,0.7000000000000001,1.0,0.4000000000000001,1.0,6.0,1.0,1.0,1.0,0.7000000000000001,1.0,0.4000000000000001,1.0,1.0,1.0,1.0,1.0,1.0,1.0,1.0,0.8703022915869951,0.0,results/paper_aaai2027/frozen/results/final_mcs_experiments_er_sf_sparse_alpha001_noweight_50rep/wc_sweep_5_2026_er_sparse_alpha001_noweight_seed2026_2075_20260715_175814/summary.json,,,,,,1.0,6.0,,retained CI facts
er5,ER (5),OptABA-PC,15,15.0,2040.0,2.0,0.2,2.5,0.5,2.0,2.0,2.0,0.2,0.2,0.2,2.5,2.0,3.0,0.5,0.6,0.4000000000000001,1.0,2.0,1.0,1.0,1.0,0.5,0.6,0.4000000000000001,1.0,1.0,1.0,0.0,0.0,0.0,0.0,0.0,0.8711634441278875,0.0,results/paper_aaai2027/frozen/results/final_mcs_experiments_er_sf_sparse_alpha001_noweight_50rep/wc_sweep_5_2026_er_sparse_alpha001_noweight_seed2026_2075_20260715_175814/summary.json,,,,,,1.0,2.0,,retained CI facts
er5,ER (5),OptABA-PC,16,16.0,2041.0,0.0,1.0,1.0,0.8000000000000002,0.0,0.0,0.0,1.0,1.0,1.0,1.0,0.0,2.0,0.8000000000000002,1.0,0.6,1.0,3.0,1.0,1.0,1.0,0.8000000000000002,1.0,0.6,1.0,1.0,1.0,1.0,1.0,1.0,1.0,1.0,0.863002710044384,0.0,results/paper_aaai2027/frozen/results/final_mcs_experiments_er_sf_sparse_alpha001_noweight_50rep/wc_sweep_5_2026_er_sparse_alpha001_noweight_seed2026_2075_20260715_175814/summary.json,,,,,,1.0,3.0,,retained CI facts
er5,ER (5),OptABA-PC,17,17.0,2042.0,3.0,0.5,3.6666666666666665,0.555562036541931,3.0,3.0,3.0,0.5,0.5,0.5,3.6666666666666665,3.0,4.0,0.555562036541931,0.6666472218171212,0.5000194439043361,1.0,3.0,0.8333333333333334,0.8333333333333333,0.8333333333333333,0.5555555555555555,0.6666666666666666,0.5,0.8333333333333333,0.8333333333333333,0.8333333333333333,0.0,0.0,0.0,0.0,0.0,0.870320790912956,0.0,results/paper_aaai2027/frozen/results/final_mcs_experiments_er_sf_sparse_alpha001_noweight_50rep/wc_sweep_5_2026_er_sparse_alpha001_noweight_seed2026_2075_20260715_175814/summary.json,,,,,,1.0,3.0,,retained CI facts
er5,ER (5),OptABA-PC,18,18.0,2043.0,2.6,0.68304,3.176470588235294,0.6224622032325839,2.6,1.0,4.0,0.68304,0.9091,0.4,3.176470588235294,1.0,5.0,0.6224622032325839,0.9090710740195277,0.363616528024001,5.0,17.0,0.8117647058823528,0.9090909090909091,0.7272727272727272,0.6224598930481282,0.9090909090909091,0.3636363636363636,0.8357575757575757,0.9090909090909091,0.7272727272727272,0.7095238095238094,0.8571428571428571,0.5,0.0,0.0,0.9213224910199642,0.0,results/paper_aaai2027/frozen/results/final_mcs_experiments_er_sf_sparse_alpha001_noweight_50rep/wc_sweep_5_2026_er_sparse_alpha001_noweight_seed2026_2075_20260715_175814/summary.json,,,,,,5.0,17.0,,retained CI facts
er5,ER (5),OptABA-PC,19,19.0,2044.0,0.0,0.8,1.0,0.8000000000000002,0.0,0.0,0.0,0.8,0.8,0.8,1.0,0.0,2.0,0.8000000000000002,1.0,0.6,1.0,3.0,1.0,1.0,1.0,0.8000000000000002,1.0,0.6,1.0,1.0,1.0,1.0,1.0,1.0,1.0,1.0,0.8591980556957424,0.0,results/paper_aaai2027/frozen/results/final_mcs_experiments_er_sf_sparse_alpha001_noweight_50rep/wc_sweep_5_2026_er_sparse_alpha001_noweight_seed2026_2075_20260715_175814/summary.json,,,,,,1.0,3.0,,retained CI facts
er5,ER (5),OptABA-PC,20,20.0,2045.0,1.0,0.66365,1.5,0.784851790423243,1.0,0.0,2.0,0.66365,0.7273,0.6,1.5,0.0,3.0,0.784851790423243,1.0,0.5454545454545454,2.0,6.0,0.9393939393939394,1.0,0.9090909090909091,0.7848484848484848,1.0,0.5454545454545454,0.9545454545454546,1.0,0.9090909090909091,0.8333333333333333,1.0,0.6666666666666666,1.0,1.0,0.9010378522798419,0.0,results/paper_aaai2027/frozen/results/final_mcs_experiments_er_sf_sparse_alpha001_noweight_50rep/wc_sweep_5_2026_er_sparse_alpha001_noweight_seed2026_2075_20260715_175814/summary.json,,,,,,2.0,6.0,,retained CI facts
er5,ER (5),OptABA-PC,21,21.0,2046.0,0.0,0.6,1.5,0.7000000000000001,0.0,0.0,0.0,0.6,0.6,0.6,1.5,0.0,3.0,0.7000000000000001,1.0,0.4000000000000001,1.0,6.0,1.0,1.0,1.0,0.7000000000000001,1.0,0.4000000000000001,1.0,1.0,1.0,1.0,1.0,1.0,1.0,1.0,0.8990793419070542,0.0,results/paper_aaai2027/frozen/results/final_mcs_experiments_er_sf_sparse_alpha001_noweight_50rep/wc_sweep_5_2026_er_sparse_alpha001_noweight_seed2026_2075_20260715_175814/summary.json,,,,,,1.0,6.0,,retained CI facts
er5,ER (5),OptABA-PC,22,22.0,2047.0,1.8,0.47272,3.0714285714285716,0.47402455691961376,1.8,0.0,4.0,0.47272,0.6,0.3636,3.0714285714285716,0.0,6.0,0.47402455691961376,1.0,0.0,5.0,42.0,0.9480519480519481,1.0,0.9090909090909091,0.4740259740259741,1.0,0.0,0.9818181818181818,1.0,0.9090909090909091,0.0,0.0,0.0,1.0,1.0,0.9332455983385444,0.0,results/paper_aaai2027/frozen/results/final_mcs_experiments_er_sf_sparse_alpha001_noweight_50rep/wc_sweep_5_2026_er_sparse_alpha001_noweight_seed2026_2075_20260715_175814/summary.json,,,,,,5.0,42.0,,retained CI facts
er5,ER (5),OptABA-PC,23,23.0,2048.0,1.5,0.84445,2.1666666666666665,0.725925925925926,1.5,1.0,2.0,0.84445,0.8889,0.8,2.1666666666666665,1.0,3.0,0.725925925925926,0.888888888888889,0.6,2.0,6.0,0.8296296296296298,0.888888888888889,0.8000000000000002,0.725925925925926,0.888888888888889,0.6,0.8444444444444446,0.888888888888889,0.8000000000000002,1.0,1.0,1.0,0.0,0.0,0.8578537083230913,0.0,results/paper_aaai2027/frozen/results/final_mcs_experiments_er_sf_sparse_alpha001_noweight_50rep/wc_sweep_5_2026_er_sparse_alpha001_noweight_seed2026_2075_20260715_175814/summary.json,,,,,,2.0,6.0,,retained CI facts
er5,ER (5),OptABA-PC,24,24.0,2049.0,3.5,0.57275,3.6666666666666665,0.4276006551998017,3.5,2.0,5.0,0.57275,0.6,0.5455,3.6666666666666665,2.0,5.0,0.4276006551998017,0.6,0.3333236109085606,4.0,9.0,0.9124579124579123,1.0,0.8333333333333333,0.42760942760942755,0.6,0.3333333333333333,0.9128787878787878,1.0,0.8333333333333333,0.3333333333333333,0.6666666666666666,0.0,0.0,0.0,0.8906673430465162,0.0,results/paper_aaai2027/frozen/results/final_mcs_experiments_er_sf_sparse_alpha001_noweight_50rep/wc_sweep_5_2026_er_sparse_alpha001_noweight_seed2026_2075_20260715_175814/summary.json,,,,,,4.0,9.0,,retained CI facts
er5,ER (5),OptABA-PC,25,25.0,2050.0,0.0,0.6,1.0,0.8,0.0,0.0,0.0,0.6,0.6,0.6,1.0,0.0,2.0,0.8,1.0,0.6,1.0,4.0,1.0,1.0,1.0,0.8,1.0,0.6,1.0,1.0,1.0,1.0,1.0,1.0,1.0,1.0,0.9894236288964748,0.0,results/paper_aaai2027/frozen/results/final_mcs_experiments_er_sf_sparse_alpha001_noweight_50rep/wc_sweep_5_2026_er_sparse_alpha001_noweight_seed2026_2075_20260715_175814/summary.json,,,,,,1.0,4.0,,retained CI facts
er5,ER (5),OptABA-PC,26,26.0,2051.0,2.6,0.5333333333333333,3.0714285714285716,0.4740259736653533,2.6,0.0,5.0,0.5333333333333333,0.8,0.4,3.0714285714285716,0.0,6.0,0.4740259736653533,1.0,0.0,5.0,42.0,0.9480519480519481,1.0,0.9090909090909091,0.4740259740259741,1.0,0.0,0.9818181818181818,1.0,0.9090909090909091,0.4666666666666666,1.0,0.0,1.0,1.0,1.3978655003011227,0.0,results/paper_aaai2027/frozen/results/final_mcs_experiments_er_sf_sparse_alpha001_noweight_50rep/wc_sweep_5_2026_er_sparse_alpha001_noweight_seed2026_2075_20260715_175814/summary.json,,,,,,5.0,42.0,,retained CI facts
er5,ER (5),OptABA-PC,27,27.0,2052.0,1.5,0.67275,1.0,0.8590909088880551,1.5,0.0,3.0,0.67275,0.8,0.5455,1.0,0.0,2.0,0.8590909088880551,1.0,0.7272925615326924,2.0,4.0,0.9545454545454546,1.0,0.9090909090909091,0.8590909090909091,1.0,0.7272727272727272,0.9545454545454546,1.0,0.9090909090909091,0.7857142857142858,1.0,0.5714285714285715,1.0,1.0,0.8783023809082806,0.0,results/paper_aaai2027/frozen/results/final_mcs_experiments_er_sf_sparse_alpha001_noweight_50rep/wc_sweep_5_2026_er_sparse_alpha001_noweight_seed2026_2075_20260715_175814/summary.json,,,,,,2.0,4.0,,retained CI facts
er5,ER (5),OptABA-PC,28,28.0,2053.0,1.8,0.27636000000000005,3.0714285714285716,0.47402455691961376,1.8,0.0,4.0,0.27636000000000005,0.4,0.1818,3.0714285714285716,0.0,6.0,0.47402455691961376,1.0,0.0,5.0,42.0,0.9480519480519481,1.0,0.9090909090909091,0.4740259740259741,1.0,0.0,0.9818181818181818,1.0,0.9090909090909091,0.0,0.0,0.0,1.0,1.0,0.9397682161070406,0.0,results/paper_aaai2027/frozen/results/final_mcs_experiments_er_sf_sparse_alpha001_noweight_50rep/wc_sweep_5_2026_er_sparse_alpha001_noweight_seed2026_2075_20260715_175814/summary.json,,,,,,5.0,42.0,,retained CI facts
er5,ER (5),OptABA-PC,29,29.0,2054.0,1.0,0.6,2.0,0.6000000000000001,1.0,1.0,1.0,0.6,0.6,0.6,2.0,1.0,3.0,0.6000000000000001,0.8000000000000002,0.4000000000000001,1.0,4.0,1.0,1.0,1.0,0.6000000000000001,0.8000000000000002,0.4000000000000001,1.0,1.0,1.0,0.8,0.8,0.8,0.0,0.0,0.861352990847081,0.0,results/paper_aaai2027/frozen/results/final_mcs_experiments_er_sf_sparse_alpha001_noweight_50rep/wc_sweep_5_2026_er_sparse_alpha001_noweight_seed2026_2075_20260715_175814/summary.json,,,,,,1.0,4.0,,retained CI facts
er5,ER (5),OptABA-PC,30,30.0,2055.0,4.5,0.4222,3.1666666666666665,0.5185185185185185,4.5,4.0,5.0,0.4222,0.4444,0.4,3.1666666666666665,2.0,4.0,0.5185185185185185,0.6666666666666665,0.4000000000000001,2.0,6.0,0.8296296296296298,0.888888888888889,0.8000000000000002,0.5185185185185185,0.6666666666666665,0.4000000000000001,0.8444444444444446,0.888888888888889,0.8000000000000002,0.0,0.0,0.0,0.0,0.0,0.8892173138447106,0.0,results/paper_aaai2027/frozen/results/final_mcs_experiments_er_sf_sparse_alpha001_noweight_50rep/wc_sweep_5_2026_er_sparse_alpha001_noweight_seed2026_2075_20260715_175814/summary.json,,,,,,2.0,6.0,,retained CI facts
er5,ER (5),OptABA-PC,31,31.0,2056.0,0.5,0.7636499999999999,1.1666666666666667,0.8454545451840735,0.5,0.0,1.0,0.7636499999999999,0.8,0.7273,1.1666666666666667,0.0,2.0,0.8454545451840735,1.0,0.7272925615326924,2.0,6.0,0.9393939393939394,1.0,0.9090909090909091,0.8454545454545453,1.0,0.7272727272727272,0.9545454545454546,1.0,0.9090909090909091,1.0,1.0,1.0,1.0,1.0,0.861988895572722,0.0,results/paper_aaai2027/frozen/results/final_mcs_experiments_er_sf_sparse_alpha001_noweight_50rep/wc_sweep_5_2026_er_sparse_alpha001_noweight_seed2026_2075_20260715_175814/summary.json,,,,,,2.0,6.0,,retained CI facts
er5,ER (5),OptABA-PC,32,32.0,2057.0,5.0,0.5455,5.25,0.3181867757326036,5.0,5.0,5.0,0.5455,0.5455,0.5455,5.25,4.0,6.0,0.3181867757326036,0.5454545454545454,0.181838014725934,1.0,4.0,0.7272727272727272,0.7272727272727272,0.7272727272727272,0.3181818181818181,0.5454545454545454,0.1818181818181818,0.7272727272727272,0.7272727272727272,0.7272727272727272,0.0,0.0,0.0,0.0,0.0,0.8815199248492718,0.0,results/paper_aaai2027/frozen/results/final_mcs_experiments_er_sf_sparse_alpha001_noweight_50rep/wc_sweep_5_2026_er_sparse_alpha001_noweight_seed2026_2075_20260715_175814/summary.json,,,,,,1.0,4.0,,retained CI facts
er5,ER (5),OptABA-PC,33,33.0,2058.0,4.833333333333333,0.5560833333333334,4.1,0.3618210780819574,4.833333333333333,2.0,7.0,0.5560833333333334,0.6,0.5,4.1,2.0,6.0,0.3618210780819574,0.6,0.16669582968795568,6.0,20.0,0.9045454545454545,1.0,0.8333333333333333,0.3618181818181818,0.6,0.16666666666666666,0.9267676767676768,1.0,0.8333333333333333,0.1785714285714286,0.5714285714285715,0.0,0.0,0.0,0.9193792399019003,0.0,results/paper_aaai2027/frozen/results/final_mcs_experiments_er_sf_sparse_alpha001_noweight_50rep/wc_sweep_5_2026_er_sparse_alpha001_noweight_seed2026_2075_20260715_175814/summary.json,,,,,,6.0,20.0,,retained CI facts
er5,ER (5),OptABA-PC,34,34.0,2059.0,3.25,0.5242375,3.4130434782608696,0.45599472957851106,3.25,0.0,5.0,0.5242375,0.8,0.2,3.4130434782608696,0.0,6.0,0.45599472957851106,1.0,0.0,8.0,46.0,0.8907334211682038,1.0,0.6666666666666665,0.4559947299077734,1.0,0.0,0.8830808080808081,1.0,0.6666666666666665,0.20833333333333331,1.0,0.0,1.0,1.0,0.9471975490450859,0.0,results/paper_aaai2027/frozen/results/final_mcs_experiments_er_sf_sparse_alpha001_noweight_50rep/wc_sweep_5_2026_er_sparse_alpha001_noweight_seed2026_2075_20260715_175814/summary.json,,,,,,8.0,46.0,,retained CI facts
er5,ER (5),OptABA-PC,35,35.0,2060.0,2.5,0.7636499999999999,2.1666666666666665,0.657582368995746,2.5,2.0,3.0,0.7636499999999999,0.8,0.7273,2.1666666666666665,1.0,3.0,0.657582368995746,0.8000000000000002,0.5454545454545454,2.0,6.0,0.9393939393939394,1.0,0.9090909090909091,0.6575757575757576,0.8000000000000002,0.5454545454545454,0.9545454545454546,1.0,0.9090909090909091,0.6666666666666666,0.6666666666666666,0.6666666666666666,0.0,0.0,0.8735533910803497,0.0,results/paper_aaai2027/frozen/results/final_mcs_experiments_er_sf_sparse_alpha001_noweight_50rep/wc_sweep_5_2026_er_sparse_alpha001_noweight_seed2026_2075_20260715_175814/summary.json,,,,,,2.0,6.0,,retained CI facts
er5,ER (5),OptABA-PC,36,36.0,2061.0,1.5,0.66365,2.1666666666666665,0.7181851237565763,1.5,1.0,2.0,0.66365,0.7273,0.6,2.1666666666666665,1.0,3.0,0.7181851237565763,0.9090710740195277,0.5454545454545454,2.0,6.0,0.8727272727272727,0.9090909090909091,0.8000000000000002,0.7181818181818181,0.9090909090909091,0.5454545454545454,0.8545454545454546,0.9090909090909091,0.8000000000000002,0.8571428571428571,0.8571428571428571,0.8571428571428571,0.0,0.0,0.904034751933068,0.0,results/paper_aaai2027/frozen/results/final_mcs_experiments_er_sf_sparse_alpha001_noweight_50rep/wc_sweep_5_2026_er_sparse_alpha001_noweight_seed2026_2075_20260715_175814/summary.json,,,,,,2.0,6.0,,retained CI facts
er5,ER (5),OptABA-PC,37,37.0,2062.0,5.454545454545454,0.17074999999999999,5.882352941176471,0.13401328474978347,5.454545454545454,4.0,7.0,0.17074999999999999,0.1818,0.1538,5.882352941176471,4.0,8.0,0.13401328474978347,0.363616528024001,0.0,11.0,17.0,0.8331276566570684,1.0,0.6666666666666666,0.1340052104757987,0.3636363636363636,0.0,0.8137317228226318,1.0,0.6666666666666666,0.0,0.0,0.0,0.0,0.0,0.9082214538939297,0.0,results/paper_aaai2027/frozen/results/final_mcs_experiments_er_sf_sparse_alpha001_noweight_50rep/wc_sweep_5_2026_er_sparse_alpha001_noweight_seed2026_2075_20260715_175814/summary.json,,,,,,11.0,17.0,,retained CI facts
er5,ER (5),OptABA-PC,38,38.0,2063.0,2.0,0.2,2.5,0.5000000000000001,2.0,2.0,2.0,0.2,0.2,0.2,2.5,1.0,4.0,0.5000000000000001,0.8000000000000002,0.20000000000000004,1.0,6.0,1.0,1.0,1.0,0.5000000000000001,0.8000000000000002,0.20000000000000004,1.0,1.0,1.0,0.0,0.0,0.0,0.0,0.0,0.872678758110851,0.0,results/paper_aaai2027/frozen/results/final_mcs_experiments_er_sf_sparse_alpha001_noweight_50rep/wc_sweep_5_2026_er_sparse_alpha001_noweight_seed2026_2075_20260715_175814/summary.json,,,,,,1.0,6.0,,retained CI facts
er5,ER (5),OptABA-PC,39,39.0,2064.0,1.0,0.9091,1.5,0.81818181777611,1.0,1.0,1.0,0.9091,0.9091,0.9091,1.5,1.0,2.0,0.81818181777611,0.9090710740195277,0.7272925615326924,1.0,2.0,0.9090909090909091,0.9090909090909091,0.9090909090909091,0.8181818181818181,0.9090909090909091,0.7272727272727272,0.9090909090909091,0.9090909090909091,0.9090909090909091,0.888888888888889,0.888888888888889,0.888888888888889,0.0,0.0,0.8724754489958286,0.0,results/paper_aaai2027/frozen/results/final_mcs_experiments_er_sf_sparse_alpha001_noweight_50rep/wc_sweep_5_2026_er_sparse_alpha001_noweight_seed2026_2075_20260715_175814/summary.json,,,,,,1.0,2.0,,retained CI facts
er5,ER (5),OptABA-PC,40,40.0,2065.0,3.0,0.3636,3.5,0.4545355367392732,3.0,3.0,3.0,0.3636,0.3636,0.3636,3.5,3.0,4.0,0.4545355367392732,0.5454545454545454,0.363616528024001,1.0,2.0,0.9090909090909091,0.9090909090909091,0.9090909090909091,0.4545454545454545,0.5454545454545454,0.3636363636363636,0.9090909090909091,0.9090909090909091,0.9090909090909091,0.5714285714285715,0.5714285714285715,0.5714285714285715,0.0,0.0,0.8969972752965987,0.0,results/paper_aaai2027/frozen/results/final_mcs_experiments_er_sf_sparse_alpha001_noweight_50rep/wc_sweep_5_2026_er_sparse_alpha001_noweight_seed2026_2075_20260715_175814/summary.json,,,,,,1.0,2.0,,retained CI facts
er5,ER (5),OptABA-PC,41,41.0,2066.0,0.0,0.4,1.5,0.7000000000000001,0.0,0.0,0.0,0.4,0.4,0.4,1.5,0.0,3.0,0.7000000000000001,1.0,0.4000000000000001,1.0,6.0,1.0,1.0,1.0,0.7000000000000001,1.0,0.4000000000000001,1.0,1.0,1.0,1.0,1.0,1.0,1.0,1.0,0.8822255129925907,0.0,results/paper_aaai2027/frozen/results/final_mcs_experiments_er_sf_sparse_alpha001_noweight_50rep/wc_sweep_5_2026_er_sparse_alpha001_noweight_seed2026_2075_20260715_175814/summary.json,,,,,,1.0,6.0,,retained CI facts
er5,ER (5),OptABA-PC,42,42.0,2067.0,2.0,0.6,2.5,0.5000000000000001,2.0,2.0,2.0,0.6,0.6,0.6,2.5,1.0,4.0,0.5000000000000001,0.8000000000000002,0.20000000000000004,1.0,6.0,1.0,1.0,1.0,0.5000000000000001,0.8000000000000002,0.20000000000000004,1.0,1.0,1.0,0.0,0.0,0.0,0.0,0.0,0.9209439428523183,0.0,results/paper_aaai2027/frozen/results/final_mcs_experiments_er_sf_sparse_alpha001_noweight_50rep/wc_sweep_5_2026_er_sparse_alpha001_noweight_seed2026_2075_20260715_175814/summary.json,,,,,,1.0,6.0,,retained CI facts
er5,ER (5),OptABA-PC,43,43.0,2068.0,4.666666666666667,0.38863333333333333,4.369047619047619,0.3902062242647498,4.666666666666667,3.0,6.0,0.38863333333333333,0.8,0.2,4.369047619047619,1.0,7.0,0.3902062242647498,0.888888888888889,0.0,18.0,84.0,0.7471440596440596,0.888888888888889,0.6,0.3902056277056277,0.888888888888889,0.0,0.74503367003367,0.888888888888889,0.6,0.0380952380952381,0.4,0.0,0.0,0.0,1.029771318193525,0.0,results/paper_aaai2027/frozen/results/final_mcs_experiments_er_sf_sparse_alpha001_noweight_50rep/wc_sweep_5_2026_er_sparse_alpha001_noweight_seed2026_2075_20260715_175814/summary.json,,,,,,18.0,84.0,,retained CI facts
er5,ER (5),OptABA-PC,44,44.0,2069.0,1.0,0.4444,1.5,0.7777777777777777,1.0,1.0,1.0,0.4444,0.4444,0.4444,1.5,1.0,2.0,0.7777777777777777,0.888888888888889,0.6666666666666665,1.0,2.0,0.888888888888889,0.888888888888889,0.888888888888889,0.7777777777777777,0.888888888888889,0.6666666666666665,0.888888888888889,0.888888888888889,0.888888888888889,1.0,1.0,1.0,0.0,0.0,0.8842872600071132,0.0,results/paper_aaai2027/frozen/results/final_mcs_experiments_er_sf_sparse_alpha001_noweight_50rep/wc_sweep_5_2026_er_sparse_alpha001_noweight_seed2026_2075_20260715_175814/summary.json,,,,,,1.0,2.0,,retained CI facts
er5,ER (5),OptABA-PC,45,45.0,2070.0,2.6666666666666665,0.7626333333333334,2.6,0.6909130184931448,2.6666666666666665,2.0,3.0,0.7626333333333334,0.9091,0.5455,2.6,1.0,4.0,0.6909130184931448,0.9090710740195277,0.5000194439043361,3.0,10.0,0.8636363636363636,0.9090909090909091,0.8333333333333333,0.6909090909090908,0.9090909090909091,0.5,0.8838383838383838,0.9090909090909091,0.8333333333333333,0.611111111111111,0.6666666666666666,0.5,0.0,0.0,0.8800163953565061,0.0,results/paper_aaai2027/frozen/results/final_mcs_experiments_er_sf_sparse_alpha001_noweight_50rep/wc_sweep_5_2026_er_sparse_alpha001_noweight_seed2026_2075_20260715_175814/summary.json,,,,,,3.0,10.0,,retained CI facts
er5,ER (5),OptABA-PC,46,46.0,2071.0,4.5,0.4487333333333334,2.0952380952380953,0.7694121286763721,4.5,0.0,7.0,0.4487333333333334,1.0,0.1667,2.0952380952380953,0.0,3.0,0.7694121286763721,1.0,0.6,12.0,21.0,0.8343434343434344,1.0,0.7272727272727272,0.7694083694083693,1.0,0.6,0.8133838383838384,1.0,0.7272727272727272,0.38888888888888884,1.0,0.0,1.0,1.0,0.9076355095021427,0.0,results/paper_aaai2027/frozen/results/final_mcs_experiments_er_sf_sparse_alpha001_noweight_50rep/wc_sweep_5_2026_er_sparse_alpha001_noweight_seed2026_2075_20260715_175814/summary.json,,,,,,12.0,21.0,,retained CI facts
er5,ER (5),OptABA-PC,47,47.0,2072.0,1.5,0.63335,2.1666666666666665,0.725925925925926,1.5,1.0,2.0,0.63335,0.6667,0.6,2.1666666666666665,1.0,3.0,0.725925925925926,0.888888888888889,0.6,2.0,6.0,0.8296296296296298,0.888888888888889,0.8000000000000002,0.725925925925926,0.888888888888889,0.6,0.8444444444444446,0.888888888888889,0.8000000000000002,1.0,1.0,1.0,0.0,0.0,0.8815304711461067,0.0,results/paper_aaai2027/frozen/results/final_mcs_experiments_er_sf_sparse_alpha001_noweight_50rep/wc_sweep_5_2026_er_sparse_alpha001_noweight_seed2026_2075_20260715_175814/summary.json,,,,,,2.0,6.0,,retained CI facts
er5,ER (5),OptABA-PC,48,48.0,2073.0,0.0,0.8,0.5,0.9000000000000001,0.0,0.0,0.0,0.8,0.8,0.8,0.5,0.0,1.0,0.9000000000000001,1.0,0.8000000000000002,1.0,2.0,1.0,1.0,1.0,0.9000000000000001,1.0,0.8000000000000002,1.0,1.0,1.0,1.0,1.0,1.0,1.0,1.0,0.8770613200031221,0.0,results/paper_aaai2027/frozen/results/final_mcs_experiments_er_sf_sparse_alpha001_noweight_50rep/wc_sweep_5_2026_er_sparse_alpha001_noweight_seed2026_2075_20260715_175814/summary.json,,,,,,1.0,2.0,,retained CI facts
er5,ER (5),OptABA-PC,49,49.0,2074.0,0.0,0.8,0.5,0.9000000000000001,0.0,0.0,0.0,0.8,0.8,0.8,0.5,0.0,1.0,0.9000000000000001,1.0,0.8000000000000002,1.0,2.0,1.0,1.0,1.0,0.9000000000000001,1.0,0.8000000000000002,1.0,1.0,1.0,1.0,1.0,1.0,1.0,1.0,0.8701988500542939,0.0,results/paper_aaai2027/frozen/results/final_mcs_experiments_er_sf_sparse_alpha001_noweight_50rep/wc_sweep_5_2026_er_sparse_alpha001_noweight_seed2026_2075_20260715_175814/summary.json,,,,,,1.0,2.0,,retained CI facts
er5,ER (5),OptABA-PC,50,50.0,2075.0,0.0,1.0,1.0,0.8,0.0,0.0,0.0,1.0,1.0,1.0,1.0,0.0,2.0,0.8,1.0,0.6,1.0,4.0,1.0,1.0,1.0,0.8,1.0,0.6,1.0,1.0,1.0,1.0,1.0,1.0,1.0,1.0,0.89108702307567,0.0,results/paper_aaai2027/frozen/results/final_mcs_experiments_er_sf_sparse_alpha001_noweight_50rep/wc_sweep_5_2026_er_sparse_alpha001_noweight_seed2026_2075_20260715_175814/summary.json,,,,,,1.0,4.0,,retained CI facts
er5,ER (5),MPC,1,,2026.0,0.0,0.8,2.0,0.75,0.0,0.0,0.0,0.8,0.8,0.8,1.0,0.0,2.0,0.8,1.0,0.6,1.0,4.0,,,,,,,,,,,,,,1.0,0.0079851150512695,,paper_er_sf_sparse_alpha001_noweight_50rep_mpc_fgs,results/paper_aaai2027/frozen/results/estimated_graphs/paper_er_sf_sparse_alpha001_noweight_50rep_mpc_fgs/er5/MPC/run_0000_seed_2026.npz,,paper_er_sf_sparse_alpha001_noweight_50rep_mpc_fgs,1.0,,1.0,4.0,,full recorded matched G2 CI trace
er5,ER (5),MPC,2,,2027.0,0.0,1.0,0.0,1.0,0.0,0.0,0.0,1.0,1.0,1.0,0.0,0.0,0.0,1.0,1.0,1.0,0.0,0.0,,,,,,,,,,,,,,1.0,0.0099244117736816,,paper_er_sf_sparse_alpha001_noweight_50rep_mpc_fgs,results/paper_aaai2027/frozen/results/estimated_graphs/paper_er_sf_sparse_alpha001_noweight_50rep_mpc_fgs/er5/MPC/run_0001_seed_2027.npz,,paper_er_sf_sparse_alpha001_noweight_50rep_mpc_fgs,1.0,,1.0,1.0,,full recorded matched G2 CI trace
er5,ER (5),MPC,3,,2028.0,0.0,1.0,0.0,1.0,0.0,0.0,0.0,1.0,1.0,1.0,0.0,0.0,0.0,1.0,1.0,1.0,0.0,0.0,,,,,,,,,,,,,,1.0,0.011289358139038,,paper_er_sf_sparse_alpha001_noweight_50rep_mpc_fgs,results/paper_aaai2027/frozen/results/estimated_graphs/paper_er_sf_sparse_alpha001_noweight_50rep_mpc_fgs/er5/MPC/run_0002_seed_2028.npz,,paper_er_sf_sparse_alpha001_noweight_50rep_mpc_fgs,1.0,,1.0,1.0,,full recorded matched G2 CI trace
er5,ER (5),MPC,4,,2029.0,0.0,0.6,3.0,0.5714,0.0,0.0,0.0,0.6,0.6,0.6,1.25,0.0,2.0,0.75,1.0,0.6,0.0,0.0,,,,,,,,,,,,,,1.0,0.00935959815979,,paper_er_sf_sparse_alpha001_noweight_50rep_mpc_fgs,results/paper_aaai2027/frozen/results/estimated_graphs/paper_er_sf_sparse_alpha001_noweight_50rep_mpc_fgs/er5/MPC/run_0003_seed_2029.npz,,paper_er_sf_sparse_alpha001_noweight_50rep_mpc_fgs,1.0,,1.0,4.0,,full recorded matched G2 CI trace
er5,ER (5),MPC,5,,2030.0,0.0,0.6,5.0,0.0,0.0,0.0,0.0,0.6,0.6,0.6,1.7,0.0,3.0,0.6599999999999999,1.0,0.4,0.0,0.0,,,,,,,,,,,,,,1.0,0.0092766284942626,,paper_er_sf_sparse_alpha001_noweight_50rep_mpc_fgs,results/paper_aaai2027/frozen/results/estimated_graphs/paper_er_sf_sparse_alpha001_noweight_50rep_mpc_fgs/er5/MPC/run_0004_seed_2030.npz,,paper_er_sf_sparse_alpha001_noweight_50rep_mpc_fgs,1.0,,1.0,10.0,,full recorded matched G2 CI trace
er5,ER (5),MPC,6,,2031.0,3.0,0.2222,4.0,0.2857,3.0,3.0,3.0,0.2222,0.2222,0.2222,3.0,2.0,4.0,0.4444333333333333,0.6667,0.2222,0.0,0.0,,,,,,,,,,,,,,0.0,0.0159873962402343,,paper_er_sf_sparse_alpha001_noweight_50rep_mpc_fgs,results/paper_aaai2027/frozen/results/estimated_graphs/paper_er_sf_sparse_alpha001_noweight_50rep_mpc_fgs/er5/MPC/run_0005_seed_2031.npz,,paper_er_sf_sparse_alpha001_noweight_50rep_mpc_fgs,1.0,,1.0,3.0,,full recorded matched G2 CI trace
er5,ER (5),MPC,7,,2032.0,2.0,0.8,1.0,0.8889,2.0,2.0,2.0,0.8,0.8,0.8,0.5,0.0,1.0,0.9,1.0,0.8,0.0,0.0,,,,,,,,,,,,,,1.0,0.009627342224121,,paper_er_sf_sparse_alpha001_noweight_50rep_mpc_fgs,results/paper_aaai2027/frozen/results/estimated_graphs/paper_er_sf_sparse_alpha001_noweight_50rep_mpc_fgs/er5/MPC/run_0006_seed_2032.npz,,paper_er_sf_sparse_alpha001_noweight_50rep_mpc_fgs,1.0,,1.0,2.0,,full recorded matched G2 CI trace
er5,ER (5),MPC,8,,2033.0,0.0,1.0,1.0,0.8889,0.0,0.0,0.0,1.0,1.0,1.0,0.5,0.0,1.0,0.9,1.0,0.8,1.0,2.0,,,,,,,,,,,,,,1.0,0.0096664428710937,,paper_er_sf_sparse_alpha001_noweight_50rep_mpc_fgs,results/paper_aaai2027/frozen/results/estimated_graphs/paper_er_sf_sparse_alpha001_noweight_50rep_mpc_fgs/er5/MPC/run_0007_seed_2033.npz,,paper_er_sf_sparse_alpha001_noweight_50rep_mpc_fgs,1.0,,1.0,2.0,,full recorded matched G2 CI trace
er5,ER (5),MPC,9,,2034.0,2.0,0.8,1.0,0.8889,2.0,2.0,2.0,0.8,0.8,0.8,0.5,0.0,1.0,0.9,1.0,0.8,0.0,0.0,,,,,,,,,,,,,,1.0,0.0096070766448974,,paper_er_sf_sparse_alpha001_noweight_50rep_mpc_fgs,results/paper_aaai2027/frozen/results/estimated_graphs/paper_er_sf_sparse_alpha001_noweight_50rep_mpc_fgs/er5/MPC/run_0008_seed_2034.npz,,paper_er_sf_sparse_alpha001_noweight_50rep_mpc_fgs,1.0,,1.0,2.0,,full recorded matched G2 CI trace
er5,ER (5),MPC,10,,2035.0,2.0,0.6667,2.0,0.75,2.0,2.0,2.0,0.6667,0.6667,0.6667,1.5,1.0,2.0,0.7778,0.8889,0.6667,0.0,0.0,,,,,,,,,,,,,,0.0,0.0067982673645019,,paper_er_sf_sparse_alpha001_noweight_50rep_mpc_fgs,results/paper_aaai2027/frozen/results/estimated_graphs/paper_er_sf_sparse_alpha001_noweight_50rep_mpc_fgs/er5/MPC/run_0009_seed_2035.npz,,paper_er_sf_sparse_alpha001_noweight_50rep_mpc_fgs,1.0,,1.0,2.0,,full recorded matched G2 CI trace
er5,ER (5),MPC,11,,2036.0,0.0,1.0,0.0,1.0,0.0,0.0,0.0,1.0,1.0,1.0,0.0,0.0,0.0,1.0,1.0,1.0,0.0,0.0,,,,,,,,,,,,,,1.0,0.0101730823516845,,paper_er_sf_sparse_alpha001_noweight_50rep_mpc_fgs,results/paper_aaai2027/frozen/results/estimated_graphs/paper_er_sf_sparse_alpha001_noweight_50rep_mpc_fgs/er5/MPC/run_0010_seed_2036.npz,,paper_er_sf_sparse_alpha001_noweight_50rep_mpc_fgs,1.0,,1.0,1.0,,full recorded matched G2 CI trace
er5,ER (5),MPC,12,,2037.0,0.0,0.8,2.0,0.75,0.0,0.0,0.0,0.8,0.8,0.8,0.6666666666666666,0.0,1.0,0.8666666666666667,1.0,0.8,1.0,3.0,,,,,,,,,,,,,,1.0,0.0083694458007812,,paper_er_sf_sparse_alpha001_noweight_50rep_mpc_fgs,results/paper_aaai2027/frozen/results/estimated_graphs/paper_er_sf_sparse_alpha001_noweight_50rep_mpc_fgs/er5/MPC/run_0011_seed_2037.npz,,paper_er_sf_sparse_alpha001_noweight_50rep_mpc_fgs,1.0,,1.0,3.0,,full recorded matched G2 CI trace
er5,ER (5),MPC,13,,2038.0,0.0,1.0,1.0,0.8889,0.0,0.0,0.0,1.0,1.0,1.0,0.5,0.0,1.0,0.9,1.0,0.8,0.0,0.0,,,,,,,,,,,,,,1.0,0.0092277526855468,,paper_er_sf_sparse_alpha001_noweight_50rep_mpc_fgs,results/paper_aaai2027/frozen/results/estimated_graphs/paper_er_sf_sparse_alpha001_noweight_50rep_mpc_fgs/er5/MPC/run_0012_seed_2038.npz,,paper_er_sf_sparse_alpha001_noweight_50rep_mpc_fgs,1.0,,1.0,2.0,,full recorded matched G2 CI trace
er5,ER (5),MPC,14,,2039.0,2.0,0.2222,5.0,0.0,2.0,2.0,2.0,0.2222,0.2222,0.2222,3.0,1.0,5.0,0.4444333333333333,0.8889,0.0,0.0,0.0,,,,,,,,,,,,,,0.0,0.005939245223999,,paper_er_sf_sparse_alpha001_noweight_50rep_mpc_fgs,results/paper_aaai2027/frozen/results/estimated_graphs/paper_er_sf_sparse_alpha001_noweight_50rep_mpc_fgs/er5/MPC/run_0013_seed_2039.npz,,paper_er_sf_sparse_alpha001_noweight_50rep_mpc_fgs,1.0,,1.0,12.0,,full recorded matched G2 CI trace
er5,ER (5),MPC,15,,2040.0,0.0,0.2,5.0,0.0,0.0,0.0,0.0,0.2,0.2,0.2,1.7,0.0,3.0,0.6599999999999999,1.0,0.4,0.0,0.0,,,,,,,,,,,,,,1.0,0.013737678527832,,paper_er_sf_sparse_alpha001_noweight_50rep_mpc_fgs,results/paper_aaai2027/frozen/results/estimated_graphs/paper_er_sf_sparse_alpha001_noweight_50rep_mpc_fgs/er5/MPC/run_0014_seed_2040.npz,,paper_er_sf_sparse_alpha001_noweight_50rep_mpc_fgs,1.0,,1.0,10.0,,full recorded matched G2 CI trace
er5,ER (5),MPC,16,,2041.0,0.0,1.0,2.0,0.75,0.0,0.0,0.0,1.0,1.0,1.0,1.0,0.0,2.0,0.7999999999999999,1.0,0.6,0.0,0.0,,,,,,,,,,,,,,1.0,0.0093147754669189,,paper_er_sf_sparse_alpha001_noweight_50rep_mpc_fgs,results/paper_aaai2027/frozen/results/estimated_graphs/paper_er_sf_sparse_alpha001_noweight_50rep_mpc_fgs/er5/MPC/run_0015_seed_2041.npz,,paper_er_sf_sparse_alpha001_noweight_50rep_mpc_fgs,1.0,,1.0,3.0,,full recorded matched G2 CI trace
er5,ER (5),MPC,17,,2042.0,2.0,0.7273,2.0,0.7273,2.0,2.0,2.0,0.7273,0.7273,0.7273,2.0,2.0,2.0,0.7273,0.7273,0.7273,0.0,0.0,,,,,,,,,,,,,,0.0,0.0178978443145751,,paper_er_sf_sparse_alpha001_noweight_50rep_mpc_fgs,results/paper_aaai2027/frozen/results/estimated_graphs/paper_er_sf_sparse_alpha001_noweight_50rep_mpc_fgs/er5/MPC/run_0016_seed_2042.npz,,paper_er_sf_sparse_alpha001_noweight_50rep_mpc_fgs,1.0,,1.0,1.0,,full recorded matched G2 CI trace
er5,ER (5),MPC,18,,2043.0,0.0,1.0,2.0,0.75,0.0,0.0,0.0,1.0,1.0,1.0,0.6666666666666666,0.0,1.0,0.8666666666666667,1.0,0.8,0.0,0.0,,,,,,,,,,,,,,1.0,0.0095429420471191,,paper_er_sf_sparse_alpha001_noweight_50rep_mpc_fgs,results/paper_aaai2027/frozen/results/estimated_graphs/paper_er_sf_sparse_alpha001_noweight_50rep_mpc_fgs/er5/MPC/run_0017_seed_2043.npz,,paper_er_sf_sparse_alpha001_noweight_50rep_mpc_fgs,1.0,,1.0,3.0,,full recorded matched G2 CI trace
er5,ER (5),MPC,19,,2044.0,0.0,0.8,2.0,0.75,0.0,0.0,0.0,0.8,0.8,0.8,1.0,0.0,2.0,0.7999999999999999,1.0,0.6,0.0,0.0,,,,,,,,,,,,,,1.0,0.009256362915039,,paper_er_sf_sparse_alpha001_noweight_50rep_mpc_fgs,results/paper_aaai2027/frozen/results/estimated_graphs/paper_er_sf_sparse_alpha001_noweight_50rep_mpc_fgs/er5/MPC/run_0018_seed_2044.npz,,paper_er_sf_sparse_alpha001_noweight_50rep_mpc_fgs,1.0,,1.0,3.0,,full recorded matched G2 CI trace
er5,ER (5),MPC,20,,2045.0,2.0,1.0,1.0,0.8889,2.0,2.0,2.0,1.0,1.0,1.0,0.5,0.0,1.0,0.9,1.0,0.8,0.0,0.0,,,,,,,,,,,,,,1.0,0.0102241039276123,,paper_er_sf_sparse_alpha001_noweight_50rep_mpc_fgs,results/paper_aaai2027/frozen/results/estimated_graphs/paper_er_sf_sparse_alpha001_noweight_50rep_mpc_fgs/er5/MPC/run_0019_seed_2045.npz,,paper_er_sf_sparse_alpha001_noweight_50rep_mpc_fgs,1.0,,1.0,2.0,,full recorded matched G2 CI trace
er5,ER (5),MPC,21,,2046.0,0.0,0.6,3.0,0.5714,0.0,0.0,0.0,0.6,0.6,0.6,1.5,0.0,3.0,0.7000000000000001,1.0,0.4,1.0,6.0,,,,,,,,,,,,,,1.0,0.0079669952392578,,paper_er_sf_sparse_alpha001_noweight_50rep_mpc_fgs,results/paper_aaai2027/frozen/results/estimated_graphs/paper_er_sf_sparse_alpha001_noweight_50rep_mpc_fgs/er5/MPC/run_0020_seed_2046.npz,,paper_er_sf_sparse_alpha001_noweight_50rep_mpc_fgs,1.0,,1.0,6.0,,full recorded matched G2 CI trace
er5,ER (5),MPC,22,,2047.0,4.0,0.6,3.0,0.4444,4.0,4.0,4.0,0.6,0.6,0.6,2.5,2.0,3.0,0.5,0.6,0.4,1.0,2.0,,,,,,,,,,,,,,0.0,0.005763292312622,,paper_er_sf_sparse_alpha001_noweight_50rep_mpc_fgs,results/paper_aaai2027/frozen/results/estimated_graphs/paper_er_sf_sparse_alpha001_noweight_50rep_mpc_fgs/er5/MPC/run_0021_seed_2047.npz,,paper_er_sf_sparse_alpha001_noweight_50rep_mpc_fgs,1.0,,1.0,2.0,,full recorded matched G2 CI trace
er5,ER (5),MPC,23,,2048.0,1.0,0.8889,2.0,0.75,1.0,1.0,1.0,0.8889,0.8889,0.8889,1.5,1.0,2.0,0.7778,0.8889,0.6667,1.0,2.0,,,,,,,,,,,,,,0.0,0.0077145099639892,,paper_er_sf_sparse_alpha001_noweight_50rep_mpc_fgs,results/paper_aaai2027/frozen/results/estimated_graphs/paper_er_sf_sparse_alpha001_noweight_50rep_mpc_fgs/er5/MPC/run_0022_seed_2048.npz,,paper_er_sf_sparse_alpha001_noweight_50rep_mpc_fgs,1.0,,1.0,2.0,,full recorded matched G2 CI trace
er5,ER (5),MPC,24,,2049.0,0.0,0.6,3.0,0.5714,0.0,0.0,0.0,0.6,0.6,0.6,1.0,0.0,2.0,0.8,1.0,0.6,0.0,0.0,,,,,,,,,,,,,,1.0,0.011026382446289,,paper_er_sf_sparse_alpha001_noweight_50rep_mpc_fgs,results/paper_aaai2027/frozen/results/estimated_graphs/paper_er_sf_sparse_alpha001_noweight_50rep_mpc_fgs/er5/MPC/run_0023_seed_2049.npz,,paper_er_sf_sparse_alpha001_noweight_50rep_mpc_fgs,1.0,,1.0,4.0,,full recorded matched G2 CI trace
er5,ER (5),MPC,25,,2050.0,0.0,0.6,2.0,0.75,0.0,0.0,0.0,0.6,0.6,0.6,1.0,0.0,2.0,0.8,1.0,0.6,0.0,0.0,,,,,,,,,,,,,,1.0,0.0073893070220947,,paper_er_sf_sparse_alpha001_noweight_50rep_mpc_fgs,results/paper_aaai2027/frozen/results/estimated_graphs/paper_er_sf_sparse_alpha001_noweight_50rep_mpc_fgs/er5/MPC/run_0024_seed_2050.npz,,paper_er_sf_sparse_alpha001_noweight_50rep_mpc_fgs,1.0,,1.0,4.0,,full recorded matched G2 CI trace
er5,ER (5),MPC,26,,2051.0,3.0,0.6,2.0,0.75,3.0,3.0,3.0,0.6,0.6,0.6,1.3333333333333333,1.0,2.0,0.7333333333333334,0.8,0.6,1.0,3.0,,,,,,,,,,,,,,0.0,0.0057718753814697,,paper_er_sf_sparse_alpha001_noweight_50rep_mpc_fgs,results/paper_aaai2027/frozen/results/estimated_graphs/paper_er_sf_sparse_alpha001_noweight_50rep_mpc_fgs/er5/MPC/run_0025_seed_2051.npz,,paper_er_sf_sparse_alpha001_noweight_50rep_mpc_fgs,1.0,,1.0,3.0,,full recorded matched G2 CI trace
er5,ER (5),MPC,27,,2052.0,0.0,0.8,1.0,0.8889,0.0,0.0,0.0,0.8,0.8,0.8,0.5,0.0,1.0,0.9,1.0,0.8,0.0,0.0,,,,,,,,,,,,,,1.0,0.0083310604095458,,paper_er_sf_sparse_alpha001_noweight_50rep_mpc_fgs,results/paper_aaai2027/frozen/results/estimated_graphs/paper_er_sf_sparse_alpha001_noweight_50rep_mpc_fgs/er5/MPC/run_0026_seed_2052.npz,,paper_er_sf_sparse_alpha001_noweight_50rep_mpc_fgs,1.0,,1.0,2.0,,full recorded matched G2 CI trace
er5,ER (5),MPC,28,,2053.0,3.0,0.4,3.0,0.5,3.0,3.0,3.0,0.4,0.4,0.4,2.0,1.0,3.0,0.6,0.8,0.4,1.0,3.0,,,,,,,,,,,,,,0.0,0.0058498382568359,,paper_er_sf_sparse_alpha001_noweight_50rep_mpc_fgs,results/paper_aaai2027/frozen/results/estimated_graphs/paper_er_sf_sparse_alpha001_noweight_50rep_mpc_fgs/er5/MPC/run_0027_seed_2053.npz,,paper_er_sf_sparse_alpha001_noweight_50rep_mpc_fgs,1.0,,1.0,3.0,,full recorded matched G2 CI trace
er5,ER (5),MPC,29,,2054.0,2.0,0.8,1.0,0.8889,2.0,2.0,2.0,0.8,0.8,0.8,0.5,0.0,1.0,0.9,1.0,0.8,0.0,0.0,,,,,,,,,,,,,,1.0,0.0088460445404052,,paper_er_sf_sparse_alpha001_noweight_50rep_mpc_fgs,results/paper_aaai2027/frozen/results/estimated_graphs/paper_er_sf_sparse_alpha001_noweight_50rep_mpc_fgs/er5/MPC/run_0028_seed_2054.npz,,paper_er_sf_sparse_alpha001_noweight_50rep_mpc_fgs,1.0,,1.0,2.0,,full recorded matched G2 CI trace
er5,ER (5),MPC,30,,2055.0,4.0,0.6667,2.0,0.75,4.0,4.0,4.0,0.6667,0.6667,0.6667,1.5,1.0,2.0,0.7778,0.8889,0.6667,0.0,0.0,,,,,,,,,,,,,,0.0,0.0073747634887695,,paper_er_sf_sparse_alpha001_noweight_50rep_mpc_fgs,results/paper_aaai2027/frozen/results/estimated_graphs/paper_er_sf_sparse_alpha001_noweight_50rep_mpc_fgs/er5/MPC/run_0029_seed_2055.npz,,paper_er_sf_sparse_alpha001_noweight_50rep_mpc_fgs,1.0,,1.0,2.0,,full recorded matched G2 CI trace
er5,ER (5),MPC,31,,2056.0,0.0,0.8,1.0,0.8889,0.0,0.0,0.0,0.8,0.8,0.8,0.5,0.0,1.0,0.9,1.0,0.8,1.0,2.0,,,,,,,,,,,,,,1.0,0.0097963809967041,,paper_er_sf_sparse_alpha001_noweight_50rep_mpc_fgs,results/paper_aaai2027/frozen/results/estimated_graphs/paper_er_sf_sparse_alpha001_noweight_50rep_mpc_fgs/er5/MPC/run_0030_seed_2056.npz,,paper_er_sf_sparse_alpha001_noweight_50rep_mpc_fgs,1.0,,1.0,2.0,,full recorded matched G2 CI trace
er5,ER (5),MPC,32,,2057.0,0.0,1.0,0.0,1.0,0.0,0.0,0.0,1.0,1.0,1.0,0.0,0.0,0.0,1.0,1.0,1.0,0.0,0.0,,,,,,,,,,,,,,1.0,0.0105979442596435,,paper_er_sf_sparse_alpha001_noweight_50rep_mpc_fgs,results/paper_aaai2027/frozen/results/estimated_graphs/paper_er_sf_sparse_alpha001_noweight_50rep_mpc_fgs/er5/MPC/run_0031_seed_2057.npz,,paper_er_sf_sparse_alpha001_noweight_50rep_mpc_fgs,1.0,,1.0,1.0,,full recorded matched G2 CI trace
er5,ER (5),MPC,33,,2058.0,0.0,0.4,3.0,0.5714,0.0,0.0,0.0,0.4,0.4,0.4,1.25,0.0,2.0,0.75,1.0,0.6,0.0,0.0,,,,,,,,,,,,,,1.0,0.0115392208099365,,paper_er_sf_sparse_alpha001_noweight_50rep_mpc_fgs,results/paper_aaai2027/frozen/results/estimated_graphs/paper_er_sf_sparse_alpha001_noweight_50rep_mpc_fgs/er5/MPC/run_0032_seed_2058.npz,,paper_er_sf_sparse_alpha001_noweight_50rep_mpc_fgs,1.0,,1.0,4.0,,full recorded matched G2 CI trace
er5,ER (5),MPC,34,,2059.0,4.0,0.2222,4.0,0.2222,4.0,4.0,4.0,0.2222,0.2222,0.2222,4.0,4.0,4.0,0.2222,0.2222,0.2222,0.0,0.0,,,,,,,,,,,,,,0.0,0.00547456741333,,paper_er_sf_sparse_alpha001_noweight_50rep_mpc_fgs,results/paper_aaai2027/frozen/results/estimated_graphs/paper_er_sf_sparse_alpha001_noweight_50rep_mpc_fgs/er5/MPC/run_0033_seed_2059.npz,,paper_er_sf_sparse_alpha001_noweight_50rep_mpc_fgs,1.0,,1.0,1.0,,full recorded matched G2 CI trace
er5,ER (5),MPC,35,,2060.0,0.0,1.0,3.0,0.5714,0.0,0.0,0.0,1.0,1.0,1.0,1.0,0.0,2.0,0.8,1.0,0.6,0.0,0.0,,,,,,,,,,,,,,1.0,0.0100214481353759,,paper_er_sf_sparse_alpha001_noweight_50rep_mpc_fgs,results/paper_aaai2027/frozen/results/estimated_graphs/paper_er_sf_sparse_alpha001_noweight_50rep_mpc_fgs/er5/MPC/run_0034_seed_2060.npz,,paper_er_sf_sparse_alpha001_noweight_50rep_mpc_fgs,1.0,,1.0,4.0,,full recorded matched G2 CI trace
er5,ER (5),MPC,36,,2061.0,1.0,0.6667,2.0,0.75,1.0,1.0,1.0,0.6667,0.6667,0.6667,1.5,1.0,2.0,0.7778,0.8889,0.6667,0.0,0.0,,,,,,,,,,,,,,0.0,0.0076954364776611,,paper_er_sf_sparse_alpha001_noweight_50rep_mpc_fgs,results/paper_aaai2027/frozen/results/estimated_graphs/paper_er_sf_sparse_alpha001_noweight_50rep_mpc_fgs/er5/MPC/run_0035_seed_2061.npz,,paper_er_sf_sparse_alpha001_noweight_50rep_mpc_fgs,1.0,,1.0,2.0,,full recorded matched G2 CI trace
er5,ER (5),MPC,37,,2062.0,0.0,0.6,3.0,0.5714,0.0,0.0,0.0,0.6,0.6,0.6,1.25,0.0,2.0,0.75,1.0,0.6,0.0,0.0,,,,,,,,,,,,,,1.0,0.0154964923858642,,paper_er_sf_sparse_alpha001_noweight_50rep_mpc_fgs,results/paper_aaai2027/frozen/results/estimated_graphs/paper_er_sf_sparse_alpha001_noweight_50rep_mpc_fgs/er5/MPC/run_0036_seed_2062.npz,,paper_er_sf_sparse_alpha001_noweight_50rep_mpc_fgs,1.0,,1.0,4.0,,full recorded matched G2 CI trace
er5,ER (5),MPC,38,,2063.0,0.0,0.4,5.0,0.0,0.0,0.0,0.0,0.4,0.4,0.4,2.5,0.0,5.0,0.5,1.0,0.0,0.0,0.0,,,,,,,,,,,,,,1.0,0.0116167068481445,,paper_er_sf_sparse_alpha001_noweight_50rep_mpc_fgs,results/paper_aaai2027/frozen/results/estimated_graphs/paper_er_sf_sparse_alpha001_noweight_50rep_mpc_fgs/er5/MPC/run_0037_seed_2063.npz,,paper_er_sf_sparse_alpha001_noweight_50rep_mpc_fgs,1.0,,1.0,10.0,,full recorded matched G2 CI trace
er5,ER (5),MPC,39,,2064.0,0.0,1.0,1.0,0.8889,0.0,0.0,0.0,1.0,1.0,1.0,0.5,0.0,1.0,0.9,1.0,0.8,0.0,0.0,,,,,,,,,,,,,,1.0,0.0094380378723144,,paper_er_sf_sparse_alpha001_noweight_50rep_mpc_fgs,results/paper_aaai2027/frozen/results/estimated_graphs/paper_er_sf_sparse_alpha001_noweight_50rep_mpc_fgs/er5/MPC/run_0038_seed_2064.npz,,paper_er_sf_sparse_alpha001_noweight_50rep_mpc_fgs,1.0,,1.0,2.0,,full recorded matched G2 CI trace
er5,ER (5),MPC,40,,2065.0,0.0,0.4,3.0,0.5714,0.0,0.0,0.0,0.4,0.4,0.4,1.5,0.0,3.0,0.7000000000000001,1.0,0.4,0.0,0.0,,,,,,,,,,,,,,1.0,0.0082809925079345,,paper_er_sf_sparse_alpha001_noweight_50rep_mpc_fgs,results/paper_aaai2027/frozen/results/estimated_graphs/paper_er_sf_sparse_alpha001_noweight_50rep_mpc_fgs/er5/MPC/run_0039_seed_2065.npz,,paper_er_sf_sparse_alpha001_noweight_50rep_mpc_fgs,1.0,,1.0,6.0,,full recorded matched G2 CI trace
er5,ER (5),MPC,41,,2066.0,0.0,0.4,3.0,0.5714,0.0,0.0,0.0,0.4,0.4,0.4,1.5,0.0,3.0,0.7000000000000001,1.0,0.4,0.0,0.0,,,,,,,,,,,,,,1.0,0.0078620910644531,,paper_er_sf_sparse_alpha001_noweight_50rep_mpc_fgs,results/paper_aaai2027/frozen/results/estimated_graphs/paper_er_sf_sparse_alpha001_noweight_50rep_mpc_fgs/er5/MPC/run_0040_seed_2066.npz,,paper_er_sf_sparse_alpha001_noweight_50rep_mpc_fgs,1.0,,1.0,6.0,,full recorded matched G2 CI trace
er5,ER (5),MPC,42,,2067.0,2.0,0.6,4.0,0.2857,2.0,2.0,2.0,0.6,0.6,0.6,2.5,1.0,4.0,0.5000000000000001,0.8,0.2,0.0,0.0,,,,,,,,,,,,,,0.0,0.0089316368103027,,paper_er_sf_sparse_alpha001_noweight_50rep_mpc_fgs,results/paper_aaai2027/frozen/results/estimated_graphs/paper_er_sf_sparse_alpha001_noweight_50rep_mpc_fgs/er5/MPC/run_0041_seed_2067.npz,,paper_er_sf_sparse_alpha001_noweight_50rep_mpc_fgs,1.0,,1.0,6.0,,full recorded matched G2 CI trace
er5,ER (5),MPC,43,,2068.0,4.0,0.25,4.0,0.25,4.0,4.0,4.0,0.25,0.25,0.25,4.0,4.0,4.0,0.25,0.25,0.25,1.0,1.0,,,,,,,,,,,,,,0.0,0.0051331520080566,,paper_er_sf_sparse_alpha001_noweight_50rep_mpc_fgs,results/paper_aaai2027/frozen/results/estimated_graphs/paper_er_sf_sparse_alpha001_noweight_50rep_mpc_fgs/er5/MPC/run_0042_seed_2068.npz,,paper_er_sf_sparse_alpha001_noweight_50rep_mpc_fgs,1.0,,1.0,1.0,,full recorded matched G2 CI trace
er5,ER (5),MPC,44,,2069.0,2.0,0.8,1.0,0.8889,2.0,2.0,2.0,0.8,0.8,0.8,0.5,0.0,1.0,0.9,1.0,0.8,0.0,0.0,,,,,,,,,,,,,,1.0,0.0079069137573242,,paper_er_sf_sparse_alpha001_noweight_50rep_mpc_fgs,results/paper_aaai2027/frozen/results/estimated_graphs/paper_er_sf_sparse_alpha001_noweight_50rep_mpc_fgs/er5/MPC/run_0043_seed_2069.npz,,paper_er_sf_sparse_alpha001_noweight_50rep_mpc_fgs,1.0,,1.0,2.0,,full recorded matched G2 CI trace
er5,ER (5),MPC,45,,2070.0,1.0,1.0,2.0,0.75,1.0,1.0,1.0,1.0,1.0,1.0,0.6666666666666666,0.0,1.0,0.8666666666666667,1.0,0.8,0.0,0.0,,,,,,,,,,,,,,1.0,0.0064163208007812,,paper_er_sf_sparse_alpha001_noweight_50rep_mpc_fgs,results/paper_aaai2027/frozen/results/estimated_graphs/paper_er_sf_sparse_alpha001_noweight_50rep_mpc_fgs/er5/MPC/run_0044_seed_2070.npz,,paper_er_sf_sparse_alpha001_noweight_50rep_mpc_fgs,1.0,,1.0,3.0,,full recorded matched G2 CI trace
er5,ER (5),MPC,46,,2071.0,0.0,1.0,1.0,0.8889,0.0,0.0,0.0,1.0,1.0,1.0,0.5,0.0,1.0,0.9,1.0,0.8,1.0,2.0,,,,,,,,,,,,,,1.0,0.0091025829315185,,paper_er_sf_sparse_alpha001_noweight_50rep_mpc_fgs,results/paper_aaai2027/frozen/results/estimated_graphs/paper_er_sf_sparse_alpha001_noweight_50rep_mpc_fgs/er5/MPC/run_0045_seed_2071.npz,,paper_er_sf_sparse_alpha001_noweight_50rep_mpc_fgs,1.0,,1.0,2.0,,full recorded matched G2 CI trace
er5,ER (5),MPC,47,,2072.0,1.0,0.6667,2.0,0.75,1.0,1.0,1.0,0.6667,0.6667,0.6667,1.5,1.0,2.0,0.7778,0.8889,0.6667,0.0,0.0,,,,,,,,,,,,,,0.0,0.0070211887359619,,paper_er_sf_sparse_alpha001_noweight_50rep_mpc_fgs,results/paper_aaai2027/frozen/results/estimated_graphs/paper_er_sf_sparse_alpha001_noweight_50rep_mpc_fgs/er5/MPC/run_0046_seed_2072.npz,,paper_er_sf_sparse_alpha001_noweight_50rep_mpc_fgs,1.0,,1.0,2.0,,full recorded matched G2 CI trace
er5,ER (5),MPC,48,,2073.0,0.0,0.8,1.0,0.8889,0.0,0.0,0.0,0.8,0.8,0.8,0.5,0.0,1.0,0.9,1.0,0.8,0.0,0.0,,,,,,,,,,,,,,1.0,0.0094215869903564,,paper_er_sf_sparse_alpha001_noweight_50rep_mpc_fgs,results/paper_aaai2027/frozen/results/estimated_graphs/paper_er_sf_sparse_alpha001_noweight_50rep_mpc_fgs/er5/MPC/run_0047_seed_2073.npz,,paper_er_sf_sparse_alpha001_noweight_50rep_mpc_fgs,1.0,,1.0,2.0,,full recorded matched G2 CI trace
er5,ER (5),MPC,49,,2074.0,1.0,0.8,1.0,0.8889,1.0,1.0,1.0,0.8,0.8,0.8,0.5,0.0,1.0,0.9,1.0,0.8,0.0,0.0,,,,,,,,,,,,,,1.0,0.0097732543945312,,paper_er_sf_sparse_alpha001_noweight_50rep_mpc_fgs,results/paper_aaai2027/frozen/results/estimated_graphs/paper_er_sf_sparse_alpha001_noweight_50rep_mpc_fgs/er5/MPC/run_0048_seed_2074.npz,,paper_er_sf_sparse_alpha001_noweight_50rep_mpc_fgs,1.0,,1.0,2.0,,full recorded matched G2 CI trace
er5,ER (5),MPC,50,,2075.0,0.0,1.0,2.0,0.75,0.0,0.0,0.0,1.0,1.0,1.0,1.0,0.0,2.0,0.8,1.0,0.6,0.0,0.0,,,,,,,,,,,,,,1.0,0.0074074268341064,,paper_er_sf_sparse_alpha001_noweight_50rep_mpc_fgs,results/paper_aaai2027/frozen/results/estimated_graphs/paper_er_sf_sparse_alpha001_noweight_50rep_mpc_fgs/er5/MPC/run_0049_seed_2075.npz,,paper_er_sf_sparse_alpha001_noweight_50rep_mpc_fgs,1.0,,1.0,4.0,,full recorded matched G2 CI trace
er5,ER (5),FGS,1,,2026.0,8.0,0.0,8.0,0.0,8.0,8.0,8.0,0.0,0.0,0.0,8.0,8.0,8.0,0.0,0.0,0.0,,,,,,,,,,,,,,,,0.0,1.0306353569030762,,paper_er_sf_sparse_alpha001_noweight_50rep_mpc_fgs,results/paper_aaai2027/frozen/results/estimated_graphs/paper_er_sf_sparse_alpha001_noweight_50rep_mpc_fgs/er5/FGS/run_0000_seed_2026.npz,,paper_er_sf_sparse_alpha001_noweight_50rep_mpc_fgs,1.0,,1.0,1.0,,not applicable (score based)
er5,ER (5),FGS,2,,2027.0,4.0,0.25,5.0,0.25,4.0,4.0,4.0,0.25,0.25,0.25,5.5,5.0,6.0,0.125,0.25,0.0,,,,,,,,,,,,,,,,0.0,0.0951740741729736,,paper_er_sf_sparse_alpha001_noweight_50rep_mpc_fgs,results/paper_aaai2027/frozen/results/estimated_graphs/paper_er_sf_sparse_alpha001_noweight_50rep_mpc_fgs/er5/FGS/run_0001_seed_2027.npz,,paper_er_sf_sparse_alpha001_noweight_50rep_mpc_fgs,1.0,,1.0,4.0,,not applicable (score based)
er5,ER (5),FGS,3,,2028.0,3.0,0.5714,3.0,0.5714,3.0,3.0,3.0,0.5714,0.5714,0.5714,3.6666666666666665,3.0,4.0,0.38093333333333335,0.5714,0.2857,,,,,,,,,,,,,,,,0.0,0.0816826820373535,,paper_er_sf_sparse_alpha001_noweight_50rep_mpc_fgs,results/paper_aaai2027/frozen/results/estimated_graphs/paper_er_sf_sparse_alpha001_noweight_50rep_mpc_fgs/er5/FGS/run_0002_seed_2028.npz,,paper_er_sf_sparse_alpha001_noweight_50rep_mpc_fgs,1.0,,1.0,3.0,,not applicable (score based)
er5,ER (5),FGS,4,,2029.0,7.0,0.25,6.0,0.25,7.0,7.0,7.0,0.25,0.25,0.25,6.0,6.0,6.0,0.25,0.25,0.25,,,,,,,,,,,,,,,,0.0,0.0851697921752929,,paper_er_sf_sparse_alpha001_noweight_50rep_mpc_fgs,results/paper_aaai2027/frozen/results/estimated_graphs/paper_er_sf_sparse_alpha001_noweight_50rep_mpc_fgs/er5/FGS/run_0003_seed_2029.npz,,paper_er_sf_sparse_alpha001_noweight_50rep_mpc_fgs,1.0,,1.0,2.0,,not applicable (score based)
er5,ER (5),FGS,5,,2030.0,3.0,0.6667,3.0,0.6667,3.0,3.0,3.0,0.6667,0.6667,0.6667,3.6,3.0,4.0,0.53332,0.6667,0.4444,,,,,,,,,,,,,,,,0.0,0.0922846794128418,,paper_er_sf_sparse_alpha001_noweight_50rep_mpc_fgs,results/paper_aaai2027/frozen/results/estimated_graphs/paper_er_sf_sparse_alpha001_noweight_50rep_mpc_fgs/er5/FGS/run_0004_seed_2030.npz,,paper_er_sf_sparse_alpha001_noweight_50rep_mpc_fgs,1.0,,1.0,5.0,,not applicable (score based)
er5,ER (5),FGS,6,,2031.0,7.0,0.25,6.0,0.25,7.0,7.0,7.0,0.25,0.25,0.25,6.0,6.0,6.0,0.25,0.25,0.25,,,,,,,,,,,,,,,,0.0,0.073678970336914,,paper_er_sf_sparse_alpha001_noweight_50rep_mpc_fgs,results/paper_aaai2027/frozen/results/estimated_graphs/paper_er_sf_sparse_alpha001_noweight_50rep_mpc_fgs/er5/FGS/run_0005_seed_2031.npz,,paper_er_sf_sparse_alpha001_noweight_50rep_mpc_fgs,1.0,,1.0,1.0,,not applicable (score based)
er5,ER (5),FGS,7,,2032.0,5.0,0.2857,4.0,0.2857,5.0,5.0,5.0,0.2857,0.2857,0.2857,4.333333333333333,4.0,5.0,0.19046666666666667,0.2857,0.0,,,,,,,,,,,,,,,,0.0,0.0689058303833007,,paper_er_sf_sparse_alpha001_noweight_50rep_mpc_fgs,results/paper_aaai2027/frozen/results/estimated_graphs/paper_er_sf_sparse_alpha001_noweight_50rep_mpc_fgs/er5/FGS/run_0006_seed_2032.npz,,paper_er_sf_sparse_alpha001_noweight_50rep_mpc_fgs,1.0,,1.0,3.0,,not applicable (score based)
er5,ER (5),FGS,8,,2033.0,6.0,0.0,6.0,0.0,6.0,6.0,6.0,0.0,0.0,0.0,5.333333333333333,5.0,6.0,0.19046666666666667,0.2857,0.0,,,,,,,,,,,,,,,,0.0,0.0699448585510253,,paper_er_sf_sparse_alpha001_noweight_50rep_mpc_fgs,results/paper_aaai2027/frozen/results/estimated_graphs/paper_er_sf_sparse_alpha001_noweight_50rep_mpc_fgs/er5/FGS/run_0007_seed_2033.npz,,paper_er_sf_sparse_alpha001_noweight_50rep_mpc_fgs,1.0,,1.0,3.0,,not applicable (score based)
er5,ER (5),FGS,9,,2034.0,4.0,0.2857,4.0,0.2857,4.0,4.0,4.0,0.2857,0.2857,0.2857,4.0,3.0,5.0,0.2857,0.5714,0.0,,,,,,,,,,,,,,,,0.0,0.0677988529205322,,paper_er_sf_sparse_alpha001_noweight_50rep_mpc_fgs,results/paper_aaai2027/frozen/results/estimated_graphs/paper_er_sf_sparse_alpha001_noweight_50rep_mpc_fgs/er5/FGS/run_0008_seed_2034.npz,,paper_er_sf_sparse_alpha001_noweight_50rep_mpc_fgs,1.0,,1.0,4.0,,not applicable (score based)
er5,ER (5),FGS,10,,2035.0,6.0,0.0,6.0,0.0,6.0,6.0,6.0,0.0,0.0,0.0,5.333333333333333,5.0,6.0,0.16666666666666666,0.25,0.0,,,,,,,,,,,,,,,,0.0,0.0695347785949707,,paper_er_sf_sparse_alpha001_noweight_50rep_mpc_fgs,results/paper_aaai2027/frozen/results/estimated_graphs/paper_er_sf_sparse_alpha001_noweight_50rep_mpc_fgs/er5/FGS/run_0009_seed_2035.npz,,paper_er_sf_sparse_alpha001_noweight_50rep_mpc_fgs,1.0,,1.0,6.0,,not applicable (score based)
er5,ER (5),FGS,11,,2036.0,3.0,0.6,2.0,0.6,3.0,3.0,3.0,0.6,0.6,0.6,3.1,2.0,5.0,0.38,0.6,0.0,,,,,,,,,,,,,,,,0.0,0.0745007991790771,,paper_er_sf_sparse_alpha001_noweight_50rep_mpc_fgs,results/paper_aaai2027/frozen/results/estimated_graphs/paper_er_sf_sparse_alpha001_noweight_50rep_mpc_fgs/er5/FGS/run_0010_seed_2036.npz,,paper_er_sf_sparse_alpha001_noweight_50rep_mpc_fgs,1.0,,1.0,10.0,,not applicable (score based)
er5,ER (5),FGS,12,,2037.0,5.0,0.2222,6.0,0.2222,5.0,5.0,5.0,0.2222,0.2222,0.2222,5.5,5.0,6.0,0.33330000000000004,0.4444,0.2222,,,,,,,,,,,,,,,,0.0,0.0719571113586425,,paper_er_sf_sparse_alpha001_noweight_50rep_mpc_fgs,results/paper_aaai2027/frozen/results/estimated_graphs/paper_er_sf_sparse_alpha001_noweight_50rep_mpc_fgs/er5/FGS/run_0011_seed_2037.npz,,paper_er_sf_sparse_alpha001_noweight_50rep_mpc_fgs,1.0,,1.0,4.0,,not applicable (score based)
er5,ER (5),FGS,13,,2038.0,4.0,0.25,4.0,0.25,4.0,4.0,4.0,0.25,0.25,0.25,3.5,3.0,4.0,0.375,0.5,0.25,,,,,,,,,,,,,,,,0.0,0.0691380500793457,,paper_er_sf_sparse_alpha001_noweight_50rep_mpc_fgs,results/paper_aaai2027/frozen/results/estimated_graphs/paper_er_sf_sparse_alpha001_noweight_50rep_mpc_fgs/er5/FGS/run_0012_seed_2038.npz,,paper_er_sf_sparse_alpha001_noweight_50rep_mpc_fgs,1.0,,1.0,4.0,,not applicable (score based)
er5,ER (5),FGS,14,,2039.0,3.0,0.5,3.0,0.5,3.0,3.0,3.0,0.5,0.5,0.5,3.0,2.0,4.0,0.5,0.75,0.25,,,,,,,,,,,,,,,,0.0,0.0736775398254394,,paper_er_sf_sparse_alpha001_noweight_50rep_mpc_fgs,results/paper_aaai2027/frozen/results/estimated_graphs/paper_er_sf_sparse_alpha001_noweight_50rep_mpc_fgs/er5/FGS/run_0013_seed_2039.npz,,paper_er_sf_sparse_alpha001_noweight_50rep_mpc_fgs,1.0,,1.0,4.0,,not applicable (score based)
er5,ER (5),FGS,15,,2040.0,5.0,0.0,6.0,0.0,5.0,5.0,5.0,0.0,0.0,0.0,5.5,5.0,6.0,0.14285,0.2857,0.0,,,,,,,,,,,,,,,,0.0,0.0692789554595947,,paper_er_sf_sparse_alpha001_noweight_50rep_mpc_fgs,results/paper_aaai2027/frozen/results/estimated_graphs/paper_er_sf_sparse_alpha001_noweight_50rep_mpc_fgs/er5/FGS/run_0014_seed_2040.npz,,paper_er_sf_sparse_alpha001_noweight_50rep_mpc_fgs,1.0,,1.0,4.0,,not applicable (score based)
er5,ER (5),FGS,16,,2041.0,5.0,0.4444,5.0,0.4444,5.0,5.0,5.0,0.4444,0.4444,0.4444,5.0,5.0,5.0,0.4444,0.4444,0.4444,,,,,,,,,,,,,,,,0.0,0.0757222175598144,,paper_er_sf_sparse_alpha001_noweight_50rep_mpc_fgs,results/paper_aaai2027/frozen/results/estimated_graphs/paper_er_sf_sparse_alpha001_noweight_50rep_mpc_fgs/er5/FGS/run_0015_seed_2041.npz,,paper_er_sf_sparse_alpha001_noweight_50rep_mpc_fgs,1.0,,1.0,2.0,,not applicable (score based)
er5,ER (5),FGS,17,,2042.0,5.0,0.2857,5.0,0.2857,5.0,5.0,5.0,0.2857,0.2857,0.2857,5.666666666666667,5.0,6.0,0.09523333333333334,0.2857,0.0,,,,,,,,,,,,,,,,0.0,0.0707881450653076,,paper_er_sf_sparse_alpha001_noweight_50rep_mpc_fgs,results/paper_aaai2027/frozen/results/estimated_graphs/paper_er_sf_sparse_alpha001_noweight_50rep_mpc_fgs/er5/FGS/run_0016_seed_2042.npz,,paper_er_sf_sparse_alpha001_noweight_50rep_mpc_fgs,1.0,,1.0,3.0,,not applicable (score based)
er5,ER (5),FGS,18,,2043.0,3.0,0.6667,2.0,0.6667,3.0,3.0,3.0,0.6667,0.6667,0.6667,2.6,2.0,3.0,0.53332,0.6667,0.4444,,,,,,,,,,,,,,,,0.0,0.0749843120574951,,paper_er_sf_sparse_alpha001_noweight_50rep_mpc_fgs,results/paper_aaai2027/frozen/results/estimated_graphs/paper_er_sf_sparse_alpha001_noweight_50rep_mpc_fgs/er5/FGS/run_0017_seed_2043.npz,,paper_er_sf_sparse_alpha001_noweight_50rep_mpc_fgs,1.0,,1.0,5.0,,not applicable (score based)
er5,ER (5),FGS,19,,2044.0,5.0,0.25,5.0,0.25,5.0,5.0,5.0,0.25,0.25,0.25,5.0,4.0,6.0,0.25,0.5,0.0,,,,,,,,,,,,,,,,0.0,0.0758116245269775,,paper_er_sf_sparse_alpha001_noweight_50rep_mpc_fgs,results/paper_aaai2027/frozen/results/estimated_graphs/paper_er_sf_sparse_alpha001_noweight_50rep_mpc_fgs/er5/FGS/run_0018_seed_2044.npz,,paper_er_sf_sparse_alpha001_noweight_50rep_mpc_fgs,1.0,,1.0,4.0,,not applicable (score based)
er5,ER (5),FGS,20,,2045.0,6.0,0.0,6.0,0.0,6.0,6.0,6.0,0.0,0.0,0.0,6.0,6.0,6.0,0.0,0.0,0.0,,,,,,,,,,,,,,,,0.0,0.0668427944183349,,paper_er_sf_sparse_alpha001_noweight_50rep_mpc_fgs,results/paper_aaai2027/frozen/results/estimated_graphs/paper_er_sf_sparse_alpha001_noweight_50rep_mpc_fgs/er5/FGS/run_0019_seed_2045.npz,,paper_er_sf_sparse_alpha001_noweight_50rep_mpc_fgs,1.0,,1.0,2.0,,not applicable (score based)
er5,ER (5),FGS,21,,2046.0,5.0,0.2222,6.0,0.2222,5.0,5.0,5.0,0.2222,0.2222,0.2222,5.5,5.0,6.0,0.3333,0.4444,0.2222,,,,,,,,,,,,,,,,0.0,0.0713341236114502,,paper_er_sf_sparse_alpha001_noweight_50rep_mpc_fgs,results/paper_aaai2027/frozen/results/estimated_graphs/paper_er_sf_sparse_alpha001_noweight_50rep_mpc_fgs/er5/FGS/run_0020_seed_2046.npz,,paper_er_sf_sparse_alpha001_noweight_50rep_mpc_fgs,1.0,,1.0,4.0,,not applicable (score based)
er5,ER (5),FGS,22,,2047.0,6.0,0.25,6.0,0.25,6.0,6.0,6.0,0.25,0.25,0.25,6.5,6.0,7.0,0.125,0.25,0.0,,,,,,,,,,,,,,,,0.0,0.0693483352661132,,paper_er_sf_sparse_alpha001_noweight_50rep_mpc_fgs,results/paper_aaai2027/frozen/results/estimated_graphs/paper_er_sf_sparse_alpha001_noweight_50rep_mpc_fgs/er5/FGS/run_0021_seed_2047.npz,,paper_er_sf_sparse_alpha001_noweight_50rep_mpc_fgs,1.0,,1.0,6.0,,not applicable (score based)
er5,ER (5),FGS,23,,2048.0,4.0,0.25,4.0,0.25,4.0,4.0,4.0,0.25,0.25,0.25,3.5,3.0,4.0,0.375,0.5,0.25,,,,,,,,,,,,,,,,0.0,0.0749173164367675,,paper_er_sf_sparse_alpha001_noweight_50rep_mpc_fgs,results/paper_aaai2027/frozen/results/estimated_graphs/paper_er_sf_sparse_alpha001_noweight_50rep_mpc_fgs/er5/FGS/run_0022_seed_2048.npz,,paper_er_sf_sparse_alpha001_noweight_50rep_mpc_fgs,1.0,,1.0,4.0,,not applicable (score based)
er5,ER (5),FGS,24,,2049.0,5.0,0.0,5.0,0.0,5.0,5.0,5.0,0.0,0.0,0.0,4.5,4.0,5.0,0.16665,0.3333,0.0,,,,,,,,,,,,,,,,0.0,0.0671572685241699,,paper_er_sf_sparse_alpha001_noweight_50rep_mpc_fgs,results/paper_aaai2027/frozen/results/estimated_graphs/paper_er_sf_sparse_alpha001_noweight_50rep_mpc_fgs/er5/FGS/run_0023_seed_2049.npz,,paper_er_sf_sparse_alpha001_noweight_50rep_mpc_fgs,1.0,,1.0,2.0,,not applicable (score based)
er5,ER (5),FGS,25,,2050.0,4.0,0.25,4.0,0.25,4.0,4.0,4.0,0.25,0.25,0.25,3.5,3.0,4.0,0.375,0.5,0.25,,,,,,,,,,,,,,,,0.0,0.0715861320495605,,paper_er_sf_sparse_alpha001_noweight_50rep_mpc_fgs,results/paper_aaai2027/frozen/results/estimated_graphs/paper_er_sf_sparse_alpha001_noweight_50rep_mpc_fgs/er5/FGS/run_0024_seed_2050.npz,,paper_er_sf_sparse_alpha001_noweight_50rep_mpc_fgs,1.0,,1.0,2.0,,not applicable (score based)
er5,ER (5),FGS,26,,2051.0,7.0,0.0,7.0,0.0,7.0,7.0,7.0,0.0,0.0,0.0,7.0,7.0,7.0,0.0,0.0,0.0,,,,,,,,,,,,,,,,0.0,0.0713717937469482,,paper_er_sf_sparse_alpha001_noweight_50rep_mpc_fgs,results/paper_aaai2027/frozen/results/estimated_graphs/paper_er_sf_sparse_alpha001_noweight_50rep_mpc_fgs/er5/FGS/run_0025_seed_2051.npz,,paper_er_sf_sparse_alpha001_noweight_50rep_mpc_fgs,1.0,,1.0,2.0,,not applicable (score based)
er5,ER (5),FGS,27,,2052.0,5.0,0.2222,4.0,0.2222,5.0,5.0,5.0,0.2222,0.2222,0.2222,3.8,3.0,5.0,0.26664000000000004,0.4444,0.0,,,,,,,,,,,,,,,,0.0,0.1087903976440429,,paper_er_sf_sparse_alpha001_noweight_50rep_mpc_fgs,results/paper_aaai2027/frozen/results/estimated_graphs/paper_er_sf_sparse_alpha001_noweight_50rep_mpc_fgs/er5/FGS/run_0026_seed_2052.npz,,paper_er_sf_sparse_alpha001_noweight_50rep_mpc_fgs,1.0,,1.0,5.0,,not applicable (score based)
er5,ER (5),FGS,28,,2053.0,5.0,0.2857,5.0,0.2857,5.0,5.0,5.0,0.2857,0.2857,0.2857,5.666666666666667,5.0,6.0,0.09523333333333334,0.2857,0.0,,,,,,,,,,,,,,,,0.0,0.0783252716064453,,paper_er_sf_sparse_alpha001_noweight_50rep_mpc_fgs,results/paper_aaai2027/frozen/results/estimated_graphs/paper_er_sf_sparse_alpha001_noweight_50rep_mpc_fgs/er5/FGS/run_0027_seed_2053.npz,,paper_er_sf_sparse_alpha001_noweight_50rep_mpc_fgs,1.0,,1.0,3.0,,not applicable (score based)
er5,ER (5),FGS,29,,2054.0,8.0,0.4,6.0,0.4,8.0,8.0,8.0,0.4,0.4,0.4,6.5,6.0,7.0,0.3,0.4,0.2,,,,,,,,,,,,,,,,0.0,0.0787889957427978,,paper_er_sf_sparse_alpha001_noweight_50rep_mpc_fgs,results/paper_aaai2027/frozen/results/estimated_graphs/paper_er_sf_sparse_alpha001_noweight_50rep_mpc_fgs/er5/FGS/run_0028_seed_2054.npz,,paper_er_sf_sparse_alpha001_noweight_50rep_mpc_fgs,1.0,,1.0,6.0,,not applicable (score based)
er5,ER (5),FGS,30,,2055.0,7.0,0.25,6.0,0.25,7.0,7.0,7.0,0.25,0.25,0.25,6.0,6.0,6.0,0.25,0.25,0.25,,,,,,,,,,,,,,,,0.0,0.0741901397705078,,paper_er_sf_sparse_alpha001_noweight_50rep_mpc_fgs,results/paper_aaai2027/frozen/results/estimated_graphs/paper_er_sf_sparse_alpha001_noweight_50rep_mpc_fgs/er5/FGS/run_0029_seed_2055.npz,,paper_er_sf_sparse_alpha001_noweight_50rep_mpc_fgs,1.0,,1.0,2.0,,not applicable (score based)
er5,ER (5),FGS,31,,2056.0,5.0,0.25,5.0,0.25,5.0,5.0,5.0,0.25,0.25,0.25,4.5,4.0,5.0,0.375,0.5,0.25,,,,,,,,,,,,,,,,0.0,0.0744721889495849,,paper_er_sf_sparse_alpha001_noweight_50rep_mpc_fgs,results/paper_aaai2027/frozen/results/estimated_graphs/paper_er_sf_sparse_alpha001_noweight_50rep_mpc_fgs/er5/FGS/run_0030_seed_2056.npz,,paper_er_sf_sparse_alpha001_noweight_50rep_mpc_fgs,1.0,,1.0,4.0,,not applicable (score based)
er5,ER (5),FGS,32,,2057.0,3.0,0.6667,2.0,0.6667,3.0,3.0,3.0,0.6667,0.6667,0.6667,2.8,2.0,4.0,0.48888,0.6667,0.2222,,,,,,,,,,,,,,,,0.0,0.0749745368957519,,paper_er_sf_sparse_alpha001_noweight_50rep_mpc_fgs,results/paper_aaai2027/frozen/results/estimated_graphs/paper_er_sf_sparse_alpha001_noweight_50rep_mpc_fgs/er5/FGS/run_0031_seed_2057.npz,,paper_er_sf_sparse_alpha001_noweight_50rep_mpc_fgs,1.0,,1.0,5.0,,not applicable (score based)
er5,ER (5),FGS,33,,2058.0,5.0,0.0,6.0,0.0,5.0,5.0,5.0,0.0,0.0,0.0,5.666666666666667,5.0,6.0,0.09523333333333334,0.2857,0.0,,,,,,,,,,,,,,,,0.0,0.0763149261474609,,paper_er_sf_sparse_alpha001_noweight_50rep_mpc_fgs,results/paper_aaai2027/frozen/results/estimated_graphs/paper_er_sf_sparse_alpha001_noweight_50rep_mpc_fgs/er5/FGS/run_0032_seed_2058.npz,,paper_er_sf_sparse_alpha001_noweight_50rep_mpc_fgs,1.0,,1.0,3.0,,not applicable (score based)
er5,ER (5),FGS,34,,2059.0,6.0,0.25,6.0,0.25,6.0,6.0,6.0,0.25,0.25,0.25,6.25,6.0,7.0,0.1875,0.25,0.0,,,,,,,,,,,,,,,,0.0,0.0748834609985351,,paper_er_sf_sparse_alpha001_noweight_50rep_mpc_fgs,results/paper_aaai2027/frozen/results/estimated_graphs/paper_er_sf_sparse_alpha001_noweight_50rep_mpc_fgs/er5/FGS/run_0033_seed_2059.npz,,paper_er_sf_sparse_alpha001_noweight_50rep_mpc_fgs,1.0,,1.0,4.0,,not applicable (score based)
er5,ER (5),FGS,35,,2060.0,4.0,0.2857,4.0,0.2857,4.0,4.0,4.0,0.2857,0.2857,0.2857,3.6666666666666665,3.0,4.0,0.38093333333333335,0.5714,0.2857,,,,,,,,,,,,,,,,0.0,0.0745520591735839,,paper_er_sf_sparse_alpha001_noweight_50rep_mpc_fgs,results/paper_aaai2027/frozen/results/estimated_graphs/paper_er_sf_sparse_alpha001_noweight_50rep_mpc_fgs/er5/FGS/run_0034_seed_2060.npz,,paper_er_sf_sparse_alpha001_noweight_50rep_mpc_fgs,1.0,,1.0,3.0,,not applicable (score based)
er5,ER (5),FGS,36,,2061.0,4.0,0.0,5.0,0.0,4.0,4.0,4.0,0.0,0.0,0.0,3.8333333333333335,3.0,5.0,0.2916666666666667,0.5,0.0,,,,,,,,,,,,,,,,0.0,0.0733397006988525,,paper_er_sf_sparse_alpha001_noweight_50rep_mpc_fgs,results/paper_aaai2027/frozen/results/estimated_graphs/paper_er_sf_sparse_alpha001_noweight_50rep_mpc_fgs/er5/FGS/run_0035_seed_2061.npz,,paper_er_sf_sparse_alpha001_noweight_50rep_mpc_fgs,1.0,,1.0,6.0,,not applicable (score based)
er5,ER (5),FGS,37,,2062.0,6.0,0.0,6.0,0.0,6.0,6.0,6.0,0.0,0.0,0.0,6.0,6.0,6.0,0.0,0.0,0.0,,,,,,,,,,,,,,,,0.0,0.0797295570373535,,paper_er_sf_sparse_alpha001_noweight_50rep_mpc_fgs,results/paper_aaai2027/frozen/results/estimated_graphs/paper_er_sf_sparse_alpha001_noweight_50rep_mpc_fgs/er5/FGS/run_0036_seed_2062.npz,,paper_er_sf_sparse_alpha001_noweight_50rep_mpc_fgs,1.0,,1.0,1.0,,not applicable (score based)
er5,ER (5),FGS,38,,2063.0,7.0,0.0,7.0,0.0,7.0,7.0,7.0,0.0,0.0,0.0,7.0,7.0,7.0,0.0,0.0,0.0,,,,,,,,,,,,,,,,0.0,0.073397159576416,,paper_er_sf_sparse_alpha001_noweight_50rep_mpc_fgs,results/paper_aaai2027/frozen/results/estimated_graphs/paper_er_sf_sparse_alpha001_noweight_50rep_mpc_fgs/er5/FGS/run_0037_seed_2063.npz,,paper_er_sf_sparse_alpha001_noweight_50rep_mpc_fgs,1.0,,1.0,4.0,,not applicable (score based)
er5,ER (5),FGS,39,,2064.0,6.0,0.0,6.0,0.0,6.0,6.0,6.0,0.0,0.0,0.0,5.666666666666667,5.0,6.0,0.09523333333333334,0.2857,0.0,,,,,,,,,,,,,,,,0.0,0.0744812488555908,,paper_er_sf_sparse_alpha001_noweight_50rep_mpc_fgs,results/paper_aaai2027/frozen/results/estimated_graphs/paper_er_sf_sparse_alpha001_noweight_50rep_mpc_fgs/er5/FGS/run_0038_seed_2064.npz,,paper_er_sf_sparse_alpha001_noweight_50rep_mpc_fgs,1.0,,1.0,3.0,,not applicable (score based)
er5,ER (5),FGS,40,,2065.0,5.0,0.5,3.0,0.5,5.0,5.0,5.0,0.5,0.5,0.5,3.5,3.0,4.0,0.375,0.5,0.25,,,,,,,,,,,,,,,,0.0,0.0783150196075439,,paper_er_sf_sparse_alpha001_noweight_50rep_mpc_fgs,results/paper_aaai2027/frozen/results/estimated_graphs/paper_er_sf_sparse_alpha001_noweight_50rep_mpc_fgs/er5/FGS/run_0039_seed_2065.npz,,paper_er_sf_sparse_alpha001_noweight_50rep_mpc_fgs,1.0,,1.0,2.0,,not applicable (score based)
er5,ER (5),FGS,41,,2066.0,5.0,0.4,4.0,0.4,5.0,5.0,5.0,0.4,0.4,0.4,3.0,2.0,4.0,0.6,0.8,0.4,,,,,,,,,,,,,,,,0.0,0.0763030052185058,,paper_er_sf_sparse_alpha001_noweight_50rep_mpc_fgs,results/paper_aaai2027/frozen/results/estimated_graphs/paper_er_sf_sparse_alpha001_noweight_50rep_mpc_fgs/er5/FGS/run_0040_seed_2066.npz,,paper_er_sf_sparse_alpha001_noweight_50rep_mpc_fgs,1.0,,1.0,4.0,,not applicable (score based)
er5,ER (5),FGS,42,,2067.0,5.0,0.2857,5.0,0.2857,5.0,5.0,5.0,0.2857,0.2857,0.2857,5.5,5.0,6.0,0.14285,0.2857,0.0,,,,,,,,,,,,,,,,0.0,0.078855276107788,,paper_er_sf_sparse_alpha001_noweight_50rep_mpc_fgs,results/paper_aaai2027/frozen/results/estimated_graphs/paper_er_sf_sparse_alpha001_noweight_50rep_mpc_fgs/er5/FGS/run_0041_seed_2067.npz,,paper_er_sf_sparse_alpha001_noweight_50rep_mpc_fgs,1.0,,1.0,4.0,,not applicable (score based)
er5,ER (5),FGS,43,,2068.0,4.0,0.5714,3.0,0.5714,4.0,4.0,4.0,0.5714,0.5714,0.5714,3.6666666666666665,3.0,4.0,0.38093333333333335,0.5714,0.2857,,,,,,,,,,,,,,,,0.0,0.0701961517333984,,paper_er_sf_sparse_alpha001_noweight_50rep_mpc_fgs,results/paper_aaai2027/frozen/results/estimated_graphs/paper_er_sf_sparse_alpha001_noweight_50rep_mpc_fgs/er5/FGS/run_0042_seed_2068.npz,,paper_er_sf_sparse_alpha001_noweight_50rep_mpc_fgs,1.0,,1.0,3.0,,not applicable (score based)
er5,ER (5),FGS,44,,2069.0,7.0,0.4444,5.0,0.4444,7.0,7.0,7.0,0.4444,0.4444,0.4444,5.0,5.0,5.0,0.4444,0.4444,0.4444,,,,,,,,,,,,,,,,0.0,0.0721421241760253,,paper_er_sf_sparse_alpha001_noweight_50rep_mpc_fgs,results/paper_aaai2027/frozen/results/estimated_graphs/paper_er_sf_sparse_alpha001_noweight_50rep_mpc_fgs/er5/FGS/run_0043_seed_2069.npz,,paper_er_sf_sparse_alpha001_noweight_50rep_mpc_fgs,1.0,,1.0,2.0,,not applicable (score based)
er5,ER (5),FGS,45,,2070.0,6.0,0.25,6.0,0.25,6.0,6.0,6.0,0.25,0.25,0.25,6.5,6.0,7.0,0.125,0.25,0.0,,,,,,,,,,,,,,,,0.0,0.0722546577453613,,paper_er_sf_sparse_alpha001_noweight_50rep_mpc_fgs,results/paper_aaai2027/frozen/results/estimated_graphs/paper_er_sf_sparse_alpha001_noweight_50rep_mpc_fgs/er5/FGS/run_0044_seed_2070.npz,,paper_er_sf_sparse_alpha001_noweight_50rep_mpc_fgs,1.0,,1.0,2.0,,not applicable (score based)
er5,ER (5),FGS,46,,2071.0,8.0,0.0,8.0,0.0,8.0,8.0,8.0,0.0,0.0,0.0,8.0,8.0,8.0,0.0,0.0,0.0,,,,,,,,,,,,,,,,0.0,0.0733487606048584,,paper_er_sf_sparse_alpha001_noweight_50rep_mpc_fgs,results/paper_aaai2027/frozen/results/estimated_graphs/paper_er_sf_sparse_alpha001_noweight_50rep_mpc_fgs/er5/FGS/run_0045_seed_2071.npz,,paper_er_sf_sparse_alpha001_noweight_50rep_mpc_fgs,1.0,,1.0,1.0,,not applicable (score based)
er5,ER (5),FGS,47,,2072.0,6.0,0.25,6.0,0.25,6.0,6.0,6.0,0.25,0.25,0.25,6.5,6.0,7.0,0.125,0.25,0.0,,,,,,,,,,,,,,,,0.0,0.0728459358215332,,paper_er_sf_sparse_alpha001_noweight_50rep_mpc_fgs,results/paper_aaai2027/frozen/results/estimated_graphs/paper_er_sf_sparse_alpha001_noweight_50rep_mpc_fgs/er5/FGS/run_0046_seed_2072.npz,,paper_er_sf_sparse_alpha001_noweight_50rep_mpc_fgs,1.0,,1.0,2.0,,not applicable (score based)
er5,ER (5),FGS,48,,2073.0,5.0,0.0,5.0,0.0,5.0,5.0,5.0,0.0,0.0,0.0,4.5,4.0,5.0,0.16665,0.3333,0.0,,,,,,,,,,,,,,,,0.0,0.069460391998291,,paper_er_sf_sparse_alpha001_noweight_50rep_mpc_fgs,results/paper_aaai2027/frozen/results/estimated_graphs/paper_er_sf_sparse_alpha001_noweight_50rep_mpc_fgs/er5/FGS/run_0047_seed_2073.npz,,paper_er_sf_sparse_alpha001_noweight_50rep_mpc_fgs,1.0,,1.0,2.0,,not applicable (score based)
er5,ER (5),FGS,49,,2074.0,6.0,0.0,6.0,0.0,6.0,6.0,6.0,0.0,0.0,0.0,6.0,6.0,6.0,0.0,0.0,0.0,,,,,,,,,,,,,,,,0.0,0.0704970359802246,,paper_er_sf_sparse_alpha001_noweight_50rep_mpc_fgs,results/paper_aaai2027/frozen/results/estimated_graphs/paper_er_sf_sparse_alpha001_noweight_50rep_mpc_fgs/er5/FGS/run_0048_seed_2074.npz,,paper_er_sf_sparse_alpha001_noweight_50rep_mpc_fgs,1.0,,1.0,2.0,,not applicable (score based)
er5,ER (5),FGS,50,,2075.0,7.0,0.2222,7.0,0.2222,7.0,7.0,7.0,0.2222,0.2222,0.2222,7.0,7.0,7.0,0.2222,0.2222,0.2222,,,,,,,,,,,,,,,,0.0,0.0714433193206787,,paper_er_sf_sparse_alpha001_noweight_50rep_mpc_fgs,results/paper_aaai2027/frozen/results/estimated_graphs/paper_er_sf_sparse_alpha001_noweight_50rep_mpc_fgs/er5/FGS/run_0049_seed_2075.npz,,paper_er_sf_sparse_alpha001_noweight_50rep_mpc_fgs,1.0,,1.0,1.0,,not applicable (score based)
er8,ER (8),ABA-PC,1,1.0,2026.0,3.2,0.56028,3.875,0.6663704149286825,3.2,2.0,4.0,0.56028,0.625,0.5,3.875,2.0,5.0,0.6663704149286825,0.875,0.5,5.0,16.0,0.8639705882352942,0.9411764705882353,0.823529411764706,0.6663602941176471,0.875,0.5,0.8779411764705882,0.9411764705882353,0.823529411764706,0.7841491841491841,0.9090909090909091,0.6666666666666666,0.0,0.0,2.13290598988533,0.0,results/paper_aaai2027/frozen/results/final_mcs_experiments_er_sf_sparse_alpha001_noweight_50rep/wc_sweep_8_2026_er_sparse_alpha001_noweight_seed2026_2075_20260715_175946/summary.json,,,,,,5.0,16.0,,retained CI facts
er8,ER (8),ABA-PC,2,2.0,2027.0,10.329584951952565,0.402204927417706,9.0960593569662,0.4877572297321374,10.329584951952565,2.0,19.0,0.402204927417706,0.75,0.0909,9.0960593569662,2.0,17.0,0.4877572297321374,0.8235418683446273,0.1818528887757699,9782.0,30325.0,0.6742747653699792,1.0,0.4166666666666667,0.48776200779856294,0.823529411764706,0.18181818181818182,0.681531923428785,1.0,0.4166666666666667,0.4073919809757274,0.9090909090909091,0.0,0.0,0.0,124.53418694622815,0.0,results/paper_aaai2027/frozen/results/final_mcs_experiments_er_sf_sparse_alpha001_noweight_50rep/wc_sweep_8_2026_er_sparse_alpha001_noweight_seed2026_2075_20260715_175946/summary.json,,,,,,9782.0,30325.0,,retained CI facts
er8,ER (8),ABA-PC,3,3.0,2028.0,3.7714285714285714,0.5319785714285714,5.049295774647887,0.6093045039737152,3.7714285714285714,0.0,7.0,0.5319785714285714,0.75,0.3333,5.049295774647887,0.0,10.0,0.6093045039737152,1.0,0.22222222222222224,70.0,568.0,0.8267717069531049,1.0,0.6666666666666665,0.6093010072820826,1.0,0.22222222222222224,0.8271541599095779,1.0,0.6666666666666665,0.6526551226551226,1.0,0.3636363636363636,1.0,1.0,3.3053002296946943,0.0,results/paper_aaai2027/frozen/results/final_mcs_experiments_er_sf_sparse_alpha001_noweight_50rep/wc_sweep_8_2026_er_sparse_alpha001_noweight_seed2026_2075_20260715_175946/summary.json,,,,,,70.0,568.0,,retained CI facts
er8,ER (8),ABA-PC,4,4.0,2029.0,6.0,0.6316,6.0,0.631609417213431,6.0,6.0,6.0,0.6316,0.6316,0.6316,6.0,6.0,6.0,0.631609417213431,0.631609417213431,0.631609417213431,1.0,1.0,0.7368421052631579,0.7368421052631579,0.7368421052631579,0.631578947368421,0.631578947368421,0.631578947368421,0.7368421052631579,0.7368421052631579,0.7368421052631579,0.4705882352941177,0.4705882352941177,0.4705882352941177,0.0,0.0,10.916149499826133,0.0,results/paper_aaai2027/frozen/results/final_mcs_experiments_er_sf_sparse_alpha001_noweight_50rep/wc_sweep_8_2026_er_sparse_alpha001_noweight_seed2026_2075_20260715_175946/summary.json,,,,,,1.0,1.0,,retained CI facts
er8,ER (8),ABA-PC,5,5.0,2030.0,10.404929577464788,0.39308327464788734,9.990114942528736,0.4286934020326392,10.404929577464788,4.0,16.0,0.39308327464788734,0.6316,0.1,9.990114942528736,4.0,16.0,0.4286934020326392,0.7777777777777777,0.0999759961593855,1136.0,4350.0,0.5836724718471182,0.7777777777777777,0.2105263157894737,0.4286995204969453,0.7777777777777777,0.1,0.5731596610514746,0.7777777777777777,0.2105263157894737,0.457795744799939,0.888888888888889,0.14285714285714288,0.0,0.0,18.756717941258103,0.0,results/paper_aaai2027/frozen/results/final_mcs_experiments_er_sf_sparse_alpha001_noweight_50rep/wc_sweep_8_2026_er_sparse_alpha001_noweight_seed2026_2075_20260715_175946/summary.json,,,,,,1136.0,4350.0,,retained CI facts
er8,ER (8),ABA-PC,6,6.0,2031.0,14.275157100963552,0.21646290801186943,13.550235294117646,0.21840684589298684,14.275157100963552,6.0,19.0,0.21646290801186943,0.6316,0.08,13.550235294117646,5.0,18.0,0.21840684589298684,0.631609417213431,0.07997823721436344,11935.0,17000.0,0.5184056944667427,0.8421052631578948,0.1904761904761905,0.21840819024779062,0.631578947368421,0.07999999999999999,0.5273821369181407,0.8421052631578948,0.1904761904761905,0.1505530725114876,0.5,0.0,0.0,0.0,121.85597120597959,0.0,results/paper_aaai2027/frozen/results/final_mcs_experiments_er_sf_sparse_alpha001_noweight_50rep/wc_sweep_8_2026_er_sparse_alpha001_noweight_seed2026_2075_20260715_175946/summary.json,,,,,,11935.0,17000.0,,retained CI facts
er8,ER (8),ABA-PC,7,7.0,2032.0,0.0,0.875,1.0,0.875,0.0,0.0,0.0,0.875,0.875,0.875,1.0,0.0,2.0,0.875,1.0,0.75,1.0,3.0,1.0,1.0,1.0,0.875,1.0,0.75,1.0,1.0,1.0,1.0,1.0,1.0,1.0,1.0,1.1998239690437913,0.0,results/paper_aaai2027/frozen/results/final_mcs_experiments_er_sf_sparse_alpha001_noweight_50rep/wc_sweep_8_2026_er_sparse_alpha001_noweight_seed2026_2075_20260715_175946/summary.json,,,,,,1.0,3.0,,retained CI facts
er8,ER (8),ABA-PC,8,8.0,2033.0,8.25925925925926,0.5650327777777778,6.287179487179487,0.6064438016137854,8.25925925925926,4.0,14.0,0.5650327777777778,0.7059,0.3478,6.287179487179487,2.0,11.0,0.6064438016137854,0.8235418683446273,0.4347542523218199,540.0,780.0,0.7748345602538631,0.9411764705882353,0.608695652173913,0.6064422595496765,0.823529411764706,0.43478260869565216,0.7644426570141113,0.9411764705882353,0.608695652173913,0.4839615280310155,0.6666666666666666,0.23529411764705882,0.0,0.0,83.84219402028248,0.0,results/paper_aaai2027/frozen/results/final_mcs_experiments_er_sf_sparse_alpha001_noweight_50rep/wc_sweep_8_2026_er_sparse_alpha001_noweight_seed2026_2075_20260715_175946/summary.json,,,,,,540.0,780.0,,retained CI facts
er8,ER (8),ABA-PC,9,9.0,2034.0,1.3333333333333333,0.6527666666666666,2.2,0.7433308443432274,1.3333333333333333,0.0,3.0,0.6527666666666666,0.8,0.5333,2.2,0.0,4.0,0.7433308443432274,1.0,0.5,3.0,20.0,0.9733333333333334,1.0,0.9333333333333333,0.7433333333333334,1.0,0.5,0.9555555555555556,1.0,0.9333333333333333,0.9333333333333332,1.0,0.8,1.0,1.0,1.438550166785717,0.0,results/paper_aaai2027/frozen/results/final_mcs_experiments_er_sf_sparse_alpha001_noweight_50rep/wc_sweep_8_2026_er_sparse_alpha001_noweight_seed2026_2075_20260715_175946/summary.json,,,,,,3.0,20.0,,retained CI facts
er8,ER (8),ABA-PC,10,10.0,2035.0,10.637755102040817,0.45184387755102046,9.816666666666666,0.44913682750278466,10.637755102040817,6.0,14.0,0.45184387755102046,0.5556,0.3478,9.816666666666666,6.0,13.0,0.44913682750278466,0.5555555555555556,0.3478544411112561,196.0,300.0,0.5983114626707304,0.7777777777777777,0.45454545454545453,0.4491474965410892,0.5555555555555556,0.3478260869565218,0.6022149538091957,0.7777777777777777,0.45454545454545453,0.3413461625251604,0.42857142857142855,0.28571428571428575,0.0,0.0,17.021073136944324,0.0,results/paper_aaai2027/frozen/results/final_mcs_experiments_er_sf_sparse_alpha001_noweight_50rep/wc_sweep_8_2026_er_sparse_alpha001_noweight_seed2026_2075_20260715_175946/summary.json,,,,,,196.0,300.0,,retained CI facts
er8,ER (8),ABA-PC,11,11.0,2036.0,6.686274509803922,0.6910352941176471,6.4743589743589745,0.6272810055155679,6.686274509803922,4.0,10.0,0.6910352941176471,0.8235,0.5263,6.4743589743589745,3.0,10.0,0.6272810055155679,0.8235418683446273,0.42102825382121356,51.0,156.0,0.6971798840993887,0.823529411764706,0.5263157894736842,0.6272762411307302,0.823529411764706,0.4210526315789474,0.6971245877091806,0.823529411764706,0.5263157894736842,0.5474577709871827,0.7272727272727272,0.2857142857142857,0.0,0.0,8.014199558645487,0.0,results/paper_aaai2027/frozen/results/final_mcs_experiments_er_sf_sparse_alpha001_noweight_50rep/wc_sweep_8_2026_er_sparse_alpha001_noweight_seed2026_2075_20260715_175946/summary.json,,,,,,51.0,156.0,,retained CI facts
er8,ER (8),ABA-PC,12,12.0,2037.0,11.100319744204636,0.2888085246427998,9.982329450915142,0.35821921051190025,11.100319744204636,2.0,18.0,0.2888085246427998,0.6667,0.087,9.982329450915142,1.0,17.0,0.35821921051190025,0.875,0.0,12510.0,30050.0,0.6443101585472668,1.0,0.2857142857142857,0.35822387459056904,0.875,0.0,0.6286865051498031,1.0,0.2857142857142857,0.2892661878177429,0.8,0.0,0.0,0.0,120.79762245481834,0.0,results/paper_aaai2027/frozen/results/final_mcs_experiments_er_sf_sparse_alpha001_noweight_50rep/wc_sweep_8_2026_er_sparse_alpha001_noweight_seed2026_2075_20260715_175946/summary.json,,,,,,12510.0,30050.0,,retained CI facts
er8,ER (8),ABA-PC,13,13.0,2038.0,7.258064516129032,0.4766677419354839,6.758064516129032,0.5307075655789394,7.258064516129032,4.0,10.0,0.4766677419354839,0.5882,0.3158,6.758064516129032,3.0,10.0,0.5307075655789394,0.705901037622644,0.31577119036591017,62.0,124.0,0.7406585724272731,0.9411764705882353,0.5555555555555556,0.5307107109963396,0.7058823529411765,0.3157894736842105,0.7406585724272731,0.9411764705882353,0.5555555555555556,0.5441399989537411,0.7142857142857143,0.3529411764705882,0.0,0.0,3.398764168843627,0.0,results/paper_aaai2027/frozen/results/final_mcs_experiments_er_sf_sparse_alpha001_noweight_50rep/wc_sweep_8_2026_er_sparse_alpha001_noweight_seed2026_2075_20260715_175946/summary.json,,,,,,62.0,124.0,,retained CI facts
er8,ER (8),ABA-PC,14,14.0,2039.0,8.779092488059053,0.42533089448545375,8.613187840997663,0.5308070226374134,8.779092488059053,2.0,15.0,0.42533089448545375,0.7368,0.1818,8.613187840997663,2.0,15.0,0.5308070226374134,0.888888888888889,0.19044081228330856,9212.0,32075.0,0.6569868251076028,0.9411764705882353,0.2857142857142857,0.5308081460092129,0.888888888888889,0.1904761904761905,0.6585509681835434,0.9411764705882353,0.2857142857142857,0.47861859104961885,1.0,0.0,0.0,0.0,123.62144406605512,0.0,results/paper_aaai2027/frozen/results/final_mcs_experiments_er_sf_sparse_alpha001_noweight_50rep/wc_sweep_8_2026_er_sparse_alpha001_noweight_seed2026_2075_20260715_175946/summary.json,,,,,,9212.0,32075.0,,retained CI facts
er8,ER (8),ABA-PC,15,15.0,2040.0,4.520833333333333,0.6786979166666667,4.010752688172043,0.7201754527705669,4.520833333333333,0.0,7.0,0.6786979166666667,1.0,0.5263,4.010752688172043,0.0,7.0,0.7201754527705669,1.0,0.526285317276517,48.0,93.0,0.840020658329357,1.0,0.6666666666666665,0.7201683182233467,1.0,0.5263157894736842,0.8281506206283683,1.0,0.6666666666666665,0.7349866189165725,1.0,0.5555555555555556,1.0,1.0,3.66326057119295,0.0,results/paper_aaai2027/frozen/results/final_mcs_experiments_er_sf_sparse_alpha001_noweight_50rep/wc_sweep_8_2026_er_sparse_alpha001_noweight_seed2026_2075_20260715_175946/summary.json,,,,,,48.0,93.0,,retained CI facts
er8,ER (8),ABA-PC,16,16.0,2041.0,16.04260882941086,0.1617654766092156,15.435709908069459,0.1986500156926473,16.04260882941086,10.0,23.0,0.1617654766092156,0.4,0.0741,15.435709908069459,8.0,22.0,0.1986500156926473,0.5000239992320246,0.0,6501.0,24475.0,0.4353262399020215,0.7000000000000001,0.1,0.19865085421701195,0.5,0.0,0.4435902919904965,0.7000000000000001,0.1,0.08018614002571936,0.5,0.0,0.0,0.0,130.04624803783372,0.0,results/paper_aaai2027/frozen/results/final_mcs_experiments_er_sf_sparse_alpha001_noweight_50rep/wc_sweep_8_2026_er_sparse_alpha001_noweight_seed2026_2075_20260715_175946/summary.json,,,,,,6501.0,24475.0,,retained CI facts
er8,ER (8),ABA-PC,17,17.0,2042.0,17.805868058680588,0.19930036065278156,15.977197898423817,0.19434569881407585,17.805868058680588,11.0,24.0,0.19930036065278156,0.4211,0.0714,15.977197898423817,9.0,24.0,0.19434569881407585,0.5000239992320246,0.0,11111.0,28550.0,0.4962179281359062,0.7272727272727273,0.28571428571428575,0.19434586620165203,0.5,0.0,0.495512503355701,0.7272727272727273,0.28571428571428575,0.017879628758090484,0.36363636363636365,0.0,0.0,0.0,138.73019014205784,0.0,results/paper_aaai2027/frozen/results/final_mcs_experiments_er_sf_sparse_alpha001_noweight_50rep/wc_sweep_8_2026_er_sparse_alpha001_noweight_seed2026_2075_20260715_175946/summary.json,,,,,,11111.0,28550.0,,retained CI facts
er8,ER (8),ABA-PC,18,18.0,2043.0,2.9166666666666665,0.6558625,3.522727272727273,0.7534152394949925,2.9166666666666665,1.0,5.0,0.6558625,0.7778,0.5556,3.522727272727273,1.0,6.0,0.7534152394949925,0.9411826989253005,0.5555555555555556,24.0,88.0,0.858925946774244,0.9411764705882353,0.7777777777777777,0.7534047909434907,0.9411764705882353,0.5555555555555556,0.8583161334709323,0.9411764705882353,0.7777777777777777,0.7693001443001443,0.9090909090909091,0.6153846153846154,0.0,0.0,1.9279013476334512,0.0,results/paper_aaai2027/frozen/results/final_mcs_experiments_er_sf_sparse_alpha001_noweight_50rep/wc_sweep_8_2026_er_sparse_alpha001_noweight_seed2026_2075_20260715_175946/summary.json,,,,,,24.0,88.0,,retained CI facts
er8,ER (8),ABA-PC,19,19.0,2044.0,1.0,0.8161666666666667,2.0,0.8161806227697666,1.0,0.0,2.0,0.8161666666666667,0.875,0.75,2.0,0.0,4.0,0.8161806227697666,1.0,0.625,3.0,12.0,0.9387254901960785,1.0,0.875,0.8161764705882354,1.0,0.625,0.9387254901960785,1.0,0.875,0.9188034188034188,1.0,0.8333333333333334,1.0,1.0,1.2163340426050127,0.0,results/paper_aaai2027/frozen/results/final_mcs_experiments_er_sf_sparse_alpha001_noweight_50rep/wc_sweep_8_2026_er_sparse_alpha001_noweight_seed2026_2075_20260715_175946/summary.json,,,,,,3.0,12.0,,retained CI facts
er8,ER (8),ABA-PC,20,20.0,2045.0,8.377643970974216,0.49332337501929907,8.597631917631917,0.5042592308768842,8.377643970974216,2.0,16.0,0.49332337501929907,0.8235,0.1667,8.597631917631917,2.0,15.0,0.5042592308768842,0.888888888888889,0.1818528887757699,6477.0,38850.0,0.6815500328572011,0.9411764705882353,0.380952380952381,0.5042636271576192,0.888888888888889,0.18181818181818182,0.7007247242706032,0.9411764705882353,0.380952380952381,0.31507333522155195,1.0,0.0,0.0,0.0,126.48712429683656,0.0,results/paper_aaai2027/frozen/results/final_mcs_experiments_er_sf_sparse_alpha001_noweight_50rep/wc_sweep_8_2026_er_sparse_alpha001_noweight_seed2026_2075_20260715_175946/summary.json,,,,,,6477.0,38850.0,,retained CI facts
er8,ER (8),ABA-PC,21,21.0,2046.0,10.24544701986755,0.45161452814569536,10.731121281464532,0.33601132247331705,10.24544701986755,4.0,17.0,0.45161452814569536,0.7778,0.1,10.731121281464532,4.0,18.0,0.33601132247331705,0.705901037622644,0.0,2416.0,14858.0,0.6484874924824796,0.888888888888889,0.43478260869565216,0.3360140166356638,0.7058823529411765,0.0,0.6463076648041245,0.888888888888889,0.43478260869565216,0.34482662704040307,0.7692307692307692,0.0,0.0,0.0,55.69391350261867,0.0,results/paper_aaai2027/frozen/results/final_mcs_experiments_er_sf_sparse_alpha001_noweight_50rep/wc_sweep_8_2026_er_sparse_alpha001_noweight_seed2026_2075_20260715_175946/summary.json,,,,,,2416.0,14858.0,,retained CI facts
er8,ER (8),ABA-PC,22,22.0,2047.0,8.851431980906922,0.418226968973747,8.291921664626683,0.4820103413401678,8.851431980906922,1.0,15.0,0.418226968973747,0.8889,0.1,8.291921664626683,1.0,15.0,0.4820103413401678,0.9411826989253005,0.0999759961593855,1676.0,4902.0,0.6844410409288233,0.9411764705882353,0.3157894736842105,0.4820149477477939,0.9411764705882353,0.1,0.6596331028653434,0.9411764705882353,0.3157894736842105,0.4399161501725379,0.888888888888889,0.0,0.0,0.0,27.008631438948214,0.0,results/paper_aaai2027/frozen/results/final_mcs_experiments_er_sf_sparse_alpha001_noweight_50rep/wc_sweep_8_2026_er_sparse_alpha001_noweight_seed2026_2075_20260715_175946/summary.json,,,,,,1676.0,4902.0,,retained CI facts
er8,ER (8),ABA-PC,23,23.0,2048.0,11.208160343593415,0.37844589835361486,11.110739986422267,0.35599909798347457,11.208160343593415,5.0,16.0,0.37844589835361486,0.5882,0.1818,11.110739986422267,5.0,16.0,0.35599909798347457,0.6666666666666665,0.16666666666666666,6985.0,36825.0,0.5590095827342747,0.888888888888889,0.2,0.3560030379443499,0.6666666666666665,0.16666666666666666,0.575028756553705,0.888888888888889,0.2,0.33906470054375837,0.6250000000000001,0.18181818181818182,0.0,0.0,121.3005528212525,0.0,results/paper_aaai2027/frozen/results/final_mcs_experiments_er_sf_sparse_alpha001_noweight_50rep/wc_sweep_8_2026_er_sparse_alpha001_noweight_seed2026_2075_20260715_175946/summary.json,,,,,,6985.0,36825.0,,retained CI facts
er8,ER (8),ABA-PC,24,24.0,2049.0,2.5,0.667725,4.0,0.6558644799920706,2.5,1.0,4.0,0.667725,0.7059,0.6316,4.0,1.0,7.0,0.6558644799920706,0.9411826989253005,0.42102825382121356,4.0,48.0,0.8985208118335054,0.9411764705882353,0.8421052631578948,0.6558594197913082,0.9411764705882353,0.4210526315789474,0.890264877880977,0.9411764705882353,0.8421052631578948,0.7184523809523808,0.8571428571428571,0.6,0.0,0.0,1.4683766891248524,0.0,results/paper_aaai2027/frozen/results/final_mcs_experiments_er_sf_sparse_alpha001_noweight_50rep/wc_sweep_8_2026_er_sparse_alpha001_noweight_seed2026_2075_20260715_175946/summary.json,,,,,,4.0,48.0,,retained CI facts
er8,ER (8),ABA-PC,25,25.0,2050.0,8.539902845246356,0.41867959750173495,7.843900630329996,0.45724293891444023,8.539902845246356,2.0,13.0,0.41867959750173495,0.6667,0.2,7.843900630329996,3.0,12.0,0.45724293891444023,0.705901037622644,0.21051412691060678,1441.0,2697.0,0.7074348693433538,0.9411764705882353,0.4444444444444445,0.45725151363700556,0.7058823529411765,0.2105263157894737,0.7065460613530409,0.9411764705882353,0.4444444444444445,0.23181851304682674,0.8,0.0,0.0,0.0,14.917627318762243,0.0,results/paper_aaai2027/frozen/results/final_mcs_experiments_er_sf_sparse_alpha001_noweight_50rep/wc_sweep_8_2026_er_sparse_alpha001_noweight_seed2026_2075_20260715_175946/summary.json,,,,,,1441.0,2697.0,,retained CI facts
er8,ER (8),ABA-PC,26,26.0,2051.0,6.5,0.5316833333333334,6.2,0.5395290783175788,6.5,5.0,8.0,0.5316833333333334,0.5556,0.5,6.2,4.0,8.0,0.5395290783175788,0.6666666666666665,0.42102825382121356,6.0,20.0,0.8044444444444444,0.888888888888889,0.7368421052631579,0.5395321637426901,0.6666666666666665,0.4210526315789474,0.8146198830409356,0.888888888888889,0.7368421052631579,0.4254208754208754,0.5,0.3636363636363636,0.0,0.0,7.418390041217208,0.0,results/paper_aaai2027/frozen/results/final_mcs_experiments_er_sf_sparse_alpha001_noweight_50rep/wc_sweep_8_2026_er_sparse_alpha001_noweight_seed2026_2075_20260715_175946/summary.json,,,,,,6.0,20.0,,retained CI facts
er8,ER (8),ABA-PC,27,27.0,2052.0,11.08982122260669,0.440483607266436,10.59461009174312,0.38804569155339813,11.08982122260669,6.0,16.0,0.440483607266436,0.6667,0.3077,10.59461009174312,5.0,16.0,0.38804569155339813,0.5555555555555556,0.23080118146575596,6936.0,13952.0,0.6398822888027064,0.888888888888889,0.4166666666666667,0.3880505430416682,0.5555555555555556,0.23076923076923078,0.6398404159530304,0.888888888888889,0.4166666666666667,0.3678210548873444,0.5333333333333333,0.25,0.0,0.0,69.95062733301893,0.0,results/paper_aaai2027/frozen/results/final_mcs_experiments_er_sf_sparse_alpha001_noweight_50rep/wc_sweep_8_2026_er_sparse_alpha001_noweight_seed2026_2075_20260715_175946/summary.json,,,,,,6936.0,13952.0,,retained CI facts
er8,ER (8),ABA-PC,28,28.0,2053.0,16.311812179016876,0.17329326713307755,16.09382323733863,0.21949170899828035,16.311812179016876,9.0,22.0,0.17329326713307755,0.4762,0.0667,16.09382323733863,9.0,22.0,0.21949170899828035,0.5000239992320246,0.0,13630.0,25175.0,0.4191357880850906,0.6956521739130436,0.08333333333333333,0.21949208178785592,0.5,0.0,0.43237344606730166,0.6956521739130436,0.08333333333333333,0.1925958946434242,0.46153846153846156,0.0,0.0,0.0,156.8344728522934,0.0,results/paper_aaai2027/frozen/results/final_mcs_experiments_er_sf_sparse_alpha001_noweight_50rep/wc_sweep_8_2026_er_sparse_alpha001_noweight_seed2026_2075_20260715_175946/summary.json,,,,,,13630.0,25175.0,,retained CI facts
er8,ER (8),ABA-PC,29,29.0,2054.0,6.2631578947368425,0.45742631578947374,5.55,0.5384449169486265,6.2631578947368425,3.0,9.0,0.45742631578947374,0.625,0.2353,5.55,2.0,9.0,0.5384449169486265,0.875,0.2352816603134265,19.0,160.0,0.8167376160990714,0.9411764705882353,0.7058823529411765,0.5384449174406605,0.875,0.23529411764705882,0.8129401806890808,0.9411764705882353,0.7058823529411765,0.3640044166359956,0.7499999999999999,0.0,0.0,0.0,1.9298184611834586,0.0,results/paper_aaai2027/frozen/results/final_mcs_experiments_er_sf_sparse_alpha001_noweight_50rep/wc_sweep_8_2026_er_sparse_alpha001_noweight_seed2026_2075_20260715_175946/summary.json,,,,,,19.0,160.0,,retained CI facts
er8,ER (8),ABA-PC,30,30.0,2055.0,4.5,0.90415,2.0,0.8395786665422189,4.5,4.0,5.0,0.90415,0.9333,0.875,2.0,1.0,3.0,0.8395786665422189,0.9333333333333333,0.75,2.0,4.0,0.9041666666666667,0.9333333333333333,0.875,0.8395833333333333,0.9333333333333333,0.75,0.9041666666666667,0.9333333333333333,0.875,0.641025641025641,0.6666666666666666,0.6153846153846153,0.0,0.0,1.2766142869368196,0.0,results/paper_aaai2027/frozen/results/final_mcs_experiments_er_sf_sparse_alpha001_noweight_50rep/wc_sweep_8_2026_er_sparse_alpha001_noweight_seed2026_2075_20260715_175946/summary.json,,,,,,2.0,4.0,,retained CI facts
er8,ER (8),ABA-PC,31,31.0,2056.0,9.227378791807103,0.44412359346642466,8.727478870336013,0.47566642898137723,9.227378791807103,2.0,15.0,0.44412359346642466,0.8235,0.1053,8.727478870336013,2.0,15.0,0.47566642898137723,0.8235418683446273,0.10525706345530339,3857.0,4851.0,0.644102565912141,0.9411764705882353,0.22222222222222224,0.47567277935629226,0.823529411764706,0.10526315789473685,0.6296873200022405,0.9411764705882353,0.22222222222222224,0.4513007094078633,0.8750000000000001,0.11764705882352941,0.0,0.0,26.810107765719295,0.0,results/paper_aaai2027/frozen/results/final_mcs_experiments_er_sf_sparse_alpha001_noweight_50rep/wc_sweep_8_2026_er_sparse_alpha001_noweight_seed2026_2075_20260715_175946/summary.json,,,,,,3857.0,4851.0,,retained CI facts
er8,ER (8),ABA-PC,32,32.0,2057.0,8.166666666666666,0.5224166666666666,6.142857142857143,0.5177263875889881,8.166666666666666,7.0,9.0,0.5224166666666666,0.5556,0.5,6.142857142857143,4.0,8.0,0.5177263875889881,0.6666666666666665,0.3999759990399616,6.0,56.0,0.8401002506265665,0.888888888888889,0.8,0.5177318295739348,0.6666666666666665,0.4,0.8358674463937623,0.888888888888889,0.8,0.47259407259407255,0.5454545454545454,0.4,0.0,0.0,5.834623698145151,0.0,results/paper_aaai2027/frozen/results/final_mcs_experiments_er_sf_sparse_alpha001_noweight_50rep/wc_sweep_8_2026_er_sparse_alpha001_noweight_seed2026_2075_20260715_175946/summary.json,,,,,,6.0,56.0,,retained CI facts
er8,ER (8),ABA-PC,33,33.0,2058.0,14.579314040728832,0.27351945337620576,13.806149292995725,0.17779336145042945,14.579314040728832,11.0,18.0,0.27351945337620576,0.4762,0.087,13.806149292995725,9.0,18.0,0.17779336145042945,0.3999759990399616,0.0,1866.0,6082.0,0.5533083863056879,0.8,0.2,0.177795259739181,0.4,0.0,0.5575264608468319,0.8,0.2,0.00540105109567943,0.15384615384615383,0.0,0.0,0.0,59.85164147475734,0.0,results/paper_aaai2027/frozen/results/final_mcs_experiments_er_sf_sparse_alpha001_noweight_50rep/wc_sweep_8_2026_er_sparse_alpha001_noweight_seed2026_2075_20260715_175946/summary.json,,,,,,1866.0,6082.0,,retained CI facts
er8,ER (8),ABA-PC,34,34.0,2059.0,9.659446322907861,0.43425628698224855,9.623477124183006,0.4801723341277038,9.659446322907861,2.0,17.0,0.43425628698224855,0.7368,0.1818,9.623477124183006,2.0,17.0,0.4801723341277038,0.8235418683446273,0.1818528887757699,9464.0,38250.0,0.5936540451939006,0.9411764705882353,0.1904761904761905,0.48017792022169264,0.823529411764706,0.18181818181818182,0.5851657128420991,0.9411764705882353,0.1904761904761905,0.5366620662507275,0.923076923076923,0.2222222222222222,0.0,0.0,121.18574080290273,0.0,results/paper_aaai2027/frozen/results/final_mcs_experiments_er_sf_sparse_alpha001_noweight_50rep/wc_sweep_8_2026_er_sparse_alpha001_noweight_seed2026_2075_20260715_175946/summary.json,,,,,,9464.0,38250.0,,retained CI facts
er8,ER (8),ABA-PC,35,35.0,2060.0,13.903443113772456,0.3386140469061876,12.655983772819473,0.37961982142025485,13.903443113772456,7.0,21.0,0.3386140469061876,0.7,0.0769,12.655983772819473,6.0,20.0,0.37961982142025485,0.6999759994514161,0.07997823721436344,16032.0,24650.0,0.535326679762077,0.761904761904762,0.25,0.379623304263053,0.7000000000000001,0.07999999999999999,0.5255041186421867,0.761904761904762,0.25,0.24819714664933284,0.5454545454545454,0.0,0.0,0.0,121.58686894411221,0.0,results/paper_aaai2027/frozen/results/final_mcs_experiments_er_sf_sparse_alpha001_noweight_50rep/wc_sweep_8_2026_er_sparse_alpha001_noweight_seed2026_2075_20260715_175946/summary.json,,,,,,16032.0,24650.0,,retained CI facts
er8,ER (8),ABA-PC,36,36.0,2061.0,7.798295454545454,0.38590457386363636,8.18401973617964,0.5062768289068524,7.798295454545454,2.0,13.0,0.38590457386363636,0.5882,0.1,8.18401973617964,2.0,15.0,0.5062768289068524,0.888888888888889,0.0999759961593855,3520.0,39724.0,0.6979419368829768,0.9411764705882353,0.4761904761904762,0.5062804994330335,0.888888888888889,0.1,0.7131363753199491,0.9411764705882353,0.4761904761904762,0.4073252540778443,1.0,0.0,0.0,0.0,93.1023557218723,0.0,results/paper_aaai2027/frozen/results/final_mcs_experiments_er_sf_sparse_alpha001_noweight_50rep/wc_sweep_8_2026_er_sparse_alpha001_noweight_seed2026_2075_20260715_175946/summary.json,,,,,,3520.0,39724.0,,retained CI facts
er8,ER (8),ABA-PC,37,37.0,2062.0,13.633082373782107,0.2897494856790884,13.486431663574521,0.25323325210480707,13.633082373782107,6.0,22.0,0.2897494856790884,0.6667,0.0833,13.486431663574521,6.0,22.0,0.25323325210480707,0.5882602066745722,0.0,18064.0,40425.0,0.3696300283787947,0.7058823529411765,0.0,0.2532380707318896,0.5882352941176471,0.0,0.3659125294147083,0.7058823529411765,0.0,0.2703406928746031,0.7692307692307692,0.0,0.0,0.0,124.8065934968181,0.0,results/paper_aaai2027/frozen/results/final_mcs_experiments_er_sf_sparse_alpha001_noweight_50rep/wc_sweep_8_2026_er_sparse_alpha001_noweight_seed2026_2075_20260715_175946/summary.json,,,,,,18064.0,40425.0,,retained CI facts
er8,ER (8),ABA-PC,38,38.0,2063.0,5.428571428571429,0.5544285714285715,5.0,0.5539696364275143,5.428571428571429,4.0,7.0,0.5544285714285715,0.7143,0.4,5.0,3.0,7.0,0.5539696364275143,0.7142734691078654,0.40001244400199104,7.0,9.0,0.7775132275132274,0.8571428571428571,0.6666666666666666,0.553968253968254,0.7142857142857143,0.39999999999999997,0.7629251700680272,0.8571428571428571,0.6666666666666666,0.43035535892678745,0.5454545454545454,0.30769230769230765,0.0,0.0,1.1112019740976393,0.0,results/paper_aaai2027/frozen/results/final_mcs_experiments_er_sf_sparse_alpha001_noweight_50rep/wc_sweep_8_2026_er_sparse_alpha001_noweight_seed2026_2075_20260715_175946/summary.json,,,,,,7.0,9.0,,retained CI facts
er8,ER (8),ABA-PC,39,39.0,2064.0,1.5,0.5719,2.6666666666666665,0.781597161230002,1.5,1.0,2.0,0.5719,0.5882,0.5556,2.6666666666666665,1.0,4.0,0.781597161230002,0.9411826989253005,0.6666666666666665,2.0,12.0,0.9150326797385621,0.9411764705882353,0.888888888888889,0.7815904139433552,0.9411764705882353,0.6666666666666665,0.9150326797385622,0.9411764705882353,0.888888888888889,0.8712121212121211,0.9090909090909091,0.8333333333333333,0.0,0.0,1.2153941979631782,0.0,results/paper_aaai2027/frozen/results/final_mcs_experiments_er_sf_sparse_alpha001_noweight_50rep/wc_sweep_8_2026_er_sparse_alpha001_noweight_seed2026_2075_20260715_175946/summary.json,,,,,,2.0,12.0,,retained CI facts
er8,ER (8),ABA-PC,40,40.0,2065.0,6.962686567164179,0.5108388059701492,8.942838792549775,0.32614521456970874,6.962686567164179,3.0,10.0,0.5108388059701492,0.8235,0.3333,8.942838792549775,4.0,14.0,0.32614521456970874,0.625,0.09088594704684318,268.0,3114.0,0.7541412650817035,0.9411764705882353,0.5882352941176471,0.3261516754540079,0.625,0.09090909090909091,0.7639905729810685,0.9411764705882353,0.5882352941176471,0.3205240033598243,0.8,0.0,0.0,0.0,7.712537605315447,0.0,results/paper_aaai2027/frozen/results/final_mcs_experiments_er_sf_sparse_alpha001_noweight_50rep/wc_sweep_8_2026_er_sparse_alpha001_noweight_seed2026_2075_20260715_175946/summary.json,,,,,,268.0,3114.0,,retained CI facts
er8,ER (8),ABA-PC,41,41.0,2066.0,2.2,0.8147,3.5714285714285716,0.6039938206423321,2.2,0.0,4.0,0.8147,0.875,0.75,3.5714285714285716,0.0,7.0,0.6039938206423321,1.0,0.2352816603134265,5.0,84.0,0.9663865546218486,1.0,0.9411764705882353,0.6039915966386554,1.0,0.23529411764705882,0.9882352941176471,1.0,0.9411764705882353,0.7266666666666667,1.0,0.5,1.0,1.0,1.1177526297979057,0.0,results/paper_aaai2027/frozen/results/final_mcs_experiments_er_sf_sparse_alpha001_noweight_50rep/wc_sweep_8_2026_er_sparse_alpha001_noweight_seed2026_2075_20260715_175946/summary.json,,,,,,5.0,84.0,,retained CI facts
er8,ER (8),ABA-PC,42,42.0,2067.0,10.67304015296367,0.2532644787644788,10.210772833723654,0.23351201491011664,10.67304015296367,7.0,14.0,0.2532644787644788,0.4444,0.0952,10.210772833723654,5.0,15.0,0.23351201491011664,0.5555555555555556,0.0,523.0,1708.0,0.6974745146836415,0.888888888888889,0.4210526315789474,0.23351782394658388,0.5555555555555556,0.0,0.671732227095723,0.888888888888889,0.4210526315789474,0.1080780702195616,0.4444444444444445,0.0,0.0,0.0,6.36143084615469,0.0,results/paper_aaai2027/frozen/results/final_mcs_experiments_er_sf_sparse_alpha001_noweight_50rep/wc_sweep_8_2026_er_sparse_alpha001_noweight_seed2026_2075_20260715_175946/summary.json,,,,,,523.0,1708.0,,retained CI facts
er8,ER (8),ABA-PC,43,43.0,2068.0,8.629348630643968,0.5085879071058476,8.369767705382436,0.5567758728982369,8.629348630643968,3.0,17.0,0.5085879071058476,0.875,0.25,8.369767705382436,2.0,16.0,0.5567758728982369,0.875,0.1818528887757699,10808.0,44125.0,0.6170417305268336,0.875,0.2857142857142857,0.5567773328048673,0.875,0.18181818181818182,0.6193133949155847,0.875,0.2857142857142857,0.5398023056732105,0.9090909090909091,0.0,0.0,0.0,121.64102127589285,0.0,results/paper_aaai2027/frozen/results/final_mcs_experiments_er_sf_sparse_alpha001_noweight_50rep/wc_sweep_8_2026_er_sparse_alpha001_noweight_seed2026_2075_20260715_175946/summary.json,,,,,,10808.0,44125.0,,retained CI facts
er8,ER (8),ABA-PC,44,44.0,2069.0,11.026143790849673,0.3126686274509804,10.4375,0.3620377259525797,11.026143790849673,5.0,14.0,0.3126686274509804,0.625,0.1053,10.4375,5.0,14.0,0.3620377259525797,0.625,0.21051412691060678,153.0,320.0,0.5769403508274192,0.75,0.45454545454545453,0.3620450915765204,0.625,0.2105263157894737,0.5737456375906911,0.75,0.45454545454545453,0.34666981793643603,0.6666666666666666,0.14285714285714285,0.0,0.0,16.151538539212197,0.0,results/paper_aaai2027/frozen/results/final_mcs_experiments_er_sf_sparse_alpha001_noweight_50rep/wc_sweep_8_2026_er_sparse_alpha001_noweight_seed2026_2075_20260715_175946/summary.json,,,,,,153.0,320.0,,retained CI facts
er8,ER (8),ABA-PC,45,45.0,2070.0,12.27723558783477,0.29975124551036963,11.401313782991203,0.3063636541620099,12.27723558783477,4.0,19.0,0.29975124551036963,0.7059,0.087,11.401313782991203,3.0,19.0,0.3063636541620099,0.8235418683446273,0.0,17624.0,42625.0,0.5410344258438057,0.888888888888889,0.0,0.30636686606005126,0.823529411764706,0.0,0.5185923748613518,0.888888888888889,0.0,0.2765029870378227,0.6666666666666666,0.0,0.0,0.0,121.3061098260805,0.0,results/paper_aaai2027/frozen/results/final_mcs_experiments_er_sf_sparse_alpha001_noweight_50rep/wc_sweep_8_2026_er_sparse_alpha001_noweight_seed2026_2075_20260715_175946/summary.json,,,,,,17624.0,42625.0,,retained CI facts
er8,ER (8),ABA-PC,46,46.0,2071.0,5.4,0.68334,5.409090909090909,0.6619974306010208,5.4,4.0,7.0,0.68334,0.75,0.5882,5.409090909090909,4.0,7.0,0.6619974306010208,0.75,0.470563320626853,5.0,22.0,0.7047682709447416,0.75,0.6666666666666665,0.6619875222816399,0.75,0.47058823529411764,0.7068627450980391,0.75,0.6666666666666665,0.9006593406593406,1.0,0.8,0.0,0.0,2.621695885900408,0.0,results/paper_aaai2027/frozen/results/final_mcs_experiments_er_sf_sparse_alpha001_noweight_50rep/wc_sweep_8_2026_er_sparse_alpha001_noweight_seed2026_2075_20260715_175946/summary.json,,,,,,5.0,22.0,,retained CI facts
er8,ER (8),ABA-PC,47,47.0,2072.0,8.966530483972344,0.5627586109365179,8.013826523807406,0.5193420747354589,8.966530483972344,1.0,15.0,0.5627586109365179,0.8889,0.1905,8.013826523807406,1.0,15.0,0.5193420747354589,0.9411826989253005,0.1818528887757699,6364.0,22493.0,0.6857878998409827,1.0,0.36363636363636365,0.5193459189180792,0.9411764705882353,0.18181818181818182,0.6810991481723403,1.0,0.36363636363636365,0.34281685201657847,0.8,0.0,0.0,0.0,54.59904404822737,0.0,results/paper_aaai2027/frozen/results/final_mcs_experiments_er_sf_sparse_alpha001_noweight_50rep/wc_sweep_8_2026_er_sparse_alpha001_noweight_seed2026_2075_20260715_175946/summary.json,,,,,,6364.0,22493.0,,retained CI facts
er8,ER (8),ABA-PC,48,48.0,2073.0,7.5,0.2829333333333333,8.5,0.3892665791856837,7.5,6.0,9.0,0.2829333333333333,0.3333,0.2105,8.5,6.0,11.0,0.3892665791856837,0.5555555555555556,0.21051412691060678,6.0,24.0,0.7082846003898635,0.7777777777777777,0.631578947368421,0.38927875243664717,0.5555555555555556,0.2105263157894737,0.7082846003898635,0.7777777777777777,0.631578947368421,0.41544566544566547,0.5,0.30769230769230765,0.0,0.0,6.595665439032018,0.0,results/paper_aaai2027/frozen/results/final_mcs_experiments_er_sf_sparse_alpha001_noweight_50rep/wc_sweep_8_2026_er_sparse_alpha001_noweight_seed2026_2075_20260715_175946/summary.json,,,,,,6.0,24.0,,retained CI facts
er8,ER (8),ABA-PC,49,49.0,2074.0,8.948453608247423,0.30038041237113405,8.990099009900991,0.3054853212187926,8.948453608247423,5.0,12.0,0.30038041237113405,0.5,0.1053,8.990099009900991,4.0,13.0,0.3054853212187926,0.625,0.10525706345530339,582.0,1616.0,0.6572035812327363,0.875,0.4444444444444445,0.305492769671704,0.625,0.10526315789473685,0.6505560106721895,0.875,0.4444444444444445,0.1708539932766737,0.4000000000000001,0.0,0.0,0.0,5.62195412395522,0.0,results/paper_aaai2027/frozen/results/final_mcs_experiments_er_sf_sparse_alpha001_noweight_50rep/wc_sweep_8_2026_er_sparse_alpha001_noweight_seed2026_2075_20260715_175946/summary.json,,,,,,582.0,1616.0,,retained CI facts
er8,ER (8),ABA-PC,50,50.0,2075.0,4.444444444444445,0.5379412698412698,4.5266457680250785,0.6268368219514291,4.444444444444445,0.0,7.0,0.5379412698412698,0.75,0.3333,4.5266457680250785,0.0,8.0,0.6268368219514291,1.0,0.33333333333333326,63.0,319.0,0.8564670134676541,1.0,0.7777777777777777,0.6268318662228132,1.0,0.33333333333333326,0.8812861401870691,1.0,0.7777777777777777,0.6539122253407967,1.0,0.42857142857142855,1.0,1.0,1.721472876612097,0.0,results/paper_aaai2027/frozen/results/final_mcs_experiments_er_sf_sparse_alpha001_noweight_50rep/wc_sweep_8_2026_er_sparse_alpha001_noweight_seed2026_2075_20260715_175946/summary.json,,,,,,63.0,319.0,,retained CI facts
er8,ER (8),OptABA-PC,1,1.0,2026.0,1.0,0.6667,2.0,0.7999922219567343,1.0,1.0,1.0,0.6667,0.6667,0.6667,2.0,1.0,3.0,0.7999922219567343,0.9333333333333333,0.6666728888225192,1.0,4.0,0.9333333333333333,0.9333333333333333,0.9333333333333333,0.7999999999999999,0.9333333333333333,0.6666666666666666,0.9333333333333333,0.9333333333333333,0.9333333333333333,1.0,1.0,1.0,0.0,0.0,209.4772208938375,0.0,results/paper_aaai2027/frozen/results/final_mcs_experiments_er_sf_sparse_alpha001_noweight_50rep/wc_sweep_8_2026_er_sparse_alpha001_noweight_seed2026_2075_20260715_175946/summary.json,,,,,,1.0,4.0,,retained CI facts
er8,ER (8),OptABA-PC,2,2.0,2027.0,3.5,0.6862999999999999,4.5,0.6862838521069738,3.5,3.0,4.0,0.6862999999999999,0.7059,0.6667,4.5,3.0,6.0,0.6862838521069738,0.8235418683446273,0.5555555555555556,2.0,6.0,0.8006535947712418,0.823529411764706,0.7777777777777777,0.6862745098039215,0.823529411764706,0.5555555555555556,0.8006535947712419,0.823529411764706,0.7777777777777777,0.6969696969696969,0.7272727272727272,0.6666666666666666,0.0,0.0,302.23219419131055,0.0,results/paper_aaai2027/frozen/results/final_mcs_experiments_er_sf_sparse_alpha001_noweight_50rep/wc_sweep_8_2026_er_sparse_alpha001_noweight_seed2026_2075_20260715_175946/summary.json,,,,,,2.0,6.0,,retained CI facts
er8,ER (8),OptABA-PC,3,3.0,2028.0,7.0,0.41514285714285715,5.5,0.4758372215749379,7.0,5.0,9.0,0.41514285714285715,0.5,0.25,5.5,3.0,8.0,0.4758372215749379,0.625,0.25,14.0,28.0,0.8565592903828199,1.0,0.75,0.4758403361344538,0.625,0.25,0.8565592903828199,1.0,0.75,0.22736787022501306,0.3333333333333333,0.0,0.0,0.0,1.4116656128317118,0.0,results/paper_aaai2027/frozen/results/final_mcs_experiments_er_sf_sparse_alpha001_noweight_50rep/wc_sweep_8_2026_er_sparse_alpha001_noweight_seed2026_2075_20260715_175946/summary.json,,,,,,14.0,28.0,,retained CI facts
er8,ER (8),OptABA-PC,4,4.0,2029.0,8.0,0.338225,6.8,0.469116401184771,8.0,6.0,9.0,0.338225,0.5,0.25,6.8,4.0,9.0,0.469116401184771,0.75,0.25,4.0,30.0,0.6911764705882353,0.75,0.625,0.46911764705882353,0.75,0.25,0.6764705882352942,0.75,0.625,0.4568181818181818,0.6,0.3636363636363636,0.0,0.0,23.816431262996048,0.0,results/paper_aaai2027/frozen/results/final_mcs_experiments_er_sf_sparse_alpha001_noweight_50rep/wc_sweep_8_2026_er_sparse_alpha001_noweight_seed2026_2075_20260715_175946/summary.json,,,,,,4.0,30.0,,retained CI facts
er8,ER (8),OptABA-PC,5,5.0,2030.0,6.0,0.5641625,5.318181818181818,0.6219069098759985,6.0,5.0,7.0,0.5641625,0.5882,0.5263,5.318181818181818,4.0,7.0,0.6219069098759985,0.705901037622644,0.526285317276517,8.0,22.0,0.784892266316415,0.823529411764706,0.7368421052631579,0.6219001157081652,0.7058823529411765,0.5263157894736842,0.7898176814585482,0.823529411764706,0.7368421052631579,0.7163170163170163,0.8,0.6153846153846153,0.0,0.0,95.41669831611216,0.0,results/paper_aaai2027/frozen/results/final_mcs_experiments_er_sf_sparse_alpha001_noweight_50rep/wc_sweep_8_2026_er_sparse_alpha001_noweight_seed2026_2075_20260715_175946/summary.json,,,,,,8.0,22.0,,retained CI facts
er8,ER (8),OptABA-PC,6,6.0,2031.0,5.75,0.6198125,4.75,0.6198038157609654,5.75,4.0,7.0,0.6198125,0.7059,0.5556,4.75,2.0,7.0,0.6198038157609654,0.8235418683446273,0.4444444444444445,8.0,32.0,0.8454592363261094,0.9411764705882353,0.7777777777777777,0.619797041623667,0.823529411764706,0.4444444444444445,0.8454592363261094,0.9411764705882353,0.7777777777777777,0.4647727272727273,0.6,0.36363636363636365,0.0,0.0,302.107995047234,0.0,results/paper_aaai2027/frozen/results/final_mcs_experiments_er_sf_sparse_alpha001_noweight_50rep/wc_sweep_8_2026_er_sparse_alpha001_noweight_seed2026_2075_20260715_175946/summary.json,,,,,,8.0,32.0,,retained CI facts
er8,ER (8),OptABA-PC,7,7.0,2032.0,0.0,0.875,1.0,0.875,0.0,0.0,0.0,0.875,0.875,0.875,1.0,0.0,2.0,0.875,1.0,0.75,1.0,3.0,1.0,1.0,1.0,0.875,1.0,0.75,1.0,1.0,1.0,1.0,1.0,1.0,1.0,1.0,1.1875234646722674,0.0,results/paper_aaai2027/frozen/results/final_mcs_experiments_er_sf_sparse_alpha001_noweight_50rep/wc_sweep_8_2026_er_sparse_alpha001_noweight_seed2026_2075_20260715_175946/summary.json,,,,,,1.0,3.0,,retained CI facts
er8,ER (8),OptABA-PC,8,8.0,2033.0,4.0,0.5882,3.5,0.6470806221486081,4.0,4.0,4.0,0.5882,0.5882,0.5882,3.5,3.0,4.0,0.6470806221486081,0.705901037622644,0.5882602066745722,1.0,4.0,0.9411764705882353,0.9411764705882353,0.9411764705882353,0.6470588235294118,0.7058823529411765,0.5882352941176471,0.9411764705882353,0.9411764705882353,0.9411764705882353,0.7272727272727273,0.7272727272727273,0.7272727272727273,0.0,0.0,302.31688463827595,0.0,results/paper_aaai2027/frozen/results/final_mcs_experiments_er_sf_sparse_alpha001_noweight_50rep/wc_sweep_8_2026_er_sparse_alpha001_noweight_seed2026_2075_20260715_175946/summary.json,,,,,,1.0,4.0,,retained CI facts
er8,ER (8),OptABA-PC,9,9.0,2034.0,1.3333333333333333,0.6527666666666666,2.2,0.7433308443432274,1.3333333333333333,0.0,3.0,0.6527666666666666,0.8,0.5333,2.2,0.0,4.0,0.7433308443432274,1.0,0.5,3.0,20.0,0.9733333333333334,1.0,0.9333333333333333,0.7433333333333334,1.0,0.5,0.9555555555555556,1.0,0.9333333333333333,0.9333333333333332,1.0,0.8,1.0,1.0,1.4420209154486656,0.0,results/paper_aaai2027/frozen/results/final_mcs_experiments_er_sf_sparse_alpha001_noweight_50rep/wc_sweep_8_2026_er_sparse_alpha001_noweight_seed2026_2075_20260715_175946/summary.json,,,,,,3.0,20.0,,retained CI facts
er8,ER (8),OptABA-PC,10,10.0,2035.0,4.0,0.592725,4.380952380952381,0.5884722796076234,4.0,2.0,6.0,0.592725,0.75,0.4444,4.380952380952381,2.0,6.0,0.5884722796076234,0.75,0.4444444444444445,4.0,21.0,0.9140989729225023,1.0,0.888888888888889,0.588468720821662,0.75,0.4444444444444445,0.9428104575163399,1.0,0.888888888888889,0.7619047619047619,0.8571428571428571,0.6666666666666666,0.0,0.0,2.2787443599663675,0.0,results/paper_aaai2027/frozen/results/final_mcs_experiments_er_sf_sparse_alpha001_noweight_50rep/wc_sweep_8_2026_er_sparse_alpha001_noweight_seed2026_2075_20260715_175946/summary.json,,,,,,4.0,21.0,,retained CI facts
er8,ER (8),OptABA-PC,11,11.0,2036.0,9.0,0.25,8.5,0.3125,9.0,9.0,9.0,0.25,0.25,0.25,8.5,8.0,9.0,0.3125,0.375,0.25,1.0,2.0,0.625,0.625,0.625,0.3125,0.375,0.25,0.625,0.625,0.625,0.3333333333333333,0.3333333333333333,0.3333333333333333,0.0,0.0,302.3489585588686,0.0,results/paper_aaai2027/frozen/results/final_mcs_experiments_er_sf_sparse_alpha001_noweight_50rep/wc_sweep_8_2026_er_sparse_alpha001_noweight_seed2026_2075_20260715_175946/summary.json,,,,,,1.0,2.0,,retained CI facts
er8,ER (8),OptABA-PC,12,12.0,2037.0,4.083333333333333,0.551,4.1,0.6265126652177286,4.083333333333333,2.0,7.0,0.551,0.6667,0.4211,4.1,1.0,7.0,0.6265126652177286,0.875,0.42102825382121356,12.0,80.0,0.9112831097351222,1.0,0.8421052631578948,0.6265071379428965,0.875,0.4210526315789474,0.9252952643045522,1.0,0.8421052631578948,0.5956182706182706,0.7272727272727272,0.4,0.0,0.0,1.5533253722824156,0.0,results/paper_aaai2027/frozen/results/final_mcs_experiments_er_sf_sparse_alpha001_noweight_50rep/wc_sweep_8_2026_er_sparse_alpha001_noweight_seed2026_2075_20260715_175946/summary.json,,,,,,12.0,80.0,,retained CI facts
er8,ER (8),OptABA-PC,13,13.0,2038.0,4.0,0.5882,3.5,0.6470806221486081,4.0,4.0,4.0,0.5882,0.5882,0.5882,3.5,3.0,4.0,0.6470806221486081,0.705901037622644,0.5882602066745722,1.0,2.0,0.9411764705882353,0.9411764705882353,0.9411764705882353,0.6470588235294118,0.7058823529411765,0.5882352941176471,0.9411764705882353,0.9411764705882353,0.9411764705882353,0.6666666666666666,0.6666666666666666,0.6666666666666666,0.0,0.0,1.8543718098662794,0.0,results/paper_aaai2027/frozen/results/final_mcs_experiments_er_sf_sparse_alpha001_noweight_50rep/wc_sweep_8_2026_er_sparse_alpha001_noweight_seed2026_2075_20260715_175946/summary.json,,,,,,1.0,2.0,,retained CI facts
er8,ER (8),OptABA-PC,14,14.0,2039.0,3.0,0.6667,3.5,0.7222222222222222,3.0,3.0,3.0,0.6667,0.6667,0.6667,3.5,2.0,5.0,0.7222222222222222,0.888888888888889,0.5555555555555556,1.0,6.0,0.888888888888889,0.888888888888889,0.888888888888889,0.7222222222222222,0.888888888888889,0.5555555555555556,0.888888888888889,0.888888888888889,0.888888888888889,0.7272727272727273,0.7272727272727273,0.7272727272727273,0.0,0.0,301.23484918195754,0.0,results/paper_aaai2027/frozen/results/final_mcs_experiments_er_sf_sparse_alpha001_noweight_50rep/wc_sweep_8_2026_er_sparse_alpha001_noweight_seed2026_2075_20260715_175946/summary.json,,,,,,1.0,6.0,,retained CI facts
er8,ER (8),OptABA-PC,15,15.0,2040.0,2.0,0.75,1.3333333333333333,0.8333333333333334,2.0,2.0,2.0,0.75,0.75,0.75,1.3333333333333333,1.0,2.0,0.8333333333333334,0.875,0.75,1.0,3.0,1.0,1.0,1.0,0.8333333333333334,0.875,0.75,1.0,1.0,1.0,0.8571428571428571,0.8571428571428571,0.8571428571428571,0.0,0.0,87.50192688265815,0.0,results/paper_aaai2027/frozen/results/final_mcs_experiments_er_sf_sparse_alpha001_noweight_50rep/wc_sweep_8_2026_er_sparse_alpha001_noweight_seed2026_2075_20260715_175946/summary.json,,,,,,1.0,3.0,,retained CI facts
er8,ER (8),OptABA-PC,16,16.0,2041.0,5.0,0.556425,4.5,0.6120602172961801,5.0,3.0,7.0,0.556425,0.5882,0.5263,4.5,2.0,7.0,0.6120602172961801,0.8235418683446273,0.42102825382121356,4.0,48.0,0.890264877880977,0.9411764705882353,0.8421052631578948,0.6120571035431717,0.823529411764706,0.4210526315789474,0.890264877880977,0.9411764705882353,0.8421052631578948,0.5393939393939393,0.7272727272727272,0.3636363636363636,0.0,0.0,302.16877900622785,0.0,results/paper_aaai2027/frozen/results/final_mcs_experiments_er_sf_sparse_alpha001_noweight_50rep/wc_sweep_8_2026_er_sparse_alpha001_noweight_seed2026_2075_20260715_175946/summary.json,,,,,,4.0,48.0,,retained CI facts
er8,ER (8),OptABA-PC,17,17.0,2042.0,3.0,0.4706,4.0,0.5882461928996604,3.0,3.0,3.0,0.4706,0.4706,0.4706,4.0,3.0,5.0,0.5882461928996604,0.705901037622644,0.470563320626853,1.0,4.0,0.9411764705882353,0.9411764705882353,0.9411764705882353,0.5882352941176471,0.7058823529411765,0.47058823529411764,0.9411764705882353,0.9411764705882353,0.9411764705882353,0.7272727272727273,0.7272727272727273,0.7272727272727273,0.0,0.0,301.9861361118965,0.0,results/paper_aaai2027/frozen/results/final_mcs_experiments_er_sf_sparse_alpha001_noweight_50rep/wc_sweep_8_2026_er_sparse_alpha001_noweight_seed2026_2075_20260715_175946/summary.json,,,,,,1.0,4.0,,retained CI facts
er8,ER (8),OptABA-PC,18,18.0,2043.0,1.8333333333333333,0.6739166666666666,2.8333333333333335,0.78621392521895,1.8333333333333333,1.0,3.0,0.6739166666666666,0.7059,0.6316,2.8333333333333335,1.0,5.0,0.78621392521895,0.9411826989253005,0.631609417213431,6.0,24.0,0.8985208118335054,0.9411764705882353,0.8421052631578948,0.7862057103543171,0.9411764705882353,0.631578947368421,0.8985208118335054,0.9411764705882353,0.8421052631578948,0.8479020979020979,0.9090909090909091,0.7692307692307693,0.0,0.0,32.10115306824446,0.0,results/paper_aaai2027/frozen/results/final_mcs_experiments_er_sf_sparse_alpha001_noweight_50rep/wc_sweep_8_2026_er_sparse_alpha001_noweight_seed2026_2075_20260715_175946/summary.json,,,,,,6.0,24.0,,retained CI facts
er8,ER (8),OptABA-PC,19,19.0,2044.0,2.0,0.75,3.0,0.75,2.0,2.0,2.0,0.75,0.75,0.75,3.0,2.0,4.0,0.75,0.875,0.625,1.0,4.0,0.875,0.875,0.875,0.75,0.875,0.625,0.875,0.875,0.875,0.8333333333333334,0.8333333333333334,0.8333333333333334,0.0,0.0,1.3622887060046196,0.0,results/paper_aaai2027/frozen/results/final_mcs_experiments_er_sf_sparse_alpha001_noweight_50rep/wc_sweep_8_2026_er_sparse_alpha001_noweight_seed2026_2075_20260715_175946/summary.json,,,,,,1.0,4.0,,retained CI facts
er8,ER (8),OptABA-PC,20,20.0,2045.0,2.25,0.7008,3.5869565217391304,0.6687525246498829,2.25,1.0,4.0,0.7008,0.875,0.5556,3.5869565217391304,1.0,6.0,0.6687525246498829,0.9411826989253005,0.4444444444444445,4.0,46.0,0.9210002841716396,1.0,0.888888888888889,0.6687446717817561,0.9411764705882353,0.4444444444444445,0.9297385620915033,1.0,0.888888888888889,0.5833333333333333,1.0,0.0,0.0,0.0,302.353867885191,0.0,results/paper_aaai2027/frozen/results/final_mcs_experiments_er_sf_sparse_alpha001_noweight_50rep/wc_sweep_8_2026_er_sparse_alpha001_noweight_seed2026_2075_20260715_175946/summary.json,,,,,,4.0,46.0,,retained CI facts
er8,ER (8),OptABA-PC,21,21.0,2046.0,2.0,0.7778,3.0,0.7777777777777777,2.0,2.0,2.0,0.7778,0.7778,0.7778,3.0,2.0,4.0,0.7777777777777777,0.888888888888889,0.6666666666666665,1.0,4.0,0.888888888888889,0.888888888888889,0.888888888888889,0.7777777777777777,0.888888888888889,0.6666666666666665,0.888888888888889,0.888888888888889,0.888888888888889,0.8571428571428571,0.8571428571428571,0.8571428571428571,0.0,0.0,301.74031876400113,0.0,results/paper_aaai2027/frozen/results/final_mcs_experiments_er_sf_sparse_alpha001_noweight_50rep/wc_sweep_8_2026_er_sparse_alpha001_noweight_seed2026_2075_20260715_175946/summary.json,,,,,,1.0,4.0,,retained CI facts
er8,ER (8),OptABA-PC,22,22.0,2047.0,3.0,0.8,2.5,0.7333271108290307,3.0,3.0,3.0,0.8,0.8,0.8,2.5,2.0,3.0,0.7333271108290307,0.7999813328355423,0.6666728888225192,1.0,2.0,0.9333333333333333,0.9333333333333333,0.9333333333333333,0.7333333333333333,0.7999999999999999,0.6666666666666666,0.9333333333333333,0.9333333333333333,0.9333333333333333,0.8,0.8,0.8,0.0,0.0,225.8076276727952,0.0,results/paper_aaai2027/frozen/results/final_mcs_experiments_er_sf_sparse_alpha001_noweight_50rep/wc_sweep_8_2026_er_sparse_alpha001_noweight_seed2026_2075_20260715_175946/summary.json,,,,,,1.0,2.0,,retained CI facts
er8,ER (8),OptABA-PC,23,23.0,2048.0,5.0,0.5,5.0,0.5,5.0,5.0,5.0,0.5,0.5,0.5,5.0,4.0,6.0,0.5,0.625,0.375,1.0,4.0,0.875,0.875,0.875,0.5,0.625,0.375,0.875,0.875,0.875,0.4615384615384615,0.4615384615384615,0.4615384615384615,0.0,0.0,8.577646783087403,0.0,results/paper_aaai2027/frozen/results/final_mcs_experiments_er_sf_sparse_alpha001_noweight_50rep/wc_sweep_8_2026_er_sparse_alpha001_noweight_seed2026_2075_20260715_175946/summary.json,,,,,,1.0,4.0,,retained CI facts
er8,ER (8),OptABA-PC,24,24.0,2049.0,1.5,0.6862999999999999,3.5,0.6862821003759838,1.5,1.0,2.0,0.6862999999999999,0.7059,0.6667,3.5,1.0,6.0,0.6862821003759838,0.9411826989253005,0.4444444444444445,2.0,32.0,0.9150326797385622,0.9411764705882353,0.888888888888889,0.6862745098039216,0.9411764705882353,0.4444444444444445,0.9150326797385622,0.9411764705882353,0.888888888888889,0.8035714285714285,0.8571428571428571,0.7499999999999999,0.0,0.0,2.1609844621270895,0.0,results/paper_aaai2027/frozen/results/final_mcs_experiments_er_sf_sparse_alpha001_noweight_50rep/wc_sweep_8_2026_er_sparse_alpha001_noweight_seed2026_2075_20260715_175946/summary.json,,,,,,2.0,32.0,,retained CI facts
er8,ER (8),OptABA-PC,25,25.0,2050.0,5.0,0.5286,4.5,0.5875258742276079,5.0,4.0,6.0,0.5286,0.5882,0.4706,4.5,3.0,6.0,0.5875258742276079,0.705901037622644,0.470563320626853,4.0,8.0,0.8821486928104576,0.9411764705882353,0.823529411764706,0.5875204248366013,0.7058823529411765,0.47058823529411764,0.8821486928104576,0.9411764705882353,0.823529411764706,0.37003968253968256,0.5,0.25,0.0,0.0,10.210377567913383,0.0,results/paper_aaai2027/frozen/results/final_mcs_experiments_er_sf_sparse_alpha001_noweight_50rep/wc_sweep_8_2026_er_sparse_alpha001_noweight_seed2026_2075_20260715_175946/summary.json,,,,,,4.0,8.0,,retained CI facts
er8,ER (8),OptABA-PC,26,26.0,2051.0,2.0,0.5882,3.5,0.6470666083436716,2.0,2.0,2.0,0.5882,0.5882,0.5882,3.5,1.0,6.0,0.6470666083436716,0.9411826989253005,0.3529224904701398,1.0,16.0,0.9411764705882353,0.9411764705882353,0.9411764705882353,0.6470588235294118,0.9411764705882353,0.35294117647058826,0.9411764705882353,0.9411764705882353,0.9411764705882353,0.6666666666666666,0.6666666666666666,0.6666666666666666,0.0,0.0,302.1307004150003,0.0,results/paper_aaai2027/frozen/results/final_mcs_experiments_er_sf_sparse_alpha001_noweight_50rep/wc_sweep_8_2026_er_sparse_alpha001_noweight_seed2026_2075_20260715_175946/summary.json,,,,,,1.0,16.0,,retained CI facts
er8,ER (8),OptABA-PC,27,27.0,2052.0,3.0,0.8767,2.6666666666666665,0.8056000398419515,3.0,2.0,4.0,0.8767,0.9333,0.8235,2.6666666666666665,1.0,4.0,0.8056000398419515,0.9333333333333333,0.705901037622644,4.0,12.0,0.8675653594771241,0.9333333333333333,0.823529411764706,0.8055964052287582,0.9333333333333333,0.7058823529411765,0.8767156862745098,0.9333333333333333,0.823529411764706,0.8285714285714285,0.8571428571428571,0.7999999999999999,0.0,0.0,302.2801804919727,0.0,results/paper_aaai2027/frozen/results/final_mcs_experiments_er_sf_sparse_alpha001_noweight_50rep/wc_sweep_8_2026_er_sparse_alpha001_noweight_seed2026_2075_20260715_175946/summary.json,,,,,,4.0,12.0,,retained CI facts
er8,ER (8),OptABA-PC,28,28.0,2053.0,6.5,0.32455,7.555555555555555,0.4411793297079696,6.5,6.0,7.0,0.32455,0.3333,0.3158,7.555555555555555,6.0,9.0,0.4411793297079696,0.5555555555555556,0.31577119036591017,2.0,9.0,0.7504873294346978,0.7777777777777777,0.7368421052631579,0.44119558154645877,0.5555555555555556,0.3157894736842105,0.7573099415204678,0.7777777777777777,0.7368421052631579,0.5,0.5,0.5,0.0,0.0,302.1606368361972,0.0,results/paper_aaai2027/frozen/results/final_mcs_experiments_er_sf_sparse_alpha001_noweight_50rep/wc_sweep_8_2026_er_sparse_alpha001_noweight_seed2026_2075_20260715_175946/summary.json,,,,,,2.0,9.0,,retained CI facts
er8,ER (8),OptABA-PC,29,29.0,2054.0,2.9375,0.71864375,4.029411764705882,0.6415856567479379,2.9375,0.0,5.0,0.71864375,0.875,0.5882,4.029411764705882,0.0,8.0,0.6415856567479379,1.0,0.25,16.0,102.0,0.8770665128796618,1.0,0.75,0.6415801614763552,1.0,0.25,0.876327614379085,1.0,0.75,0.7029040404040404,1.0,0.5,1.0,1.0,1.7236422621645033,0.0,results/paper_aaai2027/frozen/results/final_mcs_experiments_er_sf_sparse_alpha001_noweight_50rep/wc_sweep_8_2026_er_sparse_alpha001_noweight_seed2026_2075_20260715_175946/summary.json,,,,,,16.0,102.0,,retained CI facts
er8,ER (8),OptABA-PC,30,30.0,2055.0,4.0,0.9333,1.5,0.8666573330844378,4.0,4.0,4.0,0.9333,0.9333,0.9333,1.5,1.0,2.0,0.8666573330844378,0.9333333333333333,0.7999813328355423,1.0,2.0,0.9333333333333333,0.9333333333333333,0.9333333333333333,0.8666666666666667,0.9333333333333333,0.7999999999999999,0.9333333333333333,0.9333333333333333,0.9333333333333333,0.6666666666666666,0.6666666666666666,0.6666666666666666,0.0,0.0,31.679379254113883,0.0,results/paper_aaai2027/frozen/results/final_mcs_experiments_er_sf_sparse_alpha001_noweight_50rep/wc_sweep_8_2026_er_sparse_alpha001_noweight_seed2026_2075_20260715_175946/summary.json,,,,,,1.0,2.0,,retained CI facts
er8,ER (8),OptABA-PC,31,31.0,2056.0,2.0,0.75,2.0,0.875,2.0,2.0,2.0,0.75,0.75,0.75,2.0,2.0,2.0,0.875,0.875,0.875,1.0,1.0,0.875,0.875,0.875,0.875,0.875,0.875,0.875,0.875,0.875,0.8571428571428571,0.8571428571428571,0.8571428571428571,0.0,0.0,301.9770074649714,0.0,results/paper_aaai2027/frozen/results/final_mcs_experiments_er_sf_sparse_alpha001_noweight_50rep/wc_sweep_8_2026_er_sparse_alpha001_noweight_seed2026_2075_20260715_175946/summary.json,,,,,,1.0,1.0,,retained CI facts
er8,ER (8),OptABA-PC,32,32.0,2057.0,4.0,0.75,2.3333333333333335,0.7083333333333334,4.0,4.0,4.0,0.75,0.75,0.75,2.3333333333333335,2.0,3.0,0.7083333333333334,0.75,0.625,1.0,3.0,1.0,1.0,1.0,0.7083333333333334,0.75,0.625,1.0,1.0,1.0,0.6,0.6,0.6,0.0,0.0,302.04403297090903,0.0,results/paper_aaai2027/frozen/results/final_mcs_experiments_er_sf_sparse_alpha001_noweight_50rep/wc_sweep_8_2026_er_sparse_alpha001_noweight_seed2026_2075_20260715_175946/summary.json,,,,,,1.0,3.0,,retained CI facts
er8,ER (8),OptABA-PC,33,33.0,2058.0,3.0,0.625,4.0,0.5,3.0,3.0,3.0,0.625,0.625,0.625,4.0,3.0,5.0,0.5,0.625,0.375,1.0,4.0,1.0,1.0,1.0,0.5,0.625,0.375,1.0,1.0,1.0,0.6666666666666666,0.6666666666666666,0.6666666666666666,0.0,0.0,301.84142122929916,0.0,results/paper_aaai2027/frozen/results/final_mcs_experiments_er_sf_sparse_alpha001_noweight_50rep/wc_sweep_8_2026_er_sparse_alpha001_noweight_seed2026_2075_20260715_175946/summary.json,,,,,,1.0,4.0,,retained CI facts
er8,ER (8),OptABA-PC,34,34.0,2059.0,2.5,0.7348833333333333,3.7222222222222223,0.6784726426098905,2.5,0.0,5.0,0.7348833333333333,0.875,0.5882,3.7222222222222223,0.0,7.0,0.6784726426098905,1.0,0.3529224904701398,6.0,54.0,0.8905531348341805,1.0,0.823529411764706,0.6784676833696442,1.0,0.35294117647058826,0.9116285403050108,1.0,0.823529411764706,0.8139471639471639,1.0,0.6,1.0,1.0,4.742444324772805,0.0,results/paper_aaai2027/frozen/results/final_mcs_experiments_er_sf_sparse_alpha001_noweight_50rep/wc_sweep_8_2026_er_sparse_alpha001_noweight_seed2026_2075_20260715_175946/summary.json,,,,,,6.0,54.0,,retained CI facts
er8,ER (8),OptABA-PC,35,35.0,2060.0,4.25,0.52125,4.416666666666667,0.6179279533854469,4.25,3.0,5.0,0.52125,0.5882,0.4706,4.416666666666667,2.0,6.0,0.6179279533854469,0.8235418683446273,0.470563320626853,4.0,24.0,0.869281045751634,0.9411764705882353,0.823529411764706,0.6179193899782135,0.823529411764706,0.47058823529411764,0.869281045751634,0.9411764705882353,0.823529411764706,0.5388888888888889,0.6666666666666666,0.4444444444444444,0.0,0.0,6.981809052173048,0.0,results/paper_aaai2027/frozen/results/final_mcs_experiments_er_sf_sparse_alpha001_noweight_50rep/wc_sweep_8_2026_er_sparse_alpha001_noweight_seed2026_2075_20260715_175946/summary.json,,,,,,4.0,24.0,,retained CI facts
er8,ER (8),OptABA-PC,36,36.0,2061.0,2.347826086956522,0.4971652173913043,3.751572327044025,0.682479765889783,2.347826086956522,0.0,4.0,0.4971652173913043,0.625,0.3333,3.751572327044025,0.0,7.0,0.682479765889783,1.0,0.42102825382121356,23.0,318.0,0.9004322682399672,1.0,0.8421052631578948,0.6824739081332633,1.0,0.4210526315789474,0.9266388477587831,1.0,0.8421052631578948,0.8173913043478259,1.0,0.6,1.0,1.0,24.624686310067773,0.0,results/paper_aaai2027/frozen/results/final_mcs_experiments_er_sf_sparse_alpha001_noweight_50rep/wc_sweep_8_2026_er_sparse_alpha001_noweight_seed2026_2075_20260715_175946/summary.json,,,,,,23.0,318.0,,retained CI facts
er8,ER (8),OptABA-PC,37,37.0,2062.0,5.0,0.6667,5.0,0.5333317774846417,5.0,5.0,5.0,0.6667,0.6667,0.6667,5.0,4.0,6.0,0.5333317774846417,0.6666728888225192,0.40001244400199104,1.0,8.0,0.7999999999999999,0.7999999999999999,0.7999999999999999,0.5333333333333333,0.6666666666666666,0.39999999999999997,0.7999999999999999,0.7999999999999999,0.7999999999999999,0.6,0.6,0.6,0.0,0.0,57.48049580305815,0.0,results/paper_aaai2027/frozen/results/final_mcs_experiments_er_sf_sparse_alpha001_noweight_50rep/wc_sweep_8_2026_er_sparse_alpha001_noweight_seed2026_2075_20260715_175946/summary.json,,,,,,1.0,8.0,,retained CI facts
er8,ER (8),OptABA-PC,38,38.0,2063.0,4.0,0.7143,3.5,0.6428571425422758,4.0,4.0,4.0,0.7143,0.7143,0.7143,3.5,3.0,4.0,0.6428571425422758,0.7142734691078654,0.5714408159766863,1.0,2.0,0.8571428571428571,0.8571428571428571,0.8571428571428571,0.6428571428571429,0.7142857142857143,0.5714285714285715,0.8571428571428571,0.8571428571428571,0.8571428571428571,0.5454545454545454,0.5454545454545454,0.5454545454545454,0.0,0.0,1.0810295259580016,0.0,results/paper_aaai2027/frozen/results/final_mcs_experiments_er_sf_sparse_alpha001_noweight_50rep/wc_sweep_8_2026_er_sparse_alpha001_noweight_seed2026_2075_20260715_175946/summary.json,,,,,,1.0,2.0,,retained CI facts
er8,ER (8),OptABA-PC,39,39.0,2064.0,0.5,0.6066,1.6666666666666667,0.8290508649337059,0.5,0.0,1.0,0.6066,0.625,0.5882,1.6666666666666667,0.0,3.0,0.8290508649337059,1.0,0.705901037622644,2.0,12.0,0.9705882352941176,1.0,0.9411764705882353,0.8290441176470589,1.0,0.7058823529411765,0.9705882352941176,1.0,0.9411764705882353,0.9545454545454546,1.0,0.9090909090909091,1.0,1.0,28.594313361216336,0.0,results/paper_aaai2027/frozen/results/final_mcs_experiments_er_sf_sparse_alpha001_noweight_50rep/wc_sweep_8_2026_er_sparse_alpha001_noweight_seed2026_2075_20260715_175946/summary.json,,,,,,2.0,12.0,,retained CI facts
er8,ER (8),OptABA-PC,40,40.0,2065.0,2.5,0.8654999999999999,5.0,0.5950292392665966,2.5,2.0,3.0,0.8654999999999999,0.8889,0.8421,5.0,2.0,8.0,0.5950292392665966,0.888888888888889,0.31577119036591017,2.0,96.0,0.8654970760233919,0.888888888888889,0.8421052631578948,0.5950292397660818,0.888888888888889,0.3157894736842105,0.8654970760233919,0.888888888888889,0.8421052631578948,0.8,0.8,0.8,0.0,0.0,1.1960802851244807,0.0,results/paper_aaai2027/frozen/results/final_mcs_experiments_er_sf_sparse_alpha001_noweight_50rep/wc_sweep_8_2026_er_sparse_alpha001_noweight_seed2026_2075_20260715_175946/summary.json,,,,,,2.0,96.0,,retained CI facts
er8,ER (8),OptABA-PC,41,41.0,2066.0,2.2,0.8147,3.5714285714285716,0.6039938206423321,2.2,0.0,4.0,0.8147,0.875,0.75,3.5714285714285716,0.0,7.0,0.6039938206423321,1.0,0.2352816603134265,5.0,84.0,0.9663865546218486,1.0,0.9411764705882353,0.6039915966386554,1.0,0.23529411764705882,0.9882352941176471,1.0,0.9411764705882353,0.7266666666666667,1.0,0.5,1.0,1.0,1.0498492196202278,0.0,results/paper_aaai2027/frozen/results/final_mcs_experiments_er_sf_sparse_alpha001_noweight_50rep/wc_sweep_8_2026_er_sparse_alpha001_noweight_seed2026_2075_20260715_175946/summary.json,,,,,,5.0,84.0,,retained CI facts
er8,ER (8),OptABA-PC,42,42.0,2067.0,3.0,0.5,3.5,0.5625,3.0,3.0,3.0,0.5,0.5,0.5,3.5,3.0,4.0,0.5625,0.625,0.5,1.0,2.0,1.0,1.0,1.0,0.5625,0.625,0.5,1.0,1.0,1.0,0.6666666666666666,0.6666666666666666,0.6666666666666666,0.0,0.0,2.5451603699475527,0.0,results/paper_aaai2027/frozen/results/final_mcs_experiments_er_sf_sparse_alpha001_noweight_50rep/wc_sweep_8_2026_er_sparse_alpha001_noweight_seed2026_2075_20260715_175946/summary.json,,,,,,1.0,2.0,,retained CI facts
er8,ER (8),OptABA-PC,43,43.0,2068.0,1.0,0.8,1.5,0.8666573330844378,1.0,1.0,1.0,0.8,0.8,0.8,1.5,1.0,2.0,0.8666573330844378,0.9333333333333333,0.7999813328355423,1.0,2.0,0.9333333333333333,0.9333333333333333,0.9333333333333333,0.8666666666666667,0.9333333333333333,0.7999999999999999,0.9333333333333333,0.9333333333333333,0.9333333333333333,1.0,1.0,1.0,0.0,0.0,301.8633819068782,0.0,results/paper_aaai2027/frozen/results/final_mcs_experiments_er_sf_sparse_alpha001_noweight_50rep/wc_sweep_8_2026_er_sparse_alpha001_noweight_seed2026_2075_20260715_175946/summary.json,,,,,,1.0,2.0,,retained CI facts
er8,ER (8),OptABA-PC,44,44.0,2069.0,5.333333333333333,0.4618666666666667,5.333333333333333,0.5773493137849588,5.333333333333333,5.0,6.0,0.4618666666666667,0.4706,0.4444,5.333333333333333,4.0,7.0,0.5773493137849588,0.705901037622644,0.4444444444444445,3.0,12.0,0.8082788671023966,0.823529411764706,0.7777777777777777,0.5773420479302832,0.7058823529411765,0.4444444444444445,0.8082788671023966,0.823529411764706,0.7777777777777777,0.5587301587301586,0.5714285714285714,0.5333333333333333,0.0,0.0,111.00616274122149,0.0,results/paper_aaai2027/frozen/results/final_mcs_experiments_er_sf_sparse_alpha001_noweight_50rep/wc_sweep_8_2026_er_sparse_alpha001_noweight_seed2026_2075_20260715_175946/summary.json,,,,,,3.0,12.0,,retained CI facts
er8,ER (8),OptABA-PC,45,45.0,2070.0,3.5,0.70835,4.166666666666667,0.6222215307210093,3.5,3.0,4.0,0.70835,0.75,0.6667,4.166666666666667,2.0,6.0,0.6222215307210093,0.875,0.40001244400199104,2.0,18.0,0.8374999999999999,0.875,0.7999999999999999,0.6222222222222222,0.875,0.39999999999999997,0.8374999999999999,0.875,0.7999999999999999,0.5833333333333333,0.6666666666666665,0.5,0.0,0.0,233.6605655113235,0.0,results/paper_aaai2027/frozen/results/final_mcs_experiments_er_sf_sparse_alpha001_noweight_50rep/wc_sweep_8_2026_er_sparse_alpha001_noweight_seed2026_2075_20260715_175946/summary.json,,,,,,2.0,18.0,,retained CI facts
er8,ER (8),OptABA-PC,46,46.0,2071.0,2.5,0.82855,2.6666666666666665,0.8190351742713139,2.5,2.0,3.0,0.82855,0.8571,0.8,2.6666666666666665,2.0,3.0,0.8190351742713139,0.8571428571428571,0.7999813328355423,2.0,3.0,0.8190476190476189,0.8571428571428571,0.7999999999999999,0.8190476190476189,0.8571428571428571,0.7999999999999999,0.8285714285714285,0.8571428571428571,0.7999999999999999,1.0,1.0,1.0,0.0,0.0,301.8791449968703,0.0,results/paper_aaai2027/frozen/results/final_mcs_experiments_er_sf_sparse_alpha001_noweight_50rep/wc_sweep_8_2026_er_sparse_alpha001_noweight_seed2026_2075_20260715_175946/summary.json,,,,,,2.0,3.0,,retained CI facts
er8,ER (8),OptABA-PC,47,47.0,2072.0,2.0,0.7867500000000001,2.5714285714285716,0.7011603558008971,2.0,1.0,3.0,0.7867500000000001,0.8235,0.75,2.5714285714285716,1.0,4.0,0.7011603558008971,0.875,0.5,2.0,14.0,0.9831932773109244,1.0,0.9411764705882353,0.701155462184874,0.875,0.5,0.9705882352941176,1.0,0.9411764705882353,0.6857142857142857,0.8,0.5714285714285715,0.0,0.0,301.92280024988577,0.0,results/paper_aaai2027/frozen/results/final_mcs_experiments_er_sf_sparse_alpha001_noweight_50rep/wc_sweep_8_2026_er_sparse_alpha001_noweight_seed2026_2075_20260715_175946/summary.json,,,,,,2.0,14.0,,retained CI facts
er8,ER (8),OptABA-PC,48,48.0,2073.0,5.333333333333333,0.23093333333333335,6.333333333333333,0.3463958856407046,5.333333333333333,5.0,6.0,0.23093333333333335,0.2353,0.2222,6.333333333333333,4.0,9.0,0.3463958856407046,0.5882602066745722,0.11111111111111112,3.0,36.0,0.9237472766884532,0.9411764705882353,0.888888888888889,0.3464052287581699,0.5882352941176471,0.11111111111111112,0.9237472766884531,0.9411764705882353,0.888888888888889,0.2240740740740741,0.25,0.2,0.0,0.0,301.9415979650803,0.0,results/paper_aaai2027/frozen/results/final_mcs_experiments_er_sf_sparse_alpha001_noweight_50rep/wc_sweep_8_2026_er_sparse_alpha001_noweight_seed2026_2075_20260715_175946/summary.json,,,,,,3.0,36.0,,retained CI facts
er8,ER (8),OptABA-PC,49,49.0,2074.0,5.5,0.2762,6.166666666666667,0.34126987420816945,5.5,5.0,6.0,0.2762,0.2857,0.2667,6.166666666666667,5.0,7.0,0.34126987420816945,0.42857142857142855,0.2666604442785141,2.0,6.0,0.8190476190476189,0.8571428571428571,0.7999999999999999,0.3412698412698412,0.42857142857142855,0.26666666666666666,0.8285714285714285,0.8571428571428571,0.7999999999999999,0.4000000000000001,0.4000000000000001,0.4000000000000001,0.0,0.0,1.127836775034666,0.0,results/paper_aaai2027/frozen/results/final_mcs_experiments_er_sf_sparse_alpha001_noweight_50rep/wc_sweep_8_2026_er_sparse_alpha001_noweight_seed2026_2075_20260715_175946/summary.json,,,,,,2.0,6.0,,retained CI facts
er8,ER (8),OptABA-PC,50,50.0,2075.0,4.444444444444445,0.5379412698412698,4.5266457680250785,0.6268368219514291,4.444444444444445,0.0,7.0,0.5379412698412698,0.75,0.3333,4.5266457680250785,0.0,8.0,0.6268368219514291,1.0,0.33333333333333326,63.0,319.0,0.8564670134676541,1.0,0.7777777777777777,0.6268318662228132,1.0,0.33333333333333326,0.8812861401870691,1.0,0.7777777777777777,0.6539122253407967,1.0,0.42857142857142855,1.0,1.0,1.6840412435121834,0.0,results/paper_aaai2027/frozen/results/final_mcs_experiments_er_sf_sparse_alpha001_noweight_50rep/wc_sweep_8_2026_er_sparse_alpha001_noweight_seed2026_2075_20260715_175946/summary.json,,,,,,63.0,319.0,,retained CI facts
er8,ER (8),MPC,1,,2026.0,1.0,0.6667,3.0,0.7692,1.0,1.0,1.0,0.6667,0.6667,0.6667,2.0,1.0,3.0,0.8,0.9333,0.6667,0.0,0.0,,,,,,,,,,,,,,0.0,0.0155317783355712,,paper_er_sf_sparse_alpha001_noweight_50rep_mpc_fgs,results/paper_aaai2027/frozen/results/estimated_graphs/paper_er_sf_sparse_alpha001_noweight_50rep_mpc_fgs/er8/MPC/run_0000_seed_2026.npz,,paper_er_sf_sparse_alpha001_noweight_50rep_mpc_fgs,1.0,,1.0,4.0,,full recorded matched G2 CI trace
er8,ER (8),MPC,2,,2027.0,1.0,0.875,2.0,0.8571,1.0,1.0,1.0,0.875,0.875,0.875,1.0,0.0,2.0,0.875,1.0,0.75,0.0,0.0,,,,,,,,,,,,,,1.0,0.0299746990203857,,paper_er_sf_sparse_alpha001_noweight_50rep_mpc_fgs,results/paper_aaai2027/frozen/results/estimated_graphs/paper_er_sf_sparse_alpha001_noweight_50rep_mpc_fgs/er8/MPC/run_0001_seed_2027.npz,,paper_er_sf_sparse_alpha001_noweight_50rep_mpc_fgs,1.0,,1.0,3.0,,full recorded matched G2 CI trace
er8,ER (8),MPC,3,,2028.0,0.0,0.75,3.0,0.7692,0.0,0.0,0.0,0.75,0.75,0.75,1.5,0.0,3.0,0.8125,1.0,0.625,0.0,0.0,,,,,,,,,,,,,,1.0,0.0191426277160644,,paper_er_sf_sparse_alpha001_noweight_50rep_mpc_fgs,results/paper_aaai2027/frozen/results/estimated_graphs/paper_er_sf_sparse_alpha001_noweight_50rep_mpc_fgs/er8/MPC/run_0002_seed_2028.npz,,paper_er_sf_sparse_alpha001_noweight_50rep_mpc_fgs,1.0,,1.0,8.0,,full recorded matched G2 CI trace
er8,ER (8),MPC,4,,2029.0,6.0,0.5714,6.0,0.3333,6.0,6.0,6.0,0.5714,0.5714,0.5714,5.333333333333333,5.0,6.0,0.3809666666666667,0.4286,0.2857,0.0,0.0,,,,,,,,,,,,,,0.0,0.0125966072082519,,paper_er_sf_sparse_alpha001_noweight_50rep_mpc_fgs,results/paper_aaai2027/frozen/results/estimated_graphs/paper_er_sf_sparse_alpha001_noweight_50rep_mpc_fgs/er8/MPC/run_0003_seed_2029.npz,,paper_er_sf_sparse_alpha001_noweight_50rep_mpc_fgs,1.0,,1.0,3.0,,full recorded matched G2 CI trace
er8,ER (8),MPC,5,,2030.0,3.0,0.5,5.0,0.4286,3.0,3.0,3.0,0.5,0.5,0.5,,,,,,,0.0,0.0,,,,,,,,,,,,,,,0.0320117473602294,,paper_er_sf_sparse_alpha001_noweight_50rep_mpc_fgs,results/paper_aaai2027/frozen/results/estimated_graphs/paper_er_sf_sparse_alpha001_noweight_50rep_mpc_fgs/er8/MPC/run_0004_seed_2030.npz,,paper_er_sf_sparse_alpha001_noweight_50rep_mpc_fgs,0.0,ValueError: Endpoint graph has no consistent DAG extension,0.0,0.0,,full recorded matched G2 CI trace
er8,ER (8),MPC,6,,2031.0,4.0,0.625,4.0,0.5333,4.0,4.0,4.0,0.625,0.625,0.625,3.5,3.0,4.0,0.5625,0.625,0.5,0.0,0.0,,,,,,,,,,,,,,0.0,0.0583512783050537,,paper_er_sf_sparse_alpha001_noweight_50rep_mpc_fgs,results/paper_aaai2027/frozen/results/estimated_graphs/paper_er_sf_sparse_alpha001_noweight_50rep_mpc_fgs/er8/MPC/run_0005_seed_2031.npz,,paper_er_sf_sparse_alpha001_noweight_50rep_mpc_fgs,1.0,,1.0,2.0,,full recorded matched G2 CI trace
er8,ER (8),MPC,7,,2032.0,3.0,0.625,3.0,0.625,3.0,3.0,3.0,0.625,0.625,0.625,3.0,3.0,3.0,0.625,0.625,0.625,0.0,0.0,,,,,,,,,,,,,,0.0,0.022489309310913,,paper_er_sf_sparse_alpha001_noweight_50rep_mpc_fgs,results/paper_aaai2027/frozen/results/estimated_graphs/paper_er_sf_sparse_alpha001_noweight_50rep_mpc_fgs/er8/MPC/run_0006_seed_2032.npz,,paper_er_sf_sparse_alpha001_noweight_50rep_mpc_fgs,1.0,,1.0,1.0,,full recorded matched G2 CI trace
er8,ER (8),MPC,8,,2033.0,0.0,0.75,4.0,0.6667,0.0,0.0,0.0,0.75,0.75,0.75,1.75,0.0,3.0,0.78125,1.0,0.625,0.0,0.0,,,,,,,,,,,,,,1.0,0.0217931270599365,,paper_er_sf_sparse_alpha001_noweight_50rep_mpc_fgs,results/paper_aaai2027/frozen/results/estimated_graphs/paper_er_sf_sparse_alpha001_noweight_50rep_mpc_fgs/er8/MPC/run_0007_seed_2033.npz,,paper_er_sf_sparse_alpha001_noweight_50rep_mpc_fgs,1.0,,1.0,8.0,,full recorded matched G2 CI trace
er8,ER (8),MPC,9,,2034.0,3.0,0.8,2.0,0.8571,3.0,3.0,3.0,0.8,0.8,0.8,1.5,1.0,2.0,0.86665,0.9333,0.8,1.0,2.0,,,,,,,,,,,,,,0.0,0.0140085220336914,,paper_er_sf_sparse_alpha001_noweight_50rep_mpc_fgs,results/paper_aaai2027/frozen/results/estimated_graphs/paper_er_sf_sparse_alpha001_noweight_50rep_mpc_fgs/er8/MPC/run_0008_seed_2034.npz,,paper_er_sf_sparse_alpha001_noweight_50rep_mpc_fgs,1.0,,1.0,2.0,,full recorded matched G2 CI trace
er8,ER (8),MPC,10,,2035.0,0.0,0.75,2.0,0.8571,0.0,0.0,0.0,0.75,0.75,0.75,0.6666666666666666,0.0,1.0,0.9166666666666666,1.0,0.875,0.0,0.0,,,,,,,,,,,,,,1.0,0.018688678741455,,paper_er_sf_sparse_alpha001_noweight_50rep_mpc_fgs,results/paper_aaai2027/frozen/results/estimated_graphs/paper_er_sf_sparse_alpha001_noweight_50rep_mpc_fgs/er8/MPC/run_0009_seed_2035.npz,,paper_er_sf_sparse_alpha001_noweight_50rep_mpc_fgs,1.0,,1.0,3.0,,full recorded matched G2 CI trace
er8,ER (8),MPC,11,,2036.0,3.0,0.6667,3.0,0.6667,3.0,3.0,3.0,0.6667,0.6667,0.6667,3.0,3.0,3.0,0.6667,0.6667,0.6667,0.0,0.0,,,,,,,,,,,,,,0.0,0.0208919048309326,,paper_er_sf_sparse_alpha001_noweight_50rep_mpc_fgs,results/paper_aaai2027/frozen/results/estimated_graphs/paper_er_sf_sparse_alpha001_noweight_50rep_mpc_fgs/er8/MPC/run_0010_seed_2036.npz,,paper_er_sf_sparse_alpha001_noweight_50rep_mpc_fgs,1.0,,1.0,1.0,,full recorded matched G2 CI trace
er8,ER (8),MPC,12,,2037.0,0.0,0.875,2.0,0.8571,0.0,0.0,0.0,0.875,0.875,0.875,1.0,0.0,2.0,0.875,1.0,0.75,0.0,0.0,,,,,,,,,,,,,,1.0,0.0169723033905029,,paper_er_sf_sparse_alpha001_noweight_50rep_mpc_fgs,results/paper_aaai2027/frozen/results/estimated_graphs/paper_er_sf_sparse_alpha001_noweight_50rep_mpc_fgs/er8/MPC/run_0011_seed_2037.npz,,paper_er_sf_sparse_alpha001_noweight_50rep_mpc_fgs,1.0,,1.0,4.0,,full recorded matched G2 CI trace
er8,ER (8),MPC,13,,2038.0,0.0,1.0,1.0,0.9333,0.0,0.0,0.0,1.0,1.0,1.0,0.5,0.0,1.0,0.9375,1.0,0.875,0.0,0.0,,,,,,,,,,,,,,1.0,0.0271344184875488,,paper_er_sf_sparse_alpha001_noweight_50rep_mpc_fgs,results/paper_aaai2027/frozen/results/estimated_graphs/paper_er_sf_sparse_alpha001_noweight_50rep_mpc_fgs/er8/MPC/run_0012_seed_2038.npz,,paper_er_sf_sparse_alpha001_noweight_50rep_mpc_fgs,1.0,,1.0,2.0,,full recorded matched G2 CI trace
er8,ER (8),MPC,14,,2039.0,6.0,0.625,4.0,0.5333,6.0,6.0,6.0,0.625,0.625,0.625,3.5,3.0,4.0,0.5625,0.625,0.5,0.0,0.0,,,,,,,,,,,,,,0.0,0.0234515666961669,,paper_er_sf_sparse_alpha001_noweight_50rep_mpc_fgs,results/paper_aaai2027/frozen/results/estimated_graphs/paper_er_sf_sparse_alpha001_noweight_50rep_mpc_fgs/er8/MPC/run_0013_seed_2039.npz,,paper_er_sf_sparse_alpha001_noweight_50rep_mpc_fgs,1.0,,1.0,2.0,,full recorded matched G2 CI trace
er8,ER (8),MPC,15,,2040.0,0.0,1.0,0.0,1.0,0.0,0.0,0.0,1.0,1.0,1.0,0.0,0.0,0.0,1.0,1.0,1.0,0.0,0.0,,,,,,,,,,,,,,1.0,0.0305886268615722,,paper_er_sf_sparse_alpha001_noweight_50rep_mpc_fgs,results/paper_aaai2027/frozen/results/estimated_graphs/paper_er_sf_sparse_alpha001_noweight_50rep_mpc_fgs/er8/MPC/run_0014_seed_2040.npz,,paper_er_sf_sparse_alpha001_noweight_50rep_mpc_fgs,1.0,,1.0,1.0,,full recorded matched G2 CI trace
er8,ER (8),MPC,16,,2041.0,3.0,0.7059,5.0,0.5714,3.0,3.0,3.0,0.7059,0.7059,0.7059,3.5,2.0,5.0,0.64705,0.8235,0.4706,0.0,0.0,,,,,,,,,,,,,,0.0,0.0314221382141113,,paper_er_sf_sparse_alpha001_noweight_50rep_mpc_fgs,results/paper_aaai2027/frozen/results/estimated_graphs/paper_er_sf_sparse_alpha001_noweight_50rep_mpc_fgs/er8/MPC/run_0015_seed_2041.npz,,paper_er_sf_sparse_alpha001_noweight_50rep_mpc_fgs,1.0,,1.0,6.0,,full recorded matched G2 CI trace
er8,ER (8),MPC,17,,2042.0,2.0,0.5,4.0,0.5714,2.0,2.0,2.0,0.5,0.5,0.5,3.0,2.0,4.0,0.625,0.75,0.5,0.0,0.0,,,,,,,,,,,,,,0.0,0.0346827507019043,,paper_er_sf_sparse_alpha001_noweight_50rep_mpc_fgs,results/paper_aaai2027/frozen/results/estimated_graphs/paper_er_sf_sparse_alpha001_noweight_50rep_mpc_fgs/er8/MPC/run_0016_seed_2042.npz,,paper_er_sf_sparse_alpha001_noweight_50rep_mpc_fgs,1.0,,1.0,4.0,,full recorded matched G2 CI trace
er8,ER (8),MPC,18,,2043.0,3.0,0.4286,6.0,0.4,3.0,3.0,3.0,0.4286,0.4286,0.4286,3.5,2.0,5.0,0.64285,0.8571,0.4286,0.0,0.0,,,,,,,,,,,,,,0.0,0.0271024703979492,,paper_er_sf_sparse_alpha001_noweight_50rep_mpc_fgs,results/paper_aaai2027/frozen/results/estimated_graphs/paper_er_sf_sparse_alpha001_noweight_50rep_mpc_fgs/er8/MPC/run_0017_seed_2043.npz,,paper_er_sf_sparse_alpha001_noweight_50rep_mpc_fgs,1.0,,1.0,8.0,,full recorded matched G2 CI trace
er8,ER (8),MPC,19,,2044.0,3.0,0.6667,5.0,0.5455,3.0,3.0,3.0,0.6667,0.6667,0.6667,3.0,1.0,5.0,0.6666666666666665,0.9333,0.4,0.0,0.0,,,,,,,,,,,,,,0.0,0.0181407928466796,,paper_er_sf_sparse_alpha001_noweight_50rep_mpc_fgs,results/paper_aaai2027/frozen/results/estimated_graphs/paper_er_sf_sparse_alpha001_noweight_50rep_mpc_fgs/er8/MPC/run_0018_seed_2044.npz,,paper_er_sf_sparse_alpha001_noweight_50rep_mpc_fgs,1.0,,1.0,12.0,,full recorded matched G2 CI trace
er8,ER (8),MPC,20,,2045.0,3.0,0.625,3.0,0.625,3.0,3.0,3.0,0.625,0.625,0.625,3.0,3.0,3.0,0.625,0.625,0.625,0.0,0.0,,,,,,,,,,,,,,0.0,0.0431723594665527,,paper_er_sf_sparse_alpha001_noweight_50rep_mpc_fgs,results/paper_aaai2027/frozen/results/estimated_graphs/paper_er_sf_sparse_alpha001_noweight_50rep_mpc_fgs/er8/MPC/run_0019_seed_2045.npz,,paper_er_sf_sparse_alpha001_noweight_50rep_mpc_fgs,1.0,,1.0,1.0,,full recorded matched G2 CI trace
er8,ER (8),MPC,21,,2046.0,3.0,0.75,4.0,0.5714,3.0,3.0,3.0,0.75,0.75,0.75,3.0,2.0,4.0,0.625,0.75,0.5,0.0,0.0,,,,,,,,,,,,,,0.0,0.0190639495849609,,paper_er_sf_sparse_alpha001_noweight_50rep_mpc_fgs,results/paper_aaai2027/frozen/results/estimated_graphs/paper_er_sf_sparse_alpha001_noweight_50rep_mpc_fgs/er8/MPC/run_0020_seed_2046.npz,,paper_er_sf_sparse_alpha001_noweight_50rep_mpc_fgs,1.0,,1.0,4.0,,full recorded matched G2 CI trace
er8,ER (8),MPC,22,,2047.0,0.0,0.75,4.0,0.6667,0.0,0.0,0.0,0.75,0.75,0.75,2.0,0.0,4.0,0.75,1.0,0.5,0.0,0.0,,,,,,,,,,,,,,1.0,0.0181069374084472,,paper_er_sf_sparse_alpha001_noweight_50rep_mpc_fgs,results/paper_aaai2027/frozen/results/estimated_graphs/paper_er_sf_sparse_alpha001_noweight_50rep_mpc_fgs/er8/MPC/run_0021_seed_2047.npz,,paper_er_sf_sparse_alpha001_noweight_50rep_mpc_fgs,1.0,,1.0,12.0,,full recorded matched G2 CI trace
er8,ER (8),MPC,23,,2048.0,2.0,0.6667,3.0,0.7692,2.0,2.0,2.0,0.6667,0.6667,0.6667,2.0,1.0,3.0,0.8,0.9333,0.6667,0.0,0.0,,,,,,,,,,,,,,0.0,0.0188720226287841,,paper_er_sf_sparse_alpha001_noweight_50rep_mpc_fgs,results/paper_aaai2027/frozen/results/estimated_graphs/paper_er_sf_sparse_alpha001_noweight_50rep_mpc_fgs/er8/MPC/run_0022_seed_2048.npz,,paper_er_sf_sparse_alpha001_noweight_50rep_mpc_fgs,1.0,,1.0,4.0,,full recorded matched G2 CI trace
er8,ER (8),MPC,24,,2049.0,0.0,0.75,5.0,0.5455,0.0,0.0,0.0,0.75,0.75,0.75,2.0,0.0,4.0,0.75,1.0,0.5,0.0,0.0,,,,,,,,,,,,,,1.0,0.0200409889221191,,paper_er_sf_sparse_alpha001_noweight_50rep_mpc_fgs,results/paper_aaai2027/frozen/results/estimated_graphs/paper_er_sf_sparse_alpha001_noweight_50rep_mpc_fgs/er8/MPC/run_0023_seed_2049.npz,,paper_er_sf_sparse_alpha001_noweight_50rep_mpc_fgs,1.0,,1.0,16.0,,full recorded matched G2 CI trace
er8,ER (8),MPC,25,,2050.0,4.0,0.5,4.0,0.5714,4.0,4.0,4.0,0.5,0.5,0.5,3.0,2.0,4.0,0.625,0.75,0.5,0.0,0.0,,,,,,,,,,,,,,0.0,0.030825138092041,,paper_er_sf_sparse_alpha001_noweight_50rep_mpc_fgs,results/paper_aaai2027/frozen/results/estimated_graphs/paper_er_sf_sparse_alpha001_noweight_50rep_mpc_fgs/er8/MPC/run_0024_seed_2050.npz,,paper_er_sf_sparse_alpha001_noweight_50rep_mpc_fgs,1.0,,1.0,4.0,,full recorded matched G2 CI trace
er8,ER (8),MPC,26,,2051.0,0.0,0.625,6.0,0.4,0.0,0.0,0.0,0.625,0.625,0.625,2.6,0.0,5.0,0.675,1.0,0.375,0.0,0.0,,,,,,,,,,,,,,1.0,0.0234811305999755,,paper_er_sf_sparse_alpha001_noweight_50rep_mpc_fgs,results/paper_aaai2027/frozen/results/estimated_graphs/paper_er_sf_sparse_alpha001_noweight_50rep_mpc_fgs/er8/MPC/run_0025_seed_2051.npz,,paper_er_sf_sparse_alpha001_noweight_50rep_mpc_fgs,1.0,,1.0,20.0,,full recorded matched G2 CI trace
er8,ER (8),MPC,27,,2052.0,2.0,0.9333,2.0,0.8571,2.0,2.0,2.0,0.9333,0.9333,0.9333,1.5,1.0,2.0,0.86665,0.9333,0.8,0.0,0.0,,,,,,,,,,,,,,0.0,0.0206544399261474,,paper_er_sf_sparse_alpha001_noweight_50rep_mpc_fgs,results/paper_aaai2027/frozen/results/estimated_graphs/paper_er_sf_sparse_alpha001_noweight_50rep_mpc_fgs/er8/MPC/run_0026_seed_2052.npz,,paper_er_sf_sparse_alpha001_noweight_50rep_mpc_fgs,1.0,,1.0,2.0,,full recorded matched G2 CI trace
er8,ER (8),MPC,28,,2053.0,3.0,0.75,2.0,0.8,3.0,3.0,3.0,0.75,0.75,0.75,1.5,1.0,2.0,0.8125,0.875,0.75,0.0,0.0,,,,,,,,,,,,,,0.0,0.0378971099853515,,paper_er_sf_sparse_alpha001_noweight_50rep_mpc_fgs,results/paper_aaai2027/frozen/results/estimated_graphs/paper_er_sf_sparse_alpha001_noweight_50rep_mpc_fgs/er8/MPC/run_0027_seed_2053.npz,,paper_er_sf_sparse_alpha001_noweight_50rep_mpc_fgs,1.0,,1.0,2.0,,full recorded matched G2 CI trace
er8,ER (8),MPC,29,,2054.0,0.0,0.875,3.0,0.7692,0.0,0.0,0.0,0.875,0.875,0.875,1.5,0.0,3.0,0.8125,1.0,0.625,0.0,0.0,,,,,,,,,,,,,,1.0,0.0180461406707763,,paper_er_sf_sparse_alpha001_noweight_50rep_mpc_fgs,results/paper_aaai2027/frozen/results/estimated_graphs/paper_er_sf_sparse_alpha001_noweight_50rep_mpc_fgs/er8/MPC/run_0028_seed_2054.npz,,paper_er_sf_sparse_alpha001_noweight_50rep_mpc_fgs,1.0,,1.0,6.0,,full recorded matched G2 CI trace
er8,ER (8),MPC,30,,2055.0,6.0,0.6667,4.0,0.5714,6.0,6.0,6.0,0.6667,0.6667,0.6667,3.5,3.0,4.0,0.6,0.6667,0.5333,0.0,0.0,,,,,,,,,,,,,,0.0,0.018991470336914,,paper_er_sf_sparse_alpha001_noweight_50rep_mpc_fgs,results/paper_aaai2027/frozen/results/estimated_graphs/paper_er_sf_sparse_alpha001_noweight_50rep_mpc_fgs/er8/MPC/run_0029_seed_2055.npz,,paper_er_sf_sparse_alpha001_noweight_50rep_mpc_fgs,1.0,,1.0,2.0,,full recorded matched G2 CI trace
er8,ER (8),MPC,31,,2056.0,5.0,0.4,6.0,0.3333,5.0,5.0,5.0,0.4,0.4,0.4,4.5,3.0,6.0,0.46666666666666673,0.6667,0.2667,0.0,0.0,,,,,,,,,,,,,,0.0,0.0157032012939453,,paper_er_sf_sparse_alpha001_noweight_50rep_mpc_fgs,results/paper_aaai2027/frozen/results/estimated_graphs/paper_er_sf_sparse_alpha001_noweight_50rep_mpc_fgs/er8/MPC/run_0030_seed_2056.npz,,paper_er_sf_sparse_alpha001_noweight_50rep_mpc_fgs,1.0,,1.0,6.0,,full recorded matched G2 CI trace
er8,ER (8),MPC,32,,2057.0,0.0,0.875,3.0,0.7692,0.0,0.0,0.0,0.875,0.875,0.875,1.25,0.0,2.0,0.84375,1.0,0.75,0.0,0.0,,,,,,,,,,,,,,1.0,0.0244252681732177,,paper_er_sf_sparse_alpha001_noweight_50rep_mpc_fgs,results/paper_aaai2027/frozen/results/estimated_graphs/paper_er_sf_sparse_alpha001_noweight_50rep_mpc_fgs/er8/MPC/run_0031_seed_2057.npz,,paper_er_sf_sparse_alpha001_noweight_50rep_mpc_fgs,1.0,,1.0,4.0,,full recorded matched G2 CI trace
er8,ER (8),MPC,33,,2058.0,3.0,0.625,5.0,0.4286,3.0,3.0,3.0,0.625,0.625,0.625,4.0,3.0,5.0,0.5,0.625,0.375,0.0,0.0,,,,,,,,,,,,,,0.0,0.025944709777832,,paper_er_sf_sparse_alpha001_noweight_50rep_mpc_fgs,results/paper_aaai2027/frozen/results/estimated_graphs/paper_er_sf_sparse_alpha001_noweight_50rep_mpc_fgs/er8/MPC/run_0032_seed_2058.npz,,paper_er_sf_sparse_alpha001_noweight_50rep_mpc_fgs,1.0,,1.0,4.0,,full recorded matched G2 CI trace
er8,ER (8),MPC,34,,2059.0,2.0,0.8,2.0,0.8571,2.0,2.0,2.0,0.8,0.8,0.8,1.5,1.0,2.0,0.86665,0.9333,0.8,0.0,0.0,,,,,,,,,,,,,,0.0,0.0242137908935546,,paper_er_sf_sparse_alpha001_noweight_50rep_mpc_fgs,results/paper_aaai2027/frozen/results/estimated_graphs/paper_er_sf_sparse_alpha001_noweight_50rep_mpc_fgs/er8/MPC/run_0033_seed_2059.npz,,paper_er_sf_sparse_alpha001_noweight_50rep_mpc_fgs,1.0,,1.0,2.0,,full recorded matched G2 CI trace
er8,ER (8),MPC,35,,2060.0,2.0,0.625,4.0,0.6154,2.0,2.0,2.0,0.625,0.625,0.625,2.1666666666666665,1.0,3.0,0.7291666666666666,0.875,0.625,0.0,0.0,,,,,,,,,,,,,,0.0,0.0415899753570556,,paper_er_sf_sparse_alpha001_noweight_50rep_mpc_fgs,results/paper_aaai2027/frozen/results/estimated_graphs/paper_er_sf_sparse_alpha001_noweight_50rep_mpc_fgs/er8/MPC/run_0034_seed_2060.npz,,paper_er_sf_sparse_alpha001_noweight_50rep_mpc_fgs,1.0,,1.0,6.0,,full recorded matched G2 CI trace
er8,ER (8),MPC,36,,2061.0,0.0,0.625,5.0,0.5455,0.0,0.0,0.0,0.625,0.625,0.625,1.4166666666666667,0.0,2.0,0.8229166666666666,1.0,0.75,0.0,0.0,,,,,,,,,,,,,,1.0,0.0352165699005126,,paper_er_sf_sparse_alpha001_noweight_50rep_mpc_fgs,results/paper_aaai2027/frozen/results/estimated_graphs/paper_er_sf_sparse_alpha001_noweight_50rep_mpc_fgs/er8/MPC/run_0035_seed_2061.npz,,paper_er_sf_sparse_alpha001_noweight_50rep_mpc_fgs,1.0,,1.0,12.0,,full recorded matched G2 CI trace
er8,ER (8),MPC,37,,2062.0,4.0,0.8,5.0,0.5455,4.0,4.0,4.0,0.8,0.8,0.8,3.0,2.0,4.0,0.6666749999999999,0.8,0.5333,0.0,0.0,,,,,,,,,,,,,,0.0,0.0163917541503906,,paper_er_sf_sparse_alpha001_noweight_50rep_mpc_fgs,results/paper_aaai2027/frozen/results/estimated_graphs/paper_er_sf_sparse_alpha001_noweight_50rep_mpc_fgs/er8/MPC/run_0036_seed_2062.npz,,paper_er_sf_sparse_alpha001_noweight_50rep_mpc_fgs,1.0,,1.0,8.0,,full recorded matched G2 CI trace
er8,ER (8),MPC,38,,2063.0,3.0,0.6154,5.0,0.5455,3.0,3.0,3.0,0.6154,0.6154,0.6154,4.0,3.0,5.0,0.615375,0.7692,0.4615,0.0,0.0,,,,,,,,,,,,,,0.0,0.0103614330291748,,paper_er_sf_sparse_alpha001_noweight_50rep_mpc_fgs,results/paper_aaai2027/frozen/results/estimated_graphs/paper_er_sf_sparse_alpha001_noweight_50rep_mpc_fgs/er8/MPC/run_0037_seed_2063.npz,,paper_er_sf_sparse_alpha001_noweight_50rep_mpc_fgs,1.0,,1.0,4.0,,full recorded matched G2 CI trace
er8,ER (8),MPC,39,,2064.0,0.0,0.625,3.0,0.7692,0.0,0.0,0.0,0.625,0.625,0.625,1.1666666666666667,0.0,2.0,0.8541666666666666,1.0,0.75,0.0,0.0,,,,,,,,,,,,,,1.0,0.0269961357116699,,paper_er_sf_sparse_alpha001_noweight_50rep_mpc_fgs,results/paper_aaai2027/frozen/results/estimated_graphs/paper_er_sf_sparse_alpha001_noweight_50rep_mpc_fgs/er8/MPC/run_0038_seed_2064.npz,,paper_er_sf_sparse_alpha001_noweight_50rep_mpc_fgs,1.0,,1.0,6.0,,full recorded matched G2 CI trace
er8,ER (8),MPC,40,,2065.0,5.0,0.5882,5.0,0.4286,5.0,5.0,5.0,0.5882,0.5882,0.5882,5.0,4.0,6.0,0.47056666666666674,0.5882,0.3529,0.0,0.0,,,,,,,,,,,,,,0.0,0.0145285129547119,,paper_er_sf_sparse_alpha001_noweight_50rep_mpc_fgs,results/paper_aaai2027/frozen/results/estimated_graphs/paper_er_sf_sparse_alpha001_noweight_50rep_mpc_fgs/er8/MPC/run_0039_seed_2065.npz,,paper_er_sf_sparse_alpha001_noweight_50rep_mpc_fgs,1.0,,1.0,6.0,,full recorded matched G2 CI trace
er8,ER (8),MPC,41,,2066.0,1.0,0.875,3.0,0.7692,1.0,1.0,1.0,0.875,0.875,0.875,1.1666666666666667,0.0,2.0,0.8541666666666666,1.0,0.75,1.0,6.0,,,,,,,,,,,,,,1.0,0.010589599609375,,paper_er_sf_sparse_alpha001_noweight_50rep_mpc_fgs,results/paper_aaai2027/frozen/results/estimated_graphs/paper_er_sf_sparse_alpha001_noweight_50rep_mpc_fgs/er8/MPC/run_0040_seed_2066.npz,,paper_er_sf_sparse_alpha001_noweight_50rep_mpc_fgs,1.0,,1.0,6.0,,full recorded matched G2 CI trace
er8,ER (8),MPC,42,,2067.0,2.0,0.625,3.0,0.7143,2.0,2.0,2.0,0.625,0.625,0.625,2.0,1.0,3.0,0.75,0.875,0.625,0.0,0.0,,,,,,,,,,,,,,0.0,0.0179181098937988,,paper_er_sf_sparse_alpha001_noweight_50rep_mpc_fgs,results/paper_aaai2027/frozen/results/estimated_graphs/paper_er_sf_sparse_alpha001_noweight_50rep_mpc_fgs/er8/MPC/run_0041_seed_2067.npz,,paper_er_sf_sparse_alpha001_noweight_50rep_mpc_fgs,1.0,,1.0,4.0,,full recorded matched G2 CI trace
er8,ER (8),MPC,43,,2068.0,3.0,0.8,3.0,0.7143,3.0,3.0,3.0,0.8,0.8,0.8,2.5,2.0,3.0,0.73335,0.8,0.6667,0.0,0.0,,,,,,,,,,,,,,0.0,0.0200247764587402,,paper_er_sf_sparse_alpha001_noweight_50rep_mpc_fgs,results/paper_aaai2027/frozen/results/estimated_graphs/paper_er_sf_sparse_alpha001_noweight_50rep_mpc_fgs/er8/MPC/run_0042_seed_2068.npz,,paper_er_sf_sparse_alpha001_noweight_50rep_mpc_fgs,1.0,,1.0,2.0,,full recorded matched G2 CI trace
er8,ER (8),MPC,44,,2069.0,1.0,0.8,2.0,0.8571,1.0,1.0,1.0,0.8,0.8,0.8,1.5,1.0,2.0,0.86665,0.9333,0.8,0.0,0.0,,,,,,,,,,,,,,0.0,0.015348196029663,,paper_er_sf_sparse_alpha001_noweight_50rep_mpc_fgs,results/paper_aaai2027/frozen/results/estimated_graphs/paper_er_sf_sparse_alpha001_noweight_50rep_mpc_fgs/er8/MPC/run_0043_seed_2069.npz,,paper_er_sf_sparse_alpha001_noweight_50rep_mpc_fgs,1.0,,1.0,2.0,,full recorded matched G2 CI trace
er8,ER (8),MPC,45,,2070.0,1.0,0.8,4.0,0.6667,1.0,1.0,1.0,0.8,0.8,0.8,2.5,1.0,4.0,0.7333333333333333,0.9333,0.5333,0.0,0.0,,,,,,,,,,,,,,0.0,0.0140600204467773,,paper_er_sf_sparse_alpha001_noweight_50rep_mpc_fgs,results/paper_aaai2027/frozen/results/estimated_graphs/paper_er_sf_sparse_alpha001_noweight_50rep_mpc_fgs/er8/MPC/run_0044_seed_2070.npz,,paper_er_sf_sparse_alpha001_noweight_50rep_mpc_fgs,1.0,,1.0,6.0,,full recorded matched G2 CI trace
er8,ER (8),MPC,46,,2071.0,1.0,0.8,2.0,0.8571,1.0,1.0,1.0,0.8,0.8,0.8,1.5,1.0,2.0,0.86665,0.9333,0.8,0.0,0.0,,,,,,,,,,,,,,0.0,0.0209720134735107,,paper_er_sf_sparse_alpha001_noweight_50rep_mpc_fgs,results/paper_aaai2027/frozen/results/estimated_graphs/paper_er_sf_sparse_alpha001_noweight_50rep_mpc_fgs/er8/MPC/run_0045_seed_2071.npz,,paper_er_sf_sparse_alpha001_noweight_50rep_mpc_fgs,1.0,,1.0,2.0,,full recorded matched G2 CI trace
er8,ER (8),MPC,47,,2072.0,3.0,0.8,4.0,0.6667,3.0,3.0,3.0,0.8,0.8,0.8,2.5,1.0,4.0,0.7333333333333333,0.9333,0.5333,0.0,0.0,,,,,,,,,,,,,,0.0,0.0353055000305175,,paper_er_sf_sparse_alpha001_noweight_50rep_mpc_fgs,results/paper_aaai2027/frozen/results/estimated_graphs/paper_er_sf_sparse_alpha001_noweight_50rep_mpc_fgs/er8/MPC/run_0046_seed_2072.npz,,paper_er_sf_sparse_alpha001_noweight_50rep_mpc_fgs,1.0,,1.0,6.0,,full recorded matched G2 CI trace
er8,ER (8),MPC,48,,2073.0,2.0,0.5,6.0,0.3636,2.0,2.0,2.0,0.5,0.5,0.5,3.5,1.0,6.0,0.5625,0.875,0.25,0.0,0.0,,,,,,,,,,,,,,0.0,0.0209982395172119,,paper_er_sf_sparse_alpha001_noweight_50rep_mpc_fgs,results/paper_aaai2027/frozen/results/estimated_graphs/paper_er_sf_sparse_alpha001_noweight_50rep_mpc_fgs/er8/MPC/run_0047_seed_2073.npz,,paper_er_sf_sparse_alpha001_noweight_50rep_mpc_fgs,1.0,,1.0,16.0,,full recorded matched G2 CI trace
er8,ER (8),MPC,49,,2074.0,4.0,0.6154,6.0,0.4,4.0,4.0,4.0,0.6154,0.6154,0.6154,4.166666666666667,3.0,5.0,0.5897333333333333,0.7692,0.4615,0.0,0.0,,,,,,,,,,,,,,0.0,0.0122857093811035,,paper_er_sf_sparse_alpha001_noweight_50rep_mpc_fgs,results/paper_aaai2027/frozen/results/estimated_graphs/paper_er_sf_sparse_alpha001_noweight_50rep_mpc_fgs/er8/MPC/run_0048_seed_2074.npz,,paper_er_sf_sparse_alpha001_noweight_50rep_mpc_fgs,1.0,,1.0,6.0,,full recorded matched G2 CI trace
er8,ER (8),MPC,50,,2075.0,0.0,0.75,2.0,0.8571,0.0,0.0,0.0,0.75,0.75,0.75,0.6666666666666666,0.0,1.0,0.9166666666666666,1.0,0.875,1.0,3.0,,,,,,,,,,,,,,1.0,0.0216798782348632,,paper_er_sf_sparse_alpha001_noweight_50rep_mpc_fgs,results/paper_aaai2027/frozen/results/estimated_graphs/paper_er_sf_sparse_alpha001_noweight_50rep_mpc_fgs/er8/MPC/run_0049_seed_2075.npz,,paper_er_sf_sparse_alpha001_noweight_50rep_mpc_fgs,1.0,,1.0,3.0,,full recorded matched G2 CI trace
er8,ER (8),FGS,1,,2026.0,12.0,0.0,12.0,0.0,12.0,12.0,12.0,0.0,0.0,0.0,12.0,12.0,12.0,0.0,0.0,0.0,,,,,,,,,,,,,,,,0.0,0.0726654529571533,,paper_er_sf_sparse_alpha001_noweight_50rep_mpc_fgs,results/paper_aaai2027/frozen/results/estimated_graphs/paper_er_sf_sparse_alpha001_noweight_50rep_mpc_fgs/er8/FGS/run_0000_seed_2026.npz,,paper_er_sf_sparse_alpha001_noweight_50rep_mpc_fgs,1.0,,1.0,8.0,,not applicable (score based)
er8,ER (8),FGS,2,,2027.0,12.0,0.1429,12.0,0.1429,12.0,12.0,12.0,0.1429,0.1429,0.1429,12.285714285714286,12.0,13.0,0.10207142857142858,0.1429,0.0,,,,,,,,,,,,,,,,0.0,0.0740816593170166,,paper_er_sf_sparse_alpha001_noweight_50rep_mpc_fgs,results/paper_aaai2027/frozen/results/estimated_graphs/paper_er_sf_sparse_alpha001_noweight_50rep_mpc_fgs/er8/FGS/run_0001_seed_2027.npz,,paper_er_sf_sparse_alpha001_noweight_50rep_mpc_fgs,1.0,,1.0,7.0,,not applicable (score based)
er8,ER (8),FGS,3,,2028.0,11.0,0.1429,11.0,0.1429,11.0,11.0,11.0,0.1429,0.1429,0.1429,11.0,10.0,12.0,0.14286666666666667,0.2857,0.0,,,,,,,,,,,,,,,,0.0,0.1061170101165771,,paper_er_sf_sparse_alpha001_noweight_50rep_mpc_fgs,results/paper_aaai2027/frozen/results/estimated_graphs/paper_er_sf_sparse_alpha001_noweight_50rep_mpc_fgs/er8/FGS/run_0002_seed_2028.npz,,paper_er_sf_sparse_alpha001_noweight_50rep_mpc_fgs,1.0,,1.0,12.0,,not applicable (score based)
er8,ER (8),FGS,4,,2029.0,10.0,0.1538,10.0,0.1538,10.0,10.0,10.0,0.1538,0.1538,0.1538,9.666666666666666,9.0,10.0,0.20509999999999998,0.3077,0.1538,,,,,,,,,,,,,,,,0.0,0.0797615051269531,,paper_er_sf_sparse_alpha001_noweight_50rep_mpc_fgs,results/paper_aaai2027/frozen/results/estimated_graphs/paper_er_sf_sparse_alpha001_noweight_50rep_mpc_fgs/er8/FGS/run_0003_seed_2029.npz,,paper_er_sf_sparse_alpha001_noweight_50rep_mpc_fgs,1.0,,1.0,3.0,,not applicable (score based)
er8,ER (8),FGS,5,,2030.0,9.0,0.3077,9.0,0.3077,9.0,9.0,9.0,0.3077,0.3077,0.3077,9.0,9.0,9.0,0.3077,0.3077,0.3077,,,,,,,,,,,,,,,,0.0,0.0767652988433837,,paper_er_sf_sparse_alpha001_noweight_50rep_mpc_fgs,results/paper_aaai2027/frozen/results/estimated_graphs/paper_er_sf_sparse_alpha001_noweight_50rep_mpc_fgs/er8/FGS/run_0004_seed_2030.npz,,paper_er_sf_sparse_alpha001_noweight_50rep_mpc_fgs,1.0,,1.0,1.0,,not applicable (score based)
er8,ER (8),FGS,6,,2031.0,14.0,0.1333,13.0,0.1333,14.0,14.0,14.0,0.1333,0.1333,0.1333,13.5,13.0,14.0,0.06665,0.1333,0.0,,,,,,,,,,,,,,,,0.0,0.0777692794799804,,paper_er_sf_sparse_alpha001_noweight_50rep_mpc_fgs,results/paper_aaai2027/frozen/results/estimated_graphs/paper_er_sf_sparse_alpha001_noweight_50rep_mpc_fgs/er8/FGS/run_0005_seed_2031.npz,,paper_er_sf_sparse_alpha001_noweight_50rep_mpc_fgs,1.0,,1.0,4.0,,not applicable (score based)
er8,ER (8),FGS,7,,2032.0,15.0,0.0,15.0,0.0,15.0,15.0,15.0,0.0,0.0,0.0,15.0,15.0,15.0,0.0,0.0,0.0,,,,,,,,,,,,,,,,0.0,0.0812721252441406,,paper_er_sf_sparse_alpha001_noweight_50rep_mpc_fgs,results/paper_aaai2027/frozen/results/estimated_graphs/paper_er_sf_sparse_alpha001_noweight_50rep_mpc_fgs/er8/FGS/run_0006_seed_2032.npz,,paper_er_sf_sparse_alpha001_noweight_50rep_mpc_fgs,1.0,,1.0,3.0,,not applicable (score based)
er8,ER (8),FGS,8,,2033.0,15.0,0.0,15.0,0.0,15.0,15.0,15.0,0.0,0.0,0.0,15.0,15.0,15.0,0.0,0.0,0.0,,,,,,,,,,,,,,,,0.0,0.0821030139923095,,paper_er_sf_sparse_alpha001_noweight_50rep_mpc_fgs,results/paper_aaai2027/frozen/results/estimated_graphs/paper_er_sf_sparse_alpha001_noweight_50rep_mpc_fgs/er8/FGS/run_0007_seed_2033.npz,,paper_er_sf_sparse_alpha001_noweight_50rep_mpc_fgs,1.0,,1.0,7.0,,not applicable (score based)
er8,ER (8),FGS,9,,2034.0,10.0,0.1667,10.0,0.1667,10.0,10.0,10.0,0.1667,0.1667,0.1667,10.0,10.0,10.0,0.1667,0.1667,0.1667,,,,,,,,,,,,,,,,0.0,0.0763885974884033,,paper_er_sf_sparse_alpha001_noweight_50rep_mpc_fgs,results/paper_aaai2027/frozen/results/estimated_graphs/paper_er_sf_sparse_alpha001_noweight_50rep_mpc_fgs/er8/FGS/run_0008_seed_2034.npz,,paper_er_sf_sparse_alpha001_noweight_50rep_mpc_fgs,1.0,,1.0,4.0,,not applicable (score based)
er8,ER (8),FGS,10,,2035.0,14.0,0.0,14.0,0.0,14.0,14.0,14.0,0.0,0.0,0.0,14.0,14.0,14.0,0.0,0.0,0.0,,,,,,,,,,,,,,,,0.0,0.079897403717041,,paper_er_sf_sparse_alpha001_noweight_50rep_mpc_fgs,results/paper_aaai2027/frozen/results/estimated_graphs/paper_er_sf_sparse_alpha001_noweight_50rep_mpc_fgs/er8/FGS/run_0009_seed_2035.npz,,paper_er_sf_sparse_alpha001_noweight_50rep_mpc_fgs,1.0,,1.0,3.0,,not applicable (score based)
er8,ER (8),FGS,11,,2036.0,8.0,0.2857,8.0,0.2857,8.0,8.0,8.0,0.2857,0.2857,0.2857,8.333333333333334,7.0,9.0,0.23811111111111108,0.4286,0.1429,,,,,,,,,,,,,,,,0.0,0.0808393955230712,,paper_er_sf_sparse_alpha001_noweight_50rep_mpc_fgs,results/paper_aaai2027/frozen/results/estimated_graphs/paper_er_sf_sparse_alpha001_noweight_50rep_mpc_fgs/er8/FGS/run_0010_seed_2036.npz,,paper_er_sf_sparse_alpha001_noweight_50rep_mpc_fgs,1.0,,1.0,9.0,,not applicable (score based)
er8,ER (8),FGS,12,,2037.0,11.0,0.0,11.0,0.0,11.0,11.0,11.0,0.0,0.0,0.0,10.5,10.0,11.0,0.0769,0.1538,0.0,,,,,,,,,,,,,,,,0.0,0.0790851116180419,,paper_er_sf_sparse_alpha001_noweight_50rep_mpc_fgs,results/paper_aaai2027/frozen/results/estimated_graphs/paper_er_sf_sparse_alpha001_noweight_50rep_mpc_fgs/er8/FGS/run_0011_seed_2037.npz,,paper_er_sf_sparse_alpha001_noweight_50rep_mpc_fgs,1.0,,1.0,8.0,,not applicable (score based)
er8,ER (8),FGS,13,,2038.0,13.0,0.0,13.0,0.0,13.0,13.0,13.0,0.0,0.0,0.0,12.5,12.0,13.0,0.07145,0.1429,0.0,,,,,,,,,,,,,,,,0.0,0.0871069431304931,,paper_er_sf_sparse_alpha001_noweight_50rep_mpc_fgs,results/paper_aaai2027/frozen/results/estimated_graphs/paper_er_sf_sparse_alpha001_noweight_50rep_mpc_fgs/er8/FGS/run_0012_seed_2038.npz,,paper_er_sf_sparse_alpha001_noweight_50rep_mpc_fgs,1.0,,1.0,8.0,,not applicable (score based)
er8,ER (8),FGS,14,,2039.0,12.0,0.0,12.0,0.0,12.0,12.0,12.0,0.0,0.0,0.0,12.0,12.0,12.0,0.0,0.0,0.0,,,,,,,,,,,,,,,,0.0,0.0790979862213134,,paper_er_sf_sparse_alpha001_noweight_50rep_mpc_fgs,results/paper_aaai2027/frozen/results/estimated_graphs/paper_er_sf_sparse_alpha001_noweight_50rep_mpc_fgs/er8/FGS/run_0013_seed_2039.npz,,paper_er_sf_sparse_alpha001_noweight_50rep_mpc_fgs,1.0,,1.0,4.0,,not applicable (score based)
er8,ER (8),FGS,15,,2040.0,12.0,0.1538,11.0,0.1538,12.0,12.0,12.0,0.1538,0.1538,0.1538,11.166666666666666,11.0,12.0,0.12816666666666665,0.1538,0.0,,,,,,,,,,,,,,,,0.0,0.0895333290100097,,paper_er_sf_sparse_alpha001_noweight_50rep_mpc_fgs,results/paper_aaai2027/frozen/results/estimated_graphs/paper_er_sf_sparse_alpha001_noweight_50rep_mpc_fgs/er8/FGS/run_0014_seed_2040.npz,,paper_er_sf_sparse_alpha001_noweight_50rep_mpc_fgs,1.0,,1.0,6.0,,not applicable (score based)
er8,ER (8),FGS,16,,2041.0,11.0,0.0,11.0,0.0,11.0,11.0,11.0,0.0,0.0,0.0,10.5,10.0,11.0,0.0769,0.1538,0.0,,,,,,,,,,,,,,,,0.0,0.0886051654815673,,paper_er_sf_sparse_alpha001_noweight_50rep_mpc_fgs,results/paper_aaai2027/frozen/results/estimated_graphs/paper_er_sf_sparse_alpha001_noweight_50rep_mpc_fgs/er8/FGS/run_0015_seed_2041.npz,,paper_er_sf_sparse_alpha001_noweight_50rep_mpc_fgs,1.0,,1.0,2.0,,not applicable (score based)
er8,ER (8),FGS,17,,2042.0,13.0,0.2667,11.0,0.2667,13.0,13.0,13.0,0.2667,0.2667,0.2667,11.5,11.0,12.0,0.2,0.2667,0.1333,,,,,,,,,,,,,,,,0.0,0.0801477432250976,,paper_er_sf_sparse_alpha001_noweight_50rep_mpc_fgs,results/paper_aaai2027/frozen/results/estimated_graphs/paper_er_sf_sparse_alpha001_noweight_50rep_mpc_fgs/er8/FGS/run_0016_seed_2042.npz,,paper_er_sf_sparse_alpha001_noweight_50rep_mpc_fgs,1.0,,1.0,2.0,,not applicable (score based)
er8,ER (8),FGS,18,,2043.0,11.0,0.1667,10.0,0.1667,11.0,11.0,11.0,0.1667,0.1667,0.1667,10.333333333333334,10.0,11.0,0.11113333333333332,0.1667,0.0,,,,,,,,,,,,,,,,0.0,0.0764751434326171,,paper_er_sf_sparse_alpha001_noweight_50rep_mpc_fgs,results/paper_aaai2027/frozen/results/estimated_graphs/paper_er_sf_sparse_alpha001_noweight_50rep_mpc_fgs/er8/FGS/run_0017_seed_2043.npz,,paper_er_sf_sparse_alpha001_noweight_50rep_mpc_fgs,1.0,,1.0,3.0,,not applicable (score based)
er8,ER (8),FGS,19,,2044.0,12.0,0.2857,10.0,0.2857,12.0,12.0,12.0,0.2857,0.2857,0.2857,10.0,10.0,10.0,0.2857,0.2857,0.2857,,,,,,,,,,,,,,,,0.0,0.0820293426513671,,paper_er_sf_sparse_alpha001_noweight_50rep_mpc_fgs,results/paper_aaai2027/frozen/results/estimated_graphs/paper_er_sf_sparse_alpha001_noweight_50rep_mpc_fgs/er8/FGS/run_0018_seed_2044.npz,,paper_er_sf_sparse_alpha001_noweight_50rep_mpc_fgs,1.0,,1.0,1.0,,not applicable (score based)
er8,ER (8),FGS,20,,2045.0,12.0,0.1333,12.0,0.1333,12.0,12.0,12.0,0.1333,0.1333,0.1333,12.375,11.0,13.0,0.08331875,0.2667,0.0,,,,,,,,,,,,,,,,0.0,0.082815408706665,,paper_er_sf_sparse_alpha001_noweight_50rep_mpc_fgs,results/paper_aaai2027/frozen/results/estimated_graphs/paper_er_sf_sparse_alpha001_noweight_50rep_mpc_fgs/er8/FGS/run_0019_seed_2045.npz,,paper_er_sf_sparse_alpha001_noweight_50rep_mpc_fgs,1.0,,1.0,16.0,,not applicable (score based)
er8,ER (8),FGS,21,,2046.0,9.0,0.3636,7.0,0.3636,9.0,9.0,9.0,0.3636,0.3636,0.3636,7.833333333333333,7.0,9.0,0.21209999999999998,0.3636,0.0,,,,,,,,,,,,,,,,0.0,0.0804963111877441,,paper_er_sf_sparse_alpha001_noweight_50rep_mpc_fgs,results/paper_aaai2027/frozen/results/estimated_graphs/paper_er_sf_sparse_alpha001_noweight_50rep_mpc_fgs/er8/FGS/run_0020_seed_2046.npz,,paper_er_sf_sparse_alpha001_noweight_50rep_mpc_fgs,1.0,,1.0,6.0,,not applicable (score based)
er8,ER (8),FGS,22,,2047.0,12.0,0.1429,11.0,0.1429,12.0,12.0,12.0,0.1429,0.1429,0.1429,11.0,11.0,11.0,0.1429,0.1429,0.1429,,,,,,,,,,,,,,,,0.0,0.0850875377655029,,paper_er_sf_sparse_alpha001_noweight_50rep_mpc_fgs,results/paper_aaai2027/frozen/results/estimated_graphs/paper_er_sf_sparse_alpha001_noweight_50rep_mpc_fgs/er8/FGS/run_0021_seed_2047.npz,,paper_er_sf_sparse_alpha001_noweight_50rep_mpc_fgs,1.0,,1.0,12.0,,not applicable (score based)
er8,ER (8),FGS,23,,2048.0,11.0,0.1429,11.0,0.1429,11.0,11.0,11.0,0.1429,0.1429,0.1429,11.0,10.0,12.0,0.142875,0.2857,0.0,,,,,,,,,,,,,,,,0.0,0.0748283863067627,,paper_er_sf_sparse_alpha001_noweight_50rep_mpc_fgs,results/paper_aaai2027/frozen/results/estimated_graphs/paper_er_sf_sparse_alpha001_noweight_50rep_mpc_fgs/er8/FGS/run_0022_seed_2048.npz,,paper_er_sf_sparse_alpha001_noweight_50rep_mpc_fgs,1.0,,1.0,4.0,,not applicable (score based)
er8,ER (8),FGS,24,,2049.0,10.0,0.0,10.0,0.0,10.0,10.0,10.0,0.0,0.0,0.0,10.0,10.0,10.0,0.0,0.0,0.0,,,,,,,,,,,,,,,,0.0,0.0708568096160888,,paper_er_sf_sparse_alpha001_noweight_50rep_mpc_fgs,results/paper_aaai2027/frozen/results/estimated_graphs/paper_er_sf_sparse_alpha001_noweight_50rep_mpc_fgs/er8/FGS/run_0023_seed_2049.npz,,paper_er_sf_sparse_alpha001_noweight_50rep_mpc_fgs,1.0,,1.0,2.0,,not applicable (score based)
er8,ER (8),FGS,25,,2050.0,11.0,0.1333,11.0,0.1333,11.0,11.0,11.0,0.1333,0.1333,0.1333,11.0,11.0,11.0,0.1333,0.1333,0.1333,,,,,,,,,,,,,,,,0.0,0.0824573040008544,,paper_er_sf_sparse_alpha001_noweight_50rep_mpc_fgs,results/paper_aaai2027/frozen/results/estimated_graphs/paper_er_sf_sparse_alpha001_noweight_50rep_mpc_fgs/er8/FGS/run_0024_seed_2050.npz,,paper_er_sf_sparse_alpha001_noweight_50rep_mpc_fgs,1.0,,1.0,2.0,,not applicable (score based)
er8,ER (8),FGS,26,,2051.0,10.0,0.4286,8.0,0.4286,10.0,10.0,10.0,0.4286,0.4286,0.4286,9.0,8.0,10.0,0.285725,0.4286,0.1429,,,,,,,,,,,,,,,,0.0,0.0758826732635498,,paper_er_sf_sparse_alpha001_noweight_50rep_mpc_fgs,results/paper_aaai2027/frozen/results/estimated_graphs/paper_er_sf_sparse_alpha001_noweight_50rep_mpc_fgs/er8/FGS/run_0025_seed_2051.npz,,paper_er_sf_sparse_alpha001_noweight_50rep_mpc_fgs,1.0,,1.0,8.0,,not applicable (score based)
er8,ER (8),FGS,27,,2052.0,13.0,0.0,13.0,0.0,13.0,13.0,13.0,0.0,0.0,0.0,13.0,13.0,13.0,0.0,0.0,0.0,,,,,,,,,,,,,,,,0.0,0.0742509365081787,,paper_er_sf_sparse_alpha001_noweight_50rep_mpc_fgs,results/paper_aaai2027/frozen/results/estimated_graphs/paper_er_sf_sparse_alpha001_noweight_50rep_mpc_fgs/er8/FGS/run_0026_seed_2052.npz,,paper_er_sf_sparse_alpha001_noweight_50rep_mpc_fgs,1.0,,1.0,4.0,,not applicable (score based)
er8,ER (8),FGS,28,,2053.0,11.0,0.0,11.0,0.0,11.0,11.0,11.0,0.0,0.0,0.0,11.0,11.0,11.0,0.0,0.0,0.0,,,,,,,,,,,,,,,,0.0,0.0787527561187744,,paper_er_sf_sparse_alpha001_noweight_50rep_mpc_fgs,results/paper_aaai2027/frozen/results/estimated_graphs/paper_er_sf_sparse_alpha001_noweight_50rep_mpc_fgs/er8/FGS/run_0027_seed_2053.npz,,paper_er_sf_sparse_alpha001_noweight_50rep_mpc_fgs,1.0,,1.0,2.0,,not applicable (score based)
er8,ER (8),FGS,29,,2054.0,13.0,0.0,13.0,0.0,13.0,13.0,13.0,0.0,0.0,0.0,13.0,13.0,13.0,0.0,0.0,0.0,,,,,,,,,,,,,,,,0.0,0.0757269859313964,,paper_er_sf_sparse_alpha001_noweight_50rep_mpc_fgs,results/paper_aaai2027/frozen/results/estimated_graphs/paper_er_sf_sparse_alpha001_noweight_50rep_mpc_fgs/er8/FGS/run_0028_seed_2054.npz,,paper_er_sf_sparse_alpha001_noweight_50rep_mpc_fgs,1.0,,1.0,4.0,,not applicable (score based)
er8,ER (8),FGS,30,,2055.0,12.0,0.1429,12.0,0.1429,12.0,12.0,12.0,0.1429,0.1429,0.1429,12.0,12.0,12.0,0.1429,0.1429,0.1429,,,,,,,,,,,,,,,,0.0,0.0768253803253173,,paper_er_sf_sparse_alpha001_noweight_50rep_mpc_fgs,results/paper_aaai2027/frozen/results/estimated_graphs/paper_er_sf_sparse_alpha001_noweight_50rep_mpc_fgs/er8/FGS/run_0029_seed_2055.npz,,paper_er_sf_sparse_alpha001_noweight_50rep_mpc_fgs,1.0,,1.0,3.0,,not applicable (score based)
er8,ER (8),FGS,31,,2056.0,12.0,0.0,12.0,0.0,12.0,12.0,12.0,0.0,0.0,0.0,12.0,12.0,12.0,0.0,0.0,0.0,,,,,,,,,,,,,,,,0.0,0.0752882957458496,,paper_er_sf_sparse_alpha001_noweight_50rep_mpc_fgs,results/paper_aaai2027/frozen/results/estimated_graphs/paper_er_sf_sparse_alpha001_noweight_50rep_mpc_fgs/er8/FGS/run_0030_seed_2056.npz,,paper_er_sf_sparse_alpha001_noweight_50rep_mpc_fgs,1.0,,1.0,3.0,,not applicable (score based)
er8,ER (8),FGS,32,,2057.0,12.0,0.0,12.0,0.0,12.0,12.0,12.0,0.0,0.0,0.0,12.0,12.0,12.0,0.0,0.0,0.0,,,,,,,,,,,,,,,,0.0,0.0741128921508789,,paper_er_sf_sparse_alpha001_noweight_50rep_mpc_fgs,results/paper_aaai2027/frozen/results/estimated_graphs/paper_er_sf_sparse_alpha001_noweight_50rep_mpc_fgs/er8/FGS/run_0031_seed_2057.npz,,paper_er_sf_sparse_alpha001_noweight_50rep_mpc_fgs,1.0,,1.0,6.0,,not applicable (score based)
er8,ER (8),FGS,33,,2058.0,12.0,0.0,12.0,0.0,12.0,12.0,12.0,0.0,0.0,0.0,11.75,11.0,12.0,0.03845,0.1538,0.0,,,,,,,,,,,,,,,,0.0,0.0736305713653564,,paper_er_sf_sparse_alpha001_noweight_50rep_mpc_fgs,results/paper_aaai2027/frozen/results/estimated_graphs/paper_er_sf_sparse_alpha001_noweight_50rep_mpc_fgs/er8/FGS/run_0032_seed_2058.npz,,paper_er_sf_sparse_alpha001_noweight_50rep_mpc_fgs,1.0,,1.0,12.0,,not applicable (score based)
er8,ER (8),FGS,34,,2059.0,10.0,0.1538,10.0,0.1538,10.0,10.0,10.0,0.1538,0.1538,0.1538,9.75,9.0,10.0,0.19227499999999997,0.3077,0.1538,,,,,,,,,,,,,,,,0.0,0.074225902557373,,paper_er_sf_sparse_alpha001_noweight_50rep_mpc_fgs,results/paper_aaai2027/frozen/results/estimated_graphs/paper_er_sf_sparse_alpha001_noweight_50rep_mpc_fgs/er8/FGS/run_0033_seed_2059.npz,,paper_er_sf_sparse_alpha001_noweight_50rep_mpc_fgs,1.0,,1.0,4.0,,not applicable (score based)
er8,ER (8),FGS,35,,2060.0,12.0,0.1429,11.0,0.1429,12.0,12.0,12.0,0.1429,0.1429,0.1429,10.75,10.0,11.0,0.1786,0.2857,0.1429,,,,,,,,,,,,,,,,0.0,0.0751433372497558,,paper_er_sf_sparse_alpha001_noweight_50rep_mpc_fgs,results/paper_aaai2027/frozen/results/estimated_graphs/paper_er_sf_sparse_alpha001_noweight_50rep_mpc_fgs/er8/FGS/run_0034_seed_2060.npz,,paper_er_sf_sparse_alpha001_noweight_50rep_mpc_fgs,1.0,,1.0,4.0,,not applicable (score based)
er8,ER (8),FGS,36,,2061.0,7.0,0.4286,7.0,0.4286,7.0,7.0,7.0,0.4286,0.4286,0.4286,6.333333333333333,6.0,7.0,0.5238,0.5714,0.4286,,,,,,,,,,,,,,,,0.0,0.0826506614685058,,paper_er_sf_sparse_alpha001_noweight_50rep_mpc_fgs,results/paper_aaai2027/frozen/results/estimated_graphs/paper_er_sf_sparse_alpha001_noweight_50rep_mpc_fgs/er8/FGS/run_0035_seed_2061.npz,,paper_er_sf_sparse_alpha001_noweight_50rep_mpc_fgs,1.0,,1.0,3.0,,not applicable (score based)
er8,ER (8),FGS,37,,2062.0,13.0,0.0,13.0,0.0,13.0,13.0,13.0,0.0,0.0,0.0,13.0,13.0,13.0,0.0,0.0,0.0,,,,,,,,,,,,,,,,0.0,0.0771119594573974,,paper_er_sf_sparse_alpha001_noweight_50rep_mpc_fgs,results/paper_aaai2027/frozen/results/estimated_graphs/paper_er_sf_sparse_alpha001_noweight_50rep_mpc_fgs/er8/FGS/run_0036_seed_2062.npz,,paper_er_sf_sparse_alpha001_noweight_50rep_mpc_fgs,1.0,,1.0,2.0,,not applicable (score based)
er8,ER (8),FGS,38,,2063.0,10.0,0.1538,9.0,0.1538,10.0,10.0,10.0,0.1538,0.1538,0.1538,8.4,8.0,9.0,0.24613999999999997,0.3077,0.1538,,,,,,,,,,,,,,,,0.0,0.0748252868652343,,paper_er_sf_sparse_alpha001_noweight_50rep_mpc_fgs,results/paper_aaai2027/frozen/results/estimated_graphs/paper_er_sf_sparse_alpha001_noweight_50rep_mpc_fgs/er8/FGS/run_0037_seed_2063.npz,,paper_er_sf_sparse_alpha001_noweight_50rep_mpc_fgs,1.0,,1.0,10.0,,not applicable (score based)
er8,ER (8),FGS,39,,2064.0,10.0,0.1538,10.0,0.1538,10.0,10.0,10.0,0.1538,0.1538,0.1538,9.75,9.0,10.0,0.19227499999999997,0.3077,0.1538,,,,,,,,,,,,,,,,0.0,0.0753827095031738,,paper_er_sf_sparse_alpha001_noweight_50rep_mpc_fgs,results/paper_aaai2027/frozen/results/estimated_graphs/paper_er_sf_sparse_alpha001_noweight_50rep_mpc_fgs/er8/FGS/run_0038_seed_2064.npz,,paper_er_sf_sparse_alpha001_noweight_50rep_mpc_fgs,1.0,,1.0,4.0,,not applicable (score based)
er8,ER (8),FGS,40,,2065.0,9.0,0.3077,9.0,0.3077,9.0,9.0,9.0,0.3077,0.3077,0.3077,9.875,9.0,11.0,0.17305625,0.3077,0.0,,,,,,,,,,,,,,,,0.0,0.0756924152374267,,paper_er_sf_sparse_alpha001_noweight_50rep_mpc_fgs,results/paper_aaai2027/frozen/results/estimated_graphs/paper_er_sf_sparse_alpha001_noweight_50rep_mpc_fgs/er8/FGS/run_0039_seed_2065.npz,,paper_er_sf_sparse_alpha001_noweight_50rep_mpc_fgs,1.0,,1.0,16.0,,not applicable (score based)
er8,ER (8),FGS,41,,2066.0,11.0,0.1429,11.0,0.1429,11.0,11.0,11.0,0.1429,0.1429,0.1429,11.0,10.0,12.0,0.142875,0.2857,0.0,,,,,,,,,,,,,,,,0.0,0.0772826671600341,,paper_er_sf_sparse_alpha001_noweight_50rep_mpc_fgs,results/paper_aaai2027/frozen/results/estimated_graphs/paper_er_sf_sparse_alpha001_noweight_50rep_mpc_fgs/er8/FGS/run_0040_seed_2066.npz,,paper_er_sf_sparse_alpha001_noweight_50rep_mpc_fgs,1.0,,1.0,16.0,,not applicable (score based)
er8,ER (8),FGS,42,,2067.0,12.0,0.0,12.0,0.0,12.0,12.0,12.0,0.0,0.0,0.0,12.0,12.0,12.0,0.0,0.0,0.0,,,,,,,,,,,,,,,,0.0,0.0751123428344726,,paper_er_sf_sparse_alpha001_noweight_50rep_mpc_fgs,results/paper_aaai2027/frozen/results/estimated_graphs/paper_er_sf_sparse_alpha001_noweight_50rep_mpc_fgs/er8/FGS/run_0041_seed_2067.npz,,paper_er_sf_sparse_alpha001_noweight_50rep_mpc_fgs,1.0,,1.0,4.0,,not applicable (score based)
er8,ER (8),FGS,43,,2068.0,10.0,0.2857,8.0,0.2857,10.0,10.0,10.0,0.2857,0.2857,0.2857,8.285714285714286,8.0,9.0,0.24490000000000003,0.2857,0.1429,,,,,,,,,,,,,,,,0.0,0.0916235446929931,,paper_er_sf_sparse_alpha001_noweight_50rep_mpc_fgs,results/paper_aaai2027/frozen/results/estimated_graphs/paper_er_sf_sparse_alpha001_noweight_50rep_mpc_fgs/er8/FGS/run_0042_seed_2068.npz,,paper_er_sf_sparse_alpha001_noweight_50rep_mpc_fgs,1.0,,1.0,7.0,,not applicable (score based)
er8,ER (8),FGS,44,,2069.0,12.0,0.1538,11.0,0.1538,12.0,12.0,12.0,0.1538,0.1538,0.1538,11.5,11.0,12.0,0.0769,0.1538,0.0,,,,,,,,,,,,,,,,0.0,0.0745620727539062,,paper_er_sf_sparse_alpha001_noweight_50rep_mpc_fgs,results/paper_aaai2027/frozen/results/estimated_graphs/paper_er_sf_sparse_alpha001_noweight_50rep_mpc_fgs/er8/FGS/run_0043_seed_2069.npz,,paper_er_sf_sparse_alpha001_noweight_50rep_mpc_fgs,1.0,,1.0,6.0,,not applicable (score based)
er8,ER (8),FGS,45,,2070.0,10.0,0.1538,10.0,0.1538,10.0,10.0,10.0,0.1538,0.1538,0.1538,10.0,9.0,11.0,0.1538222222222222,0.3077,0.0,,,,,,,,,,,,,,,,0.0,0.0760488510131836,,paper_er_sf_sparse_alpha001_noweight_50rep_mpc_fgs,results/paper_aaai2027/frozen/results/estimated_graphs/paper_er_sf_sparse_alpha001_noweight_50rep_mpc_fgs/er8/FGS/run_0044_seed_2070.npz,,paper_er_sf_sparse_alpha001_noweight_50rep_mpc_fgs,1.0,,1.0,18.0,,not applicable (score based)
er8,ER (8),FGS,46,,2071.0,13.0,0.0,13.0,0.0,13.0,13.0,13.0,0.0,0.0,0.0,13.0,13.0,13.0,0.0,0.0,0.0,,,,,,,,,,,,,,,,0.0,0.0765783786773681,,paper_er_sf_sparse_alpha001_noweight_50rep_mpc_fgs,results/paper_aaai2027/frozen/results/estimated_graphs/paper_er_sf_sparse_alpha001_noweight_50rep_mpc_fgs/er8/FGS/run_0045_seed_2071.npz,,paper_er_sf_sparse_alpha001_noweight_50rep_mpc_fgs,1.0,,1.0,2.0,,not applicable (score based)
er8,ER (8),FGS,47,,2072.0,8.0,0.0,8.0,0.0,8.0,8.0,8.0,0.0,0.0,0.0,7.333333333333333,7.0,8.0,0.13333333333333333,0.2,0.0,,,,,,,,,,,,,,,,0.0,0.0730822086334228,,paper_er_sf_sparse_alpha001_noweight_50rep_mpc_fgs,results/paper_aaai2027/frozen/results/estimated_graphs/paper_er_sf_sparse_alpha001_noweight_50rep_mpc_fgs/er8/FGS/run_0046_seed_2072.npz,,paper_er_sf_sparse_alpha001_noweight_50rep_mpc_fgs,1.0,,1.0,3.0,,not applicable (score based)
er8,ER (8),FGS,48,,2073.0,11.0,0.1538,10.0,0.1538,11.0,11.0,11.0,0.1538,0.1538,0.1538,9.7,9.0,11.0,0.19998999999999997,0.3077,0.0,,,,,,,,,,,,,,,,0.0,0.07855224609375,,paper_er_sf_sparse_alpha001_noweight_50rep_mpc_fgs,results/paper_aaai2027/frozen/results/estimated_graphs/paper_er_sf_sparse_alpha001_noweight_50rep_mpc_fgs/er8/FGS/run_0047_seed_2073.npz,,paper_er_sf_sparse_alpha001_noweight_50rep_mpc_fgs,1.0,,1.0,10.0,,not applicable (score based)
er8,ER (8),FGS,49,,2074.0,10.0,0.1538,10.0,0.1538,10.0,10.0,10.0,0.1538,0.1538,0.1538,10.25,10.0,11.0,0.11535,0.1538,0.0,,,,,,,,,,,,,,,,0.0,0.0775661468505859,,paper_er_sf_sparse_alpha001_noweight_50rep_mpc_fgs,results/paper_aaai2027/frozen/results/estimated_graphs/paper_er_sf_sparse_alpha001_noweight_50rep_mpc_fgs/er8/FGS/run_0048_seed_2074.npz,,paper_er_sf_sparse_alpha001_noweight_50rep_mpc_fgs,1.0,,1.0,4.0,,not applicable (score based)
er8,ER (8),FGS,50,,2075.0,12.0,0.0,12.0,0.0,12.0,12.0,12.0,0.0,0.0,0.0,11.75,11.0,12.0,0.03845,0.1538,0.0,,,,,,,,,,,,,,,,0.0,0.0794086456298828,,paper_er_sf_sparse_alpha001_noweight_50rep_mpc_fgs,results/paper_aaai2027/frozen/results/estimated_graphs/paper_er_sf_sparse_alpha001_noweight_50rep_mpc_fgs/er8/FGS/run_0049_seed_2075.npz,,paper_er_sf_sparse_alpha001_noweight_50rep_mpc_fgs,1.0,,1.0,4.0,,not applicable (score based)
sf5,SF (5),ABA-PC,1,1.0,2026.0,7.875,0.6754374999999999,7.333333333333333,0.11146000860344989,7.875,7.0,9.0,0.6754374999999999,0.7273,0.6154,7.333333333333333,6.0,9.0,0.11146000860344989,0.1818528887757699,0.0,8.0,27.0,0.6687386687386687,0.7272727272727273,0.6153846153846153,0.1114564447897781,0.18181818181818182,0.0,0.6754079254079254,0.7272727272727273,0.6153846153846153,0.0,0.0,0.0,0.0,0.0,0.9965623077005148,0.0,results/paper_aaai2027/frozen/results/final_mcs_experiments_er_sf_sparse_alpha001_noweight_50rep/wc_sweep_sf5_2026_sparse_alpha001_noweight_seed2026_2075_20260715_175821/summary.json,,,,,,8.0,27.0,,retained CI facts
sf5,SF (5),ABA-PC,2,2.0,2027.0,4.786324786324786,0.4871197718631178,5.514783313082219,0.4020725765130036,4.786324786324786,0.0,10.0,0.4871197718631178,1.0,0.3077,5.514783313082219,0.0,10.0,0.4020725765130036,1.0,0.0,585.0,2469.0,0.6801773628019071,1.0,0.5714285714285715,0.40207663269631677,1.0,0.0,0.7210556964403118,1.0,0.5714285714285715,0.6095889295889296,1.0,0.0,1.0,1.0,6.440124911721796,0.0,results/paper_aaai2027/frozen/results/final_mcs_experiments_er_sf_sparse_alpha001_noweight_50rep/wc_sweep_sf5_2026_sparse_alpha001_noweight_seed2026_2075_20260715_175821/summary.json,,,,,,585.0,2469.0,,retained CI facts
sf5,SF (5),ABA-PC,3,3.0,2028.0,1.5,0.84445,1.6666666666666667,0.829645629309636,1.5,1.0,2.0,0.84445,0.8889,0.8,1.6666666666666667,1.0,2.0,0.829645629309636,0.888888888888889,0.8000239995200095,2.0,6.0,0.8296296296296296,0.888888888888889,0.8,0.8296296296296296,0.888888888888889,0.8,0.8444444444444446,0.888888888888889,0.8,1.0,1.0,1.0,0.0,0.0,0.9352778731845319,0.0,results/paper_aaai2027/frozen/results/final_mcs_experiments_er_sf_sparse_alpha001_noweight_50rep/wc_sweep_sf5_2026_sparse_alpha001_noweight_seed2026_2075_20260715_175821/summary.json,,,,,,2.0,6.0,,retained CI facts
sf5,SF (5),ABA-PC,4,4.0,2029.0,5.375,0.4121,5.25,0.2979827433510343,5.375,4.0,7.0,0.4121,0.4444,0.3636,5.25,4.0,7.0,0.2979827433510343,0.4444444444444445,0.1818528887757699,8.0,16.0,0.6223484848484848,0.6666666666666665,0.5454545454545454,0.297979797979798,0.4444444444444445,0.18181818181818182,0.6181818181818182,0.6666666666666665,0.5454545454545454,0.35,0.8,0.0,0.0,0.0,0.9590994212776423,0.0,results/paper_aaai2027/frozen/results/final_mcs_experiments_er_sf_sparse_alpha001_noweight_50rep/wc_sweep_sf5_2026_sparse_alpha001_noweight_seed2026_2075_20260715_175821/summary.json,,,,,,8.0,16.0,,retained CI facts
sf5,SF (5),ABA-PC,5,5.0,2030.0,4.786324786324786,0.5795358974358974,5.514783313082219,0.4020725765130036,4.786324786324786,0.0,10.0,0.5795358974358974,1.0,0.2857,5.514783313082219,0.0,10.0,0.4020725765130036,1.0,0.0,585.0,2469.0,0.6801773628019071,1.0,0.5714285714285715,0.40207663269631677,1.0,0.0,0.7210556964403118,1.0,0.5714285714285715,0.6095889295889296,1.0,0.0,1.0,1.0,6.477191890124232,0.0,results/paper_aaai2027/frozen/results/final_mcs_experiments_er_sf_sparse_alpha001_noweight_50rep/wc_sweep_sf5_2026_sparse_alpha001_noweight_seed2026_2075_20260715_175821/summary.json,,,,,,585.0,2469.0,,retained CI facts
sf5,SF (5),ABA-PC,6,6.0,2031.0,0.5,0.70835,1.1666666666666667,0.8101851851851851,0.5,0.0,1.0,0.70835,0.75,0.6667,1.1666666666666667,0.0,2.0,0.8101851851851851,1.0,0.6666666666666665,2.0,6.0,0.9259259259259259,1.0,0.888888888888889,0.8101851851851851,1.0,0.6666666666666665,0.9444444444444444,1.0,0.888888888888889,1.0,1.0,1.0,1.0,1.0,0.9074346479028463,0.0,results/paper_aaai2027/frozen/results/final_mcs_experiments_er_sf_sparse_alpha001_noweight_50rep/wc_sweep_sf5_2026_sparse_alpha001_noweight_seed2026_2075_20260715_175821/summary.json,,,,,,2.0,6.0,,retained CI facts
sf5,SF (5),ABA-PC,7,7.0,2032.0,5.133333333333334,0.33359999999999995,5.775510204081633,0.2835948065569716,5.133333333333334,3.0,7.0,0.33359999999999995,0.6667,0.1818,5.775510204081633,3.0,8.0,0.2835948065569716,0.6666666666666665,0.0,15.0,98.0,0.5894248608534323,0.6666666666666665,0.5454545454545454,0.28359101216244076,0.6666666666666665,0.0,0.6185858585858585,0.6666666666666665,0.5454545454545454,0.4533333333333333,1.0,0.0,0.0,0.0,1.1158527960069478,0.0,results/paper_aaai2027/frozen/results/final_mcs_experiments_er_sf_sparse_alpha001_noweight_50rep/wc_sweep_sf5_2026_sparse_alpha001_noweight_seed2026_2075_20260715_175821/summary.json,,,,,,15.0,98.0,,retained CI facts
sf5,SF (5),ABA-PC,8,8.0,2033.0,0.5,0.94445,1.1666666666666667,0.8101851851851851,0.5,0.0,1.0,0.94445,1.0,0.8889,1.1666666666666667,0.0,2.0,0.8101851851851851,1.0,0.6666666666666665,2.0,6.0,0.9259259259259259,1.0,0.888888888888889,0.8101851851851851,1.0,0.6666666666666665,0.9444444444444444,1.0,0.888888888888889,1.0,1.0,1.0,1.0,1.0,0.9285878390073776,0.0,results/paper_aaai2027/frozen/results/final_mcs_experiments_er_sf_sparse_alpha001_noweight_50rep/wc_sweep_sf5_2026_sparse_alpha001_noweight_seed2026_2075_20260715_175821/summary.json,,,,,,2.0,6.0,,retained CI facts
sf5,SF (5),ABA-PC,9,9.0,2034.0,0.5,0.70835,1.1666666666666667,0.8101851851851851,0.5,0.0,1.0,0.70835,0.75,0.6667,1.1666666666666667,0.0,2.0,0.8101851851851851,1.0,0.6666666666666665,2.0,6.0,0.9259259259259259,1.0,0.888888888888889,0.8101851851851851,1.0,0.6666666666666665,0.9444444444444444,1.0,0.888888888888889,1.0,1.0,1.0,1.0,1.0,0.9165686727501452,0.0,results/paper_aaai2027/frozen/results/final_mcs_experiments_er_sf_sparse_alpha001_noweight_50rep/wc_sweep_sf5_2026_sparse_alpha001_noweight_seed2026_2075_20260715_175821/summary.json,,,,,,2.0,6.0,,retained CI facts
sf5,SF (5),ABA-PC,10,10.0,2035.0,1.5,0.70835,2.1666666666666665,0.5787037037037036,1.5,1.0,2.0,0.70835,0.75,0.6667,2.1666666666666665,1.0,3.0,0.5787037037037036,0.75,0.4444444444444445,2.0,6.0,0.9259259259259259,1.0,0.888888888888889,0.5787037037037036,0.75,0.4444444444444445,0.9444444444444444,1.0,0.888888888888889,0.8,0.8,0.8,0.0,0.0,0.9334012782201171,0.0,results/paper_aaai2027/frozen/results/final_mcs_experiments_er_sf_sparse_alpha001_noweight_50rep/wc_sweep_sf5_2026_sparse_alpha001_noweight_seed2026_2075_20260715_175821/summary.json,,,,,,2.0,6.0,,retained CI facts
sf5,SF (5),ABA-PC,11,11.0,2036.0,6.806451612903226,0.29510333333333333,6.29665071770335,0.2699798939547796,6.806451612903226,5.0,9.0,0.29510333333333333,0.4444,0.1667,6.29665071770335,3.0,9.0,0.2699798939547796,0.6666666666666665,0.0,31.0,209.0,0.49186602870813395,0.6666666666666665,0.22222222222222224,0.2699772848098207,0.6666666666666665,0.0,0.5007168458781363,0.6666666666666665,0.22222222222222224,0.15706605222734255,0.5,0.0,0.0,0.0,1.3531644749455154,0.0,results/paper_aaai2027/frozen/results/final_mcs_experiments_er_sf_sparse_alpha001_noweight_50rep/wc_sweep_sf5_2026_sparse_alpha001_noweight_seed2026_2075_20260715_175821/summary.json,,,,,,31.0,209.0,,retained CI facts
sf5,SF (5),ABA-PC,12,12.0,2037.0,4.333333333333333,0.4192,4.0476190476190474,0.42453543126192095,4.333333333333333,2.0,7.0,0.4192,0.6667,0.1818,4.0476190476190474,2.0,6.0,0.42453543126192095,0.6666666666666665,0.1818528887757699,6.0,21.0,0.7876863876863878,0.888888888888889,0.7272727272727273,0.4245310245310245,0.6666666666666665,0.18181818181818182,0.8175084175084176,0.888888888888889,0.7272727272727273,0.24074074074074073,0.5,0.0,0.0,0.0,0.968772420194,0.0,results/paper_aaai2027/frozen/results/final_mcs_experiments_er_sf_sparse_alpha001_noweight_50rep/wc_sweep_sf5_2026_sparse_alpha001_noweight_seed2026_2075_20260715_175821/summary.json,,,,,,6.0,21.0,,retained CI facts
sf5,SF (5),ABA-PC,13,13.0,2038.0,4.786324786324786,0.7210776068376068,5.514783313082219,0.4020725765130036,4.786324786324786,0.0,10.0,0.7210776068376068,1.0,0.5714,5.514783313082219,0.0,10.0,0.4020725765130036,1.0,0.0,585.0,2469.0,0.6801773628019071,1.0,0.5714285714285715,0.40207663269631677,1.0,0.0,0.7210556964403118,1.0,0.5714285714285715,0.6095889295889296,1.0,0.0,1.0,1.0,6.5673665422946215,0.0,results/paper_aaai2027/frozen/results/final_mcs_experiments_er_sf_sparse_alpha001_noweight_50rep/wc_sweep_sf5_2026_sparse_alpha001_noweight_seed2026_2075_20260715_175821/summary.json,,,,,,585.0,2469.0,,retained CI facts
sf5,SF (5),ABA-PC,14,14.0,2039.0,4.833333333333333,0.5560833333333334,5.555555555555555,0.30034441313935323,4.833333333333333,3.0,7.0,0.5560833333333334,0.6,0.5,5.555555555555555,3.0,8.0,0.30034441313935323,0.6,0.0,6.0,27.0,0.714702581369248,0.8,0.6666666666666666,0.30033670033670035,0.6,0.0,0.7414141414141414,0.8,0.6666666666666666,0.27380952380952384,0.5714285714285715,0.0,0.0,0.0,0.9813365358859301,0.0,results/paper_aaai2027/frozen/results/final_mcs_experiments_er_sf_sparse_alpha001_noweight_50rep/wc_sweep_sf5_2026_sparse_alpha001_noweight_seed2026_2075_20260715_175821/summary.json,,,,,,6.0,27.0,,retained CI facts
sf5,SF (5),ABA-PC,15,15.0,2040.0,7.875,0.5065625,7.333333333333333,0.11146000860344989,7.875,7.0,9.0,0.5065625,0.5455,0.4615,7.333333333333333,6.0,9.0,0.11146000860344989,0.1818528887757699,0.0,8.0,27.0,0.6687386687386687,0.7272727272727273,0.6153846153846153,0.1114564447897781,0.18181818181818182,0.0,0.6754079254079254,0.7272727272727273,0.6153846153846153,0.0,0.0,0.0,0.0,0.0,0.9810324031859636,0.0,results/paper_aaai2027/frozen/results/final_mcs_experiments_er_sf_sparse_alpha001_noweight_50rep/wc_sweep_sf5_2026_sparse_alpha001_noweight_seed2026_2075_20260715_175821/summary.json,,,,,,8.0,27.0,,retained CI facts
sf5,SF (5),ABA-PC,16,16.0,2041.0,2.3333333333333335,0.8341833333333334,2.5555555555555554,0.6800799680543043,2.3333333333333335,0.0,5.0,0.8341833333333334,1.0,0.7273,2.5555555555555554,0.0,5.0,0.6800799680543043,1.0,0.3636247931780578,12.0,36.0,0.8140852974186308,1.0,0.7272727272727273,0.6800785634118968,1.0,0.36363636363636365,0.8341750841750842,1.0,0.7272727272727273,0.798015873015873,1.0,0.5,1.0,1.0,0.9983312389813364,0.0,results/paper_aaai2027/frozen/results/final_mcs_experiments_er_sf_sparse_alpha001_noweight_50rep/wc_sweep_sf5_2026_sparse_alpha001_noweight_seed2026_2075_20260715_175821/summary.json,,,,,,12.0,36.0,,retained CI facts
sf5,SF (5),ABA-PC,17,17.0,2042.0,1.5,0.83335,1.7142857142857142,0.7142857142857143,1.5,0.0,3.0,0.83335,1.0,0.6667,1.7142857142857142,0.0,3.0,0.7142857142857143,1.0,0.4444444444444445,2.0,7.0,0.9047619047619049,1.0,0.888888888888889,0.7142857142857143,1.0,0.4444444444444445,0.9444444444444444,1.0,0.888888888888889,0.8333333333333333,1.0,0.6666666666666666,1.0,1.0,0.9288493008352816,0.0,results/paper_aaai2027/frozen/results/final_mcs_experiments_er_sf_sparse_alpha001_noweight_50rep/wc_sweep_sf5_2026_sparse_alpha001_noweight_seed2026_2075_20260715_175821/summary.json,,,,,,2.0,7.0,,retained CI facts
sf5,SF (5),ABA-PC,18,18.0,2043.0,1.5,0.94445,1.7142857142857142,0.7142857142857143,1.5,0.0,3.0,0.94445,1.0,0.8889,1.7142857142857142,0.0,3.0,0.7142857142857143,1.0,0.4444444444444445,2.0,7.0,0.9047619047619049,1.0,0.888888888888889,0.7142857142857143,1.0,0.4444444444444445,0.9444444444444444,1.0,0.888888888888889,0.8333333333333333,1.0,0.6666666666666666,1.0,1.0,0.9128124569542706,0.0,results/paper_aaai2027/frozen/results/final_mcs_experiments_er_sf_sparse_alpha001_noweight_50rep/wc_sweep_sf5_2026_sparse_alpha001_noweight_seed2026_2075_20260715_175821/summary.json,,,,,,2.0,7.0,,retained CI facts
sf5,SF (5),ABA-PC,19,19.0,2044.0,2.727272727272727,0.8358181818181819,2.558139534883721,0.6869174423541213,2.727272727272727,0.0,5.0,0.8358181818181819,1.0,0.7273,2.558139534883721,0.0,5.0,0.6869174423541213,1.0,0.3636247931780578,11.0,43.0,0.8084096781771201,1.0,0.7272727272727273,0.6869156683110171,1.0,0.36363636363636365,0.8358126721763086,1.0,0.7272727272727273,0.7696969696969697,1.0,0.5,1.0,1.0,1.0308315800502896,0.0,results/paper_aaai2027/frozen/results/final_mcs_experiments_er_sf_sparse_alpha001_noweight_50rep/wc_sweep_sf5_2026_sparse_alpha001_noweight_seed2026_2075_20260715_175821/summary.json,,,,,,11.0,43.0,,retained CI facts
sf5,SF (5),ABA-PC,20,20.0,2045.0,3.962962962962963,0.5058851851851851,3.3518518518518516,0.5139453224431043,3.962962962962963,1.0,7.0,0.5058851851851851,0.8,0.3333,3.3518518518518516,1.0,5.0,0.5139453224431043,0.75,0.2000239980801536,27.0,54.0,0.8156378600823045,1.0,0.6666666666666666,0.5139450056116722,0.75,0.2,0.809951365506921,1.0,0.6666666666666666,0.427689594356261,0.8,0.0,0.0,0.0,1.0563355800695717,0.0,results/paper_aaai2027/frozen/results/final_mcs_experiments_er_sf_sparse_alpha001_noweight_50rep/wc_sweep_sf5_2026_sparse_alpha001_noweight_seed2026_2075_20260715_175821/summary.json,,,,,,27.0,54.0,,retained CI facts
sf5,SF (5),ABA-PC,21,21.0,2046.0,0.5,0.70835,1.1666666666666667,0.8101851851851851,0.5,0.0,1.0,0.70835,0.75,0.6667,1.1666666666666667,0.0,2.0,0.8101851851851851,1.0,0.6666666666666665,2.0,6.0,0.9259259259259259,1.0,0.888888888888889,0.8101851851851851,1.0,0.6666666666666665,0.9444444444444444,1.0,0.888888888888889,1.0,1.0,1.0,1.0,1.0,0.9634101060219109,0.0,results/paper_aaai2027/frozen/results/final_mcs_experiments_er_sf_sparse_alpha001_noweight_50rep/wc_sweep_sf5_2026_sparse_alpha001_noweight_seed2026_2075_20260715_175821/summary.json,,,,,,2.0,6.0,,retained CI facts
sf5,SF (5),ABA-PC,22,22.0,2047.0,4.786324786324786,0.5795358974358974,5.514783313082219,0.4020725765130036,4.786324786324786,0.0,10.0,0.5795358974358974,1.0,0.2857,5.514783313082219,0.0,10.0,0.4020725765130036,1.0,0.0,585.0,2469.0,0.6801773628019071,1.0,0.5714285714285715,0.40207663269631677,1.0,0.0,0.7210556964403118,1.0,0.5714285714285715,0.6095889295889296,1.0,0.0,1.0,1.0,6.300959260202944,0.0,results/paper_aaai2027/frozen/results/final_mcs_experiments_er_sf_sparse_alpha001_noweight_50rep/wc_sweep_sf5_2026_sparse_alpha001_noweight_seed2026_2075_20260715_175821/summary.json,,,,,,585.0,2469.0,,retained CI facts
sf5,SF (5),ABA-PC,23,23.0,2048.0,0.5,0.70835,1.1666666666666667,0.8101851851851851,0.5,0.0,1.0,0.70835,0.75,0.6667,1.1666666666666667,0.0,2.0,0.8101851851851851,1.0,0.6666666666666665,2.0,6.0,0.9259259259259259,1.0,0.888888888888889,0.8101851851851851,1.0,0.6666666666666665,0.9444444444444444,1.0,0.888888888888889,1.0,1.0,1.0,1.0,1.0,0.9130124007351696,0.0,results/paper_aaai2027/frozen/results/final_mcs_experiments_er_sf_sparse_alpha001_noweight_50rep/wc_sweep_sf5_2026_sparse_alpha001_noweight_seed2026_2075_20260715_175821/summary.json,,,,,,2.0,6.0,,retained CI facts
sf5,SF (5),ABA-PC,24,24.0,2049.0,0.5,0.70835,1.1666666666666667,0.8101851851851851,0.5,0.0,1.0,0.70835,0.75,0.6667,1.1666666666666667,0.0,2.0,0.8101851851851851,1.0,0.6666666666666665,2.0,6.0,0.9259259259259259,1.0,0.888888888888889,0.8101851851851851,1.0,0.6666666666666665,0.9444444444444444,1.0,0.888888888888889,1.0,1.0,1.0,1.0,1.0,0.9405726157128811,0.0,results/paper_aaai2027/frozen/results/final_mcs_experiments_er_sf_sparse_alpha001_noweight_50rep/wc_sweep_sf5_2026_sparse_alpha001_noweight_seed2026_2075_20260715_175821/summary.json,,,,,,2.0,6.0,,retained CI facts
sf5,SF (5),ABA-PC,25,25.0,2050.0,4.0,0.6667,3.5,0.5555555555555555,4.0,4.0,4.0,0.6667,0.6667,0.6667,3.5,3.0,4.0,0.5555555555555555,0.6666666666666665,0.4444444444444445,1.0,2.0,0.6666666666666665,0.6666666666666665,0.6666666666666665,0.5555555555555555,0.6666666666666665,0.4444444444444445,0.6666666666666665,0.6666666666666665,0.6666666666666665,0.3333333333333333,0.3333333333333333,0.3333333333333333,0.0,0.0,0.9330724501051009,0.0,results/paper_aaai2027/frozen/results/final_mcs_experiments_er_sf_sparse_alpha001_noweight_50rep/wc_sweep_sf5_2026_sparse_alpha001_noweight_seed2026_2075_20260715_175821/summary.json,,,,,,1.0,2.0,,retained CI facts
sf5,SF (5),ABA-PC,26,26.0,2051.0,4.786324786324786,0.7210776068376068,5.514783313082219,0.4020725765130036,4.786324786324786,0.0,10.0,0.7210776068376068,1.0,0.5714,5.514783313082219,0.0,10.0,0.4020725765130036,1.0,0.0,585.0,2469.0,0.6801773628019071,1.0,0.5714285714285715,0.40207663269631677,1.0,0.0,0.7210556964403118,1.0,0.5714285714285715,0.6095889295889296,1.0,0.0,1.0,1.0,6.383464616723359,0.0,results/paper_aaai2027/frozen/results/final_mcs_experiments_er_sf_sparse_alpha001_noweight_50rep/wc_sweep_sf5_2026_sparse_alpha001_noweight_seed2026_2075_20260715_175821/summary.json,,,,,,585.0,2469.0,,retained CI facts
sf5,SF (5),ABA-PC,27,27.0,2052.0,1.5,0.63335,2.1666666666666665,0.7259339257659291,1.5,1.0,2.0,0.63335,0.6667,0.6,2.1666666666666665,1.0,3.0,0.7259339257659291,0.888888888888889,0.6,2.0,6.0,0.8296296296296296,0.888888888888889,0.8,0.7259259259259259,0.888888888888889,0.6,0.8444444444444446,0.888888888888889,0.8,0.8571428571428571,0.8571428571428571,0.8571428571428571,0.0,0.0,0.9148161262273788,0.0,results/paper_aaai2027/frozen/results/final_mcs_experiments_er_sf_sparse_alpha001_noweight_50rep/wc_sweep_sf5_2026_sparse_alpha001_noweight_seed2026_2075_20260715_175821/summary.json,,,,,,2.0,6.0,,retained CI facts
sf5,SF (5),ABA-PC,28,28.0,2053.0,0.5,0.70835,1.1666666666666667,0.8101851851851851,0.5,0.0,1.0,0.70835,0.75,0.6667,1.1666666666666667,0.0,2.0,0.8101851851851851,1.0,0.6666666666666665,2.0,6.0,0.9259259259259259,1.0,0.888888888888889,0.8101851851851851,1.0,0.6666666666666665,0.9444444444444444,1.0,0.888888888888889,1.0,1.0,1.0,1.0,1.0,0.9283677600324154,0.0,results/paper_aaai2027/frozen/results/final_mcs_experiments_er_sf_sparse_alpha001_noweight_50rep/wc_sweep_sf5_2026_sparse_alpha001_noweight_seed2026_2075_20260715_175821/summary.json,,,,,,2.0,6.0,,retained CI facts
sf5,SF (5),ABA-PC,29,29.0,2054.0,1.5,0.84445,2.1666666666666665,0.7259339257659291,1.5,1.0,2.0,0.84445,0.8889,0.8,2.1666666666666665,1.0,3.0,0.7259339257659291,0.888888888888889,0.6,2.0,6.0,0.8296296296296296,0.888888888888889,0.8,0.7259259259259259,0.888888888888889,0.6,0.8444444444444446,0.888888888888889,0.8,0.8571428571428571,0.8571428571428571,0.8571428571428571,0.0,0.0,0.9419252555817366,0.0,results/paper_aaai2027/frozen/results/final_mcs_experiments_er_sf_sparse_alpha001_noweight_50rep/wc_sweep_sf5_2026_sparse_alpha001_noweight_seed2026_2075_20260715_175821/summary.json,,,,,,2.0,6.0,,retained CI facts
sf5,SF (5),ABA-PC,30,30.0,2055.0,4.2,0.43540999999999996,3.914285714285714,0.43995935383068296,4.2,1.0,7.0,0.43540999999999996,0.75,0.1818,3.914285714285714,1.0,6.0,0.43995935383068296,0.75,0.1818528887757699,10.0,35.0,0.7754689754689755,1.0,0.6,0.43995670995670993,0.75,0.18181818181818182,0.806060606060606,1.0,0.6,0.2515873015873016,0.5714285714285715,0.0,0.0,0.0,1.016402066219598,0.0,results/paper_aaai2027/frozen/results/final_mcs_experiments_er_sf_sparse_alpha001_noweight_50rep/wc_sweep_sf5_2026_sparse_alpha001_noweight_seed2026_2075_20260715_175821/summary.json,,,,,,10.0,35.0,,retained CI facts
sf5,SF (5),ABA-PC,31,31.0,2056.0,1.5,0.4722,2.1666666666666665,0.5787037037037036,1.5,1.0,2.0,0.4722,0.5,0.4444,2.1666666666666665,1.0,3.0,0.5787037037037036,0.75,0.4444444444444445,2.0,6.0,0.9259259259259259,1.0,0.888888888888889,0.5787037037037036,0.75,0.4444444444444445,0.9444444444444444,1.0,0.888888888888889,0.8,0.8,0.8,0.0,0.0,0.9337457939982414,0.0,results/paper_aaai2027/frozen/results/final_mcs_experiments_er_sf_sparse_alpha001_noweight_50rep/wc_sweep_sf5_2026_sparse_alpha001_noweight_seed2026_2075_20260715_175821/summary.json,,,,,,2.0,6.0,,retained CI facts
sf5,SF (5),ABA-PC,32,32.0,2057.0,3.7,0.6556766666666667,4.545138888888889,0.36932136805995863,3.7,0.0,6.0,0.6556766666666667,1.0,0.3636,4.545138888888889,0.0,8.0,0.36932136805995863,1.0,0.0,60.0,288.0,0.7720538720538721,1.0,0.6666666666666666,0.3693181818181818,1.0,0.0,0.8082154882154883,1.0,0.6666666666666666,0.4378174603174603,1.0,0.0,1.0,1.0,1.542431646026671,0.0,results/paper_aaai2027/frozen/results/final_mcs_experiments_er_sf_sparse_alpha001_noweight_50rep/wc_sweep_sf5_2026_sparse_alpha001_noweight_seed2026_2075_20260715_175821/summary.json,,,,,,60.0,288.0,,retained CI facts
sf5,SF (5),ABA-PC,33,33.0,2058.0,0.5,0.70835,1.1666666666666667,0.8101851851851851,0.5,0.0,1.0,0.70835,0.75,0.6667,1.1666666666666667,0.0,2.0,0.8101851851851851,1.0,0.6666666666666665,2.0,6.0,0.9259259259259259,1.0,0.888888888888889,0.8101851851851851,1.0,0.6666666666666665,0.9444444444444444,1.0,0.888888888888889,1.0,1.0,1.0,1.0,1.0,0.9394695060327649,0.0,results/paper_aaai2027/frozen/results/final_mcs_experiments_er_sf_sparse_alpha001_noweight_50rep/wc_sweep_sf5_2026_sparse_alpha001_noweight_seed2026_2075_20260715_175821/summary.json,,,,,,2.0,6.0,,retained CI facts
sf5,SF (5),ABA-PC,34,34.0,2059.0,4.786324786324786,0.50876547008547,5.514783313082219,0.4020725765130036,4.786324786324786,0.0,10.0,0.50876547008547,1.0,0.1429,5.514783313082219,0.0,10.0,0.4020725765130036,1.0,0.0,585.0,2469.0,0.6801773628019071,1.0,0.5714285714285715,0.40207663269631677,1.0,0.0,0.7210556964403118,1.0,0.5714285714285715,0.6095889295889296,1.0,0.0,1.0,1.0,6.283622920978814,0.0,results/paper_aaai2027/frozen/results/final_mcs_experiments_er_sf_sparse_alpha001_noweight_50rep/wc_sweep_sf5_2026_sparse_alpha001_noweight_seed2026_2075_20260715_175821/summary.json,,,,,,585.0,2469.0,,retained CI facts
sf5,SF (5),ABA-PC,35,35.0,2060.0,0.5,0.70835,1.1666666666666667,0.8101851851851851,0.5,0.0,1.0,0.70835,0.75,0.6667,1.1666666666666667,0.0,2.0,0.8101851851851851,1.0,0.6666666666666665,2.0,6.0,0.9259259259259259,1.0,0.888888888888889,0.8101851851851851,1.0,0.6666666666666665,0.9444444444444444,1.0,0.888888888888889,1.0,1.0,1.0,1.0,1.0,0.9434293080121279,0.0,results/paper_aaai2027/frozen/results/final_mcs_experiments_er_sf_sparse_alpha001_noweight_50rep/wc_sweep_sf5_2026_sparse_alpha001_noweight_seed2026_2075_20260715_175821/summary.json,,,,,,2.0,6.0,,retained CI facts
sf5,SF (5),ABA-PC,36,36.0,2061.0,1.5,0.84445,1.6666666666666667,0.829645629309636,1.5,1.0,2.0,0.84445,0.8889,0.8,1.6666666666666667,1.0,2.0,0.829645629309636,0.888888888888889,0.8000239995200095,2.0,6.0,0.8296296296296296,0.888888888888889,0.8,0.8296296296296296,0.888888888888889,0.8,0.8444444444444446,0.888888888888889,0.8,1.0,1.0,1.0,0.0,0.0,0.9324911148287356,0.0,results/paper_aaai2027/frozen/results/final_mcs_experiments_er_sf_sparse_alpha001_noweight_50rep/wc_sweep_sf5_2026_sparse_alpha001_noweight_seed2026_2075_20260715_175821/summary.json,,,,,,2.0,6.0,,retained CI facts
sf5,SF (5),ABA-PC,37,37.0,2062.0,4.175,0.7807025000000001,4.837078651685394,0.37064841411836313,4.175,0.0,8.0,0.7807025000000001,1.0,0.6154,4.837078651685394,0.0,9.0,0.37064841411836313,1.0,0.0,40.0,178.0,0.7490715277232131,1.0,0.6153846153846153,0.37064377569995544,1.0,0.0,0.7806876456876457,1.0,0.6153846153846153,0.40499999999999997,1.0,0.0,1.0,1.0,1.3172001400962472,0.0,results/paper_aaai2027/frozen/results/final_mcs_experiments_er_sf_sparse_alpha001_noweight_50rep/wc_sweep_sf5_2026_sparse_alpha001_noweight_seed2026_2075_20260715_175821/summary.json,,,,,,40.0,178.0,,retained CI facts
sf5,SF (5),ABA-PC,38,38.0,2063.0,1.5,0.94445,1.7142857142857142,0.7142857142857143,1.5,0.0,3.0,0.94445,1.0,0.8889,1.7142857142857142,0.0,3.0,0.7142857142857143,1.0,0.4444444444444445,2.0,7.0,0.9047619047619049,1.0,0.888888888888889,0.7142857142857143,1.0,0.4444444444444445,0.9444444444444444,1.0,0.888888888888889,0.8333333333333333,1.0,0.6666666666666666,1.0,1.0,1.0675776558928192,0.0,results/paper_aaai2027/frozen/results/final_mcs_experiments_er_sf_sparse_alpha001_noweight_50rep/wc_sweep_sf5_2026_sparse_alpha001_noweight_seed2026_2075_20260715_175821/summary.json,,,,,,2.0,7.0,,retained CI facts
sf5,SF (5),ABA-PC,39,39.0,2064.0,1.5,0.7222,1.7142857142857142,0.7142857142857143,1.5,0.0,3.0,0.7222,1.0,0.4444,1.7142857142857142,0.0,3.0,0.7142857142857143,1.0,0.4444444444444445,2.0,7.0,0.9047619047619049,1.0,0.888888888888889,0.7142857142857143,1.0,0.4444444444444445,0.9444444444444444,1.0,0.888888888888889,0.8333333333333333,1.0,0.6666666666666666,1.0,1.0,1.4037428484298289,0.0,results/paper_aaai2027/frozen/results/final_mcs_experiments_er_sf_sparse_alpha001_noweight_50rep/wc_sweep_sf5_2026_sparse_alpha001_noweight_seed2026_2075_20260715_175821/summary.json,,,,,,2.0,7.0,,retained CI facts
sf5,SF (5),ABA-PC,40,40.0,2065.0,4.786324786324786,0.7210776068376068,5.514783313082219,0.4020725765130036,4.786324786324786,0.0,10.0,0.7210776068376068,1.0,0.5714,5.514783313082219,0.0,10.0,0.4020725765130036,1.0,0.0,585.0,2469.0,0.6801773628019071,1.0,0.5714285714285715,0.40207663269631677,1.0,0.0,0.7210556964403118,1.0,0.5714285714285715,0.6095889295889296,1.0,0.0,1.0,1.0,8.876694355159998,0.0,results/paper_aaai2027/frozen/results/final_mcs_experiments_er_sf_sparse_alpha001_noweight_50rep/wc_sweep_sf5_2026_sparse_alpha001_noweight_seed2026_2075_20260715_175821/summary.json,,,,,,585.0,2469.0,,retained CI facts
sf5,SF (5),ABA-PC,41,41.0,2066.0,0.5,0.70835,1.1666666666666667,0.8101851851851851,0.5,0.0,1.0,0.70835,0.75,0.6667,1.1666666666666667,0.0,2.0,0.8101851851851851,1.0,0.6666666666666665,2.0,6.0,0.9259259259259259,1.0,0.888888888888889,0.8101851851851851,1.0,0.6666666666666665,0.9444444444444444,1.0,0.888888888888889,1.0,1.0,1.0,1.0,1.0,1.0709207030013204,0.0,results/paper_aaai2027/frozen/results/final_mcs_experiments_er_sf_sparse_alpha001_noweight_50rep/wc_sweep_sf5_2026_sparse_alpha001_noweight_seed2026_2075_20260715_175821/summary.json,,,,,,2.0,6.0,,retained CI facts
sf5,SF (5),ABA-PC,42,42.0,2067.0,1.5,0.63335,2.1666666666666665,0.7259339257659291,1.5,1.0,2.0,0.63335,0.6667,0.6,2.1666666666666665,1.0,3.0,0.7259339257659291,0.888888888888889,0.6,2.0,6.0,0.8296296296296296,0.888888888888889,0.8,0.7259259259259259,0.888888888888889,0.6,0.8444444444444446,0.888888888888889,0.8,0.8571428571428571,0.8571428571428571,0.8571428571428571,0.0,0.0,1.067167618777603,0.0,results/paper_aaai2027/frozen/results/final_mcs_experiments_er_sf_sparse_alpha001_noweight_50rep/wc_sweep_sf5_2026_sparse_alpha001_noweight_seed2026_2075_20260715_175821/summary.json,,,,,,2.0,6.0,,retained CI facts
sf5,SF (5),ABA-PC,43,43.0,2068.0,4.0,0.2222,3.0,0.4444444444444444,4.0,4.0,4.0,0.2222,0.2222,0.2222,3.0,2.0,4.0,0.4444444444444444,0.6666666666666665,0.22222222222222224,1.0,3.0,0.888888888888889,0.888888888888889,0.888888888888889,0.4444444444444444,0.6666666666666665,0.22222222222222224,0.888888888888889,0.888888888888889,0.888888888888889,0.0,0.0,0.0,0.0,0.0,1.0128614478744566,0.0,results/paper_aaai2027/frozen/results/final_mcs_experiments_er_sf_sparse_alpha001_noweight_50rep/wc_sweep_sf5_2026_sparse_alpha001_noweight_seed2026_2075_20260715_175821/summary.json,,,,,,1.0,3.0,,retained CI facts
sf5,SF (5),ABA-PC,44,44.0,2069.0,0.0,0.5,1.0,0.75,0.0,0.0,0.0,0.5,0.5,0.5,1.0,0.0,2.0,0.75,1.0,0.5,1.0,4.0,1.0,1.0,1.0,0.75,1.0,0.5,1.0,1.0,1.0,1.0,1.0,1.0,1.0,1.0,1.1356457779183984,0.0,results/paper_aaai2027/frozen/results/final_mcs_experiments_er_sf_sparse_alpha001_noweight_50rep/wc_sweep_sf5_2026_sparse_alpha001_noweight_seed2026_2075_20260715_175821/summary.json,,,,,,1.0,4.0,,retained CI facts
sf5,SF (5),ABA-PC,45,45.0,2070.0,0.5,0.94445,1.1666666666666667,0.8101851851851851,0.5,0.0,1.0,0.94445,1.0,0.8889,1.1666666666666667,0.0,2.0,0.8101851851851851,1.0,0.6666666666666665,2.0,6.0,0.9259259259259259,1.0,0.888888888888889,0.8101851851851851,1.0,0.6666666666666665,0.9444444444444444,1.0,0.888888888888889,1.0,1.0,1.0,1.0,1.0,1.1438397620804608,0.0,results/paper_aaai2027/frozen/results/final_mcs_experiments_er_sf_sparse_alpha001_noweight_50rep/wc_sweep_sf5_2026_sparse_alpha001_noweight_seed2026_2075_20260715_175821/summary.json,,,,,,2.0,6.0,,retained CI facts
sf5,SF (5),ABA-PC,46,46.0,2071.0,0.5,0.94445,1.1666666666666667,0.8101851851851851,0.5,0.0,1.0,0.94445,1.0,0.8889,1.1666666666666667,0.0,2.0,0.8101851851851851,1.0,0.6666666666666665,2.0,6.0,0.9259259259259259,1.0,0.888888888888889,0.8101851851851851,1.0,0.6666666666666665,0.9444444444444444,1.0,0.888888888888889,1.0,1.0,1.0,1.0,1.0,1.1889973022043705,0.0,results/paper_aaai2027/frozen/results/final_mcs_experiments_er_sf_sparse_alpha001_noweight_50rep/wc_sweep_sf5_2026_sparse_alpha001_noweight_seed2026_2075_20260715_175821/summary.json,,,,,,2.0,6.0,,retained CI facts
sf5,SF (5),ABA-PC,47,47.0,2072.0,1.5,0.83335,1.7142857142857142,0.7142857142857143,1.5,0.0,3.0,0.83335,1.0,0.6667,1.7142857142857142,0.0,3.0,0.7142857142857143,1.0,0.4444444444444445,2.0,7.0,0.9047619047619049,1.0,0.888888888888889,0.7142857142857143,1.0,0.4444444444444445,0.9444444444444444,1.0,0.888888888888889,0.8333333333333333,1.0,0.6666666666666666,1.0,1.0,1.1786060258746147,0.0,results/paper_aaai2027/frozen/results/final_mcs_experiments_er_sf_sparse_alpha001_noweight_50rep/wc_sweep_sf5_2026_sparse_alpha001_noweight_seed2026_2075_20260715_175821/summary.json,,,,,,2.0,7.0,,retained CI facts
sf5,SF (5),ABA-PC,48,48.0,2073.0,3.1923076923076925,0.5509423076923077,4.209677419354839,0.43025927563397864,3.1923076923076925,0.0,7.0,0.5509423076923077,1.0,0.1667,4.209677419354839,0.0,8.0,0.43025927563397864,1.0,0.0,26.0,124.0,0.7740469208211144,1.0,0.6666666666666666,0.4302541544477028,1.0,0.0,0.8221445221445222,1.0,0.6666666666666666,0.5598901098901099,1.0,0.0,1.0,1.0,1.6229224768467247,0.0,results/paper_aaai2027/frozen/results/final_mcs_experiments_er_sf_sparse_alpha001_noweight_50rep/wc_sweep_sf5_2026_sparse_alpha001_noweight_seed2026_2075_20260715_175821/summary.json,,,,,,26.0,124.0,,retained CI facts
sf5,SF (5),ABA-PC,49,49.0,2074.0,3.0,0.6607000000000001,1.6666666666666667,0.7261945577065144,3.0,1.0,5.0,0.6607000000000001,0.75,0.5714,1.6666666666666667,1.0,2.0,0.7261945577065144,0.8571428571428571,0.5714408159766863,2.0,3.0,0.8214285714285715,0.8571428571428571,0.75,0.7261904761904763,0.8571428571428571,0.5714285714285715,0.8035714285714286,0.8571428571428571,0.75,0.4,0.8,0.0,0.0,0.0,1.1551660052500665,0.0,results/paper_aaai2027/frozen/results/final_mcs_experiments_er_sf_sparse_alpha001_noweight_50rep/wc_sweep_sf5_2026_sparse_alpha001_noweight_seed2026_2075_20260715_175821/summary.json,,,,,,2.0,3.0,,retained CI facts
sf5,SF (5),ABA-PC,50,50.0,2075.0,3.5,0.84445,1.6666666666666667,0.829645629309636,3.5,3.0,4.0,0.84445,0.8889,0.8,1.6666666666666667,1.0,2.0,0.829645629309636,0.888888888888889,0.8000239995200095,2.0,3.0,0.8296296296296296,0.888888888888889,0.8,0.8296296296296296,0.888888888888889,0.8,0.8444444444444446,0.888888888888889,0.8,0.5714285714285715,0.5714285714285715,0.5714285714285715,0.0,0.0,1.180168516933918,0.0,results/paper_aaai2027/frozen/results/final_mcs_experiments_er_sf_sparse_alpha001_noweight_50rep/wc_sweep_sf5_2026_sparse_alpha001_noweight_seed2026_2075_20260715_175821/summary.json,,,,,,2.0,3.0,,retained CI facts
sf5,SF (5),OptABA-PC,1,1.0,2026.0,7.875,0.6754374999999999,7.333333333333333,0.11146000860344989,7.875,7.0,9.0,0.6754374999999999,0.7273,0.6154,7.333333333333333,6.0,9.0,0.11146000860344989,0.1818528887757699,0.0,8.0,27.0,0.6687386687386687,0.7272727272727273,0.6153846153846153,0.1114564447897781,0.18181818181818182,0.0,0.6754079254079254,0.7272727272727273,0.6153846153846153,0.0,0.0,0.0,0.0,0.0,0.9338906807824969,0.0,results/paper_aaai2027/frozen/results/final_mcs_experiments_er_sf_sparse_alpha001_noweight_50rep/wc_sweep_sf5_2026_sparse_alpha001_noweight_seed2026_2075_20260715_175821/summary.json,,,,,,8.0,27.0,,retained CI facts
sf5,SF (5),OptABA-PC,2,2.0,2027.0,4.786324786324786,0.4871197718631178,5.514783313082219,0.4020725765130036,4.786324786324786,0.0,10.0,0.4871197718631178,1.0,0.3077,5.514783313082219,0.0,10.0,0.4020725765130036,1.0,0.0,585.0,2469.0,0.6801773628019071,1.0,0.5714285714285715,0.40207663269631677,1.0,0.0,0.7210556964403118,1.0,0.5714285714285715,0.6095889295889296,1.0,0.0,1.0,1.0,6.379684365354478,0.0,results/paper_aaai2027/frozen/results/final_mcs_experiments_er_sf_sparse_alpha001_noweight_50rep/wc_sweep_sf5_2026_sparse_alpha001_noweight_seed2026_2075_20260715_175821/summary.json,,,,,,585.0,2469.0,,retained CI facts
sf5,SF (5),OptABA-PC,3,3.0,2028.0,1.5,0.84445,1.6666666666666667,0.829645629309636,1.5,1.0,2.0,0.84445,0.8889,0.8,1.6666666666666667,1.0,2.0,0.829645629309636,0.888888888888889,0.8000239995200095,2.0,6.0,0.8296296296296296,0.888888888888889,0.8,0.8296296296296296,0.888888888888889,0.8,0.8444444444444446,0.888888888888889,0.8,1.0,1.0,1.0,0.0,0.0,0.8638518373481929,0.0,results/paper_aaai2027/frozen/results/final_mcs_experiments_er_sf_sparse_alpha001_noweight_50rep/wc_sweep_sf5_2026_sparse_alpha001_noweight_seed2026_2075_20260715_175821/summary.json,,,,,,2.0,6.0,,retained CI facts
sf5,SF (5),OptABA-PC,4,4.0,2029.0,1.5,0.70835,2.1666666666666665,0.5787037037037036,1.5,1.0,2.0,0.70835,0.75,0.6667,2.1666666666666665,1.0,3.0,0.5787037037037036,0.75,0.4444444444444445,2.0,6.0,0.9259259259259259,1.0,0.888888888888889,0.5787037037037036,0.75,0.4444444444444445,0.9444444444444444,1.0,0.888888888888889,0.8,0.8,0.8,0.0,0.0,0.9008366321213543,0.0,results/paper_aaai2027/frozen/results/final_mcs_experiments_er_sf_sparse_alpha001_noweight_50rep/wc_sweep_sf5_2026_sparse_alpha001_noweight_seed2026_2075_20260715_175821/summary.json,,,,,,2.0,6.0,,retained CI facts
sf5,SF (5),OptABA-PC,5,5.0,2030.0,4.786324786324786,0.5795358974358974,5.514783313082219,0.4020725765130036,4.786324786324786,0.0,10.0,0.5795358974358974,1.0,0.2857,5.514783313082219,0.0,10.0,0.4020725765130036,1.0,0.0,585.0,2469.0,0.6801773628019071,1.0,0.5714285714285715,0.40207663269631677,1.0,0.0,0.7210556964403118,1.0,0.5714285714285715,0.6095889295889296,1.0,0.0,1.0,1.0,6.4162174593657255,0.0,results/paper_aaai2027/frozen/results/final_mcs_experiments_er_sf_sparse_alpha001_noweight_50rep/wc_sweep_sf5_2026_sparse_alpha001_noweight_seed2026_2075_20260715_175821/summary.json,,,,,,585.0,2469.0,,retained CI facts
sf5,SF (5),OptABA-PC,6,6.0,2031.0,0.5,0.70835,1.1666666666666667,0.8101851851851851,0.5,0.0,1.0,0.70835,0.75,0.6667,1.1666666666666667,0.0,2.0,0.8101851851851851,1.0,0.6666666666666665,2.0,6.0,0.9259259259259259,1.0,0.888888888888889,0.8101851851851851,1.0,0.6666666666666665,0.9444444444444444,1.0,0.888888888888889,1.0,1.0,1.0,1.0,1.0,0.8506793836131692,0.0,results/paper_aaai2027/frozen/results/final_mcs_experiments_er_sf_sparse_alpha001_noweight_50rep/wc_sweep_sf5_2026_sparse_alpha001_noweight_seed2026_2075_20260715_175821/summary.json,,,,,,2.0,6.0,,retained CI facts
sf5,SF (5),OptABA-PC,7,7.0,2032.0,1.5,0.4722,2.1666666666666665,0.5787037037037036,1.5,1.0,2.0,0.4722,0.5,0.4444,2.1666666666666665,1.0,3.0,0.5787037037037036,0.75,0.4444444444444445,2.0,6.0,0.9259259259259259,1.0,0.888888888888889,0.5787037037037036,0.75,0.4444444444444445,0.9444444444444444,1.0,0.888888888888889,0.8,0.8,0.8,0.0,0.0,0.8718648501671851,0.0,results/paper_aaai2027/frozen/results/final_mcs_experiments_er_sf_sparse_alpha001_noweight_50rep/wc_sweep_sf5_2026_sparse_alpha001_noweight_seed2026_2075_20260715_175821/summary.json,,,,,,2.0,6.0,,retained CI facts
sf5,SF (5),OptABA-PC,8,8.0,2033.0,0.5,0.94445,1.1666666666666667,0.8101851851851851,0.5,0.0,1.0,0.94445,1.0,0.8889,1.1666666666666667,0.0,2.0,0.8101851851851851,1.0,0.6666666666666665,2.0,6.0,0.9259259259259259,1.0,0.888888888888889,0.8101851851851851,1.0,0.6666666666666665,0.9444444444444444,1.0,0.888888888888889,1.0,1.0,1.0,1.0,1.0,0.9065553029067814,0.0,results/paper_aaai2027/frozen/results/final_mcs_experiments_er_sf_sparse_alpha001_noweight_50rep/wc_sweep_sf5_2026_sparse_alpha001_noweight_seed2026_2075_20260715_175821/summary.json,,,,,,2.0,6.0,,retained CI facts
sf5,SF (5),OptABA-PC,9,9.0,2034.0,0.5,0.70835,1.1666666666666667,0.8101851851851851,0.5,0.0,1.0,0.70835,0.75,0.6667,1.1666666666666667,0.0,2.0,0.8101851851851851,1.0,0.6666666666666665,2.0,6.0,0.9259259259259259,1.0,0.888888888888889,0.8101851851851851,1.0,0.6666666666666665,0.9444444444444444,1.0,0.888888888888889,1.0,1.0,1.0,1.0,1.0,0.860131673514843,0.0,results/paper_aaai2027/frozen/results/final_mcs_experiments_er_sf_sparse_alpha001_noweight_50rep/wc_sweep_sf5_2026_sparse_alpha001_noweight_seed2026_2075_20260715_175821/summary.json,,,,,,2.0,6.0,,retained CI facts
sf5,SF (5),OptABA-PC,10,10.0,2035.0,1.5,0.70835,2.1666666666666665,0.5787037037037036,1.5,1.0,2.0,0.70835,0.75,0.6667,2.1666666666666665,1.0,3.0,0.5787037037037036,0.75,0.4444444444444445,2.0,6.0,0.9259259259259259,1.0,0.888888888888889,0.5787037037037036,0.75,0.4444444444444445,0.9444444444444444,1.0,0.888888888888889,0.8,0.8,0.8,0.0,0.0,0.8662027628161013,0.0,results/paper_aaai2027/frozen/results/final_mcs_experiments_er_sf_sparse_alpha001_noweight_50rep/wc_sweep_sf5_2026_sparse_alpha001_noweight_seed2026_2075_20260715_175821/summary.json,,,,,,2.0,6.0,,retained CI facts
sf5,SF (5),OptABA-PC,11,11.0,2036.0,1.5,0.94445,1.7142857142857142,0.7142857142857143,1.5,0.0,3.0,0.94445,1.0,0.8889,1.7142857142857142,0.0,3.0,0.7142857142857143,1.0,0.4444444444444445,2.0,7.0,0.9047619047619049,1.0,0.888888888888889,0.7142857142857143,1.0,0.4444444444444445,0.9444444444444444,1.0,0.888888888888889,0.8333333333333333,1.0,0.6666666666666666,1.0,1.0,0.9147893949411809,0.0,results/paper_aaai2027/frozen/results/final_mcs_experiments_er_sf_sparse_alpha001_noweight_50rep/wc_sweep_sf5_2026_sparse_alpha001_noweight_seed2026_2075_20260715_175821/summary.json,,,,,,2.0,7.0,,retained CI facts
sf5,SF (5),OptABA-PC,12,12.0,2037.0,1.5,0.80355,1.6666666666666667,0.7857142857142857,1.5,1.0,2.0,0.80355,0.8571,0.75,1.6666666666666667,1.0,2.0,0.7857142857142857,0.8571428571428571,0.75,2.0,3.0,0.7857142857142857,0.8571428571428571,0.75,0.7857142857142857,0.8571428571428571,0.75,0.8035714285714286,0.8571428571428571,0.75,1.0,1.0,1.0,0.0,0.0,0.8804190610535443,0.0,results/paper_aaai2027/frozen/results/final_mcs_experiments_er_sf_sparse_alpha001_noweight_50rep/wc_sweep_sf5_2026_sparse_alpha001_noweight_seed2026_2075_20260715_175821/summary.json,,,,,,2.0,3.0,,retained CI facts
sf5,SF (5),OptABA-PC,13,13.0,2038.0,4.786324786324786,0.7210776068376068,5.514783313082219,0.4020725765130036,4.786324786324786,0.0,10.0,0.7210776068376068,1.0,0.5714,5.514783313082219,0.0,10.0,0.4020725765130036,1.0,0.0,585.0,2469.0,0.6801773628019071,1.0,0.5714285714285715,0.40207663269631677,1.0,0.0,0.7210556964403118,1.0,0.5714285714285715,0.6095889295889296,1.0,0.0,1.0,1.0,6.506467284169048,0.0,results/paper_aaai2027/frozen/results/final_mcs_experiments_er_sf_sparse_alpha001_noweight_50rep/wc_sweep_sf5_2026_sparse_alpha001_noweight_seed2026_2075_20260715_175821/summary.json,,,,,,585.0,2469.0,,retained CI facts
sf5,SF (5),OptABA-PC,14,14.0,2039.0,4.833333333333333,0.5560833333333334,5.555555555555555,0.30034441313935323,4.833333333333333,3.0,7.0,0.5560833333333334,0.6,0.5,5.555555555555555,3.0,8.0,0.30034441313935323,0.6,0.0,6.0,27.0,0.714702581369248,0.8,0.6666666666666666,0.30033670033670035,0.6,0.0,0.7414141414141414,0.8,0.6666666666666666,0.27380952380952384,0.5714285714285715,0.0,0.0,0.0,0.9214393100701272,0.0,results/paper_aaai2027/frozen/results/final_mcs_experiments_er_sf_sparse_alpha001_noweight_50rep/wc_sweep_sf5_2026_sparse_alpha001_noweight_seed2026_2075_20260715_175821/summary.json,,,,,,6.0,27.0,,retained CI facts
sf5,SF (5),OptABA-PC,15,15.0,2040.0,7.875,0.5065625,7.333333333333333,0.11146000860344989,7.875,7.0,9.0,0.5065625,0.5455,0.4615,7.333333333333333,6.0,9.0,0.11146000860344989,0.1818528887757699,0.0,8.0,27.0,0.6687386687386687,0.7272727272727273,0.6153846153846153,0.1114564447897781,0.18181818181818182,0.0,0.6754079254079254,0.7272727272727273,0.6153846153846153,0.0,0.0,0.0,0.0,0.0,0.9162130947224796,0.0,results/paper_aaai2027/frozen/results/final_mcs_experiments_er_sf_sparse_alpha001_noweight_50rep/wc_sweep_sf5_2026_sparse_alpha001_noweight_seed2026_2075_20260715_175821/summary.json,,,,,,8.0,27.0,,retained CI facts
sf5,SF (5),OptABA-PC,16,16.0,2041.0,1.5,0.94445,1.7142857142857142,0.7142857142857143,1.5,0.0,3.0,0.94445,1.0,0.8889,1.7142857142857142,0.0,3.0,0.7142857142857143,1.0,0.4444444444444445,2.0,7.0,0.9047619047619049,1.0,0.888888888888889,0.7142857142857143,1.0,0.4444444444444445,0.9444444444444444,1.0,0.888888888888889,0.8333333333333333,1.0,0.6666666666666666,1.0,1.0,0.8815161962993443,0.0,results/paper_aaai2027/frozen/results/final_mcs_experiments_er_sf_sparse_alpha001_noweight_50rep/wc_sweep_sf5_2026_sparse_alpha001_noweight_seed2026_2075_20260715_175821/summary.json,,,,,,2.0,7.0,,retained CI facts
sf5,SF (5),OptABA-PC,17,17.0,2042.0,1.5,0.83335,1.7142857142857142,0.7142857142857143,1.5,0.0,3.0,0.83335,1.0,0.6667,1.7142857142857142,0.0,3.0,0.7142857142857143,1.0,0.4444444444444445,2.0,7.0,0.9047619047619049,1.0,0.888888888888889,0.7142857142857143,1.0,0.4444444444444445,0.9444444444444444,1.0,0.888888888888889,0.8333333333333333,1.0,0.6666666666666666,1.0,1.0,0.8872542041353881,0.0,results/paper_aaai2027/frozen/results/final_mcs_experiments_er_sf_sparse_alpha001_noweight_50rep/wc_sweep_sf5_2026_sparse_alpha001_noweight_seed2026_2075_20260715_175821/summary.json,,,,,,2.0,7.0,,retained CI facts
sf5,SF (5),OptABA-PC,18,18.0,2043.0,1.5,0.94445,1.7142857142857142,0.7142857142857143,1.5,0.0,3.0,0.94445,1.0,0.8889,1.7142857142857142,0.0,3.0,0.7142857142857143,1.0,0.4444444444444445,2.0,7.0,0.9047619047619049,1.0,0.888888888888889,0.7142857142857143,1.0,0.4444444444444445,0.9444444444444444,1.0,0.888888888888889,0.8333333333333333,1.0,0.6666666666666666,1.0,1.0,0.8526623798534274,0.0,results/paper_aaai2027/frozen/results/final_mcs_experiments_er_sf_sparse_alpha001_noweight_50rep/wc_sweep_sf5_2026_sparse_alpha001_noweight_seed2026_2075_20260715_175821/summary.json,,,,,,2.0,7.0,,retained CI facts
sf5,SF (5),OptABA-PC,19,19.0,2044.0,1.5,0.94445,1.7142857142857142,0.7142857142857143,1.5,0.0,3.0,0.94445,1.0,0.8889,1.7142857142857142,0.0,3.0,0.7142857142857143,1.0,0.4444444444444445,2.0,7.0,0.9047619047619049,1.0,0.888888888888889,0.7142857142857143,1.0,0.4444444444444445,0.9444444444444444,1.0,0.888888888888889,0.8333333333333333,1.0,0.6666666666666666,1.0,1.0,0.8793088826350868,0.0,results/paper_aaai2027/frozen/results/final_mcs_experiments_er_sf_sparse_alpha001_noweight_50rep/wc_sweep_sf5_2026_sparse_alpha001_noweight_seed2026_2075_20260715_175821/summary.json,,,,,,2.0,7.0,,retained CI facts
sf5,SF (5),OptABA-PC,20,20.0,2045.0,1.5,0.70835,2.1666666666666665,0.5787037037037036,1.5,1.0,2.0,0.70835,0.75,0.6667,2.1666666666666665,1.0,3.0,0.5787037037037036,0.75,0.4444444444444445,2.0,6.0,0.9259259259259259,1.0,0.888888888888889,0.5787037037037036,0.75,0.4444444444444445,0.9444444444444444,1.0,0.888888888888889,0.8,0.8,0.8,0.0,0.0,0.8771431921049953,0.0,results/paper_aaai2027/frozen/results/final_mcs_experiments_er_sf_sparse_alpha001_noweight_50rep/wc_sweep_sf5_2026_sparse_alpha001_noweight_seed2026_2075_20260715_175821/summary.json,,,,,,2.0,6.0,,retained CI facts
sf5,SF (5),OptABA-PC,21,21.0,2046.0,0.5,0.70835,1.1666666666666667,0.8101851851851851,0.5,0.0,1.0,0.70835,0.75,0.6667,1.1666666666666667,0.0,2.0,0.8101851851851851,1.0,0.6666666666666665,2.0,6.0,0.9259259259259259,1.0,0.888888888888889,0.8101851851851851,1.0,0.6666666666666665,0.9444444444444444,1.0,0.888888888888889,1.0,1.0,1.0,1.0,1.0,0.8651434266939759,0.0,results/paper_aaai2027/frozen/results/final_mcs_experiments_er_sf_sparse_alpha001_noweight_50rep/wc_sweep_sf5_2026_sparse_alpha001_noweight_seed2026_2075_20260715_175821/summary.json,,,,,,2.0,6.0,,retained CI facts
sf5,SF (5),OptABA-PC,22,22.0,2047.0,4.786324786324786,0.5795358974358974,5.514783313082219,0.4020725765130036,4.786324786324786,0.0,10.0,0.5795358974358974,1.0,0.2857,5.514783313082219,0.0,10.0,0.4020725765130036,1.0,0.0,585.0,2469.0,0.6801773628019071,1.0,0.5714285714285715,0.40207663269631677,1.0,0.0,0.7210556964403118,1.0,0.5714285714285715,0.6095889295889296,1.0,0.0,1.0,1.0,6.239569855853915,0.0,results/paper_aaai2027/frozen/results/final_mcs_experiments_er_sf_sparse_alpha001_noweight_50rep/wc_sweep_sf5_2026_sparse_alpha001_noweight_seed2026_2075_20260715_175821/summary.json,,,,,,585.0,2469.0,,retained CI facts
sf5,SF (5),OptABA-PC,23,23.0,2048.0,0.5,0.70835,1.1666666666666667,0.8101851851851851,0.5,0.0,1.0,0.70835,0.75,0.6667,1.1666666666666667,0.0,2.0,0.8101851851851851,1.0,0.6666666666666665,2.0,6.0,0.9259259259259259,1.0,0.888888888888889,0.8101851851851851,1.0,0.6666666666666665,0.9444444444444444,1.0,0.888888888888889,1.0,1.0,1.0,1.0,1.0,0.8503655749373138,0.0,results/paper_aaai2027/frozen/results/final_mcs_experiments_er_sf_sparse_alpha001_noweight_50rep/wc_sweep_sf5_2026_sparse_alpha001_noweight_seed2026_2075_20260715_175821/summary.json,,,,,,2.0,6.0,,retained CI facts
sf5,SF (5),OptABA-PC,24,24.0,2049.0,0.5,0.70835,1.1666666666666667,0.8101851851851851,0.5,0.0,1.0,0.70835,0.75,0.6667,1.1666666666666667,0.0,2.0,0.8101851851851851,1.0,0.6666666666666665,2.0,6.0,0.9259259259259259,1.0,0.888888888888889,0.8101851851851851,1.0,0.6666666666666665,0.9444444444444444,1.0,0.888888888888889,1.0,1.0,1.0,1.0,1.0,0.8724726121872663,0.0,results/paper_aaai2027/frozen/results/final_mcs_experiments_er_sf_sparse_alpha001_noweight_50rep/wc_sweep_sf5_2026_sparse_alpha001_noweight_seed2026_2075_20260715_175821/summary.json,,,,,,2.0,6.0,,retained CI facts
sf5,SF (5),OptABA-PC,25,25.0,2050.0,0.0,1.0,1.0,0.75,0.0,0.0,0.0,1.0,1.0,1.0,1.0,0.0,2.0,0.75,1.0,0.5,1.0,3.0,1.0,1.0,1.0,0.75,1.0,0.5,1.0,1.0,1.0,1.0,1.0,1.0,1.0,1.0,0.8729314203374088,0.0,results/paper_aaai2027/frozen/results/final_mcs_experiments_er_sf_sparse_alpha001_noweight_50rep/wc_sweep_sf5_2026_sparse_alpha001_noweight_seed2026_2075_20260715_175821/summary.json,,,,,,1.0,3.0,,retained CI facts
sf5,SF (5),OptABA-PC,26,26.0,2051.0,4.786324786324786,0.7210776068376068,5.514783313082219,0.4020725765130036,4.786324786324786,0.0,10.0,0.7210776068376068,1.0,0.5714,5.514783313082219,0.0,10.0,0.4020725765130036,1.0,0.0,585.0,2469.0,0.6801773628019071,1.0,0.5714285714285715,0.40207663269631677,1.0,0.0,0.7210556964403118,1.0,0.5714285714285715,0.6095889295889296,1.0,0.0,1.0,1.0,6.350079450756311,0.0,results/paper_aaai2027/frozen/results/final_mcs_experiments_er_sf_sparse_alpha001_noweight_50rep/wc_sweep_sf5_2026_sparse_alpha001_noweight_seed2026_2075_20260715_175821/summary.json,,,,,,585.0,2469.0,,retained CI facts
sf5,SF (5),OptABA-PC,27,27.0,2052.0,1.5,0.63335,2.1666666666666665,0.7259339257659291,1.5,1.0,2.0,0.63335,0.6667,0.6,2.1666666666666665,1.0,3.0,0.7259339257659291,0.888888888888889,0.6,2.0,6.0,0.8296296296296296,0.888888888888889,0.8,0.7259259259259259,0.888888888888889,0.6,0.8444444444444446,0.888888888888889,0.8,0.8571428571428571,0.8571428571428571,0.8571428571428571,0.0,0.0,0.8507322748191655,0.0,results/paper_aaai2027/frozen/results/final_mcs_experiments_er_sf_sparse_alpha001_noweight_50rep/wc_sweep_sf5_2026_sparse_alpha001_noweight_seed2026_2075_20260715_175821/summary.json,,,,,,2.0,6.0,,retained CI facts
sf5,SF (5),OptABA-PC,28,28.0,2053.0,0.5,0.70835,1.1666666666666667,0.8101851851851851,0.5,0.0,1.0,0.70835,0.75,0.6667,1.1666666666666667,0.0,2.0,0.8101851851851851,1.0,0.6666666666666665,2.0,6.0,0.9259259259259259,1.0,0.888888888888889,0.8101851851851851,1.0,0.6666666666666665,0.9444444444444444,1.0,0.888888888888889,1.0,1.0,1.0,1.0,1.0,0.8826496652327478,0.0,results/paper_aaai2027/frozen/results/final_mcs_experiments_er_sf_sparse_alpha001_noweight_50rep/wc_sweep_sf5_2026_sparse_alpha001_noweight_seed2026_2075_20260715_175821/summary.json,,,,,,2.0,6.0,,retained CI facts
sf5,SF (5),OptABA-PC,29,29.0,2054.0,1.0,0.8889,1.5,0.7777777777777777,1.0,1.0,1.0,0.8889,0.8889,0.8889,1.5,1.0,2.0,0.7777777777777777,0.888888888888889,0.6666666666666665,1.0,4.0,0.888888888888889,0.888888888888889,0.888888888888889,0.7777777777777777,0.888888888888889,0.6666666666666665,0.888888888888889,0.888888888888889,0.888888888888889,1.0,1.0,1.0,0.0,0.0,0.8693031598813832,0.0,results/paper_aaai2027/frozen/results/final_mcs_experiments_er_sf_sparse_alpha001_noweight_50rep/wc_sweep_sf5_2026_sparse_alpha001_noweight_seed2026_2075_20260715_175821/summary.json,,,,,,1.0,4.0,,retained CI facts
sf5,SF (5),OptABA-PC,30,30.0,2055.0,2.5,0.70835,3.1666666666666665,0.5787037037037036,2.5,2.0,3.0,0.70835,0.75,0.6667,3.1666666666666665,2.0,4.0,0.5787037037037036,0.75,0.4444444444444445,2.0,6.0,0.6944444444444443,0.75,0.6666666666666665,0.5787037037037036,0.75,0.4444444444444445,0.7083333333333333,0.75,0.6666666666666665,0.6666666666666666,0.6666666666666666,0.6666666666666666,0.0,0.0,0.8653555517084897,0.0,results/paper_aaai2027/frozen/results/final_mcs_experiments_er_sf_sparse_alpha001_noweight_50rep/wc_sweep_sf5_2026_sparse_alpha001_noweight_seed2026_2075_20260715_175821/summary.json,,,,,,2.0,6.0,,retained CI facts
sf5,SF (5),OptABA-PC,31,31.0,2056.0,1.5,0.4722,2.1666666666666665,0.5787037037037036,1.5,1.0,2.0,0.4722,0.5,0.4444,2.1666666666666665,1.0,3.0,0.5787037037037036,0.75,0.4444444444444445,2.0,6.0,0.9259259259259259,1.0,0.888888888888889,0.5787037037037036,0.75,0.4444444444444445,0.9444444444444444,1.0,0.888888888888889,0.8,0.8,0.8,0.0,0.0,0.8638254092074931,0.0,results/paper_aaai2027/frozen/results/final_mcs_experiments_er_sf_sparse_alpha001_noweight_50rep/wc_sweep_sf5_2026_sparse_alpha001_noweight_seed2026_2075_20260715_175821/summary.json,,,,,,2.0,6.0,,retained CI facts
sf5,SF (5),OptABA-PC,32,32.0,2057.0,0.0,1.0,0.5,0.875,0.0,0.0,0.0,1.0,1.0,1.0,0.5,0.0,1.0,0.875,1.0,0.75,1.0,2.0,1.0,1.0,1.0,0.875,1.0,0.75,1.0,1.0,1.0,1.0,1.0,1.0,1.0,1.0,0.8658094690181315,0.0,results/paper_aaai2027/frozen/results/final_mcs_experiments_er_sf_sparse_alpha001_noweight_50rep/wc_sweep_sf5_2026_sparse_alpha001_noweight_seed2026_2075_20260715_175821/summary.json,,,,,,1.0,2.0,,retained CI facts
sf5,SF (5),OptABA-PC,33,33.0,2058.0,0.5,0.70835,1.1666666666666667,0.8101851851851851,0.5,0.0,1.0,0.70835,0.75,0.6667,1.1666666666666667,0.0,2.0,0.8101851851851851,1.0,0.6666666666666665,2.0,6.0,0.9259259259259259,1.0,0.888888888888889,0.8101851851851851,1.0,0.6666666666666665,0.9444444444444444,1.0,0.888888888888889,1.0,1.0,1.0,1.0,1.0,0.8715742900967598,0.0,results/paper_aaai2027/frozen/results/final_mcs_experiments_er_sf_sparse_alpha001_noweight_50rep/wc_sweep_sf5_2026_sparse_alpha001_noweight_seed2026_2075_20260715_175821/summary.json,,,,,,2.0,6.0,,retained CI facts
sf5,SF (5),OptABA-PC,34,34.0,2059.0,4.786324786324786,0.50876547008547,5.514783313082219,0.4020725765130036,4.786324786324786,0.0,10.0,0.50876547008547,1.0,0.1429,5.514783313082219,0.0,10.0,0.4020725765130036,1.0,0.0,585.0,2469.0,0.6801773628019071,1.0,0.5714285714285715,0.40207663269631677,1.0,0.0,0.7210556964403118,1.0,0.5714285714285715,0.6095889295889296,1.0,0.0,1.0,1.0,6.212809805292636,0.0,results/paper_aaai2027/frozen/results/final_mcs_experiments_er_sf_sparse_alpha001_noweight_50rep/wc_sweep_sf5_2026_sparse_alpha001_noweight_seed2026_2075_20260715_175821/summary.json,,,,,,585.0,2469.0,,retained CI facts
sf5,SF (5),OptABA-PC,35,35.0,2060.0,0.5,0.70835,1.1666666666666667,0.8101851851851851,0.5,0.0,1.0,0.70835,0.75,0.6667,1.1666666666666667,0.0,2.0,0.8101851851851851,1.0,0.6666666666666665,2.0,6.0,0.9259259259259259,1.0,0.888888888888889,0.8101851851851851,1.0,0.6666666666666665,0.9444444444444444,1.0,0.888888888888889,1.0,1.0,1.0,1.0,1.0,0.8777595679275692,0.0,results/paper_aaai2027/frozen/results/final_mcs_experiments_er_sf_sparse_alpha001_noweight_50rep/wc_sweep_sf5_2026_sparse_alpha001_noweight_seed2026_2075_20260715_175821/summary.json,,,,,,2.0,6.0,,retained CI facts
sf5,SF (5),OptABA-PC,36,36.0,2061.0,1.5,0.84445,1.6666666666666667,0.829645629309636,1.5,1.0,2.0,0.84445,0.8889,0.8,1.6666666666666667,1.0,2.0,0.829645629309636,0.888888888888889,0.8000239995200095,2.0,6.0,0.8296296296296296,0.888888888888889,0.8,0.8296296296296296,0.888888888888889,0.8,0.8444444444444446,0.888888888888889,0.8,1.0,1.0,1.0,0.0,0.0,0.8639145004563034,0.0,results/paper_aaai2027/frozen/results/final_mcs_experiments_er_sf_sparse_alpha001_noweight_50rep/wc_sweep_sf5_2026_sparse_alpha001_noweight_seed2026_2075_20260715_175821/summary.json,,,,,,2.0,6.0,,retained CI facts
sf5,SF (5),OptABA-PC,37,37.0,2062.0,4.175,0.7807025000000001,4.837078651685394,0.37064841411836313,4.175,0.0,8.0,0.7807025000000001,1.0,0.6154,4.837078651685394,0.0,9.0,0.37064841411836313,1.0,0.0,40.0,178.0,0.7490715277232131,1.0,0.6153846153846153,0.37064377569995544,1.0,0.0,0.7806876456876457,1.0,0.6153846153846153,0.40499999999999997,1.0,0.0,1.0,1.0,1.2603545635938644,0.0,results/paper_aaai2027/frozen/results/final_mcs_experiments_er_sf_sparse_alpha001_noweight_50rep/wc_sweep_sf5_2026_sparse_alpha001_noweight_seed2026_2075_20260715_175821/summary.json,,,,,,40.0,178.0,,retained CI facts
sf5,SF (5),OptABA-PC,38,38.0,2063.0,1.5,0.94445,1.7142857142857142,0.7142857142857143,1.5,0.0,3.0,0.94445,1.0,0.8889,1.7142857142857142,0.0,3.0,0.7142857142857143,1.0,0.4444444444444445,2.0,7.0,0.9047619047619049,1.0,0.888888888888889,0.7142857142857143,1.0,0.4444444444444445,0.9444444444444444,1.0,0.888888888888889,0.8333333333333333,1.0,0.6666666666666666,1.0,1.0,0.9956878898665309,0.0,results/paper_aaai2027/frozen/results/final_mcs_experiments_er_sf_sparse_alpha001_noweight_50rep/wc_sweep_sf5_2026_sparse_alpha001_noweight_seed2026_2075_20260715_175821/summary.json,,,,,,2.0,7.0,,retained CI facts
sf5,SF (5),OptABA-PC,39,39.0,2064.0,1.5,0.7222,1.7142857142857142,0.7142857142857143,1.5,0.0,3.0,0.7222,1.0,0.4444,1.7142857142857142,0.0,3.0,0.7142857142857143,1.0,0.4444444444444445,2.0,7.0,0.9047619047619049,1.0,0.888888888888889,0.7142857142857143,1.0,0.4444444444444445,0.9444444444444444,1.0,0.888888888888889,0.8333333333333333,1.0,0.6666666666666666,1.0,1.0,1.3401368269696832,0.0,results/paper_aaai2027/frozen/results/final_mcs_experiments_er_sf_sparse_alpha001_noweight_50rep/wc_sweep_sf5_2026_sparse_alpha001_noweight_seed2026_2075_20260715_175821/summary.json,,,,,,2.0,7.0,,retained CI facts
sf5,SF (5),OptABA-PC,40,40.0,2065.0,4.786324786324786,0.7210776068376068,5.514783313082219,0.4020725765130036,4.786324786324786,0.0,10.0,0.7210776068376068,1.0,0.5714,5.514783313082219,0.0,10.0,0.4020725765130036,1.0,0.0,585.0,2469.0,0.6801773628019071,1.0,0.5714285714285715,0.40207663269631677,1.0,0.0,0.7210556964403118,1.0,0.5714285714285715,0.6095889295889296,1.0,0.0,1.0,1.0,8.825622553471476,0.0,results/paper_aaai2027/frozen/results/final_mcs_experiments_er_sf_sparse_alpha001_noweight_50rep/wc_sweep_sf5_2026_sparse_alpha001_noweight_seed2026_2075_20260715_175821/summary.json,,,,,,585.0,2469.0,,retained CI facts
sf5,SF (5),OptABA-PC,41,41.0,2066.0,0.5,0.70835,1.1666666666666667,0.8101851851851851,0.5,0.0,1.0,0.70835,0.75,0.6667,1.1666666666666667,0.0,2.0,0.8101851851851851,1.0,0.6666666666666665,2.0,6.0,0.9259259259259259,1.0,0.888888888888889,0.8101851851851851,1.0,0.6666666666666665,0.9444444444444444,1.0,0.888888888888889,1.0,1.0,1.0,1.0,1.0,1.0040414198301733,0.0,results/paper_aaai2027/frozen/results/final_mcs_experiments_er_sf_sparse_alpha001_noweight_50rep/wc_sweep_sf5_2026_sparse_alpha001_noweight_seed2026_2075_20260715_175821/summary.json,,,,,,2.0,6.0,,retained CI facts
sf5,SF (5),OptABA-PC,42,42.0,2067.0,0.5,0.70835,1.1666666666666667,0.8101851851851851,0.5,0.0,1.0,0.70835,0.75,0.6667,1.1666666666666667,0.0,2.0,0.8101851851851851,1.0,0.6666666666666665,2.0,6.0,0.9259259259259259,1.0,0.888888888888889,0.8101851851851851,1.0,0.6666666666666665,0.9444444444444444,1.0,0.888888888888889,1.0,1.0,1.0,1.0,1.0,0.9855249151587486,0.0,results/paper_aaai2027/frozen/results/final_mcs_experiments_er_sf_sparse_alpha001_noweight_50rep/wc_sweep_sf5_2026_sparse_alpha001_noweight_seed2026_2075_20260715_175821/summary.json,,,,,,2.0,6.0,,retained CI facts
sf5,SF (5),OptABA-PC,43,43.0,2068.0,0.0,0.75,0.5,0.875,0.0,0.0,0.0,0.75,0.75,0.75,0.5,0.0,1.0,0.875,1.0,0.75,1.0,2.0,1.0,1.0,1.0,0.875,1.0,0.75,1.0,1.0,1.0,1.0,1.0,1.0,1.0,1.0,0.9822974218986928,0.0,results/paper_aaai2027/frozen/results/final_mcs_experiments_er_sf_sparse_alpha001_noweight_50rep/wc_sweep_sf5_2026_sparse_alpha001_noweight_seed2026_2075_20260715_175821/summary.json,,,,,,1.0,2.0,,retained CI facts
sf5,SF (5),OptABA-PC,44,44.0,2069.0,0.0,0.5,1.0,0.75,0.0,0.0,0.0,0.5,0.5,0.5,1.0,0.0,2.0,0.75,1.0,0.5,1.0,4.0,1.0,1.0,1.0,0.75,1.0,0.5,1.0,1.0,1.0,1.0,1.0,1.0,1.0,1.0,1.0588261056691408,0.0,results/paper_aaai2027/frozen/results/final_mcs_experiments_er_sf_sparse_alpha001_noweight_50rep/wc_sweep_sf5_2026_sparse_alpha001_noweight_seed2026_2075_20260715_175821/summary.json,,,,,,1.0,4.0,,retained CI facts
sf5,SF (5),OptABA-PC,45,45.0,2070.0,0.5,0.94445,1.1666666666666667,0.8101851851851851,0.5,0.0,1.0,0.94445,1.0,0.8889,1.1666666666666667,0.0,2.0,0.8101851851851851,1.0,0.6666666666666665,2.0,6.0,0.9259259259259259,1.0,0.888888888888889,0.8101851851851851,1.0,0.6666666666666665,0.9444444444444444,1.0,0.888888888888889,1.0,1.0,1.0,1.0,1.0,1.0668508331291378,0.0,results/paper_aaai2027/frozen/results/final_mcs_experiments_er_sf_sparse_alpha001_noweight_50rep/wc_sweep_sf5_2026_sparse_alpha001_noweight_seed2026_2075_20260715_175821/summary.json,,,,,,2.0,6.0,,retained CI facts
sf5,SF (5),OptABA-PC,46,46.0,2071.0,0.5,0.94445,1.1666666666666667,0.8101851851851851,0.5,0.0,1.0,0.94445,1.0,0.8889,1.1666666666666667,0.0,2.0,0.8101851851851851,1.0,0.6666666666666665,2.0,6.0,0.9259259259259259,1.0,0.888888888888889,0.8101851851851851,1.0,0.6666666666666665,0.9444444444444444,1.0,0.888888888888889,1.0,1.0,1.0,1.0,1.0,1.1393225882202387,0.0,results/paper_aaai2027/frozen/results/final_mcs_experiments_er_sf_sparse_alpha001_noweight_50rep/wc_sweep_sf5_2026_sparse_alpha001_noweight_seed2026_2075_20260715_175821/summary.json,,,,,,2.0,6.0,,retained CI facts
sf5,SF (5),OptABA-PC,47,47.0,2072.0,1.5,0.83335,1.7142857142857142,0.7142857142857143,1.5,0.0,3.0,0.83335,1.0,0.6667,1.7142857142857142,0.0,3.0,0.7142857142857143,1.0,0.4444444444444445,2.0,7.0,0.9047619047619049,1.0,0.888888888888889,0.7142857142857143,1.0,0.4444444444444445,0.9444444444444444,1.0,0.888888888888889,0.8333333333333333,1.0,0.6666666666666666,1.0,1.0,1.0889839697629213,0.0,results/paper_aaai2027/frozen/results/final_mcs_experiments_er_sf_sparse_alpha001_noweight_50rep/wc_sweep_sf5_2026_sparse_alpha001_noweight_seed2026_2075_20260715_175821/summary.json,,,,,,2.0,7.0,,retained CI facts
sf5,SF (5),OptABA-PC,48,48.0,2073.0,3.1923076923076925,0.5509423076923077,4.209677419354839,0.43025927563397864,3.1923076923076925,0.0,7.0,0.5509423076923077,1.0,0.1667,4.209677419354839,0.0,8.0,0.43025927563397864,1.0,0.0,26.0,124.0,0.7740469208211144,1.0,0.6666666666666666,0.4302541544477028,1.0,0.0,0.8221445221445222,1.0,0.6666666666666666,0.5598901098901099,1.0,0.0,1.0,1.0,1.5373005596920848,0.0,results/paper_aaai2027/frozen/results/final_mcs_experiments_er_sf_sparse_alpha001_noweight_50rep/wc_sweep_sf5_2026_sparse_alpha001_noweight_seed2026_2075_20260715_175821/summary.json,,,,,,26.0,124.0,,retained CI facts
sf5,SF (5),OptABA-PC,49,49.0,2074.0,3.0,0.6607000000000001,1.6666666666666667,0.7261945577065144,3.0,1.0,5.0,0.6607000000000001,0.75,0.5714,1.6666666666666667,1.0,2.0,0.7261945577065144,0.8571428571428571,0.5714408159766863,2.0,3.0,0.8214285714285715,0.8571428571428571,0.75,0.7261904761904763,0.8571428571428571,0.5714285714285715,0.8035714285714286,0.8571428571428571,0.75,0.4,0.8,0.0,0.0,0.0,1.0705066765658557,0.0,results/paper_aaai2027/frozen/results/final_mcs_experiments_er_sf_sparse_alpha001_noweight_50rep/wc_sweep_sf5_2026_sparse_alpha001_noweight_seed2026_2075_20260715_175821/summary.json,,,,,,2.0,3.0,,retained CI facts
sf5,SF (5),OptABA-PC,50,50.0,2075.0,1.5,0.7222,1.7142857142857142,0.7142857142857143,1.5,0.0,3.0,0.7222,1.0,0.4444,1.7142857142857142,0.0,3.0,0.7142857142857143,1.0,0.4444444444444445,2.0,7.0,0.9047619047619049,1.0,0.888888888888889,0.7142857142857143,1.0,0.4444444444444445,0.9444444444444444,1.0,0.888888888888889,0.8333333333333333,1.0,0.6666666666666666,1.0,1.0,1.1325637642294168,0.0,results/paper_aaai2027/frozen/results/final_mcs_experiments_er_sf_sparse_alpha001_noweight_50rep/wc_sweep_sf5_2026_sparse_alpha001_noweight_seed2026_2075_20260715_175821/summary.json,,,,,,2.0,7.0,,retained CI facts
sf5,SF (5),MPC,1,,2026.0,0.0,1.0,0.0,1.0,0.0,0.0,0.0,1.0,1.0,1.0,0.0,0.0,0.0,1.0,1.0,1.0,0.0,0.0,,,,,,,,,,,,,,1.0,0.0081753730773925,,paper_er_sf_sparse_alpha001_noweight_50rep_mpc_fgs,results/paper_aaai2027/frozen/results/estimated_graphs/paper_er_sf_sparse_alpha001_noweight_50rep_mpc_fgs/sf5/MPC/run_0000_seed_2026.npz,,paper_er_sf_sparse_alpha001_noweight_50rep_mpc_fgs,1.0,,1.0,1.0,,full recorded matched G2 CI trace
sf5,SF (5),MPC,2,,2027.0,0.0,1.0,0.0,1.0,0.0,0.0,0.0,1.0,1.0,1.0,0.0,0.0,0.0,1.0,1.0,1.0,1.0,1.0,,,,,,,,,,,,,,1.0,0.0085456371307373,,paper_er_sf_sparse_alpha001_noweight_50rep_mpc_fgs,results/paper_aaai2027/frozen/results/estimated_graphs/paper_er_sf_sparse_alpha001_noweight_50rep_mpc_fgs/sf5/MPC/run_0001_seed_2027.npz,,paper_er_sf_sparse_alpha001_noweight_50rep_mpc_fgs,1.0,,1.0,1.0,,full recorded matched G2 CI trace
sf5,SF (5),MPC,3,,2028.0,1.0,0.8889,0.0,1.0,1.0,1.0,1.0,0.8889,0.8889,0.8889,1.0,1.0,1.0,0.8889,0.8889,0.8889,0.0,0.0,,,,,,,,,,,,,,0.0,0.0095653533935546,,paper_er_sf_sparse_alpha001_noweight_50rep_mpc_fgs,results/paper_aaai2027/frozen/results/estimated_graphs/paper_er_sf_sparse_alpha001_noweight_50rep_mpc_fgs/sf5/MPC/run_0002_seed_2028.npz,,paper_er_sf_sparse_alpha001_noweight_50rep_mpc_fgs,1.0,,1.0,2.0,,full recorded matched G2 CI trace
sf5,SF (5),MPC,4,,2029.0,1.0,0.75,2.0,0.5714,1.0,1.0,1.0,0.75,0.75,0.75,1.5,1.0,2.0,0.625,0.75,0.5,0.0,0.0,,,,,,,,,,,,,,0.0,0.00777268409729,,paper_er_sf_sparse_alpha001_noweight_50rep_mpc_fgs,results/paper_aaai2027/frozen/results/estimated_graphs/paper_er_sf_sparse_alpha001_noweight_50rep_mpc_fgs/sf5/MPC/run_0003_seed_2029.npz,,paper_er_sf_sparse_alpha001_noweight_50rep_mpc_fgs,1.0,,1.0,2.0,,full recorded matched G2 CI trace
sf5,SF (5),MPC,5,,2030.0,0.0,1.0,0.0,1.0,0.0,0.0,0.0,1.0,1.0,1.0,0.0,0.0,0.0,1.0,1.0,1.0,1.0,1.0,,,,,,,,,,,,,,1.0,0.0080804824829101,,paper_er_sf_sparse_alpha001_noweight_50rep_mpc_fgs,results/paper_aaai2027/frozen/results/estimated_graphs/paper_er_sf_sparse_alpha001_noweight_50rep_mpc_fgs/sf5/MPC/run_0004_seed_2030.npz,,paper_er_sf_sparse_alpha001_noweight_50rep_mpc_fgs,1.0,,1.0,1.0,,full recorded matched G2 CI trace
sf5,SF (5),MPC,6,,2031.0,0.0,0.75,1.0,0.8571,0.0,0.0,0.0,0.75,0.75,0.75,0.5,0.0,1.0,0.875,1.0,0.75,1.0,2.0,,,,,,,,,,,,,,1.0,0.0072879791259765,,paper_er_sf_sparse_alpha001_noweight_50rep_mpc_fgs,results/paper_aaai2027/frozen/results/estimated_graphs/paper_er_sf_sparse_alpha001_noweight_50rep_mpc_fgs/sf5/MPC/run_0005_seed_2031.npz,,paper_er_sf_sparse_alpha001_noweight_50rep_mpc_fgs,1.0,,1.0,2.0,,full recorded matched G2 CI trace
sf5,SF (5),MPC,7,,2032.0,1.0,0.5,2.0,0.5714,1.0,1.0,1.0,0.5,0.5,0.5,1.5,1.0,2.0,0.625,0.75,0.5,0.0,0.0,,,,,,,,,,,,,,0.0,0.0108425617218017,,paper_er_sf_sparse_alpha001_noweight_50rep_mpc_fgs,results/paper_aaai2027/frozen/results/estimated_graphs/paper_er_sf_sparse_alpha001_noweight_50rep_mpc_fgs/sf5/MPC/run_0006_seed_2032.npz,,paper_er_sf_sparse_alpha001_noweight_50rep_mpc_fgs,1.0,,1.0,2.0,,full recorded matched G2 CI trace
sf5,SF (5),MPC,8,,2033.0,0.0,1.0,1.0,0.8571,0.0,0.0,0.0,1.0,1.0,1.0,0.5,0.0,1.0,0.875,1.0,0.75,0.0,0.0,,,,,,,,,,,,,,1.0,0.0064427852630615,,paper_er_sf_sparse_alpha001_noweight_50rep_mpc_fgs,results/paper_aaai2027/frozen/results/estimated_graphs/paper_er_sf_sparse_alpha001_noweight_50rep_mpc_fgs/sf5/MPC/run_0007_seed_2033.npz,,paper_er_sf_sparse_alpha001_noweight_50rep_mpc_fgs,1.0,,1.0,2.0,,full recorded matched G2 CI trace
sf5,SF (5),MPC,9,,2034.0,0.0,0.75,1.0,0.8571,0.0,0.0,0.0,0.75,0.75,0.75,0.5,0.0,1.0,0.875,1.0,0.75,1.0,2.0,,,,,,,,,,,,,,1.0,0.0071403980255126,,paper_er_sf_sparse_alpha001_noweight_50rep_mpc_fgs,results/paper_aaai2027/frozen/results/estimated_graphs/paper_er_sf_sparse_alpha001_noweight_50rep_mpc_fgs/sf5/MPC/run_0008_seed_2034.npz,,paper_er_sf_sparse_alpha001_noweight_50rep_mpc_fgs,1.0,,1.0,2.0,,full recorded matched G2 CI trace
sf5,SF (5),MPC,10,,2035.0,1.0,1.0,1.0,0.8571,1.0,1.0,1.0,1.0,1.0,1.0,0.5,0.0,1.0,0.875,1.0,0.75,0.0,0.0,,,,,,,,,,,,,,1.0,0.007857322692871,,paper_er_sf_sparse_alpha001_noweight_50rep_mpc_fgs,results/paper_aaai2027/frozen/results/estimated_graphs/paper_er_sf_sparse_alpha001_noweight_50rep_mpc_fgs/sf5/MPC/run_0009_seed_2035.npz,,paper_er_sf_sparse_alpha001_noweight_50rep_mpc_fgs,1.0,,1.0,2.0,,full recorded matched G2 CI trace
sf5,SF (5),MPC,11,,2036.0,0.0,1.0,0.0,1.0,0.0,0.0,0.0,1.0,1.0,1.0,0.0,0.0,0.0,1.0,1.0,1.0,0.0,0.0,,,,,,,,,,,,,,1.0,0.007028579711914,,paper_er_sf_sparse_alpha001_noweight_50rep_mpc_fgs,results/paper_aaai2027/frozen/results/estimated_graphs/paper_er_sf_sparse_alpha001_noweight_50rep_mpc_fgs/sf5/MPC/run_0010_seed_2036.npz,,paper_er_sf_sparse_alpha001_noweight_50rep_mpc_fgs,1.0,,1.0,1.0,,full recorded matched G2 CI trace
sf5,SF (5),MPC,12,,2037.0,0.0,0.75,1.0,0.8571,0.0,0.0,0.0,0.75,0.75,0.75,0.5,0.0,1.0,0.875,1.0,0.75,0.0,0.0,,,,,,,,,,,,,,1.0,0.0069482326507568,,paper_er_sf_sparse_alpha001_noweight_50rep_mpc_fgs,results/paper_aaai2027/frozen/results/estimated_graphs/paper_er_sf_sparse_alpha001_noweight_50rep_mpc_fgs/sf5/MPC/run_0011_seed_2037.npz,,paper_er_sf_sparse_alpha001_noweight_50rep_mpc_fgs,1.0,,1.0,2.0,,full recorded matched G2 CI trace
sf5,SF (5),MPC,13,,2038.0,0.0,1.0,0.0,1.0,0.0,0.0,0.0,1.0,1.0,1.0,0.0,0.0,0.0,1.0,1.0,1.0,1.0,1.0,,,,,,,,,,,,,,1.0,0.0083594322204589,,paper_er_sf_sparse_alpha001_noweight_50rep_mpc_fgs,results/paper_aaai2027/frozen/results/estimated_graphs/paper_er_sf_sparse_alpha001_noweight_50rep_mpc_fgs/sf5/MPC/run_0012_seed_2038.npz,,paper_er_sf_sparse_alpha001_noweight_50rep_mpc_fgs,1.0,,1.0,1.0,,full recorded matched G2 CI trace
sf5,SF (5),MPC,14,,2039.0,1.0,0.75,1.0,0.75,1.0,1.0,1.0,0.75,0.75,0.75,1.0,1.0,1.0,0.75,0.75,0.75,0.0,0.0,,,,,,,,,,,,,,0.0,0.0087153911590576,,paper_er_sf_sparse_alpha001_noweight_50rep_mpc_fgs,results/paper_aaai2027/frozen/results/estimated_graphs/paper_er_sf_sparse_alpha001_noweight_50rep_mpc_fgs/sf5/MPC/run_0013_seed_2039.npz,,paper_er_sf_sparse_alpha001_noweight_50rep_mpc_fgs,1.0,,1.0,1.0,,full recorded matched G2 CI trace
sf5,SF (5),MPC,15,,2040.0,0.0,1.0,0.0,1.0,0.0,0.0,0.0,1.0,1.0,1.0,0.0,0.0,0.0,1.0,1.0,1.0,0.0,0.0,,,,,,,,,,,,,,1.0,0.0091316699981689,,paper_er_sf_sparse_alpha001_noweight_50rep_mpc_fgs,results/paper_aaai2027/frozen/results/estimated_graphs/paper_er_sf_sparse_alpha001_noweight_50rep_mpc_fgs/sf5/MPC/run_0014_seed_2040.npz,,paper_er_sf_sparse_alpha001_noweight_50rep_mpc_fgs,1.0,,1.0,1.0,,full recorded matched G2 CI trace
sf5,SF (5),MPC,16,,2041.0,0.0,1.0,0.0,1.0,0.0,0.0,0.0,1.0,1.0,1.0,0.0,0.0,0.0,1.0,1.0,1.0,0.0,0.0,,,,,,,,,,,,,,1.0,0.006678819656372,,paper_er_sf_sparse_alpha001_noweight_50rep_mpc_fgs,results/paper_aaai2027/frozen/results/estimated_graphs/paper_er_sf_sparse_alpha001_noweight_50rep_mpc_fgs/sf5/MPC/run_0015_seed_2041.npz,,paper_er_sf_sparse_alpha001_noweight_50rep_mpc_fgs,1.0,,1.0,1.0,,full recorded matched G2 CI trace
sf5,SF (5),MPC,17,,2042.0,0.0,1.0,0.0,1.0,0.0,0.0,0.0,1.0,1.0,1.0,0.0,0.0,0.0,1.0,1.0,1.0,0.0,0.0,,,,,,,,,,,,,,1.0,0.0068440437316894,,paper_er_sf_sparse_alpha001_noweight_50rep_mpc_fgs,results/paper_aaai2027/frozen/results/estimated_graphs/paper_er_sf_sparse_alpha001_noweight_50rep_mpc_fgs/sf5/MPC/run_0016_seed_2042.npz,,paper_er_sf_sparse_alpha001_noweight_50rep_mpc_fgs,1.0,,1.0,1.0,,full recorded matched G2 CI trace
sf5,SF (5),MPC,18,,2043.0,0.0,1.0,0.0,1.0,0.0,0.0,0.0,1.0,1.0,1.0,0.0,0.0,0.0,1.0,1.0,1.0,1.0,1.0,,,,,,,,,,,,,,1.0,0.0068888664245605,,paper_er_sf_sparse_alpha001_noweight_50rep_mpc_fgs,results/paper_aaai2027/frozen/results/estimated_graphs/paper_er_sf_sparse_alpha001_noweight_50rep_mpc_fgs/sf5/MPC/run_0017_seed_2043.npz,,paper_er_sf_sparse_alpha001_noweight_50rep_mpc_fgs,1.0,,1.0,1.0,,full recorded matched G2 CI trace
sf5,SF (5),MPC,19,,2044.0,0.0,1.0,0.0,1.0,0.0,0.0,0.0,1.0,1.0,1.0,0.0,0.0,0.0,1.0,1.0,1.0,0.0,0.0,,,,,,,,,,,,,,1.0,0.0067477226257324,,paper_er_sf_sparse_alpha001_noweight_50rep_mpc_fgs,results/paper_aaai2027/frozen/results/estimated_graphs/paper_er_sf_sparse_alpha001_noweight_50rep_mpc_fgs/sf5/MPC/run_0018_seed_2044.npz,,paper_er_sf_sparse_alpha001_noweight_50rep_mpc_fgs,1.0,,1.0,1.0,,full recorded matched G2 CI trace
sf5,SF (5),MPC,20,,2045.0,1.0,1.0,1.0,0.8571,1.0,1.0,1.0,1.0,1.0,1.0,0.5,0.0,1.0,0.875,1.0,0.75,0.0,0.0,,,,,,,,,,,,,,1.0,0.0071203708648681,,paper_er_sf_sparse_alpha001_noweight_50rep_mpc_fgs,results/paper_aaai2027/frozen/results/estimated_graphs/paper_er_sf_sparse_alpha001_noweight_50rep_mpc_fgs/sf5/MPC/run_0019_seed_2045.npz,,paper_er_sf_sparse_alpha001_noweight_50rep_mpc_fgs,1.0,,1.0,2.0,,full recorded matched G2 CI trace
sf5,SF (5),MPC,21,,2046.0,0.0,0.75,1.0,0.8571,0.0,0.0,0.0,0.75,0.75,0.75,0.5,0.0,1.0,0.875,1.0,0.75,0.0,0.0,,,,,,,,,,,,,,1.0,0.0068109035491943,,paper_er_sf_sparse_alpha001_noweight_50rep_mpc_fgs,results/paper_aaai2027/frozen/results/estimated_graphs/paper_er_sf_sparse_alpha001_noweight_50rep_mpc_fgs/sf5/MPC/run_0020_seed_2046.npz,,paper_er_sf_sparse_alpha001_noweight_50rep_mpc_fgs,1.0,,1.0,2.0,,full recorded matched G2 CI trace
sf5,SF (5),MPC,22,,2047.0,0.0,1.0,0.0,1.0,0.0,0.0,0.0,1.0,1.0,1.0,0.0,0.0,0.0,1.0,1.0,1.0,1.0,1.0,,,,,,,,,,,,,,1.0,0.0083012580871582,,paper_er_sf_sparse_alpha001_noweight_50rep_mpc_fgs,results/paper_aaai2027/frozen/results/estimated_graphs/paper_er_sf_sparse_alpha001_noweight_50rep_mpc_fgs/sf5/MPC/run_0021_seed_2047.npz,,paper_er_sf_sparse_alpha001_noweight_50rep_mpc_fgs,1.0,,1.0,1.0,,full recorded matched G2 CI trace
sf5,SF (5),MPC,23,,2048.0,0.0,0.75,1.0,0.8571,0.0,0.0,0.0,0.75,0.75,0.75,0.5,0.0,1.0,0.875,1.0,0.75,1.0,2.0,,,,,,,,,,,,,,1.0,0.0072607994079589,,paper_er_sf_sparse_alpha001_noweight_50rep_mpc_fgs,results/paper_aaai2027/frozen/results/estimated_graphs/paper_er_sf_sparse_alpha001_noweight_50rep_mpc_fgs/sf5/MPC/run_0022_seed_2048.npz,,paper_er_sf_sparse_alpha001_noweight_50rep_mpc_fgs,1.0,,1.0,2.0,,full recorded matched G2 CI trace
sf5,SF (5),MPC,24,,2049.0,0.0,0.75,1.0,0.8571,0.0,0.0,0.0,0.75,0.75,0.75,0.5,0.0,1.0,0.875,1.0,0.75,0.0,0.0,,,,,,,,,,,,,,1.0,0.0069475173950195,,paper_er_sf_sparse_alpha001_noweight_50rep_mpc_fgs,results/paper_aaai2027/frozen/results/estimated_graphs/paper_er_sf_sparse_alpha001_noweight_50rep_mpc_fgs/sf5/MPC/run_0023_seed_2049.npz,,paper_er_sf_sparse_alpha001_noweight_50rep_mpc_fgs,1.0,,1.0,2.0,,full recorded matched G2 CI trace
sf5,SF (5),MPC,25,,2050.0,0.0,1.0,2.0,0.6667,0.0,0.0,0.0,1.0,1.0,1.0,1.0,0.0,2.0,0.75,1.0,0.5,0.0,0.0,,,,,,,,,,,,,,1.0,0.0068788528442382,,paper_er_sf_sparse_alpha001_noweight_50rep_mpc_fgs,results/paper_aaai2027/frozen/results/estimated_graphs/paper_er_sf_sparse_alpha001_noweight_50rep_mpc_fgs/sf5/MPC/run_0024_seed_2050.npz,,paper_er_sf_sparse_alpha001_noweight_50rep_mpc_fgs,1.0,,1.0,3.0,,full recorded matched G2 CI trace
sf5,SF (5),MPC,26,,2051.0,0.0,1.0,0.0,1.0,0.0,0.0,0.0,1.0,1.0,1.0,0.0,0.0,0.0,1.0,1.0,1.0,1.0,1.0,,,,,,,,,,,,,,1.0,0.0090212821960449,,paper_er_sf_sparse_alpha001_noweight_50rep_mpc_fgs,results/paper_aaai2027/frozen/results/estimated_graphs/paper_er_sf_sparse_alpha001_noweight_50rep_mpc_fgs/sf5/MPC/run_0025_seed_2051.npz,,paper_er_sf_sparse_alpha001_noweight_50rep_mpc_fgs,1.0,,1.0,1.0,,full recorded matched G2 CI trace
sf5,SF (5),MPC,27,,2052.0,0.0,0.75,1.0,0.8571,0.0,0.0,0.0,0.75,0.75,0.75,0.5,0.0,1.0,0.875,1.0,0.75,0.0,0.0,,,,,,,,,,,,,,1.0,0.0074477195739746,,paper_er_sf_sparse_alpha001_noweight_50rep_mpc_fgs,results/paper_aaai2027/frozen/results/estimated_graphs/paper_er_sf_sparse_alpha001_noweight_50rep_mpc_fgs/sf5/MPC/run_0026_seed_2052.npz,,paper_er_sf_sparse_alpha001_noweight_50rep_mpc_fgs,1.0,,1.0,2.0,,full recorded matched G2 CI trace
sf5,SF (5),MPC,28,,2053.0,0.0,0.75,1.0,0.8571,0.0,0.0,0.0,0.75,0.75,0.75,0.5,0.0,1.0,0.875,1.0,0.75,0.0,0.0,,,,,,,,,,,,,,1.0,0.007106065750122,,paper_er_sf_sparse_alpha001_noweight_50rep_mpc_fgs,results/paper_aaai2027/frozen/results/estimated_graphs/paper_er_sf_sparse_alpha001_noweight_50rep_mpc_fgs/sf5/MPC/run_0027_seed_2053.npz,,paper_er_sf_sparse_alpha001_noweight_50rep_mpc_fgs,1.0,,1.0,2.0,,full recorded matched G2 CI trace
sf5,SF (5),MPC,29,,2054.0,5.0,0.2222,3.0,0.3333,5.0,5.0,5.0,0.2222,0.2222,0.2222,3.0,2.0,4.0,0.4444333333333333,0.6667,0.2222,0.0,0.0,,,,,,,,,,,,,,0.0,0.0073015689849853,,paper_er_sf_sparse_alpha001_noweight_50rep_mpc_fgs,results/paper_aaai2027/frozen/results/estimated_graphs/paper_er_sf_sparse_alpha001_noweight_50rep_mpc_fgs/sf5/MPC/run_0028_seed_2054.npz,,paper_er_sf_sparse_alpha001_noweight_50rep_mpc_fgs,1.0,,1.0,6.0,,full recorded matched G2 CI trace
sf5,SF (5),MPC,30,,2055.0,1.0,0.8571,2.0,0.6667,1.0,1.0,1.0,0.8571,0.8571,0.8571,1.5,1.0,2.0,0.71425,0.8571,0.5714,0.0,0.0,,,,,,,,,,,,,,0.0,0.0039842128753662,,paper_er_sf_sparse_alpha001_noweight_50rep_mpc_fgs,results/paper_aaai2027/frozen/results/estimated_graphs/paper_er_sf_sparse_alpha001_noweight_50rep_mpc_fgs/sf5/MPC/run_0029_seed_2055.npz,,paper_er_sf_sparse_alpha001_noweight_50rep_mpc_fgs,1.0,,1.0,2.0,,full recorded matched G2 CI trace
sf5,SF (5),MPC,31,,2056.0,1.0,0.75,1.0,0.8571,1.0,1.0,1.0,0.75,0.75,0.75,0.5,0.0,1.0,0.875,1.0,0.75,0.0,0.0,,,,,,,,,,,,,,1.0,0.0077350139617919,,paper_er_sf_sparse_alpha001_noweight_50rep_mpc_fgs,results/paper_aaai2027/frozen/results/estimated_graphs/paper_er_sf_sparse_alpha001_noweight_50rep_mpc_fgs/sf5/MPC/run_0030_seed_2056.npz,,paper_er_sf_sparse_alpha001_noweight_50rep_mpc_fgs,1.0,,1.0,2.0,,full recorded matched G2 CI trace
sf5,SF (5),MPC,32,,2057.0,1.0,1.0,1.0,0.8571,1.0,1.0,1.0,1.0,1.0,1.0,0.5,0.0,1.0,0.875,1.0,0.75,0.0,0.0,,,,,,,,,,,,,,1.0,0.008737564086914,,paper_er_sf_sparse_alpha001_noweight_50rep_mpc_fgs,results/paper_aaai2027/frozen/results/estimated_graphs/paper_er_sf_sparse_alpha001_noweight_50rep_mpc_fgs/sf5/MPC/run_0031_seed_2057.npz,,paper_er_sf_sparse_alpha001_noweight_50rep_mpc_fgs,1.0,,1.0,2.0,,full recorded matched G2 CI trace
sf5,SF (5),MPC,33,,2058.0,0.0,0.75,1.0,0.8571,0.0,0.0,0.0,0.75,0.75,0.75,0.5,0.0,1.0,0.875,1.0,0.75,0.0,0.0,,,,,,,,,,,,,,1.0,0.0081758499145507,,paper_er_sf_sparse_alpha001_noweight_50rep_mpc_fgs,results/paper_aaai2027/frozen/results/estimated_graphs/paper_er_sf_sparse_alpha001_noweight_50rep_mpc_fgs/sf5/MPC/run_0032_seed_2058.npz,,paper_er_sf_sparse_alpha001_noweight_50rep_mpc_fgs,1.0,,1.0,2.0,,full recorded matched G2 CI trace
sf5,SF (5),MPC,34,,2059.0,0.0,1.0,0.0,1.0,0.0,0.0,0.0,1.0,1.0,1.0,0.0,0.0,0.0,1.0,1.0,1.0,1.0,1.0,,,,,,,,,,,,,,1.0,0.0084857940673828,,paper_er_sf_sparse_alpha001_noweight_50rep_mpc_fgs,results/paper_aaai2027/frozen/results/estimated_graphs/paper_er_sf_sparse_alpha001_noweight_50rep_mpc_fgs/sf5/MPC/run_0033_seed_2059.npz,,paper_er_sf_sparse_alpha001_noweight_50rep_mpc_fgs,1.0,,1.0,1.0,,full recorded matched G2 CI trace
sf5,SF (5),MPC,35,,2060.0,0.0,0.75,1.0,0.8571,0.0,0.0,0.0,0.75,0.75,0.75,0.5,0.0,1.0,0.875,1.0,0.75,0.0,0.0,,,,,,,,,,,,,,1.0,0.0074319839477539,,paper_er_sf_sparse_alpha001_noweight_50rep_mpc_fgs,results/paper_aaai2027/frozen/results/estimated_graphs/paper_er_sf_sparse_alpha001_noweight_50rep_mpc_fgs/sf5/MPC/run_0034_seed_2060.npz,,paper_er_sf_sparse_alpha001_noweight_50rep_mpc_fgs,1.0,,1.0,2.0,,full recorded matched G2 CI trace
sf5,SF (5),MPC,36,,2061.0,1.0,0.8889,0.0,1.0,1.0,1.0,1.0,0.8889,0.8889,0.8889,1.0,1.0,1.0,0.8889,0.8889,0.8889,0.0,0.0,,,,,,,,,,,,,,0.0,0.0095467567443847,,paper_er_sf_sparse_alpha001_noweight_50rep_mpc_fgs,results/paper_aaai2027/frozen/results/estimated_graphs/paper_er_sf_sparse_alpha001_noweight_50rep_mpc_fgs/sf5/MPC/run_0035_seed_2061.npz,,paper_er_sf_sparse_alpha001_noweight_50rep_mpc_fgs,1.0,,1.0,2.0,,full recorded matched G2 CI trace
sf5,SF (5),MPC,37,,2062.0,0.0,1.0,0.0,1.0,0.0,0.0,0.0,1.0,1.0,1.0,0.0,0.0,0.0,1.0,1.0,1.0,1.0,1.0,,,,,,,,,,,,,,1.0,0.0087902545928955,,paper_er_sf_sparse_alpha001_noweight_50rep_mpc_fgs,results/paper_aaai2027/frozen/results/estimated_graphs/paper_er_sf_sparse_alpha001_noweight_50rep_mpc_fgs/sf5/MPC/run_0036_seed_2062.npz,,paper_er_sf_sparse_alpha001_noweight_50rep_mpc_fgs,1.0,,1.0,1.0,,full recorded matched G2 CI trace
sf5,SF (5),MPC,38,,2063.0,0.0,1.0,0.0,1.0,0.0,0.0,0.0,1.0,1.0,1.0,0.0,0.0,0.0,1.0,1.0,1.0,0.0,0.0,,,,,,,,,,,,,,1.0,0.0070466995239257,,paper_er_sf_sparse_alpha001_noweight_50rep_mpc_fgs,results/paper_aaai2027/frozen/results/estimated_graphs/paper_er_sf_sparse_alpha001_noweight_50rep_mpc_fgs/sf5/MPC/run_0037_seed_2063.npz,,paper_er_sf_sparse_alpha001_noweight_50rep_mpc_fgs,1.0,,1.0,1.0,,full recorded matched G2 CI trace
sf5,SF (5),MPC,39,,2064.0,0.0,1.0,0.0,1.0,0.0,0.0,0.0,1.0,1.0,1.0,0.0,0.0,0.0,1.0,1.0,1.0,0.0,0.0,,,,,,,,,,,,,,1.0,0.0067267417907714,,paper_er_sf_sparse_alpha001_noweight_50rep_mpc_fgs,results/paper_aaai2027/frozen/results/estimated_graphs/paper_er_sf_sparse_alpha001_noweight_50rep_mpc_fgs/sf5/MPC/run_0038_seed_2064.npz,,paper_er_sf_sparse_alpha001_noweight_50rep_mpc_fgs,1.0,,1.0,1.0,,full recorded matched G2 CI trace
sf5,SF (5),MPC,40,,2065.0,0.0,1.0,0.0,1.0,0.0,0.0,0.0,1.0,1.0,1.0,0.0,0.0,0.0,1.0,1.0,1.0,1.0,1.0,,,,,,,,,,,,,,1.0,0.008345603942871,,paper_er_sf_sparse_alpha001_noweight_50rep_mpc_fgs,results/paper_aaai2027/frozen/results/estimated_graphs/paper_er_sf_sparse_alpha001_noweight_50rep_mpc_fgs/sf5/MPC/run_0039_seed_2065.npz,,paper_er_sf_sparse_alpha001_noweight_50rep_mpc_fgs,1.0,,1.0,1.0,,full recorded matched G2 CI trace
sf5,SF (5),MPC,41,,2066.0,0.0,0.75,1.0,0.8571,0.0,0.0,0.0,0.75,0.75,0.75,0.5,0.0,1.0,0.875,1.0,0.75,1.0,2.0,,,,,,,,,,,,,,1.0,0.0071837902069091,,paper_er_sf_sparse_alpha001_noweight_50rep_mpc_fgs,results/paper_aaai2027/frozen/results/estimated_graphs/paper_er_sf_sparse_alpha001_noweight_50rep_mpc_fgs/sf5/MPC/run_0040_seed_2066.npz,,paper_er_sf_sparse_alpha001_noweight_50rep_mpc_fgs,1.0,,1.0,2.0,,full recorded matched G2 CI trace
sf5,SF (5),MPC,42,,2067.0,0.0,0.75,1.0,0.8571,0.0,0.0,0.0,0.75,0.75,0.75,0.5,0.0,1.0,0.875,1.0,0.75,0.0,0.0,,,,,,,,,,,,,,1.0,0.0074024200439453,,paper_er_sf_sparse_alpha001_noweight_50rep_mpc_fgs,results/paper_aaai2027/frozen/results/estimated_graphs/paper_er_sf_sparse_alpha001_noweight_50rep_mpc_fgs/sf5/MPC/run_0041_seed_2067.npz,,paper_er_sf_sparse_alpha001_noweight_50rep_mpc_fgs,1.0,,1.0,2.0,,full recorded matched G2 CI trace
sf5,SF (5),MPC,43,,2068.0,1.0,1.0,1.0,0.8571,1.0,1.0,1.0,1.0,1.0,1.0,0.5,0.0,1.0,0.875,1.0,0.75,0.0,0.0,,,,,,,,,,,,,,1.0,0.0093991756439208,,paper_er_sf_sparse_alpha001_noweight_50rep_mpc_fgs,results/paper_aaai2027/frozen/results/estimated_graphs/paper_er_sf_sparse_alpha001_noweight_50rep_mpc_fgs/sf5/MPC/run_0042_seed_2068.npz,,paper_er_sf_sparse_alpha001_noweight_50rep_mpc_fgs,1.0,,1.0,2.0,,full recorded matched G2 CI trace
sf5,SF (5),MPC,44,,2069.0,0.0,0.5,2.0,0.6667,0.0,0.0,0.0,0.5,0.5,0.5,1.0,0.0,2.0,0.75,1.0,0.5,1.0,4.0,,,,,,,,,,,,,,1.0,0.0062091350555419,,paper_er_sf_sparse_alpha001_noweight_50rep_mpc_fgs,results/paper_aaai2027/frozen/results/estimated_graphs/paper_er_sf_sparse_alpha001_noweight_50rep_mpc_fgs/sf5/MPC/run_0043_seed_2069.npz,,paper_er_sf_sparse_alpha001_noweight_50rep_mpc_fgs,1.0,,1.0,4.0,,full recorded matched G2 CI trace
sf5,SF (5),MPC,45,,2070.0,0.0,1.0,1.0,0.8571,0.0,0.0,0.0,1.0,1.0,1.0,0.5,0.0,1.0,0.875,1.0,0.75,1.0,2.0,,,,,,,,,,,,,,1.0,0.0070364475250244,,paper_er_sf_sparse_alpha001_noweight_50rep_mpc_fgs,results/paper_aaai2027/frozen/results/estimated_graphs/paper_er_sf_sparse_alpha001_noweight_50rep_mpc_fgs/sf5/MPC/run_0044_seed_2070.npz,,paper_er_sf_sparse_alpha001_noweight_50rep_mpc_fgs,1.0,,1.0,2.0,,full recorded matched G2 CI trace
sf5,SF (5),MPC,46,,2071.0,0.0,1.0,1.0,0.8571,0.0,0.0,0.0,1.0,1.0,1.0,0.5,0.0,1.0,0.875,1.0,0.75,0.0,0.0,,,,,,,,,,,,,,1.0,0.006737470626831,,paper_er_sf_sparse_alpha001_noweight_50rep_mpc_fgs,results/paper_aaai2027/frozen/results/estimated_graphs/paper_er_sf_sparse_alpha001_noweight_50rep_mpc_fgs/sf5/MPC/run_0045_seed_2071.npz,,paper_er_sf_sparse_alpha001_noweight_50rep_mpc_fgs,1.0,,1.0,2.0,,full recorded matched G2 CI trace
sf5,SF (5),MPC,47,,2072.0,0.0,1.0,0.0,1.0,0.0,0.0,0.0,1.0,1.0,1.0,0.0,0.0,0.0,1.0,1.0,1.0,0.0,0.0,,,,,,,,,,,,,,1.0,0.0074012279510498,,paper_er_sf_sparse_alpha001_noweight_50rep_mpc_fgs,results/paper_aaai2027/frozen/results/estimated_graphs/paper_er_sf_sparse_alpha001_noweight_50rep_mpc_fgs/sf5/MPC/run_0046_seed_2072.npz,,paper_er_sf_sparse_alpha001_noweight_50rep_mpc_fgs,1.0,,1.0,1.0,,full recorded matched G2 CI trace
sf5,SF (5),MPC,48,,2073.0,0.0,1.0,0.0,1.0,0.0,0.0,0.0,1.0,1.0,1.0,0.0,0.0,0.0,1.0,1.0,1.0,1.0,1.0,,,,,,,,,,,,,,1.0,0.0111298561096191,,paper_er_sf_sparse_alpha001_noweight_50rep_mpc_fgs,results/paper_aaai2027/frozen/results/estimated_graphs/paper_er_sf_sparse_alpha001_noweight_50rep_mpc_fgs/sf5/MPC/run_0047_seed_2073.npz,,paper_er_sf_sparse_alpha001_noweight_50rep_mpc_fgs,1.0,,1.0,1.0,,full recorded matched G2 CI trace
sf5,SF (5),MPC,49,,2074.0,1.0,0.5714,2.0,0.6667,1.0,1.0,1.0,0.5714,0.5714,0.5714,1.5,1.0,2.0,0.71425,0.8571,0.5714,1.0,2.0,,,,,,,,,,,,,,0.0,0.0056331157684326,,paper_er_sf_sparse_alpha001_noweight_50rep_mpc_fgs,results/paper_aaai2027/frozen/results/estimated_graphs/paper_er_sf_sparse_alpha001_noweight_50rep_mpc_fgs/sf5/MPC/run_0048_seed_2074.npz,,paper_er_sf_sparse_alpha001_noweight_50rep_mpc_fgs,1.0,,1.0,2.0,,full recorded matched G2 CI trace
sf5,SF (5),MPC,50,,2075.0,0.0,1.0,0.0,1.0,0.0,0.0,0.0,1.0,1.0,1.0,0.0,0.0,0.0,1.0,1.0,1.0,0.0,0.0,,,,,,,,,,,,,,1.0,0.0070347785949707,,paper_er_sf_sparse_alpha001_noweight_50rep_mpc_fgs,results/paper_aaai2027/frozen/results/estimated_graphs/paper_er_sf_sparse_alpha001_noweight_50rep_mpc_fgs/sf5/MPC/run_0049_seed_2075.npz,,paper_er_sf_sparse_alpha001_noweight_50rep_mpc_fgs,1.0,,1.0,1.0,,full recorded matched G2 CI trace
sf5,SF (5),FGS,1,,2026.0,6.0,0.0,6.0,0.0,6.0,6.0,6.0,0.0,0.0,0.0,6.0,6.0,6.0,0.0,0.0,0.0,,,,,,,,,,,,,,,,0.0,0.0851709842681884,,paper_er_sf_sparse_alpha001_noweight_50rep_mpc_fgs,results/paper_aaai2027/frozen/results/estimated_graphs/paper_er_sf_sparse_alpha001_noweight_50rep_mpc_fgs/sf5/FGS/run_0000_seed_2026.npz,,paper_er_sf_sparse_alpha001_noweight_50rep_mpc_fgs,1.0,,1.0,1.0,,not applicable (score based)
sf5,SF (5),FGS,2,,2027.0,4.0,0.0,4.0,0.0,4.0,4.0,4.0,0.0,0.0,0.0,3.3333333333333335,3.0,4.0,0.22219999999999998,0.3333,0.0,,,,,,,,,,,,,,,,0.0,0.0722851753234863,,paper_er_sf_sparse_alpha001_noweight_50rep_mpc_fgs,results/paper_aaai2027/frozen/results/estimated_graphs/paper_er_sf_sparse_alpha001_noweight_50rep_mpc_fgs/sf5/FGS/run_0001_seed_2027.npz,,paper_er_sf_sparse_alpha001_noweight_50rep_mpc_fgs,1.0,,1.0,3.0,,not applicable (score based)
sf5,SF (5),FGS,3,,2028.0,4.0,0.0,4.0,0.0,4.0,4.0,4.0,0.0,0.0,0.0,3.25,3.0,4.0,0.214275,0.2857,0.0,,,,,,,,,,,,,,,,0.0,0.0694766044616699,,paper_er_sf_sparse_alpha001_noweight_50rep_mpc_fgs,results/paper_aaai2027/frozen/results/estimated_graphs/paper_er_sf_sparse_alpha001_noweight_50rep_mpc_fgs/sf5/FGS/run_0002_seed_2028.npz,,paper_er_sf_sparse_alpha001_noweight_50rep_mpc_fgs,1.0,,1.0,4.0,,not applicable (score based)
sf5,SF (5),FGS,4,,2029.0,7.0,0.0,7.0,0.0,7.0,7.0,7.0,0.0,0.0,0.0,7.0,7.0,7.0,0.0,0.0,0.0,,,,,,,,,,,,,,,,0.0,0.0706827640533447,,paper_er_sf_sparse_alpha001_noweight_50rep_mpc_fgs,results/paper_aaai2027/frozen/results/estimated_graphs/paper_er_sf_sparse_alpha001_noweight_50rep_mpc_fgs/sf5/FGS/run_0003_seed_2029.npz,,paper_er_sf_sparse_alpha001_noweight_50rep_mpc_fgs,1.0,,1.0,1.0,,not applicable (score based)
sf5,SF (5),FGS,5,,2030.0,5.0,0.0,5.0,0.0,5.0,5.0,5.0,0.0,0.0,0.0,5.0,5.0,5.0,0.0,0.0,0.0,,,,,,,,,,,,,,,,0.0,0.0679938793182373,,paper_er_sf_sparse_alpha001_noweight_50rep_mpc_fgs,results/paper_aaai2027/frozen/results/estimated_graphs/paper_er_sf_sparse_alpha001_noweight_50rep_mpc_fgs/sf5/FGS/run_0004_seed_2030.npz,,paper_er_sf_sparse_alpha001_noweight_50rep_mpc_fgs,1.0,,1.0,2.0,,not applicable (score based)
sf5,SF (5),FGS,6,,2031.0,5.0,0.3333,4.0,0.3333,5.0,5.0,5.0,0.3333,0.3333,0.3333,4.5,4.0,5.0,0.16665,0.3333,0.0,,,,,,,,,,,,,,,,0.0,0.0663654804229736,,paper_er_sf_sparse_alpha001_noweight_50rep_mpc_fgs,results/paper_aaai2027/frozen/results/estimated_graphs/paper_er_sf_sparse_alpha001_noweight_50rep_mpc_fgs/sf5/FGS/run_0005_seed_2031.npz,,paper_er_sf_sparse_alpha001_noweight_50rep_mpc_fgs,1.0,,1.0,4.0,,not applicable (score based)
sf5,SF (5),FGS,7,,2032.0,4.0,0.0,4.0,0.0,4.0,4.0,4.0,0.0,0.0,0.0,3.5,3.0,4.0,0.2,0.4,0.0,,,,,,,,,,,,,,,,0.0,0.0680477619171142,,paper_er_sf_sparse_alpha001_noweight_50rep_mpc_fgs,results/paper_aaai2027/frozen/results/estimated_graphs/paper_er_sf_sparse_alpha001_noweight_50rep_mpc_fgs/sf5/FGS/run_0006_seed_2032.npz,,paper_er_sf_sparse_alpha001_noweight_50rep_mpc_fgs,1.0,,1.0,2.0,,not applicable (score based)
sf5,SF (5),FGS,8,,2033.0,5.0,0.25,5.0,0.25,5.0,5.0,5.0,0.25,0.25,0.25,5.333333333333333,5.0,6.0,0.16666666666666666,0.25,0.0,,,,,,,,,,,,,,,,0.0,0.0708189010620117,,paper_er_sf_sparse_alpha001_noweight_50rep_mpc_fgs,results/paper_aaai2027/frozen/results/estimated_graphs/paper_er_sf_sparse_alpha001_noweight_50rep_mpc_fgs/sf5/FGS/run_0007_seed_2033.npz,,paper_er_sf_sparse_alpha001_noweight_50rep_mpc_fgs,1.0,,1.0,3.0,,not applicable (score based)
sf5,SF (5),FGS,9,,2034.0,5.0,0.0,5.0,0.0,5.0,5.0,5.0,0.0,0.0,0.0,4.333333333333333,4.0,5.0,0.19046666666666667,0.2857,0.0,,,,,,,,,,,,,,,,0.0,0.0687391757965087,,paper_er_sf_sparse_alpha001_noweight_50rep_mpc_fgs,results/paper_aaai2027/frozen/results/estimated_graphs/paper_er_sf_sparse_alpha001_noweight_50rep_mpc_fgs/sf5/FGS/run_0008_seed_2034.npz,,paper_er_sf_sparse_alpha001_noweight_50rep_mpc_fgs,1.0,,1.0,6.0,,not applicable (score based)
sf5,SF (5),FGS,10,,2035.0,5.0,0.0,5.0,0.0,5.0,5.0,5.0,0.0,0.0,0.0,5.0,5.0,5.0,0.0,0.0,0.0,,,,,,,,,,,,,,,,0.0,0.0696926116943359,,paper_er_sf_sparse_alpha001_noweight_50rep_mpc_fgs,results/paper_aaai2027/frozen/results/estimated_graphs/paper_er_sf_sparse_alpha001_noweight_50rep_mpc_fgs/sf5/FGS/run_0009_seed_2035.npz,,paper_er_sf_sparse_alpha001_noweight_50rep_mpc_fgs,1.0,,1.0,1.0,,not applicable (score based)
sf5,SF (5),FGS,11,,2036.0,6.0,0.0,6.0,0.0,6.0,6.0,6.0,0.0,0.0,0.0,6.0,6.0,6.0,0.0,0.0,0.0,,,,,,,,,,,,,,,,0.0,0.0681078433990478,,paper_er_sf_sparse_alpha001_noweight_50rep_mpc_fgs,results/paper_aaai2027/frozen/results/estimated_graphs/paper_er_sf_sparse_alpha001_noweight_50rep_mpc_fgs/sf5/FGS/run_0010_seed_2036.npz,,paper_er_sf_sparse_alpha001_noweight_50rep_mpc_fgs,1.0,,1.0,1.0,,not applicable (score based)
sf5,SF (5),FGS,13,,2038.0,6.0,0.0,6.0,0.0,6.0,6.0,6.0,0.0,0.0,0.0,6.0,6.0,6.0,0.0,0.0,0.0,,,,,,,,,,,,,,,,0.0,0.0712194442749023,,paper_er_sf_sparse_alpha001_noweight_50rep_mpc_fgs,results/paper_aaai2027/frozen/results/estimated_graphs/paper_er_sf_sparse_alpha001_noweight_50rep_mpc_fgs/sf5/FGS/run_0012_seed_2038.npz,,paper_er_sf_sparse_alpha001_noweight_50rep_mpc_fgs,1.0,,1.0,1.0,,not applicable (score based)
sf5,SF (5),FGS,14,,2039.0,6.0,0.0,6.0,0.0,6.0,6.0,6.0,0.0,0.0,0.0,6.0,6.0,6.0,0.0,0.0,0.0,,,,,,,,,,,,,,,,0.0,0.0743632316589355,,paper_er_sf_sparse_alpha001_noweight_50rep_mpc_fgs,results/paper_aaai2027/frozen/results/estimated_graphs/paper_er_sf_sparse_alpha001_noweight_50rep_mpc_fgs/sf5/FGS/run_0013_seed_2039.npz,,paper_er_sf_sparse_alpha001_noweight_50rep_mpc_fgs,1.0,,1.0,1.0,,not applicable (score based)
sf5,SF (5),FGS,15,,2040.0,5.0,0.0,5.0,0.0,5.0,5.0,5.0,0.0,0.0,0.0,5.0,5.0,5.0,0.0,0.0,0.0,,,,,,,,,,,,,,,,0.0,0.0678784847259521,,paper_er_sf_sparse_alpha001_noweight_50rep_mpc_fgs,results/paper_aaai2027/frozen/results/estimated_graphs/paper_er_sf_sparse_alpha001_noweight_50rep_mpc_fgs/sf5/FGS/run_0014_seed_2040.npz,,paper_er_sf_sparse_alpha001_noweight_50rep_mpc_fgs,1.0,,1.0,2.0,,not applicable (score based)
sf5,SF (5),FGS,16,,2041.0,5.0,0.0,5.0,0.0,5.0,5.0,5.0,0.0,0.0,0.0,5.0,5.0,5.0,0.0,0.0,0.0,,,,,,,,,,,,,,,,0.0,0.0698199272155761,,paper_er_sf_sparse_alpha001_noweight_50rep_mpc_fgs,results/paper_aaai2027/frozen/results/estimated_graphs/paper_er_sf_sparse_alpha001_noweight_50rep_mpc_fgs/sf5/FGS/run_0015_seed_2041.npz,,paper_er_sf_sparse_alpha001_noweight_50rep_mpc_fgs,1.0,,1.0,2.0,,not applicable (score based)
sf5,SF (5),FGS,17,,2042.0,5.0,0.5714,3.0,0.5714,5.0,5.0,5.0,0.5714,0.5714,0.5714,4.0,3.0,5.0,0.2857,0.5714,0.0,,,,,,,,,,,,,,,,0.0,0.0713477134704589,,paper_er_sf_sparse_alpha001_noweight_50rep_mpc_fgs,results/paper_aaai2027/frozen/results/estimated_graphs/paper_er_sf_sparse_alpha001_noweight_50rep_mpc_fgs/sf5/FGS/run_0016_seed_2042.npz,,paper_er_sf_sparse_alpha001_noweight_50rep_mpc_fgs,1.0,,1.0,4.0,,not applicable (score based)
sf5,SF (5),FGS,18,,2043.0,6.0,0.0,6.0,0.0,6.0,6.0,6.0,0.0,0.0,0.0,6.0,6.0,6.0,0.0,0.0,0.0,,,,,,,,,,,,,,,,0.0,0.0696799755096435,,paper_er_sf_sparse_alpha001_noweight_50rep_mpc_fgs,results/paper_aaai2027/frozen/results/estimated_graphs/paper_er_sf_sparse_alpha001_noweight_50rep_mpc_fgs/sf5/FGS/run_0017_seed_2043.npz,,paper_er_sf_sparse_alpha001_noweight_50rep_mpc_fgs,1.0,,1.0,1.0,,not applicable (score based)
sf5,SF (5),FGS,19,,2044.0,5.0,0.2857,5.0,0.2857,5.0,5.0,5.0,0.2857,0.2857,0.2857,5.0,5.0,5.0,0.2857,0.2857,0.2857,,,,,,,,,,,,,,,,0.0,0.0718977451324462,,paper_er_sf_sparse_alpha001_noweight_50rep_mpc_fgs,results/paper_aaai2027/frozen/results/estimated_graphs/paper_er_sf_sparse_alpha001_noweight_50rep_mpc_fgs/sf5/FGS/run_0018_seed_2044.npz,,paper_er_sf_sparse_alpha001_noweight_50rep_mpc_fgs,1.0,,1.0,1.0,,not applicable (score based)
sf5,SF (5),FGS,20,,2045.0,5.0,0.0,5.0,0.0,5.0,5.0,5.0,0.0,0.0,0.0,5.0,5.0,5.0,0.0,0.0,0.0,,,,,,,,,,,,,,,,0.0,0.0702340602874755,,paper_er_sf_sparse_alpha001_noweight_50rep_mpc_fgs,results/paper_aaai2027/frozen/results/estimated_graphs/paper_er_sf_sparse_alpha001_noweight_50rep_mpc_fgs/sf5/FGS/run_0019_seed_2045.npz,,paper_er_sf_sparse_alpha001_noweight_50rep_mpc_fgs,1.0,,1.0,1.0,,not applicable (score based)
sf5,SF (5),FGS,21,,2046.0,3.0,0.25,3.0,0.25,3.0,3.0,3.0,0.25,0.25,0.25,3.0,2.0,4.0,0.25,0.5,0.0,,,,,,,,,,,,,,,,0.0,0.0754323005676269,,paper_er_sf_sparse_alpha001_noweight_50rep_mpc_fgs,results/paper_aaai2027/frozen/results/estimated_graphs/paper_er_sf_sparse_alpha001_noweight_50rep_mpc_fgs/sf5/FGS/run_0020_seed_2046.npz,,paper_er_sf_sparse_alpha001_noweight_50rep_mpc_fgs,1.0,,1.0,5.0,,not applicable (score based)
sf5,SF (5),FGS,22,,2047.0,5.0,0.0,5.0,0.0,5.0,5.0,5.0,0.0,0.0,0.0,5.0,5.0,5.0,0.0,0.0,0.0,,,,,,,,,,,,,,,,0.0,0.066338300704956,,paper_er_sf_sparse_alpha001_noweight_50rep_mpc_fgs,results/paper_aaai2027/frozen/results/estimated_graphs/paper_er_sf_sparse_alpha001_noweight_50rep_mpc_fgs/sf5/FGS/run_0021_seed_2047.npz,,paper_er_sf_sparse_alpha001_noweight_50rep_mpc_fgs,1.0,,1.0,2.0,,not applicable (score based)
sf5,SF (5),FGS,23,,2048.0,5.0,0.0,6.0,0.0,5.0,5.0,5.0,0.0,0.0,0.0,5.5,5.0,6.0,0.14285,0.2857,0.0,,,,,,,,,,,,,,,,0.0,0.0690221786499023,,paper_er_sf_sparse_alpha001_noweight_50rep_mpc_fgs,results/paper_aaai2027/frozen/results/estimated_graphs/paper_er_sf_sparse_alpha001_noweight_50rep_mpc_fgs/sf5/FGS/run_0022_seed_2048.npz,,paper_er_sf_sparse_alpha001_noweight_50rep_mpc_fgs,1.0,,1.0,2.0,,not applicable (score based)
sf5,SF (5),FGS,24,,2049.0,4.0,0.4,3.0,0.4,4.0,4.0,4.0,0.4,0.4,0.4,3.5,3.0,4.0,0.2,0.4,0.0,,,,,,,,,,,,,,,,0.0,0.0689330101013183,,paper_er_sf_sparse_alpha001_noweight_50rep_mpc_fgs,results/paper_aaai2027/frozen/results/estimated_graphs/paper_er_sf_sparse_alpha001_noweight_50rep_mpc_fgs/sf5/FGS/run_0023_seed_2049.npz,,paper_er_sf_sparse_alpha001_noweight_50rep_mpc_fgs,1.0,,1.0,2.0,,not applicable (score based)
sf5,SF (5),FGS,25,,2050.0,4.0,0.3333,4.0,0.3333,4.0,4.0,4.0,0.3333,0.3333,0.3333,4.5,4.0,5.0,0.16665,0.3333,0.0,,,,,,,,,,,,,,,,0.0,0.0756878852844238,,paper_er_sf_sparse_alpha001_noweight_50rep_mpc_fgs,results/paper_aaai2027/frozen/results/estimated_graphs/paper_er_sf_sparse_alpha001_noweight_50rep_mpc_fgs/sf5/FGS/run_0024_seed_2050.npz,,paper_er_sf_sparse_alpha001_noweight_50rep_mpc_fgs,1.0,,1.0,4.0,,not applicable (score based)
sf5,SF (5),FGS,26,,2051.0,7.0,0.0,7.0,0.0,7.0,7.0,7.0,0.0,0.0,0.0,7.0,7.0,7.0,0.0,0.0,0.0,,,,,,,,,,,,,,,,0.0,0.0818779468536377,,paper_er_sf_sparse_alpha001_noweight_50rep_mpc_fgs,results/paper_aaai2027/frozen/results/estimated_graphs/paper_er_sf_sparse_alpha001_noweight_50rep_mpc_fgs/sf5/FGS/run_0025_seed_2051.npz,,paper_er_sf_sparse_alpha001_noweight_50rep_mpc_fgs,1.0,,1.0,1.0,,not applicable (score based)
sf5,SF (5),FGS,27,,2052.0,5.0,0.0,6.0,0.0,5.0,5.0,5.0,0.0,0.0,0.0,6.0,6.0,6.0,0.0,0.0,0.0,,,,,,,,,,,,,,,,0.0,0.0869183540344238,,paper_er_sf_sparse_alpha001_noweight_50rep_mpc_fgs,results/paper_aaai2027/frozen/results/estimated_graphs/paper_er_sf_sparse_alpha001_noweight_50rep_mpc_fgs/sf5/FGS/run_0026_seed_2052.npz,,paper_er_sf_sparse_alpha001_noweight_50rep_mpc_fgs,1.0,,1.0,1.0,,not applicable (score based)
sf5,SF (5),FGS,28,,2053.0,3.0,0.2857,3.0,0.2857,3.0,3.0,3.0,0.2857,0.2857,0.2857,2.8333333333333335,2.0,4.0,0.33331666666666665,0.5714,0.0,,,,,,,,,,,,,,,,0.0,0.0733420848846435,,paper_er_sf_sparse_alpha001_noweight_50rep_mpc_fgs,results/paper_aaai2027/frozen/results/estimated_graphs/paper_er_sf_sparse_alpha001_noweight_50rep_mpc_fgs/sf5/FGS/run_0027_seed_2053.npz,,paper_er_sf_sparse_alpha001_noweight_50rep_mpc_fgs,1.0,,1.0,6.0,,not applicable (score based)
sf5,SF (5),FGS,29,,2054.0,3.0,0.4,3.0,0.4,3.0,3.0,3.0,0.4,0.4,0.4,3.5,3.0,4.0,0.2,0.4,0.0,,,,,,,,,,,,,,,,0.0,0.0662713050842285,,paper_er_sf_sparse_alpha001_noweight_50rep_mpc_fgs,results/paper_aaai2027/frozen/results/estimated_graphs/paper_er_sf_sparse_alpha001_noweight_50rep_mpc_fgs/sf5/FGS/run_0028_seed_2054.npz,,paper_er_sf_sparse_alpha001_noweight_50rep_mpc_fgs,1.0,,1.0,2.0,,not applicable (score based)
sf5,SF (5),FGS,30,,2055.0,5.0,0.2857,5.0,0.2857,5.0,5.0,5.0,0.2857,0.2857,0.2857,5.25,5.0,6.0,0.214275,0.2857,0.0,,,,,,,,,,,,,,,,0.0,0.0688068866729736,,paper_er_sf_sparse_alpha001_noweight_50rep_mpc_fgs,results/paper_aaai2027/frozen/results/estimated_graphs/paper_er_sf_sparse_alpha001_noweight_50rep_mpc_fgs/sf5/FGS/run_0029_seed_2055.npz,,paper_er_sf_sparse_alpha001_noweight_50rep_mpc_fgs,1.0,,1.0,4.0,,not applicable (score based)
sf5,SF (5),FGS,31,,2056.0,2.0,0.0,4.0,0.0,2.0,2.0,2.0,0.0,0.0,0.0,2.4,1.0,4.0,0.4,0.75,0.0,,,,,,,,,,,,,,,,0.0,0.0825140476226806,,paper_er_sf_sparse_alpha001_noweight_50rep_mpc_fgs,results/paper_aaai2027/frozen/results/estimated_graphs/paper_er_sf_sparse_alpha001_noweight_50rep_mpc_fgs/sf5/FGS/run_0030_seed_2056.npz,,paper_er_sf_sparse_alpha001_noweight_50rep_mpc_fgs,1.0,,1.0,5.0,,not applicable (score based)
sf5,SF (5),FGS,33,,2058.0,3.0,0.0,4.0,0.0,3.0,3.0,3.0,0.0,0.0,0.0,2.8333333333333335,2.0,4.0,0.33331666666666665,0.5714,0.0,,,,,,,,,,,,,,,,0.0,0.0908510684967041,,paper_er_sf_sparse_alpha001_noweight_50rep_mpc_fgs,results/paper_aaai2027/frozen/results/estimated_graphs/paper_er_sf_sparse_alpha001_noweight_50rep_mpc_fgs/sf5/FGS/run_0032_seed_2058.npz,,paper_er_sf_sparse_alpha001_noweight_50rep_mpc_fgs,1.0,,1.0,6.0,,not applicable (score based)
sf5,SF (5),FGS,34,,2059.0,4.0,0.4,3.0,0.4,4.0,4.0,4.0,0.4,0.4,0.4,3.5,3.0,4.0,0.2,0.4,0.0,,,,,,,,,,,,,,,,0.0,0.0663771629333496,,paper_er_sf_sparse_alpha001_noweight_50rep_mpc_fgs,results/paper_aaai2027/frozen/results/estimated_graphs/paper_er_sf_sparse_alpha001_noweight_50rep_mpc_fgs/sf5/FGS/run_0033_seed_2059.npz,,paper_er_sf_sparse_alpha001_noweight_50rep_mpc_fgs,1.0,,1.0,2.0,,not applicable (score based)
sf5,SF (5),FGS,35,,2060.0,5.0,0.3333,4.0,0.3333,5.0,5.0,5.0,0.3333,0.3333,0.3333,4.5,4.0,5.0,0.16665,0.3333,0.0,,,,,,,,,,,,,,,,0.0,0.0736653804779052,,paper_er_sf_sparse_alpha001_noweight_50rep_mpc_fgs,results/paper_aaai2027/frozen/results/estimated_graphs/paper_er_sf_sparse_alpha001_noweight_50rep_mpc_fgs/sf5/FGS/run_0034_seed_2060.npz,,paper_er_sf_sparse_alpha001_noweight_50rep_mpc_fgs,1.0,,1.0,4.0,,not applicable (score based)
sf5,SF (5),FGS,36,,2061.0,4.0,0.0,4.0,0.0,4.0,4.0,4.0,0.0,0.0,0.0,3.3333333333333335,3.0,4.0,0.22219999999999998,0.3333,0.0,,,,,,,,,,,,,,,,0.0,0.06962251663208,,paper_er_sf_sparse_alpha001_noweight_50rep_mpc_fgs,results/paper_aaai2027/frozen/results/estimated_graphs/paper_er_sf_sparse_alpha001_noweight_50rep_mpc_fgs/sf5/FGS/run_0035_seed_2061.npz,,paper_er_sf_sparse_alpha001_noweight_50rep_mpc_fgs,1.0,,1.0,3.0,,not applicable (score based)
sf5,SF (5),FGS,37,,2062.0,6.0,0.5,4.0,0.5,6.0,6.0,6.0,0.5,0.5,0.5,4.0,4.0,4.0,0.5,0.5,0.5,,,,,,,,,,,,,,,,0.0,0.0731847286224365,,paper_er_sf_sparse_alpha001_noweight_50rep_mpc_fgs,results/paper_aaai2027/frozen/results/estimated_graphs/paper_er_sf_sparse_alpha001_noweight_50rep_mpc_fgs/sf5/FGS/run_0036_seed_2062.npz,,paper_er_sf_sparse_alpha001_noweight_50rep_mpc_fgs,1.0,,1.0,1.0,,not applicable (score based)
sf5,SF (5),FGS,38,,2063.0,7.0,0.0,7.0,0.0,7.0,7.0,7.0,0.0,0.0,0.0,7.0,7.0,7.0,0.0,0.0,0.0,,,,,,,,,,,,,,,,0.0,0.0698733329772949,,paper_er_sf_sparse_alpha001_noweight_50rep_mpc_fgs,results/paper_aaai2027/frozen/results/estimated_graphs/paper_er_sf_sparse_alpha001_noweight_50rep_mpc_fgs/sf5/FGS/run_0037_seed_2063.npz,,paper_er_sf_sparse_alpha001_noweight_50rep_mpc_fgs,1.0,,1.0,2.0,,not applicable (score based)
sf5,SF (5),FGS,39,,2064.0,4.0,0.0,4.0,0.0,4.0,4.0,4.0,0.0,0.0,0.0,3.5,3.0,4.0,0.2,0.4,0.0,,,,,,,,,,,,,,,,0.0,0.0665295124053955,,paper_er_sf_sparse_alpha001_noweight_50rep_mpc_fgs,results/paper_aaai2027/frozen/results/estimated_graphs/paper_er_sf_sparse_alpha001_noweight_50rep_mpc_fgs/sf5/FGS/run_0038_seed_2064.npz,,paper_er_sf_sparse_alpha001_noweight_50rep_mpc_fgs,1.0,,1.0,2.0,,not applicable (score based)
sf5,SF (5),FGS,40,,2065.0,6.0,0.0,6.0,0.0,6.0,6.0,6.0,0.0,0.0,0.0,6.0,6.0,6.0,0.0,0.0,0.0,,,,,,,,,,,,,,,,0.0,0.0683767795562744,,paper_er_sf_sparse_alpha001_noweight_50rep_mpc_fgs,results/paper_aaai2027/frozen/results/estimated_graphs/paper_er_sf_sparse_alpha001_noweight_50rep_mpc_fgs/sf5/FGS/run_0039_seed_2065.npz,,paper_er_sf_sparse_alpha001_noweight_50rep_mpc_fgs,1.0,,1.0,1.0,,not applicable (score based)
sf5,SF (5),FGS,41,,2066.0,5.0,0.2857,5.0,0.2857,5.0,5.0,5.0,0.2857,0.2857,0.2857,5.0,5.0,5.0,0.2857,0.2857,0.2857,,,,,,,,,,,,,,,,0.0,0.0741462707519531,,paper_er_sf_sparse_alpha001_noweight_50rep_mpc_fgs,results/paper_aaai2027/frozen/results/estimated_graphs/paper_er_sf_sparse_alpha001_noweight_50rep_mpc_fgs/sf5/FGS/run_0040_seed_2066.npz,,paper_er_sf_sparse_alpha001_noweight_50rep_mpc_fgs,1.0,,1.0,2.0,,not applicable (score based)
sf5,SF (5),FGS,42,,2067.0,6.0,0.2857,5.0,0.2857,6.0,6.0,6.0,0.2857,0.2857,0.2857,5.5,5.0,6.0,0.14285,0.2857,0.0,,,,,,,,,,,,,,,,0.0,0.0702226161956787,,paper_er_sf_sparse_alpha001_noweight_50rep_mpc_fgs,results/paper_aaai2027/frozen/results/estimated_graphs/paper_er_sf_sparse_alpha001_noweight_50rep_mpc_fgs/sf5/FGS/run_0041_seed_2067.npz,,paper_er_sf_sparse_alpha001_noweight_50rep_mpc_fgs,1.0,,1.0,2.0,,not applicable (score based)
sf5,SF (5),FGS,43,,2068.0,5.0,0.2857,4.0,0.2857,5.0,5.0,5.0,0.2857,0.2857,0.2857,4.333333333333333,4.0,5.0,0.19046666666666667,0.2857,0.0,,,,,,,,,,,,,,,,0.0,0.0866377353668212,,paper_er_sf_sparse_alpha001_noweight_50rep_mpc_fgs,results/paper_aaai2027/frozen/results/estimated_graphs/paper_er_sf_sparse_alpha001_noweight_50rep_mpc_fgs/sf5/FGS/run_0042_seed_2068.npz,,paper_er_sf_sparse_alpha001_noweight_50rep_mpc_fgs,1.0,,1.0,6.0,,not applicable (score based)
sf5,SF (5),FGS,44,,2069.0,3.0,0.0,4.0,0.0,3.0,3.0,3.0,0.0,0.0,0.0,3.0,2.0,4.0,0.333325,0.6667,0.0,,,,,,,,,,,,,,,,0.0,0.0673949718475341,,paper_er_sf_sparse_alpha001_noweight_50rep_mpc_fgs,results/paper_aaai2027/frozen/results/estimated_graphs/paper_er_sf_sparse_alpha001_noweight_50rep_mpc_fgs/sf5/FGS/run_0043_seed_2069.npz,,paper_er_sf_sparse_alpha001_noweight_50rep_mpc_fgs,1.0,,1.0,4.0,,not applicable (score based)
sf5,SF (5),FGS,45,,2070.0,5.0,0.0,5.0,0.0,5.0,5.0,5.0,0.0,0.0,0.0,4.5,4.0,5.0,0.16665,0.3333,0.0,,,,,,,,,,,,,,,,0.0,0.0699141025543212,,paper_er_sf_sparse_alpha001_noweight_50rep_mpc_fgs,results/paper_aaai2027/frozen/results/estimated_graphs/paper_er_sf_sparse_alpha001_noweight_50rep_mpc_fgs/sf5/FGS/run_0044_seed_2070.npz,,paper_er_sf_sparse_alpha001_noweight_50rep_mpc_fgs,1.0,,1.0,4.0,,not applicable (score based)
sf5,SF (5),FGS,46,,2071.0,7.0,0.0,7.0,0.0,7.0,7.0,7.0,0.0,0.0,0.0,6.333333333333333,6.0,7.0,0.16666666666666666,0.25,0.0,,,,,,,,,,,,,,,,0.0,0.0767621994018554,,paper_er_sf_sparse_alpha001_noweight_50rep_mpc_fgs,results/paper_aaai2027/frozen/results/estimated_graphs/paper_er_sf_sparse_alpha001_noweight_50rep_mpc_fgs/sf5/FGS/run_0045_seed_2071.npz,,paper_er_sf_sparse_alpha001_noweight_50rep_mpc_fgs,1.0,,1.0,3.0,,not applicable (score based)
sf5,SF (5),FGS,47,,2072.0,6.0,0.0,6.0,0.0,6.0,6.0,6.0,0.0,0.0,0.0,5.5,5.0,6.0,0.14285,0.2857,0.0,,,,,,,,,,,,,,,,0.0,0.0701863765716552,,paper_er_sf_sparse_alpha001_noweight_50rep_mpc_fgs,results/paper_aaai2027/frozen/results/estimated_graphs/paper_er_sf_sparse_alpha001_noweight_50rep_mpc_fgs/sf5/FGS/run_0046_seed_2072.npz,,paper_er_sf_sparse_alpha001_noweight_50rep_mpc_fgs,1.0,,1.0,6.0,,not applicable (score based)
sf5,SF (5),FGS,48,,2073.0,4.0,0.0,4.0,0.0,4.0,4.0,4.0,0.0,0.0,0.0,3.3333333333333335,3.0,4.0,0.22219999999999998,0.3333,0.0,,,,,,,,,,,,,,,,0.0,0.0680534839630127,,paper_er_sf_sparse_alpha001_noweight_50rep_mpc_fgs,results/paper_aaai2027/frozen/results/estimated_graphs/paper_er_sf_sparse_alpha001_noweight_50rep_mpc_fgs/sf5/FGS/run_0047_seed_2073.npz,,paper_er_sf_sparse_alpha001_noweight_50rep_mpc_fgs,1.0,,1.0,3.0,,not applicable (score based)
sf5,SF (5),FGS,49,,2074.0,5.0,0.3333,4.0,0.3333,5.0,5.0,5.0,0.3333,0.3333,0.3333,4.333333333333333,4.0,5.0,0.22219999999999998,0.3333,0.0,,,,,,,,,,,,,,,,0.0,0.0714385509490966,,paper_er_sf_sparse_alpha001_noweight_50rep_mpc_fgs,results/paper_aaai2027/frozen/results/estimated_graphs/paper_er_sf_sparse_alpha001_noweight_50rep_mpc_fgs/sf5/FGS/run_0048_seed_2074.npz,,paper_er_sf_sparse_alpha001_noweight_50rep_mpc_fgs,1.0,,1.0,3.0,,not applicable (score based)
sf5,SF (5),FGS,50,,2075.0,7.0,0.0,7.0,0.0,7.0,7.0,7.0,0.0,0.0,0.0,7.0,7.0,7.0,0.0,0.0,0.0,,,,,,,,,,,,,,,,0.0,0.070859670639038,,paper_er_sf_sparse_alpha001_noweight_50rep_mpc_fgs,results/paper_aaai2027/frozen/results/estimated_graphs/paper_er_sf_sparse_alpha001_noweight_50rep_mpc_fgs/sf5/FGS/run_0049_seed_2075.npz,,paper_er_sf_sparse_alpha001_noweight_50rep_mpc_fgs,1.0,,1.0,3.0,,not applicable (score based)
sf8,SF (8),ABA-PC,1,1.0,2026.0,11.880239520958083,0.48171833574230855,12.14306695464363,0.33469355092010933,11.880239520958083,5.0,19.0,0.48171833574230855,0.6667,0.3448,12.14306695464363,5.0,19.0,0.33469355092010933,0.666687651504349,0.14281249671829876,4843.0,11575.0,0.6136846197636036,0.7777777777777778,0.4827586206896552,0.33469479767631327,0.6666666666666665,0.14285714285714285,0.6134743951558075,0.7777777777777778,0.4827586206896552,0.3675165283577351,0.7692307692307692,0.1739130434782609,0.0,0.0,122.20544650312513,0.0,results/paper_aaai2027/frozen/results/final_mcs_experiments_er_sf_sparse_alpha001_noweight_50rep/wc_sweep_sf8_2026_sparse_alpha001_noweight_seed2026_2075_20260715_180034/summary.json,,,,,,4843.0,11575.0,,retained CI facts
sf8,SF (8),ABA-PC,2,2.0,2027.0,17.68818313054238,0.2250279572660574,16.098903703703705,0.16791905159092566,17.68818313054238,10.0,24.0,0.2250279572660574,0.5263,0.069,16.098903703703705,9.0,24.0,0.16791905159092566,0.5263462599469497,0.0,9698.0,16875.0,0.44578447595540915,0.7000000000000001,0.25,0.16791544613945197,0.5263157894736842,0.0,0.4282493971037164,0.7000000000000001,0.25,0.056878481442214926,0.5454545454545454,0.0,0.0,0.0,147.76689105993137,0.0,results/paper_aaai2027/frozen/results/final_mcs_experiments_er_sf_sparse_alpha001_noweight_50rep/wc_sweep_sf8_2026_sparse_alpha001_noweight_seed2026_2075_20260715_180034/summary.json,,,,,,9698.0,16875.0,,retained CI facts
sf8,SF (8),ABA-PC,3,3.0,2028.0,6.26,0.52595,6.915254237288136,0.5431640151841799,6.26,3.0,9.0,0.52595,0.6667,0.3529,6.915254237288136,3.0,10.0,0.5431640151841799,0.7999813328355423,0.33332160273777267,50.0,236.0,0.656757286619673,0.7999999999999999,0.5555555555555556,0.5431718368286952,0.7999999999999999,0.33333333333333326,0.6626193670450635,0.7999999999999999,0.5555555555555556,0.5649603729603729,0.7272727272727272,0.4,0.0,0.0,3.424715192988515,0.0,results/paper_aaai2027/frozen/results/final_mcs_experiments_er_sf_sparse_alpha001_noweight_50rep/wc_sweep_sf8_2026_sparse_alpha001_noweight_seed2026_2075_20260715_180034/summary.json,,,,,,50.0,236.0,,retained CI facts
sf8,SF (8),ABA-PC,4,4.0,2029.0,8.208348590259979,0.5657900768949103,7.485170205594877,0.5547499345357927,8.208348590259979,2.0,14.0,0.5657900768949103,0.875,0.1176,7.485170205594877,2.0,13.0,0.5547499345357927,0.875014062324221,0.11766158913132976,2731.0,5934.0,0.6213980160023465,0.9333333333333333,0.3529411764705882,0.5547562754597268,0.8750000000000001,0.11764705882352941,0.6074977758993964,0.9333333333333333,0.3529411764705882,0.5564578700719138,0.923076923076923,0.15384615384615383,0.0,0.0,29.750343683175743,0.0,results/paper_aaai2027/frozen/results/final_mcs_experiments_er_sf_sparse_alpha001_noweight_50rep/wc_sweep_sf8_2026_sparse_alpha001_noweight_seed2026_2075_20260715_180034/summary.json,,,,,,2731.0,5934.0,,retained CI facts
sf8,SF (8),ABA-PC,5,5.0,2030.0,8.30095759233926,0.5956017698358413,8.535460883036405,0.5676901059228601,8.30095759233926,2.0,18.0,0.5956017698358413,0.875,0.087,8.535460883036405,2.0,16.0,0.5676901059228601,0.875014062324221,0.19995749715585892,11696.0,32275.0,0.591567905932851,0.8750000000000001,0.2,0.567694249622145,0.8750000000000001,0.2,0.599062225618746,0.8750000000000001,0.2,0.6631242825515697,1.0,0.0,0.0,0.0,120.63570030778646,0.0,results/paper_aaai2027/frozen/results/final_mcs_experiments_er_sf_sparse_alpha001_noweight_50rep/wc_sweep_sf8_2026_sparse_alpha001_noweight_seed2026_2075_20260715_180034/summary.json,,,,,,11696.0,32275.0,,retained CI facts
sf8,SF (8),ABA-PC,6,6.0,2031.0,4.8125,0.6427015625,5.441558441558442,0.5691953466335794,4.8125,0.0,10.0,0.6427015625,0.8571,0.4444,5.441558441558442,0.0,10.0,0.5691953466335794,1.0,0.23528927321391807,64.0,616.0,0.7855688407739492,1.0,0.5555555555555556,0.569199140980156,1.0,0.23529411764705882,0.8088247387770898,1.0,0.5555555555555556,0.6843492445054945,1.0,0.3636363636363636,1.0,1.0,4.764007532969117,0.0,results/paper_aaai2027/frozen/results/final_mcs_experiments_er_sf_sparse_alpha001_noweight_50rep/wc_sweep_sf8_2026_sparse_alpha001_noweight_seed2026_2075_20260715_180034/summary.json,,,,,,64.0,616.0,,retained CI facts
sf8,SF (8),ABA-PC,7,7.0,2032.0,12.147286821705427,0.2825976377952756,12.549418604651162,0.3096453618416621,12.147286821705427,8.0,16.0,0.2825976377952756,0.4444,0.1,12.549418604651162,8.0,17.0,0.3096453618416621,0.5555259240246407,0.0,129.0,688.0,0.4059658483771091,0.5555555555555556,0.2105263157894737,0.3096460540003992,0.5555555555555556,0.0,0.41070953163976415,0.5555555555555556,0.2105263157894737,0.3372302116488163,0.6153846153846154,0.0,0.0,0.0,5.6416482692584395,0.0,results/paper_aaai2027/frozen/results/final_mcs_experiments_er_sf_sparse_alpha001_noweight_50rep/wc_sweep_sf8_2026_sparse_alpha001_noweight_seed2026_2075_20260715_180034/summary.json,,,,,,129.0,688.0,,retained CI facts
sf8,SF (8),ABA-PC,8,8.0,2033.0,15.526385224274406,0.17208407572383072,14.801949685534591,0.17433485186278333,15.526385224274406,10.0,21.0,0.17208407572383072,0.4211,0.0833,14.801949685534591,9.0,20.0,0.17433485186278333,0.42101828230352595,0.0,7580.0,15900.0,0.32661389416702796,0.6250000000000001,0.09090909090909091,0.17433453555795908,0.4210526315789474,0.0,0.3042907240244087,0.6250000000000001,0.09090909090909091,0.11455416189333863,0.6153846153846153,0.0,0.0,0.0,121.83368124300614,0.0,results/paper_aaai2027/frozen/results/final_mcs_experiments_er_sf_sparse_alpha001_noweight_50rep/wc_sweep_sf8_2026_sparse_alpha001_noweight_seed2026_2075_20260715_180034/summary.json,,,,,,7580.0,15900.0,,retained CI facts
sf8,SF (8),ABA-PC,9,9.0,2034.0,6.281081081081081,0.6920091891891892,5.712707182320442,0.6802232166876844,6.281081081081081,2.0,9.0,0.6920091891891892,0.8571,0.6,5.712707182320442,2.0,8.0,0.6802232166876844,0.8571000000000001,0.5999569998483241,185.0,543.0,0.6802242851196889,0.8571428571428571,0.6,0.6802242851196889,0.8571428571428571,0.6,0.6919890744348948,0.8571428571428571,0.6,0.6917940564999389,0.7692307692307692,0.5882352941176471,0.0,0.0,3.384167314041406,0.0,results/paper_aaai2027/frozen/results/final_mcs_experiments_er_sf_sparse_alpha001_noweight_50rep/wc_sweep_sf8_2026_sparse_alpha001_noweight_seed2026_2075_20260715_180034/summary.json,,,,,,185.0,543.0,,retained CI facts
sf8,SF (8),ABA-PC,10,10.0,2035.0,11.346697432939141,0.3132733756858216,11.130593385214008,0.3171655136500233,11.346697432939141,6.0,16.0,0.3132733756858216,0.625,0.1053,11.130593385214008,6.0,16.0,0.3171655136500233,0.49996093719236073,0.11111727972626174,3467.0,4112.0,0.5076033133828692,0.75,0.2105263157894737,0.31716510676122267,0.5,0.1111111111111111,0.5002702368537039,0.75,0.2105263157894737,0.32756555031234025,0.5714285714285714,0.0,0.0,0.0,32.98795841401443,0.0,results/paper_aaai2027/frozen/results/final_mcs_experiments_er_sf_sparse_alpha001_noweight_50rep/wc_sweep_sf8_2026_sparse_alpha001_noweight_seed2026_2075_20260715_180034/summary.json,,,,,,3467.0,4112.0,,retained CI facts
sf8,SF (8),ABA-PC,11,11.0,2036.0,7.945127382861215,0.5252193479422769,8.277745783628136,0.48001719819597427,7.945127382861215,0.0,13.0,0.5252193479422769,1.0,0.25,8.277745783628136,0.0,14.0,0.48001719819597427,1.0,0.2857333333333333,5613.0,12155.0,0.6708159907367169,1.0,0.43478260869565216,0.48002754039154677,1.0,0.2857142857142857,0.6654031416306894,1.0,0.43478260869565216,0.5181967674238905,1.0,0.25000000000000006,1.0,1.0,85.33401325112209,0.0,results/paper_aaai2027/frozen/results/final_mcs_experiments_er_sf_sparse_alpha001_noweight_50rep/wc_sweep_sf8_2026_sparse_alpha001_noweight_seed2026_2075_20260715_180034/summary.json,,,,,,5613.0,12155.0,,retained CI facts
sf8,SF (8),ABA-PC,12,12.0,2037.0,6.21849234393404,0.6522825677267374,5.882865937072504,0.6149058451153798,6.21849234393404,0.0,11.0,0.6522825677267374,0.9333,0.3529,5.882865937072504,0.0,11.0,0.6149058451153798,1.0,0.23528927321391807,1698.0,5848.0,0.6894574320296194,1.0,0.375,0.6149074139339659,1.0,0.23529411764705882,0.6773475424513615,1.0,0.375,0.5815661953003461,1.0,0.26666666666666666,1.0,1.0,21.388251004274935,0.0,results/paper_aaai2027/frozen/results/final_mcs_experiments_er_sf_sparse_alpha001_noweight_50rep/wc_sweep_sf8_2026_sparse_alpha001_noweight_seed2026_2075_20260715_180034/summary.json,,,,,,1698.0,5848.0,,retained CI facts
sf8,SF (8),ABA-PC,13,13.0,2038.0,9.015673981191222,0.5064717868338559,8.185110663983904,0.5237534946005044,9.015673981191222,5.0,15.0,0.5064717868338559,0.7059,0.2222,8.185110663983904,4.0,13.0,0.5237534946005044,0.7500046856542852,0.22220432085561498,638.0,1491.0,0.578443389545918,0.75,0.33333333333333326,0.5237640637343809,0.75,0.2222222222222222,0.5719425338193354,0.75,0.33333333333333326,0.4088028013230853,0.6153846153846154,0.0,0.0,0.0,9.763554955366999,0.0,results/paper_aaai2027/frozen/results/final_mcs_experiments_er_sf_sparse_alpha001_noweight_50rep/wc_sweep_sf8_2026_sparse_alpha001_noweight_seed2026_2075_20260715_180034/summary.json,,,,,,638.0,1491.0,,retained CI facts
sf8,SF (8),ABA-PC,14,14.0,2039.0,12.333062362094994,0.30747642773207995,12.181728024042073,0.25745322165828666,12.333062362094994,5.0,18.0,0.30747642773207995,0.625,0.0909,12.181728024042073,5.0,18.0,0.25745322165828666,0.6250335931963147,0.0,8611.0,33275.0,0.4808753923323688,0.75,0.2,0.25745211642113414,0.6250000000000001,0.0,0.4879855303895316,0.75,0.2,0.3353424636865735,0.9090909090909091,0.0,0.0,0.0,121.90287799295038,0.0,results/paper_aaai2027/frozen/results/final_mcs_experiments_er_sf_sparse_alpha001_noweight_50rep/wc_sweep_sf8_2026_sparse_alpha001_noweight_seed2026_2075_20260715_180034/summary.json,,,,,,8611.0,33275.0,,retained CI facts
sf8,SF (8),ABA-PC,15,15.0,2040.0,5.45,0.6703325,5.36986301369863,0.6782119852529903,5.45,3.0,8.0,0.6703325,0.8,0.5,5.36986301369863,3.0,8.0,0.6782119852529903,0.7999813328355423,0.49996093719236073,40.0,73.0,0.6782097770615095,0.7999999999999999,0.5,0.6782097770615095,0.7999999999999999,0.5,0.6703308823529411,0.7999999999999999,0.5,0.7007475490196078,0.7999999999999999,0.5,0.0,0.0,2.2792818499729037,0.0,results/paper_aaai2027/frozen/results/final_mcs_experiments_er_sf_sparse_alpha001_noweight_50rep/wc_sweep_sf8_2026_sparse_alpha001_noweight_seed2026_2075_20260715_180034/summary.json,,,,,,40.0,73.0,,retained CI facts
sf8,SF (8),ABA-PC,16,16.0,2041.0,8.768339768339768,0.4362544401544402,8.143603133159269,0.42311038582811844,8.768339768339768,6.0,13.0,0.4362544401544402,0.75,0.2222,8.143603133159269,4.0,11.0,0.42311038582811844,0.6250335931963147,0.22220432085561498,259.0,383.0,0.686711130331845,0.8750000000000001,0.47058823529411764,0.4231309119314438,0.6250000000000001,0.2222222222222222,0.6819224133465619,0.8750000000000001,0.47058823529411764,0.35587103718461527,0.4615384615384615,0.0,0.0,0.0,5.4628389100544155,0.0,results/paper_aaai2027/frozen/results/final_mcs_experiments_er_sf_sparse_alpha001_noweight_50rep/wc_sweep_sf8_2026_sparse_alpha001_noweight_seed2026_2075_20260715_180034/summary.json,,,,,,259.0,383.0,,retained CI facts
sf8,SF (8),ABA-PC,17,17.0,2042.0,4.90625,0.6325140625,4.684049079754601,0.6301896534408509,4.90625,2.0,8.0,0.6325140625,0.7692,0.5,4.684049079754601,1.0,8.0,0.6301896534408509,0.9230520704323946,0.44440864171122996,64.0,326.0,0.771607755891408,0.923076923076923,0.6250000000000001,0.630191050779286,0.923076923076923,0.4444444444444444,0.7746832747522086,0.923076923076923,0.6250000000000001,0.6928743131868133,0.8333333333333334,0.5333333333333333,0.0,0.0,2.778667027130723,0.0,results/paper_aaai2027/frozen/results/final_mcs_experiments_er_sf_sparse_alpha001_noweight_50rep/wc_sweep_sf8_2026_sparse_alpha001_noweight_seed2026_2075_20260715_180034/summary.json,,,,,,64.0,326.0,,retained CI facts
sf8,SF (8),ABA-PC,18,18.0,2043.0,8.456118143459916,0.39227839662447256,8.902941176470588,0.45630750830408656,8.456118143459916,4.0,14.0,0.39227839662447256,0.5333,0.2609,8.902941176470588,4.0,15.0,0.45630750830408656,0.6666728888225192,0.26087485797760107,2370.0,6120.0,0.6044392384967872,0.7999999999999999,0.43478260869565216,0.4563185070104298,0.6666666666666666,0.26086956521739124,0.6063244165901474,0.7999999999999999,0.43478260869565216,0.4639124242771811,0.6153846153846153,0.3,0.0,0.0,27.777842525858432,0.0,results/paper_aaai2027/frozen/results/final_mcs_experiments_er_sf_sparse_alpha001_noweight_50rep/wc_sweep_sf8_2026_sparse_alpha001_noweight_seed2026_2075_20260715_180034/summary.json,,,,,,2370.0,6120.0,,retained CI facts
sf8,SF (8),ABA-PC,19,19.0,2044.0,9.0,0.5358475,8.387434554973822,0.5344695569124537,9.0,5.0,12.0,0.5358475,0.7059,0.3529,8.387434554973822,5.0,11.0,0.5344695569124537,0.705867819641754,0.3529508646719737,80.0,191.0,0.5344790602931722,0.7058823529411764,0.3529411764705882,0.5344790602931722,0.7058823529411764,0.3529411764705882,0.5358464482284141,0.7058823529411764,0.3529411764705882,0.47943685807656394,0.625,0.25,0.0,0.0,8.874044390860945,0.0,results/paper_aaai2027/frozen/results/final_mcs_experiments_er_sf_sparse_alpha001_noweight_50rep/wc_sweep_sf8_2026_sparse_alpha001_noweight_seed2026_2075_20260715_180034/summary.json,,,,,,80.0,191.0,,retained CI facts
sf8,SF (8),ABA-PC,20,20.0,2045.0,3.6842105263157894,0.6417947368421053,4.195402298850575,0.6730936052131844,3.6842105263157894,1.0,6.0,0.6417947368421053,0.8,0.5,4.195402298850575,1.0,6.0,0.6730936052131844,0.9333333333333333,0.49996093719236073,19.0,87.0,0.7975771917962587,0.9333333333333333,0.6666666666666666,0.6730899256254226,0.9333333333333333,0.5,0.8090557275541796,0.9333333333333333,0.6666666666666666,0.7647019647019647,0.9090909090909091,0.5714285714285714,0.0,0.0,1.5006676791235805,0.0,results/paper_aaai2027/frozen/results/final_mcs_experiments_er_sf_sparse_alpha001_noweight_50rep/wc_sweep_sf8_2026_sparse_alpha001_noweight_seed2026_2075_20260715_180034/summary.json,,,,,,19.0,87.0,,retained CI facts
sf8,SF (8),ABA-PC,21,21.0,2046.0,5.7,0.51732,6.865853658536586,0.3474888280480946,5.7,3.0,9.0,0.51732,0.7273,0.2857,6.865853658536586,3.0,10.0,0.3474888280480946,0.7272495863561156,0.0,20.0,164.0,0.6113886113886113,0.7272727272727273,0.5714285714285714,0.3474817865061767,0.7272727272727273,0.0,0.6418581418581418,0.7272727272727273,0.5714285714285714,0.41833333333333333,0.6666666666666666,0.0,0.0,0.0,1.3112666076049209,0.0,results/paper_aaai2027/frozen/results/final_mcs_experiments_er_sf_sparse_alpha001_noweight_50rep/wc_sweep_sf8_2026_sparse_alpha001_noweight_seed2026_2075_20260715_180034/summary.json,,,,,,20.0,164.0,,retained CI facts
sf8,SF (8),ABA-PC,22,22.0,2047.0,11.981885332395358,0.35695126571074526,11.341207430340557,0.37056828919725,11.981885332395358,3.0,20.0,0.35695126571074526,0.8,0.0833,11.341207430340557,3.0,18.0,0.37056828919725,0.7999813328355423,0.09522221185254316,11372.0,32300.0,0.4335123558350487,0.7999999999999999,0.10526315789473685,0.3705719104705405,0.7999999999999999,0.09523809523809523,0.4196587270254394,0.7999999999999999,0.10526315789473685,0.36837491948607565,1.0,0.0,0.0,0.0,121.50854104664177,0.0,results/paper_aaai2027/frozen/results/final_mcs_experiments_er_sf_sparse_alpha001_noweight_50rep/wc_sweep_sf8_2026_sparse_alpha001_noweight_seed2026_2075_20260715_180034/summary.json,,,,,,11372.0,32300.0,,retained CI facts
sf8,SF (8),ABA-PC,23,23.0,2048.0,8.106666666666667,0.5028386666666667,8.140495867768594,0.512353945851727,8.106666666666667,6.0,11.0,0.5028386666666667,0.625,0.3333,8.140495867768594,6.0,11.0,0.512353945851727,0.6250335931963147,0.33332160273777267,75.0,242.0,0.560180399548539,0.7058823529411764,0.3529411764705882,0.5123643556306094,0.6250000000000001,0.33333333333333326,0.5647635592248594,0.7058823529411764,0.3529411764705882,0.5764961334961335,0.7692307692307692,0.39999999999999997,0.0,0.0,4.187600863166153,0.0,results/paper_aaai2027/frozen/results/final_mcs_experiments_er_sf_sparse_alpha001_noweight_50rep/wc_sweep_sf8_2026_sparse_alpha001_noweight_seed2026_2075_20260715_180034/summary.json,,,,,,75.0,242.0,,retained CI facts
sf8,SF (8),ABA-PC,24,24.0,2049.0,9.129197945476097,0.45955335835638084,8.746762723969816,0.4851717356603361,9.129197945476097,2.0,17.0,0.45955335835638084,0.8571,0.1,8.746762723969816,2.0,16.0,0.4851717356603361,0.8571000000000001,0.10524818744473917,10124.0,32203.0,0.5519812704278668,0.8571428571428571,0.2105263157894737,0.4851807025486776,0.8571428571428571,0.10526315789473685,0.5459152001513892,0.8571428571428571,0.2105263157894737,0.4902887597843978,0.8571428571428571,0.0,0.0,0.0,93.11082222592086,0.0,results/paper_aaai2027/frozen/results/final_mcs_experiments_er_sf_sparse_alpha001_noweight_50rep/wc_sweep_sf8_2026_sparse_alpha001_noweight_seed2026_2075_20260715_180034/summary.json,,,,,,10124.0,32203.0,,retained CI facts
sf8,SF (8),ABA-PC,25,25.0,2050.0,14.552479702631322,0.22619725291748424,13.792807991120977,0.23168156201027906,14.552479702631322,6.0,21.0,0.22619725291748424,0.5882,0.0833,13.792807991120977,7.0,20.0,0.23168156201027906,0.47057854642783614,0.0,10223.0,22525.0,0.4390675706722201,0.7058823529411764,0.18181818181818182,0.23168260114910183,0.47058823529411764,0.0,0.43048977945496236,0.7058823529411764,0.18181818181818182,0.10528474786205412,0.5454545454545454,0.0,0.0,0.0,135.50545801781118,0.0,results/paper_aaai2027/frozen/results/final_mcs_experiments_er_sf_sparse_alpha001_noweight_50rep/wc_sweep_sf8_2026_sparse_alpha001_noweight_seed2026_2075_20260715_180034/summary.json,,,,,,10223.0,22525.0,,retained CI facts
sf8,SF (8),ABA-PC,26,26.0,2051.0,7.209418837675351,0.43149539078156307,7.507065065624127,0.47396413758494915,7.209418837675351,1.0,13.0,0.43149539078156307,0.9333,0.1176,7.507065065624127,1.0,13.0,0.47396413758494915,0.9333333333333333,0.11766158913132976,5988.0,17905.0,0.5683089886737491,0.9333333333333333,0.25,0.47396846004333226,0.9333333333333333,0.11764705882352941,0.5720203902752824,0.9333333333333333,0.25,0.4905790587964921,1.0,0.0,0.0,0.0,61.232572943903506,0.0,results/paper_aaai2027/frozen/results/final_mcs_experiments_er_sf_sparse_alpha001_noweight_50rep/wc_sweep_sf8_2026_sparse_alpha001_noweight_seed2026_2075_20260715_180034/summary.json,,,,,,5988.0,17905.0,,retained CI facts
sf8,SF (8),ABA-PC,27,27.0,2052.0,6.918918918918919,0.5763391891891891,6.769633507853404,0.5967717884931492,6.918918918918919,4.0,10.0,0.5763391891891891,0.75,0.4211,6.769633507853404,4.0,9.0,0.5967717884931492,0.7500046856542852,0.47057854642783614,74.0,191.0,0.6375877328059909,0.75,0.47058823529411764,0.5967733598445348,0.75,0.47058823529411764,0.6375887884788813,0.75,0.47058823529411764,0.6459470621235327,0.8571428571428571,0.5,0.0,0.0,6.403590525034815,0.0,results/paper_aaai2027/frozen/results/final_mcs_experiments_er_sf_sparse_alpha001_noweight_50rep/wc_sweep_sf8_2026_sparse_alpha001_noweight_seed2026_2075_20260715_180034/summary.json,,,,,,74.0,191.0,,retained CI facts
sf8,SF (8),ABA-PC,28,28.0,2053.0,6.843520782396088,0.5816511002444987,5.793030623020063,0.56985723515551,6.843520782396088,2.0,13.0,0.5816511002444987,0.8571,0.2222,5.793030623020063,1.0,11.0,0.56985723515551,0.8571000000000001,0.23528927321391807,409.0,947.0,0.7567529801894637,1.0,0.47058823529411764,0.5698630959451344,0.8571428571428571,0.23529411764705882,0.7437375469211406,1.0,0.47058823529411764,0.4823055306551639,0.8,0.0,0.0,0.0,5.8435084582306445,0.0,results/paper_aaai2027/frozen/results/final_mcs_experiments_er_sf_sparse_alpha001_noweight_50rep/wc_sweep_sf8_2026_sparse_alpha001_noweight_seed2026_2075_20260715_180034/summary.json,,,,,,409.0,947.0,,retained CI facts
sf8,SF (8),ABA-PC,29,29.0,2054.0,7.972371201040143,0.5798979684706648,8.19369535204786,0.5727271269690166,7.972371201040143,3.0,14.0,0.5798979684706648,0.8,0.3,8.19369535204786,3.0,14.0,0.5727271269690166,0.7999813328355423,0.300032999696694,6153.0,21730.0,0.5727356382775802,0.7999999999999999,0.3,0.5727356382775802,0.7999999999999999,0.3,0.5798893582735437,0.7999999999999999,0.3,0.6635100033267204,0.8571428571428571,0.33333333333333326,0.0,0.0,64.46894954191521,0.0,results/paper_aaai2027/frozen/results/final_mcs_experiments_er_sf_sparse_alpha001_noweight_50rep/wc_sweep_sf8_2026_sparse_alpha001_noweight_seed2026_2075_20260715_180034/summary.json,,,,,,6153.0,21730.0,,retained CI facts
sf8,SF (8),ABA-PC,30,30.0,2055.0,6.166666666666667,0.5159333333333332,6.314285714285714,0.34655820025540396,6.166666666666667,3.0,9.0,0.5159333333333332,0.7273,0.3077,6.314285714285714,3.0,9.0,0.34655820025540396,0.7272495863561156,0.0,6.0,70.0,0.6437562437562437,0.7272727272727273,0.6153846153846153,0.3465534465534465,0.7272727272727273,0.0,0.6783216783216783,0.7272727272727273,0.6153846153846153,0.3434343434343434,0.7272727272727273,0.0,0.0,0.0,1.2694172109477222,0.0,results/paper_aaai2027/frozen/results/final_mcs_experiments_er_sf_sparse_alpha001_noweight_50rep/wc_sweep_sf8_2026_sparse_alpha001_noweight_seed2026_2075_20260715_180034/summary.json,,,,,,6.0,70.0,,retained CI facts
sf8,SF (8),ABA-PC,31,31.0,2056.0,8.29394887845592,0.4012214136671883,8.808096935138988,0.4196846624798864,8.29394887845592,2.0,15.0,0.4012214136671883,0.8,0.0952,8.808096935138988,2.0,14.0,0.4196846624798864,0.7999813328355423,0.09522221185254316,3834.0,35075.0,0.6350385866626245,0.9333333333333333,0.33333333333333326,0.41969278786349323,0.7999999999999999,0.09523809523809523,0.6599287607496249,0.9333333333333333,0.33333333333333326,0.5095700452242699,0.9090909090909091,0.0,0.0,0.0,120.96828360296786,0.0,results/paper_aaai2027/frozen/results/final_mcs_experiments_er_sf_sparse_alpha001_noweight_50rep/wc_sweep_sf8_2026_sparse_alpha001_noweight_seed2026_2075_20260715_180034/summary.json,,,,,,3834.0,35075.0,,retained CI facts
sf8,SF (8),ABA-PC,32,32.0,2057.0,16.682919679499708,0.1999402442876698,16.336200873362447,0.17423967762473436,16.682919679499708,9.0,22.0,0.1999402442876698,0.4444,0.0769,16.336200873362447,9.0,22.0,0.17423967762473436,0.45451735395188997,0.0,10234.0,22900.0,0.3202335074929384,0.5555555555555556,0.08695652173913043,0.17424107816886686,0.4545454545454545,0.0,0.30573519067659677,0.5555555555555556,0.08695652173913043,0.17157268763811123,0.6666666666666665,0.0,0.0,0.0,153.3768892530352,0.0,results/paper_aaai2027/frozen/results/final_mcs_experiments_er_sf_sparse_alpha001_noweight_50rep/wc_sweep_sf8_2026_sparse_alpha001_noweight_seed2026_2075_20260715_180034/summary.json,,,,,,10234.0,22900.0,,retained CI facts
sf8,SF (8),ABA-PC,33,33.0,2058.0,9.87553703944799,0.4346705767478193,10.314611066559744,0.4017899279942295,9.87553703944799,1.0,18.0,0.4346705767478193,0.8,0.08,10.314611066559744,1.0,18.0,0.4017899279942295,0.9333333333333333,0.08696445959104188,7681.0,31175.0,0.5839286161787169,1.0,0.3333333333333333,0.40179390348442134,0.9333333333333333,0.08695652173913043,0.6003788948660215,1.0,0.3333333333333333,0.44255852897436826,1.0,0.0,0.0,0.0,121.28534237388521,0.0,results/paper_aaai2027/frozen/results/final_mcs_experiments_er_sf_sparse_alpha001_noweight_50rep/wc_sweep_sf8_2026_sparse_alpha001_noweight_seed2026_2075_20260715_180034/summary.json,,,,,,7681.0,31175.0,,retained CI facts
sf8,SF (8),ABA-PC,34,34.0,2059.0,5.9,0.54374,5.833333333333333,0.5332526886695593,5.9,4.0,8.0,0.54374,0.6667,0.4615,5.833333333333333,4.0,7.0,0.5332526886695593,0.6666472218171212,0.4615550290760284,10.0,12.0,0.5332445332445332,0.6666666666666666,0.4615384615384615,0.5332445332445332,0.6666666666666666,0.4615384615384615,0.5437395937395937,0.6666666666666666,0.4615384615384615,0.4231235431235431,0.5454545454545454,0.3333333333333333,0.0,0.0,1.1293728901073337,0.0,results/paper_aaai2027/frozen/results/final_mcs_experiments_er_sf_sparse_alpha001_noweight_50rep/wc_sweep_sf8_2026_sparse_alpha001_noweight_seed2026_2075_20260715_180034/summary.json,,,,,,10.0,12.0,,retained CI facts
sf8,SF (8),ABA-PC,35,35.0,2060.0,1.6363636363636365,0.7693636363636365,2.92,0.7557002878530806,1.6363636363636365,0.0,3.0,0.7693636363636365,0.8571,0.7059,2.92,0.0,5.0,0.7557002878530806,1.0,0.5882401383513135,11.0,100.0,0.8816470588235295,1.0,0.8235294117647058,0.7556974789915967,1.0,0.588235294117647,0.8975935828877006,1.0,0.8235294117647058,0.9545454545454546,1.0,0.8333333333333333,1.0,1.0,2.051788782235235,0.0,results/paper_aaai2027/frozen/results/final_mcs_experiments_er_sf_sparse_alpha001_noweight_50rep/wc_sweep_sf8_2026_sparse_alpha001_noweight_seed2026_2075_20260715_180034/summary.json,,,,,,11.0,100.0,,retained CI facts
sf8,SF (8),ABA-PC,36,36.0,2061.0,4.847645429362881,0.6628049861495845,5.675038051750381,0.6560467674927766,4.847645429362881,2.0,8.0,0.6628049861495845,0.875,0.5455,5.675038051750381,2.0,10.0,0.6560467674927766,0.875014062324221,0.45451735395188997,361.0,2628.0,0.7441784237138861,0.8750000000000001,0.6,0.6560485747587264,0.8750000000000001,0.4545454545454545,0.7539010899194599,0.8750000000000001,0.6,0.7856736984160807,1.0,0.625,0.0,0.0,13.018064035102725,0.0,results/paper_aaai2027/frozen/results/final_mcs_experiments_er_sf_sparse_alpha001_noweight_50rep/wc_sweep_sf8_2026_sparse_alpha001_noweight_seed2026_2075_20260715_180034/summary.json,,,,,,361.0,2628.0,,retained CI facts
sf8,SF (8),ABA-PC,37,37.0,2062.0,5.8004587155963305,0.5309474770642202,6.728028503562945,0.435029324246073,5.8004587155963305,0.0,11.0,0.5309474770642202,0.8571,0.2353,6.728028503562945,0.0,12.0,0.435029324246073,1.0,0.10524818744473917,436.0,2526.0,0.7769028454264844,1.0,0.5555555555555556,0.4350362991802547,1.0,0.10526315789473685,0.7937643200689257,1.0,0.5555555555555556,0.5379373939006966,1.0,0.16666666666666666,1.0,1.0,12.397657183930278,0.0,results/paper_aaai2027/frozen/results/final_mcs_experiments_er_sf_sparse_alpha001_noweight_50rep/wc_sweep_sf8_2026_sparse_alpha001_noweight_seed2026_2075_20260715_180034/summary.json,,,,,,436.0,2526.0,,retained CI facts
sf8,SF (8),ABA-PC,38,38.0,2063.0,11.559228104898565,0.3964842465753425,11.735520628683693,0.37225060740919586,11.559228104898565,5.0,19.0,0.3964842465753425,0.7778,0.087,11.735520628683693,4.0,19.0,0.37225060740919586,0.7778049376680517,0.0,10105.0,25450.0,0.46687599687239445,0.7777777777777778,0.09523809523809523,0.37225540411501445,0.7777777777777778,0.0,0.48343897765245514,0.7777777777777778,0.09523809523809523,0.3899882639797895,0.9090909090909091,0.0,0.0,0.0,123.5282224547118,0.0,results/paper_aaai2027/frozen/results/final_mcs_experiments_er_sf_sparse_alpha001_noweight_50rep/wc_sweep_sf8_2026_sparse_alpha001_noweight_seed2026_2075_20260715_180034/summary.json,,,,,,10105.0,25450.0,,retained CI facts
sf8,SF (8),ABA-PC,39,39.0,2064.0,10.853125,0.29284374999999996,10.238805970149254,0.2824366816278772,10.853125,6.0,14.0,0.29284374999999996,0.4286,0.1111,10.238805970149254,6.0,14.0,0.2824366816278772,0.4286,0.11111727972626174,320.0,536.0,0.4740922992658702,0.7142857142857143,0.23529411764705882,0.28243952267998057,0.42857142857142855,0.1111111111111111,0.48524395010197063,0.7142857142857143,0.23529411764705882,0.14682095325018119,0.1818181818181818,0.11764705882352941,0.0,0.0,3.3969968468882143,0.0,results/paper_aaai2027/frozen/results/final_mcs_experiments_er_sf_sparse_alpha001_noweight_50rep/wc_sweep_sf8_2026_sparse_alpha001_noweight_seed2026_2075_20260715_180034/summary.json,,,,,,320.0,536.0,,retained CI facts
sf8,SF (8),ABA-PC,40,40.0,2065.0,5.066147859922179,0.6027152723735408,5.562711864406779,0.6521856453415007,5.066147859922179,0.0,10.0,0.6027152723735408,0.8571,0.3333,5.562711864406779,0.0,11.0,0.6521856453415007,1.0,0.33332160273777267,1028.0,5015.0,0.7158814605827746,1.0,0.4444444444444444,0.6521851455729697,1.0,0.33333333333333326,0.71922353603298,1.0,0.4444444444444444,0.7539159408151168,1.0,0.4,1.0,1.0,18.299100754316896,0.0,results/paper_aaai2027/frozen/results/final_mcs_experiments_er_sf_sparse_alpha001_noweight_50rep/wc_sweep_sf8_2026_sparse_alpha001_noweight_seed2026_2075_20260715_180034/summary.json,,,,,,1028.0,5015.0,,retained CI facts
sf8,SF (8),ABA-PC,41,41.0,2066.0,0.5,0.6905,1.6666666666666667,0.8190364813044896,0.5,0.0,1.0,0.6905,0.7143,0.6667,1.6666666666666667,0.0,3.0,0.8190364813044896,1.0,0.6666728888225192,2.0,12.0,0.9555555555555556,1.0,0.9333333333333333,0.8190476190476189,1.0,0.6666666666666666,0.9666666666666667,1.0,0.9333333333333333,1.0,1.0,1.0,1.0,1.0,2.022436945233494,0.0,results/paper_aaai2027/frozen/results/final_mcs_experiments_er_sf_sparse_alpha001_noweight_50rep/wc_sweep_sf8_2026_sparse_alpha001_noweight_seed2026_2075_20260715_180034/summary.json,,,,,,2.0,12.0,,retained CI facts
sf8,SF (8),ABA-PC,42,42.0,2067.0,4.9375,0.58566875,4.393939393939394,0.6264665537195006,4.9375,3.0,7.0,0.58566875,0.6667,0.4706,4.393939393939394,2.0,7.0,0.6264665537195006,0.7999813328355423,0.47057854642783614,16.0,33.0,0.838255100019806,0.9333333333333333,0.7058823529411764,0.6264656367597544,0.7999999999999999,0.47058823529411764,0.8324652777777778,0.9333333333333333,0.7058823529411764,0.6506826506826506,0.7272727272727273,0.5714285714285715,0.0,0.0,2.2140940171666443,0.0,results/paper_aaai2027/frozen/results/final_mcs_experiments_er_sf_sparse_alpha001_noweight_50rep/wc_sweep_sf8_2026_sparse_alpha001_noweight_seed2026_2075_20260715_180034/summary.json,,,,,,16.0,33.0,,retained CI facts
sf8,SF (8),ABA-PC,43,43.0,2068.0,4.583333333333333,0.5192,4.696428571428571,0.5814867672790395,4.583333333333333,1.0,7.0,0.5192,0.7692,0.2857,4.696428571428571,1.0,8.0,0.5814867672790395,0.9230520704323946,0.2857,24.0,56.0,0.7654794610151753,0.923076923076923,0.5714285714285714,0.5814903846153846,0.923076923076923,0.2857142857142857,0.7480921855921855,0.923076923076923,0.5714285714285714,0.5218554593554593,0.8571428571428571,0.22222222222222224,0.0,0.0,1.7227256470359862,0.0,results/paper_aaai2027/frozen/results/final_mcs_experiments_er_sf_sparse_alpha001_noweight_50rep/wc_sweep_sf8_2026_sparse_alpha001_noweight_seed2026_2075_20260715_180034/summary.json,,,,,,24.0,56.0,,retained CI facts
sf8,SF (8),ABA-PC,44,44.0,2069.0,5.2272727272727275,0.6328681818181818,4.941558441558442,0.5718190644380806,5.2272727272727275,2.0,8.0,0.6328681818181818,0.8571,0.4444,4.941558441558442,1.0,8.0,0.5718190644380806,0.8571000000000001,0.33332160273777267,22.0,154.0,0.8269353195823784,1.0,0.7058823529411764,0.5718223653097603,0.8571428571428571,0.33333333333333326,0.8459595959595959,1.0,0.7058823529411764,0.5148134693589239,0.7272727272727272,0.3333333333333333,0.0,0.0,1.8654687427915633,0.0,results/paper_aaai2027/frozen/results/final_mcs_experiments_er_sf_sparse_alpha001_noweight_50rep/wc_sweep_sf8_2026_sparse_alpha001_noweight_seed2026_2075_20260715_180034/summary.json,,,,,,22.0,154.0,,retained CI facts
sf8,SF (8),ABA-PC,45,45.0,2070.0,4.636363636363637,0.7693636363636365,4.92,0.6297672512559509,4.636363636363637,3.0,6.0,0.7693636363636365,0.8571,0.7059,4.92,3.0,6.0,0.6297672512559509,0.7143,0.5882401383513135,11.0,25.0,0.7556974789915967,0.8571428571428571,0.7058823529411764,0.6297478991596639,0.7142857142857143,0.588235294117647,0.7693659281894576,0.8571428571428571,0.7058823529411764,0.7412587412587412,0.7692307692307692,0.6666666666666666,0.0,0.0,2.9541475418955088,0.0,results/paper_aaai2027/frozen/results/final_mcs_experiments_er_sf_sparse_alpha001_noweight_50rep/wc_sweep_sf8_2026_sparse_alpha001_noweight_seed2026_2075_20260715_180034/summary.json,,,,,,11.0,25.0,,retained CI facts
sf8,SF (8),ABA-PC,46,46.0,2071.0,7.638275499474237,0.510550052687039,7.451322751322751,0.5008499975578822,7.638275499474237,2.0,15.0,0.510550052687039,0.8571,0.1176,7.451322751322751,2.0,15.0,0.5008499975578822,0.8571000000000001,0.0,951.0,1890.0,0.5830895312590973,0.8571428571428571,0.125,0.5008566189508742,0.8571428571428571,0.0,0.5681070377322976,0.8571428571428571,0.125,0.5120547508621167,0.9090909090909091,0.0,0.0,0.0,8.828076381236315,0.0,results/paper_aaai2027/frozen/results/final_mcs_experiments_er_sf_sparse_alpha001_noweight_50rep/wc_sweep_sf8_2026_sparse_alpha001_noweight_seed2026_2075_20260715_180034/summary.json,,,,,,951.0,1890.0,,retained CI facts
sf8,SF (8),ABA-PC,47,47.0,2072.0,5.415730337078652,0.5031764044943821,5.911111111111111,0.5639510431470325,5.415730337078652,2.0,9.0,0.5031764044943821,0.6667,0.3333,5.911111111111111,2.0,10.0,0.5639510431470325,0.7999813328355423,0.33332160273777267,89.0,180.0,0.7404609563123494,0.9333333333333333,0.5555555555555556,0.5639563983488132,0.7999999999999999,0.33333333333333326,0.740353776046196,0.9333333333333333,0.5555555555555556,0.6187271364898596,0.8333333333333333,0.4,0.0,0.0,2.1789265810512006,0.0,results/paper_aaai2027/frozen/results/final_mcs_experiments_er_sf_sparse_alpha001_noweight_50rep/wc_sweep_sf8_2026_sparse_alpha001_noweight_seed2026_2075_20260715_180034/summary.json,,,,,,89.0,180.0,,retained CI facts
sf8,SF (8),ABA-PC,48,48.0,2073.0,8.770833333333334,0.4524006944444445,9.089887640449438,0.3061203918902235,8.770833333333334,5.0,13.0,0.4524006944444445,0.5714,0.2353,9.089887640449438,5.0,14.0,0.3061203918902235,0.5714,0.0,144.0,1068.0,0.5765947856900826,0.7142857142857143,0.4444444444444444,0.30612557592851186,0.5714285714285714,0.0,0.5855883922769888,0.7142857142857143,0.4444444444444444,0.24852121258371257,0.5454545454545454,0.0,0.0,0.0,3.8018481796607375,0.0,results/paper_aaai2027/frozen/results/final_mcs_experiments_er_sf_sparse_alpha001_noweight_50rep/wc_sweep_sf8_2026_sparse_alpha001_noweight_seed2026_2075_20260715_180034/summary.json,,,,,,144.0,1068.0,,retained CI facts
sf8,SF (8),ABA-PC,49,49.0,2074.0,16.859198158450027,0.1659312861415753,16.265888324873096,0.09359923358353443,16.859198158450027,11.0,22.0,0.1659312861415753,0.5,0.0741,16.265888324873096,10.0,22.0,0.09359923358353443,0.33332160273777267,0.0,15639.0,29550.0,0.4313810975062504,0.7000000000000001,0.18181818181818182,0.09359896869219897,0.33333333333333326,0.0,0.42577273545097255,0.7000000000000001,0.18181818181818182,0.07395185221043075,0.30769230769230765,0.0,0.0,0.0,136.16027173027396,0.0,results/paper_aaai2027/frozen/results/final_mcs_experiments_er_sf_sparse_alpha001_noweight_50rep/wc_sweep_sf8_2026_sparse_alpha001_noweight_seed2026_2075_20260715_180034/summary.json,,,,,,15639.0,29550.0,,retained CI facts
sf8,SF (8),ABA-PC,50,50.0,2075.0,5.473684210526316,0.6944392344497607,4.982646420824295,0.6924345131369299,5.473684210526316,0.0,11.0,0.6944392344497607,1.0,0.4211,4.982646420824295,0.0,11.0,0.6924345131369299,1.0,0.42101828230352595,209.0,461.0,0.7238911365436687,1.0,0.4210526315789474,0.6924353438144295,1.0,0.4210526315789474,0.7081298447356782,1.0,0.4210526315789474,0.6913573784316818,1.0,0.4705882352941177,1.0,1.0,9.021746566984802,0.0,results/paper_aaai2027/frozen/results/final_mcs_experiments_er_sf_sparse_alpha001_noweight_50rep/wc_sweep_sf8_2026_sparse_alpha001_noweight_seed2026_2075_20260715_180034/summary.json,,,,,,209.0,461.0,,retained CI facts
sf8,SF (8),OptABA-PC,1,1.0,2026.0,6.844413793103448,0.6991485379310345,7.677677419354839,0.5690378971032196,6.844413793103448,2.0,12.0,0.6991485379310345,0.9333,0.56,7.677677419354839,2.0,13.0,0.5690378971032196,0.875014062324221,0.40002527970970675,7250.0,42625.0,0.6876823087445498,0.9333333333333333,0.56,0.5690451060540404,0.8750000000000001,0.4,0.6991431145314856,0.9333333333333333,0.56,0.711745769612995,1.0,0.5,0.0,0.0,195.02323823561892,0.0,results/paper_aaai2027/frozen/results/final_mcs_experiments_er_sf_sparse_alpha001_noweight_50rep/wc_sweep_sf8_2026_sparse_alpha001_noweight_seed2026_2075_20260715_180034/summary.json,,,,,,7250.0,42625.0,,retained CI facts
sf8,SF (8),OptABA-PC,2,2.0,2027.0,11.25925925925926,0.5815518518518518,11.584795321637428,0.1266434877918328,11.25925925925926,8.0,15.0,0.5815518518518518,0.6667,0.5,11.584795321637428,8.0,15.0,0.1266434877918328,0.2666604442785141,0.0,108.0,513.0,0.566902603180734,0.6666666666666666,0.5,0.12664429678714617,0.26666666666666666,0.0,0.581552032768923,0.6666666666666666,0.5,0.16939973606640274,0.4,0.0,0.0,0.0,303.2458846489899,0.0,results/paper_aaai2027/frozen/results/final_mcs_experiments_er_sf_sparse_alpha001_noweight_50rep/wc_sweep_sf8_2026_sparse_alpha001_noweight_seed2026_2075_20260715_180034/summary.json,,,,,,108.0,513.0,,retained CI facts
sf8,SF (8),OptABA-PC,3,3.0,2028.0,1.5,0.74175,2.6666666666666665,0.7325903350157771,1.5,1.0,2.0,0.74175,0.7692,0.7143,2.6666666666666665,1.0,4.0,0.7325903350157771,0.9230520704323946,0.5714,2.0,12.0,0.8791208791208791,0.923076923076923,0.8571428571428571,0.7326007326007326,0.923076923076923,0.5714285714285714,0.8901098901098901,0.923076923076923,0.8571428571428571,0.888888888888889,0.888888888888889,0.888888888888889,0.0,0.0,6.535531227942556,0.0,results/paper_aaai2027/frozen/results/final_mcs_experiments_er_sf_sparse_alpha001_noweight_50rep/wc_sweep_sf8_2026_sparse_alpha001_noweight_seed2026_2075_20260715_180034/summary.json,,,,,,2.0,12.0,,retained CI facts
sf8,SF (8),OptABA-PC,4,4.0,2029.0,6.0,0.6009333333333333,5.666666666666667,0.6009578722461282,6.0,5.0,7.0,0.6009333333333333,0.625,0.5556,5.666666666666667,5.0,7.0,0.6009578722461282,0.6250335931963147,0.5555259240246407,9.0,9.0,0.7211328976034859,0.75,0.6666666666666665,0.6009440813362382,0.6250000000000001,0.5555555555555556,0.7211328976034859,0.75,0.6666666666666665,0.5237161531279179,0.5714285714285715,0.4705882352941177,0.0,0.0,302.1557027762756,0.0,results/paper_aaai2027/frozen/results/final_mcs_experiments_er_sf_sparse_alpha001_noweight_50rep/wc_sweep_sf8_2026_sparse_alpha001_noweight_seed2026_2075_20260715_180034/summary.json,,,,,,9.0,9.0,,retained CI facts
sf8,SF (8),OptABA-PC,5,5.0,2030.0,5.405405405405405,0.6120962162162161,5.712707182320442,0.6010830204664938,5.405405405405405,2.0,8.0,0.6120962162162161,0.7692,0.5263,5.712707182320442,2.0,8.0,0.6010830204664938,0.7692248513827863,0.5263462599469497,185.0,543.0,0.7212906143511825,0.923076923076923,0.631578947368421,0.6010755119593187,0.7692307692307692,0.5263157894736842,0.7345175584184872,0.923076923076923,0.631578947368421,0.7436293436293435,0.8333333333333333,0.6250000000000001,0.0,0.0,5.28639539796859,0.0,results/paper_aaai2027/frozen/results/final_mcs_experiments_er_sf_sparse_alpha001_noweight_50rep/wc_sweep_sf8_2026_sparse_alpha001_noweight_seed2026_2075_20260715_180034/summary.json,,,,,,185.0,543.0,,retained CI facts
sf8,SF (8),OptABA-PC,6,6.0,2031.0,3.0,0.5714,4.0,0.5714250000000001,3.0,3.0,3.0,0.5714,0.5714,0.5714,4.0,3.0,5.0,0.5714250000000001,0.7143,0.4286,1.0,4.0,0.8571428571428571,0.8571428571428571,0.8571428571428571,0.5714285714285714,0.7142857142857143,0.42857142857142855,0.8571428571428571,0.8571428571428571,0.8571428571428571,0.6,0.6,0.6,0.0,0.0,2.6933888299390674,0.0,results/paper_aaai2027/frozen/results/final_mcs_experiments_er_sf_sparse_alpha001_noweight_50rep/wc_sweep_sf8_2026_sparse_alpha001_noweight_seed2026_2075_20260715_180034/summary.json,,,,,,1.0,4.0,,retained CI facts
sf8,SF (8),OptABA-PC,7,7.0,2032.0,2.5,0.64585,3.0,0.7240801648337082,2.5,2.0,3.0,0.64585,0.6667,0.625,3.0,2.0,4.0,0.7240801648337082,0.7999813328355423,0.6250335931963147,2.0,9.0,0.8944444444444445,0.9333333333333333,0.8750000000000001,0.7240740740740741,0.7999999999999999,0.6250000000000001,0.9041666666666668,0.9333333333333333,0.8750000000000001,0.9090909090909091,0.9090909090909091,0.9090909090909091,0.0,0.0,72.74018148193136,0.0,results/paper_aaai2027/frozen/results/final_mcs_experiments_er_sf_sparse_alpha001_noweight_50rep/wc_sweep_sf8_2026_sparse_alpha001_noweight_seed2026_2075_20260715_180034/summary.json,,,,,,2.0,9.0,,retained CI facts
sf8,SF (8),OptABA-PC,8,8.0,2033.0,2.5,0.80125,3.1666666666666665,0.7115340790066579,2.5,2.0,3.0,0.80125,0.8333,0.7692,3.1666666666666665,2.0,4.0,0.7115340790066579,0.8333430554745377,0.6153822469913577,2.0,6.0,0.7905982905982905,0.8333333333333333,0.7692307692307692,0.7115384615384616,0.8333333333333333,0.6153846153846153,0.8012820512820512,0.8333333333333333,0.7692307692307692,0.8,0.8,0.8,0.0,0.0,7.455330274067819,0.0,results/paper_aaai2027/frozen/results/final_mcs_experiments_er_sf_sparse_alpha001_noweight_50rep/wc_sweep_sf8_2026_sparse_alpha001_noweight_seed2026_2075_20260715_180034/summary.json,,,,,,2.0,6.0,,retained CI facts
sf8,SF (8),OptABA-PC,9,9.0,2034.0,6.405405405405405,0.48967135135135137,7.212707182320442,0.5409592632068444,6.405405405405405,3.0,9.0,0.48967135135135137,0.6154,0.4211,7.212707182320442,3.0,10.0,0.5409592632068444,0.7692248513827863,0.42101828230352595,185.0,1086.0,0.6010755119593187,0.7692307692307692,0.5263157894736842,0.5409679607633869,0.7692307692307692,0.4210526315789474,0.6120979653487393,0.7692307692307692,0.5263157894736842,0.643153603153603,0.7272727272727272,0.5333333333333333,0.0,0.0,5.1778513342142105,0.0,results/paper_aaai2027/frozen/results/final_mcs_experiments_er_sf_sparse_alpha001_noweight_50rep/wc_sweep_sf8_2026_sparse_alpha001_noweight_seed2026_2075_20260715_180034/summary.json,,,,,,185.0,1086.0,,retained CI facts
sf8,SF (8),OptABA-PC,10,10.0,2035.0,7.636363636363637,0.48193636363636366,7.92,0.47385923676450425,7.636363636363637,6.0,9.0,0.48193636363636366,0.5333,0.4444,7.92,6.0,9.0,0.47385923676450425,0.5333208885570282,0.44440864171122996,11.0,50.0,0.5923529411764705,0.6666666666666666,0.5555555555555556,0.4738823529411765,0.5333333333333333,0.4444444444444444,0.6024212715389186,0.6666666666666666,0.5555555555555556,0.551948051948052,0.5714285714285714,0.5,0.0,0.0,302.7856329176575,0.0,results/paper_aaai2027/frozen/results/final_mcs_experiments_er_sf_sparse_alpha001_noweight_50rep/wc_sweep_sf8_2026_sparse_alpha001_noweight_seed2026_2075_20260715_180034/summary.json,,,,,,11.0,50.0,,retained CI facts
sf8,SF (8),OptABA-PC,11,11.0,2036.0,4.0,0.6667,5.0,0.5333317774846417,4.0,4.0,4.0,0.6667,0.6667,0.6667,5.0,4.0,6.0,0.5333317774846417,0.6666728888225192,0.40001244400199104,1.0,4.0,0.7999999999999999,0.7999999999999999,0.7999999999999999,0.5333333333333333,0.6666666666666666,0.39999999999999997,0.7999999999999999,0.7999999999999999,0.7999999999999999,0.5454545454545454,0.5454545454545454,0.5454545454545454,0.0,0.0,25.07417083112523,0.0,results/paper_aaai2027/frozen/results/final_mcs_experiments_er_sf_sparse_alpha001_noweight_50rep/wc_sweep_sf8_2026_sparse_alpha001_noweight_seed2026_2075_20260715_180034/summary.json,,,,,,1.0,4.0,,retained CI facts
sf8,SF (8),OptABA-PC,12,12.0,2037.0,3.6363636363636362,0.6411454545454546,4.92,0.6297494156173026,3.6363636363636362,2.0,5.0,0.6411454545454546,0.7143,0.5882,4.92,2.0,7.0,0.6297494156173026,0.8571000000000001,0.47057854642783614,11.0,100.0,0.7556974789915967,0.8571428571428571,0.7058823529411764,0.6297478991596639,0.8571428571428571,0.47058823529411764,0.7693659281894576,0.8571428571428571,0.7058823529411764,0.7636363636363637,0.8000000000000002,0.6666666666666666,0.0,0.0,3.2329981890507042,0.0,results/paper_aaai2027/frozen/results/final_mcs_experiments_er_sf_sparse_alpha001_noweight_50rep/wc_sweep_sf8_2026_sparse_alpha001_noweight_seed2026_2075_20260715_180034/summary.json,,,,,,11.0,100.0,,retained CI facts
sf8,SF (8),OptABA-PC,13,13.0,2038.0,3.6363636363636362,0.7357636363636364,3.92,0.7208131798682548,3.6363636363636362,2.0,5.0,0.7357636363636364,0.8333,0.6667,3.92,2.0,5.0,0.7208131798682548,0.8333430554745377,0.6666728888225192,11.0,25.0,0.7208058608058607,0.8333333333333333,0.6666666666666666,0.7208058608058607,0.8333333333333333,0.6666666666666666,0.7357642357642358,0.8333333333333333,0.6666666666666666,0.9545454545454546,1.0,0.8333333333333333,0.0,0.0,29.157048805151135,0.0,results/paper_aaai2027/frozen/results/final_mcs_experiments_er_sf_sparse_alpha001_noweight_50rep/wc_sweep_sf8_2026_sparse_alpha001_noweight_seed2026_2075_20260715_180034/summary.json,,,,,,11.0,25.0,,retained CI facts
sf8,SF (8),OptABA-PC,14,14.0,2039.0,5.5,0.64585,5.714285714285714,0.5238059474246979,5.5,4.0,7.0,0.64585,0.6667,0.625,5.714285714285714,4.0,7.0,0.5238059474246979,0.6666728888225192,0.3749898411865074,2.0,21.0,0.7571428571428571,0.7999999999999999,0.75,0.5238095238095238,0.6666666666666666,0.375,0.7749999999999999,0.7999999999999999,0.75,0.7878787878787878,0.9090909090909091,0.6666666666666665,0.0,0.0,302.09862246504053,0.0,results/paper_aaai2027/frozen/results/final_mcs_experiments_er_sf_sparse_alpha001_noweight_50rep/wc_sweep_sf8_2026_sparse_alpha001_noweight_seed2026_2075_20260715_180034/summary.json,,,,,,2.0,21.0,,retained CI facts
sf8,SF (8),OptABA-PC,15,15.0,2040.0,4.5,0.64585,4.666666666666667,0.6389133584050496,4.5,4.0,5.0,0.64585,0.6667,0.625,4.666666666666667,4.0,5.0,0.6389133584050496,0.6666728888225192,0.6250335931963147,2.0,6.0,0.7666666666666666,0.7999999999999999,0.75,0.638888888888889,0.6666666666666666,0.6250000000000001,0.7749999999999999,0.7999999999999999,0.75,0.7142857142857143,0.7142857142857143,0.7142857142857143,0.0,0.0,27.866127497982234,0.0,results/paper_aaai2027/frozen/results/final_mcs_experiments_er_sf_sparse_alpha001_noweight_50rep/wc_sweep_sf8_2026_sparse_alpha001_noweight_seed2026_2075_20260715_180034/summary.json,,,,,,2.0,6.0,,retained CI facts
sf8,SF (8),OptABA-PC,16,16.0,2041.0,6.5,0.6066,6.666666666666667,0.4803867917104552,6.5,6.0,7.0,0.6066,0.625,0.5882,6.666666666666667,5.0,8.0,0.4803867917104552,0.6250335931963147,0.3529508646719737,2.0,12.0,0.7205882352941176,0.75,0.7058823529411764,0.4803921568627451,0.6250000000000001,0.3529411764705882,0.7279411764705882,0.75,0.7058823529411764,0.4615384615384615,0.4615384615384615,0.4615384615384615,0.0,0.0,302.18235961394385,0.0,results/paper_aaai2027/frozen/results/final_mcs_experiments_er_sf_sparse_alpha001_noweight_50rep/wc_sweep_sf8_2026_sparse_alpha001_noweight_seed2026_2075_20260715_180034/summary.json,,,,,,2.0,12.0,,retained CI facts
sf8,SF (8),OptABA-PC,17,17.0,2042.0,3.5,0.80125,3.1666666666666665,0.7115340790066579,3.5,3.0,4.0,0.80125,0.8333,0.7692,3.1666666666666665,2.0,4.0,0.7115340790066579,0.8333430554745377,0.6153822469913577,2.0,6.0,0.7905982905982905,0.8333333333333333,0.7692307692307692,0.7115384615384616,0.8333333333333333,0.6153846153846153,0.8012820512820512,0.8333333333333333,0.7692307692307692,0.8,0.8,0.8,0.0,0.0,22.5454592066817,0.0,results/paper_aaai2027/frozen/results/final_mcs_experiments_er_sf_sparse_alpha001_noweight_50rep/wc_sweep_sf8_2026_sparse_alpha001_noweight_seed2026_2075_20260715_180034/summary.json,,,,,,2.0,6.0,,retained CI facts
sf8,SF (8),OptABA-PC,18,18.0,2043.0,3.0,0.5714,3.5,0.64285,3.0,3.0,3.0,0.5714,0.5714,0.5714,3.5,3.0,4.0,0.64285,0.7143,0.5714,1.0,2.0,0.8571428571428571,0.8571428571428571,0.8571428571428571,0.6428571428571428,0.7142857142857143,0.5714285714285714,0.8571428571428571,0.8571428571428571,0.8571428571428571,0.6666666666666666,0.6666666666666666,0.6666666666666666,0.0,0.0,181.08545145392418,0.0,results/paper_aaai2027/frozen/results/final_mcs_experiments_er_sf_sparse_alpha001_noweight_50rep/wc_sweep_sf8_2026_sparse_alpha001_noweight_seed2026_2075_20260715_180034/summary.json,,,,,,1.0,2.0,,retained CI facts
sf8,SF (8),OptABA-PC,19,19.0,2044.0,2.5,0.775,2.6666666666666665,0.7666635680480377,2.5,2.0,3.0,0.775,0.8,0.75,2.6666666666666665,2.0,3.0,0.7666635680480377,0.7999813328355423,0.7500046856542852,2.0,3.0,0.8944444444444445,0.9333333333333333,0.8750000000000001,0.7666666666666666,0.7999999999999999,0.75,0.9041666666666668,0.9333333333333333,0.8750000000000001,0.8571428571428571,0.8571428571428571,0.8571428571428571,0.0,0.0,40.9371049599722,0.0,results/paper_aaai2027/frozen/results/final_mcs_experiments_er_sf_sparse_alpha001_noweight_50rep/wc_sweep_sf8_2026_sparse_alpha001_noweight_seed2026_2075_20260715_180034/summary.json,,,,,,2.0,3.0,,retained CI facts
sf8,SF (8),OptABA-PC,20,20.0,2045.0,2.0,0.6667,2.5,0.7333271108290307,2.0,2.0,2.0,0.6667,0.6667,0.6667,2.5,2.0,3.0,0.7333271108290307,0.7999813328355423,0.6666728888225192,1.0,2.0,0.9333333333333333,0.9333333333333333,0.9333333333333333,0.7333333333333333,0.7999999999999999,0.6666666666666666,0.9333333333333333,0.9333333333333333,0.9333333333333333,0.8333333333333333,0.8333333333333333,0.8333333333333333,0.0,0.0,11.506048206239939,0.0,results/paper_aaai2027/frozen/results/final_mcs_experiments_er_sf_sparse_alpha001_noweight_50rep/wc_sweep_sf8_2026_sparse_alpha001_noweight_seed2026_2075_20260715_180034/summary.json,,,,,,1.0,2.0,,retained CI facts
sf8,SF (8),OptABA-PC,21,21.0,2046.0,5.7,0.51732,6.865853658536586,0.3474888280480946,5.7,3.0,9.0,0.51732,0.7273,0.2857,6.865853658536586,3.0,10.0,0.3474888280480946,0.7272495863561156,0.0,20.0,164.0,0.6113886113886113,0.7272727272727273,0.5714285714285714,0.3474817865061767,0.7272727272727273,0.0,0.6418581418581418,0.7272727272727273,0.5714285714285714,0.41833333333333333,0.6666666666666666,0.0,0.0,0.0,1.2584904925897717,0.0,results/paper_aaai2027/frozen/results/final_mcs_experiments_er_sf_sparse_alpha001_noweight_50rep/wc_sweep_sf8_2026_sparse_alpha001_noweight_seed2026_2075_20260715_180034/summary.json,,,,,,20.0,164.0,,retained CI facts
sf8,SF (8),OptABA-PC,22,22.0,2047.0,3.6363636363636362,0.7357636363636364,3.92,0.7208131798682548,3.6363636363636362,2.0,5.0,0.7357636363636364,0.8333,0.6667,3.92,2.0,5.0,0.7208131798682548,0.8333430554745377,0.6666728888225192,11.0,25.0,0.7208058608058607,0.8333333333333333,0.6666666666666666,0.7208058608058607,0.8333333333333333,0.6666666666666666,0.7357642357642358,0.8333333333333333,0.6666666666666666,0.9545454545454546,1.0,0.8333333333333333,0.0,0.0,31.180082494858652,0.0,results/paper_aaai2027/frozen/results/final_mcs_experiments_er_sf_sparse_alpha001_noweight_50rep/wc_sweep_sf8_2026_sparse_alpha001_noweight_seed2026_2075_20260715_180034/summary.json,,,,,,11.0,25.0,,retained CI facts
sf8,SF (8),OptABA-PC,23,23.0,2048.0,3.5,0.6952,3.7142857142857144,0.6938643172043113,3.5,2.0,5.0,0.6952,0.8571,0.5333,3.7142857142857144,2.0,5.0,0.6938643172043113,0.8571000000000001,0.5333208885570282,2.0,7.0,0.8081632653061224,0.8571428571428571,0.7999999999999999,0.6938775510204082,0.8571428571428571,0.5333333333333333,0.8285714285714285,0.8571428571428571,0.7999999999999999,0.7619047619047619,0.8571428571428571,0.6666666666666666,0.0,0.0,301.7887137499638,0.0,results/paper_aaai2027/frozen/results/final_mcs_experiments_er_sf_sparse_alpha001_noweight_50rep/wc_sweep_sf8_2026_sparse_alpha001_noweight_seed2026_2075_20260715_180034/summary.json,,,,,,2.0,7.0,,retained CI facts
sf8,SF (8),OptABA-PC,24,24.0,2049.0,5.405405405405405,0.6120962162162161,5.212707182320442,0.6611852860891397,5.405405405405405,2.0,8.0,0.6120962162162161,0.7692,0.5263,5.212707182320442,1.0,8.0,0.6611852860891397,0.9230520704323946,0.5263462599469497,185.0,1086.0,0.7212906143511825,0.923076923076923,0.631578947368421,0.6611830631552507,0.923076923076923,0.5263157894736842,0.7345175584184872,0.923076923076923,0.631578947368421,0.7436293436293435,0.8333333333333333,0.6250000000000001,0.0,0.0,41.28817475307733,0.0,results/paper_aaai2027/frozen/results/final_mcs_experiments_er_sf_sparse_alpha001_noweight_50rep/wc_sweep_sf8_2026_sparse_alpha001_noweight_seed2026_2075_20260715_180034/summary.json,,,,,,185.0,1086.0,,retained CI facts
sf8,SF (8),OptABA-PC,25,25.0,2050.0,2.5,0.74175,2.6666666666666665,0.7326082837942621,2.5,2.0,3.0,0.74175,0.7692,0.7143,2.6666666666666665,2.0,3.0,0.7326082837942621,0.7692248513827863,0.7143,2.0,3.0,0.8791208791208791,0.923076923076923,0.8571428571428571,0.7326007326007327,0.7692307692307692,0.7142857142857143,0.8901098901098901,0.923076923076923,0.8571428571428571,0.9090909090909091,0.9090909090909091,0.9090909090909091,0.0,0.0,302.0094134970568,0.0,results/paper_aaai2027/frozen/results/final_mcs_experiments_er_sf_sparse_alpha001_noweight_50rep/wc_sweep_sf8_2026_sparse_alpha001_noweight_seed2026_2075_20260715_180034/summary.json,,,,,,2.0,3.0,,retained CI facts
sf8,SF (8),OptABA-PC,26,26.0,2051.0,7.5,0.2695125,7.5,0.315333283571525,7.5,6.0,9.0,0.2695125,0.3333,0.1667,7.5,6.0,9.0,0.315333283571525,0.5000194439043361,0.15388520671834624,8.0,20.0,0.4385198135198135,0.5,0.3333333333333333,0.3153263403263403,0.5,0.15384615384615383,0.4364801864801865,0.5,0.3333333333333333,0.19930555555555557,0.4444444444444444,0.0,0.0,0.0,1.7053674818016589,0.0,results/paper_aaai2027/frozen/results/final_mcs_experiments_er_sf_sparse_alpha001_noweight_50rep/wc_sweep_sf8_2026_sparse_alpha001_noweight_seed2026_2075_20260715_180034/summary.json,,,,,,8.0,20.0,,retained CI facts
sf8,SF (8),OptABA-PC,27,27.0,2052.0,4.636363636363637,0.6411454545454546,4.92,0.6297672512559509,4.636363636363637,3.0,6.0,0.6411454545454546,0.7143,0.5882,4.92,3.0,6.0,0.6297672512559509,0.7143,0.5882401383513135,11.0,25.0,0.7556974789915967,0.8571428571428571,0.7058823529411764,0.6297478991596639,0.7142857142857143,0.588235294117647,0.7693659281894576,0.8571428571428571,0.7058823529411764,0.689935064935065,0.7142857142857143,0.6250000000000001,0.0,0.0,302.01005592383444,0.0,results/paper_aaai2027/frozen/results/final_mcs_experiments_er_sf_sparse_alpha001_noweight_50rep/wc_sweep_sf8_2026_sparse_alpha001_noweight_seed2026_2075_20260715_180034/summary.json,,,,,,11.0,25.0,,retained CI facts
sf8,SF (8),OptABA-PC,28,28.0,2053.0,2.5,0.82855,2.1666666666666665,0.7507847405526872,2.5,2.0,3.0,0.82855,0.8571,0.8,2.1666666666666665,1.0,3.0,0.7507847405526872,0.8571000000000001,0.6666728888225192,2.0,6.0,0.9555555555555556,1.0,0.9333333333333333,0.7507936507936508,0.8571428571428571,0.6666666666666666,0.9666666666666667,1.0,0.9333333333333333,0.8,0.8,0.8,0.0,0.0,35.63663007086143,0.0,results/paper_aaai2027/frozen/results/final_mcs_experiments_er_sf_sparse_alpha001_noweight_50rep/wc_sweep_sf8_2026_sparse_alpha001_noweight_seed2026_2075_20260715_180034/summary.json,,,,,,2.0,6.0,,retained CI facts
sf8,SF (8),OptABA-PC,29,29.0,2054.0,6.405405405405405,0.576661081081081,6.712707182320442,0.5668542932229733,6.405405405405405,3.0,9.0,0.576661081081081,0.7143,0.5,6.712707182320442,3.0,9.0,0.5668542932229733,0.7143,0.4999904995904996,185.0,543.0,0.6802242851196889,0.8571428571428571,0.6,0.5668535709330742,0.7142857142857143,0.5,0.6919890744348948,0.8571428571428571,0.6,0.6467559996971762,0.7142857142857143,0.5555555555555556,0.0,0.0,221.88871180592105,0.0,results/paper_aaai2027/frozen/results/final_mcs_experiments_er_sf_sparse_alpha001_noweight_50rep/wc_sweep_sf8_2026_sparse_alpha001_noweight_seed2026_2075_20260715_180034/summary.json,,,,,,185.0,543.0,,retained CI facts
sf8,SF (8),OptABA-PC,30,30.0,2055.0,6.166666666666667,0.5159333333333332,6.314285714285714,0.34655820025540396,6.166666666666667,3.0,9.0,0.5159333333333332,0.7273,0.3077,6.314285714285714,3.0,9.0,0.34655820025540396,0.7272495863561156,0.0,6.0,70.0,0.6437562437562437,0.7272727272727273,0.6153846153846153,0.3465534465534465,0.7272727272727273,0.0,0.6783216783216783,0.7272727272727273,0.6153846153846153,0.3434343434343434,0.7272727272727273,0.0,0.0,0.0,1.1603528056293726,0.0,results/paper_aaai2027/frozen/results/final_mcs_experiments_er_sf_sparse_alpha001_noweight_50rep/wc_sweep_sf8_2026_sparse_alpha001_noweight_seed2026_2075_20260715_180034/summary.json,,,,,,6.0,70.0,,retained CI facts
sf8,SF (8),OptABA-PC,31,31.0,2056.0,4.5,0.4143,5.166666666666667,0.47777777751967304,4.5,4.0,5.0,0.4143,0.4286,0.4,5.166666666666667,4.0,6.0,0.47777777751967304,0.5714,0.40001244400199104,2.0,6.0,0.8190476190476189,0.8571428571428571,0.7999999999999999,0.4777777777777778,0.5714285714285714,0.39999999999999997,0.8285714285714285,0.8571428571428571,0.7999999999999999,0.5454545454545454,0.5454545454545454,0.5454545454545454,0.0,0.0,94.23268609587103,0.0,results/paper_aaai2027/frozen/results/final_mcs_experiments_er_sf_sparse_alpha001_noweight_50rep/wc_sweep_sf8_2026_sparse_alpha001_noweight_seed2026_2075_20260715_180034/summary.json,,,,,,2.0,6.0,,retained CI facts
sf8,SF (8),OptABA-PC,32,32.0,2057.0,7.0,0.4706,6.833333333333333,0.37254982668091857,7.0,7.0,7.0,0.4706,0.4706,0.4706,6.833333333333333,6.0,8.0,0.37254982668091857,0.47057854642783614,0.23528927321391807,1.0,6.0,0.823529411764706,0.8235294117647058,0.8235294117647058,0.37254901960784315,0.47058823529411764,0.23529411764705882,0.8235294117647058,0.8235294117647058,0.8235294117647058,0.3636363636363636,0.3636363636363636,0.3636363636363636,0.0,0.0,302.07706091785803,0.0,results/paper_aaai2027/frozen/results/final_mcs_experiments_er_sf_sparse_alpha001_noweight_50rep/wc_sweep_sf8_2026_sparse_alpha001_noweight_seed2026_2075_20260715_180034/summary.json,,,,,,1.0,6.0,,retained CI facts
sf8,SF (8),OptABA-PC,33,33.0,2058.0,4.5,0.5933999999999999,4.666666666666667,0.5860607489971192,4.5,4.0,5.0,0.5933999999999999,0.6154,0.5714,4.666666666666667,4.0,5.0,0.5860607489971192,0.6153822469913577,0.5714,2.0,3.0,0.7326007326007327,0.7692307692307692,0.7142857142857143,0.5860805860805861,0.6153846153846153,0.5714285714285714,0.7417582417582418,0.7692307692307692,0.7142857142857143,0.8,0.8,0.8,0.0,0.0,57.884469780139625,0.0,results/paper_aaai2027/frozen/results/final_mcs_experiments_er_sf_sparse_alpha001_noweight_50rep/wc_sweep_sf8_2026_sparse_alpha001_noweight_seed2026_2075_20260715_180034/summary.json,,,,,,2.0,3.0,,retained CI facts
sf8,SF (8),OptABA-PC,34,34.0,2059.0,5.0,0.5455,5.0,0.5454776853894452,5.0,5.0,5.0,0.5455,0.5455,0.5455,5.0,5.0,5.0,0.5454776853894452,0.5454776853894452,0.5454776853894452,1.0,1.0,0.5454545454545454,0.5454545454545454,0.5454545454545454,0.5454545454545454,0.5454545454545454,0.5454545454545454,0.5454545454545454,0.5454545454545454,0.5454545454545454,0.4,0.4,0.4,0.0,0.0,0.951119455974549,0.0,results/paper_aaai2027/frozen/results/final_mcs_experiments_er_sf_sparse_alpha001_noweight_50rep/wc_sweep_sf8_2026_sparse_alpha001_noweight_seed2026_2075_20260715_180034/summary.json,,,,,,1.0,1.0,,retained CI facts
sf8,SF (8),OptABA-PC,35,35.0,2060.0,2.6363636363636362,0.8222181818181817,3.42,0.7394151450963103,2.6363636363636362,1.0,4.0,0.8222181818181817,0.9231,0.75,3.42,1.0,5.0,0.7394151450963103,0.9230520704323946,0.6250335931963147,11.0,50.0,0.8066373626373625,0.923076923076923,0.75,0.7394175824175824,0.923076923076923,0.6250000000000001,0.8222277722277721,0.923076923076923,0.75,0.9545454545454546,1.0,0.8333333333333333,0.0,0.0,87.91589871887118,0.0,results/paper_aaai2027/frozen/results/final_mcs_experiments_er_sf_sparse_alpha001_noweight_50rep/wc_sweep_sf8_2026_sparse_alpha001_noweight_seed2026_2075_20260715_180034/summary.json,,,,,,11.0,50.0,,retained CI facts
sf8,SF (8),OptABA-PC,36,36.0,2061.0,1.6363636363636365,0.7693636363636365,2.92,0.7557002878530806,1.6363636363636365,0.0,3.0,0.7693636363636365,0.8571,0.7059,2.92,0.0,5.0,0.7557002878530806,1.0,0.5882401383513135,11.0,100.0,0.8816470588235295,1.0,0.8235294117647058,0.7556974789915967,1.0,0.588235294117647,0.8975935828877006,1.0,0.8235294117647058,0.9545454545454546,1.0,0.8333333333333333,1.0,1.0,302.4801734299399,0.0,results/paper_aaai2027/frozen/results/final_mcs_experiments_er_sf_sparse_alpha001_noweight_50rep/wc_sweep_sf8_2026_sparse_alpha001_noweight_seed2026_2075_20260715_180034/summary.json,,,,,,11.0,100.0,,retained CI facts
sf8,SF (8),OptABA-PC,37,37.0,2062.0,3.0,0.6667,3.0,0.6666472218171212,3.0,3.0,3.0,0.6667,0.6667,0.6667,3.0,3.0,3.0,0.6666472218171212,0.6666472218171212,0.6666472218171212,1.0,1.0,0.8333333333333333,0.8333333333333333,0.8333333333333333,0.6666666666666666,0.6666666666666666,0.6666666666666666,0.8333333333333333,0.8333333333333333,0.8333333333333333,0.888888888888889,0.888888888888889,0.888888888888889,0.0,0.0,226.52918100683019,0.0,results/paper_aaai2027/frozen/results/final_mcs_experiments_er_sf_sparse_alpha001_noweight_50rep/wc_sweep_sf8_2026_sparse_alpha001_noweight_seed2026_2075_20260715_180034/summary.json,,,,,,1.0,1.0,,retained CI facts
sf8,SF (8),OptABA-PC,38,38.0,2063.0,1.5,0.74175,2.1666666666666665,0.8058461536358635,1.5,1.0,2.0,0.74175,0.7692,0.7143,2.1666666666666665,1.0,3.0,0.8058461536358635,0.9230520704323946,0.7143,2.0,6.0,0.8791208791208791,0.923076923076923,0.8571428571428571,0.8058608058608058,0.923076923076923,0.7142857142857143,0.8901098901098901,0.923076923076923,0.8571428571428571,1.0,1.0,1.0,0.0,0.0,302.062609822955,0.0,results/paper_aaai2027/frozen/results/final_mcs_experiments_er_sf_sparse_alpha001_noweight_50rep/wc_sweep_sf8_2026_sparse_alpha001_noweight_seed2026_2075_20260715_180034/summary.json,,,,,,2.0,6.0,,retained CI facts
sf8,SF (8),OptABA-PC,39,39.0,2064.0,5.0,0.4615,4.5,0.538468638033693,5.0,5.0,5.0,0.4615,0.4615,0.4615,4.5,4.0,5.0,0.538468638033693,0.6153822469913577,0.4615550290760284,1.0,2.0,0.7692307692307692,0.7692307692307692,0.7692307692307692,0.5384615384615384,0.6153846153846153,0.4615384615384615,0.7692307692307692,0.7692307692307692,0.7692307692307692,0.4000000000000001,0.4000000000000001,0.4000000000000001,0.0,0.0,1.456361603923142,0.0,results/paper_aaai2027/frozen/results/final_mcs_experiments_er_sf_sparse_alpha001_noweight_50rep/wc_sweep_sf8_2026_sparse_alpha001_noweight_seed2026_2075_20260715_180034/summary.json,,,,,,1.0,2.0,,retained CI facts
sf8,SF (8),OptABA-PC,40,40.0,2065.0,4.405405405405405,0.6120962162162161,5.212707182320442,0.6611852860891397,4.405405405405405,1.0,7.0,0.6120962162162161,0.7692,0.5263,5.212707182320442,1.0,8.0,0.6611852860891397,0.9230520704323946,0.5263462599469497,185.0,1086.0,0.7212906143511825,0.923076923076923,0.631578947368421,0.6611830631552507,0.923076923076923,0.5263157894736842,0.7345175584184872,0.923076923076923,0.631578947368421,0.8039420039420039,0.9090909090909091,0.6666666666666667,0.0,0.0,35.444363811053336,0.0,results/paper_aaai2027/frozen/results/final_mcs_experiments_er_sf_sparse_alpha001_noweight_50rep/wc_sweep_sf8_2026_sparse_alpha001_noweight_seed2026_2075_20260715_180034/summary.json,,,,,,185.0,1086.0,,retained CI facts
sf8,SF (8),OptABA-PC,41,41.0,2066.0,0.5,0.6905,1.6666666666666667,0.8190364813044896,0.5,0.0,1.0,0.6905,0.7143,0.6667,1.6666666666666667,0.0,3.0,0.8190364813044896,1.0,0.6666728888225192,2.0,12.0,0.9555555555555556,1.0,0.9333333333333333,0.8190476190476189,1.0,0.6666666666666666,0.9666666666666667,1.0,0.9333333333333333,1.0,1.0,1.0,1.0,1.0,3.8798646377399564,0.0,results/paper_aaai2027/frozen/results/final_mcs_experiments_er_sf_sparse_alpha001_noweight_50rep/wc_sweep_sf8_2026_sparse_alpha001_noweight_seed2026_2075_20260715_180034/summary.json,,,,,,2.0,12.0,,retained CI facts
sf8,SF (8),OptABA-PC,42,42.0,2067.0,2.5,0.6905,2.1666666666666665,0.7507847405526872,2.5,2.0,3.0,0.6905,0.7143,0.6667,2.1666666666666665,1.0,3.0,0.7507847405526872,0.8571000000000001,0.6666728888225192,2.0,6.0,0.9555555555555556,1.0,0.9333333333333333,0.7507936507936508,0.8571428571428571,0.6666666666666666,0.9666666666666667,1.0,0.9333333333333333,0.8,0.8,0.8,0.0,0.0,4.403796172235161,0.0,results/paper_aaai2027/frozen/results/final_mcs_experiments_er_sf_sparse_alpha001_noweight_50rep/wc_sweep_sf8_2026_sparse_alpha001_noweight_seed2026_2075_20260715_180034/summary.json,,,,,,2.0,6.0,,retained CI facts
sf8,SF (8),OptABA-PC,43,43.0,2068.0,5.0,0.6154,4.5,0.538468638033693,5.0,5.0,5.0,0.6154,0.6154,0.6154,4.5,4.0,5.0,0.538468638033693,0.6153822469913577,0.4615550290760284,1.0,2.0,0.7692307692307692,0.7692307692307692,0.7692307692307692,0.5384615384615384,0.6153846153846153,0.4615384615384615,0.7692307692307692,0.7692307692307692,0.7692307692307692,0.4444444444444445,0.4444444444444445,0.4444444444444445,0.0,0.0,5.902629075106233,0.0,results/paper_aaai2027/frozen/results/final_mcs_experiments_er_sf_sparse_alpha001_noweight_50rep/wc_sweep_sf8_2026_sparse_alpha001_noweight_seed2026_2075_20260715_180034/summary.json,,,,,,1.0,2.0,,retained CI facts
sf8,SF (8),OptABA-PC,44,44.0,2069.0,2.0,0.8571,2.5,0.7857000000000001,2.0,2.0,2.0,0.8571,0.8571,0.8571,2.5,2.0,3.0,0.7857000000000001,0.8571000000000001,0.7143,1.0,2.0,0.8571428571428571,0.8571428571428571,0.8571428571428571,0.7857142857142857,0.8571428571428571,0.7142857142857143,0.8571428571428571,0.8571428571428571,0.8571428571428571,0.8000000000000002,0.8000000000000002,0.8000000000000002,0.0,0.0,1.2088878261856735,0.0,results/paper_aaai2027/frozen/results/final_mcs_experiments_er_sf_sparse_alpha001_noweight_50rep/wc_sweep_sf8_2026_sparse_alpha001_noweight_seed2026_2075_20260715_180034/summary.json,,,,,,1.0,2.0,,retained CI facts
sf8,SF (8),OptABA-PC,45,45.0,2070.0,5.636363636363637,0.5481272727272727,5.92,0.5377359413131945,5.636363636363637,4.0,7.0,0.5481272727272727,0.6154,0.5,5.92,4.0,7.0,0.5377359413131945,0.6153822469913577,0.49996093719236073,11.0,25.0,0.6721978021978022,0.7692307692307692,0.6250000000000001,0.5377582417582417,0.6153846153846153,0.5,0.6851898101898102,0.7692307692307692,0.6250000000000001,0.5930069930069929,0.6153846153846153,0.5333333333333333,0.0,0.0,26.71429189387709,0.0,results/paper_aaai2027/frozen/results/final_mcs_experiments_er_sf_sparse_alpha001_noweight_50rep/wc_sweep_sf8_2026_sparse_alpha001_noweight_seed2026_2075_20260715_180034/summary.json,,,,,,11.0,25.0,,retained CI facts
sf8,SF (8),OptABA-PC,46,46.0,2071.0,4.0,0.7273,4.5,0.4545512392837515,4.0,4.0,4.0,0.7273,0.7273,0.7273,4.5,4.0,5.0,0.4545512392837515,0.5454776853894452,0.3636247931780578,1.0,2.0,0.7272727272727273,0.7272727272727273,0.7272727272727273,0.45454545454545453,0.5454545454545454,0.36363636363636365,0.7272727272727273,0.7272727272727273,0.7272727272727273,0.5,0.5,0.5,0.0,0.0,19.267972245812416,0.0,results/paper_aaai2027/frozen/results/final_mcs_experiments_er_sf_sparse_alpha001_noweight_50rep/wc_sweep_sf8_2026_sparse_alpha001_noweight_seed2026_2075_20260715_180034/summary.json,,,,,,1.0,2.0,,retained CI facts
sf8,SF (8),OptABA-PC,47,47.0,2072.0,7.0,0.2667,7.0,0.4000015552098811,7.0,7.0,7.0,0.2667,0.2667,0.2667,7.0,6.0,8.0,0.4000015552098811,0.5333208885570282,0.2666604442785141,1.0,4.0,0.6666666666666666,0.6666666666666666,0.6666666666666666,0.39999999999999997,0.5333333333333333,0.26666666666666666,0.6666666666666666,0.6666666666666666,0.6666666666666666,0.3636363636363636,0.3636363636363636,0.3636363636363636,0.0,0.0,2.013528899755329,0.0,results/paper_aaai2027/frozen/results/final_mcs_experiments_er_sf_sparse_alpha001_noweight_50rep/wc_sweep_sf8_2026_sparse_alpha001_noweight_seed2026_2075_20260715_180034/summary.json,,,,,,1.0,4.0,,retained CI facts
sf8,SF (8),OptABA-PC,48,48.0,2073.0,5.0,0.572875,3.6666666666666665,0.6368078877611033,5.0,4.0,6.0,0.572875,0.6154,0.5333,3.6666666666666665,2.0,5.0,0.6368078877611033,0.7692248513827863,0.5333208885570282,4.0,12.0,0.8490842490842491,0.923076923076923,0.7999999999999999,0.6368131868131868,0.7692307692307692,0.5333333333333333,0.8593406593406593,0.923076923076923,0.7999999999999999,0.5227272727272727,0.5454545454545454,0.5,0.0,0.0,1.8852883069775999,0.0,results/paper_aaai2027/frozen/results/final_mcs_experiments_er_sf_sparse_alpha001_noweight_50rep/wc_sweep_sf8_2026_sparse_alpha001_noweight_seed2026_2075_20260715_180034/summary.json,,,,,,4.0,12.0,,retained CI facts
sf8,SF (8),OptABA-PC,49,49.0,2074.0,6.886363636363637,0.5051909090909091,7.32,0.46323467182054723,6.886363636363637,5.0,9.0,0.5051909090909091,0.6667,0.4211,7.32,5.0,9.0,0.46323467182054723,0.5333208885570282,0.42101828230352595,44.0,125.0,0.6948904024767801,0.7999999999999999,0.631578947368421,0.46326026831785344,0.5333333333333333,0.4210526315789474,0.7126160990712074,0.7999999999999999,0.631578947368421,0.5546140134375428,0.6153846153846153,0.47058823529411764,0.0,0.0,85.01431980496272,0.0,results/paper_aaai2027/frozen/results/final_mcs_experiments_er_sf_sparse_alpha001_noweight_50rep/wc_sweep_sf8_2026_sparse_alpha001_noweight_seed2026_2075_20260715_180034/summary.json,,,,,,44.0,125.0,,retained CI facts
sf8,SF (8),OptABA-PC,50,50.0,2075.0,3.6363636363636362,0.7693636363636365,4.42,0.6927286484822796,3.6363636363636362,2.0,5.0,0.7693636363636365,0.8571,0.7059,4.42,2.0,6.0,0.6927286484822796,0.8571000000000001,0.5882401383513135,11.0,50.0,0.7556974789915967,0.8571428571428571,0.7058823529411764,0.6927226890756303,0.8571428571428571,0.588235294117647,0.7693659281894576,0.8571428571428571,0.7058823529411764,0.800865800865801,0.8333333333333334,0.7142857142857143,0.0,0.0,4.818800650071353,0.0,results/paper_aaai2027/frozen/results/final_mcs_experiments_er_sf_sparse_alpha001_noweight_50rep/wc_sweep_sf8_2026_sparse_alpha001_noweight_seed2026_2075_20260715_180034/summary.json,,,,,,11.0,50.0,,retained CI facts
sf8,SF (8),MPC,1,,2026.0,0.0,1.0,1.0,0.9231,0.0,0.0,0.0,1.0,1.0,1.0,0.5,0.0,1.0,0.92855,1.0,0.8571,0.0,0.0,,,,,,,,,,,,,,1.0,0.0491316318511962,,paper_er_sf_sparse_alpha001_noweight_50rep_mpc_fgs,results/paper_aaai2027/frozen/results/estimated_graphs/paper_er_sf_sparse_alpha001_noweight_50rep_mpc_fgs/sf8/MPC/run_0000_seed_2026.npz,,paper_er_sf_sparse_alpha001_noweight_50rep_mpc_fgs,1.0,,1.0,2.0,,full recorded matched G2 CI trace
sf8,SF (8),MPC,2,,2027.0,2.0,0.7692,2.0,0.7692,2.0,2.0,2.0,0.7692,0.7692,0.7692,2.0,2.0,2.0,0.7692,0.7692,0.7692,0.0,0.0,,,,,,,,,,,,,,0.0,0.0283353328704834,,paper_er_sf_sparse_alpha001_noweight_50rep_mpc_fgs,results/paper_aaai2027/frozen/results/estimated_graphs/paper_er_sf_sparse_alpha001_noweight_50rep_mpc_fgs/sf8/MPC/run_0001_seed_2027.npz,,paper_er_sf_sparse_alpha001_noweight_50rep_mpc_fgs,1.0,,1.0,1.0,,full recorded matched G2 CI trace
sf8,SF (8),MPC,3,,2028.0,1.0,0.7692,3.0,0.7273,1.0,1.0,1.0,0.7692,0.7692,0.7692,2.0,1.0,3.0,0.769225,0.9231,0.6154,0.0,0.0,,,,,,,,,,,,,,0.0,0.0182418823242187,,paper_er_sf_sparse_alpha001_noweight_50rep_mpc_fgs,results/paper_aaai2027/frozen/results/estimated_graphs/paper_er_sf_sparse_alpha001_noweight_50rep_mpc_fgs/sf8/MPC/run_0002_seed_2028.npz,,paper_er_sf_sparse_alpha001_noweight_50rep_mpc_fgs,1.0,,1.0,4.0,,full recorded matched G2 CI trace
sf8,SF (8),MPC,4,,2029.0,1.0,0.8571,1.0,0.8571,1.0,1.0,1.0,0.8571,0.8571,0.8571,1.0,1.0,1.0,0.8571,0.8571,0.8571,0.0,0.0,,,,,,,,,,,,,,0.0,0.0209827423095703,,paper_er_sf_sparse_alpha001_noweight_50rep_mpc_fgs,results/paper_aaai2027/frozen/results/estimated_graphs/paper_er_sf_sparse_alpha001_noweight_50rep_mpc_fgs/sf8/MPC/run_0003_seed_2029.npz,,paper_er_sf_sparse_alpha001_noweight_50rep_mpc_fgs,1.0,,1.0,1.0,,full recorded matched G2 CI trace
sf8,SF (8),MPC,5,,2030.0,3.0,0.6667,3.0,0.6667,3.0,3.0,3.0,0.6667,0.6667,0.6667,3.0,3.0,3.0,0.6667,0.6667,0.6667,0.0,0.0,,,,,,,,,,,,,,0.0,0.019698143005371,,paper_er_sf_sparse_alpha001_noweight_50rep_mpc_fgs,results/paper_aaai2027/frozen/results/estimated_graphs/paper_er_sf_sparse_alpha001_noweight_50rep_mpc_fgs/sf8/MPC/run_0004_seed_2030.npz,,paper_er_sf_sparse_alpha001_noweight_50rep_mpc_fgs,1.0,,1.0,1.0,,full recorded matched G2 CI trace
sf8,SF (8),MPC,6,,2031.0,0.0,0.8571,2.0,0.8333,0.0,0.0,0.0,0.8571,0.8571,0.8571,1.0,0.0,2.0,0.857125,1.0,0.7143,0.0,0.0,,,,,,,,,,,,,,1.0,0.0182702541351318,,paper_er_sf_sparse_alpha001_noweight_50rep_mpc_fgs,results/paper_aaai2027/frozen/results/estimated_graphs/paper_er_sf_sparse_alpha001_noweight_50rep_mpc_fgs/sf8/MPC/run_0005_seed_2031.npz,,paper_er_sf_sparse_alpha001_noweight_50rep_mpc_fgs,1.0,,1.0,4.0,,full recorded matched G2 CI trace
sf8,SF (8),MPC,7,,2032.0,1.0,0.7143,2.0,0.7692,1.0,1.0,1.0,0.7143,0.7143,0.7143,1.5,1.0,2.0,0.7857000000000001,0.8571,0.7143,0.0,0.0,,,,,,,,,,,,,,0.0,0.0266745090484619,,paper_er_sf_sparse_alpha001_noweight_50rep_mpc_fgs,results/paper_aaai2027/frozen/results/estimated_graphs/paper_er_sf_sparse_alpha001_noweight_50rep_mpc_fgs/sf8/MPC/run_0006_seed_2032.npz,,paper_er_sf_sparse_alpha001_noweight_50rep_mpc_fgs,1.0,,1.0,2.0,,full recorded matched G2 CI trace
sf8,SF (8),MPC,8,,2033.0,2.0,0.9231,3.0,0.7273,2.0,2.0,2.0,0.9231,0.9231,0.9231,2.0,1.0,3.0,0.769225,0.9231,0.6154,0.0,0.0,,,,,,,,,,,,,,0.0,0.0180819034576416,,paper_er_sf_sparse_alpha001_noweight_50rep_mpc_fgs,results/paper_aaai2027/frozen/results/estimated_graphs/paper_er_sf_sparse_alpha001_noweight_50rep_mpc_fgs/sf8/MPC/run_0007_seed_2033.npz,,paper_er_sf_sparse_alpha001_noweight_50rep_mpc_fgs,1.0,,1.0,4.0,,full recorded matched G2 CI trace
sf8,SF (8),MPC,9,,2034.0,2.0,0.6667,3.0,0.7273,2.0,2.0,2.0,0.6667,0.6667,0.6667,2.5,2.0,3.0,0.75,0.8333,0.6667,0.0,0.0,,,,,,,,,,,,,,0.0,0.0133140087127685,,paper_er_sf_sparse_alpha001_noweight_50rep_mpc_fgs,results/paper_aaai2027/frozen/results/estimated_graphs/paper_er_sf_sparse_alpha001_noweight_50rep_mpc_fgs/sf8/MPC/run_0008_seed_2034.npz,,paper_er_sf_sparse_alpha001_noweight_50rep_mpc_fgs,1.0,,1.0,2.0,,full recorded matched G2 CI trace
sf8,SF (8),MPC,10,,2035.0,2.0,0.8571,2.0,0.7692,2.0,2.0,2.0,0.8571,0.8571,0.8571,1.5,1.0,2.0,0.7857000000000001,0.8571,0.7143,0.0,0.0,,,,,,,,,,,,,,0.0,0.0228426456451416,,paper_er_sf_sparse_alpha001_noweight_50rep_mpc_fgs,results/paper_aaai2027/frozen/results/estimated_graphs/paper_er_sf_sparse_alpha001_noweight_50rep_mpc_fgs/sf8/MPC/run_0009_seed_2035.npz,,paper_er_sf_sparse_alpha001_noweight_50rep_mpc_fgs,1.0,,1.0,2.0,,full recorded matched G2 CI trace
sf8,SF (8),MPC,11,,2036.0,0.0,1.0,2.0,0.8333,0.0,0.0,0.0,1.0,1.0,1.0,1.0,0.0,2.0,0.857125,1.0,0.7143,0.0,0.0,,,,,,,,,,,,,,1.0,0.0176436901092529,,paper_er_sf_sparse_alpha001_noweight_50rep_mpc_fgs,results/paper_aaai2027/frozen/results/estimated_graphs/paper_er_sf_sparse_alpha001_noweight_50rep_mpc_fgs/sf8/MPC/run_0010_seed_2036.npz,,paper_er_sf_sparse_alpha001_noweight_50rep_mpc_fgs,1.0,,1.0,4.0,,full recorded matched G2 CI trace
sf8,SF (8),MPC,12,,2037.0,1.0,0.7692,3.0,0.7273,1.0,1.0,1.0,0.7692,0.7692,0.7692,2.0,1.0,3.0,0.7692249999999999,0.9231,0.6154,0.0,0.0,,,,,,,,,,,,,,0.0,0.0192809104919433,,paper_er_sf_sparse_alpha001_noweight_50rep_mpc_fgs,results/paper_aaai2027/frozen/results/estimated_graphs/paper_er_sf_sparse_alpha001_noweight_50rep_mpc_fgs/sf8/MPC/run_0011_seed_2037.npz,,paper_er_sf_sparse_alpha001_noweight_50rep_mpc_fgs,1.0,,1.0,4.0,,full recorded matched G2 CI trace
sf8,SF (8),MPC,13,,2038.0,0.0,0.8571,2.0,0.8333,0.0,0.0,0.0,0.8571,0.8571,0.8571,1.0,0.0,2.0,0.857125,1.0,0.7143,0.0,0.0,,,,,,,,,,,,,,1.0,0.0313546657562255,,paper_er_sf_sparse_alpha001_noweight_50rep_mpc_fgs,results/paper_aaai2027/frozen/results/estimated_graphs/paper_er_sf_sparse_alpha001_noweight_50rep_mpc_fgs/sf8/MPC/run_0012_seed_2038.npz,,paper_er_sf_sparse_alpha001_noweight_50rep_mpc_fgs,1.0,,1.0,4.0,,full recorded matched G2 CI trace
sf8,SF (8),MPC,14,,2039.0,1.0,0.7143,2.0,0.7692,1.0,1.0,1.0,0.7143,0.7143,0.7143,1.5,1.0,2.0,0.7857000000000001,0.8571,0.7143,0.0,0.0,,,,,,,,,,,,,,0.0,0.0270276069641113,,paper_er_sf_sparse_alpha001_noweight_50rep_mpc_fgs,results/paper_aaai2027/frozen/results/estimated_graphs/paper_er_sf_sparse_alpha001_noweight_50rep_mpc_fgs/sf8/MPC/run_0013_seed_2039.npz,,paper_er_sf_sparse_alpha001_noweight_50rep_mpc_fgs,1.0,,1.0,2.0,,full recorded matched G2 CI trace
sf8,SF (8),MPC,15,,2040.0,3.0,0.8571,2.0,0.8333,3.0,3.0,3.0,0.8571,0.8571,0.8571,2.5,2.0,3.0,0.7857000000000001,0.8571,0.7143,0.0,0.0,,,,,,,,,,,,,,0.0,0.0310525894165039,,paper_er_sf_sparse_alpha001_noweight_50rep_mpc_fgs,results/paper_aaai2027/frozen/results/estimated_graphs/paper_er_sf_sparse_alpha001_noweight_50rep_mpc_fgs/sf8/MPC/run_0014_seed_2040.npz,,paper_er_sf_sparse_alpha001_noweight_50rep_mpc_fgs,1.0,,1.0,4.0,,full recorded matched G2 CI trace
sf8,SF (8),MPC,16,,2041.0,0.0,1.0,1.0,0.9231,0.0,0.0,0.0,1.0,1.0,1.0,0.5,0.0,1.0,0.92855,1.0,0.8571,0.0,0.0,,,,,,,,,,,,,,1.0,0.0239696502685546,,paper_er_sf_sparse_alpha001_noweight_50rep_mpc_fgs,results/paper_aaai2027/frozen/results/estimated_graphs/paper_er_sf_sparse_alpha001_noweight_50rep_mpc_fgs/sf8/MPC/run_0015_seed_2041.npz,,paper_er_sf_sparse_alpha001_noweight_50rep_mpc_fgs,1.0,,1.0,2.0,,full recorded matched G2 CI trace
sf8,SF (8),MPC,17,,2042.0,2.0,0.7692,3.0,0.7273,2.0,2.0,2.0,0.7692,0.7692,0.7692,2.0,1.0,3.0,0.7692249999999999,0.9231,0.6154,0.0,0.0,,,,,,,,,,,,,,0.0,0.0200309753417968,,paper_er_sf_sparse_alpha001_noweight_50rep_mpc_fgs,results/paper_aaai2027/frozen/results/estimated_graphs/paper_er_sf_sparse_alpha001_noweight_50rep_mpc_fgs/sf8/MPC/run_0016_seed_2042.npz,,paper_er_sf_sparse_alpha001_noweight_50rep_mpc_fgs,1.0,,1.0,4.0,,full recorded matched G2 CI trace
sf8,SF (8),MPC,18,,2043.0,2.0,0.7692,3.0,0.7273,2.0,2.0,2.0,0.7692,0.7692,0.7692,2.0,1.0,3.0,0.7692249999999999,0.9231,0.6154,0.0,0.0,,,,,,,,,,,,,,0.0,0.013312816619873,,paper_er_sf_sparse_alpha001_noweight_50rep_mpc_fgs,results/paper_aaai2027/frozen/results/estimated_graphs/paper_er_sf_sparse_alpha001_noweight_50rep_mpc_fgs/sf8/MPC/run_0017_seed_2043.npz,,paper_er_sf_sparse_alpha001_noweight_50rep_mpc_fgs,1.0,,1.0,4.0,,full recorded matched G2 CI trace
sf8,SF (8),MPC,19,,2044.0,0.0,0.8571,1.0,0.9231,0.0,0.0,0.0,0.8571,0.8571,0.8571,0.5,0.0,1.0,0.92855,1.0,0.8571,0.0,0.0,,,,,,,,,,,,,,1.0,0.0248570442199707,,paper_er_sf_sparse_alpha001_noweight_50rep_mpc_fgs,results/paper_aaai2027/frozen/results/estimated_graphs/paper_er_sf_sparse_alpha001_noweight_50rep_mpc_fgs/sf8/MPC/run_0018_seed_2044.npz,,paper_er_sf_sparse_alpha001_noweight_50rep_mpc_fgs,1.0,,1.0,2.0,,full recorded matched G2 CI trace
sf8,SF (8),MPC,20,,2045.0,0.0,0.8571,2.0,0.8333,0.0,0.0,0.0,0.8571,0.8571,0.8571,1.0,0.0,2.0,0.857125,1.0,0.7143,0.0,0.0,,,,,,,,,,,,,,1.0,0.0240075588226318,,paper_er_sf_sparse_alpha001_noweight_50rep_mpc_fgs,results/paper_aaai2027/frozen/results/estimated_graphs/paper_er_sf_sparse_alpha001_noweight_50rep_mpc_fgs/sf8/MPC/run_0019_seed_2045.npz,,paper_er_sf_sparse_alpha001_noweight_50rep_mpc_fgs,1.0,,1.0,4.0,,full recorded matched G2 CI trace
sf8,SF (8),MPC,21,,2046.0,3.0,0.7273,4.0,0.6,3.0,3.0,3.0,0.7273,0.7273,0.7273,3.5,3.0,4.0,0.6364,0.7273,0.5455,1.0,2.0,,,,,,,,,,,,,,0.0,0.0077226161956787,,paper_er_sf_sparse_alpha001_noweight_50rep_mpc_fgs,results/paper_aaai2027/frozen/results/estimated_graphs/paper_er_sf_sparse_alpha001_noweight_50rep_mpc_fgs/sf8/MPC/run_0020_seed_2046.npz,,paper_er_sf_sparse_alpha001_noweight_50rep_mpc_fgs,1.0,,1.0,2.0,,full recorded matched G2 CI trace
sf8,SF (8),MPC,22,,2047.0,0.0,1.0,2.0,0.8333,0.0,0.0,0.0,1.0,1.0,1.0,1.0,0.0,2.0,0.857125,1.0,0.7143,0.0,0.0,,,,,,,,,,,,,,1.0,0.0313594341278076,,paper_er_sf_sparse_alpha001_noweight_50rep_mpc_fgs,results/paper_aaai2027/frozen/results/estimated_graphs/paper_er_sf_sparse_alpha001_noweight_50rep_mpc_fgs/sf8/MPC/run_0021_seed_2047.npz,,paper_er_sf_sparse_alpha001_noweight_50rep_mpc_fgs,1.0,,1.0,4.0,,full recorded matched G2 CI trace
sf8,SF (8),MPC,23,,2048.0,0.0,1.0,0.0,1.0,0.0,0.0,0.0,1.0,1.0,1.0,0.0,0.0,0.0,1.0,1.0,1.0,0.0,0.0,,,,,,,,,,,,,,1.0,0.0184113979339599,,paper_er_sf_sparse_alpha001_noweight_50rep_mpc_fgs,results/paper_aaai2027/frozen/results/estimated_graphs/paper_er_sf_sparse_alpha001_noweight_50rep_mpc_fgs/sf8/MPC/run_0022_seed_2048.npz,,paper_er_sf_sparse_alpha001_noweight_50rep_mpc_fgs,1.0,,1.0,1.0,,full recorded matched G2 CI trace
sf8,SF (8),MPC,24,,2049.0,2.0,0.7692,2.0,0.8333,2.0,2.0,2.0,0.7692,0.7692,0.7692,1.5,1.0,2.0,0.84615,0.9231,0.7692,0.0,0.0,,,,,,,,,,,,,,0.0,0.0275037288665771,,paper_er_sf_sparse_alpha001_noweight_50rep_mpc_fgs,results/paper_aaai2027/frozen/results/estimated_graphs/paper_er_sf_sparse_alpha001_noweight_50rep_mpc_fgs/sf8/MPC/run_0023_seed_2049.npz,,paper_er_sf_sparse_alpha001_noweight_50rep_mpc_fgs,1.0,,1.0,2.0,,full recorded matched G2 CI trace
sf8,SF (8),MPC,25,,2050.0,5.0,0.5714,3.0,0.6154,5.0,5.0,5.0,0.5714,0.5714,0.5714,2.5,2.0,3.0,0.64285,0.7143,0.5714,0.0,0.0,,,,,,,,,,,,,,0.0,0.0203588008880615,,paper_er_sf_sparse_alpha001_noweight_50rep_mpc_fgs,results/paper_aaai2027/frozen/results/estimated_graphs/paper_er_sf_sparse_alpha001_noweight_50rep_mpc_fgs/sf8/MPC/run_0024_seed_2050.npz,,paper_er_sf_sparse_alpha001_noweight_50rep_mpc_fgs,1.0,,1.0,2.0,,full recorded matched G2 CI trace
sf8,SF (8),MPC,26,,2051.0,4.0,0.4,5.0,0.4444,4.0,4.0,4.0,0.4,0.4,0.4,4.5,4.0,5.0,0.5,0.6,0.4,0.0,0.0,,,,,,,,,,,,,,0.0,0.0071825981140136,,paper_er_sf_sparse_alpha001_noweight_50rep_mpc_fgs,results/paper_aaai2027/frozen/results/estimated_graphs/paper_er_sf_sparse_alpha001_noweight_50rep_mpc_fgs/sf8/MPC/run_0025_seed_2051.npz,,paper_er_sf_sparse_alpha001_noweight_50rep_mpc_fgs,1.0,,1.0,2.0,,full recorded matched G2 CI trace
sf8,SF (8),MPC,27,,2052.0,1.0,0.9231,1.0,0.9231,1.0,1.0,1.0,0.9231,0.9231,0.9231,1.0,1.0,1.0,0.9231,0.9231,0.9231,0.0,0.0,,,,,,,,,,,,,,0.0,0.0222823619842529,,paper_er_sf_sparse_alpha001_noweight_50rep_mpc_fgs,results/paper_aaai2027/frozen/results/estimated_graphs/paper_er_sf_sparse_alpha001_noweight_50rep_mpc_fgs/sf8/MPC/run_0026_seed_2052.npz,,paper_er_sf_sparse_alpha001_noweight_50rep_mpc_fgs,1.0,,1.0,1.0,,full recorded matched G2 CI trace
sf8,SF (8),MPC,28,,2053.0,0.0,0.7143,3.0,0.7273,0.0,0.0,0.0,0.7143,0.7143,0.7143,1.5,0.0,3.0,0.7857,1.0,0.5714,0.0,0.0,,,,,,,,,,,,,,1.0,0.0238454341888427,,paper_er_sf_sparse_alpha001_noweight_50rep_mpc_fgs,results/paper_aaai2027/frozen/results/estimated_graphs/paper_er_sf_sparse_alpha001_noweight_50rep_mpc_fgs/sf8/MPC/run_0027_seed_2053.npz,,paper_er_sf_sparse_alpha001_noweight_50rep_mpc_fgs,1.0,,1.0,6.0,,full recorded matched G2 CI trace
sf8,SF (8),MPC,29,,2054.0,0.0,1.0,0.0,1.0,0.0,0.0,0.0,1.0,1.0,1.0,0.0,0.0,0.0,1.0,1.0,1.0,0.0,0.0,,,,,,,,,,,,,,1.0,0.0344207286834716,,paper_er_sf_sparse_alpha001_noweight_50rep_mpc_fgs,results/paper_aaai2027/frozen/results/estimated_graphs/paper_er_sf_sparse_alpha001_noweight_50rep_mpc_fgs/sf8/MPC/run_0028_seed_2054.npz,,paper_er_sf_sparse_alpha001_noweight_50rep_mpc_fgs,1.0,,1.0,1.0,,full recorded matched G2 CI trace
sf8,SF (8),MPC,30,,2055.0,5.0,0.7273,5.0,0.4444,5.0,5.0,5.0,0.7273,0.7273,0.7273,4.333333333333333,4.0,5.0,0.4848666666666667,0.5455,0.3636,1.0,3.0,,,,,,,,,,,,,,0.0,0.0065178871154785,,paper_er_sf_sparse_alpha001_noweight_50rep_mpc_fgs,results/paper_aaai2027/frozen/results/estimated_graphs/paper_er_sf_sparse_alpha001_noweight_50rep_mpc_fgs/sf8/MPC/run_0029_seed_2055.npz,,paper_er_sf_sparse_alpha001_noweight_50rep_mpc_fgs,1.0,,1.0,3.0,,full recorded matched G2 CI trace
sf8,SF (8),MPC,31,,2056.0,2.0,0.7143,2.0,0.7692,2.0,2.0,2.0,0.7143,0.7143,0.7143,1.5,1.0,2.0,0.7857000000000001,0.8571,0.7143,0.0,0.0,,,,,,,,,,,,,,0.0,0.0264647006988525,,paper_er_sf_sparse_alpha001_noweight_50rep_mpc_fgs,results/paper_aaai2027/frozen/results/estimated_graphs/paper_er_sf_sparse_alpha001_noweight_50rep_mpc_fgs/sf8/MPC/run_0030_seed_2056.npz,,paper_er_sf_sparse_alpha001_noweight_50rep_mpc_fgs,1.0,,1.0,2.0,,full recorded matched G2 CI trace
sf8,SF (8),MPC,32,,2057.0,1.0,0.7143,2.0,0.7692,1.0,1.0,1.0,0.7143,0.7143,0.7143,1.5,1.0,2.0,0.7857000000000001,0.8571,0.7143,0.0,0.0,,,,,,,,,,,,,,0.0,0.0251615047454834,,paper_er_sf_sparse_alpha001_noweight_50rep_mpc_fgs,results/paper_aaai2027/frozen/results/estimated_graphs/paper_er_sf_sparse_alpha001_noweight_50rep_mpc_fgs/sf8/MPC/run_0031_seed_2057.npz,,paper_er_sf_sparse_alpha001_noweight_50rep_mpc_fgs,1.0,,1.0,2.0,,full recorded matched G2 CI trace
sf8,SF (8),MPC,33,,2058.0,0.0,0.7143,3.0,0.7273,0.0,0.0,0.0,0.7143,0.7143,0.7143,1.5,0.0,3.0,0.7857,1.0,0.5714,0.0,0.0,,,,,,,,,,,,,,1.0,0.0260639190673828,,paper_er_sf_sparse_alpha001_noweight_50rep_mpc_fgs,results/paper_aaai2027/frozen/results/estimated_graphs/paper_er_sf_sparse_alpha001_noweight_50rep_mpc_fgs/sf8/MPC/run_0032_seed_2058.npz,,paper_er_sf_sparse_alpha001_noweight_50rep_mpc_fgs,1.0,,1.0,6.0,,full recorded matched G2 CI trace
sf8,SF (8),MPC,34,,2059.0,4.0,0.6,5.0,0.4444,4.0,4.0,4.0,0.6,0.6,0.6,4.5,4.0,5.0,0.5,0.6,0.4,0.0,0.0,,,,,,,,,,,,,,0.0,0.0069811344146728,,paper_er_sf_sparse_alpha001_noweight_50rep_mpc_fgs,results/paper_aaai2027/frozen/results/estimated_graphs/paper_er_sf_sparse_alpha001_noweight_50rep_mpc_fgs/sf8/MPC/run_0033_seed_2059.npz,,paper_er_sf_sparse_alpha001_noweight_50rep_mpc_fgs,1.0,,1.0,2.0,,full recorded matched G2 CI trace
sf8,SF (8),MPC,35,,2060.0,0.0,0.8571,2.0,0.8333,0.0,0.0,0.0,0.8571,0.8571,0.8571,1.0,0.0,2.0,0.857125,1.0,0.7143,0.0,0.0,,,,,,,,,,,,,,1.0,0.0351870059967041,,paper_er_sf_sparse_alpha001_noweight_50rep_mpc_fgs,results/paper_aaai2027/frozen/results/estimated_graphs/paper_er_sf_sparse_alpha001_noweight_50rep_mpc_fgs/sf8/MPC/run_0034_seed_2060.npz,,paper_er_sf_sparse_alpha001_noweight_50rep_mpc_fgs,1.0,,1.0,4.0,,full recorded matched G2 CI trace
sf8,SF (8),MPC,36,,2061.0,0.0,0.8571,2.0,0.8333,0.0,0.0,0.0,0.8571,0.8571,0.8571,1.0,0.0,2.0,0.857125,1.0,0.7143,0.0,0.0,,,,,,,,,,,,,,1.0,0.0343959331512451,,paper_er_sf_sparse_alpha001_noweight_50rep_mpc_fgs,results/paper_aaai2027/frozen/results/estimated_graphs/paper_er_sf_sparse_alpha001_noweight_50rep_mpc_fgs/sf8/MPC/run_0035_seed_2061.npz,,paper_er_sf_sparse_alpha001_noweight_50rep_mpc_fgs,1.0,,1.0,4.0,,full recorded matched G2 CI trace
sf8,SF (8),MPC,37,,2062.0,2.0,0.5714,3.0,0.6154,2.0,2.0,2.0,0.5714,0.5714,0.5714,2.5,2.0,3.0,0.64285,0.7143,0.5714,0.0,0.0,,,,,,,,,,,,,,0.0,0.0234839916229248,,paper_er_sf_sparse_alpha001_noweight_50rep_mpc_fgs,results/paper_aaai2027/frozen/results/estimated_graphs/paper_er_sf_sparse_alpha001_noweight_50rep_mpc_fgs/sf8/MPC/run_0036_seed_2062.npz,,paper_er_sf_sparse_alpha001_noweight_50rep_mpc_fgs,1.0,,1.0,2.0,,full recorded matched G2 CI trace
sf8,SF (8),MPC,38,,2063.0,1.0,0.8571,1.0,0.8571,1.0,1.0,1.0,0.8571,0.8571,0.8571,1.0,1.0,1.0,0.8571,0.8571,0.8571,0.0,0.0,,,,,,,,,,,,,,0.0,0.0203287601470947,,paper_er_sf_sparse_alpha001_noweight_50rep_mpc_fgs,results/paper_aaai2027/frozen/results/estimated_graphs/paper_er_sf_sparse_alpha001_noweight_50rep_mpc_fgs/sf8/MPC/run_0037_seed_2063.npz,,paper_er_sf_sparse_alpha001_noweight_50rep_mpc_fgs,1.0,,1.0,1.0,,full recorded matched G2 CI trace
sf8,SF (8),MPC,39,,2064.0,3.0,0.5455,5.0,0.4444,3.0,3.0,3.0,0.5455,0.5455,0.5455,4.0,3.0,5.0,0.545475,0.7273,0.3636,0.0,0.0,,,,,,,,,,,,,,0.0,0.0085020065307617,,paper_er_sf_sparse_alpha001_noweight_50rep_mpc_fgs,results/paper_aaai2027/frozen/results/estimated_graphs/paper_er_sf_sparse_alpha001_noweight_50rep_mpc_fgs/sf8/MPC/run_0038_seed_2064.npz,,paper_er_sf_sparse_alpha001_noweight_50rep_mpc_fgs,1.0,,1.0,4.0,,full recorded matched G2 CI trace
sf8,SF (8),MPC,40,,2065.0,1.0,0.7692,2.0,0.8333,1.0,1.0,1.0,0.7692,0.7692,0.7692,1.5,1.0,2.0,0.84615,0.9231,0.7692,0.0,0.0,,,,,,,,,,,,,,0.0,0.0282952785491943,,paper_er_sf_sparse_alpha001_noweight_50rep_mpc_fgs,results/paper_aaai2027/frozen/results/estimated_graphs/paper_er_sf_sparse_alpha001_noweight_50rep_mpc_fgs/sf8/MPC/run_0039_seed_2065.npz,,paper_er_sf_sparse_alpha001_noweight_50rep_mpc_fgs,1.0,,1.0,2.0,,full recorded matched G2 CI trace
sf8,SF (8),MPC,41,,2066.0,1.0,0.6154,3.0,0.7273,1.0,1.0,1.0,0.6154,0.6154,0.6154,2.0,1.0,3.0,0.769225,0.9231,0.6154,0.0,0.0,,,,,,,,,,,,,,0.0,0.0235536098480224,,paper_er_sf_sparse_alpha001_noweight_50rep_mpc_fgs,results/paper_aaai2027/frozen/results/estimated_graphs/paper_er_sf_sparse_alpha001_noweight_50rep_mpc_fgs/sf8/MPC/run_0040_seed_2066.npz,,paper_er_sf_sparse_alpha001_noweight_50rep_mpc_fgs,1.0,,1.0,4.0,,full recorded matched G2 CI trace
sf8,SF (8),MPC,42,,2067.0,2.0,0.7143,2.0,0.7692,2.0,2.0,2.0,0.7143,0.7143,0.7143,1.5,1.0,2.0,0.7857000000000001,0.8571,0.7143,0.0,0.0,,,,,,,,,,,,,,0.0,0.0243070125579834,,paper_er_sf_sparse_alpha001_noweight_50rep_mpc_fgs,results/paper_aaai2027/frozen/results/estimated_graphs/paper_er_sf_sparse_alpha001_noweight_50rep_mpc_fgs/sf8/MPC/run_0041_seed_2067.npz,,paper_er_sf_sparse_alpha001_noweight_50rep_mpc_fgs,1.0,,1.0,2.0,,full recorded matched G2 CI trace
sf8,SF (8),MPC,43,,2068.0,5.0,0.3636,6.0,0.2222,5.0,5.0,5.0,0.3636,0.3636,0.3636,5.0,4.0,6.0,0.363625,0.5455,0.1818,0.0,0.0,,,,,,,,,,,,,,0.0,0.0103375911712646,,paper_er_sf_sparse_alpha001_noweight_50rep_mpc_fgs,results/paper_aaai2027/frozen/results/estimated_graphs/paper_er_sf_sparse_alpha001_noweight_50rep_mpc_fgs/sf8/MPC/run_0042_seed_2068.npz,,paper_er_sf_sparse_alpha001_noweight_50rep_mpc_fgs,1.0,,1.0,4.0,,full recorded matched G2 CI trace
sf8,SF (8),MPC,44,,2069.0,2.0,0.9231,2.0,0.8333,2.0,2.0,2.0,0.9231,0.9231,0.9231,1.5,1.0,2.0,0.84615,0.9231,0.7692,0.0,0.0,,,,,,,,,,,,,,0.0,0.0106167793273925,,paper_er_sf_sparse_alpha001_noweight_50rep_mpc_fgs,results/paper_aaai2027/frozen/results/estimated_graphs/paper_er_sf_sparse_alpha001_noweight_50rep_mpc_fgs/sf8/MPC/run_0043_seed_2069.npz,,paper_er_sf_sparse_alpha001_noweight_50rep_mpc_fgs,1.0,,1.0,2.0,,full recorded matched G2 CI trace
sf8,SF (8),MPC,45,,2070.0,1.0,0.9231,1.0,0.9231,1.0,1.0,1.0,0.9231,0.9231,0.9231,1.0,1.0,1.0,0.9231,0.9231,0.9231,0.0,0.0,,,,,,,,,,,,,,0.0,0.0224723815917968,,paper_er_sf_sparse_alpha001_noweight_50rep_mpc_fgs,results/paper_aaai2027/frozen/results/estimated_graphs/paper_er_sf_sparse_alpha001_noweight_50rep_mpc_fgs/sf8/MPC/run_0044_seed_2070.npz,,paper_er_sf_sparse_alpha001_noweight_50rep_mpc_fgs,1.0,,1.0,1.0,,full recorded matched G2 CI trace
sf8,SF (8),MPC,46,,2071.0,4.0,0.6667,5.0,0.4,4.0,4.0,4.0,0.6667,0.6667,0.6667,4.0,3.0,5.0,0.5,0.6667,0.3333,0.0,0.0,,,,,,,,,,,,,,0.0,0.012059211730957,,paper_er_sf_sparse_alpha001_noweight_50rep_mpc_fgs,results/paper_aaai2027/frozen/results/estimated_graphs/paper_er_sf_sparse_alpha001_noweight_50rep_mpc_fgs/sf8/MPC/run_0045_seed_2071.npz,,paper_er_sf_sparse_alpha001_noweight_50rep_mpc_fgs,1.0,,1.0,4.0,,full recorded matched G2 CI trace
sf8,SF (8),MPC,47,,2072.0,3.0,0.3333,5.0,0.4444,3.0,3.0,3.0,0.3333,0.3333,0.3333,3.5,2.0,5.0,0.5833333333333334,0.8333,0.3333,0.0,0.0,,,,,,,,,,,,,,0.0,0.0108740329742431,,paper_er_sf_sparse_alpha001_noweight_50rep_mpc_fgs,results/paper_aaai2027/frozen/results/estimated_graphs/paper_er_sf_sparse_alpha001_noweight_50rep_mpc_fgs/sf8/MPC/run_0046_seed_2072.npz,,paper_er_sf_sparse_alpha001_noweight_50rep_mpc_fgs,1.0,,1.0,6.0,,full recorded matched G2 CI trace
sf8,SF (8),MPC,48,,2073.0,3.0,0.6667,4.0,0.6,3.0,3.0,3.0,0.6667,0.6667,0.6667,3.0,2.0,4.0,0.666675,0.8333,0.5,0.0,0.0,,,,,,,,,,,,,,0.0,0.0103306770324707,,paper_er_sf_sparse_alpha001_noweight_50rep_mpc_fgs,results/paper_aaai2027/frozen/results/estimated_graphs/paper_er_sf_sparse_alpha001_noweight_50rep_mpc_fgs/sf8/MPC/run_0047_seed_2073.npz,,paper_er_sf_sparse_alpha001_noweight_50rep_mpc_fgs,1.0,,1.0,4.0,,full recorded matched G2 CI trace
sf8,SF (8),MPC,49,,2074.0,0.0,1.0,0.0,1.0,0.0,0.0,0.0,1.0,1.0,1.0,0.0,0.0,0.0,1.0,1.0,1.0,0.0,0.0,,,,,,,,,,,,,,1.0,0.0290083885192871,,paper_er_sf_sparse_alpha001_noweight_50rep_mpc_fgs,results/paper_aaai2027/frozen/results/estimated_graphs/paper_er_sf_sparse_alpha001_noweight_50rep_mpc_fgs/sf8/MPC/run_0048_seed_2074.npz,,paper_er_sf_sparse_alpha001_noweight_50rep_mpc_fgs,1.0,,1.0,1.0,,full recorded matched G2 CI trace
sf8,SF (8),MPC,50,,2075.0,1.0,0.9231,2.0,0.8333,1.0,1.0,1.0,0.9231,0.9231,0.9231,1.5,1.0,2.0,0.84615,0.9231,0.7692,0.0,0.0,,,,,,,,,,,,,,0.0,0.0161225795745849,,paper_er_sf_sparse_alpha001_noweight_50rep_mpc_fgs,results/paper_aaai2027/frozen/results/estimated_graphs/paper_er_sf_sparse_alpha001_noweight_50rep_mpc_fgs/sf8/MPC/run_0049_seed_2075.npz,,paper_er_sf_sparse_alpha001_noweight_50rep_mpc_fgs,1.0,,1.0,2.0,,full recorded matched G2 CI trace
sf8,SF (8),FGS,1,,2026.0,10.0,0.1818,9.0,0.1818,10.0,10.0,10.0,0.1818,0.1818,0.1818,9.333333333333334,9.0,10.0,0.12119999999999999,0.1818,0.0,,,,,,,,,,,,,,,,0.0,0.0767874717712402,,paper_er_sf_sparse_alpha001_noweight_50rep_mpc_fgs,results/paper_aaai2027/frozen/results/estimated_graphs/paper_er_sf_sparse_alpha001_noweight_50rep_mpc_fgs/sf8/FGS/run_0000_seed_2026.npz,,paper_er_sf_sparse_alpha001_noweight_50rep_mpc_fgs,1.0,,1.0,3.0,,not applicable (score based)
sf8,SF (8),FGS,2,,2027.0,8.0,0.0,8.0,0.0,8.0,8.0,8.0,0.0,0.0,0.0,8.0,8.0,8.0,0.0,0.0,0.0,,,,,,,,,,,,,,,,0.0,0.0723652839660644,,paper_er_sf_sparse_alpha001_noweight_50rep_mpc_fgs,results/paper_aaai2027/frozen/results/estimated_graphs/paper_er_sf_sparse_alpha001_noweight_50rep_mpc_fgs/sf8/FGS/run_0001_seed_2027.npz,,paper_er_sf_sparse_alpha001_noweight_50rep_mpc_fgs,1.0,,1.0,2.0,,not applicable (score based)
sf8,SF (8),FGS,3,,2028.0,10.0,0.0,10.0,0.0,10.0,10.0,10.0,0.0,0.0,0.0,10.0,10.0,10.0,0.0,0.0,0.0,,,,,,,,,,,,,,,,0.0,0.0739271640777587,,paper_er_sf_sparse_alpha001_noweight_50rep_mpc_fgs,results/paper_aaai2027/frozen/results/estimated_graphs/paper_er_sf_sparse_alpha001_noweight_50rep_mpc_fgs/sf8/FGS/run_0002_seed_2028.npz,,paper_er_sf_sparse_alpha001_noweight_50rep_mpc_fgs,1.0,,1.0,2.0,,not applicable (score based)
sf8,SF (8),FGS,4,,2029.0,8.0,0.2,8.0,0.2,8.0,8.0,8.0,0.2,0.2,0.2,8.0,8.0,8.0,0.2,0.2,0.2,,,,,,,,,,,,,,,,0.0,0.0735375881195068,,paper_er_sf_sparse_alpha001_noweight_50rep_mpc_fgs,results/paper_aaai2027/frozen/results/estimated_graphs/paper_er_sf_sparse_alpha001_noweight_50rep_mpc_fgs/sf8/FGS/run_0003_seed_2029.npz,,paper_er_sf_sparse_alpha001_noweight_50rep_mpc_fgs,1.0,,1.0,1.0,,not applicable (score based)
sf8,SF (8),FGS,5,,2030.0,8.0,0.0,8.0,0.0,8.0,8.0,8.0,0.0,0.0,0.0,8.0,8.0,8.0,0.0,0.0,0.0,,,,,,,,,,,,,,,,0.0,0.0677037239074707,,paper_er_sf_sparse_alpha001_noweight_50rep_mpc_fgs,results/paper_aaai2027/frozen/results/estimated_graphs/paper_er_sf_sparse_alpha001_noweight_50rep_mpc_fgs/sf8/FGS/run_0004_seed_2030.npz,,paper_er_sf_sparse_alpha001_noweight_50rep_mpc_fgs,1.0,,1.0,2.0,,not applicable (score based)
sf8,SF (8),FGS,6,,2031.0,11.0,0.1667,10.0,0.1667,11.0,11.0,11.0,0.1667,0.1667,0.1667,10.333333333333334,10.0,11.0,0.11113333333333333,0.1667,0.0,,,,,,,,,,,,,,,,0.0,0.0732526779174804,,paper_er_sf_sparse_alpha001_noweight_50rep_mpc_fgs,results/paper_aaai2027/frozen/results/estimated_graphs/paper_er_sf_sparse_alpha001_noweight_50rep_mpc_fgs/sf8/FGS/run_0005_seed_2031.npz,,paper_er_sf_sparse_alpha001_noweight_50rep_mpc_fgs,1.0,,1.0,18.0,,not applicable (score based)
sf8,SF (8),FGS,7,,2032.0,8.0,0.3333,6.0,0.3333,8.0,8.0,8.0,0.3333,0.3333,0.3333,6.166666666666667,5.0,7.0,0.30555,0.5,0.1667,,,,,,,,,,,,,,,,0.0,0.0741238594055175,,paper_er_sf_sparse_alpha001_noweight_50rep_mpc_fgs,results/paper_aaai2027/frozen/results/estimated_graphs/paper_er_sf_sparse_alpha001_noweight_50rep_mpc_fgs/sf8/FGS/run_0006_seed_2032.npz,,paper_er_sf_sparse_alpha001_noweight_50rep_mpc_fgs,1.0,,1.0,6.0,,not applicable (score based)
sf8,SF (8),FGS,8,,2033.0,9.0,0.0,9.0,0.0,9.0,9.0,9.0,0.0,0.0,0.0,9.0,9.0,9.0,0.0,0.0,0.0,,,,,,,,,,,,,,,,0.0,0.0741758346557617,,paper_er_sf_sparse_alpha001_noweight_50rep_mpc_fgs,results/paper_aaai2027/frozen/results/estimated_graphs/paper_er_sf_sparse_alpha001_noweight_50rep_mpc_fgs/sf8/FGS/run_0007_seed_2033.npz,,paper_er_sf_sparse_alpha001_noweight_50rep_mpc_fgs,1.0,,1.0,2.0,,not applicable (score based)
sf8,SF (8),FGS,9,,2034.0,9.0,0.0,9.0,0.0,9.0,9.0,9.0,0.0,0.0,0.0,8.4,8.0,9.0,0.10908,0.1818,0.0,,,,,,,,,,,,,,,,0.0,0.0718224048614502,,paper_er_sf_sparse_alpha001_noweight_50rep_mpc_fgs,results/paper_aaai2027/frozen/results/estimated_graphs/paper_er_sf_sparse_alpha001_noweight_50rep_mpc_fgs/sf8/FGS/run_0008_seed_2034.npz,,paper_er_sf_sparse_alpha001_noweight_50rep_mpc_fgs,1.0,,1.0,5.0,,not applicable (score based)
sf8,SF (8),FGS,10,,2035.0,11.0,0.0,11.0,0.0,11.0,11.0,11.0,0.0,0.0,0.0,11.0,11.0,11.0,0.0,0.0,0.0,,,,,,,,,,,,,,,,0.0,0.0739235877990722,,paper_er_sf_sparse_alpha001_noweight_50rep_mpc_fgs,results/paper_aaai2027/frozen/results/estimated_graphs/paper_er_sf_sparse_alpha001_noweight_50rep_mpc_fgs/sf8/FGS/run_0009_seed_2035.npz,,paper_er_sf_sparse_alpha001_noweight_50rep_mpc_fgs,1.0,,1.0,12.0,,not applicable (score based)
sf8,SF (8),FGS,11,,2036.0,10.0,0.0,10.0,0.0,10.0,10.0,10.0,0.0,0.0,0.0,10.0,10.0,10.0,0.0,0.0,0.0,,,,,,,,,,,,,,,,0.0,0.0714468955993652,,paper_er_sf_sparse_alpha001_noweight_50rep_mpc_fgs,results/paper_aaai2027/frozen/results/estimated_graphs/paper_er_sf_sparse_alpha001_noweight_50rep_mpc_fgs/sf8/FGS/run_0010_seed_2036.npz,,paper_er_sf_sparse_alpha001_noweight_50rep_mpc_fgs,1.0,,1.0,8.0,,not applicable (score based)
sf8,SF (8),FGS,12,,2037.0,9.0,0.0,9.0,0.0,9.0,9.0,9.0,0.0,0.0,0.0,9.0,9.0,9.0,0.0,0.0,0.0,,,,,,,,,,,,,,,,0.0,0.0703389644622802,,paper_er_sf_sparse_alpha001_noweight_50rep_mpc_fgs,results/paper_aaai2027/frozen/results/estimated_graphs/paper_er_sf_sparse_alpha001_noweight_50rep_mpc_fgs/sf8/FGS/run_0011_seed_2037.npz,,paper_er_sf_sparse_alpha001_noweight_50rep_mpc_fgs,1.0,,1.0,4.0,,not applicable (score based)
sf8,SF (8),FGS,13,,2038.0,11.0,0.0,11.0,0.0,11.0,11.0,11.0,0.0,0.0,0.0,11.0,11.0,11.0,0.0,0.0,0.0,,,,,,,,,,,,,,,,0.0,0.0785996913909912,,paper_er_sf_sparse_alpha001_noweight_50rep_mpc_fgs,results/paper_aaai2027/frozen/results/estimated_graphs/paper_er_sf_sparse_alpha001_noweight_50rep_mpc_fgs/sf8/FGS/run_0012_seed_2038.npz,,paper_er_sf_sparse_alpha001_noweight_50rep_mpc_fgs,1.0,,1.0,4.0,,not applicable (score based)
sf8,SF (8),FGS,14,,2039.0,11.0,0.0,11.0,0.0,11.0,11.0,11.0,0.0,0.0,0.0,11.0,11.0,11.0,0.0,0.0,0.0,,,,,,,,,,,,,,,,0.0,0.0764086246490478,,paper_er_sf_sparse_alpha001_noweight_50rep_mpc_fgs,results/paper_aaai2027/frozen/results/estimated_graphs/paper_er_sf_sparse_alpha001_noweight_50rep_mpc_fgs/sf8/FGS/run_0013_seed_2039.npz,,paper_er_sf_sparse_alpha001_noweight_50rep_mpc_fgs,1.0,,1.0,3.0,,not applicable (score based)
sf8,SF (8),FGS,15,,2040.0,10.0,0.0,10.0,0.0,10.0,10.0,10.0,0.0,0.0,0.0,9.666666666666666,9.0,10.0,0.0606,0.1818,0.0,,,,,,,,,,,,,,,,0.0,0.072486400604248,,paper_er_sf_sparse_alpha001_noweight_50rep_mpc_fgs,results/paper_aaai2027/frozen/results/estimated_graphs/paper_er_sf_sparse_alpha001_noweight_50rep_mpc_fgs/sf8/FGS/run_0014_seed_2040.npz,,paper_er_sf_sparse_alpha001_noweight_50rep_mpc_fgs,1.0,,1.0,9.0,,not applicable (score based)
sf8,SF (8),FGS,16,,2041.0,9.0,0.1818,9.0,0.1818,9.0,9.0,9.0,0.1818,0.1818,0.1818,9.0,9.0,9.0,0.1818,0.1818,0.1818,,,,,,,,,,,,,,,,0.0,0.0773539543151855,,paper_er_sf_sparse_alpha001_noweight_50rep_mpc_fgs,results/paper_aaai2027/frozen/results/estimated_graphs/paper_er_sf_sparse_alpha001_noweight_50rep_mpc_fgs/sf8/FGS/run_0015_seed_2041.npz,,paper_er_sf_sparse_alpha001_noweight_50rep_mpc_fgs,1.0,,1.0,1.0,,not applicable (score based)
sf8,SF (8),FGS,17,,2042.0,8.0,0.0,8.0,0.0,8.0,8.0,8.0,0.0,0.0,0.0,8.0,8.0,8.0,0.0,0.0,0.0,,,,,,,,,,,,,,,,0.0,0.0727932453155517,,paper_er_sf_sparse_alpha001_noweight_50rep_mpc_fgs,results/paper_aaai2027/frozen/results/estimated_graphs/paper_er_sf_sparse_alpha001_noweight_50rep_mpc_fgs/sf8/FGS/run_0016_seed_2042.npz,,paper_er_sf_sparse_alpha001_noweight_50rep_mpc_fgs,1.0,,1.0,2.0,,not applicable (score based)
sf8,SF (8),FGS,18,,2043.0,9.0,0.1667,8.0,0.1667,9.0,9.0,9.0,0.1667,0.1667,0.1667,8.0,7.0,9.0,0.166675,0.3333,0.0,,,,,,,,,,,,,,,,0.0,0.0751419067382812,,paper_er_sf_sparse_alpha001_noweight_50rep_mpc_fgs,results/paper_aaai2027/frozen/results/estimated_graphs/paper_er_sf_sparse_alpha001_noweight_50rep_mpc_fgs/sf8/FGS/run_0017_seed_2043.npz,,paper_er_sf_sparse_alpha001_noweight_50rep_mpc_fgs,1.0,,1.0,16.0,,not applicable (score based)
sf8,SF (8),FGS,19,,2044.0,6.0,0.3077,5.0,0.3077,6.0,6.0,6.0,0.3077,0.3077,0.3077,5.428571428571429,4.0,7.0,0.24174285714285712,0.4615,0.0,,,,,,,,,,,,,,,,0.0,0.0749006271362304,,paper_er_sf_sparse_alpha001_noweight_50rep_mpc_fgs,results/paper_aaai2027/frozen/results/estimated_graphs/paper_er_sf_sparse_alpha001_noweight_50rep_mpc_fgs/sf8/FGS/run_0018_seed_2044.npz,,paper_er_sf_sparse_alpha001_noweight_50rep_mpc_fgs,1.0,,1.0,7.0,,not applicable (score based)
sf8,SF (8),FGS,20,,2045.0,13.0,0.1429,12.0,0.1429,13.0,13.0,13.0,0.1429,0.1429,0.1429,12.5,12.0,13.0,0.07145,0.1429,0.0,,,,,,,,,,,,,,,,0.0,0.0763881206512451,,paper_er_sf_sparse_alpha001_noweight_50rep_mpc_fgs,results/paper_aaai2027/frozen/results/estimated_graphs/paper_er_sf_sparse_alpha001_noweight_50rep_mpc_fgs/sf8/FGS/run_0019_seed_2045.npz,,paper_er_sf_sparse_alpha001_noweight_50rep_mpc_fgs,1.0,,1.0,4.0,,not applicable (score based)
sf8,SF (8),FGS,21,,2046.0,7.0,0.25,6.0,0.25,7.0,7.0,7.0,0.25,0.25,0.25,6.5,6.0,7.0,0.125,0.25,0.0,,,,,,,,,,,,,,,,0.0,0.0681784152984619,,paper_er_sf_sparse_alpha001_noweight_50rep_mpc_fgs,results/paper_aaai2027/frozen/results/estimated_graphs/paper_er_sf_sparse_alpha001_noweight_50rep_mpc_fgs/sf8/FGS/run_0020_seed_2046.npz,,paper_er_sf_sparse_alpha001_noweight_50rep_mpc_fgs,1.0,,1.0,2.0,,not applicable (score based)
sf8,SF (8),FGS,22,,2047.0,9.0,0.0,9.0,0.0,9.0,9.0,9.0,0.0,0.0,0.0,8.5,8.0,9.0,0.0909,0.1818,0.0,,,,,,,,,,,,,,,,0.0,0.0712451934814453,,paper_er_sf_sparse_alpha001_noweight_50rep_mpc_fgs,results/paper_aaai2027/frozen/results/estimated_graphs/paper_er_sf_sparse_alpha001_noweight_50rep_mpc_fgs/sf8/FGS/run_0021_seed_2047.npz,,paper_er_sf_sparse_alpha001_noweight_50rep_mpc_fgs,1.0,,1.0,4.0,,not applicable (score based)
sf8,SF (8),FGS,23,,2048.0,8.0,0.0,8.0,0.0,8.0,8.0,8.0,0.0,0.0,0.0,7.5,7.0,8.0,0.1111,0.2222,0.0,,,,,,,,,,,,,,,,0.0,0.0728626251220703,,paper_er_sf_sparse_alpha001_noweight_50rep_mpc_fgs,results/paper_aaai2027/frozen/results/estimated_graphs/paper_er_sf_sparse_alpha001_noweight_50rep_mpc_fgs/sf8/FGS/run_0022_seed_2048.npz,,paper_er_sf_sparse_alpha001_noweight_50rep_mpc_fgs,1.0,,1.0,4.0,,not applicable (score based)
sf8,SF (8),FGS,24,,2049.0,7.0,0.25,6.0,0.25,7.0,7.0,7.0,0.25,0.25,0.25,6.5,6.0,7.0,0.125,0.25,0.0,,,,,,,,,,,,,,,,0.0,0.0688128471374511,,paper_er_sf_sparse_alpha001_noweight_50rep_mpc_fgs,results/paper_aaai2027/frozen/results/estimated_graphs/paper_er_sf_sparse_alpha001_noweight_50rep_mpc_fgs/sf8/FGS/run_0023_seed_2049.npz,,paper_er_sf_sparse_alpha001_noweight_50rep_mpc_fgs,1.0,,1.0,2.0,,not applicable (score based)
sf8,SF (8),FGS,25,,2050.0,11.0,0.0,11.0,0.0,11.0,11.0,11.0,0.0,0.0,0.0,11.0,11.0,11.0,0.0,0.0,0.0,,,,,,,,,,,,,,,,0.0,0.073655366897583,,paper_er_sf_sparse_alpha001_noweight_50rep_mpc_fgs,results/paper_aaai2027/frozen/results/estimated_graphs/paper_er_sf_sparse_alpha001_noweight_50rep_mpc_fgs/sf8/FGS/run_0024_seed_2050.npz,,paper_er_sf_sparse_alpha001_noweight_50rep_mpc_fgs,1.0,,1.0,4.0,,not applicable (score based)
sf8,SF (8),FGS,26,,2051.0,8.0,0.0,8.0,0.0,8.0,8.0,8.0,0.0,0.0,0.0,8.0,8.0,8.0,0.0,0.0,0.0,,,,,,,,,,,,,,,,0.0,0.0690078735351562,,paper_er_sf_sparse_alpha001_noweight_50rep_mpc_fgs,results/paper_aaai2027/frozen/results/estimated_graphs/paper_er_sf_sparse_alpha001_noweight_50rep_mpc_fgs/sf8/FGS/run_0025_seed_2051.npz,,paper_er_sf_sparse_alpha001_noweight_50rep_mpc_fgs,1.0,,1.0,2.0,,not applicable (score based)
sf8,SF (8),FGS,27,,2052.0,9.0,0.0,9.0,0.0,9.0,9.0,9.0,0.0,0.0,0.0,9.0,9.0,9.0,0.0,0.0,0.0,,,,,,,,,,,,,,,,0.0,0.0713067054748535,,paper_er_sf_sparse_alpha001_noweight_50rep_mpc_fgs,results/paper_aaai2027/frozen/results/estimated_graphs/paper_er_sf_sparse_alpha001_noweight_50rep_mpc_fgs/sf8/FGS/run_0026_seed_2052.npz,,paper_er_sf_sparse_alpha001_noweight_50rep_mpc_fgs,1.0,,1.0,2.0,,not applicable (score based)
sf8,SF (8),FGS,28,,2053.0,9.0,0.0,9.0,0.0,9.0,9.0,9.0,0.0,0.0,0.0,8.4,8.0,9.0,0.10908,0.1818,0.0,,,,,,,,,,,,,,,,0.0,0.0724647045135498,,paper_er_sf_sparse_alpha001_noweight_50rep_mpc_fgs,results/paper_aaai2027/frozen/results/estimated_graphs/paper_er_sf_sparse_alpha001_noweight_50rep_mpc_fgs/sf8/FGS/run_0027_seed_2053.npz,,paper_er_sf_sparse_alpha001_noweight_50rep_mpc_fgs,1.0,,1.0,5.0,,not applicable (score based)
sf8,SF (8),FGS,29,,2054.0,8.0,0.0,8.0,0.0,8.0,8.0,8.0,0.0,0.0,0.0,7.333333333333333,7.0,8.0,0.13333333333333333,0.2,0.0,,,,,,,,,,,,,,,,0.0,0.0740597248077392,,paper_er_sf_sparse_alpha001_noweight_50rep_mpc_fgs,results/paper_aaai2027/frozen/results/estimated_graphs/paper_er_sf_sparse_alpha001_noweight_50rep_mpc_fgs/sf8/FGS/run_0028_seed_2054.npz,,paper_er_sf_sparse_alpha001_noweight_50rep_mpc_fgs,1.0,,1.0,6.0,,not applicable (score based)
sf8,SF (8),FGS,30,,2055.0,11.0,0.0,11.0,0.0,11.0,11.0,11.0,0.0,0.0,0.0,11.0,11.0,11.0,0.0,0.0,0.0,,,,,,,,,,,,,,,,0.0,0.076305866241455,,paper_er_sf_sparse_alpha001_noweight_50rep_mpc_fgs,results/paper_aaai2027/frozen/results/estimated_graphs/paper_er_sf_sparse_alpha001_noweight_50rep_mpc_fgs/sf8/FGS/run_0029_seed_2055.npz,,paper_er_sf_sparse_alpha001_noweight_50rep_mpc_fgs,1.0,,1.0,3.0,,not applicable (score based)
sf8,SF (8),FGS,31,,2056.0,9.0,0.0,9.0,0.0,9.0,9.0,9.0,0.0,0.0,0.0,8.666666666666666,8.0,9.0,0.06666666666666667,0.2,0.0,,,,,,,,,,,,,,,,0.0,0.0927209854125976,,paper_er_sf_sparse_alpha001_noweight_50rep_mpc_fgs,results/paper_aaai2027/frozen/results/estimated_graphs/paper_er_sf_sparse_alpha001_noweight_50rep_mpc_fgs/sf8/FGS/run_0030_seed_2056.npz,,paper_er_sf_sparse_alpha001_noweight_50rep_mpc_fgs,1.0,,1.0,6.0,,not applicable (score based)
sf8,SF (8),FGS,32,,2057.0,9.0,0.0,9.0,0.0,9.0,9.0,9.0,0.0,0.0,0.0,9.0,9.0,9.0,0.0,0.0,0.0,,,,,,,,,,,,,,,,0.0,0.0724477767944336,,paper_er_sf_sparse_alpha001_noweight_50rep_mpc_fgs,results/paper_aaai2027/frozen/results/estimated_graphs/paper_er_sf_sparse_alpha001_noweight_50rep_mpc_fgs/sf8/FGS/run_0031_seed_2057.npz,,paper_er_sf_sparse_alpha001_noweight_50rep_mpc_fgs,1.0,,1.0,3.0,,not applicable (score based)
sf8,SF (8),FGS,33,,2058.0,7.0,0.0,8.0,0.0,7.0,7.0,7.0,0.0,0.0,0.0,7.166666666666667,6.0,8.0,0.16666666666666666,0.4,0.0,,,,,,,,,,,,,,,,0.0,0.0714294910430908,,paper_er_sf_sparse_alpha001_noweight_50rep_mpc_fgs,results/paper_aaai2027/frozen/results/estimated_graphs/paper_er_sf_sparse_alpha001_noweight_50rep_mpc_fgs/sf8/FGS/run_0032_seed_2058.npz,,paper_er_sf_sparse_alpha001_noweight_50rep_mpc_fgs,1.0,,1.0,6.0,,not applicable (score based)
sf8,SF (8),FGS,34,,2059.0,9.0,0.0,9.0,0.0,9.0,9.0,9.0,0.0,0.0,0.0,9.0,9.0,9.0,0.0,0.0,0.0,,,,,,,,,,,,,,,,0.0,0.0702860355377197,,paper_er_sf_sparse_alpha001_noweight_50rep_mpc_fgs,results/paper_aaai2027/frozen/results/estimated_graphs/paper_er_sf_sparse_alpha001_noweight_50rep_mpc_fgs/sf8/FGS/run_0033_seed_2059.npz,,paper_er_sf_sparse_alpha001_noweight_50rep_mpc_fgs,1.0,,1.0,1.0,,not applicable (score based)
sf8,SF (8),FGS,35,,2060.0,8.0,0.2222,7.0,0.2222,8.0,8.0,8.0,0.2222,0.2222,0.2222,7.5,7.0,8.0,0.1111,0.2222,0.0,,,,,,,,,,,,,,,,0.0,0.0703065395355224,,paper_er_sf_sparse_alpha001_noweight_50rep_mpc_fgs,results/paper_aaai2027/frozen/results/estimated_graphs/paper_er_sf_sparse_alpha001_noweight_50rep_mpc_fgs/sf8/FGS/run_0034_seed_2060.npz,,paper_er_sf_sparse_alpha001_noweight_50rep_mpc_fgs,1.0,,1.0,4.0,,not applicable (score based)
sf8,SF (8),FGS,36,,2061.0,10.0,0.0,10.0,0.0,10.0,10.0,10.0,0.0,0.0,0.0,10.0,10.0,10.0,0.0,0.0,0.0,,,,,,,,,,,,,,,,0.0,0.0726637840270996,,paper_er_sf_sparse_alpha001_noweight_50rep_mpc_fgs,results/paper_aaai2027/frozen/results/estimated_graphs/paper_er_sf_sparse_alpha001_noweight_50rep_mpc_fgs/sf8/FGS/run_0035_seed_2061.npz,,paper_er_sf_sparse_alpha001_noweight_50rep_mpc_fgs,1.0,,1.0,2.0,,not applicable (score based)
sf8,SF (8),FGS,37,,2062.0,10.0,0.3333,8.0,0.3333,10.0,10.0,10.0,0.3333,0.3333,0.3333,8.5,8.0,9.0,0.25,0.3333,0.1667,,,,,,,,,,,,,,,,0.0,0.0748069286346435,,paper_er_sf_sparse_alpha001_noweight_50rep_mpc_fgs,results/paper_aaai2027/frozen/results/estimated_graphs/paper_er_sf_sparse_alpha001_noweight_50rep_mpc_fgs/sf8/FGS/run_0036_seed_2062.npz,,paper_er_sf_sparse_alpha001_noweight_50rep_mpc_fgs,1.0,,1.0,2.0,,not applicable (score based)
sf8,SF (8),FGS,38,,2063.0,9.0,0.0,9.0,0.0,9.0,9.0,9.0,0.0,0.0,0.0,9.0,9.0,9.0,0.0,0.0,0.0,,,,,,,,,,,,,,,,0.0,0.0699636936187744,,paper_er_sf_sparse_alpha001_noweight_50rep_mpc_fgs,results/paper_aaai2027/frozen/results/estimated_graphs/paper_er_sf_sparse_alpha001_noweight_50rep_mpc_fgs/sf8/FGS/run_0037_seed_2063.npz,,paper_er_sf_sparse_alpha001_noweight_50rep_mpc_fgs,1.0,,1.0,3.0,,not applicable (score based)
sf8,SF (8),FGS,39,,2064.0,8.0,0.0,8.0,0.0,8.0,8.0,8.0,0.0,0.0,0.0,7.5,7.0,8.0,0.1111,0.2222,0.0,,,,,,,,,,,,,,,,0.0,0.0700721740722656,,paper_er_sf_sparse_alpha001_noweight_50rep_mpc_fgs,results/paper_aaai2027/frozen/results/estimated_graphs/paper_er_sf_sparse_alpha001_noweight_50rep_mpc_fgs/sf8/FGS/run_0038_seed_2064.npz,,paper_er_sf_sparse_alpha001_noweight_50rep_mpc_fgs,1.0,,1.0,4.0,,not applicable (score based)
sf8,SF (8),FGS,40,,2065.0,9.0,0.0,9.0,0.0,9.0,9.0,9.0,0.0,0.0,0.0,9.0,9.0,9.0,0.0,0.0,0.0,,,,,,,,,,,,,,,,0.0,0.0690357685089111,,paper_er_sf_sparse_alpha001_noweight_50rep_mpc_fgs,results/paper_aaai2027/frozen/results/estimated_graphs/paper_er_sf_sparse_alpha001_noweight_50rep_mpc_fgs/sf8/FGS/run_0039_seed_2065.npz,,paper_er_sf_sparse_alpha001_noweight_50rep_mpc_fgs,1.0,,1.0,4.0,,not applicable (score based)
sf8,SF (8),FGS,41,,2066.0,9.0,0.0,10.0,0.0,9.0,9.0,9.0,0.0,0.0,0.0,9.5,9.0,10.0,0.0909,0.1818,0.0,,,,,,,,,,,,,,,,0.0,0.074108600616455,,paper_er_sf_sparse_alpha001_noweight_50rep_mpc_fgs,results/paper_aaai2027/frozen/results/estimated_graphs/paper_er_sf_sparse_alpha001_noweight_50rep_mpc_fgs/sf8/FGS/run_0040_seed_2066.npz,,paper_er_sf_sparse_alpha001_noweight_50rep_mpc_fgs,1.0,,1.0,4.0,,not applicable (score based)
sf8,SF (8),FGS,42,,2067.0,7.0,0.2222,7.0,0.2222,7.0,7.0,7.0,0.2222,0.2222,0.2222,7.333333333333333,7.0,8.0,0.14813333333333334,0.2222,0.0,,,,,,,,,,,,,,,,0.0,0.0693292617797851,,paper_er_sf_sparse_alpha001_noweight_50rep_mpc_fgs,results/paper_aaai2027/frozen/results/estimated_graphs/paper_er_sf_sparse_alpha001_noweight_50rep_mpc_fgs/sf8/FGS/run_0041_seed_2067.npz,,paper_er_sf_sparse_alpha001_noweight_50rep_mpc_fgs,1.0,,1.0,3.0,,not applicable (score based)
sf8,SF (8),FGS,43,,2068.0,11.0,0.1667,10.0,0.1667,11.0,11.0,11.0,0.1667,0.1667,0.1667,10.333333333333334,10.0,11.0,0.11113333333333332,0.1667,0.0,,,,,,,,,,,,,,,,0.0,0.0747709274291992,,paper_er_sf_sparse_alpha001_noweight_50rep_mpc_fgs,results/paper_aaai2027/frozen/results/estimated_graphs/paper_er_sf_sparse_alpha001_noweight_50rep_mpc_fgs/sf8/FGS/run_0042_seed_2068.npz,,paper_er_sf_sparse_alpha001_noweight_50rep_mpc_fgs,1.0,,1.0,6.0,,not applicable (score based)
sf8,SF (8),FGS,44,,2069.0,9.0,0.0,9.0,0.0,9.0,9.0,9.0,0.0,0.0,0.0,9.0,9.0,9.0,0.0,0.0,0.0,,,,,,,,,,,,,,,,0.0,0.0699846744537353,,paper_er_sf_sparse_alpha001_noweight_50rep_mpc_fgs,results/paper_aaai2027/frozen/results/estimated_graphs/paper_er_sf_sparse_alpha001_noweight_50rep_mpc_fgs/sf8/FGS/run_0043_seed_2069.npz,,paper_er_sf_sparse_alpha001_noweight_50rep_mpc_fgs,1.0,,1.0,4.0,,not applicable (score based)
sf8,SF (8),FGS,45,,2070.0,10.0,0.1818,9.0,0.1818,10.0,10.0,10.0,0.1818,0.1818,0.1818,9.333333333333334,9.0,10.0,0.12119999999999999,0.1818,0.0,,,,,,,,,,,,,,,,0.0,0.0728533267974853,,paper_er_sf_sparse_alpha001_noweight_50rep_mpc_fgs,results/paper_aaai2027/frozen/results/estimated_graphs/paper_er_sf_sparse_alpha001_noweight_50rep_mpc_fgs/sf8/FGS/run_0044_seed_2070.npz,,paper_er_sf_sparse_alpha001_noweight_50rep_mpc_fgs,1.0,,1.0,3.0,,not applicable (score based)
sf8,SF (8),FGS,46,,2071.0,8.0,0.3333,8.0,0.3333,8.0,8.0,8.0,0.3333,0.3333,0.3333,8.0,8.0,8.0,0.3333,0.3333,0.3333,,,,,,,,,,,,,,,,0.0,0.0736720561981201,,paper_er_sf_sparse_alpha001_noweight_50rep_mpc_fgs,results/paper_aaai2027/frozen/results/estimated_graphs/paper_er_sf_sparse_alpha001_noweight_50rep_mpc_fgs/sf8/FGS/run_0045_seed_2071.npz,,paper_er_sf_sparse_alpha001_noweight_50rep_mpc_fgs,1.0,,1.0,4.0,,not applicable (score based)
sf8,SF (8),FGS,47,,2072.0,9.0,0.0,9.0,0.0,9.0,9.0,9.0,0.0,0.0,0.0,9.0,9.0,9.0,0.0,0.0,0.0,,,,,,,,,,,,,,,,0.0,0.0718178749084472,,paper_er_sf_sparse_alpha001_noweight_50rep_mpc_fgs,results/paper_aaai2027/frozen/results/estimated_graphs/paper_er_sf_sparse_alpha001_noweight_50rep_mpc_fgs/sf8/FGS/run_0046_seed_2072.npz,,paper_er_sf_sparse_alpha001_noweight_50rep_mpc_fgs,1.0,,1.0,3.0,,not applicable (score based)
sf8,SF (8),FGS,48,,2073.0,11.0,0.1667,10.0,0.1667,11.0,11.0,11.0,0.1667,0.1667,0.1667,10.25,10.0,11.0,0.125025,0.1667,0.0,,,,,,,,,,,,,,,,0.0,0.0757625102996826,,paper_er_sf_sparse_alpha001_noweight_50rep_mpc_fgs,results/paper_aaai2027/frozen/results/estimated_graphs/paper_er_sf_sparse_alpha001_noweight_50rep_mpc_fgs/sf8/FGS/run_0047_seed_2073.npz,,paper_er_sf_sparse_alpha001_noweight_50rep_mpc_fgs,1.0,,1.0,4.0,,not applicable (score based)
sf8,SF (8),FGS,49,,2074.0,9.0,0.2,8.0,0.2,9.0,9.0,9.0,0.2,0.2,0.2,8.666666666666666,8.0,9.0,0.06666666666666667,0.2,0.0,,,,,,,,,,,,,,,,0.0,0.0859897136688232,,paper_er_sf_sparse_alpha001_noweight_50rep_mpc_fgs,results/paper_aaai2027/frozen/results/estimated_graphs/paper_er_sf_sparse_alpha001_noweight_50rep_mpc_fgs/sf8/FGS/run_0048_seed_2074.npz,,paper_er_sf_sparse_alpha001_noweight_50rep_mpc_fgs,1.0,,1.0,6.0,,not applicable (score based)
sf8,SF (8),FGS,50,,2075.0,12.0,0.1429,11.0,0.1429,12.0,12.0,12.0,0.1429,0.1429,0.1429,11.5,11.0,12.0,0.07145,0.1429,0.0,,,,,,,,,,,,,,,,0.0,0.0764966011047363,,paper_er_sf_sparse_alpha001_noweight_50rep_mpc_fgs,results/paper_aaai2027/frozen/results/estimated_graphs/paper_er_sf_sparse_alpha001_noweight_50rep_mpc_fgs/sf8/FGS/run_0049_seed_2075.npz,,paper_er_sf_sparse_alpha001_noweight_50rep_mpc_fgs,1.0,,1.0,4.0,,not applicable (score based)
