dataset,num_nodes,num_edges,impl,seed,time,remove_n,dag_nnz,dag_fdr,dag_tpr,dag_fpr,dag_precision,dag_recall,dag_F1,dag_shd,dag_sid,cpdag_nnz,cpdag_fdr,cpdag_tpr,cpdag_fpr,cpdag_precision,cpdag_recall,cpdag_F1,cpdag_shd,cpdag_sid_low,cpdag_sid_high,AP,CIT_Precision,CIT_Recall,CIT_F1
survey,6,6,org,7816,0.1910719103179872,26,4.0,0.5833333333333334,0.27776666666666666,0.25923333333333337,0.4166666666666667,0.27776666666666666,0.3333333333333333,4.333333333333333,17.333333333333332,4.0,0.25,0.5,0.11110000000000002,0.75,0.5,0.6,5.0,17.0,18.0,0.9198770144687327,1.0,0.625,0.7692307692307693
survey,6,6,org,3578,0.35485050082206726,45,5.0,0.4666666666666666,0.4444333333333333,0.25923333333333337,0.5333333333333333,0.4444333333333333,0.4848666666666667,3.3333333333333335,16.333333333333332,5.0,0.20000000000000004,0.6667,0.11110000000000002,0.8000000000000002,0.6667,0.7273,4.0,16.0,17.0,0.9586447425139328,1.0,0.5306122448979592,0.6933333333333334
survey,6,6,org,2656,0.3178645223379135,44,4.0,0.875,0.08335,0.38885000000000003,0.125,0.08335,0.2,5.5,24.5,4.0,0.5,0.3333,0.2222,0.5,0.3333,0.4,6.0,18.0,25.0,0.9583448665026681,1.0,0.44680851063829785,0.6176470588235294
survey,6,6,org,2688,0.1245898618362844,20,3.0,0.53334,0.23333999999999996,0.17776,0.46665999999999996,0.23333999999999996,0.38887499999999997,4.6,18.0,3.0,0.0,0.5,0.0,1.0,0.5,0.6667,5.0,10.0,24.0,0.9529774329355463,1.0,0.5882352941176471,0.7407407407407407
survey,6,6,org,2494,0.4044081326574087,43,6.0,0.1667,0.8333,0.1111,0.8333,0.8333,0.8333,1.0,6.0,6.0,0.1667,0.8333,0.1111,0.8333,0.8333,0.8333,3.0,6.0,14.0,0.9268512745134931,0.9459459459459459,0.6363636363636364,0.7608695652173914
survey,6,6,org,183,0.24344570096582174,31,5.0,0.4666666666666666,0.4444333333333333,0.25923333333333337,0.5333333333333333,0.4444333333333333,0.4848666666666667,3.3333333333333335,16.333333333333332,5.0,0.20000000000000004,0.6667,0.11110000000000002,0.8000000000000002,0.6667,0.7273,4.0,16.0,17.0,0.8844017022044166,0.7916666666666666,0.6129032258064516,0.6909090909090909
survey,6,6,org,7977,0.33330327924340963,39,6.0,0.3333,0.6667,0.2222,0.6667,0.6667,0.6667,2.0,9.0,6.0,0.3333,0.6667,0.2222,0.6667,0.6667,0.6667,2.0,9.0,9.0,0.9504568207127915,0.975609756097561,0.7272727272727273,0.8333333333333334
survey,6,6,org,3199,0.19739407300949097,31,3.0,0.5,0.25,0.16665000000000002,0.5,0.25,0.33330000000000004,4.5,17.5,3.0,0.3333,0.3333,0.1111,0.6667,0.3333,0.4444,5.0,17.0,18.0,0.9182592334463597,1.0,0.2631578947368421,0.4166666666666667
survey,6,6,org,316,0.2416792088188231,33,5.0,0.4666666666666666,0.4444333333333333,0.25923333333333337,0.5333333333333333,0.4444333333333333,0.4848666666666667,3.3333333333333335,16.333333333333332,5.0,0.20000000000000004,0.6667,0.11110000000000002,0.8000000000000002,0.6667,0.7273,4.0,16.0,17.0,0.9030168570407198,0.8709677419354839,0.627906976744186,0.7297297297297297
survey,6,6,org,8266,0.25950255896896124,24,5.0,0.5,0.41667499999999996,0.27775,0.5,0.41667499999999996,0.45455,3.5,15.25,5.0,0.2,0.6667,0.1111,0.8,0.6667,0.7273,5.0,7.0,21.0,0.9487163997631979,0.9545454545454546,0.75,0.84
survey,6,6,org,1532,0.3552840300835669,42,6.0,0.58335,0.41664999999999996,0.38885000000000003,0.41664999999999996,0.41664999999999996,0.41664999999999996,3.5,19.5,6.0,0.3333,0.6667,0.2222,0.6667,0.6667,0.6667,5.0,13.0,20.0,0.9454490415002983,1.0,0.6774193548387096,0.8076923076923077
survey,6,6,org,1009,0.20039446977898479,29,4.0,0.75,0.166675,0.33330000000000004,0.25,0.166675,0.26666666666666666,5.0,21.5,4.0,0.5,0.3333,0.2222,0.5,0.3333,0.4,5.5,18.0,22.0,0.8950685805530199,0.9333333333333333,0.5384615384615384,0.6829268292682926
survey,6,6,org,2250,0.10568802012130618,18,3.0,0.16665,0.41664999999999996,0.05555,0.83335,0.41664999999999996,0.55555,3.5,14.0,3.0,0.0,0.5,0.0,1.0,0.5,0.6667,4.0,11.0,17.0,0.8328008021390374,1.0,0.4,0.5714285714285715
survey,6,6,org,4447,0.3721669353544712,39,6.0,0.3333,0.6667,0.2222,0.6667,0.6667,0.6667,2.0,9.0,6.0,0.3333,0.6667,0.2222,0.6667,0.6667,0.6667,2.0,9.0,9.0,0.9382860122685193,0.975609756097561,0.7272727272727273,0.8333333333333334
survey,6,6,org,2415,0.30122727807611227,41,3.0,0.5,0.25,0.16665000000000002,0.5,0.25,0.33330000000000004,4.5,17.5,3.0,0.3333,0.3333,0.1111,0.6667,0.3333,0.4444,5.0,17.0,18.0,0.9309634527474061,1.0,0.3142857142857143,0.4782608695652174
survey,6,6,org,3595,0.24596246611326933,28,5.0,0.4,0.5,0.2222,0.6,0.5,0.5455,3.0,14.0,5.0,0.4,0.5,0.2222,0.6,0.5,0.5455,3.0,14.0,14.0,0.9316906367700764,0.9166666666666666,0.6666666666666666,0.7719298245614035
survey,6,6,org,4187,0.24135552532970905,35,5.0,0.30000000000000004,0.58335,0.16665000000000002,0.7,0.58335,0.6364,2.5,11.5,5.0,0.2,0.6667,0.1111,0.8,0.6667,0.7273,4.0,11.0,12.0,0.9372258444369677,1.0,0.5714285714285714,0.7272727272727273
survey,6,6,org,4135,0.13583556935191154,18,4.0,0.25,0.5,0.1111,0.75,0.5,0.6,3.0,13.0,4.0,0.25,0.5,0.1111,0.75,0.5,0.6,3.0,13.0,13.0,0.8479043990447499,0.7857142857142857,0.7333333333333333,0.7586206896551724
survey,6,6,org,5174,0.31458211271092296,36,5.0,0.7,0.25,0.38885000000000003,0.30000000000000004,0.25,0.2727,4.5,23.5,5.0,0.4,0.5,0.2222,0.4,0.3333,0.3636,5.0,17.0,24.0,0.9388595593042722,0.925,0.7254901960784313,0.8131868131868133
survey,6,6,org,5303,0.22897015186026692,32,5.0,0.6,0.3333,0.3333,0.4,0.3333,0.3636,5.0,16.0,5.0,0.6,0.3333,0.3333,0.4,0.3333,0.3636,5.0,16.0,16.0,0.9556607072096922,1.0,0.5142857142857142,0.6792452830188679
survey,6,6,org,3942,0.21975051192566752,34,4.0,0.375,0.41664999999999996,0.16665000000000002,0.625,0.41664999999999996,0.5,3.5,12.5,4.0,0.25,0.5,0.1111,0.75,0.5,0.6,4.0,12.0,19.0,0.9043289549041738,1.0,0.42857142857142855,0.6
survey,6,6,org,2778,0.15024773962795734,18,4.0,0.5833333333333334,0.27776666666666666,0.25923333333333337,0.4166666666666667,0.27776666666666666,0.3333333333333333,4.333333333333333,17.333333333333332,4.0,0.25,0.5,0.11110000000000002,0.75,0.5,0.6,5.0,17.0,18.0,0.882093962078406,0.75,0.7142857142857143,0.7317073170731706
survey,6,6,org,2804,0.26946725975722075,37,3.0,0.6,0.2,0.19998,0.4,0.2,0.33330000000000004,4.8,18.4,3.0,0.13332,0.43332,0.04444,0.86668,0.43332,0.57778,5.0,12.8,21.6,0.8619774321265099,1.0,0.2916666666666667,0.45161290322580644
survey,6,6,org,2145,0.38888966711238027,44,6.0,0.41664999999999996,0.58335,0.27775,0.58335,0.58335,0.58335,2.5,13.5,6.0,0.3333,0.6667,0.2222,0.6667,0.6667,0.6667,4.0,13.0,14.0,0.9224981019665974,0.9444444444444444,0.5964912280701754,0.7311827956989247
survey,6,6,org,150,0.12919865269213915,16,4.0,0.45,0.36666,0.19998,0.55,0.36666,0.43999999999999995,3.8,17.8,4.0,0.0,0.6667,0.0,0.75,0.5,0.6,5.0,15.0,29.0,0.9509450375046351,0.8666666666666667,0.65,0.7428571428571429
survey,6,6,org,8823,0.20315806800499558,33,3.0,0.6,0.19999999999999998,0.19998,0.39999999999999997,0.19999999999999998,0.3333,4.8,18.2,3.0,0.0,0.5,0.0,1.0,0.5,0.6667,5.0,10.0,24.0,0.990901710820388,1.0,0.37142857142857144,0.5416666666666666
survey,6,6,org,4669,0.4238842511549592,49,6.0,0.58335,0.41664999999999996,0.38885000000000003,0.41664999999999996,0.41664999999999996,0.41664999999999996,3.5,19.5,6.0,0.3333,0.6667,0.2222,0.6667,0.6667,0.6667,5.0,13.0,20.0,0.9000983882889204,0.967741935483871,0.5454545454545454,0.6976744186046512
survey,6,6,org,6131,0.2646208070218563,37,5.0,0.4666666666666666,0.4444333333333333,0.25923333333333337,0.5333333333333333,0.4444333333333333,0.4848666666666667,3.3333333333333335,16.333333333333332,5.0,0.20000000000000004,0.6667,0.11110000000000002,0.8000000000000002,0.6667,0.7273,4.0,16.0,17.0,0.9373264091264077,1.0,0.6428571428571429,0.782608695652174
survey,6,6,org,2617,0.2010157499462366,30,4.0,0.5,0.333325,0.2222,0.5,0.333325,0.39999999999999997,4.0,15.5,4.0,0.25,0.5,0.1111,0.75,0.5,0.6,6.0,12.0,19.0,0.9473452663586958,1.0,0.5862068965517241,0.7391304347826086
survey,6,6,org,7166,0.23386433999985456,24,5.0,0.4,0.5,0.2222,0.6,0.5,0.5455,3.0,14.0,5.0,0.4,0.5,0.2222,0.6,0.5,0.5455,3.0,14.0,14.0,0.8587792599956603,0.8181818181818182,0.6428571428571429,0.7200000000000001
survey,6,6,org,1428,0.17305728001520038,25,4.0,0.5833333333333334,0.27776666666666666,0.25923333333333337,0.4166666666666667,0.27776666666666666,0.3333333333333333,4.333333333333333,17.333333333333332,4.0,0.25,0.5,0.11110000000000002,0.75,0.5,0.6,5.0,17.0,18.0,0.9206611811391223,1.0,0.6666666666666666,0.8
survey,6,6,org,8328,0.25616596825420856,35,4.0,0.625,0.25,0.27775,0.375,0.25,0.30000000000000004,4.5,18.5,4.0,0.5,0.3333,0.2222,0.5,0.3333,0.4,5.0,18.0,19.0,0.9436706418546237,1.0,0.6046511627906976,0.7536231884057971
survey,6,6,org,8289,0.2266000397503376,37,3.0,0.53334,0.23333999999999996,0.17776,0.46665999999999996,0.23333999999999996,0.38887499999999997,4.6,18.0,3.0,0.0,0.5,0.0,1.0,0.5,0.6667,5.0,10.0,24.0,0.9270816722264794,1.0,0.32142857142857145,0.4864864864864865
survey,6,6,org,5978,0.22749622212722898,26,5.0,0.4,0.5,0.2222,0.6,0.5,0.5455,3.0,14.0,5.0,0.4,0.5,0.2222,0.6,0.5,0.5455,3.0,14.0,14.0,0.9067603686234971,0.8846153846153846,0.6764705882352942,0.7666666666666666
survey,6,6,org,5511,0.32548843836411834,37,5.0,0.4666666666666666,0.4444333333333333,0.25923333333333337,0.5333333333333333,0.4444333333333333,0.4848666666666667,3.3333333333333335,16.333333333333332,5.0,0.20000000000000004,0.6667,0.11110000000000002,0.8000000000000002,0.6667,0.7273,4.0,16.0,17.0,0.9282168255677352,0.9629629629629629,0.5909090909090909,0.732394366197183
survey,6,6,org,5864,0.13355932803824544,21,3.0,0.46665999999999996,0.26666,0.15554,0.53334,0.26666,0.44442499999999996,4.4,15.6,3.0,0.0,0.5,0.0,1.0,0.5,0.6667,5.0,10.0,24.0,0.8958437074197944,0.9230769230769231,0.6666666666666666,0.7741935483870968
survey,6,6,org,606,0.2292442307807505,23,5.0,0.6,0.3333,0.3333,0.4,0.3333,0.3636,4.0,20.0,5.0,0.4,0.5,0.2222,0.6,0.5,0.5455,4.0,14.0,20.0,0.9438992273946507,0.9565217391304348,0.7857142857142857,0.8627450980392156
survey,6,6,org,1933,0.21592162596061826,27,4.0,0.5833333333333334,0.27776666666666666,0.25923333333333337,0.4166666666666667,0.27776666666666666,0.3333333333333333,4.333333333333333,17.333333333333332,4.0,0.25,0.5,0.11110000000000002,0.75,0.5,0.6,5.0,17.0,18.0,0.929676743033941,1.0,0.5769230769230769,0.7317073170731707
survey,6,6,org,6071,0.16244322201237082,23,4.0,0.5,0.333325,0.2222,0.5,0.333325,0.4,4.0,14.5,4.0,0.3125,0.458325,0.138875,0.6875,0.458325,0.55,4.75,9.75,19.5,0.9428764116996624,0.9411764705882353,0.7272727272727273,0.8205128205128205
survey,6,6,org,5504,0.2222774992696941,31,4.0,0.65,0.23334000000000002,0.28886,0.35,0.23334000000000002,0.35000000000000003,4.6,19.2,4.0,0.0,0.6667,0.0,1.0,0.6667,0.8,5.0,10.0,24.0,0.9468152888347263,0.9375,0.5357142857142857,0.6818181818181818
survey,6,6,org,5163,0.23905693693086505,33,5.0,0.4666666666666666,0.4444333333333333,0.25923333333333337,0.5333333333333333,0.4444333333333333,0.4848666666666667,3.3333333333333335,16.333333333333332,5.0,0.20000000000000004,0.6667,0.11110000000000002,0.8000000000000002,0.6667,0.7273,4.0,16.0,17.0,0.8891708619039266,0.9090909090909091,0.6060606060606061,0.7272727272727273
survey,6,6,org,2406,0.2052768711000681,28,5.0,0.6,0.3333,0.3333,0.4,0.3333,0.3636,5.0,17.0,5.0,0.6,0.3333,0.3333,0.4,0.3333,0.3636,6.0,14.0,20.0,0.8867515051352899,0.9473684210526315,0.6666666666666666,0.782608695652174
survey,6,6,org,304,0.24412239203229547,25,5.0,0.5,0.41664999999999996,0.27775,0.5,0.41664999999999996,0.45455,3.5,14.5,5.0,0.4,0.5,0.2222,0.6,0.5,0.5455,5.0,14.0,15.0,0.9580137044947077,0.9523809523809523,0.6666666666666666,0.7843137254901961
survey,6,6,org,3391,0.24796234676614404,36,4.0,0.55,0.3,0.24442,0.45,0.3,0.36,4.2,18.4,4.0,0.05,0.63336,0.02222,0.7,0.46665999999999996,0.56,5.0,15.2,27.8,0.9569916519335643,1.0,0.32432432432432434,0.489795918367347
survey,6,6,org,359,0.34860481368377805,45,6.0,0.0,1.0,0.0,1.0,1.0,1.0,0.0,0.0,6.0,0.0,1.0,0.0,1.0,1.0,1.0,0.0,0.0,7.0,0.9409496878324337,1.0,0.660377358490566,0.7954545454545454
survey,6,6,org,9096,0.2027614531107247,29,4.0,0.25,0.5,0.1111,0.75,0.5,0.6,3.0,13.0,4.0,0.25,0.5,0.1111,0.75,0.5,0.6,3.0,13.0,13.0,0.9065870811274961,1.0,0.6,0.7499999999999999
survey,6,6,org,3533,0.2746962779201567,28,5.0,0.5,0.41664999999999996,0.27775,0.5,0.41664999999999996,0.45455,3.5,13.0,5.0,0.4,0.5,0.2222,0.6,0.5,0.5455,6.0,10.0,16.0,0.8978968777897136,0.9444444444444444,0.6071428571428571,0.7391304347826088
survey,6,6,org,4125,0.34074223972857,36,5.0,0.4666666666666666,0.4444333333333333,0.25923333333333337,0.5333333333333333,0.4444333333333333,0.4848666666666667,3.3333333333333335,16.333333333333332,5.0,0.20000000000000004,0.6667,0.11110000000000002,0.8000000000000002,0.6667,0.7273,4.0,16.0,17.0,0.9578097250996818,1.0,0.6666666666666666,0.8
survey,6,6,org,3094,0.2510262164287269,34,5.0,0.4666666666666666,0.4444333333333333,0.25923333333333337,0.5333333333333333,0.4444333333333333,0.4848666666666667,3.3333333333333335,16.333333333333332,5.0,0.20000000000000004,0.6667,0.11110000000000002,0.8000000000000002,0.6667,0.7273,4.0,16.0,17.0,0.9297156852439407,0.9523809523809523,0.5882352941176471,0.7272727272727274
survey,6,6,org,6398,0.15727290231734514,21,4.0,0.5833333333333334,0.27776666666666666,0.25923333333333337,0.4166666666666667,0.27776666666666666,0.3333333333333333,4.333333333333333,17.333333333333332,4.0,0.25,0.5,0.11110000000000002,0.75,0.5,0.6,5.0,17.0,18.0,0.8970862259924759,0.85,0.7083333333333334,0.7727272727272727
survey,6,6,new,7816,0.18478812417015433,26,4.0,0.5833333333333334,0.27776666666666666,0.25923333333333337,0.4166666666666667,0.27776666666666666,0.3333333333333333,4.333333333333333,17.333333333333332,4.0,0.25,0.5,0.11110000000000002,0.75,0.5,0.6,5.0,17.0,18.0,0.9198770144687327,1.0,0.625,0.7692307692307693
survey,6,6,new,3578,0.3478972651064396,45,5.0,0.4666666666666666,0.4444333333333333,0.25923333333333337,0.5333333333333333,0.4444333333333333,0.4848666666666667,3.3333333333333335,16.333333333333332,5.0,0.20000000000000004,0.6667,0.11110000000000002,0.8000000000000002,0.6667,0.7273,4.0,16.0,17.0,0.9586447425139328,1.0,0.5306122448979592,0.6933333333333334
survey,6,6,new,2656,0.34357302775606513,44,4.0,0.625,0.25,0.27775,0.375,0.25,0.30000000000000004,4.5,18.5,4.0,0.5,0.3333,0.2222,0.5,0.3333,0.4,5.0,18.0,19.0,0.9583448665026681,1.0,0.44680851063829785,0.6176470588235294
survey,6,6,new,2688,0.1269137617200613,20,3.0,0.333325,0.333325,0.1111,0.666675,0.333325,0.44442499999999996,4.0,14.0,3.0,0.16665,0.41664999999999996,0.05555,0.83335,0.41664999999999996,0.55555,5.0,13.5,21.0,0.9529774329355463,1.0,0.5882352941176471,0.7407407407407407
survey,6,6,new,2494,0.35811364371329546,43,6.0,0.1667,0.8333,0.1111,0.8333,0.8333,0.8333,1.0,6.0,6.0,0.1667,0.8333,0.1111,0.8333,0.8333,0.8333,3.0,6.0,14.0,0.9268512745134931,0.9459459459459459,0.6363636363636364,0.7608695652173914
survey,6,6,new,183,0.22791153425350785,31,5.0,0.4666666666666666,0.4444333333333333,0.25923333333333337,0.5333333333333333,0.4444333333333333,0.4848666666666667,3.3333333333333335,16.333333333333332,5.0,0.20000000000000004,0.6667,0.11110000000000002,0.8000000000000002,0.6667,0.7273,4.0,16.0,17.0,0.8844017022044166,0.7916666666666666,0.6129032258064516,0.6909090909090909
survey,6,6,new,7977,0.3762726499699056,39,6.0,0.3333,0.6667,0.2222,0.6667,0.6667,0.6667,2.0,9.0,6.0,0.3333,0.6667,0.2222,0.6667,0.6667,0.6667,2.0,9.0,9.0,0.9504568207127915,0.975609756097561,0.7272727272727273,0.8333333333333334
survey,6,6,new,3199,0.17502579605206847,31,3.0,0.5,0.25,0.16665000000000002,0.5,0.25,0.33330000000000004,4.5,17.5,3.0,0.3333,0.3333,0.1111,0.6667,0.3333,0.4444,5.0,17.0,18.0,0.9182592334463597,1.0,0.2631578947368421,0.4166666666666667
survey,6,6,new,316,0.2429776219651103,33,5.0,0.4666666666666666,0.4444333333333333,0.25923333333333337,0.5333333333333333,0.4444333333333333,0.4848666666666667,3.3333333333333335,16.333333333333332,5.0,0.20000000000000004,0.6667,0.11110000000000002,0.8000000000000002,0.6667,0.7273,4.0,16.0,17.0,0.9030168570407198,0.8709677419354839,0.627906976744186,0.7297297297297297
survey,6,6,new,8266,0.20947186183184385,24,5.0,0.2,0.6667,0.1111,0.8,0.6667,0.7273,2.0,7.0,5.0,0.2,0.6667,0.1111,0.8,0.6667,0.7273,5.0,7.0,21.0,0.9487163997631979,0.9545454545454546,0.75,0.84
survey,6,6,new,1532,0.33487766794860363,42,6.0,0.41664999999999996,0.58335,0.27775,0.58335,0.58335,0.58335,2.5,13.5,6.0,0.3333,0.6667,0.2222,0.6667,0.6667,0.6667,4.0,13.0,14.0,0.9454490415002983,1.0,0.6774193548387096,0.8076923076923077
survey,6,6,new,1009,0.1728290249593556,29,4.0,0.625,0.25,0.27775,0.375,0.25,0.30000000000000004,4.5,18.5,4.0,0.5,0.3333,0.2222,0.5,0.3333,0.4,5.0,18.0,19.0,0.8950685805530199,0.9333333333333333,0.5384615384615384,0.6829268292682926
survey,6,6,new,2250,0.09788416884839535,18,3.0,0.0,0.5,0.0,1.0,0.5,0.6667,3.0,11.0,3.0,0.0,0.5,0.0,1.0,0.5,0.6667,4.0,11.0,17.0,0.8328008021390374,1.0,0.4,0.5714285714285715
survey,6,6,new,4447,0.30512368585914373,39,6.0,0.3333,0.6667,0.2222,0.6667,0.6667,0.6667,2.0,9.0,6.0,0.3333,0.6667,0.2222,0.6667,0.6667,0.6667,2.0,9.0,9.0,0.9382860122685193,0.975609756097561,0.7272727272727273,0.8333333333333334
survey,6,6,new,2415,0.28823761409148574,41,3.0,0.5,0.25,0.16665000000000002,0.5,0.25,0.33330000000000004,4.5,17.5,3.0,0.3333,0.3333,0.1111,0.6667,0.3333,0.4444,5.0,17.0,18.0,0.9309634527474061,1.0,0.3142857142857143,0.4782608695652174
survey,6,6,new,3595,0.24206574307754636,28,5.0,0.4,0.5,0.2222,0.6,0.5,0.5455,3.0,14.0,5.0,0.4,0.5,0.2222,0.6,0.5,0.5455,3.0,14.0,14.0,0.9316906367700764,0.9166666666666666,0.6666666666666666,0.7719298245614035
survey,6,6,new,4187,0.22631793282926083,35,5.0,0.30000000000000004,0.58335,0.16665000000000002,0.7,0.58335,0.6364,2.5,11.5,5.0,0.2,0.6667,0.1111,0.8,0.6667,0.7273,4.0,11.0,12.0,0.9372258444369677,1.0,0.5714285714285714,0.7272727272727273
survey,6,6,new,4135,0.12741465214639902,18,4.0,0.25,0.5,0.1111,0.75,0.5,0.6,3.0,13.0,4.0,0.25,0.5,0.1111,0.75,0.5,0.6,3.0,13.0,13.0,0.8479043990447499,0.7857142857142857,0.7333333333333333,0.7586206896551724
survey,6,6,new,5174,0.31565147265791893,36,5.0,0.5,0.41664999999999996,0.27775,0.5,0.41664999999999996,0.45455,3.5,17.5,5.0,0.4,0.5,0.2222,0.6,0.5,0.5455,4.0,17.0,18.0,0.9388595593042722,0.925,0.7254901960784313,0.8131868131868133
survey,6,6,new,5303,0.23409500578418374,32,5.0,0.6,0.3333,0.3333,0.4,0.3333,0.3636,5.0,16.0,5.0,0.6,0.3333,0.3333,0.4,0.3333,0.3636,5.0,16.0,16.0,0.9556607072096922,1.0,0.5142857142857142,0.6792452830188679
survey,6,6,new,3942,0.22664747200906277,34,4.0,0.375,0.41664999999999996,0.16665000000000002,0.625,0.41664999999999996,0.5,3.5,12.5,4.0,0.25,0.5,0.1111,0.75,0.5,0.6,4.0,12.0,19.0,0.9043289549041738,1.0,0.42857142857142855,0.6
survey,6,6,new,2778,0.13008944876492023,18,4.0,0.5833333333333334,0.27776666666666666,0.25923333333333337,0.4166666666666667,0.27776666666666666,0.3333333333333333,4.333333333333333,17.333333333333332,4.0,0.25,0.5,0.11110000000000002,0.75,0.5,0.6,5.0,17.0,18.0,0.882093962078406,0.75,0.7142857142857143,0.7317073170731706
survey,6,6,new,2804,0.23858682112768292,37,3.0,0.333325,0.333325,0.1111,0.666675,0.333325,0.44442499999999996,4.0,14.0,3.0,0.16665,0.41664999999999996,0.05555,0.83335,0.41664999999999996,0.55555,5.0,13.5,21.0,0.8619774321265099,1.0,0.2916666666666667,0.45161290322580644
survey,6,6,new,2145,0.4415628910064697,44,6.0,0.41664999999999996,0.58335,0.27775,0.58335,0.58335,0.58335,2.5,13.5,6.0,0.3333,0.6667,0.2222,0.6667,0.6667,0.6667,4.0,13.0,14.0,0.9224981019665974,0.9444444444444444,0.5964912280701754,0.7311827956989247
survey,6,6,new,150,0.11267548892647028,16,4.0,0.125,0.58335,0.05555,0.875,0.58335,0.7,2.5,9.5,4.0,0.0,0.6667,0.0,1.0,0.6667,0.8,3.0,9.0,17.0,0.9509450375046351,0.8666666666666667,0.65,0.7428571428571429
survey,6,6,new,8823,0.19880747608840466,33,3.0,0.16665,0.41664999999999996,0.05555,0.83335,0.41664999999999996,0.55555,3.5,10.5,3.0,0.0,0.5,0.0,1.0,0.5,0.6667,5.0,10.0,24.0,0.990901710820388,1.0,0.37142857142857144,0.5416666666666666
survey,6,6,new,4669,0.36826235335320234,49,6.0,0.41664999999999996,0.58335,0.27775,0.58335,0.58335,0.58335,2.5,13.5,6.0,0.3333,0.6667,0.2222,0.6667,0.6667,0.6667,4.0,13.0,14.0,0.9000983882889204,0.967741935483871,0.5454545454545454,0.6976744186046512
survey,6,6,new,6131,0.2797797741368413,37,5.0,0.4666666666666666,0.4444333333333333,0.25923333333333337,0.5333333333333333,0.4444333333333333,0.4848666666666667,3.3333333333333335,16.333333333333332,5.0,0.20000000000000004,0.6667,0.11110000000000002,0.8000000000000002,0.6667,0.7273,4.0,16.0,17.0,0.9373264091264077,1.0,0.6428571428571429,0.782608695652174
survey,6,6,new,2617,0.1922752968966961,30,4.0,0.375,0.41664999999999996,0.16665000000000002,0.625,0.41664999999999996,0.5,3.5,12.5,4.0,0.25,0.5,0.1111,0.75,0.5,0.6,6.0,12.0,19.0,0.9473452663586958,1.0,0.5862068965517241,0.7391304347826086
survey,6,6,new,7166,0.24151163827627897,24,5.0,0.4,0.5,0.2222,0.6,0.5,0.5455,3.0,14.0,5.0,0.4,0.5,0.2222,0.6,0.5,0.5455,3.0,14.0,14.0,0.8587792599956603,0.8181818181818182,0.6428571428571429,0.7200000000000001
survey,6,6,new,1428,0.17129646986722946,25,4.0,0.5833333333333334,0.27776666666666666,0.25923333333333337,0.4166666666666667,0.27776666666666666,0.3333333333333333,4.333333333333333,17.333333333333332,4.0,0.25,0.5,0.11110000000000002,0.75,0.5,0.6,5.0,17.0,18.0,0.9206611811391223,1.0,0.6666666666666666,0.8
survey,6,6,new,8328,0.2751190713606775,35,4.0,0.625,0.25,0.27775,0.375,0.25,0.30000000000000004,4.5,18.5,4.0,0.5,0.3333,0.2222,0.5,0.3333,0.4,5.0,18.0,19.0,0.9436706418546237,1.0,0.6046511627906976,0.7536231884057971
survey,6,6,new,8289,0.227526371832937,37,3.0,0.16665,0.41664999999999996,0.05555,0.83335,0.41664999999999996,0.55555,3.5,10.5,3.0,0.0,0.5,0.0,1.0,0.5,0.6667,5.0,10.0,24.0,0.9270816722264794,1.0,0.32142857142857145,0.4864864864864865
survey,6,6,new,5978,0.1971862600184977,26,5.0,0.4,0.5,0.2222,0.6,0.5,0.5455,3.0,14.0,5.0,0.4,0.5,0.2222,0.6,0.5,0.5455,3.0,14.0,14.0,0.9067603686234971,0.8846153846153846,0.6764705882352942,0.7666666666666666
survey,6,6,new,5511,0.280363786034286,37,5.0,0.4666666666666666,0.4444333333333333,0.25923333333333337,0.5333333333333333,0.4444333333333333,0.4848666666666667,3.3333333333333335,16.333333333333332,5.0,0.20000000000000004,0.6667,0.11110000000000002,0.8000000000000002,0.6667,0.7273,4.0,16.0,17.0,0.9282168255677352,0.9629629629629629,0.5909090909090909,0.732394366197183
survey,6,6,new,5864,0.13697677478194237,21,3.0,0.16665,0.41664999999999996,0.05555,0.83335,0.41664999999999996,0.55555,3.5,10.5,3.0,0.0,0.5,0.0,1.0,0.5,0.6667,5.0,10.0,24.0,0.8958437074197944,0.9230769230769231,0.6666666666666666,0.7741935483870968
survey,6,6,new,606,0.2037459583953023,25,5.0,0.2,0.6667,0.1111,0.8,0.6667,0.7273,2.0,7.0,5.0,0.2,0.6667,0.1111,0.8,0.6667,0.7273,5.0,7.0,21.0,0.9438992273946507,1.0,0.75,0.8571428571428571
survey,6,6,new,1933,0.18721931986510754,27,4.0,0.5833333333333334,0.27776666666666666,0.25923333333333337,0.4166666666666667,0.27776666666666666,0.3333333333333333,4.333333333333333,17.333333333333332,4.0,0.25,0.5,0.11110000000000002,0.75,0.5,0.6,5.0,17.0,18.0,0.929676743033941,1.0,0.5769230769230769,0.7317073170731707
survey,6,6,new,6071,0.15155487693846226,23,4.0,0.375,0.41664999999999996,0.16665000000000002,0.625,0.41664999999999996,0.5,3.5,11.5,4.0,0.375,0.41664999999999996,0.16665000000000002,0.625,0.41664999999999996,0.5,4.5,11.5,18.0,0.9428764116996624,0.9411764705882353,0.7272727272727273,0.8205128205128205
survey,6,6,new,5504,0.19329560035839677,31,4.0,0.25,0.5,0.1111,0.75,0.5,0.6,3.0,10.0,4.0,0.0,0.6667,0.0,1.0,0.6667,0.8,5.0,10.0,24.0,0.9468152888347263,0.9375,0.5357142857142857,0.6818181818181818
survey,6,6,new,5163,0.24407150223851204,33,5.0,0.4666666666666666,0.4444333333333333,0.25923333333333337,0.5333333333333333,0.4444333333333333,0.4848666666666667,3.3333333333333335,16.333333333333332,5.0,0.20000000000000004,0.6667,0.11110000000000002,0.8000000000000002,0.6667,0.7273,4.0,16.0,17.0,0.8891708619039266,0.9090909090909091,0.6060606060606061,0.7272727272727273
survey,6,6,new,2406,0.201407709158957,28,5.0,0.6,0.3333,0.3333,0.4,0.3333,0.3636,5.0,14.0,5.0,0.6,0.3333,0.3333,0.4,0.3333,0.3636,6.0,14.0,20.0,0.8867515051352899,0.9473684210526315,0.6666666666666666,0.782608695652174
survey,6,6,new,304,0.2078759642317891,25,5.0,0.5,0.41664999999999996,0.27775,0.5,0.41664999999999996,0.45455,3.5,14.5,5.0,0.4,0.5,0.2222,0.6,0.5,0.5455,5.0,14.0,15.0,0.9580137044947077,0.9523809523809523,0.6666666666666666,0.7843137254901961
survey,6,6,new,3391,0.23540550377219915,36,4.0,0.125,0.58335,0.05555,0.875,0.58335,0.7,2.5,9.5,4.0,0.0,0.6667,0.0,1.0,0.6667,0.8,3.0,9.0,17.0,0.9569916519335643,1.0,0.32432432432432434,0.489795918367347
survey,6,6,new,359,0.3613666552118957,45,6.0,0.0,1.0,0.0,1.0,1.0,1.0,0.0,0.0,6.0,0.0,1.0,0.0,1.0,1.0,1.0,0.0,0.0,7.0,0.9409496878324337,1.0,0.660377358490566,0.7954545454545454
survey,6,6,new,9096,0.2305505909025669,29,4.0,0.25,0.5,0.1111,0.75,0.5,0.6,3.0,13.0,4.0,0.25,0.5,0.1111,0.75,0.5,0.6,3.0,13.0,13.0,0.9065870811274961,1.0,0.6,0.7499999999999999
survey,6,6,new,3533,0.23291722498834133,28,5.0,0.4,0.5,0.2222,0.6,0.5,0.5455,3.0,10.0,5.0,0.4,0.5,0.2222,0.6,0.5,0.5455,6.0,10.0,16.0,0.8978968777897136,0.9444444444444444,0.6071428571428571,0.7391304347826088
survey,6,6,new,4125,0.25978311570361257,36,5.0,0.4666666666666666,0.4444333333333333,0.25923333333333337,0.5333333333333333,0.4444333333333333,0.4848666666666667,3.3333333333333335,16.333333333333332,5.0,0.20000000000000004,0.6667,0.11110000000000002,0.8000000000000002,0.6667,0.7273,4.0,16.0,17.0,0.9578097250996818,1.0,0.6666666666666666,0.8
survey,6,6,new,3094,0.23783002002164721,34,5.0,0.4666666666666666,0.4444333333333333,0.25923333333333337,0.5333333333333333,0.4444333333333333,0.4848666666666667,3.3333333333333335,16.333333333333332,5.0,0.20000000000000004,0.6667,0.11110000000000002,0.8000000000000002,0.6667,0.7273,4.0,16.0,17.0,0.9297156852439407,0.9523809523809523,0.5882352941176471,0.7272727272727274
survey,6,6,new,6398,0.1457165121100843,21,4.0,0.5833333333333334,0.27776666666666666,0.25923333333333337,0.4166666666666667,0.27776666666666666,0.3333333333333333,4.333333333333333,17.333333333333332,4.0,0.25,0.5,0.11110000000000002,0.75,0.5,0.6,5.0,17.0,18.0,0.8970862259924759,0.85,0.7083333333333334,0.7727272727272727
cancer,5,4,org,7816,0.1004046923480928,9,4.0,0.25,0.75,0.1667,0.75,0.75,0.75,1.0,5.0,4.0,0.25,0.75,0.1667,0.75,0.75,0.75,1.0,5.0,10.0,0.9907555974569625,0.9714285714285714,0.85,0.9066666666666667
cancer,5,4,org,3578,0.15859603509306908,19,3.0,0.3333,0.5,0.1667,0.6667,0.5,0.5714,2.0,6.0,3.0,0.3333,0.5,0.1667,0.6667,0.5,0.5714,2.0,6.0,11.0,0.9888242283079238,1.0,0.4166666666666667,0.5882352941176471
cancer,5,4,org,2656,0.10145855182781816,8,4.0,0.25,0.75,0.1667,0.75,0.75,0.75,1.0,5.0,4.0,0.25,0.75,0.1667,0.75,0.75,0.75,1.0,5.0,10.0,0.9913485461749113,0.9722222222222222,0.875,0.9210526315789473
cancer,5,4,org,2688,0.09346022037789226,8,4.0,0.0,1.0,0.0,1.0,1.0,1.0,0.0,0.0,4.0,0.0,1.0,0.0,1.0,1.0,1.0,0.0,0.0,5.0,0.9962825622838805,1.0,0.9230769230769231,0.9600000000000001
cancer,5,4,org,2494,0.09213767061010003,8,4.0,0.25,0.75,0.1667,0.75,0.75,0.75,1.0,5.0,4.0,0.25,0.75,0.1667,0.75,0.75,0.75,1.0,5.0,10.0,0.9856594582615659,0.9444444444444444,0.8717948717948718,0.9066666666666667
cancer,5,4,org,183,0.10449534608051181,13,2.0,0.5,0.25,0.16666666666666666,0.5,0.25,0.5,3.0,10.0,2.0,0.0,0.5,0.0,0.5,0.25,0.3333,3.0,5.0,15.0,0.9491262879420774,1.0,0.5333333333333333,0.6956521739130436
cancer,5,4,org,7977,0.0975516946054995,10,4.0,0.5,0.5,0.3333,0.5,0.5,0.5,2.0,10.0,4.0,0.25,0.75,0.1667,0.5,0.5,0.5,2.0,5.0,15.0,0.9885041081570163,0.9705882352941176,0.8461538461538461,0.9041095890410958
cancer,5,4,org,3199,0.11204923689365387,14,3.0,1.0,0.0,0.5,0.0,0.0,,4.0,16.0,3.0,0.6667,0.25,0.3333,0.0,0.0,,4.0,11.0,16.0,0.9865036478672842,1.0,0.6363636363636364,0.7777777777777778
cancer,5,4,org,316,0.1286325571127236,21,2.0,0.5,0.25,0.1667,0.5,0.25,0.3333,3.0,10.0,2.0,0.5,0.25,0.1667,0.5,0.25,0.3333,3.0,10.0,10.0,0.997252747252747,1.0,0.5384615384615384,0.7000000000000001
cancer,5,4,org,8266,0.06707845721393824,6,3.0,0.3333,0.5,0.1667,0.6667,0.5,0.5714,2.0,6.0,3.0,0.3333,0.5,0.1667,0.6667,0.5,0.5714,2.0,6.0,11.0,0.9820586622807017,0.9375,0.9375,0.9375
cancer,5,4,org,1532,0.09240496810525656,6,4.0,0.5,0.5,0.3333,0.5,0.5,0.5,2.0,10.0,4.0,0.5,0.5,0.3333,0.5,0.5,0.5,2.0,10.0,10.0,0.9797650146421799,0.8947368421052632,0.8717948717948718,0.8831168831168831
cancer,5,4,org,1009,0.07462436007335782,8,3.0,0.3333,0.5,0.1667,0.6667,0.5,0.5714,2.0,6.0,3.0,0.3333,0.5,0.1667,0.6667,0.5,0.5714,2.0,6.0,11.0,0.967438126566416,0.9285714285714286,0.8125,0.8666666666666666
cancer,5,4,org,2250,0.12522982200607657,12,4.0,0.0,1.0,0.0,1.0,1.0,1.0,0.0,0.0,4.0,0.0,1.0,0.0,1.0,1.0,1.0,0.0,0.0,5.0,0.9900948283503461,1.0,0.8,0.888888888888889
cancer,5,4,org,4447,0.09569085715338588,9,4.0,0.5,0.5,0.3333,0.5,0.5,0.5,2.0,10.0,4.0,0.5,0.5,0.3333,0.5,0.5,0.5,2.0,10.0,10.0,0.9833518354039694,0.9428571428571428,0.868421052631579,0.904109589041096
cancer,5,4,org,2415,0.09854334127157927,12,3.0,0.4,0.45,0.19999999999999998,0.6,0.45,0.51426,2.2,7.0,3.0,0.06666,0.7,0.033339999999999995,0.6667,0.5,0.5714,2.0,2.0,11.0,0.981602034329307,1.0,0.7272727272727273,0.8421052631578948
cancer,5,4,org,3595,0.09749729186296463,8,4.0,0.25,0.75,0.1667,0.75,0.75,0.75,1.0,5.0,4.0,0.25,0.75,0.1667,0.75,0.75,0.75,1.0,5.0,10.0,0.9861197423683332,0.9444444444444444,0.8717948717948718,0.9066666666666667
cancer,5,4,org,4187,0.05282917805016041,4,3.0,0.3333,0.5,0.1667,0.6667,0.5,0.5714,2.0,6.0,3.0,0.3333,0.5,0.1667,0.6667,0.5,0.5714,2.0,6.0,11.0,0.9777661064425771,0.8333333333333334,0.9375,0.8823529411764706
cancer,5,4,org,4135,0.12308843387290835,16,3.0,0.3333,0.5,0.1667,0.6667,0.5,0.5714,2.0,9.0,3.0,0.3333,0.5,0.1667,0.6667,0.5,0.5714,2.0,9.0,9.0,0.986394291587603,1.0,0.7,0.8235294117647058
cancer,5,4,org,5174,0.1158231501467526,16,3.0,0.5,0.375,0.25,0.5,0.375,0.42855,2.5,11.5,3.0,0.3333,0.5,0.1667,0.5,0.375,0.42855,2.5,9.0,11.5,0.9640196167973452,0.9523809523809523,0.6896551724137931,0.7999999999999999
cancer,5,4,org,5303,0.10534584010019898,9,4.0,0.25,0.75,0.1667,0.75,0.75,0.75,1.0,5.0,4.0,0.25,0.75,0.1667,0.75,0.75,0.75,1.0,5.0,10.0,0.990857782162744,0.9428571428571428,0.8461538461538461,0.8918918918918919
cancer,5,4,org,3942,0.10607103584334254,9,4.0,0.25,0.75,0.1667,0.75,0.75,0.75,1.0,5.0,4.0,0.25,0.75,0.1667,0.75,0.75,0.75,1.0,5.0,10.0,0.9855375245298126,0.9714285714285714,0.8947368421052632,0.9315068493150684
cancer,5,4,org,2778,0.10122402524575591,8,4.0,0.5,0.5,0.3333,0.5,0.5,0.5,2.0,10.0,4.0,0.5,0.5,0.3333,0.5,0.5,0.5,2.0,10.0,10.0,0.9851380196515881,0.9166666666666666,0.8918918918918919,0.9041095890410958
cancer,5,4,org,2804,0.05618388904258609,4,3.0,0.41667499999999996,0.4375,0.20832499999999998,0.583325,0.4375,0.49997500000000006,2.25,7.25,3.0,0.0,0.75,0.0,0.6667,0.5,0.5714,2.0,1.0,11.0,0.977890114379085,0.8888888888888888,1.0,0.9411764705882353
cancer,5,4,org,2145,0.07473501283675432,8,3.0,1.0,0.0,0.5,0.0,0.0,,4.0,16.0,3.0,0.6667,0.25,0.3333,0.0,0.0,,4.0,11.0,16.0,0.9623507297655904,0.9285714285714286,0.7647058823529411,0.8387096774193549
cancer,5,4,org,150,0.17561563989147544,15,5.0,1.0,0.0,0.8333,0.0,0.0,,5.0,19.0,5.0,0.6,0.5,0.5,0.0,0.0,,5.0,10.0,19.0,0.9836200834097312,0.9459459459459459,0.8333333333333334,0.8860759493670887
cancer,5,4,org,8823,0.05861254595220089,5,3.0,0.41667499999999996,0.4375,0.20832499999999998,0.583325,0.4375,0.49997500000000006,2.25,7.25,3.0,0.0,0.75,0.0,0.6667,0.5,0.5714,2.0,1.0,11.0,0.9656941597489198,0.8823529411764706,0.9375,0.9090909090909091
cancer,5,4,org,4669,0.12079430790618062,11,4.0,0.5,0.5,0.3333,0.5,0.5,0.5,2.0,10.0,4.0,0.5,0.5,0.3333,0.5,0.5,0.5,2.0,10.0,10.0,0.9891760732455492,0.9696969696969697,0.8421052631578947,0.9014084507042254
cancer,5,4,org,6131,0.08105489891022444,2,3.0,0.41667499999999996,0.4375,0.20832499999999998,0.583325,0.4375,0.49997500000000006,2.25,7.25,3.0,0.0,0.75,0.0,0.6667,0.5,0.5714,2.0,1.0,11.0,0.9809640522875818,0.85,1.0,0.9189189189189189
cancer,5,4,org,2617,0.14583042403683066,17,3.0,1.0,0.0,0.5,0.0,0.0,,4.0,16.0,3.0,0.6667,0.25,0.3333,0.0,0.0,,4.0,11.0,16.0,0.9949535679374388,1.0,0.6451612903225806,0.7843137254901961
cancer,5,4,org,7166,0.12108830409124494,18,3.0,0.3333,0.5,0.1667,0.6667,0.5,0.5714,2.0,6.0,3.0,0.3333,0.5,0.1667,0.6667,0.5,0.5714,2.0,6.0,11.0,0.9867321197579986,1.0,0.6363636363636364,0.7777777777777778
cancer,5,4,org,1428,0.06702056806534529,5,3.0,0.41667499999999996,0.4375,0.20832499999999998,0.583325,0.4375,0.49997500000000006,2.25,7.25,3.0,0.0,0.75,0.0,0.6667,0.5,0.5714,2.0,1.0,11.0,0.9786119711042311,0.8823529411764706,0.9375,0.9090909090909091
cancer,5,4,org,8328,0.14805566286668181,9,4.0,0.5,0.5,0.3333,0.5,0.5,0.5,2.0,10.0,4.0,0.5,0.5,0.3333,0.5,0.5,0.5,2.0,10.0,10.0,0.9879382783228936,0.9428571428571428,0.8461538461538461,0.8918918918918919
cancer,5,4,org,8289,0.11190948029980063,11,4.0,0.5,0.5,0.3333,0.5,0.5,0.5,2.0,10.0,4.0,0.5,0.5,0.3333,0.5,0.5,0.5,2.0,10.0,10.0,0.9779410819514933,0.9393939393939394,0.8157894736842105,0.8732394366197183
cancer,5,4,org,5978,0.07147679897025228,7,3.0,0.41667499999999996,0.4375,0.20832499999999998,0.583325,0.4375,0.49997500000000006,2.25,7.25,3.0,0.0,0.75,0.0,0.6667,0.5,0.5714,2.0,1.0,11.0,0.9801470588235295,0.9333333333333333,0.875,0.9032258064516129
cancer,5,4,org,5511,0.08535824483260512,8,4.0,0.0,1.0,0.0,1.0,1.0,1.0,0.0,0.0,4.0,0.0,1.0,0.0,1.0,1.0,1.0,0.0,0.0,5.0,0.9973346828609986,1.0,0.9473684210526315,0.972972972972973
cancer,5,4,org,5864,0.0619143876247108,6,3.0,0.41667499999999996,0.4375,0.20832499999999998,0.583325,0.4375,0.49997500000000006,2.25,7.25,3.0,0.0,0.75,0.0,0.6667,0.5,0.5714,2.0,1.0,11.0,0.98359375,0.9375,0.9375,0.9375
cancer,5,4,org,606,0.059721624944359064,6,3.0,0.3333,0.5,0.1667,0.6667,0.5,0.5714,2.0,6.0,3.0,0.3333,0.5,0.1667,0.6667,0.5,0.5714,2.0,6.0,11.0,0.9866713713349118,0.9375,0.8823529411764706,0.9090909090909091
cancer,5,4,org,1933,0.07588999811559916,5,3.0,1.0,0.0,0.5,0.0,0.0,,4.0,16.0,3.0,0.6667,0.25,0.3333,0.0,0.0,,4.0,11.0,16.0,0.9710839598997494,0.8235294117647058,0.875,0.8484848484848485
cancer,5,4,org,6071,0.1016646008938551,9,4.0,0.25,0.75,0.1667,0.75,0.75,0.75,1.0,5.0,4.0,0.25,0.75,0.1667,0.75,0.75,0.75,1.0,5.0,10.0,0.9920247172389156,0.9714285714285714,0.8717948717948718,0.9189189189189189
cancer,5,4,org,5504,0.10545640625059605,13,3.0,0.3333,0.5,0.1667,0.6667,0.5,0.5714,2.0,6.0,3.0,0.3333,0.5,0.1667,0.6667,0.5,0.5714,2.0,6.0,11.0,0.9772140526186709,1.0,0.6818181818181818,0.8108108108108109
cancer,5,4,org,5163,0.09990624338388443,14,3.0,0.41667499999999996,0.4375,0.20832499999999998,0.583325,0.4375,0.49997500000000006,2.25,7.25,3.0,0.0,0.75,0.0,0.6667,0.5,0.5714,2.0,1.0,11.0,0.9730545369955277,0.9565217391304348,0.7096774193548387,0.8148148148148149
cancer,5,4,org,2406,0.10065380996093154,11,4.0,0.0,1.0,0.0,1.0,1.0,1.0,0.0,0.0,4.0,0.0,1.0,0.0,1.0,1.0,1.0,0.0,0.0,5.0,0.9905833155833156,1.0,0.8461538461538461,0.9166666666666666
cancer,5,4,org,304,0.07278895424678922,7,3.0,1.0,0.0,0.5,0.0,0.0,,4.0,16.0,3.0,0.6667,0.25,0.3333,0.0,0.0,,4.0,11.0,16.0,0.9485823934837092,0.8666666666666667,0.8125,0.8387096774193549
cancer,5,4,org,3391,0.08331990893930197,11,3.0,0.53334,0.35,0.26666,0.46665999999999996,0.35,0.49997500000000006,2.6,9.0,3.0,0.13334,0.65,0.06666,0.53336,0.4,0.5714,2.4,3.0,12.0,0.9740519062258193,1.0,0.7727272727272727,0.8717948717948718
cancer,5,4,org,359,0.07893965765833855,7,3.0,0.6667,0.25,0.3333,0.3333,0.25,0.2857,3.0,11.0,3.0,0.6667,0.25,0.3333,0.3333,0.25,0.2857,3.0,11.0,11.0,0.9492129911174997,0.8,0.75,0.7741935483870969
cancer,5,4,org,9096,0.08892708690837026,7,4.0,0.0,1.0,0.0,1.0,1.0,1.0,0.0,0.0,4.0,0.0,1.0,0.0,1.0,1.0,1.0,0.0,0.0,5.0,0.996957326116539,1.0,0.9487179487179487,0.9736842105263158
cancer,5,4,org,3533,0.1389797180891037,21,2.0,0.5,0.25,0.16666666666666666,0.5,0.25,0.5,3.0,10.0,2.0,0.0,0.5,0.0,0.5,0.25,0.3333,3.0,5.0,15.0,0.970711951105497,1.0,0.5185185185185185,0.6829268292682926
cancer,5,4,org,4125,0.11897878209128976,15,3.0,0.41667499999999996,0.4375,0.20832499999999998,0.583325,0.4375,0.49997500000000006,2.25,7.25,3.0,0.0,0.75,0.0,0.6667,0.5,0.5714,2.0,1.0,11.0,0.9822248499021953,1.0,0.5909090909090909,0.7428571428571429
cancer,5,4,org,3094,0.13115280773490667,15,3.0,0.3333,0.5,0.1667,0.6667,0.5,0.5714,2.0,6.0,3.0,0.3333,0.5,0.1667,0.6667,0.5,0.5714,2.0,6.0,11.0,0.9919330917267692,1.0,0.7096774193548387,0.8301886792452831
cancer,5,4,org,6398,0.10784654272720218,14,3.0,1.0,0.0,0.5,0.0,0.0,,4.0,16.0,3.0,0.6667,0.25,0.3333,0.0,0.0,,4.0,11.0,16.0,0.9775326847065977,1.0,0.6363636363636364,0.7777777777777778
cancer,5,4,new,7816,0.09942523809149861,10,4.0,0.0,1.0,0.0,1.0,1.0,1.0,0.0,0.0,4.0,0.0,1.0,0.0,1.0,1.0,1.0,0.0,0.0,5.0,0.9907555974569625,1.0,0.85,0.9189189189189189
cancer,5,4,new,3578,0.1277269311249256,19,3.0,0.0,0.75,0.0,1.0,0.75,0.8571,1.0,1.0,3.0,0.0,0.75,0.0,0.6667,0.5,0.5714,2.0,1.0,11.0,0.9888242283079238,1.0,0.4166666666666667,0.5882352941176471
cancer,5,4,new,2656,0.09936061222106218,10,4.0,0.0,1.0,0.0,1.0,1.0,1.0,0.0,0.0,4.0,0.0,1.0,0.0,1.0,1.0,1.0,0.0,0.0,5.0,0.9913485461749113,1.0,0.85,0.9189189189189189
cancer,5,4,new,2688,0.08609032398089767,8,4.0,0.0,1.0,0.0,1.0,1.0,1.0,0.0,0.0,4.0,0.0,1.0,0.0,1.0,1.0,1.0,0.0,0.0,5.0,0.9962825622838805,1.0,0.9230769230769231,0.9600000000000001
cancer,5,4,new,2494,0.11061601806432009,14,4.0,0.0,1.0,0.0,1.0,1.0,1.0,0.0,0.0,4.0,0.0,1.0,0.0,1.0,1.0,1.0,0.0,0.0,5.0,0.9856594582615659,1.0,0.7692307692307693,0.8695652173913044
cancer,5,4,new,183,0.08952571917325258,13,2.0,0.0,0.5,0.0,1.0,0.5,0.6667,2.0,5.0,2.0,0.0,0.5,0.0,0.5,0.25,0.3333,3.0,5.0,15.0,0.9491262879420774,1.0,0.5333333333333333,0.6956521739130436
cancer,5,4,new,7977,0.11475097015500069,11,4.0,0.0,1.0,0.0,1.0,1.0,1.0,0.0,0.0,4.0,0.0,1.0,0.0,1.0,1.0,1.0,0.0,0.0,5.0,0.9885041081570163,1.0,0.8461538461538461,0.9166666666666666
cancer,5,4,new,3199,0.10353545332327485,14,3.0,0.0,0.75,0.0,1.0,0.75,0.8571,1.0,1.0,3.0,0.0,0.75,0.0,0.6667,0.5,0.5714,2.0,1.0,11.0,0.9865036478672842,1.0,0.6363636363636364,0.7777777777777778
cancer,5,4,new,316,0.12823438318446279,21,2.0,0.0,0.5,0.0,1.0,0.5,0.6667,2.0,5.0,2.0,0.0,0.5,0.0,0.5,0.25,0.3333,3.0,5.0,15.0,0.997252747252747,1.0,0.5384615384615384,0.7000000000000001
cancer,5,4,new,8266,0.06196931190788746,6,3.0,0.0,0.75,0.0,1.0,0.75,0.8571,1.0,1.0,3.0,0.0,0.75,0.0,0.6667,0.5,0.5714,2.0,1.0,11.0,0.9820586622807017,0.9375,0.9375,0.9375
cancer,5,4,new,1532,0.14579294389113784,16,4.0,0.0,1.0,0.0,1.0,1.0,1.0,0.0,0.0,4.0,0.0,1.0,0.0,1.0,1.0,1.0,0.0,0.0,5.0,0.9797650146421799,1.0,0.717948717948718,0.835820895522388
cancer,5,4,new,1009,0.07447249628603458,10,3.0,0.0,0.75,0.0,1.0,0.75,0.8571,1.0,1.0,3.0,0.0,0.75,0.0,0.6667,0.5,0.5714,2.0,1.0,11.0,0.967438126566416,1.0,0.75,0.8571428571428571
cancer,5,4,new,2250,0.11541843507438898,12,4.0,0.0,1.0,0.0,1.0,1.0,1.0,0.0,0.0,4.0,0.0,1.0,0.0,1.0,1.0,1.0,0.0,0.0,5.0,0.9900948283503461,1.0,0.8,0.888888888888889
cancer,5,4,new,4447,0.14652708172798157,16,4.0,0.0,1.0,0.0,1.0,1.0,1.0,0.0,0.0,4.0,0.0,1.0,0.0,1.0,1.0,1.0,0.0,0.0,5.0,0.9833518354039694,1.0,0.7368421052631579,0.8484848484848484
cancer,5,4,new,2415,0.09042869275435805,12,3.0,0.0,0.75,0.0,1.0,0.75,0.8571,1.0,1.0,3.0,0.0,0.75,0.0,0.6667,0.5,0.5714,2.0,1.0,11.0,0.981602034329307,1.0,0.7272727272727273,0.8421052631578948
cancer,5,4,new,3595,0.1245745699852705,12,4.0,0.0,1.0,0.0,1.0,1.0,1.0,0.0,0.0,4.0,0.0,1.0,0.0,1.0,1.0,1.0,0.0,0.0,5.0,0.9861197423683332,1.0,0.8205128205128205,0.9014084507042254
cancer,5,4,new,4187,0.06450471933931112,8,3.0,0.0,0.75,0.0,1.0,0.75,0.8571,1.0,1.0,3.0,0.0,0.75,0.0,0.6667,0.5,0.5714,2.0,1.0,11.0,0.9777661064425771,1.0,0.875,0.9333333333333333
cancer,5,4,new,4135,0.1185229979455471,16,3.0,0.0,0.75,0.0,1.0,0.75,0.8571,1.0,4.0,3.0,0.0,0.75,0.0,1.0,0.75,0.8571,1.0,4.0,9.0,0.986394291587603,1.0,0.7,0.8235294117647058
cancer,5,4,new,5174,0.11498834518715739,16,3.0,0.0,0.75,0.0,1.0,0.75,0.8571,1.0,4.0,3.0,0.0,0.75,0.0,1.0,0.75,0.8571,1.0,4.0,9.0,0.9640196167973452,0.9523809523809523,0.6896551724137931,0.7999999999999999
cancer,5,4,new,5303,0.10897632408887148,11,4.0,0.0,1.0,0.0,1.0,1.0,1.0,0.0,0.0,4.0,0.0,1.0,0.0,1.0,1.0,1.0,0.0,0.0,5.0,0.990857782162744,1.0,0.8461538461538461,0.9166666666666666
cancer,5,4,new,3942,0.144756352994591,18,4.0,0.0,1.0,0.0,1.0,1.0,1.0,0.0,0.0,4.0,0.0,1.0,0.0,1.0,1.0,1.0,0.0,0.0,5.0,0.9855375245298126,1.0,0.6842105263157895,0.8125000000000001
cancer,5,4,new,2778,0.11506871925666928,14,4.0,0.0,1.0,0.0,1.0,1.0,1.0,0.0,0.0,4.0,0.0,1.0,0.0,1.0,1.0,1.0,0.0,0.0,5.0,0.9851380196515881,1.0,0.8108108108108109,0.8955223880597014
cancer,5,4,new,2804,0.05805335007607937,4,3.0,0.0,0.75,0.0,1.0,0.75,0.8571,1.0,1.0,3.0,0.0,0.75,0.0,0.6667,0.5,0.5714,2.0,1.0,11.0,0.977890114379085,0.8888888888888888,1.0,0.9411764705882353
cancer,5,4,new,2145,0.07292342185974121,9,3.0,0.0,0.75,0.0,1.0,0.75,0.8571,1.0,1.0,3.0,0.0,0.75,0.0,0.6667,0.5,0.5714,2.0,1.0,11.0,0.9623507297655904,1.0,0.7647058823529411,0.8666666666666666
cancer,5,4,new,150,0.20335165783762932,16,5.0,0.2,1.0,0.1667,0.8,1.0,0.8889,1.0,0.0,5.0,0.2,1.0,0.1667,0.4,0.5,0.4444,3.0,0.0,14.0,0.9836200834097312,0.9722222222222222,0.8333333333333334,0.8974358974358975
cancer,5,4,new,8823,0.06407308066263795,5,3.0,0.0,0.75,0.0,1.0,0.75,0.8571,1.0,1.0,3.0,0.0,0.75,0.0,0.6667,0.5,0.5714,2.0,1.0,11.0,0.9656941597489198,0.8823529411764706,0.9375,0.9090909090909091
cancer,5,4,new,4669,0.12308154534548521,14,4.0,0.0,1.0,0.0,1.0,1.0,1.0,0.0,0.0,4.0,0.0,1.0,0.0,1.0,1.0,1.0,0.0,0.0,5.0,0.9891760732455492,1.0,0.7894736842105263,0.8823529411764706
cancer,5,4,new,6131,0.061863248236477375,2,3.0,0.0,0.75,0.0,1.0,0.75,0.8571,1.0,1.0,3.0,0.0,0.75,0.0,0.6667,0.5,0.5714,2.0,1.0,11.0,0.9809640522875818,0.85,1.0,0.9189189189189189
cancer,5,4,new,2617,0.13254898320883512,17,3.0,0.0,0.75,0.0,1.0,0.75,0.8571,1.0,1.0,3.0,0.0,0.75,0.0,0.6667,0.5,0.5714,2.0,1.0,11.0,0.9949535679374388,1.0,0.6451612903225806,0.7843137254901961
cancer,5,4,new,7166,0.16483709122985601,18,3.0,0.0,0.75,0.0,1.0,0.75,0.8571,1.0,1.0,3.0,0.0,0.75,0.0,0.6667,0.5,0.5714,2.0,1.0,11.0,0.9867321197579986,1.0,0.6363636363636364,0.7777777777777778
cancer,5,4,new,1428,0.057374568190425634,5,3.0,0.0,0.75,0.0,1.0,0.75,0.8571,1.0,1.0,3.0,0.0,0.75,0.0,0.6667,0.5,0.5714,2.0,1.0,11.0,0.9786119711042311,0.8823529411764706,0.9375,0.9090909090909091
cancer,5,4,new,8328,0.16739617008715868,11,4.0,0.0,1.0,0.0,1.0,1.0,1.0,0.0,0.0,4.0,0.0,1.0,0.0,1.0,1.0,1.0,0.0,0.0,5.0,0.9879382783228936,1.0,0.8461538461538461,0.9166666666666666
cancer,5,4,new,8289,0.14851233270019293,20,4.0,0.0,1.0,0.0,1.0,1.0,1.0,0.0,0.0,4.0,0.0,1.0,0.0,1.0,1.0,1.0,0.0,0.0,5.0,0.9779410819514933,1.0,0.631578947368421,0.7741935483870968
cancer,5,4,new,5978,0.07204629899933934,7,3.0,0.0,0.75,0.0,1.0,0.75,0.8571,1.0,1.0,3.0,0.0,0.75,0.0,0.6667,0.5,0.5714,2.0,1.0,11.0,0.9801470588235295,0.9333333333333333,0.875,0.9032258064516129
cancer,5,4,new,5511,0.1065581189468503,8,4.0,0.0,1.0,0.0,1.0,1.0,1.0,0.0,0.0,4.0,0.0,1.0,0.0,1.0,1.0,1.0,0.0,0.0,5.0,0.9973346828609986,1.0,0.9473684210526315,0.972972972972973
cancer,5,4,new,5864,0.0653764195740223,6,3.0,0.0,0.75,0.0,1.0,0.75,0.8571,1.0,1.0,3.0,0.0,0.75,0.0,0.6667,0.5,0.5714,2.0,1.0,11.0,0.98359375,0.9375,0.9375,0.9375
cancer,5,4,new,606,0.07369012106209993,8,3.0,0.0,0.75,0.0,1.0,0.75,0.8571,1.0,1.0,3.0,0.0,0.75,0.0,0.6667,0.5,0.5714,2.0,1.0,11.0,0.9866713713349118,1.0,0.8235294117647058,0.9032258064516129
cancer,5,4,new,1933,0.0693458286114037,7,3.0,0.0,0.75,0.0,1.0,0.75,0.8571,1.0,1.0,3.0,0.0,0.75,0.0,0.6667,0.5,0.5714,2.0,1.0,11.0,0.9710839598997494,0.9333333333333333,0.875,0.9032258064516129
cancer,5,4,new,6071,0.09714102791622281,10,4.0,0.0,1.0,0.0,1.0,1.0,1.0,0.0,0.0,4.0,0.0,1.0,0.0,1.0,1.0,1.0,0.0,0.0,5.0,0.9920247172389156,1.0,0.8717948717948718,0.9315068493150686
cancer,5,4,new,5504,0.09288959298282862,13,3.0,0.0,0.75,0.0,1.0,0.75,0.8571,1.0,1.0,3.0,0.0,0.75,0.0,0.6667,0.5,0.5714,2.0,1.0,11.0,0.9772140526186709,1.0,0.6818181818181818,0.8108108108108109
cancer,5,4,new,5163,0.10793012520298362,14,3.0,0.0,0.75,0.0,1.0,0.75,0.8571,1.0,1.0,3.0,0.0,0.75,0.0,0.6667,0.5,0.5714,2.0,1.0,11.0,0.9730545369955277,0.9565217391304348,0.7096774193548387,0.8148148148148149
cancer,5,4,new,2406,0.13039604481309652,11,4.0,0.0,1.0,0.0,1.0,1.0,1.0,0.0,0.0,4.0,0.0,1.0,0.0,1.0,1.0,1.0,0.0,0.0,5.0,0.9905833155833156,1.0,0.8461538461538461,0.9166666666666666
cancer,5,4,new,304,0.08077187091112137,10,3.0,0.0,0.75,0.0,1.0,0.75,0.8571,1.0,1.0,3.0,0.0,0.75,0.0,0.6667,0.5,0.5714,2.0,1.0,11.0,0.9485823934837092,1.0,0.75,0.8571428571428571
cancer,5,4,new,3391,0.08238583663478494,11,3.0,0.0,0.75,0.0,1.0,0.75,0.8571,1.0,1.0,3.0,0.0,0.75,0.0,0.6667,0.5,0.5714,2.0,1.0,11.0,0.9740519062258193,1.0,0.7727272727272727,0.8717948717948718
cancer,5,4,new,359,0.08057749923318624,9,3.0,0.0,0.75,0.0,1.0,0.75,0.8571,1.0,1.0,3.0,0.0,0.75,0.0,0.6667,0.5,0.5714,2.0,1.0,11.0,0.9492129911174997,0.9230769230769231,0.75,0.8275862068965517
cancer,5,4,new,9096,0.08784601930528879,7,4.0,0.0,1.0,0.0,1.0,1.0,1.0,0.0,0.0,4.0,0.0,1.0,0.0,1.0,1.0,1.0,0.0,0.0,5.0,0.996957326116539,1.0,0.9487179487179487,0.9736842105263158
cancer,5,4,new,3533,0.13429977605119348,21,2.0,0.0,0.5,0.0,1.0,0.5,0.6667,2.0,5.0,2.0,0.0,0.5,0.0,0.5,0.25,0.3333,3.0,5.0,15.0,0.970711951105497,1.0,0.5185185185185185,0.6829268292682926
cancer,5,4,new,4125,0.12173182517290115,15,3.0,0.0,0.75,0.0,1.0,0.75,0.8571,1.0,1.0,3.0,0.0,0.75,0.0,0.6667,0.5,0.5714,2.0,1.0,11.0,0.9822248499021953,1.0,0.5909090909090909,0.7428571428571429
cancer,5,4,new,3094,0.10643440764397383,15,3.0,0.0,0.75,0.0,1.0,0.75,0.8571,1.0,1.0,3.0,0.0,0.75,0.0,0.6667,0.5,0.5714,2.0,1.0,11.0,0.9919330917267692,1.0,0.7096774193548387,0.8301886792452831
cancer,5,4,new,6398,0.1169074079953134,14,3.0,0.0,0.75,0.0,1.0,0.75,0.8571,1.0,1.0,3.0,0.0,0.75,0.0,0.6667,0.5,0.5714,2.0,1.0,11.0,0.9775326847065977,1.0,0.6363636363636364,0.7777777777777778
sachs,11,17,org,7816,16.526589842978865,70,17.0,0.4,0.6,0.17894000000000002,0.6,0.6,0.6,6.8,31.4,17.0,0.0,1.0,0.0,0.1176,0.1176,0.1176,0.0,0.0,46.0,0.9998066283317137,1.0,0.9435318275154004,0.9709455890121501
sachs,11,17,org,3578,16.495236609131098,87,16.0,0.2125,0.74118,0.08945999999999998,0.7875,0.74118,0.76366,4.4,26.4,16.0,0.0,0.9412,0.0,0.125,0.1176,0.1212,1.0,3.0,46.0,0.9997713945560297,1.0,0.9237995824634656,0.9603906673901248
sachs,11,17,org,2656,15.024125715717673,59,16.0,0.475,0.49412,0.19998000000000002,0.525,0.49412,0.50908,8.6,42.6,16.0,0.0,0.9412,0.0,0.125,0.1176,0.1212,1.0,3.0,46.0,0.9997136104960985,0.9988751406074241,0.9477054429028815,0.972617743702081
sachs,11,17,org,2688,16.876589525025338,90,16.0,0.15,0.8,0.06314,0.85,0.8,0.82426,3.4,14.4,16.0,0.0,0.9412,0.0,0.125,0.1176,0.1212,1.0,1.0,40.0,0.9995524066269423,1.0,0.9216494845360824,0.9592274678111589
sachs,11,17,org,2494,17.03852507704869,109,16.0,0.35,0.6117600000000001,0.14738,0.65,0.6117600000000001,0.63034,6.6,31.0,16.0,0.0,0.9412,0.0,0.125,0.1176,0.1212,1.0,3.0,46.0,0.9992947085951163,1.0,0.9095427435387674,0.9526288391462779
sachs,11,17,org,183,16.838154638186097,83,16.0,0.2125,0.7411800000000001,0.08945999999999998,0.7875,0.7411800000000001,0.76366,4.4,21.4,16.0,0.0,0.9412,0.0,0.125,0.1176,0.1212,1.0,3.0,46.0,0.9998564876281841,1.0,0.9282786885245902,0.9628055260361318
sachs,11,17,org,7977,15.040557997766882,34,16.0,0.4625,0.50588,0.19472000000000003,0.5375,0.50588,0.52122,8.4,42.4,16.0,0.0,0.9412,0.0,0.125,0.1176,0.1212,1.0,3.0,46.0,0.9998686340712988,0.9989316239316239,0.9780334728033473,0.9883720930232558
sachs,11,17,org,3199,14.968576308805496,34,16.0,0.15,0.8,0.06314,0.85,0.8,0.82426,3.4,11.4,16.0,0.0,0.9412,0.0,0.125,0.1176,0.1212,1.0,1.0,40.0,0.9998535788485435,1.0,0.9764957264957265,0.988108108108108
sachs,11,17,org,316,16.241133307106793,87,16.0,0.3,0.65884,0.12633999999999998,0.7,0.65884,0.67882,5.8,26.4,16.0,0.0,0.9412,0.0,0.125,0.1176,0.1212,1.0,1.0,40.0,0.9996492639161965,1.0,0.9222903885480572,0.9595744680851064
sachs,11,17,org,8266,18.90432141115889,88,17.0,0.2,0.8,0.08945999999999998,0.8,0.8,0.8,3.4,16.4,17.0,0.0,1.0,0.0,0.1176,0.1176,0.1176,0.0,0.0,46.0,0.9996669197996195,1.0,0.9253279515640767,0.9612159329140461
sachs,11,17,org,1532,18.33542591286823,100,17.0,0.34116,0.65884,0.15264000000000003,0.65884,0.65884,0.65884,5.8,28.4,17.0,0.0,1.0,0.0,0.1176,0.1176,0.1176,0.0,0.0,46.0,0.9994207601466778,1.0,0.9124748490945674,0.9542346133613887
sachs,11,17,org,1009,16.19858780829236,101,17.0,0.2,0.8,0.08946,0.8,0.8,0.8,3.4,21.4,17.0,0.0,1.0,0.0,0.1176,0.1176,0.1176,0.0,0.0,46.0,0.9995732555595813,1.0,0.9105263157894737,0.9531680440771351
sachs,11,17,org,2250,16.830715660005808,98,17.0,0.22354000000000002,0.77646,0.1,0.77646,0.77646,0.77646,3.8,24.4,17.0,0.0,1.0,0.0,0.1176,0.1176,0.1176,0.0,0.0,46.0,0.9996301449763225,1.0,0.9195046439628483,0.9580645161290322
sachs,11,17,org,4447,18.917983308434486,124,17.0,0.2,0.8,0.08946,0.8,0.8,0.8,3.4,18.4,17.0,0.0,1.0,0.0,0.1176,0.1176,0.1176,0.0,0.0,46.0,0.9992527354900083,1.0,0.8931750741839762,0.9435736677115988
sachs,11,17,org,2415,18.101798755582422,108,16.0,0.2875,0.6706,0.12105999999999999,0.7125,0.6706,0.69094,5.6,32.6,16.0,0.125,0.8234999999999999,0.0526,0.125,0.1176,0.1212,3.0,22.0,62.0,0.9997561454238129,1.0,0.9035897435897436,0.949353448275862
sachs,11,17,org,3595,15.802765074186027,28,17.0,0.14116,0.85884,0.06314,0.85884,0.85884,0.85884,2.4,10.4,17.0,0.0,1.0,0.0,0.1176,0.1176,0.1176,0.0,0.0,46.0,0.9998589831515974,0.9989594172736732,0.9815950920245399,0.9902011346054667
sachs,11,17,org,4187,17.275353563949466,91,16.0,0.3375,0.62354,0.14211999999999997,0.6625,0.62354,0.64246,6.4,35.4,16.0,0.0,0.9412,0.0,0.125,0.1176,0.1212,1.0,1.0,40.0,0.9997143264183058,1.0,0.9186652763295099,0.957608695652174
sachs,11,17,org,4135,17.256853154860437,61,16.0,0.4625,0.50588,0.19472000000000003,0.5375,0.50588,0.52122,8.4,42.4,16.0,0.0,0.9412,0.0,0.125,0.1176,0.1212,1.0,3.0,46.0,0.9998918037473292,1.0,0.947906026557712,0.9732564237021499
sachs,11,17,org,5174,18.928570612799376,91,16.0,0.2375,0.71766,0.1,0.7625,0.71766,0.73942,4.8,23.4,16.0,0.0,0.9412,0.0,0.125,0.1176,0.1212,1.0,1.0,40.0,0.9997984791441634,0.9989082969432315,0.9168336673346693,0.9561128526645769
sachs,11,17,org,5303,15.647102823946625,52,16.0,0.3625,0.6,0.15264,0.6375,0.6,0.61822,6.8,31.4,16.0,0.0,0.9412,0.0,0.125,0.1176,0.1212,1.0,1.0,40.0,0.999878333920091,1.0,0.9583333333333334,0.9787234042553191
sachs,11,17,org,3942,15.759631146211177,89,16.0,0.4,0.5647,0.16842000000000001,0.6,0.5647,0.58184,7.4,36.4,16.0,0.0,0.9412,0.0,0.125,0.1176,0.1212,1.0,3.0,46.0,0.9996326843908188,1.0,0.923155737704918,0.960042621204049
sachs,11,17,org,2778,15.451152832247317,21,16.0,0.1,0.8470600000000001,0.04208,0.9,0.8470600000000001,0.87274,2.6,7.0,16.0,0.0,0.9412,0.0,0.125,0.1176,0.1212,1.0,3.0,46.0,0.9999359235684689,0.9989669421487604,0.9897645854657113,0.994344473007712
sachs,11,17,org,2804,19.533795120660216,123,16.0,0.15,0.8,0.06314,0.85,0.8,0.82426,3.4,13.4,16.0,0.0,0.9412,0.0,0.125,0.1176,0.1212,1.0,3.0,46.0,0.9994120489149043,1.0,0.8941532258064516,0.9441192123469931
sachs,11,17,org,2145,18.20082384115085,77,17.0,0.21176,0.7882399999999999,0.09473999999999999,0.7882399999999999,0.7882399999999999,0.7882399999999999,3.6,19.0,17.0,0.0,1.0,0.0,0.1176,0.1176,0.1176,0.0,0.0,46.0,0.9997290367332959,1.0,0.9303534303534303,0.9639203015616585
sachs,11,17,org,150,14.798097249120474,71,16.0,0.275,0.68236,0.11579999999999999,0.725,0.68236,0.70306,5.4,29.4,16.0,0.0,0.9412,0.0,0.375,0.3529,0.3636,5.0,18.0,46.0,0.9998668893527062,1.0,0.9419354838709677,0.9700996677740864
sachs,11,17,org,8823,26.26148818107322,67,16.0,0.2125,0.74118,0.08946,0.7875,0.74118,0.76366,5.4,15.4,16.0,0.0625,0.8824,0.0263,0.25,0.2353,0.2424,5.0,5.0,56.0,0.9993458458072111,0.9957627118644068,0.9428284854563691,0.9685729005667182
sachs,11,17,org,4669,14.744385504163802,64,16.0,0.4875,0.48236,0.20524,0.5125,0.48236,0.49695999999999996,8.8,38.4,16.0,0.0,0.9412,0.0,0.125,0.1176,0.1212,1.0,1.0,40.0,0.9996691100066333,0.9988439306358381,0.9432314410480349,0.970241437394722
sachs,11,17,org,6131,17.071866401005536,64,16.0,0.15,0.8,0.06314,0.85,0.8,0.82426,3.4,14.4,16.0,0.0,0.9412,0.0,0.125,0.1176,0.1212,1.0,1.0,40.0,0.9997744890853576,1.0,0.9458631256384066,0.9721784776902888
sachs,11,17,org,2617,14.982082022819668,37,17.0,0.49412,0.50588,0.22104,0.50588,0.50588,0.50588,8.4,42.4,17.0,0.0,1.0,0.0,0.1176,0.1176,0.1176,0.0,0.0,46.0,0.9998725004408252,0.9989495798319328,0.9733879222108496,0.9860031104199066
sachs,11,17,org,7166,17.612188294064254,79,16.0,0.275,0.68236,0.11579999999999999,0.725,0.68236,0.70306,5.4,27.4,16.0,0.0,0.9412,0.0,0.125,0.1176,0.1212,1.0,3.0,46.0,0.9998781760294304,1.0,0.9304703476482618,0.9639830508474576
sachs,11,17,org,1428,15.608516989275813,74,16.0,0.35,0.6117600000000001,0.14738,0.65,0.6117600000000001,0.63034,6.6,35.0,16.0,0.0,0.9412,0.0,0.375,0.3529,0.3636,5.0,18.0,46.0,0.9997987418642482,1.0,0.9344432882414152,0.9661108122646584
sachs,11,17,org,8328,15.823538787662983,31,17.0,0.28234,0.7176600000000001,0.12633999999999998,0.7176600000000001,0.7176600000000001,0.7176600000000001,4.8,25.4,17.0,0.0,1.0,0.0,0.1176,0.1176,0.1176,0.0,0.0,46.0,0.9998932148670894,1.0,0.9799196787148594,0.9898580121703854
sachs,11,17,org,8289,17.316272018942982,57,16.0,0.4625,0.50588,0.19472,0.5375,0.50588,0.52122,8.4,37.4,16.0,0.0,0.9412,0.0,0.125,0.1176,0.1212,1.0,3.0,46.0,0.999822409480258,1.0,0.9568788501026694,0.9779643231899265
sachs,11,17,org,5978,17.443509362172335,82,17.0,0.38824,0.6117600000000001,0.17368,0.6117600000000001,0.6117600000000001,0.6117600000000001,6.6,29.0,17.0,0.0,1.0,0.0,0.1176,0.1176,0.1176,0.0,0.0,46.0,0.9997720375918625,1.0,0.9293032786885246,0.9633563462559744
sachs,11,17,org,5511,17.20350140798837,60,16.0,0.275,0.6823599999999999,0.11579999999999999,0.725,0.6823599999999999,0.70306,5.4,27.4,16.0,0.0,0.9412,0.0,0.125,0.1176,0.1212,1.0,3.0,46.0,0.9998021100494414,1.0,0.9509906152241918,0.974879743452699
sachs,11,17,org,5864,16.458892018068582,43,16.0,0.15,0.8,0.06314,0.85,0.8,0.82426,3.4,14.4,16.0,0.0,0.9412,0.0,0.125,0.1176,0.1212,1.0,1.0,40.0,0.9999020914331024,1.0,0.9662921348314607,0.9828571428571428
sachs,11,17,org,606,11.08006790606305,40,17.0,0.19999999999999998,0.8,0.08946000000000001,0.8,0.8,0.8,3.4,16.4,17.0,0.0,1.0,0.0,0.1176,0.1176,0.1176,0.0,0.0,46.0,0.9999547465352604,1.0,0.96760710553814,0.9835369091874667
sachs,11,17,org,1933,26.4806461869739,60,16.0,0.2125,0.7411800000000001,0.08946000000000001,0.7875,0.7411800000000001,0.76366,5.4,18.4,16.0,0.0625,0.8824,0.0263,0.1875,0.1765,0.1818,5.0,8.0,60.0,0.9996953278279047,0.9989837398373984,0.954368932038835,0.9761668321747765
sachs,11,17,org,6071,19.192988538183272,64,16.0,0.15,0.8,0.06314,0.85,0.8,0.82426,3.4,13.4,16.0,0.0,0.9412,0.0,0.125,0.1176,0.1212,1.0,1.0,40.0,0.9997399700015088,0.9989395546129375,0.9515151515151515,0.9746508018623901
sachs,11,17,org,5504,15.817045564763248,63,16.0,0.2125,0.7411800000000001,0.08946,0.7875,0.7411800000000001,0.76366,4.4,26.4,16.0,0.0,0.9412,0.0,0.125,0.1176,0.1212,1.0,3.0,46.0,0.9998020619242792,1.0,0.9416058394160584,0.9699248120300751
sachs,11,17,org,5163,16.59399135829881,108,16.0,0.275,0.68236,0.11579999999999999,0.725,0.68236,0.70306,5.4,27.4,16.0,0.0,0.9412,0.0,0.125,0.1176,0.1212,1.0,3.0,46.0,0.9991769442722671,1.0,0.9083419155509783,0.951969778737183
sachs,11,17,org,2406,17.37387667503208,96,17.0,0.1647,0.8352999999999999,0.07365999999999999,0.8352999999999999,0.8352999999999999,0.8352999999999999,2.8,11.4,17.0,0.0,1.0,0.0,0.1176,0.1176,0.1176,0.0,0.0,46.0,0.9996780860566782,1.0,0.9154639175257732,0.9558665231431648
sachs,11,17,org,304,16.587714151013643,51,17.0,0.14116,0.85884,0.06314,0.85884,0.85884,0.85884,2.4,10.4,17.0,0.0,1.0,0.0,0.1176,0.1176,0.1176,0.0,0.0,46.0,0.9997894441342104,0.9989539748953975,0.9578736208625878,0.9779825908858167
sachs,11,17,org,3391,15.463243440259248,17,17.0,0.22354000000000002,0.7764599999999999,0.1,0.7764599999999999,0.7764599999999999,0.7764599999999999,3.8,19.4,17.0,0.0,1.0,0.0,0.1176,0.1176,0.1176,0.0,0.0,46.0,0.9998639641443002,0.9949494949494949,0.9909456740442656,0.9929435483870968
sachs,11,17,org,359,17.31754280021414,93,17.0,0.42354,0.57646,0.18946000000000002,0.57646,0.57646,0.57646,7.2,36.2,17.0,0.0,1.0,0.0,0.1176,0.1176,0.1176,0.0,0.0,46.0,0.9996362985943746,0.9988623435722411,0.9164926931106472,0.9559063690800218
sachs,11,17,org,9096,16.68701002188027,80,16.0,0.1625,0.78824,0.06839999999999999,0.8375,0.78824,0.8121400000000001,3.6,14.0,16.0,0.0,0.9412,0.0,0.125,0.1176,0.1212,1.0,1.0,40.0,0.9996291377601816,1.0,0.9291666666666667,0.9632829373650108
sachs,11,17,org,3533,15.811405404936522,57,17.0,0.22354,0.77646,0.1,0.77646,0.77646,0.77646,3.8,15.4,17.0,0.0,1.0,0.0,0.1176,0.1176,0.1176,0.0,0.0,46.0,0.9998627040141699,1.0,0.9519918283963228,0.9754055468341183
sachs,11,17,org,4125,15.667877561878413,45,16.0,0.0875,0.85884,0.03682,0.9125,0.85884,0.8848600000000001,2.4,4.4,16.0,0.0,0.9412,0.0,0.125,0.1176,0.1212,1.0,1.0,40.0,0.9997912871285215,1.0,0.9641760491299898,0.9817613340281397
sachs,11,17,org,3094,14.436142682097852,45,17.0,0.27058,0.72942,0.12105999999999999,0.72942,0.72942,0.72942,4.6,26.6,17.0,0.0,1.0,0.0,0.1176,0.1176,0.1176,0.0,0.0,46.0,0.999883890665902,0.998960498960499,0.9638916750250752,0.9811128126595201
sachs,11,17,org,6398,17.19694511592388,73,16.0,0.4625,0.50588,0.19472,0.5375,0.50588,0.52122,8.4,42.4,16.0,0.0,0.9412,0.0,0.375,0.3529,0.3636,5.0,18.0,46.0,0.9998394434543639,1.0,0.9385245901639344,0.9682875264270614
sachs,11,17,new,7816,15.91067693894729,70,17.0,0.31764,0.68236,0.14212,0.68236,0.68236,0.68236,5.4,27.6,17.0,0.0,1.0,0.0,0.1176,0.1176,0.1176,0.0,0.0,46.0,0.9998066283317137,1.0,0.9435318275154004,0.9709455890121501
sachs,11,17,new,3578,17.026971804909408,87,16.4,0.3191,0.65884,0.13684,0.6809000000000001,0.65884,0.6695599999999999,5.8,26.4,16.4,0.0,0.96472,0.0,0.12204,0.1176,0.11976,0.6,1.8,46.0,0.9997713945560297,1.0,0.9237995824634656,0.9603906673901248
sachs,11,17,new,2656,14.369099154602736,59,17.0,0.24706,0.7529399999999999,0.11054,0.7529399999999999,0.7529399999999999,0.7529399999999999,4.2,24.4,17.0,0.0,1.0,0.0,0.1176,0.1176,0.1176,0.0,0.0,46.0,0.9997136104960985,0.9988751406074241,0.9477054429028815,0.972617743702081
sachs,11,17,new,2688,16.40227211592719,90,17.0,0.2,0.8,0.08945999999999998,0.8,0.8,0.8,3.4,14.4,17.0,0.0,1.0,0.0,0.1176,0.1176,0.1176,0.0,0.0,46.0,0.9995524066269423,1.0,0.9216494845360824,0.9592274678111589
sachs,11,17,new,2494,17.243493075016886,109,16.0,0.2125,0.7411800000000001,0.08946,0.7875,0.7411800000000001,0.76366,4.4,24.6,16.0,0.0,0.9412,0.0,0.125,0.1176,0.1212,1.0,3.0,46.0,0.9992947085951163,1.0,0.9095427435387674,0.9526288391462779
sachs,11,17,new,183,17.15316320117563,83,16.6,0.23896,0.74118,0.10525999999999999,0.76104,0.74118,0.75082,4.4,22.6,16.6,0.0,0.9764800000000001,0.0,0.12056,0.1176,0.11904,0.4,1.2,46.0,0.9998564876281841,1.0,0.9282786885245902,0.9628055260361318
sachs,11,17,new,7977,14.1797442920506,34,16.4,0.26764,0.7059,0.11579999999999999,0.73236,0.7059,0.71874,5.0,27.2,16.4,0.0,0.96472,0.0,0.27203999999999995,0.25877999999999995,0.2652,3.0,10.8,46.0,0.9998686340712988,0.9989316239316239,0.9780334728033473,0.9883720930232558
sachs,11,17,new,3199,14.847776527982205,34,16.0,0.35,0.6117600000000001,0.14738,0.65,0.6117600000000001,0.63034,6.6,30.0,16.0,0.0,0.9412,0.0,0.125,0.1176,0.1212,1.0,3.0,46.0,0.9998535788485435,1.0,0.9764957264957265,0.988108108108108
sachs,11,17,new,316,16.944688823074102,87,17.0,0.24705999999999997,0.7529399999999999,0.11054,0.7529399999999999,0.7529399999999999,0.7529399999999999,4.2,22.2,17.0,0.0,1.0,0.0,0.1176,0.1176,0.1176,0.0,0.0,46.0,0.9996492639161965,1.0,0.9222903885480572,0.9595744680851064
sachs,11,17,new,8266,17.39466597698629,88,16.2,0.1853,0.77646,0.07891999999999999,0.8147,0.77646,0.7950200000000001,3.8,18.4,16.2,0.0,0.95296,0.0,0.12351999999999999,0.1176,0.12047999999999999,0.8,2.4,46.0,0.9996669197996195,1.0,0.9253279515640767,0.9612159329140461
sachs,11,17,new,1532,16.114951306022704,100,16.0,0.2,0.7529399999999999,0.08419999999999998,0.8,0.7529399999999999,0.7757799999999999,4.2,20.2,16.0,0.0,0.9412,0.0,0.125,0.1176,0.1212,1.0,3.0,46.0,0.9994207601466778,1.0,0.9124748490945674,0.9542346133613887
sachs,11,17,new,1009,16.15716867800802,101,16.6,0.22868,0.7529399999999999,0.1,0.77132,0.7529399999999999,0.76186,4.2,20.2,16.6,0.0,0.9764800000000001,0.0,0.22056,0.21172,0.21599999999999997,2.0,7.2,46.0,0.9995732555595813,1.0,0.9105263157894737,0.9531680440771351
sachs,11,17,new,2250,17.077557016164064,98,17.0,0.12940000000000002,0.8705999999999999,0.05786,0.8705999999999999,0.8705999999999999,0.8705999999999999,2.2,8.0,17.0,0.0,1.0,0.0,0.1176,0.1176,0.1176,0.0,0.0,46.0,0.9996301449763225,1.0,0.9195046439628483,0.9580645161290322
sachs,11,17,new,4447,16.324769884813577,124,17.0,0.19999999999999998,0.8,0.08946000000000001,0.8,0.8,0.8,3.4,17.0,17.0,0.0,1.0,0.0,0.1176,0.1176,0.1176,0.0,0.0,46.0,0.9992527354900083,1.0,0.8931750741839762,0.9435736677115988
sachs,11,17,new,2415,17.347094961907715,108,16.0,0.3375,0.62354,0.14212,0.6625,0.62354,0.64246,6.4,33.6,16.0,0.125,0.8234999999999999,0.0526,0.125,0.1176,0.1212,3.0,22.0,62.0,0.9997561454238129,1.0,0.9035897435897436,0.949353448275862
sachs,11,17,new,3595,15.915483962278813,28,16.0,0.375,0.58824,0.15789999999999998,0.625,0.58824,0.6061,7.0,31.2,16.0,0.0,0.9412,0.0,0.275,0.25877999999999995,0.26664,3.4,12.0,46.0,0.9998589831515974,0.9989594172736732,0.9815950920245399,0.9902011346054667
sachs,11,17,new,4187,14.597489409148693,91,17.0,0.24705999999999997,0.75294,0.11054,0.75294,0.75294,0.75294,4.2,24.4,17.0,0.0,1.0,0.0,0.1176,0.1176,0.1176,0.0,0.0,46.0,0.9997143264183058,1.0,0.9186652763295099,0.957608695652174
sachs,11,17,new,4135,16.76034368481487,61,16.0,0.2875,0.6706,0.12105999999999999,0.7125,0.6706,0.69094,5.6,28.6,16.0,0.0,0.9412,0.0,0.125,0.1176,0.1212,1.0,3.0,46.0,0.9998918037473292,1.0,0.947906026557712,0.9732564237021499
sachs,11,17,new,5174,17.638534103985876,91,17.0,0.12940000000000002,0.8705999999999999,0.05786,0.8705999999999999,0.8705999999999999,0.8705999999999999,2.2,8.0,17.0,0.0,1.0,0.0,0.1176,0.1176,0.1176,0.0,0.0,46.0,0.9997984791441634,0.9989082969432315,0.9168336673346693,0.9561128526645769
sachs,11,17,new,5303,15.629000558983535,52,16.4,0.17132,0.8,0.07365999999999999,0.82868,0.8,0.8139200000000001,3.4,12.8,16.4,0.0,0.9647200000000001,0.0,0.12204,0.1176,0.11976,0.6,1.8,46.0,0.999878333920091,1.0,0.9583333333333334,0.9787234042553191
sachs,11,17,new,3942,15.109824285842478,89,17.0,0.34116,0.65884,0.15264000000000003,0.65884,0.65884,0.65884,5.8,27.0,17.0,0.0,1.0,0.0,0.1176,0.1176,0.1176,0.0,0.0,46.0,0.9996326843908188,1.0,0.923155737704918,0.960042621204049
sachs,11,17,new,2778,15.619489329867065,21,16.6,0.28896,0.69414,0.12633999999999998,0.7110399999999999,0.69414,0.70234,5.2,26.2,16.6,0.0,0.9764800000000001,0.0,0.12056,0.1176,0.11903999999999999,0.4,1.2,46.0,0.9999359235684689,0.9989669421487604,0.9897645854657113,0.994344473007712
sachs,11,17,new,2804,18.146387992892414,123,16.0,0.2,0.7529399999999999,0.08419999999999998,0.8,0.7529399999999999,0.77578,4.2,23.4,16.0,0.0,0.9412,0.0,0.125,0.1176,0.1212,1.0,3.0,46.0,0.9994120489149043,1.0,0.8941532258064516,0.9441192123469931
sachs,11,17,new,2145,17.289727286901325,77,16.0,0.2625,0.69414,0.11054,0.7375,0.69414,0.7151799999999999,5.2,25.2,16.0,0.0,0.9412,0.0,0.375,0.3529,0.3636,5.0,18.0,46.0,0.9997290367332959,1.0,0.9303534303534303,0.9639203015616585
sachs,11,17,new,150,14.791745806112885,71,16.8,0.28456000000000004,0.70588,0.1263,0.7154400000000001,0.70588,0.71052,5.0,24.4,16.8,0.0,0.98824,0.0,0.16908,0.16466,0.1668,1.0,3.6,46.0,0.9998668893527062,1.0,0.9419354838709677,0.9700996677740864
sachs,11,17,new,8823,24.844597877934575,67,17.4,0.12613999999999997,0.8941399999999999,0.05786,0.87386,0.8941399999999999,0.8836999999999999,2.2,4.0,17.4,0.02224,1.0,0.01052,0.11499999999999999,0.1176,0.11627999999999998,0.4,0.0,46.0,0.9993458458072111,0.9957627118644068,0.9428284854563691,0.9685729005667182
sachs,11,17,new,4669,14.079316068906337,64,16.0,0.2125,0.7411800000000001,0.08945999999999998,0.7875,0.7411800000000001,0.76366,4.4,21.8,16.0,0.0,0.9412,0.0,0.125,0.1176,0.1212,1.0,3.0,46.0,0.9996691100066333,0.9988439306358381,0.9432314410480349,0.970241437394722
sachs,11,17,new,6131,13.575152303092182,64,17.0,0.18824,0.8117599999999999,0.08420000000000001,0.8117599999999999,0.8117599999999999,0.8117599999999999,3.2,14.2,17.0,0.0,1.0,0.0,0.1176,0.1176,0.1176,0.0,0.0,46.0,0.9997744890853576,1.0,0.9458631256384066,0.9721784776902888
sachs,11,17,new,2617,13.055122335907072,37,16.4,0.36618,0.61176,0.1579,0.63382,0.61176,0.62248,6.6,30.0,16.4,0.0,0.96472,0.0,0.27203999999999995,0.25877999999999995,0.2652,3.0,10.8,46.0,0.9998725004408252,0.9989495798319328,0.9733879222108496,0.9860031104199066
sachs,11,17,new,7166,16.414112390950322,79,16.0,0.2625,0.69414,0.11054,0.7375,0.69414,0.7151799999999999,5.2,25.2,16.0,0.0,0.9412,0.0,0.375,0.3529,0.3636,5.0,18.0,46.0,0.9998781760294304,1.0,0.9304703476482618,0.9639830508474576
sachs,11,17,new,1428,15.65149525180459,74,17.0,0.24705999999999997,0.7529399999999999,0.11054,0.7529399999999999,0.7529399999999999,0.7529399999999999,4.2,22.2,17.0,0.0,1.0,0.0,0.1176,0.1176,0.1176,0.0,0.0,46.0,0.9997987418642482,1.0,0.9344432882414152,0.9661108122646584
sachs,11,17,new,8328,15.367150474805385,31,16.6,0.16838,0.8117599999999999,0.07365999999999999,0.83162,0.8117599999999999,0.8214,3.2,12.2,16.6,0.0,0.9764800000000001,0.0,0.12056,0.1176,0.11903999999999999,0.4,1.2,46.0,0.9998932148670894,1.0,0.9799196787148594,0.9898580121703854
sachs,11,17,new,8289,14.050003929063678,57,17.0,0.14116,0.85884,0.06314,0.85884,0.85884,0.85884,2.4,12.4,17.0,0.0,1.0,0.0,0.1176,0.1176,0.1176,0.0,0.0,46.0,0.999822409480258,1.0,0.9568788501026694,0.9779643231899265
sachs,11,17,new,5978,17.728996605146676,82,16.6,0.18087999999999999,0.8,0.07893999999999998,0.8191200000000001,0.8,0.80928,3.4,19.4,16.6,0.0,0.9764800000000001,0.0,0.12056,0.1176,0.11904,0.4,1.2,46.0,0.9997720375918625,1.0,0.9293032786885246,0.9633563462559744
sachs,11,17,new,5511,14.225745538249612,60,16.0,0.2625,0.69414,0.11054,0.7375,0.69414,0.71518,5.2,24.4,16.0,0.0,0.9412,0.0,0.125,0.1176,0.1212,1.0,3.0,46.0,0.9998021100494414,1.0,0.9509906152241918,0.974879743452699
sachs,11,17,new,5864,14.470003608148545,43,17.0,0.15294000000000002,0.8470599999999999,0.06839999999999999,0.8470599999999999,0.8470599999999999,0.8470599999999999,2.6,12.4,17.0,0.0,1.0,0.0,0.1176,0.1176,0.1176,0.0,0.0,46.0,0.9999020914331024,1.0,0.9662921348314607,0.9828571428571428
sachs,11,17,new,606,13.966469769831747,40,17.0,0.3294,0.6706,0.14738,0.6706,0.6706,0.6706,5.6,27.8,17.0,0.0,1.0,0.0,0.1176,0.1176,0.1176,0.0,0.0,46.0,0.9999547465352604,1.0,0.96760710553814,0.9835369091874667
sachs,11,17,new,1933,25.958650473039597,60,17.0,0.24705999999999997,0.7529399999999999,0.11054,0.7529399999999999,0.7529399999999999,0.7529399999999999,4.2,22.2,17.0,0.0,1.0,0.0,0.1176,0.1176,0.1176,0.0,0.0,46.0,0.9996953278279047,0.9989837398373984,0.954368932038835,0.9761668321747765
sachs,11,17,new,6071,17.368059950880706,64,17.0,0.2,0.8,0.08945999999999998,0.8,0.8,0.8,3.4,18.8,17.0,0.0,1.0,0.0,0.1176,0.1176,0.1176,0.0,0.0,46.0,0.9997399700015088,0.9989395546129375,0.9515151515151515,0.9746508018623901
sachs,11,17,new,5504,15.0168112879619,63,16.4,0.18308000000000002,0.78824,0.07893999999999998,0.81692,0.78824,0.80216,3.6,20.0,16.4,0.0,0.96472,0.0,0.12204,0.1176,0.11976,0.6,1.8,46.0,0.9998020619242792,1.0,0.9416058394160584,0.9699248120300751
sachs,11,17,new,5163,13.869560990016907,108,16.0,0.375,0.58824,0.15789999999999998,0.625,0.58824,0.6061,7.0,31.2,16.0,0.0,0.9412,0.0,0.275,0.25877999999999995,0.26664,3.4,12.0,46.0,0.9991769442722671,1.0,0.9083419155509783,0.951969778737183
sachs,11,17,new,2406,16.212867865804583,96,16.0,0.2625,0.69414,0.11054,0.7375,0.69414,0.71518,5.2,27.4,16.0,0.0,0.9412,0.0,0.375,0.3529,0.3636,5.0,18.0,46.0,0.9996780860566782,1.0,0.9154639175257732,0.9558665231431648
sachs,11,17,new,304,16.652296707965434,51,17.0,0.12940000000000002,0.8705999999999999,0.05786,0.8705999999999999,0.8705999999999999,0.8705999999999999,2.2,9.6,17.0,0.0,1.0,0.0,0.1176,0.1176,0.1176,0.0,0.0,46.0,0.9997894441342104,0.9989539748953975,0.9578736208625878,0.9779825908858167
sachs,11,17,new,3391,16.370120380073786,17,16.4,0.18308,0.78824,0.07894,0.81692,0.78824,0.80216,3.6,13.0,16.4,0.0,0.9647200000000001,0.0,0.12204,0.1176,0.11976,0.6,1.8,46.0,0.9998639641443002,0.9949494949494949,0.9909456740442656,0.9929435483870968
sachs,11,17,new,359,15.617593799252063,93,16.8,0.21398,0.77646,0.09471999999999998,0.78602,0.77646,0.7811000000000001,3.8,24.0,16.8,0.0,0.98824,0.0,0.11907999999999999,0.1176,0.11832000000000001,0.2,0.6,46.0,0.9996362985943746,0.9988623435722411,0.9164926931106472,0.9559063690800218
sachs,11,17,new,9096,17.345655845012516,80,17.0,0.25881999999999994,0.74118,0.11579999999999999,0.74118,0.74118,0.74118,4.4,24.6,17.0,0.0,1.0,0.0,0.1176,0.1176,0.1176,0.0,0.0,46.0,0.9996291377601816,1.0,0.9291666666666667,0.9632829373650108
sachs,11,17,new,3533,16.063972137868404,57,17.0,0.12940000000000002,0.8705999999999999,0.05786,0.8705999999999999,0.8705999999999999,0.8705999999999999,2.2,9.6,17.0,0.0,1.0,0.0,0.1176,0.1176,0.1176,0.0,0.0,46.0,0.9998627040141699,1.0,0.9519918283963228,0.9754055468341183
sachs,11,17,new,4125,15.851227938197553,45,17.0,0.21176,0.78824,0.09473999999999999,0.78824,0.78824,0.78824,3.6,16.0,17.0,0.0,1.0,0.0,0.1176,0.1176,0.1176,0.0,0.0,46.0,0.9997912871285215,1.0,0.9641760491299898,0.9817613340281397
sachs,11,17,new,3094,13.43052697693929,45,17.0,0.24706,0.7529399999999999,0.11054,0.7529399999999999,0.7529399999999999,0.7529399999999999,4.2,24.4,17.0,0.0,1.0,0.0,0.1176,0.1176,0.1176,0.0,0.0,46.0,0.999883890665902,0.998960498960499,0.9638916750250752,0.9811128126595201
sachs,11,17,new,6398,15.940725335851312,73,16.4,0.24411999999999998,0.72942,0.10525999999999999,0.75588,0.72942,0.74226,4.6,21.0,16.4,0.0,0.9647200000000001,0.0,0.27203999999999995,0.25877999999999995,0.2652,3.0,10.8,46.0,0.9998394434543639,1.0,0.9385245901639344,0.9682875264270614
asia,8,8,org,7816,0.8330632988363504,140,5.0,0.30000000000000004,0.4375,0.07500000000000001,0.7,0.4375,0.53845,4.5,24.5,5.0,0.2,0.5,0.05,0.6,0.375,0.4615,5.0,21.0,28.0,0.9715343178921663,,0.0,
asia,8,8,org,3578,0.8505769041366875,134,4.0,0.25,0.375,0.05,0.75,0.375,0.5,5.0,22.0,4.0,0.0,0.5,0.0,0.5,0.25,0.3333,4.0,15.0,22.0,0.9751088465006925,,0.0,
asia,8,8,org,2656,0.9678876358084381,157,3.5,0.16665,0.375,0.025,0.83335,0.375,0.51515,5.0,23.0,3.5,0.0,0.4375,0.0,0.70835,0.3125,0.43179999999999996,5.0,19.5,28.0,0.9778476574151513,,0.0,
asia,8,8,org,2688,0.8511454528197646,134,5.0,0.20000000000000004,0.5,0.05000000000000001,0.7999999999999999,0.5,0.6153666666666666,4.0,19.666666666666668,5.0,0.0,0.625,0.0,0.6,0.375,0.4615,4.0,14.0,24.0,0.9743271833845781,,0.0,
asia,8,8,org,2494,0.8368610311299562,140,5.0,0.7,0.1875,0.175,0.30000000000000004,0.1875,0.23074999999999998,6.5,40.0,5.0,0.2,0.5,0.05,0.2,0.125,0.1538,7.0,29.0,44.0,0.9725753142927356,,0.0,
asia,8,8,org,183,0.8943928512744606,148,4.0,0.25,0.375,0.05,0.75,0.375,0.5,5.0,23.0,4.0,0.0,0.5,0.0,0.25,0.125,0.1667,6.0,16.0,31.0,0.9738907369153766,1.0,0.014492753623188406,0.02857142857142857
asia,8,8,org,7977,0.8830147790722549,151,5.0,0.4,0.375,0.1,0.6,0.375,0.4615,5.0,27.0,5.0,0.0,0.625,0.0,0.4,0.25,0.3077,5.0,15.0,35.0,0.974617931803113,,0.0,
asia,8,8,org,3199,0.9990100478753448,160,6.0,0.3333,0.5,0.1,0.6667,0.5,0.5714,4.0,25.0,6.0,0.0,0.75,0.0,0.6667,0.5,0.5714,3.0,13.0,28.0,0.9787014775164187,,0.0,
asia,8,8,org,316,0.7567984061315656,124,3.0,0.3333333333333333,0.25,0.05000000000000001,0.6666666666666666,0.25,0.3636333333333333,6.0,28.0,3.0,0.0,0.375,0.0,0.4444333333333333,0.16666666666666666,0.24239999999999998,6.333333333333333,22.0,36.333333333333336,0.9679662933107962,,0.0,
asia,8,8,org,8266,0.8791305338963866,140,5.0,0.30000000000000004,0.4375,0.07500000000000001,0.7,0.4375,0.53845,4.5,24.5,5.0,0.2,0.5,0.05,0.6,0.375,0.4615,5.0,21.0,28.0,0.9739595239131817,,0.0,
asia,8,8,org,1532,0.7976673687808216,134,2.0,0.5,0.125,0.05,0.5,0.125,0.2,7.0,31.0,2.0,0.0,0.25,0.0,0.0,0.0,,7.0,24.0,39.0,0.974349323952413,,0.0,
asia,8,8,org,1009,0.9057091749273241,145,4.0,0.25,0.375,0.05,0.75,0.375,0.5,5.0,30.0,4.0,0.25,0.375,0.05,0.5,0.25,0.3333,7.0,30.0,40.0,0.9751396451517707,,0.0,
asia,8,8,org,2250,0.8766111480072141,145,5.0,0.4,0.375,0.1,0.6,0.375,0.4615,5.0,26.0,5.0,0.0,0.625,0.0,0.6,0.375,0.4615,3.0,14.0,26.0,0.9735676345236851,,0.0,
asia,8,8,org,4447,0.9679917269386351,145,6.0,0.6667,0.25,0.2,0.3333,0.25,0.2857,6.0,40.0,6.0,0.1667,0.625,0.05,0.3333,0.25,0.2857,6.0,33.0,48.0,0.9759763014410409,,0.0,
asia,8,8,org,2415,0.9963199961930513,162,5.0,0.26666666666666666,0.4583333333333333,0.06666666666666667,0.7333333333333334,0.4583333333333333,0.5640999999999999,4.333333333333333,22.0,5.0,0.0,0.625,0.0,0.6,0.375,0.4615,3.0,14.0,26.0,0.9768136524384635,,0.0,
asia,8,8,org,3595,0.8714493750594556,140,3.0,0.16666666666666666,0.3333333333333333,0.016666666666666666,0.8333333333333334,0.3333333333333333,0.4707333333333333,5.333333333333333,23.333333333333332,3.0,0.0,0.375,0.0,0.47223333333333334,0.20833333333333334,0.43179999999999996,5.666666666666667,21.0,31.666666666666668,0.9745745447959278,,0.0,
asia,8,8,org,4187,0.8367146183736622,135,4.0,0.25,0.375,0.05,0.75,0.375,0.5,5.0,26.0,4.0,0.0,0.5,0.0,0.25,0.125,0.1667,6.0,18.0,36.0,0.9735665921668942,,0.0,
asia,8,8,org,4135,0.8569439835846424,140,3.3333333333333335,0.11109999999999999,0.375,0.016666666666666666,0.8889,0.375,0.5252666666666667,5.0,22.0,3.3333333333333335,0.0,0.4166666666666667,0.0,0.6944666666666667,0.2916666666666667,0.40906666666666663,5.0,19.666666666666668,27.666666666666668,0.9744891687266788,,0.0,
asia,8,8,org,5174,0.8301227083429694,134,3.5,0.29164999999999996,0.3125,0.05,0.70835,0.3125,0.43179999999999996,5.5,23.0,3.5,0.0,0.4375,0.0,0.25,0.125,0.3333,5.0,16.0,27.0,0.9736964758511624,,0.0,
asia,8,8,org,5303,0.9280540100298822,146,5.0,0.1,0.5625,0.025,0.9,0.5625,0.6922999999999999,3.5,17.5,5.0,0.0,0.625,0.0,0.6,0.375,0.4615,4.0,14.0,24.0,0.9740850861235408,,0.0,
asia,8,8,org,3942,0.9487467012368143,154,6.0,0.3333,0.5,0.1,0.6667,0.5,0.5714,4.0,25.0,6.0,0.0,0.75,0.0,0.6667,0.5,0.5714,3.0,13.0,28.0,0.9751427889189663,,0.0,
asia,8,8,org,2778,0.8436626447364688,140,5.0,0.4,0.375,0.1,0.6,0.375,0.4615,5.0,28.0,5.0,0.2,0.5,0.05,0.6,0.375,0.4615,5.0,21.0,28.0,0.9728482970272934,,0.0,
asia,8,8,org,2804,0.8866434074006975,145,4.0,0.5,0.25,0.1,0.5,0.25,0.3333,6.0,28.0,4.0,0.0,0.5,0.0,0.25,0.125,0.1667,5.0,16.0,36.0,0.9734015327344092,,0.0,
asia,8,8,org,2145,0.8385545602068305,140,5.0,0.6,0.25,0.15,0.4,0.25,0.3077,6.0,38.0,5.0,0.2,0.5,0.05,0.4,0.25,0.3077,7.0,23.0,41.0,0.9757245770763252,,0.0,
asia,8,8,org,150,0.9582643839530647,157,5.0,0.20000000000000004,0.5,0.05000000000000001,0.7999999999999999,0.5,0.6153666666666666,4.0,19.666666666666668,5.0,0.0,0.625,0.0,0.6,0.375,0.4615,3.0,14.0,26.0,0.9762792263606341,,0.0,
asia,8,8,org,8823,0.890887931920588,140,3.0,0.6667,0.125,0.1,0.3333,0.125,0.1818,7.0,32.0,3.0,0.0,0.375,0.0,0.0,0.0,,6.0,17.0,32.0,0.971355702909668,,0.0,
asia,8,8,org,4669,0.8380161309614778,140,5.0,0.6,0.25,0.15,0.4,0.25,0.3077,6.0,37.0,5.0,0.0,0.625,0.0,0.2,0.125,0.1538,6.0,22.0,37.0,0.9703885351474562,,0.0,
asia,8,8,org,6131,0.793758112937212,140,3.5,0.70835,0.125,0.125,0.29164999999999996,0.125,0.17425,7.0,37.0,3.5,0.125,0.375,0.025,0.125,0.0625,0.1667,6.5,22.0,37.0,0.9722699022590857,,0.0,
asia,8,8,org,2617,0.7290875497274101,124,2.5,0.16665,0.25,0.025,0.83335,0.25,0.38180000000000003,6.0,25.5,2.5,0.0,0.3125,0.0,0.33335,0.125,0.3636,6.0,22.0,33.0,0.9692237226640446,,0.0,
asia,8,8,org,7166,0.8887473801150918,134,4.5,0.325,0.375,0.07500000000000001,0.675,0.375,0.48075,5.0,25.0,4.5,0.1,0.5,0.025,0.55,0.3125,0.3974,4.5,18.0,25.0,0.9735191182263073,,0.0,
asia,8,8,org,1428,0.8349683927372098,146,4.0,0.0,0.5,0.0,1.0,0.5,0.6667,4.0,15.0,4.0,0.0,0.5,0.0,0.5,0.25,0.3333,4.0,15.0,22.0,0.9757456476966861,,0.0,
asia,8,8,org,8328,0.8248344492167234,134,5.0,0.0,0.625,0.0,1.0,0.625,0.7692,3.0,14.0,5.0,0.0,0.625,0.0,0.6,0.375,0.4615,4.0,14.0,24.0,0.9739785627911537,,0.0,
asia,8,8,org,8289,0.8497812058776617,140,5.0,0.2,0.5,0.05,0.8,0.5,0.6154,4.0,21.0,5.0,0.0,0.625,0.0,0.6,0.375,0.4615,4.0,14.0,24.0,0.9726080461287879,,0.0,
asia,8,8,org,5978,0.8606660212390125,139,5.0,0.0,0.625,0.0,1.0,0.625,0.7692,3.0,14.0,5.0,0.0,0.625,0.0,0.6,0.375,0.4615,4.0,14.0,24.0,0.9698645958611736,,0.0,
asia,8,8,org,5511,0.975327380001545,152,5.0,0.4,0.375,0.1,0.6,0.375,0.4615,5.0,29.0,5.0,0.0,0.625,0.0,0.2,0.125,0.1538,6.0,22.0,37.0,0.9744885048822706,,0.0,
asia,8,8,org,5864,1.2496335920877755,172,5.0,0.30000000000000004,0.4375,0.07500000000000001,0.7,0.4375,0.53845,4.5,24.5,5.0,0.2,0.5,0.05,0.6,0.375,0.4615,5.0,21.0,28.0,0.9776642941630974,,0.0,
asia,8,8,org,606,0.8474144097417593,140,3.0,0.3333,0.25,0.05,0.6667,0.25,0.3636,6.0,27.0,3.0,0.0,0.375,0.0,0.6667,0.25,0.3636,5.0,20.0,27.0,0.9729583078915658,,0.0,
asia,8,8,org,1933,0.8121093157678843,133,5.0,0.3333333333333333,0.4166666666666667,0.08333333333333333,0.6666666666666666,0.4166666666666667,0.5128,4.666666666666667,27.666666666666668,5.0,0.0,0.625,0.0,0.4000000000000001,0.25,0.3077,5.0,17.0,40.0,0.972916398768384,,0.0,
asia,8,8,org,6071,0.892339063808322,149,4.0,0.125,0.4375,0.025,0.875,0.4375,0.58335,4.5,18.5,4.0,0.0,0.5,0.0,0.5,0.25,0.3333,4.0,15.0,22.0,0.9764537842671701,,0.0,
asia,8,8,org,5504,0.9576983209699392,163,5.0,0.4666666666666666,0.3333333333333333,0.11666666666666665,0.5333333333333333,0.3333333333333333,0.4102333333333334,5.333333333333333,31.666666666666668,5.0,0.0,0.625,0.0,0.20000000000000004,0.125,0.1538,6.0,22.0,37.0,0.976257796956143,,0.0,
asia,8,8,org,5163,0.8853959618136287,143,4.0,0.25,0.375,0.05,0.75,0.375,0.5,5.0,23.0,4.0,0.0,0.5,0.0,0.25,0.125,0.1667,6.0,16.0,31.0,0.9747294873695717,1.0,0.007751937984496124,0.015384615384615384
asia,8,8,org,2406,0.9494426269084215,146,4.0,0.5,0.25,0.09999999999999999,0.5,0.25,0.3333333333333333,6.0,29.0,4.0,0.08333333333333333,0.4583333333333333,0.016666666666666666,0.25,0.125,0.1667,6.333333333333333,18.333333333333332,33.333333333333336,0.9766019414751493,,0.0,
asia,8,8,org,304,0.9781327052041888,151,3.0,0.3333,0.25,0.05,0.6667,0.25,0.3636,6.0,31.0,3.0,0.3333,0.25,0.05,0.3333,0.125,0.1818,7.0,31.0,38.0,0.9745483669811307,,0.0,
asia,8,8,org,3391,1.061073869932443,176,5.0,0.2,0.5,0.05,0.8,0.5,0.6154,4.0,21.0,5.0,0.0,0.625,0.0,0.6,0.375,0.4615,4.0,14.0,24.0,0.974329791559835,,0.0,
asia,8,8,org,359,0.8626448009163141,138,5.0,0.4,0.375,0.1,0.6,0.375,0.4615,5.0,29.0,5.0,0.2,0.5,0.05,0.6,0.375,0.4615,6.0,24.0,39.0,0.9731891242177105,,0.0,
asia,8,8,org,9096,0.7952100010588765,140,4.0,0.0,0.5,0.0,1.0,0.5,0.6667,4.0,16.0,4.0,0.0,0.5,0.0,0.25,0.125,0.1667,6.0,16.0,31.0,0.9745030363062999,,0.0,
asia,8,8,org,3533,0.7072619060054421,124,4.0,0.25,0.375,0.05,0.75,0.375,0.5,5.0,25.0,4.0,0.25,0.375,0.05,0.25,0.125,0.1667,7.0,25.0,40.0,0.9723647754068142,,0.0,
asia,8,8,org,4125,0.9061360419727862,155,5.0,0.0,0.625,0.0,1.0,0.625,0.7692,3.0,14.0,5.0,0.0,0.625,0.0,0.6,0.375,0.4615,4.0,14.0,24.0,0.9760801912760644,,0.0,
asia,8,8,org,3094,0.7619113917462528,127,5.0,0.6666666666666666,0.20833333333333334,0.16666666666666666,0.3333333333333333,0.20833333333333334,0.25639999999999996,6.333333333333333,37.666666666666664,5.0,0.4000000000000001,0.375,0.10000000000000002,0.20000000000000004,0.125,0.1538,8.0,35.0,46.0,0.9702379098783259,,0.0,
asia,8,8,org,6398,1.0296921599656343,156,5.0,0.7,0.1875,0.175,0.30000000000000004,0.1875,0.23074999999999998,7.5,34.0,5.0,0.4,0.375,0.1,0.0,0.0,,7.0,24.0,39.0,0.9674197749484527,,0.0,
asia,8,8,new,7816,0.8965585548430681,140,4.0,0.0,0.5,0.0,1.0,0.5,0.6667,4.0,15.0,4.0,0.0,0.5,0.0,0.5,0.25,0.3333,4.0,15.0,22.0,0.9715343178921663,,0.0,
asia,8,8,new,3578,0.8268813178874552,134,4.0,0.0,0.5,0.0,1.0,0.5,0.6667,4.0,15.0,4.0,0.0,0.5,0.0,0.5,0.25,0.3333,4.0,15.0,22.0,0.9751088465006925,,0.0,
asia,8,8,new,2656,0.9113563378341496,157,4.0,0.0,0.5,0.0,1.0,0.5,0.6667,4.0,19.0,4.0,0.0,0.5,0.0,0.75,0.375,0.5,5.0,19.0,29.0,0.9778476574151513,,0.0,
asia,8,8,new,2688,0.8705420787446201,134,5.0,0.0,0.625,0.0,1.0,0.625,0.7692,3.0,14.0,5.0,0.0,0.625,0.0,0.6,0.375,0.4615,4.0,14.0,24.0,0.9743271833845781,,0.0,
asia,8,8,new,2494,0.9083397509530187,140,4.0,0.0,0.5,0.0,1.0,0.5,0.6667,4.0,15.0,4.0,0.0,0.5,0.0,0.5,0.25,0.3333,4.0,15.0,22.0,0.9725753142927356,,0.0,
asia,8,8,new,183,0.9125971212051809,148,5.0,0.0,0.625,0.0,1.0,0.625,0.7692,3.0,14.0,5.0,0.0,0.625,0.0,0.6,0.375,0.4615,4.0,14.0,24.0,0.9738907369153766,1.0,0.014492753623188406,0.02857142857142857
asia,8,8,new,7977,0.9407840808853507,151,5.0,0.0,0.625,0.0,1.0,0.625,0.7692,3.0,14.0,5.0,0.0,0.625,0.0,0.6,0.375,0.4615,3.0,14.0,26.0,0.974617931803113,,0.0,
asia,8,8,new,3199,0.9451141809113324,160,5.5,0.0,0.6875,0.0,1.0,0.6875,0.81315,2.5,13.5,5.5,0.0,0.6875,0.0,0.63335,0.4375,0.5164500000000001,3.0,13.5,27.0,0.9787014775164187,,0.0,
asia,8,8,new,316,0.7075204271823168,124,4.0,0.0,0.5,0.0,1.0,0.5,0.6667,4.0,19.0,4.0,0.0,0.5,0.0,0.75,0.375,0.5,5.0,19.0,29.0,0.9679662933107962,,0.0,
asia,8,8,new,8266,0.8533914349973202,140,4.0,0.0,0.5,0.0,1.0,0.5,0.6667,4.0,15.0,4.0,0.0,0.5,0.0,0.5,0.25,0.3333,4.0,15.0,22.0,0.9739595239131817,,0.0,
asia,8,8,new,1532,0.7449487820267677,134,3.0,0.0,0.375,0.0,1.0,0.375,0.5455,5.0,22.0,3.0,0.0,0.375,0.0,1.0,0.375,0.5455,6.0,22.0,25.0,0.974349323952413,,0.0,
asia,8,8,new,1009,0.8748982921242714,145,5.0,0.0,0.625,0.0,1.0,0.625,0.7692,3.0,18.0,5.0,0.0,0.625,0.0,0.8,0.5,0.6154,4.0,18.0,33.0,0.9751396451517707,,0.0,
asia,8,8,new,2250,0.8108011647127569,145,5.0,0.0,0.625,0.0,1.0,0.625,0.7692,3.0,14.0,5.0,0.0,0.625,0.0,0.6,0.375,0.4615,3.0,14.0,26.0,0.9735676345236851,,0.0,
asia,8,8,new,4447,0.9074663668870926,145,5.0,0.0,0.625,0.0,1.0,0.625,0.7692,3.0,14.0,5.0,0.0,0.625,0.0,0.6,0.375,0.4615,3.0,14.0,26.0,0.9759763014410409,,0.0,
asia,8,8,new,2415,0.942186065018177,162,5.0,0.0,0.625,0.0,1.0,0.625,0.7692,3.0,14.0,5.0,0.0,0.625,0.0,0.6,0.375,0.4615,3.0,14.0,26.0,0.9768136524384635,,0.0,
asia,8,8,new,3595,0.8747176737524569,140,4.0,0.0,0.5,0.0,1.0,0.5,0.6667,4.0,19.0,4.0,0.0,0.5,0.0,0.75,0.375,0.5,5.0,19.0,29.0,0.9745745447959278,,0.0,
asia,8,8,new,4187,0.800528007093817,135,4.0,0.0,0.5,0.0,1.0,0.5,0.6667,4.0,15.0,4.0,0.0,0.5,0.0,0.5,0.25,0.3333,4.0,15.0,22.0,0.9735665921668942,,0.0,
asia,8,8,new,4135,0.8287811391055584,140,4.0,0.0,0.5,0.0,1.0,0.5,0.6667,4.0,19.0,4.0,0.0,0.5,0.0,0.75,0.375,0.5,5.0,19.0,29.0,0.9744891687266788,,0.0,
asia,8,8,new,5174,0.8360917130485177,134,4.0,0.0,0.5,0.0,1.0,0.5,0.6667,4.0,15.0,4.0,0.0,0.5,0.0,0.5,0.25,0.3333,4.0,15.0,22.0,0.9736964758511624,,0.0,
asia,8,8,new,5303,0.9447959796525538,146,5.0,0.0,0.625,0.0,1.0,0.625,0.7692,3.0,14.0,5.0,0.0,0.625,0.0,0.6,0.375,0.4615,4.0,14.0,24.0,0.9740850861235408,,0.0,
asia,8,8,new,3942,0.9163546552881598,154,6.0,0.0,0.75,0.0,1.0,0.75,0.8571,2.0,13.0,6.0,0.0,0.75,0.0,0.6667,0.5,0.5714,3.0,13.0,28.0,0.9751427889189663,,0.0,
asia,8,8,new,2778,0.8306631199084222,140,5.0,0.0,0.625,0.0,1.0,0.625,0.7692,3.0,14.0,5.0,0.0,0.625,0.0,0.6,0.375,0.4615,4.0,14.0,24.0,0.9728482970272934,,0.0,
asia,8,8,new,2804,0.8773977630771697,145,4.0,0.0,0.5,0.0,1.0,0.5,0.6667,4.0,15.0,4.0,0.0,0.5,0.0,0.5,0.25,0.3333,4.0,15.0,22.0,0.9734015327344092,,0.0,
asia,8,8,new,2145,0.8487084470689297,140,4.0,0.0,0.5,0.0,1.0,0.5,0.6667,4.0,15.0,4.0,0.0,0.5,0.0,0.5,0.25,0.3333,4.0,15.0,22.0,0.9757245770763252,,0.0,
asia,8,8,new,150,0.9405687619000673,157,5.0,0.0,0.625,0.0,1.0,0.625,0.7692,3.0,14.0,5.0,0.0,0.625,0.0,0.6,0.375,0.4615,3.0,14.0,26.0,0.9762792263606341,,0.0,
asia,8,8,new,8823,0.8188818390481174,140,4.0,0.0,0.5,0.0,1.0,0.5,0.6667,4.0,15.0,4.0,0.0,0.5,0.0,0.5,0.25,0.3333,4.0,15.0,22.0,0.971355702909668,,0.0,
asia,8,8,new,4669,0.8256670511327684,140,4.0,0.0,0.5,0.0,1.0,0.5,0.6667,4.0,15.0,4.0,0.0,0.5,0.0,0.5,0.25,0.3333,4.0,15.0,22.0,0.9703885351474562,,0.0,
asia,8,8,new,6131,0.8592742932960391,140,4.0,0.0,0.5,0.0,1.0,0.5,0.6667,4.0,15.0,4.0,0.0,0.5,0.0,0.5,0.25,0.3333,4.0,15.0,22.0,0.9722699022590857,,0.0,
asia,8,8,new,2617,0.7498901099897921,124,4.0,0.0,0.5,0.0,1.0,0.5,0.6667,4.0,19.0,4.0,0.0,0.5,0.0,0.75,0.375,0.5,5.0,19.0,29.0,0.9692237226640446,,0.0,
asia,8,8,new,7166,0.826536389067769,134,4.0,0.0,0.5,0.0,1.0,0.5,0.6667,4.0,15.0,4.0,0.0,0.5,0.0,0.5,0.25,0.3333,4.0,15.0,22.0,0.9735191182263073,,0.0,
asia,8,8,new,1428,0.8224673271179199,146,4.0,0.0,0.5,0.0,1.0,0.5,0.6667,4.0,15.0,4.0,0.0,0.5,0.0,0.5,0.25,0.3333,4.0,15.0,22.0,0.9757456476966861,,0.0,
asia,8,8,new,8328,0.8502409681677818,134,5.0,0.0,0.625,0.0,1.0,0.625,0.7692,3.0,14.0,5.0,0.0,0.625,0.0,0.6,0.375,0.4615,4.0,14.0,24.0,0.9739785627911537,,0.0,
asia,8,8,new,8289,0.8138648713938892,140,5.0,0.0,0.625,0.0,1.0,0.625,0.7692,3.0,14.0,5.0,0.0,0.625,0.0,0.6,0.375,0.4615,4.0,14.0,24.0,0.9726080461287879,,0.0,
asia,8,8,new,5978,0.8421675027348101,139,5.0,0.0,0.625,0.0,1.0,0.625,0.7692,3.0,14.0,5.0,0.0,0.625,0.0,0.6,0.375,0.4615,4.0,14.0,24.0,0.9698645958611736,,0.0,
asia,8,8,new,5511,0.9598339241929352,152,4.5,0.0,0.5625,0.0,1.0,0.5625,0.71795,3.5,14.5,4.5,0.0,0.5625,0.0,0.55,0.3125,0.3974,4.0,14.5,23.0,0.9744885048822706,,0.0,
asia,8,8,new,5864,1.0271623549051583,172,5.0,0.2,0.5,0.05,0.8,0.5,0.6154,5.0,22.0,5.0,0.2,0.5,0.05,0.4,0.25,0.3077,5.0,14.0,22.0,0.9776642941630974,,0.0,
asia,8,8,new,606,0.8677339251153171,140,4.0,0.0,0.5,0.0,1.0,0.5,0.6667,4.0,19.0,4.0,0.0,0.5,0.0,0.75,0.375,0.5,5.0,19.0,29.0,0.9729583078915658,,0.0,
asia,8,8,new,1933,0.8183027389459312,133,5.0,0.0,0.625,0.0,1.0,0.625,0.7692,3.0,14.0,5.0,0.0,0.625,0.0,0.6,0.375,0.4615,3.0,14.0,26.0,0.972916398768384,,0.0,
asia,8,8,new,6071,0.8536649942398071,149,4.0,0.0,0.5,0.0,1.0,0.5,0.6667,4.0,15.0,4.0,0.0,0.5,0.0,0.5,0.25,0.3333,4.0,15.0,22.0,0.9764537842671701,,0.0,
asia,8,8,new,5504,1.0798987299203873,163,4.0,0.0,0.5,0.0,1.0,0.5,0.6667,4.0,15.0,4.0,0.0,0.5,0.0,0.5,0.25,0.3333,4.0,15.0,22.0,0.976257796956143,,0.0,
asia,8,8,new,5163,0.8710699770599604,143,4.0,0.0,0.5,0.0,1.0,0.5,0.6667,4.0,15.0,4.0,0.0,0.5,0.0,0.5,0.25,0.3333,4.0,15.0,22.0,0.9747294873695717,1.0,0.007751937984496124,0.015384615384615384
asia,8,8,new,2406,0.8829018538817763,146,4.0,0.0,0.5,0.0,1.0,0.5,0.6667,4.0,15.0,4.0,0.0,0.5,0.0,0.5,0.25,0.3333,4.0,15.0,22.0,0.9766019414751493,,0.0,
asia,8,8,new,304,0.9987304541282356,151,6.0,0.0,0.75,0.0,1.0,0.75,0.8571,2.0,13.0,6.0,0.0,0.75,0.0,0.6667,0.5,0.5714,3.0,13.0,28.0,0.9745483669811307,,0.0,
asia,8,8,new,3391,1.085824275854975,176,5.0,0.0,0.625,0.0,1.0,0.625,0.7692,3.0,14.0,5.0,0.0,0.625,0.0,0.6,0.375,0.4615,4.0,14.0,24.0,0.974329791559835,,0.0,
asia,8,8,new,359,0.8034991743043065,138,5.0,0.0,0.625,0.0,1.0,0.625,0.7692,3.0,14.0,5.0,0.0,0.625,0.0,0.6,0.375,0.4615,3.0,14.0,26.0,0.9731891242177105,,0.0,
asia,8,8,new,9096,0.8292860393412411,140,5.0,0.0,0.625,0.0,1.0,0.625,0.7692,3.0,14.0,5.0,0.0,0.625,0.0,0.6,0.375,0.4615,4.0,14.0,24.0,0.9745030363062999,,0.0,
asia,8,8,new,3533,0.7538361740298569,124,4.0,0.0,0.5,0.0,1.0,0.5,0.6667,4.0,19.0,4.0,0.0,0.5,0.0,0.75,0.375,0.5,5.0,19.0,29.0,0.9723647754068142,,0.0,
asia,8,8,new,4125,0.914070880971849,155,5.0,0.0,0.625,0.0,1.0,0.625,0.7692,3.0,14.0,5.0,0.0,0.625,0.0,0.6,0.375,0.4615,4.0,14.0,24.0,0.9760801912760644,,0.0,
asia,8,8,new,3094,0.7581054456532001,127,3.5,0.0,0.4375,0.0,1.0,0.4375,0.6061,4.5,19.5,3.5,0.0,0.4375,0.0,0.70835,0.3125,0.43179999999999996,5.0,19.5,28.0,0.9702379098783259,,0.0,
asia,8,8,new,6398,1.0207542977295816,156,5.0,0.2,0.5,0.05,0.8,0.5,0.6154,5.0,14.0,5.0,0.2,0.5,0.05,0.4,0.25,0.3077,5.0,14.0,26.0,0.9674197749484527,,0.0,
earthquake,5,4,org,7816,0.07373292185366154,0,4.0,0.0,1.0,0.0,1.0,1.0,1.0,0.0,0.0,4.0,0.0,1.0,0.0,1.0,1.0,1.0,0.0,0.0,5.0,1.0,,0.0,
earthquake,5,4,org,3578,0.06969076581299305,0,4.0,0.0,1.0,0.0,1.0,1.0,1.0,0.0,0.0,4.0,0.0,1.0,0.0,1.0,1.0,1.0,0.0,0.0,5.0,1.0,,0.0,
earthquake,5,4,org,2656,0.06714654993265867,0,4.0,0.0,1.0,0.0,1.0,1.0,1.0,0.0,0.0,4.0,0.0,1.0,0.0,1.0,1.0,1.0,0.0,0.0,5.0,1.0,,0.0,
earthquake,5,4,org,2688,0.06992864375934005,0,4.0,0.0,1.0,0.0,1.0,1.0,1.0,0.0,0.0,4.0,0.0,1.0,0.0,1.0,1.0,1.0,0.0,0.0,5.0,1.0,,0.0,
earthquake,5,4,org,2494,0.12106939358636737,1,4.0,0.0,1.0,0.0,1.0,1.0,1.0,0.0,0.0,4.0,0.0,1.0,0.0,1.0,1.0,1.0,0.0,0.0,5.0,1.0,1.0,1.0,1.0
earthquake,5,4,org,183,0.07552246190607548,0,4.0,0.0,1.0,0.0,1.0,1.0,1.0,0.0,0.0,4.0,0.0,1.0,0.0,1.0,1.0,1.0,0.0,0.0,5.0,1.0,,0.0,
earthquake,5,4,org,7977,0.13171763019636273,0,4.0,0.0,1.0,0.0,1.0,1.0,1.0,0.0,0.0,4.0,0.0,1.0,0.0,1.0,1.0,1.0,0.0,0.0,5.0,1.0,,0.0,
earthquake,5,4,org,3199,0.1356639787554741,2,4.0,0.0,1.0,0.0,1.0,1.0,1.0,0.0,0.0,4.0,0.0,1.0,0.0,1.0,1.0,1.0,0.0,0.0,5.0,1.0,1.0,1.0,1.0
earthquake,5,4,org,316,0.07840838422998786,0,4.0,0.0,1.0,0.0,1.0,1.0,1.0,0.0,0.0,4.0,0.0,1.0,0.0,1.0,1.0,1.0,0.0,0.0,5.0,1.0,,0.0,
earthquake,5,4,org,8266,0.11074289493262768,2,5.0,0.2,1.0,0.1667,0.8,1.0,0.8889,1.0,0.0,5.0,0.2,1.0,0.1667,0.8,1.0,0.8889,1.0,0.0,14.0,0.999097505881862,0.9824561403508771,0.9824561403508771,0.9824561403508771
earthquake,5,4,org,1532,0.1140669621527195,7,4.0,0.0,1.0,0.0,1.0,1.0,1.0,0.0,0.0,4.0,0.0,1.0,0.0,1.0,1.0,1.0,0.0,0.0,5.0,0.9965682898771648,1.0,0.9074074074074074,0.9514563106796117
earthquake,5,4,org,1009,0.3545945091173053,57,4.0,0.5,0.5,0.3333,0.5,0.5,0.5,3.0,13.0,4.0,0.5,0.5,0.3333,0.5,0.5,0.5,3.0,8.0,13.0,0.9982517245630247,,0.0,
earthquake,5,4,org,2250,0.07354255672544241,0,4.0,0.0,1.0,0.0,1.0,1.0,1.0,0.0,0.0,4.0,0.0,1.0,0.0,1.0,1.0,1.0,0.0,0.0,5.0,1.0,,0.0,
earthquake,5,4,org,4447,0.07949406607076526,0,4.0,0.0,1.0,0.0,1.0,1.0,1.0,0.0,0.0,4.0,0.0,1.0,0.0,1.0,1.0,1.0,0.0,0.0,5.0,1.0,,0.0,
earthquake,5,4,org,2415,0.07909290632233024,0,4.0,0.0,1.0,0.0,1.0,1.0,1.0,0.0,0.0,4.0,0.0,1.0,0.0,1.0,1.0,1.0,0.0,0.0,5.0,1.0,,0.0,
earthquake,5,4,org,3595,0.07768725510686636,0,4.0,0.0,1.0,0.0,1.0,1.0,1.0,0.0,0.0,4.0,0.0,1.0,0.0,1.0,1.0,1.0,0.0,0.0,5.0,1.0,,0.0,
earthquake,5,4,org,4187,0.13787738513201475,4,4.0,0.0,1.0,0.0,1.0,1.0,1.0,0.0,0.0,4.0,0.0,1.0,0.0,1.0,1.0,1.0,0.0,0.0,5.0,0.9993897326498339,1.0,0.9649122807017544,0.9821428571428572
earthquake,5,4,org,4135,0.06844396702945232,0,4.0,0.0,1.0,0.0,1.0,1.0,1.0,0.0,0.0,4.0,0.0,1.0,0.0,1.0,1.0,1.0,0.0,0.0,5.0,1.0,,0.0,
earthquake,5,4,org,5174,0.0686170649714768,0,4.0,0.0,1.0,0.0,1.0,1.0,1.0,0.0,0.0,4.0,0.0,1.0,0.0,1.0,1.0,1.0,0.0,0.0,5.0,1.0,,0.0,
earthquake,5,4,org,5303,0.08112978981807828,0,4.0,0.0,1.0,0.0,1.0,1.0,1.0,0.0,0.0,4.0,0.0,1.0,0.0,1.0,1.0,1.0,0.0,0.0,5.0,1.0,,0.0,
earthquake,5,4,org,3942,0.07946879789233208,0,4.0,0.0,1.0,0.0,1.0,1.0,1.0,0.0,0.0,4.0,0.0,1.0,0.0,1.0,1.0,1.0,0.0,0.0,5.0,1.0,,0.0,
earthquake,5,4,org,2778,0.07837429968640208,0,4.0,0.0,1.0,0.0,1.0,1.0,1.0,0.0,0.0,4.0,0.0,1.0,0.0,1.0,1.0,1.0,0.0,0.0,5.0,1.0,,0.0,
earthquake,5,4,org,2804,0.054438481107354164,0,4.0,0.0,1.0,0.0,1.0,1.0,1.0,0.0,0.0,4.0,0.0,1.0,0.0,1.0,1.0,1.0,0.0,0.0,5.0,1.0,,0.0,
earthquake,5,4,org,2145,0.07222974393516779,0,4.0,0.0,1.0,0.0,1.0,1.0,1.0,0.0,0.0,4.0,0.0,1.0,0.0,1.0,1.0,1.0,0.0,0.0,5.0,1.0,,0.0,
earthquake,5,4,org,150,0.08119329204782844,0,4.0,0.0,1.0,0.0,1.0,1.0,1.0,0.0,0.0,4.0,0.0,1.0,0.0,1.0,1.0,1.0,0.0,0.0,5.0,1.0,,0.0,
earthquake,5,4,org,8823,0.07130629988387227,0,4.0,0.0,1.0,0.0,1.0,1.0,1.0,0.0,0.0,4.0,0.0,1.0,0.0,1.0,1.0,1.0,0.0,0.0,5.0,1.0,,0.0,
earthquake,5,4,org,4669,0.07123526791110635,0,4.0,0.0,1.0,0.0,1.0,1.0,1.0,0.0,0.0,4.0,0.0,1.0,0.0,1.0,1.0,1.0,0.0,0.0,5.0,1.0,,0.0,
earthquake,5,4,org,6131,0.05912925489246845,0,4.0,0.0,1.0,0.0,1.0,1.0,1.0,0.0,0.0,4.0,0.0,1.0,0.0,1.0,1.0,1.0,0.0,0.0,5.0,1.0,,0.0,
earthquake,5,4,org,2617,0.05909988796338439,0,4.0,0.0,1.0,0.0,1.0,1.0,1.0,0.0,0.0,4.0,0.0,1.0,0.0,1.0,1.0,1.0,0.0,0.0,5.0,1.0,,0.0,
earthquake,5,4,org,7166,0.09383374219760299,0,4.0,0.0,1.0,0.0,1.0,1.0,1.0,0.0,0.0,4.0,0.0,1.0,0.0,1.0,1.0,1.0,0.0,0.0,5.0,1.0,,0.0,
earthquake,5,4,org,1428,0.06630438566207886,0,4.0,0.0,1.0,0.0,1.0,1.0,1.0,0.0,0.0,4.0,0.0,1.0,0.0,1.0,1.0,1.0,0.0,0.0,5.0,1.0,,0.0,
earthquake,5,4,org,8328,0.07661198684945703,0,4.0,0.0,1.0,0.0,1.0,1.0,1.0,0.0,0.0,4.0,0.0,1.0,0.0,1.0,1.0,1.0,0.0,0.0,5.0,1.0,,0.0,
earthquake,5,4,org,8289,0.05312755797058344,0,4.0,0.0,1.0,0.0,1.0,1.0,1.0,0.0,0.0,4.0,0.0,1.0,0.0,1.0,1.0,1.0,0.0,0.0,5.0,1.0,,0.0,
earthquake,5,4,org,5978,0.07214259402826428,0,4.0,0.0,1.0,0.0,1.0,1.0,1.0,0.0,0.0,4.0,0.0,1.0,0.0,1.0,1.0,1.0,0.0,0.0,5.0,1.0,,0.0,
earthquake,5,4,org,5511,0.08253188990056515,0,4.0,0.0,1.0,0.0,1.0,1.0,1.0,0.0,0.0,4.0,0.0,1.0,0.0,1.0,1.0,1.0,0.0,0.0,5.0,1.0,,0.0,
earthquake,5,4,org,5864,0.07802727818489075,0,4.0,0.0,1.0,0.0,1.0,1.0,1.0,0.0,0.0,4.0,0.0,1.0,0.0,1.0,1.0,1.0,0.0,0.0,5.0,1.0,,0.0,
earthquake,5,4,org,606,0.16340978164225817,5,5.0,0.2,1.0,0.1667,0.8,1.0,0.8889,1.0,0.0,5.0,0.2,1.0,0.1667,0.8,1.0,0.8889,1.0,0.0,14.0,0.9975105075031312,0.9814814814814815,0.9137931034482759,0.9464285714285714
earthquake,5,4,org,1933,0.08230730192735791,0,4.0,0.0,1.0,0.0,1.0,1.0,1.0,0.0,0.0,4.0,0.0,1.0,0.0,1.0,1.0,1.0,0.0,0.0,5.0,1.0,,0.0,
earthquake,5,4,org,6071,0.10317342495545745,0,4.0,0.0,1.0,0.0,1.0,1.0,1.0,0.0,0.0,4.0,0.0,1.0,0.0,1.0,1.0,1.0,0.0,0.0,5.0,1.0,,0.0,
earthquake,5,4,org,5504,0.056743059772998095,0,4.0,0.0,1.0,0.0,1.0,1.0,1.0,0.0,0.0,4.0,0.0,1.0,0.0,1.0,1.0,1.0,0.0,0.0,5.0,1.0,,0.0,
earthquake,5,4,org,5163,0.0632972102612257,0,4.0,0.0,1.0,0.0,1.0,1.0,1.0,0.0,0.0,4.0,0.0,1.0,0.0,1.0,1.0,1.0,0.0,0.0,5.0,1.0,,0.0,
earthquake,5,4,org,2406,0.0805330416187644,0,4.0,0.0,1.0,0.0,1.0,1.0,1.0,0.0,0.0,4.0,0.0,1.0,0.0,1.0,1.0,1.0,0.0,0.0,5.0,1.0,,0.0,
earthquake,5,4,org,304,0.08100297581404448,0,4.0,0.0,1.0,0.0,1.0,1.0,1.0,0.0,0.0,4.0,0.0,1.0,0.0,1.0,1.0,1.0,0.0,0.0,5.0,1.0,,0.0,
earthquake,5,4,org,3391,0.07315778313204646,0,4.0,0.0,1.0,0.0,1.0,1.0,1.0,0.0,0.0,4.0,0.0,1.0,0.0,1.0,1.0,1.0,0.0,0.0,5.0,1.0,,0.0,
earthquake,5,4,org,359,0.06865235511213541,0,4.0,0.0,1.0,0.0,1.0,1.0,1.0,0.0,0.0,4.0,0.0,1.0,0.0,1.0,1.0,1.0,0.0,0.0,5.0,1.0,,0.0,
earthquake,5,4,org,9096,0.1360861947759986,0,4.0,0.0,1.0,0.0,1.0,1.0,1.0,0.0,0.0,4.0,0.0,1.0,0.0,1.0,1.0,1.0,0.0,0.0,5.0,1.0,,0.0,
earthquake,5,4,org,3533,0.08491119090467691,0,4.0,0.0,1.0,0.0,1.0,1.0,1.0,0.0,0.0,4.0,0.0,1.0,0.0,1.0,1.0,1.0,0.0,0.0,5.0,1.0,,0.0,
earthquake,5,4,org,4125,0.11721801897510886,0,4.0,0.0,1.0,0.0,1.0,1.0,1.0,0.0,0.0,4.0,0.0,1.0,0.0,1.0,1.0,1.0,0.0,0.0,5.0,1.0,,0.0,
earthquake,5,4,org,3094,0.0701687061227858,0,4.0,0.0,1.0,0.0,1.0,1.0,1.0,0.0,0.0,4.0,0.0,1.0,0.0,1.0,1.0,1.0,0.0,0.0,5.0,1.0,,0.0,
earthquake,5,4,org,6398,0.06884149322286248,0,4.0,0.0,1.0,0.0,1.0,1.0,1.0,0.0,0.0,4.0,0.0,1.0,0.0,1.0,1.0,1.0,0.0,0.0,5.0,1.0,,0.0,
earthquake,5,4,new,7816,0.07677331520244479,0,4.0,0.0,1.0,0.0,1.0,1.0,1.0,0.0,0.0,4.0,0.0,1.0,0.0,1.0,1.0,1.0,0.0,0.0,5.0,1.0,,0.0,
earthquake,5,4,new,3578,0.06720504304394126,0,4.0,0.0,1.0,0.0,1.0,1.0,1.0,0.0,0.0,4.0,0.0,1.0,0.0,1.0,1.0,1.0,0.0,0.0,5.0,1.0,,0.0,
earthquake,5,4,new,2656,0.06722994614392519,0,4.0,0.0,1.0,0.0,1.0,1.0,1.0,0.0,0.0,4.0,0.0,1.0,0.0,1.0,1.0,1.0,0.0,0.0,5.0,1.0,,0.0,
earthquake,5,4,new,2688,0.06593314139172435,0,4.0,0.0,1.0,0.0,1.0,1.0,1.0,0.0,0.0,4.0,0.0,1.0,0.0,1.0,1.0,1.0,0.0,0.0,5.0,1.0,,0.0,
earthquake,5,4,new,2494,0.08275705808773637,1,4.0,0.0,1.0,0.0,1.0,1.0,1.0,0.0,0.0,4.0,0.0,1.0,0.0,1.0,1.0,1.0,0.0,0.0,5.0,1.0,1.0,1.0,1.0
earthquake,5,4,new,183,0.07191882003098726,0,4.0,0.0,1.0,0.0,1.0,1.0,1.0,0.0,0.0,4.0,0.0,1.0,0.0,1.0,1.0,1.0,0.0,0.0,5.0,1.0,,0.0,
earthquake,5,4,new,7977,0.06581730209290981,0,4.0,0.0,1.0,0.0,1.0,1.0,1.0,0.0,0.0,4.0,0.0,1.0,0.0,1.0,1.0,1.0,0.0,0.0,5.0,1.0,,0.0,
earthquake,5,4,new,3199,0.2068848218768835,2,4.0,0.0,1.0,0.0,1.0,1.0,1.0,0.0,0.0,4.0,0.0,1.0,0.0,1.0,1.0,1.0,0.0,0.0,5.0,1.0,1.0,1.0,1.0
earthquake,5,4,new,316,0.09510929090902209,0,4.0,0.0,1.0,0.0,1.0,1.0,1.0,0.0,0.0,4.0,0.0,1.0,0.0,1.0,1.0,1.0,0.0,0.0,5.0,1.0,,0.0,
earthquake,5,4,new,8266,0.10526999412104487,2,5.0,0.2,1.0,0.1667,0.8,1.0,0.8889,1.0,0.0,5.0,0.2,1.0,0.1667,0.8,1.0,0.8889,1.0,0.0,14.0,0.999097505881862,0.9824561403508771,0.9824561403508771,0.9824561403508771
earthquake,5,4,new,1532,0.08941381284967065,7,4.0,0.0,1.0,0.0,1.0,1.0,1.0,0.0,0.0,4.0,0.0,1.0,0.0,1.0,1.0,1.0,0.0,0.0,5.0,0.9965682898771648,1.0,0.9074074074074074,0.9514563106796117
earthquake,5,4,new,1009,0.35333590768277645,57,4.0,0.25,0.75,0.1667,0.75,0.75,0.75,2.0,4.0,4.0,0.25,0.75,0.1667,0.75,0.75,0.75,2.0,4.0,13.0,0.9982517245630247,,0.0,
earthquake,5,4,new,2250,0.06890618335455656,0,4.0,0.0,1.0,0.0,1.0,1.0,1.0,0.0,0.0,4.0,0.0,1.0,0.0,1.0,1.0,1.0,0.0,0.0,5.0,1.0,,0.0,
earthquake,5,4,new,4447,0.0695858527906239,0,4.0,0.0,1.0,0.0,1.0,1.0,1.0,0.0,0.0,4.0,0.0,1.0,0.0,1.0,1.0,1.0,0.0,0.0,5.0,1.0,,0.0,
earthquake,5,4,new,2415,0.07121695391833782,0,4.0,0.0,1.0,0.0,1.0,1.0,1.0,0.0,0.0,4.0,0.0,1.0,0.0,1.0,1.0,1.0,0.0,0.0,5.0,1.0,,0.0,
earthquake,5,4,new,3595,0.06331670470535755,0,4.0,0.0,1.0,0.0,1.0,1.0,1.0,0.0,0.0,4.0,0.0,1.0,0.0,1.0,1.0,1.0,0.0,0.0,5.0,1.0,,0.0,
earthquake,5,4,new,4187,0.12092652125284076,4,4.0,0.0,1.0,0.0,1.0,1.0,1.0,0.0,0.0,4.0,0.0,1.0,0.0,1.0,1.0,1.0,0.0,0.0,5.0,0.9993897326498339,1.0,0.9649122807017544,0.9821428571428572
earthquake,5,4,new,4135,0.07168830698356032,0,4.0,0.0,1.0,0.0,1.0,1.0,1.0,0.0,0.0,4.0,0.0,1.0,0.0,1.0,1.0,1.0,0.0,0.0,5.0,1.0,,0.0,
earthquake,5,4,new,5174,0.06612266506999731,0,4.0,0.0,1.0,0.0,1.0,1.0,1.0,0.0,0.0,4.0,0.0,1.0,0.0,1.0,1.0,1.0,0.0,0.0,5.0,1.0,,0.0,
earthquake,5,4,new,5303,0.08908470720052719,0,4.0,0.0,1.0,0.0,1.0,1.0,1.0,0.0,0.0,4.0,0.0,1.0,0.0,1.0,1.0,1.0,0.0,0.0,5.0,1.0,,0.0,
earthquake,5,4,new,3942,0.08654867578297853,0,4.0,0.0,1.0,0.0,1.0,1.0,1.0,0.0,0.0,4.0,0.0,1.0,0.0,1.0,1.0,1.0,0.0,0.0,5.0,1.0,,0.0,
earthquake,5,4,new,2778,0.05399868078529835,0,4.0,0.0,1.0,0.0,1.0,1.0,1.0,0.0,0.0,4.0,0.0,1.0,0.0,1.0,1.0,1.0,0.0,0.0,5.0,1.0,,0.0,
earthquake,5,4,new,2804,0.0529777966439724,0,4.0,0.0,1.0,0.0,1.0,1.0,1.0,0.0,0.0,4.0,0.0,1.0,0.0,1.0,1.0,1.0,0.0,0.0,5.0,1.0,,0.0,
earthquake,5,4,new,2145,0.06136581674218178,0,4.0,0.0,1.0,0.0,1.0,1.0,1.0,0.0,0.0,4.0,0.0,1.0,0.0,1.0,1.0,1.0,0.0,0.0,5.0,1.0,,0.0,
earthquake,5,4,new,150,0.073589070700109,0,4.0,0.0,1.0,0.0,1.0,1.0,1.0,0.0,0.0,4.0,0.0,1.0,0.0,1.0,1.0,1.0,0.0,0.0,5.0,1.0,,0.0,
earthquake,5,4,new,8823,0.07449974399060011,0,4.0,0.0,1.0,0.0,1.0,1.0,1.0,0.0,0.0,4.0,0.0,1.0,0.0,1.0,1.0,1.0,0.0,0.0,5.0,1.0,,0.0,
earthquake,5,4,new,4669,0.06010240176692605,0,4.0,0.0,1.0,0.0,1.0,1.0,1.0,0.0,0.0,4.0,0.0,1.0,0.0,1.0,1.0,1.0,0.0,0.0,5.0,1.0,,0.0,
earthquake,5,4,new,6131,0.0573922642506659,0,4.0,0.0,1.0,0.0,1.0,1.0,1.0,0.0,0.0,4.0,0.0,1.0,0.0,1.0,1.0,1.0,0.0,0.0,5.0,1.0,,0.0,
earthquake,5,4,new,2617,0.05998364603146911,0,4.0,0.0,1.0,0.0,1.0,1.0,1.0,0.0,0.0,4.0,0.0,1.0,0.0,1.0,1.0,1.0,0.0,0.0,5.0,1.0,,0.0,
earthquake,5,4,new,7166,0.09292102186009288,0,4.0,0.0,1.0,0.0,1.0,1.0,1.0,0.0,0.0,4.0,0.0,1.0,0.0,1.0,1.0,1.0,0.0,0.0,5.0,1.0,,0.0,
earthquake,5,4,new,1428,0.07487513404339552,0,4.0,0.0,1.0,0.0,1.0,1.0,1.0,0.0,0.0,4.0,0.0,1.0,0.0,1.0,1.0,1.0,0.0,0.0,5.0,1.0,,0.0,
earthquake,5,4,new,8328,0.06765854405239224,0,4.0,0.0,1.0,0.0,1.0,1.0,1.0,0.0,0.0,4.0,0.0,1.0,0.0,1.0,1.0,1.0,0.0,0.0,5.0,1.0,,0.0,
earthquake,5,4,new,8289,0.05260037211701274,0,4.0,0.0,1.0,0.0,1.0,1.0,1.0,0.0,0.0,4.0,0.0,1.0,0.0,1.0,1.0,1.0,0.0,0.0,5.0,1.0,,0.0,
earthquake,5,4,new,5978,0.07009900221601129,0,4.0,0.0,1.0,0.0,1.0,1.0,1.0,0.0,0.0,4.0,0.0,1.0,0.0,1.0,1.0,1.0,0.0,0.0,5.0,1.0,,0.0,
earthquake,5,4,new,5511,0.06665289402008057,0,4.0,0.0,1.0,0.0,1.0,1.0,1.0,0.0,0.0,4.0,0.0,1.0,0.0,1.0,1.0,1.0,0.0,0.0,5.0,1.0,,0.0,
earthquake,5,4,new,5864,0.06639863178133965,0,4.0,0.0,1.0,0.0,1.0,1.0,1.0,0.0,0.0,4.0,0.0,1.0,0.0,1.0,1.0,1.0,0.0,0.0,5.0,1.0,,0.0,
earthquake,5,4,new,606,0.1457444578409195,5,5.0,0.2,1.0,0.1667,0.8,1.0,0.8889,1.0,0.0,5.0,0.2,1.0,0.1667,0.8,1.0,0.8889,1.0,0.0,14.0,0.9975105075031312,0.9814814814814815,0.9137931034482759,0.9464285714285714
earthquake,5,4,new,1933,0.06296545686200261,0,4.0,0.0,1.0,0.0,1.0,1.0,1.0,0.0,0.0,4.0,0.0,1.0,0.0,1.0,1.0,1.0,0.0,0.0,5.0,1.0,,0.0,
earthquake,5,4,new,6071,0.06461206311360002,0,4.0,0.0,1.0,0.0,1.0,1.0,1.0,0.0,0.0,4.0,0.0,1.0,0.0,1.0,1.0,1.0,0.0,0.0,5.0,1.0,,0.0,
earthquake,5,4,new,5504,0.060742530040442944,0,4.0,0.0,1.0,0.0,1.0,1.0,1.0,0.0,0.0,4.0,0.0,1.0,0.0,1.0,1.0,1.0,0.0,0.0,5.0,1.0,,0.0,
earthquake,5,4,new,5163,0.05645086104050279,0,4.0,0.0,1.0,0.0,1.0,1.0,1.0,0.0,0.0,4.0,0.0,1.0,0.0,1.0,1.0,1.0,0.0,0.0,5.0,1.0,,0.0,
earthquake,5,4,new,2406,0.05038126930594444,0,4.0,0.0,1.0,0.0,1.0,1.0,1.0,0.0,0.0,4.0,0.0,1.0,0.0,1.0,1.0,1.0,0.0,0.0,5.0,1.0,,0.0,
earthquake,5,4,new,304,0.06685953494161367,0,4.0,0.0,1.0,0.0,1.0,1.0,1.0,0.0,0.0,4.0,0.0,1.0,0.0,1.0,1.0,1.0,0.0,0.0,5.0,1.0,,0.0,
earthquake,5,4,new,3391,0.10290737077593803,0,4.0,0.0,1.0,0.0,1.0,1.0,1.0,0.0,0.0,4.0,0.0,1.0,0.0,1.0,1.0,1.0,0.0,0.0,5.0,1.0,,0.0,
earthquake,5,4,new,359,0.06957569718360901,0,4.0,0.0,1.0,0.0,1.0,1.0,1.0,0.0,0.0,4.0,0.0,1.0,0.0,1.0,1.0,1.0,0.0,0.0,5.0,1.0,,0.0,
earthquake,5,4,new,9096,0.10757144680246711,0,4.0,0.0,1.0,0.0,1.0,1.0,1.0,0.0,0.0,4.0,0.0,1.0,0.0,1.0,1.0,1.0,0.0,0.0,5.0,1.0,,0.0,
earthquake,5,4,new,3533,0.06074434798210859,0,4.0,0.0,1.0,0.0,1.0,1.0,1.0,0.0,0.0,4.0,0.0,1.0,0.0,1.0,1.0,1.0,0.0,0.0,5.0,1.0,,0.0,
earthquake,5,4,new,4125,0.06518100388348103,0,4.0,0.0,1.0,0.0,1.0,1.0,1.0,0.0,0.0,4.0,0.0,1.0,0.0,1.0,1.0,1.0,0.0,0.0,5.0,1.0,,0.0,
earthquake,5,4,new,3094,0.08242740714922547,0,4.0,0.0,1.0,0.0,1.0,1.0,1.0,0.0,0.0,4.0,0.0,1.0,0.0,1.0,1.0,1.0,0.0,0.0,5.0,1.0,,0.0,
earthquake,5,4,new,6398,0.08669511508196592,0,4.0,0.0,1.0,0.0,1.0,1.0,1.0,0.0,0.0,4.0,0.0,1.0,0.0,1.0,1.0,1.0,0.0,0.0,5.0,1.0,,0.0,
