dataset,num_nodes,org_time,new_time,org_remove_n,new_remove_n,org_atoms,new_atoms,org_rules,new_rules,org_conflicts,new_conflicts,repeats
asia,8,427.13874454148,35.60426485421718,114.82,114.82,922241.54,73424.34,1847619.3,135961.82,7141.58,4494.56,50
cancer,5,0.2538849870359991,0.2552558662230149,20.36,20.36,3002.4,1198.9,4630.24,1853.5,9.54,9.9,50
earthquake,5,0.07866630577831529,0.08529288489604368,4.34,4.34,2903.5,1697.68,4550.14,2642.58,1.64,1.96,50
survey,6,1.0034679413656704,0.6551639743428678,39.18,39.18,13206.9,2707.96,23203.64,4352.36,60.44,43.98,50
