dataset,dataset_label,seed,method,endpoint_valid,endpoint_invalid_reason,n_dag_extensions,total_tests,contradicted_tests,contradicted_independence_tests,contradicted_dependence_tests,contradiction_rate,all_tests_enforced,raw_graph_path,facts_path
cancer,Cancer (5),2026,MPC,True,,4.0,22,3.0,3.0,0.0,0.13636363636363635,False,results/paper_aaai2027/frozen/results/estimated_graphs/paper_bnlearn_alpha001_nowrong_noweight_50rep_mpc_fgs/cancer/MPC/run_0000_seed_2026.npz,results/paper_aaai2027/frozen/results/final_mcs_experiments_er_sf_alpha001_nowrong_noweight_50rep_chunked/wc_sweep_bnlearn_cancer_alpha001_nowrong_noweight_seed2026_2075_20260715_154609/rep1/facts.lp
cancer,Cancer (5),2027,MPC,True,,4.0,28,4.0,2.0,2.0,0.14285714285714285,False,results/paper_aaai2027/frozen/results/estimated_graphs/paper_bnlearn_alpha001_nowrong_noweight_50rep_mpc_fgs/cancer/MPC/run_0001_seed_2027.npz,results/paper_aaai2027/frozen/results/final_mcs_experiments_er_sf_alpha001_nowrong_noweight_50rep_chunked/wc_sweep_bnlearn_cancer_alpha001_nowrong_noweight_seed2026_2075_20260715_154609/rep2/facts.lp
cancer,Cancer (5),2028,MPC,True,,4.0,22,3.0,3.0,0.0,0.13636363636363635,False,results/paper_aaai2027/frozen/results/estimated_graphs/paper_bnlearn_alpha001_nowrong_noweight_50rep_mpc_fgs/cancer/MPC/run_0002_seed_2028.npz,results/paper_aaai2027/frozen/results/final_mcs_experiments_er_sf_alpha001_nowrong_noweight_50rep_chunked/wc_sweep_bnlearn_cancer_alpha001_nowrong_noweight_seed2026_2075_20260715_154609/rep3/facts.lp
cancer,Cancer (5),2029,MPC,True,,4.0,29,7.0,3.0,4.0,0.2413793103448276,False,results/paper_aaai2027/frozen/results/estimated_graphs/paper_bnlearn_alpha001_nowrong_noweight_50rep_mpc_fgs/cancer/MPC/run_0003_seed_2029.npz,results/paper_aaai2027/frozen/results/final_mcs_experiments_er_sf_alpha001_nowrong_noweight_50rep_chunked/wc_sweep_bnlearn_cancer_alpha001_nowrong_noweight_seed2026_2075_20260715_154609/rep4/facts.lp
cancer,Cancer (5),2030,MPC,True,,1.0,44,5.0,5.0,0.0,0.11363636363636363,False,results/paper_aaai2027/frozen/results/estimated_graphs/paper_bnlearn_alpha001_nowrong_noweight_50rep_mpc_fgs/cancer/MPC/run_0004_seed_2030.npz,results/paper_aaai2027/frozen/results/final_mcs_experiments_er_sf_alpha001_nowrong_noweight_50rep_chunked/wc_sweep_bnlearn_cancer_alpha001_nowrong_noweight_seed2026_2075_20260715_154609/rep5/facts.lp
cancer,Cancer (5),2031,MPC,True,,5.0,44,6.0,6.0,0.0,0.13636363636363635,False,results/paper_aaai2027/frozen/results/estimated_graphs/paper_bnlearn_alpha001_nowrong_noweight_50rep_mpc_fgs/cancer/MPC/run_0005_seed_2031.npz,results/paper_aaai2027/frozen/results/final_mcs_experiments_er_sf_alpha001_nowrong_noweight_50rep_chunked/wc_sweep_bnlearn_cancer_alpha001_nowrong_noweight_seed2026_2075_20260715_154609/rep6/facts.lp
cancer,Cancer (5),2032,MPC,True,,1.0,44,5.0,5.0,0.0,0.11363636363636363,False,results/paper_aaai2027/frozen/results/estimated_graphs/paper_bnlearn_alpha001_nowrong_noweight_50rep_mpc_fgs/cancer/MPC/run_0006_seed_2032.npz,results/paper_aaai2027/frozen/results/final_mcs_experiments_er_sf_alpha001_nowrong_noweight_50rep_chunked/wc_sweep_bnlearn_cancer_alpha001_nowrong_noweight_seed2026_2075_20260715_154609/rep7/facts.lp
cancer,Cancer (5),2033,MPC,True,,4.0,22,2.0,2.0,0.0,0.09090909090909091,False,results/paper_aaai2027/frozen/results/estimated_graphs/paper_bnlearn_alpha001_nowrong_noweight_50rep_mpc_fgs/cancer/MPC/run_0007_seed_2033.npz,results/paper_aaai2027/frozen/results/final_mcs_experiments_er_sf_alpha001_nowrong_noweight_50rep_chunked/wc_sweep_bnlearn_cancer_alpha001_nowrong_noweight_seed2026_2075_20260715_154609/rep8/facts.lp
cancer,Cancer (5),2034,MPC,True,,1.0,44,5.0,5.0,0.0,0.11363636363636363,False,results/paper_aaai2027/frozen/results/estimated_graphs/paper_bnlearn_alpha001_nowrong_noweight_50rep_mpc_fgs/cancer/MPC/run_0008_seed_2034.npz,results/paper_aaai2027/frozen/results/final_mcs_experiments_er_sf_alpha001_nowrong_noweight_50rep_chunked/wc_sweep_bnlearn_cancer_alpha001_nowrong_noweight_seed2026_2075_20260715_154609/rep9/facts.lp
cancer,Cancer (5),2035,MPC,True,,4.0,22,3.0,3.0,0.0,0.13636363636363635,False,results/paper_aaai2027/frozen/results/estimated_graphs/paper_bnlearn_alpha001_nowrong_noweight_50rep_mpc_fgs/cancer/MPC/run_0009_seed_2035.npz,results/paper_aaai2027/frozen/results/final_mcs_experiments_er_sf_alpha001_nowrong_noweight_50rep_chunked/wc_sweep_bnlearn_cancer_alpha001_nowrong_noweight_seed2026_2075_20260715_154609/rep10/facts.lp
cancer,Cancer (5),2036,MPC,True,,5.0,44,6.0,6.0,0.0,0.13636363636363635,False,results/paper_aaai2027/frozen/results/estimated_graphs/paper_bnlearn_alpha001_nowrong_noweight_50rep_mpc_fgs/cancer/MPC/run_0010_seed_2036.npz,results/paper_aaai2027/frozen/results/final_mcs_experiments_er_sf_alpha001_nowrong_noweight_50rep_chunked/wc_sweep_bnlearn_cancer_alpha001_nowrong_noweight_seed2026_2075_20260715_154609/rep11/facts.lp
cancer,Cancer (5),2037,MPC,True,,8.0,26,3.0,2.0,1.0,0.11538461538461539,False,results/paper_aaai2027/frozen/results/estimated_graphs/paper_bnlearn_alpha001_nowrong_noweight_50rep_mpc_fgs/cancer/MPC/run_0011_seed_2037.npz,results/paper_aaai2027/frozen/results/final_mcs_experiments_er_sf_alpha001_nowrong_noweight_50rep_chunked/wc_sweep_bnlearn_cancer_alpha001_nowrong_noweight_seed2026_2075_20260715_154609/rep12/facts.lp
cancer,Cancer (5),2038,MPC,True,,1.0,41,9.0,2.0,7.0,0.21951219512195122,False,results/paper_aaai2027/frozen/results/estimated_graphs/paper_bnlearn_alpha001_nowrong_noweight_50rep_mpc_fgs/cancer/MPC/run_0012_seed_2038.npz,results/paper_aaai2027/frozen/results/final_mcs_experiments_er_sf_alpha001_nowrong_noweight_50rep_chunked/wc_sweep_bnlearn_cancer_alpha001_nowrong_noweight_seed2026_2075_20260715_154609/rep13/facts.lp
cancer,Cancer (5),2039,MPC,True,,5.0,44,6.0,6.0,0.0,0.13636363636363635,False,results/paper_aaai2027/frozen/results/estimated_graphs/paper_bnlearn_alpha001_nowrong_noweight_50rep_mpc_fgs/cancer/MPC/run_0013_seed_2039.npz,results/paper_aaai2027/frozen/results/final_mcs_experiments_er_sf_alpha001_nowrong_noweight_50rep_chunked/wc_sweep_bnlearn_cancer_alpha001_nowrong_noweight_seed2026_2075_20260715_154609/rep14/facts.lp
cancer,Cancer (5),2040,MPC,True,,1.0,44,5.0,5.0,0.0,0.11363636363636363,False,results/paper_aaai2027/frozen/results/estimated_graphs/paper_bnlearn_alpha001_nowrong_noweight_50rep_mpc_fgs/cancer/MPC/run_0014_seed_2040.npz,results/paper_aaai2027/frozen/results/final_mcs_experiments_er_sf_alpha001_nowrong_noweight_50rep_chunked/wc_sweep_bnlearn_cancer_alpha001_nowrong_noweight_seed2026_2075_20260715_154609/rep15/facts.lp
cancer,Cancer (5),2041,MPC,True,,4.0,22,3.0,3.0,0.0,0.13636363636363635,False,results/paper_aaai2027/frozen/results/estimated_graphs/paper_bnlearn_alpha001_nowrong_noweight_50rep_mpc_fgs/cancer/MPC/run_0015_seed_2041.npz,results/paper_aaai2027/frozen/results/final_mcs_experiments_er_sf_alpha001_nowrong_noweight_50rep_chunked/wc_sweep_bnlearn_cancer_alpha001_nowrong_noweight_seed2026_2075_20260715_154609/rep16/facts.lp
cancer,Cancer (5),2042,MPC,True,,4.0,28,5.0,3.0,2.0,0.17857142857142858,False,results/paper_aaai2027/frozen/results/estimated_graphs/paper_bnlearn_alpha001_nowrong_noweight_50rep_mpc_fgs/cancer/MPC/run_0016_seed_2042.npz,results/paper_aaai2027/frozen/results/final_mcs_experiments_er_sf_alpha001_nowrong_noweight_50rep_chunked/wc_sweep_bnlearn_cancer_alpha001_nowrong_noweight_seed2026_2075_20260715_154609/rep17/facts.lp
cancer,Cancer (5),2043,MPC,True,,4.0,28,6.0,3.0,3.0,0.21428571428571427,False,results/paper_aaai2027/frozen/results/estimated_graphs/paper_bnlearn_alpha001_nowrong_noweight_50rep_mpc_fgs/cancer/MPC/run_0017_seed_2043.npz,results/paper_aaai2027/frozen/results/final_mcs_experiments_er_sf_alpha001_nowrong_noweight_50rep_chunked/wc_sweep_bnlearn_cancer_alpha001_nowrong_noweight_seed2026_2075_20260715_154609/rep18/facts.lp
cancer,Cancer (5),2044,MPC,True,,4.0,22,3.0,3.0,0.0,0.13636363636363635,False,results/paper_aaai2027/frozen/results/estimated_graphs/paper_bnlearn_alpha001_nowrong_noweight_50rep_mpc_fgs/cancer/MPC/run_0018_seed_2044.npz,results/paper_aaai2027/frozen/results/final_mcs_experiments_er_sf_alpha001_nowrong_noweight_50rep_chunked/wc_sweep_bnlearn_cancer_alpha001_nowrong_noweight_seed2026_2075_20260715_154609/rep19/facts.lp
cancer,Cancer (5),2045,MPC,True,,1.0,44,5.0,5.0,0.0,0.11363636363636363,False,results/paper_aaai2027/frozen/results/estimated_graphs/paper_bnlearn_alpha001_nowrong_noweight_50rep_mpc_fgs/cancer/MPC/run_0019_seed_2045.npz,results/paper_aaai2027/frozen/results/final_mcs_experiments_er_sf_alpha001_nowrong_noweight_50rep_chunked/wc_sweep_bnlearn_cancer_alpha001_nowrong_noweight_seed2026_2075_20260715_154609/rep20/facts.lp
cancer,Cancer (5),2046,MPC,True,,1.0,44,4.0,4.0,0.0,0.09090909090909091,False,results/paper_aaai2027/frozen/results/estimated_graphs/paper_bnlearn_alpha001_nowrong_noweight_50rep_mpc_fgs/cancer/MPC/run_0020_seed_2046.npz,results/paper_aaai2027/frozen/results/final_mcs_experiments_er_sf_alpha001_nowrong_noweight_50rep_chunked/wc_sweep_bnlearn_cancer_alpha001_nowrong_noweight_seed2026_2075_20260715_154609/rep21/facts.lp
cancer,Cancer (5),2047,MPC,True,,5.0,44,6.0,6.0,0.0,0.13636363636363635,False,results/paper_aaai2027/frozen/results/estimated_graphs/paper_bnlearn_alpha001_nowrong_noweight_50rep_mpc_fgs/cancer/MPC/run_0021_seed_2047.npz,results/paper_aaai2027/frozen/results/final_mcs_experiments_er_sf_alpha001_nowrong_noweight_50rep_chunked/wc_sweep_bnlearn_cancer_alpha001_nowrong_noweight_seed2026_2075_20260715_154609/rep22/facts.lp
cancer,Cancer (5),2048,MPC,True,,1.0,44,5.0,5.0,0.0,0.11363636363636363,False,results/paper_aaai2027/frozen/results/estimated_graphs/paper_bnlearn_alpha001_nowrong_noweight_50rep_mpc_fgs/cancer/MPC/run_0022_seed_2048.npz,results/paper_aaai2027/frozen/results/final_mcs_experiments_er_sf_alpha001_nowrong_noweight_50rep_chunked/wc_sweep_bnlearn_cancer_alpha001_nowrong_noweight_seed2026_2075_20260715_154609/rep23/facts.lp
cancer,Cancer (5),2049,MPC,True,,4.0,22,3.0,3.0,0.0,0.13636363636363635,False,results/paper_aaai2027/frozen/results/estimated_graphs/paper_bnlearn_alpha001_nowrong_noweight_50rep_mpc_fgs/cancer/MPC/run_0023_seed_2049.npz,results/paper_aaai2027/frozen/results/final_mcs_experiments_er_sf_alpha001_nowrong_noweight_50rep_chunked/wc_sweep_bnlearn_cancer_alpha001_nowrong_noweight_seed2026_2075_20260715_154609/rep24/facts.lp
cancer,Cancer (5),2050,MPC,True,,4.0,22,3.0,3.0,0.0,0.13636363636363635,False,results/paper_aaai2027/frozen/results/estimated_graphs/paper_bnlearn_alpha001_nowrong_noweight_50rep_mpc_fgs/cancer/MPC/run_0024_seed_2050.npz,results/paper_aaai2027/frozen/results/final_mcs_experiments_er_sf_alpha001_nowrong_noweight_50rep_chunked/wc_sweep_bnlearn_cancer_alpha001_nowrong_noweight_seed2026_2075_20260715_154609/rep25/facts.lp
cancer,Cancer (5),2051,MPC,True,,4.0,28,6.0,3.0,3.0,0.21428571428571427,False,results/paper_aaai2027/frozen/results/estimated_graphs/paper_bnlearn_alpha001_nowrong_noweight_50rep_mpc_fgs/cancer/MPC/run_0025_seed_2051.npz,results/paper_aaai2027/frozen/results/final_mcs_experiments_er_sf_alpha001_nowrong_noweight_50rep_chunked/wc_sweep_bnlearn_cancer_alpha001_nowrong_noweight_seed2026_2075_20260715_154609/rep26/facts.lp
cancer,Cancer (5),2052,MPC,True,,5.0,44,6.0,6.0,0.0,0.13636363636363635,False,results/paper_aaai2027/frozen/results/estimated_graphs/paper_bnlearn_alpha001_nowrong_noweight_50rep_mpc_fgs/cancer/MPC/run_0026_seed_2052.npz,results/paper_aaai2027/frozen/results/final_mcs_experiments_er_sf_alpha001_nowrong_noweight_50rep_chunked/wc_sweep_bnlearn_cancer_alpha001_nowrong_noweight_seed2026_2075_20260715_154609/rep27/facts.lp
cancer,Cancer (5),2053,MPC,True,,1.0,28,5.0,2.0,3.0,0.17857142857142858,False,results/paper_aaai2027/frozen/results/estimated_graphs/paper_bnlearn_alpha001_nowrong_noweight_50rep_mpc_fgs/cancer/MPC/run_0027_seed_2053.npz,results/paper_aaai2027/frozen/results/final_mcs_experiments_er_sf_alpha001_nowrong_noweight_50rep_chunked/wc_sweep_bnlearn_cancer_alpha001_nowrong_noweight_seed2026_2075_20260715_154609/rep28/facts.lp
cancer,Cancer (5),2054,MPC,True,,4.0,22,3.0,3.0,0.0,0.13636363636363635,False,results/paper_aaai2027/frozen/results/estimated_graphs/paper_bnlearn_alpha001_nowrong_noweight_50rep_mpc_fgs/cancer/MPC/run_0028_seed_2054.npz,results/paper_aaai2027/frozen/results/final_mcs_experiments_er_sf_alpha001_nowrong_noweight_50rep_chunked/wc_sweep_bnlearn_cancer_alpha001_nowrong_noweight_seed2026_2075_20260715_154609/rep29/facts.lp
cancer,Cancer (5),2055,MPC,True,,4.0,28,5.0,3.0,2.0,0.17857142857142858,False,results/paper_aaai2027/frozen/results/estimated_graphs/paper_bnlearn_alpha001_nowrong_noweight_50rep_mpc_fgs/cancer/MPC/run_0029_seed_2055.npz,results/paper_aaai2027/frozen/results/final_mcs_experiments_er_sf_alpha001_nowrong_noweight_50rep_chunked/wc_sweep_bnlearn_cancer_alpha001_nowrong_noweight_seed2026_2075_20260715_154609/rep30/facts.lp
cancer,Cancer (5),2056,MPC,True,,1.0,44,5.0,5.0,0.0,0.11363636363636363,False,results/paper_aaai2027/frozen/results/estimated_graphs/paper_bnlearn_alpha001_nowrong_noweight_50rep_mpc_fgs/cancer/MPC/run_0030_seed_2056.npz,results/paper_aaai2027/frozen/results/final_mcs_experiments_er_sf_alpha001_nowrong_noweight_50rep_chunked/wc_sweep_bnlearn_cancer_alpha001_nowrong_noweight_seed2026_2075_20260715_154609/rep31/facts.lp
cancer,Cancer (5),2057,MPC,True,,4.0,22,3.0,3.0,0.0,0.13636363636363635,False,results/paper_aaai2027/frozen/results/estimated_graphs/paper_bnlearn_alpha001_nowrong_noweight_50rep_mpc_fgs/cancer/MPC/run_0031_seed_2057.npz,results/paper_aaai2027/frozen/results/final_mcs_experiments_er_sf_alpha001_nowrong_noweight_50rep_chunked/wc_sweep_bnlearn_cancer_alpha001_nowrong_noweight_seed2026_2075_20260715_154609/rep32/facts.lp
cancer,Cancer (5),2058,MPC,True,,4.0,29,7.0,3.0,4.0,0.2413793103448276,False,results/paper_aaai2027/frozen/results/estimated_graphs/paper_bnlearn_alpha001_nowrong_noweight_50rep_mpc_fgs/cancer/MPC/run_0032_seed_2058.npz,results/paper_aaai2027/frozen/results/final_mcs_experiments_er_sf_alpha001_nowrong_noweight_50rep_chunked/wc_sweep_bnlearn_cancer_alpha001_nowrong_noweight_seed2026_2075_20260715_154609/rep33/facts.lp
cancer,Cancer (5),2059,MPC,True,,4.0,22,3.0,3.0,0.0,0.13636363636363635,False,results/paper_aaai2027/frozen/results/estimated_graphs/paper_bnlearn_alpha001_nowrong_noweight_50rep_mpc_fgs/cancer/MPC/run_0033_seed_2059.npz,results/paper_aaai2027/frozen/results/final_mcs_experiments_er_sf_alpha001_nowrong_noweight_50rep_chunked/wc_sweep_bnlearn_cancer_alpha001_nowrong_noweight_seed2026_2075_20260715_154609/rep34/facts.lp
cancer,Cancer (5),2060,MPC,True,,4.0,28,5.0,3.0,2.0,0.17857142857142858,False,results/paper_aaai2027/frozen/results/estimated_graphs/paper_bnlearn_alpha001_nowrong_noweight_50rep_mpc_fgs/cancer/MPC/run_0034_seed_2060.npz,results/paper_aaai2027/frozen/results/final_mcs_experiments_er_sf_alpha001_nowrong_noweight_50rep_chunked/wc_sweep_bnlearn_cancer_alpha001_nowrong_noweight_seed2026_2075_20260715_154609/rep35/facts.lp
cancer,Cancer (5),2061,MPC,True,,4.0,22,3.0,3.0,0.0,0.13636363636363635,False,results/paper_aaai2027/frozen/results/estimated_graphs/paper_bnlearn_alpha001_nowrong_noweight_50rep_mpc_fgs/cancer/MPC/run_0035_seed_2061.npz,results/paper_aaai2027/frozen/results/final_mcs_experiments_er_sf_alpha001_nowrong_noweight_50rep_chunked/wc_sweep_bnlearn_cancer_alpha001_nowrong_noweight_seed2026_2075_20260715_154609/rep36/facts.lp
cancer,Cancer (5),2062,MPC,True,,5.0,44,6.0,6.0,0.0,0.13636363636363635,False,results/paper_aaai2027/frozen/results/estimated_graphs/paper_bnlearn_alpha001_nowrong_noweight_50rep_mpc_fgs/cancer/MPC/run_0036_seed_2062.npz,results/paper_aaai2027/frozen/results/final_mcs_experiments_er_sf_alpha001_nowrong_noweight_50rep_chunked/wc_sweep_bnlearn_cancer_alpha001_nowrong_noweight_seed2026_2075_20260715_154609/rep37/facts.lp
cancer,Cancer (5),2063,MPC,True,,4.0,22,2.0,2.0,0.0,0.09090909090909091,False,results/paper_aaai2027/frozen/results/estimated_graphs/paper_bnlearn_alpha001_nowrong_noweight_50rep_mpc_fgs/cancer/MPC/run_0037_seed_2063.npz,results/paper_aaai2027/frozen/results/final_mcs_experiments_er_sf_alpha001_nowrong_noweight_50rep_chunked/wc_sweep_bnlearn_cancer_alpha001_nowrong_noweight_seed2026_2075_20260715_154609/rep38/facts.lp
cancer,Cancer (5),2064,MPC,True,,1.0,44,5.0,5.0,0.0,0.11363636363636363,False,results/paper_aaai2027/frozen/results/estimated_graphs/paper_bnlearn_alpha001_nowrong_noweight_50rep_mpc_fgs/cancer/MPC/run_0038_seed_2064.npz,results/paper_aaai2027/frozen/results/final_mcs_experiments_er_sf_alpha001_nowrong_noweight_50rep_chunked/wc_sweep_bnlearn_cancer_alpha001_nowrong_noweight_seed2026_2075_20260715_154609/rep39/facts.lp
cancer,Cancer (5),2065,MPC,True,,1.0,44,5.0,5.0,0.0,0.11363636363636363,False,results/paper_aaai2027/frozen/results/estimated_graphs/paper_bnlearn_alpha001_nowrong_noweight_50rep_mpc_fgs/cancer/MPC/run_0039_seed_2065.npz,results/paper_aaai2027/frozen/results/final_mcs_experiments_er_sf_alpha001_nowrong_noweight_50rep_chunked/wc_sweep_bnlearn_cancer_alpha001_nowrong_noweight_seed2026_2075_20260715_154609/rep40/facts.lp
cancer,Cancer (5),2066,MPC,True,,1.0,44,4.0,4.0,0.0,0.09090909090909091,False,results/paper_aaai2027/frozen/results/estimated_graphs/paper_bnlearn_alpha001_nowrong_noweight_50rep_mpc_fgs/cancer/MPC/run_0040_seed_2066.npz,results/paper_aaai2027/frozen/results/final_mcs_experiments_er_sf_alpha001_nowrong_noweight_50rep_chunked/wc_sweep_bnlearn_cancer_alpha001_nowrong_noweight_seed2026_2075_20260715_154609/rep41/facts.lp
cancer,Cancer (5),2067,MPC,True,,1.0,44,5.0,5.0,0.0,0.11363636363636363,False,results/paper_aaai2027/frozen/results/estimated_graphs/paper_bnlearn_alpha001_nowrong_noweight_50rep_mpc_fgs/cancer/MPC/run_0041_seed_2067.npz,results/paper_aaai2027/frozen/results/final_mcs_experiments_er_sf_alpha001_nowrong_noweight_50rep_chunked/wc_sweep_bnlearn_cancer_alpha001_nowrong_noweight_seed2026_2075_20260715_154609/rep42/facts.lp
cancer,Cancer (5),2068,MPC,True,,4.0,39,7.0,1.0,6.0,0.1794871794871795,False,results/paper_aaai2027/frozen/results/estimated_graphs/paper_bnlearn_alpha001_nowrong_noweight_50rep_mpc_fgs/cancer/MPC/run_0042_seed_2068.npz,results/paper_aaai2027/frozen/results/final_mcs_experiments_er_sf_alpha001_nowrong_noweight_50rep_chunked/wc_sweep_bnlearn_cancer_alpha001_nowrong_noweight_seed2026_2075_20260715_154609/rep43/facts.lp
cancer,Cancer (5),2069,MPC,True,,4.0,28,6.0,3.0,3.0,0.21428571428571427,False,results/paper_aaai2027/frozen/results/estimated_graphs/paper_bnlearn_alpha001_nowrong_noweight_50rep_mpc_fgs/cancer/MPC/run_0043_seed_2069.npz,results/paper_aaai2027/frozen/results/final_mcs_experiments_er_sf_alpha001_nowrong_noweight_50rep_chunked/wc_sweep_bnlearn_cancer_alpha001_nowrong_noweight_seed2026_2075_20260715_154609/rep44/facts.lp
cancer,Cancer (5),2070,MPC,True,,2.0,35,8.0,8.0,0.0,0.22857142857142856,False,results/paper_aaai2027/frozen/results/estimated_graphs/paper_bnlearn_alpha001_nowrong_noweight_50rep_mpc_fgs/cancer/MPC/run_0044_seed_2070.npz,results/paper_aaai2027/frozen/results/final_mcs_experiments_er_sf_alpha001_nowrong_noweight_50rep_chunked/wc_sweep_bnlearn_cancer_alpha001_nowrong_noweight_seed2026_2075_20260715_154609/rep45/facts.lp
cancer,Cancer (5),2071,MPC,True,,4.0,22,3.0,3.0,0.0,0.13636363636363635,False,results/paper_aaai2027/frozen/results/estimated_graphs/paper_bnlearn_alpha001_nowrong_noweight_50rep_mpc_fgs/cancer/MPC/run_0045_seed_2071.npz,results/paper_aaai2027/frozen/results/final_mcs_experiments_er_sf_alpha001_nowrong_noweight_50rep_chunked/wc_sweep_bnlearn_cancer_alpha001_nowrong_noweight_seed2026_2075_20260715_154609/rep46/facts.lp
cancer,Cancer (5),2072,MPC,True,,4.0,22,2.0,2.0,0.0,0.09090909090909091,False,results/paper_aaai2027/frozen/results/estimated_graphs/paper_bnlearn_alpha001_nowrong_noweight_50rep_mpc_fgs/cancer/MPC/run_0046_seed_2072.npz,results/paper_aaai2027/frozen/results/final_mcs_experiments_er_sf_alpha001_nowrong_noweight_50rep_chunked/wc_sweep_bnlearn_cancer_alpha001_nowrong_noweight_seed2026_2075_20260715_154609/rep47/facts.lp
cancer,Cancer (5),2073,MPC,True,,4.0,28,5.0,2.0,3.0,0.17857142857142858,False,results/paper_aaai2027/frozen/results/estimated_graphs/paper_bnlearn_alpha001_nowrong_noweight_50rep_mpc_fgs/cancer/MPC/run_0047_seed_2073.npz,results/paper_aaai2027/frozen/results/final_mcs_experiments_er_sf_alpha001_nowrong_noweight_50rep_chunked/wc_sweep_bnlearn_cancer_alpha001_nowrong_noweight_seed2026_2075_20260715_154609/rep48/facts.lp
cancer,Cancer (5),2074,MPC,True,,5.0,44,5.0,5.0,0.0,0.11363636363636363,False,results/paper_aaai2027/frozen/results/estimated_graphs/paper_bnlearn_alpha001_nowrong_noweight_50rep_mpc_fgs/cancer/MPC/run_0048_seed_2074.npz,results/paper_aaai2027/frozen/results/final_mcs_experiments_er_sf_alpha001_nowrong_noweight_50rep_chunked/wc_sweep_bnlearn_cancer_alpha001_nowrong_noweight_seed2026_2075_20260715_154609/rep49/facts.lp
cancer,Cancer (5),2075,MPC,True,,4.0,37,9.0,3.0,6.0,0.24324324324324326,False,results/paper_aaai2027/frozen/results/estimated_graphs/paper_bnlearn_alpha001_nowrong_noweight_50rep_mpc_fgs/cancer/MPC/run_0049_seed_2075.npz,results/paper_aaai2027/frozen/results/final_mcs_experiments_er_sf_alpha001_nowrong_noweight_50rep_chunked/wc_sweep_bnlearn_cancer_alpha001_nowrong_noweight_seed2026_2075_20260715_154609/rep50/facts.lp
earthquake,Earthquake (5),2026,MPC,True,,1.0,54,0.0,0.0,0.0,0.0,True,results/paper_aaai2027/frozen/results/estimated_graphs/paper_bnlearn_alpha001_nowrong_noweight_50rep_mpc_fgs/earthquake/MPC/run_0000_seed_2026.npz,results/paper_aaai2027/frozen/results/final_mcs_experiments_er_sf_alpha001_nowrong_noweight_50rep_chunked/wc_sweep_bnlearn_earthquake_alpha001_nowrong_noweight_seed2026_2075_20260715_155009/rep1/facts.lp
earthquake,Earthquake (5),2027,MPC,True,,1.0,54,0.0,0.0,0.0,0.0,True,results/paper_aaai2027/frozen/results/estimated_graphs/paper_bnlearn_alpha001_nowrong_noweight_50rep_mpc_fgs/earthquake/MPC/run_0001_seed_2027.npz,results/paper_aaai2027/frozen/results/final_mcs_experiments_er_sf_alpha001_nowrong_noweight_50rep_chunked/wc_sweep_bnlearn_earthquake_alpha001_nowrong_noweight_seed2026_2075_20260715_155009/rep2/facts.lp
earthquake,Earthquake (5),2028,MPC,True,,1.0,54,0.0,0.0,0.0,0.0,True,results/paper_aaai2027/frozen/results/estimated_graphs/paper_bnlearn_alpha001_nowrong_noweight_50rep_mpc_fgs/earthquake/MPC/run_0002_seed_2028.npz,results/paper_aaai2027/frozen/results/final_mcs_experiments_er_sf_alpha001_nowrong_noweight_50rep_chunked/wc_sweep_bnlearn_earthquake_alpha001_nowrong_noweight_seed2026_2075_20260715_155009/rep3/facts.lp
earthquake,Earthquake (5),2029,MPC,True,,1.0,54,0.0,0.0,0.0,0.0,True,results/paper_aaai2027/frozen/results/estimated_graphs/paper_bnlearn_alpha001_nowrong_noweight_50rep_mpc_fgs/earthquake/MPC/run_0003_seed_2029.npz,results/paper_aaai2027/frozen/results/final_mcs_experiments_er_sf_alpha001_nowrong_noweight_50rep_chunked/wc_sweep_bnlearn_earthquake_alpha001_nowrong_noweight_seed2026_2075_20260715_155009/rep4/facts.lp
earthquake,Earthquake (5),2030,MPC,True,,1.0,54,0.0,0.0,0.0,0.0,True,results/paper_aaai2027/frozen/results/estimated_graphs/paper_bnlearn_alpha001_nowrong_noweight_50rep_mpc_fgs/earthquake/MPC/run_0004_seed_2030.npz,results/paper_aaai2027/frozen/results/final_mcs_experiments_er_sf_alpha001_nowrong_noweight_50rep_chunked/wc_sweep_bnlearn_earthquake_alpha001_nowrong_noweight_seed2026_2075_20260715_155009/rep5/facts.lp
earthquake,Earthquake (5),2031,MPC,True,,1.0,54,0.0,0.0,0.0,0.0,True,results/paper_aaai2027/frozen/results/estimated_graphs/paper_bnlearn_alpha001_nowrong_noweight_50rep_mpc_fgs/earthquake/MPC/run_0005_seed_2031.npz,results/paper_aaai2027/frozen/results/final_mcs_experiments_er_sf_alpha001_nowrong_noweight_50rep_chunked/wc_sweep_bnlearn_earthquake_alpha001_nowrong_noweight_seed2026_2075_20260715_155009/rep6/facts.lp
earthquake,Earthquake (5),2032,MPC,True,,1.0,54,0.0,0.0,0.0,0.0,True,results/paper_aaai2027/frozen/results/estimated_graphs/paper_bnlearn_alpha001_nowrong_noweight_50rep_mpc_fgs/earthquake/MPC/run_0006_seed_2032.npz,results/paper_aaai2027/frozen/results/final_mcs_experiments_er_sf_alpha001_nowrong_noweight_50rep_chunked/wc_sweep_bnlearn_earthquake_alpha001_nowrong_noweight_seed2026_2075_20260715_155009/rep7/facts.lp
earthquake,Earthquake (5),2033,MPC,True,,1.0,59,2.0,2.0,0.0,0.03389830508474576,False,results/paper_aaai2027/frozen/results/estimated_graphs/paper_bnlearn_alpha001_nowrong_noweight_50rep_mpc_fgs/earthquake/MPC/run_0007_seed_2033.npz,results/paper_aaai2027/frozen/results/final_mcs_experiments_er_sf_alpha001_nowrong_noweight_50rep_chunked/wc_sweep_bnlearn_earthquake_alpha001_nowrong_noweight_seed2026_2075_20260715_155009/rep8/facts.lp
earthquake,Earthquake (5),2034,MPC,True,,1.0,54,0.0,0.0,0.0,0.0,True,results/paper_aaai2027/frozen/results/estimated_graphs/paper_bnlearn_alpha001_nowrong_noweight_50rep_mpc_fgs/earthquake/MPC/run_0008_seed_2034.npz,results/paper_aaai2027/frozen/results/final_mcs_experiments_er_sf_alpha001_nowrong_noweight_50rep_chunked/wc_sweep_bnlearn_earthquake_alpha001_nowrong_noweight_seed2026_2075_20260715_155009/rep9/facts.lp
earthquake,Earthquake (5),2035,MPC,True,,1.0,54,0.0,0.0,0.0,0.0,True,results/paper_aaai2027/frozen/results/estimated_graphs/paper_bnlearn_alpha001_nowrong_noweight_50rep_mpc_fgs/earthquake/MPC/run_0009_seed_2035.npz,results/paper_aaai2027/frozen/results/final_mcs_experiments_er_sf_alpha001_nowrong_noweight_50rep_chunked/wc_sweep_bnlearn_earthquake_alpha001_nowrong_noweight_seed2026_2075_20260715_155009/rep10/facts.lp
earthquake,Earthquake (5),2036,MPC,True,,1.0,54,0.0,0.0,0.0,0.0,True,results/paper_aaai2027/frozen/results/estimated_graphs/paper_bnlearn_alpha001_nowrong_noweight_50rep_mpc_fgs/earthquake/MPC/run_0010_seed_2036.npz,results/paper_aaai2027/frozen/results/final_mcs_experiments_er_sf_alpha001_nowrong_noweight_50rep_chunked/wc_sweep_bnlearn_earthquake_alpha001_nowrong_noweight_seed2026_2075_20260715_155009/rep11/facts.lp
earthquake,Earthquake (5),2037,MPC,True,,2.0,58,0.0,0.0,0.0,0.0,True,results/paper_aaai2027/frozen/results/estimated_graphs/paper_bnlearn_alpha001_nowrong_noweight_50rep_mpc_fgs/earthquake/MPC/run_0011_seed_2037.npz,results/paper_aaai2027/frozen/results/final_mcs_experiments_er_sf_alpha001_nowrong_noweight_50rep_chunked/wc_sweep_bnlearn_earthquake_alpha001_nowrong_noweight_seed2026_2075_20260715_155009/rep12/facts.lp
earthquake,Earthquake (5),2038,MPC,True,,1.0,54,0.0,0.0,0.0,0.0,True,results/paper_aaai2027/frozen/results/estimated_graphs/paper_bnlearn_alpha001_nowrong_noweight_50rep_mpc_fgs/earthquake/MPC/run_0012_seed_2038.npz,results/paper_aaai2027/frozen/results/final_mcs_experiments_er_sf_alpha001_nowrong_noweight_50rep_chunked/wc_sweep_bnlearn_earthquake_alpha001_nowrong_noweight_seed2026_2075_20260715_155009/rep13/facts.lp
earthquake,Earthquake (5),2039,MPC,True,,1.0,54,0.0,0.0,0.0,0.0,True,results/paper_aaai2027/frozen/results/estimated_graphs/paper_bnlearn_alpha001_nowrong_noweight_50rep_mpc_fgs/earthquake/MPC/run_0013_seed_2039.npz,results/paper_aaai2027/frozen/results/final_mcs_experiments_er_sf_alpha001_nowrong_noweight_50rep_chunked/wc_sweep_bnlearn_earthquake_alpha001_nowrong_noweight_seed2026_2075_20260715_155009/rep14/facts.lp
earthquake,Earthquake (5),2040,MPC,True,,1.0,54,0.0,0.0,0.0,0.0,True,results/paper_aaai2027/frozen/results/estimated_graphs/paper_bnlearn_alpha001_nowrong_noweight_50rep_mpc_fgs/earthquake/MPC/run_0014_seed_2040.npz,results/paper_aaai2027/frozen/results/final_mcs_experiments_er_sf_alpha001_nowrong_noweight_50rep_chunked/wc_sweep_bnlearn_earthquake_alpha001_nowrong_noweight_seed2026_2075_20260715_155009/rep15/facts.lp
earthquake,Earthquake (5),2041,MPC,True,,1.0,54,0.0,0.0,0.0,0.0,True,results/paper_aaai2027/frozen/results/estimated_graphs/paper_bnlearn_alpha001_nowrong_noweight_50rep_mpc_fgs/earthquake/MPC/run_0015_seed_2041.npz,results/paper_aaai2027/frozen/results/final_mcs_experiments_er_sf_alpha001_nowrong_noweight_50rep_chunked/wc_sweep_bnlearn_earthquake_alpha001_nowrong_noweight_seed2026_2075_20260715_155009/rep16/facts.lp
earthquake,Earthquake (5),2042,MPC,True,,1.0,54,0.0,0.0,0.0,0.0,True,results/paper_aaai2027/frozen/results/estimated_graphs/paper_bnlearn_alpha001_nowrong_noweight_50rep_mpc_fgs/earthquake/MPC/run_0016_seed_2042.npz,results/paper_aaai2027/frozen/results/final_mcs_experiments_er_sf_alpha001_nowrong_noweight_50rep_chunked/wc_sweep_bnlearn_earthquake_alpha001_nowrong_noweight_seed2026_2075_20260715_155009/rep17/facts.lp
earthquake,Earthquake (5),2043,MPC,True,,1.0,54,0.0,0.0,0.0,0.0,True,results/paper_aaai2027/frozen/results/estimated_graphs/paper_bnlearn_alpha001_nowrong_noweight_50rep_mpc_fgs/earthquake/MPC/run_0017_seed_2043.npz,results/paper_aaai2027/frozen/results/final_mcs_experiments_er_sf_alpha001_nowrong_noweight_50rep_chunked/wc_sweep_bnlearn_earthquake_alpha001_nowrong_noweight_seed2026_2075_20260715_155009/rep18/facts.lp
earthquake,Earthquake (5),2044,MPC,True,,2.0,58,0.0,0.0,0.0,0.0,True,results/paper_aaai2027/frozen/results/estimated_graphs/paper_bnlearn_alpha001_nowrong_noweight_50rep_mpc_fgs/earthquake/MPC/run_0018_seed_2044.npz,results/paper_aaai2027/frozen/results/final_mcs_experiments_er_sf_alpha001_nowrong_noweight_50rep_chunked/wc_sweep_bnlearn_earthquake_alpha001_nowrong_noweight_seed2026_2075_20260715_155009/rep19/facts.lp
earthquake,Earthquake (5),2045,MPC,True,,1.0,54,0.0,0.0,0.0,0.0,True,results/paper_aaai2027/frozen/results/estimated_graphs/paper_bnlearn_alpha001_nowrong_noweight_50rep_mpc_fgs/earthquake/MPC/run_0019_seed_2045.npz,results/paper_aaai2027/frozen/results/final_mcs_experiments_er_sf_alpha001_nowrong_noweight_50rep_chunked/wc_sweep_bnlearn_earthquake_alpha001_nowrong_noweight_seed2026_2075_20260715_155009/rep20/facts.lp
earthquake,Earthquake (5),2046,MPC,True,,1.0,54,0.0,0.0,0.0,0.0,True,results/paper_aaai2027/frozen/results/estimated_graphs/paper_bnlearn_alpha001_nowrong_noweight_50rep_mpc_fgs/earthquake/MPC/run_0020_seed_2046.npz,results/paper_aaai2027/frozen/results/final_mcs_experiments_er_sf_alpha001_nowrong_noweight_50rep_chunked/wc_sweep_bnlearn_earthquake_alpha001_nowrong_noweight_seed2026_2075_20260715_155009/rep21/facts.lp
earthquake,Earthquake (5),2047,MPC,True,,1.0,54,0.0,0.0,0.0,0.0,True,results/paper_aaai2027/frozen/results/estimated_graphs/paper_bnlearn_alpha001_nowrong_noweight_50rep_mpc_fgs/earthquake/MPC/run_0021_seed_2047.npz,results/paper_aaai2027/frozen/results/final_mcs_experiments_er_sf_alpha001_nowrong_noweight_50rep_chunked/wc_sweep_bnlearn_earthquake_alpha001_nowrong_noweight_seed2026_2075_20260715_155009/rep22/facts.lp
earthquake,Earthquake (5),2048,MPC,True,,1.0,54,0.0,0.0,0.0,0.0,True,results/paper_aaai2027/frozen/results/estimated_graphs/paper_bnlearn_alpha001_nowrong_noweight_50rep_mpc_fgs/earthquake/MPC/run_0022_seed_2048.npz,results/paper_aaai2027/frozen/results/final_mcs_experiments_er_sf_alpha001_nowrong_noweight_50rep_chunked/wc_sweep_bnlearn_earthquake_alpha001_nowrong_noweight_seed2026_2075_20260715_155009/rep23/facts.lp
earthquake,Earthquake (5),2049,MPC,True,,1.0,54,0.0,0.0,0.0,0.0,True,results/paper_aaai2027/frozen/results/estimated_graphs/paper_bnlearn_alpha001_nowrong_noweight_50rep_mpc_fgs/earthquake/MPC/run_0023_seed_2049.npz,results/paper_aaai2027/frozen/results/final_mcs_experiments_er_sf_alpha001_nowrong_noweight_50rep_chunked/wc_sweep_bnlearn_earthquake_alpha001_nowrong_noweight_seed2026_2075_20260715_155009/rep24/facts.lp
earthquake,Earthquake (5),2050,MPC,True,,2.0,58,0.0,0.0,0.0,0.0,True,results/paper_aaai2027/frozen/results/estimated_graphs/paper_bnlearn_alpha001_nowrong_noweight_50rep_mpc_fgs/earthquake/MPC/run_0024_seed_2050.npz,results/paper_aaai2027/frozen/results/final_mcs_experiments_er_sf_alpha001_nowrong_noweight_50rep_chunked/wc_sweep_bnlearn_earthquake_alpha001_nowrong_noweight_seed2026_2075_20260715_155009/rep25/facts.lp
earthquake,Earthquake (5),2051,MPC,True,,1.0,54,0.0,0.0,0.0,0.0,True,results/paper_aaai2027/frozen/results/estimated_graphs/paper_bnlearn_alpha001_nowrong_noweight_50rep_mpc_fgs/earthquake/MPC/run_0025_seed_2051.npz,results/paper_aaai2027/frozen/results/final_mcs_experiments_er_sf_alpha001_nowrong_noweight_50rep_chunked/wc_sweep_bnlearn_earthquake_alpha001_nowrong_noweight_seed2026_2075_20260715_155009/rep26/facts.lp
earthquake,Earthquake (5),2052,MPC,True,,1.0,54,0.0,0.0,0.0,0.0,True,results/paper_aaai2027/frozen/results/estimated_graphs/paper_bnlearn_alpha001_nowrong_noweight_50rep_mpc_fgs/earthquake/MPC/run_0026_seed_2052.npz,results/paper_aaai2027/frozen/results/final_mcs_experiments_er_sf_alpha001_nowrong_noweight_50rep_chunked/wc_sweep_bnlearn_earthquake_alpha001_nowrong_noweight_seed2026_2075_20260715_155009/rep27/facts.lp
earthquake,Earthquake (5),2053,MPC,True,,1.0,54,0.0,0.0,0.0,0.0,True,results/paper_aaai2027/frozen/results/estimated_graphs/paper_bnlearn_alpha001_nowrong_noweight_50rep_mpc_fgs/earthquake/MPC/run_0027_seed_2053.npz,results/paper_aaai2027/frozen/results/final_mcs_experiments_er_sf_alpha001_nowrong_noweight_50rep_chunked/wc_sweep_bnlearn_earthquake_alpha001_nowrong_noweight_seed2026_2075_20260715_155009/rep28/facts.lp
earthquake,Earthquake (5),2054,MPC,True,,1.0,54,0.0,0.0,0.0,0.0,True,results/paper_aaai2027/frozen/results/estimated_graphs/paper_bnlearn_alpha001_nowrong_noweight_50rep_mpc_fgs/earthquake/MPC/run_0028_seed_2054.npz,results/paper_aaai2027/frozen/results/final_mcs_experiments_er_sf_alpha001_nowrong_noweight_50rep_chunked/wc_sweep_bnlearn_earthquake_alpha001_nowrong_noweight_seed2026_2075_20260715_155009/rep29/facts.lp
earthquake,Earthquake (5),2055,MPC,True,,1.0,54,0.0,0.0,0.0,0.0,True,results/paper_aaai2027/frozen/results/estimated_graphs/paper_bnlearn_alpha001_nowrong_noweight_50rep_mpc_fgs/earthquake/MPC/run_0029_seed_2055.npz,results/paper_aaai2027/frozen/results/final_mcs_experiments_er_sf_alpha001_nowrong_noweight_50rep_chunked/wc_sweep_bnlearn_earthquake_alpha001_nowrong_noweight_seed2026_2075_20260715_155009/rep30/facts.lp
earthquake,Earthquake (5),2056,MPC,True,,1.0,54,0.0,0.0,0.0,0.0,True,results/paper_aaai2027/frozen/results/estimated_graphs/paper_bnlearn_alpha001_nowrong_noweight_50rep_mpc_fgs/earthquake/MPC/run_0030_seed_2056.npz,results/paper_aaai2027/frozen/results/final_mcs_experiments_er_sf_alpha001_nowrong_noweight_50rep_chunked/wc_sweep_bnlearn_earthquake_alpha001_nowrong_noweight_seed2026_2075_20260715_155009/rep31/facts.lp
earthquake,Earthquake (5),2057,MPC,True,,1.0,54,0.0,0.0,0.0,0.0,True,results/paper_aaai2027/frozen/results/estimated_graphs/paper_bnlearn_alpha001_nowrong_noweight_50rep_mpc_fgs/earthquake/MPC/run_0031_seed_2057.npz,results/paper_aaai2027/frozen/results/final_mcs_experiments_er_sf_alpha001_nowrong_noweight_50rep_chunked/wc_sweep_bnlearn_earthquake_alpha001_nowrong_noweight_seed2026_2075_20260715_155009/rep32/facts.lp
earthquake,Earthquake (5),2058,MPC,True,,1.0,54,0.0,0.0,0.0,0.0,True,results/paper_aaai2027/frozen/results/estimated_graphs/paper_bnlearn_alpha001_nowrong_noweight_50rep_mpc_fgs/earthquake/MPC/run_0032_seed_2058.npz,results/paper_aaai2027/frozen/results/final_mcs_experiments_er_sf_alpha001_nowrong_noweight_50rep_chunked/wc_sweep_bnlearn_earthquake_alpha001_nowrong_noweight_seed2026_2075_20260715_155009/rep33/facts.lp
earthquake,Earthquake (5),2059,MPC,True,,1.0,54,0.0,0.0,0.0,0.0,True,results/paper_aaai2027/frozen/results/estimated_graphs/paper_bnlearn_alpha001_nowrong_noweight_50rep_mpc_fgs/earthquake/MPC/run_0033_seed_2059.npz,results/paper_aaai2027/frozen/results/final_mcs_experiments_er_sf_alpha001_nowrong_noweight_50rep_chunked/wc_sweep_bnlearn_earthquake_alpha001_nowrong_noweight_seed2026_2075_20260715_155009/rep34/facts.lp
earthquake,Earthquake (5),2060,MPC,True,,1.0,54,0.0,0.0,0.0,0.0,True,results/paper_aaai2027/frozen/results/estimated_graphs/paper_bnlearn_alpha001_nowrong_noweight_50rep_mpc_fgs/earthquake/MPC/run_0034_seed_2060.npz,results/paper_aaai2027/frozen/results/final_mcs_experiments_er_sf_alpha001_nowrong_noweight_50rep_chunked/wc_sweep_bnlearn_earthquake_alpha001_nowrong_noweight_seed2026_2075_20260715_155009/rep35/facts.lp
earthquake,Earthquake (5),2061,MPC,True,,1.0,54,1.0,1.0,0.0,0.018518518518518517,False,results/paper_aaai2027/frozen/results/estimated_graphs/paper_bnlearn_alpha001_nowrong_noweight_50rep_mpc_fgs/earthquake/MPC/run_0035_seed_2061.npz,results/paper_aaai2027/frozen/results/final_mcs_experiments_er_sf_alpha001_nowrong_noweight_50rep_chunked/wc_sweep_bnlearn_earthquake_alpha001_nowrong_noweight_seed2026_2075_20260715_155009/rep36/facts.lp
earthquake,Earthquake (5),2062,MPC,True,,1.0,54,0.0,0.0,0.0,0.0,True,results/paper_aaai2027/frozen/results/estimated_graphs/paper_bnlearn_alpha001_nowrong_noweight_50rep_mpc_fgs/earthquake/MPC/run_0036_seed_2062.npz,results/paper_aaai2027/frozen/results/final_mcs_experiments_er_sf_alpha001_nowrong_noweight_50rep_chunked/wc_sweep_bnlearn_earthquake_alpha001_nowrong_noweight_seed2026_2075_20260715_155009/rep37/facts.lp
earthquake,Earthquake (5),2063,MPC,True,,1.0,54,0.0,0.0,0.0,0.0,True,results/paper_aaai2027/frozen/results/estimated_graphs/paper_bnlearn_alpha001_nowrong_noweight_50rep_mpc_fgs/earthquake/MPC/run_0037_seed_2063.npz,results/paper_aaai2027/frozen/results/final_mcs_experiments_er_sf_alpha001_nowrong_noweight_50rep_chunked/wc_sweep_bnlearn_earthquake_alpha001_nowrong_noweight_seed2026_2075_20260715_155009/rep38/facts.lp
earthquake,Earthquake (5),2064,MPC,True,,1.0,54,0.0,0.0,0.0,0.0,True,results/paper_aaai2027/frozen/results/estimated_graphs/paper_bnlearn_alpha001_nowrong_noweight_50rep_mpc_fgs/earthquake/MPC/run_0038_seed_2064.npz,results/paper_aaai2027/frozen/results/final_mcs_experiments_er_sf_alpha001_nowrong_noweight_50rep_chunked/wc_sweep_bnlearn_earthquake_alpha001_nowrong_noweight_seed2026_2075_20260715_155009/rep39/facts.lp
earthquake,Earthquake (5),2065,MPC,True,,1.0,54,0.0,0.0,0.0,0.0,True,results/paper_aaai2027/frozen/results/estimated_graphs/paper_bnlearn_alpha001_nowrong_noweight_50rep_mpc_fgs/earthquake/MPC/run_0039_seed_2065.npz,results/paper_aaai2027/frozen/results/final_mcs_experiments_er_sf_alpha001_nowrong_noweight_50rep_chunked/wc_sweep_bnlearn_earthquake_alpha001_nowrong_noweight_seed2026_2075_20260715_155009/rep40/facts.lp
earthquake,Earthquake (5),2066,MPC,True,,1.0,54,0.0,0.0,0.0,0.0,True,results/paper_aaai2027/frozen/results/estimated_graphs/paper_bnlearn_alpha001_nowrong_noweight_50rep_mpc_fgs/earthquake/MPC/run_0040_seed_2066.npz,results/paper_aaai2027/frozen/results/final_mcs_experiments_er_sf_alpha001_nowrong_noweight_50rep_chunked/wc_sweep_bnlearn_earthquake_alpha001_nowrong_noweight_seed2026_2075_20260715_155009/rep41/facts.lp
earthquake,Earthquake (5),2067,MPC,True,,1.0,54,0.0,0.0,0.0,0.0,True,results/paper_aaai2027/frozen/results/estimated_graphs/paper_bnlearn_alpha001_nowrong_noweight_50rep_mpc_fgs/earthquake/MPC/run_0041_seed_2067.npz,results/paper_aaai2027/frozen/results/final_mcs_experiments_er_sf_alpha001_nowrong_noweight_50rep_chunked/wc_sweep_bnlearn_earthquake_alpha001_nowrong_noweight_seed2026_2075_20260715_155009/rep42/facts.lp
earthquake,Earthquake (5),2068,MPC,True,,1.0,54,0.0,0.0,0.0,0.0,True,results/paper_aaai2027/frozen/results/estimated_graphs/paper_bnlearn_alpha001_nowrong_noweight_50rep_mpc_fgs/earthquake/MPC/run_0042_seed_2068.npz,results/paper_aaai2027/frozen/results/final_mcs_experiments_er_sf_alpha001_nowrong_noweight_50rep_chunked/wc_sweep_bnlearn_earthquake_alpha001_nowrong_noweight_seed2026_2075_20260715_155009/rep43/facts.lp
earthquake,Earthquake (5),2069,MPC,True,,1.0,54,1.0,1.0,0.0,0.018518518518518517,False,results/paper_aaai2027/frozen/results/estimated_graphs/paper_bnlearn_alpha001_nowrong_noweight_50rep_mpc_fgs/earthquake/MPC/run_0043_seed_2069.npz,results/paper_aaai2027/frozen/results/final_mcs_experiments_er_sf_alpha001_nowrong_noweight_50rep_chunked/wc_sweep_bnlearn_earthquake_alpha001_nowrong_noweight_seed2026_2075_20260715_155009/rep44/facts.lp
earthquake,Earthquake (5),2070,MPC,True,,1.0,54,0.0,0.0,0.0,0.0,True,results/paper_aaai2027/frozen/results/estimated_graphs/paper_bnlearn_alpha001_nowrong_noweight_50rep_mpc_fgs/earthquake/MPC/run_0044_seed_2070.npz,results/paper_aaai2027/frozen/results/final_mcs_experiments_er_sf_alpha001_nowrong_noweight_50rep_chunked/wc_sweep_bnlearn_earthquake_alpha001_nowrong_noweight_seed2026_2075_20260715_155009/rep45/facts.lp
earthquake,Earthquake (5),2071,MPC,True,,1.0,54,0.0,0.0,0.0,0.0,True,results/paper_aaai2027/frozen/results/estimated_graphs/paper_bnlearn_alpha001_nowrong_noweight_50rep_mpc_fgs/earthquake/MPC/run_0045_seed_2071.npz,results/paper_aaai2027/frozen/results/final_mcs_experiments_er_sf_alpha001_nowrong_noweight_50rep_chunked/wc_sweep_bnlearn_earthquake_alpha001_nowrong_noweight_seed2026_2075_20260715_155009/rep46/facts.lp
earthquake,Earthquake (5),2072,MPC,True,,1.0,54,0.0,0.0,0.0,0.0,True,results/paper_aaai2027/frozen/results/estimated_graphs/paper_bnlearn_alpha001_nowrong_noweight_50rep_mpc_fgs/earthquake/MPC/run_0046_seed_2072.npz,results/paper_aaai2027/frozen/results/final_mcs_experiments_er_sf_alpha001_nowrong_noweight_50rep_chunked/wc_sweep_bnlearn_earthquake_alpha001_nowrong_noweight_seed2026_2075_20260715_155009/rep47/facts.lp
earthquake,Earthquake (5),2073,MPC,True,,1.0,54,0.0,0.0,0.0,0.0,True,results/paper_aaai2027/frozen/results/estimated_graphs/paper_bnlearn_alpha001_nowrong_noweight_50rep_mpc_fgs/earthquake/MPC/run_0047_seed_2073.npz,results/paper_aaai2027/frozen/results/final_mcs_experiments_er_sf_alpha001_nowrong_noweight_50rep_chunked/wc_sweep_bnlearn_earthquake_alpha001_nowrong_noweight_seed2026_2075_20260715_155009/rep48/facts.lp
earthquake,Earthquake (5),2074,MPC,True,,1.0,54,0.0,0.0,0.0,0.0,True,results/paper_aaai2027/frozen/results/estimated_graphs/paper_bnlearn_alpha001_nowrong_noweight_50rep_mpc_fgs/earthquake/MPC/run_0048_seed_2074.npz,results/paper_aaai2027/frozen/results/final_mcs_experiments_er_sf_alpha001_nowrong_noweight_50rep_chunked/wc_sweep_bnlearn_earthquake_alpha001_nowrong_noweight_seed2026_2075_20260715_155009/rep49/facts.lp
earthquake,Earthquake (5),2075,MPC,True,,1.0,54,0.0,0.0,0.0,0.0,True,results/paper_aaai2027/frozen/results/estimated_graphs/paper_bnlearn_alpha001_nowrong_noweight_50rep_mpc_fgs/earthquake/MPC/run_0049_seed_2075.npz,results/paper_aaai2027/frozen/results/final_mcs_experiments_er_sf_alpha001_nowrong_noweight_50rep_chunked/wc_sweep_bnlearn_earthquake_alpha001_nowrong_noweight_seed2026_2075_20260715_155009/rep50/facts.lp
survey,Survey (6),2026,MPC,False,ValueError: Endpoint graph has no consistent DAG extension,,52,,,,,False,results/paper_aaai2027/frozen/results/estimated_graphs/paper_bnlearn_alpha001_nowrong_noweight_50rep_mpc_fgs/survey/MPC/run_0000_seed_2026.npz,results/paper_aaai2027/frozen/results/final_mcs_experiments_er_sf_alpha001_nowrong_noweight_50rep_chunked/wc_sweep_bnlearn_survey_alpha001_nowrong_noweight_seed2026_2075_20260715_155405/rep1/facts.lp
survey,Survey (6),2027,MPC,True,,2.0,33,5.0,2.0,3.0,0.15151515151515152,False,results/paper_aaai2027/frozen/results/estimated_graphs/paper_bnlearn_alpha001_nowrong_noweight_50rep_mpc_fgs/survey/MPC/run_0001_seed_2027.npz,results/paper_aaai2027/frozen/results/final_mcs_experiments_er_sf_alpha001_nowrong_noweight_50rep_chunked/wc_sweep_bnlearn_survey_alpha001_nowrong_noweight_seed2026_2075_20260715_155405/rep2/facts.lp
survey,Survey (6),2028,MPC,True,,1.0,64,19.0,16.0,3.0,0.296875,False,results/paper_aaai2027/frozen/results/estimated_graphs/paper_bnlearn_alpha001_nowrong_noweight_50rep_mpc_fgs/survey/MPC/run_0002_seed_2028.npz,results/paper_aaai2027/frozen/results/final_mcs_experiments_er_sf_alpha001_nowrong_noweight_50rep_chunked/wc_sweep_bnlearn_survey_alpha001_nowrong_noweight_seed2026_2075_20260715_155405/rep3/facts.lp
survey,Survey (6),2029,MPC,False,ValueError: Endpoint graph has no consistent DAG extension,,52,,,,,False,results/paper_aaai2027/frozen/results/estimated_graphs/paper_bnlearn_alpha001_nowrong_noweight_50rep_mpc_fgs/survey/MPC/run_0003_seed_2029.npz,results/paper_aaai2027/frozen/results/final_mcs_experiments_er_sf_alpha001_nowrong_noweight_50rep_chunked/wc_sweep_bnlearn_survey_alpha001_nowrong_noweight_seed2026_2075_20260715_155405/rep4/facts.lp
survey,Survey (6),2030,MPC,True,,6.0,68,20.0,16.0,4.0,0.29411764705882354,False,results/paper_aaai2027/frozen/results/estimated_graphs/paper_bnlearn_alpha001_nowrong_noweight_50rep_mpc_fgs/survey/MPC/run_0004_seed_2030.npz,results/paper_aaai2027/frozen/results/final_mcs_experiments_er_sf_alpha001_nowrong_noweight_50rep_chunked/wc_sweep_bnlearn_survey_alpha001_nowrong_noweight_seed2026_2075_20260715_155405/rep5/facts.lp
survey,Survey (6),2031,MPC,True,,1.0,72,19.0,19.0,0.0,0.2638888888888889,False,results/paper_aaai2027/frozen/results/estimated_graphs/paper_bnlearn_alpha001_nowrong_noweight_50rep_mpc_fgs/survey/MPC/run_0005_seed_2031.npz,results/paper_aaai2027/frozen/results/final_mcs_experiments_er_sf_alpha001_nowrong_noweight_50rep_chunked/wc_sweep_bnlearn_survey_alpha001_nowrong_noweight_seed2026_2075_20260715_155405/rep6/facts.lp
survey,Survey (6),2032,MPC,True,,5.0,53,12.0,7.0,5.0,0.22641509433962265,False,results/paper_aaai2027/frozen/results/estimated_graphs/paper_bnlearn_alpha001_nowrong_noweight_50rep_mpc_fgs/survey/MPC/run_0006_seed_2032.npz,results/paper_aaai2027/frozen/results/final_mcs_experiments_er_sf_alpha001_nowrong_noweight_50rep_chunked/wc_sweep_bnlearn_survey_alpha001_nowrong_noweight_seed2026_2075_20260715_155405/rep7/facts.lp
survey,Survey (6),2033,MPC,True,,6.0,47,17.0,17.0,0.0,0.3617021276595745,False,results/paper_aaai2027/frozen/results/estimated_graphs/paper_bnlearn_alpha001_nowrong_noweight_50rep_mpc_fgs/survey/MPC/run_0007_seed_2033.npz,results/paper_aaai2027/frozen/results/final_mcs_experiments_er_sf_alpha001_nowrong_noweight_50rep_chunked/wc_sweep_bnlearn_survey_alpha001_nowrong_noweight_seed2026_2075_20260715_155405/rep8/facts.lp
survey,Survey (6),2034,MPC,True,,6.0,40,15.0,1.0,14.0,0.375,False,results/paper_aaai2027/frozen/results/estimated_graphs/paper_bnlearn_alpha001_nowrong_noweight_50rep_mpc_fgs/survey/MPC/run_0008_seed_2034.npz,results/paper_aaai2027/frozen/results/final_mcs_experiments_er_sf_alpha001_nowrong_noweight_50rep_chunked/wc_sweep_bnlearn_survey_alpha001_nowrong_noweight_seed2026_2075_20260715_155405/rep9/facts.lp
survey,Survey (6),2035,MPC,False,ValueError: Endpoint graph has no consistent DAG extension,,53,,,,,False,results/paper_aaai2027/frozen/results/estimated_graphs/paper_bnlearn_alpha001_nowrong_noweight_50rep_mpc_fgs/survey/MPC/run_0009_seed_2035.npz,results/paper_aaai2027/frozen/results/final_mcs_experiments_er_sf_alpha001_nowrong_noweight_50rep_chunked/wc_sweep_bnlearn_survey_alpha001_nowrong_noweight_seed2026_2075_20260715_155405/rep10/facts.lp
survey,Survey (6),2036,MPC,True,,5.0,36,12.0,10.0,2.0,0.3333333333333333,False,results/paper_aaai2027/frozen/results/estimated_graphs/paper_bnlearn_alpha001_nowrong_noweight_50rep_mpc_fgs/survey/MPC/run_0010_seed_2036.npz,results/paper_aaai2027/frozen/results/final_mcs_experiments_er_sf_alpha001_nowrong_noweight_50rep_chunked/wc_sweep_bnlearn_survey_alpha001_nowrong_noweight_seed2026_2075_20260715_155405/rep11/facts.lp
survey,Survey (6),2037,MPC,True,,5.0,32,10.0,10.0,0.0,0.3125,False,results/paper_aaai2027/frozen/results/estimated_graphs/paper_bnlearn_alpha001_nowrong_noweight_50rep_mpc_fgs/survey/MPC/run_0011_seed_2037.npz,results/paper_aaai2027/frozen/results/final_mcs_experiments_er_sf_alpha001_nowrong_noweight_50rep_chunked/wc_sweep_bnlearn_survey_alpha001_nowrong_noweight_seed2026_2075_20260715_155405/rep12/facts.lp
survey,Survey (6),2038,MPC,False,ValueError: Endpoint graph has no consistent DAG extension,,80,,,,,False,results/paper_aaai2027/frozen/results/estimated_graphs/paper_bnlearn_alpha001_nowrong_noweight_50rep_mpc_fgs/survey/MPC/run_0012_seed_2038.npz,results/paper_aaai2027/frozen/results/final_mcs_experiments_er_sf_alpha001_nowrong_noweight_50rep_chunked/wc_sweep_bnlearn_survey_alpha001_nowrong_noweight_seed2026_2075_20260715_155405/rep13/facts.lp
survey,Survey (6),2039,MPC,True,,1.0,83,19.0,18.0,1.0,0.2289156626506024,False,results/paper_aaai2027/frozen/results/estimated_graphs/paper_bnlearn_alpha001_nowrong_noweight_50rep_mpc_fgs/survey/MPC/run_0013_seed_2039.npz,results/paper_aaai2027/frozen/results/final_mcs_experiments_er_sf_alpha001_nowrong_noweight_50rep_chunked/wc_sweep_bnlearn_survey_alpha001_nowrong_noweight_seed2026_2075_20260715_155405/rep14/facts.lp
survey,Survey (6),2040,MPC,False,ValueError: Endpoint graph has no consistent DAG extension,,46,,,,,False,results/paper_aaai2027/frozen/results/estimated_graphs/paper_bnlearn_alpha001_nowrong_noweight_50rep_mpc_fgs/survey/MPC/run_0014_seed_2040.npz,results/paper_aaai2027/frozen/results/final_mcs_experiments_er_sf_alpha001_nowrong_noweight_50rep_chunked/wc_sweep_bnlearn_survey_alpha001_nowrong_noweight_seed2026_2075_20260715_155405/rep15/facts.lp
survey,Survey (6),2041,MPC,True,,2.0,44,9.0,2.0,7.0,0.20454545454545456,False,results/paper_aaai2027/frozen/results/estimated_graphs/paper_bnlearn_alpha001_nowrong_noweight_50rep_mpc_fgs/survey/MPC/run_0015_seed_2041.npz,results/paper_aaai2027/frozen/results/final_mcs_experiments_er_sf_alpha001_nowrong_noweight_50rep_chunked/wc_sweep_bnlearn_survey_alpha001_nowrong_noweight_seed2026_2075_20260715_155405/rep16/facts.lp
survey,Survey (6),2042,MPC,True,,6.0,22,3.0,1.0,2.0,0.13636363636363635,False,results/paper_aaai2027/frozen/results/estimated_graphs/paper_bnlearn_alpha001_nowrong_noweight_50rep_mpc_fgs/survey/MPC/run_0016_seed_2042.npz,results/paper_aaai2027/frozen/results/final_mcs_experiments_er_sf_alpha001_nowrong_noweight_50rep_chunked/wc_sweep_bnlearn_survey_alpha001_nowrong_noweight_seed2026_2075_20260715_155405/rep17/facts.lp
survey,Survey (6),2043,MPC,True,,6.0,22,2.0,1.0,1.0,0.09090909090909091,False,results/paper_aaai2027/frozen/results/estimated_graphs/paper_bnlearn_alpha001_nowrong_noweight_50rep_mpc_fgs/survey/MPC/run_0017_seed_2043.npz,results/paper_aaai2027/frozen/results/final_mcs_experiments_er_sf_alpha001_nowrong_noweight_50rep_chunked/wc_sweep_bnlearn_survey_alpha001_nowrong_noweight_seed2026_2075_20260715_155405/rep18/facts.lp
survey,Survey (6),2044,MPC,True,,1.0,48,15.0,15.0,0.0,0.3125,False,results/paper_aaai2027/frozen/results/estimated_graphs/paper_bnlearn_alpha001_nowrong_noweight_50rep_mpc_fgs/survey/MPC/run_0018_seed_2044.npz,results/paper_aaai2027/frozen/results/final_mcs_experiments_er_sf_alpha001_nowrong_noweight_50rep_chunked/wc_sweep_bnlearn_survey_alpha001_nowrong_noweight_seed2026_2075_20260715_155405/rep19/facts.lp
survey,Survey (6),2045,MPC,True,,5.0,52,13.0,10.0,3.0,0.25,False,results/paper_aaai2027/frozen/results/estimated_graphs/paper_bnlearn_alpha001_nowrong_noweight_50rep_mpc_fgs/survey/MPC/run_0019_seed_2045.npz,results/paper_aaai2027/frozen/results/final_mcs_experiments_er_sf_alpha001_nowrong_noweight_50rep_chunked/wc_sweep_bnlearn_survey_alpha001_nowrong_noweight_seed2026_2075_20260715_155405/rep20/facts.lp
survey,Survey (6),2046,MPC,True,,5.0,50,14.0,10.0,4.0,0.28,False,results/paper_aaai2027/frozen/results/estimated_graphs/paper_bnlearn_alpha001_nowrong_noweight_50rep_mpc_fgs/survey/MPC/run_0020_seed_2046.npz,results/paper_aaai2027/frozen/results/final_mcs_experiments_er_sf_alpha001_nowrong_noweight_50rep_chunked/wc_sweep_bnlearn_survey_alpha001_nowrong_noweight_seed2026_2075_20260715_155405/rep21/facts.lp
survey,Survey (6),2047,MPC,True,,3.0,56,18.0,7.0,11.0,0.32142857142857145,False,results/paper_aaai2027/frozen/results/estimated_graphs/paper_bnlearn_alpha001_nowrong_noweight_50rep_mpc_fgs/survey/MPC/run_0021_seed_2047.npz,results/paper_aaai2027/frozen/results/final_mcs_experiments_er_sf_alpha001_nowrong_noweight_50rep_chunked/wc_sweep_bnlearn_survey_alpha001_nowrong_noweight_seed2026_2075_20260715_155405/rep22/facts.lp
survey,Survey (6),2048,MPC,False,ValueError: Endpoint graph has no consistent DAG extension,,61,,,,,False,results/paper_aaai2027/frozen/results/estimated_graphs/paper_bnlearn_alpha001_nowrong_noweight_50rep_mpc_fgs/survey/MPC/run_0022_seed_2048.npz,results/paper_aaai2027/frozen/results/final_mcs_experiments_er_sf_alpha001_nowrong_noweight_50rep_chunked/wc_sweep_bnlearn_survey_alpha001_nowrong_noweight_seed2026_2075_20260715_155405/rep23/facts.lp
survey,Survey (6),2049,MPC,True,,1.0,68,19.0,15.0,4.0,0.27941176470588236,False,results/paper_aaai2027/frozen/results/estimated_graphs/paper_bnlearn_alpha001_nowrong_noweight_50rep_mpc_fgs/survey/MPC/run_0023_seed_2049.npz,results/paper_aaai2027/frozen/results/final_mcs_experiments_er_sf_alpha001_nowrong_noweight_50rep_chunked/wc_sweep_bnlearn_survey_alpha001_nowrong_noweight_seed2026_2075_20260715_155405/rep24/facts.lp
survey,Survey (6),2050,MPC,True,,1.0,71,18.0,10.0,8.0,0.2535211267605634,False,results/paper_aaai2027/frozen/results/estimated_graphs/paper_bnlearn_alpha001_nowrong_noweight_50rep_mpc_fgs/survey/MPC/run_0024_seed_2050.npz,results/paper_aaai2027/frozen/results/final_mcs_experiments_er_sf_alpha001_nowrong_noweight_50rep_chunked/wc_sweep_bnlearn_survey_alpha001_nowrong_noweight_seed2026_2075_20260715_155405/rep25/facts.lp
survey,Survey (6),2051,MPC,True,,5.0,38,10.0,9.0,1.0,0.2631578947368421,False,results/paper_aaai2027/frozen/results/estimated_graphs/paper_bnlearn_alpha001_nowrong_noweight_50rep_mpc_fgs/survey/MPC/run_0025_seed_2051.npz,results/paper_aaai2027/frozen/results/final_mcs_experiments_er_sf_alpha001_nowrong_noweight_50rep_chunked/wc_sweep_bnlearn_survey_alpha001_nowrong_noweight_seed2026_2075_20260715_155405/rep26/facts.lp
survey,Survey (6),2052,MPC,False,ValueError: Endpoint graph has no consistent DAG extension,,46,,,,,False,results/paper_aaai2027/frozen/results/estimated_graphs/paper_bnlearn_alpha001_nowrong_noweight_50rep_mpc_fgs/survey/MPC/run_0026_seed_2052.npz,results/paper_aaai2027/frozen/results/final_mcs_experiments_er_sf_alpha001_nowrong_noweight_50rep_chunked/wc_sweep_bnlearn_survey_alpha001_nowrong_noweight_seed2026_2075_20260715_155405/rep27/facts.lp
survey,Survey (6),2053,MPC,True,,5.0,44,10.0,10.0,0.0,0.22727272727272727,False,results/paper_aaai2027/frozen/results/estimated_graphs/paper_bnlearn_alpha001_nowrong_noweight_50rep_mpc_fgs/survey/MPC/run_0027_seed_2053.npz,results/paper_aaai2027/frozen/results/final_mcs_experiments_er_sf_alpha001_nowrong_noweight_50rep_chunked/wc_sweep_bnlearn_survey_alpha001_nowrong_noweight_seed2026_2075_20260715_155405/rep28/facts.lp
survey,Survey (6),2054,MPC,True,,1.0,76,17.0,17.0,0.0,0.2236842105263158,False,results/paper_aaai2027/frozen/results/estimated_graphs/paper_bnlearn_alpha001_nowrong_noweight_50rep_mpc_fgs/survey/MPC/run_0028_seed_2054.npz,results/paper_aaai2027/frozen/results/final_mcs_experiments_er_sf_alpha001_nowrong_noweight_50rep_chunked/wc_sweep_bnlearn_survey_alpha001_nowrong_noweight_seed2026_2075_20260715_155405/rep29/facts.lp
survey,Survey (6),2055,MPC,False,ValueError: Endpoint graph has no consistent DAG extension,,46,,,,,False,results/paper_aaai2027/frozen/results/estimated_graphs/paper_bnlearn_alpha001_nowrong_noweight_50rep_mpc_fgs/survey/MPC/run_0029_seed_2055.npz,results/paper_aaai2027/frozen/results/final_mcs_experiments_er_sf_alpha001_nowrong_noweight_50rep_chunked/wc_sweep_bnlearn_survey_alpha001_nowrong_noweight_seed2026_2075_20260715_155405/rep30/facts.lp
survey,Survey (6),2056,MPC,False,ValueError: Endpoint graph has no consistent DAG extension,,46,,,,,False,results/paper_aaai2027/frozen/results/estimated_graphs/paper_bnlearn_alpha001_nowrong_noweight_50rep_mpc_fgs/survey/MPC/run_0030_seed_2056.npz,results/paper_aaai2027/frozen/results/final_mcs_experiments_er_sf_alpha001_nowrong_noweight_50rep_chunked/wc_sweep_bnlearn_survey_alpha001_nowrong_noweight_seed2026_2075_20260715_155405/rep31/facts.lp
survey,Survey (6),2057,MPC,True,,6.0,30,8.0,1.0,7.0,0.26666666666666666,False,results/paper_aaai2027/frozen/results/estimated_graphs/paper_bnlearn_alpha001_nowrong_noweight_50rep_mpc_fgs/survey/MPC/run_0031_seed_2057.npz,results/paper_aaai2027/frozen/results/final_mcs_experiments_er_sf_alpha001_nowrong_noweight_50rep_chunked/wc_sweep_bnlearn_survey_alpha001_nowrong_noweight_seed2026_2075_20260715_155405/rep32/facts.lp
survey,Survey (6),2058,MPC,True,,1.0,80,25.0,25.0,0.0,0.3125,False,results/paper_aaai2027/frozen/results/estimated_graphs/paper_bnlearn_alpha001_nowrong_noweight_50rep_mpc_fgs/survey/MPC/run_0032_seed_2058.npz,results/paper_aaai2027/frozen/results/final_mcs_experiments_er_sf_alpha001_nowrong_noweight_50rep_chunked/wc_sweep_bnlearn_survey_alpha001_nowrong_noweight_seed2026_2075_20260715_155405/rep33/facts.lp
survey,Survey (6),2059,MPC,True,,5.0,38,10.0,9.0,1.0,0.2631578947368421,False,results/paper_aaai2027/frozen/results/estimated_graphs/paper_bnlearn_alpha001_nowrong_noweight_50rep_mpc_fgs/survey/MPC/run_0033_seed_2059.npz,results/paper_aaai2027/frozen/results/final_mcs_experiments_er_sf_alpha001_nowrong_noweight_50rep_chunked/wc_sweep_bnlearn_survey_alpha001_nowrong_noweight_seed2026_2075_20260715_155405/rep34/facts.lp
survey,Survey (6),2060,MPC,True,,6.0,72,20.0,20.0,0.0,0.2777777777777778,False,results/paper_aaai2027/frozen/results/estimated_graphs/paper_bnlearn_alpha001_nowrong_noweight_50rep_mpc_fgs/survey/MPC/run_0034_seed_2060.npz,results/paper_aaai2027/frozen/results/final_mcs_experiments_er_sf_alpha001_nowrong_noweight_50rep_chunked/wc_sweep_bnlearn_survey_alpha001_nowrong_noweight_seed2026_2075_20260715_155405/rep35/facts.lp
survey,Survey (6),2061,MPC,True,,5.0,41,11.0,9.0,2.0,0.2682926829268293,False,results/paper_aaai2027/frozen/results/estimated_graphs/paper_bnlearn_alpha001_nowrong_noweight_50rep_mpc_fgs/survey/MPC/run_0035_seed_2061.npz,results/paper_aaai2027/frozen/results/final_mcs_experiments_er_sf_alpha001_nowrong_noweight_50rep_chunked/wc_sweep_bnlearn_survey_alpha001_nowrong_noweight_seed2026_2075_20260715_155405/rep36/facts.lp
survey,Survey (6),2062,MPC,True,,5.0,86,26.0,25.0,1.0,0.3023255813953488,False,results/paper_aaai2027/frozen/results/estimated_graphs/paper_bnlearn_alpha001_nowrong_noweight_50rep_mpc_fgs/survey/MPC/run_0036_seed_2062.npz,results/paper_aaai2027/frozen/results/final_mcs_experiments_er_sf_alpha001_nowrong_noweight_50rep_chunked/wc_sweep_bnlearn_survey_alpha001_nowrong_noweight_seed2026_2075_20260715_155405/rep37/facts.lp
survey,Survey (6),2063,MPC,True,,2.0,52,12.0,2.0,10.0,0.23076923076923078,False,results/paper_aaai2027/frozen/results/estimated_graphs/paper_bnlearn_alpha001_nowrong_noweight_50rep_mpc_fgs/survey/MPC/run_0037_seed_2063.npz,results/paper_aaai2027/frozen/results/final_mcs_experiments_er_sf_alpha001_nowrong_noweight_50rep_chunked/wc_sweep_bnlearn_survey_alpha001_nowrong_noweight_seed2026_2075_20260715_155405/rep38/facts.lp
survey,Survey (6),2064,MPC,False,ValueError: Endpoint graph has no consistent DAG extension,,46,,,,,False,results/paper_aaai2027/frozen/results/estimated_graphs/paper_bnlearn_alpha001_nowrong_noweight_50rep_mpc_fgs/survey/MPC/run_0038_seed_2064.npz,results/paper_aaai2027/frozen/results/final_mcs_experiments_er_sf_alpha001_nowrong_noweight_50rep_chunked/wc_sweep_bnlearn_survey_alpha001_nowrong_noweight_seed2026_2075_20260715_155405/rep39/facts.lp
survey,Survey (6),2065,MPC,True,,5.0,44,10.0,10.0,0.0,0.22727272727272727,False,results/paper_aaai2027/frozen/results/estimated_graphs/paper_bnlearn_alpha001_nowrong_noweight_50rep_mpc_fgs/survey/MPC/run_0039_seed_2065.npz,results/paper_aaai2027/frozen/results/final_mcs_experiments_er_sf_alpha001_nowrong_noweight_50rep_chunked/wc_sweep_bnlearn_survey_alpha001_nowrong_noweight_seed2026_2075_20260715_155405/rep40/facts.lp
survey,Survey (6),2066,MPC,True,,5.0,47,14.0,9.0,5.0,0.2978723404255319,False,results/paper_aaai2027/frozen/results/estimated_graphs/paper_bnlearn_alpha001_nowrong_noweight_50rep_mpc_fgs/survey/MPC/run_0040_seed_2066.npz,results/paper_aaai2027/frozen/results/final_mcs_experiments_er_sf_alpha001_nowrong_noweight_50rep_chunked/wc_sweep_bnlearn_survey_alpha001_nowrong_noweight_seed2026_2075_20260715_155405/rep41/facts.lp
survey,Survey (6),2067,MPC,True,,5.0,56,20.0,10.0,10.0,0.35714285714285715,False,results/paper_aaai2027/frozen/results/estimated_graphs/paper_bnlearn_alpha001_nowrong_noweight_50rep_mpc_fgs/survey/MPC/run_0041_seed_2067.npz,results/paper_aaai2027/frozen/results/final_mcs_experiments_er_sf_alpha001_nowrong_noweight_50rep_chunked/wc_sweep_bnlearn_survey_alpha001_nowrong_noweight_seed2026_2075_20260715_155405/rep42/facts.lp
survey,Survey (6),2068,MPC,True,,6.0,64,20.0,17.0,3.0,0.3125,False,results/paper_aaai2027/frozen/results/estimated_graphs/paper_bnlearn_alpha001_nowrong_noweight_50rep_mpc_fgs/survey/MPC/run_0042_seed_2068.npz,results/paper_aaai2027/frozen/results/final_mcs_experiments_er_sf_alpha001_nowrong_noweight_50rep_chunked/wc_sweep_bnlearn_survey_alpha001_nowrong_noweight_seed2026_2075_20260715_155405/rep43/facts.lp
survey,Survey (6),2069,MPC,False,ValueError: Endpoint graph has no consistent DAG extension,,46,,,,,False,results/paper_aaai2027/frozen/results/estimated_graphs/paper_bnlearn_alpha001_nowrong_noweight_50rep_mpc_fgs/survey/MPC/run_0043_seed_2069.npz,results/paper_aaai2027/frozen/results/final_mcs_experiments_er_sf_alpha001_nowrong_noweight_50rep_chunked/wc_sweep_bnlearn_survey_alpha001_nowrong_noweight_seed2026_2075_20260715_155405/rep44/facts.lp
survey,Survey (6),2070,MPC,False,ValueError: Endpoint graph has no consistent DAG extension,,46,,,,,False,results/paper_aaai2027/frozen/results/estimated_graphs/paper_bnlearn_alpha001_nowrong_noweight_50rep_mpc_fgs/survey/MPC/run_0044_seed_2070.npz,results/paper_aaai2027/frozen/results/final_mcs_experiments_er_sf_alpha001_nowrong_noweight_50rep_chunked/wc_sweep_bnlearn_survey_alpha001_nowrong_noweight_seed2026_2075_20260715_155405/rep45/facts.lp
survey,Survey (6),2071,MPC,True,,1.0,80,25.0,25.0,0.0,0.3125,False,results/paper_aaai2027/frozen/results/estimated_graphs/paper_bnlearn_alpha001_nowrong_noweight_50rep_mpc_fgs/survey/MPC/run_0045_seed_2071.npz,results/paper_aaai2027/frozen/results/final_mcs_experiments_er_sf_alpha001_nowrong_noweight_50rep_chunked/wc_sweep_bnlearn_survey_alpha001_nowrong_noweight_seed2026_2075_20260715_155405/rep46/facts.lp
survey,Survey (6),2072,MPC,True,,1.0,68,18.0,14.0,4.0,0.2647058823529412,False,results/paper_aaai2027/frozen/results/estimated_graphs/paper_bnlearn_alpha001_nowrong_noweight_50rep_mpc_fgs/survey/MPC/run_0046_seed_2072.npz,results/paper_aaai2027/frozen/results/final_mcs_experiments_er_sf_alpha001_nowrong_noweight_50rep_chunked/wc_sweep_bnlearn_survey_alpha001_nowrong_noweight_seed2026_2075_20260715_155405/rep47/facts.lp
survey,Survey (6),2073,MPC,True,,1.0,80,25.0,25.0,0.0,0.3125,False,results/paper_aaai2027/frozen/results/estimated_graphs/paper_bnlearn_alpha001_nowrong_noweight_50rep_mpc_fgs/survey/MPC/run_0047_seed_2073.npz,results/paper_aaai2027/frozen/results/final_mcs_experiments_er_sf_alpha001_nowrong_noweight_50rep_chunked/wc_sweep_bnlearn_survey_alpha001_nowrong_noweight_seed2026_2075_20260715_155405/rep48/facts.lp
survey,Survey (6),2074,MPC,True,,5.0,40,11.0,11.0,0.0,0.275,False,results/paper_aaai2027/frozen/results/estimated_graphs/paper_bnlearn_alpha001_nowrong_noweight_50rep_mpc_fgs/survey/MPC/run_0048_seed_2074.npz,results/paper_aaai2027/frozen/results/final_mcs_experiments_er_sf_alpha001_nowrong_noweight_50rep_chunked/wc_sweep_bnlearn_survey_alpha001_nowrong_noweight_seed2026_2075_20260715_155405/rep49/facts.lp
survey,Survey (6),2075,MPC,True,,5.0,47,14.0,8.0,6.0,0.2978723404255319,False,results/paper_aaai2027/frozen/results/estimated_graphs/paper_bnlearn_alpha001_nowrong_noweight_50rep_mpc_fgs/survey/MPC/run_0049_seed_2075.npz,results/paper_aaai2027/frozen/results/final_mcs_experiments_er_sf_alpha001_nowrong_noweight_50rep_chunked/wc_sweep_bnlearn_survey_alpha001_nowrong_noweight_seed2026_2075_20260715_155405/rep50/facts.lp
er5,ER (5),2026,MPC,True,,120.0,80,0.0,0.0,0.0,0.0,True,results/paper_aaai2027/frozen/results/estimated_graphs/paper_er_sf_alpha001_nowrong_noweight_50rep_mpc/er5/MPC/run_0000_seed_2026.npz,results/paper_aaai2027/frozen/results/final_mcs_experiments_er_sf_alpha001_nowrong_noweight_50rep_chunked/wc_sweep_5_2026_er_sf_alpha001_nowrong_noweight_seed2026_2075_20260715_122848/rep1/facts.lp
er5,ER (5),2027,MPC,True,,4.0,60,0.0,0.0,0.0,0.0,True,results/paper_aaai2027/frozen/results/estimated_graphs/paper_er_sf_alpha001_nowrong_noweight_50rep_mpc/er5/MPC/run_0001_seed_2027.npz,results/paper_aaai2027/frozen/results/final_mcs_experiments_er_sf_alpha001_nowrong_noweight_50rep_chunked/wc_sweep_5_2026_er_sf_alpha001_nowrong_noweight_seed2026_2075_20260715_122848/rep2/facts.lp
er5,ER (5),2028,MPC,True,,6.0,72,0.0,0.0,0.0,0.0,True,results/paper_aaai2027/frozen/results/estimated_graphs/paper_er_sf_alpha001_nowrong_noweight_50rep_mpc/er5/MPC/run_0002_seed_2028.npz,results/paper_aaai2027/frozen/results/final_mcs_experiments_er_sf_alpha001_nowrong_noweight_50rep_chunked/wc_sweep_5_2026_er_sf_alpha001_nowrong_noweight_seed2026_2075_20260715_122848/rep3/facts.lp
er5,ER (5),2029,MPC,True,,3.0,56,0.0,0.0,0.0,0.0,True,results/paper_aaai2027/frozen/results/estimated_graphs/paper_er_sf_alpha001_nowrong_noweight_50rep_mpc/er5/MPC/run_0003_seed_2029.npz,results/paper_aaai2027/frozen/results/final_mcs_experiments_er_sf_alpha001_nowrong_noweight_50rep_chunked/wc_sweep_5_2026_er_sf_alpha001_nowrong_noweight_seed2026_2075_20260715_122848/rep4/facts.lp
er5,ER (5),2030,MPC,True,,120.0,80,0.0,0.0,0.0,0.0,True,results/paper_aaai2027/frozen/results/estimated_graphs/paper_er_sf_alpha001_nowrong_noweight_50rep_mpc/er5/MPC/run_0004_seed_2030.npz,results/paper_aaai2027/frozen/results/final_mcs_experiments_er_sf_alpha001_nowrong_noweight_50rep_chunked/wc_sweep_5_2026_er_sf_alpha001_nowrong_noweight_seed2026_2075_20260715_122848/rep5/facts.lp
er5,ER (5),2031,MPC,True,,120.0,80,0.0,0.0,0.0,0.0,True,results/paper_aaai2027/frozen/results/estimated_graphs/paper_er_sf_alpha001_nowrong_noweight_50rep_mpc/er5/MPC/run_0005_seed_2031.npz,results/paper_aaai2027/frozen/results/final_mcs_experiments_er_sf_alpha001_nowrong_noweight_50rep_chunked/wc_sweep_5_2026_er_sf_alpha001_nowrong_noweight_seed2026_2075_20260715_122848/rep6/facts.lp
er5,ER (5),2032,MPC,True,,120.0,80,0.0,0.0,0.0,0.0,True,results/paper_aaai2027/frozen/results/estimated_graphs/paper_er_sf_alpha001_nowrong_noweight_50rep_mpc/er5/MPC/run_0006_seed_2032.npz,results/paper_aaai2027/frozen/results/final_mcs_experiments_er_sf_alpha001_nowrong_noweight_50rep_chunked/wc_sweep_5_2026_er_sf_alpha001_nowrong_noweight_seed2026_2075_20260715_122848/rep7/facts.lp
er5,ER (5),2033,MPC,True,,6.0,72,0.0,0.0,0.0,0.0,True,results/paper_aaai2027/frozen/results/estimated_graphs/paper_er_sf_alpha001_nowrong_noweight_50rep_mpc/er5/MPC/run_0007_seed_2033.npz,results/paper_aaai2027/frozen/results/final_mcs_experiments_er_sf_alpha001_nowrong_noweight_50rep_chunked/wc_sweep_5_2026_er_sf_alpha001_nowrong_noweight_seed2026_2075_20260715_122848/rep8/facts.lp
er5,ER (5),2034,MPC,True,,120.0,80,0.0,0.0,0.0,0.0,True,results/paper_aaai2027/frozen/results/estimated_graphs/paper_er_sf_alpha001_nowrong_noweight_50rep_mpc/er5/MPC/run_0008_seed_2034.npz,results/paper_aaai2027/frozen/results/final_mcs_experiments_er_sf_alpha001_nowrong_noweight_50rep_chunked/wc_sweep_5_2026_er_sf_alpha001_nowrong_noweight_seed2026_2075_20260715_122848/rep9/facts.lp
er5,ER (5),2035,MPC,True,,2.0,38,0.0,0.0,0.0,0.0,True,results/paper_aaai2027/frozen/results/estimated_graphs/paper_er_sf_alpha001_nowrong_noweight_50rep_mpc/er5/MPC/run_0009_seed_2035.npz,results/paper_aaai2027/frozen/results/final_mcs_experiments_er_sf_alpha001_nowrong_noweight_50rep_chunked/wc_sweep_5_2026_er_sf_alpha001_nowrong_noweight_seed2026_2075_20260715_122848/rep10/facts.lp
er5,ER (5),2036,MPC,True,,120.0,80,0.0,0.0,0.0,0.0,True,results/paper_aaai2027/frozen/results/estimated_graphs/paper_er_sf_alpha001_nowrong_noweight_50rep_mpc/er5/MPC/run_0010_seed_2036.npz,results/paper_aaai2027/frozen/results/final_mcs_experiments_er_sf_alpha001_nowrong_noweight_50rep_chunked/wc_sweep_5_2026_er_sf_alpha001_nowrong_noweight_seed2026_2075_20260715_122848/rep11/facts.lp
er5,ER (5),2037,MPC,True,,6.0,72,0.0,0.0,0.0,0.0,True,results/paper_aaai2027/frozen/results/estimated_graphs/paper_er_sf_alpha001_nowrong_noweight_50rep_mpc/er5/MPC/run_0011_seed_2037.npz,results/paper_aaai2027/frozen/results/final_mcs_experiments_er_sf_alpha001_nowrong_noweight_50rep_chunked/wc_sweep_5_2026_er_sf_alpha001_nowrong_noweight_seed2026_2075_20260715_122848/rep12/facts.lp
er5,ER (5),2038,MPC,True,,120.0,80,0.0,0.0,0.0,0.0,True,results/paper_aaai2027/frozen/results/estimated_graphs/paper_er_sf_alpha001_nowrong_noweight_50rep_mpc/er5/MPC/run_0012_seed_2038.npz,results/paper_aaai2027/frozen/results/final_mcs_experiments_er_sf_alpha001_nowrong_noweight_50rep_chunked/wc_sweep_5_2026_er_sf_alpha001_nowrong_noweight_seed2026_2075_20260715_122848/rep13/facts.lp
er5,ER (5),2039,MPC,True,,120.0,80,0.0,0.0,0.0,0.0,True,results/paper_aaai2027/frozen/results/estimated_graphs/paper_er_sf_alpha001_nowrong_noweight_50rep_mpc/er5/MPC/run_0013_seed_2039.npz,results/paper_aaai2027/frozen/results/final_mcs_experiments_er_sf_alpha001_nowrong_noweight_50rep_chunked/wc_sweep_5_2026_er_sf_alpha001_nowrong_noweight_seed2026_2075_20260715_122848/rep14/facts.lp
er5,ER (5),2040,MPC,True,,120.0,80,0.0,0.0,0.0,0.0,True,results/paper_aaai2027/frozen/results/estimated_graphs/paper_er_sf_alpha001_nowrong_noweight_50rep_mpc/er5/MPC/run_0014_seed_2040.npz,results/paper_aaai2027/frozen/results/final_mcs_experiments_er_sf_alpha001_nowrong_noweight_50rep_chunked/wc_sweep_5_2026_er_sf_alpha001_nowrong_noweight_seed2026_2075_20260715_122848/rep15/facts.lp
er5,ER (5),2041,MPC,True,,6.0,72,0.0,0.0,0.0,0.0,True,results/paper_aaai2027/frozen/results/estimated_graphs/paper_er_sf_alpha001_nowrong_noweight_50rep_mpc/er5/MPC/run_0015_seed_2041.npz,results/paper_aaai2027/frozen/results/final_mcs_experiments_er_sf_alpha001_nowrong_noweight_50rep_chunked/wc_sweep_5_2026_er_sf_alpha001_nowrong_noweight_seed2026_2075_20260715_122848/rep16/facts.lp
er5,ER (5),2042,MPC,True,,120.0,80,0.0,0.0,0.0,0.0,True,results/paper_aaai2027/frozen/results/estimated_graphs/paper_er_sf_alpha001_nowrong_noweight_50rep_mpc/er5/MPC/run_0016_seed_2042.npz,results/paper_aaai2027/frozen/results/final_mcs_experiments_er_sf_alpha001_nowrong_noweight_50rep_chunked/wc_sweep_5_2026_er_sf_alpha001_nowrong_noweight_seed2026_2075_20260715_122848/rep17/facts.lp
er5,ER (5),2043,MPC,True,,6.0,72,0.0,0.0,0.0,0.0,True,results/paper_aaai2027/frozen/results/estimated_graphs/paper_er_sf_alpha001_nowrong_noweight_50rep_mpc/er5/MPC/run_0017_seed_2043.npz,results/paper_aaai2027/frozen/results/final_mcs_experiments_er_sf_alpha001_nowrong_noweight_50rep_chunked/wc_sweep_5_2026_er_sf_alpha001_nowrong_noweight_seed2026_2075_20260715_122848/rep18/facts.lp
er5,ER (5),2044,MPC,True,,120.0,80,0.0,0.0,0.0,0.0,True,results/paper_aaai2027/frozen/results/estimated_graphs/paper_er_sf_alpha001_nowrong_noweight_50rep_mpc/er5/MPC/run_0018_seed_2044.npz,results/paper_aaai2027/frozen/results/final_mcs_experiments_er_sf_alpha001_nowrong_noweight_50rep_chunked/wc_sweep_5_2026_er_sf_alpha001_nowrong_noweight_seed2026_2075_20260715_122848/rep19/facts.lp
er5,ER (5),2045,MPC,True,,6.0,72,0.0,0.0,0.0,0.0,True,results/paper_aaai2027/frozen/results/estimated_graphs/paper_er_sf_alpha001_nowrong_noweight_50rep_mpc/er5/MPC/run_0019_seed_2045.npz,results/paper_aaai2027/frozen/results/final_mcs_experiments_er_sf_alpha001_nowrong_noweight_50rep_chunked/wc_sweep_5_2026_er_sf_alpha001_nowrong_noweight_seed2026_2075_20260715_122848/rep20/facts.lp
er5,ER (5),2046,MPC,True,,6.0,72,0.0,0.0,0.0,0.0,True,results/paper_aaai2027/frozen/results/estimated_graphs/paper_er_sf_alpha001_nowrong_noweight_50rep_mpc/er5/MPC/run_0020_seed_2046.npz,results/paper_aaai2027/frozen/results/final_mcs_experiments_er_sf_alpha001_nowrong_noweight_50rep_chunked/wc_sweep_5_2026_er_sf_alpha001_nowrong_noweight_seed2026_2075_20260715_122848/rep21/facts.lp
er5,ER (5),2047,MPC,True,,6.0,72,0.0,0.0,0.0,0.0,True,results/paper_aaai2027/frozen/results/estimated_graphs/paper_er_sf_alpha001_nowrong_noweight_50rep_mpc/er5/MPC/run_0021_seed_2047.npz,results/paper_aaai2027/frozen/results/final_mcs_experiments_er_sf_alpha001_nowrong_noweight_50rep_chunked/wc_sweep_5_2026_er_sf_alpha001_nowrong_noweight_seed2026_2075_20260715_122848/rep22/facts.lp
er5,ER (5),2048,MPC,True,,6.0,72,0.0,0.0,0.0,0.0,True,results/paper_aaai2027/frozen/results/estimated_graphs/paper_er_sf_alpha001_nowrong_noweight_50rep_mpc/er5/MPC/run_0022_seed_2048.npz,results/paper_aaai2027/frozen/results/final_mcs_experiments_er_sf_alpha001_nowrong_noweight_50rep_chunked/wc_sweep_5_2026_er_sf_alpha001_nowrong_noweight_seed2026_2075_20260715_122848/rep23/facts.lp
er5,ER (5),2049,MPC,True,,4.0,60,0.0,0.0,0.0,0.0,True,results/paper_aaai2027/frozen/results/estimated_graphs/paper_er_sf_alpha001_nowrong_noweight_50rep_mpc/er5/MPC/run_0023_seed_2049.npz,results/paper_aaai2027/frozen/results/final_mcs_experiments_er_sf_alpha001_nowrong_noweight_50rep_chunked/wc_sweep_5_2026_er_sf_alpha001_nowrong_noweight_seed2026_2075_20260715_122848/rep24/facts.lp
er5,ER (5),2050,MPC,True,,1.0,56,0.0,0.0,0.0,0.0,True,results/paper_aaai2027/frozen/results/estimated_graphs/paper_er_sf_alpha001_nowrong_noweight_50rep_mpc/er5/MPC/run_0024_seed_2050.npz,results/paper_aaai2027/frozen/results/final_mcs_experiments_er_sf_alpha001_nowrong_noweight_50rep_chunked/wc_sweep_5_2026_er_sf_alpha001_nowrong_noweight_seed2026_2075_20260715_122848/rep25/facts.lp
er5,ER (5),2051,MPC,True,,1.0,61,0.0,0.0,0.0,0.0,True,results/paper_aaai2027/frozen/results/estimated_graphs/paper_er_sf_alpha001_nowrong_noweight_50rep_mpc/er5/MPC/run_0025_seed_2051.npz,results/paper_aaai2027/frozen/results/final_mcs_experiments_er_sf_alpha001_nowrong_noweight_50rep_chunked/wc_sweep_5_2026_er_sf_alpha001_nowrong_noweight_seed2026_2075_20260715_122848/rep26/facts.lp
er5,ER (5),2052,MPC,True,,120.0,80,0.0,0.0,0.0,0.0,True,results/paper_aaai2027/frozen/results/estimated_graphs/paper_er_sf_alpha001_nowrong_noweight_50rep_mpc/er5/MPC/run_0026_seed_2052.npz,results/paper_aaai2027/frozen/results/final_mcs_experiments_er_sf_alpha001_nowrong_noweight_50rep_chunked/wc_sweep_5_2026_er_sf_alpha001_nowrong_noweight_seed2026_2075_20260715_122848/rep27/facts.lp
er5,ER (5),2053,MPC,True,,6.0,72,0.0,0.0,0.0,0.0,True,results/paper_aaai2027/frozen/results/estimated_graphs/paper_er_sf_alpha001_nowrong_noweight_50rep_mpc/er5/MPC/run_0027_seed_2053.npz,results/paper_aaai2027/frozen/results/final_mcs_experiments_er_sf_alpha001_nowrong_noweight_50rep_chunked/wc_sweep_5_2026_er_sf_alpha001_nowrong_noweight_seed2026_2075_20260715_122848/rep28/facts.lp
er5,ER (5),2054,MPC,True,,6.0,72,0.0,0.0,0.0,0.0,True,results/paper_aaai2027/frozen/results/estimated_graphs/paper_er_sf_alpha001_nowrong_noweight_50rep_mpc/er5/MPC/run_0028_seed_2054.npz,results/paper_aaai2027/frozen/results/final_mcs_experiments_er_sf_alpha001_nowrong_noweight_50rep_chunked/wc_sweep_5_2026_er_sf_alpha001_nowrong_noweight_seed2026_2075_20260715_122848/rep29/facts.lp
er5,ER (5),2055,MPC,True,,2.0,51,1.0,1.0,0.0,0.0196078431372549,False,results/paper_aaai2027/frozen/results/estimated_graphs/paper_er_sf_alpha001_nowrong_noweight_50rep_mpc/er5/MPC/run_0029_seed_2055.npz,results/paper_aaai2027/frozen/results/final_mcs_experiments_er_sf_alpha001_nowrong_noweight_50rep_chunked/wc_sweep_5_2026_er_sf_alpha001_nowrong_noweight_seed2026_2075_20260715_122848/rep30/facts.lp
er5,ER (5),2056,MPC,True,,4.0,60,0.0,0.0,0.0,0.0,True,results/paper_aaai2027/frozen/results/estimated_graphs/paper_er_sf_alpha001_nowrong_noweight_50rep_mpc/er5/MPC/run_0030_seed_2056.npz,results/paper_aaai2027/frozen/results/final_mcs_experiments_er_sf_alpha001_nowrong_noweight_50rep_chunked/wc_sweep_5_2026_er_sf_alpha001_nowrong_noweight_seed2026_2075_20260715_122848/rep31/facts.lp
er5,ER (5),2057,MPC,True,,4.0,60,0.0,0.0,0.0,0.0,True,results/paper_aaai2027/frozen/results/estimated_graphs/paper_er_sf_alpha001_nowrong_noweight_50rep_mpc/er5/MPC/run_0031_seed_2057.npz,results/paper_aaai2027/frozen/results/final_mcs_experiments_er_sf_alpha001_nowrong_noweight_50rep_chunked/wc_sweep_5_2026_er_sf_alpha001_nowrong_noweight_seed2026_2075_20260715_122848/rep32/facts.lp
er5,ER (5),2058,MPC,True,,6.0,72,0.0,0.0,0.0,0.0,True,results/paper_aaai2027/frozen/results/estimated_graphs/paper_er_sf_alpha001_nowrong_noweight_50rep_mpc/er5/MPC/run_0032_seed_2058.npz,results/paper_aaai2027/frozen/results/final_mcs_experiments_er_sf_alpha001_nowrong_noweight_50rep_chunked/wc_sweep_5_2026_er_sf_alpha001_nowrong_noweight_seed2026_2075_20260715_122848/rep33/facts.lp
er5,ER (5),2059,MPC,True,,6.0,72,0.0,0.0,0.0,0.0,True,results/paper_aaai2027/frozen/results/estimated_graphs/paper_er_sf_alpha001_nowrong_noweight_50rep_mpc/er5/MPC/run_0033_seed_2059.npz,results/paper_aaai2027/frozen/results/final_mcs_experiments_er_sf_alpha001_nowrong_noweight_50rep_chunked/wc_sweep_5_2026_er_sf_alpha001_nowrong_noweight_seed2026_2075_20260715_122848/rep34/facts.lp
er5,ER (5),2060,MPC,True,,120.0,80,0.0,0.0,0.0,0.0,True,results/paper_aaai2027/frozen/results/estimated_graphs/paper_er_sf_alpha001_nowrong_noweight_50rep_mpc/er5/MPC/run_0034_seed_2060.npz,results/paper_aaai2027/frozen/results/final_mcs_experiments_er_sf_alpha001_nowrong_noweight_50rep_chunked/wc_sweep_5_2026_er_sf_alpha001_nowrong_noweight_seed2026_2075_20260715_122848/rep35/facts.lp
er5,ER (5),2061,MPC,True,,6.0,72,0.0,0.0,0.0,0.0,True,results/paper_aaai2027/frozen/results/estimated_graphs/paper_er_sf_alpha001_nowrong_noweight_50rep_mpc/er5/MPC/run_0035_seed_2061.npz,results/paper_aaai2027/frozen/results/final_mcs_experiments_er_sf_alpha001_nowrong_noweight_50rep_chunked/wc_sweep_5_2026_er_sf_alpha001_nowrong_noweight_seed2026_2075_20260715_122848/rep36/facts.lp
er5,ER (5),2062,MPC,True,,6.0,72,0.0,0.0,0.0,0.0,True,results/paper_aaai2027/frozen/results/estimated_graphs/paper_er_sf_alpha001_nowrong_noweight_50rep_mpc/er5/MPC/run_0036_seed_2062.npz,results/paper_aaai2027/frozen/results/final_mcs_experiments_er_sf_alpha001_nowrong_noweight_50rep_chunked/wc_sweep_5_2026_er_sf_alpha001_nowrong_noweight_seed2026_2075_20260715_122848/rep37/facts.lp
er5,ER (5),2063,MPC,True,,1.0,60,0.0,0.0,0.0,0.0,True,results/paper_aaai2027/frozen/results/estimated_graphs/paper_er_sf_alpha001_nowrong_noweight_50rep_mpc/er5/MPC/run_0037_seed_2063.npz,results/paper_aaai2027/frozen/results/final_mcs_experiments_er_sf_alpha001_nowrong_noweight_50rep_chunked/wc_sweep_5_2026_er_sf_alpha001_nowrong_noweight_seed2026_2075_20260715_122848/rep38/facts.lp
er5,ER (5),2064,MPC,True,,120.0,80,0.0,0.0,0.0,0.0,True,results/paper_aaai2027/frozen/results/estimated_graphs/paper_er_sf_alpha001_nowrong_noweight_50rep_mpc/er5/MPC/run_0038_seed_2064.npz,results/paper_aaai2027/frozen/results/final_mcs_experiments_er_sf_alpha001_nowrong_noweight_50rep_chunked/wc_sweep_5_2026_er_sf_alpha001_nowrong_noweight_seed2026_2075_20260715_122848/rep39/facts.lp
er5,ER (5),2065,MPC,True,,1.0,56,0.0,0.0,0.0,0.0,True,results/paper_aaai2027/frozen/results/estimated_graphs/paper_er_sf_alpha001_nowrong_noweight_50rep_mpc/er5/MPC/run_0039_seed_2065.npz,results/paper_aaai2027/frozen/results/final_mcs_experiments_er_sf_alpha001_nowrong_noweight_50rep_chunked/wc_sweep_5_2026_er_sf_alpha001_nowrong_noweight_seed2026_2075_20260715_122848/rep40/facts.lp
er5,ER (5),2066,MPC,True,,1.0,60,0.0,0.0,0.0,0.0,True,results/paper_aaai2027/frozen/results/estimated_graphs/paper_er_sf_alpha001_nowrong_noweight_50rep_mpc/er5/MPC/run_0040_seed_2066.npz,results/paper_aaai2027/frozen/results/final_mcs_experiments_er_sf_alpha001_nowrong_noweight_50rep_chunked/wc_sweep_5_2026_er_sf_alpha001_nowrong_noweight_seed2026_2075_20260715_122848/rep41/facts.lp
er5,ER (5),2067,MPC,True,,120.0,80,0.0,0.0,0.0,0.0,True,results/paper_aaai2027/frozen/results/estimated_graphs/paper_er_sf_alpha001_nowrong_noweight_50rep_mpc/er5/MPC/run_0041_seed_2067.npz,results/paper_aaai2027/frozen/results/final_mcs_experiments_er_sf_alpha001_nowrong_noweight_50rep_chunked/wc_sweep_5_2026_er_sf_alpha001_nowrong_noweight_seed2026_2075_20260715_122848/rep42/facts.lp
er5,ER (5),2068,MPC,True,,2.0,60,0.0,0.0,0.0,0.0,True,results/paper_aaai2027/frozen/results/estimated_graphs/paper_er_sf_alpha001_nowrong_noweight_50rep_mpc/er5/MPC/run_0042_seed_2068.npz,results/paper_aaai2027/frozen/results/final_mcs_experiments_er_sf_alpha001_nowrong_noweight_50rep_chunked/wc_sweep_5_2026_er_sf_alpha001_nowrong_noweight_seed2026_2075_20260715_122848/rep43/facts.lp
er5,ER (5),2069,MPC,True,,2.0,65,4.0,1.0,3.0,0.06153846153846154,False,results/paper_aaai2027/frozen/results/estimated_graphs/paper_er_sf_alpha001_nowrong_noweight_50rep_mpc/er5/MPC/run_0043_seed_2069.npz,results/paper_aaai2027/frozen/results/final_mcs_experiments_er_sf_alpha001_nowrong_noweight_50rep_chunked/wc_sweep_5_2026_er_sf_alpha001_nowrong_noweight_seed2026_2075_20260715_122848/rep44/facts.lp
er5,ER (5),2070,MPC,True,,6.0,72,0.0,0.0,0.0,0.0,True,results/paper_aaai2027/frozen/results/estimated_graphs/paper_er_sf_alpha001_nowrong_noweight_50rep_mpc/er5/MPC/run_0044_seed_2070.npz,results/paper_aaai2027/frozen/results/final_mcs_experiments_er_sf_alpha001_nowrong_noweight_50rep_chunked/wc_sweep_5_2026_er_sf_alpha001_nowrong_noweight_seed2026_2075_20260715_122848/rep45/facts.lp
er5,ER (5),2071,MPC,True,,6.0,72,0.0,0.0,0.0,0.0,True,results/paper_aaai2027/frozen/results/estimated_graphs/paper_er_sf_alpha001_nowrong_noweight_50rep_mpc/er5/MPC/run_0045_seed_2071.npz,results/paper_aaai2027/frozen/results/final_mcs_experiments_er_sf_alpha001_nowrong_noweight_50rep_chunked/wc_sweep_5_2026_er_sf_alpha001_nowrong_noweight_seed2026_2075_20260715_122848/rep46/facts.lp
er5,ER (5),2072,MPC,True,,6.0,72,0.0,0.0,0.0,0.0,True,results/paper_aaai2027/frozen/results/estimated_graphs/paper_er_sf_alpha001_nowrong_noweight_50rep_mpc/er5/MPC/run_0046_seed_2072.npz,results/paper_aaai2027/frozen/results/final_mcs_experiments_er_sf_alpha001_nowrong_noweight_50rep_chunked/wc_sweep_5_2026_er_sf_alpha001_nowrong_noweight_seed2026_2075_20260715_122848/rep47/facts.lp
er5,ER (5),2073,MPC,True,,6.0,72,0.0,0.0,0.0,0.0,True,results/paper_aaai2027/frozen/results/estimated_graphs/paper_er_sf_alpha001_nowrong_noweight_50rep_mpc/er5/MPC/run_0047_seed_2073.npz,results/paper_aaai2027/frozen/results/final_mcs_experiments_er_sf_alpha001_nowrong_noweight_50rep_chunked/wc_sweep_5_2026_er_sf_alpha001_nowrong_noweight_seed2026_2075_20260715_122848/rep48/facts.lp
er5,ER (5),2074,MPC,True,,6.0,72,0.0,0.0,0.0,0.0,True,results/paper_aaai2027/frozen/results/estimated_graphs/paper_er_sf_alpha001_nowrong_noweight_50rep_mpc/er5/MPC/run_0048_seed_2074.npz,results/paper_aaai2027/frozen/results/final_mcs_experiments_er_sf_alpha001_nowrong_noweight_50rep_chunked/wc_sweep_5_2026_er_sf_alpha001_nowrong_noweight_seed2026_2075_20260715_122848/rep49/facts.lp
er5,ER (5),2075,MPC,True,,6.0,72,0.0,0.0,0.0,0.0,True,results/paper_aaai2027/frozen/results/estimated_graphs/paper_er_sf_alpha001_nowrong_noweight_50rep_mpc/er5/MPC/run_0049_seed_2075.npz,results/paper_aaai2027/frozen/results/final_mcs_experiments_er_sf_alpha001_nowrong_noweight_50rep_chunked/wc_sweep_5_2026_er_sf_alpha001_nowrong_noweight_seed2026_2075_20260715_122848/rep50/facts.lp
sf5,SF (5),2026,MPC,True,,1.0,53,2.0,2.0,0.0,0.03773584905660377,False,results/paper_aaai2027/frozen/results/estimated_graphs/paper_er_sf_alpha001_nowrong_noweight_50rep_mpc/sf5/MPC/run_0000_seed_2026.npz,results/paper_aaai2027/frozen/results/final_mcs_experiments_er_sf_alpha001_nowrong_noweight_50rep_chunked/wc_sweep_sf5_2026_er_sf_alpha001_nowrong_noweight_seed2026_2075_20260715_123050/rep1/facts.lp
sf5,SF (5),2027,MPC,True,,2.0,56,0.0,0.0,0.0,0.0,True,results/paper_aaai2027/frozen/results/estimated_graphs/paper_er_sf_alpha001_nowrong_noweight_50rep_mpc/sf5/MPC/run_0001_seed_2027.npz,results/paper_aaai2027/frozen/results/final_mcs_experiments_er_sf_alpha001_nowrong_noweight_50rep_chunked/wc_sweep_sf5_2026_er_sf_alpha001_nowrong_noweight_seed2026_2075_20260715_123050/rep2/facts.lp
sf5,SF (5),2028,MPC,True,,1.0,53,3.0,0.0,3.0,0.05660377358490566,False,results/paper_aaai2027/frozen/results/estimated_graphs/paper_er_sf_alpha001_nowrong_noweight_50rep_mpc/sf5/MPC/run_0002_seed_2028.npz,results/paper_aaai2027/frozen/results/final_mcs_experiments_er_sf_alpha001_nowrong_noweight_50rep_chunked/wc_sweep_sf5_2026_er_sf_alpha001_nowrong_noweight_seed2026_2075_20260715_123050/rep3/facts.lp
sf5,SF (5),2029,MPC,True,,4.0,36,3.0,3.0,0.0,0.08333333333333333,False,results/paper_aaai2027/frozen/results/estimated_graphs/paper_er_sf_alpha001_nowrong_noweight_50rep_mpc/sf5/MPC/run_0003_seed_2029.npz,results/paper_aaai2027/frozen/results/final_mcs_experiments_er_sf_alpha001_nowrong_noweight_50rep_chunked/wc_sweep_sf5_2026_er_sf_alpha001_nowrong_noweight_seed2026_2075_20260715_123050/rep4/facts.lp
sf5,SF (5),2030,MPC,True,,2.0,56,0.0,0.0,0.0,0.0,True,results/paper_aaai2027/frozen/results/estimated_graphs/paper_er_sf_alpha001_nowrong_noweight_50rep_mpc/sf5/MPC/run_0004_seed_2030.npz,results/paper_aaai2027/frozen/results/final_mcs_experiments_er_sf_alpha001_nowrong_noweight_50rep_chunked/wc_sweep_sf5_2026_er_sf_alpha001_nowrong_noweight_seed2026_2075_20260715_123050/rep5/facts.lp
sf5,SF (5),2031,MPC,True,,2.0,57,0.0,0.0,0.0,0.0,True,results/paper_aaai2027/frozen/results/estimated_graphs/paper_er_sf_alpha001_nowrong_noweight_50rep_mpc/sf5/MPC/run_0005_seed_2031.npz,results/paper_aaai2027/frozen/results/final_mcs_experiments_er_sf_alpha001_nowrong_noweight_50rep_chunked/wc_sweep_sf5_2026_er_sf_alpha001_nowrong_noweight_seed2026_2075_20260715_123050/rep6/facts.lp
sf5,SF (5),2032,MPC,True,,3.0,43,7.0,4.0,3.0,0.16279069767441862,False,results/paper_aaai2027/frozen/results/estimated_graphs/paper_er_sf_alpha001_nowrong_noweight_50rep_mpc/sf5/MPC/run_0006_seed_2032.npz,results/paper_aaai2027/frozen/results/final_mcs_experiments_er_sf_alpha001_nowrong_noweight_50rep_chunked/wc_sweep_sf5_2026_er_sf_alpha001_nowrong_noweight_seed2026_2075_20260715_123050/rep7/facts.lp
sf5,SF (5),2033,MPC,True,,3.0,53,0.0,0.0,0.0,0.0,True,results/paper_aaai2027/frozen/results/estimated_graphs/paper_er_sf_alpha001_nowrong_noweight_50rep_mpc/sf5/MPC/run_0007_seed_2033.npz,results/paper_aaai2027/frozen/results/final_mcs_experiments_er_sf_alpha001_nowrong_noweight_50rep_chunked/wc_sweep_sf5_2026_er_sf_alpha001_nowrong_noweight_seed2026_2075_20260715_123050/rep8/facts.lp
sf5,SF (5),2034,MPC,True,,2.0,52,0.0,0.0,0.0,0.0,True,results/paper_aaai2027/frozen/results/estimated_graphs/paper_er_sf_alpha001_nowrong_noweight_50rep_mpc/sf5/MPC/run_0008_seed_2034.npz,results/paper_aaai2027/frozen/results/final_mcs_experiments_er_sf_alpha001_nowrong_noweight_50rep_chunked/wc_sweep_sf5_2026_er_sf_alpha001_nowrong_noweight_seed2026_2075_20260715_123050/rep9/facts.lp
sf5,SF (5),2035,MPC,True,,1.0,48,0.0,0.0,0.0,0.0,True,results/paper_aaai2027/frozen/results/estimated_graphs/paper_er_sf_alpha001_nowrong_noweight_50rep_mpc/sf5/MPC/run_0009_seed_2035.npz,results/paper_aaai2027/frozen/results/final_mcs_experiments_er_sf_alpha001_nowrong_noweight_50rep_chunked/wc_sweep_sf5_2026_er_sf_alpha001_nowrong_noweight_seed2026_2075_20260715_123050/rep10/facts.lp
sf5,SF (5),2036,MPC,True,,3.0,49,0.0,0.0,0.0,0.0,True,results/paper_aaai2027/frozen/results/estimated_graphs/paper_er_sf_alpha001_nowrong_noweight_50rep_mpc/sf5/MPC/run_0010_seed_2036.npz,results/paper_aaai2027/frozen/results/final_mcs_experiments_er_sf_alpha001_nowrong_noweight_50rep_chunked/wc_sweep_sf5_2026_er_sf_alpha001_nowrong_noweight_seed2026_2075_20260715_123050/rep11/facts.lp
sf5,SF (5),2037,MPC,True,,2.0,51,1.0,1.0,0.0,0.0196078431372549,False,results/paper_aaai2027/frozen/results/estimated_graphs/paper_er_sf_alpha001_nowrong_noweight_50rep_mpc/sf5/MPC/run_0011_seed_2037.npz,results/paper_aaai2027/frozen/results/final_mcs_experiments_er_sf_alpha001_nowrong_noweight_50rep_chunked/wc_sweep_sf5_2026_er_sf_alpha001_nowrong_noweight_seed2026_2075_20260715_123050/rep12/facts.lp
sf5,SF (5),2038,MPC,True,,4.0,55,2.0,1.0,1.0,0.03636363636363636,False,results/paper_aaai2027/frozen/results/estimated_graphs/paper_er_sf_alpha001_nowrong_noweight_50rep_mpc/sf5/MPC/run_0012_seed_2038.npz,results/paper_aaai2027/frozen/results/final_mcs_experiments_er_sf_alpha001_nowrong_noweight_50rep_chunked/wc_sweep_sf5_2026_er_sf_alpha001_nowrong_noweight_seed2026_2075_20260715_123050/rep13/facts.lp
sf5,SF (5),2039,MPC,True,,3.0,52,3.0,3.0,0.0,0.057692307692307696,False,results/paper_aaai2027/frozen/results/estimated_graphs/paper_er_sf_alpha001_nowrong_noweight_50rep_mpc/sf5/MPC/run_0013_seed_2039.npz,results/paper_aaai2027/frozen/results/final_mcs_experiments_er_sf_alpha001_nowrong_noweight_50rep_chunked/wc_sweep_sf5_2026_er_sf_alpha001_nowrong_noweight_seed2026_2075_20260715_123050/rep14/facts.lp
sf5,SF (5),2040,MPC,True,,1.0,53,3.0,0.0,3.0,0.05660377358490566,False,results/paper_aaai2027/frozen/results/estimated_graphs/paper_er_sf_alpha001_nowrong_noweight_50rep_mpc/sf5/MPC/run_0014_seed_2040.npz,results/paper_aaai2027/frozen/results/final_mcs_experiments_er_sf_alpha001_nowrong_noweight_50rep_chunked/wc_sweep_sf5_2026_er_sf_alpha001_nowrong_noweight_seed2026_2075_20260715_123050/rep15/facts.lp
sf5,SF (5),2041,MPC,True,,1.0,55,0.0,0.0,0.0,0.0,True,results/paper_aaai2027/frozen/results/estimated_graphs/paper_er_sf_alpha001_nowrong_noweight_50rep_mpc/sf5/MPC/run_0015_seed_2041.npz,results/paper_aaai2027/frozen/results/final_mcs_experiments_er_sf_alpha001_nowrong_noweight_50rep_chunked/wc_sweep_sf5_2026_er_sf_alpha001_nowrong_noweight_seed2026_2075_20260715_123050/rep16/facts.lp
sf5,SF (5),2042,MPC,True,,2.0,56,0.0,0.0,0.0,0.0,True,results/paper_aaai2027/frozen/results/estimated_graphs/paper_er_sf_alpha001_nowrong_noweight_50rep_mpc/sf5/MPC/run_0016_seed_2042.npz,results/paper_aaai2027/frozen/results/final_mcs_experiments_er_sf_alpha001_nowrong_noweight_50rep_chunked/wc_sweep_sf5_2026_er_sf_alpha001_nowrong_noweight_seed2026_2075_20260715_123050/rep17/facts.lp
sf5,SF (5),2043,MPC,True,,2.0,52,0.0,0.0,0.0,0.0,True,results/paper_aaai2027/frozen/results/estimated_graphs/paper_er_sf_alpha001_nowrong_noweight_50rep_mpc/sf5/MPC/run_0017_seed_2043.npz,results/paper_aaai2027/frozen/results/final_mcs_experiments_er_sf_alpha001_nowrong_noweight_50rep_chunked/wc_sweep_sf5_2026_er_sf_alpha001_nowrong_noweight_seed2026_2075_20260715_123050/rep18/facts.lp
sf5,SF (5),2044,MPC,True,,2.0,43,8.0,7.0,1.0,0.18604651162790697,False,results/paper_aaai2027/frozen/results/estimated_graphs/paper_er_sf_alpha001_nowrong_noweight_50rep_mpc/sf5/MPC/run_0018_seed_2044.npz,results/paper_aaai2027/frozen/results/final_mcs_experiments_er_sf_alpha001_nowrong_noweight_50rep_chunked/wc_sweep_sf5_2026_er_sf_alpha001_nowrong_noweight_seed2026_2075_20260715_123050/rep19/facts.lp
sf5,SF (5),2045,MPC,True,,1.0,52,1.0,1.0,0.0,0.019230769230769232,False,results/paper_aaai2027/frozen/results/estimated_graphs/paper_er_sf_alpha001_nowrong_noweight_50rep_mpc/sf5/MPC/run_0019_seed_2045.npz,results/paper_aaai2027/frozen/results/final_mcs_experiments_er_sf_alpha001_nowrong_noweight_50rep_chunked/wc_sweep_sf5_2026_er_sf_alpha001_nowrong_noweight_seed2026_2075_20260715_123050/rep20/facts.lp
sf5,SF (5),2046,MPC,True,,2.0,56,0.0,0.0,0.0,0.0,True,results/paper_aaai2027/frozen/results/estimated_graphs/paper_er_sf_alpha001_nowrong_noweight_50rep_mpc/sf5/MPC/run_0020_seed_2046.npz,results/paper_aaai2027/frozen/results/final_mcs_experiments_er_sf_alpha001_nowrong_noweight_50rep_chunked/wc_sweep_sf5_2026_er_sf_alpha001_nowrong_noweight_seed2026_2075_20260715_123050/rep21/facts.lp
sf5,SF (5),2047,MPC,True,,2.0,56,0.0,0.0,0.0,0.0,True,results/paper_aaai2027/frozen/results/estimated_graphs/paper_er_sf_alpha001_nowrong_noweight_50rep_mpc/sf5/MPC/run_0021_seed_2047.npz,results/paper_aaai2027/frozen/results/final_mcs_experiments_er_sf_alpha001_nowrong_noweight_50rep_chunked/wc_sweep_sf5_2026_er_sf_alpha001_nowrong_noweight_seed2026_2075_20260715_123050/rep22/facts.lp
sf5,SF (5),2048,MPC,True,,6.0,51,5.0,0.0,5.0,0.09803921568627451,False,results/paper_aaai2027/frozen/results/estimated_graphs/paper_er_sf_alpha001_nowrong_noweight_50rep_mpc/sf5/MPC/run_0022_seed_2048.npz,results/paper_aaai2027/frozen/results/final_mcs_experiments_er_sf_alpha001_nowrong_noweight_50rep_chunked/wc_sweep_sf5_2026_er_sf_alpha001_nowrong_noweight_seed2026_2075_20260715_123050/rep23/facts.lp
sf5,SF (5),2049,MPC,True,,2.0,56,0.0,0.0,0.0,0.0,True,results/paper_aaai2027/frozen/results/estimated_graphs/paper_er_sf_alpha001_nowrong_noweight_50rep_mpc/sf5/MPC/run_0023_seed_2049.npz,results/paper_aaai2027/frozen/results/final_mcs_experiments_er_sf_alpha001_nowrong_noweight_50rep_chunked/wc_sweep_sf5_2026_er_sf_alpha001_nowrong_noweight_seed2026_2075_20260715_123050/rep24/facts.lp
sf5,SF (5),2050,MPC,True,,2.0,51,3.0,3.0,0.0,0.058823529411764705,False,results/paper_aaai2027/frozen/results/estimated_graphs/paper_er_sf_alpha001_nowrong_noweight_50rep_mpc/sf5/MPC/run_0024_seed_2050.npz,results/paper_aaai2027/frozen/results/final_mcs_experiments_er_sf_alpha001_nowrong_noweight_50rep_chunked/wc_sweep_sf5_2026_er_sf_alpha001_nowrong_noweight_seed2026_2075_20260715_123050/rep25/facts.lp
sf5,SF (5),2051,MPC,True,,2.0,56,0.0,0.0,0.0,0.0,True,results/paper_aaai2027/frozen/results/estimated_graphs/paper_er_sf_alpha001_nowrong_noweight_50rep_mpc/sf5/MPC/run_0025_seed_2051.npz,results/paper_aaai2027/frozen/results/final_mcs_experiments_er_sf_alpha001_nowrong_noweight_50rep_chunked/wc_sweep_sf5_2026_er_sf_alpha001_nowrong_noweight_seed2026_2075_20260715_123050/rep26/facts.lp
sf5,SF (5),2052,MPC,True,,1.0,58,0.0,0.0,0.0,0.0,True,results/paper_aaai2027/frozen/results/estimated_graphs/paper_er_sf_alpha001_nowrong_noweight_50rep_mpc/sf5/MPC/run_0026_seed_2052.npz,results/paper_aaai2027/frozen/results/final_mcs_experiments_er_sf_alpha001_nowrong_noweight_50rep_chunked/wc_sweep_sf5_2026_er_sf_alpha001_nowrong_noweight_seed2026_2075_20260715_123050/rep27/facts.lp
sf5,SF (5),2053,MPC,True,,1.0,53,0.0,0.0,0.0,0.0,True,results/paper_aaai2027/frozen/results/estimated_graphs/paper_er_sf_alpha001_nowrong_noweight_50rep_mpc/sf5/MPC/run_0027_seed_2053.npz,results/paper_aaai2027/frozen/results/final_mcs_experiments_er_sf_alpha001_nowrong_noweight_50rep_chunked/wc_sweep_sf5_2026_er_sf_alpha001_nowrong_noweight_seed2026_2075_20260715_123050/rep28/facts.lp
sf5,SF (5),2054,MPC,True,,4.0,60,0.0,0.0,0.0,0.0,True,results/paper_aaai2027/frozen/results/estimated_graphs/paper_er_sf_alpha001_nowrong_noweight_50rep_mpc/sf5/MPC/run_0028_seed_2054.npz,results/paper_aaai2027/frozen/results/final_mcs_experiments_er_sf_alpha001_nowrong_noweight_50rep_chunked/wc_sweep_sf5_2026_er_sf_alpha001_nowrong_noweight_seed2026_2075_20260715_123050/rep29/facts.lp
sf5,SF (5),2055,MPC,True,,1.0,53,0.0,0.0,0.0,0.0,True,results/paper_aaai2027/frozen/results/estimated_graphs/paper_er_sf_alpha001_nowrong_noweight_50rep_mpc/sf5/MPC/run_0029_seed_2055.npz,results/paper_aaai2027/frozen/results/final_mcs_experiments_er_sf_alpha001_nowrong_noweight_50rep_chunked/wc_sweep_sf5_2026_er_sf_alpha001_nowrong_noweight_seed2026_2075_20260715_123050/rep30/facts.lp
sf5,SF (5),2056,MPC,True,,3.0,45,0.0,0.0,0.0,0.0,True,results/paper_aaai2027/frozen/results/estimated_graphs/paper_er_sf_alpha001_nowrong_noweight_50rep_mpc/sf5/MPC/run_0030_seed_2056.npz,results/paper_aaai2027/frozen/results/final_mcs_experiments_er_sf_alpha001_nowrong_noweight_50rep_chunked/wc_sweep_sf5_2026_er_sf_alpha001_nowrong_noweight_seed2026_2075_20260715_123050/rep31/facts.lp
sf5,SF (5),2057,MPC,True,,1.0,56,1.0,1.0,0.0,0.017857142857142856,False,results/paper_aaai2027/frozen/results/estimated_graphs/paper_er_sf_alpha001_nowrong_noweight_50rep_mpc/sf5/MPC/run_0031_seed_2057.npz,results/paper_aaai2027/frozen/results/final_mcs_experiments_er_sf_alpha001_nowrong_noweight_50rep_chunked/wc_sweep_sf5_2026_er_sf_alpha001_nowrong_noweight_seed2026_2075_20260715_123050/rep32/facts.lp
sf5,SF (5),2058,MPC,True,,4.0,51,0.0,0.0,0.0,0.0,True,results/paper_aaai2027/frozen/results/estimated_graphs/paper_er_sf_alpha001_nowrong_noweight_50rep_mpc/sf5/MPC/run_0032_seed_2058.npz,results/paper_aaai2027/frozen/results/final_mcs_experiments_er_sf_alpha001_nowrong_noweight_50rep_chunked/wc_sweep_sf5_2026_er_sf_alpha001_nowrong_noweight_seed2026_2075_20260715_123050/rep33/facts.lp
sf5,SF (5),2059,MPC,True,,2.0,56,0.0,0.0,0.0,0.0,True,results/paper_aaai2027/frozen/results/estimated_graphs/paper_er_sf_alpha001_nowrong_noweight_50rep_mpc/sf5/MPC/run_0033_seed_2059.npz,results/paper_aaai2027/frozen/results/final_mcs_experiments_er_sf_alpha001_nowrong_noweight_50rep_chunked/wc_sweep_sf5_2026_er_sf_alpha001_nowrong_noweight_seed2026_2075_20260715_123050/rep34/facts.lp
sf5,SF (5),2060,MPC,True,,2.0,24,0.0,0.0,0.0,0.0,True,results/paper_aaai2027/frozen/results/estimated_graphs/paper_er_sf_alpha001_nowrong_noweight_50rep_mpc/sf5/MPC/run_0034_seed_2060.npz,results/paper_aaai2027/frozen/results/final_mcs_experiments_er_sf_alpha001_nowrong_noweight_50rep_chunked/wc_sweep_sf5_2026_er_sf_alpha001_nowrong_noweight_seed2026_2075_20260715_123050/rep35/facts.lp
sf5,SF (5),2061,MPC,True,,2.0,56,0.0,0.0,0.0,0.0,True,results/paper_aaai2027/frozen/results/estimated_graphs/paper_er_sf_alpha001_nowrong_noweight_50rep_mpc/sf5/MPC/run_0035_seed_2061.npz,results/paper_aaai2027/frozen/results/final_mcs_experiments_er_sf_alpha001_nowrong_noweight_50rep_chunked/wc_sweep_sf5_2026_er_sf_alpha001_nowrong_noweight_seed2026_2075_20260715_123050/rep36/facts.lp
sf5,SF (5),2062,MPC,True,,1.0,56,0.0,0.0,0.0,0.0,True,results/paper_aaai2027/frozen/results/estimated_graphs/paper_er_sf_alpha001_nowrong_noweight_50rep_mpc/sf5/MPC/run_0036_seed_2062.npz,results/paper_aaai2027/frozen/results/final_mcs_experiments_er_sf_alpha001_nowrong_noweight_50rep_chunked/wc_sweep_sf5_2026_er_sf_alpha001_nowrong_noweight_seed2026_2075_20260715_123050/rep37/facts.lp
sf5,SF (5),2063,MPC,True,,4.0,52,0.0,0.0,0.0,0.0,True,results/paper_aaai2027/frozen/results/estimated_graphs/paper_er_sf_alpha001_nowrong_noweight_50rep_mpc/sf5/MPC/run_0037_seed_2063.npz,results/paper_aaai2027/frozen/results/final_mcs_experiments_er_sf_alpha001_nowrong_noweight_50rep_chunked/wc_sweep_sf5_2026_er_sf_alpha001_nowrong_noweight_seed2026_2075_20260715_123050/rep38/facts.lp
sf5,SF (5),2064,MPC,True,,2.0,56,0.0,0.0,0.0,0.0,True,results/paper_aaai2027/frozen/results/estimated_graphs/paper_er_sf_alpha001_nowrong_noweight_50rep_mpc/sf5/MPC/run_0038_seed_2064.npz,results/paper_aaai2027/frozen/results/final_mcs_experiments_er_sf_alpha001_nowrong_noweight_50rep_chunked/wc_sweep_sf5_2026_er_sf_alpha001_nowrong_noweight_seed2026_2075_20260715_123050/rep39/facts.lp
sf5,SF (5),2065,MPC,True,,2.0,56,0.0,0.0,0.0,0.0,True,results/paper_aaai2027/frozen/results/estimated_graphs/paper_er_sf_alpha001_nowrong_noweight_50rep_mpc/sf5/MPC/run_0039_seed_2065.npz,results/paper_aaai2027/frozen/results/final_mcs_experiments_er_sf_alpha001_nowrong_noweight_50rep_chunked/wc_sweep_sf5_2026_er_sf_alpha001_nowrong_noweight_seed2026_2075_20260715_123050/rep40/facts.lp
sf5,SF (5),2066,MPC,True,,1.0,53,3.0,0.0,3.0,0.05660377358490566,False,results/paper_aaai2027/frozen/results/estimated_graphs/paper_er_sf_alpha001_nowrong_noweight_50rep_mpc/sf5/MPC/run_0040_seed_2066.npz,results/paper_aaai2027/frozen/results/final_mcs_experiments_er_sf_alpha001_nowrong_noweight_50rep_chunked/wc_sweep_sf5_2026_er_sf_alpha001_nowrong_noweight_seed2026_2075_20260715_123050/rep41/facts.lp
sf5,SF (5),2067,MPC,True,,2.0,52,0.0,0.0,0.0,0.0,True,results/paper_aaai2027/frozen/results/estimated_graphs/paper_er_sf_alpha001_nowrong_noweight_50rep_mpc/sf5/MPC/run_0041_seed_2067.npz,results/paper_aaai2027/frozen/results/final_mcs_experiments_er_sf_alpha001_nowrong_noweight_50rep_chunked/wc_sweep_sf5_2026_er_sf_alpha001_nowrong_noweight_seed2026_2075_20260715_123050/rep42/facts.lp
sf5,SF (5),2068,MPC,True,,2.0,51,1.0,1.0,0.0,0.0196078431372549,False,results/paper_aaai2027/frozen/results/estimated_graphs/paper_er_sf_alpha001_nowrong_noweight_50rep_mpc/sf5/MPC/run_0042_seed_2068.npz,results/paper_aaai2027/frozen/results/final_mcs_experiments_er_sf_alpha001_nowrong_noweight_50rep_chunked/wc_sweep_sf5_2026_er_sf_alpha001_nowrong_noweight_seed2026_2075_20260715_123050/rep43/facts.lp
sf5,SF (5),2069,MPC,True,,3.0,45,0.0,0.0,0.0,0.0,True,results/paper_aaai2027/frozen/results/estimated_graphs/paper_er_sf_alpha001_nowrong_noweight_50rep_mpc/sf5/MPC/run_0043_seed_2069.npz,results/paper_aaai2027/frozen/results/final_mcs_experiments_er_sf_alpha001_nowrong_noweight_50rep_chunked/wc_sweep_sf5_2026_er_sf_alpha001_nowrong_noweight_seed2026_2075_20260715_123050/rep44/facts.lp
sf5,SF (5),2070,MPC,True,,2.0,52,1.0,1.0,0.0,0.019230769230769232,False,results/paper_aaai2027/frozen/results/estimated_graphs/paper_er_sf_alpha001_nowrong_noweight_50rep_mpc/sf5/MPC/run_0044_seed_2070.npz,results/paper_aaai2027/frozen/results/final_mcs_experiments_er_sf_alpha001_nowrong_noweight_50rep_chunked/wc_sweep_sf5_2026_er_sf_alpha001_nowrong_noweight_seed2026_2075_20260715_123050/rep45/facts.lp
sf5,SF (5),2071,MPC,True,,4.0,51,0.0,0.0,0.0,0.0,True,results/paper_aaai2027/frozen/results/estimated_graphs/paper_er_sf_alpha001_nowrong_noweight_50rep_mpc/sf5/MPC/run_0045_seed_2071.npz,results/paper_aaai2027/frozen/results/final_mcs_experiments_er_sf_alpha001_nowrong_noweight_50rep_chunked/wc_sweep_sf5_2026_er_sf_alpha001_nowrong_noweight_seed2026_2075_20260715_123050/rep46/facts.lp
sf5,SF (5),2072,MPC,True,,2.0,51,1.0,1.0,0.0,0.0196078431372549,False,results/paper_aaai2027/frozen/results/estimated_graphs/paper_er_sf_alpha001_nowrong_noweight_50rep_mpc/sf5/MPC/run_0046_seed_2072.npz,results/paper_aaai2027/frozen/results/final_mcs_experiments_er_sf_alpha001_nowrong_noweight_50rep_chunked/wc_sweep_sf5_2026_er_sf_alpha001_nowrong_noweight_seed2026_2075_20260715_123050/rep47/facts.lp
sf5,SF (5),2073,MPC,True,,1.0,52,5.0,5.0,0.0,0.09615384615384616,False,results/paper_aaai2027/frozen/results/estimated_graphs/paper_er_sf_alpha001_nowrong_noweight_50rep_mpc/sf5/MPC/run_0047_seed_2073.npz,results/paper_aaai2027/frozen/results/final_mcs_experiments_er_sf_alpha001_nowrong_noweight_50rep_chunked/wc_sweep_sf5_2026_er_sf_alpha001_nowrong_noweight_seed2026_2075_20260715_123050/rep48/facts.lp
sf5,SF (5),2074,MPC,True,,2.0,51,0.0,0.0,0.0,0.0,True,results/paper_aaai2027/frozen/results/estimated_graphs/paper_er_sf_alpha001_nowrong_noweight_50rep_mpc/sf5/MPC/run_0048_seed_2074.npz,results/paper_aaai2027/frozen/results/final_mcs_experiments_er_sf_alpha001_nowrong_noweight_50rep_chunked/wc_sweep_sf5_2026_er_sf_alpha001_nowrong_noweight_seed2026_2075_20260715_123050/rep49/facts.lp
sf5,SF (5),2075,MPC,True,,2.0,48,2.0,0.0,2.0,0.041666666666666664,False,results/paper_aaai2027/frozen/results/estimated_graphs/paper_er_sf_alpha001_nowrong_noweight_50rep_mpc/sf5/MPC/run_0049_seed_2075.npz,results/paper_aaai2027/frozen/results/final_mcs_experiments_er_sf_alpha001_nowrong_noweight_50rep_chunked/wc_sweep_sf5_2026_er_sf_alpha001_nowrong_noweight_seed2026_2075_20260715_123050/rep50/facts.lp
