dataset,dataset_label,seed,method,endpoint_valid,endpoint_invalid_reason,n_dag_extensions,total_tests,contradicted_tests,contradicted_independence_tests,contradicted_dependence_tests,contradiction_rate,all_tests_enforced,raw_graph_path,facts_path
cancer,Cancer (5),2026,MPC,True,,4.0,22,3.0,3.0,0.0,0.13636363636363635,False,results/paper_aaai2027/frozen/results/estimated_graphs/paper_bnlearn_alpha001_nowrong_noweight_50rep_mpc_fgs/cancer/MPC/run_0000_seed_2026.npz,results/paper_aaai2027/frozen/results/final_mcs_experiments_er_sf_alpha001_nowrong_noweight_50rep_chunked/wc_sweep_bnlearn_cancer_alpha001_nowrong_noweight_seed2026_2075_20260715_154609/rep1/facts.lp
cancer,Cancer (5),2027,MPC,True,,4.0,28,4.0,2.0,2.0,0.14285714285714285,False,results/paper_aaai2027/frozen/results/estimated_graphs/paper_bnlearn_alpha001_nowrong_noweight_50rep_mpc_fgs/cancer/MPC/run_0001_seed_2027.npz,results/paper_aaai2027/frozen/results/final_mcs_experiments_er_sf_alpha001_nowrong_noweight_50rep_chunked/wc_sweep_bnlearn_cancer_alpha001_nowrong_noweight_seed2026_2075_20260715_154609/rep2/facts.lp
cancer,Cancer (5),2028,MPC,True,,4.0,22,3.0,3.0,0.0,0.13636363636363635,False,results/paper_aaai2027/frozen/results/estimated_graphs/paper_bnlearn_alpha001_nowrong_noweight_50rep_mpc_fgs/cancer/MPC/run_0002_seed_2028.npz,results/paper_aaai2027/frozen/results/final_mcs_experiments_er_sf_alpha001_nowrong_noweight_50rep_chunked/wc_sweep_bnlearn_cancer_alpha001_nowrong_noweight_seed2026_2075_20260715_154609/rep3/facts.lp
cancer,Cancer (5),2029,MPC,True,,4.0,29,7.0,3.0,4.0,0.2413793103448276,False,results/paper_aaai2027/frozen/results/estimated_graphs/paper_bnlearn_alpha001_nowrong_noweight_50rep_mpc_fgs/cancer/MPC/run_0003_seed_2029.npz,results/paper_aaai2027/frozen/results/final_mcs_experiments_er_sf_alpha001_nowrong_noweight_50rep_chunked/wc_sweep_bnlearn_cancer_alpha001_nowrong_noweight_seed2026_2075_20260715_154609/rep4/facts.lp
cancer,Cancer (5),2030,MPC,True,,1.0,44,5.0,5.0,0.0,0.11363636363636363,False,results/paper_aaai2027/frozen/results/estimated_graphs/paper_bnlearn_alpha001_nowrong_noweight_50rep_mpc_fgs/cancer/MPC/run_0004_seed_2030.npz,results/paper_aaai2027/frozen/results/final_mcs_experiments_er_sf_alpha001_nowrong_noweight_50rep_chunked/wc_sweep_bnlearn_cancer_alpha001_nowrong_noweight_seed2026_2075_20260715_154609/rep5/facts.lp
cancer,Cancer (5),2031,MPC,True,,5.0,44,6.0,6.0,0.0,0.13636363636363635,False,results/paper_aaai2027/frozen/results/estimated_graphs/paper_bnlearn_alpha001_nowrong_noweight_50rep_mpc_fgs/cancer/MPC/run_0005_seed_2031.npz,results/paper_aaai2027/frozen/results/final_mcs_experiments_er_sf_alpha001_nowrong_noweight_50rep_chunked/wc_sweep_bnlearn_cancer_alpha001_nowrong_noweight_seed2026_2075_20260715_154609/rep6/facts.lp
cancer,Cancer (5),2032,MPC,True,,1.0,44,5.0,5.0,0.0,0.11363636363636363,False,results/paper_aaai2027/frozen/results/estimated_graphs/paper_bnlearn_alpha001_nowrong_noweight_50rep_mpc_fgs/cancer/MPC/run_0006_seed_2032.npz,results/paper_aaai2027/frozen/results/final_mcs_experiments_er_sf_alpha001_nowrong_noweight_50rep_chunked/wc_sweep_bnlearn_cancer_alpha001_nowrong_noweight_seed2026_2075_20260715_154609/rep7/facts.lp
cancer,Cancer (5),2033,MPC,True,,4.0,22,2.0,2.0,0.0,0.09090909090909091,False,results/paper_aaai2027/frozen/results/estimated_graphs/paper_bnlearn_alpha001_nowrong_noweight_50rep_mpc_fgs/cancer/MPC/run_0007_seed_2033.npz,results/paper_aaai2027/frozen/results/final_mcs_experiments_er_sf_alpha001_nowrong_noweight_50rep_chunked/wc_sweep_bnlearn_cancer_alpha001_nowrong_noweight_seed2026_2075_20260715_154609/rep8/facts.lp
cancer,Cancer (5),2034,MPC,True,,1.0,44,5.0,5.0,0.0,0.11363636363636363,False,results/paper_aaai2027/frozen/results/estimated_graphs/paper_bnlearn_alpha001_nowrong_noweight_50rep_mpc_fgs/cancer/MPC/run_0008_seed_2034.npz,results/paper_aaai2027/frozen/results/final_mcs_experiments_er_sf_alpha001_nowrong_noweight_50rep_chunked/wc_sweep_bnlearn_cancer_alpha001_nowrong_noweight_seed2026_2075_20260715_154609/rep9/facts.lp
cancer,Cancer (5),2035,MPC,True,,4.0,22,3.0,3.0,0.0,0.13636363636363635,False,results/paper_aaai2027/frozen/results/estimated_graphs/paper_bnlearn_alpha001_nowrong_noweight_50rep_mpc_fgs/cancer/MPC/run_0009_seed_2035.npz,results/paper_aaai2027/frozen/results/final_mcs_experiments_er_sf_alpha001_nowrong_noweight_50rep_chunked/wc_sweep_bnlearn_cancer_alpha001_nowrong_noweight_seed2026_2075_20260715_154609/rep10/facts.lp
cancer,Cancer (5),2036,MPC,True,,5.0,44,6.0,6.0,0.0,0.13636363636363635,False,results/paper_aaai2027/frozen/results/estimated_graphs/paper_bnlearn_alpha001_nowrong_noweight_50rep_mpc_fgs/cancer/MPC/run_0010_seed_2036.npz,results/paper_aaai2027/frozen/results/final_mcs_experiments_er_sf_alpha001_nowrong_noweight_50rep_chunked/wc_sweep_bnlearn_cancer_alpha001_nowrong_noweight_seed2026_2075_20260715_154609/rep11/facts.lp
cancer,Cancer (5),2037,MPC,True,,8.0,26,3.0,2.0,1.0,0.11538461538461539,False,results/paper_aaai2027/frozen/results/estimated_graphs/paper_bnlearn_alpha001_nowrong_noweight_50rep_mpc_fgs/cancer/MPC/run_0011_seed_2037.npz,results/paper_aaai2027/frozen/results/final_mcs_experiments_er_sf_alpha001_nowrong_noweight_50rep_chunked/wc_sweep_bnlearn_cancer_alpha001_nowrong_noweight_seed2026_2075_20260715_154609/rep12/facts.lp
cancer,Cancer (5),2038,MPC,True,,1.0,41,9.0,2.0,7.0,0.21951219512195122,False,results/paper_aaai2027/frozen/results/estimated_graphs/paper_bnlearn_alpha001_nowrong_noweight_50rep_mpc_fgs/cancer/MPC/run_0012_seed_2038.npz,results/paper_aaai2027/frozen/results/final_mcs_experiments_er_sf_alpha001_nowrong_noweight_50rep_chunked/wc_sweep_bnlearn_cancer_alpha001_nowrong_noweight_seed2026_2075_20260715_154609/rep13/facts.lp
cancer,Cancer (5),2039,MPC,True,,5.0,44,6.0,6.0,0.0,0.13636363636363635,False,results/paper_aaai2027/frozen/results/estimated_graphs/paper_bnlearn_alpha001_nowrong_noweight_50rep_mpc_fgs/cancer/MPC/run_0013_seed_2039.npz,results/paper_aaai2027/frozen/results/final_mcs_experiments_er_sf_alpha001_nowrong_noweight_50rep_chunked/wc_sweep_bnlearn_cancer_alpha001_nowrong_noweight_seed2026_2075_20260715_154609/rep14/facts.lp
cancer,Cancer (5),2040,MPC,True,,1.0,44,5.0,5.0,0.0,0.11363636363636363,False,results/paper_aaai2027/frozen/results/estimated_graphs/paper_bnlearn_alpha001_nowrong_noweight_50rep_mpc_fgs/cancer/MPC/run_0014_seed_2040.npz,results/paper_aaai2027/frozen/results/final_mcs_experiments_er_sf_alpha001_nowrong_noweight_50rep_chunked/wc_sweep_bnlearn_cancer_alpha001_nowrong_noweight_seed2026_2075_20260715_154609/rep15/facts.lp
cancer,Cancer (5),2041,MPC,True,,4.0,22,3.0,3.0,0.0,0.13636363636363635,False,results/paper_aaai2027/frozen/results/estimated_graphs/paper_bnlearn_alpha001_nowrong_noweight_50rep_mpc_fgs/cancer/MPC/run_0015_seed_2041.npz,results/paper_aaai2027/frozen/results/final_mcs_experiments_er_sf_alpha001_nowrong_noweight_50rep_chunked/wc_sweep_bnlearn_cancer_alpha001_nowrong_noweight_seed2026_2075_20260715_154609/rep16/facts.lp
cancer,Cancer (5),2042,MPC,True,,4.0,28,5.0,3.0,2.0,0.17857142857142858,False,results/paper_aaai2027/frozen/results/estimated_graphs/paper_bnlearn_alpha001_nowrong_noweight_50rep_mpc_fgs/cancer/MPC/run_0016_seed_2042.npz,results/paper_aaai2027/frozen/results/final_mcs_experiments_er_sf_alpha001_nowrong_noweight_50rep_chunked/wc_sweep_bnlearn_cancer_alpha001_nowrong_noweight_seed2026_2075_20260715_154609/rep17/facts.lp
cancer,Cancer (5),2043,MPC,True,,4.0,28,6.0,3.0,3.0,0.21428571428571427,False,results/paper_aaai2027/frozen/results/estimated_graphs/paper_bnlearn_alpha001_nowrong_noweight_50rep_mpc_fgs/cancer/MPC/run_0017_seed_2043.npz,results/paper_aaai2027/frozen/results/final_mcs_experiments_er_sf_alpha001_nowrong_noweight_50rep_chunked/wc_sweep_bnlearn_cancer_alpha001_nowrong_noweight_seed2026_2075_20260715_154609/rep18/facts.lp
cancer,Cancer (5),2044,MPC,True,,4.0,22,3.0,3.0,0.0,0.13636363636363635,False,results/paper_aaai2027/frozen/results/estimated_graphs/paper_bnlearn_alpha001_nowrong_noweight_50rep_mpc_fgs/cancer/MPC/run_0018_seed_2044.npz,results/paper_aaai2027/frozen/results/final_mcs_experiments_er_sf_alpha001_nowrong_noweight_50rep_chunked/wc_sweep_bnlearn_cancer_alpha001_nowrong_noweight_seed2026_2075_20260715_154609/rep19/facts.lp
cancer,Cancer (5),2045,MPC,True,,1.0,44,5.0,5.0,0.0,0.11363636363636363,False,results/paper_aaai2027/frozen/results/estimated_graphs/paper_bnlearn_alpha001_nowrong_noweight_50rep_mpc_fgs/cancer/MPC/run_0019_seed_2045.npz,results/paper_aaai2027/frozen/results/final_mcs_experiments_er_sf_alpha001_nowrong_noweight_50rep_chunked/wc_sweep_bnlearn_cancer_alpha001_nowrong_noweight_seed2026_2075_20260715_154609/rep20/facts.lp
cancer,Cancer (5),2046,MPC,True,,1.0,44,4.0,4.0,0.0,0.09090909090909091,False,results/paper_aaai2027/frozen/results/estimated_graphs/paper_bnlearn_alpha001_nowrong_noweight_50rep_mpc_fgs/cancer/MPC/run_0020_seed_2046.npz,results/paper_aaai2027/frozen/results/final_mcs_experiments_er_sf_alpha001_nowrong_noweight_50rep_chunked/wc_sweep_bnlearn_cancer_alpha001_nowrong_noweight_seed2026_2075_20260715_154609/rep21/facts.lp
cancer,Cancer (5),2047,MPC,True,,5.0,44,6.0,6.0,0.0,0.13636363636363635,False,results/paper_aaai2027/frozen/results/estimated_graphs/paper_bnlearn_alpha001_nowrong_noweight_50rep_mpc_fgs/cancer/MPC/run_0021_seed_2047.npz,results/paper_aaai2027/frozen/results/final_mcs_experiments_er_sf_alpha001_nowrong_noweight_50rep_chunked/wc_sweep_bnlearn_cancer_alpha001_nowrong_noweight_seed2026_2075_20260715_154609/rep22/facts.lp
cancer,Cancer (5),2048,MPC,True,,1.0,44,5.0,5.0,0.0,0.11363636363636363,False,results/paper_aaai2027/frozen/results/estimated_graphs/paper_bnlearn_alpha001_nowrong_noweight_50rep_mpc_fgs/cancer/MPC/run_0022_seed_2048.npz,results/paper_aaai2027/frozen/results/final_mcs_experiments_er_sf_alpha001_nowrong_noweight_50rep_chunked/wc_sweep_bnlearn_cancer_alpha001_nowrong_noweight_seed2026_2075_20260715_154609/rep23/facts.lp
cancer,Cancer (5),2049,MPC,True,,4.0,22,3.0,3.0,0.0,0.13636363636363635,False,results/paper_aaai2027/frozen/results/estimated_graphs/paper_bnlearn_alpha001_nowrong_noweight_50rep_mpc_fgs/cancer/MPC/run_0023_seed_2049.npz,results/paper_aaai2027/frozen/results/final_mcs_experiments_er_sf_alpha001_nowrong_noweight_50rep_chunked/wc_sweep_bnlearn_cancer_alpha001_nowrong_noweight_seed2026_2075_20260715_154609/rep24/facts.lp
cancer,Cancer (5),2050,MPC,True,,4.0,22,3.0,3.0,0.0,0.13636363636363635,False,results/paper_aaai2027/frozen/results/estimated_graphs/paper_bnlearn_alpha001_nowrong_noweight_50rep_mpc_fgs/cancer/MPC/run_0024_seed_2050.npz,results/paper_aaai2027/frozen/results/final_mcs_experiments_er_sf_alpha001_nowrong_noweight_50rep_chunked/wc_sweep_bnlearn_cancer_alpha001_nowrong_noweight_seed2026_2075_20260715_154609/rep25/facts.lp
cancer,Cancer (5),2051,MPC,True,,4.0,28,6.0,3.0,3.0,0.21428571428571427,False,results/paper_aaai2027/frozen/results/estimated_graphs/paper_bnlearn_alpha001_nowrong_noweight_50rep_mpc_fgs/cancer/MPC/run_0025_seed_2051.npz,results/paper_aaai2027/frozen/results/final_mcs_experiments_er_sf_alpha001_nowrong_noweight_50rep_chunked/wc_sweep_bnlearn_cancer_alpha001_nowrong_noweight_seed2026_2075_20260715_154609/rep26/facts.lp
cancer,Cancer (5),2052,MPC,True,,5.0,44,6.0,6.0,0.0,0.13636363636363635,False,results/paper_aaai2027/frozen/results/estimated_graphs/paper_bnlearn_alpha001_nowrong_noweight_50rep_mpc_fgs/cancer/MPC/run_0026_seed_2052.npz,results/paper_aaai2027/frozen/results/final_mcs_experiments_er_sf_alpha001_nowrong_noweight_50rep_chunked/wc_sweep_bnlearn_cancer_alpha001_nowrong_noweight_seed2026_2075_20260715_154609/rep27/facts.lp
cancer,Cancer (5),2053,MPC,True,,1.0,28,5.0,2.0,3.0,0.17857142857142858,False,results/paper_aaai2027/frozen/results/estimated_graphs/paper_bnlearn_alpha001_nowrong_noweight_50rep_mpc_fgs/cancer/MPC/run_0027_seed_2053.npz,results/paper_aaai2027/frozen/results/final_mcs_experiments_er_sf_alpha001_nowrong_noweight_50rep_chunked/wc_sweep_bnlearn_cancer_alpha001_nowrong_noweight_seed2026_2075_20260715_154609/rep28/facts.lp
cancer,Cancer (5),2054,MPC,True,,4.0,22,3.0,3.0,0.0,0.13636363636363635,False,results/paper_aaai2027/frozen/results/estimated_graphs/paper_bnlearn_alpha001_nowrong_noweight_50rep_mpc_fgs/cancer/MPC/run_0028_seed_2054.npz,results/paper_aaai2027/frozen/results/final_mcs_experiments_er_sf_alpha001_nowrong_noweight_50rep_chunked/wc_sweep_bnlearn_cancer_alpha001_nowrong_noweight_seed2026_2075_20260715_154609/rep29/facts.lp
cancer,Cancer (5),2055,MPC,True,,4.0,28,5.0,3.0,2.0,0.17857142857142858,False,results/paper_aaai2027/frozen/results/estimated_graphs/paper_bnlearn_alpha001_nowrong_noweight_50rep_mpc_fgs/cancer/MPC/run_0029_seed_2055.npz,results/paper_aaai2027/frozen/results/final_mcs_experiments_er_sf_alpha001_nowrong_noweight_50rep_chunked/wc_sweep_bnlearn_cancer_alpha001_nowrong_noweight_seed2026_2075_20260715_154609/rep30/facts.lp
cancer,Cancer (5),2056,MPC,True,,1.0,44,5.0,5.0,0.0,0.11363636363636363,False,results/paper_aaai2027/frozen/results/estimated_graphs/paper_bnlearn_alpha001_nowrong_noweight_50rep_mpc_fgs/cancer/MPC/run_0030_seed_2056.npz,results/paper_aaai2027/frozen/results/final_mcs_experiments_er_sf_alpha001_nowrong_noweight_50rep_chunked/wc_sweep_bnlearn_cancer_alpha001_nowrong_noweight_seed2026_2075_20260715_154609/rep31/facts.lp
cancer,Cancer (5),2057,MPC,True,,4.0,22,3.0,3.0,0.0,0.13636363636363635,False,results/paper_aaai2027/frozen/results/estimated_graphs/paper_bnlearn_alpha001_nowrong_noweight_50rep_mpc_fgs/cancer/MPC/run_0031_seed_2057.npz,results/paper_aaai2027/frozen/results/final_mcs_experiments_er_sf_alpha001_nowrong_noweight_50rep_chunked/wc_sweep_bnlearn_cancer_alpha001_nowrong_noweight_seed2026_2075_20260715_154609/rep32/facts.lp
cancer,Cancer (5),2058,MPC,True,,4.0,29,7.0,3.0,4.0,0.2413793103448276,False,results/paper_aaai2027/frozen/results/estimated_graphs/paper_bnlearn_alpha001_nowrong_noweight_50rep_mpc_fgs/cancer/MPC/run_0032_seed_2058.npz,results/paper_aaai2027/frozen/results/final_mcs_experiments_er_sf_alpha001_nowrong_noweight_50rep_chunked/wc_sweep_bnlearn_cancer_alpha001_nowrong_noweight_seed2026_2075_20260715_154609/rep33/facts.lp
cancer,Cancer (5),2059,MPC,True,,4.0,22,3.0,3.0,0.0,0.13636363636363635,False,results/paper_aaai2027/frozen/results/estimated_graphs/paper_bnlearn_alpha001_nowrong_noweight_50rep_mpc_fgs/cancer/MPC/run_0033_seed_2059.npz,results/paper_aaai2027/frozen/results/final_mcs_experiments_er_sf_alpha001_nowrong_noweight_50rep_chunked/wc_sweep_bnlearn_cancer_alpha001_nowrong_noweight_seed2026_2075_20260715_154609/rep34/facts.lp
cancer,Cancer (5),2060,MPC,True,,4.0,28,5.0,3.0,2.0,0.17857142857142858,False,results/paper_aaai2027/frozen/results/estimated_graphs/paper_bnlearn_alpha001_nowrong_noweight_50rep_mpc_fgs/cancer/MPC/run_0034_seed_2060.npz,results/paper_aaai2027/frozen/results/final_mcs_experiments_er_sf_alpha001_nowrong_noweight_50rep_chunked/wc_sweep_bnlearn_cancer_alpha001_nowrong_noweight_seed2026_2075_20260715_154609/rep35/facts.lp
cancer,Cancer (5),2061,MPC,True,,4.0,22,3.0,3.0,0.0,0.13636363636363635,False,results/paper_aaai2027/frozen/results/estimated_graphs/paper_bnlearn_alpha001_nowrong_noweight_50rep_mpc_fgs/cancer/MPC/run_0035_seed_2061.npz,results/paper_aaai2027/frozen/results/final_mcs_experiments_er_sf_alpha001_nowrong_noweight_50rep_chunked/wc_sweep_bnlearn_cancer_alpha001_nowrong_noweight_seed2026_2075_20260715_154609/rep36/facts.lp
cancer,Cancer (5),2062,MPC,True,,5.0,44,6.0,6.0,0.0,0.13636363636363635,False,results/paper_aaai2027/frozen/results/estimated_graphs/paper_bnlearn_alpha001_nowrong_noweight_50rep_mpc_fgs/cancer/MPC/run_0036_seed_2062.npz,results/paper_aaai2027/frozen/results/final_mcs_experiments_er_sf_alpha001_nowrong_noweight_50rep_chunked/wc_sweep_bnlearn_cancer_alpha001_nowrong_noweight_seed2026_2075_20260715_154609/rep37/facts.lp
cancer,Cancer (5),2063,MPC,True,,4.0,22,2.0,2.0,0.0,0.09090909090909091,False,results/paper_aaai2027/frozen/results/estimated_graphs/paper_bnlearn_alpha001_nowrong_noweight_50rep_mpc_fgs/cancer/MPC/run_0037_seed_2063.npz,results/paper_aaai2027/frozen/results/final_mcs_experiments_er_sf_alpha001_nowrong_noweight_50rep_chunked/wc_sweep_bnlearn_cancer_alpha001_nowrong_noweight_seed2026_2075_20260715_154609/rep38/facts.lp
cancer,Cancer (5),2064,MPC,True,,1.0,44,5.0,5.0,0.0,0.11363636363636363,False,results/paper_aaai2027/frozen/results/estimated_graphs/paper_bnlearn_alpha001_nowrong_noweight_50rep_mpc_fgs/cancer/MPC/run_0038_seed_2064.npz,results/paper_aaai2027/frozen/results/final_mcs_experiments_er_sf_alpha001_nowrong_noweight_50rep_chunked/wc_sweep_bnlearn_cancer_alpha001_nowrong_noweight_seed2026_2075_20260715_154609/rep39/facts.lp
cancer,Cancer (5),2065,MPC,True,,1.0,44,5.0,5.0,0.0,0.11363636363636363,False,results/paper_aaai2027/frozen/results/estimated_graphs/paper_bnlearn_alpha001_nowrong_noweight_50rep_mpc_fgs/cancer/MPC/run_0039_seed_2065.npz,results/paper_aaai2027/frozen/results/final_mcs_experiments_er_sf_alpha001_nowrong_noweight_50rep_chunked/wc_sweep_bnlearn_cancer_alpha001_nowrong_noweight_seed2026_2075_20260715_154609/rep40/facts.lp
cancer,Cancer (5),2066,MPC,True,,1.0,44,4.0,4.0,0.0,0.09090909090909091,False,results/paper_aaai2027/frozen/results/estimated_graphs/paper_bnlearn_alpha001_nowrong_noweight_50rep_mpc_fgs/cancer/MPC/run_0040_seed_2066.npz,results/paper_aaai2027/frozen/results/final_mcs_experiments_er_sf_alpha001_nowrong_noweight_50rep_chunked/wc_sweep_bnlearn_cancer_alpha001_nowrong_noweight_seed2026_2075_20260715_154609/rep41/facts.lp
cancer,Cancer (5),2067,MPC,True,,1.0,44,5.0,5.0,0.0,0.11363636363636363,False,results/paper_aaai2027/frozen/results/estimated_graphs/paper_bnlearn_alpha001_nowrong_noweight_50rep_mpc_fgs/cancer/MPC/run_0041_seed_2067.npz,results/paper_aaai2027/frozen/results/final_mcs_experiments_er_sf_alpha001_nowrong_noweight_50rep_chunked/wc_sweep_bnlearn_cancer_alpha001_nowrong_noweight_seed2026_2075_20260715_154609/rep42/facts.lp
cancer,Cancer (5),2068,MPC,True,,4.0,39,7.0,1.0,6.0,0.1794871794871795,False,results/paper_aaai2027/frozen/results/estimated_graphs/paper_bnlearn_alpha001_nowrong_noweight_50rep_mpc_fgs/cancer/MPC/run_0042_seed_2068.npz,results/paper_aaai2027/frozen/results/final_mcs_experiments_er_sf_alpha001_nowrong_noweight_50rep_chunked/wc_sweep_bnlearn_cancer_alpha001_nowrong_noweight_seed2026_2075_20260715_154609/rep43/facts.lp
cancer,Cancer (5),2069,MPC,True,,4.0,28,6.0,3.0,3.0,0.21428571428571427,False,results/paper_aaai2027/frozen/results/estimated_graphs/paper_bnlearn_alpha001_nowrong_noweight_50rep_mpc_fgs/cancer/MPC/run_0043_seed_2069.npz,results/paper_aaai2027/frozen/results/final_mcs_experiments_er_sf_alpha001_nowrong_noweight_50rep_chunked/wc_sweep_bnlearn_cancer_alpha001_nowrong_noweight_seed2026_2075_20260715_154609/rep44/facts.lp
cancer,Cancer (5),2070,MPC,True,,2.0,35,8.0,8.0,0.0,0.22857142857142856,False,results/paper_aaai2027/frozen/results/estimated_graphs/paper_bnlearn_alpha001_nowrong_noweight_50rep_mpc_fgs/cancer/MPC/run_0044_seed_2070.npz,results/paper_aaai2027/frozen/results/final_mcs_experiments_er_sf_alpha001_nowrong_noweight_50rep_chunked/wc_sweep_bnlearn_cancer_alpha001_nowrong_noweight_seed2026_2075_20260715_154609/rep45/facts.lp
cancer,Cancer (5),2071,MPC,True,,4.0,22,3.0,3.0,0.0,0.13636363636363635,False,results/paper_aaai2027/frozen/results/estimated_graphs/paper_bnlearn_alpha001_nowrong_noweight_50rep_mpc_fgs/cancer/MPC/run_0045_seed_2071.npz,results/paper_aaai2027/frozen/results/final_mcs_experiments_er_sf_alpha001_nowrong_noweight_50rep_chunked/wc_sweep_bnlearn_cancer_alpha001_nowrong_noweight_seed2026_2075_20260715_154609/rep46/facts.lp
cancer,Cancer (5),2072,MPC,True,,4.0,22,2.0,2.0,0.0,0.09090909090909091,False,results/paper_aaai2027/frozen/results/estimated_graphs/paper_bnlearn_alpha001_nowrong_noweight_50rep_mpc_fgs/cancer/MPC/run_0046_seed_2072.npz,results/paper_aaai2027/frozen/results/final_mcs_experiments_er_sf_alpha001_nowrong_noweight_50rep_chunked/wc_sweep_bnlearn_cancer_alpha001_nowrong_noweight_seed2026_2075_20260715_154609/rep47/facts.lp
cancer,Cancer (5),2073,MPC,True,,4.0,28,5.0,2.0,3.0,0.17857142857142858,False,results/paper_aaai2027/frozen/results/estimated_graphs/paper_bnlearn_alpha001_nowrong_noweight_50rep_mpc_fgs/cancer/MPC/run_0047_seed_2073.npz,results/paper_aaai2027/frozen/results/final_mcs_experiments_er_sf_alpha001_nowrong_noweight_50rep_chunked/wc_sweep_bnlearn_cancer_alpha001_nowrong_noweight_seed2026_2075_20260715_154609/rep48/facts.lp
cancer,Cancer (5),2074,MPC,True,,5.0,44,5.0,5.0,0.0,0.11363636363636363,False,results/paper_aaai2027/frozen/results/estimated_graphs/paper_bnlearn_alpha001_nowrong_noweight_50rep_mpc_fgs/cancer/MPC/run_0048_seed_2074.npz,results/paper_aaai2027/frozen/results/final_mcs_experiments_er_sf_alpha001_nowrong_noweight_50rep_chunked/wc_sweep_bnlearn_cancer_alpha001_nowrong_noweight_seed2026_2075_20260715_154609/rep49/facts.lp
cancer,Cancer (5),2075,MPC,True,,4.0,37,9.0,3.0,6.0,0.24324324324324326,False,results/paper_aaai2027/frozen/results/estimated_graphs/paper_bnlearn_alpha001_nowrong_noweight_50rep_mpc_fgs/cancer/MPC/run_0049_seed_2075.npz,results/paper_aaai2027/frozen/results/final_mcs_experiments_er_sf_alpha001_nowrong_noweight_50rep_chunked/wc_sweep_bnlearn_cancer_alpha001_nowrong_noweight_seed2026_2075_20260715_154609/rep50/facts.lp
earthquake,Earthquake (5),2026,MPC,True,,1.0,54,0.0,0.0,0.0,0.0,True,results/paper_aaai2027/frozen/results/estimated_graphs/paper_bnlearn_alpha001_nowrong_noweight_50rep_mpc_fgs/earthquake/MPC/run_0000_seed_2026.npz,results/paper_aaai2027/frozen/results/final_mcs_experiments_er_sf_alpha001_nowrong_noweight_50rep_chunked/wc_sweep_bnlearn_earthquake_alpha001_nowrong_noweight_seed2026_2075_20260715_155009/rep1/facts.lp
earthquake,Earthquake (5),2027,MPC,True,,1.0,54,0.0,0.0,0.0,0.0,True,results/paper_aaai2027/frozen/results/estimated_graphs/paper_bnlearn_alpha001_nowrong_noweight_50rep_mpc_fgs/earthquake/MPC/run_0001_seed_2027.npz,results/paper_aaai2027/frozen/results/final_mcs_experiments_er_sf_alpha001_nowrong_noweight_50rep_chunked/wc_sweep_bnlearn_earthquake_alpha001_nowrong_noweight_seed2026_2075_20260715_155009/rep2/facts.lp
earthquake,Earthquake (5),2028,MPC,True,,1.0,54,0.0,0.0,0.0,0.0,True,results/paper_aaai2027/frozen/results/estimated_graphs/paper_bnlearn_alpha001_nowrong_noweight_50rep_mpc_fgs/earthquake/MPC/run_0002_seed_2028.npz,results/paper_aaai2027/frozen/results/final_mcs_experiments_er_sf_alpha001_nowrong_noweight_50rep_chunked/wc_sweep_bnlearn_earthquake_alpha001_nowrong_noweight_seed2026_2075_20260715_155009/rep3/facts.lp
earthquake,Earthquake (5),2029,MPC,True,,1.0,54,0.0,0.0,0.0,0.0,True,results/paper_aaai2027/frozen/results/estimated_graphs/paper_bnlearn_alpha001_nowrong_noweight_50rep_mpc_fgs/earthquake/MPC/run_0003_seed_2029.npz,results/paper_aaai2027/frozen/results/final_mcs_experiments_er_sf_alpha001_nowrong_noweight_50rep_chunked/wc_sweep_bnlearn_earthquake_alpha001_nowrong_noweight_seed2026_2075_20260715_155009/rep4/facts.lp
earthquake,Earthquake (5),2030,MPC,True,,1.0,54,0.0,0.0,0.0,0.0,True,results/paper_aaai2027/frozen/results/estimated_graphs/paper_bnlearn_alpha001_nowrong_noweight_50rep_mpc_fgs/earthquake/MPC/run_0004_seed_2030.npz,results/paper_aaai2027/frozen/results/final_mcs_experiments_er_sf_alpha001_nowrong_noweight_50rep_chunked/wc_sweep_bnlearn_earthquake_alpha001_nowrong_noweight_seed2026_2075_20260715_155009/rep5/facts.lp
earthquake,Earthquake (5),2031,MPC,True,,1.0,54,0.0,0.0,0.0,0.0,True,results/paper_aaai2027/frozen/results/estimated_graphs/paper_bnlearn_alpha001_nowrong_noweight_50rep_mpc_fgs/earthquake/MPC/run_0005_seed_2031.npz,results/paper_aaai2027/frozen/results/final_mcs_experiments_er_sf_alpha001_nowrong_noweight_50rep_chunked/wc_sweep_bnlearn_earthquake_alpha001_nowrong_noweight_seed2026_2075_20260715_155009/rep6/facts.lp
earthquake,Earthquake (5),2032,MPC,True,,1.0,54,0.0,0.0,0.0,0.0,True,results/paper_aaai2027/frozen/results/estimated_graphs/paper_bnlearn_alpha001_nowrong_noweight_50rep_mpc_fgs/earthquake/MPC/run_0006_seed_2032.npz,results/paper_aaai2027/frozen/results/final_mcs_experiments_er_sf_alpha001_nowrong_noweight_50rep_chunked/wc_sweep_bnlearn_earthquake_alpha001_nowrong_noweight_seed2026_2075_20260715_155009/rep7/facts.lp
earthquake,Earthquake (5),2033,MPC,True,,1.0,59,2.0,2.0,0.0,0.03389830508474576,False,results/paper_aaai2027/frozen/results/estimated_graphs/paper_bnlearn_alpha001_nowrong_noweight_50rep_mpc_fgs/earthquake/MPC/run_0007_seed_2033.npz,results/paper_aaai2027/frozen/results/final_mcs_experiments_er_sf_alpha001_nowrong_noweight_50rep_chunked/wc_sweep_bnlearn_earthquake_alpha001_nowrong_noweight_seed2026_2075_20260715_155009/rep8/facts.lp
earthquake,Earthquake (5),2034,MPC,True,,1.0,54,0.0,0.0,0.0,0.0,True,results/paper_aaai2027/frozen/results/estimated_graphs/paper_bnlearn_alpha001_nowrong_noweight_50rep_mpc_fgs/earthquake/MPC/run_0008_seed_2034.npz,results/paper_aaai2027/frozen/results/final_mcs_experiments_er_sf_alpha001_nowrong_noweight_50rep_chunked/wc_sweep_bnlearn_earthquake_alpha001_nowrong_noweight_seed2026_2075_20260715_155009/rep9/facts.lp
earthquake,Earthquake (5),2035,MPC,True,,1.0,54,0.0,0.0,0.0,0.0,True,results/paper_aaai2027/frozen/results/estimated_graphs/paper_bnlearn_alpha001_nowrong_noweight_50rep_mpc_fgs/earthquake/MPC/run_0009_seed_2035.npz,results/paper_aaai2027/frozen/results/final_mcs_experiments_er_sf_alpha001_nowrong_noweight_50rep_chunked/wc_sweep_bnlearn_earthquake_alpha001_nowrong_noweight_seed2026_2075_20260715_155009/rep10/facts.lp
earthquake,Earthquake (5),2036,MPC,True,,1.0,54,0.0,0.0,0.0,0.0,True,results/paper_aaai2027/frozen/results/estimated_graphs/paper_bnlearn_alpha001_nowrong_noweight_50rep_mpc_fgs/earthquake/MPC/run_0010_seed_2036.npz,results/paper_aaai2027/frozen/results/final_mcs_experiments_er_sf_alpha001_nowrong_noweight_50rep_chunked/wc_sweep_bnlearn_earthquake_alpha001_nowrong_noweight_seed2026_2075_20260715_155009/rep11/facts.lp
earthquake,Earthquake (5),2037,MPC,True,,2.0,58,0.0,0.0,0.0,0.0,True,results/paper_aaai2027/frozen/results/estimated_graphs/paper_bnlearn_alpha001_nowrong_noweight_50rep_mpc_fgs/earthquake/MPC/run_0011_seed_2037.npz,results/paper_aaai2027/frozen/results/final_mcs_experiments_er_sf_alpha001_nowrong_noweight_50rep_chunked/wc_sweep_bnlearn_earthquake_alpha001_nowrong_noweight_seed2026_2075_20260715_155009/rep12/facts.lp
earthquake,Earthquake (5),2038,MPC,True,,1.0,54,0.0,0.0,0.0,0.0,True,results/paper_aaai2027/frozen/results/estimated_graphs/paper_bnlearn_alpha001_nowrong_noweight_50rep_mpc_fgs/earthquake/MPC/run_0012_seed_2038.npz,results/paper_aaai2027/frozen/results/final_mcs_experiments_er_sf_alpha001_nowrong_noweight_50rep_chunked/wc_sweep_bnlearn_earthquake_alpha001_nowrong_noweight_seed2026_2075_20260715_155009/rep13/facts.lp
earthquake,Earthquake (5),2039,MPC,True,,1.0,54,0.0,0.0,0.0,0.0,True,results/paper_aaai2027/frozen/results/estimated_graphs/paper_bnlearn_alpha001_nowrong_noweight_50rep_mpc_fgs/earthquake/MPC/run_0013_seed_2039.npz,results/paper_aaai2027/frozen/results/final_mcs_experiments_er_sf_alpha001_nowrong_noweight_50rep_chunked/wc_sweep_bnlearn_earthquake_alpha001_nowrong_noweight_seed2026_2075_20260715_155009/rep14/facts.lp
earthquake,Earthquake (5),2040,MPC,True,,1.0,54,0.0,0.0,0.0,0.0,True,results/paper_aaai2027/frozen/results/estimated_graphs/paper_bnlearn_alpha001_nowrong_noweight_50rep_mpc_fgs/earthquake/MPC/run_0014_seed_2040.npz,results/paper_aaai2027/frozen/results/final_mcs_experiments_er_sf_alpha001_nowrong_noweight_50rep_chunked/wc_sweep_bnlearn_earthquake_alpha001_nowrong_noweight_seed2026_2075_20260715_155009/rep15/facts.lp
earthquake,Earthquake (5),2041,MPC,True,,1.0,54,0.0,0.0,0.0,0.0,True,results/paper_aaai2027/frozen/results/estimated_graphs/paper_bnlearn_alpha001_nowrong_noweight_50rep_mpc_fgs/earthquake/MPC/run_0015_seed_2041.npz,results/paper_aaai2027/frozen/results/final_mcs_experiments_er_sf_alpha001_nowrong_noweight_50rep_chunked/wc_sweep_bnlearn_earthquake_alpha001_nowrong_noweight_seed2026_2075_20260715_155009/rep16/facts.lp
earthquake,Earthquake (5),2042,MPC,True,,1.0,54,0.0,0.0,0.0,0.0,True,results/paper_aaai2027/frozen/results/estimated_graphs/paper_bnlearn_alpha001_nowrong_noweight_50rep_mpc_fgs/earthquake/MPC/run_0016_seed_2042.npz,results/paper_aaai2027/frozen/results/final_mcs_experiments_er_sf_alpha001_nowrong_noweight_50rep_chunked/wc_sweep_bnlearn_earthquake_alpha001_nowrong_noweight_seed2026_2075_20260715_155009/rep17/facts.lp
earthquake,Earthquake (5),2043,MPC,True,,1.0,54,0.0,0.0,0.0,0.0,True,results/paper_aaai2027/frozen/results/estimated_graphs/paper_bnlearn_alpha001_nowrong_noweight_50rep_mpc_fgs/earthquake/MPC/run_0017_seed_2043.npz,results/paper_aaai2027/frozen/results/final_mcs_experiments_er_sf_alpha001_nowrong_noweight_50rep_chunked/wc_sweep_bnlearn_earthquake_alpha001_nowrong_noweight_seed2026_2075_20260715_155009/rep18/facts.lp
earthquake,Earthquake (5),2044,MPC,True,,2.0,58,0.0,0.0,0.0,0.0,True,results/paper_aaai2027/frozen/results/estimated_graphs/paper_bnlearn_alpha001_nowrong_noweight_50rep_mpc_fgs/earthquake/MPC/run_0018_seed_2044.npz,results/paper_aaai2027/frozen/results/final_mcs_experiments_er_sf_alpha001_nowrong_noweight_50rep_chunked/wc_sweep_bnlearn_earthquake_alpha001_nowrong_noweight_seed2026_2075_20260715_155009/rep19/facts.lp
earthquake,Earthquake (5),2045,MPC,True,,1.0,54,0.0,0.0,0.0,0.0,True,results/paper_aaai2027/frozen/results/estimated_graphs/paper_bnlearn_alpha001_nowrong_noweight_50rep_mpc_fgs/earthquake/MPC/run_0019_seed_2045.npz,results/paper_aaai2027/frozen/results/final_mcs_experiments_er_sf_alpha001_nowrong_noweight_50rep_chunked/wc_sweep_bnlearn_earthquake_alpha001_nowrong_noweight_seed2026_2075_20260715_155009/rep20/facts.lp
earthquake,Earthquake (5),2046,MPC,True,,1.0,54,0.0,0.0,0.0,0.0,True,results/paper_aaai2027/frozen/results/estimated_graphs/paper_bnlearn_alpha001_nowrong_noweight_50rep_mpc_fgs/earthquake/MPC/run_0020_seed_2046.npz,results/paper_aaai2027/frozen/results/final_mcs_experiments_er_sf_alpha001_nowrong_noweight_50rep_chunked/wc_sweep_bnlearn_earthquake_alpha001_nowrong_noweight_seed2026_2075_20260715_155009/rep21/facts.lp
earthquake,Earthquake (5),2047,MPC,True,,1.0,54,0.0,0.0,0.0,0.0,True,results/paper_aaai2027/frozen/results/estimated_graphs/paper_bnlearn_alpha001_nowrong_noweight_50rep_mpc_fgs/earthquake/MPC/run_0021_seed_2047.npz,results/paper_aaai2027/frozen/results/final_mcs_experiments_er_sf_alpha001_nowrong_noweight_50rep_chunked/wc_sweep_bnlearn_earthquake_alpha001_nowrong_noweight_seed2026_2075_20260715_155009/rep22/facts.lp
earthquake,Earthquake (5),2048,MPC,True,,1.0,54,0.0,0.0,0.0,0.0,True,results/paper_aaai2027/frozen/results/estimated_graphs/paper_bnlearn_alpha001_nowrong_noweight_50rep_mpc_fgs/earthquake/MPC/run_0022_seed_2048.npz,results/paper_aaai2027/frozen/results/final_mcs_experiments_er_sf_alpha001_nowrong_noweight_50rep_chunked/wc_sweep_bnlearn_earthquake_alpha001_nowrong_noweight_seed2026_2075_20260715_155009/rep23/facts.lp
earthquake,Earthquake (5),2049,MPC,True,,1.0,54,0.0,0.0,0.0,0.0,True,results/paper_aaai2027/frozen/results/estimated_graphs/paper_bnlearn_alpha001_nowrong_noweight_50rep_mpc_fgs/earthquake/MPC/run_0023_seed_2049.npz,results/paper_aaai2027/frozen/results/final_mcs_experiments_er_sf_alpha001_nowrong_noweight_50rep_chunked/wc_sweep_bnlearn_earthquake_alpha001_nowrong_noweight_seed2026_2075_20260715_155009/rep24/facts.lp
earthquake,Earthquake (5),2050,MPC,True,,2.0,58,0.0,0.0,0.0,0.0,True,results/paper_aaai2027/frozen/results/estimated_graphs/paper_bnlearn_alpha001_nowrong_noweight_50rep_mpc_fgs/earthquake/MPC/run_0024_seed_2050.npz,results/paper_aaai2027/frozen/results/final_mcs_experiments_er_sf_alpha001_nowrong_noweight_50rep_chunked/wc_sweep_bnlearn_earthquake_alpha001_nowrong_noweight_seed2026_2075_20260715_155009/rep25/facts.lp
earthquake,Earthquake (5),2051,MPC,True,,1.0,54,0.0,0.0,0.0,0.0,True,results/paper_aaai2027/frozen/results/estimated_graphs/paper_bnlearn_alpha001_nowrong_noweight_50rep_mpc_fgs/earthquake/MPC/run_0025_seed_2051.npz,results/paper_aaai2027/frozen/results/final_mcs_experiments_er_sf_alpha001_nowrong_noweight_50rep_chunked/wc_sweep_bnlearn_earthquake_alpha001_nowrong_noweight_seed2026_2075_20260715_155009/rep26/facts.lp
earthquake,Earthquake (5),2052,MPC,True,,1.0,54,0.0,0.0,0.0,0.0,True,results/paper_aaai2027/frozen/results/estimated_graphs/paper_bnlearn_alpha001_nowrong_noweight_50rep_mpc_fgs/earthquake/MPC/run_0026_seed_2052.npz,results/paper_aaai2027/frozen/results/final_mcs_experiments_er_sf_alpha001_nowrong_noweight_50rep_chunked/wc_sweep_bnlearn_earthquake_alpha001_nowrong_noweight_seed2026_2075_20260715_155009/rep27/facts.lp
earthquake,Earthquake (5),2053,MPC,True,,1.0,54,0.0,0.0,0.0,0.0,True,results/paper_aaai2027/frozen/results/estimated_graphs/paper_bnlearn_alpha001_nowrong_noweight_50rep_mpc_fgs/earthquake/MPC/run_0027_seed_2053.npz,results/paper_aaai2027/frozen/results/final_mcs_experiments_er_sf_alpha001_nowrong_noweight_50rep_chunked/wc_sweep_bnlearn_earthquake_alpha001_nowrong_noweight_seed2026_2075_20260715_155009/rep28/facts.lp
earthquake,Earthquake (5),2054,MPC,True,,1.0,54,0.0,0.0,0.0,0.0,True,results/paper_aaai2027/frozen/results/estimated_graphs/paper_bnlearn_alpha001_nowrong_noweight_50rep_mpc_fgs/earthquake/MPC/run_0028_seed_2054.npz,results/paper_aaai2027/frozen/results/final_mcs_experiments_er_sf_alpha001_nowrong_noweight_50rep_chunked/wc_sweep_bnlearn_earthquake_alpha001_nowrong_noweight_seed2026_2075_20260715_155009/rep29/facts.lp
earthquake,Earthquake (5),2055,MPC,True,,1.0,54,0.0,0.0,0.0,0.0,True,results/paper_aaai2027/frozen/results/estimated_graphs/paper_bnlearn_alpha001_nowrong_noweight_50rep_mpc_fgs/earthquake/MPC/run_0029_seed_2055.npz,results/paper_aaai2027/frozen/results/final_mcs_experiments_er_sf_alpha001_nowrong_noweight_50rep_chunked/wc_sweep_bnlearn_earthquake_alpha001_nowrong_noweight_seed2026_2075_20260715_155009/rep30/facts.lp
earthquake,Earthquake (5),2056,MPC,True,,1.0,54,0.0,0.0,0.0,0.0,True,results/paper_aaai2027/frozen/results/estimated_graphs/paper_bnlearn_alpha001_nowrong_noweight_50rep_mpc_fgs/earthquake/MPC/run_0030_seed_2056.npz,results/paper_aaai2027/frozen/results/final_mcs_experiments_er_sf_alpha001_nowrong_noweight_50rep_chunked/wc_sweep_bnlearn_earthquake_alpha001_nowrong_noweight_seed2026_2075_20260715_155009/rep31/facts.lp
earthquake,Earthquake (5),2057,MPC,True,,1.0,54,0.0,0.0,0.0,0.0,True,results/paper_aaai2027/frozen/results/estimated_graphs/paper_bnlearn_alpha001_nowrong_noweight_50rep_mpc_fgs/earthquake/MPC/run_0031_seed_2057.npz,results/paper_aaai2027/frozen/results/final_mcs_experiments_er_sf_alpha001_nowrong_noweight_50rep_chunked/wc_sweep_bnlearn_earthquake_alpha001_nowrong_noweight_seed2026_2075_20260715_155009/rep32/facts.lp
earthquake,Earthquake (5),2058,MPC,True,,1.0,54,0.0,0.0,0.0,0.0,True,results/paper_aaai2027/frozen/results/estimated_graphs/paper_bnlearn_alpha001_nowrong_noweight_50rep_mpc_fgs/earthquake/MPC/run_0032_seed_2058.npz,results/paper_aaai2027/frozen/results/final_mcs_experiments_er_sf_alpha001_nowrong_noweight_50rep_chunked/wc_sweep_bnlearn_earthquake_alpha001_nowrong_noweight_seed2026_2075_20260715_155009/rep33/facts.lp
earthquake,Earthquake (5),2059,MPC,True,,1.0,54,0.0,0.0,0.0,0.0,True,results/paper_aaai2027/frozen/results/estimated_graphs/paper_bnlearn_alpha001_nowrong_noweight_50rep_mpc_fgs/earthquake/MPC/run_0033_seed_2059.npz,results/paper_aaai2027/frozen/results/final_mcs_experiments_er_sf_alpha001_nowrong_noweight_50rep_chunked/wc_sweep_bnlearn_earthquake_alpha001_nowrong_noweight_seed2026_2075_20260715_155009/rep34/facts.lp
earthquake,Earthquake (5),2060,MPC,True,,1.0,54,0.0,0.0,0.0,0.0,True,results/paper_aaai2027/frozen/results/estimated_graphs/paper_bnlearn_alpha001_nowrong_noweight_50rep_mpc_fgs/earthquake/MPC/run_0034_seed_2060.npz,results/paper_aaai2027/frozen/results/final_mcs_experiments_er_sf_alpha001_nowrong_noweight_50rep_chunked/wc_sweep_bnlearn_earthquake_alpha001_nowrong_noweight_seed2026_2075_20260715_155009/rep35/facts.lp
earthquake,Earthquake (5),2061,MPC,True,,1.0,54,1.0,1.0,0.0,0.018518518518518517,False,results/paper_aaai2027/frozen/results/estimated_graphs/paper_bnlearn_alpha001_nowrong_noweight_50rep_mpc_fgs/earthquake/MPC/run_0035_seed_2061.npz,results/paper_aaai2027/frozen/results/final_mcs_experiments_er_sf_alpha001_nowrong_noweight_50rep_chunked/wc_sweep_bnlearn_earthquake_alpha001_nowrong_noweight_seed2026_2075_20260715_155009/rep36/facts.lp
earthquake,Earthquake (5),2062,MPC,True,,1.0,54,0.0,0.0,0.0,0.0,True,results/paper_aaai2027/frozen/results/estimated_graphs/paper_bnlearn_alpha001_nowrong_noweight_50rep_mpc_fgs/earthquake/MPC/run_0036_seed_2062.npz,results/paper_aaai2027/frozen/results/final_mcs_experiments_er_sf_alpha001_nowrong_noweight_50rep_chunked/wc_sweep_bnlearn_earthquake_alpha001_nowrong_noweight_seed2026_2075_20260715_155009/rep37/facts.lp
earthquake,Earthquake (5),2063,MPC,True,,1.0,54,0.0,0.0,0.0,0.0,True,results/paper_aaai2027/frozen/results/estimated_graphs/paper_bnlearn_alpha001_nowrong_noweight_50rep_mpc_fgs/earthquake/MPC/run_0037_seed_2063.npz,results/paper_aaai2027/frozen/results/final_mcs_experiments_er_sf_alpha001_nowrong_noweight_50rep_chunked/wc_sweep_bnlearn_earthquake_alpha001_nowrong_noweight_seed2026_2075_20260715_155009/rep38/facts.lp
earthquake,Earthquake (5),2064,MPC,True,,1.0,54,0.0,0.0,0.0,0.0,True,results/paper_aaai2027/frozen/results/estimated_graphs/paper_bnlearn_alpha001_nowrong_noweight_50rep_mpc_fgs/earthquake/MPC/run_0038_seed_2064.npz,results/paper_aaai2027/frozen/results/final_mcs_experiments_er_sf_alpha001_nowrong_noweight_50rep_chunked/wc_sweep_bnlearn_earthquake_alpha001_nowrong_noweight_seed2026_2075_20260715_155009/rep39/facts.lp
earthquake,Earthquake (5),2065,MPC,True,,1.0,54,0.0,0.0,0.0,0.0,True,results/paper_aaai2027/frozen/results/estimated_graphs/paper_bnlearn_alpha001_nowrong_noweight_50rep_mpc_fgs/earthquake/MPC/run_0039_seed_2065.npz,results/paper_aaai2027/frozen/results/final_mcs_experiments_er_sf_alpha001_nowrong_noweight_50rep_chunked/wc_sweep_bnlearn_earthquake_alpha001_nowrong_noweight_seed2026_2075_20260715_155009/rep40/facts.lp
earthquake,Earthquake (5),2066,MPC,True,,1.0,54,0.0,0.0,0.0,0.0,True,results/paper_aaai2027/frozen/results/estimated_graphs/paper_bnlearn_alpha001_nowrong_noweight_50rep_mpc_fgs/earthquake/MPC/run_0040_seed_2066.npz,results/paper_aaai2027/frozen/results/final_mcs_experiments_er_sf_alpha001_nowrong_noweight_50rep_chunked/wc_sweep_bnlearn_earthquake_alpha001_nowrong_noweight_seed2026_2075_20260715_155009/rep41/facts.lp
earthquake,Earthquake (5),2067,MPC,True,,1.0,54,0.0,0.0,0.0,0.0,True,results/paper_aaai2027/frozen/results/estimated_graphs/paper_bnlearn_alpha001_nowrong_noweight_50rep_mpc_fgs/earthquake/MPC/run_0041_seed_2067.npz,results/paper_aaai2027/frozen/results/final_mcs_experiments_er_sf_alpha001_nowrong_noweight_50rep_chunked/wc_sweep_bnlearn_earthquake_alpha001_nowrong_noweight_seed2026_2075_20260715_155009/rep42/facts.lp
earthquake,Earthquake (5),2068,MPC,True,,1.0,54,0.0,0.0,0.0,0.0,True,results/paper_aaai2027/frozen/results/estimated_graphs/paper_bnlearn_alpha001_nowrong_noweight_50rep_mpc_fgs/earthquake/MPC/run_0042_seed_2068.npz,results/paper_aaai2027/frozen/results/final_mcs_experiments_er_sf_alpha001_nowrong_noweight_50rep_chunked/wc_sweep_bnlearn_earthquake_alpha001_nowrong_noweight_seed2026_2075_20260715_155009/rep43/facts.lp
earthquake,Earthquake (5),2069,MPC,True,,1.0,54,1.0,1.0,0.0,0.018518518518518517,False,results/paper_aaai2027/frozen/results/estimated_graphs/paper_bnlearn_alpha001_nowrong_noweight_50rep_mpc_fgs/earthquake/MPC/run_0043_seed_2069.npz,results/paper_aaai2027/frozen/results/final_mcs_experiments_er_sf_alpha001_nowrong_noweight_50rep_chunked/wc_sweep_bnlearn_earthquake_alpha001_nowrong_noweight_seed2026_2075_20260715_155009/rep44/facts.lp
earthquake,Earthquake (5),2070,MPC,True,,1.0,54,0.0,0.0,0.0,0.0,True,results/paper_aaai2027/frozen/results/estimated_graphs/paper_bnlearn_alpha001_nowrong_noweight_50rep_mpc_fgs/earthquake/MPC/run_0044_seed_2070.npz,results/paper_aaai2027/frozen/results/final_mcs_experiments_er_sf_alpha001_nowrong_noweight_50rep_chunked/wc_sweep_bnlearn_earthquake_alpha001_nowrong_noweight_seed2026_2075_20260715_155009/rep45/facts.lp
earthquake,Earthquake (5),2071,MPC,True,,1.0,54,0.0,0.0,0.0,0.0,True,results/paper_aaai2027/frozen/results/estimated_graphs/paper_bnlearn_alpha001_nowrong_noweight_50rep_mpc_fgs/earthquake/MPC/run_0045_seed_2071.npz,results/paper_aaai2027/frozen/results/final_mcs_experiments_er_sf_alpha001_nowrong_noweight_50rep_chunked/wc_sweep_bnlearn_earthquake_alpha001_nowrong_noweight_seed2026_2075_20260715_155009/rep46/facts.lp
earthquake,Earthquake (5),2072,MPC,True,,1.0,54,0.0,0.0,0.0,0.0,True,results/paper_aaai2027/frozen/results/estimated_graphs/paper_bnlearn_alpha001_nowrong_noweight_50rep_mpc_fgs/earthquake/MPC/run_0046_seed_2072.npz,results/paper_aaai2027/frozen/results/final_mcs_experiments_er_sf_alpha001_nowrong_noweight_50rep_chunked/wc_sweep_bnlearn_earthquake_alpha001_nowrong_noweight_seed2026_2075_20260715_155009/rep47/facts.lp
earthquake,Earthquake (5),2073,MPC,True,,1.0,54,0.0,0.0,0.0,0.0,True,results/paper_aaai2027/frozen/results/estimated_graphs/paper_bnlearn_alpha001_nowrong_noweight_50rep_mpc_fgs/earthquake/MPC/run_0047_seed_2073.npz,results/paper_aaai2027/frozen/results/final_mcs_experiments_er_sf_alpha001_nowrong_noweight_50rep_chunked/wc_sweep_bnlearn_earthquake_alpha001_nowrong_noweight_seed2026_2075_20260715_155009/rep48/facts.lp
earthquake,Earthquake (5),2074,MPC,True,,1.0,54,0.0,0.0,0.0,0.0,True,results/paper_aaai2027/frozen/results/estimated_graphs/paper_bnlearn_alpha001_nowrong_noweight_50rep_mpc_fgs/earthquake/MPC/run_0048_seed_2074.npz,results/paper_aaai2027/frozen/results/final_mcs_experiments_er_sf_alpha001_nowrong_noweight_50rep_chunked/wc_sweep_bnlearn_earthquake_alpha001_nowrong_noweight_seed2026_2075_20260715_155009/rep49/facts.lp
earthquake,Earthquake (5),2075,MPC,True,,1.0,54,0.0,0.0,0.0,0.0,True,results/paper_aaai2027/frozen/results/estimated_graphs/paper_bnlearn_alpha001_nowrong_noweight_50rep_mpc_fgs/earthquake/MPC/run_0049_seed_2075.npz,results/paper_aaai2027/frozen/results/final_mcs_experiments_er_sf_alpha001_nowrong_noweight_50rep_chunked/wc_sweep_bnlearn_earthquake_alpha001_nowrong_noweight_seed2026_2075_20260715_155009/rep50/facts.lp
survey,Survey (6),2026,MPC,False,ValueError: Endpoint graph has no consistent DAG extension,,52,,,,,False,results/paper_aaai2027/frozen/results/estimated_graphs/paper_bnlearn_alpha001_nowrong_noweight_50rep_mpc_fgs/survey/MPC/run_0000_seed_2026.npz,results/paper_aaai2027/frozen/results/final_mcs_experiments_er_sf_alpha001_nowrong_noweight_50rep_chunked/wc_sweep_bnlearn_survey_alpha001_nowrong_noweight_seed2026_2075_20260715_155405/rep1/facts.lp
survey,Survey (6),2027,MPC,True,,2.0,33,5.0,2.0,3.0,0.15151515151515152,False,results/paper_aaai2027/frozen/results/estimated_graphs/paper_bnlearn_alpha001_nowrong_noweight_50rep_mpc_fgs/survey/MPC/run_0001_seed_2027.npz,results/paper_aaai2027/frozen/results/final_mcs_experiments_er_sf_alpha001_nowrong_noweight_50rep_chunked/wc_sweep_bnlearn_survey_alpha001_nowrong_noweight_seed2026_2075_20260715_155405/rep2/facts.lp
survey,Survey (6),2028,MPC,True,,1.0,64,19.0,16.0,3.0,0.296875,False,results/paper_aaai2027/frozen/results/estimated_graphs/paper_bnlearn_alpha001_nowrong_noweight_50rep_mpc_fgs/survey/MPC/run_0002_seed_2028.npz,results/paper_aaai2027/frozen/results/final_mcs_experiments_er_sf_alpha001_nowrong_noweight_50rep_chunked/wc_sweep_bnlearn_survey_alpha001_nowrong_noweight_seed2026_2075_20260715_155405/rep3/facts.lp
survey,Survey (6),2029,MPC,False,ValueError: Endpoint graph has no consistent DAG extension,,52,,,,,False,results/paper_aaai2027/frozen/results/estimated_graphs/paper_bnlearn_alpha001_nowrong_noweight_50rep_mpc_fgs/survey/MPC/run_0003_seed_2029.npz,results/paper_aaai2027/frozen/results/final_mcs_experiments_er_sf_alpha001_nowrong_noweight_50rep_chunked/wc_sweep_bnlearn_survey_alpha001_nowrong_noweight_seed2026_2075_20260715_155405/rep4/facts.lp
survey,Survey (6),2030,MPC,True,,6.0,68,20.0,16.0,4.0,0.29411764705882354,False,results/paper_aaai2027/frozen/results/estimated_graphs/paper_bnlearn_alpha001_nowrong_noweight_50rep_mpc_fgs/survey/MPC/run_0004_seed_2030.npz,results/paper_aaai2027/frozen/results/final_mcs_experiments_er_sf_alpha001_nowrong_noweight_50rep_chunked/wc_sweep_bnlearn_survey_alpha001_nowrong_noweight_seed2026_2075_20260715_155405/rep5/facts.lp
survey,Survey (6),2031,MPC,True,,1.0,72,19.0,19.0,0.0,0.2638888888888889,False,results/paper_aaai2027/frozen/results/estimated_graphs/paper_bnlearn_alpha001_nowrong_noweight_50rep_mpc_fgs/survey/MPC/run_0005_seed_2031.npz,results/paper_aaai2027/frozen/results/final_mcs_experiments_er_sf_alpha001_nowrong_noweight_50rep_chunked/wc_sweep_bnlearn_survey_alpha001_nowrong_noweight_seed2026_2075_20260715_155405/rep6/facts.lp
survey,Survey (6),2032,MPC,True,,5.0,53,12.0,7.0,5.0,0.22641509433962265,False,results/paper_aaai2027/frozen/results/estimated_graphs/paper_bnlearn_alpha001_nowrong_noweight_50rep_mpc_fgs/survey/MPC/run_0006_seed_2032.npz,results/paper_aaai2027/frozen/results/final_mcs_experiments_er_sf_alpha001_nowrong_noweight_50rep_chunked/wc_sweep_bnlearn_survey_alpha001_nowrong_noweight_seed2026_2075_20260715_155405/rep7/facts.lp
survey,Survey (6),2033,MPC,True,,6.0,47,17.0,17.0,0.0,0.3617021276595745,False,results/paper_aaai2027/frozen/results/estimated_graphs/paper_bnlearn_alpha001_nowrong_noweight_50rep_mpc_fgs/survey/MPC/run_0007_seed_2033.npz,results/paper_aaai2027/frozen/results/final_mcs_experiments_er_sf_alpha001_nowrong_noweight_50rep_chunked/wc_sweep_bnlearn_survey_alpha001_nowrong_noweight_seed2026_2075_20260715_155405/rep8/facts.lp
survey,Survey (6),2034,MPC,True,,6.0,40,15.0,1.0,14.0,0.375,False,results/paper_aaai2027/frozen/results/estimated_graphs/paper_bnlearn_alpha001_nowrong_noweight_50rep_mpc_fgs/survey/MPC/run_0008_seed_2034.npz,results/paper_aaai2027/frozen/results/final_mcs_experiments_er_sf_alpha001_nowrong_noweight_50rep_chunked/wc_sweep_bnlearn_survey_alpha001_nowrong_noweight_seed2026_2075_20260715_155405/rep9/facts.lp
survey,Survey (6),2035,MPC,False,ValueError: Endpoint graph has no consistent DAG extension,,53,,,,,False,results/paper_aaai2027/frozen/results/estimated_graphs/paper_bnlearn_alpha001_nowrong_noweight_50rep_mpc_fgs/survey/MPC/run_0009_seed_2035.npz,results/paper_aaai2027/frozen/results/final_mcs_experiments_er_sf_alpha001_nowrong_noweight_50rep_chunked/wc_sweep_bnlearn_survey_alpha001_nowrong_noweight_seed2026_2075_20260715_155405/rep10/facts.lp
survey,Survey (6),2036,MPC,True,,5.0,36,12.0,10.0,2.0,0.3333333333333333,False,results/paper_aaai2027/frozen/results/estimated_graphs/paper_bnlearn_alpha001_nowrong_noweight_50rep_mpc_fgs/survey/MPC/run_0010_seed_2036.npz,results/paper_aaai2027/frozen/results/final_mcs_experiments_er_sf_alpha001_nowrong_noweight_50rep_chunked/wc_sweep_bnlearn_survey_alpha001_nowrong_noweight_seed2026_2075_20260715_155405/rep11/facts.lp
survey,Survey (6),2037,MPC,True,,5.0,32,10.0,10.0,0.0,0.3125,False,results/paper_aaai2027/frozen/results/estimated_graphs/paper_bnlearn_alpha001_nowrong_noweight_50rep_mpc_fgs/survey/MPC/run_0011_seed_2037.npz,results/paper_aaai2027/frozen/results/final_mcs_experiments_er_sf_alpha001_nowrong_noweight_50rep_chunked/wc_sweep_bnlearn_survey_alpha001_nowrong_noweight_seed2026_2075_20260715_155405/rep12/facts.lp
survey,Survey (6),2038,MPC,False,ValueError: Endpoint graph has no consistent DAG extension,,80,,,,,False,results/paper_aaai2027/frozen/results/estimated_graphs/paper_bnlearn_alpha001_nowrong_noweight_50rep_mpc_fgs/survey/MPC/run_0012_seed_2038.npz,results/paper_aaai2027/frozen/results/final_mcs_experiments_er_sf_alpha001_nowrong_noweight_50rep_chunked/wc_sweep_bnlearn_survey_alpha001_nowrong_noweight_seed2026_2075_20260715_155405/rep13/facts.lp
survey,Survey (6),2039,MPC,True,,1.0,83,19.0,18.0,1.0,0.2289156626506024,False,results/paper_aaai2027/frozen/results/estimated_graphs/paper_bnlearn_alpha001_nowrong_noweight_50rep_mpc_fgs/survey/MPC/run_0013_seed_2039.npz,results/paper_aaai2027/frozen/results/final_mcs_experiments_er_sf_alpha001_nowrong_noweight_50rep_chunked/wc_sweep_bnlearn_survey_alpha001_nowrong_noweight_seed2026_2075_20260715_155405/rep14/facts.lp
survey,Survey (6),2040,MPC,False,ValueError: Endpoint graph has no consistent DAG extension,,46,,,,,False,results/paper_aaai2027/frozen/results/estimated_graphs/paper_bnlearn_alpha001_nowrong_noweight_50rep_mpc_fgs/survey/MPC/run_0014_seed_2040.npz,results/paper_aaai2027/frozen/results/final_mcs_experiments_er_sf_alpha001_nowrong_noweight_50rep_chunked/wc_sweep_bnlearn_survey_alpha001_nowrong_noweight_seed2026_2075_20260715_155405/rep15/facts.lp
survey,Survey (6),2041,MPC,True,,2.0,44,9.0,2.0,7.0,0.20454545454545456,False,results/paper_aaai2027/frozen/results/estimated_graphs/paper_bnlearn_alpha001_nowrong_noweight_50rep_mpc_fgs/survey/MPC/run_0015_seed_2041.npz,results/paper_aaai2027/frozen/results/final_mcs_experiments_er_sf_alpha001_nowrong_noweight_50rep_chunked/wc_sweep_bnlearn_survey_alpha001_nowrong_noweight_seed2026_2075_20260715_155405/rep16/facts.lp
survey,Survey (6),2042,MPC,True,,6.0,22,3.0,1.0,2.0,0.13636363636363635,False,results/paper_aaai2027/frozen/results/estimated_graphs/paper_bnlearn_alpha001_nowrong_noweight_50rep_mpc_fgs/survey/MPC/run_0016_seed_2042.npz,results/paper_aaai2027/frozen/results/final_mcs_experiments_er_sf_alpha001_nowrong_noweight_50rep_chunked/wc_sweep_bnlearn_survey_alpha001_nowrong_noweight_seed2026_2075_20260715_155405/rep17/facts.lp
survey,Survey (6),2043,MPC,True,,6.0,22,2.0,1.0,1.0,0.09090909090909091,False,results/paper_aaai2027/frozen/results/estimated_graphs/paper_bnlearn_alpha001_nowrong_noweight_50rep_mpc_fgs/survey/MPC/run_0017_seed_2043.npz,results/paper_aaai2027/frozen/results/final_mcs_experiments_er_sf_alpha001_nowrong_noweight_50rep_chunked/wc_sweep_bnlearn_survey_alpha001_nowrong_noweight_seed2026_2075_20260715_155405/rep18/facts.lp
survey,Survey (6),2044,MPC,True,,1.0,48,15.0,15.0,0.0,0.3125,False,results/paper_aaai2027/frozen/results/estimated_graphs/paper_bnlearn_alpha001_nowrong_noweight_50rep_mpc_fgs/survey/MPC/run_0018_seed_2044.npz,results/paper_aaai2027/frozen/results/final_mcs_experiments_er_sf_alpha001_nowrong_noweight_50rep_chunked/wc_sweep_bnlearn_survey_alpha001_nowrong_noweight_seed2026_2075_20260715_155405/rep19/facts.lp
survey,Survey (6),2045,MPC,True,,5.0,52,13.0,10.0,3.0,0.25,False,results/paper_aaai2027/frozen/results/estimated_graphs/paper_bnlearn_alpha001_nowrong_noweight_50rep_mpc_fgs/survey/MPC/run_0019_seed_2045.npz,results/paper_aaai2027/frozen/results/final_mcs_experiments_er_sf_alpha001_nowrong_noweight_50rep_chunked/wc_sweep_bnlearn_survey_alpha001_nowrong_noweight_seed2026_2075_20260715_155405/rep20/facts.lp
survey,Survey (6),2046,MPC,True,,5.0,50,14.0,10.0,4.0,0.28,False,results/paper_aaai2027/frozen/results/estimated_graphs/paper_bnlearn_alpha001_nowrong_noweight_50rep_mpc_fgs/survey/MPC/run_0020_seed_2046.npz,results/paper_aaai2027/frozen/results/final_mcs_experiments_er_sf_alpha001_nowrong_noweight_50rep_chunked/wc_sweep_bnlearn_survey_alpha001_nowrong_noweight_seed2026_2075_20260715_155405/rep21/facts.lp
survey,Survey (6),2047,MPC,True,,3.0,56,18.0,7.0,11.0,0.32142857142857145,False,results/paper_aaai2027/frozen/results/estimated_graphs/paper_bnlearn_alpha001_nowrong_noweight_50rep_mpc_fgs/survey/MPC/run_0021_seed_2047.npz,results/paper_aaai2027/frozen/results/final_mcs_experiments_er_sf_alpha001_nowrong_noweight_50rep_chunked/wc_sweep_bnlearn_survey_alpha001_nowrong_noweight_seed2026_2075_20260715_155405/rep22/facts.lp
survey,Survey (6),2048,MPC,False,ValueError: Endpoint graph has no consistent DAG extension,,61,,,,,False,results/paper_aaai2027/frozen/results/estimated_graphs/paper_bnlearn_alpha001_nowrong_noweight_50rep_mpc_fgs/survey/MPC/run_0022_seed_2048.npz,results/paper_aaai2027/frozen/results/final_mcs_experiments_er_sf_alpha001_nowrong_noweight_50rep_chunked/wc_sweep_bnlearn_survey_alpha001_nowrong_noweight_seed2026_2075_20260715_155405/rep23/facts.lp
survey,Survey (6),2049,MPC,True,,1.0,68,19.0,15.0,4.0,0.27941176470588236,False,results/paper_aaai2027/frozen/results/estimated_graphs/paper_bnlearn_alpha001_nowrong_noweight_50rep_mpc_fgs/survey/MPC/run_0023_seed_2049.npz,results/paper_aaai2027/frozen/results/final_mcs_experiments_er_sf_alpha001_nowrong_noweight_50rep_chunked/wc_sweep_bnlearn_survey_alpha001_nowrong_noweight_seed2026_2075_20260715_155405/rep24/facts.lp
survey,Survey (6),2050,MPC,True,,1.0,71,18.0,10.0,8.0,0.2535211267605634,False,results/paper_aaai2027/frozen/results/estimated_graphs/paper_bnlearn_alpha001_nowrong_noweight_50rep_mpc_fgs/survey/MPC/run_0024_seed_2050.npz,results/paper_aaai2027/frozen/results/final_mcs_experiments_er_sf_alpha001_nowrong_noweight_50rep_chunked/wc_sweep_bnlearn_survey_alpha001_nowrong_noweight_seed2026_2075_20260715_155405/rep25/facts.lp
survey,Survey (6),2051,MPC,True,,5.0,38,10.0,9.0,1.0,0.2631578947368421,False,results/paper_aaai2027/frozen/results/estimated_graphs/paper_bnlearn_alpha001_nowrong_noweight_50rep_mpc_fgs/survey/MPC/run_0025_seed_2051.npz,results/paper_aaai2027/frozen/results/final_mcs_experiments_er_sf_alpha001_nowrong_noweight_50rep_chunked/wc_sweep_bnlearn_survey_alpha001_nowrong_noweight_seed2026_2075_20260715_155405/rep26/facts.lp
survey,Survey (6),2052,MPC,False,ValueError: Endpoint graph has no consistent DAG extension,,46,,,,,False,results/paper_aaai2027/frozen/results/estimated_graphs/paper_bnlearn_alpha001_nowrong_noweight_50rep_mpc_fgs/survey/MPC/run_0026_seed_2052.npz,results/paper_aaai2027/frozen/results/final_mcs_experiments_er_sf_alpha001_nowrong_noweight_50rep_chunked/wc_sweep_bnlearn_survey_alpha001_nowrong_noweight_seed2026_2075_20260715_155405/rep27/facts.lp
survey,Survey (6),2053,MPC,True,,5.0,44,10.0,10.0,0.0,0.22727272727272727,False,results/paper_aaai2027/frozen/results/estimated_graphs/paper_bnlearn_alpha001_nowrong_noweight_50rep_mpc_fgs/survey/MPC/run_0027_seed_2053.npz,results/paper_aaai2027/frozen/results/final_mcs_experiments_er_sf_alpha001_nowrong_noweight_50rep_chunked/wc_sweep_bnlearn_survey_alpha001_nowrong_noweight_seed2026_2075_20260715_155405/rep28/facts.lp
survey,Survey (6),2054,MPC,True,,1.0,76,17.0,17.0,0.0,0.2236842105263158,False,results/paper_aaai2027/frozen/results/estimated_graphs/paper_bnlearn_alpha001_nowrong_noweight_50rep_mpc_fgs/survey/MPC/run_0028_seed_2054.npz,results/paper_aaai2027/frozen/results/final_mcs_experiments_er_sf_alpha001_nowrong_noweight_50rep_chunked/wc_sweep_bnlearn_survey_alpha001_nowrong_noweight_seed2026_2075_20260715_155405/rep29/facts.lp
survey,Survey (6),2055,MPC,False,ValueError: Endpoint graph has no consistent DAG extension,,46,,,,,False,results/paper_aaai2027/frozen/results/estimated_graphs/paper_bnlearn_alpha001_nowrong_noweight_50rep_mpc_fgs/survey/MPC/run_0029_seed_2055.npz,results/paper_aaai2027/frozen/results/final_mcs_experiments_er_sf_alpha001_nowrong_noweight_50rep_chunked/wc_sweep_bnlearn_survey_alpha001_nowrong_noweight_seed2026_2075_20260715_155405/rep30/facts.lp
survey,Survey (6),2056,MPC,False,ValueError: Endpoint graph has no consistent DAG extension,,46,,,,,False,results/paper_aaai2027/frozen/results/estimated_graphs/paper_bnlearn_alpha001_nowrong_noweight_50rep_mpc_fgs/survey/MPC/run_0030_seed_2056.npz,results/paper_aaai2027/frozen/results/final_mcs_experiments_er_sf_alpha001_nowrong_noweight_50rep_chunked/wc_sweep_bnlearn_survey_alpha001_nowrong_noweight_seed2026_2075_20260715_155405/rep31/facts.lp
survey,Survey (6),2057,MPC,True,,6.0,30,8.0,1.0,7.0,0.26666666666666666,False,results/paper_aaai2027/frozen/results/estimated_graphs/paper_bnlearn_alpha001_nowrong_noweight_50rep_mpc_fgs/survey/MPC/run_0031_seed_2057.npz,results/paper_aaai2027/frozen/results/final_mcs_experiments_er_sf_alpha001_nowrong_noweight_50rep_chunked/wc_sweep_bnlearn_survey_alpha001_nowrong_noweight_seed2026_2075_20260715_155405/rep32/facts.lp
survey,Survey (6),2058,MPC,True,,1.0,80,25.0,25.0,0.0,0.3125,False,results/paper_aaai2027/frozen/results/estimated_graphs/paper_bnlearn_alpha001_nowrong_noweight_50rep_mpc_fgs/survey/MPC/run_0032_seed_2058.npz,results/paper_aaai2027/frozen/results/final_mcs_experiments_er_sf_alpha001_nowrong_noweight_50rep_chunked/wc_sweep_bnlearn_survey_alpha001_nowrong_noweight_seed2026_2075_20260715_155405/rep33/facts.lp
survey,Survey (6),2059,MPC,True,,5.0,38,10.0,9.0,1.0,0.2631578947368421,False,results/paper_aaai2027/frozen/results/estimated_graphs/paper_bnlearn_alpha001_nowrong_noweight_50rep_mpc_fgs/survey/MPC/run_0033_seed_2059.npz,results/paper_aaai2027/frozen/results/final_mcs_experiments_er_sf_alpha001_nowrong_noweight_50rep_chunked/wc_sweep_bnlearn_survey_alpha001_nowrong_noweight_seed2026_2075_20260715_155405/rep34/facts.lp
survey,Survey (6),2060,MPC,True,,6.0,72,20.0,20.0,0.0,0.2777777777777778,False,results/paper_aaai2027/frozen/results/estimated_graphs/paper_bnlearn_alpha001_nowrong_noweight_50rep_mpc_fgs/survey/MPC/run_0034_seed_2060.npz,results/paper_aaai2027/frozen/results/final_mcs_experiments_er_sf_alpha001_nowrong_noweight_50rep_chunked/wc_sweep_bnlearn_survey_alpha001_nowrong_noweight_seed2026_2075_20260715_155405/rep35/facts.lp
survey,Survey (6),2061,MPC,True,,5.0,41,11.0,9.0,2.0,0.2682926829268293,False,results/paper_aaai2027/frozen/results/estimated_graphs/paper_bnlearn_alpha001_nowrong_noweight_50rep_mpc_fgs/survey/MPC/run_0035_seed_2061.npz,results/paper_aaai2027/frozen/results/final_mcs_experiments_er_sf_alpha001_nowrong_noweight_50rep_chunked/wc_sweep_bnlearn_survey_alpha001_nowrong_noweight_seed2026_2075_20260715_155405/rep36/facts.lp
survey,Survey (6),2062,MPC,True,,5.0,86,26.0,25.0,1.0,0.3023255813953488,False,results/paper_aaai2027/frozen/results/estimated_graphs/paper_bnlearn_alpha001_nowrong_noweight_50rep_mpc_fgs/survey/MPC/run_0036_seed_2062.npz,results/paper_aaai2027/frozen/results/final_mcs_experiments_er_sf_alpha001_nowrong_noweight_50rep_chunked/wc_sweep_bnlearn_survey_alpha001_nowrong_noweight_seed2026_2075_20260715_155405/rep37/facts.lp
survey,Survey (6),2063,MPC,True,,2.0,52,12.0,2.0,10.0,0.23076923076923078,False,results/paper_aaai2027/frozen/results/estimated_graphs/paper_bnlearn_alpha001_nowrong_noweight_50rep_mpc_fgs/survey/MPC/run_0037_seed_2063.npz,results/paper_aaai2027/frozen/results/final_mcs_experiments_er_sf_alpha001_nowrong_noweight_50rep_chunked/wc_sweep_bnlearn_survey_alpha001_nowrong_noweight_seed2026_2075_20260715_155405/rep38/facts.lp
survey,Survey (6),2064,MPC,False,ValueError: Endpoint graph has no consistent DAG extension,,46,,,,,False,results/paper_aaai2027/frozen/results/estimated_graphs/paper_bnlearn_alpha001_nowrong_noweight_50rep_mpc_fgs/survey/MPC/run_0038_seed_2064.npz,results/paper_aaai2027/frozen/results/final_mcs_experiments_er_sf_alpha001_nowrong_noweight_50rep_chunked/wc_sweep_bnlearn_survey_alpha001_nowrong_noweight_seed2026_2075_20260715_155405/rep39/facts.lp
survey,Survey (6),2065,MPC,True,,5.0,44,10.0,10.0,0.0,0.22727272727272727,False,results/paper_aaai2027/frozen/results/estimated_graphs/paper_bnlearn_alpha001_nowrong_noweight_50rep_mpc_fgs/survey/MPC/run_0039_seed_2065.npz,results/paper_aaai2027/frozen/results/final_mcs_experiments_er_sf_alpha001_nowrong_noweight_50rep_chunked/wc_sweep_bnlearn_survey_alpha001_nowrong_noweight_seed2026_2075_20260715_155405/rep40/facts.lp
survey,Survey (6),2066,MPC,True,,5.0,47,14.0,9.0,5.0,0.2978723404255319,False,results/paper_aaai2027/frozen/results/estimated_graphs/paper_bnlearn_alpha001_nowrong_noweight_50rep_mpc_fgs/survey/MPC/run_0040_seed_2066.npz,results/paper_aaai2027/frozen/results/final_mcs_experiments_er_sf_alpha001_nowrong_noweight_50rep_chunked/wc_sweep_bnlearn_survey_alpha001_nowrong_noweight_seed2026_2075_20260715_155405/rep41/facts.lp
survey,Survey (6),2067,MPC,True,,5.0,56,20.0,10.0,10.0,0.35714285714285715,False,results/paper_aaai2027/frozen/results/estimated_graphs/paper_bnlearn_alpha001_nowrong_noweight_50rep_mpc_fgs/survey/MPC/run_0041_seed_2067.npz,results/paper_aaai2027/frozen/results/final_mcs_experiments_er_sf_alpha001_nowrong_noweight_50rep_chunked/wc_sweep_bnlearn_survey_alpha001_nowrong_noweight_seed2026_2075_20260715_155405/rep42/facts.lp
survey,Survey (6),2068,MPC,True,,6.0,64,20.0,17.0,3.0,0.3125,False,results/paper_aaai2027/frozen/results/estimated_graphs/paper_bnlearn_alpha001_nowrong_noweight_50rep_mpc_fgs/survey/MPC/run_0042_seed_2068.npz,results/paper_aaai2027/frozen/results/final_mcs_experiments_er_sf_alpha001_nowrong_noweight_50rep_chunked/wc_sweep_bnlearn_survey_alpha001_nowrong_noweight_seed2026_2075_20260715_155405/rep43/facts.lp
survey,Survey (6),2069,MPC,False,ValueError: Endpoint graph has no consistent DAG extension,,46,,,,,False,results/paper_aaai2027/frozen/results/estimated_graphs/paper_bnlearn_alpha001_nowrong_noweight_50rep_mpc_fgs/survey/MPC/run_0043_seed_2069.npz,results/paper_aaai2027/frozen/results/final_mcs_experiments_er_sf_alpha001_nowrong_noweight_50rep_chunked/wc_sweep_bnlearn_survey_alpha001_nowrong_noweight_seed2026_2075_20260715_155405/rep44/facts.lp
survey,Survey (6),2070,MPC,False,ValueError: Endpoint graph has no consistent DAG extension,,46,,,,,False,results/paper_aaai2027/frozen/results/estimated_graphs/paper_bnlearn_alpha001_nowrong_noweight_50rep_mpc_fgs/survey/MPC/run_0044_seed_2070.npz,results/paper_aaai2027/frozen/results/final_mcs_experiments_er_sf_alpha001_nowrong_noweight_50rep_chunked/wc_sweep_bnlearn_survey_alpha001_nowrong_noweight_seed2026_2075_20260715_155405/rep45/facts.lp
survey,Survey (6),2071,MPC,True,,1.0,80,25.0,25.0,0.0,0.3125,False,results/paper_aaai2027/frozen/results/estimated_graphs/paper_bnlearn_alpha001_nowrong_noweight_50rep_mpc_fgs/survey/MPC/run_0045_seed_2071.npz,results/paper_aaai2027/frozen/results/final_mcs_experiments_er_sf_alpha001_nowrong_noweight_50rep_chunked/wc_sweep_bnlearn_survey_alpha001_nowrong_noweight_seed2026_2075_20260715_155405/rep46/facts.lp
survey,Survey (6),2072,MPC,True,,1.0,68,18.0,14.0,4.0,0.2647058823529412,False,results/paper_aaai2027/frozen/results/estimated_graphs/paper_bnlearn_alpha001_nowrong_noweight_50rep_mpc_fgs/survey/MPC/run_0046_seed_2072.npz,results/paper_aaai2027/frozen/results/final_mcs_experiments_er_sf_alpha001_nowrong_noweight_50rep_chunked/wc_sweep_bnlearn_survey_alpha001_nowrong_noweight_seed2026_2075_20260715_155405/rep47/facts.lp
survey,Survey (6),2073,MPC,True,,1.0,80,25.0,25.0,0.0,0.3125,False,results/paper_aaai2027/frozen/results/estimated_graphs/paper_bnlearn_alpha001_nowrong_noweight_50rep_mpc_fgs/survey/MPC/run_0047_seed_2073.npz,results/paper_aaai2027/frozen/results/final_mcs_experiments_er_sf_alpha001_nowrong_noweight_50rep_chunked/wc_sweep_bnlearn_survey_alpha001_nowrong_noweight_seed2026_2075_20260715_155405/rep48/facts.lp
survey,Survey (6),2074,MPC,True,,5.0,40,11.0,11.0,0.0,0.275,False,results/paper_aaai2027/frozen/results/estimated_graphs/paper_bnlearn_alpha001_nowrong_noweight_50rep_mpc_fgs/survey/MPC/run_0048_seed_2074.npz,results/paper_aaai2027/frozen/results/final_mcs_experiments_er_sf_alpha001_nowrong_noweight_50rep_chunked/wc_sweep_bnlearn_survey_alpha001_nowrong_noweight_seed2026_2075_20260715_155405/rep49/facts.lp
survey,Survey (6),2075,MPC,True,,5.0,47,14.0,8.0,6.0,0.2978723404255319,False,results/paper_aaai2027/frozen/results/estimated_graphs/paper_bnlearn_alpha001_nowrong_noweight_50rep_mpc_fgs/survey/MPC/run_0049_seed_2075.npz,results/paper_aaai2027/frozen/results/final_mcs_experiments_er_sf_alpha001_nowrong_noweight_50rep_chunked/wc_sweep_bnlearn_survey_alpha001_nowrong_noweight_seed2026_2075_20260715_155405/rep50/facts.lp
asia,Asia (8),2026,MPC,True,,4.0,140,47.0,5.0,42.0,0.3357142857142857,False,results/paper_aaai2027/frozen/results/estimated_graphs/paper_bnlearn_alpha001_nowrong_noweight_50rep_mpc_fgs/asia/MPC/run_0000_seed_2026.npz,results/paper_aaai2027/frozen/results/final_mcs_experiments_er_sf_alpha001_nowrong_noweight_50rep_chunked/wc_sweep_bnlearn_asia_alpha001_nowrong_noweight_seed2026_2075_20260715_161105/rep1/facts.lp
asia,Asia (8),2027,MPC,True,,4.0,140,47.0,5.0,42.0,0.3357142857142857,False,results/paper_aaai2027/frozen/results/estimated_graphs/paper_bnlearn_alpha001_nowrong_noweight_50rep_mpc_fgs/asia/MPC/run_0001_seed_2027.npz,results/paper_aaai2027/frozen/results/final_mcs_experiments_er_sf_alpha001_nowrong_noweight_50rep_chunked/wc_sweep_bnlearn_asia_alpha001_nowrong_noweight_seed2026_2075_20260715_161105/rep2/facts.lp
asia,Asia (8),2028,MPC,True,,8.0,146,47.0,4.0,43.0,0.3219178082191781,False,results/paper_aaai2027/frozen/results/estimated_graphs/paper_bnlearn_alpha001_nowrong_noweight_50rep_mpc_fgs/asia/MPC/run_0002_seed_2028.npz,results/paper_aaai2027/frozen/results/final_mcs_experiments_er_sf_alpha001_nowrong_noweight_50rep_chunked/wc_sweep_bnlearn_asia_alpha001_nowrong_noweight_seed2026_2075_20260715_161105/rep3/facts.lp
asia,Asia (8),2029,MPC,True,,4.0,135,45.0,3.0,42.0,0.3333333333333333,False,results/paper_aaai2027/frozen/results/estimated_graphs/paper_bnlearn_alpha001_nowrong_noweight_50rep_mpc_fgs/asia/MPC/run_0003_seed_2029.npz,results/paper_aaai2027/frozen/results/final_mcs_experiments_er_sf_alpha001_nowrong_noweight_50rep_chunked/wc_sweep_bnlearn_asia_alpha001_nowrong_noweight_seed2026_2075_20260715_161105/rep4/facts.lp
asia,Asia (8),2030,MPC,True,,4.0,137,44.0,4.0,40.0,0.32116788321167883,False,results/paper_aaai2027/frozen/results/estimated_graphs/paper_bnlearn_alpha001_nowrong_noweight_50rep_mpc_fgs/asia/MPC/run_0004_seed_2030.npz,results/paper_aaai2027/frozen/results/final_mcs_experiments_er_sf_alpha001_nowrong_noweight_50rep_chunked/wc_sweep_bnlearn_asia_alpha001_nowrong_noweight_seed2026_2075_20260715_161105/rep5/facts.lp
asia,Asia (8),2031,MPC,True,,8.0,145,44.0,4.0,40.0,0.30344827586206896,False,results/paper_aaai2027/frozen/results/estimated_graphs/paper_bnlearn_alpha001_nowrong_noweight_50rep_mpc_fgs/asia/MPC/run_0005_seed_2031.npz,results/paper_aaai2027/frozen/results/final_mcs_experiments_er_sf_alpha001_nowrong_noweight_50rep_chunked/wc_sweep_bnlearn_asia_alpha001_nowrong_noweight_seed2026_2075_20260715_161105/rep6/facts.lp
asia,Asia (8),2032,MPC,True,,4.0,166,52.0,3.0,49.0,0.3132530120481928,False,results/paper_aaai2027/frozen/results/estimated_graphs/paper_bnlearn_alpha001_nowrong_noweight_50rep_mpc_fgs/asia/MPC/run_0006_seed_2032.npz,results/paper_aaai2027/frozen/results/final_mcs_experiments_er_sf_alpha001_nowrong_noweight_50rep_chunked/wc_sweep_bnlearn_asia_alpha001_nowrong_noweight_seed2026_2075_20260715_161105/rep7/facts.lp
asia,Asia (8),2033,MPC,True,,4.0,124,42.0,5.0,37.0,0.3387096774193548,False,results/paper_aaai2027/frozen/results/estimated_graphs/paper_bnlearn_alpha001_nowrong_noweight_50rep_mpc_fgs/asia/MPC/run_0007_seed_2033.npz,results/paper_aaai2027/frozen/results/final_mcs_experiments_er_sf_alpha001_nowrong_noweight_50rep_chunked/wc_sweep_bnlearn_asia_alpha001_nowrong_noweight_seed2026_2075_20260715_161105/rep8/facts.lp
asia,Asia (8),2034,MPC,True,,4.0,154,53.0,5.0,48.0,0.34415584415584416,False,results/paper_aaai2027/frozen/results/estimated_graphs/paper_bnlearn_alpha001_nowrong_noweight_50rep_mpc_fgs/asia/MPC/run_0008_seed_2034.npz,results/paper_aaai2027/frozen/results/final_mcs_experiments_er_sf_alpha001_nowrong_noweight_50rep_chunked/wc_sweep_bnlearn_asia_alpha001_nowrong_noweight_seed2026_2075_20260715_161105/rep9/facts.lp
asia,Asia (8),2035,MPC,True,,8.0,151,48.0,4.0,44.0,0.31788079470198677,False,results/paper_aaai2027/frozen/results/estimated_graphs/paper_bnlearn_alpha001_nowrong_noweight_50rep_mpc_fgs/asia/MPC/run_0009_seed_2035.npz,results/paper_aaai2027/frozen/results/final_mcs_experiments_er_sf_alpha001_nowrong_noweight_50rep_chunked/wc_sweep_bnlearn_asia_alpha001_nowrong_noweight_seed2026_2075_20260715_161105/rep10/facts.lp
asia,Asia (8),2036,MPC,True,,8.0,135,44.0,6.0,38.0,0.32592592592592595,False,results/paper_aaai2027/frozen/results/estimated_graphs/paper_bnlearn_alpha001_nowrong_noweight_50rep_mpc_fgs/asia/MPC/run_0010_seed_2036.npz,results/paper_aaai2027/frozen/results/final_mcs_experiments_er_sf_alpha001_nowrong_noweight_50rep_chunked/wc_sweep_bnlearn_asia_alpha001_nowrong_noweight_seed2026_2075_20260715_161105/rep11/facts.lp
asia,Asia (8),2037,MPC,True,,4.0,140,43.0,3.0,40.0,0.30714285714285716,False,results/paper_aaai2027/frozen/results/estimated_graphs/paper_bnlearn_alpha001_nowrong_noweight_50rep_mpc_fgs/asia/MPC/run_0011_seed_2037.npz,results/paper_aaai2027/frozen/results/final_mcs_experiments_er_sf_alpha001_nowrong_noweight_50rep_chunked/wc_sweep_bnlearn_asia_alpha001_nowrong_noweight_seed2026_2075_20260715_161105/rep12/facts.lp
asia,Asia (8),2038,MPC,True,,4.0,140,46.0,5.0,41.0,0.32857142857142857,False,results/paper_aaai2027/frozen/results/estimated_graphs/paper_bnlearn_alpha001_nowrong_noweight_50rep_mpc_fgs/asia/MPC/run_0012_seed_2038.npz,results/paper_aaai2027/frozen/results/final_mcs_experiments_er_sf_alpha001_nowrong_noweight_50rep_chunked/wc_sweep_bnlearn_asia_alpha001_nowrong_noweight_seed2026_2075_20260715_161105/rep13/facts.lp
asia,Asia (8),2039,MPC,True,,8.0,151,51.0,6.0,45.0,0.33774834437086093,False,results/paper_aaai2027/frozen/results/estimated_graphs/paper_bnlearn_alpha001_nowrong_noweight_50rep_mpc_fgs/asia/MPC/run_0013_seed_2039.npz,results/paper_aaai2027/frozen/results/final_mcs_experiments_er_sf_alpha001_nowrong_noweight_50rep_chunked/wc_sweep_bnlearn_asia_alpha001_nowrong_noweight_seed2026_2075_20260715_161105/rep14/facts.lp
asia,Asia (8),2040,MPC,True,,4.0,124,41.0,5.0,36.0,0.33064516129032256,False,results/paper_aaai2027/frozen/results/estimated_graphs/paper_bnlearn_alpha001_nowrong_noweight_50rep_mpc_fgs/asia/MPC/run_0014_seed_2040.npz,results/paper_aaai2027/frozen/results/final_mcs_experiments_er_sf_alpha001_nowrong_noweight_50rep_chunked/wc_sweep_bnlearn_asia_alpha001_nowrong_noweight_seed2026_2075_20260715_161105/rep15/facts.lp
asia,Asia (8),2041,MPC,True,,4.0,140,50.0,5.0,45.0,0.35714285714285715,False,results/paper_aaai2027/frozen/results/estimated_graphs/paper_bnlearn_alpha001_nowrong_noweight_50rep_mpc_fgs/asia/MPC/run_0015_seed_2041.npz,results/paper_aaai2027/frozen/results/final_mcs_experiments_er_sf_alpha001_nowrong_noweight_50rep_chunked/wc_sweep_bnlearn_asia_alpha001_nowrong_noweight_seed2026_2075_20260715_161105/rep16/facts.lp
asia,Asia (8),2042,MPC,True,,4.0,140,48.0,5.0,43.0,0.34285714285714286,False,results/paper_aaai2027/frozen/results/estimated_graphs/paper_bnlearn_alpha001_nowrong_noweight_50rep_mpc_fgs/asia/MPC/run_0016_seed_2042.npz,results/paper_aaai2027/frozen/results/final_mcs_experiments_er_sf_alpha001_nowrong_noweight_50rep_chunked/wc_sweep_bnlearn_asia_alpha001_nowrong_noweight_seed2026_2075_20260715_161105/rep17/facts.lp
asia,Asia (8),2043,MPC,True,,4.0,133,46.0,3.0,43.0,0.3458646616541353,False,results/paper_aaai2027/frozen/results/estimated_graphs/paper_bnlearn_alpha001_nowrong_noweight_50rep_mpc_fgs/asia/MPC/run_0017_seed_2043.npz,results/paper_aaai2027/frozen/results/final_mcs_experiments_er_sf_alpha001_nowrong_noweight_50rep_chunked/wc_sweep_bnlearn_asia_alpha001_nowrong_noweight_seed2026_2075_20260715_161105/rep18/facts.lp
asia,Asia (8),2044,MPC,True,,4.0,134,44.0,5.0,39.0,0.3283582089552239,False,results/paper_aaai2027/frozen/results/estimated_graphs/paper_bnlearn_alpha001_nowrong_noweight_50rep_mpc_fgs/asia/MPC/run_0018_seed_2044.npz,results/paper_aaai2027/frozen/results/final_mcs_experiments_er_sf_alpha001_nowrong_noweight_50rep_chunked/wc_sweep_bnlearn_asia_alpha001_nowrong_noweight_seed2026_2075_20260715_161105/rep19/facts.lp
asia,Asia (8),2045,MPC,True,,4.0,146,50.0,3.0,47.0,0.3424657534246575,False,results/paper_aaai2027/frozen/results/estimated_graphs/paper_bnlearn_alpha001_nowrong_noweight_50rep_mpc_fgs/asia/MPC/run_0019_seed_2045.npz,results/paper_aaai2027/frozen/results/final_mcs_experiments_er_sf_alpha001_nowrong_noweight_50rep_chunked/wc_sweep_bnlearn_asia_alpha001_nowrong_noweight_seed2026_2075_20260715_161105/rep20/facts.lp
asia,Asia (8),2046,MPC,True,,8.0,146,48.0,6.0,42.0,0.3287671232876712,False,results/paper_aaai2027/frozen/results/estimated_graphs/paper_bnlearn_alpha001_nowrong_noweight_50rep_mpc_fgs/asia/MPC/run_0020_seed_2046.npz,results/paper_aaai2027/frozen/results/final_mcs_experiments_er_sf_alpha001_nowrong_noweight_50rep_chunked/wc_sweep_bnlearn_asia_alpha001_nowrong_noweight_seed2026_2075_20260715_161105/rep21/facts.lp
asia,Asia (8),2047,MPC,True,,8.0,170,52.0,2.0,50.0,0.3058823529411765,False,results/paper_aaai2027/frozen/results/estimated_graphs/paper_bnlearn_alpha001_nowrong_noweight_50rep_mpc_fgs/asia/MPC/run_0021_seed_2047.npz,results/paper_aaai2027/frozen/results/final_mcs_experiments_er_sf_alpha001_nowrong_noweight_50rep_chunked/wc_sweep_bnlearn_asia_alpha001_nowrong_noweight_seed2026_2075_20260715_161105/rep22/facts.lp
asia,Asia (8),2048,MPC,True,,4.0,140,46.0,4.0,42.0,0.32857142857142857,False,results/paper_aaai2027/frozen/results/estimated_graphs/paper_bnlearn_alpha001_nowrong_noweight_50rep_mpc_fgs/asia/MPC/run_0022_seed_2048.npz,results/paper_aaai2027/frozen/results/final_mcs_experiments_er_sf_alpha001_nowrong_noweight_50rep_chunked/wc_sweep_bnlearn_asia_alpha001_nowrong_noweight_seed2026_2075_20260715_161105/rep23/facts.lp
asia,Asia (8),2049,MPC,True,,4.0,127,42.0,4.0,38.0,0.33070866141732286,False,results/paper_aaai2027/frozen/results/estimated_graphs/paper_bnlearn_alpha001_nowrong_noweight_50rep_mpc_fgs/asia/MPC/run_0023_seed_2049.npz,results/paper_aaai2027/frozen/results/final_mcs_experiments_er_sf_alpha001_nowrong_noweight_50rep_chunked/wc_sweep_bnlearn_asia_alpha001_nowrong_noweight_seed2026_2075_20260715_161105/rep24/facts.lp
asia,Asia (8),2050,MPC,True,,4.0,140,47.0,3.0,44.0,0.3357142857142857,False,results/paper_aaai2027/frozen/results/estimated_graphs/paper_bnlearn_alpha001_nowrong_noweight_50rep_mpc_fgs/asia/MPC/run_0024_seed_2050.npz,results/paper_aaai2027/frozen/results/final_mcs_experiments_er_sf_alpha001_nowrong_noweight_50rep_chunked/wc_sweep_bnlearn_asia_alpha001_nowrong_noweight_seed2026_2075_20260715_161105/rep25/facts.lp
asia,Asia (8),2051,MPC,True,,4.0,127,40.0,3.0,37.0,0.31496062992125984,False,results/paper_aaai2027/frozen/results/estimated_graphs/paper_bnlearn_alpha001_nowrong_noweight_50rep_mpc_fgs/asia/MPC/run_0025_seed_2051.npz,results/paper_aaai2027/frozen/results/final_mcs_experiments_er_sf_alpha001_nowrong_noweight_50rep_chunked/wc_sweep_bnlearn_asia_alpha001_nowrong_noweight_seed2026_2075_20260715_161105/rep26/facts.lp
asia,Asia (8),2052,MPC,True,,4.0,157,54.0,3.0,51.0,0.34394904458598724,False,results/paper_aaai2027/frozen/results/estimated_graphs/paper_bnlearn_alpha001_nowrong_noweight_50rep_mpc_fgs/asia/MPC/run_0026_seed_2052.npz,results/paper_aaai2027/frozen/results/final_mcs_experiments_er_sf_alpha001_nowrong_noweight_50rep_chunked/wc_sweep_bnlearn_asia_alpha001_nowrong_noweight_seed2026_2075_20260715_161105/rep27/facts.lp
asia,Asia (8),2053,MPC,True,,4.0,167,57.0,5.0,52.0,0.3413173652694611,False,results/paper_aaai2027/frozen/results/estimated_graphs/paper_bnlearn_alpha001_nowrong_noweight_50rep_mpc_fgs/asia/MPC/run_0027_seed_2053.npz,results/paper_aaai2027/frozen/results/final_mcs_experiments_er_sf_alpha001_nowrong_noweight_50rep_chunked/wc_sweep_bnlearn_asia_alpha001_nowrong_noweight_seed2026_2075_20260715_161105/rep28/facts.lp
asia,Asia (8),2054,MPC,True,,4.0,124,41.0,5.0,36.0,0.33064516129032256,False,results/paper_aaai2027/frozen/results/estimated_graphs/paper_bnlearn_alpha001_nowrong_noweight_50rep_mpc_fgs/asia/MPC/run_0028_seed_2054.npz,results/paper_aaai2027/frozen/results/final_mcs_experiments_er_sf_alpha001_nowrong_noweight_50rep_chunked/wc_sweep_bnlearn_asia_alpha001_nowrong_noweight_seed2026_2075_20260715_161105/rep29/facts.lp
asia,Asia (8),2055,MPC,True,,8.0,145,44.0,4.0,40.0,0.30344827586206896,False,results/paper_aaai2027/frozen/results/estimated_graphs/paper_bnlearn_alpha001_nowrong_noweight_50rep_mpc_fgs/asia/MPC/run_0029_seed_2055.npz,results/paper_aaai2027/frozen/results/final_mcs_experiments_er_sf_alpha001_nowrong_noweight_50rep_chunked/wc_sweep_bnlearn_asia_alpha001_nowrong_noweight_seed2026_2075_20260715_161105/rep30/facts.lp
asia,Asia (8),2056,MPC,True,,4.0,146,51.0,4.0,47.0,0.3493150684931507,False,results/paper_aaai2027/frozen/results/estimated_graphs/paper_bnlearn_alpha001_nowrong_noweight_50rep_mpc_fgs/asia/MPC/run_0030_seed_2056.npz,results/paper_aaai2027/frozen/results/final_mcs_experiments_er_sf_alpha001_nowrong_noweight_50rep_chunked/wc_sweep_bnlearn_asia_alpha001_nowrong_noweight_seed2026_2075_20260715_161105/rep31/facts.lp
asia,Asia (8),2057,MPC,True,,4.0,142,44.0,5.0,39.0,0.30985915492957744,False,results/paper_aaai2027/frozen/results/estimated_graphs/paper_bnlearn_alpha001_nowrong_noweight_50rep_mpc_fgs/asia/MPC/run_0031_seed_2057.npz,results/paper_aaai2027/frozen/results/final_mcs_experiments_er_sf_alpha001_nowrong_noweight_50rep_chunked/wc_sweep_bnlearn_asia_alpha001_nowrong_noweight_seed2026_2075_20260715_161105/rep32/facts.lp
asia,Asia (8),2058,MPC,True,,4.0,140,45.0,3.0,42.0,0.32142857142857145,False,results/paper_aaai2027/frozen/results/estimated_graphs/paper_bnlearn_alpha001_nowrong_noweight_50rep_mpc_fgs/asia/MPC/run_0032_seed_2058.npz,results/paper_aaai2027/frozen/results/final_mcs_experiments_er_sf_alpha001_nowrong_noweight_50rep_chunked/wc_sweep_bnlearn_asia_alpha001_nowrong_noweight_seed2026_2075_20260715_161105/rep33/facts.lp
asia,Asia (8),2059,MPC,True,,4.0,134,43.0,5.0,38.0,0.3208955223880597,False,results/paper_aaai2027/frozen/results/estimated_graphs/paper_bnlearn_alpha001_nowrong_noweight_50rep_mpc_fgs/asia/MPC/run_0033_seed_2059.npz,results/paper_aaai2027/frozen/results/final_mcs_experiments_er_sf_alpha001_nowrong_noweight_50rep_chunked/wc_sweep_bnlearn_asia_alpha001_nowrong_noweight_seed2026_2075_20260715_161105/rep34/facts.lp
asia,Asia (8),2060,MPC,True,,4.0,140,46.0,3.0,43.0,0.32857142857142857,False,results/paper_aaai2027/frozen/results/estimated_graphs/paper_bnlearn_alpha001_nowrong_noweight_50rep_mpc_fgs/asia/MPC/run_0034_seed_2060.npz,results/paper_aaai2027/frozen/results/final_mcs_experiments_er_sf_alpha001_nowrong_noweight_50rep_chunked/wc_sweep_bnlearn_asia_alpha001_nowrong_noweight_seed2026_2075_20260715_161105/rep35/facts.lp
asia,Asia (8),2061,MPC,True,,4.0,134,43.0,3.0,40.0,0.3208955223880597,False,results/paper_aaai2027/frozen/results/estimated_graphs/paper_bnlearn_alpha001_nowrong_noweight_50rep_mpc_fgs/asia/MPC/run_0035_seed_2061.npz,results/paper_aaai2027/frozen/results/final_mcs_experiments_er_sf_alpha001_nowrong_noweight_50rep_chunked/wc_sweep_bnlearn_asia_alpha001_nowrong_noweight_seed2026_2075_20260715_161105/rep36/facts.lp
asia,Asia (8),2062,MPC,True,,4.0,140,47.0,4.0,43.0,0.3357142857142857,False,results/paper_aaai2027/frozen/results/estimated_graphs/paper_bnlearn_alpha001_nowrong_noweight_50rep_mpc_fgs/asia/MPC/run_0036_seed_2062.npz,results/paper_aaai2027/frozen/results/final_mcs_experiments_er_sf_alpha001_nowrong_noweight_50rep_chunked/wc_sweep_bnlearn_asia_alpha001_nowrong_noweight_seed2026_2075_20260715_161105/rep37/facts.lp
asia,Asia (8),2063,MPC,True,,4.0,140,47.0,5.0,42.0,0.3357142857142857,False,results/paper_aaai2027/frozen/results/estimated_graphs/paper_bnlearn_alpha001_nowrong_noweight_50rep_mpc_fgs/asia/MPC/run_0037_seed_2063.npz,results/paper_aaai2027/frozen/results/final_mcs_experiments_er_sf_alpha001_nowrong_noweight_50rep_chunked/wc_sweep_bnlearn_asia_alpha001_nowrong_noweight_seed2026_2075_20260715_161105/rep38/facts.lp
asia,Asia (8),2064,MPC,True,,5.0,152,47.0,7.0,40.0,0.3092105263157895,False,results/paper_aaai2027/frozen/results/estimated_graphs/paper_bnlearn_alpha001_nowrong_noweight_50rep_mpc_fgs/asia/MPC/run_0038_seed_2064.npz,results/paper_aaai2027/frozen/results/final_mcs_experiments_er_sf_alpha001_nowrong_noweight_50rep_chunked/wc_sweep_bnlearn_asia_alpha001_nowrong_noweight_seed2026_2075_20260715_161105/rep39/facts.lp
asia,Asia (8),2065,MPC,True,,4.0,149,53.0,5.0,48.0,0.35570469798657717,False,results/paper_aaai2027/frozen/results/estimated_graphs/paper_bnlearn_alpha001_nowrong_noweight_50rep_mpc_fgs/asia/MPC/run_0039_seed_2065.npz,results/paper_aaai2027/frozen/results/final_mcs_experiments_er_sf_alpha001_nowrong_noweight_50rep_chunked/wc_sweep_bnlearn_asia_alpha001_nowrong_noweight_seed2026_2075_20260715_161105/rep40/facts.lp
asia,Asia (8),2066,MPC,True,,4.0,140,47.0,5.0,42.0,0.3357142857142857,False,results/paper_aaai2027/frozen/results/estimated_graphs/paper_bnlearn_alpha001_nowrong_noweight_50rep_mpc_fgs/asia/MPC/run_0040_seed_2066.npz,results/paper_aaai2027/frozen/results/final_mcs_experiments_er_sf_alpha001_nowrong_noweight_50rep_chunked/wc_sweep_bnlearn_asia_alpha001_nowrong_noweight_seed2026_2075_20260715_161105/rep41/facts.lp
asia,Asia (8),2067,MPC,True,,4.0,140,45.0,3.0,42.0,0.32142857142857145,False,results/paper_aaai2027/frozen/results/estimated_graphs/paper_bnlearn_alpha001_nowrong_noweight_50rep_mpc_fgs/asia/MPC/run_0041_seed_2067.npz,results/paper_aaai2027/frozen/results/final_mcs_experiments_er_sf_alpha001_nowrong_noweight_50rep_chunked/wc_sweep_bnlearn_asia_alpha001_nowrong_noweight_seed2026_2075_20260715_161105/rep42/facts.lp
asia,Asia (8),2068,MPC,True,,4.0,140,47.0,3.0,44.0,0.3357142857142857,False,results/paper_aaai2027/frozen/results/estimated_graphs/paper_bnlearn_alpha001_nowrong_noweight_50rep_mpc_fgs/asia/MPC/run_0042_seed_2068.npz,results/paper_aaai2027/frozen/results/final_mcs_experiments_er_sf_alpha001_nowrong_noweight_50rep_chunked/wc_sweep_bnlearn_asia_alpha001_nowrong_noweight_seed2026_2075_20260715_161105/rep43/facts.lp
asia,Asia (8),2069,MPC,True,,4.0,134,42.0,3.0,39.0,0.31343283582089554,False,results/paper_aaai2027/frozen/results/estimated_graphs/paper_bnlearn_alpha001_nowrong_noweight_50rep_mpc_fgs/asia/MPC/run_0043_seed_2069.npz,results/paper_aaai2027/frozen/results/final_mcs_experiments_er_sf_alpha001_nowrong_noweight_50rep_chunked/wc_sweep_bnlearn_asia_alpha001_nowrong_noweight_seed2026_2075_20260715_161105/rep44/facts.lp
asia,Asia (8),2070,MPC,True,,4.0,155,50.0,5.0,45.0,0.3225806451612903,False,results/paper_aaai2027/frozen/results/estimated_graphs/paper_bnlearn_alpha001_nowrong_noweight_50rep_mpc_fgs/asia/MPC/run_0044_seed_2070.npz,results/paper_aaai2027/frozen/results/final_mcs_experiments_er_sf_alpha001_nowrong_noweight_50rep_chunked/wc_sweep_bnlearn_asia_alpha001_nowrong_noweight_seed2026_2075_20260715_161105/rep45/facts.lp
asia,Asia (8),2071,MPC,True,,4.0,134,42.0,4.0,38.0,0.31343283582089554,False,results/paper_aaai2027/frozen/results/estimated_graphs/paper_bnlearn_alpha001_nowrong_noweight_50rep_mpc_fgs/asia/MPC/run_0045_seed_2071.npz,results/paper_aaai2027/frozen/results/final_mcs_experiments_er_sf_alpha001_nowrong_noweight_50rep_chunked/wc_sweep_bnlearn_asia_alpha001_nowrong_noweight_seed2026_2075_20260715_161105/rep46/facts.lp
asia,Asia (8),2072,MPC,True,,4.0,146,51.0,5.0,46.0,0.3493150684931507,False,results/paper_aaai2027/frozen/results/estimated_graphs/paper_bnlearn_alpha001_nowrong_noweight_50rep_mpc_fgs/asia/MPC/run_0046_seed_2072.npz,results/paper_aaai2027/frozen/results/final_mcs_experiments_er_sf_alpha001_nowrong_noweight_50rep_chunked/wc_sweep_bnlearn_asia_alpha001_nowrong_noweight_seed2026_2075_20260715_161105/rep47/facts.lp
asia,Asia (8),2073,MPC,True,,8.0,145,44.0,4.0,40.0,0.30344827586206896,False,results/paper_aaai2027/frozen/results/estimated_graphs/paper_bnlearn_alpha001_nowrong_noweight_50rep_mpc_fgs/asia/MPC/run_0047_seed_2073.npz,results/paper_aaai2027/frozen/results/final_mcs_experiments_er_sf_alpha001_nowrong_noweight_50rep_chunked/wc_sweep_bnlearn_asia_alpha001_nowrong_noweight_seed2026_2075_20260715_161105/rep48/facts.lp
asia,Asia (8),2074,MPC,True,,8.0,157,54.0,6.0,48.0,0.34394904458598724,False,results/paper_aaai2027/frozen/results/estimated_graphs/paper_bnlearn_alpha001_nowrong_noweight_50rep_mpc_fgs/asia/MPC/run_0048_seed_2074.npz,results/paper_aaai2027/frozen/results/final_mcs_experiments_er_sf_alpha001_nowrong_noweight_50rep_chunked/wc_sweep_bnlearn_asia_alpha001_nowrong_noweight_seed2026_2075_20260715_161105/rep49/facts.lp
asia,Asia (8),2075,MPC,True,,4.0,140,44.0,2.0,42.0,0.3142857142857143,False,results/paper_aaai2027/frozen/results/estimated_graphs/paper_bnlearn_alpha001_nowrong_noweight_50rep_mpc_fgs/asia/MPC/run_0049_seed_2075.npz,results/paper_aaai2027/frozen/results/final_mcs_experiments_er_sf_alpha001_nowrong_noweight_50rep_chunked/wc_sweep_bnlearn_asia_alpha001_nowrong_noweight_seed2026_2075_20260715_161105/rep50/facts.lp
er5,ER (5),2026,MPC,True,,4.0,36,0.0,0.0,0.0,0.0,True,results/paper_aaai2027/frozen/results/estimated_graphs/paper_er_sf_sparse_alpha001_noweight_50rep_mpc_fgs/er5/MPC/run_0000_seed_2026.npz,results/paper_aaai2027/frozen/results/final_mcs_experiments_er_sf_sparse_alpha001_noweight_50rep/wc_sweep_5_2026_er_sparse_alpha001_noweight_seed2026_2075_20260715_175814/rep1/facts.lp
er5,ER (5),2027,MPC,True,,1.0,47,5.0,5.0,0.0,0.10638297872340426,False,results/paper_aaai2027/frozen/results/estimated_graphs/paper_er_sf_sparse_alpha001_noweight_50rep_mpc_fgs/er5/MPC/run_0001_seed_2027.npz,results/paper_aaai2027/frozen/results/final_mcs_experiments_er_sf_sparse_alpha001_noweight_50rep/wc_sweep_5_2026_er_sparse_alpha001_noweight_seed2026_2075_20260715_175814/rep2/facts.lp
er5,ER (5),2028,MPC,True,,1.0,47,1.0,1.0,0.0,0.02127659574468085,False,results/paper_aaai2027/frozen/results/estimated_graphs/paper_er_sf_sparse_alpha001_noweight_50rep_mpc_fgs/er5/MPC/run_0002_seed_2028.npz,results/paper_aaai2027/frozen/results/final_mcs_experiments_er_sf_sparse_alpha001_noweight_50rep/wc_sweep_5_2026_er_sparse_alpha001_noweight_seed2026_2075_20260715_175814/rep3/facts.lp
er5,ER (5),2029,MPC,True,,4.0,27,3.0,2.0,1.0,0.1111111111111111,False,results/paper_aaai2027/frozen/results/estimated_graphs/paper_er_sf_sparse_alpha001_noweight_50rep_mpc_fgs/er5/MPC/run_0003_seed_2029.npz,results/paper_aaai2027/frozen/results/final_mcs_experiments_er_sf_sparse_alpha001_noweight_50rep/wc_sweep_5_2026_er_sparse_alpha001_noweight_seed2026_2075_20260715_175814/rep4/facts.lp
er5,ER (5),2030,MPC,True,,10.0,32,7.0,3.0,4.0,0.21875,False,results/paper_aaai2027/frozen/results/estimated_graphs/paper_er_sf_sparse_alpha001_noweight_50rep_mpc_fgs/er5/MPC/run_0004_seed_2030.npz,results/paper_aaai2027/frozen/results/final_mcs_experiments_er_sf_sparse_alpha001_noweight_50rep/wc_sweep_5_2026_er_sparse_alpha001_noweight_seed2026_2075_20260715_175814/rep5/facts.lp
er5,ER (5),2031,MPC,True,,3.0,37,4.0,2.0,2.0,0.10810810810810811,False,results/paper_aaai2027/frozen/results/estimated_graphs/paper_er_sf_sparse_alpha001_noweight_50rep_mpc_fgs/er5/MPC/run_0005_seed_2031.npz,results/paper_aaai2027/frozen/results/final_mcs_experiments_er_sf_sparse_alpha001_noweight_50rep/wc_sweep_5_2026_er_sparse_alpha001_noweight_seed2026_2075_20260715_175814/rep6/facts.lp
er5,ER (5),2032,MPC,True,,2.0,34,3.0,1.0,2.0,0.08823529411764706,False,results/paper_aaai2027/frozen/results/estimated_graphs/paper_er_sf_sparse_alpha001_noweight_50rep_mpc_fgs/er5/MPC/run_0006_seed_2032.npz,results/paper_aaai2027/frozen/results/final_mcs_experiments_er_sf_sparse_alpha001_noweight_50rep/wc_sweep_5_2026_er_sparse_alpha001_noweight_seed2026_2075_20260715_175814/rep7/facts.lp
er5,ER (5),2033,MPC,True,,2.0,47,0.0,0.0,0.0,0.0,True,results/paper_aaai2027/frozen/results/estimated_graphs/paper_er_sf_sparse_alpha001_noweight_50rep_mpc_fgs/er5/MPC/run_0007_seed_2033.npz,results/paper_aaai2027/frozen/results/final_mcs_experiments_er_sf_sparse_alpha001_noweight_50rep/wc_sweep_5_2026_er_sparse_alpha001_noweight_seed2026_2075_20260715_175814/rep8/facts.lp
er5,ER (5),2034,MPC,True,,2.0,41,1.0,1.0,0.0,0.024390243902439025,False,results/paper_aaai2027/frozen/results/estimated_graphs/paper_er_sf_sparse_alpha001_noweight_50rep_mpc_fgs/er5/MPC/run_0008_seed_2034.npz,results/paper_aaai2027/frozen/results/final_mcs_experiments_er_sf_sparse_alpha001_noweight_50rep/wc_sweep_5_2026_er_sparse_alpha001_noweight_seed2026_2075_20260715_175814/rep9/facts.lp
er5,ER (5),2035,MPC,True,,2.0,31,5.0,4.0,1.0,0.16129032258064516,False,results/paper_aaai2027/frozen/results/estimated_graphs/paper_er_sf_sparse_alpha001_noweight_50rep_mpc_fgs/er5/MPC/run_0009_seed_2035.npz,results/paper_aaai2027/frozen/results/final_mcs_experiments_er_sf_sparse_alpha001_noweight_50rep/wc_sweep_5_2026_er_sparse_alpha001_noweight_seed2026_2075_20260715_175814/rep10/facts.lp
er5,ER (5),2036,MPC,True,,1.0,47,4.0,4.0,0.0,0.0851063829787234,False,results/paper_aaai2027/frozen/results/estimated_graphs/paper_er_sf_sparse_alpha001_noweight_50rep_mpc_fgs/er5/MPC/run_0010_seed_2036.npz,results/paper_aaai2027/frozen/results/final_mcs_experiments_er_sf_sparse_alpha001_noweight_50rep/wc_sweep_5_2026_er_sparse_alpha001_noweight_seed2026_2075_20260715_175814/rep11/facts.lp
er5,ER (5),2037,MPC,True,,3.0,28,0.0,0.0,0.0,0.0,True,results/paper_aaai2027/frozen/results/estimated_graphs/paper_er_sf_sparse_alpha001_noweight_50rep_mpc_fgs/er5/MPC/run_0011_seed_2037.npz,results/paper_aaai2027/frozen/results/final_mcs_experiments_er_sf_sparse_alpha001_noweight_50rep/wc_sweep_5_2026_er_sparse_alpha001_noweight_seed2026_2075_20260715_175814/rep12/facts.lp
er5,ER (5),2038,MPC,True,,2.0,38,5.0,5.0,0.0,0.13157894736842105,False,results/paper_aaai2027/frozen/results/estimated_graphs/paper_er_sf_sparse_alpha001_noweight_50rep_mpc_fgs/er5/MPC/run_0012_seed_2038.npz,results/paper_aaai2027/frozen/results/final_mcs_experiments_er_sf_sparse_alpha001_noweight_50rep/wc_sweep_5_2026_er_sparse_alpha001_noweight_seed2026_2075_20260715_175814/rep13/facts.lp
er5,ER (5),2039,MPC,True,,12.0,27,7.0,0.0,7.0,0.25925925925925924,False,results/paper_aaai2027/frozen/results/estimated_graphs/paper_er_sf_sparse_alpha001_noweight_50rep_mpc_fgs/er5/MPC/run_0013_seed_2039.npz,results/paper_aaai2027/frozen/results/final_mcs_experiments_er_sf_sparse_alpha001_noweight_50rep/wc_sweep_5_2026_er_sparse_alpha001_noweight_seed2026_2075_20260715_175814/rep14/facts.lp
er5,ER (5),2040,MPC,True,,10.0,41,7.0,4.0,3.0,0.17073170731707318,False,results/paper_aaai2027/frozen/results/estimated_graphs/paper_er_sf_sparse_alpha001_noweight_50rep_mpc_fgs/er5/MPC/run_0014_seed_2040.npz,results/paper_aaai2027/frozen/results/final_mcs_experiments_er_sf_sparse_alpha001_noweight_50rep/wc_sweep_5_2026_er_sparse_alpha001_noweight_seed2026_2075_20260715_175814/rep15/facts.lp
er5,ER (5),2041,MPC,True,,3.0,42,2.0,2.0,0.0,0.047619047619047616,False,results/paper_aaai2027/frozen/results/estimated_graphs/paper_er_sf_sparse_alpha001_noweight_50rep_mpc_fgs/er5/MPC/run_0015_seed_2041.npz,results/paper_aaai2027/frozen/results/final_mcs_experiments_er_sf_sparse_alpha001_noweight_50rep/wc_sweep_5_2026_er_sparse_alpha001_noweight_seed2026_2075_20260715_175814/rep16/facts.lp
er5,ER (5),2042,MPC,True,,1.0,52,5.0,3.0,2.0,0.09615384615384616,False,results/paper_aaai2027/frozen/results/estimated_graphs/paper_er_sf_sparse_alpha001_noweight_50rep_mpc_fgs/er5/MPC/run_0016_seed_2042.npz,results/paper_aaai2027/frozen/results/final_mcs_experiments_er_sf_sparse_alpha001_noweight_50rep/wc_sweep_5_2026_er_sparse_alpha001_noweight_seed2026_2075_20260715_175814/rep17/facts.lp
er5,ER (5),2043,MPC,True,,3.0,42,2.0,0.0,2.0,0.047619047619047616,False,results/paper_aaai2027/frozen/results/estimated_graphs/paper_er_sf_sparse_alpha001_noweight_50rep_mpc_fgs/er5/MPC/run_0017_seed_2043.npz,results/paper_aaai2027/frozen/results/final_mcs_experiments_er_sf_sparse_alpha001_noweight_50rep/wc_sweep_5_2026_er_sparse_alpha001_noweight_seed2026_2075_20260715_175814/rep18/facts.lp
er5,ER (5),2044,MPC,True,,3.0,42,1.0,0.0,1.0,0.023809523809523808,False,results/paper_aaai2027/frozen/results/estimated_graphs/paper_er_sf_sparse_alpha001_noweight_50rep_mpc_fgs/er5/MPC/run_0018_seed_2044.npz,results/paper_aaai2027/frozen/results/final_mcs_experiments_er_sf_sparse_alpha001_noweight_50rep/wc_sweep_5_2026_er_sparse_alpha001_noweight_seed2026_2075_20260715_175814/rep19/facts.lp
er5,ER (5),2045,MPC,True,,2.0,39,2.0,1.0,1.0,0.05128205128205128,False,results/paper_aaai2027/frozen/results/estimated_graphs/paper_er_sf_sparse_alpha001_noweight_50rep_mpc_fgs/er5/MPC/run_0019_seed_2045.npz,results/paper_aaai2027/frozen/results/final_mcs_experiments_er_sf_sparse_alpha001_noweight_50rep/wc_sweep_5_2026_er_sparse_alpha001_noweight_seed2026_2075_20260715_175814/rep20/facts.lp
er5,ER (5),2046,MPC,True,,6.0,33,0.0,0.0,0.0,0.0,True,results/paper_aaai2027/frozen/results/estimated_graphs/paper_er_sf_sparse_alpha001_noweight_50rep_mpc_fgs/er5/MPC/run_0020_seed_2046.npz,results/paper_aaai2027/frozen/results/final_mcs_experiments_er_sf_sparse_alpha001_noweight_50rep/wc_sweep_5_2026_er_sparse_alpha001_noweight_seed2026_2075_20260715_175814/rep21/facts.lp
er5,ER (5),2047,MPC,True,,2.0,24,0.0,0.0,0.0,0.0,True,results/paper_aaai2027/frozen/results/estimated_graphs/paper_er_sf_sparse_alpha001_noweight_50rep_mpc_fgs/er5/MPC/run_0021_seed_2047.npz,results/paper_aaai2027/frozen/results/final_mcs_experiments_er_sf_sparse_alpha001_noweight_50rep/wc_sweep_5_2026_er_sparse_alpha001_noweight_seed2026_2075_20260715_175814/rep22/facts.lp
er5,ER (5),2048,MPC,True,,2.0,29,0.0,0.0,0.0,0.0,True,results/paper_aaai2027/frozen/results/estimated_graphs/paper_er_sf_sparse_alpha001_noweight_50rep_mpc_fgs/er5/MPC/run_0022_seed_2048.npz,results/paper_aaai2027/frozen/results/final_mcs_experiments_er_sf_sparse_alpha001_noweight_50rep/wc_sweep_5_2026_er_sparse_alpha001_noweight_seed2026_2075_20260715_175814/rep23/facts.lp
er5,ER (5),2049,MPC,True,,4.0,32,1.0,1.0,0.0,0.03125,False,results/paper_aaai2027/frozen/results/estimated_graphs/paper_er_sf_sparse_alpha001_noweight_50rep_mpc_fgs/er5/MPC/run_0023_seed_2049.npz,results/paper_aaai2027/frozen/results/final_mcs_experiments_er_sf_sparse_alpha001_noweight_50rep/wc_sweep_5_2026_er_sparse_alpha001_noweight_seed2026_2075_20260715_175814/rep24/facts.lp
er5,ER (5),2050,MPC,True,,4.0,36,3.0,3.0,0.0,0.08333333333333333,False,results/paper_aaai2027/frozen/results/estimated_graphs/paper_er_sf_sparse_alpha001_noweight_50rep_mpc_fgs/er5/MPC/run_0024_seed_2050.npz,results/paper_aaai2027/frozen/results/final_mcs_experiments_er_sf_sparse_alpha001_noweight_50rep/wc_sweep_5_2026_er_sparse_alpha001_noweight_seed2026_2075_20260715_175814/rep25/facts.lp
er5,ER (5),2051,MPC,True,,3.0,24,0.0,0.0,0.0,0.0,True,results/paper_aaai2027/frozen/results/estimated_graphs/paper_er_sf_sparse_alpha001_noweight_50rep_mpc_fgs/er5/MPC/run_0025_seed_2051.npz,results/paper_aaai2027/frozen/results/final_mcs_experiments_er_sf_sparse_alpha001_noweight_50rep/wc_sweep_5_2026_er_sparse_alpha001_noweight_seed2026_2075_20260715_175814/rep26/facts.lp
er5,ER (5),2052,MPC,True,,2.0,28,3.0,3.0,0.0,0.10714285714285714,False,results/paper_aaai2027/frozen/results/estimated_graphs/paper_er_sf_sparse_alpha001_noweight_50rep_mpc_fgs/er5/MPC/run_0026_seed_2052.npz,results/paper_aaai2027/frozen/results/final_mcs_experiments_er_sf_sparse_alpha001_noweight_50rep/wc_sweep_5_2026_er_sparse_alpha001_noweight_seed2026_2075_20260715_175814/rep27/facts.lp
er5,ER (5),2053,MPC,True,,3.0,24,0.0,0.0,0.0,0.0,True,results/paper_aaai2027/frozen/results/estimated_graphs/paper_er_sf_sparse_alpha001_noweight_50rep_mpc_fgs/er5/MPC/run_0027_seed_2053.npz,results/paper_aaai2027/frozen/results/final_mcs_experiments_er_sf_sparse_alpha001_noweight_50rep/wc_sweep_5_2026_er_sparse_alpha001_noweight_seed2026_2075_20260715_175814/rep28/facts.lp
er5,ER (5),2054,MPC,True,,2.0,35,2.0,2.0,0.0,0.05714285714285714,False,results/paper_aaai2027/frozen/results/estimated_graphs/paper_er_sf_sparse_alpha001_noweight_50rep_mpc_fgs/er5/MPC/run_0028_seed_2054.npz,results/paper_aaai2027/frozen/results/final_mcs_experiments_er_sf_sparse_alpha001_noweight_50rep/wc_sweep_5_2026_er_sparse_alpha001_noweight_seed2026_2075_20260715_175814/rep29/facts.lp
er5,ER (5),2055,MPC,True,,2.0,29,3.0,2.0,1.0,0.10344827586206896,False,results/paper_aaai2027/frozen/results/estimated_graphs/paper_er_sf_sparse_alpha001_noweight_50rep_mpc_fgs/er5/MPC/run_0029_seed_2055.npz,results/paper_aaai2027/frozen/results/final_mcs_experiments_er_sf_sparse_alpha001_noweight_50rep/wc_sweep_5_2026_er_sparse_alpha001_noweight_seed2026_2075_20260715_175814/rep30/facts.lp
er5,ER (5),2056,MPC,True,,2.0,47,0.0,0.0,0.0,0.0,True,results/paper_aaai2027/frozen/results/estimated_graphs/paper_er_sf_sparse_alpha001_noweight_50rep_mpc_fgs/er5/MPC/run_0030_seed_2056.npz,results/paper_aaai2027/frozen/results/final_mcs_experiments_er_sf_sparse_alpha001_noweight_50rep/wc_sweep_5_2026_er_sparse_alpha001_noweight_seed2026_2075_20260715_175814/rep31/facts.lp
er5,ER (5),2057,MPC,True,,1.0,46,2.0,1.0,1.0,0.043478260869565216,False,results/paper_aaai2027/frozen/results/estimated_graphs/paper_er_sf_sparse_alpha001_noweight_50rep_mpc_fgs/er5/MPC/run_0031_seed_2057.npz,results/paper_aaai2027/frozen/results/final_mcs_experiments_er_sf_sparse_alpha001_noweight_50rep/wc_sweep_5_2026_er_sparse_alpha001_noweight_seed2026_2075_20260715_175814/rep32/facts.lp
er5,ER (5),2058,MPC,True,,4.0,36,4.0,3.0,1.0,0.1111111111111111,False,results/paper_aaai2027/frozen/results/estimated_graphs/paper_er_sf_sparse_alpha001_noweight_50rep_mpc_fgs/er5/MPC/run_0032_seed_2058.npz,results/paper_aaai2027/frozen/results/final_mcs_experiments_er_sf_sparse_alpha001_noweight_50rep/wc_sweep_5_2026_er_sparse_alpha001_noweight_seed2026_2075_20260715_175814/rep33/facts.lp
er5,ER (5),2059,MPC,True,,1.0,23,1.0,0.0,1.0,0.043478260869565216,False,results/paper_aaai2027/frozen/results/estimated_graphs/paper_er_sf_sparse_alpha001_noweight_50rep_mpc_fgs/er5/MPC/run_0033_seed_2059.npz,results/paper_aaai2027/frozen/results/final_mcs_experiments_er_sf_sparse_alpha001_noweight_50rep/wc_sweep_5_2026_er_sparse_alpha001_noweight_seed2026_2075_20260715_175814/rep34/facts.lp
er5,ER (5),2060,MPC,True,,4.0,33,1.0,1.0,0.0,0.030303030303030304,False,results/paper_aaai2027/frozen/results/estimated_graphs/paper_er_sf_sparse_alpha001_noweight_50rep_mpc_fgs/er5/MPC/run_0034_seed_2060.npz,results/paper_aaai2027/frozen/results/final_mcs_experiments_er_sf_sparse_alpha001_noweight_50rep/wc_sweep_5_2026_er_sparse_alpha001_noweight_seed2026_2075_20260715_175814/rep35/facts.lp
er5,ER (5),2061,MPC,True,,2.0,30,2.0,0.0,2.0,0.06666666666666667,False,results/paper_aaai2027/frozen/results/estimated_graphs/paper_er_sf_sparse_alpha001_noweight_50rep_mpc_fgs/er5/MPC/run_0035_seed_2061.npz,results/paper_aaai2027/frozen/results/final_mcs_experiments_er_sf_sparse_alpha001_noweight_50rep/wc_sweep_5_2026_er_sparse_alpha001_noweight_seed2026_2075_20260715_175814/rep36/facts.lp
er5,ER (5),2062,MPC,True,,4.0,37,2.0,1.0,1.0,0.05405405405405406,False,results/paper_aaai2027/frozen/results/estimated_graphs/paper_er_sf_sparse_alpha001_noweight_50rep_mpc_fgs/er5/MPC/run_0036_seed_2062.npz,results/paper_aaai2027/frozen/results/final_mcs_experiments_er_sf_sparse_alpha001_noweight_50rep/wc_sweep_5_2026_er_sparse_alpha001_noweight_seed2026_2075_20260715_175814/rep37/facts.lp
er5,ER (5),2063,MPC,True,,10.0,34,5.0,3.0,2.0,0.14705882352941177,False,results/paper_aaai2027/frozen/results/estimated_graphs/paper_er_sf_sparse_alpha001_noweight_50rep_mpc_fgs/er5/MPC/run_0037_seed_2063.npz,results/paper_aaai2027/frozen/results/final_mcs_experiments_er_sf_sparse_alpha001_noweight_50rep/wc_sweep_5_2026_er_sparse_alpha001_noweight_seed2026_2075_20260715_175814/rep38/facts.lp
er5,ER (5),2064,MPC,True,,2.0,38,5.0,3.0,2.0,0.13157894736842105,False,results/paper_aaai2027/frozen/results/estimated_graphs/paper_er_sf_sparse_alpha001_noweight_50rep_mpc_fgs/er5/MPC/run_0038_seed_2064.npz,results/paper_aaai2027/frozen/results/final_mcs_experiments_er_sf_sparse_alpha001_noweight_50rep/wc_sweep_5_2026_er_sparse_alpha001_noweight_seed2026_2075_20260715_175814/rep39/facts.lp
er5,ER (5),2065,MPC,True,,6.0,35,4.0,1.0,3.0,0.11428571428571428,False,results/paper_aaai2027/frozen/results/estimated_graphs/paper_er_sf_sparse_alpha001_noweight_50rep_mpc_fgs/er5/MPC/run_0039_seed_2065.npz,results/paper_aaai2027/frozen/results/final_mcs_experiments_er_sf_sparse_alpha001_noweight_50rep/wc_sweep_5_2026_er_sparse_alpha001_noweight_seed2026_2075_20260715_175814/rep40/facts.lp
er5,ER (5),2066,MPC,True,,6.0,36,2.0,2.0,0.0,0.05555555555555555,False,results/paper_aaai2027/frozen/results/estimated_graphs/paper_er_sf_sparse_alpha001_noweight_50rep_mpc_fgs/er5/MPC/run_0040_seed_2066.npz,results/paper_aaai2027/frozen/results/final_mcs_experiments_er_sf_sparse_alpha001_noweight_50rep/wc_sweep_5_2026_er_sparse_alpha001_noweight_seed2026_2075_20260715_175814/rep41/facts.lp
er5,ER (5),2067,MPC,True,,6.0,35,4.0,3.0,1.0,0.11428571428571428,False,results/paper_aaai2027/frozen/results/estimated_graphs/paper_er_sf_sparse_alpha001_noweight_50rep_mpc_fgs/er5/MPC/run_0041_seed_2067.npz,results/paper_aaai2027/frozen/results/final_mcs_experiments_er_sf_sparse_alpha001_noweight_50rep/wc_sweep_5_2026_er_sparse_alpha001_noweight_seed2026_2075_20260715_175814/rep42/facts.lp
er5,ER (5),2068,MPC,True,,1.0,19,0.0,0.0,0.0,0.0,True,results/paper_aaai2027/frozen/results/estimated_graphs/paper_er_sf_sparse_alpha001_noweight_50rep_mpc_fgs/er5/MPC/run_0042_seed_2068.npz,results/paper_aaai2027/frozen/results/final_mcs_experiments_er_sf_sparse_alpha001_noweight_50rep/wc_sweep_5_2026_er_sparse_alpha001_noweight_seed2026_2075_20260715_175814/rep43/facts.lp
er5,ER (5),2069,MPC,True,,2.0,35,4.0,4.0,0.0,0.11428571428571428,False,results/paper_aaai2027/frozen/results/estimated_graphs/paper_er_sf_sparse_alpha001_noweight_50rep_mpc_fgs/er5/MPC/run_0043_seed_2069.npz,results/paper_aaai2027/frozen/results/final_mcs_experiments_er_sf_sparse_alpha001_noweight_50rep/wc_sweep_5_2026_er_sparse_alpha001_noweight_seed2026_2075_20260715_175814/rep44/facts.lp
er5,ER (5),2070,MPC,True,,3.0,30,2.0,0.0,2.0,0.06666666666666667,False,results/paper_aaai2027/frozen/results/estimated_graphs/paper_er_sf_sparse_alpha001_noweight_50rep_mpc_fgs/er5/MPC/run_0044_seed_2070.npz,results/paper_aaai2027/frozen/results/final_mcs_experiments_er_sf_sparse_alpha001_noweight_50rep/wc_sweep_5_2026_er_sparse_alpha001_noweight_seed2026_2075_20260715_175814/rep45/facts.lp
er5,ER (5),2071,MPC,True,,2.0,27,0.0,0.0,0.0,0.0,True,results/paper_aaai2027/frozen/results/estimated_graphs/paper_er_sf_sparse_alpha001_noweight_50rep_mpc_fgs/er5/MPC/run_0045_seed_2071.npz,results/paper_aaai2027/frozen/results/final_mcs_experiments_er_sf_sparse_alpha001_noweight_50rep/wc_sweep_5_2026_er_sparse_alpha001_noweight_seed2026_2075_20260715_175814/rep46/facts.lp
er5,ER (5),2072,MPC,True,,2.0,31,1.0,1.0,0.0,0.03225806451612903,False,results/paper_aaai2027/frozen/results/estimated_graphs/paper_er_sf_sparse_alpha001_noweight_50rep_mpc_fgs/er5/MPC/run_0046_seed_2072.npz,results/paper_aaai2027/frozen/results/final_mcs_experiments_er_sf_sparse_alpha001_noweight_50rep/wc_sweep_5_2026_er_sparse_alpha001_noweight_seed2026_2075_20260715_175814/rep47/facts.lp
er5,ER (5),2073,MPC,True,,2.0,38,4.0,3.0,1.0,0.10526315789473684,False,results/paper_aaai2027/frozen/results/estimated_graphs/paper_er_sf_sparse_alpha001_noweight_50rep_mpc_fgs/er5/MPC/run_0047_seed_2073.npz,results/paper_aaai2027/frozen/results/final_mcs_experiments_er_sf_sparse_alpha001_noweight_50rep/wc_sweep_5_2026_er_sparse_alpha001_noweight_seed2026_2075_20260715_175814/rep48/facts.lp
er5,ER (5),2074,MPC,True,,2.0,47,3.0,3.0,0.0,0.06382978723404255,False,results/paper_aaai2027/frozen/results/estimated_graphs/paper_er_sf_sparse_alpha001_noweight_50rep_mpc_fgs/er5/MPC/run_0048_seed_2074.npz,results/paper_aaai2027/frozen/results/final_mcs_experiments_er_sf_sparse_alpha001_noweight_50rep/wc_sweep_5_2026_er_sparse_alpha001_noweight_seed2026_2075_20260715_175814/rep49/facts.lp
er5,ER (5),2075,MPC,True,,4.0,36,1.0,1.0,0.0,0.027777777777777776,False,results/paper_aaai2027/frozen/results/estimated_graphs/paper_er_sf_sparse_alpha001_noweight_50rep_mpc_fgs/er5/MPC/run_0049_seed_2075.npz,results/paper_aaai2027/frozen/results/final_mcs_experiments_er_sf_sparse_alpha001_noweight_50rep/wc_sweep_5_2026_er_sparse_alpha001_noweight_seed2026_2075_20260715_175814/rep50/facts.lp
er8,ER (8),2026,MPC,True,,4.0,83,12.0,10.0,2.0,0.14457831325301204,False,results/paper_aaai2027/frozen/results/estimated_graphs/paper_er_sf_sparse_alpha001_noweight_50rep_mpc_fgs/er8/MPC/run_0000_seed_2026.npz,results/paper_aaai2027/frozen/results/final_mcs_experiments_er_sf_sparse_alpha001_noweight_50rep/wc_sweep_8_2026_er_sparse_alpha001_noweight_seed2026_2075_20260715_175946/rep1/facts.lp
er8,ER (8),2027,MPC,True,,3.0,133,18.0,15.0,3.0,0.13533834586466165,False,results/paper_aaai2027/frozen/results/estimated_graphs/paper_er_sf_sparse_alpha001_noweight_50rep_mpc_fgs/er8/MPC/run_0001_seed_2027.npz,results/paper_aaai2027/frozen/results/final_mcs_experiments_er_sf_sparse_alpha001_noweight_50rep/wc_sweep_8_2026_er_sparse_alpha001_noweight_seed2026_2075_20260715_175946/rep2/facts.lp
er8,ER (8),2028,MPC,True,,8.0,59,3.0,3.0,0.0,0.05084745762711865,False,results/paper_aaai2027/frozen/results/estimated_graphs/paper_er_sf_sparse_alpha001_noweight_50rep_mpc_fgs/er8/MPC/run_0002_seed_2028.npz,results/paper_aaai2027/frozen/results/final_mcs_experiments_er_sf_sparse_alpha001_noweight_50rep/wc_sweep_8_2026_er_sparse_alpha001_noweight_seed2026_2075_20260715_175946/rep3/facts.lp
er8,ER (8),2029,MPC,True,,3.0,66,15.0,7.0,8.0,0.22727272727272727,False,results/paper_aaai2027/frozen/results/estimated_graphs/paper_er_sf_sparse_alpha001_noweight_50rep_mpc_fgs/er8/MPC/run_0003_seed_2029.npz,results/paper_aaai2027/frozen/results/final_mcs_experiments_er_sf_sparse_alpha001_noweight_50rep/wc_sweep_8_2026_er_sparse_alpha001_noweight_seed2026_2075_20260715_175946/rep4/facts.lp
er8,ER (8),2030,MPC,False,ValueError: Endpoint graph has no consistent DAG extension,,138,,,,,False,results/paper_aaai2027/frozen/results/estimated_graphs/paper_er_sf_sparse_alpha001_noweight_50rep_mpc_fgs/er8/MPC/run_0004_seed_2030.npz,results/paper_aaai2027/frozen/results/final_mcs_experiments_er_sf_sparse_alpha001_noweight_50rep/wc_sweep_8_2026_er_sparse_alpha001_noweight_seed2026_2075_20260715_175946/rep5/facts.lp
er8,ER (8),2031,MPC,True,,2.0,130,15.0,11.0,4.0,0.11538461538461539,False,results/paper_aaai2027/frozen/results/estimated_graphs/paper_er_sf_sparse_alpha001_noweight_50rep_mpc_fgs/er8/MPC/run_0005_seed_2031.npz,results/paper_aaai2027/frozen/results/final_mcs_experiments_er_sf_sparse_alpha001_noweight_50rep/wc_sweep_8_2026_er_sparse_alpha001_noweight_seed2026_2075_20260715_175946/rep6/facts.lp
er8,ER (8),2032,MPC,True,,1.0,99,16.0,12.0,4.0,0.16161616161616163,False,results/paper_aaai2027/frozen/results/estimated_graphs/paper_er_sf_sparse_alpha001_noweight_50rep_mpc_fgs/er8/MPC/run_0006_seed_2032.npz,results/paper_aaai2027/frozen/results/final_mcs_experiments_er_sf_sparse_alpha001_noweight_50rep/wc_sweep_8_2026_er_sparse_alpha001_noweight_seed2026_2075_20260715_175946/rep7/facts.lp
er8,ER (8),2033,MPC,True,,8.0,103,20.0,18.0,2.0,0.1941747572815534,False,results/paper_aaai2027/frozen/results/estimated_graphs/paper_er_sf_sparse_alpha001_noweight_50rep_mpc_fgs/er8/MPC/run_0007_seed_2033.npz,results/paper_aaai2027/frozen/results/final_mcs_experiments_er_sf_sparse_alpha001_noweight_50rep/wc_sweep_8_2026_er_sparse_alpha001_noweight_seed2026_2075_20260715_175946/rep8/facts.lp
er8,ER (8),2034,MPC,True,,2.0,71,0.0,0.0,0.0,0.0,True,results/paper_aaai2027/frozen/results/estimated_graphs/paper_er_sf_sparse_alpha001_noweight_50rep_mpc_fgs/er8/MPC/run_0008_seed_2034.npz,results/paper_aaai2027/frozen/results/final_mcs_experiments_er_sf_sparse_alpha001_noweight_50rep/wc_sweep_8_2026_er_sparse_alpha001_noweight_seed2026_2075_20260715_175946/rep9/facts.lp
er8,ER (8),2035,MPC,True,,3.0,81,4.0,3.0,1.0,0.04938271604938271,False,results/paper_aaai2027/frozen/results/estimated_graphs/paper_er_sf_sparse_alpha001_noweight_50rep_mpc_fgs/er8/MPC/run_0009_seed_2035.npz,results/paper_aaai2027/frozen/results/final_mcs_experiments_er_sf_sparse_alpha001_noweight_50rep/wc_sweep_8_2026_er_sparse_alpha001_noweight_seed2026_2075_20260715_175946/rep10/facts.lp
er8,ER (8),2036,MPC,True,,1.0,92,15.0,11.0,4.0,0.16304347826086957,False,results/paper_aaai2027/frozen/results/estimated_graphs/paper_er_sf_sparse_alpha001_noweight_50rep_mpc_fgs/er8/MPC/run_0010_seed_2036.npz,results/paper_aaai2027/frozen/results/final_mcs_experiments_er_sf_sparse_alpha001_noweight_50rep/wc_sweep_8_2026_er_sparse_alpha001_noweight_seed2026_2075_20260715_175946/rep11/facts.lp
er8,ER (8),2037,MPC,True,,4.0,70,7.0,7.0,0.0,0.1,False,results/paper_aaai2027/frozen/results/estimated_graphs/paper_er_sf_sparse_alpha001_noweight_50rep_mpc_fgs/er8/MPC/run_0011_seed_2037.npz,results/paper_aaai2027/frozen/results/final_mcs_experiments_er_sf_sparse_alpha001_noweight_50rep/wc_sweep_8_2026_er_sparse_alpha001_noweight_seed2026_2075_20260715_175946/rep12/facts.lp
er8,ER (8),2038,MPC,True,,2.0,127,7.0,7.0,0.0,0.05511811023622047,False,results/paper_aaai2027/frozen/results/estimated_graphs/paper_er_sf_sparse_alpha001_noweight_50rep_mpc_fgs/er8/MPC/run_0012_seed_2038.npz,results/paper_aaai2027/frozen/results/final_mcs_experiments_er_sf_sparse_alpha001_noweight_50rep/wc_sweep_8_2026_er_sparse_alpha001_noweight_seed2026_2075_20260715_175946/rep13/facts.lp
er8,ER (8),2039,MPC,True,,2.0,108,26.0,18.0,8.0,0.24074074074074073,False,results/paper_aaai2027/frozen/results/estimated_graphs/paper_er_sf_sparse_alpha001_noweight_50rep_mpc_fgs/er8/MPC/run_0013_seed_2039.npz,results/paper_aaai2027/frozen/results/final_mcs_experiments_er_sf_sparse_alpha001_noweight_50rep/wc_sweep_8_2026_er_sparse_alpha001_noweight_seed2026_2075_20260715_175946/rep14/facts.lp
er8,ER (8),2040,MPC,True,,1.0,163,11.0,11.0,0.0,0.06748466257668712,False,results/paper_aaai2027/frozen/results/estimated_graphs/paper_er_sf_sparse_alpha001_noweight_50rep_mpc_fgs/er8/MPC/run_0014_seed_2040.npz,results/paper_aaai2027/frozen/results/final_mcs_experiments_er_sf_sparse_alpha001_noweight_50rep/wc_sweep_8_2026_er_sparse_alpha001_noweight_seed2026_2075_20260715_175946/rep15/facts.lp
er8,ER (8),2041,MPC,True,,6.0,110,22.0,19.0,3.0,0.2,False,results/paper_aaai2027/frozen/results/estimated_graphs/paper_er_sf_sparse_alpha001_noweight_50rep_mpc_fgs/er8/MPC/run_0015_seed_2041.npz,results/paper_aaai2027/frozen/results/final_mcs_experiments_er_sf_sparse_alpha001_noweight_50rep/wc_sweep_8_2026_er_sparse_alpha001_noweight_seed2026_2075_20260715_175946/rep16/facts.lp
er8,ER (8),2042,MPC,True,,4.0,130,13.0,9.0,4.0,0.1,False,results/paper_aaai2027/frozen/results/estimated_graphs/paper_er_sf_sparse_alpha001_noweight_50rep_mpc_fgs/er8/MPC/run_0016_seed_2042.npz,results/paper_aaai2027/frozen/results/final_mcs_experiments_er_sf_sparse_alpha001_noweight_50rep/wc_sweep_8_2026_er_sparse_alpha001_noweight_seed2026_2075_20260715_175946/rep17/facts.lp
er8,ER (8),2043,MPC,True,,8.0,111,19.0,3.0,16.0,0.17117117117117117,False,results/paper_aaai2027/frozen/results/estimated_graphs/paper_er_sf_sparse_alpha001_noweight_50rep_mpc_fgs/er8/MPC/run_0017_seed_2043.npz,results/paper_aaai2027/frozen/results/final_mcs_experiments_er_sf_sparse_alpha001_noweight_50rep/wc_sweep_8_2026_er_sparse_alpha001_noweight_seed2026_2075_20260715_175946/rep18/facts.lp
er8,ER (8),2044,MPC,True,,12.0,86,6.0,0.0,6.0,0.06976744186046512,False,results/paper_aaai2027/frozen/results/estimated_graphs/paper_er_sf_sparse_alpha001_noweight_50rep_mpc_fgs/er8/MPC/run_0018_seed_2044.npz,results/paper_aaai2027/frozen/results/final_mcs_experiments_er_sf_sparse_alpha001_noweight_50rep/wc_sweep_8_2026_er_sparse_alpha001_noweight_seed2026_2075_20260715_175946/rep19/facts.lp
er8,ER (8),2045,MPC,True,,1.0,154,16.0,14.0,2.0,0.1038961038961039,False,results/paper_aaai2027/frozen/results/estimated_graphs/paper_er_sf_sparse_alpha001_noweight_50rep_mpc_fgs/er8/MPC/run_0019_seed_2045.npz,results/paper_aaai2027/frozen/results/final_mcs_experiments_er_sf_sparse_alpha001_noweight_50rep/wc_sweep_8_2026_er_sparse_alpha001_noweight_seed2026_2075_20260715_175946/rep20/facts.lp
er8,ER (8),2046,MPC,True,,4.0,95,16.0,11.0,5.0,0.16842105263157894,False,results/paper_aaai2027/frozen/results/estimated_graphs/paper_er_sf_sparse_alpha001_noweight_50rep_mpc_fgs/er8/MPC/run_0020_seed_2046.npz,results/paper_aaai2027/frozen/results/final_mcs_experiments_er_sf_sparse_alpha001_noweight_50rep/wc_sweep_8_2026_er_sparse_alpha001_noweight_seed2026_2075_20260715_175946/rep21/facts.lp
er8,ER (8),2047,MPC,True,,12.0,92,12.0,10.0,2.0,0.13043478260869565,False,results/paper_aaai2027/frozen/results/estimated_graphs/paper_er_sf_sparse_alpha001_noweight_50rep_mpc_fgs/er8/MPC/run_0021_seed_2047.npz,results/paper_aaai2027/frozen/results/final_mcs_experiments_er_sf_sparse_alpha001_noweight_50rep/wc_sweep_8_2026_er_sparse_alpha001_noweight_seed2026_2075_20260715_175946/rep22/facts.lp
er8,ER (8),2048,MPC,True,,4.0,90,11.0,7.0,4.0,0.12222222222222222,False,results/paper_aaai2027/frozen/results/estimated_graphs/paper_er_sf_sparse_alpha001_noweight_50rep_mpc_fgs/er8/MPC/run_0022_seed_2048.npz,results/paper_aaai2027/frozen/results/final_mcs_experiments_er_sf_sparse_alpha001_noweight_50rep/wc_sweep_8_2026_er_sparse_alpha001_noweight_seed2026_2075_20260715_175946/rep23/facts.lp
er8,ER (8),2049,MPC,True,,16.0,89,6.0,2.0,4.0,0.06741573033707865,False,results/paper_aaai2027/frozen/results/estimated_graphs/paper_er_sf_sparse_alpha001_noweight_50rep_mpc_fgs/er8/MPC/run_0023_seed_2049.npz,results/paper_aaai2027/frozen/results/final_mcs_experiments_er_sf_sparse_alpha001_noweight_50rep/wc_sweep_8_2026_er_sparse_alpha001_noweight_seed2026_2075_20260715_175946/rep24/facts.lp
er8,ER (8),2050,MPC,True,,4.0,122,9.0,2.0,7.0,0.07377049180327869,False,results/paper_aaai2027/frozen/results/estimated_graphs/paper_er_sf_sparse_alpha001_noweight_50rep_mpc_fgs/er8/MPC/run_0024_seed_2050.npz,results/paper_aaai2027/frozen/results/final_mcs_experiments_er_sf_sparse_alpha001_noweight_50rep/wc_sweep_8_2026_er_sparse_alpha001_noweight_seed2026_2075_20260715_175946/rep25/facts.lp
er8,ER (8),2051,MPC,True,,20.0,105,13.0,8.0,5.0,0.12380952380952381,False,results/paper_aaai2027/frozen/results/estimated_graphs/paper_er_sf_sparse_alpha001_noweight_50rep_mpc_fgs/er8/MPC/run_0025_seed_2051.npz,results/paper_aaai2027/frozen/results/final_mcs_experiments_er_sf_sparse_alpha001_noweight_50rep/wc_sweep_8_2026_er_sparse_alpha001_noweight_seed2026_2075_20260715_175946/rep26/facts.lp
er8,ER (8),2052,MPC,True,,2.0,110,17.0,13.0,4.0,0.15454545454545454,False,results/paper_aaai2027/frozen/results/estimated_graphs/paper_er_sf_sparse_alpha001_noweight_50rep_mpc_fgs/er8/MPC/run_0026_seed_2052.npz,results/paper_aaai2027/frozen/results/final_mcs_experiments_er_sf_sparse_alpha001_noweight_50rep/wc_sweep_8_2026_er_sparse_alpha001_noweight_seed2026_2075_20260715_175946/rep27/facts.lp
er8,ER (8),2053,MPC,True,,2.0,154,32.0,18.0,14.0,0.2077922077922078,False,results/paper_aaai2027/frozen/results/estimated_graphs/paper_er_sf_sparse_alpha001_noweight_50rep_mpc_fgs/er8/MPC/run_0027_seed_2053.npz,results/paper_aaai2027/frozen/results/final_mcs_experiments_er_sf_sparse_alpha001_noweight_50rep/wc_sweep_8_2026_er_sparse_alpha001_noweight_seed2026_2075_20260715_175946/rep28/facts.lp
er8,ER (8),2054,MPC,True,,6.0,78,3.0,3.0,0.0,0.038461538461538464,False,results/paper_aaai2027/frozen/results/estimated_graphs/paper_er_sf_sparse_alpha001_noweight_50rep_mpc_fgs/er8/MPC/run_0028_seed_2054.npz,results/paper_aaai2027/frozen/results/final_mcs_experiments_er_sf_sparse_alpha001_noweight_50rep/wc_sweep_8_2026_er_sparse_alpha001_noweight_seed2026_2075_20260715_175946/rep29/facts.lp
er8,ER (8),2055,MPC,True,,2.0,87,17.0,12.0,5.0,0.19540229885057472,False,results/paper_aaai2027/frozen/results/estimated_graphs/paper_er_sf_sparse_alpha001_noweight_50rep_mpc_fgs/er8/MPC/run_0029_seed_2055.npz,results/paper_aaai2027/frozen/results/final_mcs_experiments_er_sf_sparse_alpha001_noweight_50rep/wc_sweep_8_2026_er_sparse_alpha001_noweight_seed2026_2075_20260715_175946/rep30/facts.lp
er8,ER (8),2056,MPC,True,,6.0,82,18.0,9.0,9.0,0.21951219512195122,False,results/paper_aaai2027/frozen/results/estimated_graphs/paper_er_sf_sparse_alpha001_noweight_50rep_mpc_fgs/er8/MPC/run_0030_seed_2056.npz,results/paper_aaai2027/frozen/results/final_mcs_experiments_er_sf_sparse_alpha001_noweight_50rep/wc_sweep_8_2026_er_sparse_alpha001_noweight_seed2026_2075_20260715_175946/rep31/facts.lp
er8,ER (8),2057,MPC,True,,4.0,119,19.0,16.0,3.0,0.15966386554621848,False,results/paper_aaai2027/frozen/results/estimated_graphs/paper_er_sf_sparse_alpha001_noweight_50rep_mpc_fgs/er8/MPC/run_0031_seed_2057.npz,results/paper_aaai2027/frozen/results/final_mcs_experiments_er_sf_sparse_alpha001_noweight_50rep/wc_sweep_8_2026_er_sparse_alpha001_noweight_seed2026_2075_20260715_175946/rep32/facts.lp
er8,ER (8),2058,MPC,True,,4.0,128,16.0,13.0,3.0,0.125,False,results/paper_aaai2027/frozen/results/estimated_graphs/paper_er_sf_sparse_alpha001_noweight_50rep_mpc_fgs/er8/MPC/run_0032_seed_2058.npz,results/paper_aaai2027/frozen/results/final_mcs_experiments_er_sf_sparse_alpha001_noweight_50rep/wc_sweep_8_2026_er_sparse_alpha001_noweight_seed2026_2075_20260715_175946/rep33/facts.lp
er8,ER (8),2059,MPC,True,,2.0,135,13.0,4.0,9.0,0.0962962962962963,False,results/paper_aaai2027/frozen/results/estimated_graphs/paper_er_sf_sparse_alpha001_noweight_50rep_mpc_fgs/er8/MPC/run_0033_seed_2059.npz,results/paper_aaai2027/frozen/results/final_mcs_experiments_er_sf_sparse_alpha001_noweight_50rep/wc_sweep_8_2026_er_sparse_alpha001_noweight_seed2026_2075_20260715_175946/rep34/facts.lp
er8,ER (8),2060,MPC,True,,6.0,124,6.0,2.0,4.0,0.04838709677419355,False,results/paper_aaai2027/frozen/results/estimated_graphs/paper_er_sf_sparse_alpha001_noweight_50rep_mpc_fgs/er8/MPC/run_0034_seed_2060.npz,results/paper_aaai2027/frozen/results/final_mcs_experiments_er_sf_sparse_alpha001_noweight_50rep/wc_sweep_8_2026_er_sparse_alpha001_noweight_seed2026_2075_20260715_175946/rep35/facts.lp
er8,ER (8),2061,MPC,True,,12.0,137,7.0,1.0,6.0,0.051094890510948905,False,results/paper_aaai2027/frozen/results/estimated_graphs/paper_er_sf_sparse_alpha001_noweight_50rep_mpc_fgs/er8/MPC/run_0035_seed_2061.npz,results/paper_aaai2027/frozen/results/final_mcs_experiments_er_sf_sparse_alpha001_noweight_50rep/wc_sweep_8_2026_er_sparse_alpha001_noweight_seed2026_2075_20260715_175946/rep36/facts.lp
er8,ER (8),2062,MPC,True,,8.0,83,11.0,8.0,3.0,0.13253012048192772,False,results/paper_aaai2027/frozen/results/estimated_graphs/paper_er_sf_sparse_alpha001_noweight_50rep_mpc_fgs/er8/MPC/run_0036_seed_2062.npz,results/paper_aaai2027/frozen/results/final_mcs_experiments_er_sf_sparse_alpha001_noweight_50rep/wc_sweep_8_2026_er_sparse_alpha001_noweight_seed2026_2075_20260715_175946/rep37/facts.lp
er8,ER (8),2063,MPC,True,,4.0,53,4.0,2.0,2.0,0.07547169811320754,False,results/paper_aaai2027/frozen/results/estimated_graphs/paper_er_sf_sparse_alpha001_noweight_50rep_mpc_fgs/er8/MPC/run_0037_seed_2063.npz,results/paper_aaai2027/frozen/results/final_mcs_experiments_er_sf_sparse_alpha001_noweight_50rep/wc_sweep_8_2026_er_sparse_alpha001_noweight_seed2026_2075_20260715_175946/rep38/facts.lp
er8,ER (8),2064,MPC,True,,6.0,112,8.0,6.0,2.0,0.07142857142857142,False,results/paper_aaai2027/frozen/results/estimated_graphs/paper_er_sf_sparse_alpha001_noweight_50rep_mpc_fgs/er8/MPC/run_0038_seed_2064.npz,results/paper_aaai2027/frozen/results/final_mcs_experiments_er_sf_sparse_alpha001_noweight_50rep/wc_sweep_8_2026_er_sparse_alpha001_noweight_seed2026_2075_20260715_175946/rep39/facts.lp
er8,ER (8),2065,MPC,True,,6.0,57,5.0,4.0,1.0,0.08771929824561403,False,results/paper_aaai2027/frozen/results/estimated_graphs/paper_er_sf_sparse_alpha001_noweight_50rep_mpc_fgs/er8/MPC/run_0039_seed_2065.npz,results/paper_aaai2027/frozen/results/final_mcs_experiments_er_sf_sparse_alpha001_noweight_50rep/wc_sweep_8_2026_er_sparse_alpha001_noweight_seed2026_2075_20260715_175946/rep40/facts.lp
er8,ER (8),2066,MPC,True,,6.0,49,0.0,0.0,0.0,0.0,True,results/paper_aaai2027/frozen/results/estimated_graphs/paper_er_sf_sparse_alpha001_noweight_50rep_mpc_fgs/er8/MPC/run_0040_seed_2066.npz,results/paper_aaai2027/frozen/results/final_mcs_experiments_er_sf_sparse_alpha001_noweight_50rep/wc_sweep_8_2026_er_sparse_alpha001_noweight_seed2026_2075_20260715_175946/rep41/facts.lp
er8,ER (8),2067,MPC,True,,4.0,74,8.0,6.0,2.0,0.10810810810810811,False,results/paper_aaai2027/frozen/results/estimated_graphs/paper_er_sf_sparse_alpha001_noweight_50rep_mpc_fgs/er8/MPC/run_0041_seed_2067.npz,results/paper_aaai2027/frozen/results/final_mcs_experiments_er_sf_sparse_alpha001_noweight_50rep/wc_sweep_8_2026_er_sparse_alpha001_noweight_seed2026_2075_20260715_175946/rep42/facts.lp
er8,ER (8),2068,MPC,True,,2.0,105,28.0,24.0,4.0,0.26666666666666666,False,results/paper_aaai2027/frozen/results/estimated_graphs/paper_er_sf_sparse_alpha001_noweight_50rep_mpc_fgs/er8/MPC/run_0042_seed_2068.npz,results/paper_aaai2027/frozen/results/final_mcs_experiments_er_sf_sparse_alpha001_noweight_50rep/wc_sweep_8_2026_er_sparse_alpha001_noweight_seed2026_2075_20260715_175946/rep43/facts.lp
er8,ER (8),2069,MPC,True,,2.0,83,9.0,2.0,7.0,0.10843373493975904,False,results/paper_aaai2027/frozen/results/estimated_graphs/paper_er_sf_sparse_alpha001_noweight_50rep_mpc_fgs/er8/MPC/run_0043_seed_2069.npz,results/paper_aaai2027/frozen/results/final_mcs_experiments_er_sf_sparse_alpha001_noweight_50rep/wc_sweep_8_2026_er_sparse_alpha001_noweight_seed2026_2075_20260715_175946/rep44/facts.lp
er8,ER (8),2070,MPC,True,,6.0,72,10.0,7.0,3.0,0.1388888888888889,False,results/paper_aaai2027/frozen/results/estimated_graphs/paper_er_sf_sparse_alpha001_noweight_50rep_mpc_fgs/er8/MPC/run_0044_seed_2070.npz,results/paper_aaai2027/frozen/results/final_mcs_experiments_er_sf_sparse_alpha001_noweight_50rep/wc_sweep_8_2026_er_sparse_alpha001_noweight_seed2026_2075_20260715_175946/rep45/facts.lp
er8,ER (8),2071,MPC,True,,2.0,115,26.0,26.0,0.0,0.22608695652173913,False,results/paper_aaai2027/frozen/results/estimated_graphs/paper_er_sf_sparse_alpha001_noweight_50rep_mpc_fgs/er8/MPC/run_0045_seed_2071.npz,results/paper_aaai2027/frozen/results/final_mcs_experiments_er_sf_sparse_alpha001_noweight_50rep/wc_sweep_8_2026_er_sparse_alpha001_noweight_seed2026_2075_20260715_175946/rep46/facts.lp
er8,ER (8),2072,MPC,True,,6.0,162,36.0,10.0,26.0,0.2222222222222222,False,results/paper_aaai2027/frozen/results/estimated_graphs/paper_er_sf_sparse_alpha001_noweight_50rep_mpc_fgs/er8/MPC/run_0046_seed_2072.npz,results/paper_aaai2027/frozen/results/final_mcs_experiments_er_sf_sparse_alpha001_noweight_50rep/wc_sweep_8_2026_er_sparse_alpha001_noweight_seed2026_2075_20260715_175946/rep47/facts.lp
er8,ER (8),2073,MPC,True,,16.0,94,15.0,10.0,5.0,0.1595744680851064,False,results/paper_aaai2027/frozen/results/estimated_graphs/paper_er_sf_sparse_alpha001_noweight_50rep_mpc_fgs/er8/MPC/run_0047_seed_2073.npz,results/paper_aaai2027/frozen/results/final_mcs_experiments_er_sf_sparse_alpha001_noweight_50rep/wc_sweep_8_2026_er_sparse_alpha001_noweight_seed2026_2075_20260715_175946/rep48/facts.lp
er8,ER (8),2074,MPC,True,,6.0,64,7.0,1.0,6.0,0.109375,False,results/paper_aaai2027/frozen/results/estimated_graphs/paper_er_sf_sparse_alpha001_noweight_50rep_mpc_fgs/er8/MPC/run_0048_seed_2074.npz,results/paper_aaai2027/frozen/results/final_mcs_experiments_er_sf_sparse_alpha001_noweight_50rep/wc_sweep_8_2026_er_sparse_alpha001_noweight_seed2026_2075_20260715_175946/rep49/facts.lp
er8,ER (8),2075,MPC,True,,3.0,100,0.0,0.0,0.0,0.0,True,results/paper_aaai2027/frozen/results/estimated_graphs/paper_er_sf_sparse_alpha001_noweight_50rep_mpc_fgs/er8/MPC/run_0049_seed_2075.npz,results/paper_aaai2027/frozen/results/final_mcs_experiments_er_sf_sparse_alpha001_noweight_50rep/wc_sweep_8_2026_er_sparse_alpha001_noweight_seed2026_2075_20260715_175946/rep50/facts.lp
sf5,SF (5),2026,MPC,True,,1.0,38,1.0,1.0,0.0,0.02631578947368421,False,results/paper_aaai2027/frozen/results/estimated_graphs/paper_er_sf_sparse_alpha001_noweight_50rep_mpc_fgs/sf5/MPC/run_0000_seed_2026.npz,results/paper_aaai2027/frozen/results/final_mcs_experiments_er_sf_sparse_alpha001_noweight_50rep/wc_sweep_sf5_2026_sparse_alpha001_noweight_seed2026_2075_20260715_175821/rep1/facts.lp
sf5,SF (5),2027,MPC,True,,1.0,38,0.0,0.0,0.0,0.0,True,results/paper_aaai2027/frozen/results/estimated_graphs/paper_er_sf_sparse_alpha001_noweight_50rep_mpc_fgs/sf5/MPC/run_0001_seed_2027.npz,results/paper_aaai2027/frozen/results/final_mcs_experiments_er_sf_sparse_alpha001_noweight_50rep/wc_sweep_sf5_2026_sparse_alpha001_noweight_seed2026_2075_20260715_175821/rep2/facts.lp
sf5,SF (5),2028,MPC,True,,2.0,47,2.0,2.0,0.0,0.0425531914893617,False,results/paper_aaai2027/frozen/results/estimated_graphs/paper_er_sf_sparse_alpha001_noweight_50rep_mpc_fgs/sf5/MPC/run_0002_seed_2028.npz,results/paper_aaai2027/frozen/results/final_mcs_experiments_er_sf_sparse_alpha001_noweight_50rep/wc_sweep_sf5_2026_sparse_alpha001_noweight_seed2026_2075_20260715_175821/rep3/facts.lp
sf5,SF (5),2029,MPC,True,,2.0,30,2.0,2.0,0.0,0.06666666666666667,False,results/paper_aaai2027/frozen/results/estimated_graphs/paper_er_sf_sparse_alpha001_noweight_50rep_mpc_fgs/sf5/MPC/run_0003_seed_2029.npz,results/paper_aaai2027/frozen/results/final_mcs_experiments_er_sf_sparse_alpha001_noweight_50rep/wc_sweep_sf5_2026_sparse_alpha001_noweight_seed2026_2075_20260715_175821/rep4/facts.lp
sf5,SF (5),2030,MPC,True,,1.0,38,0.0,0.0,0.0,0.0,True,results/paper_aaai2027/frozen/results/estimated_graphs/paper_er_sf_sparse_alpha001_noweight_50rep_mpc_fgs/sf5/MPC/run_0004_seed_2030.npz,results/paper_aaai2027/frozen/results/final_mcs_experiments_er_sf_sparse_alpha001_noweight_50rep/wc_sweep_sf5_2026_sparse_alpha001_noweight_seed2026_2075_20260715_175821/rep5/facts.lp
sf5,SF (5),2031,MPC,True,,2.0,30,0.0,0.0,0.0,0.0,True,results/paper_aaai2027/frozen/results/estimated_graphs/paper_er_sf_sparse_alpha001_noweight_50rep_mpc_fgs/sf5/MPC/run_0005_seed_2031.npz,results/paper_aaai2027/frozen/results/final_mcs_experiments_er_sf_sparse_alpha001_noweight_50rep/wc_sweep_sf5_2026_sparse_alpha001_noweight_seed2026_2075_20260715_175821/rep6/facts.lp
sf5,SF (5),2032,MPC,True,,2.0,31,4.0,4.0,0.0,0.12903225806451613,False,results/paper_aaai2027/frozen/results/estimated_graphs/paper_er_sf_sparse_alpha001_noweight_50rep_mpc_fgs/sf5/MPC/run_0006_seed_2032.npz,results/paper_aaai2027/frozen/results/final_mcs_experiments_er_sf_sparse_alpha001_noweight_50rep/wc_sweep_sf5_2026_sparse_alpha001_noweight_seed2026_2075_20260715_175821/rep7/facts.lp
sf5,SF (5),2033,MPC,True,,2.0,31,2.0,2.0,0.0,0.06451612903225806,False,results/paper_aaai2027/frozen/results/estimated_graphs/paper_er_sf_sparse_alpha001_noweight_50rep_mpc_fgs/sf5/MPC/run_0007_seed_2033.npz,results/paper_aaai2027/frozen/results/final_mcs_experiments_er_sf_sparse_alpha001_noweight_50rep/wc_sweep_sf5_2026_sparse_alpha001_noweight_seed2026_2075_20260715_175821/rep8/facts.lp
sf5,SF (5),2034,MPC,True,,2.0,30,0.0,0.0,0.0,0.0,True,results/paper_aaai2027/frozen/results/estimated_graphs/paper_er_sf_sparse_alpha001_noweight_50rep_mpc_fgs/sf5/MPC/run_0008_seed_2034.npz,results/paper_aaai2027/frozen/results/final_mcs_experiments_er_sf_sparse_alpha001_noweight_50rep/wc_sweep_sf5_2026_sparse_alpha001_noweight_seed2026_2075_20260715_175821/rep9/facts.lp
sf5,SF (5),2035,MPC,True,,2.0,30,3.0,2.0,1.0,0.1,False,results/paper_aaai2027/frozen/results/estimated_graphs/paper_er_sf_sparse_alpha001_noweight_50rep_mpc_fgs/sf5/MPC/run_0009_seed_2035.npz,results/paper_aaai2027/frozen/results/final_mcs_experiments_er_sf_sparse_alpha001_noweight_50rep/wc_sweep_sf5_2026_sparse_alpha001_noweight_seed2026_2075_20260715_175821/rep10/facts.lp
sf5,SF (5),2036,MPC,True,,1.0,30,1.0,1.0,0.0,0.03333333333333333,False,results/paper_aaai2027/frozen/results/estimated_graphs/paper_er_sf_sparse_alpha001_noweight_50rep_mpc_fgs/sf5/MPC/run_0010_seed_2036.npz,results/paper_aaai2027/frozen/results/final_mcs_experiments_er_sf_sparse_alpha001_noweight_50rep/wc_sweep_sf5_2026_sparse_alpha001_noweight_seed2026_2075_20260715_175821/rep11/facts.lp
sf5,SF (5),2037,MPC,True,,2.0,31,3.0,3.0,0.0,0.0967741935483871,False,results/paper_aaai2027/frozen/results/estimated_graphs/paper_er_sf_sparse_alpha001_noweight_50rep_mpc_fgs/sf5/MPC/run_0011_seed_2037.npz,results/paper_aaai2027/frozen/results/final_mcs_experiments_er_sf_sparse_alpha001_noweight_50rep/wc_sweep_sf5_2026_sparse_alpha001_noweight_seed2026_2075_20260715_175821/rep12/facts.lp
sf5,SF (5),2038,MPC,True,,1.0,38,0.0,0.0,0.0,0.0,True,results/paper_aaai2027/frozen/results/estimated_graphs/paper_er_sf_sparse_alpha001_noweight_50rep_mpc_fgs/sf5/MPC/run_0012_seed_2038.npz,results/paper_aaai2027/frozen/results/final_mcs_experiments_er_sf_sparse_alpha001_noweight_50rep/wc_sweep_sf5_2026_sparse_alpha001_noweight_seed2026_2075_20260715_175821/rep13/facts.lp
sf5,SF (5),2039,MPC,True,,1.0,38,2.0,2.0,0.0,0.05263157894736842,False,results/paper_aaai2027/frozen/results/estimated_graphs/paper_er_sf_sparse_alpha001_noweight_50rep_mpc_fgs/sf5/MPC/run_0013_seed_2039.npz,results/paper_aaai2027/frozen/results/final_mcs_experiments_er_sf_sparse_alpha001_noweight_50rep/wc_sweep_sf5_2026_sparse_alpha001_noweight_seed2026_2075_20260715_175821/rep14/facts.lp
sf5,SF (5),2040,MPC,True,,1.0,38,1.0,1.0,0.0,0.02631578947368421,False,results/paper_aaai2027/frozen/results/estimated_graphs/paper_er_sf_sparse_alpha001_noweight_50rep_mpc_fgs/sf5/MPC/run_0014_seed_2040.npz,results/paper_aaai2027/frozen/results/final_mcs_experiments_er_sf_sparse_alpha001_noweight_50rep/wc_sweep_sf5_2026_sparse_alpha001_noweight_seed2026_2075_20260715_175821/rep15/facts.lp
sf5,SF (5),2041,MPC,True,,1.0,31,2.0,2.0,0.0,0.06451612903225806,False,results/paper_aaai2027/frozen/results/estimated_graphs/paper_er_sf_sparse_alpha001_noweight_50rep_mpc_fgs/sf5/MPC/run_0015_seed_2041.npz,results/paper_aaai2027/frozen/results/final_mcs_experiments_er_sf_sparse_alpha001_noweight_50rep/wc_sweep_sf5_2026_sparse_alpha001_noweight_seed2026_2075_20260715_175821/rep16/facts.lp
sf5,SF (5),2042,MPC,True,,1.0,31,2.0,2.0,0.0,0.06451612903225806,False,results/paper_aaai2027/frozen/results/estimated_graphs/paper_er_sf_sparse_alpha001_noweight_50rep_mpc_fgs/sf5/MPC/run_0016_seed_2042.npz,results/paper_aaai2027/frozen/results/final_mcs_experiments_er_sf_sparse_alpha001_noweight_50rep/wc_sweep_sf5_2026_sparse_alpha001_noweight_seed2026_2075_20260715_175821/rep17/facts.lp
sf5,SF (5),2043,MPC,True,,1.0,30,0.0,0.0,0.0,0.0,True,results/paper_aaai2027/frozen/results/estimated_graphs/paper_er_sf_sparse_alpha001_noweight_50rep_mpc_fgs/sf5/MPC/run_0017_seed_2043.npz,results/paper_aaai2027/frozen/results/final_mcs_experiments_er_sf_sparse_alpha001_noweight_50rep/wc_sweep_sf5_2026_sparse_alpha001_noweight_seed2026_2075_20260715_175821/rep18/facts.lp
sf5,SF (5),2044,MPC,True,,1.0,30,1.0,1.0,0.0,0.03333333333333333,False,results/paper_aaai2027/frozen/results/estimated_graphs/paper_er_sf_sparse_alpha001_noweight_50rep_mpc_fgs/sf5/MPC/run_0018_seed_2044.npz,results/paper_aaai2027/frozen/results/final_mcs_experiments_er_sf_sparse_alpha001_noweight_50rep/wc_sweep_sf5_2026_sparse_alpha001_noweight_seed2026_2075_20260715_175821/rep19/facts.lp
sf5,SF (5),2045,MPC,True,,2.0,30,3.0,3.0,0.0,0.1,False,results/paper_aaai2027/frozen/results/estimated_graphs/paper_er_sf_sparse_alpha001_noweight_50rep_mpc_fgs/sf5/MPC/run_0019_seed_2045.npz,results/paper_aaai2027/frozen/results/final_mcs_experiments_er_sf_sparse_alpha001_noweight_50rep/wc_sweep_sf5_2026_sparse_alpha001_noweight_seed2026_2075_20260715_175821/rep20/facts.lp
sf5,SF (5),2046,MPC,True,,2.0,31,3.0,3.0,0.0,0.0967741935483871,False,results/paper_aaai2027/frozen/results/estimated_graphs/paper_er_sf_sparse_alpha001_noweight_50rep_mpc_fgs/sf5/MPC/run_0020_seed_2046.npz,results/paper_aaai2027/frozen/results/final_mcs_experiments_er_sf_sparse_alpha001_noweight_50rep/wc_sweep_sf5_2026_sparse_alpha001_noweight_seed2026_2075_20260715_175821/rep21/facts.lp
sf5,SF (5),2047,MPC,True,,1.0,38,0.0,0.0,0.0,0.0,True,results/paper_aaai2027/frozen/results/estimated_graphs/paper_er_sf_sparse_alpha001_noweight_50rep_mpc_fgs/sf5/MPC/run_0021_seed_2047.npz,results/paper_aaai2027/frozen/results/final_mcs_experiments_er_sf_sparse_alpha001_noweight_50rep/wc_sweep_sf5_2026_sparse_alpha001_noweight_seed2026_2075_20260715_175821/rep22/facts.lp
sf5,SF (5),2048,MPC,True,,2.0,30,0.0,0.0,0.0,0.0,True,results/paper_aaai2027/frozen/results/estimated_graphs/paper_er_sf_sparse_alpha001_noweight_50rep_mpc_fgs/sf5/MPC/run_0022_seed_2048.npz,results/paper_aaai2027/frozen/results/final_mcs_experiments_er_sf_sparse_alpha001_noweight_50rep/wc_sweep_sf5_2026_sparse_alpha001_noweight_seed2026_2075_20260715_175821/rep23/facts.lp
sf5,SF (5),2049,MPC,True,,2.0,31,1.0,1.0,0.0,0.03225806451612903,False,results/paper_aaai2027/frozen/results/estimated_graphs/paper_er_sf_sparse_alpha001_noweight_50rep_mpc_fgs/sf5/MPC/run_0023_seed_2049.npz,results/paper_aaai2027/frozen/results/final_mcs_experiments_er_sf_sparse_alpha001_noweight_50rep/wc_sweep_sf5_2026_sparse_alpha001_noweight_seed2026_2075_20260715_175821/rep24/facts.lp
sf5,SF (5),2050,MPC,True,,3.0,30,2.0,2.0,0.0,0.06666666666666667,False,results/paper_aaai2027/frozen/results/estimated_graphs/paper_er_sf_sparse_alpha001_noweight_50rep_mpc_fgs/sf5/MPC/run_0024_seed_2050.npz,results/paper_aaai2027/frozen/results/final_mcs_experiments_er_sf_sparse_alpha001_noweight_50rep/wc_sweep_sf5_2026_sparse_alpha001_noweight_seed2026_2075_20260715_175821/rep25/facts.lp
sf5,SF (5),2051,MPC,True,,1.0,38,0.0,0.0,0.0,0.0,True,results/paper_aaai2027/frozen/results/estimated_graphs/paper_er_sf_sparse_alpha001_noweight_50rep_mpc_fgs/sf5/MPC/run_0025_seed_2051.npz,results/paper_aaai2027/frozen/results/final_mcs_experiments_er_sf_sparse_alpha001_noweight_50rep/wc_sweep_sf5_2026_sparse_alpha001_noweight_seed2026_2075_20260715_175821/rep26/facts.lp
sf5,SF (5),2052,MPC,True,,2.0,30,2.0,0.0,2.0,0.06666666666666667,False,results/paper_aaai2027/frozen/results/estimated_graphs/paper_er_sf_sparse_alpha001_noweight_50rep_mpc_fgs/sf5/MPC/run_0026_seed_2052.npz,results/paper_aaai2027/frozen/results/final_mcs_experiments_er_sf_sparse_alpha001_noweight_50rep/wc_sweep_sf5_2026_sparse_alpha001_noweight_seed2026_2075_20260715_175821/rep27/facts.lp
sf5,SF (5),2053,MPC,True,,2.0,30,1.0,1.0,0.0,0.03333333333333333,False,results/paper_aaai2027/frozen/results/estimated_graphs/paper_er_sf_sparse_alpha001_noweight_50rep_mpc_fgs/sf5/MPC/run_0027_seed_2053.npz,results/paper_aaai2027/frozen/results/final_mcs_experiments_er_sf_sparse_alpha001_noweight_50rep/wc_sweep_sf5_2026_sparse_alpha001_noweight_seed2026_2075_20260715_175821/rep28/facts.lp
sf5,SF (5),2054,MPC,True,,6.0,36,13.0,7.0,6.0,0.3611111111111111,False,results/paper_aaai2027/frozen/results/estimated_graphs/paper_er_sf_sparse_alpha001_noweight_50rep_mpc_fgs/sf5/MPC/run_0028_seed_2054.npz,results/paper_aaai2027/frozen/results/final_mcs_experiments_er_sf_sparse_alpha001_noweight_50rep/wc_sweep_sf5_2026_sparse_alpha001_noweight_seed2026_2075_20260715_175821/rep29/facts.lp
sf5,SF (5),2055,MPC,True,,2.0,18,3.0,0.0,3.0,0.16666666666666666,False,results/paper_aaai2027/frozen/results/estimated_graphs/paper_er_sf_sparse_alpha001_noweight_50rep_mpc_fgs/sf5/MPC/run_0029_seed_2055.npz,results/paper_aaai2027/frozen/results/final_mcs_experiments_er_sf_sparse_alpha001_noweight_50rep/wc_sweep_sf5_2026_sparse_alpha001_noweight_seed2026_2075_20260715_175821/rep30/facts.lp
sf5,SF (5),2056,MPC,True,,2.0,29,2.0,2.0,0.0,0.06896551724137931,False,results/paper_aaai2027/frozen/results/estimated_graphs/paper_er_sf_sparse_alpha001_noweight_50rep_mpc_fgs/sf5/MPC/run_0030_seed_2056.npz,results/paper_aaai2027/frozen/results/final_mcs_experiments_er_sf_sparse_alpha001_noweight_50rep/wc_sweep_sf5_2026_sparse_alpha001_noweight_seed2026_2075_20260715_175821/rep31/facts.lp
sf5,SF (5),2057,MPC,True,,2.0,29,2.0,2.0,0.0,0.06896551724137931,False,results/paper_aaai2027/frozen/results/estimated_graphs/paper_er_sf_sparse_alpha001_noweight_50rep_mpc_fgs/sf5/MPC/run_0031_seed_2057.npz,results/paper_aaai2027/frozen/results/final_mcs_experiments_er_sf_sparse_alpha001_noweight_50rep/wc_sweep_sf5_2026_sparse_alpha001_noweight_seed2026_2075_20260715_175821/rep32/facts.lp
sf5,SF (5),2058,MPC,True,,2.0,30,1.0,1.0,0.0,0.03333333333333333,False,results/paper_aaai2027/frozen/results/estimated_graphs/paper_er_sf_sparse_alpha001_noweight_50rep_mpc_fgs/sf5/MPC/run_0032_seed_2058.npz,results/paper_aaai2027/frozen/results/final_mcs_experiments_er_sf_sparse_alpha001_noweight_50rep/wc_sweep_sf5_2026_sparse_alpha001_noweight_seed2026_2075_20260715_175821/rep33/facts.lp
sf5,SF (5),2059,MPC,True,,1.0,38,0.0,0.0,0.0,0.0,True,results/paper_aaai2027/frozen/results/estimated_graphs/paper_er_sf_sparse_alpha001_noweight_50rep_mpc_fgs/sf5/MPC/run_0033_seed_2059.npz,results/paper_aaai2027/frozen/results/final_mcs_experiments_er_sf_sparse_alpha001_noweight_50rep/wc_sweep_sf5_2026_sparse_alpha001_noweight_seed2026_2075_20260715_175821/rep34/facts.lp
sf5,SF (5),2060,MPC,True,,2.0,35,1.0,0.0,1.0,0.02857142857142857,False,results/paper_aaai2027/frozen/results/estimated_graphs/paper_er_sf_sparse_alpha001_noweight_50rep_mpc_fgs/sf5/MPC/run_0034_seed_2060.npz,results/paper_aaai2027/frozen/results/final_mcs_experiments_er_sf_sparse_alpha001_noweight_50rep/wc_sweep_sf5_2026_sparse_alpha001_noweight_seed2026_2075_20260715_175821/rep35/facts.lp
sf5,SF (5),2061,MPC,True,,2.0,47,1.0,1.0,0.0,0.02127659574468085,False,results/paper_aaai2027/frozen/results/estimated_graphs/paper_er_sf_sparse_alpha001_noweight_50rep_mpc_fgs/sf5/MPC/run_0035_seed_2061.npz,results/paper_aaai2027/frozen/results/final_mcs_experiments_er_sf_sparse_alpha001_noweight_50rep/wc_sweep_sf5_2026_sparse_alpha001_noweight_seed2026_2075_20260715_175821/rep36/facts.lp
sf5,SF (5),2062,MPC,True,,1.0,38,0.0,0.0,0.0,0.0,True,results/paper_aaai2027/frozen/results/estimated_graphs/paper_er_sf_sparse_alpha001_noweight_50rep_mpc_fgs/sf5/MPC/run_0036_seed_2062.npz,results/paper_aaai2027/frozen/results/final_mcs_experiments_er_sf_sparse_alpha001_noweight_50rep/wc_sweep_sf5_2026_sparse_alpha001_noweight_seed2026_2075_20260715_175821/rep37/facts.lp
sf5,SF (5),2063,MPC,True,,1.0,30,1.0,1.0,0.0,0.03333333333333333,False,results/paper_aaai2027/frozen/results/estimated_graphs/paper_er_sf_sparse_alpha001_noweight_50rep_mpc_fgs/sf5/MPC/run_0037_seed_2063.npz,results/paper_aaai2027/frozen/results/final_mcs_experiments_er_sf_sparse_alpha001_noweight_50rep/wc_sweep_sf5_2026_sparse_alpha001_noweight_seed2026_2075_20260715_175821/rep38/facts.lp
sf5,SF (5),2064,MPC,True,,1.0,31,1.0,1.0,0.0,0.03225806451612903,False,results/paper_aaai2027/frozen/results/estimated_graphs/paper_er_sf_sparse_alpha001_noweight_50rep_mpc_fgs/sf5/MPC/run_0038_seed_2064.npz,results/paper_aaai2027/frozen/results/final_mcs_experiments_er_sf_sparse_alpha001_noweight_50rep/wc_sweep_sf5_2026_sparse_alpha001_noweight_seed2026_2075_20260715_175821/rep39/facts.lp
sf5,SF (5),2065,MPC,True,,1.0,38,0.0,0.0,0.0,0.0,True,results/paper_aaai2027/frozen/results/estimated_graphs/paper_er_sf_sparse_alpha001_noweight_50rep_mpc_fgs/sf5/MPC/run_0039_seed_2065.npz,results/paper_aaai2027/frozen/results/final_mcs_experiments_er_sf_sparse_alpha001_noweight_50rep/wc_sweep_sf5_2026_sparse_alpha001_noweight_seed2026_2075_20260715_175821/rep40/facts.lp
sf5,SF (5),2066,MPC,True,,2.0,30,0.0,0.0,0.0,0.0,True,results/paper_aaai2027/frozen/results/estimated_graphs/paper_er_sf_sparse_alpha001_noweight_50rep_mpc_fgs/sf5/MPC/run_0040_seed_2066.npz,results/paper_aaai2027/frozen/results/final_mcs_experiments_er_sf_sparse_alpha001_noweight_50rep/wc_sweep_sf5_2026_sparse_alpha001_noweight_seed2026_2075_20260715_175821/rep41/facts.lp
sf5,SF (5),2067,MPC,True,,2.0,30,1.0,0.0,1.0,0.03333333333333333,False,results/paper_aaai2027/frozen/results/estimated_graphs/paper_er_sf_sparse_alpha001_noweight_50rep_mpc_fgs/sf5/MPC/run_0041_seed_2067.npz,results/paper_aaai2027/frozen/results/final_mcs_experiments_er_sf_sparse_alpha001_noweight_50rep/wc_sweep_sf5_2026_sparse_alpha001_noweight_seed2026_2075_20260715_175821/rep42/facts.lp
sf5,SF (5),2068,MPC,True,,2.0,30,2.0,2.0,0.0,0.06666666666666667,False,results/paper_aaai2027/frozen/results/estimated_graphs/paper_er_sf_sparse_alpha001_noweight_50rep_mpc_fgs/sf5/MPC/run_0042_seed_2068.npz,results/paper_aaai2027/frozen/results/final_mcs_experiments_er_sf_sparse_alpha001_noweight_50rep/wc_sweep_sf5_2026_sparse_alpha001_noweight_seed2026_2075_20260715_175821/rep43/facts.lp
sf5,SF (5),2069,MPC,True,,4.0,24,0.0,0.0,0.0,0.0,True,results/paper_aaai2027/frozen/results/estimated_graphs/paper_er_sf_sparse_alpha001_noweight_50rep_mpc_fgs/sf5/MPC/run_0043_seed_2069.npz,results/paper_aaai2027/frozen/results/final_mcs_experiments_er_sf_sparse_alpha001_noweight_50rep/wc_sweep_sf5_2026_sparse_alpha001_noweight_seed2026_2075_20260715_175821/rep44/facts.lp
sf5,SF (5),2070,MPC,True,,2.0,30,0.0,0.0,0.0,0.0,True,results/paper_aaai2027/frozen/results/estimated_graphs/paper_er_sf_sparse_alpha001_noweight_50rep_mpc_fgs/sf5/MPC/run_0044_seed_2070.npz,results/paper_aaai2027/frozen/results/final_mcs_experiments_er_sf_sparse_alpha001_noweight_50rep/wc_sweep_sf5_2026_sparse_alpha001_noweight_seed2026_2075_20260715_175821/rep45/facts.lp
sf5,SF (5),2071,MPC,True,,2.0,31,3.0,3.0,0.0,0.0967741935483871,False,results/paper_aaai2027/frozen/results/estimated_graphs/paper_er_sf_sparse_alpha001_noweight_50rep_mpc_fgs/sf5/MPC/run_0045_seed_2071.npz,results/paper_aaai2027/frozen/results/final_mcs_experiments_er_sf_sparse_alpha001_noweight_50rep/wc_sweep_sf5_2026_sparse_alpha001_noweight_seed2026_2075_20260715_175821/rep46/facts.lp
sf5,SF (5),2072,MPC,True,,1.0,30,1.0,1.0,0.0,0.03333333333333333,False,results/paper_aaai2027/frozen/results/estimated_graphs/paper_er_sf_sparse_alpha001_noweight_50rep_mpc_fgs/sf5/MPC/run_0046_seed_2072.npz,results/paper_aaai2027/frozen/results/final_mcs_experiments_er_sf_sparse_alpha001_noweight_50rep/wc_sweep_sf5_2026_sparse_alpha001_noweight_seed2026_2075_20260715_175821/rep47/facts.lp
sf5,SF (5),2073,MPC,True,,1.0,37,0.0,0.0,0.0,0.0,True,results/paper_aaai2027/frozen/results/estimated_graphs/paper_er_sf_sparse_alpha001_noweight_50rep_mpc_fgs/sf5/MPC/run_0047_seed_2073.npz,results/paper_aaai2027/frozen/results/final_mcs_experiments_er_sf_sparse_alpha001_noweight_50rep/wc_sweep_sf5_2026_sparse_alpha001_noweight_seed2026_2075_20260715_175821/rep48/facts.lp
sf5,SF (5),2074,MPC,True,,2.0,16,0.0,0.0,0.0,0.0,True,results/paper_aaai2027/frozen/results/estimated_graphs/paper_er_sf_sparse_alpha001_noweight_50rep_mpc_fgs/sf5/MPC/run_0048_seed_2074.npz,results/paper_aaai2027/frozen/results/final_mcs_experiments_er_sf_sparse_alpha001_noweight_50rep/wc_sweep_sf5_2026_sparse_alpha001_noweight_seed2026_2075_20260715_175821/rep49/facts.lp
sf5,SF (5),2075,MPC,True,,1.0,30,2.0,1.0,1.0,0.06666666666666667,False,results/paper_aaai2027/frozen/results/estimated_graphs/paper_er_sf_sparse_alpha001_noweight_50rep_mpc_fgs/sf5/MPC/run_0049_seed_2075.npz,results/paper_aaai2027/frozen/results/final_mcs_experiments_er_sf_sparse_alpha001_noweight_50rep/wc_sweep_sf5_2026_sparse_alpha001_noweight_seed2026_2075_20260715_175821/rep50/facts.lp
sf8,SF (8),2026,MPC,True,,2.0,292,13.0,9.0,4.0,0.04452054794520548,False,results/paper_aaai2027/frozen/results/estimated_graphs/paper_er_sf_sparse_alpha001_noweight_50rep_mpc_fgs/sf8/MPC/run_0000_seed_2026.npz,results/paper_aaai2027/frozen/results/final_mcs_experiments_er_sf_sparse_alpha001_noweight_50rep/wc_sweep_sf8_2026_sparse_alpha001_noweight_seed2026_2075_20260715_180034/rep1/facts.lp
sf8,SF (8),2027,MPC,True,,1.0,142,18.0,14.0,4.0,0.1267605633802817,False,results/paper_aaai2027/frozen/results/estimated_graphs/paper_er_sf_sparse_alpha001_noweight_50rep_mpc_fgs/sf8/MPC/run_0001_seed_2027.npz,results/paper_aaai2027/frozen/results/final_mcs_experiments_er_sf_sparse_alpha001_noweight_50rep/wc_sweep_sf8_2026_sparse_alpha001_noweight_seed2026_2075_20260715_180034/rep2/facts.lp
sf8,SF (8),2028,MPC,True,,4.0,99,7.0,5.0,2.0,0.0707070707070707,False,results/paper_aaai2027/frozen/results/estimated_graphs/paper_er_sf_sparse_alpha001_noweight_50rep_mpc_fgs/sf8/MPC/run_0002_seed_2028.npz,results/paper_aaai2027/frozen/results/final_mcs_experiments_er_sf_sparse_alpha001_noweight_50rep/wc_sweep_sf8_2026_sparse_alpha001_noweight_seed2026_2075_20260715_180034/rep3/facts.lp
sf8,SF (8),2029,MPC,True,,1.0,101,18.0,12.0,6.0,0.1782178217821782,False,results/paper_aaai2027/frozen/results/estimated_graphs/paper_er_sf_sparse_alpha001_noweight_50rep_mpc_fgs/sf8/MPC/run_0003_seed_2029.npz,results/paper_aaai2027/frozen/results/final_mcs_experiments_er_sf_sparse_alpha001_noweight_50rep/wc_sweep_sf8_2026_sparse_alpha001_noweight_seed2026_2075_20260715_180034/rep4/facts.lp
sf8,SF (8),2030,MPC,True,,1.0,113,6.0,2.0,4.0,0.05309734513274336,False,results/paper_aaai2027/frozen/results/estimated_graphs/paper_er_sf_sparse_alpha001_noweight_50rep_mpc_fgs/sf8/MPC/run_0004_seed_2030.npz,results/paper_aaai2027/frozen/results/final_mcs_experiments_er_sf_sparse_alpha001_noweight_50rep/wc_sweep_sf8_2026_sparse_alpha001_noweight_seed2026_2075_20260715_180034/rep5/facts.lp
sf8,SF (8),2031,MPC,True,,4.0,93,7.0,6.0,1.0,0.07526881720430108,False,results/paper_aaai2027/frozen/results/estimated_graphs/paper_er_sf_sparse_alpha001_noweight_50rep_mpc_fgs/sf8/MPC/run_0005_seed_2031.npz,results/paper_aaai2027/frozen/results/final_mcs_experiments_er_sf_sparse_alpha001_noweight_50rep/wc_sweep_sf8_2026_sparse_alpha001_noweight_seed2026_2075_20260715_180034/rep6/facts.lp
sf8,SF (8),2032,MPC,True,,2.0,132,9.0,3.0,6.0,0.06818181818181818,False,results/paper_aaai2027/frozen/results/estimated_graphs/paper_er_sf_sparse_alpha001_noweight_50rep_mpc_fgs/sf8/MPC/run_0006_seed_2032.npz,results/paper_aaai2027/frozen/results/final_mcs_experiments_er_sf_sparse_alpha001_noweight_50rep/wc_sweep_sf8_2026_sparse_alpha001_noweight_seed2026_2075_20260715_180034/rep7/facts.lp
sf8,SF (8),2033,MPC,True,,4.0,100,12.0,12.0,0.0,0.12,False,results/paper_aaai2027/frozen/results/estimated_graphs/paper_er_sf_sparse_alpha001_noweight_50rep_mpc_fgs/sf8/MPC/run_0007_seed_2033.npz,results/paper_aaai2027/frozen/results/final_mcs_experiments_er_sf_sparse_alpha001_noweight_50rep/wc_sweep_sf8_2026_sparse_alpha001_noweight_seed2026_2075_20260715_180034/rep8/facts.lp
sf8,SF (8),2034,MPC,True,,2.0,66,7.0,2.0,5.0,0.10606060606060606,False,results/paper_aaai2027/frozen/results/estimated_graphs/paper_er_sf_sparse_alpha001_noweight_50rep_mpc_fgs/sf8/MPC/run_0008_seed_2034.npz,results/paper_aaai2027/frozen/results/final_mcs_experiments_er_sf_sparse_alpha001_noweight_50rep/wc_sweep_sf8_2026_sparse_alpha001_noweight_seed2026_2075_20260715_180034/rep9/facts.lp
sf8,SF (8),2035,MPC,True,,2.0,122,32.0,23.0,9.0,0.26229508196721313,False,results/paper_aaai2027/frozen/results/estimated_graphs/paper_er_sf_sparse_alpha001_noweight_50rep_mpc_fgs/sf8/MPC/run_0009_seed_2035.npz,results/paper_aaai2027/frozen/results/final_mcs_experiments_er_sf_sparse_alpha001_noweight_50rep/wc_sweep_sf8_2026_sparse_alpha001_noweight_seed2026_2075_20260715_180034/rep10/facts.lp
sf8,SF (8),2036,MPC,True,,4.0,93,8.0,7.0,1.0,0.08602150537634409,False,results/paper_aaai2027/frozen/results/estimated_graphs/paper_er_sf_sparse_alpha001_noweight_50rep_mpc_fgs/sf8/MPC/run_0010_seed_2036.npz,results/paper_aaai2027/frozen/results/final_mcs_experiments_er_sf_sparse_alpha001_noweight_50rep/wc_sweep_sf8_2026_sparse_alpha001_noweight_seed2026_2075_20260715_180034/rep11/facts.lp
sf8,SF (8),2037,MPC,True,,4.0,89,11.0,5.0,6.0,0.12359550561797752,False,results/paper_aaai2027/frozen/results/estimated_graphs/paper_er_sf_sparse_alpha001_noweight_50rep_mpc_fgs/sf8/MPC/run_0011_seed_2037.npz,results/paper_aaai2027/frozen/results/final_mcs_experiments_er_sf_sparse_alpha001_noweight_50rep/wc_sweep_sf8_2026_sparse_alpha001_noweight_seed2026_2075_20260715_180034/rep12/facts.lp
sf8,SF (8),2038,MPC,True,,4.0,183,30.0,30.0,0.0,0.16393442622950818,False,results/paper_aaai2027/frozen/results/estimated_graphs/paper_er_sf_sparse_alpha001_noweight_50rep_mpc_fgs/sf8/MPC/run_0012_seed_2038.npz,results/paper_aaai2027/frozen/results/final_mcs_experiments_er_sf_sparse_alpha001_noweight_50rep/wc_sweep_sf8_2026_sparse_alpha001_noweight_seed2026_2075_20260715_180034/rep13/facts.lp
sf8,SF (8),2039,MPC,True,,2.0,136,19.0,15.0,4.0,0.13970588235294118,False,results/paper_aaai2027/frozen/results/estimated_graphs/paper_er_sf_sparse_alpha001_noweight_50rep_mpc_fgs/sf8/MPC/run_0013_seed_2039.npz,results/paper_aaai2027/frozen/results/final_mcs_experiments_er_sf_sparse_alpha001_noweight_50rep/wc_sweep_sf8_2026_sparse_alpha001_noweight_seed2026_2075_20260715_180034/rep14/facts.lp
sf8,SF (8),2040,MPC,True,,4.0,160,19.0,16.0,3.0,0.11875,False,results/paper_aaai2027/frozen/results/estimated_graphs/paper_er_sf_sparse_alpha001_noweight_50rep_mpc_fgs/sf8/MPC/run_0014_seed_2040.npz,results/paper_aaai2027/frozen/results/final_mcs_experiments_er_sf_sparse_alpha001_noweight_50rep/wc_sweep_sf8_2026_sparse_alpha001_noweight_seed2026_2075_20260715_180034/rep15/facts.lp
sf8,SF (8),2041,MPC,True,,2.0,133,21.0,19.0,2.0,0.15789473684210525,False,results/paper_aaai2027/frozen/results/estimated_graphs/paper_er_sf_sparse_alpha001_noweight_50rep_mpc_fgs/sf8/MPC/run_0015_seed_2041.npz,results/paper_aaai2027/frozen/results/final_mcs_experiments_er_sf_sparse_alpha001_noweight_50rep/wc_sweep_sf8_2026_sparse_alpha001_noweight_seed2026_2075_20260715_180034/rep16/facts.lp
sf8,SF (8),2042,MPC,True,,4.0,100,12.0,11.0,1.0,0.12,False,results/paper_aaai2027/frozen/results/estimated_graphs/paper_er_sf_sparse_alpha001_noweight_50rep_mpc_fgs/sf8/MPC/run_0016_seed_2042.npz,results/paper_aaai2027/frozen/results/final_mcs_experiments_er_sf_sparse_alpha001_noweight_50rep/wc_sweep_sf8_2026_sparse_alpha001_noweight_seed2026_2075_20260715_180034/rep17/facts.lp
sf8,SF (8),2043,MPC,True,,4.0,74,9.0,1.0,8.0,0.12162162162162163,False,results/paper_aaai2027/frozen/results/estimated_graphs/paper_er_sf_sparse_alpha001_noweight_50rep_mpc_fgs/sf8/MPC/run_0017_seed_2043.npz,results/paper_aaai2027/frozen/results/final_mcs_experiments_er_sf_sparse_alpha001_noweight_50rep/wc_sweep_sf8_2026_sparse_alpha001_noweight_seed2026_2075_20260715_180034/rep18/facts.lp
sf8,SF (8),2044,MPC,True,,2.0,132,13.0,10.0,3.0,0.09848484848484848,False,results/paper_aaai2027/frozen/results/estimated_graphs/paper_er_sf_sparse_alpha001_noweight_50rep_mpc_fgs/sf8/MPC/run_0018_seed_2044.npz,results/paper_aaai2027/frozen/results/final_mcs_experiments_er_sf_sparse_alpha001_noweight_50rep/wc_sweep_sf8_2026_sparse_alpha001_noweight_seed2026_2075_20260715_180034/rep19/facts.lp
sf8,SF (8),2045,MPC,True,,4.0,122,9.0,6.0,3.0,0.07377049180327869,False,results/paper_aaai2027/frozen/results/estimated_graphs/paper_er_sf_sparse_alpha001_noweight_50rep_mpc_fgs/sf8/MPC/run_0019_seed_2045.npz,results/paper_aaai2027/frozen/results/final_mcs_experiments_er_sf_sparse_alpha001_noweight_50rep/wc_sweep_sf8_2026_sparse_alpha001_noweight_seed2026_2075_20260715_180034/rep20/facts.lp
sf8,SF (8),2046,MPC,True,,2.0,37,0.0,0.0,0.0,0.0,True,results/paper_aaai2027/frozen/results/estimated_graphs/paper_er_sf_sparse_alpha001_noweight_50rep_mpc_fgs/sf8/MPC/run_0020_seed_2046.npz,results/paper_aaai2027/frozen/results/final_mcs_experiments_er_sf_sparse_alpha001_noweight_50rep/wc_sweep_sf8_2026_sparse_alpha001_noweight_seed2026_2075_20260715_180034/rep21/facts.lp
sf8,SF (8),2047,MPC,True,,4.0,183,32.0,32.0,0.0,0.17486338797814208,False,results/paper_aaai2027/frozen/results/estimated_graphs/paper_er_sf_sparse_alpha001_noweight_50rep_mpc_fgs/sf8/MPC/run_0021_seed_2047.npz,results/paper_aaai2027/frozen/results/final_mcs_experiments_er_sf_sparse_alpha001_noweight_50rep/wc_sweep_sf8_2026_sparse_alpha001_noweight_seed2026_2075_20260715_180034/rep22/facts.lp
sf8,SF (8),2048,MPC,True,,1.0,103,18.0,16.0,2.0,0.17475728155339806,False,results/paper_aaai2027/frozen/results/estimated_graphs/paper_er_sf_sparse_alpha001_noweight_50rep_mpc_fgs/sf8/MPC/run_0022_seed_2048.npz,results/paper_aaai2027/frozen/results/final_mcs_experiments_er_sf_sparse_alpha001_noweight_50rep/wc_sweep_sf8_2026_sparse_alpha001_noweight_seed2026_2075_20260715_180034/rep23/facts.lp
sf8,SF (8),2049,MPC,True,,2.0,143,8.0,4.0,4.0,0.055944055944055944,False,results/paper_aaai2027/frozen/results/estimated_graphs/paper_er_sf_sparse_alpha001_noweight_50rep_mpc_fgs/sf8/MPC/run_0023_seed_2049.npz,results/paper_aaai2027/frozen/results/final_mcs_experiments_er_sf_sparse_alpha001_noweight_50rep/wc_sweep_sf8_2026_sparse_alpha001_noweight_seed2026_2075_20260715_180034/rep24/facts.lp
sf8,SF (8),2050,MPC,True,,2.0,106,32.0,21.0,11.0,0.3018867924528302,False,results/paper_aaai2027/frozen/results/estimated_graphs/paper_er_sf_sparse_alpha001_noweight_50rep_mpc_fgs/sf8/MPC/run_0024_seed_2050.npz,results/paper_aaai2027/frozen/results/final_mcs_experiments_er_sf_sparse_alpha001_noweight_50rep/wc_sweep_sf8_2026_sparse_alpha001_noweight_seed2026_2075_20260715_180034/rep25/facts.lp
sf8,SF (8),2051,MPC,True,,2.0,39,5.0,0.0,5.0,0.1282051282051282,False,results/paper_aaai2027/frozen/results/estimated_graphs/paper_er_sf_sparse_alpha001_noweight_50rep_mpc_fgs/sf8/MPC/run_0025_seed_2051.npz,results/paper_aaai2027/frozen/results/final_mcs_experiments_er_sf_sparse_alpha001_noweight_50rep/wc_sweep_sf8_2026_sparse_alpha001_noweight_seed2026_2075_20260715_180034/rep26/facts.lp
sf8,SF (8),2052,MPC,True,,1.0,123,21.0,15.0,6.0,0.17073170731707318,False,results/paper_aaai2027/frozen/results/estimated_graphs/paper_er_sf_sparse_alpha001_noweight_50rep_mpc_fgs/sf8/MPC/run_0026_seed_2052.npz,results/paper_aaai2027/frozen/results/final_mcs_experiments_er_sf_sparse_alpha001_noweight_50rep/wc_sweep_sf8_2026_sparse_alpha001_noweight_seed2026_2075_20260715_180034/rep27/facts.lp
sf8,SF (8),2053,MPC,True,,6.0,105,10.0,10.0,0.0,0.09523809523809523,False,results/paper_aaai2027/frozen/results/estimated_graphs/paper_er_sf_sparse_alpha001_noweight_50rep_mpc_fgs/sf8/MPC/run_0027_seed_2053.npz,results/paper_aaai2027/frozen/results/final_mcs_experiments_er_sf_sparse_alpha001_noweight_50rep/wc_sweep_sf8_2026_sparse_alpha001_noweight_seed2026_2075_20260715_180034/rep28/facts.lp
sf8,SF (8),2054,MPC,True,,1.0,196,31.0,27.0,4.0,0.15816326530612246,False,results/paper_aaai2027/frozen/results/estimated_graphs/paper_er_sf_sparse_alpha001_noweight_50rep_mpc_fgs/sf8/MPC/run_0028_seed_2054.npz,results/paper_aaai2027/frozen/results/final_mcs_experiments_er_sf_sparse_alpha001_noweight_50rep/wc_sweep_sf8_2026_sparse_alpha001_noweight_seed2026_2075_20260715_180034/rep29/facts.lp
sf8,SF (8),2055,MPC,True,,3.0,31,0.0,0.0,0.0,0.0,True,results/paper_aaai2027/frozen/results/estimated_graphs/paper_er_sf_sparse_alpha001_noweight_50rep_mpc_fgs/sf8/MPC/run_0029_seed_2055.npz,results/paper_aaai2027/frozen/results/final_mcs_experiments_er_sf_sparse_alpha001_noweight_50rep/wc_sweep_sf8_2026_sparse_alpha001_noweight_seed2026_2075_20260715_180034/rep30/facts.lp
sf8,SF (8),2056,MPC,True,,2.0,133,41.0,26.0,15.0,0.3082706766917293,False,results/paper_aaai2027/frozen/results/estimated_graphs/paper_er_sf_sparse_alpha001_noweight_50rep_mpc_fgs/sf8/MPC/run_0030_seed_2056.npz,results/paper_aaai2027/frozen/results/final_mcs_experiments_er_sf_sparse_alpha001_noweight_50rep/wc_sweep_sf8_2026_sparse_alpha001_noweight_seed2026_2075_20260715_180034/rep31/facts.lp
sf8,SF (8),2057,MPC,True,,2.0,121,17.0,13.0,4.0,0.14049586776859505,False,results/paper_aaai2027/frozen/results/estimated_graphs/paper_er_sf_sparse_alpha001_noweight_50rep_mpc_fgs/sf8/MPC/run_0031_seed_2057.npz,results/paper_aaai2027/frozen/results/final_mcs_experiments_er_sf_sparse_alpha001_noweight_50rep/wc_sweep_sf8_2026_sparse_alpha001_noweight_seed2026_2075_20260715_180034/rep32/facts.lp
sf8,SF (8),2058,MPC,True,,6.0,105,19.0,17.0,2.0,0.18095238095238095,False,results/paper_aaai2027/frozen/results/estimated_graphs/paper_er_sf_sparse_alpha001_noweight_50rep_mpc_fgs/sf8/MPC/run_0032_seed_2058.npz,results/paper_aaai2027/frozen/results/final_mcs_experiments_er_sf_sparse_alpha001_noweight_50rep/wc_sweep_sf8_2026_sparse_alpha001_noweight_seed2026_2075_20260715_180034/rep33/facts.lp
sf8,SF (8),2059,MPC,True,,2.0,36,2.0,0.0,2.0,0.05555555555555555,False,results/paper_aaai2027/frozen/results/estimated_graphs/paper_er_sf_sparse_alpha001_noweight_50rep_mpc_fgs/sf8/MPC/run_0033_seed_2059.npz,results/paper_aaai2027/frozen/results/final_mcs_experiments_er_sf_sparse_alpha001_noweight_50rep/wc_sweep_sf8_2026_sparse_alpha001_noweight_seed2026_2075_20260715_180034/rep34/facts.lp
sf8,SF (8),2060,MPC,True,,4.0,183,25.0,25.0,0.0,0.1366120218579235,False,results/paper_aaai2027/frozen/results/estimated_graphs/paper_er_sf_sparse_alpha001_noweight_50rep_mpc_fgs/sf8/MPC/run_0034_seed_2060.npz,results/paper_aaai2027/frozen/results/final_mcs_experiments_er_sf_sparse_alpha001_noweight_50rep/wc_sweep_sf8_2026_sparse_alpha001_noweight_seed2026_2075_20260715_180034/rep35/facts.lp
sf8,SF (8),2061,MPC,True,,4.0,183,19.0,14.0,5.0,0.10382513661202186,False,results/paper_aaai2027/frozen/results/estimated_graphs/paper_er_sf_sparse_alpha001_noweight_50rep_mpc_fgs/sf8/MPC/run_0035_seed_2061.npz,results/paper_aaai2027/frozen/results/final_mcs_experiments_er_sf_sparse_alpha001_noweight_50rep/wc_sweep_sf8_2026_sparse_alpha001_noweight_seed2026_2075_20260715_180034/rep36/facts.lp
sf8,SF (8),2062,MPC,True,,2.0,121,25.0,25.0,0.0,0.2066115702479339,False,results/paper_aaai2027/frozen/results/estimated_graphs/paper_er_sf_sparse_alpha001_noweight_50rep_mpc_fgs/sf8/MPC/run_0036_seed_2062.npz,results/paper_aaai2027/frozen/results/final_mcs_experiments_er_sf_sparse_alpha001_noweight_50rep/wc_sweep_sf8_2026_sparse_alpha001_noweight_seed2026_2075_20260715_180034/rep37/facts.lp
sf8,SF (8),2063,MPC,True,,1.0,109,16.0,14.0,2.0,0.14678899082568808,False,results/paper_aaai2027/frozen/results/estimated_graphs/paper_er_sf_sparse_alpha001_noweight_50rep_mpc_fgs/sf8/MPC/run_0037_seed_2063.npz,results/paper_aaai2027/frozen/results/final_mcs_experiments_er_sf_sparse_alpha001_noweight_50rep/wc_sweep_sf8_2026_sparse_alpha001_noweight_seed2026_2075_20260715_180034/rep38/facts.lp
sf8,SF (8),2064,MPC,True,,4.0,43,5.0,0.0,5.0,0.11627906976744186,False,results/paper_aaai2027/frozen/results/estimated_graphs/paper_er_sf_sparse_alpha001_noweight_50rep_mpc_fgs/sf8/MPC/run_0038_seed_2064.npz,results/paper_aaai2027/frozen/results/final_mcs_experiments_er_sf_sparse_alpha001_noweight_50rep/wc_sweep_sf8_2026_sparse_alpha001_noweight_seed2026_2075_20260715_180034/rep39/facts.lp
sf8,SF (8),2065,MPC,True,,2.0,143,9.0,9.0,0.0,0.06293706293706294,False,results/paper_aaai2027/frozen/results/estimated_graphs/paper_er_sf_sparse_alpha001_noweight_50rep_mpc_fgs/sf8/MPC/run_0039_seed_2065.npz,results/paper_aaai2027/frozen/results/final_mcs_experiments_er_sf_sparse_alpha001_noweight_50rep/wc_sweep_sf8_2026_sparse_alpha001_noweight_seed2026_2075_20260715_180034/rep40/facts.lp
sf8,SF (8),2066,MPC,True,,4.0,115,11.0,4.0,7.0,0.09565217391304348,False,results/paper_aaai2027/frozen/results/estimated_graphs/paper_er_sf_sparse_alpha001_noweight_50rep_mpc_fgs/sf8/MPC/run_0040_seed_2066.npz,results/paper_aaai2027/frozen/results/final_mcs_experiments_er_sf_sparse_alpha001_noweight_50rep/wc_sweep_sf8_2026_sparse_alpha001_noweight_seed2026_2075_20260715_180034/rep41/facts.lp
sf8,SF (8),2067,MPC,True,,2.0,105,4.0,3.0,1.0,0.0380952380952381,False,results/paper_aaai2027/frozen/results/estimated_graphs/paper_er_sf_sparse_alpha001_noweight_50rep_mpc_fgs/sf8/MPC/run_0041_seed_2067.npz,results/paper_aaai2027/frozen/results/final_mcs_experiments_er_sf_sparse_alpha001_noweight_50rep/wc_sweep_sf8_2026_sparse_alpha001_noweight_seed2026_2075_20260715_180034/rep42/facts.lp
sf8,SF (8),2068,MPC,True,,4.0,51,10.0,2.0,8.0,0.19607843137254902,False,results/paper_aaai2027/frozen/results/estimated_graphs/paper_er_sf_sparse_alpha001_noweight_50rep_mpc_fgs/sf8/MPC/run_0042_seed_2068.npz,results/paper_aaai2027/frozen/results/final_mcs_experiments_er_sf_sparse_alpha001_noweight_50rep/wc_sweep_sf8_2026_sparse_alpha001_noweight_seed2026_2075_20260715_180034/rep43/facts.lp
sf8,SF (8),2069,MPC,True,,2.0,51,4.0,1.0,3.0,0.0784313725490196,False,results/paper_aaai2027/frozen/results/estimated_graphs/paper_er_sf_sparse_alpha001_noweight_50rep_mpc_fgs/sf8/MPC/run_0043_seed_2069.npz,results/paper_aaai2027/frozen/results/final_mcs_experiments_er_sf_sparse_alpha001_noweight_50rep/wc_sweep_sf8_2026_sparse_alpha001_noweight_seed2026_2075_20260715_180034/rep44/facts.lp
sf8,SF (8),2070,MPC,True,,1.0,111,13.0,13.0,0.0,0.11711711711711711,False,results/paper_aaai2027/frozen/results/estimated_graphs/paper_er_sf_sparse_alpha001_noweight_50rep_mpc_fgs/sf8/MPC/run_0044_seed_2070.npz,results/paper_aaai2027/frozen/results/final_mcs_experiments_er_sf_sparse_alpha001_noweight_50rep/wc_sweep_sf8_2026_sparse_alpha001_noweight_seed2026_2075_20260715_180034/rep45/facts.lp
sf8,SF (8),2071,MPC,True,,4.0,61,8.0,8.0,0.0,0.13114754098360656,False,results/paper_aaai2027/frozen/results/estimated_graphs/paper_er_sf_sparse_alpha001_noweight_50rep_mpc_fgs/sf8/MPC/run_0045_seed_2071.npz,results/paper_aaai2027/frozen/results/final_mcs_experiments_er_sf_sparse_alpha001_noweight_50rep/wc_sweep_sf8_2026_sparse_alpha001_noweight_seed2026_2075_20260715_180034/rep46/facts.lp
sf8,SF (8),2072,MPC,True,,6.0,57,9.0,0.0,9.0,0.15789473684210525,False,results/paper_aaai2027/frozen/results/estimated_graphs/paper_er_sf_sparse_alpha001_noweight_50rep_mpc_fgs/sf8/MPC/run_0046_seed_2072.npz,results/paper_aaai2027/frozen/results/final_mcs_experiments_er_sf_sparse_alpha001_noweight_50rep/wc_sweep_sf8_2026_sparse_alpha001_noweight_seed2026_2075_20260715_180034/rep47/facts.lp
sf8,SF (8),2073,MPC,True,,4.0,55,5.0,2.0,3.0,0.09090909090909091,False,results/paper_aaai2027/frozen/results/estimated_graphs/paper_er_sf_sparse_alpha001_noweight_50rep_mpc_fgs/sf8/MPC/run_0047_seed_2073.npz,results/paper_aaai2027/frozen/results/final_mcs_experiments_er_sf_sparse_alpha001_noweight_50rep/wc_sweep_sf8_2026_sparse_alpha001_noweight_seed2026_2075_20260715_180034/rep48/facts.lp
sf8,SF (8),2074,MPC,True,,1.0,172,24.0,23.0,1.0,0.13953488372093023,False,results/paper_aaai2027/frozen/results/estimated_graphs/paper_er_sf_sparse_alpha001_noweight_50rep_mpc_fgs/sf8/MPC/run_0048_seed_2074.npz,results/paper_aaai2027/frozen/results/final_mcs_experiments_er_sf_sparse_alpha001_noweight_50rep/wc_sweep_sf8_2026_sparse_alpha001_noweight_seed2026_2075_20260715_180034/rep49/facts.lp
sf8,SF (8),2075,MPC,True,,2.0,87,5.0,1.0,4.0,0.05747126436781609,False,results/paper_aaai2027/frozen/results/estimated_graphs/paper_er_sf_sparse_alpha001_noweight_50rep_mpc_fgs/sf8/MPC/run_0049_seed_2075.npz,results/paper_aaai2027/frozen/results/final_mcs_experiments_er_sf_sparse_alpha001_noweight_50rep/wc_sweep_sf8_2026_sparse_alpha001_noweight_seed2026_2075_20260715_180034/rep50/facts.lp
