dataset,num_nodes,num_edges,impl,seed,time,remove_n,dag_nnz,dag_fdr,dag_tpr,dag_fpr,dag_precision,dag_recall,dag_F1,dag_shd,dag_sid,cpdag_nnz,cpdag_fdr,cpdag_tpr,cpdag_fpr,cpdag_precision,cpdag_recall,cpdag_F1,cpdag_shd,cpdag_sid_low,cpdag_sid_high,AP,CIT_Precision,CIT_Recall,CIT_F1
asia,8,8,org,7816,0.8021233193576336,135,5.0,0.2,0.5,0.05,0.8,0.5,0.6154,4.0,21.0,5.0,0.0,0.625,0.0,0.6,0.375,0.4615,4.0,14.0,24.0,0.9715343178921663,1.0,0.03875968992248062,0.07462686567164178
asia,8,8,org,3578,0.7705512647517025,129,5.0,0.2,0.5,0.05,0.8,0.5,0.6154,4.0,21.0,5.0,0.0,0.625,0.0,0.6,0.375,0.4615,4.0,14.0,24.0,0.9751088465006925,1.0,0.040983606557377046,0.07874015748031496
asia,8,8,org,2656,0.9227149020880461,153,5.0,0.4,0.375,0.1,0.6,0.375,0.4615,5.0,27.0,5.0,0.4,0.375,0.1,0.6,0.375,0.4615,6.0,27.0,30.0,0.9778476574151513,1.0,0.028368794326241134,0.05517241379310345
asia,8,8,org,2688,0.8551829080097377,129,5.0,0.2,0.5,0.05,0.8,0.5,0.6154,4.0,21.0,5.0,0.0,0.625,0.0,0.6,0.375,0.4615,4.0,14.0,24.0,0.9743271833845781,1.0,0.04132231404958678,0.07936507936507936
asia,8,8,org,2494,0.8271180340088904,135,5.0,0.4,0.375,0.1,0.6,0.375,0.4615,5.0,29.0,5.0,0.0,0.625,0.0,0.2,0.125,0.1538,6.0,22.0,37.0,0.9725753142927356,1.0,0.0390625,0.07518796992481203
asia,8,8,org,183,0.8429771699011326,145,5.0,0.2,0.5,0.05,0.8,0.5,0.6154,4.0,21.0,5.0,0.0,0.625,0.0,0.6,0.375,0.4615,4.0,14.0,24.0,0.9738907369153766,1.0,0.036231884057971016,0.06993006993006994
asia,8,8,org,7977,0.938265650998801,146,6.0,0.333325,0.5,0.1,0.666675,0.5,0.571425,4.0,24.0,6.0,0.0,0.75,0.0,0.6667,0.5,0.5714,3.0,13.0,28.0,0.974617931803113,1.0,0.035211267605633804,0.06802721088435375
asia,8,8,org,3199,0.8925753361545503,153,6.0,0.08335,0.6875,0.025,0.91665,0.6875,0.7857000000000001,2.5,15.5,6.0,0.0,0.75,0.0,0.6667,0.5,0.5714,3.0,13.0,28.0,0.9787014775164187,1.0,0.0472972972972973,0.09032258064516129
asia,8,8,org,316,0.7528355508111417,118,5.0,0.2,0.5,0.05,0.8,0.5,0.615375,4.0,20.0,5.0,0.0,0.625,0.0,0.6,0.375,0.4615,4.0,14.0,24.0,0.9679662933107962,1.0,0.05454545454545454,0.10344827586206896
asia,8,8,org,8266,0.8164133629761636,135,5.0,0.2,0.5,0.05,0.8,0.5,0.6154,4.0,21.0,5.0,0.0,0.625,0.0,0.6,0.375,0.4615,4.0,14.0,24.0,0.9739595239131817,1.0,0.0390625,0.07518796992481203
asia,8,8,org,1532,0.8158594388514757,129,4.0,0.0,0.5,0.0,1.0,0.5,0.6667,4.0,17.0,4.0,0.0,0.5,0.0,0.75,0.375,0.5,5.0,17.0,27.0,0.974349323952413,1.0,0.040983606557377046,0.07874015748031496
asia,8,8,org,1009,0.8893230152316391,140,5.0,0.2,0.5,0.05,0.8,0.5,0.6154,4.0,23.0,5.0,0.0,0.625,0.0,0.8,0.5,0.6154,4.0,16.0,31.0,0.9751396451517707,1.0,0.03759398496240601,0.07246376811594202
asia,8,8,org,2250,0.8538121958263218,140,6.0,0.41664999999999996,0.4375,0.125,0.58335,0.4375,0.5,4.5,29.5,6.0,0.1667,0.625,0.05,0.3333,0.25,0.2857,6.0,21.0,36.0,0.9735676345236851,1.0,0.0364963503649635,0.0704225352112676
asia,8,8,org,4447,0.8562361137010157,140,6.0,0.5,0.375,0.15,0.5,0.375,0.4286,5.0,33.0,6.0,0.0,0.75,0.0,0.3333,0.25,0.2857,5.0,26.0,41.0,0.9759763014410409,1.0,0.037037037037037035,0.07142857142857142
asia,8,8,org,2415,0.9634432699531317,158,6.0,0.1667,0.625,0.05,0.8333,0.625,0.7143,3.0,18.0,6.0,0.0,0.75,0.0,0.6667,0.5,0.5714,3.0,13.0,28.0,0.9768136524384635,1.0,0.0273972602739726,0.05333333333333332
asia,8,8,org,3595,0.8706884500570595,135,4.0,0.0,0.5,0.0,1.0,0.5,0.6667,4.0,17.0,4.0,0.0,0.5,0.0,0.75,0.375,0.5,5.0,17.0,27.0,0.9745745447959278,1.0,0.03937007874015748,0.07575757575757576
asia,8,8,org,4187,0.7977066850289702,130,5.0,0.4000000000000001,0.375,0.10000000000000002,0.6000000000000001,0.375,0.4615333333333333,5.0,27.666666666666668,5.0,0.0,0.625,0.0,0.20000000000000004,0.125,0.1538,6.0,22.0,37.0,0.9735665921668942,1.0,0.04032258064516129,0.07751937984496124
asia,8,8,org,4135,0.8638335051946342,135,5.0,0.5,0.3125,0.125,0.5,0.3125,0.3846,5.5,28.5,5.0,0.4,0.375,0.1,0.6,0.375,0.4615,6.0,27.0,30.0,0.9744891687266788,1.0,0.03875968992248062,0.07462686567164178
asia,8,8,org,5174,0.7400928451679647,129,5.0,0.0,0.625,0.0,1.0,0.625,0.7692,3.0,14.0,5.0,0.0,0.625,0.0,0.6,0.375,0.4615,4.0,14.0,24.0,0.9736964758511624,1.0,0.040983606557377046,0.07874015748031496
asia,8,8,org,5303,0.8046312890946865,141,5.0,0.2,0.5,0.05,0.8,0.5,0.6154,4.0,21.0,5.0,0.0,0.625,0.0,0.6,0.375,0.4615,4.0,14.0,24.0,0.9740850861235408,1.0,0.03731343283582089,0.07194244604316546
asia,8,8,org,3942,0.9899614681489766,149,6.0,0.1667,0.625,0.05,0.8333,0.625,0.7143,3.0,20.0,6.0,0.0,0.75,0.0,0.6667,0.5,0.5714,3.0,13.0,28.0,0.9751427889189663,1.0,0.034482758620689655,0.06666666666666667
asia,8,8,org,2778,0.8460933058522642,135,5.0,0.0,0.625,0.0,1.0,0.625,0.7692,3.0,14.0,5.0,0.0,0.625,0.0,0.6,0.375,0.4615,4.0,14.0,24.0,0.9728482970272934,1.0,0.038461538461538464,0.07407407407407407
asia,8,8,org,2804,0.8696453049778938,140,6.0,0.5,0.375,0.15,0.5,0.375,0.4286,5.0,36.0,6.0,0.1667,0.625,0.05,0.3333,0.25,0.2857,6.0,21.0,36.0,0.9734015327344092,1.0,0.03759398496240601,0.07246376811594202
asia,8,8,org,2145,0.8615825599990785,135,5.0,0.4,0.375,0.1,0.6,0.375,0.4615,5.0,31.0,5.0,0.2,0.5,0.05,0.4,0.25,0.3077,7.0,23.0,41.0,0.9757245770763252,0.8,0.03076923076923077,0.05925925925925926
asia,8,8,org,150,1.0152495023794472,152,6.0,0.1667,0.625,0.05,0.8333,0.625,0.7143,3.0,18.0,6.0,0.0,0.75,0.0,0.6667,0.5,0.5714,3.0,13.0,28.0,0.9762792263606341,1.0,0.034722222222222224,0.06711409395973154
asia,8,8,org,8823,0.8270207461901009,135,5.0,0.2,0.5,0.05,0.8,0.5,0.6154,4.0,21.0,5.0,0.0,0.625,0.0,0.6,0.375,0.4615,4.0,14.0,24.0,0.971355702909668,1.0,0.0390625,0.07518796992481203
asia,8,8,org,4669,0.8092651460319757,135,5.0,0.4,0.375,0.1,0.6,0.375,0.4615,5.0,29.0,5.0,0.0,0.625,0.0,0.2,0.125,0.1538,6.0,22.0,37.0,0.9703885351474562,1.0,0.038461538461538464,0.07407407407407407
asia,8,8,org,6131,0.8203600272536278,135,4.0,0.6875,0.15625,0.1375,0.3125,0.15625,0.2778,6.75,34.5,4.0,0.0,0.5,0.0,0.25,0.125,0.1667,7.0,25.0,43.0,0.9722699022590857,1.0,0.03875968992248062,0.07462686567164178
asia,8,8,org,2617,0.7023285678587854,119,4.0,0.125,0.4375,0.025,0.875,0.4375,0.58335,4.5,20.5,4.0,0.0,0.5,0.0,0.75,0.375,0.5,5.0,17.0,27.0,0.9692237226640446,1.0,0.045454545454545456,0.08695652173913045
asia,8,8,org,7166,0.800055752042681,129,5.0,0.2,0.5,0.05,0.8,0.5,0.6154,4.0,21.0,5.0,0.0,0.625,0.0,0.6,0.375,0.4615,4.0,14.0,24.0,0.9735191182263073,1.0,0.040983606557377046,0.07874015748031496
asia,8,8,org,1428,0.8397299172356725,141,5.0,0.2,0.5,0.05,0.8,0.5,0.6154,4.0,21.0,5.0,0.0,0.625,0.0,0.6,0.375,0.4615,4.0,14.0,24.0,0.9757456476966861,1.0,0.03759398496240601,0.07246376811594202
asia,8,8,org,8328,0.7957408921793103,128,5.0,0.20000000000000004,0.5,0.05000000000000001,0.7999999999999999,0.5,0.6153666666666666,4.0,19.666666666666668,5.0,0.0,0.625,0.0,0.6,0.375,0.4615,4.0,14.0,24.0,0.9739785627911537,1.0,0.04918032786885246,0.09375
asia,8,8,org,8289,0.782819977030158,135,5.0,0.2,0.5,0.05,0.8,0.5,0.6154,4.0,21.0,5.0,0.0,0.625,0.0,0.6,0.375,0.4615,4.0,14.0,24.0,0.9726080461287879,1.0,0.03875968992248062,0.07462686567164178
asia,8,8,org,5978,0.9951432012021542,134,5.0,0.2,0.5,0.05,0.8,0.5,0.6154,4.0,21.0,5.0,0.0,0.625,0.0,0.6,0.375,0.4615,4.0,14.0,24.0,0.9698645958611736,1.0,0.04,0.07692307692307693
asia,8,8,org,5511,0.8388181100599468,147,5.0,0.4,0.375,0.1,0.6,0.375,0.4615,5.0,29.0,5.0,0.0,0.625,0.0,0.2,0.125,0.1538,6.0,22.0,37.0,0.9744885048822706,1.0,0.03546099290780142,0.06849315068493152
asia,8,8,org,5864,1.0731121548451483,165,5.0,0.4,0.375,0.1,0.6,0.375,0.4615,6.0,25.0,5.0,0.4,0.375,0.1,0.4,0.25,0.3077,6.0,25.0,28.0,0.9776642941630974,1.0,0.0457516339869281,0.0875
asia,8,8,org,606,0.828703910112381,135,4.0,0.0,0.5,0.0,1.0,0.5,0.6667,4.0,17.0,4.0,0.0,0.5,0.0,0.75,0.375,0.5,5.0,17.0,27.0,0.9729583078915658,1.0,0.03937007874015748,0.07575757575757576
asia,8,8,org,1933,0.7883049519732594,127,6.0,0.33331999999999995,0.5,0.1,0.66668,0.5,0.57142,4.0,23.8,6.0,0.0,0.75,0.0,0.6667,0.5,0.5714,3.0,13.0,28.0,0.972916398768384,1.0,0.05,0.09523809523809523
asia,8,8,org,6071,0.8962274771183729,144,5.0,0.2,0.5,0.05,0.8,0.5,0.6154,4.0,21.0,5.0,0.0,0.625,0.0,0.6,0.375,0.4615,4.0,14.0,24.0,0.9764537842671701,1.0,0.03787878787878788,0.07299270072992702
asia,8,8,org,5504,0.9158834861591458,158,5.0,0.2,0.5,0.05,0.8,0.5,0.6154,4.0,22.0,5.0,0.0,0.625,0.0,0.2,0.125,0.1538,6.0,22.0,37.0,0.976257796956143,1.0,0.03289473684210526,0.06369426751592357
asia,8,8,org,5163,0.8724744520150125,138,5.0,0.7,0.1875,0.175,0.30000000000000004,0.1875,0.23074999999999998,6.5,39.5,5.0,0.2,0.5,0.05,0.4,0.25,0.3077,7.0,23.0,41.0,0.9747294873695717,1.0,0.046511627906976744,0.08888888888888888
asia,8,8,org,2406,0.8485281150788069,141,5.0,0.4,0.375,0.1,0.6,0.375,0.4615,5.0,27.0,5.0,0.4,0.375,0.1,0.6,0.375,0.4615,6.0,27.0,30.0,0.9766019414751493,1.0,0.03787878787878788,0.07299270072992702
asia,8,8,org,304,0.945935417432338,146,6.0,0.1667,0.625,0.05,0.8333,0.625,0.7143,3.0,18.0,6.0,0.0,0.75,0.0,0.6667,0.5,0.5714,3.0,13.0,28.0,0.9745483669811307,1.0,0.03571428571428571,0.0689655172413793
asia,8,8,org,3391,1.0191934327594936,171,5.0,0.2,0.5,0.05,0.8,0.5,0.6154,4.0,21.0,5.0,0.0,0.625,0.0,0.6,0.375,0.4615,4.0,14.0,24.0,0.974329791559835,1.0,0.03164556962025317,0.06134969325153375
asia,8,8,org,359,0.7909555090591311,133,6.0,0.5,0.375,0.15,0.5,0.375,0.4286,5.0,34.0,6.0,0.1667,0.625,0.05,0.5,0.375,0.4286,6.0,22.0,45.0,0.9731891242177105,1.0,0.03968253968253968,0.07633587786259541
asia,8,8,org,9096,0.8393621202558279,134,5.0,0.2,0.5,0.05,0.8,0.5,0.6154,4.0,21.0,5.0,0.0,0.625,0.0,0.6,0.375,0.4615,4.0,14.0,24.0,0.9745030363062999,1.0,0.047619047619047616,0.0909090909090909
asia,8,8,org,3533,0.7585024600848556,119,5.0,0.5,0.3125,0.125,0.5,0.3125,0.3846,5.5,31.5,5.0,0.2,0.5,0.05,0.4,0.25,0.3077,7.0,23.0,41.0,0.9723647754068142,1.0,0.04504504504504504,0.08620689655172413
asia,8,8,org,4125,0.9022021740674973,148,5.0,0.2,0.5,0.05,0.8,0.5,0.6154,4.0,21.0,5.0,0.0,0.625,0.0,0.6,0.375,0.4615,4.0,14.0,24.0,0.9760801912760644,1.0,0.04929577464788732,0.09395973154362416
asia,8,8,org,3094,0.7531144446693361,122,5.0,0.7600000000000001,0.15,0.19000000000000003,0.24,0.15,0.23074999999999996,6.8,38.4,5.0,0.4,0.375,0.1,0.2,0.125,0.1538,8.0,35.0,46.0,0.9702379098783259,1.0,0.043859649122807015,0.08403361344537816
asia,8,8,org,6398,0.9814546466805041,150,5.0,0.8,0.125,0.2,0.2,0.125,0.1538,8.0,38.0,5.0,0.4,0.375,0.1,0.0,0.0,,7.0,24.0,39.0,0.9674197749484527,1.0,0.04285714285714286,0.0821917808219178
asia,8,8,new,7816,0.8165249270386994,135,5.0,0.0,0.625,0.0,1.0,0.625,0.7692,3.0,14.0,5.0,0.0,0.625,0.0,0.6,0.375,0.4615,4.0,14.0,24.0,0.9715343178921663,1.0,0.03875968992248062,0.07462686567164178
asia,8,8,new,3578,0.7704174262471497,129,5.0,0.0,0.625,0.0,1.0,0.625,0.7692,3.0,14.0,5.0,0.0,0.625,0.0,0.6,0.375,0.4615,4.0,14.0,24.0,0.9751088465006925,1.0,0.040983606557377046,0.07874015748031496
asia,8,8,new,2656,0.8868753528222442,153,5.0,0.2,0.5,0.05,0.8,0.5,0.6154,4.0,23.0,5.0,0.2,0.5,0.05,0.4,0.25,0.3077,7.0,23.0,41.0,0.9778476574151513,1.0,0.028368794326241134,0.05517241379310345
asia,8,8,new,2688,0.8320405250415206,129,5.0,0.0,0.625,0.0,1.0,0.625,0.7692,3.0,14.0,5.0,0.0,0.625,0.0,0.6,0.375,0.4615,4.0,14.0,24.0,0.9743271833845781,1.0,0.04132231404958678,0.07936507936507936
asia,8,8,new,2494,0.8227184503339231,135,5.0,0.0,0.625,0.0,1.0,0.625,0.7692,3.0,14.0,5.0,0.0,0.625,0.0,0.6,0.375,0.4615,4.0,14.0,24.0,0.9725753142927356,1.0,0.0390625,0.07518796992481203
asia,8,8,new,183,0.8869464509189129,145,5.0,0.0,0.625,0.0,1.0,0.625,0.7692,3.0,14.0,5.0,0.0,0.625,0.0,0.6,0.375,0.4615,4.0,14.0,24.0,0.9738907369153766,1.0,0.036231884057971016,0.06993006993006994
asia,8,8,new,7977,0.8080763639882207,146,6.0,0.0,0.75,0.0,1.0,0.75,0.8571,2.0,13.0,6.0,0.0,0.75,0.0,0.6667,0.5,0.5714,3.0,13.0,28.0,0.974617931803113,1.0,0.035211267605633804,0.06802721088435375
asia,8,8,new,3199,0.9007308599539101,153,6.0,0.0,0.75,0.0,1.0,0.75,0.8571,2.0,13.0,6.0,0.0,0.75,0.0,0.6667,0.5,0.5714,3.0,13.0,28.0,0.9787014775164187,1.0,0.0472972972972973,0.09032258064516129
asia,8,8,new,316,0.7230049939826131,118,5.0,0.0,0.625,0.0,1.0,0.625,0.7692,3.0,14.0,5.0,0.0,0.625,0.0,0.6,0.375,0.4615,4.0,14.0,24.0,0.9679662933107962,1.0,0.05454545454545454,0.10344827586206896
asia,8,8,new,8266,0.7738661929033697,135,5.0,0.0,0.625,0.0,1.0,0.625,0.7692,3.0,14.0,5.0,0.0,0.625,0.0,0.6,0.375,0.4615,4.0,14.0,24.0,0.9739595239131817,1.0,0.0390625,0.07518796992481203
asia,8,8,new,1532,0.7658780543133616,129,5.0,0.2,0.5,0.05,0.8,0.5,0.6154,4.0,23.0,5.0,0.2,0.5,0.05,0.4,0.25,0.3077,7.0,23.0,41.0,0.974349323952413,1.0,0.040983606557377046,0.07874015748031496
asia,8,8,new,1009,0.879725381731987,140,6.0,0.1667,0.625,0.05,0.8333,0.625,0.7143,3.0,22.0,6.0,0.1667,0.625,0.05,0.5,0.375,0.4286,6.0,22.0,45.0,0.9751396451517707,1.0,0.03759398496240601,0.07246376811594202
asia,8,8,new,2250,0.8205039198510349,140,6.0,0.0,0.75,0.0,1.0,0.75,0.8571,2.0,13.0,6.0,0.0,0.75,0.0,0.6667,0.5,0.5714,3.0,13.0,28.0,0.9735676345236851,1.0,0.0364963503649635,0.0704225352112676
asia,8,8,new,4447,0.84595792228356,140,6.0,0.0,0.75,0.0,1.0,0.75,0.8571,2.0,13.0,6.0,0.0,0.75,0.0,0.6667,0.5,0.5714,3.0,13.0,28.0,0.9759763014410409,1.0,0.037037037037037035,0.07142857142857142
asia,8,8,new,2415,1.0025494559668005,158,6.0,0.0,0.75,0.0,1.0,0.75,0.8571,2.0,13.0,6.0,0.0,0.75,0.0,0.6667,0.5,0.5714,3.0,13.0,28.0,0.9768136524384635,1.0,0.0273972602739726,0.05333333333333332
asia,8,8,new,3595,0.8833956862799823,135,5.0,0.0,0.625,0.0,1.0,0.625,0.7692,3.0,14.0,5.0,0.0,0.625,0.0,0.6,0.375,0.4615,4.0,14.0,24.0,0.9745745447959278,1.0,0.03937007874015748,0.07575757575757576
asia,8,8,new,4187,0.8154368102550507,130,5.0,0.2,0.5,0.05,0.8,0.5,0.6154,4.0,23.0,5.0,0.2,0.5,0.05,0.4,0.25,0.3077,7.0,23.0,41.0,0.9735665921668942,1.0,0.04032258064516129,0.07751937984496124
asia,8,8,new,4135,0.8341438709758222,135,5.0,0.0,0.625,0.0,1.0,0.625,0.7692,3.0,14.0,5.0,0.0,0.625,0.0,0.6,0.375,0.4615,4.0,14.0,24.0,0.9744891687266788,1.0,0.03875968992248062,0.07462686567164178
asia,8,8,new,5174,0.7521229479461908,129,5.0,0.0,0.625,0.0,1.0,0.625,0.7692,3.0,14.0,5.0,0.0,0.625,0.0,0.6,0.375,0.4615,4.0,14.0,24.0,0.9736964758511624,1.0,0.040983606557377046,0.07874015748031496
asia,8,8,new,5303,0.9030872019939125,141,5.0,0.0,0.625,0.0,1.0,0.625,0.7692,3.0,14.0,5.0,0.0,0.625,0.0,0.6,0.375,0.4615,4.0,14.0,24.0,0.9740850861235408,1.0,0.03731343283582089,0.07194244604316546
asia,8,8,new,3942,0.8956356239505112,149,6.0,0.0,0.75,0.0,1.0,0.75,0.8571,2.0,13.0,6.0,0.0,0.75,0.0,0.6667,0.5,0.5714,3.0,13.0,28.0,0.9751427889189663,1.0,0.034482758620689655,0.06666666666666667
asia,8,8,new,2778,0.8125131358392537,135,5.0,0.0,0.625,0.0,1.0,0.625,0.7692,3.0,14.0,5.0,0.0,0.625,0.0,0.6,0.375,0.4615,4.0,14.0,24.0,0.9728482970272934,1.0,0.038461538461538464,0.07407407407407407
asia,8,8,new,2804,0.8273461130447686,140,5.0,0.0,0.625,0.0,1.0,0.625,0.7692,3.0,14.0,5.0,0.0,0.625,0.0,0.6,0.375,0.4615,4.0,14.0,24.0,0.9734015327344092,1.0,0.03759398496240601,0.07246376811594202
asia,8,8,new,2145,0.8089126260019839,135,5.0,0.2,0.5,0.05,0.8,0.5,0.6154,4.0,23.0,5.0,0.2,0.5,0.05,0.4,0.25,0.3077,7.0,23.0,41.0,0.9757245770763252,0.8,0.03076923076923077,0.05925925925925926
asia,8,8,new,150,0.8809524676762521,152,6.0,0.0,0.75,0.0,1.0,0.75,0.8571,2.0,13.0,6.0,0.0,0.75,0.0,0.6667,0.5,0.5714,3.0,13.0,28.0,0.9762792263606341,1.0,0.034722222222222224,0.06711409395973154
asia,8,8,new,8823,0.7788951378315687,135,5.0,0.0,0.625,0.0,1.0,0.625,0.7692,3.0,14.0,5.0,0.0,0.625,0.0,0.6,0.375,0.4615,4.0,14.0,24.0,0.971355702909668,1.0,0.0390625,0.07518796992481203
asia,8,8,new,4669,0.8347414610907435,135,5.0,0.0,0.625,0.0,1.0,0.625,0.7692,3.0,14.0,5.0,0.0,0.625,0.0,0.6,0.375,0.4615,4.0,14.0,24.0,0.9703885351474562,1.0,0.038461538461538464,0.07407407407407407
asia,8,8,new,6131,0.7973882248625159,135,5.0,0.0,0.625,0.0,1.0,0.625,0.7692,3.0,14.0,5.0,0.0,0.625,0.0,0.6,0.375,0.4615,4.0,14.0,24.0,0.9722699022590857,1.0,0.03875968992248062,0.07462686567164178
asia,8,8,new,2617,0.7005501268431544,119,5.0,0.2,0.5,0.05,0.8,0.5,0.6154,4.0,23.0,5.0,0.2,0.5,0.05,0.4,0.25,0.3077,7.0,23.0,41.0,0.9692237226640446,1.0,0.045454545454545456,0.08695652173913045
asia,8,8,new,7166,0.7503293761983514,129,5.0,0.0,0.625,0.0,1.0,0.625,0.7692,3.0,14.0,5.0,0.0,0.625,0.0,0.6,0.375,0.4615,4.0,14.0,24.0,0.9735191182263073,1.0,0.040983606557377046,0.07874015748031496
asia,8,8,new,1428,0.8692268091253936,141,5.0,0.0,0.625,0.0,1.0,0.625,0.7692,3.0,14.0,5.0,0.0,0.625,0.0,0.6,0.375,0.4615,4.0,14.0,24.0,0.9757456476966861,1.0,0.03759398496240601,0.07246376811594202
asia,8,8,new,8328,0.7438758653588593,128,5.0,0.0,0.625,0.0,1.0,0.625,0.7692,3.0,14.0,5.0,0.0,0.625,0.0,0.6,0.375,0.4615,4.0,14.0,24.0,0.9739785627911537,1.0,0.04918032786885246,0.09375
asia,8,8,new,8289,0.7947894777171314,135,5.0,0.0,0.625,0.0,1.0,0.625,0.7692,3.0,14.0,5.0,0.0,0.625,0.0,0.6,0.375,0.4615,4.0,14.0,24.0,0.9726080461287879,1.0,0.03875968992248062,0.07462686567164178
asia,8,8,new,5978,0.8623839998617768,134,5.0,0.0,0.625,0.0,1.0,0.625,0.7692,3.0,14.0,5.0,0.0,0.625,0.0,0.6,0.375,0.4615,4.0,14.0,24.0,0.9698645958611736,1.0,0.04,0.07692307692307693
asia,8,8,new,5511,0.8850115756504238,147,5.0,0.0,0.625,0.0,1.0,0.625,0.7692,3.0,14.0,5.0,0.0,0.625,0.0,0.6,0.375,0.4615,4.0,14.0,24.0,0.9744885048822706,1.0,0.03546099290780142,0.06849315068493152
asia,8,8,new,5864,1.0315834330394864,165,6.0,0.1667,0.625,0.05,0.8333,0.625,0.7143,4.0,13.0,6.0,0.1667,0.625,0.05,0.5,0.375,0.4286,5.0,13.0,29.0,0.9776642941630974,1.0,0.0457516339869281,0.0875
asia,8,8,new,606,0.804844481870532,135,5.0,0.2,0.5,0.05,0.8,0.5,0.6154,4.0,23.0,5.0,0.2,0.5,0.05,0.4,0.25,0.3077,7.0,23.0,41.0,0.9729583078915658,1.0,0.03937007874015748,0.07575757575757576
asia,8,8,new,1933,0.7010288941673934,127,6.0,0.0,0.75,0.0,1.0,0.75,0.8571,2.0,13.0,6.0,0.0,0.75,0.0,0.6667,0.5,0.5714,3.0,13.0,28.0,0.972916398768384,1.0,0.05,0.09523809523809523
asia,8,8,new,6071,0.8403659500181675,144,5.0,0.0,0.625,0.0,1.0,0.625,0.7692,3.0,14.0,5.0,0.0,0.625,0.0,0.6,0.375,0.4615,4.0,14.0,24.0,0.9764537842671701,1.0,0.03787878787878788,0.07299270072992702
asia,8,8,new,5504,0.9217318338342011,158,5.0,0.0,0.625,0.0,1.0,0.625,0.7692,3.0,14.0,5.0,0.0,0.625,0.0,0.6,0.375,0.4615,4.0,14.0,24.0,0.976257796956143,1.0,0.03289473684210526,0.06369426751592357
asia,8,8,new,5163,0.7919573499821126,138,5.0,0.2,0.5,0.05,0.8,0.5,0.6154,4.0,23.0,5.0,0.2,0.5,0.05,0.4,0.25,0.3077,7.0,23.0,41.0,0.9747294873695717,1.0,0.046511627906976744,0.08888888888888888
asia,8,8,new,2406,0.8200310776010156,141,5.0,0.0,0.625,0.0,1.0,0.625,0.7692,3.0,14.0,5.0,0.0,0.625,0.0,0.6,0.375,0.4615,4.0,14.0,24.0,0.9766019414751493,1.0,0.03787878787878788,0.07299270072992702
asia,8,8,new,304,0.8724085623398423,146,6.0,0.0,0.75,0.0,1.0,0.75,0.8571,2.0,13.0,6.0,0.0,0.75,0.0,0.6667,0.5,0.5714,3.0,13.0,28.0,0.9745483669811307,1.0,0.03571428571428571,0.0689655172413793
asia,8,8,new,3391,1.0383303402923048,171,5.0,0.0,0.625,0.0,1.0,0.625,0.7692,3.0,14.0,5.0,0.0,0.625,0.0,0.6,0.375,0.4615,4.0,14.0,24.0,0.974329791559835,1.0,0.03164556962025317,0.06134969325153375
asia,8,8,new,359,0.7998131937347353,133,6.0,0.1667,0.625,0.05,0.8333,0.625,0.7143,3.0,22.0,6.0,0.1667,0.625,0.05,0.5,0.375,0.4286,6.0,22.0,45.0,0.9731891242177105,1.0,0.03968253968253968,0.07633587786259541
asia,8,8,new,9096,0.8530682469718158,134,5.0,0.0,0.625,0.0,1.0,0.625,0.7692,3.0,14.0,5.0,0.0,0.625,0.0,0.6,0.375,0.4615,4.0,14.0,24.0,0.9745030363062999,1.0,0.047619047619047616,0.0909090909090909
asia,8,8,new,3533,0.7233150629326701,119,5.0,0.2,0.5,0.05,0.8,0.5,0.6154,4.0,23.0,5.0,0.2,0.5,0.05,0.4,0.25,0.3077,7.0,23.0,41.0,0.9723647754068142,1.0,0.04504504504504504,0.08620689655172413
asia,8,8,new,4125,0.9002819387242198,148,5.0,0.0,0.625,0.0,1.0,0.625,0.7692,3.0,14.0,5.0,0.0,0.625,0.0,0.6,0.375,0.4615,4.0,14.0,24.0,0.9760801912760644,1.0,0.04929577464788732,0.09395973154362416
asia,8,8,new,3094,0.7312453067861497,122,5.0,0.2,0.5,0.05,0.8,0.5,0.6154,4.0,23.0,5.0,0.2,0.5,0.05,0.4,0.25,0.3077,7.0,23.0,41.0,0.9702379098783259,1.0,0.043859649122807015,0.08403361344537816
asia,8,8,new,6398,1.1129900119267404,150,6.0,0.3333,0.5,0.1,0.6667,0.5,0.5714,5.0,21.0,6.0,0.3333,0.5,0.1,0.3333,0.25,0.2857,7.0,21.0,36.0,0.9674197749484527,1.0,0.04285714285714286,0.0821917808219178
cancer,5,4,org,7816,0.1005136831663549,9,4.0,0.25,0.75,0.1667,0.75,0.75,0.75,1.0,5.0,4.0,0.25,0.75,0.1667,0.75,0.75,0.75,1.0,5.0,10.0,0.9907555974569625,0.9714285714285714,0.85,0.9066666666666667
cancer,5,4,org,3578,0.14633358921855688,19,3.0,0.3333,0.5,0.1667,0.6667,0.5,0.5714,2.0,6.0,3.0,0.3333,0.5,0.1667,0.6667,0.5,0.5714,2.0,6.0,11.0,0.9888242283079238,1.0,0.4166666666666667,0.5882352941176471
cancer,5,4,org,2656,0.11044221464544535,8,4.0,0.25,0.75,0.1667,0.75,0.75,0.75,1.0,5.0,4.0,0.25,0.75,0.1667,0.75,0.75,0.75,1.0,5.0,10.0,0.9913485461749113,0.9722222222222222,0.875,0.9210526315789473
cancer,5,4,org,2688,0.12841225368902087,8,4.0,0.0,1.0,0.0,1.0,1.0,1.0,0.0,0.0,4.0,0.0,1.0,0.0,1.0,1.0,1.0,0.0,0.0,5.0,0.9962825622838805,1.0,0.9230769230769231,0.9600000000000001
cancer,5,4,org,2494,0.10674787824973464,8,4.0,0.25,0.75,0.1667,0.75,0.75,0.75,1.0,5.0,4.0,0.25,0.75,0.1667,0.75,0.75,0.75,1.0,5.0,10.0,0.9856594582615659,0.9444444444444444,0.8717948717948718,0.9066666666666667
cancer,5,4,org,183,0.09047217387706041,13,2.0,0.5,0.25,0.16666666666666666,0.5,0.25,0.5,3.0,10.0,2.0,0.0,0.5,0.0,0.5,0.25,0.3333,3.0,5.0,15.0,0.9491262879420774,1.0,0.5333333333333333,0.6956521739130436
cancer,5,4,org,7977,0.10883470764383674,10,4.0,0.5,0.5,0.3333,0.5,0.5,0.5,2.0,10.0,4.0,0.25,0.75,0.1667,0.5,0.5,0.5,2.0,5.0,15.0,0.9885041081570163,0.9705882352941176,0.8461538461538461,0.9041095890410958
cancer,5,4,org,3199,0.10407602926716208,14,3.0,1.0,0.0,0.5,0.0,0.0,,4.0,16.0,3.0,0.6667,0.25,0.3333,0.0,0.0,,4.0,11.0,16.0,0.9865036478672842,1.0,0.6363636363636364,0.7777777777777778
cancer,5,4,org,316,0.14221110008656979,21,2.0,0.5,0.25,0.1667,0.5,0.25,0.3333,3.0,10.0,2.0,0.5,0.25,0.1667,0.5,0.25,0.3333,3.0,10.0,10.0,0.997252747252747,1.0,0.5384615384615384,0.7000000000000001
cancer,5,4,org,8266,0.06406297814100981,6,3.0,0.3333,0.5,0.1667,0.6667,0.5,0.5714,2.0,6.0,3.0,0.3333,0.5,0.1667,0.6667,0.5,0.5714,2.0,6.0,11.0,0.9820586622807017,0.9375,0.9375,0.9375
cancer,5,4,org,1532,0.0959671949967742,6,4.0,0.5,0.5,0.3333,0.5,0.5,0.5,2.0,10.0,4.0,0.5,0.5,0.3333,0.5,0.5,0.5,2.0,10.0,10.0,0.9797650146421799,0.8947368421052632,0.8717948717948718,0.8831168831168831
cancer,5,4,org,1009,0.07635100977495313,8,3.0,0.3333,0.5,0.1667,0.6667,0.5,0.5714,2.0,6.0,3.0,0.3333,0.5,0.1667,0.6667,0.5,0.5714,2.0,6.0,11.0,0.967438126566416,0.9285714285714286,0.8125,0.8666666666666666
cancer,5,4,org,2250,0.124696200247854,12,4.0,0.0,1.0,0.0,1.0,1.0,1.0,0.0,0.0,4.0,0.0,1.0,0.0,1.0,1.0,1.0,0.0,0.0,5.0,0.9900948283503461,1.0,0.8,0.888888888888889
cancer,5,4,org,4447,0.11027611885219812,9,4.0,0.5,0.5,0.3333,0.5,0.5,0.5,2.0,10.0,4.0,0.5,0.5,0.3333,0.5,0.5,0.5,2.0,10.0,10.0,0.9833518354039694,0.9428571428571428,0.868421052631579,0.904109589041096
cancer,5,4,org,2415,0.14639087999239564,12,3.0,0.4,0.45,0.19999999999999998,0.6,0.45,0.51426,2.2,7.0,3.0,0.06666,0.7,0.033339999999999995,0.6667,0.5,0.5714,2.0,2.0,11.0,0.981602034329307,1.0,0.7272727272727273,0.8421052631578948
cancer,5,4,org,3595,0.09339102078229189,8,4.0,0.25,0.75,0.1667,0.75,0.75,0.75,1.0,5.0,4.0,0.25,0.75,0.1667,0.75,0.75,0.75,1.0,5.0,10.0,0.9861197423683332,0.9444444444444444,0.8717948717948718,0.9066666666666667
cancer,5,4,org,4187,0.05583638185635209,4,3.0,0.3333,0.5,0.1667,0.6667,0.5,0.5714,2.0,6.0,3.0,0.3333,0.5,0.1667,0.6667,0.5,0.5714,2.0,6.0,11.0,0.9777661064425771,0.8333333333333334,0.9375,0.8823529411764706
cancer,5,4,org,4135,0.128545091021806,16,3.0,0.3333,0.5,0.1667,0.6667,0.5,0.5714,2.0,9.0,3.0,0.3333,0.5,0.1667,0.6667,0.5,0.5714,2.0,9.0,9.0,0.986394291587603,1.0,0.7,0.8235294117647058
cancer,5,4,org,5174,0.12246939400210977,16,3.0,0.5,0.375,0.25,0.5,0.375,0.42855,2.5,11.5,3.0,0.3333,0.5,0.1667,0.5,0.375,0.42855,2.5,9.0,11.5,0.9640196167973452,0.9523809523809523,0.6896551724137931,0.7999999999999999
cancer,5,4,org,5303,0.0958144967444241,9,4.0,0.25,0.75,0.1667,0.75,0.75,0.75,1.0,5.0,4.0,0.25,0.75,0.1667,0.75,0.75,0.75,1.0,5.0,10.0,0.990857782162744,0.9428571428571428,0.8461538461538461,0.8918918918918919
cancer,5,4,org,3942,0.20521965436637402,9,4.0,0.25,0.75,0.1667,0.75,0.75,0.75,1.0,5.0,4.0,0.25,0.75,0.1667,0.75,0.75,0.75,1.0,5.0,10.0,0.9855375245298126,0.9714285714285714,0.8947368421052632,0.9315068493150684
cancer,5,4,org,2778,0.09409147733822465,8,4.0,0.5,0.5,0.3333,0.5,0.5,0.5,2.0,10.0,4.0,0.5,0.5,0.3333,0.5,0.5,0.5,2.0,10.0,10.0,0.9851380196515881,0.9166666666666666,0.8918918918918919,0.9041095890410958
cancer,5,4,org,2804,0.056453913915902376,4,3.0,0.41667499999999996,0.4375,0.20832499999999998,0.583325,0.4375,0.49997500000000006,2.25,7.25,3.0,0.0,0.75,0.0,0.6667,0.5,0.5714,2.0,1.0,11.0,0.977890114379085,0.8888888888888888,1.0,0.9411764705882353
cancer,5,4,org,2145,0.0699117579497397,8,3.0,1.0,0.0,0.5,0.0,0.0,,4.0,16.0,3.0,0.6667,0.25,0.3333,0.0,0.0,,4.0,11.0,16.0,0.9623507297655904,0.9285714285714286,0.7647058823529411,0.8387096774193549
cancer,5,4,org,150,0.19784043403342366,15,5.0,1.0,0.0,0.8333,0.0,0.0,,5.0,19.0,5.0,0.6,0.5,0.5,0.0,0.0,,5.0,10.0,19.0,0.9836200834097312,0.9459459459459459,0.8333333333333334,0.8860759493670887
cancer,5,4,org,8823,0.07292466703802347,5,3.0,0.41667499999999996,0.4375,0.20832499999999998,0.583325,0.4375,0.49997500000000006,2.25,7.25,3.0,0.0,0.75,0.0,0.6667,0.5,0.5714,2.0,1.0,11.0,0.9656941597489198,0.8823529411764706,0.9375,0.9090909090909091
cancer,5,4,org,4669,0.11794476676732302,11,4.0,0.5,0.5,0.3333,0.5,0.5,0.5,2.0,10.0,4.0,0.5,0.5,0.3333,0.5,0.5,0.5,2.0,10.0,10.0,0.9891760732455492,0.9696969696969697,0.8421052631578947,0.9014084507042254
cancer,5,4,org,6131,0.04478173702955246,2,3.0,0.41667499999999996,0.4375,0.20832499999999998,0.583325,0.4375,0.49997500000000006,2.25,7.25,3.0,0.0,0.75,0.0,0.6667,0.5,0.5714,2.0,1.0,11.0,0.9809640522875818,0.85,1.0,0.9189189189189189
cancer,5,4,org,2617,0.1285978821106255,17,3.0,1.0,0.0,0.5,0.0,0.0,,4.0,16.0,3.0,0.6667,0.25,0.3333,0.0,0.0,,4.0,11.0,16.0,0.9949535679374388,1.0,0.6451612903225806,0.7843137254901961
cancer,5,4,org,7166,0.13564491597935557,18,3.0,0.3333,0.5,0.1667,0.6667,0.5,0.5714,2.0,6.0,3.0,0.3333,0.5,0.1667,0.6667,0.5,0.5714,2.0,6.0,11.0,0.9867321197579986,1.0,0.6363636363636364,0.7777777777777778
cancer,5,4,org,1428,0.0703253410756588,5,3.0,0.41667499999999996,0.4375,0.20832499999999998,0.583325,0.4375,0.49997500000000006,2.25,7.25,3.0,0.0,0.75,0.0,0.6667,0.5,0.5714,2.0,1.0,11.0,0.9786119711042311,0.8823529411764706,0.9375,0.9090909090909091
cancer,5,4,org,8328,0.09406611183658242,9,4.0,0.5,0.5,0.3333,0.5,0.5,0.5,2.0,10.0,4.0,0.5,0.5,0.3333,0.5,0.5,0.5,2.0,10.0,10.0,0.9879382783228936,0.9428571428571428,0.8461538461538461,0.8918918918918919
cancer,5,4,org,8289,0.11254330165684223,11,4.0,0.5,0.5,0.3333,0.5,0.5,0.5,2.0,10.0,4.0,0.5,0.5,0.3333,0.5,0.5,0.5,2.0,10.0,10.0,0.9779410819514933,0.9393939393939394,0.8157894736842105,0.8732394366197183
cancer,5,4,org,5978,0.0671424507163465,7,3.0,0.41667499999999996,0.4375,0.20832499999999998,0.583325,0.4375,0.49997500000000006,2.25,7.25,3.0,0.0,0.75,0.0,0.6667,0.5,0.5714,2.0,1.0,11.0,0.9801470588235295,0.9333333333333333,0.875,0.9032258064516129
cancer,5,4,org,5511,0.10051598539575934,8,4.0,0.0,1.0,0.0,1.0,1.0,1.0,0.0,0.0,4.0,0.0,1.0,0.0,1.0,1.0,1.0,0.0,0.0,5.0,0.9973346828609986,1.0,0.9473684210526315,0.972972972972973
cancer,5,4,org,5864,0.06170507799834013,6,3.0,0.41667499999999996,0.4375,0.20832499999999998,0.583325,0.4375,0.49997500000000006,2.25,7.25,3.0,0.0,0.75,0.0,0.6667,0.5,0.5714,2.0,1.0,11.0,0.98359375,0.9375,0.9375,0.9375
cancer,5,4,org,606,0.06665350589901209,6,3.0,0.3333,0.5,0.1667,0.6667,0.5,0.5714,2.0,6.0,3.0,0.3333,0.5,0.1667,0.6667,0.5,0.5714,2.0,6.0,11.0,0.9866713713349118,0.9375,0.8823529411764706,0.9090909090909091
cancer,5,4,org,1933,0.05946116801351309,5,3.0,1.0,0.0,0.5,0.0,0.0,,4.0,16.0,3.0,0.6667,0.25,0.3333,0.0,0.0,,4.0,11.0,16.0,0.9710839598997494,0.8235294117647058,0.875,0.8484848484848485
cancer,5,4,org,6071,0.08642020681872964,9,4.0,0.25,0.75,0.1667,0.75,0.75,0.75,1.0,5.0,4.0,0.25,0.75,0.1667,0.75,0.75,0.75,1.0,5.0,10.0,0.9920247172389156,0.9714285714285714,0.8717948717948718,0.9189189189189189
cancer,5,4,org,5504,0.10203802306205034,13,3.0,0.3333,0.5,0.1667,0.6667,0.5,0.5714,2.0,6.0,3.0,0.3333,0.5,0.1667,0.6667,0.5,0.5714,2.0,6.0,11.0,0.9772140526186709,1.0,0.6818181818181818,0.8108108108108109
cancer,5,4,org,5163,0.11021825298666954,14,3.0,0.41667499999999996,0.4375,0.20832499999999998,0.583325,0.4375,0.49997500000000006,2.25,7.25,3.0,0.0,0.75,0.0,0.6667,0.5,0.5714,2.0,1.0,11.0,0.9730545369955277,0.9565217391304348,0.7096774193548387,0.8148148148148149
cancer,5,4,org,2406,0.1572793028317392,11,4.0,0.0,1.0,0.0,1.0,1.0,1.0,0.0,0.0,4.0,0.0,1.0,0.0,1.0,1.0,1.0,0.0,0.0,5.0,0.9905833155833156,1.0,0.8461538461538461,0.9166666666666666
cancer,5,4,org,304,0.07389016496017575,7,3.0,1.0,0.0,0.5,0.0,0.0,,4.0,16.0,3.0,0.6667,0.25,0.3333,0.0,0.0,,4.0,11.0,16.0,0.9485823934837092,0.8666666666666667,0.8125,0.8387096774193549
cancer,5,4,org,3391,0.084296649787575,11,3.0,0.53334,0.35,0.26666,0.46665999999999996,0.35,0.49997500000000006,2.6,9.0,3.0,0.13334,0.65,0.06666,0.53336,0.4,0.5714,2.4,3.0,12.0,0.9740519062258193,1.0,0.7727272727272727,0.8717948717948718
cancer,5,4,org,359,0.06934664910659194,7,3.0,0.6667,0.25,0.3333,0.3333,0.25,0.2857,3.0,11.0,3.0,0.6667,0.25,0.3333,0.3333,0.25,0.2857,3.0,11.0,11.0,0.9492129911174997,0.8,0.75,0.7741935483870969
cancer,5,4,org,9096,0.07778667798265815,7,4.0,0.0,1.0,0.0,1.0,1.0,1.0,0.0,0.0,4.0,0.0,1.0,0.0,1.0,1.0,1.0,0.0,0.0,5.0,0.996957326116539,1.0,0.9487179487179487,0.9736842105263158
cancer,5,4,org,3533,0.137173464987427,21,2.0,0.5,0.25,0.16666666666666666,0.5,0.25,0.5,3.0,10.0,2.0,0.0,0.5,0.0,0.5,0.25,0.3333,3.0,5.0,15.0,0.970711951105497,1.0,0.5185185185185185,0.6829268292682926
cancer,5,4,org,4125,0.15752745466306806,15,3.0,0.41667499999999996,0.4375,0.20832499999999998,0.583325,0.4375,0.49997500000000006,2.25,7.25,3.0,0.0,0.75,0.0,0.6667,0.5,0.5714,2.0,1.0,11.0,0.9822248499021953,1.0,0.5909090909090909,0.7428571428571429
cancer,5,4,org,3094,0.1292854007333517,15,3.0,0.3333,0.5,0.1667,0.6667,0.5,0.5714,2.0,6.0,3.0,0.3333,0.5,0.1667,0.6667,0.5,0.5714,2.0,6.0,11.0,0.9919330917267692,1.0,0.7096774193548387,0.8301886792452831
cancer,5,4,org,6398,0.1007013008929789,14,3.0,1.0,0.0,0.5,0.0,0.0,,4.0,16.0,3.0,0.6667,0.25,0.3333,0.0,0.0,,4.0,11.0,16.0,0.9775326847065977,1.0,0.6363636363636364,0.7777777777777778
cancer,5,4,new,7816,0.10205958830192685,10,4.0,0.0,1.0,0.0,1.0,1.0,1.0,0.0,0.0,4.0,0.0,1.0,0.0,1.0,1.0,1.0,0.0,0.0,5.0,0.9907555974569625,1.0,0.85,0.9189189189189189
cancer,5,4,new,3578,0.11753106582909822,19,3.0,0.0,0.75,0.0,1.0,0.75,0.8571,1.0,1.0,3.0,0.0,0.75,0.0,0.6667,0.5,0.5714,2.0,1.0,11.0,0.9888242283079238,1.0,0.4166666666666667,0.5882352941176471
cancer,5,4,new,2656,0.09707148186862469,10,4.0,0.0,1.0,0.0,1.0,1.0,1.0,0.0,0.0,4.0,0.0,1.0,0.0,1.0,1.0,1.0,0.0,0.0,5.0,0.9913485461749113,1.0,0.85,0.9189189189189189
cancer,5,4,new,2688,0.09116347692906857,8,4.0,0.0,1.0,0.0,1.0,1.0,1.0,0.0,0.0,4.0,0.0,1.0,0.0,1.0,1.0,1.0,0.0,0.0,5.0,0.9962825622838805,1.0,0.9230769230769231,0.9600000000000001
cancer,5,4,new,2494,0.13164023868739605,14,4.0,0.0,1.0,0.0,1.0,1.0,1.0,0.0,0.0,4.0,0.0,1.0,0.0,1.0,1.0,1.0,0.0,0.0,5.0,0.9856594582615659,1.0,0.7692307692307693,0.8695652173913044
cancer,5,4,new,183,0.08487046370282769,13,2.0,0.0,0.5,0.0,1.0,0.5,0.6667,2.0,5.0,2.0,0.0,0.5,0.0,0.5,0.25,0.3333,3.0,5.0,15.0,0.9491262879420774,1.0,0.5333333333333333,0.6956521739130436
cancer,5,4,new,7977,0.11463791457936168,11,4.0,0.0,1.0,0.0,1.0,1.0,1.0,0.0,0.0,4.0,0.0,1.0,0.0,1.0,1.0,1.0,0.0,0.0,5.0,0.9885041081570163,1.0,0.8461538461538461,0.9166666666666666
cancer,5,4,new,3199,0.10236995806917548,14,3.0,0.0,0.75,0.0,1.0,0.75,0.8571,1.0,1.0,3.0,0.0,0.75,0.0,0.6667,0.5,0.5714,2.0,1.0,11.0,0.9865036478672842,1.0,0.6363636363636364,0.7777777777777778
cancer,5,4,new,316,0.13171158684417605,21,2.0,0.0,0.5,0.0,1.0,0.5,0.6667,2.0,5.0,2.0,0.0,0.5,0.0,0.5,0.25,0.3333,3.0,5.0,15.0,0.997252747252747,1.0,0.5384615384615384,0.7000000000000001
cancer,5,4,new,8266,0.06092445692047477,6,3.0,0.0,0.75,0.0,1.0,0.75,0.8571,1.0,1.0,3.0,0.0,0.75,0.0,0.6667,0.5,0.5714,2.0,1.0,11.0,0.9820586622807017,0.9375,0.9375,0.9375
cancer,5,4,new,1532,0.1594114638864994,16,4.0,0.0,1.0,0.0,1.0,1.0,1.0,0.0,0.0,4.0,0.0,1.0,0.0,1.0,1.0,1.0,0.0,0.0,5.0,0.9797650146421799,1.0,0.717948717948718,0.835820895522388
cancer,5,4,new,1009,0.08159522013738751,10,3.0,0.0,0.75,0.0,1.0,0.75,0.8571,1.0,1.0,3.0,0.0,0.75,0.0,0.6667,0.5,0.5714,2.0,1.0,11.0,0.967438126566416,1.0,0.75,0.8571428571428571
cancer,5,4,new,2250,0.11292304238304496,12,4.0,0.0,1.0,0.0,1.0,1.0,1.0,0.0,0.0,4.0,0.0,1.0,0.0,1.0,1.0,1.0,0.0,0.0,5.0,0.9900948283503461,1.0,0.8,0.888888888888889
cancer,5,4,new,4447,0.17200640682131052,16,4.0,0.0,1.0,0.0,1.0,1.0,1.0,0.0,0.0,4.0,0.0,1.0,0.0,1.0,1.0,1.0,0.0,0.0,5.0,0.9833518354039694,1.0,0.7368421052631579,0.8484848484848484
cancer,5,4,new,2415,0.09544119285419583,12,3.0,0.0,0.75,0.0,1.0,0.75,0.8571,1.0,1.0,3.0,0.0,0.75,0.0,0.6667,0.5,0.5714,2.0,1.0,11.0,0.981602034329307,1.0,0.7272727272727273,0.8421052631578948
cancer,5,4,new,3595,0.11455970862880349,12,4.0,0.0,1.0,0.0,1.0,1.0,1.0,0.0,0.0,4.0,0.0,1.0,0.0,1.0,1.0,1.0,0.0,0.0,5.0,0.9861197423683332,1.0,0.8205128205128205,0.9014084507042254
cancer,5,4,new,4187,0.07400993863120675,8,3.0,0.0,0.75,0.0,1.0,0.75,0.8571,1.0,1.0,3.0,0.0,0.75,0.0,0.6667,0.5,0.5714,2.0,1.0,11.0,0.9777661064425771,1.0,0.875,0.9333333333333333
cancer,5,4,new,4135,0.13036475330591202,16,3.0,0.0,0.75,0.0,1.0,0.75,0.8571,1.0,4.0,3.0,0.0,0.75,0.0,1.0,0.75,0.8571,1.0,4.0,9.0,0.986394291587603,1.0,0.7,0.8235294117647058
cancer,5,4,new,5174,0.11335935303941369,16,3.0,0.0,0.75,0.0,1.0,0.75,0.8571,1.0,4.0,3.0,0.0,0.75,0.0,1.0,0.75,0.8571,1.0,4.0,9.0,0.9640196167973452,0.9523809523809523,0.6896551724137931,0.7999999999999999
cancer,5,4,new,5303,0.12364773591980338,11,4.0,0.0,1.0,0.0,1.0,1.0,1.0,0.0,0.0,4.0,0.0,1.0,0.0,1.0,1.0,1.0,0.0,0.0,5.0,0.990857782162744,1.0,0.8461538461538461,0.9166666666666666
cancer,5,4,new,3942,0.15580408088862896,18,4.0,0.0,1.0,0.0,1.0,1.0,1.0,0.0,0.0,4.0,0.0,1.0,0.0,1.0,1.0,1.0,0.0,0.0,5.0,0.9855375245298126,1.0,0.6842105263157895,0.8125000000000001
cancer,5,4,new,2778,0.1285452083684504,14,4.0,0.0,1.0,0.0,1.0,1.0,1.0,0.0,0.0,4.0,0.0,1.0,0.0,1.0,1.0,1.0,0.0,0.0,5.0,0.9851380196515881,1.0,0.8108108108108109,0.8955223880597014
cancer,5,4,new,2804,0.05631263693794608,4,3.0,0.0,0.75,0.0,1.0,0.75,0.8571,1.0,1.0,3.0,0.0,0.75,0.0,0.6667,0.5,0.5714,2.0,1.0,11.0,0.977890114379085,0.8888888888888888,1.0,0.9411764705882353
cancer,5,4,new,2145,0.07215194497257471,9,3.0,0.0,0.75,0.0,1.0,0.75,0.8571,1.0,1.0,3.0,0.0,0.75,0.0,0.6667,0.5,0.5714,2.0,1.0,11.0,0.9623507297655904,1.0,0.7647058823529411,0.8666666666666666
cancer,5,4,new,150,0.1835732408799231,16,5.0,0.2,1.0,0.1667,0.8,1.0,0.8889,1.0,0.0,5.0,0.2,1.0,0.1667,0.4,0.5,0.4444,3.0,0.0,14.0,0.9836200834097312,0.9722222222222222,0.8333333333333334,0.8974358974358975
cancer,5,4,new,8823,0.06047107977792621,5,3.0,0.0,0.75,0.0,1.0,0.75,0.8571,1.0,1.0,3.0,0.0,0.75,0.0,0.6667,0.5,0.5714,2.0,1.0,11.0,0.9656941597489198,0.8823529411764706,0.9375,0.9090909090909091
cancer,5,4,new,4669,0.12649391731247306,14,4.0,0.0,1.0,0.0,1.0,1.0,1.0,0.0,0.0,4.0,0.0,1.0,0.0,1.0,1.0,1.0,0.0,0.0,5.0,0.9891760732455492,1.0,0.7894736842105263,0.8823529411764706
cancer,5,4,new,6131,0.04362435406073928,2,3.0,0.0,0.75,0.0,1.0,0.75,0.8571,1.0,1.0,3.0,0.0,0.75,0.0,0.6667,0.5,0.5714,2.0,1.0,11.0,0.9809640522875818,0.85,1.0,0.9189189189189189
cancer,5,4,new,2617,0.12100143497809768,17,3.0,0.0,0.75,0.0,1.0,0.75,0.8571,1.0,1.0,3.0,0.0,0.75,0.0,0.6667,0.5,0.5714,2.0,1.0,11.0,0.9949535679374388,1.0,0.6451612903225806,0.7843137254901961
cancer,5,4,new,7166,0.13558423798531294,18,3.0,0.0,0.75,0.0,1.0,0.75,0.8571,1.0,1.0,3.0,0.0,0.75,0.0,0.6667,0.5,0.5714,2.0,1.0,11.0,0.9867321197579986,1.0,0.6363636363636364,0.7777777777777778
cancer,5,4,new,1428,0.060029631946235895,5,3.0,0.0,0.75,0.0,1.0,0.75,0.8571,1.0,1.0,3.0,0.0,0.75,0.0,0.6667,0.5,0.5714,2.0,1.0,11.0,0.9786119711042311,0.8823529411764706,0.9375,0.9090909090909091
cancer,5,4,new,8328,0.10556112229824066,11,4.0,0.0,1.0,0.0,1.0,1.0,1.0,0.0,0.0,4.0,0.0,1.0,0.0,1.0,1.0,1.0,0.0,0.0,5.0,0.9879382783228936,1.0,0.8461538461538461,0.9166666666666666
cancer,5,4,new,8289,0.15381160285323858,20,4.0,0.0,1.0,0.0,1.0,1.0,1.0,0.0,0.0,4.0,0.0,1.0,0.0,1.0,1.0,1.0,0.0,0.0,5.0,0.9779410819514933,1.0,0.631578947368421,0.7741935483870968
cancer,5,4,new,5978,0.060550225898623466,7,3.0,0.0,0.75,0.0,1.0,0.75,0.8571,1.0,1.0,3.0,0.0,0.75,0.0,0.6667,0.5,0.5714,2.0,1.0,11.0,0.9801470588235295,0.9333333333333333,0.875,0.9032258064516129
cancer,5,4,new,5511,0.13153297826647758,8,4.0,0.0,1.0,0.0,1.0,1.0,1.0,0.0,0.0,4.0,0.0,1.0,0.0,1.0,1.0,1.0,0.0,0.0,5.0,0.9973346828609986,1.0,0.9473684210526315,0.972972972972973
cancer,5,4,new,5864,0.06700077978894114,6,3.0,0.0,0.75,0.0,1.0,0.75,0.8571,1.0,1.0,3.0,0.0,0.75,0.0,0.6667,0.5,0.5714,2.0,1.0,11.0,0.98359375,0.9375,0.9375,0.9375
cancer,5,4,new,606,0.07658021058887243,8,3.0,0.0,0.75,0.0,1.0,0.75,0.8571,1.0,1.0,3.0,0.0,0.75,0.0,0.6667,0.5,0.5714,2.0,1.0,11.0,0.9866713713349118,1.0,0.8235294117647058,0.9032258064516129
cancer,5,4,new,1933,0.06459652399644256,7,3.0,0.0,0.75,0.0,1.0,0.75,0.8571,1.0,1.0,3.0,0.0,0.75,0.0,0.6667,0.5,0.5714,2.0,1.0,11.0,0.9710839598997494,0.9333333333333333,0.875,0.9032258064516129
cancer,5,4,new,6071,0.12451692298054695,10,4.0,0.0,1.0,0.0,1.0,1.0,1.0,0.0,0.0,4.0,0.0,1.0,0.0,1.0,1.0,1.0,0.0,0.0,5.0,0.9920247172389156,1.0,0.8717948717948718,0.9315068493150686
cancer,5,4,new,5504,0.09334566909819841,13,3.0,0.0,0.75,0.0,1.0,0.75,0.8571,1.0,1.0,3.0,0.0,0.75,0.0,0.6667,0.5,0.5714,2.0,1.0,11.0,0.9772140526186709,1.0,0.6818181818181818,0.8108108108108109
cancer,5,4,new,5163,0.10174586903303862,14,3.0,0.0,0.75,0.0,1.0,0.75,0.8571,1.0,1.0,3.0,0.0,0.75,0.0,0.6667,0.5,0.5714,2.0,1.0,11.0,0.9730545369955277,0.9565217391304348,0.7096774193548387,0.8148148148148149
cancer,5,4,new,2406,0.12382486974820495,11,4.0,0.0,1.0,0.0,1.0,1.0,1.0,0.0,0.0,4.0,0.0,1.0,0.0,1.0,1.0,1.0,0.0,0.0,5.0,0.9905833155833156,1.0,0.8461538461538461,0.9166666666666666
cancer,5,4,new,304,0.08239172399044037,10,3.0,0.0,0.75,0.0,1.0,0.75,0.8571,1.0,1.0,3.0,0.0,0.75,0.0,0.6667,0.5,0.5714,2.0,1.0,11.0,0.9485823934837092,1.0,0.75,0.8571428571428571
cancer,5,4,new,3391,0.08518739091232419,11,3.0,0.0,0.75,0.0,1.0,0.75,0.8571,1.0,1.0,3.0,0.0,0.75,0.0,0.6667,0.5,0.5714,2.0,1.0,11.0,0.9740519062258193,1.0,0.7727272727272727,0.8717948717948718
cancer,5,4,new,359,0.06506411591544747,9,3.0,0.0,0.75,0.0,1.0,0.75,0.8571,1.0,1.0,3.0,0.0,0.75,0.0,0.6667,0.5,0.5714,2.0,1.0,11.0,0.9492129911174997,0.9230769230769231,0.75,0.8275862068965517
cancer,5,4,new,9096,0.0842418777756393,7,4.0,0.0,1.0,0.0,1.0,1.0,1.0,0.0,0.0,4.0,0.0,1.0,0.0,1.0,1.0,1.0,0.0,0.0,5.0,0.996957326116539,1.0,0.9487179487179487,0.9736842105263158
cancer,5,4,new,3533,0.1295172800309956,21,2.0,0.0,0.5,0.0,1.0,0.5,0.6667,2.0,5.0,2.0,0.0,0.5,0.0,0.5,0.25,0.3333,3.0,5.0,15.0,0.970711951105497,1.0,0.5185185185185185,0.6829268292682926
cancer,5,4,new,4125,0.10260772099718451,15,3.0,0.0,0.75,0.0,1.0,0.75,0.8571,1.0,1.0,3.0,0.0,0.75,0.0,0.6667,0.5,0.5714,2.0,1.0,11.0,0.9822248499021953,1.0,0.5909090909090909,0.7428571428571429
cancer,5,4,new,3094,0.1039287461899221,15,3.0,0.0,0.75,0.0,1.0,0.75,0.8571,1.0,1.0,3.0,0.0,0.75,0.0,0.6667,0.5,0.5714,2.0,1.0,11.0,0.9919330917267692,1.0,0.7096774193548387,0.8301886792452831
cancer,5,4,new,6398,0.09661453636363149,14,3.0,0.0,0.75,0.0,1.0,0.75,0.8571,1.0,1.0,3.0,0.0,0.75,0.0,0.6667,0.5,0.5714,2.0,1.0,11.0,0.9775326847065977,1.0,0.6363636363636364,0.7777777777777778
child,20,25,org,7816,439.08964111981913,1926,25.0,0.06,0.94,0.0091,0.94,0.94,0.94,1.5,23.5,25.0,0.04,0.96,0.0061,0.8200000000000001,0.8200000000000001,0.8200000000000001,2.0,22.5,268.0,0.995071260983617,0.9997587454764777,0.7468012254460263,0.8549618320610687
child,20,25,org,3578,2015.426915360149,4961,22.0,0.1818,0.72,0.0242,0.8182,0.72,0.766,8.0,110.0,22.0,0.1818,0.72,0.0242,0.6364,0.56,0.5957,12.0,110.0,315.0,0.9951482494182358,1.0,0.017459624618070713,0.034320034320034325
child,20,25,org,2656,1139.1788037009537,4866,19.0,0.0526,0.72,0.0061,0.9474,0.72,0.8182,7.0,108.0,19.0,0.0,0.76,0.0,0.7895,0.6,0.6818,10.0,86.0,343.0,0.9960379984398826,1.0,0.01671799384073911,0.03288619645175249
child,20,25,org,2688,501.83580874092877,2004,25.0,0.14,0.86,0.0212,0.86,0.86,0.86,3.5,63.5,25.0,0.12,0.88,0.0182,0.76,0.76,0.76,6.0,63.0,189.0,0.9935962990930199,0.9992834965369,0.7479442259563819,0.8555362437378593
child,20,25,org,2494,477.8639113078825,1964,25.0,0.1,0.9,0.01515,0.9,0.9,0.9,2.5,46.0,25.0,0.08,0.92,0.0121,0.76,0.76,0.76,5.0,44.0,271.0,0.9941505679201467,1.0,0.7282670186686782,0.842771412984179
child,20,25,org,183,941.6241973363794,4760,19.0,0.1316,0.66,0.01515,0.8684000000000001,0.66,0.75,8.5,122.0,19.0,0.1053,0.68,0.0121,0.6316,0.48,0.5455,12.0,112.0,342.0,0.9954972891582454,1.0,0.03147482014388489,0.06102877070619006
child,20,25,org,7977,1095.9745283927768,4842,20.0,0.125,0.7,0.01515,0.875,0.7,0.7778,7.5,106.0,20.0,0.1,0.72,0.0121,0.7,0.56,0.6222,10.0,96.0,324.0,0.994566287830511,1.0,0.016625477420804315,0.03270718232044199
child,20,25,org,3199,484.71608634199947,1999,25.0,0.1,0.9,0.01515,0.9,0.9,0.9,2.5,41.5,25.0,0.08,0.92,0.0121,0.8,0.8,0.8,3.0,41.0,268.0,0.9928943937587084,1.0,0.7443581206067332,0.8534464475079534
child,20,25,org,316,508.50588156003505,2053,25.0,0.136,0.8640000000000001,0.0206,0.8640000000000001,0.8640000000000001,0.8640000000000001,3.4,65.4,25.0,0.0,1.0,0.0,0.8400000000000001,0.8400000000000001,0.8400000000000001,0.0,0.0,288.0,0.992945906681384,1.0,0.7248444932308818,0.8404751803139584
child,20,25,org,8266,488.0089811300859,2002,25.0,0.096,0.9039999999999999,0.01454,0.9039999999999999,0.9039999999999999,0.9039999999999999,2.4,45.4,25.0,0.04,0.96,0.0061,0.8,0.8,0.8,2.0,27.0,171.0,0.9946131053357175,1.0,0.7229906542056075,0.8392275981774788
child,20,25,org,1532,498.0430677328259,2067,25.0,0.14,0.86,0.0212,0.86,0.86,0.86,3.5,73.0,25.0,0.08,0.92,0.0121,0.76,0.76,0.76,2.0,43.0,288.0,0.9934203521572156,1.0,0.7080264400377715,0.8290579389650597
child,20,25,org,1009,522.579954681918,2182,25.0,0.088,0.9119999999999999,0.013340000000000001,0.9119999999999999,0.9119999999999999,0.9119999999999999,2.2,44.6,25.0,0.04,0.96,0.0061,0.8,0.8,0.8,2.0,27.0,171.0,0.9928818836587211,1.0,0.6863234729158663,0.8139879257318601
child,20,25,org,2250,1191.3373457551934,4989,20.0,0.1,0.72,0.0121,0.9,0.72,0.8,7.0,112.0,20.0,0.1,0.72,0.0121,0.75,0.6,0.6667,10.0,112.0,324.0,0.99561496645173,1.0,0.017152658662092625,0.03372681281618887
child,20,25,org,4447,480.66416832618415,1948,25.0,0.144,0.8560000000000001,0.0218,0.8560000000000001,0.8560000000000001,0.8560000000000001,3.6,61.0,25.0,0.08,0.9200000000000002,0.0121,0.76,0.76,0.76,4.0,29.0,298.0,0.9937986557876798,0.9997556804300024,0.7449481157837248,0.8537450448570831
child,20,25,org,2415,953.6182649708353,4547,20.0,0.15,0.68,0.0182,0.85,0.68,0.7556,8.0,130.0,20.0,0.1,0.72,0.0121,0.75,0.6,0.6667,12.0,112.0,343.0,0.996025543488408,1.0,0.032484225286281844,0.06292440018107742
child,20,25,org,3595,1380.2087315190583,4964,20.0,0.2,0.64,0.0242,0.8,0.64,0.7111,9.0,119.0,20.0,0.1,0.72,0.0121,0.75,0.6,0.6667,10.0,116.0,237.0,0.9959674192627745,1.0,0.008620689655172414,0.017094017094017096
child,20,25,org,4187,2094.2067845901474,5034,20.0,0.35,0.52,0.04242,0.6499999999999999,0.52,0.57778,12.0,174.0,20.0,0.2,0.64,0.0242,0.65,0.52,0.5778,13.0,135.0,338.0,0.9960981501370516,1.0,0.009417808219178082,0.018659881255301103
child,20,25,org,4135,462.30253562284634,1864,25.0,0.1,0.9,0.01515,0.9,0.9,0.9,2.5,41.5,25.0,0.08,0.92,0.0121,0.8,0.8,0.8,3.0,41.0,268.0,0.9946788510329987,1.0,0.7558371040723982,0.8609421709102154
child,20,25,org,5174,1046.348162160255,4581,22.0,0.1591,0.74,0.0212,0.8409,0.74,0.78725,6.5,106.0,22.0,0.1364,0.76,0.0182,0.6818,0.6,0.6383,9.0,96.0,339.0,0.9952617386657008,1.0,0.20702439024390243,0.34303265438086
child,20,25,org,5303,536.8741271020845,2199,25.0,0.168,0.8320000000000001,0.02544,0.8320000000000001,0.8320000000000001,0.8320000000000001,4.2,89.2,25.0,0.04,0.96,0.0061,0.76,0.76,0.76,3.0,25.0,298.0,0.9944201866274024,1.0,0.6838839204234349,0.8122696726642098
child,20,25,org,3942,2698.456117630005,5372,20.0,0.1,0.72,0.0121,0.9,0.72,0.8,7.0,116.0,20.0,0.1,0.72,0.0121,0.7,0.56,0.6222,10.0,116.0,324.0,0.9956382703493122,1.0,0.008514088789783093,0.016884422110552764
child,20,25,org,2778,915.4891146980226,4656,19.0,0.1316,0.66,0.01515,0.8684000000000001,0.66,0.75,8.5,121.0,19.0,0.1053,0.68,0.0121,0.6316,0.48,0.5455,12.0,111.0,342.0,0.9954799931322726,1.0,0.03044982698961938,0.05910006715916723
child,20,25,org,2804,441.50084496010095,1814,25.0,0.10400000000000001,0.8960000000000001,0.015760000000000003,0.8960000000000001,0.8960000000000001,0.8960000000000001,2.6,47.2,25.0,0.0,1.0,0.0,0.8400000000000001,0.8400000000000001,0.8400000000000001,0.0,0.0,288.0,0.9947917996920749,1.0,0.7670475488389237,0.86816854401335
child,20,25,org,2145,545.1368811847642,2241,25.0,0.18,0.8200000000000001,0.02725,0.8200000000000001,0.8200000000000001,0.8200000000000001,4.5,95.0,25.0,0.12,0.88,0.0182,0.72,0.72,0.72,5.0,65.0,291.0,0.9917280494493488,1.0,0.7009018958218296,0.8241532301698951
child,20,25,org,150,1980.4744854490273,4962,19.0,0.1053,0.68,0.0121,0.8947,0.68,0.7727,8.0,133.0,19.0,0.1053,0.68,0.0121,0.6842,0.52,0.5909,12.0,133.0,343.0,0.9954214775638938,1.0,0.008545135845749343,0.016945470345426896
child,20,25,org,8823,1085.0600975682028,4694,23.0,0.1739,0.76,0.0242,0.8261,0.76,0.7917,6.0,92.0,23.0,0.1304,0.8,0.0182,0.6957,0.64,0.6667,8.0,91.0,339.0,0.9949110697400022,1.0,0.20955257693033794,0.34649601997814894
child,20,25,org,4669,600.6863948218524,2370,25.0,0.08,0.9199999999999999,0.012125,0.9199999999999999,0.9199999999999999,0.9199999999999999,2.0,32.0,25.0,0.04,0.96,0.0061,0.8,0.8,0.8,2.0,20.0,268.0,0.993850884096404,1.0,0.6876424189307625,0.8149148317407562
child,20,25,org,6131,569.7751632910222,2484,24.0,0.1875,0.78,0.02725,0.8125,0.78,0.7959,5.5,94.0,24.0,0.1667,0.8,0.0242,0.6667,0.64,0.6531,9.0,84.0,329.0,0.993416734267279,1.0,0.6541620007465472,0.7909285794877581
child,20,25,org,2617,436.11151865916327,1831,25.0,0.08,0.9199999999999999,0.012125,0.9199999999999999,0.9199999999999999,0.9199999999999999,2.0,32.0,25.0,0.04,0.96,0.0061,0.8,0.8,0.8,2.0,20.0,268.0,0.9934098714290299,1.0,0.7446314567614626,0.8536260811709914
child,20,25,org,7166,539.4676984208636,2180,25.0,0.10400000000000001,0.8960000000000001,0.015760000000000003,0.8960000000000001,0.8960000000000001,0.8960000000000001,2.6,57.4,25.0,0.04,0.96,0.0061,0.76,0.76,0.76,3.0,25.0,298.0,0.9950638974187838,0.9995258416311048,0.7232801509692914,0.8392554991539762
child,20,25,org,1428,522.844618935138,2142,25.0,0.10400000000000001,0.8960000000000001,0.015760000000000003,0.8960000000000001,0.8960000000000001,0.8960000000000001,2.6,39.2,25.0,0.0,1.0,0.0,0.8400000000000001,0.8400000000000001,0.8400000000000001,0.0,0.0,288.0,0.9943155996021821,1.0,0.7152839992832826,0.8340123263344823
child,20,25,org,8328,911.7284432137385,4775,20.0,0.1,0.72,0.0121,0.9,0.72,0.8,7.0,96.0,20.0,0.1,0.72,0.0121,0.7,0.56,0.6222,10.0,96.0,324.0,0.9971824506941238,1.0,0.016433488785254274,0.032335590998470616
child,20,25,org,8289,2435.3328203321435,5358,22.0,0.0909,0.8,0.0121,0.9091,0.8,0.8511,5.0,80.0,22.0,0.0909,0.8,0.0121,0.6818,0.6,0.6383,7.0,80.0,305.0,0.9952907420323902,1.0,0.009478672985781991,0.018779342723004695
child,20,25,org,5978,450.09461964387447,1829,25.0,0.10400000000000001,0.8960000000000001,0.015760000000000003,0.8960000000000001,0.8960000000000001,0.8960000000000001,2.6,57.4,25.0,0.04,0.96,0.0061,0.76,0.76,0.76,3.0,25.0,298.0,0.9954993214786609,0.9992821249102656,0.759825327510917,0.8632558139534884
child,20,25,org,5511,474.4955252967775,1954,25.0,0.14,0.86,0.0212,0.86,0.86,0.86,3.5,73.0,25.0,0.08,0.92,0.0121,0.76,0.76,0.76,2.0,43.0,288.0,0.9945336505440825,1.0,0.7374885426214483,0.8489132728423718
child,20,25,org,5864,972.6541989077814,4669,19.0,0.23685,0.5800000000000001,0.02725,0.76315,0.5800000000000001,0.6591,10.5,145.0,19.0,0.1579,0.64,0.0182,0.6316,0.48,0.5455,12.0,134.0,341.0,0.9958055809163227,1.0,0.01629802095459837,0.032073310423825885
child,20,25,org,606,408.45693786488846,1679,25.0,0.08,0.9199999999999999,0.012125,0.9199999999999999,0.9199999999999999,0.9199999999999999,2.0,32.0,25.0,0.04,0.96,0.0061,0.8,0.8,0.8,2.0,20.0,268.0,0.9941601541768783,0.9997498123592694,0.7744186046511627,0.8727749262859015
child,20,25,org,1933,495.7830490623601,2086,25.0,0.12,0.88,0.018166666666666668,0.88,0.88,0.88,3.0,57.333333333333336,25.0,0.10666666666666667,0.8933333333333334,0.016166666666666666,0.7600000000000001,0.7600000000000001,0.7600000000000001,5.666666666666667,57.0,216.33333333333334,0.9927336049873801,1.0,0.712476370510397,0.8321006733635059
child,20,25,org,6071,463.58781499927863,1887,25.0,0.08,0.9199999999999999,0.012125,0.9199999999999999,0.9199999999999999,0.9199999999999999,2.0,32.0,25.0,0.04,0.96,0.0061,0.8,0.8,0.8,2.0,20.0,268.0,0.9957632090855093,1.0,0.7635793871866295,0.8659427443237908
child,20,25,org,5504,436.4806639999151,1817,25.0,0.08,0.9199999999999999,0.012125,0.9199999999999999,0.9199999999999999,0.9199999999999999,2.0,32.0,25.0,0.04,0.96,0.0061,0.8,0.8,0.8,2.0,20.0,268.0,0.9937293577805233,1.0,0.7639277063536426,0.8661666842716806
child,20,25,org,5163,852.6516294036992,4641,20.0,0.1,0.72,0.0121,0.9,0.72,0.8,7.0,97.0,20.0,0.1,0.72,0.0121,0.8,0.64,0.7111,10.0,97.0,324.0,0.9969752841353292,1.0,0.0311284046692607,0.060377358490566045
child,20,25,org,2406,905.4250411586836,4698,21.0,0.1429,0.72,0.0182,0.8571,0.72,0.7826,7.0,103.0,21.0,0.1429,0.72,0.0182,0.7143,0.6,0.6522,9.0,103.0,305.0,0.9977060662209731,1.0,0.016367713004484304,0.03220825060666225
child,20,25,org,304,455.8700120425783,1934,25.0,0.18,0.8200000000000001,0.02725,0.8200000000000001,0.8200000000000001,0.8200000000000001,4.5,95.0,25.0,0.12,0.88,0.0182,0.72,0.72,0.72,5.0,65.0,291.0,0.9934553163661225,0.9987392839132627,0.7434309309309309,0.8523778782009899
child,20,25,org,3391,578.8799968631938,2524,24.0,0.1667,0.8,0.0242,0.8333,0.8,0.8163,5.0,84.0,24.0,0.1667,0.8,0.0242,0.7083,0.68,0.6939,7.0,84.0,228.0,0.9951548902878684,1.0,0.6148443432042521,0.761490537204655
child,20,25,org,359,1185.4758868389763,5046,20.0,0.1,0.72,0.0121,0.9,0.72,0.8,7.0,102.0,20.0,0.1,0.72,0.0121,0.7,0.56,0.6222,10.0,102.0,324.0,0.9958194855056804,1.0,0.01704666524611123,0.03352189398701027
child,20,25,org,9096,458.27904247911647,1936,25.0,0.12,0.88,0.018175,0.88,0.88,0.88,3.0,54.0,25.0,0.08,0.92,0.0121,0.76,0.76,0.76,5.0,42.0,191.0,0.9952044692026649,0.999753269183321,0.7365933466642428,0.8482311073895751
child,20,25,org,3533,457.88406249089167,1963,25.0,0.08,0.92,0.0121,0.92,0.92,0.92,2.0,24.0,25.0,0.04,0.96,0.0061,0.84,0.84,0.84,2.0,22.0,268.0,0.993189321651839,1.0,0.7343076634813566,0.8468020743301642
child,20,25,org,4125,1000.9012133893557,4469,23.0,0.15215,0.78,0.0212,0.84785,0.78,0.8125,5.5,93.0,23.0,0.1304,0.8,0.0182,0.6957,0.64,0.6667,9.0,83.0,330.0,0.9959040613126007,1.0,0.21846153846153846,0.35858585858585856
child,20,25,org,3094,461.9712916119024,1971,25.0,0.06,0.94,0.0091,0.94,0.94,0.94,1.5,24.0,25.0,0.04,0.96,0.0061,0.8,0.8,0.8,2.0,22.0,268.0,0.994268006384674,1.0,0.743603701687534,0.8529503590384014
child,20,25,org,6398,1009.50539544411,4641,23.0,0.1304,0.8,0.0182,0.8696,0.8,0.8333,5.0,85.0,23.0,0.0435,0.88,0.0061,0.8261,0.76,0.7917,4.0,38.0,341.0,0.9948793995346162,1.0,0.20605712095073797,0.34170375079465987
child,20,25,new,7816,366.7780136540532,1926,25.0,0.08,0.92,0.0121,0.92,0.92,0.92,2.0,24.0,25.0,0.04,0.96,0.0061,0.84,0.84,0.84,2.0,22.0,268.0,0.995071260983617,0.9997587454764777,0.7468012254460263,0.8549618320610687
child,20,25,new,3578,1174.3958447580226,4961,22.0,0.1818,0.72,0.0242,0.8182,0.72,0.766,8.0,110.0,22.0,0.1818,0.72,0.0242,0.6364,0.56,0.5957,12.0,110.0,315.0,0.9951482494182358,1.0,0.017459624618070713,0.034320034320034325
child,20,25,new,2656,952.1257412387058,4866,19.0,0.0526,0.72,0.0061,0.9474,0.72,0.8182,7.0,113.0,19.0,0.0,0.76,0.0,0.7895,0.6,0.6818,10.0,86.0,343.0,0.9960379984398826,1.0,0.01671799384073911,0.03288619645175249
child,20,25,new,2688,465.64313215296715,2004,25.0,0.136,0.8640000000000001,0.020579999999999998,0.8640000000000001,0.8640000000000001,0.8640000000000001,3.4,54.8,25.0,0.04,0.96,0.0061,0.8,0.8,0.8,3.0,22.0,291.0,0.9935962990930199,0.9992834965369,0.7479442259563819,0.8555362437378593
child,20,25,new,2494,443.0803772909567,1964,25.0,0.1,0.9,0.01515,0.9,0.9,0.9,2.5,46.0,25.0,0.08,0.92,0.0121,0.76,0.76,0.76,5.0,44.0,271.0,0.9941505679201467,1.0,0.7282670186686782,0.842771412984179
child,20,25,new,183,868.7416989351623,4760,19.0,0.1053,0.68,0.0121,0.8947,0.68,0.7727,8.0,109.0,19.0,0.0,0.76,0.0,0.7368,0.56,0.6364,10.0,84.0,342.0,0.9954972891582454,1.0,0.03147482014388489,0.06102877070619006
child,20,25,new,7977,953.3305977331474,4842,21.0,0.0952,0.76,0.0121,0.9048,0.76,0.8261,6.0,92.0,21.0,0.0952,0.76,0.0121,0.6667,0.56,0.6087,9.0,92.0,324.0,0.994566287830511,1.0,0.016625477420804315,0.03270718232044199
child,20,25,new,3199,446.16046164603904,1999,25.0,0.08,0.92,0.0121,0.92,0.92,0.92,2.0,24.0,25.0,0.04,0.96,0.0061,0.84,0.84,0.84,2.0,22.0,268.0,0.9928943937587084,1.0,0.7443581206067332,0.8534464475079534
child,20,25,new,316,462.08243400929496,2053,25.0,0.11200000000000002,0.8880000000000001,0.016959999999999996,0.8880000000000001,0.8880000000000001,0.8880000000000001,2.8,52.0,25.0,0.0,1.0,0.0,0.8400000000000001,0.8400000000000001,0.8400000000000001,0.0,0.0,288.0,0.992945906681384,1.0,0.7248444932308818,0.8404751803139584
child,20,25,new,8266,449.2651472380385,2002,25.0,0.08,0.9199999999999999,0.012125,0.9199999999999999,0.9199999999999999,0.9199999999999999,2.0,39.0,25.0,0.04,0.96,0.0061,0.8,0.8,0.8,2.0,27.0,171.0,0.9946131053357175,1.0,0.7229906542056075,0.8392275981774788
child,20,25,new,1532,466.3054839367978,2067,25.0,0.096,0.9040000000000001,0.01456,0.9040000000000001,0.9040000000000001,0.9040000000000001,2.4,32.8,25.0,0.0,1.0,0.0,0.8400000000000001,0.8400000000000001,0.8400000000000001,0.0,0.0,288.0,0.9934203521572156,1.0,0.7080264400377715,0.8290579389650597
child,20,25,new,1009,486.12414013175294,2182,25.0,0.08,0.9199999999999999,0.012125,0.9199999999999999,0.9199999999999999,0.9199999999999999,2.0,39.0,25.0,0.04,0.96,0.0061,0.8,0.8,0.8,2.0,27.0,171.0,0.9928818836587211,1.0,0.6863234729158663,0.8139879257318601
child,20,25,new,2250,962.2114877458662,4989,20.0,0.15,0.68,0.0182,0.85,0.68,0.7556,8.0,113.0,20.0,0.1,0.72,0.0121,0.75,0.6,0.6667,10.0,112.0,324.0,0.99561496645173,1.0,0.017152658662092625,0.03372681281618887
child,20,25,new,4447,449.08404733706266,1948,25.0,0.128,0.8720000000000001,0.01938,0.8720000000000001,0.8720000000000001,0.8720000000000001,3.2,53.0,25.0,0.08800000000000001,0.9120000000000001,0.013319999999999999,0.76,0.76,0.76,4.4,33.0,294.0,0.9937986557876798,0.9997556804300024,0.7449481157837248,0.8537450448570831
child,20,25,new,2415,895.5053249970078,4547,20.0,0.15,0.68,0.0182,0.85,0.68,0.7556,8.0,130.0,20.0,0.1,0.72,0.0121,0.75,0.6,0.6667,12.0,112.0,343.0,0.996025543488408,1.0,0.032484225286281844,0.06292440018107742
child,20,25,new,3595,979.1556258779019,4964,20.0,0.1,0.72,0.0121,0.9,0.72,0.8,7.0,116.0,20.0,0.1,0.72,0.0121,0.75,0.6,0.6667,10.0,116.0,237.0,0.9959674192627745,1.0,0.008620689655172414,0.017094017094017096
child,20,25,new,4187,1276.125103993807,5034,21.0,0.1905,0.68,0.0242,0.8095,0.68,0.7391,8.0,116.0,21.0,0.1905,0.68,0.0242,0.7143,0.6,0.6522,9.0,116.0,340.0,0.9960981501370516,1.0,0.009417808219178082,0.018659881255301103
child,20,25,new,4135,433.53923111688346,1864,25.0,0.08,0.92,0.0121,0.92,0.92,0.92,2.0,24.0,25.0,0.04,0.96,0.0061,0.84,0.84,0.84,2.0,22.0,268.0,0.9946788510329987,1.0,0.7558371040723982,0.8609421709102154
child,20,25,new,5174,987.1393623817712,4581,23.0,0.1304,0.8,0.0182,0.8696,0.8,0.8333,5.0,74.0,23.0,0.087,0.84,0.0121,0.6957,0.64,0.6667,7.0,70.0,339.0,0.9952617386657008,1.0,0.20702439024390243,0.34303265438086
child,20,25,new,5303,498.4758542282507,2199,25.0,0.12000000000000002,0.8800000000000001,0.018179999999999998,0.8800000000000001,0.8800000000000001,0.8800000000000001,3.0,66.2,25.0,0.04,0.96,0.0061,0.76,0.76,0.76,3.0,25.0,298.0,0.9944201866274024,1.0,0.6838839204234349,0.8122696726642098
child,20,25,new,3942,1357.534338497091,5372,20.0,0.1,0.72,0.0121,0.9,0.72,0.8,7.0,116.0,20.0,0.1,0.72,0.0121,0.7,0.56,0.6222,10.0,116.0,324.0,0.9956382703493122,1.0,0.008514088789783093,0.016884422110552764
child,20,25,new,2778,818.379924910143,4656,19.0,0.0526,0.72,0.0061,0.9474,0.72,0.8182,7.0,107.0,19.0,0.0,0.76,0.0,0.7368,0.56,0.6364,10.0,83.0,342.0,0.9954799931322726,1.0,0.03044982698961938,0.05910006715916723
child,20,25,new,2804,414.53583751106635,1814,25.0,0.064,0.9359999999999999,0.0097,0.9359999999999999,0.9359999999999999,0.9359999999999999,1.6,30.0,25.0,0.0,1.0,0.0,0.8400000000000001,0.8400000000000001,0.8400000000000001,0.0,0.0,288.0,0.9947917996920749,1.0,0.7670475488389237,0.86816854401335
child,20,25,new,2145,502.20536399586126,2241,25.0,0.1,0.9,0.01515,0.9,0.9,0.9,2.5,46.0,25.0,0.08,0.92,0.0121,0.76,0.76,0.76,5.0,44.0,271.0,0.9917280494493488,1.0,0.7009018958218296,0.8241532301698951
child,20,25,new,150,1169.2254319391213,4962,19.0,0.1053,0.68,0.0121,0.8947,0.68,0.7727,8.0,133.0,19.0,0.1053,0.68,0.0121,0.6842,0.52,0.5909,12.0,133.0,343.0,0.9954214775638938,1.0,0.008545135845749343,0.016945470345426896
child,20,25,new,8823,1016.4229983529076,4694,22.5,0.11065,0.8,0.01515,0.8893500000000001,0.8,0.8422000000000001,5.0,73.5,22.5,0.08895,0.8200000000000001,0.0121,0.7559,0.68,0.7158500000000001,7.5,72.5,339.0,0.9949110697400022,1.0,0.20955257693033794,0.34649601997814894
child,20,25,new,4669,532.4091001506895,2370,25.0,0.06,0.94,0.0091,0.94,0.94,0.94,1.5,22.0,25.0,0.04,0.96,0.0061,0.8,0.8,0.8,2.0,20.0,268.0,0.993850884096404,1.0,0.6876424189307625,0.8149148317407562
child,20,25,new,6131,534.9697610791773,2484,24.0,0.1667,0.8,0.0242,0.8333,0.8,0.8163,5.0,84.0,24.0,0.1667,0.8,0.0242,0.6667,0.64,0.6531,9.0,84.0,329.0,0.993416734267279,1.0,0.6541620007465472,0.7909285794877581
child,20,25,new,2617,405.53363224165514,1831,25.0,0.06,0.94,0.0091,0.94,0.94,0.94,1.5,22.0,25.0,0.04,0.96,0.0061,0.8,0.8,0.8,2.0,20.0,268.0,0.9934098714290299,1.0,0.7446314567614626,0.8536260811709914
child,20,25,new,7166,506.26982376072556,2180,25.0,0.096,0.9040000000000001,0.01456,0.9040000000000001,0.9040000000000001,0.9040000000000001,2.4,53.8,25.0,0.04,0.96,0.0061,0.76,0.76,0.76,3.0,25.0,298.0,0.9950638974187838,0.9995258416311048,0.7232801509692914,0.8392554991539762
child,20,25,new,1428,485.0632031466812,2142,25.0,0.10400000000000001,0.8960000000000001,0.015760000000000003,0.8960000000000001,0.8960000000000001,0.8960000000000001,2.6,51.2,25.0,0.0,1.0,0.0,0.8400000000000001,0.8400000000000001,0.8400000000000001,0.0,0.0,288.0,0.9943155996021821,1.0,0.7152839992832826,0.8340123263344823
child,20,25,new,8328,862.6092118262313,4775,20.0,0.05,0.76,0.0061,0.95,0.76,0.8444,6.0,75.0,20.0,0.0,0.8,0.0,0.8,0.64,0.7111,8.0,53.0,324.0,0.9971824506941238,1.0,0.016433488785254274,0.032335590998470616
child,20,25,new,8289,1173.4687816691585,5358,22.0,0.0909,0.8,0.0121,0.9091,0.8,0.8511,5.0,80.0,22.0,0.0909,0.8,0.0121,0.6818,0.6,0.6383,7.0,80.0,305.0,0.9952907420323902,1.0,0.009478672985781991,0.018779342723004695
child,20,25,new,5978,418.9008025149815,1829,25.0,0.128,0.8720000000000001,0.01938,0.8720000000000001,0.8720000000000001,0.8720000000000001,3.2,70.6,25.0,0.04,0.96,0.0061,0.76,0.76,0.76,3.0,25.0,298.0,0.9954993214786609,0.9992821249102656,0.759825327510917,0.8632558139534884
child,20,25,new,5511,441.9368071020581,1954,25.0,0.10400000000000001,0.8960000000000001,0.015760000000000003,0.8960000000000001,0.8960000000000001,0.8960000000000001,2.6,48.0,25.0,0.0,1.0,0.0,0.8400000000000001,0.8400000000000001,0.8400000000000001,0.0,0.0,288.0,0.9945336505440825,1.0,0.7374885426214483,0.8489132728423718
child,20,25,new,5864,864.0216245763004,4669,19.0,0.1053,0.68,0.0121,0.8947,0.68,0.7727,8.0,107.0,19.0,0.0526,0.72,0.0061,0.7368,0.56,0.6364,10.0,106.0,341.0,0.9958055809163227,1.0,0.01629802095459837,0.032073310423825885
child,20,25,new,606,374.03756748884916,1679,25.0,0.06,0.94,0.0091,0.94,0.94,0.94,1.5,22.0,25.0,0.04,0.96,0.0061,0.8,0.8,0.8,2.0,20.0,268.0,0.9941601541768783,0.9997498123592694,0.7744186046511627,0.8727749262859015
child,20,25,new,1933,462.74551236396655,2086,25.0,0.176,0.8240000000000001,0.02666,0.8240000000000001,0.8240000000000001,0.8240000000000001,4.4,71.6,25.0,0.04,0.96,0.0061,0.8,0.8,0.8,3.0,22.0,291.0,0.9927336049873801,1.0,0.712476370510397,0.8321006733635059
child,20,25,new,6071,435.3745699701831,1887,25.0,0.06,0.94,0.0091,0.94,0.94,0.94,1.5,22.0,25.0,0.04,0.96,0.0061,0.8,0.8,0.8,2.0,20.0,268.0,0.9957632090855093,1.0,0.7635793871866295,0.8659427443237908
child,20,25,new,5504,406.1235585878603,1817,25.0,0.06,0.94,0.0091,0.94,0.94,0.94,1.5,22.0,25.0,0.04,0.96,0.0061,0.8,0.8,0.8,2.0,20.0,268.0,0.9937293577805233,1.0,0.7639277063536426,0.8661666842716806
child,20,25,new,5163,802.7747675371356,4641,20.0,0.1,0.72,0.0121,0.9,0.72,0.8,7.0,97.0,20.0,0.1,0.72,0.0121,0.8,0.64,0.7111,10.0,97.0,324.0,0.9969752841353292,1.0,0.0311284046692607,0.060377358490566045
child,20,25,new,2406,844.4216742939316,4698,22.0,0.1818,0.72,0.0242,0.8182,0.72,0.766,7.0,88.0,22.0,0.0909,0.8,0.0121,0.6818,0.6,0.6383,7.0,81.0,305.0,0.9977060662209731,1.0,0.016367713004484304,0.03220825060666225
child,20,25,new,304,422.30082151992247,1934,25.0,0.192,0.808,0.02908,0.808,0.808,0.808,4.8,77.2,25.0,0.04,0.96,0.0061,0.8,0.8,0.8,3.0,22.0,291.0,0.9934553163661225,0.9987392839132627,0.7434309309309309,0.8523778782009899
child,20,25,new,3391,541.2418418698944,2524,24.0,0.22915000000000002,0.74,0.033350000000000005,0.77085,0.74,0.7551,6.5,98.0,24.0,0.1667,0.8,0.0242,0.7083,0.68,0.6939,7.0,84.0,228.0,0.9951548902878684,1.0,0.6148443432042521,0.761490537204655
child,20,25,new,359,1022.4895682153292,5046,20.0,0.1,0.72,0.0121,0.9,0.72,0.8,7.0,98.0,20.0,0.1,0.72,0.0121,0.8,0.64,0.7111,10.0,98.0,324.0,0.9958194855056804,1.0,0.01704666524611123,0.03352189398701027
child,20,25,new,9096,427.50657717324793,1936,25.0,0.1,0.9,0.01515,0.9,0.9,0.9,2.5,44.0,25.0,0.08,0.92,0.0121,0.76,0.76,0.76,5.0,42.0,191.0,0.9952044692026649,0.999753269183321,0.7365933466642428,0.8482311073895751
child,20,25,new,3533,426.7506381752901,1963,25.0,0.08,0.92,0.0121,0.92,0.92,0.92,2.0,24.0,25.0,0.04,0.96,0.0061,0.84,0.84,0.84,2.0,22.0,268.0,0.993189321651839,1.0,0.7343076634813566,0.8468020743301642
child,20,25,new,4125,934.7867855289951,4469,24.0,0.1667,0.8,0.0242,0.8333,0.8,0.8163,5.0,84.0,24.0,0.1667,0.8,0.0242,0.6667,0.64,0.6531,9.0,84.0,331.0,0.9959040613126007,1.0,0.21846153846153846,0.35858585858585856
child,20,25,new,3094,429.4583414271474,1971,25.0,0.06,0.94,0.0091,0.94,0.94,0.94,1.5,24.0,25.0,0.04,0.96,0.0061,0.8,0.8,0.8,2.0,22.0,268.0,0.994268006384674,1.0,0.743603701687534,0.8529503590384014
child,20,25,new,6398,938.4492759522982,4641,23.0,0.1739,0.76,0.0242,0.8261,0.76,0.7917,6.0,102.0,23.0,0.1304,0.8,0.0182,0.7826,0.72,0.75,6.0,82.0,341.0,0.9948793995346162,1.0,0.20605712095073797,0.34170375079465987
earthquake,5,4,org,7816,0.022701121866703033,0,4.0,0.0,1.0,0.0,1.0,1.0,1.0,0.0,0.0,4.0,0.0,1.0,0.0,1.0,1.0,1.0,0.0,0.0,5.0,1.0,,0.0,
earthquake,5,4,org,3578,0.020813914015889168,0,4.0,0.0,1.0,0.0,1.0,1.0,1.0,0.0,0.0,4.0,0.0,1.0,0.0,1.0,1.0,1.0,0.0,0.0,5.0,1.0,,0.0,
earthquake,5,4,org,2656,0.022136538289487362,0,4.0,0.0,1.0,0.0,1.0,1.0,1.0,0.0,0.0,4.0,0.0,1.0,0.0,1.0,1.0,1.0,0.0,0.0,5.0,1.0,,0.0,
earthquake,5,4,org,2688,0.02059373166412115,0,4.0,0.0,1.0,0.0,1.0,1.0,1.0,0.0,0.0,4.0,0.0,1.0,0.0,1.0,1.0,1.0,0.0,0.0,5.0,1.0,,0.0,
earthquake,5,4,org,2494,0.022562378086149693,1,4.0,0.0,1.0,0.0,1.0,1.0,1.0,0.0,0.0,4.0,0.0,1.0,0.0,1.0,1.0,1.0,0.0,0.0,5.0,1.0,1.0,1.0,1.0
earthquake,5,4,org,183,0.021837046835571527,0,4.0,0.0,1.0,0.0,1.0,1.0,1.0,0.0,0.0,4.0,0.0,1.0,0.0,1.0,1.0,1.0,0.0,0.0,5.0,1.0,,0.0,
earthquake,5,4,org,7977,0.02276044385507703,0,4.0,0.0,1.0,0.0,1.0,1.0,1.0,0.0,0.0,4.0,0.0,1.0,0.0,1.0,1.0,1.0,0.0,0.0,5.0,1.0,,0.0,
earthquake,5,4,org,3199,0.028189335018396378,2,4.0,0.0,1.0,0.0,1.0,1.0,1.0,0.0,0.0,4.0,0.0,1.0,0.0,1.0,1.0,1.0,0.0,0.0,5.0,1.0,1.0,1.0,1.0
earthquake,5,4,org,316,0.020581628195941448,0,4.0,0.0,1.0,0.0,1.0,1.0,1.0,0.0,0.0,4.0,0.0,1.0,0.0,1.0,1.0,1.0,0.0,0.0,5.0,1.0,,0.0,
earthquake,5,4,org,8266,0.02882729284465313,2,5.0,0.2,1.0,0.1667,0.8,1.0,0.8889,1.0,0.0,5.0,0.2,1.0,0.1667,0.8,1.0,0.8889,1.0,0.0,14.0,0.999097505881862,0.9824561403508771,0.9824561403508771,0.9824561403508771
earthquake,5,4,org,1532,0.035647429060190916,7,4.0,0.0,1.0,0.0,1.0,1.0,1.0,0.0,0.0,4.0,0.0,1.0,0.0,1.0,1.0,1.0,0.0,0.0,5.0,0.9965682898771648,1.0,0.9074074074074074,0.9514563106796117
earthquake,5,4,org,1009,0.11163437180221081,57,4.0,0.5,0.5,0.3333,0.5,0.5,0.5,3.0,10.5,4.0,0.5,0.5,0.3333,0.5,0.5,0.5,3.0,8.0,13.0,0.9982517245630247,,0.0,
earthquake,5,4,org,2250,0.02244534995406866,0,4.0,0.0,1.0,0.0,1.0,1.0,1.0,0.0,0.0,4.0,0.0,1.0,0.0,1.0,1.0,1.0,0.0,0.0,5.0,1.0,,0.0,
earthquake,5,4,org,4447,0.02074699616059661,0,4.0,0.0,1.0,0.0,1.0,1.0,1.0,0.0,0.0,4.0,0.0,1.0,0.0,1.0,1.0,1.0,0.0,0.0,5.0,1.0,,0.0,
earthquake,5,4,org,2415,0.020530251320451498,0,4.0,0.0,1.0,0.0,1.0,1.0,1.0,0.0,0.0,4.0,0.0,1.0,0.0,1.0,1.0,1.0,0.0,0.0,5.0,1.0,,0.0,
earthquake,5,4,org,3595,0.020561802200973034,0,4.0,0.0,1.0,0.0,1.0,1.0,1.0,0.0,0.0,4.0,0.0,1.0,0.0,1.0,1.0,1.0,0.0,0.0,5.0,1.0,,0.0,
earthquake,5,4,org,4187,0.035509560722857714,4,4.0,0.0,1.0,0.0,1.0,1.0,1.0,0.0,0.0,4.0,0.0,1.0,0.0,1.0,1.0,1.0,0.0,0.0,5.0,0.9993897326498339,1.0,0.9649122807017544,0.9821428571428572
earthquake,5,4,org,4135,0.020814006216824055,0,4.0,0.0,1.0,0.0,1.0,1.0,1.0,0.0,0.0,4.0,0.0,1.0,0.0,1.0,1.0,1.0,0.0,0.0,5.0,1.0,,0.0,
earthquake,5,4,org,5174,0.024642996955662966,0,4.0,0.0,1.0,0.0,1.0,1.0,1.0,0.0,0.0,4.0,0.0,1.0,0.0,1.0,1.0,1.0,0.0,0.0,5.0,1.0,,0.0,
earthquake,5,4,org,5303,0.020744758192449808,0,4.0,0.0,1.0,0.0,1.0,1.0,1.0,0.0,0.0,4.0,0.0,1.0,0.0,1.0,1.0,1.0,0.0,0.0,5.0,1.0,,0.0,
earthquake,5,4,org,3942,0.02394970366731286,0,4.0,0.0,1.0,0.0,1.0,1.0,1.0,0.0,0.0,4.0,0.0,1.0,0.0,1.0,1.0,1.0,0.0,0.0,5.0,1.0,,0.0,
earthquake,5,4,org,2778,0.021025597117841244,0,4.0,0.0,1.0,0.0,1.0,1.0,1.0,0.0,0.0,4.0,0.0,1.0,0.0,1.0,1.0,1.0,0.0,0.0,5.0,1.0,,0.0,
earthquake,5,4,org,2804,0.02073000092059374,0,4.0,0.0,1.0,0.0,1.0,1.0,1.0,0.0,0.0,4.0,0.0,1.0,0.0,1.0,1.0,1.0,0.0,0.0,5.0,1.0,,0.0,
earthquake,5,4,org,2145,0.020534520037472248,0,4.0,0.0,1.0,0.0,1.0,1.0,1.0,0.0,0.0,4.0,0.0,1.0,0.0,1.0,1.0,1.0,0.0,0.0,5.0,1.0,,0.0,
earthquake,5,4,org,150,0.020651477854698896,0,4.0,0.0,1.0,0.0,1.0,1.0,1.0,0.0,0.0,4.0,0.0,1.0,0.0,1.0,1.0,1.0,0.0,0.0,5.0,1.0,,0.0,
earthquake,5,4,org,8823,0.02163642318919301,0,4.0,0.0,1.0,0.0,1.0,1.0,1.0,0.0,0.0,4.0,0.0,1.0,0.0,1.0,1.0,1.0,0.0,0.0,5.0,1.0,,0.0,
earthquake,5,4,org,4669,0.020520242862403393,0,4.0,0.0,1.0,0.0,1.0,1.0,1.0,0.0,0.0,4.0,0.0,1.0,0.0,1.0,1.0,1.0,0.0,0.0,5.0,1.0,,0.0,
earthquake,5,4,org,6131,0.0230431598611176,0,4.0,0.0,1.0,0.0,1.0,1.0,1.0,0.0,0.0,4.0,0.0,1.0,0.0,1.0,1.0,1.0,0.0,0.0,5.0,1.0,,0.0,
earthquake,5,4,org,2617,0.022316795773804188,0,4.0,0.0,1.0,0.0,1.0,1.0,1.0,0.0,0.0,4.0,0.0,1.0,0.0,1.0,1.0,1.0,0.0,0.0,5.0,1.0,,0.0,
earthquake,5,4,org,7166,0.022004482802003622,0,4.0,0.0,1.0,0.0,1.0,1.0,1.0,0.0,0.0,4.0,0.0,1.0,0.0,1.0,1.0,1.0,0.0,0.0,5.0,1.0,,0.0,
earthquake,5,4,org,1428,0.023285146337002516,0,4.0,0.0,1.0,0.0,1.0,1.0,1.0,0.0,0.0,4.0,0.0,1.0,0.0,1.0,1.0,1.0,0.0,0.0,5.0,1.0,,0.0,
earthquake,5,4,org,8328,0.021030716132372618,0,4.0,0.0,1.0,0.0,1.0,1.0,1.0,0.0,0.0,4.0,0.0,1.0,0.0,1.0,1.0,1.0,0.0,0.0,5.0,1.0,,0.0,
earthquake,5,4,org,8289,0.020619872957468033,0,4.0,0.0,1.0,0.0,1.0,1.0,1.0,0.0,0.0,4.0,0.0,1.0,0.0,1.0,1.0,1.0,0.0,0.0,5.0,1.0,,0.0,
earthquake,5,4,org,5978,0.020891393069177866,0,4.0,0.0,1.0,0.0,1.0,1.0,1.0,0.0,0.0,4.0,0.0,1.0,0.0,1.0,1.0,1.0,0.0,0.0,5.0,1.0,,0.0,
earthquake,5,4,org,5511,0.021723652258515358,0,4.0,0.0,1.0,0.0,1.0,1.0,1.0,0.0,0.0,4.0,0.0,1.0,0.0,1.0,1.0,1.0,0.0,0.0,5.0,1.0,,0.0,
earthquake,5,4,org,5864,0.02082387777045369,0,4.0,0.0,1.0,0.0,1.0,1.0,1.0,0.0,0.0,4.0,0.0,1.0,0.0,1.0,1.0,1.0,0.0,0.0,5.0,1.0,,0.0,
earthquake,5,4,org,606,0.03406075807288289,5,5.0,0.2,1.0,0.1667,0.8,1.0,0.8889,1.0,0.0,5.0,0.2,1.0,0.1667,0.8,1.0,0.8889,1.0,0.0,14.0,0.9975105075031312,0.9814814814814815,0.9137931034482759,0.9464285714285714
earthquake,5,4,org,1933,0.02101239375770092,0,4.0,0.0,1.0,0.0,1.0,1.0,1.0,0.0,0.0,4.0,0.0,1.0,0.0,1.0,1.0,1.0,0.0,0.0,5.0,1.0,,0.0,
earthquake,5,4,org,6071,0.02071952261030674,0,4.0,0.0,1.0,0.0,1.0,1.0,1.0,0.0,0.0,4.0,0.0,1.0,0.0,1.0,1.0,1.0,0.0,0.0,5.0,1.0,,0.0,
earthquake,5,4,org,5504,0.022080573718994856,0,4.0,0.0,1.0,0.0,1.0,1.0,1.0,0.0,0.0,4.0,0.0,1.0,0.0,1.0,1.0,1.0,0.0,0.0,5.0,1.0,,0.0,
earthquake,5,4,org,5163,0.022066289093345404,0,4.0,0.0,1.0,0.0,1.0,1.0,1.0,0.0,0.0,4.0,0.0,1.0,0.0,1.0,1.0,1.0,0.0,0.0,5.0,1.0,,0.0,
earthquake,5,4,org,2406,0.020694252103567123,0,4.0,0.0,1.0,0.0,1.0,1.0,1.0,0.0,0.0,4.0,0.0,1.0,0.0,1.0,1.0,1.0,0.0,0.0,5.0,1.0,,0.0,
earthquake,5,4,org,304,0.02092204475775361,0,4.0,0.0,1.0,0.0,1.0,1.0,1.0,0.0,0.0,4.0,0.0,1.0,0.0,1.0,1.0,1.0,0.0,0.0,5.0,1.0,,0.0,
earthquake,5,4,org,3391,0.021560372319072485,0,4.0,0.0,1.0,0.0,1.0,1.0,1.0,0.0,0.0,4.0,0.0,1.0,0.0,1.0,1.0,1.0,0.0,0.0,5.0,1.0,,0.0,
earthquake,5,4,org,359,0.02076137810945511,0,4.0,0.0,1.0,0.0,1.0,1.0,1.0,0.0,0.0,4.0,0.0,1.0,0.0,1.0,1.0,1.0,0.0,0.0,5.0,1.0,,0.0,
earthquake,5,4,org,9096,0.02054751291871071,0,4.0,0.0,1.0,0.0,1.0,1.0,1.0,0.0,0.0,4.0,0.0,1.0,0.0,1.0,1.0,1.0,0.0,0.0,5.0,1.0,,0.0,
earthquake,5,4,org,3533,0.022630617953836918,0,4.0,0.0,1.0,0.0,1.0,1.0,1.0,0.0,0.0,4.0,0.0,1.0,0.0,1.0,1.0,1.0,0.0,0.0,5.0,1.0,,0.0,
earthquake,5,4,org,4125,0.020872737281024456,0,4.0,0.0,1.0,0.0,1.0,1.0,1.0,0.0,0.0,4.0,0.0,1.0,0.0,1.0,1.0,1.0,0.0,0.0,5.0,1.0,,0.0,
earthquake,5,4,org,3094,0.021511669736355543,0,4.0,0.0,1.0,0.0,1.0,1.0,1.0,0.0,0.0,4.0,0.0,1.0,0.0,1.0,1.0,1.0,0.0,0.0,5.0,1.0,,0.0,
earthquake,5,4,org,6398,0.02211209898814559,0,4.0,0.0,1.0,0.0,1.0,1.0,1.0,0.0,0.0,4.0,0.0,1.0,0.0,1.0,1.0,1.0,0.0,0.0,5.0,1.0,,0.0,
earthquake,5,4,new,7816,0.02507828827947378,0,4.0,0.0,1.0,0.0,1.0,1.0,1.0,0.0,0.0,4.0,0.0,1.0,0.0,1.0,1.0,1.0,0.0,0.0,5.0,1.0,,0.0,
earthquake,5,4,new,3578,0.02000171458348632,0,4.0,0.0,1.0,0.0,1.0,1.0,1.0,0.0,0.0,4.0,0.0,1.0,0.0,1.0,1.0,1.0,0.0,0.0,5.0,1.0,,0.0,
earthquake,5,4,new,2656,0.019457871094346046,0,4.0,0.0,1.0,0.0,1.0,1.0,1.0,0.0,0.0,4.0,0.0,1.0,0.0,1.0,1.0,1.0,0.0,0.0,5.0,1.0,,0.0,
earthquake,5,4,new,2688,0.019684813916683197,0,4.0,0.0,1.0,0.0,1.0,1.0,1.0,0.0,0.0,4.0,0.0,1.0,0.0,1.0,1.0,1.0,0.0,0.0,5.0,1.0,,0.0,
earthquake,5,4,new,2494,0.021322919987142086,1,4.0,0.0,1.0,0.0,1.0,1.0,1.0,0.0,0.0,4.0,0.0,1.0,0.0,1.0,1.0,1.0,0.0,0.0,5.0,1.0,1.0,1.0,1.0
earthquake,5,4,new,183,0.019821662921458483,0,4.0,0.0,1.0,0.0,1.0,1.0,1.0,0.0,0.0,4.0,0.0,1.0,0.0,1.0,1.0,1.0,0.0,0.0,5.0,1.0,,0.0,
earthquake,5,4,new,7977,0.020185016095638275,0,4.0,0.0,1.0,0.0,1.0,1.0,1.0,0.0,0.0,4.0,0.0,1.0,0.0,1.0,1.0,1.0,0.0,0.0,5.0,1.0,,0.0,
earthquake,5,4,new,3199,0.02619605977088213,2,4.0,0.0,1.0,0.0,1.0,1.0,1.0,0.0,0.0,4.0,0.0,1.0,0.0,1.0,1.0,1.0,0.0,0.0,5.0,1.0,1.0,1.0,1.0
earthquake,5,4,new,316,0.01974974200129509,0,4.0,0.0,1.0,0.0,1.0,1.0,1.0,0.0,0.0,4.0,0.0,1.0,0.0,1.0,1.0,1.0,0.0,0.0,5.0,1.0,,0.0,
earthquake,5,4,new,8266,0.025808582082390785,2,5.0,0.2,1.0,0.1667,0.8,1.0,0.8889,1.0,0.0,5.0,0.2,1.0,0.1667,0.8,1.0,0.8889,1.0,0.0,14.0,0.999097505881862,0.9824561403508771,0.9824561403508771,0.9824561403508771
earthquake,5,4,new,1532,0.030330452136695385,7,4.0,0.0,1.0,0.0,1.0,1.0,1.0,0.0,0.0,4.0,0.0,1.0,0.0,1.0,1.0,1.0,0.0,0.0,5.0,0.9965682898771648,1.0,0.9074074074074074,0.9514563106796117
earthquake,5,4,new,1009,0.10181713989004493,57,4.0,0.25,0.75,0.1667,0.75,0.75,0.75,2.0,4.0,4.0,0.25,0.75,0.1667,0.75,0.75,0.75,2.0,4.0,13.0,0.9982517245630247,,0.0,
earthquake,5,4,new,2250,0.02109536901116371,0,4.0,0.0,1.0,0.0,1.0,1.0,1.0,0.0,0.0,4.0,0.0,1.0,0.0,1.0,1.0,1.0,0.0,0.0,5.0,1.0,,0.0,
earthquake,5,4,new,4447,0.01903289696201682,0,4.0,0.0,1.0,0.0,1.0,1.0,1.0,0.0,0.0,4.0,0.0,1.0,0.0,1.0,1.0,1.0,0.0,0.0,5.0,1.0,,0.0,
earthquake,5,4,new,2415,0.01988264499232173,0,4.0,0.0,1.0,0.0,1.0,1.0,1.0,0.0,0.0,4.0,0.0,1.0,0.0,1.0,1.0,1.0,0.0,0.0,5.0,1.0,,0.0,
earthquake,5,4,new,3595,0.019241387024521828,0,4.0,0.0,1.0,0.0,1.0,1.0,1.0,0.0,0.0,4.0,0.0,1.0,0.0,1.0,1.0,1.0,0.0,0.0,5.0,1.0,,0.0,
earthquake,5,4,new,4187,0.02840030984953046,4,4.0,0.0,1.0,0.0,1.0,1.0,1.0,0.0,0.0,4.0,0.0,1.0,0.0,1.0,1.0,1.0,0.0,0.0,5.0,0.9993897326498339,1.0,0.9649122807017544,0.9821428571428572
earthquake,5,4,new,4135,0.020028889179229736,0,4.0,0.0,1.0,0.0,1.0,1.0,1.0,0.0,0.0,4.0,0.0,1.0,0.0,1.0,1.0,1.0,0.0,0.0,5.0,1.0,,0.0,
earthquake,5,4,new,5174,0.020778704900294542,0,4.0,0.0,1.0,0.0,1.0,1.0,1.0,0.0,0.0,4.0,0.0,1.0,0.0,1.0,1.0,1.0,0.0,0.0,5.0,1.0,,0.0,
earthquake,5,4,new,5303,0.01964628789573908,0,4.0,0.0,1.0,0.0,1.0,1.0,1.0,0.0,0.0,4.0,0.0,1.0,0.0,1.0,1.0,1.0,0.0,0.0,5.0,1.0,,0.0,
earthquake,5,4,new,3942,0.021237134002149105,0,4.0,0.0,1.0,0.0,1.0,1.0,1.0,0.0,0.0,4.0,0.0,1.0,0.0,1.0,1.0,1.0,0.0,0.0,5.0,1.0,,0.0,
earthquake,5,4,new,2778,0.021544110029935837,0,4.0,0.0,1.0,0.0,1.0,1.0,1.0,0.0,0.0,4.0,0.0,1.0,0.0,1.0,1.0,1.0,0.0,0.0,5.0,1.0,,0.0,
earthquake,5,4,new,2804,0.01972275460138917,0,4.0,0.0,1.0,0.0,1.0,1.0,1.0,0.0,0.0,4.0,0.0,1.0,0.0,1.0,1.0,1.0,0.0,0.0,5.0,1.0,,0.0,
earthquake,5,4,new,2145,0.019207132048904896,0,4.0,0.0,1.0,0.0,1.0,1.0,1.0,0.0,0.0,4.0,0.0,1.0,0.0,1.0,1.0,1.0,0.0,0.0,5.0,1.0,,0.0,
earthquake,5,4,new,150,0.02181378612294793,0,4.0,0.0,1.0,0.0,1.0,1.0,1.0,0.0,0.0,4.0,0.0,1.0,0.0,1.0,1.0,1.0,0.0,0.0,5.0,1.0,,0.0,
earthquake,5,4,new,8823,0.019790612161159515,0,4.0,0.0,1.0,0.0,1.0,1.0,1.0,0.0,0.0,4.0,0.0,1.0,0.0,1.0,1.0,1.0,0.0,0.0,5.0,1.0,,0.0,
earthquake,5,4,new,4669,0.01935075782239437,0,4.0,0.0,1.0,0.0,1.0,1.0,1.0,0.0,0.0,4.0,0.0,1.0,0.0,1.0,1.0,1.0,0.0,0.0,5.0,1.0,,0.0,
earthquake,5,4,new,6131,0.021131758112460375,0,4.0,0.0,1.0,0.0,1.0,1.0,1.0,0.0,0.0,4.0,0.0,1.0,0.0,1.0,1.0,1.0,0.0,0.0,5.0,1.0,,0.0,
earthquake,5,4,new,2617,0.018978287000209093,0,4.0,0.0,1.0,0.0,1.0,1.0,1.0,0.0,0.0,4.0,0.0,1.0,0.0,1.0,1.0,1.0,0.0,0.0,5.0,1.0,,0.0,
earthquake,5,4,new,7166,0.01990735810250044,0,4.0,0.0,1.0,0.0,1.0,1.0,1.0,0.0,0.0,4.0,0.0,1.0,0.0,1.0,1.0,1.0,0.0,0.0,5.0,1.0,,0.0,
earthquake,5,4,new,1428,0.020445790141820908,0,4.0,0.0,1.0,0.0,1.0,1.0,1.0,0.0,0.0,4.0,0.0,1.0,0.0,1.0,1.0,1.0,0.0,0.0,5.0,1.0,,0.0,
earthquake,5,4,new,8328,0.020044816192239523,0,4.0,0.0,1.0,0.0,1.0,1.0,1.0,0.0,0.0,4.0,0.0,1.0,0.0,1.0,1.0,1.0,0.0,0.0,5.0,1.0,,0.0,
earthquake,5,4,new,8289,0.019328853115439415,0,4.0,0.0,1.0,0.0,1.0,1.0,1.0,0.0,0.0,4.0,0.0,1.0,0.0,1.0,1.0,1.0,0.0,0.0,5.0,1.0,,0.0,
earthquake,5,4,new,5978,0.01960754208266735,0,4.0,0.0,1.0,0.0,1.0,1.0,1.0,0.0,0.0,4.0,0.0,1.0,0.0,1.0,1.0,1.0,0.0,0.0,5.0,1.0,,0.0,
earthquake,5,4,new,5511,0.018829862121492624,0,4.0,0.0,1.0,0.0,1.0,1.0,1.0,0.0,0.0,4.0,0.0,1.0,0.0,1.0,1.0,1.0,0.0,0.0,5.0,1.0,,0.0,
earthquake,5,4,new,5864,0.019127017818391323,0,4.0,0.0,1.0,0.0,1.0,1.0,1.0,0.0,0.0,4.0,0.0,1.0,0.0,1.0,1.0,1.0,0.0,0.0,5.0,1.0,,0.0,
earthquake,5,4,new,606,0.03152181627228856,5,5.0,0.2,1.0,0.1667,0.8,1.0,0.8889,1.0,0.0,5.0,0.2,1.0,0.1667,0.8,1.0,0.8889,1.0,0.0,14.0,0.9975105075031312,0.9814814814814815,0.9137931034482759,0.9464285714285714
earthquake,5,4,new,1933,0.01977510377764702,0,4.0,0.0,1.0,0.0,1.0,1.0,1.0,0.0,0.0,4.0,0.0,1.0,0.0,1.0,1.0,1.0,0.0,0.0,5.0,1.0,,0.0,
earthquake,5,4,new,6071,0.019314782693982124,0,4.0,0.0,1.0,0.0,1.0,1.0,1.0,0.0,0.0,4.0,0.0,1.0,0.0,1.0,1.0,1.0,0.0,0.0,5.0,1.0,,0.0,
earthquake,5,4,new,5504,0.019744571298360825,0,4.0,0.0,1.0,0.0,1.0,1.0,1.0,0.0,0.0,4.0,0.0,1.0,0.0,1.0,1.0,1.0,0.0,0.0,5.0,1.0,,0.0,
earthquake,5,4,new,5163,0.022005286999046803,0,4.0,0.0,1.0,0.0,1.0,1.0,1.0,0.0,0.0,4.0,0.0,1.0,0.0,1.0,1.0,1.0,0.0,0.0,5.0,1.0,,0.0,
earthquake,5,4,new,2406,0.019474158063530922,0,4.0,0.0,1.0,0.0,1.0,1.0,1.0,0.0,0.0,4.0,0.0,1.0,0.0,1.0,1.0,1.0,0.0,0.0,5.0,1.0,,0.0,
earthquake,5,4,new,304,0.019045650959014893,0,4.0,0.0,1.0,0.0,1.0,1.0,1.0,0.0,0.0,4.0,0.0,1.0,0.0,1.0,1.0,1.0,0.0,0.0,5.0,1.0,,0.0,
earthquake,5,4,new,3391,0.020793911069631577,0,4.0,0.0,1.0,0.0,1.0,1.0,1.0,0.0,0.0,4.0,0.0,1.0,0.0,1.0,1.0,1.0,0.0,0.0,5.0,1.0,,0.0,
earthquake,5,4,new,359,0.019563704263418913,0,4.0,0.0,1.0,0.0,1.0,1.0,1.0,0.0,0.0,4.0,0.0,1.0,0.0,1.0,1.0,1.0,0.0,0.0,5.0,1.0,,0.0,
earthquake,5,4,new,9096,0.019438670948147774,0,4.0,0.0,1.0,0.0,1.0,1.0,1.0,0.0,0.0,4.0,0.0,1.0,0.0,1.0,1.0,1.0,0.0,0.0,5.0,1.0,,0.0,
earthquake,5,4,new,3533,0.02049589902162552,0,4.0,0.0,1.0,0.0,1.0,1.0,1.0,0.0,0.0,4.0,0.0,1.0,0.0,1.0,1.0,1.0,0.0,0.0,5.0,1.0,,0.0,
earthquake,5,4,new,4125,0.01903060730546713,0,4.0,0.0,1.0,0.0,1.0,1.0,1.0,0.0,0.0,4.0,0.0,1.0,0.0,1.0,1.0,1.0,0.0,0.0,5.0,1.0,,0.0,
earthquake,5,4,new,3094,0.021504557225853205,0,4.0,0.0,1.0,0.0,1.0,1.0,1.0,0.0,0.0,4.0,0.0,1.0,0.0,1.0,1.0,1.0,0.0,0.0,5.0,1.0,,0.0,
earthquake,5,4,new,6398,0.020955349784344435,0,4.0,0.0,1.0,0.0,1.0,1.0,1.0,0.0,0.0,4.0,0.0,1.0,0.0,1.0,1.0,1.0,0.0,0.0,5.0,1.0,,0.0,
sachs,11,17,org,7816,5.154621579218656,70,16.0,0.3375,0.62354,0.14211999999999997,0.6625,0.62354,0.64246,6.4,30.4,16.0,0.0,0.9412,0.0,0.375,0.3529,0.3636,5.0,18.0,46.0,0.9998066283317137,1.0,0.9435318275154004,0.9709455890121501
sachs,11,17,org,3578,5.878884610719979,87,16.0,0.3625,0.6,0.15263999999999997,0.6375,0.6,0.61822,6.8,31.4,16.0,0.0,0.9412,0.0,0.125,0.1176,0.1212,1.0,3.0,46.0,0.9997713945560297,1.0,0.9237995824634656,0.9603906673901248
sachs,11,17,org,2656,4.759098715148866,59,16.0,0.3,0.6588399999999999,0.12634,0.7,0.6588399999999999,0.67882,5.8,28.4,16.0,0.0,0.9412,0.0,0.125,0.1176,0.1212,1.0,3.0,46.0,0.9997136104960985,0.9988751406074241,0.9477054429028815,0.972617743702081
sachs,11,17,org,2688,5.269129311200231,90,16.0,0.1125,0.8352999999999999,0.04734,0.8875,0.8352999999999999,0.8606200000000002,2.8,5.4,16.0,0.0,0.9412,0.0,0.125,0.1176,0.1212,1.0,1.0,40.0,0.9995524066269423,1.0,0.9216494845360824,0.9592274678111589
sachs,11,17,org,2494,6.069995305035263,109,16.0,0.1375,0.8117600000000001,0.05786,0.8625,0.8117600000000001,0.8363800000000001,3.2,13.2,16.0,0.0,0.9412,0.0,0.125,0.1176,0.1212,1.0,1.0,40.0,0.9992947085951163,1.0,0.9095427435387674,0.9526288391462779
sachs,11,17,org,183,5.743459412828088,83,16.0,0.15,0.8,0.06314,0.85,0.8,0.82426,3.4,11.4,16.0,0.0,0.9412,0.0,0.125,0.1176,0.1212,1.0,1.0,40.0,0.9998564876281841,1.0,0.9282786885245902,0.9628055260361318
sachs,11,17,org,7977,3.9396322700195014,34,16.0,0.3,0.65884,0.12633999999999998,0.7,0.65884,0.67882,5.8,28.4,16.0,0.0,0.9412,0.0,0.375,0.3529,0.3636,5.0,18.0,46.0,0.9998686340712988,0.9989316239316239,0.9780334728033473,0.9883720930232558
sachs,11,17,org,3199,3.7966452296823263,34,16.0,0.325,0.6353,0.13685999999999998,0.675,0.6353,0.6545799999999999,6.2,34.2,16.0,0.0,0.9412,0.0,0.125,0.1176,0.1212,1.0,3.0,46.0,0.9998535788485435,1.0,0.9764957264957265,0.988108108108108
sachs,11,17,org,316,5.9827228407375515,87,16.0,0.2125,0.74118,0.08945999999999998,0.7875,0.74118,0.76366,4.4,26.4,16.0,0.0,0.9412,0.0,0.125,0.1176,0.1212,1.0,3.0,46.0,0.9996492639161965,1.0,0.9222903885480572,0.9595744680851064
sachs,11,17,org,8266,5.665929228067398,88,17.0,0.12940000000000002,0.8705999999999999,0.05786,0.8705999999999999,0.8705999999999999,0.8705999999999999,2.2,10.2,17.0,0.0,1.0,0.0,0.1176,0.1176,0.1176,0.0,0.0,46.0,0.9996669197996195,1.0,0.9253279515640767,0.9612159329140461
sachs,11,17,org,1532,6.110046464949846,100,16.0,0.4125,0.55294,0.17368,0.5875,0.55294,0.56972,7.6,31.6,16.0,0.0,0.9412,0.0,0.125,0.1176,0.1212,1.0,1.0,40.0,0.9994207601466778,1.0,0.9124748490945674,0.9542346133613887
sachs,11,17,org,1009,5.461899165995419,101,17.0,0.2,0.8,0.08946,0.8,0.8,0.8,3.4,21.4,17.0,0.0,1.0,0.0,0.1176,0.1176,0.1176,0.0,0.0,46.0,0.9995732555595813,1.0,0.9105263157894737,0.9531680440771351
sachs,11,17,org,2250,6.187703393865377,98,16.0,0.4,0.5647,0.16842000000000001,0.6,0.5647,0.5818399999999999,7.4,41.4,16.0,0.0,0.9412,0.0,0.125,0.1176,0.1212,1.0,3.0,46.0,0.9996301449763225,1.0,0.9195046439628483,0.9580645161290322
sachs,11,17,org,4447,6.5410280167125165,124,17.0,0.44706,0.55294,0.19998,0.55294,0.55294,0.55294,7.6,39.6,17.0,0.0,1.0,0.0,0.1176,0.1176,0.1176,0.0,0.0,46.0,0.9992527354900083,1.0,0.8931750741839762,0.9435736677115988
sachs,11,17,org,2415,6.857932238839567,108,16.0,0.3375,0.62354,0.14212,0.6625,0.62354,0.64246,6.4,33.4,16.0,0.125,0.8234999999999999,0.0526,0.125,0.1176,0.1212,3.0,22.0,62.0,0.9997561454238129,1.0,0.9035897435897436,0.949353448275862
sachs,11,17,org,3595,3.69849172513932,28,16.0,0.4,0.5647,0.16842000000000001,0.6,0.5647,0.5818399999999999,7.4,36.4,16.0,0.0,0.9412,0.0,0.125,0.1176,0.1212,1.0,1.0,40.0,0.9998589831515974,0.9989594172736732,0.9815950920245399,0.9902011346054667
sachs,11,17,org,4187,6.057179155293852,91,16.0,0.475,0.49411999999999995,0.19998,0.525,0.49411999999999995,0.50908,8.6,37.6,16.0,0.0,0.9412,0.0,0.125,0.1176,0.1212,1.0,1.0,40.0,0.9997143264183058,1.0,0.9186652763295099,0.957608695652174
sachs,11,17,org,4135,4.8202744969166815,61,16.0,0.4,0.5647,0.16842000000000001,0.6,0.5647,0.58184,7.4,36.4,16.0,0.0,0.9412,0.0,0.375,0.3529,0.3636,5.0,18.0,46.0,0.9998918037473292,1.0,0.947906026557712,0.9732564237021499
sachs,11,17,org,5174,6.155735328793526,91,17.0,0.4,0.6,0.17894000000000002,0.6,0.6,0.6,6.8,39.4,17.0,0.0,1.0,0.0,0.1176,0.1176,0.1176,0.0,0.0,46.0,0.9997984791441634,0.9989082969432315,0.9168336673346693,0.9561128526645769
sachs,11,17,org,5303,4.5144423097372055,52,16.0,0.4,0.5647,0.16842000000000001,0.6,0.5647,0.5818399999999999,7.4,36.4,16.0,0.0,0.9412,0.0,0.125,0.1176,0.1212,1.0,1.0,40.0,0.999878333920091,1.0,0.9583333333333334,0.9787234042553191
sachs,11,17,org,3942,5.339956484735012,89,17.0,0.14116,0.85884,0.06314,0.85884,0.85884,0.85884,2.4,13.4,17.0,0.0,1.0,0.0,0.1176,0.1176,0.1176,0.0,0.0,46.0,0.9996326843908188,1.0,0.923155737704918,0.960042621204049
sachs,11,17,org,2778,3.4101357981562614,21,17.0,0.2,0.8,0.08946,0.8,0.8,0.8,3.4,18.4,17.0,0.0,1.0,0.0,0.1176,0.1176,0.1176,0.0,0.0,46.0,0.9999359235684689,0.9989669421487604,0.9897645854657113,0.994344473007712
sachs,11,17,org,2804,6.443446638062596,123,16.0,0.225,0.72942,0.09474,0.775,0.72942,0.75154,4.6,22.0,16.0,0.0,0.9412,0.0,0.125,0.1176,0.1212,1.0,3.0,46.0,0.9994120489149043,1.0,0.8941532258064516,0.9441192123469931
sachs,11,17,org,2145,5.382097505964339,77,17.0,0.1647,0.8352999999999999,0.07365999999999999,0.8352999999999999,0.8352999999999999,0.8352999999999999,2.8,8.4,17.0,0.0,1.0,0.0,0.1176,0.1176,0.1176,0.0,0.0,46.0,0.9997290367332959,1.0,0.9303534303534303,0.9639203015616585
sachs,11,17,org,150,4.997201615944505,71,16.0,0.2875,0.6706,0.12105999999999999,0.7125,0.6706,0.69094,5.6,27.6,16.0,0.0,0.9412,0.0,0.125,0.1176,0.1212,1.0,3.0,46.0,0.9998668893527062,1.0,0.9419354838709677,0.9700996677740864
sachs,11,17,org,8823,6.968385800719261,67,16.0,0.3375,0.62354,0.14212,0.6625,0.62354,0.64246,6.4,30.4,16.0,0.0,0.9412,0.0,0.125,0.1176,0.1212,1.0,3.0,46.0,0.9993458458072111,0.9957627118644068,0.9428284854563691,0.9685729005667182
sachs,11,17,org,4669,4.7814380819909275,64,16.0,0.2125,0.74118,0.08946,0.7875,0.74118,0.76366,4.4,21.4,16.0,0.0,0.9412,0.0,0.375,0.3529,0.3636,5.0,18.0,46.0,0.9996691100066333,0.9988439306358381,0.9432314410480349,0.970241437394722
sachs,11,17,org,6131,4.549448906444013,64,16.0,0.3,0.65884,0.12633999999999998,0.7,0.65884,0.67882,5.8,25.4,16.0,0.0,0.9412,0.0,0.125,0.1176,0.1212,1.0,1.0,40.0,0.9997744890853576,1.0,0.9458631256384066,0.9721784776902888
sachs,11,17,org,2617,4.040720341261476,37,16.0,0.2125,0.74118,0.08946,0.7875,0.74118,0.76366,4.4,21.4,16.0,0.0,0.9412,0.0,0.125,0.1176,0.1212,1.0,3.0,46.0,0.9998725004408252,0.9989495798319328,0.9733879222108496,0.9860031104199066
sachs,11,17,org,7166,5.632379120215774,79,16.0,0.2625,0.69414,0.11054,0.7375,0.69414,0.7151799999999999,5.2,27.2,16.0,0.0,0.9412,0.0,0.125,0.1176,0.1212,1.0,3.0,46.0,0.9998781760294304,1.0,0.9304703476482618,0.9639830508474576
sachs,11,17,org,1428,5.12021064106375,74,16.0,0.2125,0.74118,0.08945999999999998,0.7875,0.74118,0.76366,4.4,26.4,16.0,0.0,0.9412,0.0,0.125,0.1176,0.1212,1.0,3.0,46.0,0.9997987418642482,1.0,0.9344432882414152,0.9661108122646584
sachs,11,17,org,8328,3.9469809872098267,31,17.0,0.43529999999999996,0.5647,0.19472,0.5647,0.5647,0.5647,7.4,36.4,17.0,0.0,1.0,0.0,0.1176,0.1176,0.1176,0.0,0.0,46.0,0.9998932148670894,1.0,0.9799196787148594,0.9898580121703854
sachs,11,17,org,8289,4.690608451142907,57,17.0,0.51764,0.48236,0.23156,0.48236,0.48236,0.48236,8.8,41.4,17.0,0.0,1.0,0.0,0.1176,0.1176,0.1176,0.0,0.0,46.0,0.999822409480258,1.0,0.9568788501026694,0.9779643231899265
sachs,11,17,org,5978,5.5063628582283854,82,16.0,0.275,0.6823599999999999,0.11579999999999999,0.725,0.6823599999999999,0.70306,5.4,25.4,16.0,0.0,0.9412,0.0,0.125,0.1176,0.1212,1.0,1.0,40.0,0.9997720375918625,1.0,0.9293032786885246,0.9633563462559744
sachs,11,17,org,5511,4.711437437217683,60,16.0,0.2125,0.7411800000000001,0.08946,0.7875,0.7411800000000001,0.76366,4.4,26.4,16.0,0.0,0.9412,0.0,0.125,0.1176,0.1212,1.0,3.0,46.0,0.9998021100494414,1.0,0.9509906152241918,0.974879743452699
sachs,11,17,org,5864,4.26944460067898,43,17.0,0.4,0.6,0.17894000000000002,0.6,0.6,0.6,6.8,35.4,17.0,0.0,1.0,0.0,0.1176,0.1176,0.1176,0.0,0.0,46.0,0.9999020914331024,1.0,0.9662921348314607,0.9828571428571428
sachs,11,17,org,606,3.963507464621216,40,17.0,0.18824000000000002,0.8117599999999999,0.0842,0.8117599999999999,0.8117599999999999,0.8117599999999999,3.2,21.2,17.0,0.0,1.0,0.0,0.1176,0.1176,0.1176,0.0,0.0,46.0,0.9999547465352604,1.0,0.96760710553814,0.9835369091874667
sachs,11,17,org,1933,6.556486418005079,60,16.0,0.2375,0.7176600000000001,0.09999999999999999,0.7625,0.7176600000000001,0.7394200000000001,5.8,20.4,16.0,0.0625,0.8824,0.0263,0.125,0.1176,0.1212,3.0,6.0,45.0,0.9996953278279047,0.9989837398373984,0.954368932038835,0.9761668321747765
sachs,11,17,org,6071,5.2041898760944605,64,17.0,0.22354,0.77646,0.09999999999999999,0.77646,0.77646,0.77646,3.8,24.4,17.0,0.0,1.0,0.0,0.1176,0.1176,0.1176,0.0,0.0,46.0,0.9997399700015088,0.9989395546129375,0.9515151515151515,0.9746508018623901
sachs,11,17,org,5504,4.6679237727075815,63,16.0,0.4625,0.50588,0.19472000000000003,0.5375,0.50588,0.52122,8.4,37.4,16.0,0.0,0.9412,0.0,0.375,0.3529,0.3636,5.0,18.0,46.0,0.9998020619242792,1.0,0.9416058394160584,0.9699248120300751
sachs,11,17,org,5163,5.781566376797855,108,16.0,0.15,0.8,0.06314,0.85,0.8,0.82426,3.4,13.4,16.0,0.0,0.9412,0.0,0.125,0.1176,0.1212,1.0,1.0,40.0,0.9991769442722671,1.0,0.9083419155509783,0.951969778737183
sachs,11,17,org,2406,5.301578588783741,96,17.0,0.15294000000000002,0.8470600000000001,0.06839999999999999,0.8470600000000001,0.8470600000000001,0.8470600000000001,2.6,14.0,17.0,0.0,1.0,0.0,0.1176,0.1176,0.1176,0.0,0.0,46.0,0.9996780860566782,1.0,0.9154639175257732,0.9558665231431648
sachs,11,17,org,304,4.555258067790419,51,17.0,0.1647,0.8352999999999999,0.07365999999999999,0.8352999999999999,0.8352999999999999,0.8352999999999999,2.8,8.4,17.0,0.0,1.0,0.0,0.1176,0.1176,0.1176,0.0,0.0,46.0,0.9997894441342104,0.9989539748953975,0.9578736208625878,0.9779825908858167
sachs,11,17,org,3391,3.407300892751664,17,17.0,0.34116,0.65884,0.15264,0.65884,0.65884,0.65884,5.8,28.4,17.0,0.0,1.0,0.0,0.1176,0.1176,0.1176,0.0,0.0,46.0,0.9998639641443002,0.9949494949494949,0.9909456740442656,0.9929435483870968
sachs,11,17,org,359,6.008942324668169,93,16.0,0.4625,0.50588,0.19472000000000003,0.5375,0.50588,0.52122,8.4,42.4,16.0,0.0,0.9412,0.0,0.375,0.3529,0.3636,5.0,18.0,46.0,0.9996362985943746,0.9988623435722411,0.9164926931106472,0.9559063690800218
sachs,11,17,org,9096,5.039758543018252,80,16.0,0.2375,0.71766,0.09999999999999999,0.7625,0.71766,0.7394200000000001,4.8,27.4,16.0,0.0,0.9412,0.0,0.125,0.1176,0.1212,1.0,3.0,46.0,0.9996291377601816,1.0,0.9291666666666667,0.9632829373650108
sachs,11,17,org,3533,4.716808991972357,57,16.0,0.175,0.7764599999999999,0.07365999999999999,0.825,0.7764599999999999,0.80002,3.8,14.4,16.0,0.0,0.9412,0.0,0.125,0.1176,0.1212,1.0,3.0,46.0,0.9998627040141699,1.0,0.9519918283963228,0.9754055468341183
sachs,11,17,org,4125,4.181141228880733,45,16.0,0.2875,0.6706,0.12105999999999999,0.7125,0.6706,0.69094,5.6,28.6,16.0,0.0,0.9412,0.0,0.125,0.1176,0.1212,1.0,1.0,40.0,0.9997912871285215,1.0,0.9641760491299898,0.9817613340281397
sachs,11,17,org,3094,4.385175245348364,45,16.0,0.2125,0.7411800000000001,0.08946,0.7875,0.7411800000000001,0.76366,4.4,26.4,16.0,0.0,0.9412,0.0,0.125,0.1176,0.1212,1.0,3.0,46.0,0.999883890665902,0.998960498960499,0.9638916750250752,0.9811128126595201
sachs,11,17,org,6398,5.215770531911403,73,17.0,0.44706,0.55294,0.19998,0.55294,0.55294,0.55294,7.6,36.6,17.0,0.0,1.0,0.0,0.1176,0.1176,0.1176,0.0,0.0,46.0,0.9998394434543639,1.0,0.9385245901639344,0.9682875264270614
sachs,11,17,new,7816,4.537130440119654,70,16.0,0.15,0.8,0.06314,0.85,0.8,0.82426,3.4,11.2,16.0,0.0,0.9412,0.0,0.125,0.1176,0.1212,1.0,3.0,46.0,0.9998066283317137,1.0,0.9435318275154004,0.9709455890121501
sachs,11,17,new,3578,4.93952871998772,87,16.0,0.275,0.68236,0.11579999999999999,0.725,0.68236,0.70306,5.4,27.6,16.0,0.0,0.9412,0.0,0.125,0.1176,0.1212,1.0,3.0,46.0,0.9997713945560297,1.0,0.9237995824634656,0.9603906673901248
sachs,11,17,new,2656,4.121902282815427,59,16.0,0.15,0.8,0.06314,0.85,0.8,0.82426,3.4,11.2,16.0,0.0,0.9412,0.0,0.125,0.1176,0.1212,1.0,3.0,46.0,0.9997136104960985,0.9988751406074241,0.9477054429028815,0.972617743702081
sachs,11,17,new,2688,4.70082954922691,90,16.6,0.38456,0.6,0.16842000000000001,0.61544,0.6,0.6075,6.8,31.0,16.6,0.0,0.9764800000000001,0.0,0.12056,0.1176,0.11903999999999999,0.4,1.2,46.0,0.9995524066269423,1.0,0.9216494845360824,0.9592274678111589
sachs,11,17,new,2494,5.1622108169831336,109,17.0,0.24706,0.7529399999999999,0.11054,0.7529399999999999,0.7529399999999999,0.7529399999999999,4.2,24.4,17.0,0.0,1.0,0.0,0.1176,0.1176,0.1176,0.0,0.0,46.0,0.9992947085951163,1.0,0.9095427435387674,0.9526288391462779
sachs,11,17,new,183,4.892099434975535,83,16.8,0.17868,0.8117599999999999,0.07891999999999999,0.82132,0.8117599999999999,0.8164,3.2,14.8,16.8,0.0,0.98824,0.0,0.11907999999999999,0.1176,0.11832000000000001,0.2,0.6,46.0,0.9998564876281841,1.0,0.9282786885245902,0.9628055260361318
sachs,11,17,new,7977,3.4704330186359584,34,16.6,0.22868,0.7529399999999999,0.1,0.77132,0.7529399999999999,0.7618600000000001,4.2,25.2,16.6,0.0,0.9764800000000001,0.0,0.12056,0.1176,0.11904,0.4,1.2,46.0,0.9998686340712988,0.9989316239316239,0.9780334728033473,0.9883720930232558
sachs,11,17,new,3199,3.3260163539089262,34,16.0,0.325,0.6353,0.13684000000000002,0.675,0.6353,0.65458,6.2,29.6,16.0,0.0,0.9412,0.0,0.375,0.3529,0.3636,5.0,18.0,46.0,0.9998535788485435,1.0,0.9764957264957265,0.988108108108108
sachs,11,17,new,316,4.983020689338446,87,16.0,0.1625,0.7882399999999999,0.06839999999999999,0.8375,0.7882399999999999,0.8121400000000001,3.6,15.0,16.0,0.0,0.9412,0.0,0.125,0.1176,0.1212,1.0,3.0,46.0,0.9996492639161965,1.0,0.9222903885480572,0.9595744680851064
sachs,11,17,new,8266,4.792637934908271,88,17.0,0.18824000000000002,0.8117599999999999,0.08419999999999998,0.8117599999999999,0.8117599999999999,0.8117599999999999,3.2,14.2,17.0,0.0,1.0,0.0,0.1176,0.1176,0.1176,0.0,0.0,46.0,0.9996669197996195,1.0,0.9253279515640767,0.9612159329140461
sachs,11,17,new,1532,5.2772502498701215,100,16.8,0.17794,0.8117599999999999,0.07894,0.8220600000000001,0.8117599999999999,0.81676,3.2,14.4,16.8,0.0,0.98824,0.0,0.11907999999999999,0.1176,0.11832000000000001,0.2,0.6,46.0,0.9994207601466778,1.0,0.9124748490945674,0.9542346133613887
sachs,11,17,new,1009,4.689091133885086,101,17.0,0.2,0.8,0.08945999999999998,0.8,0.8,0.8,3.4,18.8,17.0,0.0,1.0,0.0,0.1176,0.1176,0.1176,0.0,0.0,46.0,0.9995732555595813,1.0,0.9105263157894737,0.9531680440771351
sachs,11,17,new,2250,5.235816954635084,98,17.0,0.12940000000000002,0.8705999999999999,0.05786,0.8705999999999999,0.8705999999999999,0.8705999999999999,2.2,6.8,17.0,0.0,1.0,0.0,0.1176,0.1176,0.1176,0.0,0.0,46.0,0.9996301449763225,1.0,0.9195046439628483,0.9580645161290322
sachs,11,17,new,4447,5.400331047363579,124,16.6,0.22868,0.7529399999999999,0.1,0.77132,0.7529399999999999,0.76186,4.2,20.2,16.6,0.0,0.9764800000000001,0.0,0.22056,0.21172,0.21599999999999997,2.0,7.2,46.0,0.9992527354900083,1.0,0.8931750741839762,0.9435736677115988
sachs,11,17,new,2415,5.6086782636120915,108,17.0,0.31764000000000003,0.68236,0.14211999999999997,0.68236,0.68236,0.68236,5.4,30.6,17.0,0.1176,0.8824,0.0526,0.1176,0.1176,0.1176,2.0,19.0,62.0,0.9997561454238129,1.0,0.9035897435897436,0.949353448275862
sachs,11,17,new,3595,3.298990633804351,28,17.0,0.18824000000000002,0.8117599999999999,0.08419999999999998,0.8117599999999999,0.8117599999999999,0.8117599999999999,3.2,17.2,17.0,0.0,1.0,0.0,0.1176,0.1176,0.1176,0.0,0.0,46.0,0.9998589831515974,0.9989594172736732,0.9815950920245399,0.9902011346054667
sachs,11,17,new,4187,4.7167143281549215,91,16.0,0.2125,0.74118,0.08946,0.7875,0.74118,0.76366,4.4,18.8,16.0,0.0,0.9412,0.0,0.125,0.1176,0.1212,1.0,3.0,46.0,0.9997143264183058,1.0,0.9186652763295099,0.957608695652174
sachs,11,17,new,4135,4.1882428880780935,61,17.0,0.36469999999999997,0.6353,0.16316000000000003,0.6353,0.6353,0.6353,6.2,29.2,17.0,0.0,1.0,0.0,0.1176,0.1176,0.1176,0.0,0.0,46.0,0.9998918037473292,1.0,0.947906026557712,0.9732564237021499
sachs,11,17,new,5174,5.165039454586804,91,16.0,0.3375,0.62354,0.14211999999999997,0.6625,0.62354,0.64246,6.4,29.8,16.0,0.0,0.9412,0.0,0.125,0.1176,0.1212,1.0,3.0,46.0,0.9997984791441634,0.9989082969432315,0.9168336673346693,0.9561128526645769
sachs,11,17,new,5303,3.7734027029946446,52,16.0,0.2625,0.69414,0.11054,0.7375,0.69414,0.7151799999999999,5.2,27.4,16.0,0.0,0.9412,0.0,0.125,0.1176,0.1212,1.0,3.0,46.0,0.999878333920091,1.0,0.9583333333333334,0.9787234042553191
sachs,11,17,new,3942,4.610101568046957,89,16.0,0.2,0.7529399999999999,0.08419999999999998,0.8,0.7529399999999999,0.7757799999999999,4.2,20.2,16.0,0.0,0.9412,0.0,0.125,0.1176,0.1212,1.0,3.0,46.0,0.9996326843908188,1.0,0.923155737704918,0.960042621204049
sachs,11,17,new,2778,3.1842183927074075,21,16.0,0.2625,0.69414,0.11054,0.7375,0.69414,0.71518,5.2,27.4,16.0,0.0,0.9412,0.0,0.125,0.1176,0.1212,1.0,3.0,46.0,0.9999359235684689,0.9989669421487604,0.9897645854657113,0.994344473007712
sachs,11,17,new,2804,5.3498902609571815,123,16.4,0.2794,0.6941399999999999,0.12105999999999999,0.7205999999999999,0.6941399999999999,0.7069799999999999,5.2,27.8,16.4,0.0,0.9647200000000001,0.0,0.12204,0.1176,0.11976,0.6,1.8,46.0,0.9994120489149043,1.0,0.8941532258064516,0.9441192123469931
sachs,11,17,new,2145,4.596594978123903,77,16.0,0.2625,0.69414,0.11054,0.7375,0.69414,0.7151799999999999,5.2,25.2,16.0,0.0,0.9412,0.0,0.375,0.3529,0.3636,5.0,18.0,46.0,0.9997290367332959,1.0,0.9303534303534303,0.9639203015616585
sachs,11,17,new,150,4.1664409399963915,71,17.0,0.2,0.8,0.08945999999999998,0.8,0.8,0.8,3.4,15.8,17.0,0.0,1.0,0.0,0.1176,0.1176,0.1176,0.0,0.0,46.0,0.9998668893527062,1.0,0.9419354838709677,0.9700996677740864
sachs,11,17,new,8823,5.575541956350207,67,17.0,0.12940000000000002,0.8705999999999999,0.05786,0.8705999999999999,0.8705999999999999,0.8705999999999999,2.2,6.8,17.0,0.0,1.0,0.0,0.1176,0.1176,0.1176,0.0,0.0,46.0,0.9993458458072111,0.9957627118644068,0.9428284854563691,0.9685729005667182
sachs,11,17,new,4669,3.890109477099031,64,17.0,0.25882,0.7411800000000001,0.11579999999999999,0.7411800000000001,0.7411800000000001,0.7411800000000001,4.4,23.8,17.0,0.0,1.0,0.0,0.1176,0.1176,0.1176,0.0,0.0,46.0,0.9996691100066333,0.9988439306358381,0.9432314410480349,0.970241437394722
sachs,11,17,new,6131,3.874033231753856,64,17.0,0.18824,0.8117599999999999,0.08420000000000001,0.8117599999999999,0.8117599999999999,0.8117599999999999,3.2,14.2,17.0,0.0,1.0,0.0,0.1176,0.1176,0.1176,0.0,0.0,46.0,0.9997744890853576,1.0,0.9458631256384066,0.9721784776902888
sachs,11,17,new,2617,3.583837830927223,37,16.4,0.3169,0.6588399999999999,0.13686,0.6830999999999999,0.6588399999999999,0.67062,5.8,28.0,16.4,0.0,0.9647200000000001,0.0,0.12204,0.1176,0.11976,0.6,1.8,46.0,0.9998725004408252,0.9989495798319328,0.9733879222108496,0.9860031104199066
sachs,11,17,new,7166,4.635823350865394,79,17.0,0.17646,0.82354,0.07894,0.82354,0.82354,0.82354,3.0,13.0,17.0,0.0,1.0,0.0,0.1176,0.1176,0.1176,0.0,0.0,46.0,0.9998781760294304,1.0,0.9304703476482618,0.9639830508474576
sachs,11,17,new,1428,4.340169759001583,74,17.0,0.27058,0.72942,0.12105999999999999,0.72942,0.72942,0.72942,4.6,23.0,17.0,0.0,1.0,0.0,0.1176,0.1176,0.1176,0.0,0.0,46.0,0.9997987418642482,1.0,0.9344432882414152,0.9661108122646584
sachs,11,17,new,8328,3.4144610948860645,31,16.0,0.2,0.75294,0.0842,0.8,0.75294,0.77578,4.2,17.2,16.0,0.0,0.9412,0.0,0.125,0.1176,0.1212,1.0,3.0,46.0,0.9998932148670894,1.0,0.9799196787148594,0.9898580121703854
sachs,11,17,new,8289,3.9055589120835066,57,16.0,0.2125,0.74118,0.08946,0.7875,0.74118,0.76366,4.4,18.8,16.0,0.0,0.9412,0.0,0.125,0.1176,0.1212,1.0,3.0,46.0,0.999822409480258,1.0,0.9568788501026694,0.9779643231899265
sachs,11,17,new,5978,4.82979144109413,82,16.8,0.34486,0.64706,0.15261999999999998,0.6551400000000001,0.64706,0.65098,6.0,28.0,16.8,0.0,0.98824,0.0,0.11907999999999999,0.1176,0.11832000000000001,0.2,0.6,46.0,0.9997720375918625,1.0,0.9293032786885246,0.9633563462559744
sachs,11,17,new,5511,3.924965627025813,60,16.4,0.3544,0.62354,0.15264000000000003,0.6456,0.62354,0.6342599999999999,6.4,29.8,16.4,0.0,0.96472,0.0,0.27203999999999995,0.25877999999999995,0.2652,3.0,10.8,46.0,0.9998021100494414,1.0,0.9509906152241918,0.974879743452699
sachs,11,17,new,5864,3.702295203693211,43,17.0,0.2,0.8,0.08945999999999998,0.8,0.8,0.8,3.4,18.8,17.0,0.0,1.0,0.0,0.1176,0.1176,0.1176,0.0,0.0,46.0,0.9999020914331024,1.0,0.9662921348314607,0.9828571428571428
sachs,11,17,new,606,3.5245822463184595,40,16.6,0.16838000000000003,0.8117599999999999,0.07365999999999999,0.83162,0.8117599999999999,0.8214,3.2,12.2,16.6,0.0,0.9764800000000001,0.0,0.12056,0.1176,0.11903999999999999,0.4,1.2,46.0,0.9999547465352604,1.0,0.96760710553814,0.9835369091874667
sachs,11,17,new,1933,5.597296589054167,60,16.0,0.2625,0.69414,0.11054,0.7375,0.69414,0.71518,5.2,27.4,16.0,0.0,0.9412,0.0,0.125,0.1176,0.1212,1.0,3.0,46.0,0.9996953278279047,0.9989837398373984,0.954368932038835,0.9761668321747765
sachs,11,17,new,6071,4.397895258851349,64,16.2,0.23456000000000002,0.72942,0.09999999999999999,0.76544,0.72942,0.7469,4.6,25.0,16.2,0.0,0.95296,0.0,0.12351999999999999,0.1176,0.12047999999999999,0.8,2.4,46.0,0.9997399700015088,0.9989395546129375,0.9515151515151515,0.9746508018623901
sachs,11,17,new,5504,3.8671514079906046,63,17.0,0.14116,0.85884,0.06314,0.85884,0.85884,0.85884,2.4,8.2,17.0,0.0,1.0,0.0,0.1176,0.1176,0.1176,0.0,0.0,46.0,0.9998020619242792,1.0,0.9416058394160584,0.9699248120300751
sachs,11,17,new,5163,4.972942311316729,108,16.4,0.17132,0.8,0.07365999999999999,0.82868,0.8,0.8139200000000001,3.4,12.8,16.4,0.0,0.9647200000000001,0.0,0.12204,0.1176,0.11976,0.6,1.8,46.0,0.9991769442722671,1.0,0.9083419155509783,0.951969778737183
sachs,11,17,new,2406,4.437085885088891,96,16.0,0.225,0.72942,0.09474,0.775,0.72942,0.7515400000000001,4.6,21.4,16.0,0.0,0.9412,0.0,0.125,0.1176,0.1212,1.0,3.0,46.0,0.9996780860566782,1.0,0.9154639175257732,0.9558665231431648
sachs,11,17,new,304,3.8024736349470913,51,16.4,0.17132,0.8,0.07365999999999999,0.82868,0.8,0.8139200000000001,3.4,19.8,16.4,0.0,0.96472,0.0,0.12204,0.1176,0.11976,0.6,1.8,46.0,0.9997894441342104,0.9989539748953975,0.9578736208625878,0.9779825908858167
sachs,11,17,new,3391,3.1003020741045475,17,17.0,0.18824000000000002,0.8117599999999999,0.08419999999999998,0.8117599999999999,0.8117599999999999,0.8117599999999999,3.2,20.4,17.0,0.0,1.0,0.0,0.1176,0.1176,0.1176,0.0,0.0,46.0,0.9998639641443002,0.9949494949494949,0.9909456740442656,0.9929435483870968
sachs,11,17,new,359,4.918774571735412,93,16.0,0.3,0.65884,0.12633999999999998,0.7,0.65884,0.67882,5.8,27.6,16.0,0.0,0.9412,0.0,0.375,0.3529,0.3636,5.0,18.0,46.0,0.9996362985943746,0.9988623435722411,0.9164926931106472,0.9559063690800218
sachs,11,17,new,9096,4.346965939737856,80,17.0,0.18824000000000002,0.8117599999999999,0.08419999999999998,0.8117599999999999,0.8117599999999999,0.8117599999999999,3.2,20.4,17.0,0.0,1.0,0.0,0.1176,0.1176,0.1176,0.0,0.0,46.0,0.9996291377601816,1.0,0.9291666666666667,0.9632829373650108
sachs,11,17,new,3533,3.8423198089003563,57,17.0,0.2,0.8,0.08945999999999998,0.8,0.8,0.8,3.4,18.8,17.0,0.0,1.0,0.0,0.1176,0.1176,0.1176,0.0,0.0,46.0,0.9998627040141699,1.0,0.9519918283963228,0.9754055468341183
sachs,11,17,new,4125,3.699467749800533,45,16.4,0.30735999999999997,0.67058,0.13157999999999997,0.69264,0.67058,0.6813,5.6,26.2,16.4,0.0,0.96472,0.0,0.12204,0.1176,0.11976,0.6,1.8,46.0,0.9997912871285215,1.0,0.9641760491299898,0.9817613340281397
sachs,11,17,new,3094,3.885226229671389,45,17.0,0.18824000000000002,0.8117599999999999,0.08419999999999998,0.8117599999999999,0.8117599999999999,0.8117599999999999,3.2,20.4,17.0,0.0,1.0,0.0,0.1176,0.1176,0.1176,0.0,0.0,46.0,0.999883890665902,0.998960498960499,0.9638916750250752,0.9811128126595201
sachs,11,17,new,6398,4.261177434120327,73,16.0,0.2625,0.69414,0.11054,0.7375,0.69414,0.7151799999999999,5.2,27.4,16.0,0.0,0.9412,0.0,0.125,0.1176,0.1212,1.0,3.0,46.0,0.9998394434543639,1.0,0.9385245901639344,0.9682875264270614
