dataset,num_nodes,num_edges,impl,seed,time,remove_n,dag_nnz,dag_fdr,dag_tpr,dag_fpr,dag_precision,dag_recall,dag_F1,dag_shd,dag_sid,cpdag_nnz,cpdag_fdr,cpdag_tpr,cpdag_fpr,cpdag_precision,cpdag_recall,cpdag_F1,cpdag_shd,cpdag_sid_low,cpdag_sid_high,AP,CIT_Precision,CIT_Recall,CIT_F1
asia,8,8,org,7816,0.2567763300612569,137,4.0,0.3,0.35,0.06000000000000001,0.7,0.35,0.46665999999999996,5.2,23.8,4.0,0.0,0.5,0.0,0.25,0.125,0.1667,6.0,16.0,31.0,0.9715343178921663,1.0,0.023255813953488372,0.04545454545454545
asia,8,8,org,3578,0.25514904502779245,131,5.0,0.2,0.5,0.05,0.8,0.5,0.6154,4.0,21.0,5.0,0.0,0.625,0.0,0.6,0.375,0.4615,4.0,14.0,24.0,0.9751088465006925,1.0,0.02459016393442623,0.048
asia,8,8,org,2656,0.2979207360185683,154,5.0,0.2,0.5,0.05,0.8,0.5,0.615375,4.0,20.0,5.0,0.0,0.625,0.0,0.6,0.375,0.4615,4.0,14.0,24.0,0.9778476574151513,1.0,0.02127659574468085,0.04166666666666667
asia,8,8,org,2688,0.2522815279662609,131,5.0,0.2,0.5,0.05,0.8,0.5,0.6154,4.0,21.0,5.0,0.0,0.625,0.0,0.6,0.375,0.4615,4.0,14.0,24.0,0.9743271833845781,1.0,0.024793388429752067,0.048387096774193554
asia,8,8,org,2494,0.2704541999846697,137,5.0,0.4000000000000001,0.375,0.10000000000000002,0.6,0.375,0.4615333333333333,5.0,27.666666666666668,5.0,0.0,0.625,0.0,0.20000000000000004,0.125,0.1538,6.0,22.0,37.0,0.9725753142927356,1.0,0.0234375,0.04580152671755725
asia,8,8,org,183,0.28840517438948154,146,5.0,0.0,0.625,0.0,1.0,0.625,0.7692,3.0,14.0,5.0,0.0,0.625,0.0,0.6,0.375,0.4615,4.0,14.0,24.0,0.9738907369153766,1.0,0.028985507246376812,0.05633802816901409
asia,8,8,org,7977,0.29943516524508595,147,6.0,0.3333,0.5,0.1,0.6667,0.5,0.5714,4.0,25.0,6.0,0.0,0.75,0.0,0.6667,0.5,0.5714,3.0,13.0,28.0,0.974617931803113,1.0,0.028169014084507043,0.05479452054794521
asia,8,8,org,3199,0.31596271274611354,156,6.0,0.3333,0.5,0.1,0.6667,0.5,0.5714,4.0,25.0,6.0,0.0,0.75,0.0,0.6667,0.5,0.5714,3.0,13.0,28.0,0.9787014775164187,1.0,0.02702702702702703,0.052631578947368425
asia,8,8,org,316,0.24876910308375955,122,4.0,0.25,0.375,0.05,0.75,0.375,0.5,5.0,25.0,4.0,0.25,0.375,0.05,0.5,0.25,0.3333,7.0,25.0,35.0,0.9679662933107962,1.0,0.01818181818181818,0.03571428571428572
asia,8,8,org,8266,0.2755861687473953,137,5.0,0.0,0.625,0.0,1.0,0.625,0.7692,3.0,14.0,5.0,0.0,0.625,0.0,0.6,0.375,0.4615,4.0,14.0,24.0,0.9739595239131817,1.0,0.0234375,0.04580152671755725
asia,8,8,org,1532,0.26028746366500854,131,5.0,0.2,0.5,0.05,0.8,0.5,0.615375,4.0,20.0,5.0,0.0,0.625,0.0,0.6,0.375,0.4615,4.0,14.0,24.0,0.974349323952413,1.0,0.02459016393442623,0.048
asia,8,8,org,1009,0.29034065175801516,142,5.0,0.2,0.5,0.05,0.8,0.5,0.6154,4.0,21.0,5.0,0.0,0.625,0.0,0.8,0.5,0.6154,4.0,16.0,31.0,0.9751396451517707,1.0,0.022556390977443608,0.04411764705882353
asia,8,8,org,2250,0.28373787738382816,141,6.0,0.3333,0.5,0.1,0.6667,0.5,0.5714,4.0,25.0,6.0,0.0,0.75,0.0,0.6667,0.5,0.5714,3.0,13.0,28.0,0.9735676345236851,1.0,0.029197080291970802,0.05673758865248227
asia,8,8,org,4447,0.2854044190607965,141,6.0,0.333325,0.5,0.1,0.666675,0.5,0.571425,4.0,24.0,6.0,0.0,0.75,0.0,0.6667,0.5,0.5714,3.0,13.0,28.0,0.9759763014410409,1.0,0.02962962962962963,0.05755395683453238
asia,8,8,org,2415,0.3251640573143959,158,6.0,0.333325,0.5,0.1,0.666675,0.5,0.571425,4.0,24.0,6.0,0.0,0.75,0.0,0.6667,0.5,0.5714,3.0,13.0,28.0,0.9768136524384635,1.0,0.0273972602739726,0.05333333333333332
asia,8,8,org,3595,0.27483854815363884,137,5.0,0.0,0.625,0.0,1.0,0.625,0.7692,3.0,14.0,5.0,0.0,0.625,0.0,0.6,0.375,0.4615,4.0,14.0,24.0,0.9745745447959278,1.0,0.023622047244094488,0.046153846153846156
asia,8,8,org,4187,0.2660189541056752,132,5.0,0.4,0.375,0.1,0.6,0.375,0.4615,5.0,29.0,5.0,0.0,0.625,0.0,0.2,0.125,0.1538,6.0,22.0,37.0,0.9735665921668942,1.0,0.024193548387096774,0.047244094488188976
asia,8,8,org,4135,0.2780307177454233,137,5.0,0.30000000000000004,0.4375,0.07500000000000001,0.7,0.4375,0.53845,4.5,22.5,5.0,0.0,0.625,0.0,0.6,0.375,0.4615,4.0,14.0,24.0,0.9744891687266788,1.0,0.023255813953488372,0.04545454545454545
asia,8,8,org,5174,0.2644771342165768,131,4.0,0.25,0.375,0.05,0.75,0.375,0.5,5.0,23.0,4.0,0.0,0.5,0.0,0.25,0.125,0.1667,6.0,16.0,31.0,0.9736964758511624,1.0,0.02459016393442623,0.048
asia,8,8,org,5303,0.2835730258375406,143,5.0,0.2,0.5,0.05,0.8,0.5,0.6154,4.0,21.0,5.0,0.0,0.625,0.0,0.6,0.375,0.4615,4.0,14.0,24.0,0.9740850861235408,1.0,0.022388059701492536,0.043795620437956206
asia,8,8,org,3942,0.30152318719774485,149,6.0,0.3333,0.5,0.1,0.6667,0.5,0.5714,4.0,25.0,6.0,0.0,0.75,0.0,0.6667,0.5,0.5714,3.0,13.0,28.0,0.9751427889189663,1.0,0.034482758620689655,0.06666666666666667
asia,8,8,org,2778,0.2662786263972521,137,5.0,0.1,0.5625,0.025,0.9,0.5625,0.6922999999999999,3.5,17.5,5.0,0.0,0.625,0.0,0.6,0.375,0.4615,4.0,14.0,24.0,0.9728482970272934,1.0,0.023076923076923078,0.04511278195488722
asia,8,8,org,2804,0.29020071402192116,141,5.0,0.2,0.5,0.05,0.8,0.5,0.615375,4.0,20.0,5.0,0.0,0.625,0.0,0.6,0.375,0.4615,4.0,14.0,24.0,0.9734015327344092,1.0,0.03007518796992481,0.058394160583941604
asia,8,8,org,2145,0.2673723860643804,137,4.0,0.5,0.25,0.1,0.5,0.25,0.3333,6.0,31.0,4.0,0.0,0.5,0.0,0.25,0.125,0.1667,6.0,16.0,31.0,0.9757245770763252,1.0,0.023076923076923078,0.04511278195488722
asia,8,8,org,150,0.3091856949031353,154,6.0,0.333325,0.5,0.1,0.666675,0.5,0.571425,4.0,24.0,6.0,0.0,0.75,0.0,0.6667,0.5,0.5714,3.0,13.0,28.0,0.9762792263606341,1.0,0.020833333333333332,0.04081632653061225
asia,8,8,org,8823,0.2659162818454206,137,5.0,0.1,0.5625,0.025,0.9,0.5625,0.6922999999999999,3.5,17.5,5.0,0.0,0.625,0.0,0.6,0.375,0.4615,4.0,14.0,24.0,0.971355702909668,1.0,0.0234375,0.04580152671755725
asia,8,8,org,4669,0.26791175501421094,137,5.0,0.2,0.5,0.05,0.8,0.5,0.6154,4.0,22.0,5.0,0.0,0.625,0.0,0.2,0.125,0.1538,6.0,22.0,37.0,0.9703885351474562,1.0,0.023076923076923078,0.04511278195488722
asia,8,8,org,6131,0.27391743287444115,137,4.0,0.0,0.5,0.0,1.0,0.5,0.6667,4.0,16.0,4.0,0.0,0.5,0.0,0.25,0.125,0.1667,6.0,16.0,31.0,0.9722699022590857,1.0,0.023255813953488372,0.04545454545454545
asia,8,8,org,2617,0.2475743149407208,122,3.0,0.3333,0.25,0.05,0.6667,0.25,0.3636,6.0,29.0,3.0,0.0,0.375,0.0,0.3333,0.125,0.1818,7.0,21.0,39.0,0.9692237226640446,1.0,0.01818181818181818,0.03571428571428572
asia,8,8,org,7166,0.25880344305187464,131,5.0,0.2,0.5,0.05,0.8,0.5,0.6154,4.0,21.0,5.0,0.0,0.625,0.0,0.6,0.375,0.4615,4.0,14.0,24.0,0.9735191182263073,1.0,0.02459016393442623,0.048
asia,8,8,org,1428,0.2905064760707319,143,5.0,0.0,0.625,0.0,1.0,0.625,0.7692,3.0,14.0,5.0,0.0,0.625,0.0,0.6,0.375,0.4615,4.0,14.0,24.0,0.9757456476966861,1.0,0.022556390977443608,0.04411764705882353
asia,8,8,org,8328,0.25900854310020804,132,5.0,0.0,0.625,0.0,1.0,0.625,0.7692,3.0,14.0,5.0,0.0,0.625,0.0,0.6,0.375,0.4615,4.0,14.0,24.0,0.9739785627911537,1.0,0.01639344262295082,0.03225806451612903
asia,8,8,org,8289,0.2810624958947301,137,5.0,0.2,0.5,0.05,0.8,0.5,0.6154,4.0,21.0,5.0,0.0,0.625,0.0,0.6,0.375,0.4615,4.0,14.0,24.0,0.9726080461287879,1.0,0.023255813953488372,0.04545454545454545
asia,8,8,org,5978,0.27221234422177076,136,5.0,0.2,0.5,0.05,0.8,0.5,0.6154,4.0,21.0,5.0,0.0,0.625,0.0,0.6,0.375,0.4615,4.0,14.0,24.0,0.9698645958611736,1.0,0.024,0.046875
asia,8,8,org,5511,0.29122326988726854,149,5.0,0.2,0.5,0.05,0.8,0.5,0.6154,4.0,22.0,5.0,0.0,0.625,0.0,0.2,0.125,0.1538,6.0,22.0,37.0,0.9744885048822706,1.0,0.02127659574468085,0.04166666666666667
asia,8,8,org,5864,0.336727156303823,169,5.5,0.36665000000000003,0.4375,0.1,0.63335,0.4375,0.5164500000000001,5.5,27.5,5.5,0.28335,0.5,0.07500000000000001,0.45,0.3125,0.36815,5.5,20.0,28.5,0.9776642941630974,1.0,0.0196078431372549,0.038461538461538464
asia,8,8,org,606,0.2714523021131754,137,4.0,0.0,0.5,0.0,1.0,0.5,0.6667,4.0,16.0,4.0,0.0,0.5,0.0,0.25,0.125,0.1667,6.0,16.0,31.0,0.9729583078915658,1.0,0.023622047244094488,0.046153846153846156
asia,8,8,org,1933,0.2541880179196596,129,6.0,0.1667,0.625,0.05,0.8333,0.625,0.7143,3.0,18.0,6.0,0.0,0.75,0.0,0.6667,0.5,0.5714,3.0,13.0,28.0,0.972916398768384,1.0,0.03333333333333333,0.06451612903225806
asia,8,8,org,6071,0.31588478526100516,146,5.0,0.2,0.5,0.05,0.8,0.5,0.6154,4.0,21.0,5.0,0.0,0.625,0.0,0.6,0.375,0.4615,4.0,14.0,24.0,0.9764537842671701,1.0,0.022727272727272728,0.044444444444444446
asia,8,8,org,5504,0.3261492387391627,161,5.0,0.4000000000000001,0.375,0.10000000000000002,0.6,0.375,0.4615333333333333,5.0,27.666666666666668,5.0,0.0,0.625,0.0,0.20000000000000004,0.125,0.1538,6.0,22.0,37.0,0.976257796956143,0.5,0.006578947368421052,0.012987012987012988
asia,8,8,org,5163,0.28642136976122856,142,4.0,0.0,0.5,0.0,1.0,0.5,0.6667,4.0,16.0,4.0,0.0,0.5,0.0,0.25,0.125,0.1667,6.0,16.0,31.0,0.9747294873695717,1.0,0.015503875968992248,0.030534351145038167
asia,8,8,org,2406,0.2876744158565998,143,4.0,0.5,0.25,0.1,0.5,0.25,0.3333,6.0,31.0,4.0,0.0,0.5,0.0,0.25,0.125,0.1667,6.0,16.0,31.0,0.9766019414751493,1.0,0.022727272727272728,0.044444444444444446
asia,8,8,org,304,0.3042708239518106,148,6.0,0.1667,0.625,0.05,0.8333,0.625,0.7143,3.0,19.0,6.0,0.0,0.75,0.0,0.6667,0.5,0.5714,3.0,13.0,28.0,0.9745483669811307,1.0,0.02142857142857143,0.04195804195804196
asia,8,8,org,3391,0.34302602941170335,173,5.0,0.2,0.5,0.05,0.8,0.5,0.615375,4.0,20.0,5.0,0.0,0.625,0.0,0.6,0.375,0.4615,4.0,14.0,24.0,0.974329791559835,1.0,0.0189873417721519,0.03726708074534161
asia,8,8,org,359,0.27077313838526607,134,6.0,0.1667,0.625,0.05,0.8333,0.625,0.7143,3.0,18.0,6.0,0.0,0.75,0.0,0.6667,0.5,0.5714,3.0,13.0,28.0,0.9731891242177105,1.0,0.031746031746031744,0.06153846153846154
asia,8,8,org,9096,0.2742925682105124,137,4.0,0.16666666666666666,0.4166666666666667,0.03333333333333333,0.8333333333333334,0.4166666666666667,0.5555666666666667,4.666666666666667,20.666666666666668,4.0,0.0,0.5,0.0,0.25,0.125,0.1667,6.0,16.0,31.0,0.9745030363062999,1.0,0.023809523809523808,0.046511627906976744
asia,8,8,org,3533,0.2435723738744855,121,5.0,0.0,0.625,0.0,1.0,0.625,0.7692,3.0,14.0,5.0,0.0,0.625,0.0,0.6,0.375,0.4615,4.0,14.0,24.0,0.9723647754068142,1.0,0.02702702702702703,0.052631578947368425
asia,8,8,org,4125,0.297650882974267,152,5.0,0.2,0.5,0.05,0.8,0.5,0.6154,4.0,21.0,5.0,0.0,0.625,0.0,0.6,0.375,0.4615,4.0,14.0,24.0,0.9760801912760644,1.0,0.02112676056338028,0.041379310344827586
asia,8,8,org,3094,0.2515420140698552,124,5.0,0.5,0.3125,0.125,0.5,0.3125,0.3846,5.5,33.0,5.0,0.0,0.625,0.0,0.2,0.125,0.1538,6.0,22.0,37.0,0.9702379098783259,1.0,0.02631578947368421,0.05128205128205127
asia,8,8,org,6398,0.31525177927687764,152,6.0,0.6667,0.25,0.2,0.3333,0.25,0.2857,7.0,36.0,6.0,0.3333,0.5,0.1,0.3333,0.25,0.2857,7.0,21.0,36.0,0.9674197749484527,1.0,0.02857142857142857,0.05555555555555556
asia,8,8,new,7816,0.2650180049240589,137,5.0,0.0,0.625,0.0,1.0,0.625,0.7692,3.0,14.0,5.0,0.0,0.625,0.0,0.6,0.375,0.4615,4.0,14.0,24.0,0.9715343178921663,1.0,0.023255813953488372,0.04545454545454545
asia,8,8,new,3578,0.2435992080718279,131,5.0,0.0,0.625,0.0,1.0,0.625,0.7692,3.0,14.0,5.0,0.0,0.625,0.0,0.6,0.375,0.4615,4.0,14.0,24.0,0.9751088465006925,1.0,0.02459016393442623,0.048
asia,8,8,new,2656,0.28275570925325155,154,5.0,0.0,0.625,0.0,1.0,0.625,0.7692,3.0,14.0,5.0,0.0,0.625,0.0,0.6,0.375,0.4615,4.0,14.0,24.0,0.9778476574151513,1.0,0.02127659574468085,0.04166666666666667
asia,8,8,new,2688,0.24716111505404115,131,5.0,0.0,0.625,0.0,1.0,0.625,0.7692,3.0,14.0,5.0,0.0,0.625,0.0,0.6,0.375,0.4615,4.0,14.0,24.0,0.9743271833845781,1.0,0.024793388429752067,0.048387096774193554
asia,8,8,new,2494,0.2534301341511309,137,5.0,0.0,0.625,0.0,1.0,0.625,0.7692,3.0,14.0,5.0,0.0,0.625,0.0,0.6,0.375,0.4615,4.0,14.0,24.0,0.9725753142927356,1.0,0.0234375,0.04580152671755725
asia,8,8,new,183,0.283326359000057,146,5.0,0.0,0.625,0.0,1.0,0.625,0.7692,3.0,14.0,5.0,0.0,0.625,0.0,0.6,0.375,0.4615,4.0,14.0,24.0,0.9738907369153766,1.0,0.028985507246376812,0.05633802816901409
asia,8,8,new,7977,0.28529408294707537,147,6.0,0.0,0.75,0.0,1.0,0.75,0.8571,2.0,13.0,6.0,0.0,0.75,0.0,0.6667,0.5,0.5714,3.0,13.0,28.0,0.974617931803113,1.0,0.028169014084507043,0.05479452054794521
asia,8,8,new,3199,0.29921868024393916,156,6.0,0.0,0.75,0.0,1.0,0.75,0.8571,2.0,13.0,6.0,0.0,0.75,0.0,0.6667,0.5,0.5714,3.0,13.0,28.0,0.9787014775164187,1.0,0.02702702702702703,0.052631578947368425
asia,8,8,new,316,0.23454182501882315,122,5.0,0.0,0.625,0.0,1.0,0.625,0.7692,3.0,14.0,5.0,0.0,0.625,0.0,0.6,0.375,0.4615,4.0,14.0,24.0,0.9679662933107962,1.0,0.01818181818181818,0.03571428571428572
asia,8,8,new,8266,0.2653976590372622,137,5.0,0.0,0.625,0.0,1.0,0.625,0.7692,3.0,14.0,5.0,0.0,0.625,0.0,0.6,0.375,0.4615,4.0,14.0,24.0,0.9739595239131817,1.0,0.0234375,0.04580152671755725
asia,8,8,new,1532,0.2464866368100047,131,5.0,0.0,0.625,0.0,1.0,0.625,0.7692,3.0,14.0,5.0,0.0,0.625,0.0,0.6,0.375,0.4615,4.0,14.0,24.0,0.974349323952413,1.0,0.02459016393442623,0.048
asia,8,8,new,1009,0.2676733760163188,142,6.0,0.0,0.75,0.0,1.0,0.75,0.8571,2.0,13.0,6.0,0.0,0.75,0.0,0.6667,0.5,0.5714,3.0,13.0,28.0,0.9751396451517707,1.0,0.022556390977443608,0.04411764705882353
asia,8,8,new,2250,0.28541090292856097,141,6.0,0.0,0.75,0.0,1.0,0.75,0.8571,2.0,13.0,6.0,0.0,0.75,0.0,0.6667,0.5,0.5714,3.0,13.0,28.0,0.9735676345236851,1.0,0.029197080291970802,0.05673758865248227
asia,8,8,new,4447,0.2735685049556196,141,6.0,0.0,0.75,0.0,1.0,0.75,0.8571,2.0,13.0,6.0,0.0,0.75,0.0,0.6667,0.5,0.5714,3.0,13.0,28.0,0.9759763014410409,1.0,0.02962962962962963,0.05755395683453238
asia,8,8,new,2415,0.306447871029377,158,6.0,0.0,0.75,0.0,1.0,0.75,0.8571,2.0,13.0,6.0,0.0,0.75,0.0,0.6667,0.5,0.5714,3.0,13.0,28.0,0.9768136524384635,1.0,0.0273972602739726,0.05333333333333332
asia,8,8,new,3595,0.2601975351572037,137,5.0,0.0,0.625,0.0,1.0,0.625,0.7692,3.0,14.0,5.0,0.0,0.625,0.0,0.6,0.375,0.4615,4.0,14.0,24.0,0.9745745447959278,1.0,0.023622047244094488,0.046153846153846156
asia,8,8,new,4187,0.2549503371119499,132,5.0,0.0,0.625,0.0,1.0,0.625,0.7692,3.0,14.0,5.0,0.0,0.625,0.0,0.6,0.375,0.4615,4.0,14.0,24.0,0.9735665921668942,1.0,0.024193548387096774,0.047244094488188976
asia,8,8,new,4135,0.26107120467349887,137,5.0,0.0,0.625,0.0,1.0,0.625,0.7692,3.0,14.0,5.0,0.0,0.625,0.0,0.6,0.375,0.4615,4.0,14.0,24.0,0.9744891687266788,1.0,0.023255813953488372,0.04545454545454545
asia,8,8,new,5174,0.2495064800605178,131,5.0,0.0,0.625,0.0,1.0,0.625,0.7692,3.0,14.0,5.0,0.0,0.625,0.0,0.6,0.375,0.4615,4.0,14.0,24.0,0.9736964758511624,1.0,0.02459016393442623,0.048
asia,8,8,new,5303,0.2739132698625326,143,5.0,0.0,0.625,0.0,1.0,0.625,0.7692,3.0,14.0,5.0,0.0,0.625,0.0,0.6,0.375,0.4615,4.0,14.0,24.0,0.9740850861235408,1.0,0.022388059701492536,0.043795620437956206
asia,8,8,new,3942,0.28700174391269684,149,6.0,0.0,0.75,0.0,1.0,0.75,0.8571,2.0,13.0,6.0,0.0,0.75,0.0,0.6667,0.5,0.5714,3.0,13.0,28.0,0.9751427889189663,1.0,0.034482758620689655,0.06666666666666667
asia,8,8,new,2778,0.2637081569992006,137,5.0,0.0,0.625,0.0,1.0,0.625,0.7692,3.0,14.0,5.0,0.0,0.625,0.0,0.6,0.375,0.4615,4.0,14.0,24.0,0.9728482970272934,1.0,0.023076923076923078,0.04511278195488722
asia,8,8,new,2804,0.2711552628315985,141,5.0,0.0,0.625,0.0,1.0,0.625,0.7692,3.0,14.0,5.0,0.0,0.625,0.0,0.6,0.375,0.4615,4.0,14.0,24.0,0.9734015327344092,1.0,0.03007518796992481,0.058394160583941604
asia,8,8,new,2145,0.2632921580225229,137,5.0,0.0,0.625,0.0,1.0,0.625,0.7692,3.0,14.0,5.0,0.0,0.625,0.0,0.6,0.375,0.4615,4.0,14.0,24.0,0.9757245770763252,1.0,0.023076923076923078,0.04511278195488722
asia,8,8,new,150,0.29228470101952553,154,6.0,0.0,0.75,0.0,1.0,0.75,0.8571,2.0,13.0,6.0,0.0,0.75,0.0,0.6667,0.5,0.5714,3.0,13.0,28.0,0.9762792263606341,1.0,0.020833333333333332,0.04081632653061225
asia,8,8,new,8823,0.2514119269326329,137,5.0,0.0,0.625,0.0,1.0,0.625,0.7692,3.0,14.0,5.0,0.0,0.625,0.0,0.6,0.375,0.4615,4.0,14.0,24.0,0.971355702909668,1.0,0.0234375,0.04580152671755725
asia,8,8,new,4669,0.2619781196117401,137,5.0,0.0,0.625,0.0,1.0,0.625,0.7692,3.0,14.0,5.0,0.0,0.625,0.0,0.6,0.375,0.4615,4.0,14.0,24.0,0.9703885351474562,1.0,0.023076923076923078,0.04511278195488722
asia,8,8,new,6131,0.26871184911578894,137,5.0,0.0,0.625,0.0,1.0,0.625,0.7692,3.0,14.0,5.0,0.0,0.625,0.0,0.6,0.375,0.4615,4.0,14.0,24.0,0.9722699022590857,1.0,0.023255813953488372,0.04545454545454545
asia,8,8,new,2617,0.23680694680660963,122,5.0,0.2,0.5,0.05,0.8,0.5,0.6154,4.0,23.0,5.0,0.2,0.5,0.05,0.4,0.25,0.3077,7.0,23.0,41.0,0.9692237226640446,1.0,0.01818181818181818,0.03571428571428572
asia,8,8,new,7166,0.2580872243270278,131,5.0,0.0,0.625,0.0,1.0,0.625,0.7692,3.0,14.0,5.0,0.0,0.625,0.0,0.6,0.375,0.4615,4.0,14.0,24.0,0.9735191182263073,1.0,0.02459016393442623,0.048
asia,8,8,new,1428,0.2741391551680863,143,5.0,0.0,0.625,0.0,1.0,0.625,0.7692,3.0,14.0,5.0,0.0,0.625,0.0,0.6,0.375,0.4615,4.0,14.0,24.0,0.9757456476966861,1.0,0.022556390977443608,0.04411764705882353
asia,8,8,new,8328,0.25208214996382594,132,5.0,0.0,0.625,0.0,1.0,0.625,0.7692,3.0,14.0,5.0,0.0,0.625,0.0,0.6,0.375,0.4615,4.0,14.0,24.0,0.9739785627911537,1.0,0.01639344262295082,0.03225806451612903
asia,8,8,new,8289,0.2611287357285619,137,5.0,0.0,0.625,0.0,1.0,0.625,0.7692,3.0,14.0,5.0,0.0,0.625,0.0,0.6,0.375,0.4615,4.0,14.0,24.0,0.9726080461287879,1.0,0.023255813953488372,0.04545454545454545
asia,8,8,new,5978,0.2622027308680117,136,5.0,0.0,0.625,0.0,1.0,0.625,0.7692,3.0,14.0,5.0,0.0,0.625,0.0,0.6,0.375,0.4615,4.0,14.0,24.0,0.9698645958611736,1.0,0.024,0.046875
asia,8,8,new,5511,0.28137413691729307,149,5.0,0.0,0.625,0.0,1.0,0.625,0.7692,3.0,14.0,5.0,0.0,0.625,0.0,0.6,0.375,0.4615,4.0,14.0,24.0,0.9744885048822706,1.0,0.02127659574468085,0.04166666666666667
asia,8,8,new,5864,0.31954648718237877,169,6.0,0.1667,0.625,0.05,0.8333,0.625,0.7143,4.0,13.0,6.0,0.1667,0.625,0.05,0.5,0.375,0.4286,5.0,13.0,29.0,0.9776642941630974,1.0,0.0196078431372549,0.038461538461538464
asia,8,8,new,606,0.2606503553688526,137,5.0,0.0,0.625,0.0,1.0,0.625,0.7692,3.0,14.0,5.0,0.0,0.625,0.0,0.6,0.375,0.4615,4.0,14.0,24.0,0.9729583078915658,1.0,0.023622047244094488,0.046153846153846156
asia,8,8,new,1933,0.24838857213035226,129,6.0,0.0,0.75,0.0,1.0,0.75,0.8571,2.0,13.0,6.0,0.0,0.75,0.0,0.6667,0.5,0.5714,3.0,13.0,28.0,0.972916398768384,1.0,0.03333333333333333,0.06451612903225806
asia,8,8,new,6071,0.28614391572773457,146,5.0,0.0,0.625,0.0,1.0,0.625,0.7692,3.0,14.0,5.0,0.0,0.625,0.0,0.6,0.375,0.4615,4.0,14.0,24.0,0.9764537842671701,1.0,0.022727272727272728,0.044444444444444446
asia,8,8,new,5504,0.30500677693635225,161,5.0,0.0,0.625,0.0,1.0,0.625,0.7692,3.0,14.0,5.0,0.0,0.625,0.0,0.6,0.375,0.4615,4.0,14.0,24.0,0.976257796956143,0.5,0.006578947368421052,0.012987012987012988
asia,8,8,new,5163,0.2721662069670856,142,5.0,0.2,0.5,0.05,0.8,0.5,0.6154,4.0,23.0,5.0,0.2,0.5,0.05,0.4,0.25,0.3077,7.0,23.0,41.0,0.9747294873695717,1.0,0.015503875968992248,0.030534351145038167
asia,8,8,new,2406,0.2798615382052958,143,5.0,0.0,0.625,0.0,1.0,0.625,0.7692,3.0,14.0,5.0,0.0,0.625,0.0,0.6,0.375,0.4615,4.0,14.0,24.0,0.9766019414751493,1.0,0.022727272727272728,0.044444444444444446
asia,8,8,new,304,0.2828759136609733,148,6.0,0.0,0.75,0.0,1.0,0.75,0.8571,2.0,13.0,6.0,0.0,0.75,0.0,0.6667,0.5,0.5714,3.0,13.0,28.0,0.9745483669811307,1.0,0.02142857142857143,0.04195804195804196
asia,8,8,new,3391,0.33461729902774096,173,5.0,0.0,0.625,0.0,1.0,0.625,0.7692,3.0,14.0,5.0,0.0,0.625,0.0,0.6,0.375,0.4615,4.0,14.0,24.0,0.974329791559835,1.0,0.0189873417721519,0.03726708074534161
asia,8,8,new,359,0.25839958200231194,134,6.0,0.0,0.75,0.0,1.0,0.75,0.8571,2.0,13.0,6.0,0.0,0.75,0.0,0.6667,0.5,0.5714,3.0,13.0,28.0,0.9731891242177105,1.0,0.031746031746031744,0.06153846153846154
asia,8,8,new,9096,0.2593544269911945,137,5.0,0.0,0.625,0.0,1.0,0.625,0.7692,3.0,14.0,5.0,0.0,0.625,0.0,0.6,0.375,0.4615,4.0,14.0,24.0,0.9745030363062999,1.0,0.023809523809523808,0.046511627906976744
asia,8,8,new,3533,0.24127835128456354,121,5.0,0.0,0.625,0.0,1.0,0.625,0.7692,3.0,14.0,5.0,0.0,0.625,0.0,0.6,0.375,0.4615,4.0,14.0,24.0,0.9723647754068142,1.0,0.02702702702702703,0.052631578947368425
asia,8,8,new,4125,0.28293244913220406,152,5.0,0.0,0.625,0.0,1.0,0.625,0.7692,3.0,14.0,5.0,0.0,0.625,0.0,0.6,0.375,0.4615,4.0,14.0,24.0,0.9760801912760644,1.0,0.02112676056338028,0.041379310344827586
asia,8,8,new,3094,0.23571589030325413,124,5.0,0.0,0.625,0.0,1.0,0.625,0.7692,3.0,14.0,5.0,0.0,0.625,0.0,0.6,0.375,0.4615,4.0,14.0,24.0,0.9702379098783259,1.0,0.02631578947368421,0.05128205128205127
asia,8,8,new,6398,0.29261594684794545,152,6.0,0.3333,0.5,0.1,0.6667,0.5,0.5714,5.0,21.0,6.0,0.3333,0.5,0.1,0.3333,0.25,0.2857,7.0,21.0,36.0,0.9674197749484527,1.0,0.02857142857142857,0.05555555555555556
cancer,5,4,org,7816,0.03308119531720877,9,4.0,0.25,0.75,0.1667,0.75,0.75,0.75,1.0,5.0,4.0,0.25,0.75,0.1667,0.75,0.75,0.75,1.0,5.0,10.0,0.9907555974569625,0.9714285714285714,0.85,0.9066666666666667
cancer,5,4,org,3578,0.04232785198837519,19,3.0,0.3333,0.5,0.1667,0.6667,0.5,0.5714,2.0,6.0,3.0,0.3333,0.5,0.1667,0.6667,0.5,0.5714,2.0,6.0,11.0,0.9888242283079238,1.0,0.4166666666666667,0.5882352941176471
cancer,5,4,org,2656,0.029899603221565485,8,4.0,0.25,0.75,0.1667,0.75,0.75,0.75,1.0,5.0,4.0,0.25,0.75,0.1667,0.75,0.75,0.75,1.0,5.0,10.0,0.9913485461749113,0.9722222222222222,0.875,0.9210526315789473
cancer,5,4,org,2688,0.03016204619780183,8,4.0,0.0,1.0,0.0,1.0,1.0,1.0,0.0,0.0,4.0,0.0,1.0,0.0,1.0,1.0,1.0,0.0,0.0,5.0,0.9962825622838805,1.0,0.9230769230769231,0.9600000000000001
cancer,5,4,org,2494,0.033727142959833145,8,4.0,0.25,0.75,0.1667,0.75,0.75,0.75,1.0,5.0,4.0,0.25,0.75,0.1667,0.75,0.75,0.75,1.0,5.0,10.0,0.9856594582615659,0.9444444444444444,0.8717948717948718,0.9066666666666667
cancer,5,4,org,183,0.03245225176215172,13,2.0,0.5,0.25,0.16666666666666666,0.5,0.25,0.5,3.0,10.0,2.0,0.0,0.5,0.0,0.5,0.25,0.3333,3.0,5.0,15.0,0.9491262879420774,1.0,0.5333333333333333,0.6956521739130436
cancer,5,4,org,7977,0.03387671010568738,10,4.0,0.5,0.5,0.3333,0.5,0.5,0.5,2.0,10.0,4.0,0.25,0.75,0.1667,0.5,0.5,0.5,2.0,5.0,15.0,0.9885041081570163,0.9705882352941176,0.8461538461538461,0.9041095890410958
cancer,5,4,org,3199,0.03583615319803357,14,3.0,1.0,0.0,0.5,0.0,0.0,,4.0,16.0,3.0,0.6667,0.25,0.3333,0.0,0.0,,4.0,11.0,16.0,0.9865036478672842,1.0,0.6363636363636364,0.7777777777777778
cancer,5,4,org,316,0.04546869359910488,21,2.0,0.5,0.25,0.1667,0.5,0.25,0.3333,3.0,10.0,2.0,0.5,0.25,0.1667,0.5,0.25,0.3333,3.0,10.0,10.0,0.997252747252747,1.0,0.5384615384615384,0.7000000000000001
cancer,5,4,org,8266,0.023327221162617207,6,3.0,0.3333,0.5,0.1667,0.6667,0.5,0.5714,2.0,6.0,3.0,0.3333,0.5,0.1667,0.6667,0.5,0.5714,2.0,6.0,11.0,0.9820586622807017,0.9375,0.9375,0.9375
cancer,5,4,org,1532,0.028461293317377567,6,4.0,0.5,0.5,0.3333,0.5,0.5,0.5,2.0,10.0,4.0,0.5,0.5,0.3333,0.5,0.5,0.5,2.0,10.0,10.0,0.9797650146421799,0.8947368421052632,0.8717948717948718,0.8831168831168831
cancer,5,4,org,1009,0.02624471066519618,8,3.0,0.3333,0.5,0.1667,0.6667,0.5,0.5714,2.0,6.0,3.0,0.3333,0.5,0.1667,0.6667,0.5,0.5714,2.0,6.0,11.0,0.967438126566416,0.9285714285714286,0.8125,0.8666666666666666
cancer,5,4,org,2250,0.040093946270644665,12,4.0,0.0,1.0,0.0,1.0,1.0,1.0,0.0,0.0,4.0,0.0,1.0,0.0,1.0,1.0,1.0,0.0,0.0,5.0,0.9900948283503461,1.0,0.8,0.888888888888889
cancer,5,4,org,4447,0.03575445804744959,9,4.0,0.5,0.5,0.3333,0.5,0.5,0.5,2.0,10.0,4.0,0.5,0.5,0.3333,0.5,0.5,0.5,2.0,10.0,10.0,0.9833518354039694,0.9428571428571428,0.868421052631579,0.904109589041096
cancer,5,4,org,2415,0.03350685676559806,12,3.0,0.4,0.45,0.19999999999999998,0.6,0.45,0.51426,2.2,7.0,3.0,0.06666,0.7,0.033339999999999995,0.6667,0.5,0.5714,2.0,2.0,11.0,0.981602034329307,1.0,0.7272727272727273,0.8421052631578948
cancer,5,4,org,3595,0.03440443566069007,8,4.0,0.25,0.75,0.1667,0.75,0.75,0.75,1.0,5.0,4.0,0.25,0.75,0.1667,0.75,0.75,0.75,1.0,5.0,10.0,0.9861197423683332,0.9444444444444444,0.8717948717948718,0.9066666666666667
cancer,5,4,org,4187,0.02379795489832759,4,3.0,0.3333,0.5,0.1667,0.6667,0.5,0.5714,2.0,6.0,3.0,0.3333,0.5,0.1667,0.6667,0.5,0.5714,2.0,6.0,11.0,0.9777661064425771,0.8333333333333334,0.9375,0.8823529411764706
cancer,5,4,org,4135,0.03987714275717735,16,3.0,0.3333,0.5,0.1667,0.6667,0.5,0.5714,2.0,9.0,3.0,0.3333,0.5,0.1667,0.6667,0.5,0.5714,2.0,9.0,9.0,0.986394291587603,1.0,0.7,0.8235294117647058
cancer,5,4,org,5174,0.03919624071568251,16,3.0,0.5,0.375,0.25,0.5,0.375,0.42855,2.5,11.5,3.0,0.3333,0.5,0.1667,0.5,0.375,0.42855,2.5,9.0,11.5,0.9640196167973452,0.9523809523809523,0.6896551724137931,0.7999999999999999
cancer,5,4,org,5303,0.03593432577326894,9,4.0,0.25,0.75,0.1667,0.75,0.75,0.75,1.0,5.0,4.0,0.25,0.75,0.1667,0.75,0.75,0.75,1.0,5.0,10.0,0.990857782162744,0.9428571428571428,0.8461538461538461,0.8918918918918919
cancer,5,4,org,3942,0.034281288273632526,9,4.0,0.25,0.75,0.1667,0.75,0.75,0.75,1.0,5.0,4.0,0.25,0.75,0.1667,0.75,0.75,0.75,1.0,5.0,10.0,0.9855375245298126,0.9714285714285714,0.8947368421052632,0.9315068493150684
cancer,5,4,org,2778,0.03493150416761637,8,4.0,0.5,0.5,0.3333,0.5,0.5,0.5,2.0,10.0,4.0,0.5,0.5,0.3333,0.5,0.5,0.5,2.0,10.0,10.0,0.9851380196515881,0.9166666666666666,0.8918918918918919,0.9041095890410958
cancer,5,4,org,2804,0.020973708014935255,4,3.0,0.41667499999999996,0.4375,0.20832499999999998,0.583325,0.4375,0.49997500000000006,2.25,7.25,3.0,0.0,0.75,0.0,0.6667,0.5,0.5714,2.0,1.0,11.0,0.977890114379085,0.8888888888888888,1.0,0.9411764705882353
cancer,5,4,org,2145,0.026238570921123028,8,3.0,1.0,0.0,0.5,0.0,0.0,,4.0,16.0,3.0,0.6667,0.25,0.3333,0.0,0.0,,4.0,11.0,16.0,0.9623507297655904,0.9285714285714286,0.7647058823529411,0.8387096774193549
cancer,5,4,org,150,0.0483752079308033,15,5.0,1.0,0.0,0.8333,0.0,0.0,,5.0,19.0,5.0,0.6,0.5,0.5,0.0,0.0,,5.0,10.0,19.0,0.9836200834097312,0.9459459459459459,0.8333333333333334,0.8860759493670887
cancer,5,4,org,8823,0.023979702964425087,5,3.0,0.41667499999999996,0.4375,0.20832499999999998,0.583325,0.4375,0.49997500000000006,2.25,7.25,3.0,0.0,0.75,0.0,0.6667,0.5,0.5714,2.0,1.0,11.0,0.9656941597489198,0.8823529411764706,0.9375,0.9090909090909091
cancer,5,4,org,4669,0.03455146122723818,11,4.0,0.5,0.5,0.3333,0.5,0.5,0.5,2.0,10.0,4.0,0.5,0.5,0.3333,0.5,0.5,0.5,2.0,10.0,10.0,0.9891760732455492,0.9696969696969697,0.8421052631578947,0.9014084507042254
cancer,5,4,org,6131,0.020185574889183044,2,3.0,0.41667499999999996,0.4375,0.20832499999999998,0.583325,0.4375,0.49997500000000006,2.25,7.25,3.0,0.0,0.75,0.0,0.6667,0.5,0.5714,2.0,1.0,11.0,0.9809640522875818,0.85,1.0,0.9189189189189189
cancer,5,4,org,2617,0.04149690316990018,17,3.0,1.0,0.0,0.5,0.0,0.0,,4.0,16.0,3.0,0.6667,0.25,0.3333,0.0,0.0,,4.0,11.0,16.0,0.9949535679374388,1.0,0.6451612903225806,0.7843137254901961
cancer,5,4,org,7166,0.04187099216505885,18,3.0,0.3333,0.5,0.1667,0.6667,0.5,0.5714,2.0,6.0,3.0,0.3333,0.5,0.1667,0.6667,0.5,0.5714,2.0,6.0,11.0,0.9867321197579986,1.0,0.6363636363636364,0.7777777777777778
cancer,5,4,org,1428,0.02128224680200219,5,3.0,0.41667499999999996,0.4375,0.20832499999999998,0.583325,0.4375,0.49997500000000006,2.25,7.25,3.0,0.0,0.75,0.0,0.6667,0.5,0.5714,2.0,1.0,11.0,0.9786119711042311,0.8823529411764706,0.9375,0.9090909090909091
cancer,5,4,org,8328,0.03265989292412996,9,4.0,0.5,0.5,0.3333,0.5,0.5,0.5,2.0,10.0,4.0,0.5,0.5,0.3333,0.5,0.5,0.5,2.0,10.0,10.0,0.9879382783228936,0.9428571428571428,0.8461538461538461,0.8918918918918919
cancer,5,4,org,8289,0.03519886126741767,11,4.0,0.5,0.5,0.3333,0.5,0.5,0.5,2.0,10.0,4.0,0.5,0.5,0.3333,0.5,0.5,0.5,2.0,10.0,10.0,0.9779410819514933,0.9393939393939394,0.8157894736842105,0.8732394366197183
cancer,5,4,org,5978,0.025287291035056114,7,3.0,0.41667499999999996,0.4375,0.20832499999999998,0.583325,0.4375,0.49997500000000006,2.25,7.25,3.0,0.0,0.75,0.0,0.6667,0.5,0.5714,2.0,1.0,11.0,0.9801470588235295,0.9333333333333333,0.875,0.9032258064516129
cancer,5,4,org,5511,0.030599531717598438,8,4.0,0.0,1.0,0.0,1.0,1.0,1.0,0.0,0.0,4.0,0.0,1.0,0.0,1.0,1.0,1.0,0.0,0.0,5.0,0.9973346828609986,1.0,0.9473684210526315,0.972972972972973
cancer,5,4,org,5864,0.02440802613273263,6,3.0,0.41667499999999996,0.4375,0.20832499999999998,0.583325,0.4375,0.49997500000000006,2.25,7.25,3.0,0.0,0.75,0.0,0.6667,0.5,0.5714,2.0,1.0,11.0,0.98359375,0.9375,0.9375,0.9375
cancer,5,4,org,606,0.024751697666943073,6,3.0,0.3333,0.5,0.1667,0.6667,0.5,0.5714,2.0,6.0,3.0,0.3333,0.5,0.1667,0.6667,0.5,0.5714,2.0,6.0,11.0,0.9866713713349118,0.9375,0.8823529411764706,0.9090909090909091
cancer,5,4,org,1933,0.02230940107256174,5,3.0,1.0,0.0,0.5,0.0,0.0,,4.0,16.0,3.0,0.6667,0.25,0.3333,0.0,0.0,,4.0,11.0,16.0,0.9710839598997494,0.8235294117647058,0.875,0.8484848484848485
cancer,5,4,org,6071,0.03190143313258886,9,4.0,0.25,0.75,0.1667,0.75,0.75,0.75,1.0,5.0,4.0,0.25,0.75,0.1667,0.75,0.75,0.75,1.0,5.0,10.0,0.9920247172389156,0.9714285714285714,0.8717948717948718,0.9189189189189189
cancer,5,4,org,5504,0.03512594383209944,13,3.0,0.3333,0.5,0.1667,0.6667,0.5,0.5714,2.0,6.0,3.0,0.3333,0.5,0.1667,0.6667,0.5,0.5714,2.0,6.0,11.0,0.9772140526186709,1.0,0.6818181818181818,0.8108108108108109
cancer,5,4,org,5163,0.03631831984966993,14,3.0,0.41667499999999996,0.4375,0.20832499999999998,0.583325,0.4375,0.49997500000000006,2.25,7.25,3.0,0.0,0.75,0.0,0.6667,0.5,0.5714,2.0,1.0,11.0,0.9730545369955277,0.9565217391304348,0.7096774193548387,0.8148148148148149
cancer,5,4,org,2406,0.03410806180909276,11,4.0,0.0,1.0,0.0,1.0,1.0,1.0,0.0,0.0,4.0,0.0,1.0,0.0,1.0,1.0,1.0,0.0,0.0,5.0,0.9905833155833156,1.0,0.8461538461538461,0.9166666666666666
cancer,5,4,org,304,0.02592511475086212,7,3.0,1.0,0.0,0.5,0.0,0.0,,4.0,16.0,3.0,0.6667,0.25,0.3333,0.0,0.0,,4.0,11.0,16.0,0.9485823934837092,0.8666666666666667,0.8125,0.8387096774193549
cancer,5,4,org,3391,0.03321551997214556,11,3.0,0.53334,0.35,0.26666,0.46665999999999996,0.35,0.49997500000000006,2.6,9.0,3.0,0.13334,0.65,0.06666,0.53336,0.4,0.5714,2.4,3.0,12.0,0.9740519062258193,1.0,0.7727272727272727,0.8717948717948718
cancer,5,4,org,359,0.024569279048591852,7,3.0,0.6667,0.25,0.3333,0.3333,0.25,0.2857,3.0,11.0,3.0,0.6667,0.25,0.3333,0.3333,0.25,0.2857,3.0,11.0,11.0,0.9492129911174997,0.8,0.75,0.7741935483870969
cancer,5,4,org,9096,0.030666072852909565,7,4.0,0.0,1.0,0.0,1.0,1.0,1.0,0.0,0.0,4.0,0.0,1.0,0.0,1.0,1.0,1.0,0.0,0.0,5.0,0.996957326116539,1.0,0.9487179487179487,0.9736842105263158
cancer,5,4,org,3533,0.04741727374494076,21,2.0,0.5,0.25,0.16666666666666666,0.5,0.25,0.5,3.0,10.0,2.0,0.0,0.5,0.0,0.5,0.25,0.3333,3.0,5.0,15.0,0.970711951105497,1.0,0.5185185185185185,0.6829268292682926
cancer,5,4,org,4125,0.03782635508105159,15,3.0,0.41667499999999996,0.4375,0.20832499999999998,0.583325,0.4375,0.49997500000000006,2.25,7.25,3.0,0.0,0.75,0.0,0.6667,0.5,0.5714,2.0,1.0,11.0,0.9822248499021953,1.0,0.5909090909090909,0.7428571428571429
cancer,5,4,org,3094,0.038769135251641273,15,3.0,0.3333,0.5,0.1667,0.6667,0.5,0.5714,2.0,6.0,3.0,0.3333,0.5,0.1667,0.6667,0.5,0.5714,2.0,6.0,11.0,0.9919330917267692,1.0,0.7096774193548387,0.8301886792452831
cancer,5,4,org,6398,0.03431430412456393,14,3.0,1.0,0.0,0.5,0.0,0.0,,4.0,16.0,3.0,0.6667,0.25,0.3333,0.0,0.0,,4.0,11.0,16.0,0.9775326847065977,1.0,0.6363636363636364,0.7777777777777778
cancer,5,4,new,7816,0.04048573272302747,10,4.0,0.0,1.0,0.0,1.0,1.0,1.0,0.0,0.0,4.0,0.0,1.0,0.0,1.0,1.0,1.0,0.0,0.0,5.0,0.9907555974569625,1.0,0.85,0.9189189189189189
cancer,5,4,new,3578,0.04127815691754222,19,3.0,0.0,0.75,0.0,1.0,0.75,0.8571,1.0,1.0,3.0,0.0,0.75,0.0,0.6667,0.5,0.5714,2.0,1.0,11.0,0.9888242283079238,1.0,0.4166666666666667,0.5882352941176471
cancer,5,4,new,2656,0.0333462143316865,10,4.0,0.0,1.0,0.0,1.0,1.0,1.0,0.0,0.0,4.0,0.0,1.0,0.0,1.0,1.0,1.0,0.0,0.0,5.0,0.9913485461749113,1.0,0.85,0.9189189189189189
cancer,5,4,new,2688,0.03174435766413808,8,4.0,0.0,1.0,0.0,1.0,1.0,1.0,0.0,0.0,4.0,0.0,1.0,0.0,1.0,1.0,1.0,0.0,0.0,5.0,0.9962825622838805,1.0,0.9230769230769231,0.9600000000000001
cancer,5,4,new,2494,0.0444373800419271,14,4.0,0.0,1.0,0.0,1.0,1.0,1.0,0.0,0.0,4.0,0.0,1.0,0.0,1.0,1.0,1.0,0.0,0.0,5.0,0.9856594582615659,1.0,0.7692307692307693,0.8695652173913044
cancer,5,4,new,183,0.031642865389585495,13,2.0,0.0,0.5,0.0,1.0,0.5,0.6667,2.0,5.0,2.0,0.0,0.5,0.0,0.5,0.25,0.3333,3.0,5.0,15.0,0.9491262879420774,1.0,0.5333333333333333,0.6956521739130436
cancer,5,4,new,7977,0.03721377905458212,11,4.0,0.0,1.0,0.0,1.0,1.0,1.0,0.0,0.0,4.0,0.0,1.0,0.0,1.0,1.0,1.0,0.0,0.0,5.0,0.9885041081570163,1.0,0.8461538461538461,0.9166666666666666
cancer,5,4,new,3199,0.031799063086509705,14,3.0,0.0,0.75,0.0,1.0,0.75,0.8571,1.0,1.0,3.0,0.0,0.75,0.0,0.6667,0.5,0.5714,2.0,1.0,11.0,0.9865036478672842,1.0,0.6363636363636364,0.7777777777777778
cancer,5,4,new,316,0.04658622620627284,21,2.0,0.0,0.5,0.0,1.0,0.5,0.6667,2.0,5.0,2.0,0.0,0.5,0.0,0.5,0.25,0.3333,3.0,5.0,15.0,0.997252747252747,1.0,0.5384615384615384,0.7000000000000001
cancer,5,4,new,8266,0.023442844860255718,6,3.0,0.0,0.75,0.0,1.0,0.75,0.8571,1.0,1.0,3.0,0.0,0.75,0.0,0.6667,0.5,0.5714,2.0,1.0,11.0,0.9820586622807017,0.9375,0.9375,0.9375
cancer,5,4,new,1532,0.040354079101234674,16,4.0,0.0,1.0,0.0,1.0,1.0,1.0,0.0,0.0,4.0,0.0,1.0,0.0,1.0,1.0,1.0,0.0,0.0,5.0,0.9797650146421799,1.0,0.717948717948718,0.835820895522388
cancer,5,4,new,1009,0.03248826414346695,10,3.0,0.0,0.75,0.0,1.0,0.75,0.8571,1.0,1.0,3.0,0.0,0.75,0.0,0.6667,0.5,0.5714,2.0,1.0,11.0,0.967438126566416,1.0,0.75,0.8571428571428571
cancer,5,4,new,2250,0.03631304809823632,12,4.0,0.0,1.0,0.0,1.0,1.0,1.0,0.0,0.0,4.0,0.0,1.0,0.0,1.0,1.0,1.0,0.0,0.0,5.0,0.9900948283503461,1.0,0.8,0.888888888888889
cancer,5,4,new,4447,0.04170456761494279,16,4.0,0.0,1.0,0.0,1.0,1.0,1.0,0.0,0.0,4.0,0.0,1.0,0.0,1.0,1.0,1.0,0.0,0.0,5.0,0.9833518354039694,1.0,0.7368421052631579,0.8484848484848484
cancer,5,4,new,2415,0.03512202110141516,12,3.0,0.0,0.75,0.0,1.0,0.75,0.8571,1.0,1.0,3.0,0.0,0.75,0.0,0.6667,0.5,0.5714,2.0,1.0,11.0,0.981602034329307,1.0,0.7272727272727273,0.8421052631578948
cancer,5,4,new,3595,0.04467220604419708,12,4.0,0.0,1.0,0.0,1.0,1.0,1.0,0.0,0.0,4.0,0.0,1.0,0.0,1.0,1.0,1.0,0.0,0.0,5.0,0.9861197423683332,1.0,0.8205128205128205,0.9014084507042254
cancer,5,4,new,4187,0.024626847822219133,8,3.0,0.0,0.75,0.0,1.0,0.75,0.8571,1.0,1.0,3.0,0.0,0.75,0.0,0.6667,0.5,0.5714,2.0,1.0,11.0,0.9777661064425771,1.0,0.875,0.9333333333333333
cancer,5,4,new,4135,0.03698051068931818,16,3.0,0.0,0.75,0.0,1.0,0.75,0.8571,1.0,4.0,3.0,0.0,0.75,0.0,1.0,0.75,0.8571,1.0,4.0,9.0,0.986394291587603,1.0,0.7,0.8235294117647058
cancer,5,4,new,5174,0.03915996104478836,16,3.0,0.0,0.75,0.0,1.0,0.75,0.8571,1.0,4.0,3.0,0.0,0.75,0.0,1.0,0.75,0.8571,1.0,4.0,9.0,0.9640196167973452,0.9523809523809523,0.6896551724137931,0.7999999999999999
cancer,5,4,new,5303,0.033728012815117836,11,4.0,0.0,1.0,0.0,1.0,1.0,1.0,0.0,0.0,4.0,0.0,1.0,0.0,1.0,1.0,1.0,0.0,0.0,5.0,0.990857782162744,1.0,0.8461538461538461,0.9166666666666666
cancer,5,4,new,3942,0.04498933907598257,18,4.0,0.0,1.0,0.0,1.0,1.0,1.0,0.0,0.0,4.0,0.0,1.0,0.0,1.0,1.0,1.0,0.0,0.0,5.0,0.9855375245298126,1.0,0.6842105263157895,0.8125000000000001
cancer,5,4,new,2778,0.037875971756875515,14,4.0,0.0,1.0,0.0,1.0,1.0,1.0,0.0,0.0,4.0,0.0,1.0,0.0,1.0,1.0,1.0,0.0,0.0,5.0,0.9851380196515881,1.0,0.8108108108108109,0.8955223880597014
cancer,5,4,new,2804,0.02094733528792858,4,3.0,0.0,0.75,0.0,1.0,0.75,0.8571,1.0,1.0,3.0,0.0,0.75,0.0,0.6667,0.5,0.5714,2.0,1.0,11.0,0.977890114379085,0.8888888888888888,1.0,0.9411764705882353
cancer,5,4,new,2145,0.02786438399925828,9,3.0,0.0,0.75,0.0,1.0,0.75,0.8571,1.0,1.0,3.0,0.0,0.75,0.0,0.6667,0.5,0.5714,2.0,1.0,11.0,0.9623507297655904,1.0,0.7647058823529411,0.8666666666666666
cancer,5,4,new,150,0.04614041419699788,16,5.0,0.2,1.0,0.1667,0.8,1.0,0.8889,1.0,0.0,5.0,0.2,1.0,0.1667,0.4,0.5,0.4444,3.0,0.0,14.0,0.9836200834097312,0.9722222222222222,0.8333333333333334,0.8974358974358975
cancer,5,4,new,8823,0.023793350905179977,5,3.0,0.0,0.75,0.0,1.0,0.75,0.8571,1.0,1.0,3.0,0.0,0.75,0.0,0.6667,0.5,0.5714,2.0,1.0,11.0,0.9656941597489198,0.8823529411764706,0.9375,0.9090909090909091
cancer,5,4,new,4669,0.03976690676063299,14,4.0,0.0,1.0,0.0,1.0,1.0,1.0,0.0,0.0,4.0,0.0,1.0,0.0,1.0,1.0,1.0,0.0,0.0,5.0,0.9891760732455492,1.0,0.7894736842105263,0.8823529411764706
cancer,5,4,new,6131,0.01839054934680462,2,3.0,0.0,0.75,0.0,1.0,0.75,0.8571,1.0,1.0,3.0,0.0,0.75,0.0,0.6667,0.5,0.5714,2.0,1.0,11.0,0.9809640522875818,0.85,1.0,0.9189189189189189
cancer,5,4,new,2617,0.04106052918359637,17,3.0,0.0,0.75,0.0,1.0,0.75,0.8571,1.0,1.0,3.0,0.0,0.75,0.0,0.6667,0.5,0.5714,2.0,1.0,11.0,0.9949535679374388,1.0,0.6451612903225806,0.7843137254901961
cancer,5,4,new,7166,0.03958046389743686,18,3.0,0.0,0.75,0.0,1.0,0.75,0.8571,1.0,1.0,3.0,0.0,0.75,0.0,0.6667,0.5,0.5714,2.0,1.0,11.0,0.9867321197579986,1.0,0.6363636363636364,0.7777777777777778
cancer,5,4,new,1428,0.023387215100228786,5,3.0,0.0,0.75,0.0,1.0,0.75,0.8571,1.0,1.0,3.0,0.0,0.75,0.0,0.6667,0.5,0.5714,2.0,1.0,11.0,0.9786119711042311,0.8823529411764706,0.9375,0.9090909090909091
cancer,5,4,new,8328,0.03227624390274286,11,4.0,0.0,1.0,0.0,1.0,1.0,1.0,0.0,0.0,4.0,0.0,1.0,0.0,1.0,1.0,1.0,0.0,0.0,5.0,0.9879382783228936,1.0,0.8461538461538461,0.9166666666666666
cancer,5,4,new,8289,0.04669248592108488,20,4.0,0.0,1.0,0.0,1.0,1.0,1.0,0.0,0.0,4.0,0.0,1.0,0.0,1.0,1.0,1.0,0.0,0.0,5.0,0.9779410819514933,1.0,0.631578947368421,0.7741935483870968
cancer,5,4,new,5978,0.027779846917837858,7,3.0,0.0,0.75,0.0,1.0,0.75,0.8571,1.0,1.0,3.0,0.0,0.75,0.0,0.6667,0.5,0.5714,2.0,1.0,11.0,0.9801470588235295,0.9333333333333333,0.875,0.9032258064516129
cancer,5,4,new,5511,0.030025201849639416,8,4.0,0.0,1.0,0.0,1.0,1.0,1.0,0.0,0.0,4.0,0.0,1.0,0.0,1.0,1.0,1.0,0.0,0.0,5.0,0.9973346828609986,1.0,0.9473684210526315,0.972972972972973
cancer,5,4,new,5864,0.022885042242705822,6,3.0,0.0,0.75,0.0,1.0,0.75,0.8571,1.0,1.0,3.0,0.0,0.75,0.0,0.6667,0.5,0.5714,2.0,1.0,11.0,0.98359375,0.9375,0.9375,0.9375
cancer,5,4,new,606,0.026624385733157396,8,3.0,0.0,0.75,0.0,1.0,0.75,0.8571,1.0,1.0,3.0,0.0,0.75,0.0,0.6667,0.5,0.5714,2.0,1.0,11.0,0.9866713713349118,1.0,0.8235294117647058,0.9032258064516129
cancer,5,4,new,1933,0.02504672622308135,7,3.0,0.0,0.75,0.0,1.0,0.75,0.8571,1.0,1.0,3.0,0.0,0.75,0.0,0.6667,0.5,0.5714,2.0,1.0,11.0,0.9710839598997494,0.9333333333333333,0.875,0.9032258064516129
cancer,5,4,new,6071,0.03220148803666234,10,4.0,0.0,1.0,0.0,1.0,1.0,1.0,0.0,0.0,4.0,0.0,1.0,0.0,1.0,1.0,1.0,0.0,0.0,5.0,0.9920247172389156,1.0,0.8717948717948718,0.9315068493150686
cancer,5,4,new,5504,0.03598811896517873,13,3.0,0.0,0.75,0.0,1.0,0.75,0.8571,1.0,1.0,3.0,0.0,0.75,0.0,0.6667,0.5,0.5714,2.0,1.0,11.0,0.9772140526186709,1.0,0.6818181818181818,0.8108108108108109
cancer,5,4,new,5163,0.03669640235602856,14,3.0,0.0,0.75,0.0,1.0,0.75,0.8571,1.0,1.0,3.0,0.0,0.75,0.0,0.6667,0.5,0.5714,2.0,1.0,11.0,0.9730545369955277,0.9565217391304348,0.7096774193548387,0.8148148148148149
cancer,5,4,new,2406,0.03548541106283665,11,4.0,0.0,1.0,0.0,1.0,1.0,1.0,0.0,0.0,4.0,0.0,1.0,0.0,1.0,1.0,1.0,0.0,0.0,5.0,0.9905833155833156,1.0,0.8461538461538461,0.9166666666666666
cancer,5,4,new,304,0.029036248102784157,10,3.0,0.0,0.75,0.0,1.0,0.75,0.8571,1.0,1.0,3.0,0.0,0.75,0.0,0.6667,0.5,0.5714,2.0,1.0,11.0,0.9485823934837092,1.0,0.75,0.8571428571428571
cancer,5,4,new,3391,0.02968088025227189,11,3.0,0.0,0.75,0.0,1.0,0.75,0.8571,1.0,1.0,3.0,0.0,0.75,0.0,0.6667,0.5,0.5714,2.0,1.0,11.0,0.9740519062258193,1.0,0.7727272727272727,0.8717948717948718
cancer,5,4,new,359,0.028419359121471643,9,3.0,0.0,0.75,0.0,1.0,0.75,0.8571,1.0,1.0,3.0,0.0,0.75,0.0,0.6667,0.5,0.5714,2.0,1.0,11.0,0.9492129911174997,0.9230769230769231,0.75,0.8275862068965517
cancer,5,4,new,9096,0.03747761435806751,7,4.0,0.0,1.0,0.0,1.0,1.0,1.0,0.0,0.0,4.0,0.0,1.0,0.0,1.0,1.0,1.0,0.0,0.0,5.0,0.996957326116539,1.0,0.9487179487179487,0.9736842105263158
cancer,5,4,new,3533,0.04372459230944514,21,2.0,0.0,0.5,0.0,1.0,0.5,0.6667,2.0,5.0,2.0,0.0,0.5,0.0,0.5,0.25,0.3333,3.0,5.0,15.0,0.970711951105497,1.0,0.5185185185185185,0.6829268292682926
cancer,5,4,new,4125,0.035657795146107674,15,3.0,0.0,0.75,0.0,1.0,0.75,0.8571,1.0,1.0,3.0,0.0,0.75,0.0,0.6667,0.5,0.5714,2.0,1.0,11.0,0.9822248499021953,1.0,0.5909090909090909,0.7428571428571429
cancer,5,4,new,3094,0.03571915905922651,15,3.0,0.0,0.75,0.0,1.0,0.75,0.8571,1.0,1.0,3.0,0.0,0.75,0.0,0.6667,0.5,0.5714,2.0,1.0,11.0,0.9919330917267692,1.0,0.7096774193548387,0.8301886792452831
cancer,5,4,new,6398,0.03495920170098543,14,3.0,0.0,0.75,0.0,1.0,0.75,0.8571,1.0,1.0,3.0,0.0,0.75,0.0,0.6667,0.5,0.5714,2.0,1.0,11.0,0.9775326847065977,1.0,0.6363636363636364,0.7777777777777778
child,20,25,org,7816,452.85415260959417,1926,25.0,0.06,0.94,0.0091,0.94,0.94,0.94,1.5,23.5,25.0,0.04,0.96,0.0061,0.8200000000000001,0.8200000000000001,0.8200000000000001,2.0,22.5,268.0,0.995071260983617,0.9997587454764777,0.7468012254460263,0.8549618320610687
child,20,25,org,3578,2722.5207220572047,4982,23.0,0.2174,0.72,0.0303,0.7826,0.72,0.75,8.0,111.0,23.0,0.2174,0.72,0.0303,0.6087,0.56,0.5833,12.0,111.0,316.0,0.9951482494182358,1.0,0.01287647315582715,0.025425554837319543
child,20,25,org,2656,22387.699695201125,4942,19.0,0.1053,0.68,0.0121,0.8947,0.68,0.7727,8.0,111.0,19.0,0.0,0.76,0.0,0.7895,0.6,0.6818,10.0,86.0,343.0,0.9960379984398826,,0.0,
child,20,25,org,2688,504.3742502569221,2004,25.0,0.14,0.86,0.0212,0.86,0.86,0.86,3.5,63.5,25.0,0.12,0.88,0.0182,0.76,0.76,0.76,6.0,63.0,189.0,0.9935962990930199,0.9992834965369,0.7479442259563819,0.8555362437378593
child,20,25,org,2494,481.7811798444018,1964,25.0,0.1,0.9,0.01515,0.9,0.9,0.9,2.5,46.0,25.0,0.08,0.92,0.0121,0.76,0.76,0.76,5.0,44.0,271.0,0.9941505679201467,1.0,0.7282670186686782,0.842771412984179
child,20,25,org,183,6659.527326846961,4895,19.0,0.1316,0.66,0.01515,0.8684000000000001,0.66,0.75,8.5,137.0,19.0,0.1053,0.68,0.0121,0.5789,0.44,0.5,13.0,127.0,361.0,0.9954972891582454,1.0,0.0011241007194244604,0.0022456770716370983
child,20,25,org,7977,23573.80423101317,4916,19.0,0.1053,0.68,0.0121,0.8947,0.68,0.7727,8.0,111.0,19.0,0.1053,0.68,0.0121,0.6316,0.48,0.5455,12.0,111.0,342.0,0.994566287830511,,0.0,
child,20,25,org,3199,497.58725785510615,1999,25.0,0.1,0.9,0.01515,0.9,0.9,0.9,2.5,41.5,25.0,0.08,0.92,0.0121,0.8,0.8,0.8,3.0,41.0,268.0,0.9928943937587084,1.0,0.7443581206067332,0.8534464475079534
child,20,25,org,316,542.910600821022,2053,25.0,0.05600000000000001,0.944,0.0085,0.944,0.944,0.944,1.4,18.4,25.0,0.0,1.0,0.0,0.8400000000000001,0.8400000000000001,0.8400000000000001,0.0,0.0,288.0,0.992945906681384,1.0,0.7248444932308818,0.8404751803139584
child,20,25,org,8266,502.71275670966133,2002,25.0,0.088,0.9119999999999999,0.013340000000000001,0.9119999999999999,0.9119999999999999,0.9119999999999999,2.2,44.6,25.0,0.04,0.96,0.0061,0.8,0.8,0.8,2.0,27.0,171.0,0.9946131053357175,1.0,0.7229906542056075,0.8392275981774788
child,20,25,org,1532,518.7438421659172,2067,25.0,0.14,0.86,0.0212,0.86,0.86,0.86,3.5,73.0,25.0,0.08,0.92,0.0121,0.76,0.76,0.76,2.0,43.0,288.0,0.9934203521572156,1.0,0.7080264400377715,0.8290579389650597
child,20,25,org,1009,525.8243646877818,2182,25.0,0.10400000000000001,0.8959999999999999,0.015760000000000003,0.8959999999999999,0.8959999999999999,0.8959999999999999,2.6,52.6,25.0,0.04,0.96,0.0061,0.8,0.8,0.8,2.0,27.0,171.0,0.9928818836587211,1.0,0.6863234729158663,0.8139879257318601
child,20,25,org,2250,22755.315545042977,5069,20.0,0.1,0.72,0.0121,0.9,0.72,0.8,7.0,112.0,20.0,0.1,0.72,0.0121,0.75,0.6,0.6667,10.0,112.0,324.0,0.99561496645173,,0.0,
child,20,25,org,4447,493.029579277616,1948,25.0,0.128,0.8720000000000001,0.01938,0.8720000000000001,0.8720000000000001,0.8720000000000001,3.2,53.8,25.0,0.08800000000000001,0.9120000000000001,0.013319999999999999,0.76,0.76,0.76,4.4,33.0,294.0,0.9937986557876798,0.9997556804300024,0.7449481157837248,0.8537450448570831
child,20,25,org,2415,2070.9854787043296,4682,20.0,0.15,0.68,0.0182,0.85,0.68,0.7556,8.0,130.0,20.0,0.1,0.72,0.0121,0.75,0.6,0.6667,12.0,112.0,343.0,0.996025543488408,1.0,0.0009347978499649451,0.0018678496381041327
child,20,25,org,3595,1993.8155031702481,4977,20.0,0.2,0.64,0.0242,0.8,0.64,0.7111,9.0,119.0,20.0,0.1,0.72,0.0121,0.75,0.6,0.6667,10.0,116.0,237.0,0.9959674192627745,1.0,0.005747126436781609,0.011428571428571429
child,20,25,org,4187,43736.75330384495,5078,20.0,0.3,0.56,0.0364,0.7,0.56,0.6222,11.0,174.0,20.0,0.2,0.64,0.0242,0.65,0.52,0.5778,13.0,150.0,336.0,0.9960981501370516,,0.0,
child,20,25,org,4135,492.4702260750346,1864,25.0,0.1,0.9,0.01515,0.9,0.9,0.9,2.5,41.5,25.0,0.08,0.92,0.0121,0.8,0.8,0.8,3.0,41.0,268.0,0.9946788510329987,1.0,0.7558371040723982,0.8609421709102154
child,20,25,org,5174,1036.258829220198,4470,24.0,0.2916666666666667,0.68,0.04243333333333333,0.7083333333333334,0.68,0.6938999999999999,8.0,145.0,24.0,0.2083,0.7600000000000001,0.030300000000000004,0.6667,0.64,0.6531,7.0,105.0,269.0,0.9952617386657008,1.0,0.2286829268292683,0.3722407495632841
child,20,25,org,5303,550.6823346973397,2199,25.0,0.168,0.8320000000000001,0.02544,0.8320000000000001,0.8320000000000001,0.8320000000000001,4.2,89.2,25.0,0.04,0.96,0.0061,0.76,0.76,0.76,3.0,25.0,298.0,0.9944201866274024,1.0,0.6838839204234349,0.8122696726642098
child,20,25,org,3942,2520.325438546017,5384,20.0,0.15,0.68,0.018166666666666668,0.85,0.68,0.7555666666666667,8.0,136.0,20.0,0.10000000000000002,0.7200000000000001,0.0121,0.6999999999999998,0.56,0.6222,10.0,116.0,324.0,0.9956382703493122,1.0,0.00608149199270221,0.012089462018940159
child,20,25,org,2778,11688.462712818291,4785,19.0,0.1316,0.66,0.01515,0.8684000000000001,0.66,0.75,8.5,121.0,19.0,0.1053,0.68,0.0121,0.6316,0.48,0.5455,12.0,111.0,342.0,0.9954799931322726,1.0,0.0006920415224913495,0.0013831258644536651
child,20,25,org,2804,449.05011269589886,1814,25.0,0.064,0.9359999999999999,0.0097,0.9359999999999999,0.9359999999999999,0.9359999999999999,1.6,28.8,25.0,0.0,1.0,0.0,0.8400000000000001,0.8400000000000001,0.8400000000000001,0.0,0.0,288.0,0.9947917996920749,1.0,0.7670475488389237,0.86816854401335
child,20,25,org,2145,552.3407156630419,2241,25.0,0.18,0.8200000000000001,0.02725,0.8200000000000001,0.8200000000000001,0.8200000000000001,4.5,95.0,25.0,0.12,0.88,0.0182,0.72,0.72,0.72,5.0,65.0,291.0,0.9917280494493488,1.0,0.7009018958218296,0.8241532301698951
child,20,25,org,150,23584.803790219128,5001,19.0,0.1579,0.64,0.0182,0.8421,0.64,0.7273,9.0,153.0,19.0,0.1579,0.64,0.0182,0.6316,0.48,0.5455,12.0,153.0,255.0,0.9954214775638938,,0.0,
child,20,25,org,8823,930.8258701600134,3980,24.0,0.35414999999999996,0.62,0.051500000000000004,0.64585,0.62,0.6326499999999999,9.5,154.0,24.0,0.25,0.72,0.0364,0.5833,0.56,0.5714,10.0,123.0,325.0,0.9949110697400022,1.0,0.34434585614498775,0.5122876000561719
child,20,25,org,4669,581.5090764951892,2370,25.0,0.08,0.9199999999999999,0.012125,0.9199999999999999,0.9199999999999999,0.9199999999999999,2.0,32.0,25.0,0.04,0.96,0.0061,0.8,0.8,0.8,2.0,20.0,268.0,0.993850884096404,1.0,0.6876424189307625,0.8149148317407562
child,20,25,org,6131,585.3582333279774,2484,24.0,0.1875,0.78,0.02725,0.8125,0.78,0.7959,5.5,94.0,24.0,0.1667,0.8,0.0242,0.6667,0.64,0.6531,9.0,84.0,329.0,0.993416734267279,1.0,0.6541620007465472,0.7909285794877581
child,20,25,org,2617,441.4235185920261,1831,25.0,0.08,0.9199999999999999,0.012125,0.9199999999999999,0.9199999999999999,0.9199999999999999,2.0,32.0,25.0,0.04,0.96,0.0061,0.8,0.8,0.8,2.0,20.0,268.0,0.9934098714290299,1.0,0.7446314567614626,0.8536260811709914
child,20,25,org,7166,542.3163461992517,2180,25.0,0.168,0.8320000000000001,0.02544,0.8320000000000001,0.8320000000000001,0.8320000000000001,4.2,89.2,25.0,0.04,0.96,0.0061,0.76,0.76,0.76,3.0,25.0,298.0,0.9950638974187838,0.9995258416311048,0.7232801509692914,0.8392554991539762
child,20,25,org,1428,527.7386740250513,2142,25.0,0.08,0.9200000000000002,0.01212,0.9200000000000002,0.9200000000000002,0.9200000000000002,2.0,35.0,25.0,0.0,1.0,0.0,0.8400000000000001,0.8400000000000001,0.8400000000000001,0.0,0.0,288.0,0.9943155996021821,1.0,0.7152839992832826,0.8340123263344823
child,20,25,org,8328,1370.7830600948073,4845,20.0,0.125,0.7,0.01515,0.875,0.7,0.7778,7.5,106.0,20.0,0.1,0.72,0.0121,0.7,0.56,0.6222,10.0,96.0,324.0,0.9971824506941238,1.0,0.0008882966910948257,0.0017750166407810074
child,20,25,org,8289,79585.93849398801,5404,19.0,0.1053,0.68,0.0121,0.8947,0.68,0.7727,8.0,120.0,19.0,0.1053,0.68,0.0121,0.6316,0.48,0.5455,11.0,120.0,322.0,0.9952907420323902,,0.0,
child,20,25,org,5978,561.1442536008544,1829,25.0,0.11200000000000002,0.8880000000000001,0.016980000000000002,0.8880000000000001,0.8880000000000001,0.8880000000000001,2.8,64.0,25.0,0.04,0.96,0.0061,0.76,0.76,0.76,3.0,25.0,298.0,0.9954993214786609,0.9992821249102656,0.759825327510917,0.8632558139534884
child,20,25,org,5511,525.972964502871,1954,25.0,0.14,0.86,0.0212,0.86,0.86,0.86,3.5,73.0,25.0,0.08,0.92,0.0121,0.76,0.76,0.76,2.0,43.0,288.0,0.9945336505440825,1.0,0.7374885426214483,0.8489132728423718
child,20,25,org,5864,13964.245800363831,4735,19.0,0.23685,0.5800000000000001,0.02725,0.76315,0.5800000000000001,0.6591,10.5,145.0,19.0,0.1579,0.64,0.0182,0.6316,0.48,0.5455,12.0,134.0,341.0,0.9958055809163227,1.0,0.0009313154831199069,0.001860897883228658
child,20,25,org,606,437.187177434098,1679,25.0,0.08,0.9199999999999999,0.012125,0.9199999999999999,0.9199999999999999,0.9199999999999999,2.0,32.0,25.0,0.04,0.96,0.0061,0.8,0.8,0.8,2.0,20.0,268.0,0.9941601541768783,0.9997498123592694,0.7744186046511627,0.8727749262859015
child,20,25,org,1933,517.8743615648709,2086,25.0,0.12,0.88,0.018166666666666668,0.88,0.88,0.88,3.0,57.333333333333336,25.0,0.10666666666666667,0.8933333333333334,0.016166666666666666,0.7600000000000001,0.7600000000000001,0.7600000000000001,5.666666666666667,57.0,216.33333333333334,0.9927336049873801,1.0,0.712476370510397,0.8321006733635059
child,20,25,org,6071,507.1216003661975,1887,25.0,0.08,0.9199999999999999,0.012125,0.9199999999999999,0.9199999999999999,0.9199999999999999,2.0,32.0,25.0,0.04,0.96,0.0061,0.8,0.8,0.8,2.0,20.0,268.0,0.9957632090855093,1.0,0.7635793871866295,0.8659427443237908
child,20,25,org,5504,472.0369753590785,1817,25.0,0.08,0.9199999999999999,0.012125,0.9199999999999999,0.9199999999999999,0.9199999999999999,2.0,32.0,25.0,0.04,0.96,0.0061,0.8,0.8,0.8,2.0,20.0,268.0,0.9937293577805233,1.0,0.7639277063536426,0.8661666842716806
child,20,25,org,5163,4212.889694748912,4773,18.0,0.1111,0.64,0.0121,0.8889,0.64,0.7442,9.0,133.0,18.0,0.1111,0.64,0.0121,0.7222,0.52,0.6047,13.0,133.0,341.0,0.9969752841353292,1.0,0.0009155413138017853,0.001829407729247656
child,20,25,org,2406,1717.9248687615618,4767,21.0,0.16670000000000001,0.7,0.0212,0.8332999999999999,0.7,0.76085,7.5,113.0,21.0,0.1429,0.72,0.0182,0.7143,0.6,0.6522,9.0,103.0,305.0,0.9977060662209731,1.0,0.0008968609865470852,0.0017921146953405016
child,20,25,org,304,473.99246298801154,1934,25.0,0.18,0.8200000000000001,0.02725,0.8200000000000001,0.8200000000000001,0.8200000000000001,4.5,95.0,25.0,0.12,0.88,0.0182,0.72,0.72,0.72,5.0,65.0,291.0,0.9934553163661225,0.9987392839132627,0.7434309309309309,0.8523778782009899
child,20,25,org,3391,603.9599462696351,2524,24.0,0.2083,0.76,0.0303,0.7917,0.76,0.7755,6.0,88.0,24.0,0.1667,0.8,0.0242,0.7083,0.68,0.6939,7.0,84.0,228.0,0.9951548902878684,1.0,0.6148443432042521,0.761490537204655
child,20,25,org,359,14314.490124269389,5126,20.0,0.1,0.72,0.0121,0.9,0.72,0.8,7.0,113.0,20.0,0.1,0.72,0.0121,0.7,0.56,0.6222,10.0,113.0,324.0,0.9958194855056804,,0.0,
child,20,25,org,9096,468.8632467458956,1936,25.0,0.12,0.88,0.018175,0.88,0.88,0.88,3.0,54.0,25.0,0.08,0.92,0.0121,0.76,0.76,0.76,5.0,42.0,191.0,0.9952044692026649,0.999753269183321,0.7365933466642428,0.8482311073895751
child,20,25,org,3533,468.2706004260108,1963,25.0,0.08,0.92,0.0121,0.92,0.92,0.92,2.0,24.0,25.0,0.04,0.96,0.0061,0.84,0.84,0.84,2.0,22.0,268.0,0.993189321651839,1.0,0.7343076634813566,0.8468020743301642
child,20,25,org,4125,1161.8486091061495,5096,23.0,0.32172,0.624,0.04486,0.67828,0.624,0.65,9.4,152.2,23.0,0.1739,0.76,0.0242,0.7391,0.68,0.7083,9.0,122.0,284.0,0.9959040613126007,1.0,0.09788461538461539,0.17831494132072168
child,20,25,org,3094,465.28459957335144,1971,25.0,0.06,0.94,0.0091,0.94,0.94,0.94,1.5,24.0,25.0,0.04,0.96,0.0061,0.8,0.8,0.8,2.0,22.0,268.0,0.994268006384674,1.0,0.743603701687534,0.8529503590384014
child,20,25,org,6398,730.055475752335,3315,24.0,0.10414999999999999,0.86,0.01515,0.89585,0.86,0.87755,3.5,61.0,24.0,0.0,0.96,0.0,0.8333,0.8,0.8163,2.0,17.0,306.0,0.9948793995346162,1.0,0.46022618363043893,0.630349173011289
child,20,25,new,7816,380.14825628884137,1926,25.0,0.08,0.92,0.0121,0.92,0.92,0.92,2.0,24.0,25.0,0.04,0.96,0.0061,0.84,0.84,0.84,2.0,22.0,268.0,0.995071260983617,0.9997587454764777,0.7468012254460263,0.8549618320610687
child,20,25,new,3578,1233.4461053884588,4982,23.0,0.2174,0.72,0.0303,0.7826,0.72,0.75,8.0,111.0,23.0,0.2174,0.72,0.0303,0.6087,0.56,0.5833,12.0,111.0,316.0,0.9951482494182358,1.0,0.01287647315582715,0.025425554837319543
child,20,25,new,2656,1779.0778670958243,4942,19.0,0.0526,0.72,0.0061,0.9474,0.72,0.8182,7.0,113.0,19.0,0.0,0.76,0.0,0.7895,0.6,0.6818,10.0,86.0,343.0,0.9960379984398826,,0.0,
child,20,25,new,2688,475.2855117470026,2004,25.0,0.128,0.8720000000000001,0.01938,0.8720000000000001,0.8720000000000001,0.8720000000000001,3.2,54.8,25.0,0.04,0.96,0.0061,0.8,0.8,0.8,3.0,22.0,291.0,0.9935962990930199,0.9992834965369,0.7479442259563819,0.8555362437378593
child,20,25,new,2494,456.4979325630702,1964,25.0,0.1,0.9,0.01515,0.9,0.9,0.9,2.5,46.0,25.0,0.08,0.92,0.0121,0.76,0.76,0.76,5.0,44.0,271.0,0.9941505679201467,1.0,0.7282670186686782,0.842771412984179
child,20,25,new,183,1444.7479145159014,4895,18.0,0.0556,0.68,0.0061,0.9444,0.68,0.7907,8.0,129.0,18.0,0.0,0.72,0.0,0.7222,0.52,0.6047,12.0,102.0,361.0,0.9954972891582454,1.0,0.0011241007194244604,0.0022456770716370983
child,20,25,new,7977,2264.2899448731914,4916,20.0,0.15,0.68,0.0182,0.85,0.68,0.7556,8.0,111.0,20.0,0.1,0.72,0.0121,0.6,0.48,0.5333,11.0,107.0,342.0,0.994566287830511,,0.0,
child,20,25,new,3199,448.56263278611004,1999,25.0,0.08,0.92,0.0121,0.92,0.92,0.92,2.0,24.0,25.0,0.04,0.96,0.0061,0.84,0.84,0.84,2.0,22.0,268.0,0.9928943937587084,1.0,0.7443581206067332,0.8534464475079534
child,20,25,new,316,465.9585766326636,2053,25.0,0.10400000000000001,0.8960000000000001,0.015760000000000003,0.8960000000000001,0.8960000000000001,0.8960000000000001,2.6,45.0,25.0,0.0,1.0,0.0,0.8400000000000001,0.8400000000000001,0.8400000000000001,0.0,0.0,288.0,0.992945906681384,1.0,0.7248444932308818,0.8404751803139584
child,20,25,new,8266,475.9413518682122,2002,25.0,0.08,0.9199999999999999,0.012125,0.9199999999999999,0.9199999999999999,0.9199999999999999,2.0,39.0,25.0,0.04,0.96,0.0061,0.8,0.8,0.8,2.0,27.0,171.0,0.9946131053357175,1.0,0.7229906542056075,0.8392275981774788
child,20,25,new,1532,474.3146567400545,2067,25.0,0.08,0.9199999999999999,0.01212,0.9199999999999999,0.9199999999999999,0.9199999999999999,2.0,38.8,25.0,0.0,1.0,0.0,0.8400000000000001,0.8400000000000001,0.8400000000000001,0.0,0.0,288.0,0.9934203521572156,1.0,0.7080264400377715,0.8290579389650597
child,20,25,new,1009,489.88200964499265,2182,25.0,0.08,0.9199999999999999,0.012125,0.9199999999999999,0.9199999999999999,0.9199999999999999,2.0,39.0,25.0,0.04,0.96,0.0061,0.8,0.8,0.8,2.0,27.0,171.0,0.9928818836587211,1.0,0.6863234729158663,0.8139879257318601
child,20,25,new,2250,2064.3149251840077,5069,20.0,0.1,0.72,0.0121,0.9,0.72,0.8,7.0,112.0,20.0,0.1,0.72,0.0121,0.75,0.6,0.6667,10.0,112.0,324.0,0.99561496645173,,0.0,
child,20,25,new,4447,450.59358475683257,1948,25.0,0.168,0.8320000000000001,0.02544,0.8320000000000001,0.8320000000000001,0.8320000000000001,4.2,73.8,25.0,0.08,0.9200000000000002,0.0121,0.76,0.76,0.76,4.0,29.0,298.0,0.9937986557876798,0.9997556804300024,0.7449481157837248,0.8537450448570831
child,20,25,new,2415,1068.3382807611488,4682,20.0,0.2,0.64,0.0242,0.8,0.64,0.7111,9.0,131.0,20.0,0.1,0.72,0.0121,0.75,0.6,0.6667,12.0,112.0,343.0,0.996025543488408,1.0,0.0009347978499649451,0.0018678496381041327
child,20,25,new,3595,1134.1775779351592,4977,20.0,0.1,0.72,0.0121,0.9,0.72,0.8,7.0,116.0,20.0,0.1,0.72,0.0121,0.75,0.6,0.6667,10.0,116.0,237.0,0.9959674192627745,1.0,0.005747126436781609,0.011428571428571429
child,20,25,new,4187,3675.762084973976,5078,20.0,0.2,0.64,0.0242,0.8,0.64,0.7111,9.0,134.0,20.0,0.2,0.64,0.0242,0.75,0.6,0.6667,10.0,134.0,338.0,0.9960981501370516,,0.0,
child,20,25,new,4135,454.3532138550654,1864,25.0,0.08,0.92,0.0121,0.92,0.92,0.92,2.0,24.0,25.0,0.04,0.96,0.0061,0.84,0.84,0.84,2.0,22.0,268.0,0.9946788510329987,1.0,0.7558371040723982,0.8609421709102154
child,20,25,new,5174,977.1348307030275,4470,24.0,0.2917,0.68,0.0424,0.7083,0.68,0.6939,8.0,129.0,24.0,0.2083,0.76,0.0303,0.6667,0.64,0.6531,7.0,105.0,269.0,0.9952617386657008,1.0,0.2286829268292683,0.3722407495632841
child,20,25,new,5303,508.9866368351504,2199,25.0,0.11200000000000002,0.8879999999999999,0.016959999999999996,0.8879999999999999,0.8879999999999999,0.8879999999999999,2.8,61.8,25.0,0.04,0.96,0.0061,0.76,0.76,0.76,3.0,25.0,298.0,0.9944201866274024,1.0,0.6838839204234349,0.8122696726642098
child,20,25,new,3942,1349.2012211182155,5384,20.0,0.1,0.72,0.0121,0.9,0.72,0.8,7.0,116.0,20.0,0.1,0.72,0.0121,0.7,0.56,0.6222,10.0,116.0,324.0,0.9956382703493122,1.0,0.00608149199270221,0.012089462018940159
child,20,25,new,2778,2117.673198990058,4785,19.0,0.0526,0.72,0.0061,0.9474,0.72,0.8182,7.0,107.0,19.0,0.0,0.76,0.0,0.7368,0.56,0.6364,10.0,83.0,342.0,0.9954799931322726,1.0,0.0006920415224913495,0.0013831258644536651
child,20,25,new,2804,421.9491031123325,1814,25.0,0.064,0.9359999999999999,0.0097,0.9359999999999999,0.9359999999999999,0.9359999999999999,1.6,30.4,25.0,0.0,1.0,0.0,0.8400000000000001,0.8400000000000001,0.8400000000000001,0.0,0.0,288.0,0.9947917996920749,1.0,0.7670475488389237,0.86816854401335
child,20,25,new,2145,509.2542755291797,2241,25.0,0.1,0.9,0.01515,0.9,0.9,0.9,2.5,46.0,25.0,0.08,0.92,0.0121,0.76,0.76,0.76,5.0,44.0,271.0,0.9917280494493488,1.0,0.7009018958218296,0.8241532301698951
child,20,25,new,150,2251.8809455810115,5001,19.0,0.1579,0.64,0.0182,0.8421,0.64,0.7273,9.0,153.0,19.0,0.1579,0.64,0.0182,0.6316,0.48,0.5455,12.0,153.0,255.0,0.9954214775638938,,0.0,
child,20,25,new,8823,936.4989036130719,4289,24.0,0.3333,0.64,0.0485,0.6667,0.64,0.6531,9.0,144.0,24.0,0.25,0.72,0.0364,0.625,0.6,0.6122,10.0,122.0,325.0,0.9949110697400022,1.0,0.2860109495941099,0.4448032883147387
child,20,25,new,4669,544.213222024031,2370,25.0,0.06,0.94,0.0091,0.94,0.94,0.94,1.5,22.0,25.0,0.04,0.96,0.0061,0.8,0.8,0.8,2.0,20.0,268.0,0.993850884096404,1.0,0.6876424189307625,0.8149148317407562
child,20,25,new,6131,540.9459945680574,2484,24.0,0.1667,0.8,0.0242,0.8333,0.8,0.8163,5.0,84.0,24.0,0.1667,0.8,0.0242,0.6667,0.64,0.6531,9.0,84.0,329.0,0.993416734267279,1.0,0.6541620007465472,0.7909285794877581
child,20,25,new,2617,424.15536658558995,1831,25.0,0.06,0.94,0.0091,0.94,0.94,0.94,1.5,22.0,25.0,0.04,0.96,0.0061,0.8,0.8,0.8,2.0,20.0,268.0,0.9934098714290299,1.0,0.7446314567614626,0.8536260811709914
child,20,25,new,7166,504.7326796851121,2180,25.0,0.11200000000000002,0.8880000000000001,0.016980000000000002,0.8880000000000001,0.8880000000000001,0.8880000000000001,2.8,63.6,25.0,0.04,0.96,0.0061,0.76,0.76,0.76,3.0,25.0,298.0,0.9950638974187838,0.9995258416311048,0.7232801509692914,0.8392554991539762
child,20,25,new,1428,486.35592274414375,2142,25.0,0.088,0.9120000000000001,0.013340000000000001,0.9120000000000001,0.9120000000000001,0.9120000000000001,2.2,34.2,25.0,0.0,1.0,0.0,0.8400000000000001,0.8400000000000001,0.8400000000000001,0.0,0.0,288.0,0.9943155996021821,1.0,0.7152839992832826,0.8340123263344823
child,20,25,new,8328,927.5387925752439,4845,21.0,0.0952,0.76,0.0121,0.9048,0.76,0.8261,6.0,76.0,21.0,0.0,0.84,0.0,0.7619,0.64,0.6957,7.0,50.0,324.0,0.9971824506941238,1.0,0.0008882966910948257,0.0017750166407810074
child,20,25,new,8289,2991.6045149038546,5404,22.0,0.0909,0.8,0.0121,0.9091,0.8,0.8511,5.0,80.0,22.0,0.0909,0.8,0.0121,0.6818,0.6,0.6383,7.0,80.0,305.0,0.9952907420323902,,0.0,
child,20,25,new,5978,467.3192722038366,1829,25.0,0.096,0.9040000000000001,0.01456,0.9040000000000001,0.9040000000000001,0.9040000000000001,2.4,54.2,25.0,0.04,0.96,0.0061,0.76,0.76,0.76,3.0,25.0,298.0,0.9954993214786609,0.9992821249102656,0.759825327510917,0.8632558139534884
child,20,25,new,5511,489.62948720064014,1954,25.0,0.064,0.9359999999999999,0.0097,0.9359999999999999,0.9359999999999999,0.9359999999999999,1.6,25.6,25.0,0.0,1.0,0.0,0.8400000000000001,0.8400000000000001,0.8400000000000001,0.0,0.0,288.0,0.9945336505440825,1.0,0.7374885426214483,0.8489132728423718
child,20,25,new,5864,1962.5580369839445,4735,19.0,0.1579,0.64,0.0182,0.8421,0.64,0.7273,9.0,134.0,19.0,0.0526,0.72,0.0061,0.7368,0.56,0.6364,10.0,106.0,341.0,0.9958055809163227,1.0,0.0009313154831199069,0.001860897883228658
child,20,25,new,606,390.6859898469411,1679,25.0,0.06,0.94,0.0091,0.94,0.94,0.94,1.5,22.0,25.0,0.04,0.96,0.0061,0.8,0.8,0.8,2.0,20.0,268.0,0.9941601541768783,0.9997498123592694,0.7744186046511627,0.8727749262859015
child,20,25,new,1933,483.63157653901726,2086,25.0,0.11200000000000002,0.8880000000000001,0.01696,0.8880000000000001,0.8880000000000001,0.8880000000000001,2.8,48.4,25.0,0.04,0.96,0.0061,0.8,0.8,0.8,3.0,22.0,291.0,0.9927336049873801,1.0,0.712476370510397,0.8321006733635059
child,20,25,new,6071,473.92700943676755,1887,25.0,0.06,0.94,0.0091,0.94,0.94,0.94,1.5,22.0,25.0,0.04,0.96,0.0061,0.8,0.8,0.8,2.0,20.0,268.0,0.9957632090855093,1.0,0.7635793871866295,0.8659427443237908
child,20,25,new,5504,434.41563000390306,1817,25.0,0.06,0.94,0.0091,0.94,0.94,0.94,1.5,22.0,25.0,0.04,0.96,0.0061,0.8,0.8,0.8,2.0,20.0,268.0,0.9937293577805233,1.0,0.7639277063536426,0.8661666842716806
child,20,25,new,5163,1005.8917980310507,4773,18.0,0.1111,0.64,0.0121,0.8889,0.64,0.7442,9.0,133.0,18.0,0.1111,0.64,0.0121,0.7222,0.52,0.6047,13.0,133.0,341.0,0.9969752841353292,1.0,0.0009155413138017853,0.001829407729247656
child,20,25,new,2406,956.0118647543713,4767,21.0,0.0952,0.76,0.0121,0.9048,0.76,0.8261,6.0,84.0,21.0,0.0952,0.76,0.0121,0.7143,0.6,0.6522,8.0,84.0,305.0,0.9977060662209731,1.0,0.0008968609865470852,0.0017921146953405016
child,20,25,new,304,438.2109711631201,1934,25.0,0.12,0.8800000000000001,0.01818,0.8800000000000001,0.8800000000000001,0.8800000000000001,3.0,57.6,25.0,0.04,0.96,0.0061,0.8,0.8,0.8,3.0,22.0,291.0,0.9934553163661225,0.9987392839132627,0.7434309309309309,0.8523778782009899
child,20,25,new,3391,559.9457208858803,2524,24.0,0.1667,0.8,0.0242,0.8333,0.8,0.8163,5.0,84.0,24.0,0.1667,0.8,0.0242,0.7083,0.68,0.6939,7.0,84.0,228.0,0.9951548902878684,1.0,0.6148443432042521,0.761490537204655
child,20,25,new,359,1770.391009545885,5126,20.0,0.1,0.72,0.0121,0.9,0.72,0.8,7.0,113.0,20.0,0.1,0.72,0.0121,0.7,0.56,0.6222,10.0,113.0,324.0,0.9958194855056804,,0.0,
child,20,25,new,9096,438.4027520120144,1936,25.0,0.1,0.9,0.01515,0.9,0.9,0.9,2.5,44.0,25.0,0.08,0.92,0.0121,0.76,0.76,0.76,5.0,42.0,191.0,0.9952044692026649,0.999753269183321,0.7365933466642428,0.8482311073895751
child,20,25,new,3533,435.2427731049247,1963,25.0,0.08,0.92,0.0121,0.92,0.92,0.92,2.0,24.0,25.0,0.04,0.96,0.0061,0.84,0.84,0.84,2.0,22.0,268.0,0.993189321651839,1.0,0.7343076634813566,0.8468020743301642
child,20,25,new,4125,1093.2049607886001,5096,23.0,0.32172,0.624,0.04486,0.67828,0.624,0.65,9.4,152.2,23.0,0.1739,0.76,0.0242,0.7391,0.68,0.7083,9.0,122.0,284.0,0.9959040613126007,1.0,0.09788461538461539,0.17831494132072168
child,20,25,new,3094,431.8943413067609,1971,25.0,0.06,0.94,0.0091,0.94,0.94,0.94,1.5,24.0,25.0,0.04,0.96,0.0061,0.8,0.8,0.8,2.0,22.0,268.0,0.994268006384674,1.0,0.743603701687534,0.8529503590384014
child,20,25,new,6398,684.9019155139104,3315,24.0,0.0833,0.88,0.0121,0.9167,0.88,0.898,3.0,61.0,24.0,0.0,0.96,0.0,0.8333,0.8,0.8163,2.0,17.0,306.0,0.9948793995346162,1.0,0.46022618363043893,0.630349173011289
earthquake,5,4,org,7816,0.02493326459079981,0,4.0,0.0,1.0,0.0,1.0,1.0,1.0,0.0,0.0,4.0,0.0,1.0,0.0,1.0,1.0,1.0,0.0,0.0,5.0,1.0,,0.0,
earthquake,5,4,org,3578,0.024706256110221148,0,4.0,0.0,1.0,0.0,1.0,1.0,1.0,0.0,0.0,4.0,0.0,1.0,0.0,1.0,1.0,1.0,0.0,0.0,5.0,1.0,,0.0,
earthquake,5,4,org,2656,0.024722883943468332,0,4.0,0.0,1.0,0.0,1.0,1.0,1.0,0.0,0.0,4.0,0.0,1.0,0.0,1.0,1.0,1.0,0.0,0.0,5.0,1.0,,0.0,
earthquake,5,4,org,2688,0.026133982464671135,0,4.0,0.0,1.0,0.0,1.0,1.0,1.0,0.0,0.0,4.0,0.0,1.0,0.0,1.0,1.0,1.0,0.0,0.0,5.0,1.0,,0.0,
earthquake,5,4,org,2494,0.026800842955708504,1,4.0,0.0,1.0,0.0,1.0,1.0,1.0,0.0,0.0,4.0,0.0,1.0,0.0,1.0,1.0,1.0,0.0,0.0,5.0,1.0,1.0,1.0,1.0
earthquake,5,4,org,183,0.025339793879538774,0,4.0,0.0,1.0,0.0,1.0,1.0,1.0,0.0,0.0,4.0,0.0,1.0,0.0,1.0,1.0,1.0,0.0,0.0,5.0,1.0,,0.0,
earthquake,5,4,org,7977,0.026715984102338552,0,4.0,0.0,1.0,0.0,1.0,1.0,1.0,0.0,0.0,4.0,0.0,1.0,0.0,1.0,1.0,1.0,0.0,0.0,5.0,1.0,,0.0,
earthquake,5,4,org,3199,0.03510276693850756,2,4.0,0.0,1.0,0.0,1.0,1.0,1.0,0.0,0.0,4.0,0.0,1.0,0.0,1.0,1.0,1.0,0.0,0.0,5.0,1.0,1.0,1.0,1.0
earthquake,5,4,org,316,0.025556897278875113,0,4.0,0.0,1.0,0.0,1.0,1.0,1.0,0.0,0.0,4.0,0.0,1.0,0.0,1.0,1.0,1.0,0.0,0.0,5.0,1.0,,0.0,
earthquake,5,4,org,8266,0.03281128592789173,2,5.0,0.2,1.0,0.1667,0.8,1.0,0.8889,1.0,0.0,5.0,0.2,1.0,0.1667,0.8,1.0,0.8889,1.0,0.0,14.0,0.999097505881862,0.9824561403508771,0.9824561403508771,0.9824561403508771
earthquake,5,4,org,1532,0.038991875015199184,7,4.0,0.0,1.0,0.0,1.0,1.0,1.0,0.0,0.0,4.0,0.0,1.0,0.0,1.0,1.0,1.0,0.0,0.0,5.0,0.9965682898771648,1.0,0.9074074074074074,0.9514563106796117
earthquake,5,4,org,1009,0.10753853293135762,53,4.0,0.25,0.75,0.1667,0.75,0.75,0.75,2.0,4.0,4.0,0.25,0.75,0.1667,0.75,0.75,0.75,2.0,4.0,13.0,0.9982517245630247,1.0,0.07407407407407407,0.13793103448275862
earthquake,5,4,org,2250,0.02507902728393674,0,4.0,0.0,1.0,0.0,1.0,1.0,1.0,0.0,0.0,4.0,0.0,1.0,0.0,1.0,1.0,1.0,0.0,0.0,5.0,1.0,,0.0,
earthquake,5,4,org,4447,0.02467083092778921,0,4.0,0.0,1.0,0.0,1.0,1.0,1.0,0.0,0.0,4.0,0.0,1.0,0.0,1.0,1.0,1.0,0.0,0.0,5.0,1.0,,0.0,
earthquake,5,4,org,2415,0.025571600068360567,0,4.0,0.0,1.0,0.0,1.0,1.0,1.0,0.0,0.0,4.0,0.0,1.0,0.0,1.0,1.0,1.0,0.0,0.0,5.0,1.0,,0.0,
earthquake,5,4,org,3595,0.02561069978401065,0,4.0,0.0,1.0,0.0,1.0,1.0,1.0,0.0,0.0,4.0,0.0,1.0,0.0,1.0,1.0,1.0,0.0,0.0,5.0,1.0,,0.0,
earthquake,5,4,org,4187,0.03721499489620328,4,4.0,0.0,1.0,0.0,1.0,1.0,1.0,0.0,0.0,4.0,0.0,1.0,0.0,1.0,1.0,1.0,0.0,0.0,5.0,0.9993897326498339,1.0,0.9649122807017544,0.9821428571428572
earthquake,5,4,org,4135,0.02486602682620287,0,4.0,0.0,1.0,0.0,1.0,1.0,1.0,0.0,0.0,4.0,0.0,1.0,0.0,1.0,1.0,1.0,0.0,0.0,5.0,1.0,,0.0,
earthquake,5,4,org,5174,0.025617068633437157,0,4.0,0.0,1.0,0.0,1.0,1.0,1.0,0.0,0.0,4.0,0.0,1.0,0.0,1.0,1.0,1.0,0.0,0.0,5.0,1.0,,0.0,
earthquake,5,4,org,5303,0.02478685788810253,0,4.0,0.0,1.0,0.0,1.0,1.0,1.0,0.0,0.0,4.0,0.0,1.0,0.0,1.0,1.0,1.0,0.0,0.0,5.0,1.0,,0.0,
earthquake,5,4,org,3942,0.025062635075300932,0,4.0,0.0,1.0,0.0,1.0,1.0,1.0,0.0,0.0,4.0,0.0,1.0,0.0,1.0,1.0,1.0,0.0,0.0,5.0,1.0,,0.0,
earthquake,5,4,org,2778,0.026569104753434658,0,4.0,0.0,1.0,0.0,1.0,1.0,1.0,0.0,0.0,4.0,0.0,1.0,0.0,1.0,1.0,1.0,0.0,0.0,5.0,1.0,,0.0,
earthquake,5,4,org,2804,0.024636097718030214,0,4.0,0.0,1.0,0.0,1.0,1.0,1.0,0.0,0.0,4.0,0.0,1.0,0.0,1.0,1.0,1.0,0.0,0.0,5.0,1.0,,0.0,
earthquake,5,4,org,2145,0.02451033517718315,0,4.0,0.0,1.0,0.0,1.0,1.0,1.0,0.0,0.0,4.0,0.0,1.0,0.0,1.0,1.0,1.0,0.0,0.0,5.0,1.0,,0.0,
earthquake,5,4,org,150,0.024941715877503157,0,4.0,0.0,1.0,0.0,1.0,1.0,1.0,0.0,0.0,4.0,0.0,1.0,0.0,1.0,1.0,1.0,0.0,0.0,5.0,1.0,,0.0,
earthquake,5,4,org,8823,0.024798675905913115,0,4.0,0.0,1.0,0.0,1.0,1.0,1.0,0.0,0.0,4.0,0.0,1.0,0.0,1.0,1.0,1.0,0.0,0.0,5.0,1.0,,0.0,
earthquake,5,4,org,4669,0.026206950657069683,0,4.0,0.0,1.0,0.0,1.0,1.0,1.0,0.0,0.0,4.0,0.0,1.0,0.0,1.0,1.0,1.0,0.0,0.0,5.0,1.0,,0.0,
earthquake,5,4,org,6131,0.024532832205295563,0,4.0,0.0,1.0,0.0,1.0,1.0,1.0,0.0,0.0,4.0,0.0,1.0,0.0,1.0,1.0,1.0,0.0,0.0,5.0,1.0,,0.0,
earthquake,5,4,org,2617,0.024933948181569576,0,4.0,0.0,1.0,0.0,1.0,1.0,1.0,0.0,0.0,4.0,0.0,1.0,0.0,1.0,1.0,1.0,0.0,0.0,5.0,1.0,,0.0,
earthquake,5,4,org,7166,0.024913165718317032,0,4.0,0.0,1.0,0.0,1.0,1.0,1.0,0.0,0.0,4.0,0.0,1.0,0.0,1.0,1.0,1.0,0.0,0.0,5.0,1.0,,0.0,
earthquake,5,4,org,1428,0.025162923149764538,0,4.0,0.0,1.0,0.0,1.0,1.0,1.0,0.0,0.0,4.0,0.0,1.0,0.0,1.0,1.0,1.0,0.0,0.0,5.0,1.0,,0.0,
earthquake,5,4,org,8328,0.025699646677821875,0,4.0,0.0,1.0,0.0,1.0,1.0,1.0,0.0,0.0,4.0,0.0,1.0,0.0,1.0,1.0,1.0,0.0,0.0,5.0,1.0,,0.0,
earthquake,5,4,org,8289,0.025034135207533836,0,4.0,0.0,1.0,0.0,1.0,1.0,1.0,0.0,0.0,4.0,0.0,1.0,0.0,1.0,1.0,1.0,0.0,0.0,5.0,1.0,,0.0,
earthquake,5,4,org,5978,0.024977928027510643,0,4.0,0.0,1.0,0.0,1.0,1.0,1.0,0.0,0.0,4.0,0.0,1.0,0.0,1.0,1.0,1.0,0.0,0.0,5.0,1.0,,0.0,
earthquake,5,4,org,5511,0.02486188104376197,0,4.0,0.0,1.0,0.0,1.0,1.0,1.0,0.0,0.0,4.0,0.0,1.0,0.0,1.0,1.0,1.0,0.0,0.0,5.0,1.0,,0.0,
earthquake,5,4,org,5864,0.024978906847536564,0,4.0,0.0,1.0,0.0,1.0,1.0,1.0,0.0,0.0,4.0,0.0,1.0,0.0,1.0,1.0,1.0,0.0,0.0,5.0,1.0,,0.0,
earthquake,5,4,org,606,0.037908620201051235,5,5.0,0.2,1.0,0.1667,0.8,1.0,0.8889,1.0,0.0,5.0,0.2,1.0,0.1667,0.8,1.0,0.8889,1.0,0.0,14.0,0.9975105075031312,0.9814814814814815,0.9137931034482759,0.9464285714285714
earthquake,5,4,org,1933,0.025978763587772846,0,4.0,0.0,1.0,0.0,1.0,1.0,1.0,0.0,0.0,4.0,0.0,1.0,0.0,1.0,1.0,1.0,0.0,0.0,5.0,1.0,,0.0,
earthquake,5,4,org,6071,0.02486921614035964,0,4.0,0.0,1.0,0.0,1.0,1.0,1.0,0.0,0.0,4.0,0.0,1.0,0.0,1.0,1.0,1.0,0.0,0.0,5.0,1.0,,0.0,
earthquake,5,4,org,5504,0.024683278985321522,0,4.0,0.0,1.0,0.0,1.0,1.0,1.0,0.0,0.0,4.0,0.0,1.0,0.0,1.0,1.0,1.0,0.0,0.0,5.0,1.0,,0.0,
earthquake,5,4,org,5163,0.024623131845146418,0,4.0,0.0,1.0,0.0,1.0,1.0,1.0,0.0,0.0,4.0,0.0,1.0,0.0,1.0,1.0,1.0,0.0,0.0,5.0,1.0,,0.0,
earthquake,5,4,org,2406,0.02422945899888873,0,4.0,0.0,1.0,0.0,1.0,1.0,1.0,0.0,0.0,4.0,0.0,1.0,0.0,1.0,1.0,1.0,0.0,0.0,5.0,1.0,,0.0,
earthquake,5,4,org,304,0.024539226200431585,0,4.0,0.0,1.0,0.0,1.0,1.0,1.0,0.0,0.0,4.0,0.0,1.0,0.0,1.0,1.0,1.0,0.0,0.0,5.0,1.0,,0.0,
earthquake,5,4,org,3391,0.0246086698025465,0,4.0,0.0,1.0,0.0,1.0,1.0,1.0,0.0,0.0,4.0,0.0,1.0,0.0,1.0,1.0,1.0,0.0,0.0,5.0,1.0,,0.0,
earthquake,5,4,org,359,0.02476851735264063,0,4.0,0.0,1.0,0.0,1.0,1.0,1.0,0.0,0.0,4.0,0.0,1.0,0.0,1.0,1.0,1.0,0.0,0.0,5.0,1.0,,0.0,
earthquake,5,4,org,9096,0.02471314137801528,0,4.0,0.0,1.0,0.0,1.0,1.0,1.0,0.0,0.0,4.0,0.0,1.0,0.0,1.0,1.0,1.0,0.0,0.0,5.0,1.0,,0.0,
earthquake,5,4,org,3533,0.024869760032743216,0,4.0,0.0,1.0,0.0,1.0,1.0,1.0,0.0,0.0,4.0,0.0,1.0,0.0,1.0,1.0,1.0,0.0,0.0,5.0,1.0,,0.0,
earthquake,5,4,org,4125,0.025312683079391718,0,4.0,0.0,1.0,0.0,1.0,1.0,1.0,0.0,0.0,4.0,0.0,1.0,0.0,1.0,1.0,1.0,0.0,0.0,5.0,1.0,,0.0,
earthquake,5,4,org,3094,0.02477700123563409,0,4.0,0.0,1.0,0.0,1.0,1.0,1.0,0.0,0.0,4.0,0.0,1.0,0.0,1.0,1.0,1.0,0.0,0.0,5.0,1.0,,0.0,
earthquake,5,4,org,6398,0.029324520844966173,0,4.0,0.0,1.0,0.0,1.0,1.0,1.0,0.0,0.0,4.0,0.0,1.0,0.0,1.0,1.0,1.0,0.0,0.0,5.0,1.0,,0.0,
earthquake,5,4,new,7816,0.031068313866853714,0,4.0,0.0,1.0,0.0,1.0,1.0,1.0,0.0,0.0,4.0,0.0,1.0,0.0,1.0,1.0,1.0,0.0,0.0,5.0,1.0,,0.0,
earthquake,5,4,new,3578,0.023834295105189085,0,4.0,0.0,1.0,0.0,1.0,1.0,1.0,0.0,0.0,4.0,0.0,1.0,0.0,1.0,1.0,1.0,0.0,0.0,5.0,1.0,,0.0,
earthquake,5,4,new,2656,0.02348159532994032,0,4.0,0.0,1.0,0.0,1.0,1.0,1.0,0.0,0.0,4.0,0.0,1.0,0.0,1.0,1.0,1.0,0.0,0.0,5.0,1.0,,0.0,
earthquake,5,4,new,2688,0.02438791375607252,0,4.0,0.0,1.0,0.0,1.0,1.0,1.0,0.0,0.0,4.0,0.0,1.0,0.0,1.0,1.0,1.0,0.0,0.0,5.0,1.0,,0.0,
earthquake,5,4,new,2494,0.026557239703834057,1,4.0,0.0,1.0,0.0,1.0,1.0,1.0,0.0,0.0,4.0,0.0,1.0,0.0,1.0,1.0,1.0,0.0,0.0,5.0,1.0,1.0,1.0,1.0
earthquake,5,4,new,183,0.02388502424582839,0,4.0,0.0,1.0,0.0,1.0,1.0,1.0,0.0,0.0,4.0,0.0,1.0,0.0,1.0,1.0,1.0,0.0,0.0,5.0,1.0,,0.0,
earthquake,5,4,new,7977,0.02461941819638014,0,4.0,0.0,1.0,0.0,1.0,1.0,1.0,0.0,0.0,4.0,0.0,1.0,0.0,1.0,1.0,1.0,0.0,0.0,5.0,1.0,,0.0,
earthquake,5,4,new,3199,0.030896960757672787,2,4.0,0.0,1.0,0.0,1.0,1.0,1.0,0.0,0.0,4.0,0.0,1.0,0.0,1.0,1.0,1.0,0.0,0.0,5.0,1.0,1.0,1.0,1.0
earthquake,5,4,new,316,0.02494963724166155,0,4.0,0.0,1.0,0.0,1.0,1.0,1.0,0.0,0.0,4.0,0.0,1.0,0.0,1.0,1.0,1.0,0.0,0.0,5.0,1.0,,0.0,
earthquake,5,4,new,8266,0.030839123763144016,2,5.0,0.2,1.0,0.1667,0.8,1.0,0.8889,1.0,0.0,5.0,0.2,1.0,0.1667,0.8,1.0,0.8889,1.0,0.0,14.0,0.999097505881862,0.9824561403508771,0.9824561403508771,0.9824561403508771
earthquake,5,4,new,1532,0.036452095955610275,7,4.0,0.0,1.0,0.0,1.0,1.0,1.0,0.0,0.0,4.0,0.0,1.0,0.0,1.0,1.0,1.0,0.0,0.0,5.0,0.9965682898771648,1.0,0.9074074074074074,0.9514563106796117
earthquake,5,4,new,1009,0.10541547276079655,53,4.0,0.25,0.75,0.1667,0.75,0.75,0.75,2.0,4.0,4.0,0.25,0.75,0.1667,0.75,0.75,0.75,2.0,4.0,13.0,0.9982517245630247,1.0,0.07407407407407407,0.13793103448275862
earthquake,5,4,new,2250,0.02501051127910614,0,4.0,0.0,1.0,0.0,1.0,1.0,1.0,0.0,0.0,4.0,0.0,1.0,0.0,1.0,1.0,1.0,0.0,0.0,5.0,1.0,,0.0,
earthquake,5,4,new,4447,0.02376343496143818,0,4.0,0.0,1.0,0.0,1.0,1.0,1.0,0.0,0.0,4.0,0.0,1.0,0.0,1.0,1.0,1.0,0.0,0.0,5.0,1.0,,0.0,
earthquake,5,4,new,2415,0.024210755713284016,0,4.0,0.0,1.0,0.0,1.0,1.0,1.0,0.0,0.0,4.0,0.0,1.0,0.0,1.0,1.0,1.0,0.0,0.0,5.0,1.0,,0.0,
earthquake,5,4,new,3595,0.024927601218223572,0,4.0,0.0,1.0,0.0,1.0,1.0,1.0,0.0,0.0,4.0,0.0,1.0,0.0,1.0,1.0,1.0,0.0,0.0,5.0,1.0,,0.0,
earthquake,5,4,new,4187,0.03482799371704459,4,4.0,0.0,1.0,0.0,1.0,1.0,1.0,0.0,0.0,4.0,0.0,1.0,0.0,1.0,1.0,1.0,0.0,0.0,5.0,0.9993897326498339,1.0,0.9649122807017544,0.9821428571428572
earthquake,5,4,new,4135,0.0239513679407537,0,4.0,0.0,1.0,0.0,1.0,1.0,1.0,0.0,0.0,4.0,0.0,1.0,0.0,1.0,1.0,1.0,0.0,0.0,5.0,1.0,,0.0,
earthquake,5,4,new,5174,0.023913422599434853,0,4.0,0.0,1.0,0.0,1.0,1.0,1.0,0.0,0.0,4.0,0.0,1.0,0.0,1.0,1.0,1.0,0.0,0.0,5.0,1.0,,0.0,
earthquake,5,4,new,5303,0.02490662643685937,0,4.0,0.0,1.0,0.0,1.0,1.0,1.0,0.0,0.0,4.0,0.0,1.0,0.0,1.0,1.0,1.0,0.0,0.0,5.0,1.0,,0.0,
earthquake,5,4,new,3942,0.02405524719506502,0,4.0,0.0,1.0,0.0,1.0,1.0,1.0,0.0,0.0,4.0,0.0,1.0,0.0,1.0,1.0,1.0,0.0,0.0,5.0,1.0,,0.0,
earthquake,5,4,new,2778,0.023971074260771275,0,4.0,0.0,1.0,0.0,1.0,1.0,1.0,0.0,0.0,4.0,0.0,1.0,0.0,1.0,1.0,1.0,0.0,0.0,5.0,1.0,,0.0,
earthquake,5,4,new,2804,0.027463947888463736,0,4.0,0.0,1.0,0.0,1.0,1.0,1.0,0.0,0.0,4.0,0.0,1.0,0.0,1.0,1.0,1.0,0.0,0.0,5.0,1.0,,0.0,
earthquake,5,4,new,2145,0.02373050292953849,0,4.0,0.0,1.0,0.0,1.0,1.0,1.0,0.0,0.0,4.0,0.0,1.0,0.0,1.0,1.0,1.0,0.0,0.0,5.0,1.0,,0.0,
earthquake,5,4,new,150,0.023908043280243874,0,4.0,0.0,1.0,0.0,1.0,1.0,1.0,0.0,0.0,4.0,0.0,1.0,0.0,1.0,1.0,1.0,0.0,0.0,5.0,1.0,,0.0,
earthquake,5,4,new,8823,0.023516064044088125,0,4.0,0.0,1.0,0.0,1.0,1.0,1.0,0.0,0.0,4.0,0.0,1.0,0.0,1.0,1.0,1.0,0.0,0.0,5.0,1.0,,0.0,
earthquake,5,4,new,4669,0.024091884028166533,0,4.0,0.0,1.0,0.0,1.0,1.0,1.0,0.0,0.0,4.0,0.0,1.0,0.0,1.0,1.0,1.0,0.0,0.0,5.0,1.0,,0.0,
earthquake,5,4,new,6131,0.02385810576379299,0,4.0,0.0,1.0,0.0,1.0,1.0,1.0,0.0,0.0,4.0,0.0,1.0,0.0,1.0,1.0,1.0,0.0,0.0,5.0,1.0,,0.0,
earthquake,5,4,new,2617,0.024001082871109247,0,4.0,0.0,1.0,0.0,1.0,1.0,1.0,0.0,0.0,4.0,0.0,1.0,0.0,1.0,1.0,1.0,0.0,0.0,5.0,1.0,,0.0,
earthquake,5,4,new,7166,0.023906403221189976,0,4.0,0.0,1.0,0.0,1.0,1.0,1.0,0.0,0.0,4.0,0.0,1.0,0.0,1.0,1.0,1.0,0.0,0.0,5.0,1.0,,0.0,
earthquake,5,4,new,1428,0.023622162640094757,0,4.0,0.0,1.0,0.0,1.0,1.0,1.0,0.0,0.0,4.0,0.0,1.0,0.0,1.0,1.0,1.0,0.0,0.0,5.0,1.0,,0.0,
earthquake,5,4,new,8328,0.02390574524179101,0,4.0,0.0,1.0,0.0,1.0,1.0,1.0,0.0,0.0,4.0,0.0,1.0,0.0,1.0,1.0,1.0,0.0,0.0,5.0,1.0,,0.0,
earthquake,5,4,new,8289,0.024449623189866543,0,4.0,0.0,1.0,0.0,1.0,1.0,1.0,0.0,0.0,4.0,0.0,1.0,0.0,1.0,1.0,1.0,0.0,0.0,5.0,1.0,,0.0,
earthquake,5,4,new,5978,0.023896811064332724,0,4.0,0.0,1.0,0.0,1.0,1.0,1.0,0.0,0.0,4.0,0.0,1.0,0.0,1.0,1.0,1.0,0.0,0.0,5.0,1.0,,0.0,
earthquake,5,4,new,5511,0.02368889283388853,0,4.0,0.0,1.0,0.0,1.0,1.0,1.0,0.0,0.0,4.0,0.0,1.0,0.0,1.0,1.0,1.0,0.0,0.0,5.0,1.0,,0.0,
earthquake,5,4,new,5864,0.024124734103679657,0,4.0,0.0,1.0,0.0,1.0,1.0,1.0,0.0,0.0,4.0,0.0,1.0,0.0,1.0,1.0,1.0,0.0,0.0,5.0,1.0,,0.0,
earthquake,5,4,new,606,0.03515819413587451,5,5.0,0.2,1.0,0.1667,0.8,1.0,0.8889,1.0,0.0,5.0,0.2,1.0,0.1667,0.8,1.0,0.8889,1.0,0.0,14.0,0.9975105075031312,0.9814814814814815,0.9137931034482759,0.9464285714285714
earthquake,5,4,new,1933,0.024070735089480877,0,4.0,0.0,1.0,0.0,1.0,1.0,1.0,0.0,0.0,4.0,0.0,1.0,0.0,1.0,1.0,1.0,0.0,0.0,5.0,1.0,,0.0,
earthquake,5,4,new,6071,0.023838069755584,0,4.0,0.0,1.0,0.0,1.0,1.0,1.0,0.0,0.0,4.0,0.0,1.0,0.0,1.0,1.0,1.0,0.0,0.0,5.0,1.0,,0.0,
earthquake,5,4,new,5504,0.02371086785569787,0,4.0,0.0,1.0,0.0,1.0,1.0,1.0,0.0,0.0,4.0,0.0,1.0,0.0,1.0,1.0,1.0,0.0,0.0,5.0,1.0,,0.0,
earthquake,5,4,new,5163,0.02396105695515871,0,4.0,0.0,1.0,0.0,1.0,1.0,1.0,0.0,0.0,4.0,0.0,1.0,0.0,1.0,1.0,1.0,0.0,0.0,5.0,1.0,,0.0,
earthquake,5,4,new,2406,0.023468246683478355,0,4.0,0.0,1.0,0.0,1.0,1.0,1.0,0.0,0.0,4.0,0.0,1.0,0.0,1.0,1.0,1.0,0.0,0.0,5.0,1.0,,0.0,
earthquake,5,4,new,304,0.023495186120271683,0,4.0,0.0,1.0,0.0,1.0,1.0,1.0,0.0,0.0,4.0,0.0,1.0,0.0,1.0,1.0,1.0,0.0,0.0,5.0,1.0,,0.0,
earthquake,5,4,new,3391,0.02354185190051794,0,4.0,0.0,1.0,0.0,1.0,1.0,1.0,0.0,0.0,4.0,0.0,1.0,0.0,1.0,1.0,1.0,0.0,0.0,5.0,1.0,,0.0,
earthquake,5,4,new,359,0.02351744705811143,0,4.0,0.0,1.0,0.0,1.0,1.0,1.0,0.0,0.0,4.0,0.0,1.0,0.0,1.0,1.0,1.0,0.0,0.0,5.0,1.0,,0.0,
earthquake,5,4,new,9096,0.02368881832808256,0,4.0,0.0,1.0,0.0,1.0,1.0,1.0,0.0,0.0,4.0,0.0,1.0,0.0,1.0,1.0,1.0,0.0,0.0,5.0,1.0,,0.0,
earthquake,5,4,new,3533,0.02353896899148822,0,4.0,0.0,1.0,0.0,1.0,1.0,1.0,0.0,0.0,4.0,0.0,1.0,0.0,1.0,1.0,1.0,0.0,0.0,5.0,1.0,,0.0,
earthquake,5,4,new,4125,0.025307859759777784,0,4.0,0.0,1.0,0.0,1.0,1.0,1.0,0.0,0.0,4.0,0.0,1.0,0.0,1.0,1.0,1.0,0.0,0.0,5.0,1.0,,0.0,
earthquake,5,4,new,3094,0.023944351822137833,0,4.0,0.0,1.0,0.0,1.0,1.0,1.0,0.0,0.0,4.0,0.0,1.0,0.0,1.0,1.0,1.0,0.0,0.0,5.0,1.0,,0.0,
earthquake,5,4,new,6398,0.02343161590397358,0,4.0,0.0,1.0,0.0,1.0,1.0,1.0,0.0,0.0,4.0,0.0,1.0,0.0,1.0,1.0,1.0,0.0,0.0,5.0,1.0,,0.0,
sachs,11,17,org,7816,5.344999435823411,70,17.0,0.24705999999999997,0.7529399999999999,0.11054,0.7529399999999999,0.7529399999999999,0.7529399999999999,4.2,19.2,17.0,0.0,1.0,0.0,0.1176,0.1176,0.1176,0.0,0.0,46.0,0.9998066283317137,1.0,0.9435318275154004,0.9709455890121501
sachs,11,17,org,3578,6.061253567226231,87,16.0,0.2125,0.7411800000000001,0.08946,0.7875,0.7411800000000001,0.76366,4.4,26.4,16.0,0.0,0.9412,0.0,0.125,0.1176,0.1212,1.0,3.0,46.0,0.9997713945560297,1.0,0.9237995824634656,0.9603906673901248
sachs,11,17,org,2656,4.82485316414386,59,16.0,0.4625,0.50588,0.19472,0.5375,0.50588,0.52122,8.4,37.4,16.0,0.0,0.9412,0.0,0.125,0.1176,0.1212,1.0,1.0,40.0,0.9997136104960985,0.9988751406074241,0.9477054429028815,0.972617743702081
sachs,11,17,org,2688,5.608901091851294,90,17.0,0.2,0.8,0.08946,0.8,0.8,0.8,3.4,18.4,17.0,0.0,1.0,0.0,0.1176,0.1176,0.1176,0.0,0.0,46.0,0.9995524066269423,1.0,0.9216494845360824,0.9592274678111589
sachs,11,17,org,2494,6.287512187846005,109,17.0,0.37645999999999996,0.62354,0.16842,0.62354,0.62354,0.62354,6.4,28.4,17.0,0.0,1.0,0.0,0.1176,0.1176,0.1176,0.0,0.0,46.0,0.9992947085951163,1.0,0.9095427435387674,0.9526288391462779
sachs,11,17,org,183,5.922232132870704,83,17.0,0.15294000000000002,0.8470600000000001,0.06839999999999999,0.8470600000000001,0.8470600000000001,0.8470600000000001,2.6,11.0,17.0,0.0,1.0,0.0,0.1176,0.1176,0.1176,0.0,0.0,46.0,0.9998564876281841,1.0,0.9282786885245902,0.9628055260361318
sachs,11,17,org,7977,4.11073207994923,34,17.0,0.22354000000000002,0.77646,0.1,0.77646,0.77646,0.77646,3.8,17.4,17.0,0.0,1.0,0.0,0.1176,0.1176,0.1176,0.0,0.0,46.0,0.9998686340712988,0.9989316239316239,0.9780334728033473,0.9883720930232558
sachs,11,17,org,3199,4.046981788706034,34,16.0,0.425,0.54116,0.17894000000000002,0.575,0.54116,0.5576,7.8,42.4,16.0,0.0,0.9412,0.0,0.125,0.1176,0.1212,1.0,3.0,46.0,0.9998535788485435,1.0,0.9764957264957265,0.988108108108108
sachs,11,17,org,316,5.961842807941139,87,16.0,0.35,0.6117600000000001,0.14738,0.65,0.6117600000000001,0.63034,6.6,30.6,16.0,0.0,0.9412,0.0,0.125,0.1176,0.1212,1.0,3.0,46.0,0.9996492639161965,1.0,0.9222903885480572,0.9595744680851064
sachs,11,17,org,8266,5.821614854969084,88,16.0,0.4875,0.48236000000000007,0.20524,0.5125,0.48236000000000007,0.49695999999999996,8.8,43.4,16.0,0.0,0.9412,0.0,0.125,0.1176,0.1212,1.0,3.0,46.0,0.9996669197996195,1.0,0.9253279515640767,0.9612159329140461
sachs,11,17,org,1532,6.22945087775588,100,16.0,0.2375,0.7176600000000001,0.09999999999999999,0.7625,0.7176600000000001,0.7394200000000001,4.8,25.4,16.0,0.0,0.9412,0.0,0.125,0.1176,0.1212,1.0,3.0,46.0,0.9994207601466778,1.0,0.9124748490945674,0.9542346133613887
sachs,11,17,org,1009,5.59375460492447,101,16.0,0.15,0.8,0.06314,0.85,0.8,0.82426,3.4,18.4,16.0,0.0,0.9412,0.0,0.125,0.1176,0.1212,1.0,1.0,40.0,0.9995732555595813,1.0,0.9105263157894737,0.9531680440771351
sachs,11,17,org,2250,6.392813360784203,98,17.0,0.2,0.8,0.08946,0.8,0.8,0.8,3.4,21.4,17.0,0.0,1.0,0.0,0.1176,0.1176,0.1176,0.0,0.0,46.0,0.9996301449763225,1.0,0.9195046439628483,0.9580645161290322
sachs,11,17,org,4447,6.6619413127191365,124,17.0,0.37646,0.62354,0.16842000000000001,0.62354,0.62354,0.62354,6.4,33.4,17.0,0.0,1.0,0.0,0.1176,0.1176,0.1176,0.0,0.0,46.0,0.9992527354900083,1.0,0.8931750741839762,0.9435736677115988
sachs,11,17,org,2415,7.00157931772992,108,16.0,0.275,0.6823600000000001,0.11579999999999999,0.725,0.6823600000000001,0.70306,5.4,30.4,16.0,0.125,0.8234999999999999,0.0526,0.125,0.1176,0.1212,3.0,20.0,62.0,0.9997561454238129,1.0,0.9035897435897436,0.949353448275862
sachs,11,17,org,3595,3.9390743947587907,28,17.0,0.4,0.6,0.17894000000000002,0.6,0.6,0.6,6.8,34.4,17.0,0.0,1.0,0.0,0.1176,0.1176,0.1176,0.0,0.0,46.0,0.9998589831515974,0.9989594172736732,0.9815950920245399,0.9902011346054667
sachs,11,17,org,4187,6.3916053753346205,91,16.0,0.475,0.49412,0.19998000000000002,0.525,0.49412,0.50908,8.6,43.0,16.0,0.0,0.9412,0.0,0.125,0.1176,0.1212,1.0,3.0,46.0,0.9997143264183058,1.0,0.9186652763295099,0.957608695652174
sachs,11,17,org,4135,5.122766432818025,61,16.0,0.4625,0.50588,0.19472,0.5375,0.50588,0.52122,8.4,37.4,16.0,0.0,0.9412,0.0,0.125,0.1176,0.1212,1.0,3.0,46.0,0.9998918037473292,1.0,0.947906026557712,0.9732564237021499
sachs,11,17,org,5174,6.269678682088852,91,16.0,0.4,0.5647,0.16842000000000001,0.6,0.5647,0.58184,7.4,36.4,16.0,0.0,0.9412,0.0,0.125,0.1176,0.1212,1.0,3.0,46.0,0.9997984791441634,0.9989082969432315,0.9168336673346693,0.9561128526645769
sachs,11,17,org,5303,4.7101444457657635,52,16.0,0.225,0.72942,0.09473999999999999,0.775,0.72942,0.7515400000000001,4.6,25.0,16.0,0.0,0.9412,0.0,0.125,0.1176,0.1212,1.0,1.0,40.0,0.999878333920091,1.0,0.9583333333333334,0.9787234042553191
sachs,11,17,org,3942,5.554725666064769,89,16.0,0.4625,0.50588,0.19472,0.5375,0.50588,0.5212199999999999,8.4,37.4,16.0,0.0,0.9412,0.0,0.125,0.1176,0.1212,1.0,3.0,46.0,0.9996326843908188,1.0,0.923155737704918,0.960042621204049
sachs,11,17,org,2778,3.600027563981712,21,16.0,0.35,0.6117600000000001,0.14738,0.65,0.6117600000000001,0.63034,6.6,31.0,16.0,0.0,0.9412,0.0,0.125,0.1176,0.1212,1.0,1.0,40.0,0.9999359235684689,0.9989669421487604,0.9897645854657113,0.994344473007712
sachs,11,17,org,2804,6.6111654243431985,123,17.0,0.10586,0.8941399999999999,0.04734000000000001,0.8941399999999999,0.8941399999999999,0.8941399999999999,1.8,4.4,17.0,0.0,1.0,0.0,0.1176,0.1176,0.1176,0.0,0.0,46.0,0.9994120489149043,1.0,0.8941532258064516,0.9441192123469931
sachs,11,17,org,2145,5.616082523949444,77,16.0,0.2375,0.7176600000000001,0.1,0.7625,0.7176600000000001,0.7394200000000001,4.8,27.4,16.0,0.0,0.9412,0.0,0.125,0.1176,0.1212,1.0,3.0,46.0,0.9997290367332959,1.0,0.9303534303534303,0.9639203015616585
sachs,11,17,org,150,5.152743687853217,71,16.0,0.175,0.7764599999999999,0.07365999999999999,0.825,0.7764599999999999,0.80002,3.8,14.4,16.0,0.0,0.9412,0.0,0.125,0.1176,0.1212,1.0,3.0,46.0,0.9998668893527062,1.0,0.9419354838709677,0.9700996677740864
sachs,11,17,org,8823,7.217913360800594,67,16.0,0.2125,0.74118,0.08945999999999998,0.7875,0.74118,0.76366,4.4,26.4,16.0,0.0,0.9412,0.0,0.125,0.1176,0.1212,1.0,3.0,46.0,0.9993458458072111,0.9957627118644068,0.9428284854563691,0.9685729005667182
sachs,11,17,org,4669,4.860101155005395,64,16.0,0.4,0.5647,0.16842000000000001,0.6,0.5647,0.58184,7.4,36.4,16.0,0.0,0.9412,0.0,0.125,0.1176,0.1212,1.0,1.0,40.0,0.9996691100066333,0.9988439306358381,0.9432314410480349,0.970241437394722
sachs,11,17,org,6131,4.644553471822292,64,17.0,0.43529999999999996,0.5647,0.19472000000000003,0.5647,0.5647,0.5647,7.4,39.4,17.0,0.0,1.0,0.0,0.1176,0.1176,0.1176,0.0,0.0,46.0,0.9997744890853576,1.0,0.9458631256384066,0.9721784776902888
sachs,11,17,org,2617,4.260921188630164,37,16.0,0.2125,0.7411800000000001,0.08946,0.7875,0.7411800000000001,0.76366,4.4,24.4,16.0,0.0,0.9412,0.0,0.125,0.1176,0.1212,1.0,1.0,40.0,0.9998725004408252,0.9989495798319328,0.9733879222108496,0.9860031104199066
sachs,11,17,org,7166,5.841570377815515,79,16.0,0.225,0.72942,0.09473999999999999,0.775,0.72942,0.7515400000000001,4.6,25.0,16.0,0.0,0.9412,0.0,0.125,0.1176,0.1212,1.0,1.0,40.0,0.9998781760294304,1.0,0.9304703476482618,0.9639830508474576
sachs,11,17,org,1428,5.278432482853532,74,16.0,0.1375,0.8117600000000001,0.05786,0.8625,0.8117600000000001,0.8363800000000001,3.2,14.2,16.0,0.0,0.9412,0.0,0.125,0.1176,0.1212,1.0,1.0,40.0,0.9997987418642482,1.0,0.9344432882414152,0.9661108122646584
sachs,11,17,org,8328,4.1728878621943295,31,16.0,0.3,0.65884,0.12633999999999998,0.7,0.65884,0.67882,5.8,28.4,16.0,0.0,0.9412,0.0,0.125,0.1176,0.1212,1.0,3.0,46.0,0.9998932148670894,1.0,0.9799196787148594,0.9898580121703854
sachs,11,17,org,8289,4.854391856119037,57,16.0,0.2125,0.7411800000000001,0.08946,0.7875,0.7411800000000001,0.76366,4.4,26.4,16.0,0.0,0.9412,0.0,0.125,0.1176,0.1212,1.0,3.0,46.0,0.999822409480258,1.0,0.9568788501026694,0.9779643231899265
sachs,11,17,org,5978,5.785092851147056,82,16.0,0.2875,0.6706,0.12105999999999999,0.7125,0.6706,0.69094,5.6,28.0,16.0,0.0,0.9412,0.0,0.375,0.3529,0.3636,5.0,18.0,46.0,0.9997720375918625,1.0,0.9293032786885246,0.9633563462559744
sachs,11,17,org,5511,4.935233083087951,60,16.0,0.15,0.8,0.06314,0.85,0.8,0.82426,3.4,13.4,16.0,0.0,0.9412,0.0,0.125,0.1176,0.1212,1.0,1.0,40.0,0.9998021100494414,1.0,0.9509906152241918,0.974879743452699
sachs,11,17,org,5864,4.394970247056335,43,16.0,0.15,0.8,0.06314,0.85,0.8,0.82426,3.4,11.4,16.0,0.0,0.9412,0.0,0.125,0.1176,0.1212,1.0,1.0,40.0,0.9999020914331024,1.0,0.9662921348314607,0.9828571428571428
sachs,11,17,org,606,4.2131048259325325,40,16.0,0.2375,0.7176600000000001,0.1,0.7625,0.7176600000000001,0.7394200000000001,4.8,27.4,16.0,0.0,0.9412,0.0,0.125,0.1176,0.1212,1.0,3.0,46.0,0.9999547465352604,1.0,0.96760710553814,0.9835369091874667
sachs,11,17,org,1933,6.82669337792322,60,17.0,0.22354000000000002,0.7764599999999999,0.1,0.7764599999999999,0.7764599999999999,0.7764599999999999,4.8,13.4,17.0,0.0588,0.9412,0.0263,0.1176,0.1176,0.1176,2.0,5.0,51.0,0.9996953278279047,0.9989837398373984,0.954368932038835,0.9761668321747765
sachs,11,17,org,6071,5.246665065176785,64,16.0,0.2625,0.69414,0.11054,0.7375,0.69414,0.7151799999999999,5.2,29.2,16.0,0.0,0.9412,0.0,0.375,0.3529,0.3636,5.0,18.0,46.0,0.9997399700015088,0.9989395546129375,0.9515151515151515,0.9746508018623901
sachs,11,17,org,5504,4.958471687976271,63,16.0,0.2875,0.6706,0.12105999999999999,0.7125,0.6706,0.69094,5.6,28.0,16.0,0.0,0.9412,0.0,0.125,0.1176,0.1212,1.0,3.0,46.0,0.9998020619242792,1.0,0.9416058394160584,0.9699248120300751
sachs,11,17,org,5163,5.92123861098662,108,16.0,0.15,0.8,0.06314,0.85,0.8,0.82426,3.4,13.4,16.0,0.0,0.9412,0.0,0.125,0.1176,0.1212,1.0,3.0,46.0,0.9991769442722671,1.0,0.9083419155509783,0.951969778737183
sachs,11,17,org,2406,5.356702195014805,96,16.0,0.425,0.54116,0.17894000000000002,0.575,0.54116,0.5576,7.8,42.4,16.0,0.0,0.9412,0.0,0.125,0.1176,0.1212,1.0,3.0,46.0,0.9996780860566782,1.0,0.9154639175257732,0.9558665231431648
sachs,11,17,org,304,4.80786550603807,51,17.0,0.31764000000000003,0.68236,0.14212,0.68236,0.68236,0.68236,5.4,27.4,17.0,0.0,1.0,0.0,0.1176,0.1176,0.1176,0.0,0.0,46.0,0.9997894441342104,0.9989539748953975,0.9578736208625878,0.9779825908858167
sachs,11,17,org,3391,3.6049209418706596,17,16.0,0.4,0.5647,0.16842000000000001,0.6,0.5647,0.58184,7.4,36.4,16.0,0.0,0.9412,0.0,0.375,0.3529,0.3636,5.0,18.0,46.0,0.9998639641443002,0.9949494949494949,0.9909456740442656,0.9929435483870968
sachs,11,17,org,359,6.188394512049854,93,16.0,0.5375,0.43529999999999996,0.2263,0.4625,0.43529999999999996,0.44846,9.6,44.0,16.0,0.0,0.9412,0.0,0.125,0.1176,0.1212,1.0,3.0,46.0,0.9996362985943746,0.9988623435722411,0.9164926931106472,0.9559063690800218
sachs,11,17,org,9096,5.227460436057299,80,17.0,0.18824000000000002,0.8117600000000001,0.0842,0.8117600000000001,0.8117600000000001,0.8117600000000001,3.2,18.2,17.0,0.0,1.0,0.0,0.1176,0.1176,0.1176,0.0,0.0,46.0,0.9996291377601816,1.0,0.9291666666666667,0.9632829373650108
sachs,11,17,org,3533,4.7786212912760675,57,16.0,0.15,0.8,0.06314,0.85,0.8,0.82426,3.4,13.4,16.0,0.0,0.9412,0.0,0.125,0.1176,0.1212,1.0,3.0,46.0,0.9998627040141699,1.0,0.9519918283963228,0.9754055468341183
sachs,11,17,org,4125,4.40914175612852,45,16.0,0.15,0.8,0.06314,0.85,0.8,0.82426,3.4,14.4,16.0,0.0,0.9412,0.0,0.125,0.1176,0.1212,1.0,1.0,40.0,0.9997912871285215,1.0,0.9641760491299898,0.9817613340281397
sachs,11,17,org,3094,4.5557602401822805,45,17.0,0.43529999999999996,0.5647,0.19472,0.5647,0.5647,0.5647,7.4,41.4,17.0,0.0,1.0,0.0,0.1176,0.1176,0.1176,0.0,0.0,46.0,0.999883890665902,0.998960498960499,0.9638916750250752,0.9811128126595201
sachs,11,17,org,6398,5.270404867362231,73,16.0,0.175,0.7764599999999999,0.07365999999999999,0.825,0.7764599999999999,0.80002,3.8,12.4,16.0,0.0,0.9412,0.0,0.125,0.1176,0.1212,1.0,1.0,40.0,0.9998394434543639,1.0,0.9385245901639344,0.9682875264270614
sachs,11,17,new,7816,4.772874565795064,70,16.0,0.2625,0.69414,0.11054,0.7375,0.69414,0.71518,5.2,27.4,16.0,0.0,0.9412,0.0,0.125,0.1176,0.1212,1.0,3.0,46.0,0.9998066283317137,1.0,0.9435318275154004,0.9709455890121501
sachs,11,17,new,3578,5.167065699119121,87,16.6,0.22868,0.7529399999999999,0.1,0.77132,0.7529399999999999,0.76186,4.2,20.2,16.6,0.0,0.9764800000000001,0.0,0.22056,0.21172,0.21599999999999997,2.0,7.2,46.0,0.9997713945560297,1.0,0.9237995824634656,0.9603906673901248
sachs,11,17,new,2656,4.300022517796606,59,16.4,0.37794,0.6,0.16316000000000003,0.6220600000000001,0.6,0.6107199999999999,6.8,31.0,16.4,0.0,0.96472,0.0,0.12204,0.1176,0.11976,0.6,1.8,46.0,0.9997136104960985,0.9988751406074241,0.9477054429028815,0.972617743702081
sachs,11,17,new,2688,4.895532439928502,90,16.0,0.2,0.75294,0.0842,0.8,0.75294,0.77578,4.2,17.2,16.0,0.0,0.9412,0.0,0.125,0.1176,0.1212,1.0,3.0,46.0,0.9995524066269423,1.0,0.9216494845360824,0.9592274678111589
sachs,11,17,new,2494,5.277258253656328,109,16.8,0.17868,0.8117599999999999,0.07891999999999999,0.82132,0.8117599999999999,0.8164,3.2,17.0,16.8,0.0,0.98824,0.0,0.16908,0.16466,0.1668,1.0,3.6,46.0,0.9992947085951163,1.0,0.9095427435387674,0.9526288391462779
sachs,11,17,new,183,5.076541045214981,83,16.0,0.275,0.68236,0.11579999999999999,0.725,0.68236,0.70306,5.4,27.6,16.0,0.0,0.9412,0.0,0.125,0.1176,0.1212,1.0,3.0,46.0,0.9998564876281841,1.0,0.9282786885245902,0.9628055260361318
sachs,11,17,new,7977,3.7102685729041696,34,17.0,0.21178,0.78822,0.09472,0.78822,0.78822,0.78822,3.6,21.4,17.0,0.0,1.0,0.0,0.1176,0.1176,0.1176,0.0,0.0,46.0,0.9998686340712988,0.9989316239316239,0.9780334728033473,0.9883720930232558
sachs,11,17,new,3199,3.473855088930577,34,16.2,0.32132,0.64706,0.13684,0.67868,0.64706,0.66242,6.0,28.0,16.2,0.0,0.95296,0.0,0.32352,0.30584,0.31439999999999996,4.0,14.4,46.0,0.9998535788485435,1.0,0.9764957264957265,0.988108108108108
sachs,11,17,new,316,5.226103873923421,87,16.0,0.3375,0.62354,0.14211999999999997,0.6625,0.62354,0.64246,6.4,29.8,16.0,0.0,0.9412,0.0,0.125,0.1176,0.1212,1.0,3.0,46.0,0.9996492639161965,1.0,0.9222903885480572,0.9595744680851064
sachs,11,17,new,8266,4.98722805082798,88,17.0,0.25882,0.7411800000000001,0.11579999999999999,0.7411800000000001,0.7411800000000001,0.7411800000000001,4.4,23.8,17.0,0.0,1.0,0.0,0.1176,0.1176,0.1176,0.0,0.0,46.0,0.9996669197996195,1.0,0.9253279515640767,0.9612159329140461
sachs,11,17,new,1532,5.307930066715926,100,16.0,0.1375,0.8117599999999999,0.05786,0.8625,0.8117599999999999,0.8363800000000001,3.2,9.8,16.0,0.0,0.9412,0.0,0.125,0.1176,0.1212,1.0,3.0,46.0,0.9994207601466778,1.0,0.9124748490945674,0.9542346133613887
sachs,11,17,new,1009,4.800186529755592,101,17.0,0.24705999999999997,0.7529399999999999,0.11054,0.7529399999999999,0.7529399999999999,0.7529399999999999,4.2,22.2,17.0,0.0,1.0,0.0,0.1176,0.1176,0.1176,0.0,0.0,46.0,0.9995732555595813,1.0,0.9105263157894737,0.9531680440771351
sachs,11,17,new,2250,5.436020466033369,98,16.0,0.3375,0.62354,0.14212000000000002,0.6625,0.62354,0.64246,6.4,30.6,16.0,0.0,0.9412,0.0,0.375,0.3529,0.3636,5.0,18.0,46.0,0.9996301449763225,1.0,0.9195046439628483,0.9580645161290322
sachs,11,17,new,4447,5.657581931911409,124,16.4,0.20662000000000003,0.7647,0.08947999999999999,0.79338,0.7647,0.77862,4.0,21.4,16.4,0.0,0.9647200000000001,0.0,0.12204,0.1176,0.11976,0.6,1.8,46.0,0.9992527354900083,1.0,0.8931750741839762,0.9435736677115988
sachs,11,17,new,2415,5.8049720278941095,108,16.0,0.325,0.6353,0.13685999999999998,0.675,0.6353,0.6545799999999999,6.2,33.4,16.0,0.125,0.8234999999999999,0.0526,0.125,0.1176,0.1212,3.0,22.0,62.0,0.9997561454238129,1.0,0.9035897435897436,0.949353448275862
sachs,11,17,new,3595,3.500698311254382,28,16.4,0.30735999999999997,0.67058,0.13157999999999997,0.69264,0.67058,0.6813,5.6,26.8,16.4,0.0,0.96472,0.0,0.12204,0.1176,0.11976,0.6,1.8,46.0,0.9998589831515974,0.9989594172736732,0.9815950920245399,0.9902011346054667
sachs,11,17,new,4187,4.861826189793646,91,16.6,0.16838000000000003,0.8117599999999999,0.07365999999999999,0.83162,0.8117599999999999,0.8214,3.2,12.2,16.6,0.0,0.9764800000000001,0.0,0.12056,0.1176,0.11903999999999999,0.4,1.2,46.0,0.9997143264183058,1.0,0.9186652763295099,0.957608695652174
sachs,11,17,new,4135,4.402179390192032,61,17.0,0.24705999999999997,0.7529399999999999,0.11054,0.7529399999999999,0.7529399999999999,0.7529399999999999,4.2,22.2,17.0,0.0,1.0,0.0,0.1176,0.1176,0.1176,0.0,0.0,46.0,0.9998918037473292,1.0,0.947906026557712,0.9732564237021499
sachs,11,17,new,5174,5.386671009007841,91,16.4,0.37794,0.6,0.16316000000000003,0.6220600000000001,0.6,0.6107199999999999,6.8,31.0,16.4,0.0,0.96472,0.0,0.12204,0.1176,0.11976,0.6,1.8,46.0,0.9997984791441634,0.9989082969432315,0.9168336673346693,0.9561128526645769
sachs,11,17,new,5303,3.8823148268274963,52,17.0,0.14116,0.85884,0.06314,0.85884,0.85884,0.85884,2.4,8.2,17.0,0.0,1.0,0.0,0.1176,0.1176,0.1176,0.0,0.0,46.0,0.999878333920091,1.0,0.9583333333333334,0.9787234042553191
sachs,11,17,new,3942,4.817377324681729,89,16.0,0.2125,0.7411800000000001,0.08945999999999998,0.7875,0.7411800000000001,0.76366,4.4,21.8,16.0,0.0,0.9412,0.0,0.125,0.1176,0.1212,1.0,3.0,46.0,0.9996326843908188,1.0,0.923155737704918,0.960042621204049
sachs,11,17,new,2778,3.313864250667393,21,16.8,0.27206,0.7176400000000001,0.12104,0.72794,0.7176400000000001,0.72264,4.8,22.8,16.8,0.0,0.98824,0.0,0.11907999999999999,0.1176,0.11832000000000001,0.2,0.6,46.0,0.9999359235684689,0.9989669421487604,0.9897645854657113,0.994344473007712
sachs,11,17,new,2804,5.518955639563501,123,16.0,0.3,0.6588399999999999,0.12634,0.7,0.6588399999999999,0.67882,5.8,28.0,16.0,0.0,0.9412,0.0,0.225,0.21172,0.21816,2.6,9.0,46.0,0.9994120489149043,1.0,0.8941532258064516,0.9441192123469931
sachs,11,17,new,2145,4.767125144135207,77,16.0,0.2125,0.7411800000000001,0.08946,0.7875,0.7411800000000001,0.76366,4.4,24.6,16.0,0.0,0.9412,0.0,0.125,0.1176,0.1212,1.0,3.0,46.0,0.9997290367332959,1.0,0.9303534303534303,0.9639203015616585
sachs,11,17,new,150,4.288829604163766,71,16.0,0.2625,0.69414,0.11054,0.7375,0.69414,0.71518,5.2,27.4,16.0,0.0,0.9412,0.0,0.125,0.1176,0.1212,1.0,3.0,46.0,0.9998668893527062,1.0,0.9419354838709677,0.9700996677740864
sachs,11,17,new,8823,5.964725319761783,67,17.0,0.37645999999999996,0.62354,0.16842000000000001,0.62354,0.62354,0.62354,6.4,29.8,17.0,0.0,1.0,0.0,0.1176,0.1176,0.1176,0.0,0.0,46.0,0.9993458458072111,0.9957627118644068,0.9428284854563691,0.9685729005667182
sachs,11,17,new,4669,4.015589184127748,64,16.0,0.275,0.68236,0.11579999999999999,0.725,0.68236,0.70306,5.4,26.8,16.0,0.0,0.9412,0.0,0.375,0.3529,0.3636,5.0,18.0,46.0,0.9996691100066333,0.9988439306358381,0.9432314410480349,0.970241437394722
sachs,11,17,new,6131,4.079516356345266,64,17.0,0.14116,0.85884,0.06314,0.85884,0.85884,0.85884,2.4,12.4,17.0,0.0,1.0,0.0,0.1176,0.1176,0.1176,0.0,0.0,46.0,0.9997744890853576,1.0,0.9458631256384066,0.9721784776902888
sachs,11,17,new,2617,3.746252684853971,37,16.4,0.37794,0.6,0.16316000000000003,0.6220600000000001,0.6,0.6107199999999999,6.8,31.0,16.4,0.0,0.96472,0.0,0.12204,0.1176,0.11976,0.6,1.8,46.0,0.9998725004408252,0.9989495798319328,0.9733879222108496,0.9860031104199066
sachs,11,17,new,7166,4.981777231674641,79,17.0,0.24706,0.75294,0.11054,0.75294,0.75294,0.75294,4.2,24.4,17.0,0.0,1.0,0.0,0.1176,0.1176,0.1176,0.0,0.0,46.0,0.9998781760294304,1.0,0.9304703476482618,0.9639830508474576
sachs,11,17,new,1428,4.559546134900302,74,16.8,0.21397999999999998,0.77646,0.09472,0.7860199999999999,0.77646,0.7811000000000001,3.8,23.0,16.8,0.0,0.98824,0.0,0.11907999999999999,0.1176,0.11832000000000001,0.2,0.6,46.0,0.9997987418642482,1.0,0.9344432882414152,0.9661108122646584
sachs,11,17,new,8328,3.6625925269909203,31,16.0,0.225,0.72942,0.09473999999999999,0.775,0.72942,0.7515400000000001,4.6,23.8,16.0,0.0,0.9412,0.0,0.125,0.1176,0.1212,1.0,3.0,46.0,0.9998932148670894,1.0,0.9799196787148594,0.9898580121703854
sachs,11,17,new,8289,4.129169169347733,57,17.0,0.15294000000000002,0.8470599999999999,0.06839999999999999,0.8470599999999999,0.8470599999999999,0.8470599999999999,2.6,8.4,17.0,0.0,1.0,0.0,0.1176,0.1176,0.1176,0.0,0.0,46.0,0.999822409480258,1.0,0.9568788501026694,0.9779643231899265
sachs,11,17,new,5978,4.978871502913535,82,17.0,0.18824,0.8117599999999999,0.08420000000000001,0.8117599999999999,0.8117599999999999,0.8117599999999999,3.2,16.0,17.0,0.0,1.0,0.0,0.1176,0.1176,0.1176,0.0,0.0,46.0,0.9997720375918625,1.0,0.9293032786885246,0.9633563462559744
sachs,11,17,new,5511,4.118125194683671,60,16.0,0.2,0.75294,0.0842,0.8,0.75294,0.77578,4.2,17.2,16.0,0.0,0.9412,0.0,0.125,0.1176,0.1212,1.0,3.0,46.0,0.9998021100494414,1.0,0.9509906152241918,0.974879743452699
sachs,11,17,new,5864,3.9483801182359457,43,16.0,0.275,0.68236,0.11579999999999999,0.725,0.68236,0.70306,5.4,27.6,16.0,0.0,0.9412,0.0,0.125,0.1176,0.1212,1.0,3.0,46.0,0.9999020914331024,1.0,0.9662921348314607,0.9828571428571428
sachs,11,17,new,606,3.740996951702982,40,17.0,0.25881999999999994,0.74118,0.11579999999999999,0.74118,0.74118,0.74118,4.4,24.6,17.0,0.0,1.0,0.0,0.1176,0.1176,0.1176,0.0,0.0,46.0,0.9999547465352604,1.0,0.96760710553814,0.9835369091874667
sachs,11,17,new,1933,5.903950370848179,60,17.0,0.1647,0.8352999999999999,0.07365999999999999,0.8352999999999999,0.8352999999999999,0.8352999999999999,2.8,12.0,17.0,0.0,1.0,0.0,0.1176,0.1176,0.1176,0.0,0.0,46.0,0.9996953278279047,0.9989837398373984,0.954368932038835,0.9761668321747765
sachs,11,17,new,6071,4.59891204489395,64,16.4,0.25588,0.7176600000000001,0.11054,0.7441199999999999,0.7176600000000001,0.7304999999999999,4.8,27.0,16.4,0.0,0.96472,0.0,0.27203999999999995,0.25877999999999995,0.2652,3.0,10.8,46.0,0.9997399700015088,0.9989395546129375,0.9515151515151515,0.9746508018623901
sachs,11,17,new,5504,3.9894544542767107,63,16.0,0.2875,0.67058,0.12104,0.7125,0.67058,0.6909400000000001,5.6,27.0,16.0,0.0,0.9412,0.0,0.125,0.1176,0.1212,1.0,3.0,46.0,0.9998020619242792,1.0,0.9416058394160584,0.9699248120300751
sachs,11,17,new,5163,5.015096764080226,108,16.6,0.18087999999999999,0.8,0.07893999999999998,0.8191200000000001,0.8,0.80928,3.4,19.4,16.6,0.0,0.9764800000000001,0.0,0.12056,0.1176,0.11904,0.4,1.2,46.0,0.9991769442722671,1.0,0.9083419155509783,0.951969778737183
sachs,11,17,new,2406,4.648468545638025,96,17.0,0.2,0.8,0.08946,0.8,0.8,0.8,3.4,21.6,17.0,0.0,1.0,0.0,0.1176,0.1176,0.1176,0.0,0.0,46.0,0.9996780860566782,1.0,0.9154639175257732,0.9558665231431648
sachs,11,17,new,304,3.9950647009536624,51,17.0,0.12940000000000002,0.8705999999999999,0.05786,0.8705999999999999,0.8705999999999999,0.8705999999999999,2.2,8.0,17.0,0.0,1.0,0.0,0.1176,0.1176,0.1176,0.0,0.0,46.0,0.9997894441342104,0.9989539748953975,0.9578736208625878,0.9779825908858167
sachs,11,17,new,3391,3.234925668220967,17,16.4,0.23235999999999998,0.7411800000000001,0.09999999999999999,0.76764,0.7411800000000001,0.75402,4.4,20.8,16.4,0.0,0.9647200000000001,0.0,0.27203999999999995,0.25877999999999995,0.2652,3.0,10.8,46.0,0.9998639641443002,0.9949494949494949,0.9909456740442656,0.9929435483870968
sachs,11,17,new,359,5.058541303966194,93,16.4,0.23235999999999998,0.7411800000000001,0.1,0.76764,0.7411800000000001,0.75402,4.4,25.8,16.4,0.0,0.96472,0.0,0.12204,0.1176,0.11976,0.6,1.8,46.0,0.9996362985943746,0.9988623435722411,0.9164926931106472,0.9559063690800218
sachs,11,17,new,9096,4.488366131670773,80,17.0,0.29412,0.70588,0.13157999999999997,0.70588,0.70588,0.70588,5.0,24.4,17.0,0.0,1.0,0.0,0.1176,0.1176,0.1176,0.0,0.0,46.0,0.9996291377601816,1.0,0.9291666666666667,0.9632829373650108
sachs,11,17,new,3533,4.038951460272074,57,16.8,0.19044,0.8,0.0842,0.80956,0.8,0.80464,3.4,16.4,16.8,0.0,0.98824,0.0,0.11907999999999999,0.1176,0.11832000000000001,0.2,0.6,46.0,0.9998627040141699,1.0,0.9519918283963228,0.9754055468341183
sachs,11,17,new,4125,3.852279767859727,45,17.0,0.24705999999999997,0.7529399999999999,0.11054,0.7529399999999999,0.7529399999999999,0.7529399999999999,4.2,22.2,17.0,0.0,1.0,0.0,0.1176,0.1176,0.1176,0.0,0.0,46.0,0.9997912871285215,1.0,0.9641760491299898,0.9817613340281397
sachs,11,17,new,3094,4.090770317707211,45,16.2,0.22279999999999997,0.7411800000000001,0.09472,0.7772,0.7411800000000001,0.7586600000000001,4.4,20.8,16.2,0.0,0.95296,0.0,0.27352,0.25877999999999995,0.26592,3.2,11.4,46.0,0.999883890665902,0.998960498960499,0.9638916750250752,0.9811128126595201
sachs,11,17,new,6398,4.5166048291139305,73,16.0,0.3125,0.64706,0.13157999999999997,0.6875,0.64706,0.6667,6.0,27.4,16.0,0.0,0.9412,0.0,0.375,0.3529,0.3636,5.0,18.0,46.0,0.9998394434543639,1.0,0.9385245901639344,0.9682875264270614
