dataset,num_nodes,num_edges,impl,seed,time,remove_n,dag_nnz,dag_fdr,dag_tpr,dag_fpr,dag_precision,dag_recall,dag_F1,dag_shd,dag_sid,cpdag_nnz,cpdag_fdr,cpdag_tpr,cpdag_fpr,cpdag_precision,cpdag_recall,cpdag_F1,cpdag_shd,cpdag_sid_low,cpdag_sid_high,AP,CIT_Precision,CIT_Recall,CIT_F1,prior_filename,prior_forbidden_length,prior_forbidden_Precision,prior_forbidden_Recall,prior_forbidden_F1,prior_required_length,prior_required_Precision,prior_required_Recall,prior_required_F1
child,20,25,org,7816,448.2535680499859,1926,25.0,0.06,0.94,0.0091,0.94,0.94,0.94,1.5,23.5,25.0,0.04,0.96,0.0061,0.8200000000000001,0.8200000000000001,0.8200000000000001,2.0,22.5,268.0,0.995071260983617,0.9997587454764776,0.7468012254460263,0.8549618320610687,child,,,,,,,,
child,20,25,org,3578,1437.8721667500213,4877,22.0,0.2727,0.64,0.0364,0.7273,0.64,0.6809,10.0,129.0,22.0,0.2273,0.68,0.0303,0.5455,0.48,0.5106,14.0,126.0,334.0,0.9951482494182358,1.0,0.0357922304670449,0.069110830172777,child,,,,,,,,
child,20,25,org,2656,1081.9303587852046,4830,19.0,0.0526,0.72,0.0061,0.9474,0.72,0.8182,7.0,93.0,19.0,0.0,0.76,0.0,0.7895,0.6,0.6818,10.0,71.0,343.0,0.9960379984398826,1.0,0.0246370435547734,0.0480893087161872,child,,,,,,,,
child,20,25,org,2688,505.2668320597149,2004,25.0,0.14,0.86,0.0212,0.86,0.86,0.86,3.5,63.5,25.0,0.12,0.88,0.0182,0.76,0.76,0.76,6.0,63.0,189.0,0.99359629909302,0.9992834965369,0.7479442259563819,0.8555362437378593,child,,,,,,,,
child,20,25,org,2494,483.8433080497198,1964,25.0,0.1,0.9,0.01515,0.9,0.9,0.9,2.5,46.0,25.0,0.08,0.92,0.0121,0.76,0.76,0.76,5.0,44.0,271.0,0.9941505679201468,1.0,0.7282670186686782,0.842771412984179,child,,,,,,,,
child,20,25,org,183,2913.613145973068,4879,19.0,0.1316,0.66,0.01515,0.8684000000000001,0.66,0.75,8.5,122.0,19.0,0.1053,0.68,0.0121,0.6316,0.48,0.5455,12.0,112.0,342.0,0.9954972891582454,1.0,0.0047212230215827,0.0093980756321324,child,,,,,,,,
child,20,25,org,7977,1209.659051947761,4806,20.0,0.125,0.7,0.01515,0.875,0.7,0.7778,7.5,106.0,20.0,0.1,0.72,0.0121,0.7,0.56,0.6222,10.0,96.0,324.0,0.994566287830511,1.0,0.0247135475174118,0.0482350361762771,child,,,,,,,,
child,20,25,org,3199,509.5420374739915,1999,25.0,0.1,0.9,0.01515,0.9,0.9,0.9,2.5,41.5,25.0,0.08,0.92,0.0121,0.8,0.8,0.8,3.0,41.0,268.0,0.9928943937587084,1.0,0.7443581206067332,0.8534464475079534,child,,,,,,,,
child,20,25,org,316,536.8222261923365,2053,25.0,0.072,0.928,0.01092,0.928,0.928,0.928,1.8,32.6,25.0,0.0,1.0,0.0,0.8400000000000001,0.8400000000000001,0.8400000000000001,0.0,0.0,288.0,0.992945906681384,1.0,0.7248444932308818,0.8404751803139584,child,,,,,,,,
child,20,25,org,8266,500.2715904521756,2002,25.0,0.096,0.904,0.01454,0.904,0.904,0.904,2.4,45.4,25.0,0.04,0.96,0.0061,0.8,0.8,0.8,2.0,27.0,171.0,0.9946131053357176,1.0,0.7229906542056075,0.8392275981774788,child,,,,,,,,
child,20,25,org,1532,506.5539283379912,2067,25.0,0.14,0.86,0.0212,0.86,0.86,0.86,3.5,73.0,25.0,0.08,0.92,0.0121,0.76,0.76,0.76,2.0,43.0,288.0,0.9934203521572156,1.0,0.7080264400377715,0.8290579389650597,child,,,,,,,,
child,20,25,org,1009,546.4240570808761,2182,25.0,0.096,0.904,0.01454,0.904,0.904,0.904,2.4,45.4,25.0,0.04,0.96,0.0061,0.8,0.8,0.8,2.0,27.0,171.0,0.9928818836587212,1.0,0.6863234729158663,0.8139879257318601,child,,,,,,,,
child,20,25,org,2250,1275.1544683999382,4963,20.0,0.2,0.64,0.0242,0.8,0.64,0.7111,9.0,131.0,20.0,0.1,0.72,0.0121,0.75,0.6,0.6667,12.0,112.0,343.0,0.99561496645173,1.0,0.0227272727272727,0.0444444444444444,child,,,,,,,,
child,20,25,org,4447,483.6536078751087,1948,25.0,0.128,0.8720000000000001,0.01938,0.8720000000000001,0.8720000000000001,0.8720000000000001,3.2,53.0,25.0,0.088,0.912,0.0133199999999999,0.76,0.76,0.76,4.4,33.0,294.0,0.9937986557876798,0.9997556804300024,0.7449481157837248,0.8537450448570831,child,,,,,,,,
child,20,25,org,2415,1255.3230147459544,4665,20.0,0.15,0.68,0.0182,0.85,0.68,0.7556,8.0,130.0,20.0,0.1,0.72,0.0121,0.75,0.6,0.6667,12.0,112.0,343.0,0.996025543488408,1.0,0.0049076887123159,0.0097674418604651,child,,,,,,,,
child,20,25,org,3595,1198.7237688079476,4898,19.0,0.1053,0.68,0.0121,0.8947,0.68,0.7727,8.0,110.0,19.0,0.0,0.76,0.0,0.7368,0.56,0.6364,10.0,85.0,342.0,0.9959674192627744,1.0,0.023209549071618,0.0453661697990926,child,,,,,,,,
child,20,25,org,4187,1354.3966059852391,4964,20.0,0.3249999999999999,0.54,0.0394,0.675,0.54,0.6,11.5,184.0,20.0,0.2,0.64,0.0242,0.65,0.52,0.5778,13.0,150.0,336.0,0.9960981501370516,1.0,0.0244006849315068,0.0476389469285415,child,,,,,,,,
child,20,25,org,4135,469.5138199329376,1864,25.0,0.1,0.9,0.01515,0.9,0.9,0.9,2.5,41.5,25.0,0.08,0.92,0.0121,0.8,0.8,0.8,3.0,41.0,268.0,0.9946788510329988,1.0,0.7558371040723982,0.8609421709102154,child,,,,,,,,
child,20,25,org,5174,1182.120889811311,5070,23.0,0.4348,0.52,0.0606,0.5652,0.52,0.5417,12.0,167.0,23.0,0.2609,0.68,0.0364,0.6087,0.56,0.5833,13.0,145.0,306.0,0.9952617386657008,1.0,0.1116097560975609,0.2008074425136036,child,,,,,,,,
child,20,25,org,5303,596.6955543030053,2199,25.0,0.168,0.8320000000000001,0.02544,0.8320000000000001,0.8320000000000001,0.8320000000000001,4.2,89.2,25.0,0.04,0.96,0.0061,0.76,0.76,0.76,3.0,25.0,298.0,0.9944201866274024,1.0,0.6838839204234349,0.8122696726642098,child,,,,,,,,
child,20,25,org,3942,1298.9935674839653,5298,21.0,0.11905,0.74,0.01515,0.88095,0.74,0.8043499999999999,6.5,89.0,21.0,0.0952,0.76,0.0121,0.7143,0.6,0.6522,8.0,79.0,305.0,0.9956382703493122,1.0,0.0235151023717818,0.0459496930085165,child,,,,,,,,
child,20,25,org,2778,2993.361473337747,4769,19.0,0.1316,0.66,0.01515,0.8684000000000001,0.66,0.75,8.5,121.0,19.0,0.1053,0.68,0.0121,0.6316,0.48,0.5455,12.0,111.0,342.0,0.9954799931322726,1.0,0.0043829296424452,0.0087276067983463,child,,,,,,,,
child,20,25,org,2804,449.90294594177976,1814,25.0,0.072,0.928,0.01092,0.928,0.928,0.928,1.8,23.2,25.0,0.0,1.0,0.0,0.8400000000000001,0.8400000000000001,0.8400000000000001,0.0,0.0,288.0,0.9947917996920748,1.0,0.7670475488389237,0.86816854401335,child,,,,,,,,
child,20,25,org,2145,549.9531773771159,2241,25.0,0.18,0.8200000000000001,0.02725,0.8200000000000001,0.8200000000000001,0.8200000000000001,4.5,95.0,25.0,0.12,0.88,0.0182,0.72,0.72,0.72,5.0,65.0,291.0,0.9917280494493488,1.0,0.7009018958218296,0.8241532301698951,child,,,,,,,,
child,20,25,org,150,1291.2733234758489,4895,19.0,0.2105,0.6,0.0242,0.7895,0.6,0.6818,10.0,156.0,19.0,0.1579,0.64,0.0182,0.6316,0.48,0.5455,12.0,153.0,255.0,0.9954214775638938,1.0,0.023225241016652,0.0453961456102783,child,,,,,,,,
child,20,25,org,8823,1229.7831741450354,5204,23.0,0.4348,0.52,0.0606,0.5652,0.52,0.541675,12.0,176.5,23.0,0.2609,0.68,0.0364,0.6087,0.56,0.5833,13.0,145.0,306.0,0.9949110697400022,1.0,0.113271663205588,0.2034933016788197,child,,,,,,,,
child,20,25,org,4669,594.0857831346802,2370,25.0,0.08,0.92,0.012125,0.92,0.92,0.92,2.0,32.0,25.0,0.04,0.96,0.0061,0.8,0.8,0.8,2.0,20.0,268.0,0.993850884096404,1.0,0.6876424189307625,0.8149148317407562,child,,,,,,,,
child,20,25,org,6131,608.0047252508812,2484,24.0,0.1875,0.78,0.02725,0.8125,0.78,0.7959,5.5,94.0,24.0,0.1667,0.8,0.0242,0.6667,0.64,0.6531,9.0,84.0,329.0,0.993416734267279,1.0,0.6541620007465472,0.7909285794877581,child,,,,,,,,
child,20,25,org,2617,435.8286069789901,1831,25.0,0.08,0.92,0.012125,0.92,0.92,0.92,2.0,32.0,25.0,0.04,0.96,0.0061,0.8,0.8,0.8,2.0,20.0,268.0,0.99340987142903,1.0,0.7446314567614626,0.8536260811709914,child,,,,,,,,
child,20,25,org,7166,536.8237219210714,2180,25.0,0.104,0.8960000000000001,0.01576,0.8960000000000001,0.8960000000000001,0.8960000000000001,2.6,57.4,25.0,0.04,0.96,0.0061,0.76,0.76,0.76,3.0,25.0,298.0,0.9950638974187838,0.9995258416311048,0.7232801509692914,0.8392554991539762,child,,,,,,,,
child,20,25,org,1428,520.8173624463379,2142,25.0,0.112,0.8880000000000001,0.0169599999999999,0.8880000000000001,0.8880000000000001,0.8880000000000001,2.8,57.8,25.0,0.0,1.0,0.0,0.8400000000000001,0.8400000000000001,0.8400000000000001,0.0,0.0,288.0,0.994315599602182,1.0,0.7152839992832826,0.8340123263344823,child,,,,,,,,
child,20,25,org,8328,1116.6669750651345,4827,20.0,0.125,0.7,0.01515,0.875,0.7,0.7778,7.5,106.0,20.0,0.1,0.72,0.0121,0.7,0.56,0.6222,10.0,96.0,324.0,0.9971824506941238,1.0,0.0048856318010215,0.0097237569060773,child,,,,,,,,
child,20,25,org,8289,1592.3673654231245,5308,19.0,0.1053,0.68,0.0121,0.8947,0.68,0.7727,8.0,120.0,19.0,0.1053,0.68,0.0121,0.6316,0.48,0.5455,11.0,120.0,322.0,0.9952907420323902,1.0,0.0197815784051102,0.0387957163063245,child,,,,,,,,
child,20,25,org,5978,448.83785029826686,1829,25.0,0.168,0.8320000000000001,0.02544,0.8320000000000001,0.8320000000000001,0.8320000000000001,4.2,89.2,25.0,0.04,0.96,0.0061,0.76,0.76,0.76,3.0,25.0,298.0,0.9954993214786608,0.9992821249102656,0.759825327510917,0.8632558139534884,child,,,,,,,,
child,20,25,org,5511,468.1753104091622,1954,25.0,0.14,0.86,0.0212,0.86,0.86,0.86,3.5,73.0,25.0,0.08,0.92,0.0121,0.76,0.76,0.76,2.0,43.0,288.0,0.9945336505440824,1.0,0.7374885426214483,0.8489132728423718,child,,,,,,,,
child,20,25,org,5864,6213.225250493269,4719,19.0,0.1316,0.66,0.01515,0.8684000000000001,0.66,0.75,8.5,125.0,19.0,0.1053,0.68,0.0121,0.6842,0.52,0.5909,12.0,115.0,343.0,0.9958055809163228,1.0,0.0046565774155995,0.0092699884125144,child,,,,,,,,
child,20,25,org,606,414.77448932733387,1679,25.0,0.08,0.92,0.012125,0.92,0.92,0.92,2.0,32.0,25.0,0.04,0.96,0.0061,0.8,0.8,0.8,2.0,20.0,268.0,0.9941601541768784,0.9997498123592694,0.7744186046511627,0.8727749262859015,child,,,,,,,,
child,20,25,org,1933,510.77812285302207,2086,25.0,0.12,0.88,0.0181666666666666,0.88,0.88,0.88,3.0,57.333333333333336,25.0,0.1066666666666666,0.8933333333333334,0.0161666666666666,0.7600000000000001,0.7600000000000001,0.7600000000000001,5.666666666666667,57.0,216.33333333333331,0.99273360498738,1.0,0.712476370510397,0.8321006733635059,child,,,,,,,,
child,20,25,org,6071,514.4049634626135,1887,25.0,0.08,0.92,0.012125,0.92,0.92,0.92,2.0,32.0,25.0,0.04,0.96,0.0061,0.8,0.8,0.8,2.0,20.0,268.0,0.9957632090855092,1.0,0.7635793871866295,0.8659427443237908,child,,,,,,,,
child,20,25,org,5504,453.4808299350552,1817,25.0,0.08,0.92,0.012125,0.92,0.92,0.92,2.0,32.0,25.0,0.04,0.96,0.0061,0.8,0.8,0.8,2.0,20.0,268.0,0.9937293577805232,1.0,0.7639277063536426,0.8661666842716806,child,,,,,,,,
child,20,25,org,5163,1224.7462666290812,4756,18.0,0.1667,0.6,0.0182,0.8333,0.6,0.6977,10.0,134.0,18.0,0.1111,0.64,0.0121,0.7222,0.52,0.6047,13.0,133.0,341.0,0.9969752841353292,1.0,0.0048065918974593,0.0095671981776765,child,,,,,,,,
child,20,25,org,2406,1110.1807887791656,4749,21.0,0.1667,0.7,0.0212,0.8332999999999999,0.7,0.76085,7.5,113.0,21.0,0.1429,0.72,0.0182,0.7143,0.6,0.6522,9.0,103.0,305.0,0.9977060662209732,1.0,0.0049327354260089,0.0098170459616242,child,,,,,,,,
child,20,25,org,304,473.7825699653477,1934,25.0,0.18,0.8200000000000001,0.02725,0.8200000000000001,0.8200000000000001,0.8200000000000001,4.5,95.0,25.0,0.12,0.88,0.0182,0.72,0.72,0.72,5.0,65.0,291.0,0.9934553163661224,0.9987392839132628,0.7434309309309309,0.8523778782009899,child,,,,,,,,
child,20,25,org,3391,595.4887916771695,2524,24.0,0.2083,0.76,0.0303,0.7917,0.76,0.7755,6.0,88.0,24.0,0.1667,0.8,0.0242,0.7083,0.68,0.6939,7.0,84.0,228.0,0.9951548902878684,1.0,0.6148443432042521,0.761490537204655,child,,,,,,,,
child,20,25,org,359,1154.689543697983,5008,21.0,0.0952,0.76,0.0121,0.9048,0.76,0.8261,6.0,95.0,21.0,0.0952,0.76,0.0121,0.6667,0.56,0.6087,9.0,95.0,324.0,0.9958194855056804,1.0,0.025143831238014,0.0490542506755352,child,,,,,,,,
child,20,25,org,9096,474.2321851667948,1936,25.0,0.12,0.88,0.018175,0.88,0.88,0.88,3.0,54.0,25.0,0.08,0.92,0.0121,0.76,0.76,0.76,5.0,42.0,191.0,0.9952044692026648,0.999753269183321,0.7365933466642428,0.8482311073895751,child,,,,,,,,
child,20,25,org,3533,489.9155390150845,1963,25.0,0.08,0.92,0.0121,0.92,0.92,0.92,2.0,24.0,25.0,0.04,0.96,0.0061,0.84,0.84,0.84,2.0,22.0,268.0,0.993189321651839,1.0,0.7343076634813566,0.8468020743301642,child,,,,,,,,
child,20,25,org,4125,1160.1367110009303,5002,23.0,0.4,0.552,0.05574,0.6,0.552,0.575,11.2,169.6,23.0,0.2609,0.68,0.0364,0.6087,0.56,0.5833,13.0,145.0,306.0,0.9959040613126008,1.0,0.1159615384615384,0.2078235395485094,child,,,,,,,,
child,20,25,org,3094,477.3173117344268,1971,25.0,0.06,0.94,0.0091,0.94,0.94,0.94,1.5,24.0,25.0,0.04,0.96,0.0061,0.8,0.8,0.8,2.0,22.0,268.0,0.994268006384674,1.0,0.743603701687534,0.8529503590384014,child,,,,,,,,
child,20,25,org,6398,1124.523817970883,4774,24.0,0.22915,0.74,0.03335,0.77085,0.74,0.7551,6.5,118.0,24.0,0.125,0.84,0.0182,0.75,0.72,0.7347,7.0,95.0,343.0,0.9948793995346162,1.0,0.1805635422656699,0.3058938139308329,child,,,,,,,,
child,20,25,new,7816,437.5224323272705,2462,25.0,0.12,0.88,0.0182,0.88,0.88,0.88,3.0,63.0,25.0,0.12,0.88,0.0182,0.72,0.72,0.72,6.0,63.0,348.0,0.995071260983617,1.0,0.6503874571994954,0.7881633544442018,child,9.0,0.8888888889000001,0.0225352113,0.043956044,11.0,0.7272727273,0.32,0.4444444444
child,20,25,new,3578,931.7808305448852,4877,23.0,0.1739,0.76,0.0242,0.8261,0.76,0.7917,7.0,86.0,23.0,0.1304,0.8,0.0182,0.6957,0.64,0.6667,10.0,64.0,316.0,0.9951482494182358,1.0,0.0357922304670449,0.069110830172777,child,9.0,0.8888888889000001,0.0225352113,0.043956044,11.0,0.7272727273,0.32,0.4444444444
child,20,25,new,2656,849.3139199418947,4830,19.666666666666668,0.0675333333333333,0.7333333333333334,0.0081,0.9324666666666668,0.7333333333333334,0.8208666666666667,6.666666666666667,92.33333333333331,19.666666666666668,0.0,0.7866666666666667,0.0,0.7631666666666667,0.6,0.6717333333333334,9.333333333333334,69.0,343.0,0.9960379984398826,1.0,0.0246370435547734,0.0480893087161872,child,9.0,0.8888888889000001,0.0225352113,0.043956044,11.0,0.7272727273,0.32,0.4444444444
child,20,25,new,2688,494.15306288190186,2376,25.0,0.06,0.94,0.0091,0.94,0.94,0.94,1.5,36.0,25.0,0.04,0.96,0.0061,0.8,0.8,0.8,2.0,34.0,338.0,0.99359629909302,1.0,0.681980693600286,0.8109257094271443,child,9.0,0.8888888889000001,0.0225352113,0.043956044,11.0,0.7272727273,0.32,0.4444444444
child,20,25,new,2494,454.0172763313167,2253,25.0,0.1,0.9,0.01515,0.9,0.9,0.9,2.5,58.0,25.0,0.08,0.92,0.0121,0.76,0.76,0.76,4.0,56.0,318.0,0.9941505679201468,1.0,0.6737695643975108,0.8050923839567372,child,9.0,0.8888888889000001,0.0225352113,0.043956044,11.0,0.7272727273,0.32,0.4444444444
child,20,25,new,183,820.2109537506476,4879,18.0,0.0556,0.68,0.0061,0.9444,0.68,0.7907,8.0,123.0,18.0,0.0,0.72,0.0,0.7222,0.52,0.6047,12.0,101.0,361.0,0.9954972891582454,1.0,0.0047212230215827,0.0093980756321324,child,9.0,0.8888888889000001,0.0225352113,0.043956044,11.0,0.7272727273,0.32,0.4444444444
child,20,25,new,7977,851.1941375536844,4806,21.0,0.0476,0.8,0.0061,0.9524,0.8,0.8696,5.0,72.0,21.0,0.0,0.84,0.0,0.7619,0.64,0.6957,7.0,50.0,324.0,0.994566287830511,1.0,0.0247135475174118,0.0482350361762771,child,9.0,0.8888888889000001,0.0225352113,0.043956044,11.0,0.7272727273,0.32,0.4444444444
child,20,25,new,3199,499.2909764833748,2517,25.0,0.12,0.88,0.0182,0.88,0.88,0.88,3.0,58.0,25.0,0.08,0.92,0.0121,0.8,0.8,0.8,4.0,56.0,318.0,0.9928943937587084,1.0,0.6485386607473178,0.7868043087971275,child,9.0,0.8888888889000001,0.0225352113,0.043956044,11.0,0.7272727273,0.32,0.4444444444
child,20,25,new,316,488.7156575829722,2328,25.0,0.14,0.86,0.0212,0.86,0.86,0.86,3.5,73.0,25.0,0.14,0.86,0.0212,0.72,0.72,0.72,7.0,73.0,338.0,0.992945906681384,1.0,0.6745334796926454,0.8056374959029826,child,9.0,0.8888888889000001,0.0225352113,0.043956044,11.0,0.7272727273,0.32,0.4444444444
child,20,25,new,8266,445.5566438292153,2126,25.0,0.06,0.94,0.0091,0.94,0.94,0.94,1.5,36.0,25.0,0.04,0.96,0.0061,0.8,0.8,0.8,2.0,34.0,338.0,0.9946131053357176,1.0,0.6998130841121495,0.8234000439850451,child,9.0,0.8888888889000001,0.0225352113,0.043956044,11.0,0.7272727273,0.32,0.4444444444
child,20,25,new,1532,494.66855449415743,2475,25.0,0.14,0.86,0.0212,0.86,0.86,0.86,3.5,56.0,25.0,0.12,0.88,0.0182,0.76,0.76,0.76,4.0,54.0,322.0,0.9934203521572156,1.0,0.6309726156751653,0.7737378415933303,child,9.0,0.8888888889000001,0.0225352113,0.043956044,11.0,0.7272727273,0.32,0.4444444444
child,20,25,new,1009,471.7575880913064,2373,25.0,0.12,0.88,0.018175,0.88,0.88,0.88,3.0,69.0,25.0,0.1,0.9,0.01515,0.74,0.74,0.74,6.0,67.0,317.0,0.9928818836587212,1.0,0.6496350364963503,0.7876106194690266,child,9.0,0.8888888889000001,0.0225352113,0.043956044,11.0,0.7272727273,0.32,0.4444444444
child,20,25,new,2250,879.8916974426247,4963,19.0,0.1053,0.68,0.0121,0.8947,0.68,0.7727,8.0,130.0,19.0,0.1053,0.68,0.0121,0.6842,0.52,0.5909,12.0,130.0,343.0,0.99561496645173,1.0,0.0227272727272727,0.0444444444444444,child,9.0,0.8888888889000001,0.0225352113,0.043956044,11.0,0.7272727273,0.32,0.4444444444
child,20,25,new,4447,548.5903206649236,2671,25.0,0.26,0.74,0.0394,0.74,0.74,0.74,6.5,101.0,25.0,0.26,0.74,0.0394,0.64,0.64,0.64,11.0,101.0,231.0,0.9937986557876798,1.0,0.6135081012197342,0.7604648538869456,child,9.0,0.8888888889000001,0.0225352113,0.043956044,11.0,0.7272727273,0.32,0.4444444444
child,20,25,new,2415,909.813035922125,4665,20.0,0.0333333333333333,0.7733333333333334,0.0040666666666666,0.9666666666666668,0.7733333333333334,0.8592333333333334,5.666666666666667,82.66666666666667,20.0,0.0,0.8000000000000002,0.0,0.8000000000000002,0.64,0.7111,8.0,68.0,324.0,0.996025543488408,1.0,0.0049076887123159,0.0097674418604651,child,9.0,0.8888888889000001,0.0225352113,0.043956044,11.0,0.7272727273,0.32,0.4444444444
child,20,25,new,3595,825.2772459229454,4898,20.0,0.05,0.76,0.0061,0.95,0.76,0.8444,6.0,90.0,20.0,0.0,0.8,0.0,0.8,0.64,0.7111,8.0,68.0,324.0,0.9959674192627744,1.0,0.023209549071618,0.0453661697990926,child,9.0,0.8888888889000001,0.0225352113,0.043956044,11.0,0.7272727273,0.32,0.4444444444
child,20,25,new,4187,954.09420899814,4964,21.666666666666668,0.1536999999999999,0.7333333333333334,0.0202,0.8462999999999999,0.7333333333333334,0.7857,6.666666666666667,109.33333333333331,21.666666666666668,0.0923333333333333,0.7866666666666667,0.0121,0.6926333333333333,0.6,0.6429333333333332,6.333333333333333,86.0,336.0,0.9960981501370516,1.0,0.0244006849315068,0.0476389469285415,child,9.0,0.8888888889000001,0.0225352113,0.043956044,11.0,0.7272727273,0.32,0.4444444444
child,20,25,new,4135,564.4809695696458,2764,25.0,0.12,0.88,0.0182,0.88,0.88,0.88,3.0,58.0,25.0,0.08,0.92,0.0121,0.8,0.8,0.8,4.0,56.0,318.0,0.9946788510329988,1.0,0.5929411764705882,0.7444608567208272,child,9.0,0.8888888889000001,0.0225352113,0.043956044,11.0,0.7272727273,0.32,0.4444444444
child,20,25,new,5174,1077.7541737640277,5264,23.0,0.1739,0.76,0.0242,0.8261,0.76,0.7917,6.0,80.0,23.0,0.1739,0.76,0.0242,0.7826,0.72,0.75,8.0,80.0,305.0,0.9952617386657008,1.0,0.0737560975609756,0.1373796111212065,child,9.0,0.8888888889000001,0.0225352113,0.043956044,11.0,0.7272727273,0.32,0.4444444444
child,20,25,new,5303,518.3795085460879,2431,25.0,0.16,0.84,0.0242,0.84,0.84,0.84,4.0,79.0,25.0,0.16,0.84,0.0242,0.68,0.68,0.68,7.0,79.0,332.0,0.9944201866274024,1.0,0.6415404270852345,0.7816321992439403,child,9.0,0.8888888889000001,0.0225352113,0.043956044,11.0,0.7272727273,0.32,0.4444444444
child,20,25,new,3942,1003.6545540862716,5298,21.0,0.0476,0.8,0.0061,0.9524,0.8,0.8696,5.0,72.0,21.0,0.0,0.84,0.0,0.7619,0.64,0.6957,7.0,50.0,324.0,0.9956382703493122,1.0,0.0235151023717818,0.0459496930085165,child,9.0,0.8888888889000001,0.0225352113,0.043956044,11.0,0.7272727273,0.32,0.4444444444
child,20,25,new,2778,784.0880311531946,4769,19.0,0.0526,0.72,0.0061,0.9474,0.72,0.8182,7.0,105.0,19.0,0.0,0.76,0.0,0.7368,0.56,0.6364,10.0,83.0,342.0,0.9954799931322726,1.0,0.0043829296424452,0.0087276067983463,child,9.0,0.8888888889000001,0.0225352113,0.043956044,11.0,0.7272727273,0.32,0.4444444444
child,20,25,new,2804,496.0415023230016,2464,25.0,0.14,0.86,0.0212,0.86,0.86,0.86,3.5,56.0,25.0,0.12,0.88,0.0182,0.76,0.76,0.76,4.0,54.0,322.0,0.9947917996920748,1.0,0.6472539624032436,0.7858581338106959,child,9.0,0.8888888889000001,0.0225352113,0.043956044,11.0,0.7272727273,0.32,0.4444444444
child,20,25,new,2145,502.31817407906055,2473,25.0,0.14,0.86,0.0212,0.86,0.86,0.86,3.5,80.0,25.0,0.12,0.88,0.0182,0.72,0.72,0.72,7.0,78.0,307.0,0.9917280494493488,1.0,0.658199889563777,0.7938727938727939,child,9.0,0.8888888889000001,0.0225352113,0.043956044,11.0,0.7272727273,0.32,0.4444444444
child,20,25,new,150,847.7082314179279,4895,19.0,0.07895,0.7,0.0091,0.92105,0.7,0.79545,7.5,117.0,19.0,0.0526,0.72,0.0061,0.7368,0.56,0.6364,10.0,106.0,342.0,0.9954214775638938,1.0,0.023225241016652,0.0453961456102783,child,9.0,0.8888888889000001,0.0225352113,0.043956044,11.0,0.7272727273,0.32,0.4444444444
child,20,25,new,8823,1113.008058079984,5409,23.0,0.2174,0.72,0.0303,0.7826,0.72,0.75,7.0,105.0,23.0,0.2174,0.72,0.0303,0.6957,0.64,0.6667,11.0,105.0,314.0,0.9949110697400022,1.0,0.0745705116103454,0.1387912860154602,child,9.0,0.8888888889000001,0.0225352113,0.043956044,11.0,0.7272727273,0.32,0.4444444444
child,20,25,new,4669,609.3915597489104,2971,25.0,0.1,0.9,0.01515,0.9,0.9,0.9,2.5,42.0,25.0,0.08,0.92,0.0121,0.76,0.76,0.76,4.0,40.0,324.0,0.993850884096404,1.0,0.582296231375986,0.7360141796831727,child,9.0,0.8888888889000001,0.0225352113,0.043956044,11.0,0.7272727273,0.32,0.4444444444
child,20,25,new,6131,485.429421570152,2484,24.0,0.1458499999999999,0.8200000000000001,0.0212,0.85415,0.8200000000000001,0.8367,4.5,74.0,24.0,0.1458499999999999,0.8200000000000001,0.0212,0.7083,0.68,0.6939,8.0,74.0,339.0,0.993416734267279,1.0,0.6541620007465472,0.7909285794877581,child,9.0,0.8888888889000001,0.0225352113,0.043956044,11.0,0.7272727273,0.32,0.4444444444
child,20,25,new,2617,410.9816797268577,2089,25.0,0.12,0.88,0.0182,0.88,0.88,0.88,3.0,58.0,25.0,0.08,0.92,0.0121,0.8,0.8,0.8,4.0,56.0,318.0,0.99340987142903,1.0,0.6947185142193848,0.8198630136986301,child,9.0,0.8888888889000001,0.0225352113,0.043956044,11.0,0.7272727273,0.32,0.4444444444
child,20,25,new,7166,559.1986131533049,2706,25.0,0.06,0.94,0.0091,0.94,0.94,0.94,1.5,36.0,25.0,0.04,0.96,0.0061,0.8,0.8,0.8,2.0,34.0,338.0,0.9950638974187838,1.0,0.6333848001372449,0.7755487868921332,child,9.0,0.8888888889000001,0.0225352113,0.043956044,11.0,0.7272727273,0.32,0.4444444444
child,20,25,new,1428,587.8058548201807,2957,25.0,0.08,0.92,0.0121,0.92,0.92,0.92,2.0,38.0,25.0,0.04,0.96,0.0061,0.8,0.8,0.8,2.0,34.0,338.0,0.994315599602182,1.0,0.569252822074897,0.7255081068737155,child,9.0,0.8888888889000001,0.0225352113,0.043956044,11.0,0.7272727273,0.32,0.4444444444
child,20,25,new,8328,825.857081073802,4827,21.0,0.0476,0.8,0.0061,0.9524,0.8,0.8696,5.0,72.0,21.0,0.0,0.84,0.0,0.7619,0.64,0.6957,7.0,50.0,324.0,0.9971824506941238,1.0,0.0048856318010215,0.0097237569060773,child,9.0,0.8888888889000001,0.0225352113,0.043956044,11.0,0.7272727273,0.32,0.4444444444
child,20,25,new,8289,926.8025033948944,5308,20.0,0.1,0.72,0.0121,0.9,0.72,0.8,7.0,95.0,20.0,0.0,0.8,0.0,0.75,0.6,0.6667,8.0,69.0,323.0,0.9952907420323902,1.0,0.0197815784051102,0.0387957163063245,child,9.0,0.8888888889000001,0.0225352113,0.043956044,11.0,0.7272727273,0.32,0.4444444444
child,20,25,new,5978,541.1058113276958,2705,25.0,0.14,0.86,0.0212,0.86,0.86,0.86,3.5,56.0,25.0,0.12,0.88,0.0182,0.76,0.76,0.76,4.0,54.0,322.0,0.9954993214786608,1.0,0.6009825327510917,0.7507671326287078,child,9.0,0.8888888889000001,0.0225352113,0.043956044,11.0,0.7272727273,0.32,0.4444444444
child,20,25,new,5511,449.1593855340034,2275,25.0,0.12,0.88,0.0182,0.88,0.88,0.88,3.0,63.0,25.0,0.12,0.88,0.0182,0.72,0.72,0.72,6.0,63.0,348.0,0.9945336505440824,1.0,0.6786434463794684,0.8085617560336354,child,9.0,0.8888888889000001,0.0225352113,0.043956044,11.0,0.7272727273,0.32,0.4444444444
child,20,25,new,5864,799.5000598272309,4719,19.0,0.1053,0.68,0.0121,0.8947,0.68,0.7727,8.0,110.0,19.0,0.0526,0.72,0.0061,0.7368,0.56,0.6364,9.0,88.0,342.0,0.9958055809163228,1.0,0.0046565774155995,0.0092699884125144,child,9.0,0.8888888889000001,0.0225352113,0.043956044,11.0,0.7272727273,0.32,0.4444444444
child,20,25,new,606,482.6051790839993,2343,25.0,0.16,0.84,0.0242,0.84,0.84,0.84,4.0,85.0,25.0,0.16,0.84,0.0242,0.68,0.68,0.68,9.0,85.0,341.0,0.9941601541768784,1.0,0.6459302325581395,0.7848816672553868,child,9.0,0.8888888889000001,0.0225352113,0.043956044,11.0,0.7272727273,0.32,0.4444444444
child,20,25,new,1933,487.6664028898813,2392,25.0,0.08,0.92,0.0121333333333333,0.92,0.92,0.92,2.0,43.333333333333336,25.0,0.0533333333333333,0.9466666666666668,0.0081,0.8000000000000002,0.8000000000000002,0.8000000000000002,2.6666666666666665,41.333333333333336,331.3333333333333,0.99273360498738,1.0,0.6546313799621928,0.791271564035188,child,9.0,0.8888888889000001,0.0225352113,0.043956044,11.0,0.7272727273,0.32,0.4444444444
child,20,25,new,6071,573.2254267851822,2737,25.0,0.1,0.9,0.01515,0.9,0.9,0.9,2.5,42.0,25.0,0.08,0.92,0.0121,0.76,0.76,0.76,4.0,40.0,324.0,0.9957632090855092,1.0,0.6155988857938719,0.7620689655172413,child,9.0,0.8888888889000001,0.0225352113,0.043956044,11.0,0.7272727273,0.32,0.4444444444
child,20,25,new,5504,502.5620039459318,2353,25.0,0.12,0.88,0.0182,0.88,0.88,0.88,3.0,63.0,25.0,0.12,0.88,0.0182,0.72,0.72,0.72,6.0,63.0,348.0,0.9937293577805232,1.0,0.6640581330352152,0.7981189116560297,child,9.0,0.8888888889000001,0.0225352113,0.043956044,11.0,0.7272727273,0.32,0.4444444444
child,20,25,new,5163,817.7114374516532,4756,20.0,0.0333333333333333,0.7733333333333334,0.0040666666666666,0.9666666666666668,0.7733333333333334,0.8592333333333334,5.666666666666667,83.66666666666667,20.0,0.0,0.8000000000000002,0.0,0.75,0.6,0.6667,8.0,69.0,323.0,0.9969752841353292,1.0,0.0048065918974593,0.0095671981776765,child,9.0,0.8888888889000001,0.0225352113,0.043956044,11.0,0.7272727273,0.32,0.4444444444
child,20,25,new,2406,859.7519225520082,4749,20.0,0.05,0.76,0.0061,0.95,0.76,0.8444,6.0,75.0,20.0,0.0,0.8,0.0,0.8,0.64,0.7111,8.0,53.0,324.0,0.9977060662209732,1.0,0.0049327354260089,0.0098170459616242,child,9.0,0.8888888889000001,0.0225352113,0.043956044,11.0,0.7272727273,0.32,0.4444444444
child,20,25,new,304,539.8772598840296,2703,25.0,0.06,0.94,0.0091,0.94,0.94,0.94,1.5,36.0,25.0,0.04,0.96,0.0061,0.8,0.8,0.8,2.0,34.0,338.0,0.9934553163661224,1.0,0.6000375375375375,0.7500293255131965,child,9.0,0.8888888889000001,0.0225352113,0.043956044,11.0,0.7272727273,0.32,0.4444444444
child,20,25,new,3391,518.596348406747,2524,24.0,0.1667,0.8,0.0242,0.8333,0.8,0.8163,5.0,61.0,24.0,0.125,0.84,0.0182,0.75,0.72,0.7347,5.0,57.0,325.0,0.9951548902878684,1.0,0.6148443432042521,0.761490537204655,child,9.0,0.8888888889000001,0.0225352113,0.043956044,11.0,0.7272727273,0.32,0.4444444444
child,20,25,new,359,916.0861083832568,5008,19.666666666666668,0.1184333333333333,0.6933333333333334,0.0141333333333333,0.8815666666666667,0.6933333333333334,0.7761,7.666666666666667,114.33333333333331,19.666666666666668,0.1017666666666666,0.7066666666666667,0.0121,0.6614,0.52,0.5821666666666666,11.333333333333334,113.0,343.0,0.9958194855056804,1.0,0.025143831238014,0.0490542506755352,child,9.0,0.8888888889000001,0.0225352113,0.043956044,11.0,0.7272727273,0.32,0.4444444444
child,20,25,new,9096,460.5557064330205,2250,25.0,0.08,0.92,0.012125,0.92,0.92,0.92,2.0,47.0,25.0,0.06,0.94,0.0091,0.78,0.78,0.78,3.0,45.0,328.0,0.9952044692026648,1.0,0.6796946009816397,0.8093073593073593,child,9.0,0.8888888889000001,0.0225352113,0.043956044,11.0,0.7272727273,0.32,0.4444444444
child,20,25,new,3533,460.8721534861252,2322,25.0,0.16,0.84,0.0242,0.84,0.84,0.84,4.0,83.0,25.0,0.16,0.84,0.0242,0.72,0.72,0.72,8.0,83.0,328.0,0.993189321651839,1.0,0.6670414090312909,0.8002697538496123,child,9.0,0.8888888889000001,0.0225352113,0.043956044,11.0,0.7272727273,0.32,0.4444444444
child,20,25,new,4125,1058.7987847346812,5283,23.0,0.087,0.84,0.0121,0.913,0.84,0.875,4.0,63.0,23.0,0.087,0.84,0.0121,0.7391,0.68,0.7083,8.0,63.0,335.0,0.9959040613126008,1.0,0.0619230769230769,0.1166244114451285,child,9.0,0.8888888889000001,0.0225352113,0.043956044,11.0,0.7272727273,0.32,0.4444444444
child,20,25,new,3094,476.98464846564457,2408,25.0,0.1,0.9,0.01515,0.9,0.9,0.9,2.5,58.0,25.0,0.08,0.92,0.0121,0.76,0.76,0.76,4.0,56.0,318.0,0.994268006384674,1.0,0.6643077481400834,0.7982991713911906,child,9.0,0.8888888889000001,0.0225352113,0.043956044,11.0,0.7272727273,0.32,0.4444444444
child,20,25,new,6398,1047.623530747369,5401,22.0,0.02275,0.86,0.00305,0.97725,0.86,0.9149,3.5,47.0,22.0,0.02275,0.86,0.00305,0.8636,0.76,0.8085,6.0,47.0,315.0,0.9948793995346162,1.0,0.0603795284646348,0.1138828633405639,child,9.0,0.8888888889000001,0.0225352113,0.043956044,11.0,0.7272727273,0.32,0.4444444444
survey,6,6,org,7816,0.0629434147849679,26,4.0,0.5833333333333334,0.2777666666666666,0.2592333333333333,0.4166666666666667,0.2777666666666666,0.3333333333333333,4.333333333333333,17.333333333333332,4.0,0.25,0.5,0.1111,0.75,0.5,0.6,5.0,17.0,18.0,0.9198770144687328,1.0,0.625,0.7692307692307693,survey,,,,,,,,
survey,6,6,org,3578,0.1216806722804904,45,5.0,0.4666666666666666,0.4444333333333333,0.2592333333333333,0.5333333333333333,0.4444333333333333,0.4848666666666667,3.333333333333333,16.333333333333332,5.0,0.2,0.6667,0.1111,0.8000000000000002,0.6667,0.7273,4.0,16.0,17.0,0.9586447425139328,1.0,0.5306122448979592,0.6933333333333334,survey,,,,,,,,
survey,6,6,org,2656,0.1063041891902685,44,4.0,0.875,0.08335,0.38885,0.125,0.08335,0.2,5.5,24.5,4.0,0.5,0.3333,0.2222,0.5,0.3333,0.4,6.0,18.0,25.0,0.958344866502668,1.0,0.4468085106382978,0.6176470588235294,survey,,,,,,,,
survey,6,6,org,2688,0.050804475788027,20,3.0,0.53334,0.2333399999999999,0.17776,0.4666599999999999,0.2333399999999999,0.3888749999999999,4.6,18.0,3.0,0.0,0.5,0.0,1.0,0.5,0.6667,5.0,10.0,24.0,0.9529774329355464,1.0,0.5882352941176471,0.7407407407407407,survey,,,,,,,,
survey,6,6,org,2494,0.1155897607095539,43,6.0,0.1667,0.8333,0.1111,0.8333,0.8333,0.8333,1.0,6.0,6.0,0.1667,0.8333,0.1111,0.8333,0.8333,0.8333,3.0,6.0,14.0,0.9268512745134933,0.945945945945946,0.6363636363636364,0.7608695652173914,survey,,,,,,,,
survey,6,6,org,183,0.0767413186840713,31,5.0,0.4666666666666666,0.4444333333333333,0.2592333333333333,0.5333333333333333,0.4444333333333333,0.4848666666666667,3.333333333333333,16.333333333333332,5.0,0.2,0.6667,0.1111,0.8000000000000002,0.6667,0.7273,4.0,16.0,17.0,0.8844017022044166,0.7916666666666666,0.6129032258064516,0.6909090909090909,survey,,,,,,,,
survey,6,6,org,7977,0.1065416801720857,39,6.0,0.3333,0.6667,0.2222,0.6667,0.6667,0.6667,2.0,9.0,6.0,0.3333,0.6667,0.2222,0.6667,0.6667,0.6667,2.0,9.0,9.0,0.9504568207127916,0.975609756097561,0.7272727272727273,0.8333333333333334,survey,,,,,,,,
survey,6,6,org,3199,0.0684680608101189,31,3.0,0.5,0.25,0.16665,0.5,0.25,0.3333,4.5,17.5,3.0,0.3333,0.3333,0.1111,0.6667,0.3333,0.4444,5.0,17.0,18.0,0.9182592334463596,1.0,0.2631578947368421,0.4166666666666667,survey,,,,,,,,
survey,6,6,org,316,0.08059857878834,33,5.0,0.4666666666666666,0.4444333333333333,0.2592333333333333,0.5333333333333333,0.4444333333333333,0.4848666666666667,3.333333333333333,16.333333333333332,5.0,0.2,0.6667,0.1111,0.8000000000000002,0.6667,0.7273,4.0,16.0,17.0,0.9030168570407198,0.8709677419354839,0.627906976744186,0.7297297297297297,survey,,,,,,,,
survey,6,6,org,8266,0.0668679298833012,24,5.0,0.5,0.4166749999999999,0.27775,0.5,0.4166749999999999,0.45455,3.5,15.25,5.0,0.2,0.6667,0.1111,0.8,0.6667,0.7273,5.0,7.0,21.0,0.948716399763198,0.9545454545454546,0.75,0.84,survey,,,,,,,,
survey,6,6,org,1532,0.1350988028571009,42,6.0,0.58335,0.4166499999999999,0.38885,0.4166499999999999,0.4166499999999999,0.4166499999999999,3.5,19.5,6.0,0.3333,0.6667,0.2222,0.6667,0.6667,0.6667,5.0,13.0,20.0,0.9454490415002984,1.0,0.6774193548387096,0.8076923076923077,survey,,,,,,,,
survey,6,6,org,1009,0.0708909179084003,29,4.0,0.75,0.166675,0.3333,0.25,0.166675,0.2666666666666666,5.0,21.5,4.0,0.5,0.3333,0.2222,0.5,0.3333,0.4,5.5,18.0,22.0,0.8950685805530199,0.9333333333333332,0.5384615384615384,0.6829268292682926,survey,,,,,,,,
survey,6,6,org,2250,0.0422576740384101,18,3.0,0.16665,0.4166499999999999,0.05555,0.83335,0.4166499999999999,0.55555,3.5,14.0,3.0,0.0,0.5,0.0,1.0,0.5,0.6667,4.0,11.0,17.0,0.8328008021390374,1.0,0.4,0.5714285714285715,survey,,,,,,,,
survey,6,6,org,4447,0.1086473362520337,39,6.0,0.3333,0.6667,0.2222,0.6667,0.6667,0.6667,2.0,9.0,6.0,0.3333,0.6667,0.2222,0.6667,0.6667,0.6667,2.0,9.0,9.0,0.9382860122685192,0.975609756097561,0.7272727272727273,0.8333333333333334,survey,,,,,,,,
survey,6,6,org,2415,0.0998861473053693,41,3.0,0.5,0.25,0.16665,0.5,0.25,0.3333,4.5,17.5,3.0,0.3333,0.3333,0.1111,0.6667,0.3333,0.4444,5.0,17.0,18.0,0.930963452747406,1.0,0.3142857142857143,0.4782608695652174,survey,,,,,,,,
survey,6,6,org,3595,0.0719475718215107,28,5.0,0.4,0.5,0.2222,0.6,0.5,0.5455,3.0,14.0,5.0,0.4,0.5,0.2222,0.6,0.5,0.5455,3.0,14.0,14.0,0.9316906367700764,0.9166666666666666,0.6666666666666666,0.7719298245614035,survey,,,,,,,,
survey,6,6,org,4187,0.0823403061367571,35,5.0,0.3,0.58335,0.16665,0.7,0.58335,0.6364,2.5,11.5,5.0,0.2,0.6667,0.1111,0.8,0.6667,0.7273,4.0,11.0,12.0,0.9372258444369675,1.0,0.5714285714285714,0.7272727272727273,survey,,,,,,,,
survey,6,6,org,4135,0.0493399137631058,18,4.0,0.25,0.5,0.1111,0.75,0.5,0.6,3.0,13.0,4.0,0.25,0.5,0.1111,0.75,0.5,0.6,3.0,13.0,13.0,0.8479043990447499,0.7857142857142857,0.7333333333333333,0.7586206896551724,survey,,,,,,,,
survey,6,6,org,5174,0.0941465520299971,36,5.0,0.7,0.25,0.38885,0.3,0.25,0.2727,4.5,23.5,5.0,0.4,0.5,0.2222,0.4,0.3333,0.3636,5.0,17.0,24.0,0.9388595593042722,0.925,0.7254901960784313,0.8131868131868133,survey,,,,,,,,
survey,6,6,org,5303,0.0766555196605622,32,5.0,0.6,0.3333,0.3333,0.4,0.3333,0.3636,5.0,16.0,5.0,0.6,0.3333,0.3333,0.4,0.3333,0.3636,5.0,16.0,16.0,0.9556607072096922,1.0,0.5142857142857142,0.6792452830188679,survey,,,,,,,,
survey,6,6,org,3942,0.0768199628219008,34,4.0,0.375,0.4166499999999999,0.16665,0.625,0.4166499999999999,0.5,3.5,12.5,4.0,0.25,0.5,0.1111,0.75,0.5,0.6,4.0,12.0,19.0,0.9043289549041738,1.0,0.4285714285714285,0.6,survey,,,,,,,,
survey,6,6,org,2778,0.0494663040153682,18,4.0,0.5833333333333334,0.2777666666666666,0.2592333333333333,0.4166666666666667,0.2777666666666666,0.3333333333333333,4.333333333333333,17.333333333333332,4.0,0.25,0.5,0.1111,0.75,0.5,0.6,5.0,17.0,18.0,0.882093962078406,0.75,0.7142857142857143,0.7317073170731706,survey,,,,,,,,
survey,6,6,org,2804,0.0773119698278606,37,3.0,0.66668,0.16668,0.2222,0.3333199999999999,0.16668,0.27775,5.0,19.8,3.0,0.13332,0.43332,0.04444,0.86668,0.43332,0.57778,5.0,12.8,21.6,0.8619774321265099,1.0,0.2916666666666667,0.4516129032258064,survey,,,,,,,,
survey,6,6,org,2145,0.1137610492296516,44,6.0,0.4166499999999999,0.58335,0.27775,0.58335,0.58335,0.58335,2.5,13.5,6.0,0.3333,0.6667,0.2222,0.6667,0.6667,0.6667,4.0,13.0,14.0,0.9224981019665974,0.9444444444444444,0.5964912280701754,0.7311827956989247,survey,,,,,,,,
survey,6,6,org,150,0.047067929059267,16,4.0,0.45,0.36666,0.19998,0.55,0.36666,0.4399999999999999,3.8,17.8,4.0,0.0,0.6667,0.0,0.75,0.5,0.6,5.0,15.0,29.0,0.9509450375046352,0.8666666666666667,0.65,0.7428571428571429,survey,,,,,,,,
survey,6,6,org,8823,0.0715302838943898,33,3.0,0.4666599999999999,0.26666,0.15554,0.53334,0.26666,0.4444249999999999,4.4,15.6,3.0,0.0,0.5,0.0,1.0,0.5,0.6667,5.0,10.0,24.0,0.990901710820388,1.0,0.3714285714285714,0.5416666666666666,survey,,,,,,,,
survey,6,6,org,4669,0.125721117015928,49,6.0,0.58335,0.4166499999999999,0.38885,0.4166499999999999,0.4166499999999999,0.4166499999999999,3.5,19.5,6.0,0.3333,0.6667,0.2222,0.6667,0.6667,0.6667,5.0,13.0,20.0,0.9000983882889204,0.967741935483871,0.5454545454545454,0.6976744186046512,survey,,,,,,,,
survey,6,6,org,6131,0.0844219280406832,37,5.0,0.4666666666666666,0.4444333333333333,0.2592333333333333,0.5333333333333333,0.4444333333333333,0.4848666666666667,3.333333333333333,16.333333333333332,5.0,0.2,0.6667,0.1111,0.8000000000000002,0.6667,0.7273,4.0,16.0,17.0,0.9373264091264076,1.0,0.6428571428571429,0.782608695652174,survey,,,,,,,,
survey,6,6,org,2617,0.0672130431048572,30,4.0,0.5,0.333325,0.2222,0.5,0.333325,0.3999999999999999,4.0,15.5,4.0,0.25,0.5,0.1111,0.75,0.5,0.6,6.0,12.0,19.0,0.9473452663586958,1.0,0.5862068965517241,0.7391304347826086,survey,,,,,,,,
survey,6,6,org,7166,0.0665454841218888,24,5.0,0.4,0.5,0.2222,0.6,0.5,0.5455,3.0,14.0,5.0,0.4,0.5,0.2222,0.6,0.5,0.5455,3.0,14.0,14.0,0.8587792599956603,0.8181818181818182,0.6428571428571429,0.7200000000000001,survey,,,,,,,,
survey,6,6,org,1428,0.0614578742533922,25,4.0,0.5833333333333334,0.2777666666666666,0.2592333333333333,0.4166666666666667,0.2777666666666666,0.3333333333333333,4.333333333333333,17.333333333333332,4.0,0.25,0.5,0.1111,0.75,0.5,0.6,5.0,17.0,18.0,0.9206611811391224,1.0,0.6666666666666666,0.8,survey,,,,,,,,
survey,6,6,org,8328,0.0981230391189456,35,4.0,0.625,0.25,0.27775,0.375,0.25,0.3,4.5,18.5,4.0,0.5,0.3333,0.2222,0.5,0.3333,0.4,5.0,18.0,19.0,0.9436706418546236,1.0,0.6046511627906976,0.7536231884057971,survey,,,,,,,,
survey,6,6,org,8289,0.0812594192102551,37,3.0,0.4,0.3,0.13332,0.6,0.3,0.3999799999999999,4.2,15.4,3.0,0.0,0.5,0.0,1.0,0.5,0.6667,5.0,10.0,24.0,0.9270816722264794,1.0,0.3214285714285714,0.4864864864864865,survey,,,,,,,,
survey,6,6,org,5978,0.0734331109561026,26,5.0,0.4,0.5,0.2222,0.6,0.5,0.5455,3.0,14.0,5.0,0.4,0.5,0.2222,0.6,0.5,0.5455,3.0,14.0,14.0,0.9067603686234972,0.8846153846153846,0.6764705882352942,0.7666666666666666,survey,,,,,,,,
survey,6,6,org,5511,0.0888351560570299,37,5.0,0.4666666666666666,0.4444333333333333,0.2592333333333333,0.5333333333333333,0.4444333333333333,0.4848666666666667,3.333333333333333,16.333333333333332,5.0,0.2,0.6667,0.1111,0.8000000000000002,0.6667,0.7273,4.0,16.0,17.0,0.9282168255677352,0.9629629629629628,0.5909090909090909,0.732394366197183,survey,,,,,,,,
survey,6,6,org,5864,0.0514705078676342,21,3.0,0.53334,0.2333399999999999,0.17776,0.4666599999999999,0.2333399999999999,0.3888749999999999,4.6,18.0,3.0,0.0,0.5,0.0,1.0,0.5,0.6667,5.0,10.0,24.0,0.8958437074197944,0.9230769230769232,0.6666666666666666,0.7741935483870968,survey,,,,,,,,
survey,6,6,org,606,0.0660484838299453,23,5.0,0.6,0.3333,0.3333,0.4,0.3333,0.3636,4.0,20.0,5.0,0.4,0.5,0.2222,0.6,0.5,0.5455,4.0,14.0,20.0,0.9438992273946508,0.9565217391304348,0.7857142857142857,0.8627450980392156,survey,,,,,,,,
survey,6,6,org,1933,0.0631495537236332,27,4.0,0.5833333333333334,0.2777666666666666,0.2592333333333333,0.4166666666666667,0.2777666666666666,0.3333333333333333,4.333333333333333,17.333333333333332,4.0,0.25,0.5,0.1111,0.75,0.5,0.6,5.0,17.0,18.0,0.929676743033941,1.0,0.5769230769230769,0.7317073170731707,survey,,,,,,,,
survey,6,6,org,6071,0.0582284349948167,23,4.0,0.5,0.333325,0.2222,0.5,0.333325,0.4,4.0,14.5,4.0,0.3125,0.458325,0.138875,0.6875,0.458325,0.55,4.75,9.75,19.5,0.9428764116996624,0.9411764705882352,0.7272727272727273,0.8205128205128205,survey,,,,,,,,
survey,6,6,org,5504,0.072266612201929,31,4.0,0.65,0.23334,0.28886,0.35,0.23334,0.35,4.6,19.2,4.0,0.0,0.6667,0.0,1.0,0.6667,0.8,5.0,10.0,24.0,0.9468152888347264,0.9375,0.5357142857142857,0.6818181818181818,survey,,,,,,,,
survey,6,6,org,5163,0.080971383024007,33,5.0,0.4666666666666666,0.4444333333333333,0.2592333333333333,0.5333333333333333,0.4444333333333333,0.4848666666666667,3.333333333333333,16.333333333333332,5.0,0.2,0.6667,0.1111,0.8000000000000002,0.6667,0.7273,4.0,16.0,17.0,0.8891708619039266,0.9090909090909092,0.6060606060606061,0.7272727272727273,survey,,,,,,,,
survey,6,6,org,2406,0.0710438326932489,28,5.0,0.6,0.3333,0.3333,0.4,0.3333,0.3636,5.0,17.0,5.0,0.6,0.3333,0.3333,0.4,0.3333,0.3636,6.0,14.0,20.0,0.8867515051352899,0.9473684210526316,0.6666666666666666,0.782608695652174,survey,,,,,,,,
survey,6,6,org,304,0.0708008329384028,25,5.0,0.5,0.4166499999999999,0.27775,0.5,0.4166499999999999,0.45455,3.5,14.5,5.0,0.4,0.5,0.2222,0.6,0.5,0.5455,5.0,14.0,15.0,0.9580137044947076,0.9523809523809524,0.6666666666666666,0.7843137254901961,survey,,,,,,,,
survey,6,6,org,3391,0.0775035349652171,36,4.0,0.55,0.3,0.24442,0.45,0.3,0.36,4.2,20.6,4.0,0.1,0.60002,0.04444,0.65,0.43332,0.52,5.0,15.4,26.6,0.9569916519335644,1.0,0.3243243243243243,0.489795918367347,survey,,,,,,,,
survey,6,6,org,359,0.1131052025593817,45,6.0,0.0,1.0,0.0,1.0,1.0,1.0,0.0,0.0,6.0,0.0,1.0,0.0,1.0,1.0,1.0,0.0,0.0,7.0,0.9409496878324336,1.0,0.660377358490566,0.7954545454545454,survey,,,,,,,,
survey,6,6,org,9096,0.0665017557330429,29,4.0,0.25,0.5,0.1111,0.75,0.5,0.6,3.0,13.0,4.0,0.25,0.5,0.1111,0.75,0.5,0.6,3.0,13.0,13.0,0.906587081127496,1.0,0.6,0.7499999999999999,survey,,,,,,,,
survey,6,6,org,3533,0.0698541030287742,28,5.0,0.5,0.4166499999999999,0.27775,0.5,0.4166499999999999,0.45455,3.5,13.0,5.0,0.4,0.5,0.2222,0.6,0.5,0.5455,6.0,10.0,16.0,0.8978968777897136,0.9444444444444444,0.6071428571428571,0.7391304347826088,survey,,,,,,,,
survey,6,6,org,4125,0.0839328109286725,36,5.0,0.4666666666666666,0.4444333333333333,0.2592333333333333,0.5333333333333333,0.4444333333333333,0.4848666666666667,3.333333333333333,16.333333333333332,5.0,0.2,0.6667,0.1111,0.8000000000000002,0.6667,0.7273,4.0,16.0,17.0,0.9578097250996818,1.0,0.6666666666666666,0.8,survey,,,,,,,,
survey,6,6,org,3094,0.0854324111714959,34,5.0,0.4666666666666666,0.4444333333333333,0.2592333333333333,0.5333333333333333,0.4444333333333333,0.4848666666666667,3.333333333333333,16.333333333333332,5.0,0.2,0.6667,0.1111,0.8000000000000002,0.6667,0.7273,4.0,16.0,17.0,0.9297156852439408,0.9523809523809524,0.5882352941176471,0.7272727272727274,survey,,,,,,,,
survey,6,6,org,6398,0.0572707094252109,21,4.0,0.5833333333333334,0.2777666666666666,0.2592333333333333,0.4166666666666667,0.2777666666666666,0.3333333333333333,4.333333333333333,17.333333333333332,4.0,0.25,0.5,0.1111,0.75,0.5,0.6,5.0,17.0,18.0,0.8970862259924759,0.85,0.7083333333333334,0.7727272727272727,survey,,,,,,,,
survey,6,6,new,7816,0.0646671620197594,26,4.0,0.5833333333333334,0.2777666666666666,0.2592333333333333,0.4166666666666667,0.2777666666666666,0.3333333333333333,4.333333333333333,17.333333333333332,4.0,0.25,0.5,0.1111,0.75,0.5,0.6,5.0,17.0,18.0,0.9198770144687328,1.0,0.625,0.7692307692307693,survey,9.0,1.0,0.375,0.5454545455,0.0,0.0,0.0,0.0
survey,6,6,new,3578,0.105076054111123,45,5.0,0.4666666666666666,0.4444333333333333,0.2592333333333333,0.5333333333333333,0.4444333333333333,0.4848666666666667,3.333333333333333,16.333333333333332,5.0,0.2,0.6667,0.1111,0.8000000000000002,0.6667,0.7273,4.0,16.0,17.0,0.9586447425139328,1.0,0.5306122448979592,0.6933333333333334,survey,9.0,1.0,0.375,0.5454545455,0.0,0.0,0.0,0.0
survey,6,6,new,2656,0.1093309512361884,44,4.0,0.625,0.25,0.27775,0.375,0.25,0.3,4.5,18.5,4.0,0.5,0.3333,0.2222,0.5,0.3333,0.4,5.0,18.0,19.0,0.958344866502668,1.0,0.4468085106382978,0.6176470588235294,survey,9.0,1.0,0.375,0.5454545455,0.0,0.0,0.0,0.0
survey,6,6,new,2688,0.0495563992299139,20,3.0,0.333325,0.333325,0.1111,0.666675,0.333325,0.4444249999999999,4.0,14.0,3.0,0.16665,0.4166499999999999,0.05555,0.83335,0.4166499999999999,0.55555,5.0,13.5,21.0,0.9529774329355464,1.0,0.5882352941176471,0.7407407407407407,survey,9.0,1.0,0.375,0.5454545455,0.0,0.0,0.0,0.0
survey,6,6,new,2494,0.1116775362752378,43,6.0,0.1667,0.8333,0.1111,0.8333,0.8333,0.8333,1.0,6.0,6.0,0.1667,0.8333,0.1111,0.8333,0.8333,0.8333,3.0,6.0,14.0,0.9268512745134933,0.945945945945946,0.6363636363636364,0.7608695652173914,survey,9.0,1.0,0.375,0.5454545455,0.0,0.0,0.0,0.0
survey,6,6,new,183,0.0747737288475036,31,5.0,0.4666666666666666,0.4444333333333333,0.2592333333333333,0.5333333333333333,0.4444333333333333,0.4848666666666667,3.333333333333333,16.333333333333332,5.0,0.2,0.6667,0.1111,0.8000000000000002,0.6667,0.7273,4.0,16.0,17.0,0.8844017022044166,0.7916666666666666,0.6129032258064516,0.6909090909090909,survey,9.0,1.0,0.375,0.5454545455,0.0,0.0,0.0,0.0
survey,6,6,new,7977,0.1117744022049009,39,6.0,0.3333,0.6667,0.2222,0.6667,0.6667,0.6667,2.0,9.0,6.0,0.3333,0.6667,0.2222,0.6667,0.6667,0.6667,2.0,9.0,9.0,0.9504568207127916,0.975609756097561,0.7272727272727273,0.8333333333333334,survey,9.0,1.0,0.375,0.5454545455,0.0,0.0,0.0,0.0
survey,6,6,new,3199,0.0680908882059156,31,3.0,0.5,0.25,0.16665,0.5,0.25,0.3333,4.5,17.5,3.0,0.3333,0.3333,0.1111,0.6667,0.3333,0.4444,5.0,17.0,18.0,0.9182592334463596,1.0,0.2631578947368421,0.4166666666666667,survey,9.0,1.0,0.375,0.5454545455,0.0,0.0,0.0,0.0
survey,6,6,new,316,0.0813138368539512,33,5.0,0.4666666666666666,0.4444333333333333,0.2592333333333333,0.5333333333333333,0.4444333333333333,0.4848666666666667,3.333333333333333,16.333333333333332,5.0,0.2,0.6667,0.1111,0.8000000000000002,0.6667,0.7273,4.0,16.0,17.0,0.9030168570407198,0.8709677419354839,0.627906976744186,0.7297297297297297,survey,9.0,1.0,0.375,0.5454545455,0.0,0.0,0.0,0.0
survey,6,6,new,8266,0.0659087328240275,24,5.0,0.2,0.6667,0.1111,0.8,0.6667,0.7273,2.0,7.0,5.0,0.2,0.6667,0.1111,0.8,0.6667,0.7273,5.0,7.0,21.0,0.948716399763198,0.9545454545454546,0.75,0.84,survey,9.0,1.0,0.375,0.5454545455,0.0,0.0,0.0,0.0
survey,6,6,new,1532,0.115341898985207,42,6.0,0.4166499999999999,0.58335,0.27775,0.58335,0.58335,0.58335,2.5,13.5,6.0,0.3333,0.6667,0.2222,0.6667,0.6667,0.6667,4.0,13.0,14.0,0.9454490415002984,1.0,0.6774193548387096,0.8076923076923077,survey,9.0,1.0,0.375,0.5454545455,0.0,0.0,0.0,0.0
survey,6,6,new,1009,0.0703553631901741,29,4.0,0.625,0.25,0.27775,0.375,0.25,0.3,4.5,18.5,4.0,0.5,0.3333,0.2222,0.5,0.3333,0.4,5.0,18.0,19.0,0.8950685805530199,0.9333333333333332,0.5384615384615384,0.6829268292682926,survey,9.0,1.0,0.375,0.5454545455,0.0,0.0,0.0,0.0
survey,6,6,new,2250,0.0447906251065433,18,3.0,0.0,0.5,0.0,1.0,0.5,0.6667,3.0,11.0,3.0,0.0,0.5,0.0,1.0,0.5,0.6667,4.0,11.0,17.0,0.8328008021390374,1.0,0.4,0.5714285714285715,survey,9.0,1.0,0.375,0.5454545455,0.0,0.0,0.0,0.0
survey,6,6,new,4447,0.1164088970981538,39,6.0,0.3333,0.6667,0.2222,0.6667,0.6667,0.6667,2.0,9.0,6.0,0.3333,0.6667,0.2222,0.6667,0.6667,0.6667,2.0,9.0,9.0,0.9382860122685192,0.975609756097561,0.7272727272727273,0.8333333333333334,survey,9.0,1.0,0.375,0.5454545455,0.0,0.0,0.0,0.0
survey,6,6,new,2415,0.0953952469862997,41,3.0,0.5,0.25,0.16665,0.5,0.25,0.3333,4.5,17.5,3.0,0.3333,0.3333,0.1111,0.6667,0.3333,0.4444,5.0,17.0,18.0,0.930963452747406,1.0,0.3142857142857143,0.4782608695652174,survey,9.0,1.0,0.375,0.5454545455,0.0,0.0,0.0,0.0
survey,6,6,new,3595,0.0721031632274389,28,5.0,0.4,0.5,0.2222,0.6,0.5,0.5455,3.0,14.0,5.0,0.4,0.5,0.2222,0.6,0.5,0.5455,3.0,14.0,14.0,0.9316906367700764,0.9166666666666666,0.6666666666666666,0.7719298245614035,survey,9.0,1.0,0.375,0.5454545455,0.0,0.0,0.0,0.0
survey,6,6,new,4187,0.0832036039792001,35,5.0,0.3,0.58335,0.16665,0.7,0.58335,0.6364,2.5,11.5,5.0,0.2,0.6667,0.1111,0.8,0.6667,0.7273,4.0,11.0,12.0,0.9372258444369675,1.0,0.5714285714285714,0.7272727272727273,survey,9.0,1.0,0.375,0.5454545455,0.0,0.0,0.0,0.0
survey,6,6,new,4135,0.0487946718931198,18,4.0,0.25,0.5,0.1111,0.75,0.5,0.6,3.0,13.0,4.0,0.25,0.5,0.1111,0.75,0.5,0.6,3.0,13.0,13.0,0.8479043990447499,0.7857142857142857,0.7333333333333333,0.7586206896551724,survey,9.0,1.0,0.375,0.5454545455,0.0,0.0,0.0,0.0
survey,6,6,new,5174,0.0959386094473302,36,5.0,0.5,0.4166499999999999,0.27775,0.5,0.4166499999999999,0.45455,3.5,17.5,5.0,0.4,0.5,0.2222,0.6,0.5,0.5455,4.0,17.0,18.0,0.9388595593042722,0.925,0.7254901960784313,0.8131868131868133,survey,9.0,1.0,0.375,0.5454545455,0.0,0.0,0.0,0.0
survey,6,6,new,5303,0.0728352670557797,32,5.0,0.6,0.3333,0.3333,0.4,0.3333,0.3636,5.0,16.0,5.0,0.6,0.3333,0.3333,0.4,0.3333,0.3636,5.0,16.0,16.0,0.9556607072096922,1.0,0.5142857142857142,0.6792452830188679,survey,9.0,1.0,0.375,0.5454545455,0.0,0.0,0.0,0.0
survey,6,6,new,3942,0.0742579302750527,34,4.0,0.375,0.4166499999999999,0.16665,0.625,0.4166499999999999,0.5,3.5,12.5,4.0,0.25,0.5,0.1111,0.75,0.5,0.6,4.0,12.0,19.0,0.9043289549041738,1.0,0.4285714285714285,0.6,survey,9.0,1.0,0.375,0.5454545455,0.0,0.0,0.0,0.0
survey,6,6,new,2778,0.0523629891686141,18,4.0,0.5833333333333334,0.2777666666666666,0.2592333333333333,0.4166666666666667,0.2777666666666666,0.3333333333333333,4.333333333333333,17.333333333333332,4.0,0.25,0.5,0.1111,0.75,0.5,0.6,5.0,17.0,18.0,0.882093962078406,0.75,0.7142857142857143,0.7317073170731706,survey,9.0,1.0,0.375,0.5454545455,0.0,0.0,0.0,0.0
survey,6,6,new,2804,0.0760466260835528,37,3.0,0.333325,0.333325,0.1111,0.666675,0.333325,0.4444249999999999,4.0,14.0,3.0,0.16665,0.4166499999999999,0.05555,0.83335,0.4166499999999999,0.55555,5.0,13.5,21.0,0.8619774321265099,1.0,0.2916666666666667,0.4516129032258064,survey,9.0,1.0,0.375,0.5454545455,0.0,0.0,0.0,0.0
survey,6,6,new,2145,0.1145075801759958,44,6.0,0.4166499999999999,0.58335,0.27775,0.58335,0.58335,0.58335,2.5,13.5,6.0,0.3333,0.6667,0.2222,0.6667,0.6667,0.6667,4.0,13.0,14.0,0.9224981019665974,0.9444444444444444,0.5964912280701754,0.7311827956989247,survey,9.0,1.0,0.375,0.5454545455,0.0,0.0,0.0,0.0
survey,6,6,new,150,0.0440653832629323,16,4.0,0.125,0.58335,0.05555,0.875,0.58335,0.7,2.5,9.5,4.0,0.0,0.6667,0.0,1.0,0.6667,0.8,3.0,9.0,17.0,0.9509450375046352,0.8666666666666667,0.65,0.7428571428571429,survey,9.0,1.0,0.375,0.5454545455,0.0,0.0,0.0,0.0
survey,6,6,new,8823,0.070453489664942,33,3.0,0.16665,0.4166499999999999,0.05555,0.83335,0.4166499999999999,0.55555,3.5,10.5,3.0,0.0,0.5,0.0,1.0,0.5,0.6667,5.0,10.0,24.0,0.990901710820388,1.0,0.3714285714285714,0.5416666666666666,survey,9.0,1.0,0.375,0.5454545455,0.0,0.0,0.0,0.0
survey,6,6,new,4669,0.1201050467789173,49,6.0,0.4166499999999999,0.58335,0.27775,0.58335,0.58335,0.58335,2.5,13.5,6.0,0.3333,0.6667,0.2222,0.6667,0.6667,0.6667,4.0,13.0,14.0,0.9000983882889204,0.967741935483871,0.5454545454545454,0.6976744186046512,survey,9.0,1.0,0.375,0.5454545455,0.0,0.0,0.0,0.0
survey,6,6,new,6131,0.0874682436697185,37,5.0,0.4666666666666666,0.4444333333333333,0.2592333333333333,0.5333333333333333,0.4444333333333333,0.4848666666666667,3.333333333333333,16.333333333333332,5.0,0.2,0.6667,0.1111,0.8000000000000002,0.6667,0.7273,4.0,16.0,17.0,0.9373264091264076,1.0,0.6428571428571429,0.782608695652174,survey,9.0,1.0,0.375,0.5454545455,0.0,0.0,0.0,0.0
survey,6,6,new,2617,0.0677705788984894,30,4.0,0.375,0.4166499999999999,0.16665,0.625,0.4166499999999999,0.5,3.5,12.5,4.0,0.25,0.5,0.1111,0.75,0.5,0.6,6.0,12.0,19.0,0.9473452663586958,1.0,0.5862068965517241,0.7391304347826086,survey,9.0,1.0,0.375,0.5454545455,0.0,0.0,0.0,0.0
survey,6,6,new,7166,0.0645243772305548,24,5.0,0.4,0.5,0.2222,0.6,0.5,0.5455,3.0,14.0,5.0,0.4,0.5,0.2222,0.6,0.5,0.5455,3.0,14.0,14.0,0.8587792599956603,0.8181818181818182,0.6428571428571429,0.7200000000000001,survey,9.0,1.0,0.375,0.5454545455,0.0,0.0,0.0,0.0
survey,6,6,new,1428,0.0613489896059036,25,4.0,0.5833333333333334,0.2777666666666666,0.2592333333333333,0.4166666666666667,0.2777666666666666,0.3333333333333333,4.333333333333333,17.333333333333332,4.0,0.25,0.5,0.1111,0.75,0.5,0.6,5.0,17.0,18.0,0.9206611811391224,1.0,0.6666666666666666,0.8,survey,9.0,1.0,0.375,0.5454545455,0.0,0.0,0.0,0.0
survey,6,6,new,8328,0.0940919048152864,35,4.0,0.625,0.25,0.27775,0.375,0.25,0.3,4.5,18.5,4.0,0.5,0.3333,0.2222,0.5,0.3333,0.4,5.0,18.0,19.0,0.9436706418546236,1.0,0.6046511627906976,0.7536231884057971,survey,9.0,1.0,0.375,0.5454545455,0.0,0.0,0.0,0.0
survey,6,6,new,8289,0.081797962076962,37,3.0,0.16665,0.4166499999999999,0.05555,0.83335,0.4166499999999999,0.55555,3.5,10.5,3.0,0.0,0.5,0.0,1.0,0.5,0.6667,5.0,10.0,24.0,0.9270816722264794,1.0,0.3214285714285714,0.4864864864864865,survey,9.0,1.0,0.375,0.5454545455,0.0,0.0,0.0,0.0
survey,6,6,new,5978,0.0715250908397138,26,5.0,0.4,0.5,0.2222,0.6,0.5,0.5455,3.0,14.0,5.0,0.4,0.5,0.2222,0.6,0.5,0.5455,3.0,14.0,14.0,0.9067603686234972,0.8846153846153846,0.6764705882352942,0.7666666666666666,survey,9.0,1.0,0.375,0.5454545455,0.0,0.0,0.0,0.0
survey,6,6,new,5511,0.0905787991359829,37,5.0,0.4666666666666666,0.4444333333333333,0.2592333333333333,0.5333333333333333,0.4444333333333333,0.4848666666666667,3.333333333333333,16.333333333333332,5.0,0.2,0.6667,0.1111,0.8000000000000002,0.6667,0.7273,4.0,16.0,17.0,0.9282168255677352,0.9629629629629628,0.5909090909090909,0.732394366197183,survey,9.0,1.0,0.375,0.5454545455,0.0,0.0,0.0,0.0
survey,6,6,new,5864,0.0502769509330391,21,3.0,0.16665,0.4166499999999999,0.05555,0.83335,0.4166499999999999,0.55555,3.5,10.5,3.0,0.0,0.5,0.0,1.0,0.5,0.6667,5.0,10.0,24.0,0.8958437074197944,0.9230769230769232,0.6666666666666666,0.7741935483870968,survey,9.0,1.0,0.375,0.5454545455,0.0,0.0,0.0,0.0
survey,6,6,new,606,0.0762955718673765,25,5.0,0.2,0.6667,0.1111,0.8,0.6667,0.7273,2.0,7.0,5.0,0.2,0.6667,0.1111,0.8,0.6667,0.7273,5.0,7.0,21.0,0.9438992273946508,1.0,0.75,0.8571428571428571,survey,9.0,1.0,0.375,0.5454545455,0.0,0.0,0.0,0.0
survey,6,6,new,1933,0.0635411203838884,27,4.0,0.5833333333333334,0.2777666666666666,0.2592333333333333,0.4166666666666667,0.2777666666666666,0.3333333333333333,4.333333333333333,17.333333333333332,4.0,0.25,0.5,0.1111,0.75,0.5,0.6,5.0,17.0,18.0,0.929676743033941,1.0,0.5769230769230769,0.7317073170731707,survey,9.0,1.0,0.375,0.5454545455,0.0,0.0,0.0,0.0
survey,6,6,new,6071,0.0592786408960819,23,4.0,0.375,0.4166499999999999,0.16665,0.625,0.4166499999999999,0.5,3.5,11.5,4.0,0.375,0.4166499999999999,0.16665,0.625,0.4166499999999999,0.5,4.5,11.5,18.0,0.9428764116996624,0.9411764705882352,0.7272727272727273,0.8205128205128205,survey,9.0,1.0,0.375,0.5454545455,0.0,0.0,0.0,0.0
survey,6,6,new,5504,0.0725913732312619,31,4.0,0.25,0.5,0.1111,0.75,0.5,0.6,3.0,10.0,4.0,0.0,0.6667,0.0,1.0,0.6667,0.8,5.0,10.0,24.0,0.9468152888347264,0.9375,0.5357142857142857,0.6818181818181818,survey,9.0,1.0,0.375,0.5454545455,0.0,0.0,0.0,0.0
survey,6,6,new,5163,0.0787423537112772,33,5.0,0.4666666666666666,0.4444333333333333,0.2592333333333333,0.5333333333333333,0.4444333333333333,0.4848666666666667,3.333333333333333,16.333333333333332,5.0,0.2,0.6667,0.1111,0.8000000000000002,0.6667,0.7273,4.0,16.0,17.0,0.8891708619039266,0.9090909090909092,0.6060606060606061,0.7272727272727273,survey,9.0,1.0,0.375,0.5454545455,0.0,0.0,0.0,0.0
survey,6,6,new,2406,0.0690678595565259,28,5.0,0.6,0.3333,0.3333,0.4,0.3333,0.3636,5.0,14.0,5.0,0.6,0.3333,0.3333,0.4,0.3333,0.3636,6.0,14.0,20.0,0.8867515051352899,0.9473684210526316,0.6666666666666666,0.782608695652174,survey,9.0,1.0,0.375,0.5454545455,0.0,0.0,0.0,0.0
survey,6,6,new,304,0.0668913749977946,25,5.0,0.5,0.4166499999999999,0.27775,0.5,0.4166499999999999,0.45455,3.5,14.5,5.0,0.4,0.5,0.2222,0.6,0.5,0.5455,5.0,14.0,15.0,0.9580137044947076,0.9523809523809524,0.6666666666666666,0.7843137254901961,survey,9.0,1.0,0.375,0.5454545455,0.0,0.0,0.0,0.0
survey,6,6,new,3391,0.0770751531235873,36,4.0,0.125,0.58335,0.05555,0.875,0.58335,0.7,2.5,9.5,4.0,0.0,0.6667,0.0,1.0,0.6667,0.8,3.0,9.0,17.0,0.9569916519335644,1.0,0.3243243243243243,0.489795918367347,survey,9.0,1.0,0.375,0.5454545455,0.0,0.0,0.0,0.0
survey,6,6,new,359,0.1478023743256926,45,6.0,0.0,1.0,0.0,1.0,1.0,1.0,0.0,0.0,6.0,0.0,1.0,0.0,1.0,1.0,1.0,0.0,0.0,7.0,0.9409496878324336,1.0,0.660377358490566,0.7954545454545454,survey,9.0,1.0,0.375,0.5454545455,0.0,0.0,0.0,0.0
survey,6,6,new,9096,0.0664750607684254,29,4.0,0.25,0.5,0.1111,0.75,0.5,0.6,3.0,13.0,4.0,0.25,0.5,0.1111,0.75,0.5,0.6,3.0,13.0,13.0,0.906587081127496,1.0,0.6,0.7499999999999999,survey,9.0,1.0,0.375,0.5454545455,0.0,0.0,0.0,0.0
survey,6,6,new,3533,0.0713636549189686,28,5.0,0.4,0.5,0.2222,0.6,0.5,0.5455,3.0,10.0,5.0,0.4,0.5,0.2222,0.6,0.5,0.5455,6.0,10.0,16.0,0.8978968777897136,0.9444444444444444,0.6071428571428571,0.7391304347826088,survey,9.0,1.0,0.375,0.5454545455,0.0,0.0,0.0,0.0
survey,6,6,new,4125,0.087006015703082,36,5.0,0.4666666666666666,0.4444333333333333,0.2592333333333333,0.5333333333333333,0.4444333333333333,0.4848666666666667,3.333333333333333,16.333333333333332,5.0,0.2,0.6667,0.1111,0.8000000000000002,0.6667,0.7273,4.0,16.0,17.0,0.9578097250996818,1.0,0.6666666666666666,0.8,survey,9.0,1.0,0.375,0.5454545455,0.0,0.0,0.0,0.0
survey,6,6,new,3094,0.0788420089520514,34,5.0,0.4666666666666666,0.4444333333333333,0.2592333333333333,0.5333333333333333,0.4444333333333333,0.4848666666666667,3.333333333333333,16.333333333333332,5.0,0.2,0.6667,0.1111,0.8000000000000002,0.6667,0.7273,4.0,16.0,17.0,0.9297156852439408,0.9523809523809524,0.5882352941176471,0.7272727272727274,survey,9.0,1.0,0.375,0.5454545455,0.0,0.0,0.0,0.0
survey,6,6,new,6398,0.0569095751270651,21,4.0,0.5833333333333334,0.2777666666666666,0.2592333333333333,0.4166666666666667,0.2777666666666666,0.3333333333333333,4.333333333333333,17.333333333333332,4.0,0.25,0.5,0.1111,0.75,0.5,0.6,5.0,17.0,18.0,0.8970862259924759,0.85,0.7083333333333334,0.7727272727272727,survey,9.0,1.0,0.375,0.5454545455,0.0,0.0,0.0,0.0
sachs,11,17,org,7816,5.683947717770934,70,17.0,0.1647,0.8352999999999999,0.0736599999999999,0.8352999999999999,0.8352999999999999,0.8352999999999999,2.8,11.4,17.0,0.0,1.0,0.0,0.1176,0.1176,0.1176,0.0,0.0,46.0,0.9998066283317136,1.0,0.9435318275154004,0.97094558901215,sachs,,,,,,,,
sachs,11,17,org,3578,6.474555043037981,87,16.0,0.2125,0.7411800000000001,0.08946,0.7875,0.7411800000000001,0.76366,4.4,26.4,16.0,0.0,0.9412,0.0,0.125,0.1176,0.1212,1.0,3.0,46.0,0.9997713945560296,1.0,0.9237995824634656,0.9603906673901248,sachs,,,,,,,,
sachs,11,17,org,2656,5.204312695655972,59,16.0,0.3375,0.62354,0.14212,0.6625,0.62354,0.64246,6.4,30.4,16.0,0.0,0.9412,0.0,0.125,0.1176,0.1212,1.0,1.0,40.0,0.9997136104960984,0.998875140607424,0.9477054429028816,0.972617743702081,sachs,,,,,,,,
sachs,11,17,org,2688,6.324987213127315,90,17.0,0.45884,0.54116,0.20524,0.54116,0.54116,0.54116,7.8,40.4,17.0,0.0,1.0,0.0,0.1176,0.1176,0.1176,0.0,0.0,46.0,0.9995524066269424,1.0,0.9216494845360824,0.9592274678111588,sachs,,,,,,,,
sachs,11,17,org,2494,7.068708844017237,109,17.0,0.14116,0.85884,0.06314,0.85884,0.85884,0.85884,2.4,10.4,17.0,0.0,1.0,0.0,0.1176,0.1176,0.1176,0.0,0.0,46.0,0.9992947085951164,1.0,0.9095427435387674,0.952628839146278,sachs,,,,,,,,
sachs,11,17,org,183,6.658930016215891,83,16.0,0.3375,0.62354,0.1421199999999999,0.6625,0.62354,0.64246,6.4,35.4,16.0,0.0,0.9412,0.0,0.125,0.1176,0.1212,1.0,1.0,40.0,0.999856487628184,1.0,0.9282786885245902,0.9628055260361318,sachs,,,,,,,,
sachs,11,17,org,7977,4.63439282681793,34,16.0,0.3375,0.62354,0.14212,0.6625,0.62354,0.64246,6.4,34.4,16.0,0.0,0.9412,0.0,0.125,0.1176,0.1212,1.0,3.0,46.0,0.9998686340712988,0.998931623931624,0.9780334728033472,0.9883720930232558,sachs,,,,,,,,
sachs,11,17,org,3199,4.383203861303628,34,16.0,0.3375,0.62354,0.1421199999999999,0.6625,0.62354,0.64246,6.4,35.4,16.0,0.0,0.9412,0.0,0.125,0.1176,0.1212,1.0,1.0,40.0,0.9998535788485436,1.0,0.9764957264957264,0.988108108108108,sachs,,,,,,,,
sachs,11,17,org,316,6.389354053884745,87,16.0,0.2125,0.74118,0.08946,0.7875,0.74118,0.76366,4.4,21.4,16.0,0.0,0.9412,0.0,0.125,0.1176,0.1212,1.0,3.0,46.0,0.9996492639161964,1.0,0.9222903885480572,0.9595744680851064,sachs,,,,,,,,
sachs,11,17,org,8266,6.263399545103312,88,16.0,0.2875,0.6706,0.1210599999999999,0.7125,0.6706,0.69094,5.6,29.6,16.0,0.0,0.9412,0.0,0.375,0.3529,0.3636,5.0,18.0,46.0,0.9996669197996196,1.0,0.9253279515640768,0.961215932914046,sachs,,,,,,,,
sachs,11,17,org,1532,6.672386766411364,100,16.0,0.3,0.65884,0.1263399999999999,0.7,0.65884,0.67882,5.8,30.4,16.0,0.0,0.9412,0.0,0.375,0.3529,0.3636,5.0,18.0,46.0,0.9994207601466778,1.0,0.9124748490945674,0.9542346133613888,sachs,,,,,,,,
sachs,11,17,org,1009,6.261116648092866,101,17.0,0.22354,0.7764599999999999,0.1,0.7764599999999999,0.7764599999999999,0.7764599999999999,3.8,19.4,17.0,0.0,1.0,0.0,0.1176,0.1176,0.1176,0.0,0.0,46.0,0.9995732555595812,1.0,0.9105263157894736,0.9531680440771352,sachs,,,,,,,,
sachs,11,17,org,2250,6.795348273124546,98,16.0,0.4,0.5647,0.16842,0.6,0.5647,0.58184,7.4,36.4,16.0,0.0,0.9412,0.0,0.125,0.1176,0.1212,1.0,1.0,40.0,0.9996301449763224,1.0,0.9195046439628484,0.9580645161290322,sachs,,,,,,,,
sachs,11,17,org,4447,7.328547175042331,124,16.0,0.2875,0.6706,0.1210599999999999,0.7125,0.6706,0.69094,5.6,28.0,16.0,0.0,0.9412,0.0,0.125,0.1176,0.1212,1.0,3.0,46.0,0.9992527354900084,1.0,0.8931750741839762,0.9435736677115988,sachs,,,,,,,,
sachs,11,17,org,2415,7.380727999843657,108,17.0,0.31764,0.68236,0.14212,0.68236,0.68236,0.68236,5.4,33.4,17.0,0.1176,0.8824,0.0526,0.1176,0.1176,0.1176,2.0,19.0,62.0,0.9997561454238127,1.0,0.9035897435897436,0.949353448275862,sachs,,,,,,,,
sachs,11,17,org,3595,4.313889916986227,28,16.0,0.2625,0.69414,0.11054,0.7375,0.69414,0.71518,5.2,25.2,16.0,0.0,0.9412,0.0,0.125,0.1176,0.1212,1.0,1.0,40.0,0.9998589831515974,0.9989594172736732,0.98159509202454,0.9902011346054668,sachs,,,,,,,,
sachs,11,17,org,4187,6.811925679910928,91,16.0,0.2375,0.71766,0.1,0.7625,0.71766,0.73942,4.8,25.4,16.0,0.0,0.9412,0.0,0.125,0.1176,0.1212,1.0,1.0,40.0,0.9997143264183058,1.0,0.91866527632951,0.957608695652174,sachs,,,,,,,,
sachs,11,17,org,4135,5.489277078770101,61,16.0,0.2125,0.74118,0.0894599999999999,0.7875,0.74118,0.76366,4.4,26.0,16.0,0.0,0.9412,0.0,0.125,0.1176,0.1212,1.0,2.6,44.8,0.9998918037473292,1.0,0.947906026557712,0.97325642370215,sachs,,,,,,,,
sachs,11,17,org,5174,6.704516132827848,91,16.0,0.2875,0.6706000000000001,0.1210599999999999,0.7125,0.6706000000000001,0.6909400000000001,5.6,27.6,16.0,0.0,0.9412,0.0,0.125,0.1176,0.1212,1.0,3.0,46.0,0.9997984791441634,0.9989082969432316,0.9168336673346692,0.9561128526645768,sachs,,,,,,,,
sachs,11,17,org,5303,5.086225148290396,52,16.0,0.175,0.77646,0.0736599999999999,0.825,0.77646,0.80002,3.8,19.4,16.0,0.0,0.9412,0.0,0.125,0.1176,0.1212,1.0,1.0,40.0,0.999878333920091,1.0,0.9583333333333334,0.9787234042553192,sachs,,,,,,,,
sachs,11,17,org,3942,6.056212126277387,89,17.0,0.34116,0.65884,0.15264,0.65884,0.65884,0.65884,5.8,28.4,17.0,0.0,1.0,0.0,0.1176,0.1176,0.1176,0.0,0.0,46.0,0.9996326843908188,1.0,0.923155737704918,0.960042621204049,sachs,,,,,,,,
sachs,11,17,org,2778,3.86432094918564,21,16.0,0.2125,0.7411800000000001,0.08946,0.7875,0.7411800000000001,0.76366,4.4,19.4,16.0,0.0,0.9412,0.0,0.125,0.1176,0.1212,1.0,1.0,40.0,0.9999359235684688,0.9989669421487604,0.9897645854657112,0.994344473007712,sachs,,,,,,,,
sachs,11,17,org,2804,7.307483121752739,123,16.0,0.175,0.77646,0.0736599999999999,0.825,0.77646,0.80002,3.8,14.4,16.0,0.0,0.9412,0.0,0.125,0.1176,0.1212,1.0,1.0,40.0,0.9994120489149044,1.0,0.8941532258064516,0.9441192123469933,sachs,,,,,,,,
sachs,11,17,org,2145,5.890612734016031,77,16.0,0.2,0.75294,0.0842,0.8,0.75294,0.77578,4.2,26.2,16.0,0.0,0.9412,0.0,0.125,0.1176,0.1212,1.0,3.0,46.0,0.999729036733296,1.0,0.9303534303534304,0.9639203015616584,sachs,,,,,,,,
sachs,11,17,org,150,5.375555393751711,71,17.0,0.25882,0.7411800000000001,0.1157999999999999,0.7411800000000001,0.7411800000000001,0.7411800000000001,4.4,19.4,17.0,0.0,1.0,0.0,0.1176,0.1176,0.1176,0.0,0.0,46.0,0.9998668893527062,1.0,0.9419354838709676,0.9700996677740864,sachs,,,,,,,,
sachs,11,17,org,8823,7.629859880078584,67,16.0,0.275,0.6823599999999999,0.1157999999999999,0.725,0.6823599999999999,0.70306,5.4,27.4,16.0,0.0,0.9412,0.0,0.125,0.1176,0.1212,1.0,3.0,46.0,0.9993458458072112,0.9957627118644068,0.9428284854563692,0.9685729005667182,sachs,,,,,,,,
sachs,11,17,org,4669,5.228472927119583,64,17.0,0.34116,0.65884,0.1526399999999999,0.65884,0.65884,0.65884,5.8,29.4,17.0,0.0,1.0,0.0,0.1176,0.1176,0.1176,0.0,0.0,46.0,0.9996691100066332,0.998843930635838,0.9432314410480348,0.970241437394722,sachs,,,,,,,,
sachs,11,17,org,6131,5.076000428758562,64,16.0,0.275,0.68236,0.1157999999999999,0.725,0.68236,0.70306,5.4,29.4,16.0,0.0,0.9412,0.0,0.375,0.3529,0.3636,5.0,18.0,46.0,0.9997744890853576,1.0,0.9458631256384066,0.9721784776902888,sachs,,,,,,,,
sachs,11,17,org,2617,4.465286289807409,37,16.0,0.4,0.5647,0.16842,0.6,0.5647,0.5818399999999999,7.4,41.4,16.0,0.0,0.9412,0.0,0.125,0.1176,0.1212,1.0,3.0,46.0,0.9998725004408252,0.9989495798319328,0.9733879222108496,0.9860031104199066,sachs,,,,,,,,
sachs,11,17,org,7166,6.134411985985935,79,17.0,0.4352999999999999,0.5647,0.19472,0.5647,0.5647,0.5647,7.4,39.4,17.0,0.0,1.0,0.0,0.1176,0.1176,0.1176,0.0,0.0,46.0,0.9998781760294304,1.0,0.9304703476482618,0.9639830508474576,sachs,,,,,,,,
sachs,11,17,org,1428,5.718759553041309,74,17.0,0.1999999999999999,0.8,0.08946,0.8,0.8,0.8,3.4,23.4,17.0,0.0,1.0,0.0,0.1176,0.1176,0.1176,0.0,0.0,46.0,0.9997987418642482,1.0,0.9344432882414152,0.9661108122646584,sachs,,,,,,,,
sachs,11,17,org,8328,4.371649341657758,31,16.0,0.15,0.8,0.06314,0.85,0.8,0.82426,3.4,11.4,16.0,0.0,0.9412,0.0,0.125,0.1176,0.1212,1.0,1.0,40.0,0.9998932148670894,1.0,0.9799196787148594,0.9898580121703854,sachs,,,,,,,,
sachs,11,17,org,8289,5.105541471857578,57,17.0,0.24706,0.75294,0.11054,0.75294,0.75294,0.75294,4.2,24.2,17.0,0.0,1.0,0.0,0.1176,0.1176,0.1176,0.0,0.0,46.0,0.999822409480258,1.0,0.9568788501026694,0.9779643231899264,sachs,,,,,,,,
sachs,11,17,org,5978,6.215832940302789,82,16.0,0.4875,0.48236,0.20524,0.5125,0.48236,0.4969599999999999,8.8,43.4,16.0,0.0,0.9412,0.0,0.125,0.1176,0.1212,1.0,3.0,46.0,0.9997720375918624,1.0,0.9293032786885246,0.9633563462559744,sachs,,,,,,,,
sachs,11,17,org,5511,5.185919526964426,60,17.0,0.38824,0.6117600000000001,0.17368,0.6117600000000001,0.6117600000000001,0.6117600000000001,6.6,35.0,17.0,0.0,1.0,0.0,0.1176,0.1176,0.1176,0.0,0.0,46.0,0.9998021100494414,1.0,0.9509906152241918,0.974879743452699,sachs,,,,,,,,
sachs,11,17,org,5864,4.7920873882249,43,16.0,0.4625,0.50588,0.19472,0.5375,0.50588,0.52122,8.4,37.4,16.0,0.0,0.9412,0.0,0.125,0.1176,0.1212,1.0,1.0,40.0,0.9999020914331024,1.0,0.9662921348314608,0.9828571428571428,sachs,,,,,,,,
sachs,11,17,org,606,4.513819165062159,40,16.0,0.275,0.68236,0.1158,0.725,0.68236,0.70306,5.4,25.4,16.0,0.0,0.9412,0.0,0.125,0.1176,0.1212,1.0,1.0,40.0,0.9999547465352604,1.0,0.96760710553814,0.9835369091874668,sachs,,,,,,,,
sachs,11,17,org,1933,7.284628531895578,60,18.0,0.26666,0.7764599999999999,0.1263399999999999,0.73334,0.7764599999999999,0.7543,4.8,20.4,18.0,0.0556,1.0,0.0263,0.1111,0.1176,0.1143,1.0,0.0,46.0,0.9996953278279048,0.9989837398373984,0.954368932038835,0.9761668321747764,sachs,,,,,,,,
sachs,11,17,org,6071,5.583047113846988,64,16.0,0.35,0.6117600000000001,0.14738,0.65,0.6117600000000001,0.63034,6.6,30.6,16.0,0.0,0.9412,0.0,0.375,0.3529,0.3636,5.0,18.0,46.0,0.9997399700015088,0.9989395546129376,0.9515151515151516,0.97465080186239,sachs,,,,,,,,
sachs,11,17,org,5504,5.250573377124965,63,16.0,0.1375,0.8117600000000001,0.05786,0.8625,0.8117600000000001,0.8363800000000001,3.2,11.2,16.0,0.0,0.9412,0.0,0.125,0.1176,0.1212,1.0,1.0,40.0,0.9998020619242792,1.0,0.9416058394160584,0.9699248120300752,sachs,,,,,,,,
sachs,11,17,org,5163,6.443261087872088,108,16.0,0.0875,0.85884,0.03682,0.9125,0.85884,0.8848600000000001,2.4,6.4,16.0,0.0,0.9412,0.0,0.125,0.1176,0.1212,1.0,3.0,46.0,0.9991769442722672,1.0,0.9083419155509784,0.951969778737183,sachs,,,,,,,,
sachs,11,17,org,2406,5.988883450161666,96,17.0,0.31764,0.6823599999999999,0.1421199999999999,0.6823599999999999,0.6823599999999999,0.6823599999999999,5.4,28.4,17.0,0.0,1.0,0.0,0.1176,0.1176,0.1176,0.0,0.0,46.0,0.9996780860566782,1.0,0.9154639175257732,0.9558665231431648,sachs,,,,,,,,
sachs,11,17,org,304,4.96160835493356,51,16.0,0.4,0.5647,0.16842,0.6,0.5647,0.58184,7.4,36.4,16.0,0.0,0.9412,0.0,0.125,0.1176,0.1212,1.0,3.0,46.0,0.9997894441342104,0.9989539748953976,0.9578736208625878,0.9779825908858168,sachs,,,,,,,,
sachs,11,17,org,3391,3.8254118780605495,17,17.0,0.0940999999999999,0.9059,0.04208,0.9059,0.9059,0.9059,1.6,4.0,17.0,0.0,1.0,0.0,0.1176,0.1176,0.1176,0.0,0.0,46.0,0.9998639641443002,0.9949494949494948,0.9909456740442656,0.9929435483870968,sachs,,,,,,,,
sachs,11,17,org,359,6.5585434809327126,93,16.0,0.225,0.72942,0.0947399999999999,0.775,0.72942,0.7515400000000001,4.6,27.0,16.0,0.0,0.9412,0.0,0.375,0.3529,0.3636,5.0,18.0,46.0,0.9996362985943746,0.9988623435722412,0.9164926931106472,0.9559063690800218,sachs,,,,,,,,
sachs,11,17,org,9096,5.606424015946686,80,17.0,0.25882,0.7411800000000001,0.1157999999999999,0.7411800000000001,0.7411800000000001,0.7411800000000001,4.4,19.4,17.0,0.0,1.0,0.0,0.1176,0.1176,0.1176,0.0,0.0,46.0,0.9996291377601816,1.0,0.9291666666666668,0.9632829373650108,sachs,,,,,,,,
sachs,11,17,org,3533,4.908909384626895,57,16.0,0.2375,0.7176600000000001,0.0999999999999999,0.7625,0.7176600000000001,0.7394200000000001,4.8,25.4,16.0,0.0,0.9412,0.0,0.125,0.1176,0.1212,1.0,1.0,40.0,0.99986270401417,1.0,0.9519918283963228,0.9754055468341184,sachs,,,,,,,,
sachs,11,17,org,4125,4.666295063216239,45,16.0,0.525,0.44706,0.22104,0.475,0.44706,0.46058,9.4,43.4,16.0,0.0,0.9412,0.0,0.125,0.1176,0.1212,1.0,3.0,46.0,0.9997912871285216,1.0,0.9641760491299898,0.9817613340281396,sachs,,,,,,,,
sachs,11,17,org,3094,4.799833907745779,45,16.0,0.2625,0.69414,0.11054,0.7375,0.69414,0.7151799999999999,5.2,22.2,16.0,0.0,0.9412,0.0,0.375,0.3529,0.3636,5.0,18.0,46.0,0.999883890665902,0.998960498960499,0.9638916750250752,0.98111281265952,sachs,,,,,,,,
sachs,11,17,org,6398,5.649409158620983,73,16.0,0.15,0.8,0.06314,0.85,0.8,0.82426,3.4,14.4,16.0,0.0,0.9412,0.0,0.125,0.1176,0.1212,1.0,1.0,40.0,0.999839443454364,1.0,0.9385245901639344,0.9682875264270614,sachs,,,,,,,,
sachs,11,17,new,7816,5.152556280139834,70,17.0,0.18824,0.8117599999999999,0.0841999999999999,0.8117599999999999,0.8117599999999999,0.8117599999999999,3.2,14.2,17.0,0.0,1.0,0.0,0.1176,0.1176,0.1176,0.0,0.0,46.0,0.9998066283317136,1.0,0.9435318275154004,0.97094558901215,sachs,5.0,0.8,0.0430107527,0.08163265310000001,4.0,0.5,0.11764705880000001,0.1904761905
sachs,11,17,new,3578,5.527098189108074,87,16.0,0.225,0.72942,0.0947399999999999,0.775,0.72942,0.7515400000000001,4.6,19.0,16.0,0.0,0.9412,0.0,0.125,0.1176,0.1212,1.0,3.0,46.0,0.9997713945560296,1.0,0.9237995824634656,0.9603906673901248,sachs,5.0,0.8,0.0430107527,0.08163265310000001,4.0,0.5,0.11764705880000001,0.1904761905
sachs,11,17,new,2656,4.559861974325031,59,16.0,0.2375,0.7176400000000001,0.1,0.7625,0.7176400000000001,0.7394200000000001,4.8,24.0,16.0,0.0,0.9412,0.0,0.125,0.1176,0.1212,1.0,3.0,46.0,0.9997136104960984,0.998875140607424,0.9477054429028816,0.972617743702081,sachs,5.0,0.8,0.0430107527,0.08163265310000001,4.0,0.5,0.11764705880000001,0.1904761905
sachs,11,17,new,2688,5.3591489610262215,90,17.0,0.1294,0.8705999999999999,0.05786,0.8705999999999999,0.8705999999999999,0.8705999999999999,2.2,6.8,17.0,0.0,1.0,0.0,0.1176,0.1176,0.1176,0.0,0.0,46.0,0.9995524066269424,1.0,0.9216494845360824,0.9592274678111588,sachs,5.0,0.8,0.0430107527,0.08163265310000001,4.0,0.5,0.11764705880000001,0.1904761905
sachs,11,17,new,2494,6.180621089879423,109,16.0,0.3375,0.62354,0.1421199999999999,0.6625,0.62354,0.64246,6.4,29.8,16.0,0.0,0.9412,0.0,0.375,0.3529,0.3636,5.0,18.0,46.0,0.9992947085951164,1.0,0.9095427435387674,0.952628839146278,sachs,5.0,0.8,0.0430107527,0.08163265310000001,4.0,0.5,0.11764705880000001,0.1904761905
sachs,11,17,new,183,5.755319321062416,83,17.0,0.1294,0.8705999999999999,0.05786,0.8705999999999999,0.8705999999999999,0.8705999999999999,2.2,6.8,17.0,0.0,1.0,0.0,0.1176,0.1176,0.1176,0.0,0.0,46.0,0.999856487628184,1.0,0.9282786885245902,0.9628055260361318,sachs,5.0,0.8,0.0430107527,0.08163265310000001,4.0,0.5,0.11764705880000001,0.1904761905
sachs,11,17,new,7977,4.151278103236109,34,17.0,0.1294,0.8705999999999999,0.05786,0.8705999999999999,0.8705999999999999,0.8705999999999999,2.2,6.8,17.0,0.0,1.0,0.0,0.1176,0.1176,0.1176,0.0,0.0,46.0,0.9998686340712988,0.998931623931624,0.9780334728033472,0.9883720930232558,sachs,5.0,0.8,0.0430107527,0.08163265310000001,4.0,0.5,0.11764705880000001,0.1904761905
sachs,11,17,new,3199,4.034688742831349,34,16.8,0.30956,0.6823600000000001,0.13684,0.69044,0.6823600000000001,0.68628,5.4,27.2,16.8,0.0,0.98824,0.0,0.1190799999999999,0.1176,0.11832,0.2,0.6,46.0,0.9998535788485436,1.0,0.9764957264957264,0.988108108108108,sachs,5.0,0.8,0.0430107527,0.08163265310000001,4.0,0.5,0.11764705880000001,0.1904761905
sachs,11,17,new,316,5.574561934918165,87,17.0,0.2,0.8,0.0894599999999999,0.8,0.8,0.8,3.4,14.4,17.0,0.0,1.0,0.0,0.1176,0.1176,0.1176,0.0,0.0,46.0,0.9996492639161964,1.0,0.9222903885480572,0.9595744680851064,sachs,5.0,0.8,0.0430107527,0.08163265310000001,4.0,0.5,0.11764705880000001,0.1904761905
sachs,11,17,new,8266,5.457360670901835,88,16.2,0.27132,0.69414,0.1157999999999999,0.72868,0.69414,0.7109,5.2,27.4,16.2,0.0,0.95296,0.0,0.32352,0.30584,0.3143999999999999,4.0,14.4,46.0,0.9996669197996196,1.0,0.9253279515640768,0.961215932914046,sachs,5.0,0.8,0.0430107527,0.08163265310000001,4.0,0.5,0.11764705880000001,0.1904761905
sachs,11,17,new,1532,5.807275462895632,100,17.0,0.2470599999999999,0.7529399999999999,0.11054,0.7529399999999999,0.7529399999999999,0.7529399999999999,4.2,22.2,17.0,0.0,1.0,0.0,0.1176,0.1176,0.1176,0.0,0.0,46.0,0.9994207601466778,1.0,0.9124748490945674,0.9542346133613888,sachs,5.0,0.8,0.0430107527,0.08163265310000001,4.0,0.5,0.11764705880000001,0.1904761905
sachs,11,17,new,1009,5.301409405656159,101,16.0,0.3375,0.62354,0.1421199999999999,0.6625,0.62354,0.64246,6.4,29.8,16.0,0.0,0.9412,0.0,0.125,0.1176,0.1212,1.0,3.0,46.0,0.9995732555595812,1.0,0.9105263157894736,0.9531680440771352,sachs,5.0,0.8,0.0430107527,0.08163265310000001,4.0,0.5,0.11764705880000001,0.1904761905
sachs,11,17,new,2250,5.936626256909221,98,16.0,0.25,0.7059,0.1052599999999999,0.75,0.7059,0.7273000000000001,5.0,24.2,16.0,0.0,0.9412,0.0,0.325,0.30584,0.3151199999999999,4.2,15.0,46.0,0.9996301449763224,1.0,0.9195046439628484,0.9580645161290322,sachs,5.0,0.8,0.0430107527,0.08163265310000001,4.0,0.5,0.11764705880000001,0.1904761905
sachs,11,17,new,4447,6.181536558549851,124,17.0,0.1294,0.8705999999999999,0.05786,0.8705999999999999,0.8705999999999999,0.8705999999999999,2.2,9.6,17.0,0.0,1.0,0.0,0.1176,0.1176,0.1176,0.0,0.0,46.0,0.9992527354900084,1.0,0.8931750741839762,0.9435736677115988,sachs,5.0,0.8,0.0430107527,0.08163265310000001,4.0,0.5,0.11764705880000001,0.1904761905
sachs,11,17,new,2415,6.151147786993533,108,17.0,0.3294,0.6706000000000001,0.14738,0.6706000000000001,0.6706000000000001,0.6706000000000001,5.6,30.8,17.0,0.1176,0.8824,0.0526,0.1176,0.1176,0.1176,2.0,19.0,62.0,0.9997561454238127,1.0,0.9035897435897436,0.949353448275862,sachs,5.0,0.8,0.0430107527,0.08163265310000001,4.0,0.5,0.11764705880000001,0.1904761905
sachs,11,17,new,3595,3.8643566430546334,28,16.0,0.2125,0.74118,0.08946,0.7875,0.74118,0.76366,4.4,17.4,16.0,0.0,0.9412,0.0,0.125,0.1176,0.1212,1.0,3.0,46.0,0.9998589831515974,0.9989594172736732,0.98159509202454,0.9902011346054668,sachs,5.0,0.8,0.0430107527,0.08163265310000001,4.0,0.5,0.11764705880000001,0.1904761905
sachs,11,17,new,4187,5.339861486107111,91,16.4,0.24412,0.72942,0.1052599999999999,0.75588,0.72942,0.74226,4.6,21.0,16.4,0.0,0.96472,0.0,0.12204,0.1176,0.11976,0.6,1.8,46.0,0.9997143264183058,1.0,0.91866527632951,0.957608695652174,sachs,5.0,0.8,0.0430107527,0.08163265310000001,4.0,0.5,0.11764705880000001,0.1904761905
sachs,11,17,new,4135,4.808796894736588,61,16.0,0.35,0.6117600000000001,0.14738,0.65,0.6117600000000001,0.63034,6.6,30.0,16.0,0.0,0.9412,0.0,0.125,0.1176,0.1212,1.0,3.0,46.0,0.9998918037473292,1.0,0.947906026557712,0.97325642370215,sachs,5.0,0.8,0.0430107527,0.08163265310000001,4.0,0.5,0.11764705880000001,0.1904761905
sachs,11,17,new,5174,5.803471160121262,91,17.0,0.22354,0.77646,0.0999999999999999,0.77646,0.77646,0.77646,3.8,22.6,17.0,0.0,1.0,0.0,0.1176,0.1176,0.1176,0.0,0.0,46.0,0.9997984791441634,0.9989082969432316,0.9168336673346692,0.9561128526645768,sachs,5.0,0.8,0.0430107527,0.08163265310000001,4.0,0.5,0.11764705880000001,0.1904761905
sachs,11,17,new,5303,4.251886304933578,52,16.0,0.275,0.68236,0.1157999999999999,0.725,0.68236,0.70306,5.4,27.6,16.0,0.0,0.9412,0.0,0.125,0.1176,0.1212,1.0,3.0,46.0,0.999878333920091,1.0,0.9583333333333334,0.9787234042553192,sachs,5.0,0.8,0.0430107527,0.08163265310000001,4.0,0.5,0.11764705880000001,0.1904761905
sachs,11,17,new,3942,5.254408216103911,89,17.0,0.25882,0.7411800000000001,0.1157999999999999,0.7411800000000001,0.7411800000000001,0.7411800000000001,4.4,22.4,17.0,0.0,1.0,0.0,0.1176,0.1176,0.1176,0.0,0.0,46.0,0.9996326843908188,1.0,0.923155737704918,0.960042621204049,sachs,5.0,0.8,0.0430107527,0.08163265310000001,4.0,0.5,0.11764705880000001,0.1904761905
sachs,11,17,new,2778,3.598751114681363,21,16.0,0.35,0.6117600000000001,0.14738,0.65,0.6117600000000001,0.63034,6.6,30.0,16.0,0.0,0.9412,0.0,0.375,0.3529,0.3636,5.0,18.0,46.0,0.9999359235684688,0.9989669421487604,0.9897645854657112,0.994344473007712,sachs,5.0,0.8,0.0430107527,0.08163265310000001,4.0,0.5,0.11764705880000001,0.1904761905
sachs,11,17,new,2804,6.144185866694897,123,17.0,0.18824,0.8117599999999999,0.0841999999999999,0.8117599999999999,0.8117599999999999,0.8117599999999999,3.2,14.2,17.0,0.0,1.0,0.0,0.1176,0.1176,0.1176,0.0,0.0,46.0,0.9994120489149044,1.0,0.8941532258064516,0.9441192123469933,sachs,5.0,0.8,0.0430107527,0.08163265310000001,4.0,0.5,0.11764705880000001,0.1904761905
sachs,11,17,new,2145,5.22524084104225,77,16.4,0.2441199999999999,0.72942,0.1052599999999999,0.75588,0.72942,0.74226,4.6,21.0,16.4,0.0,0.96472,0.0,0.2720399999999999,0.2587799999999999,0.2652,3.0,10.8,46.0,0.999729036733296,1.0,0.9303534303534304,0.9639203015616584,sachs,5.0,0.8,0.0430107527,0.08163265310000001,4.0,0.5,0.11764705880000001,0.1904761905
sachs,11,17,new,150,4.64165133330971,71,17.0,0.29412,0.70588,0.1315799999999999,0.70588,0.70588,0.70588,5.0,24.4,17.0,0.0,1.0,0.0,0.1176,0.1176,0.1176,0.0,0.0,46.0,0.9998668893527062,1.0,0.9419354838709676,0.9700996677740864,sachs,5.0,0.8,0.0430107527,0.08163265310000001,4.0,0.5,0.11764705880000001,0.1904761905
sachs,11,17,new,8823,6.574837038293481,67,17.0,0.2470599999999999,0.7529399999999999,0.11054,0.7529399999999999,0.7529399999999999,0.7529399999999999,4.2,22.2,17.0,0.0,1.0,0.0,0.1176,0.1176,0.1176,0.0,0.0,46.0,0.9993458458072112,0.9957627118644068,0.9428284854563692,0.9685729005667182,sachs,5.0,0.8,0.0430107527,0.08163265310000001,4.0,0.5,0.11764705880000001,0.1904761905
sachs,11,17,new,4669,4.415436493232846,64,16.2,0.32206,0.64706,0.1368599999999999,0.67794,0.64706,0.6620600000000001,6.0,28.6,16.2,0.0,0.95296,0.0,0.1735199999999999,0.16466,0.16896,1.6,5.4,46.0,0.9996691100066332,0.998843930635838,0.9432314410480348,0.970241437394722,sachs,5.0,0.8,0.0430107527,0.08163265310000001,4.0,0.5,0.11764705880000001,0.1904761905
sachs,11,17,new,6131,4.430134207010269,64,17.0,0.14116,0.85884,0.06314,0.85884,0.85884,0.85884,2.4,12.4,17.0,0.0,1.0,0.0,0.1176,0.1176,0.1176,0.0,0.0,46.0,0.9997744890853576,1.0,0.9458631256384066,0.9721784776902888,sachs,5.0,0.8,0.0430107527,0.08163265310000001,4.0,0.5,0.11764705880000001,0.1904761905
sachs,11,17,new,2617,4.067203038372099,37,16.0,0.2625,0.69414,0.11054,0.7375,0.69414,0.7151799999999999,5.2,25.2,16.0,0.0,0.9412,0.0,0.375,0.3529,0.3636,5.0,18.0,46.0,0.9998725004408252,0.9989495798319328,0.9733879222108496,0.9860031104199066,sachs,5.0,0.8,0.0430107527,0.08163265310000001,4.0,0.5,0.11764705880000001,0.1904761905
sachs,11,17,new,7166,5.2137606660835445,79,16.0,0.2625,0.69414,0.11054,0.7375,0.69414,0.7151799999999999,5.2,25.2,16.0,0.0,0.9412,0.0,0.375,0.3529,0.3636,5.0,18.0,46.0,0.9998781760294304,1.0,0.9304703476482618,0.9639830508474576,sachs,5.0,0.8,0.0430107527,0.08163265310000001,4.0,0.5,0.11764705880000001,0.1904761905
sachs,11,17,new,1428,4.878403698094189,74,17.0,0.2,0.8,0.0894599999999999,0.8,0.8,0.8,3.4,14.4,17.0,0.0,1.0,0.0,0.1176,0.1176,0.1176,0.0,0.0,46.0,0.9997987418642482,1.0,0.9344432882414152,0.9661108122646584,sachs,5.0,0.8,0.0430107527,0.08163265310000001,4.0,0.5,0.11764705880000001,0.1904761905
sachs,11,17,new,8328,3.8756118468008935,31,17.0,0.18822,0.81178,0.0842,0.81178,0.81178,0.81178,3.2,16.6,17.0,0.0,1.0,0.0,0.1176,0.1176,0.1176,0.0,0.0,46.0,0.9998932148670894,1.0,0.9799196787148594,0.9898580121703854,sachs,5.0,0.8,0.0430107527,0.08163265310000001,4.0,0.5,0.11764705880000001,0.1904761905
sachs,11,17,new,8289,4.438331463839859,57,16.0,0.3,0.65884,0.1263399999999999,0.7,0.65884,0.67882,5.8,28.4,16.0,0.0,0.9412,0.0,0.125,0.1176,0.1212,1.0,3.0,46.0,0.999822409480258,1.0,0.9568788501026694,0.9779643231899264,sachs,5.0,0.8,0.0430107527,0.08163265310000001,4.0,0.5,0.11764705880000001,0.1904761905
sachs,11,17,new,5978,5.278979307040572,82,16.0,0.2875,0.6706000000000001,0.1210599999999999,0.7125,0.6706000000000001,0.6909400000000001,5.6,27.8,16.0,0.0,0.9412,0.0,0.125,0.1176,0.1212,1.0,3.0,46.0,0.9997720375918624,1.0,0.9293032786885246,0.9633563462559744,sachs,5.0,0.8,0.0430107527,0.08163265310000001,4.0,0.5,0.11764705880000001,0.1904761905
sachs,11,17,new,5511,4.506906199268997,60,16.0,0.2,0.7529600000000001,0.0841999999999999,0.8,0.7529600000000001,0.77578,4.2,16.2,16.0,0.0,0.9412,0.0,0.125,0.1176,0.1212,1.0,3.0,46.0,0.9998021100494414,1.0,0.9509906152241918,0.974879743452699,sachs,5.0,0.8,0.0430107527,0.08163265310000001,4.0,0.5,0.11764705880000001,0.1904761905
sachs,11,17,new,5864,4.1884538303129375,43,16.0,0.325,0.6353,0.13684,0.675,0.6353,0.6545799999999999,6.2,29.6,16.0,0.0,0.9412,0.0,0.125,0.1176,0.1212,1.0,3.0,46.0,0.9999020914331024,1.0,0.9662921348314608,0.9828571428571428,sachs,5.0,0.8,0.0430107527,0.08163265310000001,4.0,0.5,0.11764705880000001,0.1904761905
sachs,11,17,new,606,4.031764621380717,40,17.0,0.31764,0.68236,0.14212,0.68236,0.68236,0.68236,5.4,27.6,17.0,0.0,1.0,0.0,0.1176,0.1176,0.1176,0.0,0.0,46.0,0.9999547465352604,1.0,0.96760710553814,0.9835369091874668,sachs,5.0,0.8,0.0430107527,0.08163265310000001,4.0,0.5,0.11764705880000001,0.1904761905
sachs,11,17,new,1933,6.558884298894554,60,17.6,0.2157,0.8117599999999999,0.1,0.7843,0.8117599999999999,0.79764,4.2,13.0,17.6,0.05688,0.97648,0.0263,0.13726,0.14116,0.13918,2.2,2.0,51.6,0.9996953278279048,0.9989837398373984,0.954368932038835,0.9761668321747764,sachs,5.0,0.8,0.0430107527,0.08163265310000001,4.0,0.5,0.11764705880000001,0.1904761905
sachs,11,17,new,6071,4.907273016870022,64,16.6,0.22868,0.7529399999999999,0.1,0.77132,0.7529399999999999,0.76186,4.2,20.2,16.6,0.0,0.97648,0.0,0.22056,0.21172,0.2159999999999999,2.0,7.2,46.0,0.9997399700015088,0.9989395546129376,0.9515151515151516,0.97465080186239,sachs,5.0,0.8,0.0430107527,0.08163265310000001,4.0,0.5,0.11764705880000001,0.1904761905
sachs,11,17,new,5504,4.468404097948223,63,16.0,0.2,0.75294,0.0842,0.8,0.75294,0.77578,4.2,17.2,16.0,0.0,0.9412,0.0,0.125,0.1176,0.1212,1.0,3.0,46.0,0.9998020619242792,1.0,0.9416058394160584,0.9699248120300752,sachs,5.0,0.8,0.0430107527,0.08163265310000001,4.0,0.5,0.11764705880000001,0.1904761905
sachs,11,17,new,5163,5.558741093613207,108,17.0,0.1294,0.8705999999999999,0.05786,0.8705999999999999,0.8705999999999999,0.8705999999999999,2.2,6.8,17.0,0.0,1.0,0.0,0.1176,0.1176,0.1176,0.0,0.0,46.0,0.9991769442722672,1.0,0.9083419155509784,0.951969778737183,sachs,5.0,0.8,0.0430107527,0.08163265310000001,4.0,0.5,0.11764705880000001,0.1904761905
sachs,11,17,new,2406,5.1504576383158565,96,16.8,0.19118,0.8,0.0841999999999999,0.8088200000000001,0.8,0.80428,3.4,17.8,16.8,0.0,0.98824,0.0,0.1190799999999999,0.1176,0.11832,0.2,0.6,46.0,0.9996780860566782,1.0,0.9154639175257732,0.9558665231431648,sachs,5.0,0.8,0.0430107527,0.08163265310000001,4.0,0.5,0.11764705880000001,0.1904761905
sachs,11,17,new,304,4.3174590151757,51,16.6,0.22868,0.7529399999999999,0.1,0.77132,0.7529399999999999,0.76186,4.2,20.2,16.6,0.0,0.97648,0.0,0.22056,0.21172,0.2159999999999999,2.0,7.2,46.0,0.9997894441342104,0.9989539748953976,0.9578736208625878,0.9779825908858168,sachs,5.0,0.8,0.0430107527,0.08163265310000001,4.0,0.5,0.11764705880000001,0.1904761905
sachs,11,17,new,3391,3.468250470235944,17,16.0,0.3,0.65884,0.1263399999999999,0.7,0.65884,0.67882,5.8,28.4,16.0,0.0,0.9412,0.0,0.125,0.1176,0.1212,1.0,3.0,46.0,0.9998639641443002,0.9949494949494948,0.9909456740442656,0.9929435483870968,sachs,5.0,0.8,0.0430107527,0.08163265310000001,4.0,0.5,0.11764705880000001,0.1904761905
sachs,11,17,new,359,5.474539693910629,93,16.4,0.2441199999999999,0.72942,0.1052599999999999,0.75588,0.72942,0.7422600000000001,4.6,21.0,16.4,0.0,0.96472,0.0,0.12204,0.1176,0.11976,0.6,1.8,46.0,0.9996362985943746,0.9988623435722412,0.9164926931106472,0.9559063690800218,sachs,5.0,0.8,0.0430107527,0.08163265310000001,4.0,0.5,0.11764705880000001,0.1904761905
sachs,11,17,new,9096,4.909284498076886,80,16.0,0.2625,0.69414,0.11054,0.7375,0.69414,0.7151799999999999,5.2,25.2,16.0,0.0,0.9412,0.0,0.375,0.3529,0.3636,5.0,18.0,46.0,0.9996291377601816,1.0,0.9291666666666668,0.9632829373650108,sachs,5.0,0.8,0.0430107527,0.08163265310000001,4.0,0.5,0.11764705880000001,0.1904761905
sachs,11,17,new,3533,4.24643691116944,57,17.0,0.18824,0.8117599999999999,0.0841999999999999,0.8117599999999999,0.8117599999999999,0.8117599999999999,3.2,20.4,17.0,0.0,1.0,0.0,0.1176,0.1176,0.1176,0.0,0.0,46.0,0.99986270401417,1.0,0.9519918283963228,0.9754055468341184,sachs,5.0,0.8,0.0430107527,0.08163265310000001,4.0,0.5,0.11764705880000001,0.1904761905
sachs,11,17,new,4125,4.073472419288009,45,16.6,0.22868,0.7529399999999999,0.1,0.77132,0.7529399999999999,0.7618600000000001,4.2,23.2,16.6,0.0,0.97648,0.0,0.22056,0.21172,0.2159999999999999,2.0,7.2,46.0,0.9997912871285216,1.0,0.9641760491299898,0.9817613340281396,sachs,5.0,0.8,0.0430107527,0.08163265310000001,4.0,0.5,0.11764705880000001,0.1904761905
sachs,11,17,new,3094,4.30791675997898,45,16.0,0.3125,0.64706,0.1315799999999999,0.6875,0.64706,0.6667,6.0,27.4,16.0,0.0,0.9412,0.0,0.375,0.3529,0.3636,5.0,18.0,46.0,0.999883890665902,0.998960498960499,0.9638916750250752,0.98111281265952,sachs,5.0,0.8,0.0430107527,0.08163265310000001,4.0,0.5,0.11764705880000001,0.1904761905
sachs,11,17,new,6398,4.926682449411601,73,17.0,0.18824,0.8117599999999999,0.0842,0.8117599999999999,0.8117599999999999,0.8117599999999999,3.2,14.2,17.0,0.0,1.0,0.0,0.1176,0.1176,0.1176,0.0,0.0,46.0,0.999839443454364,1.0,0.9385245901639344,0.9682875264270614,sachs,5.0,0.8,0.0430107527,0.08163265310000001,4.0,0.5,0.11764705880000001,0.1904761905
asia,8,8,org,7816,0.3412235681898892,140,5.0,0.3,0.4375,0.075,0.7,0.4375,0.53845,4.5,24.5,5.0,0.2,0.5,0.05,0.6,0.375,0.4615,5.0,21.0,28.0,0.9715343178921664,,0.0,,asia,,,,,,,,
asia,8,8,org,3578,0.3235831051133573,134,4.0,0.25,0.375,0.05,0.75,0.375,0.5,5.0,22.0,4.0,0.0,0.5,0.0,0.5,0.25,0.3333,4.0,15.0,22.0,0.9751088465006924,,0.0,,asia,,,,,,,,
asia,8,8,org,2656,0.3763325321488082,157,3.0,0.0,0.375,0.0,1.0,0.375,0.5455,5.0,20.0,3.0,0.0,0.375,0.0,0.6667,0.25,0.3636,5.0,20.0,27.0,0.9778476574151512,,0.0,,asia,,,,,,,,
asia,8,8,org,2688,0.3274737442843616,134,5.0,0.2,0.5,0.05,0.8,0.5,0.6154,4.0,21.0,5.0,0.0,0.625,0.0,0.6,0.375,0.4615,4.0,14.0,24.0,0.974327183384578,,0.0,,asia,,,,,,,,
asia,8,8,org,2494,0.3384426352567971,140,5.0,0.8,0.125,0.2,0.2,0.125,0.1538,7.0,44.0,5.0,0.2,0.5,0.05,0.2,0.125,0.1538,7.0,29.0,44.0,0.9725753142927356,,0.0,,asia,,,,,,,,
asia,8,8,org,183,0.3726434716954827,150,4.5,0.1,0.5,0.025,0.9,0.5,0.6410499999999999,4.0,18.5,4.5,0.0,0.5625,0.0,0.425,0.25,0.3141,5.0,15.0,27.5,0.9738907369153766,,0.0,,asia,,,,,,,,
asia,8,8,org,7977,0.3828849531710148,151,4.5,0.55,0.25,0.125,0.45,0.25,0.3205,6.0,31.5,4.5,0.0,0.5625,0.0,0.325,0.1875,0.2371999999999999,5.0,15.5,35.5,0.974617931803113,,0.0,,asia,,,,,,,,
asia,8,8,org,3199,0.3935715798288584,160,6.0,0.5,0.375,0.15,0.5,0.375,0.4286,5.0,32.0,6.0,0.1667,0.625,0.05,0.6667,0.5,0.5714,4.0,20.0,32.0,0.9787014775164188,,0.0,,asia,,,,,,,,
asia,8,8,org,316,0.3086473918519914,124,3.0,0.3333,0.25,0.05,0.6667,0.25,0.3636,6.0,27.0,3.0,0.0,0.375,0.0,0.6667,0.25,0.3636,5.0,20.0,27.0,0.9679662933107962,,0.0,,asia,,,,,,,,
asia,8,8,org,8266,0.3425115747377276,140,4.0,0.25,0.375,0.05,0.75,0.375,0.5,5.0,22.0,4.0,0.0,0.5,0.0,0.5,0.25,0.3333,4.0,15.0,22.0,0.9739595239131816,,0.0,,asia,,,,,,,,
asia,8,8,org,1532,0.3244561529718339,134,3.0,0.125,0.3125,0.025,0.875,0.3125,0.45,5.5,23.5,3.0,0.125,0.3125,0.025,0.875,0.3125,0.45,5.5,23.5,23.5,0.974349323952413,,0.0,,asia,,,,,,,,
asia,8,8,org,1009,0.3524079890921712,145,3.0,0.3333,0.25,0.05,0.6667,0.25,0.3636,6.0,31.0,3.0,0.3333,0.25,0.05,0.3333,0.125,0.1818,7.0,31.0,38.0,0.9751396451517708,,0.0,,asia,,,,,,,,
asia,8,8,org,2250,0.3573943492956459,145,5.0,0.3,0.4375,0.075,0.7,0.4375,0.53845,4.5,22.5,5.0,0.0,0.625,0.0,0.6,0.375,0.4615,3.0,14.0,26.0,0.9735676345236852,,0.0,,asia,,,,,,,,
asia,8,8,org,4447,0.3561488138511777,145,6.0,0.58335,0.3125,0.175,0.4166499999999999,0.3125,0.3571499999999999,5.5,37.5,6.0,0.1667,0.625,0.05,0.3333,0.25,0.2857,6.0,33.0,48.0,0.9759763014410408,,0.0,,asia,,,,,,,,
asia,8,8,org,2415,0.3805289990268647,162,5.0,0.2,0.5,0.05,0.8,0.5,0.6154,4.0,20.0,5.0,0.0,0.625,0.0,0.6,0.375,0.4615,3.0,14.0,26.0,0.9768136524384636,,0.0,,asia,,,,,,,,
asia,8,8,org,3595,0.3276207032613456,140,3.0,0.3333,0.25,0.05,0.6667,0.25,0.3636,6.0,27.0,3.0,0.0,0.375,0.0,0.6667,0.25,0.3636,5.0,20.0,27.0,0.9745745447959278,,0.0,,asia,,,,,,,,
asia,8,8,org,4187,0.3172062211669981,135,4.0,0.5,0.25,0.1,0.5,0.25,0.3333,6.0,33.0,4.0,0.25,0.375,0.05,0.25,0.125,0.1667,7.0,25.0,40.0,0.9735665921668942,,0.0,,asia,,,,,,,,
asia,8,8,org,4135,0.3399109654128551,140,4.0,0.0,0.5,0.0,1.0,0.5,0.6667,4.0,19.0,4.0,0.0,0.5,0.0,0.75,0.375,0.5,5.0,19.0,29.0,0.9744891687266788,,0.0,,asia,,,,,,,,
asia,8,8,org,5174,0.323063543997705,134,4.0,0.0,0.5,0.0,1.0,0.5,0.6667,4.0,15.0,4.0,0.0,0.5,0.0,0.5,0.25,0.3333,4.0,15.0,22.0,0.9736964758511624,,0.0,,asia,,,,,,,,
asia,8,8,org,5303,0.3531401799991727,146,5.0,0.2,0.5,0.05,0.8,0.5,0.6154,4.0,21.0,5.0,0.0,0.625,0.0,0.6,0.375,0.4615,4.0,14.0,24.0,0.9740850861235408,,0.0,,asia,,,,,,,,
asia,8,8,org,3942,0.3858127542771399,154,6.0,0.3888666666666666,0.4583333333333333,0.1166666666666666,0.6111333333333333,0.4583333333333333,0.5238,4.333333333333333,25.33333333333333,6.0,0.0,0.75,0.0,0.6667,0.5,0.5714,3.0,13.0,28.0,0.9751427889189664,,0.0,,asia,,,,,,,,
asia,8,8,org,2778,0.3406273233704269,140,5.0,0.4,0.375,0.1,0.6,0.375,0.4615,5.0,28.0,5.0,0.2,0.5,0.05,0.6,0.375,0.4615,5.0,21.0,28.0,0.9728482970272934,,0.0,,asia,,,,,,,,
asia,8,8,org,2804,0.3598008900880813,145,5.0,0.4,0.375,0.1,0.6,0.375,0.4615,5.0,27.0,5.0,0.0,0.625,0.0,0.4,0.25,0.3077,5.0,15.0,35.0,0.9734015327344092,,0.0,,asia,,,,,,,,
asia,8,8,org,2145,0.3326474600471556,140,5.0,0.5,0.3125,0.125,0.5,0.3125,0.3846,5.5,34.5,5.0,0.2,0.5,0.05,0.4,0.25,0.3077,7.0,23.0,41.0,0.9757245770763252,,0.0,,asia,,,,,,,,
asia,8,8,org,150,0.372982267756015,157,5.0,0.4,0.375,0.1,0.6,0.375,0.4615,5.0,26.0,5.0,0.0,0.625,0.0,0.6,0.375,0.4615,3.0,14.0,26.0,0.976279226360634,,0.0,,asia,,,,,,,,
asia,8,8,org,8823,0.3376914779655635,140,4.0,0.0,0.5,0.0,1.0,0.5,0.6667,4.0,15.0,4.0,0.0,0.5,0.0,0.5,0.25,0.3333,4.0,15.0,22.0,0.971355702909668,,0.0,,asia,,,,,,,,
asia,8,8,org,4669,0.3404695349745452,140,5.0,0.4666666666666666,0.3333333333333333,0.1166666666666666,0.5333333333333333,0.3333333333333333,0.4102333333333334,5.333333333333333,31.666666666666668,5.0,0.0,0.625,0.0,0.2,0.125,0.1538,6.0,22.0,37.0,0.9703885351474562,,0.0,,asia,,,,,,,,
asia,8,8,org,6131,0.3342350190505385,140,3.0,0.3333,0.25,0.05,0.6667,0.25,0.3636,6.0,27.0,3.0,0.0,0.375,0.0,0.0,0.0,,6.0,19.0,34.0,0.9722699022590856,,0.0,,asia,,,,,,,,
asia,8,8,org,2617,0.3010051879100501,124,2.0,0.5,0.125,0.05,0.5,0.125,0.2,7.0,32.0,2.0,0.0,0.25,0.0,0.0,0.0,,7.0,24.0,39.0,0.9692237226640446,,0.0,,asia,,,,,,,,
asia,8,8,org,7166,0.3246740503236651,134,4.333333333333333,0.15,0.4583333333333333,0.0333333333333333,0.85,0.4583333333333333,0.5940333333333333,4.333333333333333,19.33333333333333,4.333333333333333,0.0666666666666666,0.5,0.0166666666666666,0.5333333333333333,0.2916666666666667,0.3760333333333333,4.333333333333333,17.0,24.0,0.9735191182263072,,0.0,,asia,,,,,,,,
asia,8,8,org,1428,0.3518179450184107,146,4.0,0.25,0.375,0.05,0.75,0.375,0.5,5.0,22.0,4.0,0.0,0.5,0.0,0.5,0.25,0.3333,4.0,15.0,22.0,0.975745647696686,,0.0,,asia,,,,,,,,
asia,8,8,org,8328,0.3305538408458233,134,5.0,0.1,0.5625,0.025,0.9,0.5625,0.6922999999999999,3.5,17.5,5.0,0.0,0.625,0.0,0.6,0.375,0.4615,4.0,14.0,24.0,0.9739785627911536,,0.0,,asia,,,,,,,,
asia,8,8,org,8289,0.3384555848315358,140,5.0,0.2,0.5,0.05,0.8,0.5,0.6154,4.0,21.0,5.0,0.0,0.625,0.0,0.6,0.375,0.4615,4.0,14.0,24.0,0.972608046128788,,0.0,,asia,,,,,,,,
asia,8,8,org,5978,0.3446879582479596,139,4.5,0.125,0.5,0.025,0.875,0.5,0.6346,4.0,18.0,4.5,0.0,0.5625,0.0,0.55,0.3125,0.3974,4.0,14.5,23.0,0.9698645958611736,,0.0,,asia,,,,,,,,
asia,8,8,org,5511,0.3677672371268272,152,5.0,0.3333333333333333,0.4166666666666667,0.0833333333333333,0.6666666666666666,0.4166666666666667,0.5128,4.666666666666667,26.666666666666668,5.0,0.0,0.625,0.0,0.2,0.125,0.1538,6.0,22.0,37.0,0.9744885048822706,,0.0,,asia,,,,,,,,
asia,8,8,org,5864,0.4259190913289785,172,5.0,0.2,0.5,0.05,0.8,0.5,0.6154,4.0,21.0,5.0,0.2,0.5,0.05,0.6,0.375,0.4615,5.0,21.0,28.0,0.9776642941630974,,0.0,,asia,,,,,,,,
asia,8,8,org,606,0.3301310939714312,140,3.5,0.125,0.375,0.025,0.875,0.375,0.52275,5.0,23.0,3.5,0.0,0.4375,0.0,0.70835,0.3125,0.4317999999999999,5.0,19.5,28.0,0.9729583078915658,,0.0,,asia,,,,,,,,
asia,8,8,org,1933,0.3214055108837783,133,5.0,0.4,0.375,0.1,0.6,0.375,0.4615,5.0,26.0,5.0,0.0,0.625,0.0,0.6,0.375,0.4615,3.0,14.0,26.0,0.972916398768384,,0.0,,asia,,,,,,,,
asia,8,8,org,6071,0.3656070530414581,149,4.0,0.25,0.375,0.05,0.75,0.375,0.5,5.0,22.0,4.0,0.0,0.5,0.0,0.5,0.25,0.3333,4.0,15.0,22.0,0.97645378426717,,0.0,,asia,,,,,,,,
asia,8,8,org,5504,0.4195932350121438,163,5.0,0.4,0.375,0.1,0.6,0.375,0.4615,5.0,29.0,5.0,0.0,0.625,0.0,0.2,0.125,0.1538,6.0,22.0,37.0,0.976257796956143,,0.0,,asia,,,,,,,,
asia,8,8,org,5163,0.3532018451951444,144,4.0,0.0,0.5,0.0,1.0,0.5,0.6667,4.0,16.0,4.0,0.0,0.5,0.0,0.25,0.125,0.1667,6.0,16.0,31.0,0.9747294873695715,,0.0,,asia,,,,,,,,
asia,8,8,org,2406,0.3600410241633653,146,4.0,0.625,0.1875,0.125,0.375,0.1875,0.25,6.5,34.5,4.0,0.125,0.4375,0.025,0.25,0.125,0.1667,6.5,19.5,34.5,0.9766019414751492,,0.0,,asia,,,,,,,,
asia,8,8,org,304,0.367563484236598,151,3.0,0.5555666666666667,0.1666666666666666,0.0833333333333333,0.4444333333333333,0.1666666666666666,0.2383666666666667,6.666666666666667,35.0,3.0,0.3611,0.25,0.05,0.5555666666666667,0.2083333333333333,0.2989666666666666,7.333333333333333,31.666666666666668,36.0,0.9745483669811308,,0.0,,asia,,,,,,,,
asia,8,8,org,3391,0.4339126041159034,176,5.0,0.2,0.5,0.05,0.8,0.5,0.6154,4.0,21.0,5.0,0.0,0.625,0.0,0.6,0.375,0.4615,4.0,14.0,24.0,0.974329791559835,,0.0,,asia,,,,,,,,
asia,8,8,org,359,0.3406327120028436,138,5.0,0.2,0.5,0.05,0.8,0.5,0.6154,4.0,24.0,5.0,0.2,0.5,0.05,0.6,0.375,0.4615,6.0,24.0,39.0,0.9731891242177104,,0.0,,asia,,,,,,,,
asia,8,8,org,9096,0.346814758144319,140,4.0,0.125,0.4375,0.025,0.875,0.4375,0.58335,4.5,19.5,4.0,0.0,0.5,0.0,0.25,0.125,0.1667,6.0,16.0,31.0,0.9745030363063,,0.0,,asia,,,,,,,,
asia,8,8,org,3533,0.3034727936610579,124,4.0,0.5,0.25,0.1,0.5,0.25,0.3333,6.0,33.0,4.0,0.25,0.375,0.05,0.25,0.125,0.1667,7.0,25.0,40.0,0.9723647754068142,,0.0,,asia,,,,,,,,
asia,8,8,org,4125,0.3730732286348939,155,5.0,0.2,0.5,0.05,0.8,0.5,0.6154,4.0,21.0,5.0,0.0,0.625,0.0,0.6,0.375,0.4615,4.0,14.0,24.0,0.9760801912760644,,0.0,,asia,,,,,,,,
asia,8,8,org,3094,0.3161948299966752,127,5.0,0.8,0.125,0.2,0.2,0.125,0.1538,7.0,40.5,5.0,0.4,0.375,0.1,0.2,0.125,0.1538,8.0,35.0,46.0,0.970237909878326,,0.0,,asia,,,,,,,,
asia,8,8,org,6398,0.4072834514081478,156,5.0,0.8,0.125,0.2,0.2,0.125,0.1538,8.0,38.0,5.0,0.4,0.375,0.1,0.0,0.0,,7.0,24.0,39.0,0.9674197749484528,,0.0,,asia,,,,,,,,
asia,8,8,new,7816,0.3290603780187666,140,4.0,0.0,0.5,0.0,1.0,0.5,0.6667,4.0,15.0,4.0,0.0,0.5,0.0,0.5,0.25,0.3333,4.0,15.0,22.0,0.9715343178921664,,0.0,,asia,10.0,1.0,0.2083333333,0.34482758620000004,2.0,1.0,0.25,0.4
asia,8,8,new,3578,0.3179436498321593,134,4.0,0.0,0.5,0.0,1.0,0.5,0.6667,4.0,15.0,4.0,0.0,0.5,0.0,0.5,0.25,0.3333,4.0,15.0,22.0,0.9751088465006924,,0.0,,asia,10.0,1.0,0.2083333333,0.34482758620000004,2.0,1.0,0.25,0.4
asia,8,8,new,2656,0.3614470330066979,157,3.5,0.0,0.4375,0.0,1.0,0.4375,0.6061,4.5,19.5,3.5,0.0,0.4375,0.0,0.70835,0.3125,0.4317999999999999,5.0,19.5,28.0,0.9778476574151512,,0.0,,asia,10.0,1.0,0.2083333333,0.34482758620000004,2.0,1.0,0.25,0.4
asia,8,8,new,2688,0.309984294231981,134,5.0,0.0,0.625,0.0,1.0,0.625,0.7692,3.0,14.0,5.0,0.0,0.625,0.0,0.6,0.375,0.4615,4.0,14.0,24.0,0.974327183384578,,0.0,,asia,10.0,1.0,0.2083333333,0.34482758620000004,2.0,1.0,0.25,0.4
asia,8,8,new,2494,0.3254470541141927,140,4.0,0.0,0.5,0.0,1.0,0.5,0.6667,4.0,15.0,4.0,0.0,0.5,0.0,0.5,0.25,0.3333,4.0,15.0,22.0,0.9725753142927356,,0.0,,asia,10.0,1.0,0.2083333333,0.34482758620000004,2.0,1.0,0.25,0.4
asia,8,8,new,183,0.3572610127739608,150,5.0,0.0,0.625,0.0,1.0,0.625,0.7692,3.0,14.0,5.0,0.0,0.625,0.0,0.6,0.375,0.4615,4.0,14.0,24.0,0.9738907369153766,,0.0,,asia,10.0,1.0,0.2083333333,0.34482758620000004,2.0,1.0,0.25,0.4
asia,8,8,new,7977,0.3602570588700473,151,5.0,0.0,0.625,0.0,1.0,0.625,0.7692,3.0,14.0,5.0,0.0,0.625,0.0,0.6,0.375,0.4615,3.0,14.0,26.0,0.974617931803113,,0.0,,asia,10.0,1.0,0.2083333333,0.34482758620000004,2.0,1.0,0.25,0.4
asia,8,8,new,3199,0.3811756842769682,160,6.0,0.0,0.75,0.0,1.0,0.75,0.8571,2.0,13.0,6.0,0.0,0.75,0.0,0.6667,0.5,0.5714,3.0,13.0,28.0,0.9787014775164188,,0.0,,asia,10.0,1.0,0.2083333333,0.34482758620000004,2.0,1.0,0.25,0.4
asia,8,8,new,316,0.2931320979259908,124,4.0,0.0,0.5,0.0,1.0,0.5,0.6667,4.0,19.0,4.0,0.0,0.5,0.0,0.75,0.375,0.5,5.0,19.0,29.0,0.9679662933107962,,0.0,,asia,10.0,1.0,0.2083333333,0.34482758620000004,2.0,1.0,0.25,0.4
asia,8,8,new,8266,0.331554024014622,140,4.0,0.0,0.5,0.0,1.0,0.5,0.6667,4.0,15.0,4.0,0.0,0.5,0.0,0.5,0.25,0.3333,4.0,15.0,22.0,0.9739595239131816,,0.0,,asia,10.0,1.0,0.2083333333,0.34482758620000004,2.0,1.0,0.25,0.4
asia,8,8,new,1532,0.3149918196722865,134,3.0,0.0,0.375,0.0,1.0,0.375,0.5455,5.0,22.0,3.0,0.0,0.375,0.0,1.0,0.375,0.5455,6.0,22.0,25.0,0.974349323952413,,0.0,,asia,10.0,1.0,0.2083333333,0.34482758620000004,2.0,1.0,0.25,0.4
asia,8,8,new,1009,0.3482788349501788,145,4.5,0.0,0.5625,0.0,1.0,0.5625,0.71795,3.5,18.5,4.5,0.0,0.5625,0.0,0.775,0.4375,0.5577,4.0,18.5,32.0,0.9751396451517708,,0.0,,asia,10.0,1.0,0.2083333333,0.34482758620000004,2.0,1.0,0.25,0.4
asia,8,8,new,2250,0.3597846999764442,145,5.0,0.0,0.625,0.0,1.0,0.625,0.7692,3.0,14.0,5.0,0.0,0.625,0.0,0.6,0.375,0.4615,3.0,14.0,26.0,0.9735676345236852,,0.0,,asia,10.0,1.0,0.2083333333,0.34482758620000004,2.0,1.0,0.25,0.4
asia,8,8,new,4447,0.3475155821070075,145,5.0,0.0,0.625,0.0,1.0,0.625,0.7692,3.0,14.0,5.0,0.0,0.625,0.0,0.6,0.375,0.4615,3.0,14.0,26.0,0.9759763014410408,,0.0,,asia,10.0,1.0,0.2083333333,0.34482758620000004,2.0,1.0,0.25,0.4
asia,8,8,new,2415,0.3709476497024297,162,5.0,0.0,0.625,0.0,1.0,0.625,0.7692,3.0,14.0,5.0,0.0,0.625,0.0,0.6,0.375,0.4615,3.0,14.0,26.0,0.9768136524384636,,0.0,,asia,10.0,1.0,0.2083333333,0.34482758620000004,2.0,1.0,0.25,0.4
asia,8,8,new,3595,0.3199527338147163,140,4.0,0.0,0.5,0.0,1.0,0.5,0.6667,4.0,19.0,4.0,0.0,0.5,0.0,0.75,0.375,0.5,5.0,19.0,29.0,0.9745745447959278,,0.0,,asia,10.0,1.0,0.2083333333,0.34482758620000004,2.0,1.0,0.25,0.4
asia,8,8,new,4187,0.3163352427072823,135,4.0,0.0,0.5,0.0,1.0,0.5,0.6667,4.0,15.0,4.0,0.0,0.5,0.0,0.5,0.25,0.3333,4.0,15.0,22.0,0.9735665921668942,,0.0,,asia,10.0,1.0,0.2083333333,0.34482758620000004,2.0,1.0,0.25,0.4
asia,8,8,new,4135,0.3184362864121794,140,4.0,0.0,0.5,0.0,1.0,0.5,0.6667,4.0,19.0,4.0,0.0,0.5,0.0,0.75,0.375,0.5,5.0,19.0,29.0,0.9744891687266788,,0.0,,asia,10.0,1.0,0.2083333333,0.34482758620000004,2.0,1.0,0.25,0.4
asia,8,8,new,5174,0.3124505882151425,134,4.0,0.0,0.5,0.0,1.0,0.5,0.6667,4.0,15.0,4.0,0.0,0.5,0.0,0.5,0.25,0.3333,4.0,15.0,22.0,0.9736964758511624,,0.0,,asia,10.0,1.0,0.2083333333,0.34482758620000004,2.0,1.0,0.25,0.4
asia,8,8,new,5303,0.3426120807416737,146,5.0,0.0,0.625,0.0,1.0,0.625,0.7692,3.0,14.0,5.0,0.0,0.625,0.0,0.6,0.375,0.4615,4.0,14.0,24.0,0.9740850861235408,,0.0,,asia,10.0,1.0,0.2083333333,0.34482758620000004,2.0,1.0,0.25,0.4
asia,8,8,new,3942,0.3671846678480506,154,6.0,0.0,0.75,0.0,1.0,0.75,0.8571,2.0,13.0,6.0,0.0,0.75,0.0,0.6667,0.5,0.5714,3.0,13.0,28.0,0.9751427889189664,,0.0,,asia,10.0,1.0,0.2083333333,0.34482758620000004,2.0,1.0,0.25,0.4
asia,8,8,new,2778,0.3182234996929765,140,5.0,0.0,0.625,0.0,1.0,0.625,0.7692,3.0,14.0,5.0,0.0,0.625,0.0,0.6,0.375,0.4615,4.0,14.0,24.0,0.9728482970272934,,0.0,,asia,10.0,1.0,0.2083333333,0.34482758620000004,2.0,1.0,0.25,0.4
asia,8,8,new,2804,0.3434359240345657,145,4.0,0.0,0.5,0.0,1.0,0.5,0.6667,4.0,15.0,4.0,0.0,0.5,0.0,0.5,0.25,0.3333,4.0,15.0,22.0,0.9734015327344092,,0.0,,asia,10.0,1.0,0.2083333333,0.34482758620000004,2.0,1.0,0.25,0.4
asia,8,8,new,2145,0.3171577760949731,140,4.0,0.0,0.5,0.0,1.0,0.5,0.6667,4.0,15.0,4.0,0.0,0.5,0.0,0.5,0.25,0.3333,4.0,15.0,22.0,0.9757245770763252,,0.0,,asia,10.0,1.0,0.2083333333,0.34482758620000004,2.0,1.0,0.25,0.4
asia,8,8,new,150,0.3605721280910074,157,5.0,0.0,0.625,0.0,1.0,0.625,0.7692,3.0,14.0,5.0,0.0,0.625,0.0,0.6,0.375,0.4615,3.0,14.0,26.0,0.976279226360634,,0.0,,asia,10.0,1.0,0.2083333333,0.34482758620000004,2.0,1.0,0.25,0.4
asia,8,8,new,8823,0.3268498270772397,140,4.0,0.0,0.5,0.0,1.0,0.5,0.6667,4.0,15.0,4.0,0.0,0.5,0.0,0.5,0.25,0.3333,4.0,15.0,22.0,0.971355702909668,,0.0,,asia,10.0,1.0,0.2083333333,0.34482758620000004,2.0,1.0,0.25,0.4
asia,8,8,new,4669,0.324386868160218,140,4.0,0.0,0.5,0.0,1.0,0.5,0.6667,4.0,15.0,4.0,0.0,0.5,0.0,0.5,0.25,0.3333,4.0,15.0,22.0,0.9703885351474562,,0.0,,asia,10.0,1.0,0.2083333333,0.34482758620000004,2.0,1.0,0.25,0.4
asia,8,8,new,6131,0.3177320370450616,140,4.0,0.0,0.5,0.0,1.0,0.5,0.6667,4.0,15.0,4.0,0.0,0.5,0.0,0.5,0.25,0.3333,4.0,15.0,22.0,0.9722699022590856,,0.0,,asia,10.0,1.0,0.2083333333,0.34482758620000004,2.0,1.0,0.25,0.4
asia,8,8,new,2617,0.2940039029344916,124,4.0,0.0,0.5,0.0,1.0,0.5,0.6667,4.0,19.0,4.0,0.0,0.5,0.0,0.75,0.375,0.5,5.0,19.0,29.0,0.9692237226640446,,0.0,,asia,10.0,1.0,0.2083333333,0.34482758620000004,2.0,1.0,0.25,0.4
asia,8,8,new,7166,0.3180578630417585,134,4.0,0.0,0.5,0.0,1.0,0.5,0.6667,4.0,15.0,4.0,0.0,0.5,0.0,0.5,0.25,0.3333,4.0,15.0,22.0,0.9735191182263072,,0.0,,asia,10.0,1.0,0.2083333333,0.34482758620000004,2.0,1.0,0.25,0.4
asia,8,8,new,1428,0.3460501548834145,146,4.0,0.0,0.5,0.0,1.0,0.5,0.6667,4.0,15.0,4.0,0.0,0.5,0.0,0.5,0.25,0.3333,4.0,15.0,22.0,0.975745647696686,,0.0,,asia,10.0,1.0,0.2083333333,0.34482758620000004,2.0,1.0,0.25,0.4
asia,8,8,new,8328,0.3117552287876606,134,5.0,0.0,0.625,0.0,1.0,0.625,0.7692,3.0,14.0,5.0,0.0,0.625,0.0,0.6,0.375,0.4615,4.0,14.0,24.0,0.9739785627911536,,0.0,,asia,10.0,1.0,0.2083333333,0.34482758620000004,2.0,1.0,0.25,0.4
asia,8,8,new,8289,0.3192991269752383,140,5.0,0.0,0.625,0.0,1.0,0.625,0.7692,3.0,14.0,5.0,0.0,0.625,0.0,0.6,0.375,0.4615,4.0,14.0,24.0,0.972608046128788,,0.0,,asia,10.0,1.0,0.2083333333,0.34482758620000004,2.0,1.0,0.25,0.4
asia,8,8,new,5978,0.3446403951384127,139,5.0,0.0,0.625,0.0,1.0,0.625,0.7692,3.0,14.0,5.0,0.0,0.625,0.0,0.6,0.375,0.4615,4.0,14.0,24.0,0.9698645958611736,,0.0,,asia,10.0,1.0,0.2083333333,0.34482758620000004,2.0,1.0,0.25,0.4
asia,8,8,new,5511,0.3698227303102612,152,5.0,0.0,0.625,0.0,1.0,0.625,0.7692,3.0,14.0,5.0,0.0,0.625,0.0,0.6,0.375,0.4615,4.0,14.0,24.0,0.9744885048822706,,0.0,,asia,10.0,1.0,0.2083333333,0.34482758620000004,2.0,1.0,0.25,0.4
asia,8,8,new,5864,0.402960741892457,172,5.0,0.2,0.5,0.05,0.8,0.5,0.6154,5.0,22.0,5.0,0.2,0.5,0.05,0.4,0.25,0.3077,5.0,14.0,22.0,0.9776642941630974,,0.0,,asia,10.0,1.0,0.2083333333,0.34482758620000004,2.0,1.0,0.25,0.4
asia,8,8,new,606,0.3271691938862204,140,4.0,0.0,0.5,0.0,1.0,0.5,0.6667,4.0,19.0,4.0,0.0,0.5,0.0,0.75,0.375,0.5,5.0,19.0,29.0,0.9729583078915658,,0.0,,asia,10.0,1.0,0.2083333333,0.34482758620000004,2.0,1.0,0.25,0.4
asia,8,8,new,1933,0.3095851568505168,133,5.0,0.0,0.625,0.0,1.0,0.625,0.7692,3.0,14.0,5.0,0.0,0.625,0.0,0.6,0.375,0.4615,3.0,14.0,26.0,0.972916398768384,,0.0,,asia,10.0,1.0,0.2083333333,0.34482758620000004,2.0,1.0,0.25,0.4
asia,8,8,new,6071,0.3535860921256244,149,4.0,0.0,0.5,0.0,1.0,0.5,0.6667,4.0,15.0,4.0,0.0,0.5,0.0,0.5,0.25,0.3333,4.0,15.0,22.0,0.97645378426717,,0.0,,asia,10.0,1.0,0.2083333333,0.34482758620000004,2.0,1.0,0.25,0.4
asia,8,8,new,5504,0.4087599911727011,163,4.0,0.0,0.5,0.0,1.0,0.5,0.6667,4.0,15.0,4.0,0.0,0.5,0.0,0.5,0.25,0.3333,4.0,15.0,22.0,0.976257796956143,,0.0,,asia,10.0,1.0,0.2083333333,0.34482758620000004,2.0,1.0,0.25,0.4
asia,8,8,new,5163,0.3503587190061807,144,4.0,0.0,0.5,0.0,1.0,0.5,0.6667,4.0,15.0,4.0,0.0,0.5,0.0,0.5,0.25,0.3333,4.0,15.0,22.0,0.9747294873695715,,0.0,,asia,10.0,1.0,0.2083333333,0.34482758620000004,2.0,1.0,0.25,0.4
asia,8,8,new,2406,0.3409930947236717,146,4.0,0.0,0.5,0.0,1.0,0.5,0.6667,4.0,15.0,4.0,0.0,0.5,0.0,0.5,0.25,0.3333,4.0,15.0,22.0,0.9766019414751492,,0.0,,asia,10.0,1.0,0.2083333333,0.34482758620000004,2.0,1.0,0.25,0.4
asia,8,8,new,304,0.3653765027411282,151,6.0,0.0,0.75,0.0,1.0,0.75,0.8571,2.0,13.0,6.0,0.0,0.75,0.0,0.6667,0.5,0.5714,3.0,13.0,28.0,0.9745483669811308,,0.0,,asia,10.0,1.0,0.2083333333,0.34482758620000004,2.0,1.0,0.25,0.4
asia,8,8,new,3391,0.4351680828258395,176,5.0,0.0,0.625,0.0,1.0,0.625,0.7692,3.0,14.0,5.0,0.0,0.625,0.0,0.6,0.375,0.4615,4.0,14.0,24.0,0.974329791559835,,0.0,,asia,10.0,1.0,0.2083333333,0.34482758620000004,2.0,1.0,0.25,0.4
asia,8,8,new,359,0.338980829808861,138,5.0,0.0,0.625,0.0,1.0,0.625,0.7692,3.0,14.0,5.0,0.0,0.625,0.0,0.6,0.375,0.4615,3.0,14.0,26.0,0.9731891242177104,,0.0,,asia,10.0,1.0,0.2083333333,0.34482758620000004,2.0,1.0,0.25,0.4
asia,8,8,new,9096,0.3304407922551036,140,5.0,0.0,0.625,0.0,1.0,0.625,0.7692,3.0,14.0,5.0,0.0,0.625,0.0,0.6,0.375,0.4615,4.0,14.0,24.0,0.9745030363063,,0.0,,asia,10.0,1.0,0.2083333333,0.34482758620000004,2.0,1.0,0.25,0.4
asia,8,8,new,3533,0.2979549700394273,124,4.0,0.0,0.5,0.0,1.0,0.5,0.6667,4.0,19.0,4.0,0.0,0.5,0.0,0.75,0.375,0.5,5.0,19.0,29.0,0.9723647754068142,,0.0,,asia,10.0,1.0,0.2083333333,0.34482758620000004,2.0,1.0,0.25,0.4
asia,8,8,new,4125,0.3524190243333578,155,5.0,0.0,0.625,0.0,1.0,0.625,0.7692,3.0,14.0,5.0,0.0,0.625,0.0,0.6,0.375,0.4615,4.0,14.0,24.0,0.9760801912760644,,0.0,,asia,10.0,1.0,0.2083333333,0.34482758620000004,2.0,1.0,0.25,0.4
asia,8,8,new,3094,0.3068003701046109,127,4.0,0.0,0.5,0.0,1.0,0.5,0.6667,4.0,19.0,4.0,0.0,0.5,0.0,0.75,0.375,0.5,5.0,19.0,29.0,0.970237909878326,,0.0,,asia,10.0,1.0,0.2083333333,0.34482758620000004,2.0,1.0,0.25,0.4
asia,8,8,new,6398,0.3877867530100047,156,5.0,0.2,0.5,0.05,0.8,0.5,0.6154,5.0,14.0,5.0,0.2,0.5,0.05,0.4,0.25,0.3077,5.0,14.0,26.0,0.9674197749484528,,0.0,,asia,10.0,1.0,0.2083333333,0.34482758620000004,2.0,1.0,0.25,0.4
cancer,5,4,org,7816,0.0389676266349852,9,4.0,0.25,0.75,0.1667,0.75,0.75,0.75,1.0,5.0,4.0,0.25,0.75,0.1667,0.75,0.75,0.75,1.0,5.0,10.0,0.9907555974569624,0.9714285714285714,0.85,0.9066666666666668,cancer,,,,,,,,
cancer,5,4,org,3578,0.0473218290135264,19,3.0,0.3333,0.5,0.1667,0.6667,0.5,0.5714,2.0,6.0,3.0,0.3333,0.5,0.1667,0.6667,0.5,0.5714,2.0,6.0,11.0,0.9888242283079238,1.0,0.4166666666666667,0.5882352941176471,cancer,,,,,,,,
cancer,5,4,org,2656,0.0420778789557516,8,4.0,0.25,0.75,0.1667,0.75,0.75,0.75,1.0,5.0,4.0,0.25,0.75,0.1667,0.75,0.75,0.75,1.0,5.0,10.0,0.9913485461749112,0.9722222222222222,0.875,0.9210526315789472,cancer,,,,,,,,
cancer,5,4,org,2688,0.0375947221182286,8,4.0,0.0,1.0,0.0,1.0,1.0,1.0,0.0,0.0,4.0,0.0,1.0,0.0,1.0,1.0,1.0,0.0,0.0,5.0,0.9962825622838803,1.0,0.9230769230769232,0.96,cancer,,,,,,,,
cancer,5,4,org,2494,0.0366874630562961,8,4.0,0.25,0.75,0.1667,0.75,0.75,0.75,1.0,5.0,4.0,0.25,0.75,0.1667,0.75,0.75,0.75,1.0,5.0,10.0,0.985659458261566,0.9444444444444444,0.8717948717948718,0.9066666666666668,cancer,,,,,,,,
cancer,5,4,org,183,0.0353242228738963,13,2.0,0.5,0.25,0.1666666666666666,0.5,0.25,0.5,3.0,10.0,2.0,0.0,0.5,0.0,0.5,0.25,0.3333,3.0,5.0,15.0,0.9491262879420774,1.0,0.5333333333333333,0.6956521739130436,cancer,,,,,,,,
cancer,5,4,org,7977,0.0410519381985068,10,4.0,0.5,0.5,0.3333,0.5,0.5,0.5,2.0,10.0,4.0,0.25,0.75,0.1667,0.5,0.5,0.5,2.0,5.0,15.0,0.9885041081570164,0.9705882352941176,0.8461538461538461,0.9041095890410958,cancer,,,,,,,,
cancer,5,4,org,3199,0.0402348600327968,14,3.0,1.0,0.0,0.5,0.0,0.0,,4.0,16.0,3.0,0.6667,0.25,0.3333,0.0,0.0,,4.0,11.0,16.0,0.9865036478672842,1.0,0.6363636363636364,0.7777777777777778,cancer,,,,,,,,
cancer,5,4,org,316,0.0520718367770314,21,2.0,0.5,0.25,0.1667,0.5,0.25,0.3333,3.0,10.0,2.0,0.5,0.25,0.1667,0.5,0.25,0.3333,3.0,10.0,10.0,0.997252747252747,1.0,0.5384615384615384,0.7000000000000001,cancer,,,,,,,,
cancer,5,4,org,8266,0.0280865100212395,6,3.0,0.3333,0.5,0.1667,0.6667,0.5,0.5714,2.0,6.0,3.0,0.3333,0.5,0.1667,0.6667,0.5,0.5714,2.0,6.0,11.0,0.9820586622807016,0.9375,0.9375,0.9375,cancer,,,,,,,,
cancer,5,4,org,1532,0.0362879312597215,6,4.0,0.5,0.5,0.3333,0.5,0.5,0.5,2.0,10.0,4.0,0.5,0.5,0.3333,0.5,0.5,0.5,2.0,10.0,10.0,0.97976501464218,0.8947368421052632,0.8717948717948718,0.8831168831168831,cancer,,,,,,,,
cancer,5,4,org,1009,0.0310199670493602,8,3.0,0.3333,0.5,0.1667,0.6667,0.5,0.5714,2.0,6.0,3.0,0.3333,0.5,0.1667,0.6667,0.5,0.5714,2.0,6.0,11.0,0.967438126566416,0.9285714285714286,0.8125,0.8666666666666666,cancer,,,,,,,,
cancer,5,4,org,2250,0.0484751318581402,12,4.0,0.0,1.0,0.0,1.0,1.0,1.0,0.0,0.0,4.0,0.0,1.0,0.0,1.0,1.0,1.0,0.0,0.0,5.0,0.990094828350346,1.0,0.8,0.888888888888889,cancer,,,,,,,,
cancer,5,4,org,4447,0.0388245466165244,9,4.0,0.5,0.5,0.3333,0.5,0.5,0.5,2.0,10.0,4.0,0.5,0.5,0.3333,0.5,0.5,0.5,2.0,10.0,10.0,0.9833518354039694,0.9428571428571428,0.868421052631579,0.904109589041096,cancer,,,,,,,,
cancer,5,4,org,2415,0.0360156130045652,12,3.0,0.4,0.45,0.1999999999999999,0.6,0.45,0.51426,2.2,7.0,3.0,0.06666,0.7,0.0333399999999999,0.6667,0.5,0.5714,2.0,2.0,11.0,0.981602034329307,1.0,0.7272727272727273,0.8421052631578948,cancer,,,,,,,,
cancer,5,4,org,3595,0.0374473500996828,8,4.0,0.25,0.75,0.1667,0.75,0.75,0.75,1.0,5.0,4.0,0.25,0.75,0.1667,0.75,0.75,0.75,1.0,5.0,10.0,0.9861197423683332,0.9444444444444444,0.8717948717948718,0.9066666666666668,cancer,,,,,,,,
cancer,5,4,org,4187,0.0258293440565466,4,3.0,0.3333,0.5,0.1667,0.6667,0.5,0.5714,2.0,6.0,3.0,0.3333,0.5,0.1667,0.6667,0.5,0.5714,2.0,6.0,11.0,0.9777661064425772,0.8333333333333334,0.9375,0.8823529411764706,cancer,,,,,,,,
cancer,5,4,org,4135,0.0472306441515684,16,3.0,0.3333,0.5,0.1667,0.6667,0.5,0.5714,2.0,9.0,3.0,0.3333,0.5,0.1667,0.6667,0.5,0.5714,2.0,9.0,9.0,0.986394291587603,1.0,0.7,0.8235294117647058,cancer,,,,,,,,
cancer,5,4,org,5174,0.0430857753381133,16,3.0,0.5,0.375,0.25,0.5,0.375,0.42855,2.5,11.5,3.0,0.3333,0.5,0.1667,0.5,0.375,0.42855,2.5,9.0,11.5,0.9640196167973452,0.9523809523809524,0.6896551724137931,0.7999999999999999,cancer,,,,,,,,
cancer,5,4,org,5303,0.0422410839237272,9,4.0,0.25,0.75,0.1667,0.75,0.75,0.75,1.0,5.0,4.0,0.25,0.75,0.1667,0.75,0.75,0.75,1.0,5.0,10.0,0.990857782162744,0.9428571428571428,0.8461538461538461,0.8918918918918919,cancer,,,,,,,,
cancer,5,4,org,3942,0.0444247792474925,9,4.0,0.25,0.75,0.1667,0.75,0.75,0.75,1.0,5.0,4.0,0.25,0.75,0.1667,0.75,0.75,0.75,1.0,5.0,10.0,0.9855375245298126,0.9714285714285714,0.8947368421052632,0.9315068493150684,cancer,,,,,,,,
cancer,5,4,org,2778,0.0397335267625749,8,4.0,0.5,0.5,0.3333,0.5,0.5,0.5,2.0,10.0,4.0,0.5,0.5,0.3333,0.5,0.5,0.5,2.0,10.0,10.0,0.985138019651588,0.9166666666666666,0.8918918918918919,0.9041095890410958,cancer,,,,,,,,
cancer,5,4,org,2804,0.0240453630685806,4,3.0,0.4166749999999999,0.4375,0.2083249999999999,0.583325,0.4375,0.499975,2.25,7.25,3.0,0.0,0.75,0.0,0.6667,0.5,0.5714,2.0,1.0,11.0,0.977890114379085,0.8888888888888888,1.0,0.9411764705882352,cancer,,,,,,,,
cancer,5,4,org,2145,0.0307078291662037,8,3.0,1.0,0.0,0.5,0.0,0.0,,4.0,16.0,3.0,0.6667,0.25,0.3333,0.0,0.0,,4.0,11.0,16.0,0.9623507297655904,0.9285714285714286,0.7647058823529411,0.8387096774193549,cancer,,,,,,,,
cancer,5,4,org,150,0.0514734098687768,15,5.0,1.0,0.0,0.8333,0.0,0.0,,5.0,19.0,5.0,0.6,0.5,0.5,0.0,0.0,,5.0,10.0,19.0,0.9836200834097312,0.945945945945946,0.8333333333333334,0.8860759493670887,cancer,,,,,,,,
cancer,5,4,org,8823,0.026011305861175,5,3.0,0.4166749999999999,0.4375,0.2083249999999999,0.583325,0.4375,0.499975,2.25,7.25,3.0,0.0,0.75,0.0,0.6667,0.5,0.5714,2.0,1.0,11.0,0.9656941597489198,0.8823529411764706,0.9375,0.9090909090909092,cancer,,,,,,,,
cancer,5,4,org,4669,0.0404197061434388,11,4.0,0.5,0.5,0.3333,0.5,0.5,0.5,2.0,10.0,4.0,0.5,0.5,0.3333,0.5,0.5,0.5,2.0,10.0,10.0,0.9891760732455492,0.9696969696969696,0.8421052631578947,0.9014084507042254,cancer,,,,,,,,
cancer,5,4,org,6131,0.022847746964544,2,3.0,0.4166749999999999,0.4375,0.2083249999999999,0.583325,0.4375,0.499975,2.25,7.25,3.0,0.0,0.75,0.0,0.6667,0.5,0.5714,2.0,1.0,11.0,0.9809640522875818,0.85,1.0,0.9189189189189187,cancer,,,,,,,,
cancer,5,4,org,2617,0.0469187540002167,17,3.0,1.0,0.0,0.5,0.0,0.0,,4.0,16.0,3.0,0.6667,0.25,0.3333,0.0,0.0,,4.0,11.0,16.0,0.9949535679374388,1.0,0.6451612903225806,0.7843137254901961,cancer,,,,,,,,
cancer,5,4,org,7166,0.0475749410688877,18,3.0,0.3333,0.5,0.1667,0.6667,0.5,0.5714,2.0,6.0,3.0,0.3333,0.5,0.1667,0.6667,0.5,0.5714,2.0,6.0,11.0,0.9867321197579986,1.0,0.6363636363636364,0.7777777777777778,cancer,,,,,,,,
cancer,5,4,org,1428,0.0282287588343024,5,3.0,0.4166749999999999,0.4375,0.2083249999999999,0.583325,0.4375,0.499975,2.25,7.25,3.0,0.0,0.75,0.0,0.6667,0.5,0.5714,2.0,1.0,11.0,0.9786119711042311,0.8823529411764706,0.9375,0.9090909090909092,cancer,,,,,,,,
cancer,5,4,org,8328,0.0426192362792789,9,4.0,0.5,0.5,0.3333,0.5,0.5,0.5,2.0,10.0,4.0,0.5,0.5,0.3333,0.5,0.5,0.5,2.0,10.0,10.0,0.9879382783228936,0.9428571428571428,0.8461538461538461,0.8918918918918919,cancer,,,,,,,,
cancer,5,4,org,8289,0.0398785751312971,11,4.0,0.5,0.5,0.3333,0.5,0.5,0.5,2.0,10.0,4.0,0.5,0.5,0.3333,0.5,0.5,0.5,2.0,10.0,10.0,0.9779410819514932,0.9393939393939394,0.8157894736842105,0.8732394366197183,cancer,,,,,,,,
cancer,5,4,org,5978,0.0289738751016557,7,3.0,0.4166749999999999,0.4375,0.2083249999999999,0.583325,0.4375,0.499975,2.25,7.25,3.0,0.0,0.75,0.0,0.6667,0.5,0.5714,2.0,1.0,11.0,0.9801470588235296,0.9333333333333332,0.875,0.9032258064516128,cancer,,,,,,,,
cancer,5,4,org,5511,0.0381205859594047,8,4.0,0.0,1.0,0.0,1.0,1.0,1.0,0.0,0.0,4.0,0.0,1.0,0.0,1.0,1.0,1.0,0.0,0.0,5.0,0.9973346828609986,1.0,0.9473684210526316,0.972972972972973,cancer,,,,,,,,
cancer,5,4,org,5864,0.0278431600891053,6,3.0,0.4166749999999999,0.4375,0.2083249999999999,0.583325,0.4375,0.499975,2.25,7.25,3.0,0.0,0.75,0.0,0.6667,0.5,0.5714,2.0,1.0,11.0,0.98359375,0.9375,0.9375,0.9375,cancer,,,,,,,,
cancer,5,4,org,606,0.0266648288816213,6,3.0,0.3333,0.5,0.1667,0.6667,0.5,0.5714,2.0,6.0,3.0,0.3333,0.5,0.1667,0.6667,0.5,0.5714,2.0,6.0,11.0,0.9866713713349118,0.9375,0.8823529411764706,0.9090909090909092,cancer,,,,,,,,
cancer,5,4,org,1933,0.0286609451286494,5,3.0,1.0,0.0,0.5,0.0,0.0,,4.0,16.0,3.0,0.6667,0.25,0.3333,0.0,0.0,,4.0,11.0,16.0,0.9710839598997494,0.8235294117647058,0.875,0.8484848484848485,cancer,,,,,,,,
cancer,5,4,org,6071,0.0393321071751415,9,4.0,0.25,0.75,0.1667,0.75,0.75,0.75,1.0,5.0,4.0,0.25,0.75,0.1667,0.75,0.75,0.75,1.0,5.0,10.0,0.9920247172389156,0.9714285714285714,0.8717948717948718,0.9189189189189187,cancer,,,,,,,,
cancer,5,4,org,5504,0.040114336181432,13,3.0,0.3333,0.5,0.1667,0.6667,0.5,0.5714,2.0,6.0,3.0,0.3333,0.5,0.1667,0.6667,0.5,0.5714,2.0,6.0,11.0,0.9772140526186708,1.0,0.6818181818181818,0.8108108108108109,cancer,,,,,,,,
cancer,5,4,org,5163,0.0437767850235104,14,3.0,0.4166749999999999,0.4375,0.2083249999999999,0.583325,0.4375,0.499975,2.25,7.25,3.0,0.0,0.75,0.0,0.6667,0.5,0.5714,2.0,1.0,11.0,0.9730545369955276,0.9565217391304348,0.7096774193548387,0.8148148148148149,cancer,,,,,,,,
cancer,5,4,org,2406,0.0414388650096952,11,4.0,0.0,1.0,0.0,1.0,1.0,1.0,0.0,0.0,4.0,0.0,1.0,0.0,1.0,1.0,1.0,0.0,0.0,5.0,0.9905833155833156,1.0,0.8461538461538461,0.9166666666666666,cancer,,,,,,,,
cancer,5,4,org,304,0.0286558629013597,7,3.0,1.0,0.0,0.5,0.0,0.0,,4.0,16.0,3.0,0.6667,0.25,0.3333,0.0,0.0,,4.0,11.0,16.0,0.9485823934837092,0.8666666666666667,0.8125,0.8387096774193549,cancer,,,,,,,,
cancer,5,4,org,3391,0.0384294656105339,11,3.0,0.53334,0.35,0.26666,0.4666599999999999,0.35,0.499975,2.6,9.0,3.0,0.13334,0.65,0.06666,0.53336,0.4,0.5714,2.4,3.0,12.0,0.9740519062258192,1.0,0.7727272727272727,0.8717948717948718,cancer,,,,,,,,
cancer,5,4,org,359,0.029384221881628,7,3.0,0.6667,0.25,0.3333,0.3333,0.25,0.2857,3.0,11.0,3.0,0.6667,0.25,0.3333,0.3333,0.25,0.2857,3.0,11.0,11.0,0.9492129911174996,0.8,0.75,0.7741935483870969,cancer,,,,,,,,
cancer,5,4,org,9096,0.0382046191953122,7,4.0,0.0,1.0,0.0,1.0,1.0,1.0,0.0,0.0,4.0,0.0,1.0,0.0,1.0,1.0,1.0,0.0,0.0,5.0,0.996957326116539,1.0,0.9487179487179488,0.9736842105263158,cancer,,,,,,,,
cancer,5,4,org,3533,0.0498715909197926,21,2.0,0.5,0.25,0.1666666666666666,0.5,0.25,0.5,3.0,10.0,2.0,0.0,0.5,0.0,0.5,0.25,0.3333,3.0,5.0,15.0,0.970711951105497,1.0,0.5185185185185185,0.6829268292682926,cancer,,,,,,,,
cancer,5,4,org,4125,0.0406689178198576,15,3.0,0.4166749999999999,0.4375,0.2083249999999999,0.583325,0.4375,0.499975,2.25,7.25,3.0,0.0,0.75,0.0,0.6667,0.5,0.5714,2.0,1.0,11.0,0.9822248499021952,1.0,0.5909090909090909,0.7428571428571429,cancer,,,,,,,,
cancer,5,4,org,3094,0.0423117158934474,15,3.0,0.3333,0.5,0.1667,0.6667,0.5,0.5714,2.0,6.0,3.0,0.3333,0.5,0.1667,0.6667,0.5,0.5714,2.0,6.0,11.0,0.9919330917267692,1.0,0.7096774193548387,0.8301886792452831,cancer,,,,,,,,
cancer,5,4,org,6398,0.0390496370382607,14,3.0,1.0,0.0,0.5,0.0,0.0,,4.0,16.0,3.0,0.6667,0.25,0.3333,0.0,0.0,,4.0,11.0,16.0,0.9775326847065976,1.0,0.6363636363636364,0.7777777777777778,cancer,,,,,,,,
cancer,5,4,new,7816,0.0415094681084156,10,4.0,0.0,1.0,0.0,1.0,1.0,1.0,0.0,0.0,4.0,0.0,1.0,0.0,1.0,1.0,1.0,0.0,0.0,5.0,0.9907555974569624,1.0,0.85,0.9189189189189187,cancer,8.0,1.0,0.5,0.6666666667000001,5.0,0.8,1.0,0.8888888889000001
cancer,5,4,new,3578,0.0489110052585601,19,3.0,0.0,0.75,0.0,1.0,0.75,0.8571,1.0,1.0,3.0,0.0,0.75,0.0,0.6667,0.5,0.5714,2.0,1.0,11.0,0.9888242283079238,1.0,0.4166666666666667,0.5882352941176471,cancer,8.0,1.0,0.5,0.6666666667000001,5.0,0.8,1.0,0.8888888889000001
cancer,5,4,new,2656,0.0394176389090716,10,4.0,0.0,1.0,0.0,1.0,1.0,1.0,0.0,0.0,4.0,0.0,1.0,0.0,1.0,1.0,1.0,0.0,0.0,5.0,0.9913485461749112,1.0,0.85,0.9189189189189187,cancer,8.0,1.0,0.5,0.6666666667000001,5.0,0.8,1.0,0.8888888889000001
cancer,5,4,new,2688,0.0385860288515687,8,4.0,0.0,1.0,0.0,1.0,1.0,1.0,0.0,0.0,4.0,0.0,1.0,0.0,1.0,1.0,1.0,0.0,0.0,5.0,0.9962825622838803,1.0,0.9230769230769232,0.96,cancer,8.0,1.0,0.5,0.6666666667000001,5.0,0.8,1.0,0.8888888889000001
cancer,5,4,new,2494,0.0446485662832856,14,4.0,0.0,1.0,0.0,1.0,1.0,1.0,0.0,0.0,4.0,0.0,1.0,0.0,1.0,1.0,1.0,0.0,0.0,5.0,0.985659458261566,1.0,0.7692307692307693,0.8695652173913044,cancer,8.0,1.0,0.5,0.6666666667000001,5.0,0.8,1.0,0.8888888889000001
cancer,5,4,new,183,0.0362168326973915,13,2.0,0.0,0.5,0.0,1.0,0.5,0.6667,2.0,5.0,2.0,0.0,0.5,0.0,0.5,0.25,0.3333,3.0,5.0,15.0,0.9491262879420774,1.0,0.5333333333333333,0.6956521739130436,cancer,8.0,1.0,0.5,0.6666666667000001,5.0,0.8,1.0,0.8888888889000001
cancer,5,4,new,7977,0.0394394812174141,11,4.0,0.0,1.0,0.0,1.0,1.0,1.0,0.0,0.0,4.0,0.0,1.0,0.0,1.0,1.0,1.0,0.0,0.0,5.0,0.9885041081570164,1.0,0.8461538461538461,0.9166666666666666,cancer,8.0,1.0,0.5,0.6666666667000001,5.0,0.8,1.0,0.8888888889000001
cancer,5,4,new,3199,0.0392818222753703,14,3.0,0.0,0.75,0.0,1.0,0.75,0.8571,1.0,1.0,3.0,0.0,0.75,0.0,0.6667,0.5,0.5714,2.0,1.0,11.0,0.9865036478672842,1.0,0.6363636363636364,0.7777777777777778,cancer,8.0,1.0,0.5,0.6666666667000001,5.0,0.8,1.0,0.8888888889000001
cancer,5,4,new,316,0.0516638290137052,21,2.0,0.0,0.5,0.0,1.0,0.5,0.6667,2.0,5.0,2.0,0.0,0.5,0.0,0.5,0.25,0.3333,3.0,5.0,15.0,0.997252747252747,1.0,0.5384615384615384,0.7000000000000001,cancer,8.0,1.0,0.5,0.6666666667000001,5.0,0.8,1.0,0.8888888889000001
cancer,5,4,new,8266,0.0296393851749598,6,3.0,0.0,0.75,0.0,1.0,0.75,0.8571,1.0,1.0,3.0,0.0,0.75,0.0,0.6667,0.5,0.5714,2.0,1.0,11.0,0.9820586622807016,0.9375,0.9375,0.9375,cancer,8.0,1.0,0.5,0.6666666667000001,5.0,0.8,1.0,0.8888888889000001
cancer,5,4,new,1532,0.0489280088804662,16,4.0,0.0,1.0,0.0,1.0,1.0,1.0,0.0,0.0,4.0,0.0,1.0,0.0,1.0,1.0,1.0,0.0,0.0,5.0,0.97976501464218,1.0,0.717948717948718,0.835820895522388,cancer,8.0,1.0,0.5,0.6666666667000001,5.0,0.8,1.0,0.8888888889000001
cancer,5,4,new,1009,0.0335453762672841,10,3.0,0.0,0.75,0.0,1.0,0.75,0.8571,1.0,1.0,3.0,0.0,0.75,0.0,0.6667,0.5,0.5714,2.0,1.0,11.0,0.967438126566416,1.0,0.75,0.8571428571428571,cancer,8.0,1.0,0.5,0.6666666667000001,5.0,0.8,1.0,0.8888888889000001
cancer,5,4,new,2250,0.0439701839350163,12,4.0,0.0,1.0,0.0,1.0,1.0,1.0,0.0,0.0,4.0,0.0,1.0,0.0,1.0,1.0,1.0,0.0,0.0,5.0,0.990094828350346,1.0,0.8,0.888888888888889,cancer,8.0,1.0,0.5,0.6666666667000001,5.0,0.8,1.0,0.8888888889000001
cancer,5,4,new,4447,0.0456361910328269,16,4.0,0.0,1.0,0.0,1.0,1.0,1.0,0.0,0.0,4.0,0.0,1.0,0.0,1.0,1.0,1.0,0.0,0.0,5.0,0.9833518354039694,1.0,0.7368421052631579,0.8484848484848484,cancer,8.0,1.0,0.5,0.6666666667000001,5.0,0.8,1.0,0.8888888889000001
cancer,5,4,new,2415,0.0375219616107642,12,3.0,0.0,0.75,0.0,1.0,0.75,0.8571,1.0,1.0,3.0,0.0,0.75,0.0,0.6667,0.5,0.5714,2.0,1.0,11.0,0.981602034329307,1.0,0.7272727272727273,0.8421052631578948,cancer,8.0,1.0,0.5,0.6666666667000001,5.0,0.8,1.0,0.8888888889000001
cancer,5,4,new,3595,0.0423218826763331,12,4.0,0.0,1.0,0.0,1.0,1.0,1.0,0.0,0.0,4.0,0.0,1.0,0.0,1.0,1.0,1.0,0.0,0.0,5.0,0.9861197423683332,1.0,0.8205128205128205,0.9014084507042254,cancer,8.0,1.0,0.5,0.6666666667000001,5.0,0.8,1.0,0.8888888889000001
cancer,5,4,new,4187,0.0320793902501463,8,3.0,0.0,0.75,0.0,1.0,0.75,0.8571,1.0,1.0,3.0,0.0,0.75,0.0,0.6667,0.5,0.5714,2.0,1.0,11.0,0.9777661064425772,1.0,0.875,0.9333333333333332,cancer,8.0,1.0,0.5,0.6666666667000001,5.0,0.8,1.0,0.8888888889000001
cancer,5,4,new,4135,0.0434992928057909,16,3.0,0.0,0.75,0.0,1.0,0.75,0.8571,1.0,4.0,3.0,0.0,0.75,0.0,1.0,0.75,0.8571,1.0,4.0,9.0,0.986394291587603,1.0,0.7,0.8235294117647058,cancer,8.0,1.0,0.5,0.6666666667000001,5.0,0.8,1.0,0.8888888889000001
cancer,5,4,new,5174,0.0468099159188568,16,3.0,0.0,0.75,0.0,1.0,0.75,0.8571,1.0,4.0,3.0,0.0,0.75,0.0,1.0,0.75,0.8571,1.0,4.0,9.0,0.9640196167973452,0.9523809523809524,0.6896551724137931,0.7999999999999999,cancer,8.0,1.0,0.5,0.6666666667000001,5.0,0.8,1.0,0.8888888889000001
cancer,5,4,new,5303,0.0427000792697072,11,4.0,0.0,1.0,0.0,1.0,1.0,1.0,0.0,0.0,4.0,0.0,1.0,0.0,1.0,1.0,1.0,0.0,0.0,5.0,0.990857782162744,1.0,0.8461538461538461,0.9166666666666666,cancer,8.0,1.0,0.5,0.6666666667000001,5.0,0.8,1.0,0.8888888889000001
cancer,5,4,new,3942,0.0492806979455053,18,4.0,0.0,1.0,0.0,1.0,1.0,1.0,0.0,0.0,4.0,0.0,1.0,0.0,1.0,1.0,1.0,0.0,0.0,5.0,0.9855375245298126,1.0,0.6842105263157895,0.8125000000000001,cancer,8.0,1.0,0.5,0.6666666667000001,5.0,0.8,1.0,0.8888888889000001
cancer,5,4,new,2778,0.0430033430457115,14,4.0,0.0,1.0,0.0,1.0,1.0,1.0,0.0,0.0,4.0,0.0,1.0,0.0,1.0,1.0,1.0,0.0,0.0,5.0,0.985138019651588,1.0,0.8108108108108109,0.8955223880597014,cancer,8.0,1.0,0.5,0.6666666667000001,5.0,0.8,1.0,0.8888888889000001
cancer,5,4,new,2804,0.0248456099070608,4,3.0,0.0,0.75,0.0,1.0,0.75,0.8571,1.0,1.0,3.0,0.0,0.75,0.0,0.6667,0.5,0.5714,2.0,1.0,11.0,0.977890114379085,0.8888888888888888,1.0,0.9411764705882352,cancer,8.0,1.0,0.5,0.6666666667000001,5.0,0.8,1.0,0.8888888889000001
cancer,5,4,new,2145,0.0332722966559231,9,3.0,0.0,0.75,0.0,1.0,0.75,0.8571,1.0,1.0,3.0,0.0,0.75,0.0,0.6667,0.5,0.5714,2.0,1.0,11.0,0.9623507297655904,1.0,0.7647058823529411,0.8666666666666666,cancer,8.0,1.0,0.5,0.6666666667000001,5.0,0.8,1.0,0.8888888889000001
cancer,5,4,new,150,0.0517508462071418,16,5.0,0.2,1.0,0.1667,0.8,1.0,0.8889,1.0,0.0,5.0,0.2,1.0,0.1667,0.4,0.5,0.4444,3.0,0.0,14.0,0.9836200834097312,0.9722222222222222,0.8333333333333334,0.8974358974358975,cancer,8.0,1.0,0.5,0.6666666667000001,5.0,0.8,1.0,0.8888888889000001
cancer,5,4,new,8823,0.0250912420451641,5,3.0,0.0,0.75,0.0,1.0,0.75,0.8571,1.0,1.0,3.0,0.0,0.75,0.0,0.6667,0.5,0.5714,2.0,1.0,11.0,0.9656941597489198,0.8823529411764706,0.9375,0.9090909090909092,cancer,8.0,1.0,0.5,0.6666666667000001,5.0,0.8,1.0,0.8888888889000001
cancer,5,4,new,4669,0.0453089689835906,14,4.0,0.0,1.0,0.0,1.0,1.0,1.0,0.0,0.0,4.0,0.0,1.0,0.0,1.0,1.0,1.0,0.0,0.0,5.0,0.9891760732455492,1.0,0.7894736842105263,0.8823529411764706,cancer,8.0,1.0,0.5,0.6666666667000001,5.0,0.8,1.0,0.8888888889000001
cancer,5,4,new,6131,0.0223818267695605,2,3.0,0.0,0.75,0.0,1.0,0.75,0.8571,1.0,1.0,3.0,0.0,0.75,0.0,0.6667,0.5,0.5714,2.0,1.0,11.0,0.9809640522875818,0.85,1.0,0.9189189189189187,cancer,8.0,1.0,0.5,0.6666666667000001,5.0,0.8,1.0,0.8888888889000001
cancer,5,4,new,2617,0.0457181492820382,17,3.0,0.0,0.75,0.0,1.0,0.75,0.8571,1.0,1.0,3.0,0.0,0.75,0.0,0.6667,0.5,0.5714,2.0,1.0,11.0,0.9949535679374388,1.0,0.6451612903225806,0.7843137254901961,cancer,8.0,1.0,0.5,0.6666666667000001,5.0,0.8,1.0,0.8888888889000001
cancer,5,4,new,7166,0.0468135406263172,18,3.0,0.0,0.75,0.0,1.0,0.75,0.8571,1.0,1.0,3.0,0.0,0.75,0.0,0.6667,0.5,0.5714,2.0,1.0,11.0,0.9867321197579986,1.0,0.6363636363636364,0.7777777777777778,cancer,8.0,1.0,0.5,0.6666666667000001,5.0,0.8,1.0,0.8888888889000001
cancer,5,4,new,1428,0.025089097674936,5,3.0,0.0,0.75,0.0,1.0,0.75,0.8571,1.0,1.0,3.0,0.0,0.75,0.0,0.6667,0.5,0.5714,2.0,1.0,11.0,0.9786119711042311,0.8823529411764706,0.9375,0.9090909090909092,cancer,8.0,1.0,0.5,0.6666666667000001,5.0,0.8,1.0,0.8888888889000001
cancer,5,4,new,8328,0.0397030706517398,11,4.0,0.0,1.0,0.0,1.0,1.0,1.0,0.0,0.0,4.0,0.0,1.0,0.0,1.0,1.0,1.0,0.0,0.0,5.0,0.9879382783228936,1.0,0.8461538461538461,0.9166666666666666,cancer,8.0,1.0,0.5,0.6666666667000001,5.0,0.8,1.0,0.8888888889000001
cancer,5,4,new,8289,0.0516327950172126,20,4.0,0.0,1.0,0.0,1.0,1.0,1.0,0.0,0.0,4.0,0.0,1.0,0.0,1.0,1.0,1.0,0.0,0.0,5.0,0.9779410819514932,1.0,0.631578947368421,0.7741935483870968,cancer,8.0,1.0,0.5,0.6666666667000001,5.0,0.8,1.0,0.8888888889000001
cancer,5,4,new,5978,0.0282981488853693,7,3.0,0.0,0.75,0.0,1.0,0.75,0.8571,1.0,1.0,3.0,0.0,0.75,0.0,0.6667,0.5,0.5714,2.0,1.0,11.0,0.9801470588235296,0.9333333333333332,0.875,0.9032258064516128,cancer,8.0,1.0,0.5,0.6666666667000001,5.0,0.8,1.0,0.8888888889000001
cancer,5,4,new,5511,0.0388505170121789,8,4.0,0.0,1.0,0.0,1.0,1.0,1.0,0.0,0.0,4.0,0.0,1.0,0.0,1.0,1.0,1.0,0.0,0.0,5.0,0.9973346828609986,1.0,0.9473684210526316,0.972972972972973,cancer,8.0,1.0,0.5,0.6666666667000001,5.0,0.8,1.0,0.8888888889000001
cancer,5,4,new,5864,0.0270640389062464,6,3.0,0.0,0.75,0.0,1.0,0.75,0.8571,1.0,1.0,3.0,0.0,0.75,0.0,0.6667,0.5,0.5714,2.0,1.0,11.0,0.98359375,0.9375,0.9375,0.9375,cancer,8.0,1.0,0.5,0.6666666667000001,5.0,0.8,1.0,0.8888888889000001
cancer,5,4,new,606,0.0289938091300427,8,3.0,0.0,0.75,0.0,1.0,0.75,0.8571,1.0,1.0,3.0,0.0,0.75,0.0,0.6667,0.5,0.5714,2.0,1.0,11.0,0.9866713713349118,1.0,0.8235294117647058,0.9032258064516128,cancer,8.0,1.0,0.5,0.6666666667000001,5.0,0.8,1.0,0.8888888889000001
cancer,5,4,new,1933,0.0275291027501225,7,3.0,0.0,0.75,0.0,1.0,0.75,0.8571,1.0,1.0,3.0,0.0,0.75,0.0,0.6667,0.5,0.5714,2.0,1.0,11.0,0.9710839598997494,0.9333333333333332,0.875,0.9032258064516128,cancer,8.0,1.0,0.5,0.6666666667000001,5.0,0.8,1.0,0.8888888889000001
cancer,5,4,new,6071,0.0411413591355085,10,4.0,0.0,1.0,0.0,1.0,1.0,1.0,0.0,0.0,4.0,0.0,1.0,0.0,1.0,1.0,1.0,0.0,0.0,5.0,0.9920247172389156,1.0,0.8717948717948718,0.9315068493150686,cancer,8.0,1.0,0.5,0.6666666667000001,5.0,0.8,1.0,0.8888888889000001
cancer,5,4,new,5504,0.0371490311808884,13,3.0,0.0,0.75,0.0,1.0,0.75,0.8571,1.0,1.0,3.0,0.0,0.75,0.0,0.6667,0.5,0.5714,2.0,1.0,11.0,0.9772140526186708,1.0,0.6818181818181818,0.8108108108108109,cancer,8.0,1.0,0.5,0.6666666667000001,5.0,0.8,1.0,0.8888888889000001
cancer,5,4,new,5163,0.0432218890637159,14,3.0,0.0,0.75,0.0,1.0,0.75,0.8571,1.0,1.0,3.0,0.0,0.75,0.0,0.6667,0.5,0.5714,2.0,1.0,11.0,0.9730545369955276,0.9565217391304348,0.7096774193548387,0.8148148148148149,cancer,8.0,1.0,0.5,0.6666666667000001,5.0,0.8,1.0,0.8888888889000001
cancer,5,4,new,2406,0.0402411022223532,11,4.0,0.0,1.0,0.0,1.0,1.0,1.0,0.0,0.0,4.0,0.0,1.0,0.0,1.0,1.0,1.0,0.0,0.0,5.0,0.9905833155833156,1.0,0.8461538461538461,0.9166666666666666,cancer,8.0,1.0,0.5,0.6666666667000001,5.0,0.8,1.0,0.8888888889000001
cancer,5,4,new,304,0.034715156070888,10,3.0,0.0,0.75,0.0,1.0,0.75,0.8571,1.0,1.0,3.0,0.0,0.75,0.0,0.6667,0.5,0.5714,2.0,1.0,11.0,0.9485823934837092,1.0,0.75,0.8571428571428571,cancer,8.0,1.0,0.5,0.6666666667000001,5.0,0.8,1.0,0.8888888889000001
cancer,5,4,new,3391,0.0376663501374423,11,3.0,0.0,0.75,0.0,1.0,0.75,0.8571,1.0,1.0,3.0,0.0,0.75,0.0,0.6667,0.5,0.5714,2.0,1.0,11.0,0.9740519062258192,1.0,0.7727272727272727,0.8717948717948718,cancer,8.0,1.0,0.5,0.6666666667000001,5.0,0.8,1.0,0.8888888889000001
cancer,5,4,new,359,0.0340292733162641,9,3.0,0.0,0.75,0.0,1.0,0.75,0.8571,1.0,1.0,3.0,0.0,0.75,0.0,0.6667,0.5,0.5714,2.0,1.0,11.0,0.9492129911174996,0.9230769230769232,0.75,0.8275862068965517,cancer,8.0,1.0,0.5,0.6666666667000001,5.0,0.8,1.0,0.8888888889000001
cancer,5,4,new,9096,0.0349367493763566,7,4.0,0.0,1.0,0.0,1.0,1.0,1.0,0.0,0.0,4.0,0.0,1.0,0.0,1.0,1.0,1.0,0.0,0.0,5.0,0.996957326116539,1.0,0.9487179487179488,0.9736842105263158,cancer,8.0,1.0,0.5,0.6666666667000001,5.0,0.8,1.0,0.8888888889000001
cancer,5,4,new,3533,0.0506905959919095,21,2.0,0.0,0.5,0.0,1.0,0.5,0.6667,2.0,5.0,2.0,0.0,0.5,0.0,0.5,0.25,0.3333,3.0,5.0,15.0,0.970711951105497,1.0,0.5185185185185185,0.6829268292682926,cancer,8.0,1.0,0.5,0.6666666667000001,5.0,0.8,1.0,0.8888888889000001
cancer,5,4,new,4125,0.0417157439514994,15,3.0,0.0,0.75,0.0,1.0,0.75,0.8571,1.0,1.0,3.0,0.0,0.75,0.0,0.6667,0.5,0.5714,2.0,1.0,11.0,0.9822248499021952,1.0,0.5909090909090909,0.7428571428571429,cancer,8.0,1.0,0.5,0.6666666667000001,5.0,0.8,1.0,0.8888888889000001
cancer,5,4,new,3094,0.0426496411673724,15,3.0,0.0,0.75,0.0,1.0,0.75,0.8571,1.0,1.0,3.0,0.0,0.75,0.0,0.6667,0.5,0.5714,2.0,1.0,11.0,0.9919330917267692,1.0,0.7096774193548387,0.8301886792452831,cancer,8.0,1.0,0.5,0.6666666667000001,5.0,0.8,1.0,0.8888888889000001
cancer,5,4,new,6398,0.0401518871076405,14,3.0,0.0,0.75,0.0,1.0,0.75,0.8571,1.0,1.0,3.0,0.0,0.75,0.0,0.6667,0.5,0.5714,2.0,1.0,11.0,0.9775326847065976,1.0,0.6363636363636364,0.7777777777777778,cancer,8.0,1.0,0.5,0.6666666667000001,5.0,0.8,1.0,0.8888888889000001
earthquake,5,4,org,7816,0.0274668079800903,0,4.0,0.0,1.0,0.0,1.0,1.0,1.0,0.0,0.0,4.0,0.0,1.0,0.0,1.0,1.0,1.0,0.0,0.0,5.0,1.0,,0.0,,earthquake,,,,,,,,
earthquake,5,4,org,3578,0.0271433368325233,0,4.0,0.0,1.0,0.0,1.0,1.0,1.0,0.0,0.0,4.0,0.0,1.0,0.0,1.0,1.0,1.0,0.0,0.0,5.0,1.0,,0.0,,earthquake,,,,,,,,
earthquake,5,4,org,2656,0.027186500839889,0,4.0,0.0,1.0,0.0,1.0,1.0,1.0,0.0,0.0,4.0,0.0,1.0,0.0,1.0,1.0,1.0,0.0,0.0,5.0,1.0,,0.0,,earthquake,,,,,,,,
earthquake,5,4,org,2688,0.0285437908023595,0,4.0,0.0,1.0,0.0,1.0,1.0,1.0,0.0,0.0,4.0,0.0,1.0,0.0,1.0,1.0,1.0,0.0,0.0,5.0,1.0,,0.0,,earthquake,,,,,,,,
earthquake,5,4,org,2494,0.0291265752166509,1,4.0,0.0,1.0,0.0,1.0,1.0,1.0,0.0,0.0,4.0,0.0,1.0,0.0,1.0,1.0,1.0,0.0,0.0,5.0,1.0,1.0,1.0,1.0,earthquake,,,,,,,,
earthquake,5,4,org,183,0.0272376909852027,0,4.0,0.0,1.0,0.0,1.0,1.0,1.0,0.0,0.0,4.0,0.0,1.0,0.0,1.0,1.0,1.0,0.0,0.0,5.0,1.0,,0.0,,earthquake,,,,,,,,
earthquake,5,4,org,7977,0.026274069212377,0,4.0,0.0,1.0,0.0,1.0,1.0,1.0,0.0,0.0,4.0,0.0,1.0,0.0,1.0,1.0,1.0,0.0,0.0,5.0,1.0,,0.0,,earthquake,,,,,,,,
earthquake,5,4,org,3199,0.0362353539094328,2,4.0,0.0,1.0,0.0,1.0,1.0,1.0,0.0,0.0,4.0,0.0,1.0,0.0,1.0,1.0,1.0,0.0,0.0,5.0,1.0,1.0,1.0,1.0,earthquake,,,,,,,,
earthquake,5,4,org,316,0.027198364958167,0,4.0,0.0,1.0,0.0,1.0,1.0,1.0,0.0,0.0,4.0,0.0,1.0,0.0,1.0,1.0,1.0,0.0,0.0,5.0,1.0,,0.0,,earthquake,,,,,,,,
earthquake,5,4,org,8266,0.037921680137515,2,5.0,0.2,1.0,0.1667,0.8,1.0,0.8889,1.0,0.0,5.0,0.2,1.0,0.1667,0.8,1.0,0.8889,1.0,0.0,14.0,0.999097505881862,0.9824561403508772,0.9824561403508772,0.9824561403508772,earthquake,,,,,,,,
earthquake,5,4,org,1532,0.0409763869829475,7,4.0,0.0,1.0,0.0,1.0,1.0,1.0,0.0,0.0,4.0,0.0,1.0,0.0,1.0,1.0,1.0,0.0,0.0,5.0,0.9965682898771648,1.0,0.9074074074074074,0.9514563106796116,earthquake,,,,,,,,
earthquake,5,4,org,1009,0.1124831628985703,57,4.0,0.5,0.5,0.3333,0.5,0.5,0.5,3.0,8.0,4.0,0.5,0.5,0.3333,0.5,0.5,0.5,3.0,8.0,13.0,0.9982517245630248,,0.0,,earthquake,,,,,,,,
earthquake,5,4,org,2250,0.0264413310214877,0,4.0,0.0,1.0,0.0,1.0,1.0,1.0,0.0,0.0,4.0,0.0,1.0,0.0,1.0,1.0,1.0,0.0,0.0,5.0,1.0,,0.0,,earthquake,,,,,,,,
earthquake,5,4,org,4447,0.0271881283260881,0,4.0,0.0,1.0,0.0,1.0,1.0,1.0,0.0,0.0,4.0,0.0,1.0,0.0,1.0,1.0,1.0,0.0,0.0,5.0,1.0,,0.0,,earthquake,,,,,,,,
earthquake,5,4,org,2415,0.0308278808370232,0,4.0,0.0,1.0,0.0,1.0,1.0,1.0,0.0,0.0,4.0,0.0,1.0,0.0,1.0,1.0,1.0,0.0,0.0,5.0,1.0,,0.0,,earthquake,,,,,,,,
earthquake,5,4,org,3595,0.027232140302658,0,4.0,0.0,1.0,0.0,1.0,1.0,1.0,0.0,0.0,4.0,0.0,1.0,0.0,1.0,1.0,1.0,0.0,0.0,5.0,1.0,,0.0,,earthquake,,,,,,,,
earthquake,5,4,org,4187,0.0390004548244178,4,4.0,0.0,1.0,0.0,1.0,1.0,1.0,0.0,0.0,4.0,0.0,1.0,0.0,1.0,1.0,1.0,0.0,0.0,5.0,0.999389732649834,1.0,0.9649122807017544,0.9821428571428572,earthquake,,,,,,,,
earthquake,5,4,org,4135,0.0272787739522755,0,4.0,0.0,1.0,0.0,1.0,1.0,1.0,0.0,0.0,4.0,0.0,1.0,0.0,1.0,1.0,1.0,0.0,0.0,5.0,1.0,,0.0,,earthquake,,,,,,,,
earthquake,5,4,org,5174,0.0261455681174993,0,4.0,0.0,1.0,0.0,1.0,1.0,1.0,0.0,0.0,4.0,0.0,1.0,0.0,1.0,1.0,1.0,0.0,0.0,5.0,1.0,,0.0,,earthquake,,,,,,,,
earthquake,5,4,org,5303,0.0259866639971733,0,4.0,0.0,1.0,0.0,1.0,1.0,1.0,0.0,0.0,4.0,0.0,1.0,0.0,1.0,1.0,1.0,0.0,0.0,5.0,1.0,,0.0,,earthquake,,,,,,,,
earthquake,5,4,org,3942,0.0273520713672041,0,4.0,0.0,1.0,0.0,1.0,1.0,1.0,0.0,0.0,4.0,0.0,1.0,0.0,1.0,1.0,1.0,0.0,0.0,5.0,1.0,,0.0,,earthquake,,,,,,,,
earthquake,5,4,org,2778,0.0276055950671434,0,4.0,0.0,1.0,0.0,1.0,1.0,1.0,0.0,0.0,4.0,0.0,1.0,0.0,1.0,1.0,1.0,0.0,0.0,5.0,1.0,,0.0,,earthquake,,,,,,,,
earthquake,5,4,org,2804,0.0268906289711594,0,4.0,0.0,1.0,0.0,1.0,1.0,1.0,0.0,0.0,4.0,0.0,1.0,0.0,1.0,1.0,1.0,0.0,0.0,5.0,1.0,,0.0,,earthquake,,,,,,,,
earthquake,5,4,org,2145,0.0276054800488054,0,4.0,0.0,1.0,0.0,1.0,1.0,1.0,0.0,0.0,4.0,0.0,1.0,0.0,1.0,1.0,1.0,0.0,0.0,5.0,1.0,,0.0,,earthquake,,,,,,,,
earthquake,5,4,org,150,0.0261239833198487,0,4.0,0.0,1.0,0.0,1.0,1.0,1.0,0.0,0.0,4.0,0.0,1.0,0.0,1.0,1.0,1.0,0.0,0.0,5.0,1.0,,0.0,,earthquake,,,,,,,,
earthquake,5,4,org,8823,0.0265816547907888,0,4.0,0.0,1.0,0.0,1.0,1.0,1.0,0.0,0.0,4.0,0.0,1.0,0.0,1.0,1.0,1.0,0.0,0.0,5.0,1.0,,0.0,,earthquake,,,,,,,,
earthquake,5,4,org,4669,0.0273532848805189,0,4.0,0.0,1.0,0.0,1.0,1.0,1.0,0.0,0.0,4.0,0.0,1.0,0.0,1.0,1.0,1.0,0.0,0.0,5.0,1.0,,0.0,,earthquake,,,,,,,,
earthquake,5,4,org,6131,0.0291137979365885,0,4.0,0.0,1.0,0.0,1.0,1.0,1.0,0.0,0.0,4.0,0.0,1.0,0.0,1.0,1.0,1.0,0.0,0.0,5.0,1.0,,0.0,,earthquake,,,,,,,,
earthquake,5,4,org,2617,0.0267350091598927,0,4.0,0.0,1.0,0.0,1.0,1.0,1.0,0.0,0.0,4.0,0.0,1.0,0.0,1.0,1.0,1.0,0.0,0.0,5.0,1.0,,0.0,,earthquake,,,,,,,,
earthquake,5,4,org,7166,0.0256614941172301,0,4.0,0.0,1.0,0.0,1.0,1.0,1.0,0.0,0.0,4.0,0.0,1.0,0.0,1.0,1.0,1.0,0.0,0.0,5.0,1.0,,0.0,,earthquake,,,,,,,,
earthquake,5,4,org,1428,0.028366370126605,0,4.0,0.0,1.0,0.0,1.0,1.0,1.0,0.0,0.0,4.0,0.0,1.0,0.0,1.0,1.0,1.0,0.0,0.0,5.0,1.0,,0.0,,earthquake,,,,,,,,
earthquake,5,4,org,8328,0.0261507332324981,0,4.0,0.0,1.0,0.0,1.0,1.0,1.0,0.0,0.0,4.0,0.0,1.0,0.0,1.0,1.0,1.0,0.0,0.0,5.0,1.0,,0.0,,earthquake,,,,,,,,
earthquake,5,4,org,8289,0.0262338127940893,0,4.0,0.0,1.0,0.0,1.0,1.0,1.0,0.0,0.0,4.0,0.0,1.0,0.0,1.0,1.0,1.0,0.0,0.0,5.0,1.0,,0.0,,earthquake,,,,,,,,
earthquake,5,4,org,5978,0.0258301119320094,0,4.0,0.0,1.0,0.0,1.0,1.0,1.0,0.0,0.0,4.0,0.0,1.0,0.0,1.0,1.0,1.0,0.0,0.0,5.0,1.0,,0.0,,earthquake,,,,,,,,
earthquake,5,4,org,5511,0.0258151609450578,0,4.0,0.0,1.0,0.0,1.0,1.0,1.0,0.0,0.0,4.0,0.0,1.0,0.0,1.0,1.0,1.0,0.0,0.0,5.0,1.0,,0.0,,earthquake,,,,,,,,
earthquake,5,4,org,5864,0.025825637858361,0,4.0,0.0,1.0,0.0,1.0,1.0,1.0,0.0,0.0,4.0,0.0,1.0,0.0,1.0,1.0,1.0,0.0,0.0,5.0,1.0,,0.0,,earthquake,,,,,,,,
earthquake,5,4,org,606,0.0404383921995759,5,5.0,0.2,1.0,0.1667,0.8,1.0,0.8889,1.0,0.0,5.0,0.2,1.0,0.1667,0.8,1.0,0.8889,1.0,0.0,14.0,0.9975105075031312,0.9814814814814816,0.913793103448276,0.9464285714285714,earthquake,,,,,,,,
earthquake,5,4,org,1933,0.0261809113435447,0,4.0,0.0,1.0,0.0,1.0,1.0,1.0,0.0,0.0,4.0,0.0,1.0,0.0,1.0,1.0,1.0,0.0,0.0,5.0,1.0,,0.0,,earthquake,,,,,,,,
earthquake,5,4,org,6071,0.0270368619821965,0,4.0,0.0,1.0,0.0,1.0,1.0,1.0,0.0,0.0,4.0,0.0,1.0,0.0,1.0,1.0,1.0,0.0,0.0,5.0,1.0,,0.0,,earthquake,,,,,,,,
earthquake,5,4,org,5504,0.0265137138776481,0,4.0,0.0,1.0,0.0,1.0,1.0,1.0,0.0,0.0,4.0,0.0,1.0,0.0,1.0,1.0,1.0,0.0,0.0,5.0,1.0,,0.0,,earthquake,,,,,,,,
earthquake,5,4,org,5163,0.0297647016122937,0,4.0,0.0,1.0,0.0,1.0,1.0,1.0,0.0,0.0,4.0,0.0,1.0,0.0,1.0,1.0,1.0,0.0,0.0,5.0,1.0,,0.0,,earthquake,,,,,,,,
earthquake,5,4,org,2406,0.0287929042242467,0,4.0,0.0,1.0,0.0,1.0,1.0,1.0,0.0,0.0,4.0,0.0,1.0,0.0,1.0,1.0,1.0,0.0,0.0,5.0,1.0,,0.0,,earthquake,,,,,,,,
earthquake,5,4,org,304,0.0258936462923884,0,4.0,0.0,1.0,0.0,1.0,1.0,1.0,0.0,0.0,4.0,0.0,1.0,0.0,1.0,1.0,1.0,0.0,0.0,5.0,1.0,,0.0,,earthquake,,,,,,,,
earthquake,5,4,org,3391,0.0290845916606485,0,4.0,0.0,1.0,0.0,1.0,1.0,1.0,0.0,0.0,4.0,0.0,1.0,0.0,1.0,1.0,1.0,0.0,0.0,5.0,1.0,,0.0,,earthquake,,,,,,,,
earthquake,5,4,org,359,0.0263672047294676,0,4.0,0.0,1.0,0.0,1.0,1.0,1.0,0.0,0.0,4.0,0.0,1.0,0.0,1.0,1.0,1.0,0.0,0.0,5.0,1.0,,0.0,,earthquake,,,,,,,,
earthquake,5,4,org,9096,0.0294268690049648,0,4.0,0.0,1.0,0.0,1.0,1.0,1.0,0.0,0.0,4.0,0.0,1.0,0.0,1.0,1.0,1.0,0.0,0.0,5.0,1.0,,0.0,,earthquake,,,,,,,,
earthquake,5,4,org,3533,0.0265582627616822,0,4.0,0.0,1.0,0.0,1.0,1.0,1.0,0.0,0.0,4.0,0.0,1.0,0.0,1.0,1.0,1.0,0.0,0.0,5.0,1.0,,0.0,,earthquake,,,,,,,,
earthquake,5,4,org,4125,0.0259773219004273,0,4.0,0.0,1.0,0.0,1.0,1.0,1.0,0.0,0.0,4.0,0.0,1.0,0.0,1.0,1.0,1.0,0.0,0.0,5.0,1.0,,0.0,,earthquake,,,,,,,,
earthquake,5,4,org,3094,0.026507357135415,0,4.0,0.0,1.0,0.0,1.0,1.0,1.0,0.0,0.0,4.0,0.0,1.0,0.0,1.0,1.0,1.0,0.0,0.0,5.0,1.0,,0.0,,earthquake,,,,,,,,
earthquake,5,4,org,6398,0.0265054698102176,0,4.0,0.0,1.0,0.0,1.0,1.0,1.0,0.0,0.0,4.0,0.0,1.0,0.0,1.0,1.0,1.0,0.0,0.0,5.0,1.0,,0.0,,earthquake,,,,,,,,
earthquake,5,4,new,7816,0.0315929590724408,0,4.0,0.0,1.0,0.0,1.0,1.0,1.0,0.0,0.0,4.0,0.0,1.0,0.0,1.0,1.0,1.0,0.0,0.0,5.0,1.0,,0.0,,earthquake,8.0,1.0,0.5,0.6666666667000001,0.0,0.0,0.0,0.0
earthquake,5,4,new,3578,0.0266336598433554,0,4.0,0.0,1.0,0.0,1.0,1.0,1.0,0.0,0.0,4.0,0.0,1.0,0.0,1.0,1.0,1.0,0.0,0.0,5.0,1.0,,0.0,,earthquake,8.0,1.0,0.5,0.6666666667000001,0.0,0.0,0.0,0.0
earthquake,5,4,new,2656,0.0273725911974906,0,4.0,0.0,1.0,0.0,1.0,1.0,1.0,0.0,0.0,4.0,0.0,1.0,0.0,1.0,1.0,1.0,0.0,0.0,5.0,1.0,,0.0,,earthquake,8.0,1.0,0.5,0.6666666667000001,0.0,0.0,0.0,0.0
earthquake,5,4,new,2688,0.0271158898249268,0,4.0,0.0,1.0,0.0,1.0,1.0,1.0,0.0,0.0,4.0,0.0,1.0,0.0,1.0,1.0,1.0,0.0,0.0,5.0,1.0,,0.0,,earthquake,8.0,1.0,0.5,0.6666666667000001,0.0,0.0,0.0,0.0
earthquake,5,4,new,2494,0.0297418572008609,1,4.0,0.0,1.0,0.0,1.0,1.0,1.0,0.0,0.0,4.0,0.0,1.0,0.0,1.0,1.0,1.0,0.0,0.0,5.0,1.0,1.0,1.0,1.0,earthquake,8.0,1.0,0.5,0.6666666667000001,0.0,0.0,0.0,0.0
earthquake,5,4,new,183,0.0276629040017724,0,4.0,0.0,1.0,0.0,1.0,1.0,1.0,0.0,0.0,4.0,0.0,1.0,0.0,1.0,1.0,1.0,0.0,0.0,5.0,1.0,,0.0,,earthquake,8.0,1.0,0.5,0.6666666667000001,0.0,0.0,0.0,0.0
earthquake,5,4,new,7977,0.0288975709117949,0,4.0,0.0,1.0,0.0,1.0,1.0,1.0,0.0,0.0,4.0,0.0,1.0,0.0,1.0,1.0,1.0,0.0,0.0,5.0,1.0,,0.0,,earthquake,8.0,1.0,0.5,0.6666666667000001,0.0,0.0,0.0,0.0
earthquake,5,4,new,3199,0.0320471199229359,2,4.0,0.0,1.0,0.0,1.0,1.0,1.0,0.0,0.0,4.0,0.0,1.0,0.0,1.0,1.0,1.0,0.0,0.0,5.0,1.0,1.0,1.0,1.0,earthquake,8.0,1.0,0.5,0.6666666667000001,0.0,0.0,0.0,0.0
earthquake,5,4,new,316,0.0255352449603378,0,4.0,0.0,1.0,0.0,1.0,1.0,1.0,0.0,0.0,4.0,0.0,1.0,0.0,1.0,1.0,1.0,0.0,0.0,5.0,1.0,,0.0,,earthquake,8.0,1.0,0.5,0.6666666667000001,0.0,0.0,0.0,0.0
earthquake,5,4,new,8266,0.0358221810311079,2,5.0,0.2,1.0,0.1667,0.8,1.0,0.8889,1.0,0.0,5.0,0.2,1.0,0.1667,0.8,1.0,0.8889,1.0,0.0,14.0,0.999097505881862,0.9824561403508772,0.9824561403508772,0.9824561403508772,earthquake,8.0,1.0,0.5,0.6666666667000001,0.0,0.0,0.0,0.0
earthquake,5,4,new,1532,0.0396849261596798,7,4.0,0.0,1.0,0.0,1.0,1.0,1.0,0.0,0.0,4.0,0.0,1.0,0.0,1.0,1.0,1.0,0.0,0.0,5.0,0.9965682898771648,1.0,0.9074074074074074,0.9514563106796116,earthquake,8.0,1.0,0.5,0.6666666667000001,0.0,0.0,0.0,0.0
earthquake,5,4,new,1009,0.1067597111687064,57,4.0,0.25,0.75,0.1667,0.75,0.75,0.75,2.0,4.0,4.0,0.25,0.75,0.1667,0.75,0.75,0.75,2.0,4.0,13.0,0.9982517245630248,,0.0,,earthquake,8.0,1.0,0.5,0.6666666667000001,0.0,0.0,0.0,0.0
earthquake,5,4,new,2250,0.0289672259241342,0,4.0,0.0,1.0,0.0,1.0,1.0,1.0,0.0,0.0,4.0,0.0,1.0,0.0,1.0,1.0,1.0,0.0,0.0,5.0,1.0,,0.0,,earthquake,8.0,1.0,0.5,0.6666666667000001,0.0,0.0,0.0,0.0
earthquake,5,4,new,4447,0.0257843541912734,0,4.0,0.0,1.0,0.0,1.0,1.0,1.0,0.0,0.0,4.0,0.0,1.0,0.0,1.0,1.0,1.0,0.0,0.0,5.0,1.0,,0.0,,earthquake,8.0,1.0,0.5,0.6666666667000001,0.0,0.0,0.0,0.0
earthquake,5,4,new,2415,0.0280683478340506,0,4.0,0.0,1.0,0.0,1.0,1.0,1.0,0.0,0.0,4.0,0.0,1.0,0.0,1.0,1.0,1.0,0.0,0.0,5.0,1.0,,0.0,,earthquake,8.0,1.0,0.5,0.6666666667000001,0.0,0.0,0.0,0.0
earthquake,5,4,new,3595,0.027157227974385,0,4.0,0.0,1.0,0.0,1.0,1.0,1.0,0.0,0.0,4.0,0.0,1.0,0.0,1.0,1.0,1.0,0.0,0.0,5.0,1.0,,0.0,,earthquake,8.0,1.0,0.5,0.6666666667000001,0.0,0.0,0.0,0.0
earthquake,5,4,new,4187,0.0348976231180131,4,4.0,0.0,1.0,0.0,1.0,1.0,1.0,0.0,0.0,4.0,0.0,1.0,0.0,1.0,1.0,1.0,0.0,0.0,5.0,0.999389732649834,1.0,0.9649122807017544,0.9821428571428572,earthquake,8.0,1.0,0.5,0.6666666667000001,0.0,0.0,0.0,0.0
earthquake,5,4,new,4135,0.0310704777948558,0,4.0,0.0,1.0,0.0,1.0,1.0,1.0,0.0,0.0,4.0,0.0,1.0,0.0,1.0,1.0,1.0,0.0,0.0,5.0,1.0,,0.0,,earthquake,8.0,1.0,0.5,0.6666666667000001,0.0,0.0,0.0,0.0
earthquake,5,4,new,5174,0.0279476009309291,0,4.0,0.0,1.0,0.0,1.0,1.0,1.0,0.0,0.0,4.0,0.0,1.0,0.0,1.0,1.0,1.0,0.0,0.0,5.0,1.0,,0.0,,earthquake,8.0,1.0,0.5,0.6666666667000001,0.0,0.0,0.0,0.0
earthquake,5,4,new,5303,0.0261371498927474,0,4.0,0.0,1.0,0.0,1.0,1.0,1.0,0.0,0.0,4.0,0.0,1.0,0.0,1.0,1.0,1.0,0.0,0.0,5.0,1.0,,0.0,,earthquake,8.0,1.0,0.5,0.6666666667000001,0.0,0.0,0.0,0.0
earthquake,5,4,new,3942,0.0248679248616099,0,4.0,0.0,1.0,0.0,1.0,1.0,1.0,0.0,0.0,4.0,0.0,1.0,0.0,1.0,1.0,1.0,0.0,0.0,5.0,1.0,,0.0,,earthquake,8.0,1.0,0.5,0.6666666667000001,0.0,0.0,0.0,0.0
earthquake,5,4,new,2778,0.0257524652406573,0,4.0,0.0,1.0,0.0,1.0,1.0,1.0,0.0,0.0,4.0,0.0,1.0,0.0,1.0,1.0,1.0,0.0,0.0,5.0,1.0,,0.0,,earthquake,8.0,1.0,0.5,0.6666666667000001,0.0,0.0,0.0,0.0
earthquake,5,4,new,2804,0.0266226567327976,0,4.0,0.0,1.0,0.0,1.0,1.0,1.0,0.0,0.0,4.0,0.0,1.0,0.0,1.0,1.0,1.0,0.0,0.0,5.0,1.0,,0.0,,earthquake,8.0,1.0,0.5,0.6666666667000001,0.0,0.0,0.0,0.0
earthquake,5,4,new,2145,0.025272527243942,0,4.0,0.0,1.0,0.0,1.0,1.0,1.0,0.0,0.0,4.0,0.0,1.0,0.0,1.0,1.0,1.0,0.0,0.0,5.0,1.0,,0.0,,earthquake,8.0,1.0,0.5,0.6666666667000001,0.0,0.0,0.0,0.0
earthquake,5,4,new,150,0.0280694128014147,0,4.0,0.0,1.0,0.0,1.0,1.0,1.0,0.0,0.0,4.0,0.0,1.0,0.0,1.0,1.0,1.0,0.0,0.0,5.0,1.0,,0.0,,earthquake,8.0,1.0,0.5,0.6666666667000001,0.0,0.0,0.0,0.0
earthquake,5,4,new,8823,0.0257473862729966,0,4.0,0.0,1.0,0.0,1.0,1.0,1.0,0.0,0.0,4.0,0.0,1.0,0.0,1.0,1.0,1.0,0.0,0.0,5.0,1.0,,0.0,,earthquake,8.0,1.0,0.5,0.6666666667000001,0.0,0.0,0.0,0.0
earthquake,5,4,new,4669,0.0265313792042434,0,4.0,0.0,1.0,0.0,1.0,1.0,1.0,0.0,0.0,4.0,0.0,1.0,0.0,1.0,1.0,1.0,0.0,0.0,5.0,1.0,,0.0,,earthquake,8.0,1.0,0.5,0.6666666667000001,0.0,0.0,0.0,0.0
earthquake,5,4,new,6131,0.0271186949685215,0,4.0,0.0,1.0,0.0,1.0,1.0,1.0,0.0,0.0,4.0,0.0,1.0,0.0,1.0,1.0,1.0,0.0,0.0,5.0,1.0,,0.0,,earthquake,8.0,1.0,0.5,0.6666666667000001,0.0,0.0,0.0,0.0
earthquake,5,4,new,2617,0.026180560234934,0,4.0,0.0,1.0,0.0,1.0,1.0,1.0,0.0,0.0,4.0,0.0,1.0,0.0,1.0,1.0,1.0,0.0,0.0,5.0,1.0,,0.0,,earthquake,8.0,1.0,0.5,0.6666666667000001,0.0,0.0,0.0,0.0
earthquake,5,4,new,7166,0.02489097090438,0,4.0,0.0,1.0,0.0,1.0,1.0,1.0,0.0,0.0,4.0,0.0,1.0,0.0,1.0,1.0,1.0,0.0,0.0,5.0,1.0,,0.0,,earthquake,8.0,1.0,0.5,0.6666666667000001,0.0,0.0,0.0,0.0
earthquake,5,4,new,1428,0.0246075778268277,0,4.0,0.0,1.0,0.0,1.0,1.0,1.0,0.0,0.0,4.0,0.0,1.0,0.0,1.0,1.0,1.0,0.0,0.0,5.0,1.0,,0.0,,earthquake,8.0,1.0,0.5,0.6666666667000001,0.0,0.0,0.0,0.0
earthquake,5,4,new,8328,0.0259563066065311,0,4.0,0.0,1.0,0.0,1.0,1.0,1.0,0.0,0.0,4.0,0.0,1.0,0.0,1.0,1.0,1.0,0.0,0.0,5.0,1.0,,0.0,,earthquake,8.0,1.0,0.5,0.6666666667000001,0.0,0.0,0.0,0.0
earthquake,5,4,new,8289,0.0277190501801669,0,4.0,0.0,1.0,0.0,1.0,1.0,1.0,0.0,0.0,4.0,0.0,1.0,0.0,1.0,1.0,1.0,0.0,0.0,5.0,1.0,,0.0,,earthquake,8.0,1.0,0.5,0.6666666667000001,0.0,0.0,0.0,0.0
earthquake,5,4,new,5978,0.0251389550976455,0,4.0,0.0,1.0,0.0,1.0,1.0,1.0,0.0,0.0,4.0,0.0,1.0,0.0,1.0,1.0,1.0,0.0,0.0,5.0,1.0,,0.0,,earthquake,8.0,1.0,0.5,0.6666666667000001,0.0,0.0,0.0,0.0
earthquake,5,4,new,5511,0.0260863462463021,0,4.0,0.0,1.0,0.0,1.0,1.0,1.0,0.0,0.0,4.0,0.0,1.0,0.0,1.0,1.0,1.0,0.0,0.0,5.0,1.0,,0.0,,earthquake,8.0,1.0,0.5,0.6666666667000001,0.0,0.0,0.0,0.0
earthquake,5,4,new,5864,0.0248353648930788,0,4.0,0.0,1.0,0.0,1.0,1.0,1.0,0.0,0.0,4.0,0.0,1.0,0.0,1.0,1.0,1.0,0.0,0.0,5.0,1.0,,0.0,,earthquake,8.0,1.0,0.5,0.6666666667000001,0.0,0.0,0.0,0.0
earthquake,5,4,new,606,0.0382892121560871,5,5.0,0.2,1.0,0.1667,0.8,1.0,0.8889,1.0,0.0,5.0,0.2,1.0,0.1667,0.8,1.0,0.8889,1.0,0.0,14.0,0.9975105075031312,0.9814814814814816,0.913793103448276,0.9464285714285714,earthquake,8.0,1.0,0.5,0.6666666667000001,0.0,0.0,0.0,0.0
earthquake,5,4,new,1933,0.0278064501471817,0,4.0,0.0,1.0,0.0,1.0,1.0,1.0,0.0,0.0,4.0,0.0,1.0,0.0,1.0,1.0,1.0,0.0,0.0,5.0,1.0,,0.0,,earthquake,8.0,1.0,0.5,0.6666666667000001,0.0,0.0,0.0,0.0
earthquake,5,4,new,6071,0.0268130833283066,0,4.0,0.0,1.0,0.0,1.0,1.0,1.0,0.0,0.0,4.0,0.0,1.0,0.0,1.0,1.0,1.0,0.0,0.0,5.0,1.0,,0.0,,earthquake,8.0,1.0,0.5,0.6666666667000001,0.0,0.0,0.0,0.0
earthquake,5,4,new,5504,0.0265851970762014,0,4.0,0.0,1.0,0.0,1.0,1.0,1.0,0.0,0.0,4.0,0.0,1.0,0.0,1.0,1.0,1.0,0.0,0.0,5.0,1.0,,0.0,,earthquake,8.0,1.0,0.5,0.6666666667000001,0.0,0.0,0.0,0.0
earthquake,5,4,new,5163,0.0261300676502287,0,4.0,0.0,1.0,0.0,1.0,1.0,1.0,0.0,0.0,4.0,0.0,1.0,0.0,1.0,1.0,1.0,0.0,0.0,5.0,1.0,,0.0,,earthquake,8.0,1.0,0.5,0.6666666667000001,0.0,0.0,0.0,0.0
earthquake,5,4,new,2406,0.0274992571212351,0,4.0,0.0,1.0,0.0,1.0,1.0,1.0,0.0,0.0,4.0,0.0,1.0,0.0,1.0,1.0,1.0,0.0,0.0,5.0,1.0,,0.0,,earthquake,8.0,1.0,0.5,0.6666666667000001,0.0,0.0,0.0,0.0
earthquake,5,4,new,304,0.0249750651419162,0,4.0,0.0,1.0,0.0,1.0,1.0,1.0,0.0,0.0,4.0,0.0,1.0,0.0,1.0,1.0,1.0,0.0,0.0,5.0,1.0,,0.0,,earthquake,8.0,1.0,0.5,0.6666666667000001,0.0,0.0,0.0,0.0
earthquake,5,4,new,3391,0.02607759879902,0,4.0,0.0,1.0,0.0,1.0,1.0,1.0,0.0,0.0,4.0,0.0,1.0,0.0,1.0,1.0,1.0,0.0,0.0,5.0,1.0,,0.0,,earthquake,8.0,1.0,0.5,0.6666666667000001,0.0,0.0,0.0,0.0
earthquake,5,4,new,359,0.0252503021620214,0,4.0,0.0,1.0,0.0,1.0,1.0,1.0,0.0,0.0,4.0,0.0,1.0,0.0,1.0,1.0,1.0,0.0,0.0,5.0,1.0,,0.0,,earthquake,8.0,1.0,0.5,0.6666666667000001,0.0,0.0,0.0,0.0
earthquake,5,4,new,9096,0.0265775290317833,0,4.0,0.0,1.0,0.0,1.0,1.0,1.0,0.0,0.0,4.0,0.0,1.0,0.0,1.0,1.0,1.0,0.0,0.0,5.0,1.0,,0.0,,earthquake,8.0,1.0,0.5,0.6666666667000001,0.0,0.0,0.0,0.0
earthquake,5,4,new,3533,0.0251817270182073,0,4.0,0.0,1.0,0.0,1.0,1.0,1.0,0.0,0.0,4.0,0.0,1.0,0.0,1.0,1.0,1.0,0.0,0.0,5.0,1.0,,0.0,,earthquake,8.0,1.0,0.5,0.6666666667000001,0.0,0.0,0.0,0.0
earthquake,5,4,new,4125,0.0256220297887921,0,4.0,0.0,1.0,0.0,1.0,1.0,1.0,0.0,0.0,4.0,0.0,1.0,0.0,1.0,1.0,1.0,0.0,0.0,5.0,1.0,,0.0,,earthquake,8.0,1.0,0.5,0.6666666667000001,0.0,0.0,0.0,0.0
earthquake,5,4,new,3094,0.025876360014081,0,4.0,0.0,1.0,0.0,1.0,1.0,1.0,0.0,0.0,4.0,0.0,1.0,0.0,1.0,1.0,1.0,0.0,0.0,5.0,1.0,,0.0,,earthquake,8.0,1.0,0.5,0.6666666667000001,0.0,0.0,0.0,0.0
earthquake,5,4,new,6398,0.025163235142827,0,4.0,0.0,1.0,0.0,1.0,1.0,1.0,0.0,0.0,4.0,0.0,1.0,0.0,1.0,1.0,1.0,0.0,0.0,5.0,1.0,,0.0,,earthquake,8.0,1.0,0.5,0.6666666667000001,0.0,0.0,0.0,0.0
