dataset,num_nodes,num_edges,impl,seed,time,remove_n,dag_nnz,dag_fdr,dag_tpr,dag_fpr,dag_precision,dag_recall,dag_F1,dag_shd,dag_sid,cpdag_nnz,cpdag_fdr,cpdag_tpr,cpdag_fpr,cpdag_precision,cpdag_recall,cpdag_F1,cpdag_shd,cpdag_sid_low,cpdag_sid_high,AP,CIT_Precision,CIT_Recall,CIT_F1,prior_filename,prior_forbidden_length,prior_forbidden_Precision,prior_forbidden_Recall,prior_forbidden_F1,prior_required_length,prior_required_Precision,prior_required_Recall,prior_required_F1
asia,8,8,org,7816,0.8021233193576336,135,5.0,0.2,0.5,0.05,0.8,0.5,0.6154,4.0,21.0,5.0,0.0,0.625,0.0,0.6,0.375,0.4615,4.0,14.0,24.0,0.9715343178921664,1.0,0.0387596899224806,0.0746268656716417,asia,,,,,,,,
asia,8,8,org,3578,0.7705512647517025,129,5.0,0.2,0.5,0.05,0.8,0.5,0.6154,4.0,21.0,5.0,0.0,0.625,0.0,0.6,0.375,0.4615,4.0,14.0,24.0,0.9751088465006924,1.0,0.040983606557377,0.0787401574803149,asia,,,,,,,,
asia,8,8,org,2656,0.922714902088046,153,5.0,0.4,0.375,0.1,0.6,0.375,0.4615,5.0,27.0,5.0,0.4,0.375,0.1,0.6,0.375,0.4615,6.0,27.0,30.0,0.9778476574151512,1.0,0.0283687943262411,0.0551724137931034,asia,,,,,,,,
asia,8,8,org,2688,0.8551829080097377,129,5.0,0.2,0.5,0.05,0.8,0.5,0.6154,4.0,21.0,5.0,0.0,0.625,0.0,0.6,0.375,0.4615,4.0,14.0,24.0,0.974327183384578,1.0,0.0413223140495867,0.0793650793650793,asia,,,,,,,,
asia,8,8,org,2494,0.8271180340088904,135,5.0,0.4,0.375,0.1,0.6,0.375,0.4615,5.0,29.0,5.0,0.0,0.625,0.0,0.2,0.125,0.1538,6.0,22.0,37.0,0.9725753142927356,1.0,0.0390625,0.075187969924812,asia,,,,,,,,
asia,8,8,org,183,0.8429771699011326,145,5.0,0.2,0.5,0.05,0.8,0.5,0.6154,4.0,21.0,5.0,0.0,0.625,0.0,0.6,0.375,0.4615,4.0,14.0,24.0,0.9738907369153766,1.0,0.036231884057971,0.0699300699300699,asia,,,,,,,,
asia,8,8,org,7977,0.938265650998801,146,6.0,0.333325,0.5,0.1,0.666675,0.5,0.571425,4.0,24.0,6.0,0.0,0.75,0.0,0.6667,0.5,0.5714,3.0,13.0,28.0,0.974617931803113,1.0,0.0352112676056338,0.0680272108843537,asia,,,,,,,,
asia,8,8,org,3199,0.8925753361545503,153,6.0,0.08335,0.6875,0.025,0.91665,0.6875,0.7857000000000001,2.5,15.5,6.0,0.0,0.75,0.0,0.6667,0.5,0.5714,3.0,13.0,28.0,0.9787014775164188,1.0,0.0472972972972973,0.0903225806451612,asia,,,,,,,,
asia,8,8,org,316,0.7528355508111417,118,5.0,0.2,0.5,0.05,0.8,0.5,0.615375,4.0,20.0,5.0,0.0,0.625,0.0,0.6,0.375,0.4615,4.0,14.0,24.0,0.9679662933107962,1.0,0.0545454545454545,0.1034482758620689,asia,,,,,,,,
asia,8,8,org,8266,0.8164133629761636,135,5.0,0.2,0.5,0.05,0.8,0.5,0.6154,4.0,21.0,5.0,0.0,0.625,0.0,0.6,0.375,0.4615,4.0,14.0,24.0,0.9739595239131816,1.0,0.0390625,0.075187969924812,asia,,,,,,,,
asia,8,8,org,1532,0.8158594388514757,129,4.0,0.0,0.5,0.0,1.0,0.5,0.6667,4.0,17.0,4.0,0.0,0.5,0.0,0.75,0.375,0.5,5.0,17.0,27.0,0.974349323952413,1.0,0.040983606557377,0.0787401574803149,asia,,,,,,,,
asia,8,8,org,1009,0.8893230152316391,140,5.0,0.2,0.5,0.05,0.8,0.5,0.6154,4.0,23.0,5.0,0.0,0.625,0.0,0.8,0.5,0.6154,4.0,16.0,31.0,0.9751396451517708,1.0,0.037593984962406,0.072463768115942,asia,,,,,,,,
asia,8,8,org,2250,0.8538121958263218,140,6.0,0.4166499999999999,0.4375,0.125,0.58335,0.4375,0.5,4.5,29.5,6.0,0.1667,0.625,0.05,0.3333,0.25,0.2857,6.0,21.0,36.0,0.9735676345236852,1.0,0.0364963503649635,0.0704225352112676,asia,,,,,,,,
asia,8,8,org,4447,0.8562361137010157,140,6.0,0.5,0.375,0.15,0.5,0.375,0.4286,5.0,33.0,6.0,0.0,0.75,0.0,0.3333,0.25,0.2857,5.0,26.0,41.0,0.9759763014410408,1.0,0.037037037037037,0.0714285714285714,asia,,,,,,,,
asia,8,8,org,2415,0.9634432699531316,158,6.0,0.1667,0.625,0.05,0.8333,0.625,0.7143,3.0,18.0,6.0,0.0,0.75,0.0,0.6667,0.5,0.5714,3.0,13.0,28.0,0.9768136524384636,1.0,0.0273972602739726,0.0533333333333333,asia,,,,,,,,
asia,8,8,org,3595,0.8706884500570595,135,4.0,0.0,0.5,0.0,1.0,0.5,0.6667,4.0,17.0,4.0,0.0,0.5,0.0,0.75,0.375,0.5,5.0,17.0,27.0,0.9745745447959278,1.0,0.0393700787401574,0.0757575757575757,asia,,,,,,,,
asia,8,8,org,4187,0.7977066850289702,130,5.0,0.4000000000000001,0.375,0.1,0.6000000000000001,0.375,0.4615333333333333,5.0,27.666666666666668,5.0,0.0,0.625,0.0,0.2,0.125,0.1538,6.0,22.0,37.0,0.9735665921668942,1.0,0.0403225806451612,0.0775193798449612,asia,,,,,,,,
asia,8,8,org,4135,0.8638335051946342,135,5.0,0.5,0.3125,0.125,0.5,0.3125,0.3846,5.5,28.5,5.0,0.4,0.375,0.1,0.6,0.375,0.4615,6.0,27.0,30.0,0.9744891687266788,1.0,0.0387596899224806,0.0746268656716417,asia,,,,,,,,
asia,8,8,org,5174,0.7400928451679647,129,5.0,0.0,0.625,0.0,1.0,0.625,0.7692,3.0,14.0,5.0,0.0,0.625,0.0,0.6,0.375,0.4615,4.0,14.0,24.0,0.9736964758511624,1.0,0.040983606557377,0.0787401574803149,asia,,,,,,,,
asia,8,8,org,5303,0.8046312890946865,141,5.0,0.2,0.5,0.05,0.8,0.5,0.6154,4.0,21.0,5.0,0.0,0.625,0.0,0.6,0.375,0.4615,4.0,14.0,24.0,0.9740850861235408,1.0,0.0373134328358208,0.0719424460431654,asia,,,,,,,,
asia,8,8,org,3942,0.9899614681489766,149,6.0,0.1667,0.625,0.05,0.8333,0.625,0.7143,3.0,20.0,6.0,0.0,0.75,0.0,0.6667,0.5,0.5714,3.0,13.0,28.0,0.9751427889189664,1.0,0.0344827586206896,0.0666666666666666,asia,,,,,,,,
asia,8,8,org,2778,0.8460933058522642,135,5.0,0.0,0.625,0.0,1.0,0.625,0.7692,3.0,14.0,5.0,0.0,0.625,0.0,0.6,0.375,0.4615,4.0,14.0,24.0,0.9728482970272934,1.0,0.0384615384615384,0.074074074074074,asia,,,,,,,,
asia,8,8,org,2804,0.8696453049778938,140,6.0,0.5,0.375,0.15,0.5,0.375,0.4286,5.0,36.0,6.0,0.1667,0.625,0.05,0.3333,0.25,0.2857,6.0,21.0,36.0,0.9734015327344092,1.0,0.037593984962406,0.072463768115942,asia,,,,,,,,
asia,8,8,org,2145,0.8615825599990785,135,5.0,0.4,0.375,0.1,0.6,0.375,0.4615,5.0,31.0,5.0,0.2,0.5,0.05,0.4,0.25,0.3077,7.0,23.0,41.0,0.9757245770763252,0.8,0.0307692307692307,0.0592592592592592,asia,,,,,,,,
asia,8,8,org,150,1.0152495023794472,152,6.0,0.1667,0.625,0.05,0.8333,0.625,0.7143,3.0,18.0,6.0,0.0,0.75,0.0,0.6667,0.5,0.5714,3.0,13.0,28.0,0.976279226360634,1.0,0.0347222222222222,0.0671140939597315,asia,,,,,,,,
asia,8,8,org,8823,0.8270207461901009,135,5.0,0.2,0.5,0.05,0.8,0.5,0.6154,4.0,21.0,5.0,0.0,0.625,0.0,0.6,0.375,0.4615,4.0,14.0,24.0,0.971355702909668,1.0,0.0390625,0.075187969924812,asia,,,,,,,,
asia,8,8,org,4669,0.8092651460319757,135,5.0,0.4,0.375,0.1,0.6,0.375,0.4615,5.0,29.0,5.0,0.0,0.625,0.0,0.2,0.125,0.1538,6.0,22.0,37.0,0.9703885351474562,1.0,0.0384615384615384,0.074074074074074,asia,,,,,,,,
asia,8,8,org,6131,0.8203600272536278,135,4.0,0.6875,0.15625,0.1375,0.3125,0.15625,0.2778,6.75,34.5,4.0,0.0,0.5,0.0,0.25,0.125,0.1667,7.0,25.0,43.0,0.9722699022590856,1.0,0.0387596899224806,0.0746268656716417,asia,,,,,,,,
asia,8,8,org,2617,0.7023285678587854,119,4.0,0.125,0.4375,0.025,0.875,0.4375,0.58335,4.5,20.5,4.0,0.0,0.5,0.0,0.75,0.375,0.5,5.0,17.0,27.0,0.9692237226640446,1.0,0.0454545454545454,0.0869565217391304,asia,,,,,,,,
asia,8,8,org,7166,0.800055752042681,129,5.0,0.2,0.5,0.05,0.8,0.5,0.6154,4.0,21.0,5.0,0.0,0.625,0.0,0.6,0.375,0.4615,4.0,14.0,24.0,0.9735191182263072,1.0,0.040983606557377,0.0787401574803149,asia,,,,,,,,
asia,8,8,org,1428,0.8397299172356725,141,5.0,0.2,0.5,0.05,0.8,0.5,0.6154,4.0,21.0,5.0,0.0,0.625,0.0,0.6,0.375,0.4615,4.0,14.0,24.0,0.975745647696686,1.0,0.037593984962406,0.072463768115942,asia,,,,,,,,
asia,8,8,org,8328,0.7957408921793103,128,5.0,0.2,0.5,0.05,0.7999999999999999,0.5,0.6153666666666666,4.0,19.666666666666668,5.0,0.0,0.625,0.0,0.6,0.375,0.4615,4.0,14.0,24.0,0.9739785627911536,1.0,0.0491803278688524,0.09375,asia,,,,,,,,
asia,8,8,org,8289,0.782819977030158,135,5.0,0.2,0.5,0.05,0.8,0.5,0.6154,4.0,21.0,5.0,0.0,0.625,0.0,0.6,0.375,0.4615,4.0,14.0,24.0,0.972608046128788,1.0,0.0387596899224806,0.0746268656716417,asia,,,,,,,,
asia,8,8,org,5978,0.9951432012021542,134,5.0,0.2,0.5,0.05,0.8,0.5,0.6154,4.0,21.0,5.0,0.0,0.625,0.0,0.6,0.375,0.4615,4.0,14.0,24.0,0.9698645958611736,1.0,0.04,0.0769230769230769,asia,,,,,,,,
asia,8,8,org,5511,0.8388181100599468,147,5.0,0.4,0.375,0.1,0.6,0.375,0.4615,5.0,29.0,5.0,0.0,0.625,0.0,0.2,0.125,0.1538,6.0,22.0,37.0,0.9744885048822706,1.0,0.0354609929078014,0.0684931506849315,asia,,,,,,,,
asia,8,8,org,5864,1.0731121548451483,165,5.0,0.4,0.375,0.1,0.6,0.375,0.4615,6.0,25.0,5.0,0.4,0.375,0.1,0.4,0.25,0.3077,6.0,25.0,28.0,0.9776642941630974,1.0,0.0457516339869281,0.0875,asia,,,,,,,,
asia,8,8,org,606,0.828703910112381,135,4.0,0.0,0.5,0.0,1.0,0.5,0.6667,4.0,17.0,4.0,0.0,0.5,0.0,0.75,0.375,0.5,5.0,17.0,27.0,0.9729583078915658,1.0,0.0393700787401574,0.0757575757575757,asia,,,,,,,,
asia,8,8,org,1933,0.7883049519732594,127,6.0,0.3333199999999999,0.5,0.1,0.66668,0.5,0.57142,4.0,23.8,6.0,0.0,0.75,0.0,0.6667,0.5,0.5714,3.0,13.0,28.0,0.972916398768384,1.0,0.05,0.0952380952380952,asia,,,,,,,,
asia,8,8,org,6071,0.8962274771183729,144,5.0,0.2,0.5,0.05,0.8,0.5,0.6154,4.0,21.0,5.0,0.0,0.625,0.0,0.6,0.375,0.4615,4.0,14.0,24.0,0.97645378426717,1.0,0.0378787878787878,0.072992700729927,asia,,,,,,,,
asia,8,8,org,5504,0.9158834861591458,158,5.0,0.2,0.5,0.05,0.8,0.5,0.6154,4.0,22.0,5.0,0.0,0.625,0.0,0.2,0.125,0.1538,6.0,22.0,37.0,0.976257796956143,1.0,0.0328947368421052,0.0636942675159235,asia,,,,,,,,
asia,8,8,org,5163,0.8724744520150125,138,5.0,0.7,0.1875,0.175,0.3,0.1875,0.2307499999999999,6.5,39.5,5.0,0.2,0.5,0.05,0.4,0.25,0.3077,7.0,23.0,41.0,0.9747294873695715,1.0,0.0465116279069767,0.0888888888888888,asia,,,,,,,,
asia,8,8,org,2406,0.8485281150788069,141,5.0,0.4,0.375,0.1,0.6,0.375,0.4615,5.0,27.0,5.0,0.4,0.375,0.1,0.6,0.375,0.4615,6.0,27.0,30.0,0.9766019414751492,1.0,0.0378787878787878,0.072992700729927,asia,,,,,,,,
asia,8,8,org,304,0.945935417432338,146,6.0,0.1667,0.625,0.05,0.8333,0.625,0.7143,3.0,18.0,6.0,0.0,0.75,0.0,0.6667,0.5,0.5714,3.0,13.0,28.0,0.9745483669811308,1.0,0.0357142857142857,0.0689655172413793,asia,,,,,,,,
asia,8,8,org,3391,1.0191934327594936,171,5.0,0.2,0.5,0.05,0.8,0.5,0.6154,4.0,21.0,5.0,0.0,0.625,0.0,0.6,0.375,0.4615,4.0,14.0,24.0,0.974329791559835,1.0,0.0316455696202531,0.0613496932515337,asia,,,,,,,,
asia,8,8,org,359,0.7909555090591311,133,6.0,0.5,0.375,0.15,0.5,0.375,0.4286,5.0,34.0,6.0,0.1667,0.625,0.05,0.5,0.375,0.4286,6.0,22.0,45.0,0.9731891242177104,1.0,0.0396825396825396,0.0763358778625954,asia,,,,,,,,
asia,8,8,org,9096,0.8393621202558279,134,5.0,0.2,0.5,0.05,0.8,0.5,0.6154,4.0,21.0,5.0,0.0,0.625,0.0,0.6,0.375,0.4615,4.0,14.0,24.0,0.9745030363063,1.0,0.0476190476190476,0.0909090909090909,asia,,,,,,,,
asia,8,8,org,3533,0.7585024600848556,119,5.0,0.5,0.3125,0.125,0.5,0.3125,0.3846,5.5,31.5,5.0,0.2,0.5,0.05,0.4,0.25,0.3077,7.0,23.0,41.0,0.9723647754068142,1.0,0.045045045045045,0.0862068965517241,asia,,,,,,,,
asia,8,8,org,4125,0.9022021740674973,148,5.0,0.2,0.5,0.05,0.8,0.5,0.6154,4.0,21.0,5.0,0.0,0.625,0.0,0.6,0.375,0.4615,4.0,14.0,24.0,0.9760801912760644,1.0,0.0492957746478873,0.0939597315436241,asia,,,,,,,,
asia,8,8,org,3094,0.7531144446693361,122,5.0,0.7600000000000001,0.15,0.19,0.24,0.15,0.2307499999999999,6.8,38.4,5.0,0.4,0.375,0.1,0.2,0.125,0.1538,8.0,35.0,46.0,0.970237909878326,1.0,0.043859649122807,0.0840336134453781,asia,,,,,,,,
asia,8,8,org,6398,0.981454646680504,150,5.0,0.8,0.125,0.2,0.2,0.125,0.1538,8.0,38.0,5.0,0.4,0.375,0.1,0.0,0.0,,7.0,24.0,39.0,0.9674197749484528,1.0,0.0428571428571428,0.0821917808219178,asia,,,,,,,,
asia,8,8,new,7816,0.8165249270386994,135,5.0,0.0,0.625,0.0,1.0,0.625,0.7692,3.0,14.0,5.0,0.0,0.625,0.0,0.6,0.375,0.4615,4.0,14.0,24.0,0.9715343178921664,1.0,0.0387596899224806,0.0746268656716417,asia,20.0,1.0,0.4166666667,0.5882352941,9.0,0.4444444444,0.5,0.4705882353
asia,8,8,new,3578,0.7704174262471497,129,5.0,0.0,0.625,0.0,1.0,0.625,0.7692,3.0,14.0,5.0,0.0,0.625,0.0,0.6,0.375,0.4615,4.0,14.0,24.0,0.9751088465006924,1.0,0.040983606557377,0.0787401574803149,asia,20.0,1.0,0.4166666667,0.5882352941,9.0,0.4444444444,0.5,0.4705882353
asia,8,8,new,2656,0.8868753528222442,153,5.0,0.2,0.5,0.05,0.8,0.5,0.6154,4.0,23.0,5.0,0.2,0.5,0.05,0.4,0.25,0.3077,7.0,23.0,41.0,0.9778476574151512,1.0,0.0283687943262411,0.0551724137931034,asia,20.0,1.0,0.4166666667,0.5882352941,9.0,0.4444444444,0.5,0.4705882353
asia,8,8,new,2688,0.8320405250415206,129,5.0,0.0,0.625,0.0,1.0,0.625,0.7692,3.0,14.0,5.0,0.0,0.625,0.0,0.6,0.375,0.4615,4.0,14.0,24.0,0.974327183384578,1.0,0.0413223140495867,0.0793650793650793,asia,20.0,1.0,0.4166666667,0.5882352941,9.0,0.4444444444,0.5,0.4705882353
asia,8,8,new,2494,0.8227184503339231,135,5.0,0.0,0.625,0.0,1.0,0.625,0.7692,3.0,14.0,5.0,0.0,0.625,0.0,0.6,0.375,0.4615,4.0,14.0,24.0,0.9725753142927356,1.0,0.0390625,0.075187969924812,asia,20.0,1.0,0.4166666667,0.5882352941,9.0,0.4444444444,0.5,0.4705882353
asia,8,8,new,183,0.8869464509189129,145,5.0,0.0,0.625,0.0,1.0,0.625,0.7692,3.0,14.0,5.0,0.0,0.625,0.0,0.6,0.375,0.4615,4.0,14.0,24.0,0.9738907369153766,1.0,0.036231884057971,0.0699300699300699,asia,20.0,1.0,0.4166666667,0.5882352941,9.0,0.4444444444,0.5,0.4705882353
asia,8,8,new,7977,0.8080763639882207,146,6.0,0.0,0.75,0.0,1.0,0.75,0.8571,2.0,13.0,6.0,0.0,0.75,0.0,0.6667,0.5,0.5714,3.0,13.0,28.0,0.974617931803113,1.0,0.0352112676056338,0.0680272108843537,asia,20.0,1.0,0.4166666667,0.5882352941,9.0,0.4444444444,0.5,0.4705882353
asia,8,8,new,3199,0.90073085995391,153,6.0,0.0,0.75,0.0,1.0,0.75,0.8571,2.0,13.0,6.0,0.0,0.75,0.0,0.6667,0.5,0.5714,3.0,13.0,28.0,0.9787014775164188,1.0,0.0472972972972973,0.0903225806451612,asia,20.0,1.0,0.4166666667,0.5882352941,9.0,0.4444444444,0.5,0.4705882353
asia,8,8,new,316,0.7230049939826131,118,5.0,0.0,0.625,0.0,1.0,0.625,0.7692,3.0,14.0,5.0,0.0,0.625,0.0,0.6,0.375,0.4615,4.0,14.0,24.0,0.9679662933107962,1.0,0.0545454545454545,0.1034482758620689,asia,20.0,1.0,0.4166666667,0.5882352941,9.0,0.4444444444,0.5,0.4705882353
asia,8,8,new,8266,0.7738661929033697,135,5.0,0.0,0.625,0.0,1.0,0.625,0.7692,3.0,14.0,5.0,0.0,0.625,0.0,0.6,0.375,0.4615,4.0,14.0,24.0,0.9739595239131816,1.0,0.0390625,0.075187969924812,asia,20.0,1.0,0.4166666667,0.5882352941,9.0,0.4444444444,0.5,0.4705882353
asia,8,8,new,1532,0.7658780543133616,129,5.0,0.2,0.5,0.05,0.8,0.5,0.6154,4.0,23.0,5.0,0.2,0.5,0.05,0.4,0.25,0.3077,7.0,23.0,41.0,0.974349323952413,1.0,0.040983606557377,0.0787401574803149,asia,20.0,1.0,0.4166666667,0.5882352941,9.0,0.4444444444,0.5,0.4705882353
asia,8,8,new,1009,0.879725381731987,140,6.0,0.1667,0.625,0.05,0.8333,0.625,0.7143,3.0,22.0,6.0,0.1667,0.625,0.05,0.5,0.375,0.4286,6.0,22.0,45.0,0.9751396451517708,1.0,0.037593984962406,0.072463768115942,asia,20.0,1.0,0.4166666667,0.5882352941,9.0,0.4444444444,0.5,0.4705882353
asia,8,8,new,2250,0.8205039198510349,140,6.0,0.0,0.75,0.0,1.0,0.75,0.8571,2.0,13.0,6.0,0.0,0.75,0.0,0.6667,0.5,0.5714,3.0,13.0,28.0,0.9735676345236852,1.0,0.0364963503649635,0.0704225352112676,asia,20.0,1.0,0.4166666667,0.5882352941,9.0,0.4444444444,0.5,0.4705882353
asia,8,8,new,4447,0.84595792228356,140,6.0,0.0,0.75,0.0,1.0,0.75,0.8571,2.0,13.0,6.0,0.0,0.75,0.0,0.6667,0.5,0.5714,3.0,13.0,28.0,0.9759763014410408,1.0,0.037037037037037,0.0714285714285714,asia,20.0,1.0,0.4166666667,0.5882352941,9.0,0.4444444444,0.5,0.4705882353
asia,8,8,new,2415,1.0025494559668005,158,6.0,0.0,0.75,0.0,1.0,0.75,0.8571,2.0,13.0,6.0,0.0,0.75,0.0,0.6667,0.5,0.5714,3.0,13.0,28.0,0.9768136524384636,1.0,0.0273972602739726,0.0533333333333333,asia,20.0,1.0,0.4166666667,0.5882352941,9.0,0.4444444444,0.5,0.4705882353
asia,8,8,new,3595,0.8833956862799823,135,5.0,0.0,0.625,0.0,1.0,0.625,0.7692,3.0,14.0,5.0,0.0,0.625,0.0,0.6,0.375,0.4615,4.0,14.0,24.0,0.9745745447959278,1.0,0.0393700787401574,0.0757575757575757,asia,20.0,1.0,0.4166666667,0.5882352941,9.0,0.4444444444,0.5,0.4705882353
asia,8,8,new,4187,0.8154368102550507,130,5.0,0.2,0.5,0.05,0.8,0.5,0.6154,4.0,23.0,5.0,0.2,0.5,0.05,0.4,0.25,0.3077,7.0,23.0,41.0,0.9735665921668942,1.0,0.0403225806451612,0.0775193798449612,asia,20.0,1.0,0.4166666667,0.5882352941,9.0,0.4444444444,0.5,0.4705882353
asia,8,8,new,4135,0.8341438709758222,135,5.0,0.0,0.625,0.0,1.0,0.625,0.7692,3.0,14.0,5.0,0.0,0.625,0.0,0.6,0.375,0.4615,4.0,14.0,24.0,0.9744891687266788,1.0,0.0387596899224806,0.0746268656716417,asia,20.0,1.0,0.4166666667,0.5882352941,9.0,0.4444444444,0.5,0.4705882353
asia,8,8,new,5174,0.7521229479461908,129,5.0,0.0,0.625,0.0,1.0,0.625,0.7692,3.0,14.0,5.0,0.0,0.625,0.0,0.6,0.375,0.4615,4.0,14.0,24.0,0.9736964758511624,1.0,0.040983606557377,0.0787401574803149,asia,20.0,1.0,0.4166666667,0.5882352941,9.0,0.4444444444,0.5,0.4705882353
asia,8,8,new,5303,0.9030872019939123,141,5.0,0.0,0.625,0.0,1.0,0.625,0.7692,3.0,14.0,5.0,0.0,0.625,0.0,0.6,0.375,0.4615,4.0,14.0,24.0,0.9740850861235408,1.0,0.0373134328358208,0.0719424460431654,asia,20.0,1.0,0.4166666667,0.5882352941,9.0,0.4444444444,0.5,0.4705882353
asia,8,8,new,3942,0.8956356239505112,149,6.0,0.0,0.75,0.0,1.0,0.75,0.8571,2.0,13.0,6.0,0.0,0.75,0.0,0.6667,0.5,0.5714,3.0,13.0,28.0,0.9751427889189664,1.0,0.0344827586206896,0.0666666666666666,asia,20.0,1.0,0.4166666667,0.5882352941,9.0,0.4444444444,0.5,0.4705882353
asia,8,8,new,2778,0.8125131358392537,135,5.0,0.0,0.625,0.0,1.0,0.625,0.7692,3.0,14.0,5.0,0.0,0.625,0.0,0.6,0.375,0.4615,4.0,14.0,24.0,0.9728482970272934,1.0,0.0384615384615384,0.074074074074074,asia,20.0,1.0,0.4166666667,0.5882352941,9.0,0.4444444444,0.5,0.4705882353
asia,8,8,new,2804,0.8273461130447686,140,5.0,0.0,0.625,0.0,1.0,0.625,0.7692,3.0,14.0,5.0,0.0,0.625,0.0,0.6,0.375,0.4615,4.0,14.0,24.0,0.9734015327344092,1.0,0.037593984962406,0.072463768115942,asia,20.0,1.0,0.4166666667,0.5882352941,9.0,0.4444444444,0.5,0.4705882353
asia,8,8,new,2145,0.8089126260019839,135,5.0,0.2,0.5,0.05,0.8,0.5,0.6154,4.0,23.0,5.0,0.2,0.5,0.05,0.4,0.25,0.3077,7.0,23.0,41.0,0.9757245770763252,0.8,0.0307692307692307,0.0592592592592592,asia,20.0,1.0,0.4166666667,0.5882352941,9.0,0.4444444444,0.5,0.4705882353
asia,8,8,new,150,0.8809524676762521,152,6.0,0.0,0.75,0.0,1.0,0.75,0.8571,2.0,13.0,6.0,0.0,0.75,0.0,0.6667,0.5,0.5714,3.0,13.0,28.0,0.976279226360634,1.0,0.0347222222222222,0.0671140939597315,asia,20.0,1.0,0.4166666667,0.5882352941,9.0,0.4444444444,0.5,0.4705882353
asia,8,8,new,8823,0.7788951378315687,135,5.0,0.0,0.625,0.0,1.0,0.625,0.7692,3.0,14.0,5.0,0.0,0.625,0.0,0.6,0.375,0.4615,4.0,14.0,24.0,0.971355702909668,1.0,0.0390625,0.075187969924812,asia,20.0,1.0,0.4166666667,0.5882352941,9.0,0.4444444444,0.5,0.4705882353
asia,8,8,new,4669,0.8347414610907435,135,5.0,0.0,0.625,0.0,1.0,0.625,0.7692,3.0,14.0,5.0,0.0,0.625,0.0,0.6,0.375,0.4615,4.0,14.0,24.0,0.9703885351474562,1.0,0.0384615384615384,0.074074074074074,asia,20.0,1.0,0.4166666667,0.5882352941,9.0,0.4444444444,0.5,0.4705882353
asia,8,8,new,6131,0.7973882248625159,135,5.0,0.0,0.625,0.0,1.0,0.625,0.7692,3.0,14.0,5.0,0.0,0.625,0.0,0.6,0.375,0.4615,4.0,14.0,24.0,0.9722699022590856,1.0,0.0387596899224806,0.0746268656716417,asia,20.0,1.0,0.4166666667,0.5882352941,9.0,0.4444444444,0.5,0.4705882353
asia,8,8,new,2617,0.7005501268431544,119,5.0,0.2,0.5,0.05,0.8,0.5,0.6154,4.0,23.0,5.0,0.2,0.5,0.05,0.4,0.25,0.3077,7.0,23.0,41.0,0.9692237226640446,1.0,0.0454545454545454,0.0869565217391304,asia,20.0,1.0,0.4166666667,0.5882352941,9.0,0.4444444444,0.5,0.4705882353
asia,8,8,new,7166,0.7503293761983514,129,5.0,0.0,0.625,0.0,1.0,0.625,0.7692,3.0,14.0,5.0,0.0,0.625,0.0,0.6,0.375,0.4615,4.0,14.0,24.0,0.9735191182263072,1.0,0.040983606557377,0.0787401574803149,asia,20.0,1.0,0.4166666667,0.5882352941,9.0,0.4444444444,0.5,0.4705882353
asia,8,8,new,1428,0.8692268091253936,141,5.0,0.0,0.625,0.0,1.0,0.625,0.7692,3.0,14.0,5.0,0.0,0.625,0.0,0.6,0.375,0.4615,4.0,14.0,24.0,0.975745647696686,1.0,0.037593984962406,0.072463768115942,asia,20.0,1.0,0.4166666667,0.5882352941,9.0,0.4444444444,0.5,0.4705882353
asia,8,8,new,8328,0.7438758653588593,128,5.0,0.0,0.625,0.0,1.0,0.625,0.7692,3.0,14.0,5.0,0.0,0.625,0.0,0.6,0.375,0.4615,4.0,14.0,24.0,0.9739785627911536,1.0,0.0491803278688524,0.09375,asia,20.0,1.0,0.4166666667,0.5882352941,9.0,0.4444444444,0.5,0.4705882353
asia,8,8,new,8289,0.7947894777171314,135,5.0,0.0,0.625,0.0,1.0,0.625,0.7692,3.0,14.0,5.0,0.0,0.625,0.0,0.6,0.375,0.4615,4.0,14.0,24.0,0.972608046128788,1.0,0.0387596899224806,0.0746268656716417,asia,20.0,1.0,0.4166666667,0.5882352941,9.0,0.4444444444,0.5,0.4705882353
asia,8,8,new,5978,0.8623839998617768,134,5.0,0.0,0.625,0.0,1.0,0.625,0.7692,3.0,14.0,5.0,0.0,0.625,0.0,0.6,0.375,0.4615,4.0,14.0,24.0,0.9698645958611736,1.0,0.04,0.0769230769230769,asia,20.0,1.0,0.4166666667,0.5882352941,9.0,0.4444444444,0.5,0.4705882353
asia,8,8,new,5511,0.8850115756504238,147,5.0,0.0,0.625,0.0,1.0,0.625,0.7692,3.0,14.0,5.0,0.0,0.625,0.0,0.6,0.375,0.4615,4.0,14.0,24.0,0.9744885048822706,1.0,0.0354609929078014,0.0684931506849315,asia,20.0,1.0,0.4166666667,0.5882352941,9.0,0.4444444444,0.5,0.4705882353
asia,8,8,new,5864,1.0315834330394864,165,6.0,0.1667,0.625,0.05,0.8333,0.625,0.7143,4.0,13.0,6.0,0.1667,0.625,0.05,0.5,0.375,0.4286,5.0,13.0,29.0,0.9776642941630974,1.0,0.0457516339869281,0.0875,asia,20.0,1.0,0.4166666667,0.5882352941,9.0,0.4444444444,0.5,0.4705882353
asia,8,8,new,606,0.804844481870532,135,5.0,0.2,0.5,0.05,0.8,0.5,0.6154,4.0,23.0,5.0,0.2,0.5,0.05,0.4,0.25,0.3077,7.0,23.0,41.0,0.9729583078915658,1.0,0.0393700787401574,0.0757575757575757,asia,20.0,1.0,0.4166666667,0.5882352941,9.0,0.4444444444,0.5,0.4705882353
asia,8,8,new,1933,0.7010288941673934,127,6.0,0.0,0.75,0.0,1.0,0.75,0.8571,2.0,13.0,6.0,0.0,0.75,0.0,0.6667,0.5,0.5714,3.0,13.0,28.0,0.972916398768384,1.0,0.05,0.0952380952380952,asia,20.0,1.0,0.4166666667,0.5882352941,9.0,0.4444444444,0.5,0.4705882353
asia,8,8,new,6071,0.8403659500181675,144,5.0,0.0,0.625,0.0,1.0,0.625,0.7692,3.0,14.0,5.0,0.0,0.625,0.0,0.6,0.375,0.4615,4.0,14.0,24.0,0.97645378426717,1.0,0.0378787878787878,0.072992700729927,asia,20.0,1.0,0.4166666667,0.5882352941,9.0,0.4444444444,0.5,0.4705882353
asia,8,8,new,5504,0.9217318338342012,158,5.0,0.0,0.625,0.0,1.0,0.625,0.7692,3.0,14.0,5.0,0.0,0.625,0.0,0.6,0.375,0.4615,4.0,14.0,24.0,0.976257796956143,1.0,0.0328947368421052,0.0636942675159235,asia,20.0,1.0,0.4166666667,0.5882352941,9.0,0.4444444444,0.5,0.4705882353
asia,8,8,new,5163,0.7919573499821126,138,5.0,0.2,0.5,0.05,0.8,0.5,0.6154,4.0,23.0,5.0,0.2,0.5,0.05,0.4,0.25,0.3077,7.0,23.0,41.0,0.9747294873695715,1.0,0.0465116279069767,0.0888888888888888,asia,20.0,1.0,0.4166666667,0.5882352941,9.0,0.4444444444,0.5,0.4705882353
asia,8,8,new,2406,0.8200310776010156,141,5.0,0.0,0.625,0.0,1.0,0.625,0.7692,3.0,14.0,5.0,0.0,0.625,0.0,0.6,0.375,0.4615,4.0,14.0,24.0,0.9766019414751492,1.0,0.0378787878787878,0.072992700729927,asia,20.0,1.0,0.4166666667,0.5882352941,9.0,0.4444444444,0.5,0.4705882353
asia,8,8,new,304,0.8724085623398423,146,6.0,0.0,0.75,0.0,1.0,0.75,0.8571,2.0,13.0,6.0,0.0,0.75,0.0,0.6667,0.5,0.5714,3.0,13.0,28.0,0.9745483669811308,1.0,0.0357142857142857,0.0689655172413793,asia,20.0,1.0,0.4166666667,0.5882352941,9.0,0.4444444444,0.5,0.4705882353
asia,8,8,new,3391,1.0383303402923048,171,5.0,0.0,0.625,0.0,1.0,0.625,0.7692,3.0,14.0,5.0,0.0,0.625,0.0,0.6,0.375,0.4615,4.0,14.0,24.0,0.974329791559835,1.0,0.0316455696202531,0.0613496932515337,asia,20.0,1.0,0.4166666667,0.5882352941,9.0,0.4444444444,0.5,0.4705882353
asia,8,8,new,359,0.7998131937347353,133,6.0,0.1667,0.625,0.05,0.8333,0.625,0.7143,3.0,22.0,6.0,0.1667,0.625,0.05,0.5,0.375,0.4286,6.0,22.0,45.0,0.9731891242177104,1.0,0.0396825396825396,0.0763358778625954,asia,20.0,1.0,0.4166666667,0.5882352941,9.0,0.4444444444,0.5,0.4705882353
asia,8,8,new,9096,0.8530682469718158,134,5.0,0.0,0.625,0.0,1.0,0.625,0.7692,3.0,14.0,5.0,0.0,0.625,0.0,0.6,0.375,0.4615,4.0,14.0,24.0,0.9745030363063,1.0,0.0476190476190476,0.0909090909090909,asia,20.0,1.0,0.4166666667,0.5882352941,9.0,0.4444444444,0.5,0.4705882353
asia,8,8,new,3533,0.7233150629326701,119,5.0,0.2,0.5,0.05,0.8,0.5,0.6154,4.0,23.0,5.0,0.2,0.5,0.05,0.4,0.25,0.3077,7.0,23.0,41.0,0.9723647754068142,1.0,0.045045045045045,0.0862068965517241,asia,20.0,1.0,0.4166666667,0.5882352941,9.0,0.4444444444,0.5,0.4705882353
asia,8,8,new,4125,0.9002819387242198,148,5.0,0.0,0.625,0.0,1.0,0.625,0.7692,3.0,14.0,5.0,0.0,0.625,0.0,0.6,0.375,0.4615,4.0,14.0,24.0,0.9760801912760644,1.0,0.0492957746478873,0.0939597315436241,asia,20.0,1.0,0.4166666667,0.5882352941,9.0,0.4444444444,0.5,0.4705882353
asia,8,8,new,3094,0.7312453067861497,122,5.0,0.2,0.5,0.05,0.8,0.5,0.6154,4.0,23.0,5.0,0.2,0.5,0.05,0.4,0.25,0.3077,7.0,23.0,41.0,0.970237909878326,1.0,0.043859649122807,0.0840336134453781,asia,20.0,1.0,0.4166666667,0.5882352941,9.0,0.4444444444,0.5,0.4705882353
asia,8,8,new,6398,1.1129900119267404,150,6.0,0.3333,0.5,0.1,0.6667,0.5,0.5714,5.0,21.0,6.0,0.3333,0.5,0.1,0.3333,0.25,0.2857,7.0,21.0,36.0,0.9674197749484528,1.0,0.0428571428571428,0.0821917808219178,asia,20.0,1.0,0.4166666667,0.5882352941,9.0,0.4444444444,0.5,0.4705882353
cancer,5,4,org,7816,0.1005136831663549,9,4.0,0.25,0.75,0.1667,0.75,0.75,0.75,1.0,5.0,4.0,0.25,0.75,0.1667,0.75,0.75,0.75,1.0,5.0,10.0,0.9907555974569624,0.9714285714285714,0.85,0.9066666666666668,cancer,,,,,,,,
cancer,5,4,org,3578,0.1463335892185568,19,3.0,0.3333,0.5,0.1667,0.6667,0.5,0.5714,2.0,6.0,3.0,0.3333,0.5,0.1667,0.6667,0.5,0.5714,2.0,6.0,11.0,0.9888242283079238,1.0,0.4166666666666667,0.5882352941176471,cancer,,,,,,,,
cancer,5,4,org,2656,0.1104422146454453,8,4.0,0.25,0.75,0.1667,0.75,0.75,0.75,1.0,5.0,4.0,0.25,0.75,0.1667,0.75,0.75,0.75,1.0,5.0,10.0,0.9913485461749112,0.9722222222222222,0.875,0.9210526315789472,cancer,,,,,,,,
cancer,5,4,org,2688,0.1284122536890208,8,4.0,0.0,1.0,0.0,1.0,1.0,1.0,0.0,0.0,4.0,0.0,1.0,0.0,1.0,1.0,1.0,0.0,0.0,5.0,0.9962825622838803,1.0,0.9230769230769232,0.96,cancer,,,,,,,,
cancer,5,4,org,2494,0.1067478782497346,8,4.0,0.25,0.75,0.1667,0.75,0.75,0.75,1.0,5.0,4.0,0.25,0.75,0.1667,0.75,0.75,0.75,1.0,5.0,10.0,0.985659458261566,0.9444444444444444,0.8717948717948718,0.9066666666666668,cancer,,,,,,,,
cancer,5,4,org,183,0.0904721738770604,13,2.0,0.5,0.25,0.1666666666666666,0.5,0.25,0.5,3.0,10.0,2.0,0.0,0.5,0.0,0.5,0.25,0.3333,3.0,5.0,15.0,0.9491262879420774,1.0,0.5333333333333333,0.6956521739130436,cancer,,,,,,,,
cancer,5,4,org,7977,0.1088347076438367,10,4.0,0.5,0.5,0.3333,0.5,0.5,0.5,2.0,10.0,4.0,0.25,0.75,0.1667,0.5,0.5,0.5,2.0,5.0,15.0,0.9885041081570164,0.9705882352941176,0.8461538461538461,0.9041095890410958,cancer,,,,,,,,
cancer,5,4,org,3199,0.104076029267162,14,3.0,1.0,0.0,0.5,0.0,0.0,,4.0,16.0,3.0,0.6667,0.25,0.3333,0.0,0.0,,4.0,11.0,16.0,0.9865036478672842,1.0,0.6363636363636364,0.7777777777777778,cancer,,,,,,,,
cancer,5,4,org,316,0.1422111000865697,21,2.0,0.5,0.25,0.1667,0.5,0.25,0.3333,3.0,10.0,2.0,0.5,0.25,0.1667,0.5,0.25,0.3333,3.0,10.0,10.0,0.997252747252747,1.0,0.5384615384615384,0.7000000000000001,cancer,,,,,,,,
cancer,5,4,org,8266,0.0640629781410098,6,3.0,0.3333,0.5,0.1667,0.6667,0.5,0.5714,2.0,6.0,3.0,0.3333,0.5,0.1667,0.6667,0.5,0.5714,2.0,6.0,11.0,0.9820586622807016,0.9375,0.9375,0.9375,cancer,,,,,,,,
cancer,5,4,org,1532,0.0959671949967742,6,4.0,0.5,0.5,0.3333,0.5,0.5,0.5,2.0,10.0,4.0,0.5,0.5,0.3333,0.5,0.5,0.5,2.0,10.0,10.0,0.97976501464218,0.8947368421052632,0.8717948717948718,0.8831168831168831,cancer,,,,,,,,
cancer,5,4,org,1009,0.0763510097749531,8,3.0,0.3333,0.5,0.1667,0.6667,0.5,0.5714,2.0,6.0,3.0,0.3333,0.5,0.1667,0.6667,0.5,0.5714,2.0,6.0,11.0,0.967438126566416,0.9285714285714286,0.8125,0.8666666666666666,cancer,,,,,,,,
cancer,5,4,org,2250,0.124696200247854,12,4.0,0.0,1.0,0.0,1.0,1.0,1.0,0.0,0.0,4.0,0.0,1.0,0.0,1.0,1.0,1.0,0.0,0.0,5.0,0.990094828350346,1.0,0.8,0.888888888888889,cancer,,,,,,,,
cancer,5,4,org,4447,0.1102761188521981,9,4.0,0.5,0.5,0.3333,0.5,0.5,0.5,2.0,10.0,4.0,0.5,0.5,0.3333,0.5,0.5,0.5,2.0,10.0,10.0,0.9833518354039694,0.9428571428571428,0.868421052631579,0.904109589041096,cancer,,,,,,,,
cancer,5,4,org,2415,0.1463908799923956,12,3.0,0.4,0.45,0.1999999999999999,0.6,0.45,0.51426,2.2,7.0,3.0,0.06666,0.7,0.0333399999999999,0.6667,0.5,0.5714,2.0,2.0,11.0,0.981602034329307,1.0,0.7272727272727273,0.8421052631578948,cancer,,,,,,,,
cancer,5,4,org,3595,0.0933910207822918,8,4.0,0.25,0.75,0.1667,0.75,0.75,0.75,1.0,5.0,4.0,0.25,0.75,0.1667,0.75,0.75,0.75,1.0,5.0,10.0,0.9861197423683332,0.9444444444444444,0.8717948717948718,0.9066666666666668,cancer,,,,,,,,
cancer,5,4,org,4187,0.055836381856352,4,3.0,0.3333,0.5,0.1667,0.6667,0.5,0.5714,2.0,6.0,3.0,0.3333,0.5,0.1667,0.6667,0.5,0.5714,2.0,6.0,11.0,0.9777661064425772,0.8333333333333334,0.9375,0.8823529411764706,cancer,,,,,,,,
cancer,5,4,org,4135,0.128545091021806,16,3.0,0.3333,0.5,0.1667,0.6667,0.5,0.5714,2.0,9.0,3.0,0.3333,0.5,0.1667,0.6667,0.5,0.5714,2.0,9.0,9.0,0.986394291587603,1.0,0.7,0.8235294117647058,cancer,,,,,,,,
cancer,5,4,org,5174,0.1224693940021097,16,3.0,0.5,0.375,0.25,0.5,0.375,0.42855,2.5,11.5,3.0,0.3333,0.5,0.1667,0.5,0.375,0.42855,2.5,9.0,11.5,0.9640196167973452,0.9523809523809524,0.6896551724137931,0.7999999999999999,cancer,,,,,,,,
cancer,5,4,org,5303,0.0958144967444241,9,4.0,0.25,0.75,0.1667,0.75,0.75,0.75,1.0,5.0,4.0,0.25,0.75,0.1667,0.75,0.75,0.75,1.0,5.0,10.0,0.990857782162744,0.9428571428571428,0.8461538461538461,0.8918918918918919,cancer,,,,,,,,
cancer,5,4,org,3942,0.205219654366374,9,4.0,0.25,0.75,0.1667,0.75,0.75,0.75,1.0,5.0,4.0,0.25,0.75,0.1667,0.75,0.75,0.75,1.0,5.0,10.0,0.9855375245298126,0.9714285714285714,0.8947368421052632,0.9315068493150684,cancer,,,,,,,,
cancer,5,4,org,2778,0.0940914773382246,8,4.0,0.5,0.5,0.3333,0.5,0.5,0.5,2.0,10.0,4.0,0.5,0.5,0.3333,0.5,0.5,0.5,2.0,10.0,10.0,0.985138019651588,0.9166666666666666,0.8918918918918919,0.9041095890410958,cancer,,,,,,,,
cancer,5,4,org,2804,0.0564539139159023,4,3.0,0.4166749999999999,0.4375,0.2083249999999999,0.583325,0.4375,0.499975,2.25,7.25,3.0,0.0,0.75,0.0,0.6667,0.5,0.5714,2.0,1.0,11.0,0.977890114379085,0.8888888888888888,1.0,0.9411764705882352,cancer,,,,,,,,
cancer,5,4,org,2145,0.0699117579497397,8,3.0,1.0,0.0,0.5,0.0,0.0,,4.0,16.0,3.0,0.6667,0.25,0.3333,0.0,0.0,,4.0,11.0,16.0,0.9623507297655904,0.9285714285714286,0.7647058823529411,0.8387096774193549,cancer,,,,,,,,
cancer,5,4,org,150,0.1978404340334236,15,5.0,1.0,0.0,0.8333,0.0,0.0,,5.0,19.0,5.0,0.6,0.5,0.5,0.0,0.0,,5.0,10.0,19.0,0.9836200834097312,0.945945945945946,0.8333333333333334,0.8860759493670887,cancer,,,,,,,,
cancer,5,4,org,8823,0.0729246670380234,5,3.0,0.4166749999999999,0.4375,0.2083249999999999,0.583325,0.4375,0.499975,2.25,7.25,3.0,0.0,0.75,0.0,0.6667,0.5,0.5714,2.0,1.0,11.0,0.9656941597489198,0.8823529411764706,0.9375,0.9090909090909092,cancer,,,,,,,,
cancer,5,4,org,4669,0.117944766767323,11,4.0,0.5,0.5,0.3333,0.5,0.5,0.5,2.0,10.0,4.0,0.5,0.5,0.3333,0.5,0.5,0.5,2.0,10.0,10.0,0.9891760732455492,0.9696969696969696,0.8421052631578947,0.9014084507042254,cancer,,,,,,,,
cancer,5,4,org,6131,0.0447817370295524,2,3.0,0.4166749999999999,0.4375,0.2083249999999999,0.583325,0.4375,0.499975,2.25,7.25,3.0,0.0,0.75,0.0,0.6667,0.5,0.5714,2.0,1.0,11.0,0.9809640522875818,0.85,1.0,0.9189189189189187,cancer,,,,,,,,
cancer,5,4,org,2617,0.1285978821106255,17,3.0,1.0,0.0,0.5,0.0,0.0,,4.0,16.0,3.0,0.6667,0.25,0.3333,0.0,0.0,,4.0,11.0,16.0,0.9949535679374388,1.0,0.6451612903225806,0.7843137254901961,cancer,,,,,,,,
cancer,5,4,org,7166,0.1356449159793555,18,3.0,0.3333,0.5,0.1667,0.6667,0.5,0.5714,2.0,6.0,3.0,0.3333,0.5,0.1667,0.6667,0.5,0.5714,2.0,6.0,11.0,0.9867321197579986,1.0,0.6363636363636364,0.7777777777777778,cancer,,,,,,,,
cancer,5,4,org,1428,0.0703253410756588,5,3.0,0.4166749999999999,0.4375,0.2083249999999999,0.583325,0.4375,0.499975,2.25,7.25,3.0,0.0,0.75,0.0,0.6667,0.5,0.5714,2.0,1.0,11.0,0.9786119711042311,0.8823529411764706,0.9375,0.9090909090909092,cancer,,,,,,,,
cancer,5,4,org,8328,0.0940661118365824,9,4.0,0.5,0.5,0.3333,0.5,0.5,0.5,2.0,10.0,4.0,0.5,0.5,0.3333,0.5,0.5,0.5,2.0,10.0,10.0,0.9879382783228936,0.9428571428571428,0.8461538461538461,0.8918918918918919,cancer,,,,,,,,
cancer,5,4,org,8289,0.1125433016568422,11,4.0,0.5,0.5,0.3333,0.5,0.5,0.5,2.0,10.0,4.0,0.5,0.5,0.3333,0.5,0.5,0.5,2.0,10.0,10.0,0.9779410819514932,0.9393939393939394,0.8157894736842105,0.8732394366197183,cancer,,,,,,,,
cancer,5,4,org,5978,0.0671424507163465,7,3.0,0.4166749999999999,0.4375,0.2083249999999999,0.583325,0.4375,0.499975,2.25,7.25,3.0,0.0,0.75,0.0,0.6667,0.5,0.5714,2.0,1.0,11.0,0.9801470588235296,0.9333333333333332,0.875,0.9032258064516128,cancer,,,,,,,,
cancer,5,4,org,5511,0.1005159853957593,8,4.0,0.0,1.0,0.0,1.0,1.0,1.0,0.0,0.0,4.0,0.0,1.0,0.0,1.0,1.0,1.0,0.0,0.0,5.0,0.9973346828609986,1.0,0.9473684210526316,0.972972972972973,cancer,,,,,,,,
cancer,5,4,org,5864,0.0617050779983401,6,3.0,0.4166749999999999,0.4375,0.2083249999999999,0.583325,0.4375,0.499975,2.25,7.25,3.0,0.0,0.75,0.0,0.6667,0.5,0.5714,2.0,1.0,11.0,0.98359375,0.9375,0.9375,0.9375,cancer,,,,,,,,
cancer,5,4,org,606,0.066653505899012,6,3.0,0.3333,0.5,0.1667,0.6667,0.5,0.5714,2.0,6.0,3.0,0.3333,0.5,0.1667,0.6667,0.5,0.5714,2.0,6.0,11.0,0.9866713713349118,0.9375,0.8823529411764706,0.9090909090909092,cancer,,,,,,,,
cancer,5,4,org,1933,0.059461168013513,5,3.0,1.0,0.0,0.5,0.0,0.0,,4.0,16.0,3.0,0.6667,0.25,0.3333,0.0,0.0,,4.0,11.0,16.0,0.9710839598997494,0.8235294117647058,0.875,0.8484848484848485,cancer,,,,,,,,
cancer,5,4,org,6071,0.0864202068187296,9,4.0,0.25,0.75,0.1667,0.75,0.75,0.75,1.0,5.0,4.0,0.25,0.75,0.1667,0.75,0.75,0.75,1.0,5.0,10.0,0.9920247172389156,0.9714285714285714,0.8717948717948718,0.9189189189189187,cancer,,,,,,,,
cancer,5,4,org,5504,0.1020380230620503,13,3.0,0.3333,0.5,0.1667,0.6667,0.5,0.5714,2.0,6.0,3.0,0.3333,0.5,0.1667,0.6667,0.5,0.5714,2.0,6.0,11.0,0.9772140526186708,1.0,0.6818181818181818,0.8108108108108109,cancer,,,,,,,,
cancer,5,4,org,5163,0.1102182529866695,14,3.0,0.4166749999999999,0.4375,0.2083249999999999,0.583325,0.4375,0.499975,2.25,7.25,3.0,0.0,0.75,0.0,0.6667,0.5,0.5714,2.0,1.0,11.0,0.9730545369955276,0.9565217391304348,0.7096774193548387,0.8148148148148149,cancer,,,,,,,,
cancer,5,4,org,2406,0.1572793028317392,11,4.0,0.0,1.0,0.0,1.0,1.0,1.0,0.0,0.0,4.0,0.0,1.0,0.0,1.0,1.0,1.0,0.0,0.0,5.0,0.9905833155833156,1.0,0.8461538461538461,0.9166666666666666,cancer,,,,,,,,
cancer,5,4,org,304,0.0738901649601757,7,3.0,1.0,0.0,0.5,0.0,0.0,,4.0,16.0,3.0,0.6667,0.25,0.3333,0.0,0.0,,4.0,11.0,16.0,0.9485823934837092,0.8666666666666667,0.8125,0.8387096774193549,cancer,,,,,,,,
cancer,5,4,org,3391,0.084296649787575,11,3.0,0.53334,0.35,0.26666,0.4666599999999999,0.35,0.499975,2.6,9.0,3.0,0.13334,0.65,0.06666,0.53336,0.4,0.5714,2.4,3.0,12.0,0.9740519062258192,1.0,0.7727272727272727,0.8717948717948718,cancer,,,,,,,,
cancer,5,4,org,359,0.0693466491065919,7,3.0,0.6667,0.25,0.3333,0.3333,0.25,0.2857,3.0,11.0,3.0,0.6667,0.25,0.3333,0.3333,0.25,0.2857,3.0,11.0,11.0,0.9492129911174996,0.8,0.75,0.7741935483870969,cancer,,,,,,,,
cancer,5,4,org,9096,0.0777866779826581,7,4.0,0.0,1.0,0.0,1.0,1.0,1.0,0.0,0.0,4.0,0.0,1.0,0.0,1.0,1.0,1.0,0.0,0.0,5.0,0.996957326116539,1.0,0.9487179487179488,0.9736842105263158,cancer,,,,,,,,
cancer,5,4,org,3533,0.137173464987427,21,2.0,0.5,0.25,0.1666666666666666,0.5,0.25,0.5,3.0,10.0,2.0,0.0,0.5,0.0,0.5,0.25,0.3333,3.0,5.0,15.0,0.970711951105497,1.0,0.5185185185185185,0.6829268292682926,cancer,,,,,,,,
cancer,5,4,org,4125,0.157527454663068,15,3.0,0.4166749999999999,0.4375,0.2083249999999999,0.583325,0.4375,0.499975,2.25,7.25,3.0,0.0,0.75,0.0,0.6667,0.5,0.5714,2.0,1.0,11.0,0.9822248499021952,1.0,0.5909090909090909,0.7428571428571429,cancer,,,,,,,,
cancer,5,4,org,3094,0.1292854007333517,15,3.0,0.3333,0.5,0.1667,0.6667,0.5,0.5714,2.0,6.0,3.0,0.3333,0.5,0.1667,0.6667,0.5,0.5714,2.0,6.0,11.0,0.9919330917267692,1.0,0.7096774193548387,0.8301886792452831,cancer,,,,,,,,
cancer,5,4,org,6398,0.1007013008929789,14,3.0,1.0,0.0,0.5,0.0,0.0,,4.0,16.0,3.0,0.6667,0.25,0.3333,0.0,0.0,,4.0,11.0,16.0,0.9775326847065976,1.0,0.6363636363636364,0.7777777777777778,cancer,,,,,,,,
cancer,5,4,new,7816,0.1020595883019268,10,4.0,0.0,1.0,0.0,1.0,1.0,1.0,0.0,0.0,4.0,0.0,1.0,0.0,1.0,1.0,1.0,0.0,0.0,5.0,0.9907555974569624,1.0,0.85,0.9189189189189187,cancer,6.0,1.0,0.375,0.5454545455,7.0,0.5714285714,1.0,0.7272727273
cancer,5,4,new,3578,0.1175310658290982,19,3.0,0.0,0.75,0.0,1.0,0.75,0.8571,1.0,1.0,3.0,0.0,0.75,0.0,0.6667,0.5,0.5714,2.0,1.0,11.0,0.9888242283079238,1.0,0.4166666666666667,0.5882352941176471,cancer,6.0,1.0,0.375,0.5454545455,7.0,0.5714285714,1.0,0.7272727273
cancer,5,4,new,2656,0.0970714818686246,10,4.0,0.0,1.0,0.0,1.0,1.0,1.0,0.0,0.0,4.0,0.0,1.0,0.0,1.0,1.0,1.0,0.0,0.0,5.0,0.9913485461749112,1.0,0.85,0.9189189189189187,cancer,6.0,1.0,0.375,0.5454545455,7.0,0.5714285714,1.0,0.7272727273
cancer,5,4,new,2688,0.0911634769290685,8,4.0,0.0,1.0,0.0,1.0,1.0,1.0,0.0,0.0,4.0,0.0,1.0,0.0,1.0,1.0,1.0,0.0,0.0,5.0,0.9962825622838803,1.0,0.9230769230769232,0.96,cancer,6.0,1.0,0.375,0.5454545455,7.0,0.5714285714,1.0,0.7272727273
cancer,5,4,new,2494,0.131640238687396,14,4.0,0.0,1.0,0.0,1.0,1.0,1.0,0.0,0.0,4.0,0.0,1.0,0.0,1.0,1.0,1.0,0.0,0.0,5.0,0.985659458261566,1.0,0.7692307692307693,0.8695652173913044,cancer,6.0,1.0,0.375,0.5454545455,7.0,0.5714285714,1.0,0.7272727273
cancer,5,4,new,183,0.0848704637028276,13,2.0,0.0,0.5,0.0,1.0,0.5,0.6667,2.0,5.0,2.0,0.0,0.5,0.0,0.5,0.25,0.3333,3.0,5.0,15.0,0.9491262879420774,1.0,0.5333333333333333,0.6956521739130436,cancer,6.0,1.0,0.375,0.5454545455,7.0,0.5714285714,1.0,0.7272727273
cancer,5,4,new,7977,0.1146379145793616,11,4.0,0.0,1.0,0.0,1.0,1.0,1.0,0.0,0.0,4.0,0.0,1.0,0.0,1.0,1.0,1.0,0.0,0.0,5.0,0.9885041081570164,1.0,0.8461538461538461,0.9166666666666666,cancer,6.0,1.0,0.375,0.5454545455,7.0,0.5714285714,1.0,0.7272727273
cancer,5,4,new,3199,0.1023699580691754,14,3.0,0.0,0.75,0.0,1.0,0.75,0.8571,1.0,1.0,3.0,0.0,0.75,0.0,0.6667,0.5,0.5714,2.0,1.0,11.0,0.9865036478672842,1.0,0.6363636363636364,0.7777777777777778,cancer,6.0,1.0,0.375,0.5454545455,7.0,0.5714285714,1.0,0.7272727273
cancer,5,4,new,316,0.131711586844176,21,2.0,0.0,0.5,0.0,1.0,0.5,0.6667,2.0,5.0,2.0,0.0,0.5,0.0,0.5,0.25,0.3333,3.0,5.0,15.0,0.997252747252747,1.0,0.5384615384615384,0.7000000000000001,cancer,6.0,1.0,0.375,0.5454545455,7.0,0.5714285714,1.0,0.7272727273
cancer,5,4,new,8266,0.0609244569204747,6,3.0,0.0,0.75,0.0,1.0,0.75,0.8571,1.0,1.0,3.0,0.0,0.75,0.0,0.6667,0.5,0.5714,2.0,1.0,11.0,0.9820586622807016,0.9375,0.9375,0.9375,cancer,6.0,1.0,0.375,0.5454545455,7.0,0.5714285714,1.0,0.7272727273
cancer,5,4,new,1532,0.1594114638864994,16,4.0,0.0,1.0,0.0,1.0,1.0,1.0,0.0,0.0,4.0,0.0,1.0,0.0,1.0,1.0,1.0,0.0,0.0,5.0,0.97976501464218,1.0,0.717948717948718,0.835820895522388,cancer,6.0,1.0,0.375,0.5454545455,7.0,0.5714285714,1.0,0.7272727273
cancer,5,4,new,1009,0.0815952201373875,10,3.0,0.0,0.75,0.0,1.0,0.75,0.8571,1.0,1.0,3.0,0.0,0.75,0.0,0.6667,0.5,0.5714,2.0,1.0,11.0,0.967438126566416,1.0,0.75,0.8571428571428571,cancer,6.0,1.0,0.375,0.5454545455,7.0,0.5714285714,1.0,0.7272727273
cancer,5,4,new,2250,0.1129230423830449,12,4.0,0.0,1.0,0.0,1.0,1.0,1.0,0.0,0.0,4.0,0.0,1.0,0.0,1.0,1.0,1.0,0.0,0.0,5.0,0.990094828350346,1.0,0.8,0.888888888888889,cancer,6.0,1.0,0.375,0.5454545455,7.0,0.5714285714,1.0,0.7272727273
cancer,5,4,new,4447,0.1720064068213105,16,4.0,0.0,1.0,0.0,1.0,1.0,1.0,0.0,0.0,4.0,0.0,1.0,0.0,1.0,1.0,1.0,0.0,0.0,5.0,0.9833518354039694,1.0,0.7368421052631579,0.8484848484848484,cancer,6.0,1.0,0.375,0.5454545455,7.0,0.5714285714,1.0,0.7272727273
cancer,5,4,new,2415,0.0954411928541958,12,3.0,0.0,0.75,0.0,1.0,0.75,0.8571,1.0,1.0,3.0,0.0,0.75,0.0,0.6667,0.5,0.5714,2.0,1.0,11.0,0.981602034329307,1.0,0.7272727272727273,0.8421052631578948,cancer,6.0,1.0,0.375,0.5454545455,7.0,0.5714285714,1.0,0.7272727273
cancer,5,4,new,3595,0.1145597086288034,12,4.0,0.0,1.0,0.0,1.0,1.0,1.0,0.0,0.0,4.0,0.0,1.0,0.0,1.0,1.0,1.0,0.0,0.0,5.0,0.9861197423683332,1.0,0.8205128205128205,0.9014084507042254,cancer,6.0,1.0,0.375,0.5454545455,7.0,0.5714285714,1.0,0.7272727273
cancer,5,4,new,4187,0.0740099386312067,8,3.0,0.0,0.75,0.0,1.0,0.75,0.8571,1.0,1.0,3.0,0.0,0.75,0.0,0.6667,0.5,0.5714,2.0,1.0,11.0,0.9777661064425772,1.0,0.875,0.9333333333333332,cancer,6.0,1.0,0.375,0.5454545455,7.0,0.5714285714,1.0,0.7272727273
cancer,5,4,new,4135,0.130364753305912,16,3.0,0.0,0.75,0.0,1.0,0.75,0.8571,1.0,4.0,3.0,0.0,0.75,0.0,1.0,0.75,0.8571,1.0,4.0,9.0,0.986394291587603,1.0,0.7,0.8235294117647058,cancer,6.0,1.0,0.375,0.5454545455,7.0,0.5714285714,1.0,0.7272727273
cancer,5,4,new,5174,0.1133593530394136,16,3.0,0.0,0.75,0.0,1.0,0.75,0.8571,1.0,4.0,3.0,0.0,0.75,0.0,1.0,0.75,0.8571,1.0,4.0,9.0,0.9640196167973452,0.9523809523809524,0.6896551724137931,0.7999999999999999,cancer,6.0,1.0,0.375,0.5454545455,7.0,0.5714285714,1.0,0.7272727273
cancer,5,4,new,5303,0.1236477359198033,11,4.0,0.0,1.0,0.0,1.0,1.0,1.0,0.0,0.0,4.0,0.0,1.0,0.0,1.0,1.0,1.0,0.0,0.0,5.0,0.990857782162744,1.0,0.8461538461538461,0.9166666666666666,cancer,6.0,1.0,0.375,0.5454545455,7.0,0.5714285714,1.0,0.7272727273
cancer,5,4,new,3942,0.1558040808886289,18,4.0,0.0,1.0,0.0,1.0,1.0,1.0,0.0,0.0,4.0,0.0,1.0,0.0,1.0,1.0,1.0,0.0,0.0,5.0,0.9855375245298126,1.0,0.6842105263157895,0.8125000000000001,cancer,6.0,1.0,0.375,0.5454545455,7.0,0.5714285714,1.0,0.7272727273
cancer,5,4,new,2778,0.1285452083684504,14,4.0,0.0,1.0,0.0,1.0,1.0,1.0,0.0,0.0,4.0,0.0,1.0,0.0,1.0,1.0,1.0,0.0,0.0,5.0,0.985138019651588,1.0,0.8108108108108109,0.8955223880597014,cancer,6.0,1.0,0.375,0.5454545455,7.0,0.5714285714,1.0,0.7272727273
cancer,5,4,new,2804,0.056312636937946,4,3.0,0.0,0.75,0.0,1.0,0.75,0.8571,1.0,1.0,3.0,0.0,0.75,0.0,0.6667,0.5,0.5714,2.0,1.0,11.0,0.977890114379085,0.8888888888888888,1.0,0.9411764705882352,cancer,6.0,1.0,0.375,0.5454545455,7.0,0.5714285714,1.0,0.7272727273
cancer,5,4,new,2145,0.0721519449725747,9,3.0,0.0,0.75,0.0,1.0,0.75,0.8571,1.0,1.0,3.0,0.0,0.75,0.0,0.6667,0.5,0.5714,2.0,1.0,11.0,0.9623507297655904,1.0,0.7647058823529411,0.8666666666666666,cancer,6.0,1.0,0.375,0.5454545455,7.0,0.5714285714,1.0,0.7272727273
cancer,5,4,new,150,0.1835732408799231,16,5.0,0.2,1.0,0.1667,0.8,1.0,0.8889,1.0,0.0,5.0,0.2,1.0,0.1667,0.4,0.5,0.4444,3.0,0.0,14.0,0.9836200834097312,0.9722222222222222,0.8333333333333334,0.8974358974358975,cancer,6.0,1.0,0.375,0.5454545455,7.0,0.5714285714,1.0,0.7272727273
cancer,5,4,new,8823,0.0604710797779262,5,3.0,0.0,0.75,0.0,1.0,0.75,0.8571,1.0,1.0,3.0,0.0,0.75,0.0,0.6667,0.5,0.5714,2.0,1.0,11.0,0.9656941597489198,0.8823529411764706,0.9375,0.9090909090909092,cancer,6.0,1.0,0.375,0.5454545455,7.0,0.5714285714,1.0,0.7272727273
cancer,5,4,new,4669,0.126493917312473,14,4.0,0.0,1.0,0.0,1.0,1.0,1.0,0.0,0.0,4.0,0.0,1.0,0.0,1.0,1.0,1.0,0.0,0.0,5.0,0.9891760732455492,1.0,0.7894736842105263,0.8823529411764706,cancer,6.0,1.0,0.375,0.5454545455,7.0,0.5714285714,1.0,0.7272727273
cancer,5,4,new,6131,0.0436243540607392,2,3.0,0.0,0.75,0.0,1.0,0.75,0.8571,1.0,1.0,3.0,0.0,0.75,0.0,0.6667,0.5,0.5714,2.0,1.0,11.0,0.9809640522875818,0.85,1.0,0.9189189189189187,cancer,6.0,1.0,0.375,0.5454545455,7.0,0.5714285714,1.0,0.7272727273
cancer,5,4,new,2617,0.1210014349780976,17,3.0,0.0,0.75,0.0,1.0,0.75,0.8571,1.0,1.0,3.0,0.0,0.75,0.0,0.6667,0.5,0.5714,2.0,1.0,11.0,0.9949535679374388,1.0,0.6451612903225806,0.7843137254901961,cancer,6.0,1.0,0.375,0.5454545455,7.0,0.5714285714,1.0,0.7272727273
cancer,5,4,new,7166,0.1355842379853129,18,3.0,0.0,0.75,0.0,1.0,0.75,0.8571,1.0,1.0,3.0,0.0,0.75,0.0,0.6667,0.5,0.5714,2.0,1.0,11.0,0.9867321197579986,1.0,0.6363636363636364,0.7777777777777778,cancer,6.0,1.0,0.375,0.5454545455,7.0,0.5714285714,1.0,0.7272727273
cancer,5,4,new,1428,0.0600296319462358,5,3.0,0.0,0.75,0.0,1.0,0.75,0.8571,1.0,1.0,3.0,0.0,0.75,0.0,0.6667,0.5,0.5714,2.0,1.0,11.0,0.9786119711042311,0.8823529411764706,0.9375,0.9090909090909092,cancer,6.0,1.0,0.375,0.5454545455,7.0,0.5714285714,1.0,0.7272727273
cancer,5,4,new,8328,0.1055611222982406,11,4.0,0.0,1.0,0.0,1.0,1.0,1.0,0.0,0.0,4.0,0.0,1.0,0.0,1.0,1.0,1.0,0.0,0.0,5.0,0.9879382783228936,1.0,0.8461538461538461,0.9166666666666666,cancer,6.0,1.0,0.375,0.5454545455,7.0,0.5714285714,1.0,0.7272727273
cancer,5,4,new,8289,0.1538116028532385,20,4.0,0.0,1.0,0.0,1.0,1.0,1.0,0.0,0.0,4.0,0.0,1.0,0.0,1.0,1.0,1.0,0.0,0.0,5.0,0.9779410819514932,1.0,0.631578947368421,0.7741935483870968,cancer,6.0,1.0,0.375,0.5454545455,7.0,0.5714285714,1.0,0.7272727273
cancer,5,4,new,5978,0.0605502258986234,7,3.0,0.0,0.75,0.0,1.0,0.75,0.8571,1.0,1.0,3.0,0.0,0.75,0.0,0.6667,0.5,0.5714,2.0,1.0,11.0,0.9801470588235296,0.9333333333333332,0.875,0.9032258064516128,cancer,6.0,1.0,0.375,0.5454545455,7.0,0.5714285714,1.0,0.7272727273
cancer,5,4,new,5511,0.1315329782664775,8,4.0,0.0,1.0,0.0,1.0,1.0,1.0,0.0,0.0,4.0,0.0,1.0,0.0,1.0,1.0,1.0,0.0,0.0,5.0,0.9973346828609986,1.0,0.9473684210526316,0.972972972972973,cancer,6.0,1.0,0.375,0.5454545455,7.0,0.5714285714,1.0,0.7272727273
cancer,5,4,new,5864,0.0670007797889411,6,3.0,0.0,0.75,0.0,1.0,0.75,0.8571,1.0,1.0,3.0,0.0,0.75,0.0,0.6667,0.5,0.5714,2.0,1.0,11.0,0.98359375,0.9375,0.9375,0.9375,cancer,6.0,1.0,0.375,0.5454545455,7.0,0.5714285714,1.0,0.7272727273
cancer,5,4,new,606,0.0765802105888724,8,3.0,0.0,0.75,0.0,1.0,0.75,0.8571,1.0,1.0,3.0,0.0,0.75,0.0,0.6667,0.5,0.5714,2.0,1.0,11.0,0.9866713713349118,1.0,0.8235294117647058,0.9032258064516128,cancer,6.0,1.0,0.375,0.5454545455,7.0,0.5714285714,1.0,0.7272727273
cancer,5,4,new,1933,0.0645965239964425,7,3.0,0.0,0.75,0.0,1.0,0.75,0.8571,1.0,1.0,3.0,0.0,0.75,0.0,0.6667,0.5,0.5714,2.0,1.0,11.0,0.9710839598997494,0.9333333333333332,0.875,0.9032258064516128,cancer,6.0,1.0,0.375,0.5454545455,7.0,0.5714285714,1.0,0.7272727273
cancer,5,4,new,6071,0.1245169229805469,10,4.0,0.0,1.0,0.0,1.0,1.0,1.0,0.0,0.0,4.0,0.0,1.0,0.0,1.0,1.0,1.0,0.0,0.0,5.0,0.9920247172389156,1.0,0.8717948717948718,0.9315068493150686,cancer,6.0,1.0,0.375,0.5454545455,7.0,0.5714285714,1.0,0.7272727273
cancer,5,4,new,5504,0.0933456690981984,13,3.0,0.0,0.75,0.0,1.0,0.75,0.8571,1.0,1.0,3.0,0.0,0.75,0.0,0.6667,0.5,0.5714,2.0,1.0,11.0,0.9772140526186708,1.0,0.6818181818181818,0.8108108108108109,cancer,6.0,1.0,0.375,0.5454545455,7.0,0.5714285714,1.0,0.7272727273
cancer,5,4,new,5163,0.1017458690330386,14,3.0,0.0,0.75,0.0,1.0,0.75,0.8571,1.0,1.0,3.0,0.0,0.75,0.0,0.6667,0.5,0.5714,2.0,1.0,11.0,0.9730545369955276,0.9565217391304348,0.7096774193548387,0.8148148148148149,cancer,6.0,1.0,0.375,0.5454545455,7.0,0.5714285714,1.0,0.7272727273
cancer,5,4,new,2406,0.1238248697482049,11,4.0,0.0,1.0,0.0,1.0,1.0,1.0,0.0,0.0,4.0,0.0,1.0,0.0,1.0,1.0,1.0,0.0,0.0,5.0,0.9905833155833156,1.0,0.8461538461538461,0.9166666666666666,cancer,6.0,1.0,0.375,0.5454545455,7.0,0.5714285714,1.0,0.7272727273
cancer,5,4,new,304,0.0823917239904403,10,3.0,0.0,0.75,0.0,1.0,0.75,0.8571,1.0,1.0,3.0,0.0,0.75,0.0,0.6667,0.5,0.5714,2.0,1.0,11.0,0.9485823934837092,1.0,0.75,0.8571428571428571,cancer,6.0,1.0,0.375,0.5454545455,7.0,0.5714285714,1.0,0.7272727273
cancer,5,4,new,3391,0.0851873909123241,11,3.0,0.0,0.75,0.0,1.0,0.75,0.8571,1.0,1.0,3.0,0.0,0.75,0.0,0.6667,0.5,0.5714,2.0,1.0,11.0,0.9740519062258192,1.0,0.7727272727272727,0.8717948717948718,cancer,6.0,1.0,0.375,0.5454545455,7.0,0.5714285714,1.0,0.7272727273
cancer,5,4,new,359,0.0650641159154474,9,3.0,0.0,0.75,0.0,1.0,0.75,0.8571,1.0,1.0,3.0,0.0,0.75,0.0,0.6667,0.5,0.5714,2.0,1.0,11.0,0.9492129911174996,0.9230769230769232,0.75,0.8275862068965517,cancer,6.0,1.0,0.375,0.5454545455,7.0,0.5714285714,1.0,0.7272727273
cancer,5,4,new,9096,0.0842418777756393,7,4.0,0.0,1.0,0.0,1.0,1.0,1.0,0.0,0.0,4.0,0.0,1.0,0.0,1.0,1.0,1.0,0.0,0.0,5.0,0.996957326116539,1.0,0.9487179487179488,0.9736842105263158,cancer,6.0,1.0,0.375,0.5454545455,7.0,0.5714285714,1.0,0.7272727273
cancer,5,4,new,3533,0.1295172800309956,21,2.0,0.0,0.5,0.0,1.0,0.5,0.6667,2.0,5.0,2.0,0.0,0.5,0.0,0.5,0.25,0.3333,3.0,5.0,15.0,0.970711951105497,1.0,0.5185185185185185,0.6829268292682926,cancer,6.0,1.0,0.375,0.5454545455,7.0,0.5714285714,1.0,0.7272727273
cancer,5,4,new,4125,0.1026077209971845,15,3.0,0.0,0.75,0.0,1.0,0.75,0.8571,1.0,1.0,3.0,0.0,0.75,0.0,0.6667,0.5,0.5714,2.0,1.0,11.0,0.9822248499021952,1.0,0.5909090909090909,0.7428571428571429,cancer,6.0,1.0,0.375,0.5454545455,7.0,0.5714285714,1.0,0.7272727273
cancer,5,4,new,3094,0.1039287461899221,15,3.0,0.0,0.75,0.0,1.0,0.75,0.8571,1.0,1.0,3.0,0.0,0.75,0.0,0.6667,0.5,0.5714,2.0,1.0,11.0,0.9919330917267692,1.0,0.7096774193548387,0.8301886792452831,cancer,6.0,1.0,0.375,0.5454545455,7.0,0.5714285714,1.0,0.7272727273
cancer,5,4,new,6398,0.0966145363636314,14,3.0,0.0,0.75,0.0,1.0,0.75,0.8571,1.0,1.0,3.0,0.0,0.75,0.0,0.6667,0.5,0.5714,2.0,1.0,11.0,0.9775326847065976,1.0,0.6363636363636364,0.7777777777777778,cancer,6.0,1.0,0.375,0.5454545455,7.0,0.5714285714,1.0,0.7272727273
child,20,25,org,7816,439.08964111981913,1926,25.0,0.06,0.94,0.0091,0.94,0.94,0.94,1.5,23.5,25.0,0.04,0.96,0.0061,0.8200000000000001,0.8200000000000001,0.8200000000000001,2.0,22.5,268.0,0.995071260983617,0.9997587454764776,0.7468012254460263,0.8549618320610687,child,,,,,,,,
child,20,25,org,3578,2015.426915360149,4961,22.0,0.1818,0.72,0.0242,0.8182,0.72,0.766,8.0,110.0,22.0,0.1818,0.72,0.0242,0.6364,0.56,0.5957,12.0,110.0,315.0,0.9951482494182358,1.0,0.0174596246180707,0.0343200343200343,child,,,,,,,,
child,20,25,org,2656,1139.1788037009535,4866,19.0,0.0526,0.72,0.0061,0.9474,0.72,0.8182,7.0,108.0,19.0,0.0,0.76,0.0,0.7895,0.6,0.6818,10.0,86.0,343.0,0.9960379984398826,1.0,0.0167179938407391,0.0328861964517524,child,,,,,,,,
child,20,25,org,2688,501.8358087409288,2004,25.0,0.14,0.86,0.0212,0.86,0.86,0.86,3.5,63.5,25.0,0.12,0.88,0.0182,0.76,0.76,0.76,6.0,63.0,189.0,0.99359629909302,0.9992834965369,0.7479442259563819,0.8555362437378593,child,,,,,,,,
child,20,25,org,2494,477.8639113078825,1964,25.0,0.1,0.9,0.01515,0.9,0.9,0.9,2.5,46.0,25.0,0.08,0.92,0.0121,0.76,0.76,0.76,5.0,44.0,271.0,0.9941505679201468,1.0,0.7282670186686782,0.842771412984179,child,,,,,,,,
child,20,25,org,183,941.6241973363794,4760,19.0,0.1316,0.66,0.01515,0.8684000000000001,0.66,0.75,8.5,122.0,19.0,0.1053,0.68,0.0121,0.6316,0.48,0.5455,12.0,112.0,342.0,0.9954972891582454,1.0,0.0314748201438848,0.06102877070619,child,,,,,,,,
child,20,25,org,7977,1095.9745283927768,4842,20.0,0.125,0.7,0.01515,0.875,0.7,0.7778,7.5,106.0,20.0,0.1,0.72,0.0121,0.7,0.56,0.6222,10.0,96.0,324.0,0.994566287830511,1.0,0.0166254774208043,0.0327071823204419,child,,,,,,,,
child,20,25,org,3199,484.7160863419994,1999,25.0,0.1,0.9,0.01515,0.9,0.9,0.9,2.5,41.5,25.0,0.08,0.92,0.0121,0.8,0.8,0.8,3.0,41.0,268.0,0.9928943937587084,1.0,0.7443581206067332,0.8534464475079534,child,,,,,,,,
child,20,25,org,316,508.5058815600351,2053,25.0,0.136,0.8640000000000001,0.0206,0.8640000000000001,0.8640000000000001,0.8640000000000001,3.4,65.4,25.0,0.0,1.0,0.0,0.8400000000000001,0.8400000000000001,0.8400000000000001,0.0,0.0,288.0,0.992945906681384,1.0,0.7248444932308818,0.8404751803139584,child,,,,,,,,
child,20,25,org,8266,488.0089811300859,2002,25.0,0.096,0.904,0.01454,0.904,0.904,0.904,2.4,45.4,25.0,0.04,0.96,0.0061,0.8,0.8,0.8,2.0,27.0,171.0,0.9946131053357176,1.0,0.7229906542056075,0.8392275981774788,child,,,,,,,,
child,20,25,org,1532,498.0430677328259,2067,25.0,0.14,0.86,0.0212,0.86,0.86,0.86,3.5,73.0,25.0,0.08,0.92,0.0121,0.76,0.76,0.76,2.0,43.0,288.0,0.9934203521572156,1.0,0.7080264400377715,0.8290579389650597,child,,,,,,,,
child,20,25,org,1009,522.579954681918,2182,25.0,0.088,0.912,0.01334,0.912,0.912,0.912,2.2,44.6,25.0,0.04,0.96,0.0061,0.8,0.8,0.8,2.0,27.0,171.0,0.9928818836587212,1.0,0.6863234729158663,0.8139879257318601,child,,,,,,,,
child,20,25,org,2250,1191.3373457551934,4989,20.0,0.1,0.72,0.0121,0.9,0.72,0.8,7.0,112.0,20.0,0.1,0.72,0.0121,0.75,0.6,0.6667,10.0,112.0,324.0,0.99561496645173,1.0,0.0171526586620926,0.0337268128161888,child,,,,,,,,
child,20,25,org,4447,480.66416832618415,1948,25.0,0.144,0.8560000000000001,0.0218,0.8560000000000001,0.8560000000000001,0.8560000000000001,3.6,61.0,25.0,0.08,0.9200000000000002,0.0121,0.76,0.76,0.76,4.0,29.0,298.0,0.9937986557876798,0.9997556804300024,0.7449481157837248,0.8537450448570831,child,,,,,,,,
child,20,25,org,2415,953.6182649708352,4547,20.0,0.15,0.68,0.0182,0.85,0.68,0.7556,8.0,130.0,20.0,0.1,0.72,0.0121,0.75,0.6,0.6667,12.0,112.0,343.0,0.996025543488408,1.0,0.0324842252862818,0.0629244001810774,child,,,,,,,,
child,20,25,org,3595,1380.2087315190583,4964,20.0,0.2,0.64,0.0242,0.8,0.64,0.7111,9.0,119.0,20.0,0.1,0.72,0.0121,0.75,0.6,0.6667,10.0,116.0,237.0,0.9959674192627744,1.0,0.0086206896551724,0.017094017094017,child,,,,,,,,
child,20,25,org,4187,2094.2067845901474,5034,20.0,0.35,0.52,0.04242,0.6499999999999999,0.52,0.57778,12.0,174.0,20.0,0.2,0.64,0.0242,0.65,0.52,0.5778,13.0,135.0,338.0,0.9960981501370516,1.0,0.009417808219178,0.0186598812553011,child,,,,,,,,
child,20,25,org,4135,462.3025356228464,1864,25.0,0.1,0.9,0.01515,0.9,0.9,0.9,2.5,41.5,25.0,0.08,0.92,0.0121,0.8,0.8,0.8,3.0,41.0,268.0,0.9946788510329988,1.0,0.7558371040723982,0.8609421709102154,child,,,,,,,,
child,20,25,org,5174,1046.348162160255,4581,22.0,0.1591,0.74,0.0212,0.8409,0.74,0.78725,6.5,106.0,22.0,0.1364,0.76,0.0182,0.6818,0.6,0.6383,9.0,96.0,339.0,0.9952617386657008,1.0,0.2070243902439024,0.34303265438086,child,,,,,,,,
child,20,25,org,5303,536.8741271020845,2199,25.0,0.168,0.8320000000000001,0.02544,0.8320000000000001,0.8320000000000001,0.8320000000000001,4.2,89.2,25.0,0.04,0.96,0.0061,0.76,0.76,0.76,3.0,25.0,298.0,0.9944201866274024,1.0,0.6838839204234349,0.8122696726642098,child,,,,,,,,
child,20,25,org,3942,2698.456117630005,5372,20.0,0.1,0.72,0.0121,0.9,0.72,0.8,7.0,116.0,20.0,0.1,0.72,0.0121,0.7,0.56,0.6222,10.0,116.0,324.0,0.9956382703493122,1.0,0.008514088789783,0.0168844221105527,child,,,,,,,,
child,20,25,org,2778,915.4891146980226,4656,19.0,0.1316,0.66,0.01515,0.8684000000000001,0.66,0.75,8.5,121.0,19.0,0.1053,0.68,0.0121,0.6316,0.48,0.5455,12.0,111.0,342.0,0.9954799931322726,1.0,0.0304498269896193,0.0591000671591672,child,,,,,,,,
child,20,25,org,2804,441.50084496010095,1814,25.0,0.104,0.8960000000000001,0.01576,0.8960000000000001,0.8960000000000001,0.8960000000000001,2.6,47.2,25.0,0.0,1.0,0.0,0.8400000000000001,0.8400000000000001,0.8400000000000001,0.0,0.0,288.0,0.9947917996920748,1.0,0.7670475488389237,0.86816854401335,child,,,,,,,,
child,20,25,org,2145,545.1368811847642,2241,25.0,0.18,0.8200000000000001,0.02725,0.8200000000000001,0.8200000000000001,0.8200000000000001,4.5,95.0,25.0,0.12,0.88,0.0182,0.72,0.72,0.72,5.0,65.0,291.0,0.9917280494493488,1.0,0.7009018958218296,0.8241532301698951,child,,,,,,,,
child,20,25,org,150,1980.4744854490275,4962,19.0,0.1053,0.68,0.0121,0.8947,0.68,0.7727,8.0,133.0,19.0,0.1053,0.68,0.0121,0.6842,0.52,0.5909,12.0,133.0,343.0,0.9954214775638938,1.0,0.0085451358457493,0.0169454703454268,child,,,,,,,,
child,20,25,org,8823,1085.0600975682028,4694,23.0,0.1739,0.76,0.0242,0.8261,0.76,0.7917,6.0,92.0,23.0,0.1304,0.8,0.0182,0.6957,0.64,0.6667,8.0,91.0,339.0,0.9949110697400022,1.0,0.2095525769303379,0.3464960199781489,child,,,,,,,,
child,20,25,org,4669,600.6863948218524,2370,25.0,0.08,0.92,0.012125,0.92,0.92,0.92,2.0,32.0,25.0,0.04,0.96,0.0061,0.8,0.8,0.8,2.0,20.0,268.0,0.993850884096404,1.0,0.6876424189307625,0.8149148317407562,child,,,,,,,,
child,20,25,org,6131,569.7751632910222,2484,24.0,0.1875,0.78,0.02725,0.8125,0.78,0.7959,5.5,94.0,24.0,0.1667,0.8,0.0242,0.6667,0.64,0.6531,9.0,84.0,329.0,0.993416734267279,1.0,0.6541620007465472,0.7909285794877581,child,,,,,,,,
child,20,25,org,2617,436.11151865916327,1831,25.0,0.08,0.92,0.012125,0.92,0.92,0.92,2.0,32.0,25.0,0.04,0.96,0.0061,0.8,0.8,0.8,2.0,20.0,268.0,0.99340987142903,1.0,0.7446314567614626,0.8536260811709914,child,,,,,,,,
child,20,25,org,7166,539.4676984208636,2180,25.0,0.104,0.8960000000000001,0.01576,0.8960000000000001,0.8960000000000001,0.8960000000000001,2.6,57.4,25.0,0.04,0.96,0.0061,0.76,0.76,0.76,3.0,25.0,298.0,0.9950638974187838,0.9995258416311048,0.7232801509692914,0.8392554991539762,child,,,,,,,,
child,20,25,org,1428,522.844618935138,2142,25.0,0.104,0.8960000000000001,0.01576,0.8960000000000001,0.8960000000000001,0.8960000000000001,2.6,39.2,25.0,0.0,1.0,0.0,0.8400000000000001,0.8400000000000001,0.8400000000000001,0.0,0.0,288.0,0.994315599602182,1.0,0.7152839992832826,0.8340123263344823,child,,,,,,,,
child,20,25,org,8328,911.7284432137384,4775,20.0,0.1,0.72,0.0121,0.9,0.72,0.8,7.0,96.0,20.0,0.1,0.72,0.0121,0.7,0.56,0.6222,10.0,96.0,324.0,0.9971824506941238,1.0,0.0164334887852542,0.0323355909984706,child,,,,,,,,
child,20,25,org,8289,2435.3328203321435,5358,22.0,0.0909,0.8,0.0121,0.9091,0.8,0.8511,5.0,80.0,22.0,0.0909,0.8,0.0121,0.6818,0.6,0.6383,7.0,80.0,305.0,0.9952907420323902,1.0,0.0094786729857819,0.0187793427230046,child,,,,,,,,
child,20,25,org,5978,450.09461964387447,1829,25.0,0.104,0.8960000000000001,0.01576,0.8960000000000001,0.8960000000000001,0.8960000000000001,2.6,57.4,25.0,0.04,0.96,0.0061,0.76,0.76,0.76,3.0,25.0,298.0,0.9954993214786608,0.9992821249102656,0.759825327510917,0.8632558139534884,child,,,,,,,,
child,20,25,org,5511,474.4955252967775,1954,25.0,0.14,0.86,0.0212,0.86,0.86,0.86,3.5,73.0,25.0,0.08,0.92,0.0121,0.76,0.76,0.76,2.0,43.0,288.0,0.9945336505440824,1.0,0.7374885426214483,0.8489132728423718,child,,,,,,,,
child,20,25,org,5864,972.6541989077814,4669,19.0,0.23685,0.5800000000000001,0.02725,0.76315,0.5800000000000001,0.6591,10.5,145.0,19.0,0.1579,0.64,0.0182,0.6316,0.48,0.5455,12.0,134.0,341.0,0.9958055809163228,1.0,0.0162980209545983,0.0320733104238258,child,,,,,,,,
child,20,25,org,606,408.45693786488846,1679,25.0,0.08,0.92,0.012125,0.92,0.92,0.92,2.0,32.0,25.0,0.04,0.96,0.0061,0.8,0.8,0.8,2.0,20.0,268.0,0.9941601541768784,0.9997498123592694,0.7744186046511627,0.8727749262859015,child,,,,,,,,
child,20,25,org,1933,495.7830490623601,2086,25.0,0.12,0.88,0.0181666666666666,0.88,0.88,0.88,3.0,57.333333333333336,25.0,0.1066666666666666,0.8933333333333334,0.0161666666666666,0.7600000000000001,0.7600000000000001,0.7600000000000001,5.666666666666667,57.0,216.33333333333331,0.99273360498738,1.0,0.712476370510397,0.8321006733635059,child,,,,,,,,
child,20,25,org,6071,463.5878149992786,1887,25.0,0.08,0.92,0.012125,0.92,0.92,0.92,2.0,32.0,25.0,0.04,0.96,0.0061,0.8,0.8,0.8,2.0,20.0,268.0,0.9957632090855092,1.0,0.7635793871866295,0.8659427443237908,child,,,,,,,,
child,20,25,org,5504,436.4806639999151,1817,25.0,0.08,0.92,0.012125,0.92,0.92,0.92,2.0,32.0,25.0,0.04,0.96,0.0061,0.8,0.8,0.8,2.0,20.0,268.0,0.9937293577805232,1.0,0.7639277063536426,0.8661666842716806,child,,,,,,,,
child,20,25,org,5163,852.6516294036992,4641,20.0,0.1,0.72,0.0121,0.9,0.72,0.8,7.0,97.0,20.0,0.1,0.72,0.0121,0.8,0.64,0.7111,10.0,97.0,324.0,0.9969752841353292,1.0,0.0311284046692607,0.060377358490566,child,,,,,,,,
child,20,25,org,2406,905.4250411586836,4698,21.0,0.1429,0.72,0.0182,0.8571,0.72,0.7826,7.0,103.0,21.0,0.1429,0.72,0.0182,0.7143,0.6,0.6522,9.0,103.0,305.0,0.9977060662209732,1.0,0.0163677130044843,0.0322082506066622,child,,,,,,,,
child,20,25,org,304,455.8700120425783,1934,25.0,0.18,0.8200000000000001,0.02725,0.8200000000000001,0.8200000000000001,0.8200000000000001,4.5,95.0,25.0,0.12,0.88,0.0182,0.72,0.72,0.72,5.0,65.0,291.0,0.9934553163661224,0.9987392839132628,0.7434309309309309,0.8523778782009899,child,,,,,,,,
child,20,25,org,3391,578.8799968631938,2524,24.0,0.1667,0.8,0.0242,0.8333,0.8,0.8163,5.0,84.0,24.0,0.1667,0.8,0.0242,0.7083,0.68,0.6939,7.0,84.0,228.0,0.9951548902878684,1.0,0.6148443432042521,0.761490537204655,child,,,,,,,,
child,20,25,org,359,1185.4758868389763,5046,20.0,0.1,0.72,0.0121,0.9,0.72,0.8,7.0,102.0,20.0,0.1,0.72,0.0121,0.7,0.56,0.6222,10.0,102.0,324.0,0.9958194855056804,1.0,0.0170466652461112,0.0335218939870102,child,,,,,,,,
child,20,25,org,9096,458.27904247911647,1936,25.0,0.12,0.88,0.018175,0.88,0.88,0.88,3.0,54.0,25.0,0.08,0.92,0.0121,0.76,0.76,0.76,5.0,42.0,191.0,0.9952044692026648,0.999753269183321,0.7365933466642428,0.8482311073895751,child,,,,,,,,
child,20,25,org,3533,457.88406249089167,1963,25.0,0.08,0.92,0.0121,0.92,0.92,0.92,2.0,24.0,25.0,0.04,0.96,0.0061,0.84,0.84,0.84,2.0,22.0,268.0,0.993189321651839,1.0,0.7343076634813566,0.8468020743301642,child,,,,,,,,
child,20,25,org,4125,1000.9012133893556,4469,23.0,0.15215,0.78,0.0212,0.84785,0.78,0.8125,5.5,93.0,23.0,0.1304,0.8,0.0182,0.6957,0.64,0.6667,9.0,83.0,330.0,0.9959040613126008,1.0,0.2184615384615384,0.3585858585858585,child,,,,,,,,
child,20,25,org,3094,461.9712916119024,1971,25.0,0.06,0.94,0.0091,0.94,0.94,0.94,1.5,24.0,25.0,0.04,0.96,0.0061,0.8,0.8,0.8,2.0,22.0,268.0,0.994268006384674,1.0,0.743603701687534,0.8529503590384014,child,,,,,,,,
child,20,25,org,6398,1009.50539544411,4641,23.0,0.1304,0.8,0.0182,0.8696,0.8,0.8333,5.0,85.0,23.0,0.0435,0.88,0.0061,0.8261,0.76,0.7917,4.0,38.0,341.0,0.9948793995346162,1.0,0.2060571209507379,0.3417037507946598,child,,,,,,,,
child,20,25,new,7816,366.7780136540532,1926,25.0,0.08,0.92,0.0121,0.92,0.92,0.92,2.0,24.0,25.0,0.04,0.96,0.0061,0.84,0.84,0.84,2.0,22.0,268.0,0.995071260983617,0.9997587454764776,0.7468012254460263,0.8549618320610687,child,6.0,1.0,0.0169014085,0.033240997200000004,6.0,0.8333333333,0.2,0.3225806452
child,20,25,new,3578,1174.3958447580226,4961,22.0,0.1818,0.72,0.0242,0.8182,0.72,0.766,8.0,110.0,22.0,0.1818,0.72,0.0242,0.6364,0.56,0.5957,12.0,110.0,315.0,0.9951482494182358,1.0,0.0174596246180707,0.0343200343200343,child,6.0,1.0,0.0169014085,0.033240997200000004,6.0,0.8333333333,0.2,0.3225806452
child,20,25,new,2656,952.1257412387058,4866,19.0,0.0526,0.72,0.0061,0.9474,0.72,0.8182,7.0,113.0,19.0,0.0,0.76,0.0,0.7895,0.6,0.6818,10.0,86.0,343.0,0.9960379984398826,1.0,0.0167179938407391,0.0328861964517524,child,6.0,1.0,0.0169014085,0.033240997200000004,6.0,0.8333333333,0.2,0.3225806452
child,20,25,new,2688,465.6431321529672,2004,25.0,0.136,0.8640000000000001,0.0205799999999999,0.8640000000000001,0.8640000000000001,0.8640000000000001,3.4,54.8,25.0,0.04,0.96,0.0061,0.8,0.8,0.8,3.0,22.0,291.0,0.99359629909302,0.9992834965369,0.7479442259563819,0.8555362437378593,child,6.0,1.0,0.0169014085,0.033240997200000004,6.0,0.8333333333,0.2,0.3225806452
child,20,25,new,2494,443.0803772909567,1964,25.0,0.1,0.9,0.01515,0.9,0.9,0.9,2.5,46.0,25.0,0.08,0.92,0.0121,0.76,0.76,0.76,5.0,44.0,271.0,0.9941505679201468,1.0,0.7282670186686782,0.842771412984179,child,6.0,1.0,0.0169014085,0.033240997200000004,6.0,0.8333333333,0.2,0.3225806452
child,20,25,new,183,868.7416989351623,4760,19.0,0.1053,0.68,0.0121,0.8947,0.68,0.7727,8.0,109.0,19.0,0.0,0.76,0.0,0.7368,0.56,0.6364,10.0,84.0,342.0,0.9954972891582454,1.0,0.0314748201438848,0.06102877070619,child,6.0,1.0,0.0169014085,0.033240997200000004,6.0,0.8333333333,0.2,0.3225806452
child,20,25,new,7977,953.3305977331474,4842,21.0,0.0952,0.76,0.0121,0.9048,0.76,0.8261,6.0,92.0,21.0,0.0952,0.76,0.0121,0.6667,0.56,0.6087,9.0,92.0,324.0,0.994566287830511,1.0,0.0166254774208043,0.0327071823204419,child,6.0,1.0,0.0169014085,0.033240997200000004,6.0,0.8333333333,0.2,0.3225806452
child,20,25,new,3199,446.16046164603904,1999,25.0,0.08,0.92,0.0121,0.92,0.92,0.92,2.0,24.0,25.0,0.04,0.96,0.0061,0.84,0.84,0.84,2.0,22.0,268.0,0.9928943937587084,1.0,0.7443581206067332,0.8534464475079534,child,6.0,1.0,0.0169014085,0.033240997200000004,6.0,0.8333333333,0.2,0.3225806452
child,20,25,new,316,462.08243400929496,2053,25.0,0.112,0.8880000000000001,0.0169599999999999,0.8880000000000001,0.8880000000000001,0.8880000000000001,2.8,52.0,25.0,0.0,1.0,0.0,0.8400000000000001,0.8400000000000001,0.8400000000000001,0.0,0.0,288.0,0.992945906681384,1.0,0.7248444932308818,0.8404751803139584,child,6.0,1.0,0.0169014085,0.033240997200000004,6.0,0.8333333333,0.2,0.3225806452
child,20,25,new,8266,449.2651472380385,2002,25.0,0.08,0.92,0.012125,0.92,0.92,0.92,2.0,39.0,25.0,0.04,0.96,0.0061,0.8,0.8,0.8,2.0,27.0,171.0,0.9946131053357176,1.0,0.7229906542056075,0.8392275981774788,child,6.0,1.0,0.0169014085,0.033240997200000004,6.0,0.8333333333,0.2,0.3225806452
child,20,25,new,1532,466.3054839367978,2067,25.0,0.096,0.904,0.01456,0.904,0.904,0.904,2.4,32.8,25.0,0.0,1.0,0.0,0.8400000000000001,0.8400000000000001,0.8400000000000001,0.0,0.0,288.0,0.9934203521572156,1.0,0.7080264400377715,0.8290579389650597,child,6.0,1.0,0.0169014085,0.033240997200000004,6.0,0.8333333333,0.2,0.3225806452
child,20,25,new,1009,486.12414013175294,2182,25.0,0.08,0.92,0.012125,0.92,0.92,0.92,2.0,39.0,25.0,0.04,0.96,0.0061,0.8,0.8,0.8,2.0,27.0,171.0,0.9928818836587212,1.0,0.6863234729158663,0.8139879257318601,child,6.0,1.0,0.0169014085,0.033240997200000004,6.0,0.8333333333,0.2,0.3225806452
child,20,25,new,2250,962.2114877458662,4989,20.0,0.15,0.68,0.0182,0.85,0.68,0.7556,8.0,113.0,20.0,0.1,0.72,0.0121,0.75,0.6,0.6667,10.0,112.0,324.0,0.99561496645173,1.0,0.0171526586620926,0.0337268128161888,child,6.0,1.0,0.0169014085,0.033240997200000004,6.0,0.8333333333,0.2,0.3225806452
child,20,25,new,4447,449.08404733706266,1948,25.0,0.128,0.8720000000000001,0.01938,0.8720000000000001,0.8720000000000001,0.8720000000000001,3.2,53.0,25.0,0.088,0.912,0.0133199999999999,0.76,0.76,0.76,4.4,33.0,294.0,0.9937986557876798,0.9997556804300024,0.7449481157837248,0.8537450448570831,child,6.0,1.0,0.0169014085,0.033240997200000004,6.0,0.8333333333,0.2,0.3225806452
child,20,25,new,2415,895.5053249970078,4547,20.0,0.15,0.68,0.0182,0.85,0.68,0.7556,8.0,130.0,20.0,0.1,0.72,0.0121,0.75,0.6,0.6667,12.0,112.0,343.0,0.996025543488408,1.0,0.0324842252862818,0.0629244001810774,child,6.0,1.0,0.0169014085,0.033240997200000004,6.0,0.8333333333,0.2,0.3225806452
child,20,25,new,3595,979.155625877902,4964,20.0,0.1,0.72,0.0121,0.9,0.72,0.8,7.0,116.0,20.0,0.1,0.72,0.0121,0.75,0.6,0.6667,10.0,116.0,237.0,0.9959674192627744,1.0,0.0086206896551724,0.017094017094017,child,6.0,1.0,0.0169014085,0.033240997200000004,6.0,0.8333333333,0.2,0.3225806452
child,20,25,new,4187,1276.125103993807,5034,21.0,0.1905,0.68,0.0242,0.8095,0.68,0.7391,8.0,116.0,21.0,0.1905,0.68,0.0242,0.7143,0.6,0.6522,9.0,116.0,340.0,0.9960981501370516,1.0,0.009417808219178,0.0186598812553011,child,6.0,1.0,0.0169014085,0.033240997200000004,6.0,0.8333333333,0.2,0.3225806452
child,20,25,new,4135,433.53923111688346,1864,25.0,0.08,0.92,0.0121,0.92,0.92,0.92,2.0,24.0,25.0,0.04,0.96,0.0061,0.84,0.84,0.84,2.0,22.0,268.0,0.9946788510329988,1.0,0.7558371040723982,0.8609421709102154,child,6.0,1.0,0.0169014085,0.033240997200000004,6.0,0.8333333333,0.2,0.3225806452
child,20,25,new,5174,987.1393623817712,4581,23.0,0.1304,0.8,0.0182,0.8696,0.8,0.8333,5.0,74.0,23.0,0.087,0.84,0.0121,0.6957,0.64,0.6667,7.0,70.0,339.0,0.9952617386657008,1.0,0.2070243902439024,0.34303265438086,child,6.0,1.0,0.0169014085,0.033240997200000004,6.0,0.8333333333,0.2,0.3225806452
child,20,25,new,5303,498.4758542282507,2199,25.0,0.12,0.8800000000000001,0.0181799999999999,0.8800000000000001,0.8800000000000001,0.8800000000000001,3.0,66.2,25.0,0.04,0.96,0.0061,0.76,0.76,0.76,3.0,25.0,298.0,0.9944201866274024,1.0,0.6838839204234349,0.8122696726642098,child,6.0,1.0,0.0169014085,0.033240997200000004,6.0,0.8333333333,0.2,0.3225806452
child,20,25,new,3942,1357.534338497091,5372,20.0,0.1,0.72,0.0121,0.9,0.72,0.8,7.0,116.0,20.0,0.1,0.72,0.0121,0.7,0.56,0.6222,10.0,116.0,324.0,0.9956382703493122,1.0,0.008514088789783,0.0168844221105527,child,6.0,1.0,0.0169014085,0.033240997200000004,6.0,0.8333333333,0.2,0.3225806452
child,20,25,new,2778,818.379924910143,4656,19.0,0.0526,0.72,0.0061,0.9474,0.72,0.8182,7.0,107.0,19.0,0.0,0.76,0.0,0.7368,0.56,0.6364,10.0,83.0,342.0,0.9954799931322726,1.0,0.0304498269896193,0.0591000671591672,child,6.0,1.0,0.0169014085,0.033240997200000004,6.0,0.8333333333,0.2,0.3225806452
child,20,25,new,2804,414.5358375110664,1814,25.0,0.064,0.936,0.0097,0.936,0.936,0.936,1.6,30.0,25.0,0.0,1.0,0.0,0.8400000000000001,0.8400000000000001,0.8400000000000001,0.0,0.0,288.0,0.9947917996920748,1.0,0.7670475488389237,0.86816854401335,child,6.0,1.0,0.0169014085,0.033240997200000004,6.0,0.8333333333,0.2,0.3225806452
child,20,25,new,2145,502.20536399586126,2241,25.0,0.1,0.9,0.01515,0.9,0.9,0.9,2.5,46.0,25.0,0.08,0.92,0.0121,0.76,0.76,0.76,5.0,44.0,271.0,0.9917280494493488,1.0,0.7009018958218296,0.8241532301698951,child,6.0,1.0,0.0169014085,0.033240997200000004,6.0,0.8333333333,0.2,0.3225806452
child,20,25,new,150,1169.225431939121,4962,19.0,0.1053,0.68,0.0121,0.8947,0.68,0.7727,8.0,133.0,19.0,0.1053,0.68,0.0121,0.6842,0.52,0.5909,12.0,133.0,343.0,0.9954214775638938,1.0,0.0085451358457493,0.0169454703454268,child,6.0,1.0,0.0169014085,0.033240997200000004,6.0,0.8333333333,0.2,0.3225806452
child,20,25,new,8823,1016.4229983529076,4694,22.5,0.11065,0.8,0.01515,0.8893500000000001,0.8,0.8422000000000001,5.0,73.5,22.5,0.08895,0.8200000000000001,0.0121,0.7559,0.68,0.7158500000000001,7.5,72.5,339.0,0.9949110697400022,1.0,0.2095525769303379,0.3464960199781489,child,6.0,1.0,0.0169014085,0.033240997200000004,6.0,0.8333333333,0.2,0.3225806452
child,20,25,new,4669,532.4091001506895,2370,25.0,0.06,0.94,0.0091,0.94,0.94,0.94,1.5,22.0,25.0,0.04,0.96,0.0061,0.8,0.8,0.8,2.0,20.0,268.0,0.993850884096404,1.0,0.6876424189307625,0.8149148317407562,child,6.0,1.0,0.0169014085,0.033240997200000004,6.0,0.8333333333,0.2,0.3225806452
child,20,25,new,6131,534.9697610791773,2484,24.0,0.1667,0.8,0.0242,0.8333,0.8,0.8163,5.0,84.0,24.0,0.1667,0.8,0.0242,0.6667,0.64,0.6531,9.0,84.0,329.0,0.993416734267279,1.0,0.6541620007465472,0.7909285794877581,child,6.0,1.0,0.0169014085,0.033240997200000004,6.0,0.8333333333,0.2,0.3225806452
child,20,25,new,2617,405.5336322416552,1831,25.0,0.06,0.94,0.0091,0.94,0.94,0.94,1.5,22.0,25.0,0.04,0.96,0.0061,0.8,0.8,0.8,2.0,20.0,268.0,0.99340987142903,1.0,0.7446314567614626,0.8536260811709914,child,6.0,1.0,0.0169014085,0.033240997200000004,6.0,0.8333333333,0.2,0.3225806452
child,20,25,new,7166,506.2698237607256,2180,25.0,0.096,0.904,0.01456,0.904,0.904,0.904,2.4,53.8,25.0,0.04,0.96,0.0061,0.76,0.76,0.76,3.0,25.0,298.0,0.9950638974187838,0.9995258416311048,0.7232801509692914,0.8392554991539762,child,6.0,1.0,0.0169014085,0.033240997200000004,6.0,0.8333333333,0.2,0.3225806452
child,20,25,new,1428,485.0632031466812,2142,25.0,0.104,0.8960000000000001,0.01576,0.8960000000000001,0.8960000000000001,0.8960000000000001,2.6,51.2,25.0,0.0,1.0,0.0,0.8400000000000001,0.8400000000000001,0.8400000000000001,0.0,0.0,288.0,0.994315599602182,1.0,0.7152839992832826,0.8340123263344823,child,6.0,1.0,0.0169014085,0.033240997200000004,6.0,0.8333333333,0.2,0.3225806452
child,20,25,new,8328,862.6092118262313,4775,20.0,0.05,0.76,0.0061,0.95,0.76,0.8444,6.0,75.0,20.0,0.0,0.8,0.0,0.8,0.64,0.7111,8.0,53.0,324.0,0.9971824506941238,1.0,0.0164334887852542,0.0323355909984706,child,6.0,1.0,0.0169014085,0.033240997200000004,6.0,0.8333333333,0.2,0.3225806452
child,20,25,new,8289,1173.4687816691585,5358,22.0,0.0909,0.8,0.0121,0.9091,0.8,0.8511,5.0,80.0,22.0,0.0909,0.8,0.0121,0.6818,0.6,0.6383,7.0,80.0,305.0,0.9952907420323902,1.0,0.0094786729857819,0.0187793427230046,child,6.0,1.0,0.0169014085,0.033240997200000004,6.0,0.8333333333,0.2,0.3225806452
child,20,25,new,5978,418.9008025149815,1829,25.0,0.128,0.8720000000000001,0.01938,0.8720000000000001,0.8720000000000001,0.8720000000000001,3.2,70.6,25.0,0.04,0.96,0.0061,0.76,0.76,0.76,3.0,25.0,298.0,0.9954993214786608,0.9992821249102656,0.759825327510917,0.8632558139534884,child,6.0,1.0,0.0169014085,0.033240997200000004,6.0,0.8333333333,0.2,0.3225806452
child,20,25,new,5511,441.9368071020581,1954,25.0,0.104,0.8960000000000001,0.01576,0.8960000000000001,0.8960000000000001,0.8960000000000001,2.6,48.0,25.0,0.0,1.0,0.0,0.8400000000000001,0.8400000000000001,0.8400000000000001,0.0,0.0,288.0,0.9945336505440824,1.0,0.7374885426214483,0.8489132728423718,child,6.0,1.0,0.0169014085,0.033240997200000004,6.0,0.8333333333,0.2,0.3225806452
child,20,25,new,5864,864.0216245763004,4669,19.0,0.1053,0.68,0.0121,0.8947,0.68,0.7727,8.0,107.0,19.0,0.0526,0.72,0.0061,0.7368,0.56,0.6364,10.0,106.0,341.0,0.9958055809163228,1.0,0.0162980209545983,0.0320733104238258,child,6.0,1.0,0.0169014085,0.033240997200000004,6.0,0.8333333333,0.2,0.3225806452
child,20,25,new,606,374.0375674888492,1679,25.0,0.06,0.94,0.0091,0.94,0.94,0.94,1.5,22.0,25.0,0.04,0.96,0.0061,0.8,0.8,0.8,2.0,20.0,268.0,0.9941601541768784,0.9997498123592694,0.7744186046511627,0.8727749262859015,child,6.0,1.0,0.0169014085,0.033240997200000004,6.0,0.8333333333,0.2,0.3225806452
child,20,25,new,1933,462.74551236396655,2086,25.0,0.176,0.8240000000000001,0.02666,0.8240000000000001,0.8240000000000001,0.8240000000000001,4.4,71.6,25.0,0.04,0.96,0.0061,0.8,0.8,0.8,3.0,22.0,291.0,0.99273360498738,1.0,0.712476370510397,0.8321006733635059,child,6.0,1.0,0.0169014085,0.033240997200000004,6.0,0.8333333333,0.2,0.3225806452
child,20,25,new,6071,435.3745699701831,1887,25.0,0.06,0.94,0.0091,0.94,0.94,0.94,1.5,22.0,25.0,0.04,0.96,0.0061,0.8,0.8,0.8,2.0,20.0,268.0,0.9957632090855092,1.0,0.7635793871866295,0.8659427443237908,child,6.0,1.0,0.0169014085,0.033240997200000004,6.0,0.8333333333,0.2,0.3225806452
child,20,25,new,5504,406.1235585878603,1817,25.0,0.06,0.94,0.0091,0.94,0.94,0.94,1.5,22.0,25.0,0.04,0.96,0.0061,0.8,0.8,0.8,2.0,20.0,268.0,0.9937293577805232,1.0,0.7639277063536426,0.8661666842716806,child,6.0,1.0,0.0169014085,0.033240997200000004,6.0,0.8333333333,0.2,0.3225806452
child,20,25,new,5163,802.7747675371356,4641,20.0,0.1,0.72,0.0121,0.9,0.72,0.8,7.0,97.0,20.0,0.1,0.72,0.0121,0.8,0.64,0.7111,10.0,97.0,324.0,0.9969752841353292,1.0,0.0311284046692607,0.060377358490566,child,6.0,1.0,0.0169014085,0.033240997200000004,6.0,0.8333333333,0.2,0.3225806452
child,20,25,new,2406,844.4216742939316,4698,22.0,0.1818,0.72,0.0242,0.8182,0.72,0.766,7.0,88.0,22.0,0.0909,0.8,0.0121,0.6818,0.6,0.6383,7.0,81.0,305.0,0.9977060662209732,1.0,0.0163677130044843,0.0322082506066622,child,6.0,1.0,0.0169014085,0.033240997200000004,6.0,0.8333333333,0.2,0.3225806452
child,20,25,new,304,422.30082151992247,1934,25.0,0.192,0.808,0.02908,0.808,0.808,0.808,4.8,77.2,25.0,0.04,0.96,0.0061,0.8,0.8,0.8,3.0,22.0,291.0,0.9934553163661224,0.9987392839132628,0.7434309309309309,0.8523778782009899,child,6.0,1.0,0.0169014085,0.033240997200000004,6.0,0.8333333333,0.2,0.3225806452
child,20,25,new,3391,541.2418418698944,2524,24.0,0.22915,0.74,0.03335,0.77085,0.74,0.7551,6.5,98.0,24.0,0.1667,0.8,0.0242,0.7083,0.68,0.6939,7.0,84.0,228.0,0.9951548902878684,1.0,0.6148443432042521,0.761490537204655,child,6.0,1.0,0.0169014085,0.033240997200000004,6.0,0.8333333333,0.2,0.3225806452
child,20,25,new,359,1022.4895682153292,5046,20.0,0.1,0.72,0.0121,0.9,0.72,0.8,7.0,98.0,20.0,0.1,0.72,0.0121,0.8,0.64,0.7111,10.0,98.0,324.0,0.9958194855056804,1.0,0.0170466652461112,0.0335218939870102,child,6.0,1.0,0.0169014085,0.033240997200000004,6.0,0.8333333333,0.2,0.3225806452
child,20,25,new,9096,427.50657717324793,1936,25.0,0.1,0.9,0.01515,0.9,0.9,0.9,2.5,44.0,25.0,0.08,0.92,0.0121,0.76,0.76,0.76,5.0,42.0,191.0,0.9952044692026648,0.999753269183321,0.7365933466642428,0.8482311073895751,child,6.0,1.0,0.0169014085,0.033240997200000004,6.0,0.8333333333,0.2,0.3225806452
child,20,25,new,3533,426.7506381752901,1963,25.0,0.08,0.92,0.0121,0.92,0.92,0.92,2.0,24.0,25.0,0.04,0.96,0.0061,0.84,0.84,0.84,2.0,22.0,268.0,0.993189321651839,1.0,0.7343076634813566,0.8468020743301642,child,6.0,1.0,0.0169014085,0.033240997200000004,6.0,0.8333333333,0.2,0.3225806452
child,20,25,new,4125,934.7867855289952,4469,24.0,0.1667,0.8,0.0242,0.8333,0.8,0.8163,5.0,84.0,24.0,0.1667,0.8,0.0242,0.6667,0.64,0.6531,9.0,84.0,331.0,0.9959040613126008,1.0,0.2184615384615384,0.3585858585858585,child,6.0,1.0,0.0169014085,0.033240997200000004,6.0,0.8333333333,0.2,0.3225806452
child,20,25,new,3094,429.4583414271474,1971,25.0,0.06,0.94,0.0091,0.94,0.94,0.94,1.5,24.0,25.0,0.04,0.96,0.0061,0.8,0.8,0.8,2.0,22.0,268.0,0.994268006384674,1.0,0.743603701687534,0.8529503590384014,child,6.0,1.0,0.0169014085,0.033240997200000004,6.0,0.8333333333,0.2,0.3225806452
child,20,25,new,6398,938.4492759522982,4641,23.0,0.1739,0.76,0.0242,0.8261,0.76,0.7917,6.0,102.0,23.0,0.1304,0.8,0.0182,0.7826,0.72,0.75,6.0,82.0,341.0,0.9948793995346162,1.0,0.2060571209507379,0.3417037507946598,child,6.0,1.0,0.0169014085,0.033240997200000004,6.0,0.8333333333,0.2,0.3225806452
earthquake,5,4,org,7816,0.022701121866703,0,4.0,0.0,1.0,0.0,1.0,1.0,1.0,0.0,0.0,4.0,0.0,1.0,0.0,1.0,1.0,1.0,0.0,0.0,5.0,1.0,,0.0,,earthquake,,,,,,,,
earthquake,5,4,org,3578,0.0208139140158891,0,4.0,0.0,1.0,0.0,1.0,1.0,1.0,0.0,0.0,4.0,0.0,1.0,0.0,1.0,1.0,1.0,0.0,0.0,5.0,1.0,,0.0,,earthquake,,,,,,,,
earthquake,5,4,org,2656,0.0221365382894873,0,4.0,0.0,1.0,0.0,1.0,1.0,1.0,0.0,0.0,4.0,0.0,1.0,0.0,1.0,1.0,1.0,0.0,0.0,5.0,1.0,,0.0,,earthquake,,,,,,,,
earthquake,5,4,org,2688,0.0205937316641211,0,4.0,0.0,1.0,0.0,1.0,1.0,1.0,0.0,0.0,4.0,0.0,1.0,0.0,1.0,1.0,1.0,0.0,0.0,5.0,1.0,,0.0,,earthquake,,,,,,,,
earthquake,5,4,org,2494,0.0225623780861496,1,4.0,0.0,1.0,0.0,1.0,1.0,1.0,0.0,0.0,4.0,0.0,1.0,0.0,1.0,1.0,1.0,0.0,0.0,5.0,1.0,1.0,1.0,1.0,earthquake,,,,,,,,
earthquake,5,4,org,183,0.0218370468355715,0,4.0,0.0,1.0,0.0,1.0,1.0,1.0,0.0,0.0,4.0,0.0,1.0,0.0,1.0,1.0,1.0,0.0,0.0,5.0,1.0,,0.0,,earthquake,,,,,,,,
earthquake,5,4,org,7977,0.022760443855077,0,4.0,0.0,1.0,0.0,1.0,1.0,1.0,0.0,0.0,4.0,0.0,1.0,0.0,1.0,1.0,1.0,0.0,0.0,5.0,1.0,,0.0,,earthquake,,,,,,,,
earthquake,5,4,org,3199,0.0281893350183963,2,4.0,0.0,1.0,0.0,1.0,1.0,1.0,0.0,0.0,4.0,0.0,1.0,0.0,1.0,1.0,1.0,0.0,0.0,5.0,1.0,1.0,1.0,1.0,earthquake,,,,,,,,
earthquake,5,4,org,316,0.0205816281959414,0,4.0,0.0,1.0,0.0,1.0,1.0,1.0,0.0,0.0,4.0,0.0,1.0,0.0,1.0,1.0,1.0,0.0,0.0,5.0,1.0,,0.0,,earthquake,,,,,,,,
earthquake,5,4,org,8266,0.0288272928446531,2,5.0,0.2,1.0,0.1667,0.8,1.0,0.8889,1.0,0.0,5.0,0.2,1.0,0.1667,0.8,1.0,0.8889,1.0,0.0,14.0,0.999097505881862,0.9824561403508772,0.9824561403508772,0.9824561403508772,earthquake,,,,,,,,
earthquake,5,4,org,1532,0.0356474290601909,7,4.0,0.0,1.0,0.0,1.0,1.0,1.0,0.0,0.0,4.0,0.0,1.0,0.0,1.0,1.0,1.0,0.0,0.0,5.0,0.9965682898771648,1.0,0.9074074074074074,0.9514563106796116,earthquake,,,,,,,,
earthquake,5,4,org,1009,0.1116343718022108,57,4.0,0.5,0.5,0.3333,0.5,0.5,0.5,3.0,10.5,4.0,0.5,0.5,0.3333,0.5,0.5,0.5,3.0,8.0,13.0,0.9982517245630248,,0.0,,earthquake,,,,,,,,
earthquake,5,4,org,2250,0.0224453499540686,0,4.0,0.0,1.0,0.0,1.0,1.0,1.0,0.0,0.0,4.0,0.0,1.0,0.0,1.0,1.0,1.0,0.0,0.0,5.0,1.0,,0.0,,earthquake,,,,,,,,
earthquake,5,4,org,4447,0.0207469961605966,0,4.0,0.0,1.0,0.0,1.0,1.0,1.0,0.0,0.0,4.0,0.0,1.0,0.0,1.0,1.0,1.0,0.0,0.0,5.0,1.0,,0.0,,earthquake,,,,,,,,
earthquake,5,4,org,2415,0.0205302513204514,0,4.0,0.0,1.0,0.0,1.0,1.0,1.0,0.0,0.0,4.0,0.0,1.0,0.0,1.0,1.0,1.0,0.0,0.0,5.0,1.0,,0.0,,earthquake,,,,,,,,
earthquake,5,4,org,3595,0.020561802200973,0,4.0,0.0,1.0,0.0,1.0,1.0,1.0,0.0,0.0,4.0,0.0,1.0,0.0,1.0,1.0,1.0,0.0,0.0,5.0,1.0,,0.0,,earthquake,,,,,,,,
earthquake,5,4,org,4187,0.0355095607228577,4,4.0,0.0,1.0,0.0,1.0,1.0,1.0,0.0,0.0,4.0,0.0,1.0,0.0,1.0,1.0,1.0,0.0,0.0,5.0,0.999389732649834,1.0,0.9649122807017544,0.9821428571428572,earthquake,,,,,,,,
earthquake,5,4,org,4135,0.020814006216824,0,4.0,0.0,1.0,0.0,1.0,1.0,1.0,0.0,0.0,4.0,0.0,1.0,0.0,1.0,1.0,1.0,0.0,0.0,5.0,1.0,,0.0,,earthquake,,,,,,,,
earthquake,5,4,org,5174,0.0246429969556629,0,4.0,0.0,1.0,0.0,1.0,1.0,1.0,0.0,0.0,4.0,0.0,1.0,0.0,1.0,1.0,1.0,0.0,0.0,5.0,1.0,,0.0,,earthquake,,,,,,,,
earthquake,5,4,org,5303,0.0207447581924498,0,4.0,0.0,1.0,0.0,1.0,1.0,1.0,0.0,0.0,4.0,0.0,1.0,0.0,1.0,1.0,1.0,0.0,0.0,5.0,1.0,,0.0,,earthquake,,,,,,,,
earthquake,5,4,org,3942,0.0239497036673128,0,4.0,0.0,1.0,0.0,1.0,1.0,1.0,0.0,0.0,4.0,0.0,1.0,0.0,1.0,1.0,1.0,0.0,0.0,5.0,1.0,,0.0,,earthquake,,,,,,,,
earthquake,5,4,org,2778,0.0210255971178412,0,4.0,0.0,1.0,0.0,1.0,1.0,1.0,0.0,0.0,4.0,0.0,1.0,0.0,1.0,1.0,1.0,0.0,0.0,5.0,1.0,,0.0,,earthquake,,,,,,,,
earthquake,5,4,org,2804,0.0207300009205937,0,4.0,0.0,1.0,0.0,1.0,1.0,1.0,0.0,0.0,4.0,0.0,1.0,0.0,1.0,1.0,1.0,0.0,0.0,5.0,1.0,,0.0,,earthquake,,,,,,,,
earthquake,5,4,org,2145,0.0205345200374722,0,4.0,0.0,1.0,0.0,1.0,1.0,1.0,0.0,0.0,4.0,0.0,1.0,0.0,1.0,1.0,1.0,0.0,0.0,5.0,1.0,,0.0,,earthquake,,,,,,,,
earthquake,5,4,org,150,0.0206514778546988,0,4.0,0.0,1.0,0.0,1.0,1.0,1.0,0.0,0.0,4.0,0.0,1.0,0.0,1.0,1.0,1.0,0.0,0.0,5.0,1.0,,0.0,,earthquake,,,,,,,,
earthquake,5,4,org,8823,0.021636423189193,0,4.0,0.0,1.0,0.0,1.0,1.0,1.0,0.0,0.0,4.0,0.0,1.0,0.0,1.0,1.0,1.0,0.0,0.0,5.0,1.0,,0.0,,earthquake,,,,,,,,
earthquake,5,4,org,4669,0.0205202428624033,0,4.0,0.0,1.0,0.0,1.0,1.0,1.0,0.0,0.0,4.0,0.0,1.0,0.0,1.0,1.0,1.0,0.0,0.0,5.0,1.0,,0.0,,earthquake,,,,,,,,
earthquake,5,4,org,6131,0.0230431598611176,0,4.0,0.0,1.0,0.0,1.0,1.0,1.0,0.0,0.0,4.0,0.0,1.0,0.0,1.0,1.0,1.0,0.0,0.0,5.0,1.0,,0.0,,earthquake,,,,,,,,
earthquake,5,4,org,2617,0.0223167957738041,0,4.0,0.0,1.0,0.0,1.0,1.0,1.0,0.0,0.0,4.0,0.0,1.0,0.0,1.0,1.0,1.0,0.0,0.0,5.0,1.0,,0.0,,earthquake,,,,,,,,
earthquake,5,4,org,7166,0.0220044828020036,0,4.0,0.0,1.0,0.0,1.0,1.0,1.0,0.0,0.0,4.0,0.0,1.0,0.0,1.0,1.0,1.0,0.0,0.0,5.0,1.0,,0.0,,earthquake,,,,,,,,
earthquake,5,4,org,1428,0.0232851463370025,0,4.0,0.0,1.0,0.0,1.0,1.0,1.0,0.0,0.0,4.0,0.0,1.0,0.0,1.0,1.0,1.0,0.0,0.0,5.0,1.0,,0.0,,earthquake,,,,,,,,
earthquake,5,4,org,8328,0.0210307161323726,0,4.0,0.0,1.0,0.0,1.0,1.0,1.0,0.0,0.0,4.0,0.0,1.0,0.0,1.0,1.0,1.0,0.0,0.0,5.0,1.0,,0.0,,earthquake,,,,,,,,
earthquake,5,4,org,8289,0.020619872957468,0,4.0,0.0,1.0,0.0,1.0,1.0,1.0,0.0,0.0,4.0,0.0,1.0,0.0,1.0,1.0,1.0,0.0,0.0,5.0,1.0,,0.0,,earthquake,,,,,,,,
earthquake,5,4,org,5978,0.0208913930691778,0,4.0,0.0,1.0,0.0,1.0,1.0,1.0,0.0,0.0,4.0,0.0,1.0,0.0,1.0,1.0,1.0,0.0,0.0,5.0,1.0,,0.0,,earthquake,,,,,,,,
earthquake,5,4,org,5511,0.0217236522585153,0,4.0,0.0,1.0,0.0,1.0,1.0,1.0,0.0,0.0,4.0,0.0,1.0,0.0,1.0,1.0,1.0,0.0,0.0,5.0,1.0,,0.0,,earthquake,,,,,,,,
earthquake,5,4,org,5864,0.0208238777704536,0,4.0,0.0,1.0,0.0,1.0,1.0,1.0,0.0,0.0,4.0,0.0,1.0,0.0,1.0,1.0,1.0,0.0,0.0,5.0,1.0,,0.0,,earthquake,,,,,,,,
earthquake,5,4,org,606,0.0340607580728828,5,5.0,0.2,1.0,0.1667,0.8,1.0,0.8889,1.0,0.0,5.0,0.2,1.0,0.1667,0.8,1.0,0.8889,1.0,0.0,14.0,0.9975105075031312,0.9814814814814816,0.913793103448276,0.9464285714285714,earthquake,,,,,,,,
earthquake,5,4,org,1933,0.0210123937577009,0,4.0,0.0,1.0,0.0,1.0,1.0,1.0,0.0,0.0,4.0,0.0,1.0,0.0,1.0,1.0,1.0,0.0,0.0,5.0,1.0,,0.0,,earthquake,,,,,,,,
earthquake,5,4,org,6071,0.0207195226103067,0,4.0,0.0,1.0,0.0,1.0,1.0,1.0,0.0,0.0,4.0,0.0,1.0,0.0,1.0,1.0,1.0,0.0,0.0,5.0,1.0,,0.0,,earthquake,,,,,,,,
earthquake,5,4,org,5504,0.0220805737189948,0,4.0,0.0,1.0,0.0,1.0,1.0,1.0,0.0,0.0,4.0,0.0,1.0,0.0,1.0,1.0,1.0,0.0,0.0,5.0,1.0,,0.0,,earthquake,,,,,,,,
earthquake,5,4,org,5163,0.0220662890933454,0,4.0,0.0,1.0,0.0,1.0,1.0,1.0,0.0,0.0,4.0,0.0,1.0,0.0,1.0,1.0,1.0,0.0,0.0,5.0,1.0,,0.0,,earthquake,,,,,,,,
earthquake,5,4,org,2406,0.0206942521035671,0,4.0,0.0,1.0,0.0,1.0,1.0,1.0,0.0,0.0,4.0,0.0,1.0,0.0,1.0,1.0,1.0,0.0,0.0,5.0,1.0,,0.0,,earthquake,,,,,,,,
earthquake,5,4,org,304,0.0209220447577536,0,4.0,0.0,1.0,0.0,1.0,1.0,1.0,0.0,0.0,4.0,0.0,1.0,0.0,1.0,1.0,1.0,0.0,0.0,5.0,1.0,,0.0,,earthquake,,,,,,,,
earthquake,5,4,org,3391,0.0215603723190724,0,4.0,0.0,1.0,0.0,1.0,1.0,1.0,0.0,0.0,4.0,0.0,1.0,0.0,1.0,1.0,1.0,0.0,0.0,5.0,1.0,,0.0,,earthquake,,,,,,,,
earthquake,5,4,org,359,0.0207613781094551,0,4.0,0.0,1.0,0.0,1.0,1.0,1.0,0.0,0.0,4.0,0.0,1.0,0.0,1.0,1.0,1.0,0.0,0.0,5.0,1.0,,0.0,,earthquake,,,,,,,,
earthquake,5,4,org,9096,0.0205475129187107,0,4.0,0.0,1.0,0.0,1.0,1.0,1.0,0.0,0.0,4.0,0.0,1.0,0.0,1.0,1.0,1.0,0.0,0.0,5.0,1.0,,0.0,,earthquake,,,,,,,,
earthquake,5,4,org,3533,0.0226306179538369,0,4.0,0.0,1.0,0.0,1.0,1.0,1.0,0.0,0.0,4.0,0.0,1.0,0.0,1.0,1.0,1.0,0.0,0.0,5.0,1.0,,0.0,,earthquake,,,,,,,,
earthquake,5,4,org,4125,0.0208727372810244,0,4.0,0.0,1.0,0.0,1.0,1.0,1.0,0.0,0.0,4.0,0.0,1.0,0.0,1.0,1.0,1.0,0.0,0.0,5.0,1.0,,0.0,,earthquake,,,,,,,,
earthquake,5,4,org,3094,0.0215116697363555,0,4.0,0.0,1.0,0.0,1.0,1.0,1.0,0.0,0.0,4.0,0.0,1.0,0.0,1.0,1.0,1.0,0.0,0.0,5.0,1.0,,0.0,,earthquake,,,,,,,,
earthquake,5,4,org,6398,0.0221120989881455,0,4.0,0.0,1.0,0.0,1.0,1.0,1.0,0.0,0.0,4.0,0.0,1.0,0.0,1.0,1.0,1.0,0.0,0.0,5.0,1.0,,0.0,,earthquake,,,,,,,,
earthquake,5,4,new,7816,0.0250782882794737,0,4.0,0.0,1.0,0.0,1.0,1.0,1.0,0.0,0.0,4.0,0.0,1.0,0.0,1.0,1.0,1.0,0.0,0.0,5.0,1.0,,0.0,,earthquake,9.0,1.0,0.5625,0.72,0.0,0.0,0.0,0.0
earthquake,5,4,new,3578,0.0200017145834863,0,4.0,0.0,1.0,0.0,1.0,1.0,1.0,0.0,0.0,4.0,0.0,1.0,0.0,1.0,1.0,1.0,0.0,0.0,5.0,1.0,,0.0,,earthquake,9.0,1.0,0.5625,0.72,0.0,0.0,0.0,0.0
earthquake,5,4,new,2656,0.019457871094346,0,4.0,0.0,1.0,0.0,1.0,1.0,1.0,0.0,0.0,4.0,0.0,1.0,0.0,1.0,1.0,1.0,0.0,0.0,5.0,1.0,,0.0,,earthquake,9.0,1.0,0.5625,0.72,0.0,0.0,0.0,0.0
earthquake,5,4,new,2688,0.0196848139166831,0,4.0,0.0,1.0,0.0,1.0,1.0,1.0,0.0,0.0,4.0,0.0,1.0,0.0,1.0,1.0,1.0,0.0,0.0,5.0,1.0,,0.0,,earthquake,9.0,1.0,0.5625,0.72,0.0,0.0,0.0,0.0
earthquake,5,4,new,2494,0.021322919987142,1,4.0,0.0,1.0,0.0,1.0,1.0,1.0,0.0,0.0,4.0,0.0,1.0,0.0,1.0,1.0,1.0,0.0,0.0,5.0,1.0,1.0,1.0,1.0,earthquake,9.0,1.0,0.5625,0.72,0.0,0.0,0.0,0.0
earthquake,5,4,new,183,0.0198216629214584,0,4.0,0.0,1.0,0.0,1.0,1.0,1.0,0.0,0.0,4.0,0.0,1.0,0.0,1.0,1.0,1.0,0.0,0.0,5.0,1.0,,0.0,,earthquake,9.0,1.0,0.5625,0.72,0.0,0.0,0.0,0.0
earthquake,5,4,new,7977,0.0201850160956382,0,4.0,0.0,1.0,0.0,1.0,1.0,1.0,0.0,0.0,4.0,0.0,1.0,0.0,1.0,1.0,1.0,0.0,0.0,5.0,1.0,,0.0,,earthquake,9.0,1.0,0.5625,0.72,0.0,0.0,0.0,0.0
earthquake,5,4,new,3199,0.0261960597708821,2,4.0,0.0,1.0,0.0,1.0,1.0,1.0,0.0,0.0,4.0,0.0,1.0,0.0,1.0,1.0,1.0,0.0,0.0,5.0,1.0,1.0,1.0,1.0,earthquake,9.0,1.0,0.5625,0.72,0.0,0.0,0.0,0.0
earthquake,5,4,new,316,0.019749742001295,0,4.0,0.0,1.0,0.0,1.0,1.0,1.0,0.0,0.0,4.0,0.0,1.0,0.0,1.0,1.0,1.0,0.0,0.0,5.0,1.0,,0.0,,earthquake,9.0,1.0,0.5625,0.72,0.0,0.0,0.0,0.0
earthquake,5,4,new,8266,0.0258085820823907,2,5.0,0.2,1.0,0.1667,0.8,1.0,0.8889,1.0,0.0,5.0,0.2,1.0,0.1667,0.8,1.0,0.8889,1.0,0.0,14.0,0.999097505881862,0.9824561403508772,0.9824561403508772,0.9824561403508772,earthquake,9.0,1.0,0.5625,0.72,0.0,0.0,0.0,0.0
earthquake,5,4,new,1532,0.0303304521366953,7,4.0,0.0,1.0,0.0,1.0,1.0,1.0,0.0,0.0,4.0,0.0,1.0,0.0,1.0,1.0,1.0,0.0,0.0,5.0,0.9965682898771648,1.0,0.9074074074074074,0.9514563106796116,earthquake,9.0,1.0,0.5625,0.72,0.0,0.0,0.0,0.0
earthquake,5,4,new,1009,0.1018171398900449,57,4.0,0.25,0.75,0.1667,0.75,0.75,0.75,2.0,4.0,4.0,0.25,0.75,0.1667,0.75,0.75,0.75,2.0,4.0,13.0,0.9982517245630248,,0.0,,earthquake,9.0,1.0,0.5625,0.72,0.0,0.0,0.0,0.0
earthquake,5,4,new,2250,0.0210953690111637,0,4.0,0.0,1.0,0.0,1.0,1.0,1.0,0.0,0.0,4.0,0.0,1.0,0.0,1.0,1.0,1.0,0.0,0.0,5.0,1.0,,0.0,,earthquake,9.0,1.0,0.5625,0.72,0.0,0.0,0.0,0.0
earthquake,5,4,new,4447,0.0190328969620168,0,4.0,0.0,1.0,0.0,1.0,1.0,1.0,0.0,0.0,4.0,0.0,1.0,0.0,1.0,1.0,1.0,0.0,0.0,5.0,1.0,,0.0,,earthquake,9.0,1.0,0.5625,0.72,0.0,0.0,0.0,0.0
earthquake,5,4,new,2415,0.0198826449923217,0,4.0,0.0,1.0,0.0,1.0,1.0,1.0,0.0,0.0,4.0,0.0,1.0,0.0,1.0,1.0,1.0,0.0,0.0,5.0,1.0,,0.0,,earthquake,9.0,1.0,0.5625,0.72,0.0,0.0,0.0,0.0
earthquake,5,4,new,3595,0.0192413870245218,0,4.0,0.0,1.0,0.0,1.0,1.0,1.0,0.0,0.0,4.0,0.0,1.0,0.0,1.0,1.0,1.0,0.0,0.0,5.0,1.0,,0.0,,earthquake,9.0,1.0,0.5625,0.72,0.0,0.0,0.0,0.0
earthquake,5,4,new,4187,0.0284003098495304,4,4.0,0.0,1.0,0.0,1.0,1.0,1.0,0.0,0.0,4.0,0.0,1.0,0.0,1.0,1.0,1.0,0.0,0.0,5.0,0.999389732649834,1.0,0.9649122807017544,0.9821428571428572,earthquake,9.0,1.0,0.5625,0.72,0.0,0.0,0.0,0.0
earthquake,5,4,new,4135,0.0200288891792297,0,4.0,0.0,1.0,0.0,1.0,1.0,1.0,0.0,0.0,4.0,0.0,1.0,0.0,1.0,1.0,1.0,0.0,0.0,5.0,1.0,,0.0,,earthquake,9.0,1.0,0.5625,0.72,0.0,0.0,0.0,0.0
earthquake,5,4,new,5174,0.0207787049002945,0,4.0,0.0,1.0,0.0,1.0,1.0,1.0,0.0,0.0,4.0,0.0,1.0,0.0,1.0,1.0,1.0,0.0,0.0,5.0,1.0,,0.0,,earthquake,9.0,1.0,0.5625,0.72,0.0,0.0,0.0,0.0
earthquake,5,4,new,5303,0.019646287895739,0,4.0,0.0,1.0,0.0,1.0,1.0,1.0,0.0,0.0,4.0,0.0,1.0,0.0,1.0,1.0,1.0,0.0,0.0,5.0,1.0,,0.0,,earthquake,9.0,1.0,0.5625,0.72,0.0,0.0,0.0,0.0
earthquake,5,4,new,3942,0.0212371340021491,0,4.0,0.0,1.0,0.0,1.0,1.0,1.0,0.0,0.0,4.0,0.0,1.0,0.0,1.0,1.0,1.0,0.0,0.0,5.0,1.0,,0.0,,earthquake,9.0,1.0,0.5625,0.72,0.0,0.0,0.0,0.0
earthquake,5,4,new,2778,0.0215441100299358,0,4.0,0.0,1.0,0.0,1.0,1.0,1.0,0.0,0.0,4.0,0.0,1.0,0.0,1.0,1.0,1.0,0.0,0.0,5.0,1.0,,0.0,,earthquake,9.0,1.0,0.5625,0.72,0.0,0.0,0.0,0.0
earthquake,5,4,new,2804,0.0197227546013891,0,4.0,0.0,1.0,0.0,1.0,1.0,1.0,0.0,0.0,4.0,0.0,1.0,0.0,1.0,1.0,1.0,0.0,0.0,5.0,1.0,,0.0,,earthquake,9.0,1.0,0.5625,0.72,0.0,0.0,0.0,0.0
earthquake,5,4,new,2145,0.0192071320489048,0,4.0,0.0,1.0,0.0,1.0,1.0,1.0,0.0,0.0,4.0,0.0,1.0,0.0,1.0,1.0,1.0,0.0,0.0,5.0,1.0,,0.0,,earthquake,9.0,1.0,0.5625,0.72,0.0,0.0,0.0,0.0
earthquake,5,4,new,150,0.0218137861229479,0,4.0,0.0,1.0,0.0,1.0,1.0,1.0,0.0,0.0,4.0,0.0,1.0,0.0,1.0,1.0,1.0,0.0,0.0,5.0,1.0,,0.0,,earthquake,9.0,1.0,0.5625,0.72,0.0,0.0,0.0,0.0
earthquake,5,4,new,8823,0.0197906121611595,0,4.0,0.0,1.0,0.0,1.0,1.0,1.0,0.0,0.0,4.0,0.0,1.0,0.0,1.0,1.0,1.0,0.0,0.0,5.0,1.0,,0.0,,earthquake,9.0,1.0,0.5625,0.72,0.0,0.0,0.0,0.0
earthquake,5,4,new,4669,0.0193507578223943,0,4.0,0.0,1.0,0.0,1.0,1.0,1.0,0.0,0.0,4.0,0.0,1.0,0.0,1.0,1.0,1.0,0.0,0.0,5.0,1.0,,0.0,,earthquake,9.0,1.0,0.5625,0.72,0.0,0.0,0.0,0.0
earthquake,5,4,new,6131,0.0211317581124603,0,4.0,0.0,1.0,0.0,1.0,1.0,1.0,0.0,0.0,4.0,0.0,1.0,0.0,1.0,1.0,1.0,0.0,0.0,5.0,1.0,,0.0,,earthquake,9.0,1.0,0.5625,0.72,0.0,0.0,0.0,0.0
earthquake,5,4,new,2617,0.018978287000209,0,4.0,0.0,1.0,0.0,1.0,1.0,1.0,0.0,0.0,4.0,0.0,1.0,0.0,1.0,1.0,1.0,0.0,0.0,5.0,1.0,,0.0,,earthquake,9.0,1.0,0.5625,0.72,0.0,0.0,0.0,0.0
earthquake,5,4,new,7166,0.0199073581025004,0,4.0,0.0,1.0,0.0,1.0,1.0,1.0,0.0,0.0,4.0,0.0,1.0,0.0,1.0,1.0,1.0,0.0,0.0,5.0,1.0,,0.0,,earthquake,9.0,1.0,0.5625,0.72,0.0,0.0,0.0,0.0
earthquake,5,4,new,1428,0.0204457901418209,0,4.0,0.0,1.0,0.0,1.0,1.0,1.0,0.0,0.0,4.0,0.0,1.0,0.0,1.0,1.0,1.0,0.0,0.0,5.0,1.0,,0.0,,earthquake,9.0,1.0,0.5625,0.72,0.0,0.0,0.0,0.0
earthquake,5,4,new,8328,0.0200448161922395,0,4.0,0.0,1.0,0.0,1.0,1.0,1.0,0.0,0.0,4.0,0.0,1.0,0.0,1.0,1.0,1.0,0.0,0.0,5.0,1.0,,0.0,,earthquake,9.0,1.0,0.5625,0.72,0.0,0.0,0.0,0.0
earthquake,5,4,new,8289,0.0193288531154394,0,4.0,0.0,1.0,0.0,1.0,1.0,1.0,0.0,0.0,4.0,0.0,1.0,0.0,1.0,1.0,1.0,0.0,0.0,5.0,1.0,,0.0,,earthquake,9.0,1.0,0.5625,0.72,0.0,0.0,0.0,0.0
earthquake,5,4,new,5978,0.0196075420826673,0,4.0,0.0,1.0,0.0,1.0,1.0,1.0,0.0,0.0,4.0,0.0,1.0,0.0,1.0,1.0,1.0,0.0,0.0,5.0,1.0,,0.0,,earthquake,9.0,1.0,0.5625,0.72,0.0,0.0,0.0,0.0
earthquake,5,4,new,5511,0.0188298621214926,0,4.0,0.0,1.0,0.0,1.0,1.0,1.0,0.0,0.0,4.0,0.0,1.0,0.0,1.0,1.0,1.0,0.0,0.0,5.0,1.0,,0.0,,earthquake,9.0,1.0,0.5625,0.72,0.0,0.0,0.0,0.0
earthquake,5,4,new,5864,0.0191270178183913,0,4.0,0.0,1.0,0.0,1.0,1.0,1.0,0.0,0.0,4.0,0.0,1.0,0.0,1.0,1.0,1.0,0.0,0.0,5.0,1.0,,0.0,,earthquake,9.0,1.0,0.5625,0.72,0.0,0.0,0.0,0.0
earthquake,5,4,new,606,0.0315218162722885,5,5.0,0.2,1.0,0.1667,0.8,1.0,0.8889,1.0,0.0,5.0,0.2,1.0,0.1667,0.8,1.0,0.8889,1.0,0.0,14.0,0.9975105075031312,0.9814814814814816,0.913793103448276,0.9464285714285714,earthquake,9.0,1.0,0.5625,0.72,0.0,0.0,0.0,0.0
earthquake,5,4,new,1933,0.019775103777647,0,4.0,0.0,1.0,0.0,1.0,1.0,1.0,0.0,0.0,4.0,0.0,1.0,0.0,1.0,1.0,1.0,0.0,0.0,5.0,1.0,,0.0,,earthquake,9.0,1.0,0.5625,0.72,0.0,0.0,0.0,0.0
earthquake,5,4,new,6071,0.0193147826939821,0,4.0,0.0,1.0,0.0,1.0,1.0,1.0,0.0,0.0,4.0,0.0,1.0,0.0,1.0,1.0,1.0,0.0,0.0,5.0,1.0,,0.0,,earthquake,9.0,1.0,0.5625,0.72,0.0,0.0,0.0,0.0
earthquake,5,4,new,5504,0.0197445712983608,0,4.0,0.0,1.0,0.0,1.0,1.0,1.0,0.0,0.0,4.0,0.0,1.0,0.0,1.0,1.0,1.0,0.0,0.0,5.0,1.0,,0.0,,earthquake,9.0,1.0,0.5625,0.72,0.0,0.0,0.0,0.0
earthquake,5,4,new,5163,0.0220052869990468,0,4.0,0.0,1.0,0.0,1.0,1.0,1.0,0.0,0.0,4.0,0.0,1.0,0.0,1.0,1.0,1.0,0.0,0.0,5.0,1.0,,0.0,,earthquake,9.0,1.0,0.5625,0.72,0.0,0.0,0.0,0.0
earthquake,5,4,new,2406,0.0194741580635309,0,4.0,0.0,1.0,0.0,1.0,1.0,1.0,0.0,0.0,4.0,0.0,1.0,0.0,1.0,1.0,1.0,0.0,0.0,5.0,1.0,,0.0,,earthquake,9.0,1.0,0.5625,0.72,0.0,0.0,0.0,0.0
earthquake,5,4,new,304,0.0190456509590148,0,4.0,0.0,1.0,0.0,1.0,1.0,1.0,0.0,0.0,4.0,0.0,1.0,0.0,1.0,1.0,1.0,0.0,0.0,5.0,1.0,,0.0,,earthquake,9.0,1.0,0.5625,0.72,0.0,0.0,0.0,0.0
earthquake,5,4,new,3391,0.0207939110696315,0,4.0,0.0,1.0,0.0,1.0,1.0,1.0,0.0,0.0,4.0,0.0,1.0,0.0,1.0,1.0,1.0,0.0,0.0,5.0,1.0,,0.0,,earthquake,9.0,1.0,0.5625,0.72,0.0,0.0,0.0,0.0
earthquake,5,4,new,359,0.0195637042634189,0,4.0,0.0,1.0,0.0,1.0,1.0,1.0,0.0,0.0,4.0,0.0,1.0,0.0,1.0,1.0,1.0,0.0,0.0,5.0,1.0,,0.0,,earthquake,9.0,1.0,0.5625,0.72,0.0,0.0,0.0,0.0
earthquake,5,4,new,9096,0.0194386709481477,0,4.0,0.0,1.0,0.0,1.0,1.0,1.0,0.0,0.0,4.0,0.0,1.0,0.0,1.0,1.0,1.0,0.0,0.0,5.0,1.0,,0.0,,earthquake,9.0,1.0,0.5625,0.72,0.0,0.0,0.0,0.0
earthquake,5,4,new,3533,0.0204958990216255,0,4.0,0.0,1.0,0.0,1.0,1.0,1.0,0.0,0.0,4.0,0.0,1.0,0.0,1.0,1.0,1.0,0.0,0.0,5.0,1.0,,0.0,,earthquake,9.0,1.0,0.5625,0.72,0.0,0.0,0.0,0.0
earthquake,5,4,new,4125,0.0190306073054671,0,4.0,0.0,1.0,0.0,1.0,1.0,1.0,0.0,0.0,4.0,0.0,1.0,0.0,1.0,1.0,1.0,0.0,0.0,5.0,1.0,,0.0,,earthquake,9.0,1.0,0.5625,0.72,0.0,0.0,0.0,0.0
earthquake,5,4,new,3094,0.0215045572258532,0,4.0,0.0,1.0,0.0,1.0,1.0,1.0,0.0,0.0,4.0,0.0,1.0,0.0,1.0,1.0,1.0,0.0,0.0,5.0,1.0,,0.0,,earthquake,9.0,1.0,0.5625,0.72,0.0,0.0,0.0,0.0
earthquake,5,4,new,6398,0.0209553497843444,0,4.0,0.0,1.0,0.0,1.0,1.0,1.0,0.0,0.0,4.0,0.0,1.0,0.0,1.0,1.0,1.0,0.0,0.0,5.0,1.0,,0.0,,earthquake,9.0,1.0,0.5625,0.72,0.0,0.0,0.0,0.0
sachs,11,17,org,7816,5.154621579218656,70,16.0,0.3375,0.62354,0.1421199999999999,0.6625,0.62354,0.64246,6.4,30.4,16.0,0.0,0.9412,0.0,0.375,0.3529,0.3636,5.0,18.0,46.0,0.9998066283317136,1.0,0.9435318275154004,0.97094558901215,sachs,,,,,,,,
sachs,11,17,org,3578,5.878884610719979,87,16.0,0.3625,0.6,0.1526399999999999,0.6375,0.6,0.61822,6.8,31.4,16.0,0.0,0.9412,0.0,0.125,0.1176,0.1212,1.0,3.0,46.0,0.9997713945560296,1.0,0.9237995824634656,0.9603906673901248,sachs,,,,,,,,
sachs,11,17,org,2656,4.759098715148866,59,16.0,0.3,0.6588399999999999,0.12634,0.7,0.6588399999999999,0.67882,5.8,28.4,16.0,0.0,0.9412,0.0,0.125,0.1176,0.1212,1.0,3.0,46.0,0.9997136104960984,0.998875140607424,0.9477054429028816,0.972617743702081,sachs,,,,,,,,
sachs,11,17,org,2688,5.269129311200231,90,16.0,0.1125,0.8352999999999999,0.04734,0.8875,0.8352999999999999,0.8606200000000002,2.8,5.4,16.0,0.0,0.9412,0.0,0.125,0.1176,0.1212,1.0,1.0,40.0,0.9995524066269424,1.0,0.9216494845360824,0.9592274678111588,sachs,,,,,,,,
sachs,11,17,org,2494,6.069995305035263,109,16.0,0.1375,0.8117600000000001,0.05786,0.8625,0.8117600000000001,0.8363800000000001,3.2,13.2,16.0,0.0,0.9412,0.0,0.125,0.1176,0.1212,1.0,1.0,40.0,0.9992947085951164,1.0,0.9095427435387674,0.952628839146278,sachs,,,,,,,,
sachs,11,17,org,183,5.743459412828088,83,16.0,0.15,0.8,0.06314,0.85,0.8,0.82426,3.4,11.4,16.0,0.0,0.9412,0.0,0.125,0.1176,0.1212,1.0,1.0,40.0,0.999856487628184,1.0,0.9282786885245902,0.9628055260361318,sachs,,,,,,,,
sachs,11,17,org,7977,3.939632270019501,34,16.0,0.3,0.65884,0.1263399999999999,0.7,0.65884,0.67882,5.8,28.4,16.0,0.0,0.9412,0.0,0.375,0.3529,0.3636,5.0,18.0,46.0,0.9998686340712988,0.998931623931624,0.9780334728033472,0.9883720930232558,sachs,,,,,,,,
sachs,11,17,org,3199,3.7966452296823263,34,16.0,0.325,0.6353,0.1368599999999999,0.675,0.6353,0.6545799999999999,6.2,34.2,16.0,0.0,0.9412,0.0,0.125,0.1176,0.1212,1.0,3.0,46.0,0.9998535788485436,1.0,0.9764957264957264,0.988108108108108,sachs,,,,,,,,
sachs,11,17,org,316,5.982722840737552,87,16.0,0.2125,0.74118,0.0894599999999999,0.7875,0.74118,0.76366,4.4,26.4,16.0,0.0,0.9412,0.0,0.125,0.1176,0.1212,1.0,3.0,46.0,0.9996492639161964,1.0,0.9222903885480572,0.9595744680851064,sachs,,,,,,,,
sachs,11,17,org,8266,5.665929228067398,88,17.0,0.1294,0.8705999999999999,0.05786,0.8705999999999999,0.8705999999999999,0.8705999999999999,2.2,10.2,17.0,0.0,1.0,0.0,0.1176,0.1176,0.1176,0.0,0.0,46.0,0.9996669197996196,1.0,0.9253279515640768,0.961215932914046,sachs,,,,,,,,
sachs,11,17,org,1532,6.110046464949846,100,16.0,0.4125,0.55294,0.17368,0.5875,0.55294,0.56972,7.6,31.6,16.0,0.0,0.9412,0.0,0.125,0.1176,0.1212,1.0,1.0,40.0,0.9994207601466778,1.0,0.9124748490945674,0.9542346133613888,sachs,,,,,,,,
sachs,11,17,org,1009,5.461899165995419,101,17.0,0.2,0.8,0.08946,0.8,0.8,0.8,3.4,21.4,17.0,0.0,1.0,0.0,0.1176,0.1176,0.1176,0.0,0.0,46.0,0.9995732555595812,1.0,0.9105263157894736,0.9531680440771352,sachs,,,,,,,,
sachs,11,17,org,2250,6.187703393865377,98,16.0,0.4,0.5647,0.16842,0.6,0.5647,0.5818399999999999,7.4,41.4,16.0,0.0,0.9412,0.0,0.125,0.1176,0.1212,1.0,3.0,46.0,0.9996301449763224,1.0,0.9195046439628484,0.9580645161290322,sachs,,,,,,,,
sachs,11,17,org,4447,6.5410280167125165,124,17.0,0.44706,0.55294,0.19998,0.55294,0.55294,0.55294,7.6,39.6,17.0,0.0,1.0,0.0,0.1176,0.1176,0.1176,0.0,0.0,46.0,0.9992527354900084,1.0,0.8931750741839762,0.9435736677115988,sachs,,,,,,,,
sachs,11,17,org,2415,6.857932238839567,108,16.0,0.3375,0.62354,0.14212,0.6625,0.62354,0.64246,6.4,33.4,16.0,0.125,0.8234999999999999,0.0526,0.125,0.1176,0.1212,3.0,22.0,62.0,0.9997561454238127,1.0,0.9035897435897436,0.949353448275862,sachs,,,,,,,,
sachs,11,17,org,3595,3.69849172513932,28,16.0,0.4,0.5647,0.16842,0.6,0.5647,0.5818399999999999,7.4,36.4,16.0,0.0,0.9412,0.0,0.125,0.1176,0.1212,1.0,1.0,40.0,0.9998589831515974,0.9989594172736732,0.98159509202454,0.9902011346054668,sachs,,,,,,,,
sachs,11,17,org,4187,6.057179155293852,91,16.0,0.475,0.4941199999999999,0.19998,0.525,0.4941199999999999,0.50908,8.6,37.6,16.0,0.0,0.9412,0.0,0.125,0.1176,0.1212,1.0,1.0,40.0,0.9997143264183058,1.0,0.91866527632951,0.957608695652174,sachs,,,,,,,,
sachs,11,17,org,4135,4.8202744969166815,61,16.0,0.4,0.5647,0.16842,0.6,0.5647,0.58184,7.4,36.4,16.0,0.0,0.9412,0.0,0.375,0.3529,0.3636,5.0,18.0,46.0,0.9998918037473292,1.0,0.947906026557712,0.97325642370215,sachs,,,,,,,,
sachs,11,17,org,5174,6.155735328793526,91,17.0,0.4,0.6,0.17894,0.6,0.6,0.6,6.8,39.4,17.0,0.0,1.0,0.0,0.1176,0.1176,0.1176,0.0,0.0,46.0,0.9997984791441634,0.9989082969432316,0.9168336673346692,0.9561128526645768,sachs,,,,,,,,
sachs,11,17,org,5303,4.5144423097372055,52,16.0,0.4,0.5647,0.16842,0.6,0.5647,0.5818399999999999,7.4,36.4,16.0,0.0,0.9412,0.0,0.125,0.1176,0.1212,1.0,1.0,40.0,0.999878333920091,1.0,0.9583333333333334,0.9787234042553192,sachs,,,,,,,,
sachs,11,17,org,3942,5.339956484735012,89,17.0,0.14116,0.85884,0.06314,0.85884,0.85884,0.85884,2.4,13.4,17.0,0.0,1.0,0.0,0.1176,0.1176,0.1176,0.0,0.0,46.0,0.9996326843908188,1.0,0.923155737704918,0.960042621204049,sachs,,,,,,,,
sachs,11,17,org,2778,3.410135798156261,21,17.0,0.2,0.8,0.08946,0.8,0.8,0.8,3.4,18.4,17.0,0.0,1.0,0.0,0.1176,0.1176,0.1176,0.0,0.0,46.0,0.9999359235684688,0.9989669421487604,0.9897645854657112,0.994344473007712,sachs,,,,,,,,
sachs,11,17,org,2804,6.443446638062596,123,16.0,0.225,0.72942,0.09474,0.775,0.72942,0.75154,4.6,22.0,16.0,0.0,0.9412,0.0,0.125,0.1176,0.1212,1.0,3.0,46.0,0.9994120489149044,1.0,0.8941532258064516,0.9441192123469933,sachs,,,,,,,,
sachs,11,17,org,2145,5.382097505964339,77,17.0,0.1647,0.8352999999999999,0.0736599999999999,0.8352999999999999,0.8352999999999999,0.8352999999999999,2.8,8.4,17.0,0.0,1.0,0.0,0.1176,0.1176,0.1176,0.0,0.0,46.0,0.999729036733296,1.0,0.9303534303534304,0.9639203015616584,sachs,,,,,,,,
sachs,11,17,org,150,4.997201615944505,71,16.0,0.2875,0.6706,0.1210599999999999,0.7125,0.6706,0.69094,5.6,27.6,16.0,0.0,0.9412,0.0,0.125,0.1176,0.1212,1.0,3.0,46.0,0.9998668893527062,1.0,0.9419354838709676,0.9700996677740864,sachs,,,,,,,,
sachs,11,17,org,8823,6.968385800719261,67,16.0,0.3375,0.62354,0.14212,0.6625,0.62354,0.64246,6.4,30.4,16.0,0.0,0.9412,0.0,0.125,0.1176,0.1212,1.0,3.0,46.0,0.9993458458072112,0.9957627118644068,0.9428284854563692,0.9685729005667182,sachs,,,,,,,,
sachs,11,17,org,4669,4.781438081990928,64,16.0,0.2125,0.74118,0.08946,0.7875,0.74118,0.76366,4.4,21.4,16.0,0.0,0.9412,0.0,0.375,0.3529,0.3636,5.0,18.0,46.0,0.9996691100066332,0.998843930635838,0.9432314410480348,0.970241437394722,sachs,,,,,,,,
sachs,11,17,org,6131,4.549448906444013,64,16.0,0.3,0.65884,0.1263399999999999,0.7,0.65884,0.67882,5.8,25.4,16.0,0.0,0.9412,0.0,0.125,0.1176,0.1212,1.0,1.0,40.0,0.9997744890853576,1.0,0.9458631256384066,0.9721784776902888,sachs,,,,,,,,
sachs,11,17,org,2617,4.040720341261476,37,16.0,0.2125,0.74118,0.08946,0.7875,0.74118,0.76366,4.4,21.4,16.0,0.0,0.9412,0.0,0.125,0.1176,0.1212,1.0,3.0,46.0,0.9998725004408252,0.9989495798319328,0.9733879222108496,0.9860031104199066,sachs,,,,,,,,
sachs,11,17,org,7166,5.632379120215774,79,16.0,0.2625,0.69414,0.11054,0.7375,0.69414,0.7151799999999999,5.2,27.2,16.0,0.0,0.9412,0.0,0.125,0.1176,0.1212,1.0,3.0,46.0,0.9998781760294304,1.0,0.9304703476482618,0.9639830508474576,sachs,,,,,,,,
sachs,11,17,org,1428,5.12021064106375,74,16.0,0.2125,0.74118,0.0894599999999999,0.7875,0.74118,0.76366,4.4,26.4,16.0,0.0,0.9412,0.0,0.125,0.1176,0.1212,1.0,3.0,46.0,0.9997987418642482,1.0,0.9344432882414152,0.9661108122646584,sachs,,,,,,,,
sachs,11,17,org,8328,3.9469809872098263,31,17.0,0.4352999999999999,0.5647,0.19472,0.5647,0.5647,0.5647,7.4,36.4,17.0,0.0,1.0,0.0,0.1176,0.1176,0.1176,0.0,0.0,46.0,0.9998932148670894,1.0,0.9799196787148594,0.9898580121703854,sachs,,,,,,,,
sachs,11,17,org,8289,4.690608451142907,57,17.0,0.51764,0.48236,0.23156,0.48236,0.48236,0.48236,8.8,41.4,17.0,0.0,1.0,0.0,0.1176,0.1176,0.1176,0.0,0.0,46.0,0.999822409480258,1.0,0.9568788501026694,0.9779643231899264,sachs,,,,,,,,
sachs,11,17,org,5978,5.5063628582283854,82,16.0,0.275,0.6823599999999999,0.1157999999999999,0.725,0.6823599999999999,0.70306,5.4,25.4,16.0,0.0,0.9412,0.0,0.125,0.1176,0.1212,1.0,1.0,40.0,0.9997720375918624,1.0,0.9293032786885246,0.9633563462559744,sachs,,,,,,,,
sachs,11,17,org,5511,4.711437437217683,60,16.0,0.2125,0.7411800000000001,0.08946,0.7875,0.7411800000000001,0.76366,4.4,26.4,16.0,0.0,0.9412,0.0,0.125,0.1176,0.1212,1.0,3.0,46.0,0.9998021100494414,1.0,0.9509906152241918,0.974879743452699,sachs,,,,,,,,
sachs,11,17,org,5864,4.26944460067898,43,17.0,0.4,0.6,0.17894,0.6,0.6,0.6,6.8,35.4,17.0,0.0,1.0,0.0,0.1176,0.1176,0.1176,0.0,0.0,46.0,0.9999020914331024,1.0,0.9662921348314608,0.9828571428571428,sachs,,,,,,,,
sachs,11,17,org,606,3.963507464621216,40,17.0,0.18824,0.8117599999999999,0.0842,0.8117599999999999,0.8117599999999999,0.8117599999999999,3.2,21.2,17.0,0.0,1.0,0.0,0.1176,0.1176,0.1176,0.0,0.0,46.0,0.9999547465352604,1.0,0.96760710553814,0.9835369091874668,sachs,,,,,,,,
sachs,11,17,org,1933,6.556486418005079,60,16.0,0.2375,0.7176600000000001,0.0999999999999999,0.7625,0.7176600000000001,0.7394200000000001,5.8,20.4,16.0,0.0625,0.8824,0.0263,0.125,0.1176,0.1212,3.0,6.0,45.0,0.9996953278279048,0.9989837398373984,0.954368932038835,0.9761668321747764,sachs,,,,,,,,
sachs,11,17,org,6071,5.2041898760944605,64,17.0,0.22354,0.77646,0.0999999999999999,0.77646,0.77646,0.77646,3.8,24.4,17.0,0.0,1.0,0.0,0.1176,0.1176,0.1176,0.0,0.0,46.0,0.9997399700015088,0.9989395546129376,0.9515151515151516,0.97465080186239,sachs,,,,,,,,
sachs,11,17,org,5504,4.6679237727075815,63,16.0,0.4625,0.50588,0.19472,0.5375,0.50588,0.52122,8.4,37.4,16.0,0.0,0.9412,0.0,0.375,0.3529,0.3636,5.0,18.0,46.0,0.9998020619242792,1.0,0.9416058394160584,0.9699248120300752,sachs,,,,,,,,
sachs,11,17,org,5163,5.781566376797855,108,16.0,0.15,0.8,0.06314,0.85,0.8,0.82426,3.4,13.4,16.0,0.0,0.9412,0.0,0.125,0.1176,0.1212,1.0,1.0,40.0,0.9991769442722672,1.0,0.9083419155509784,0.951969778737183,sachs,,,,,,,,
sachs,11,17,org,2406,5.301578588783741,96,17.0,0.15294,0.8470600000000001,0.0683999999999999,0.8470600000000001,0.8470600000000001,0.8470600000000001,2.6,14.0,17.0,0.0,1.0,0.0,0.1176,0.1176,0.1176,0.0,0.0,46.0,0.9996780860566782,1.0,0.9154639175257732,0.9558665231431648,sachs,,,,,,,,
sachs,11,17,org,304,4.555258067790419,51,17.0,0.1647,0.8352999999999999,0.0736599999999999,0.8352999999999999,0.8352999999999999,0.8352999999999999,2.8,8.4,17.0,0.0,1.0,0.0,0.1176,0.1176,0.1176,0.0,0.0,46.0,0.9997894441342104,0.9989539748953976,0.9578736208625878,0.9779825908858168,sachs,,,,,,,,
sachs,11,17,org,3391,3.407300892751664,17,17.0,0.34116,0.65884,0.15264,0.65884,0.65884,0.65884,5.8,28.4,17.0,0.0,1.0,0.0,0.1176,0.1176,0.1176,0.0,0.0,46.0,0.9998639641443002,0.9949494949494948,0.9909456740442656,0.9929435483870968,sachs,,,,,,,,
sachs,11,17,org,359,6.008942324668169,93,16.0,0.4625,0.50588,0.19472,0.5375,0.50588,0.52122,8.4,42.4,16.0,0.0,0.9412,0.0,0.375,0.3529,0.3636,5.0,18.0,46.0,0.9996362985943746,0.9988623435722412,0.9164926931106472,0.9559063690800218,sachs,,,,,,,,
sachs,11,17,org,9096,5.039758543018252,80,16.0,0.2375,0.71766,0.0999999999999999,0.7625,0.71766,0.7394200000000001,4.8,27.4,16.0,0.0,0.9412,0.0,0.125,0.1176,0.1212,1.0,3.0,46.0,0.9996291377601816,1.0,0.9291666666666668,0.9632829373650108,sachs,,,,,,,,
sachs,11,17,org,3533,4.716808991972357,57,16.0,0.175,0.7764599999999999,0.0736599999999999,0.825,0.7764599999999999,0.80002,3.8,14.4,16.0,0.0,0.9412,0.0,0.125,0.1176,0.1212,1.0,3.0,46.0,0.99986270401417,1.0,0.9519918283963228,0.9754055468341184,sachs,,,,,,,,
sachs,11,17,org,4125,4.181141228880733,45,16.0,0.2875,0.6706,0.1210599999999999,0.7125,0.6706,0.69094,5.6,28.6,16.0,0.0,0.9412,0.0,0.125,0.1176,0.1212,1.0,1.0,40.0,0.9997912871285216,1.0,0.9641760491299898,0.9817613340281396,sachs,,,,,,,,
sachs,11,17,org,3094,4.385175245348364,45,16.0,0.2125,0.7411800000000001,0.08946,0.7875,0.7411800000000001,0.76366,4.4,26.4,16.0,0.0,0.9412,0.0,0.125,0.1176,0.1212,1.0,3.0,46.0,0.999883890665902,0.998960498960499,0.9638916750250752,0.98111281265952,sachs,,,,,,,,
sachs,11,17,org,6398,5.215770531911403,73,17.0,0.44706,0.55294,0.19998,0.55294,0.55294,0.55294,7.6,36.6,17.0,0.0,1.0,0.0,0.1176,0.1176,0.1176,0.0,0.0,46.0,0.999839443454364,1.0,0.9385245901639344,0.9682875264270614,sachs,,,,,,,,
sachs,11,17,new,7816,4.537130440119654,70,16.0,0.15,0.8,0.06314,0.85,0.8,0.82426,3.4,11.2,16.0,0.0,0.9412,0.0,0.125,0.1176,0.1212,1.0,3.0,46.0,0.9998066283317136,1.0,0.9435318275154004,0.97094558901215,sachs,7.0,1.0,0.0752688172,0.14,5.0,0.4,0.11764705880000001,0.1818181818
sachs,11,17,new,3578,4.93952871998772,87,16.0,0.275,0.68236,0.1157999999999999,0.725,0.68236,0.70306,5.4,27.6,16.0,0.0,0.9412,0.0,0.125,0.1176,0.1212,1.0,3.0,46.0,0.9997713945560296,1.0,0.9237995824634656,0.9603906673901248,sachs,7.0,1.0,0.0752688172,0.14,5.0,0.4,0.11764705880000001,0.1818181818
sachs,11,17,new,2656,4.121902282815427,59,16.0,0.15,0.8,0.06314,0.85,0.8,0.82426,3.4,11.2,16.0,0.0,0.9412,0.0,0.125,0.1176,0.1212,1.0,3.0,46.0,0.9997136104960984,0.998875140607424,0.9477054429028816,0.972617743702081,sachs,7.0,1.0,0.0752688172,0.14,5.0,0.4,0.11764705880000001,0.1818181818
sachs,11,17,new,2688,4.70082954922691,90,16.6,0.38456,0.6,0.16842,0.61544,0.6,0.6075,6.8,31.0,16.6,0.0,0.97648,0.0,0.12056,0.1176,0.1190399999999999,0.4,1.2,46.0,0.9995524066269424,1.0,0.9216494845360824,0.9592274678111588,sachs,7.0,1.0,0.0752688172,0.14,5.0,0.4,0.11764705880000001,0.1818181818
sachs,11,17,new,2494,5.1622108169831336,109,17.0,0.24706,0.7529399999999999,0.11054,0.7529399999999999,0.7529399999999999,0.7529399999999999,4.2,24.4,17.0,0.0,1.0,0.0,0.1176,0.1176,0.1176,0.0,0.0,46.0,0.9992947085951164,1.0,0.9095427435387674,0.952628839146278,sachs,7.0,1.0,0.0752688172,0.14,5.0,0.4,0.11764705880000001,0.1818181818
sachs,11,17,new,183,4.892099434975535,83,16.8,0.17868,0.8117599999999999,0.0789199999999999,0.82132,0.8117599999999999,0.8164,3.2,14.8,16.8,0.0,0.98824,0.0,0.1190799999999999,0.1176,0.11832,0.2,0.6,46.0,0.999856487628184,1.0,0.9282786885245902,0.9628055260361318,sachs,7.0,1.0,0.0752688172,0.14,5.0,0.4,0.11764705880000001,0.1818181818
sachs,11,17,new,7977,3.4704330186359584,34,16.6,0.22868,0.7529399999999999,0.1,0.77132,0.7529399999999999,0.7618600000000001,4.2,25.2,16.6,0.0,0.97648,0.0,0.12056,0.1176,0.11904,0.4,1.2,46.0,0.9998686340712988,0.998931623931624,0.9780334728033472,0.9883720930232558,sachs,7.0,1.0,0.0752688172,0.14,5.0,0.4,0.11764705880000001,0.1818181818
sachs,11,17,new,3199,3.3260163539089262,34,16.0,0.325,0.6353,0.13684,0.675,0.6353,0.65458,6.2,29.6,16.0,0.0,0.9412,0.0,0.375,0.3529,0.3636,5.0,18.0,46.0,0.9998535788485436,1.0,0.9764957264957264,0.988108108108108,sachs,7.0,1.0,0.0752688172,0.14,5.0,0.4,0.11764705880000001,0.1818181818
sachs,11,17,new,316,4.983020689338446,87,16.0,0.1625,0.7882399999999999,0.0683999999999999,0.8375,0.7882399999999999,0.8121400000000001,3.6,15.0,16.0,0.0,0.9412,0.0,0.125,0.1176,0.1212,1.0,3.0,46.0,0.9996492639161964,1.0,0.9222903885480572,0.9595744680851064,sachs,7.0,1.0,0.0752688172,0.14,5.0,0.4,0.11764705880000001,0.1818181818
sachs,11,17,new,8266,4.792637934908271,88,17.0,0.18824,0.8117599999999999,0.0841999999999999,0.8117599999999999,0.8117599999999999,0.8117599999999999,3.2,14.2,17.0,0.0,1.0,0.0,0.1176,0.1176,0.1176,0.0,0.0,46.0,0.9996669197996196,1.0,0.9253279515640768,0.961215932914046,sachs,7.0,1.0,0.0752688172,0.14,5.0,0.4,0.11764705880000001,0.1818181818
sachs,11,17,new,1532,5.2772502498701215,100,16.8,0.17794,0.8117599999999999,0.07894,0.8220600000000001,0.8117599999999999,0.81676,3.2,14.4,16.8,0.0,0.98824,0.0,0.1190799999999999,0.1176,0.11832,0.2,0.6,46.0,0.9994207601466778,1.0,0.9124748490945674,0.9542346133613888,sachs,7.0,1.0,0.0752688172,0.14,5.0,0.4,0.11764705880000001,0.1818181818
sachs,11,17,new,1009,4.689091133885086,101,17.0,0.2,0.8,0.0894599999999999,0.8,0.8,0.8,3.4,18.8,17.0,0.0,1.0,0.0,0.1176,0.1176,0.1176,0.0,0.0,46.0,0.9995732555595812,1.0,0.9105263157894736,0.9531680440771352,sachs,7.0,1.0,0.0752688172,0.14,5.0,0.4,0.11764705880000001,0.1818181818
sachs,11,17,new,2250,5.235816954635084,98,17.0,0.1294,0.8705999999999999,0.05786,0.8705999999999999,0.8705999999999999,0.8705999999999999,2.2,6.8,17.0,0.0,1.0,0.0,0.1176,0.1176,0.1176,0.0,0.0,46.0,0.9996301449763224,1.0,0.9195046439628484,0.9580645161290322,sachs,7.0,1.0,0.0752688172,0.14,5.0,0.4,0.11764705880000001,0.1818181818
sachs,11,17,new,4447,5.400331047363579,124,16.6,0.22868,0.7529399999999999,0.1,0.77132,0.7529399999999999,0.76186,4.2,20.2,16.6,0.0,0.97648,0.0,0.22056,0.21172,0.2159999999999999,2.0,7.2,46.0,0.9992527354900084,1.0,0.8931750741839762,0.9435736677115988,sachs,7.0,1.0,0.0752688172,0.14,5.0,0.4,0.11764705880000001,0.1818181818
sachs,11,17,new,2415,5.608678263612092,108,17.0,0.31764,0.68236,0.1421199999999999,0.68236,0.68236,0.68236,5.4,30.6,17.0,0.1176,0.8824,0.0526,0.1176,0.1176,0.1176,2.0,19.0,62.0,0.9997561454238127,1.0,0.9035897435897436,0.949353448275862,sachs,7.0,1.0,0.0752688172,0.14,5.0,0.4,0.11764705880000001,0.1818181818
sachs,11,17,new,3595,3.298990633804351,28,17.0,0.18824,0.8117599999999999,0.0841999999999999,0.8117599999999999,0.8117599999999999,0.8117599999999999,3.2,17.2,17.0,0.0,1.0,0.0,0.1176,0.1176,0.1176,0.0,0.0,46.0,0.9998589831515974,0.9989594172736732,0.98159509202454,0.9902011346054668,sachs,7.0,1.0,0.0752688172,0.14,5.0,0.4,0.11764705880000001,0.1818181818
sachs,11,17,new,4187,4.7167143281549215,91,16.0,0.2125,0.74118,0.08946,0.7875,0.74118,0.76366,4.4,18.8,16.0,0.0,0.9412,0.0,0.125,0.1176,0.1212,1.0,3.0,46.0,0.9997143264183058,1.0,0.91866527632951,0.957608695652174,sachs,7.0,1.0,0.0752688172,0.14,5.0,0.4,0.11764705880000001,0.1818181818
sachs,11,17,new,4135,4.1882428880780935,61,17.0,0.3646999999999999,0.6353,0.16316,0.6353,0.6353,0.6353,6.2,29.2,17.0,0.0,1.0,0.0,0.1176,0.1176,0.1176,0.0,0.0,46.0,0.9998918037473292,1.0,0.947906026557712,0.97325642370215,sachs,7.0,1.0,0.0752688172,0.14,5.0,0.4,0.11764705880000001,0.1818181818
sachs,11,17,new,5174,5.165039454586804,91,16.0,0.3375,0.62354,0.1421199999999999,0.6625,0.62354,0.64246,6.4,29.8,16.0,0.0,0.9412,0.0,0.125,0.1176,0.1212,1.0,3.0,46.0,0.9997984791441634,0.9989082969432316,0.9168336673346692,0.9561128526645768,sachs,7.0,1.0,0.0752688172,0.14,5.0,0.4,0.11764705880000001,0.1818181818
sachs,11,17,new,5303,3.7734027029946446,52,16.0,0.2625,0.69414,0.11054,0.7375,0.69414,0.7151799999999999,5.2,27.4,16.0,0.0,0.9412,0.0,0.125,0.1176,0.1212,1.0,3.0,46.0,0.999878333920091,1.0,0.9583333333333334,0.9787234042553192,sachs,7.0,1.0,0.0752688172,0.14,5.0,0.4,0.11764705880000001,0.1818181818
sachs,11,17,new,3942,4.610101568046957,89,16.0,0.2,0.7529399999999999,0.0841999999999999,0.8,0.7529399999999999,0.7757799999999999,4.2,20.2,16.0,0.0,0.9412,0.0,0.125,0.1176,0.1212,1.0,3.0,46.0,0.9996326843908188,1.0,0.923155737704918,0.960042621204049,sachs,7.0,1.0,0.0752688172,0.14,5.0,0.4,0.11764705880000001,0.1818181818
sachs,11,17,new,2778,3.1842183927074075,21,16.0,0.2625,0.69414,0.11054,0.7375,0.69414,0.71518,5.2,27.4,16.0,0.0,0.9412,0.0,0.125,0.1176,0.1212,1.0,3.0,46.0,0.9999359235684688,0.9989669421487604,0.9897645854657112,0.994344473007712,sachs,7.0,1.0,0.0752688172,0.14,5.0,0.4,0.11764705880000001,0.1818181818
sachs,11,17,new,2804,5.3498902609571815,123,16.4,0.2794,0.6941399999999999,0.1210599999999999,0.7205999999999999,0.6941399999999999,0.7069799999999999,5.2,27.8,16.4,0.0,0.96472,0.0,0.12204,0.1176,0.11976,0.6,1.8,46.0,0.9994120489149044,1.0,0.8941532258064516,0.9441192123469933,sachs,7.0,1.0,0.0752688172,0.14,5.0,0.4,0.11764705880000001,0.1818181818
sachs,11,17,new,2145,4.596594978123903,77,16.0,0.2625,0.69414,0.11054,0.7375,0.69414,0.7151799999999999,5.2,25.2,16.0,0.0,0.9412,0.0,0.375,0.3529,0.3636,5.0,18.0,46.0,0.999729036733296,1.0,0.9303534303534304,0.9639203015616584,sachs,7.0,1.0,0.0752688172,0.14,5.0,0.4,0.11764705880000001,0.1818181818
sachs,11,17,new,150,4.166440939996392,71,17.0,0.2,0.8,0.0894599999999999,0.8,0.8,0.8,3.4,15.8,17.0,0.0,1.0,0.0,0.1176,0.1176,0.1176,0.0,0.0,46.0,0.9998668893527062,1.0,0.9419354838709676,0.9700996677740864,sachs,7.0,1.0,0.0752688172,0.14,5.0,0.4,0.11764705880000001,0.1818181818
sachs,11,17,new,8823,5.575541956350207,67,17.0,0.1294,0.8705999999999999,0.05786,0.8705999999999999,0.8705999999999999,0.8705999999999999,2.2,6.8,17.0,0.0,1.0,0.0,0.1176,0.1176,0.1176,0.0,0.0,46.0,0.9993458458072112,0.9957627118644068,0.9428284854563692,0.9685729005667182,sachs,7.0,1.0,0.0752688172,0.14,5.0,0.4,0.11764705880000001,0.1818181818
sachs,11,17,new,4669,3.890109477099031,64,17.0,0.25882,0.7411800000000001,0.1157999999999999,0.7411800000000001,0.7411800000000001,0.7411800000000001,4.4,23.8,17.0,0.0,1.0,0.0,0.1176,0.1176,0.1176,0.0,0.0,46.0,0.9996691100066332,0.998843930635838,0.9432314410480348,0.970241437394722,sachs,7.0,1.0,0.0752688172,0.14,5.0,0.4,0.11764705880000001,0.1818181818
sachs,11,17,new,6131,3.874033231753856,64,17.0,0.18824,0.8117599999999999,0.0842,0.8117599999999999,0.8117599999999999,0.8117599999999999,3.2,14.2,17.0,0.0,1.0,0.0,0.1176,0.1176,0.1176,0.0,0.0,46.0,0.9997744890853576,1.0,0.9458631256384066,0.9721784776902888,sachs,7.0,1.0,0.0752688172,0.14,5.0,0.4,0.11764705880000001,0.1818181818
sachs,11,17,new,2617,3.583837830927223,37,16.4,0.3169,0.6588399999999999,0.13686,0.6830999999999999,0.6588399999999999,0.67062,5.8,28.0,16.4,0.0,0.96472,0.0,0.12204,0.1176,0.11976,0.6,1.8,46.0,0.9998725004408252,0.9989495798319328,0.9733879222108496,0.9860031104199066,sachs,7.0,1.0,0.0752688172,0.14,5.0,0.4,0.11764705880000001,0.1818181818
sachs,11,17,new,7166,4.635823350865394,79,17.0,0.17646,0.82354,0.07894,0.82354,0.82354,0.82354,3.0,13.0,17.0,0.0,1.0,0.0,0.1176,0.1176,0.1176,0.0,0.0,46.0,0.9998781760294304,1.0,0.9304703476482618,0.9639830508474576,sachs,7.0,1.0,0.0752688172,0.14,5.0,0.4,0.11764705880000001,0.1818181818
sachs,11,17,new,1428,4.340169759001583,74,17.0,0.27058,0.72942,0.1210599999999999,0.72942,0.72942,0.72942,4.6,23.0,17.0,0.0,1.0,0.0,0.1176,0.1176,0.1176,0.0,0.0,46.0,0.9997987418642482,1.0,0.9344432882414152,0.9661108122646584,sachs,7.0,1.0,0.0752688172,0.14,5.0,0.4,0.11764705880000001,0.1818181818
sachs,11,17,new,8328,3.4144610948860645,31,16.0,0.2,0.75294,0.0842,0.8,0.75294,0.77578,4.2,17.2,16.0,0.0,0.9412,0.0,0.125,0.1176,0.1212,1.0,3.0,46.0,0.9998932148670894,1.0,0.9799196787148594,0.9898580121703854,sachs,7.0,1.0,0.0752688172,0.14,5.0,0.4,0.11764705880000001,0.1818181818
sachs,11,17,new,8289,3.9055589120835066,57,16.0,0.2125,0.74118,0.08946,0.7875,0.74118,0.76366,4.4,18.8,16.0,0.0,0.9412,0.0,0.125,0.1176,0.1212,1.0,3.0,46.0,0.999822409480258,1.0,0.9568788501026694,0.9779643231899264,sachs,7.0,1.0,0.0752688172,0.14,5.0,0.4,0.11764705880000001,0.1818181818
sachs,11,17,new,5978,4.82979144109413,82,16.8,0.34486,0.64706,0.1526199999999999,0.6551400000000001,0.64706,0.65098,6.0,28.0,16.8,0.0,0.98824,0.0,0.1190799999999999,0.1176,0.11832,0.2,0.6,46.0,0.9997720375918624,1.0,0.9293032786885246,0.9633563462559744,sachs,7.0,1.0,0.0752688172,0.14,5.0,0.4,0.11764705880000001,0.1818181818
sachs,11,17,new,5511,3.924965627025813,60,16.4,0.3544,0.62354,0.15264,0.6456,0.62354,0.6342599999999999,6.4,29.8,16.4,0.0,0.96472,0.0,0.2720399999999999,0.2587799999999999,0.2652,3.0,10.8,46.0,0.9998021100494414,1.0,0.9509906152241918,0.974879743452699,sachs,7.0,1.0,0.0752688172,0.14,5.0,0.4,0.11764705880000001,0.1818181818
sachs,11,17,new,5864,3.702295203693211,43,17.0,0.2,0.8,0.0894599999999999,0.8,0.8,0.8,3.4,18.8,17.0,0.0,1.0,0.0,0.1176,0.1176,0.1176,0.0,0.0,46.0,0.9999020914331024,1.0,0.9662921348314608,0.9828571428571428,sachs,7.0,1.0,0.0752688172,0.14,5.0,0.4,0.11764705880000001,0.1818181818
sachs,11,17,new,606,3.5245822463184595,40,16.6,0.16838,0.8117599999999999,0.0736599999999999,0.83162,0.8117599999999999,0.8214,3.2,12.2,16.6,0.0,0.97648,0.0,0.12056,0.1176,0.1190399999999999,0.4,1.2,46.0,0.9999547465352604,1.0,0.96760710553814,0.9835369091874668,sachs,7.0,1.0,0.0752688172,0.14,5.0,0.4,0.11764705880000001,0.1818181818
sachs,11,17,new,1933,5.597296589054167,60,16.0,0.2625,0.69414,0.11054,0.7375,0.69414,0.71518,5.2,27.4,16.0,0.0,0.9412,0.0,0.125,0.1176,0.1212,1.0,3.0,46.0,0.9996953278279048,0.9989837398373984,0.954368932038835,0.9761668321747764,sachs,7.0,1.0,0.0752688172,0.14,5.0,0.4,0.11764705880000001,0.1818181818
sachs,11,17,new,6071,4.397895258851349,64,16.2,0.23456,0.72942,0.0999999999999999,0.76544,0.72942,0.7469,4.6,25.0,16.2,0.0,0.95296,0.0,0.1235199999999999,0.1176,0.1204799999999999,0.8,2.4,46.0,0.9997399700015088,0.9989395546129376,0.9515151515151516,0.97465080186239,sachs,7.0,1.0,0.0752688172,0.14,5.0,0.4,0.11764705880000001,0.1818181818
sachs,11,17,new,5504,3.8671514079906046,63,17.0,0.14116,0.85884,0.06314,0.85884,0.85884,0.85884,2.4,8.2,17.0,0.0,1.0,0.0,0.1176,0.1176,0.1176,0.0,0.0,46.0,0.9998020619242792,1.0,0.9416058394160584,0.9699248120300752,sachs,7.0,1.0,0.0752688172,0.14,5.0,0.4,0.11764705880000001,0.1818181818
sachs,11,17,new,5163,4.972942311316729,108,16.4,0.17132,0.8,0.0736599999999999,0.82868,0.8,0.8139200000000001,3.4,12.8,16.4,0.0,0.96472,0.0,0.12204,0.1176,0.11976,0.6,1.8,46.0,0.9991769442722672,1.0,0.9083419155509784,0.951969778737183,sachs,7.0,1.0,0.0752688172,0.14,5.0,0.4,0.11764705880000001,0.1818181818
sachs,11,17,new,2406,4.437085885088891,96,16.0,0.225,0.72942,0.09474,0.775,0.72942,0.7515400000000001,4.6,21.4,16.0,0.0,0.9412,0.0,0.125,0.1176,0.1212,1.0,3.0,46.0,0.9996780860566782,1.0,0.9154639175257732,0.9558665231431648,sachs,7.0,1.0,0.0752688172,0.14,5.0,0.4,0.11764705880000001,0.1818181818
sachs,11,17,new,304,3.8024736349470913,51,16.4,0.17132,0.8,0.0736599999999999,0.82868,0.8,0.8139200000000001,3.4,19.8,16.4,0.0,0.96472,0.0,0.12204,0.1176,0.11976,0.6,1.8,46.0,0.9997894441342104,0.9989539748953976,0.9578736208625878,0.9779825908858168,sachs,7.0,1.0,0.0752688172,0.14,5.0,0.4,0.11764705880000001,0.1818181818
sachs,11,17,new,3391,3.1003020741045475,17,17.0,0.18824,0.8117599999999999,0.0841999999999999,0.8117599999999999,0.8117599999999999,0.8117599999999999,3.2,20.4,17.0,0.0,1.0,0.0,0.1176,0.1176,0.1176,0.0,0.0,46.0,0.9998639641443002,0.9949494949494948,0.9909456740442656,0.9929435483870968,sachs,7.0,1.0,0.0752688172,0.14,5.0,0.4,0.11764705880000001,0.1818181818
sachs,11,17,new,359,4.918774571735412,93,16.0,0.3,0.65884,0.1263399999999999,0.7,0.65884,0.67882,5.8,27.6,16.0,0.0,0.9412,0.0,0.375,0.3529,0.3636,5.0,18.0,46.0,0.9996362985943746,0.9988623435722412,0.9164926931106472,0.9559063690800218,sachs,7.0,1.0,0.0752688172,0.14,5.0,0.4,0.11764705880000001,0.1818181818
sachs,11,17,new,9096,4.346965939737856,80,17.0,0.18824,0.8117599999999999,0.0841999999999999,0.8117599999999999,0.8117599999999999,0.8117599999999999,3.2,20.4,17.0,0.0,1.0,0.0,0.1176,0.1176,0.1176,0.0,0.0,46.0,0.9996291377601816,1.0,0.9291666666666668,0.9632829373650108,sachs,7.0,1.0,0.0752688172,0.14,5.0,0.4,0.11764705880000001,0.1818181818
sachs,11,17,new,3533,3.842319808900356,57,17.0,0.2,0.8,0.0894599999999999,0.8,0.8,0.8,3.4,18.8,17.0,0.0,1.0,0.0,0.1176,0.1176,0.1176,0.0,0.0,46.0,0.99986270401417,1.0,0.9519918283963228,0.9754055468341184,sachs,7.0,1.0,0.0752688172,0.14,5.0,0.4,0.11764705880000001,0.1818181818
sachs,11,17,new,4125,3.699467749800533,45,16.4,0.3073599999999999,0.67058,0.1315799999999999,0.69264,0.67058,0.6813,5.6,26.2,16.4,0.0,0.96472,0.0,0.12204,0.1176,0.11976,0.6,1.8,46.0,0.9997912871285216,1.0,0.9641760491299898,0.9817613340281396,sachs,7.0,1.0,0.0752688172,0.14,5.0,0.4,0.11764705880000001,0.1818181818
sachs,11,17,new,3094,3.885226229671389,45,17.0,0.18824,0.8117599999999999,0.0841999999999999,0.8117599999999999,0.8117599999999999,0.8117599999999999,3.2,20.4,17.0,0.0,1.0,0.0,0.1176,0.1176,0.1176,0.0,0.0,46.0,0.999883890665902,0.998960498960499,0.9638916750250752,0.98111281265952,sachs,7.0,1.0,0.0752688172,0.14,5.0,0.4,0.11764705880000001,0.1818181818
sachs,11,17,new,6398,4.261177434120327,73,16.0,0.2625,0.69414,0.11054,0.7375,0.69414,0.7151799999999999,5.2,27.4,16.0,0.0,0.9412,0.0,0.125,0.1176,0.1212,1.0,3.0,46.0,0.999839443454364,1.0,0.9385245901639344,0.9682875264270614,sachs,7.0,1.0,0.0752688172,0.14,5.0,0.4,0.11764705880000001,0.1818181818
