dataset,num_nodes,num_edges,impl,seed,time,remove_n,dag_nnz,dag_fdr,dag_tpr,dag_fpr,dag_precision,dag_recall,dag_F1,dag_shd,dag_sid,cpdag_nnz,cpdag_fdr,cpdag_tpr,cpdag_fpr,cpdag_precision,cpdag_recall,cpdag_F1,cpdag_shd,cpdag_sid_low,cpdag_sid_high,AP,CIT_Precision,CIT_Recall,CIT_F1,prior_filename,prior_forbidden_length,prior_forbidden_Precision,prior_forbidden_Recall,prior_forbidden_F1,prior_required_length,prior_required_Precision,prior_required_Recall,prior_required_F1
asia,8,8,org,7816,0.2567763300612569,137,4.0,0.3,0.35,0.06,0.7,0.35,0.4666599999999999,5.2,23.8,4.0,0.0,0.5,0.0,0.25,0.125,0.1667,6.0,16.0,31.0,0.9715343178921664,1.0,0.0232558139534883,0.0454545454545454,asia,,,,,,,,
asia,8,8,org,3578,0.2551490450277924,131,5.0,0.2,0.5,0.05,0.8,0.5,0.6154,4.0,21.0,5.0,0.0,0.625,0.0,0.6,0.375,0.4615,4.0,14.0,24.0,0.9751088465006924,1.0,0.0245901639344262,0.048,asia,,,,,,,,
asia,8,8,org,2656,0.2979207360185683,154,5.0,0.2,0.5,0.05,0.8,0.5,0.615375,4.0,20.0,5.0,0.0,0.625,0.0,0.6,0.375,0.4615,4.0,14.0,24.0,0.9778476574151512,1.0,0.0212765957446808,0.0416666666666666,asia,,,,,,,,
asia,8,8,org,2688,0.2522815279662609,131,5.0,0.2,0.5,0.05,0.8,0.5,0.6154,4.0,21.0,5.0,0.0,0.625,0.0,0.6,0.375,0.4615,4.0,14.0,24.0,0.974327183384578,1.0,0.024793388429752,0.0483870967741935,asia,,,,,,,,
asia,8,8,org,2494,0.2704541999846697,137,5.0,0.4000000000000001,0.375,0.1,0.6,0.375,0.4615333333333333,5.0,27.666666666666668,5.0,0.0,0.625,0.0,0.2,0.125,0.1538,6.0,22.0,37.0,0.9725753142927356,1.0,0.0234375,0.0458015267175572,asia,,,,,,,,
asia,8,8,org,183,0.2884051743894815,146,5.0,0.0,0.625,0.0,1.0,0.625,0.7692,3.0,14.0,5.0,0.0,0.625,0.0,0.6,0.375,0.4615,4.0,14.0,24.0,0.9738907369153766,1.0,0.0289855072463768,0.056338028169014,asia,,,,,,,,
asia,8,8,org,7977,0.2994351652450859,147,6.0,0.3333,0.5,0.1,0.6667,0.5,0.5714,4.0,25.0,6.0,0.0,0.75,0.0,0.6667,0.5,0.5714,3.0,13.0,28.0,0.974617931803113,1.0,0.028169014084507,0.0547945205479452,asia,,,,,,,,
asia,8,8,org,3199,0.3159627127461135,156,6.0,0.3333,0.5,0.1,0.6667,0.5,0.5714,4.0,25.0,6.0,0.0,0.75,0.0,0.6667,0.5,0.5714,3.0,13.0,28.0,0.9787014775164188,1.0,0.027027027027027,0.0526315789473684,asia,,,,,,,,
asia,8,8,org,316,0.2487691030837595,122,4.0,0.25,0.375,0.05,0.75,0.375,0.5,5.0,25.0,4.0,0.25,0.375,0.05,0.5,0.25,0.3333,7.0,25.0,35.0,0.9679662933107962,1.0,0.0181818181818181,0.0357142857142857,asia,,,,,,,,
asia,8,8,org,8266,0.2755861687473953,137,5.0,0.0,0.625,0.0,1.0,0.625,0.7692,3.0,14.0,5.0,0.0,0.625,0.0,0.6,0.375,0.4615,4.0,14.0,24.0,0.9739595239131816,1.0,0.0234375,0.0458015267175572,asia,,,,,,,,
asia,8,8,org,1532,0.2602874636650085,131,5.0,0.2,0.5,0.05,0.8,0.5,0.615375,4.0,20.0,5.0,0.0,0.625,0.0,0.6,0.375,0.4615,4.0,14.0,24.0,0.974349323952413,1.0,0.0245901639344262,0.048,asia,,,,,,,,
asia,8,8,org,1009,0.2903406517580151,142,5.0,0.2,0.5,0.05,0.8,0.5,0.6154,4.0,21.0,5.0,0.0,0.625,0.0,0.8,0.5,0.6154,4.0,16.0,31.0,0.9751396451517708,1.0,0.0225563909774436,0.0441176470588235,asia,,,,,,,,
asia,8,8,org,2250,0.2837378773838281,141,6.0,0.3333,0.5,0.1,0.6667,0.5,0.5714,4.0,25.0,6.0,0.0,0.75,0.0,0.6667,0.5,0.5714,3.0,13.0,28.0,0.9735676345236852,1.0,0.0291970802919708,0.0567375886524822,asia,,,,,,,,
asia,8,8,org,4447,0.2854044190607965,141,6.0,0.333325,0.5,0.1,0.666675,0.5,0.571425,4.0,24.0,6.0,0.0,0.75,0.0,0.6667,0.5,0.5714,3.0,13.0,28.0,0.9759763014410408,1.0,0.0296296296296296,0.0575539568345323,asia,,,,,,,,
asia,8,8,org,2415,0.3251640573143959,158,6.0,0.333325,0.5,0.1,0.666675,0.5,0.571425,4.0,24.0,6.0,0.0,0.75,0.0,0.6667,0.5,0.5714,3.0,13.0,28.0,0.9768136524384636,1.0,0.0273972602739726,0.0533333333333333,asia,,,,,,,,
asia,8,8,org,3595,0.2748385481536388,137,5.0,0.0,0.625,0.0,1.0,0.625,0.7692,3.0,14.0,5.0,0.0,0.625,0.0,0.6,0.375,0.4615,4.0,14.0,24.0,0.9745745447959278,1.0,0.0236220472440944,0.0461538461538461,asia,,,,,,,,
asia,8,8,org,4187,0.2660189541056752,132,5.0,0.4,0.375,0.1,0.6,0.375,0.4615,5.0,29.0,5.0,0.0,0.625,0.0,0.2,0.125,0.1538,6.0,22.0,37.0,0.9735665921668942,1.0,0.0241935483870967,0.0472440944881889,asia,,,,,,,,
asia,8,8,org,4135,0.2780307177454233,137,5.0,0.3,0.4375,0.075,0.7,0.4375,0.53845,4.5,22.5,5.0,0.0,0.625,0.0,0.6,0.375,0.4615,4.0,14.0,24.0,0.9744891687266788,1.0,0.0232558139534883,0.0454545454545454,asia,,,,,,,,
asia,8,8,org,5174,0.2644771342165768,131,4.0,0.25,0.375,0.05,0.75,0.375,0.5,5.0,23.0,4.0,0.0,0.5,0.0,0.25,0.125,0.1667,6.0,16.0,31.0,0.9736964758511624,1.0,0.0245901639344262,0.048,asia,,,,,,,,
asia,8,8,org,5303,0.2835730258375406,143,5.0,0.2,0.5,0.05,0.8,0.5,0.6154,4.0,21.0,5.0,0.0,0.625,0.0,0.6,0.375,0.4615,4.0,14.0,24.0,0.9740850861235408,1.0,0.0223880597014925,0.0437956204379562,asia,,,,,,,,
asia,8,8,org,3942,0.3015231871977448,149,6.0,0.3333,0.5,0.1,0.6667,0.5,0.5714,4.0,25.0,6.0,0.0,0.75,0.0,0.6667,0.5,0.5714,3.0,13.0,28.0,0.9751427889189664,1.0,0.0344827586206896,0.0666666666666666,asia,,,,,,,,
asia,8,8,org,2778,0.2662786263972521,137,5.0,0.1,0.5625,0.025,0.9,0.5625,0.6922999999999999,3.5,17.5,5.0,0.0,0.625,0.0,0.6,0.375,0.4615,4.0,14.0,24.0,0.9728482970272934,1.0,0.023076923076923,0.0451127819548872,asia,,,,,,,,
asia,8,8,org,2804,0.2902007140219211,141,5.0,0.2,0.5,0.05,0.8,0.5,0.615375,4.0,20.0,5.0,0.0,0.625,0.0,0.6,0.375,0.4615,4.0,14.0,24.0,0.9734015327344092,1.0,0.0300751879699248,0.0583941605839416,asia,,,,,,,,
asia,8,8,org,2145,0.2673723860643804,137,4.0,0.5,0.25,0.1,0.5,0.25,0.3333,6.0,31.0,4.0,0.0,0.5,0.0,0.25,0.125,0.1667,6.0,16.0,31.0,0.9757245770763252,1.0,0.023076923076923,0.0451127819548872,asia,,,,,,,,
asia,8,8,org,150,0.3091856949031353,154,6.0,0.333325,0.5,0.1,0.666675,0.5,0.571425,4.0,24.0,6.0,0.0,0.75,0.0,0.6667,0.5,0.5714,3.0,13.0,28.0,0.976279226360634,1.0,0.0208333333333333,0.0408163265306122,asia,,,,,,,,
asia,8,8,org,8823,0.2659162818454206,137,5.0,0.1,0.5625,0.025,0.9,0.5625,0.6922999999999999,3.5,17.5,5.0,0.0,0.625,0.0,0.6,0.375,0.4615,4.0,14.0,24.0,0.971355702909668,1.0,0.0234375,0.0458015267175572,asia,,,,,,,,
asia,8,8,org,4669,0.2679117550142109,137,5.0,0.2,0.5,0.05,0.8,0.5,0.6154,4.0,22.0,5.0,0.0,0.625,0.0,0.2,0.125,0.1538,6.0,22.0,37.0,0.9703885351474562,1.0,0.023076923076923,0.0451127819548872,asia,,,,,,,,
asia,8,8,org,6131,0.2739174328744411,137,4.0,0.0,0.5,0.0,1.0,0.5,0.6667,4.0,16.0,4.0,0.0,0.5,0.0,0.25,0.125,0.1667,6.0,16.0,31.0,0.9722699022590856,1.0,0.0232558139534883,0.0454545454545454,asia,,,,,,,,
asia,8,8,org,2617,0.2475743149407208,122,3.0,0.3333,0.25,0.05,0.6667,0.25,0.3636,6.0,29.0,3.0,0.0,0.375,0.0,0.3333,0.125,0.1818,7.0,21.0,39.0,0.9692237226640446,1.0,0.0181818181818181,0.0357142857142857,asia,,,,,,,,
asia,8,8,org,7166,0.2588034430518746,131,5.0,0.2,0.5,0.05,0.8,0.5,0.6154,4.0,21.0,5.0,0.0,0.625,0.0,0.6,0.375,0.4615,4.0,14.0,24.0,0.9735191182263072,1.0,0.0245901639344262,0.048,asia,,,,,,,,
asia,8,8,org,1428,0.2905064760707319,143,5.0,0.0,0.625,0.0,1.0,0.625,0.7692,3.0,14.0,5.0,0.0,0.625,0.0,0.6,0.375,0.4615,4.0,14.0,24.0,0.975745647696686,1.0,0.0225563909774436,0.0441176470588235,asia,,,,,,,,
asia,8,8,org,8328,0.259008543100208,132,5.0,0.0,0.625,0.0,1.0,0.625,0.7692,3.0,14.0,5.0,0.0,0.625,0.0,0.6,0.375,0.4615,4.0,14.0,24.0,0.9739785627911536,1.0,0.0163934426229508,0.032258064516129,asia,,,,,,,,
asia,8,8,org,8289,0.2810624958947301,137,5.0,0.2,0.5,0.05,0.8,0.5,0.6154,4.0,21.0,5.0,0.0,0.625,0.0,0.6,0.375,0.4615,4.0,14.0,24.0,0.972608046128788,1.0,0.0232558139534883,0.0454545454545454,asia,,,,,,,,
asia,8,8,org,5978,0.2722123442217707,136,5.0,0.2,0.5,0.05,0.8,0.5,0.6154,4.0,21.0,5.0,0.0,0.625,0.0,0.6,0.375,0.4615,4.0,14.0,24.0,0.9698645958611736,1.0,0.024,0.046875,asia,,,,,,,,
asia,8,8,org,5511,0.2912232698872685,149,5.0,0.2,0.5,0.05,0.8,0.5,0.6154,4.0,22.0,5.0,0.0,0.625,0.0,0.2,0.125,0.1538,6.0,22.0,37.0,0.9744885048822706,1.0,0.0212765957446808,0.0416666666666666,asia,,,,,,,,
asia,8,8,org,5864,0.336727156303823,169,5.5,0.36665,0.4375,0.1,0.63335,0.4375,0.5164500000000001,5.5,27.5,5.5,0.28335,0.5,0.075,0.45,0.3125,0.36815,5.5,20.0,28.5,0.9776642941630974,1.0,0.0196078431372549,0.0384615384615384,asia,,,,,,,,
asia,8,8,org,606,0.2714523021131754,137,4.0,0.0,0.5,0.0,1.0,0.5,0.6667,4.0,16.0,4.0,0.0,0.5,0.0,0.25,0.125,0.1667,6.0,16.0,31.0,0.9729583078915658,1.0,0.0236220472440944,0.0461538461538461,asia,,,,,,,,
asia,8,8,org,1933,0.2541880179196596,129,6.0,0.1667,0.625,0.05,0.8333,0.625,0.7143,3.0,18.0,6.0,0.0,0.75,0.0,0.6667,0.5,0.5714,3.0,13.0,28.0,0.972916398768384,1.0,0.0333333333333333,0.064516129032258,asia,,,,,,,,
asia,8,8,org,6071,0.3158847852610051,146,5.0,0.2,0.5,0.05,0.8,0.5,0.6154,4.0,21.0,5.0,0.0,0.625,0.0,0.6,0.375,0.4615,4.0,14.0,24.0,0.97645378426717,1.0,0.0227272727272727,0.0444444444444444,asia,,,,,,,,
asia,8,8,org,5504,0.3261492387391627,161,5.0,0.4000000000000001,0.375,0.1,0.6,0.375,0.4615333333333333,5.0,27.666666666666668,5.0,0.0,0.625,0.0,0.2,0.125,0.1538,6.0,22.0,37.0,0.976257796956143,0.5,0.006578947368421,0.0129870129870129,asia,,,,,,,,
asia,8,8,org,5163,0.2864213697612285,142,4.0,0.0,0.5,0.0,1.0,0.5,0.6667,4.0,16.0,4.0,0.0,0.5,0.0,0.25,0.125,0.1667,6.0,16.0,31.0,0.9747294873695715,1.0,0.0155038759689922,0.0305343511450381,asia,,,,,,,,
asia,8,8,org,2406,0.2876744158565998,143,4.0,0.5,0.25,0.1,0.5,0.25,0.3333,6.0,31.0,4.0,0.0,0.5,0.0,0.25,0.125,0.1667,6.0,16.0,31.0,0.9766019414751492,1.0,0.0227272727272727,0.0444444444444444,asia,,,,,,,,
asia,8,8,org,304,0.3042708239518106,148,6.0,0.1667,0.625,0.05,0.8333,0.625,0.7143,3.0,19.0,6.0,0.0,0.75,0.0,0.6667,0.5,0.5714,3.0,13.0,28.0,0.9745483669811308,1.0,0.0214285714285714,0.0419580419580419,asia,,,,,,,,
asia,8,8,org,3391,0.3430260294117033,173,5.0,0.2,0.5,0.05,0.8,0.5,0.615375,4.0,20.0,5.0,0.0,0.625,0.0,0.6,0.375,0.4615,4.0,14.0,24.0,0.974329791559835,1.0,0.0189873417721519,0.0372670807453416,asia,,,,,,,,
asia,8,8,org,359,0.270773138385266,134,6.0,0.1667,0.625,0.05,0.8333,0.625,0.7143,3.0,18.0,6.0,0.0,0.75,0.0,0.6667,0.5,0.5714,3.0,13.0,28.0,0.9731891242177104,1.0,0.0317460317460317,0.0615384615384615,asia,,,,,,,,
asia,8,8,org,9096,0.2742925682105124,137,4.0,0.1666666666666666,0.4166666666666667,0.0333333333333333,0.8333333333333334,0.4166666666666667,0.5555666666666667,4.666666666666667,20.666666666666668,4.0,0.0,0.5,0.0,0.25,0.125,0.1667,6.0,16.0,31.0,0.9745030363063,1.0,0.0238095238095238,0.0465116279069767,asia,,,,,,,,
asia,8,8,org,3533,0.2435723738744855,121,5.0,0.0,0.625,0.0,1.0,0.625,0.7692,3.0,14.0,5.0,0.0,0.625,0.0,0.6,0.375,0.4615,4.0,14.0,24.0,0.9723647754068142,1.0,0.027027027027027,0.0526315789473684,asia,,,,,,,,
asia,8,8,org,4125,0.297650882974267,152,5.0,0.2,0.5,0.05,0.8,0.5,0.6154,4.0,21.0,5.0,0.0,0.625,0.0,0.6,0.375,0.4615,4.0,14.0,24.0,0.9760801912760644,1.0,0.0211267605633802,0.0413793103448275,asia,,,,,,,,
asia,8,8,org,3094,0.2515420140698552,124,5.0,0.5,0.3125,0.125,0.5,0.3125,0.3846,5.5,33.0,5.0,0.0,0.625,0.0,0.2,0.125,0.1538,6.0,22.0,37.0,0.970237909878326,1.0,0.0263157894736842,0.0512820512820512,asia,,,,,,,,
asia,8,8,org,6398,0.3152517792768776,152,6.0,0.6667,0.25,0.2,0.3333,0.25,0.2857,7.0,36.0,6.0,0.3333,0.5,0.1,0.3333,0.25,0.2857,7.0,21.0,36.0,0.9674197749484528,1.0,0.0285714285714285,0.0555555555555555,asia,,,,,,,,
asia,8,8,new,7816,0.2650180049240589,137,5.0,0.0,0.625,0.0,1.0,0.625,0.7692,3.0,14.0,5.0,0.0,0.625,0.0,0.6,0.375,0.4615,4.0,14.0,24.0,0.9715343178921664,1.0,0.0232558139534883,0.0454545454545454,asia,20.0,1.0,0.4166666667,0.5882352941,9.0,0.4444444444,0.5,0.4705882353
asia,8,8,new,3578,0.2435992080718279,131,5.0,0.0,0.625,0.0,1.0,0.625,0.7692,3.0,14.0,5.0,0.0,0.625,0.0,0.6,0.375,0.4615,4.0,14.0,24.0,0.9751088465006924,1.0,0.0245901639344262,0.048,asia,20.0,1.0,0.4166666667,0.5882352941,9.0,0.4444444444,0.5,0.4705882353
asia,8,8,new,2656,0.2827557092532515,154,5.0,0.0,0.625,0.0,1.0,0.625,0.7692,3.0,14.0,5.0,0.0,0.625,0.0,0.6,0.375,0.4615,4.0,14.0,24.0,0.9778476574151512,1.0,0.0212765957446808,0.0416666666666666,asia,20.0,1.0,0.4166666667,0.5882352941,9.0,0.4444444444,0.5,0.4705882353
asia,8,8,new,2688,0.2471611150540411,131,5.0,0.0,0.625,0.0,1.0,0.625,0.7692,3.0,14.0,5.0,0.0,0.625,0.0,0.6,0.375,0.4615,4.0,14.0,24.0,0.974327183384578,1.0,0.024793388429752,0.0483870967741935,asia,20.0,1.0,0.4166666667,0.5882352941,9.0,0.4444444444,0.5,0.4705882353
asia,8,8,new,2494,0.2534301341511309,137,5.0,0.0,0.625,0.0,1.0,0.625,0.7692,3.0,14.0,5.0,0.0,0.625,0.0,0.6,0.375,0.4615,4.0,14.0,24.0,0.9725753142927356,1.0,0.0234375,0.0458015267175572,asia,20.0,1.0,0.4166666667,0.5882352941,9.0,0.4444444444,0.5,0.4705882353
asia,8,8,new,183,0.283326359000057,146,5.0,0.0,0.625,0.0,1.0,0.625,0.7692,3.0,14.0,5.0,0.0,0.625,0.0,0.6,0.375,0.4615,4.0,14.0,24.0,0.9738907369153766,1.0,0.0289855072463768,0.056338028169014,asia,20.0,1.0,0.4166666667,0.5882352941,9.0,0.4444444444,0.5,0.4705882353
asia,8,8,new,7977,0.2852940829470753,147,6.0,0.0,0.75,0.0,1.0,0.75,0.8571,2.0,13.0,6.0,0.0,0.75,0.0,0.6667,0.5,0.5714,3.0,13.0,28.0,0.974617931803113,1.0,0.028169014084507,0.0547945205479452,asia,20.0,1.0,0.4166666667,0.5882352941,9.0,0.4444444444,0.5,0.4705882353
asia,8,8,new,3199,0.2992186802439391,156,6.0,0.0,0.75,0.0,1.0,0.75,0.8571,2.0,13.0,6.0,0.0,0.75,0.0,0.6667,0.5,0.5714,3.0,13.0,28.0,0.9787014775164188,1.0,0.027027027027027,0.0526315789473684,asia,20.0,1.0,0.4166666667,0.5882352941,9.0,0.4444444444,0.5,0.4705882353
asia,8,8,new,316,0.2345418250188231,122,5.0,0.0,0.625,0.0,1.0,0.625,0.7692,3.0,14.0,5.0,0.0,0.625,0.0,0.6,0.375,0.4615,4.0,14.0,24.0,0.9679662933107962,1.0,0.0181818181818181,0.0357142857142857,asia,20.0,1.0,0.4166666667,0.5882352941,9.0,0.4444444444,0.5,0.4705882353
asia,8,8,new,8266,0.2653976590372622,137,5.0,0.0,0.625,0.0,1.0,0.625,0.7692,3.0,14.0,5.0,0.0,0.625,0.0,0.6,0.375,0.4615,4.0,14.0,24.0,0.9739595239131816,1.0,0.0234375,0.0458015267175572,asia,20.0,1.0,0.4166666667,0.5882352941,9.0,0.4444444444,0.5,0.4705882353
asia,8,8,new,1532,0.2464866368100047,131,5.0,0.0,0.625,0.0,1.0,0.625,0.7692,3.0,14.0,5.0,0.0,0.625,0.0,0.6,0.375,0.4615,4.0,14.0,24.0,0.974349323952413,1.0,0.0245901639344262,0.048,asia,20.0,1.0,0.4166666667,0.5882352941,9.0,0.4444444444,0.5,0.4705882353
asia,8,8,new,1009,0.2676733760163188,142,6.0,0.0,0.75,0.0,1.0,0.75,0.8571,2.0,13.0,6.0,0.0,0.75,0.0,0.6667,0.5,0.5714,3.0,13.0,28.0,0.9751396451517708,1.0,0.0225563909774436,0.0441176470588235,asia,20.0,1.0,0.4166666667,0.5882352941,9.0,0.4444444444,0.5,0.4705882353
asia,8,8,new,2250,0.2854109029285609,141,6.0,0.0,0.75,0.0,1.0,0.75,0.8571,2.0,13.0,6.0,0.0,0.75,0.0,0.6667,0.5,0.5714,3.0,13.0,28.0,0.9735676345236852,1.0,0.0291970802919708,0.0567375886524822,asia,20.0,1.0,0.4166666667,0.5882352941,9.0,0.4444444444,0.5,0.4705882353
asia,8,8,new,4447,0.2735685049556196,141,6.0,0.0,0.75,0.0,1.0,0.75,0.8571,2.0,13.0,6.0,0.0,0.75,0.0,0.6667,0.5,0.5714,3.0,13.0,28.0,0.9759763014410408,1.0,0.0296296296296296,0.0575539568345323,asia,20.0,1.0,0.4166666667,0.5882352941,9.0,0.4444444444,0.5,0.4705882353
asia,8,8,new,2415,0.306447871029377,158,6.0,0.0,0.75,0.0,1.0,0.75,0.8571,2.0,13.0,6.0,0.0,0.75,0.0,0.6667,0.5,0.5714,3.0,13.0,28.0,0.9768136524384636,1.0,0.0273972602739726,0.0533333333333333,asia,20.0,1.0,0.4166666667,0.5882352941,9.0,0.4444444444,0.5,0.4705882353
asia,8,8,new,3595,0.2601975351572037,137,5.0,0.0,0.625,0.0,1.0,0.625,0.7692,3.0,14.0,5.0,0.0,0.625,0.0,0.6,0.375,0.4615,4.0,14.0,24.0,0.9745745447959278,1.0,0.0236220472440944,0.0461538461538461,asia,20.0,1.0,0.4166666667,0.5882352941,9.0,0.4444444444,0.5,0.4705882353
asia,8,8,new,4187,0.2549503371119499,132,5.0,0.0,0.625,0.0,1.0,0.625,0.7692,3.0,14.0,5.0,0.0,0.625,0.0,0.6,0.375,0.4615,4.0,14.0,24.0,0.9735665921668942,1.0,0.0241935483870967,0.0472440944881889,asia,20.0,1.0,0.4166666667,0.5882352941,9.0,0.4444444444,0.5,0.4705882353
asia,8,8,new,4135,0.2610712046734988,137,5.0,0.0,0.625,0.0,1.0,0.625,0.7692,3.0,14.0,5.0,0.0,0.625,0.0,0.6,0.375,0.4615,4.0,14.0,24.0,0.9744891687266788,1.0,0.0232558139534883,0.0454545454545454,asia,20.0,1.0,0.4166666667,0.5882352941,9.0,0.4444444444,0.5,0.4705882353
asia,8,8,new,5174,0.2495064800605178,131,5.0,0.0,0.625,0.0,1.0,0.625,0.7692,3.0,14.0,5.0,0.0,0.625,0.0,0.6,0.375,0.4615,4.0,14.0,24.0,0.9736964758511624,1.0,0.0245901639344262,0.048,asia,20.0,1.0,0.4166666667,0.5882352941,9.0,0.4444444444,0.5,0.4705882353
asia,8,8,new,5303,0.2739132698625326,143,5.0,0.0,0.625,0.0,1.0,0.625,0.7692,3.0,14.0,5.0,0.0,0.625,0.0,0.6,0.375,0.4615,4.0,14.0,24.0,0.9740850861235408,1.0,0.0223880597014925,0.0437956204379562,asia,20.0,1.0,0.4166666667,0.5882352941,9.0,0.4444444444,0.5,0.4705882353
asia,8,8,new,3942,0.2870017439126968,149,6.0,0.0,0.75,0.0,1.0,0.75,0.8571,2.0,13.0,6.0,0.0,0.75,0.0,0.6667,0.5,0.5714,3.0,13.0,28.0,0.9751427889189664,1.0,0.0344827586206896,0.0666666666666666,asia,20.0,1.0,0.4166666667,0.5882352941,9.0,0.4444444444,0.5,0.4705882353
asia,8,8,new,2778,0.2637081569992006,137,5.0,0.0,0.625,0.0,1.0,0.625,0.7692,3.0,14.0,5.0,0.0,0.625,0.0,0.6,0.375,0.4615,4.0,14.0,24.0,0.9728482970272934,1.0,0.023076923076923,0.0451127819548872,asia,20.0,1.0,0.4166666667,0.5882352941,9.0,0.4444444444,0.5,0.4705882353
asia,8,8,new,2804,0.2711552628315985,141,5.0,0.0,0.625,0.0,1.0,0.625,0.7692,3.0,14.0,5.0,0.0,0.625,0.0,0.6,0.375,0.4615,4.0,14.0,24.0,0.9734015327344092,1.0,0.0300751879699248,0.0583941605839416,asia,20.0,1.0,0.4166666667,0.5882352941,9.0,0.4444444444,0.5,0.4705882353
asia,8,8,new,2145,0.2632921580225229,137,5.0,0.0,0.625,0.0,1.0,0.625,0.7692,3.0,14.0,5.0,0.0,0.625,0.0,0.6,0.375,0.4615,4.0,14.0,24.0,0.9757245770763252,1.0,0.023076923076923,0.0451127819548872,asia,20.0,1.0,0.4166666667,0.5882352941,9.0,0.4444444444,0.5,0.4705882353
asia,8,8,new,150,0.2922847010195255,154,6.0,0.0,0.75,0.0,1.0,0.75,0.8571,2.0,13.0,6.0,0.0,0.75,0.0,0.6667,0.5,0.5714,3.0,13.0,28.0,0.976279226360634,1.0,0.0208333333333333,0.0408163265306122,asia,20.0,1.0,0.4166666667,0.5882352941,9.0,0.4444444444,0.5,0.4705882353
asia,8,8,new,8823,0.2514119269326329,137,5.0,0.0,0.625,0.0,1.0,0.625,0.7692,3.0,14.0,5.0,0.0,0.625,0.0,0.6,0.375,0.4615,4.0,14.0,24.0,0.971355702909668,1.0,0.0234375,0.0458015267175572,asia,20.0,1.0,0.4166666667,0.5882352941,9.0,0.4444444444,0.5,0.4705882353
asia,8,8,new,4669,0.2619781196117401,137,5.0,0.0,0.625,0.0,1.0,0.625,0.7692,3.0,14.0,5.0,0.0,0.625,0.0,0.6,0.375,0.4615,4.0,14.0,24.0,0.9703885351474562,1.0,0.023076923076923,0.0451127819548872,asia,20.0,1.0,0.4166666667,0.5882352941,9.0,0.4444444444,0.5,0.4705882353
asia,8,8,new,6131,0.2687118491157889,137,5.0,0.0,0.625,0.0,1.0,0.625,0.7692,3.0,14.0,5.0,0.0,0.625,0.0,0.6,0.375,0.4615,4.0,14.0,24.0,0.9722699022590856,1.0,0.0232558139534883,0.0454545454545454,asia,20.0,1.0,0.4166666667,0.5882352941,9.0,0.4444444444,0.5,0.4705882353
asia,8,8,new,2617,0.2368069468066096,122,5.0,0.2,0.5,0.05,0.8,0.5,0.6154,4.0,23.0,5.0,0.2,0.5,0.05,0.4,0.25,0.3077,7.0,23.0,41.0,0.9692237226640446,1.0,0.0181818181818181,0.0357142857142857,asia,20.0,1.0,0.4166666667,0.5882352941,9.0,0.4444444444,0.5,0.4705882353
asia,8,8,new,7166,0.2580872243270278,131,5.0,0.0,0.625,0.0,1.0,0.625,0.7692,3.0,14.0,5.0,0.0,0.625,0.0,0.6,0.375,0.4615,4.0,14.0,24.0,0.9735191182263072,1.0,0.0245901639344262,0.048,asia,20.0,1.0,0.4166666667,0.5882352941,9.0,0.4444444444,0.5,0.4705882353
asia,8,8,new,1428,0.2741391551680863,143,5.0,0.0,0.625,0.0,1.0,0.625,0.7692,3.0,14.0,5.0,0.0,0.625,0.0,0.6,0.375,0.4615,4.0,14.0,24.0,0.975745647696686,1.0,0.0225563909774436,0.0441176470588235,asia,20.0,1.0,0.4166666667,0.5882352941,9.0,0.4444444444,0.5,0.4705882353
asia,8,8,new,8328,0.2520821499638259,132,5.0,0.0,0.625,0.0,1.0,0.625,0.7692,3.0,14.0,5.0,0.0,0.625,0.0,0.6,0.375,0.4615,4.0,14.0,24.0,0.9739785627911536,1.0,0.0163934426229508,0.032258064516129,asia,20.0,1.0,0.4166666667,0.5882352941,9.0,0.4444444444,0.5,0.4705882353
asia,8,8,new,8289,0.2611287357285619,137,5.0,0.0,0.625,0.0,1.0,0.625,0.7692,3.0,14.0,5.0,0.0,0.625,0.0,0.6,0.375,0.4615,4.0,14.0,24.0,0.972608046128788,1.0,0.0232558139534883,0.0454545454545454,asia,20.0,1.0,0.4166666667,0.5882352941,9.0,0.4444444444,0.5,0.4705882353
asia,8,8,new,5978,0.2622027308680117,136,5.0,0.0,0.625,0.0,1.0,0.625,0.7692,3.0,14.0,5.0,0.0,0.625,0.0,0.6,0.375,0.4615,4.0,14.0,24.0,0.9698645958611736,1.0,0.024,0.046875,asia,20.0,1.0,0.4166666667,0.5882352941,9.0,0.4444444444,0.5,0.4705882353
asia,8,8,new,5511,0.281374136917293,149,5.0,0.0,0.625,0.0,1.0,0.625,0.7692,3.0,14.0,5.0,0.0,0.625,0.0,0.6,0.375,0.4615,4.0,14.0,24.0,0.9744885048822706,1.0,0.0212765957446808,0.0416666666666666,asia,20.0,1.0,0.4166666667,0.5882352941,9.0,0.4444444444,0.5,0.4705882353
asia,8,8,new,5864,0.3195464871823787,169,6.0,0.1667,0.625,0.05,0.8333,0.625,0.7143,4.0,13.0,6.0,0.1667,0.625,0.05,0.5,0.375,0.4286,5.0,13.0,29.0,0.9776642941630974,1.0,0.0196078431372549,0.0384615384615384,asia,20.0,1.0,0.4166666667,0.5882352941,9.0,0.4444444444,0.5,0.4705882353
asia,8,8,new,606,0.2606503553688526,137,5.0,0.0,0.625,0.0,1.0,0.625,0.7692,3.0,14.0,5.0,0.0,0.625,0.0,0.6,0.375,0.4615,4.0,14.0,24.0,0.9729583078915658,1.0,0.0236220472440944,0.0461538461538461,asia,20.0,1.0,0.4166666667,0.5882352941,9.0,0.4444444444,0.5,0.4705882353
asia,8,8,new,1933,0.2483885721303522,129,6.0,0.0,0.75,0.0,1.0,0.75,0.8571,2.0,13.0,6.0,0.0,0.75,0.0,0.6667,0.5,0.5714,3.0,13.0,28.0,0.972916398768384,1.0,0.0333333333333333,0.064516129032258,asia,20.0,1.0,0.4166666667,0.5882352941,9.0,0.4444444444,0.5,0.4705882353
asia,8,8,new,6071,0.2861439157277345,146,5.0,0.0,0.625,0.0,1.0,0.625,0.7692,3.0,14.0,5.0,0.0,0.625,0.0,0.6,0.375,0.4615,4.0,14.0,24.0,0.97645378426717,1.0,0.0227272727272727,0.0444444444444444,asia,20.0,1.0,0.4166666667,0.5882352941,9.0,0.4444444444,0.5,0.4705882353
asia,8,8,new,5504,0.3050067769363522,161,5.0,0.0,0.625,0.0,1.0,0.625,0.7692,3.0,14.0,5.0,0.0,0.625,0.0,0.6,0.375,0.4615,4.0,14.0,24.0,0.976257796956143,0.5,0.006578947368421,0.0129870129870129,asia,20.0,1.0,0.4166666667,0.5882352941,9.0,0.4444444444,0.5,0.4705882353
asia,8,8,new,5163,0.2721662069670856,142,5.0,0.2,0.5,0.05,0.8,0.5,0.6154,4.0,23.0,5.0,0.2,0.5,0.05,0.4,0.25,0.3077,7.0,23.0,41.0,0.9747294873695715,1.0,0.0155038759689922,0.0305343511450381,asia,20.0,1.0,0.4166666667,0.5882352941,9.0,0.4444444444,0.5,0.4705882353
asia,8,8,new,2406,0.2798615382052958,143,5.0,0.0,0.625,0.0,1.0,0.625,0.7692,3.0,14.0,5.0,0.0,0.625,0.0,0.6,0.375,0.4615,4.0,14.0,24.0,0.9766019414751492,1.0,0.0227272727272727,0.0444444444444444,asia,20.0,1.0,0.4166666667,0.5882352941,9.0,0.4444444444,0.5,0.4705882353
asia,8,8,new,304,0.2828759136609733,148,6.0,0.0,0.75,0.0,1.0,0.75,0.8571,2.0,13.0,6.0,0.0,0.75,0.0,0.6667,0.5,0.5714,3.0,13.0,28.0,0.9745483669811308,1.0,0.0214285714285714,0.0419580419580419,asia,20.0,1.0,0.4166666667,0.5882352941,9.0,0.4444444444,0.5,0.4705882353
asia,8,8,new,3391,0.3346172990277409,173,5.0,0.0,0.625,0.0,1.0,0.625,0.7692,3.0,14.0,5.0,0.0,0.625,0.0,0.6,0.375,0.4615,4.0,14.0,24.0,0.974329791559835,1.0,0.0189873417721519,0.0372670807453416,asia,20.0,1.0,0.4166666667,0.5882352941,9.0,0.4444444444,0.5,0.4705882353
asia,8,8,new,359,0.2583995820023119,134,6.0,0.0,0.75,0.0,1.0,0.75,0.8571,2.0,13.0,6.0,0.0,0.75,0.0,0.6667,0.5,0.5714,3.0,13.0,28.0,0.9731891242177104,1.0,0.0317460317460317,0.0615384615384615,asia,20.0,1.0,0.4166666667,0.5882352941,9.0,0.4444444444,0.5,0.4705882353
asia,8,8,new,9096,0.2593544269911945,137,5.0,0.0,0.625,0.0,1.0,0.625,0.7692,3.0,14.0,5.0,0.0,0.625,0.0,0.6,0.375,0.4615,4.0,14.0,24.0,0.9745030363063,1.0,0.0238095238095238,0.0465116279069767,asia,20.0,1.0,0.4166666667,0.5882352941,9.0,0.4444444444,0.5,0.4705882353
asia,8,8,new,3533,0.2412783512845635,121,5.0,0.0,0.625,0.0,1.0,0.625,0.7692,3.0,14.0,5.0,0.0,0.625,0.0,0.6,0.375,0.4615,4.0,14.0,24.0,0.9723647754068142,1.0,0.027027027027027,0.0526315789473684,asia,20.0,1.0,0.4166666667,0.5882352941,9.0,0.4444444444,0.5,0.4705882353
asia,8,8,new,4125,0.282932449132204,152,5.0,0.0,0.625,0.0,1.0,0.625,0.7692,3.0,14.0,5.0,0.0,0.625,0.0,0.6,0.375,0.4615,4.0,14.0,24.0,0.9760801912760644,1.0,0.0211267605633802,0.0413793103448275,asia,20.0,1.0,0.4166666667,0.5882352941,9.0,0.4444444444,0.5,0.4705882353
asia,8,8,new,3094,0.2357158903032541,124,5.0,0.0,0.625,0.0,1.0,0.625,0.7692,3.0,14.0,5.0,0.0,0.625,0.0,0.6,0.375,0.4615,4.0,14.0,24.0,0.970237909878326,1.0,0.0263157894736842,0.0512820512820512,asia,20.0,1.0,0.4166666667,0.5882352941,9.0,0.4444444444,0.5,0.4705882353
asia,8,8,new,6398,0.2926159468479454,152,6.0,0.3333,0.5,0.1,0.6667,0.5,0.5714,5.0,21.0,6.0,0.3333,0.5,0.1,0.3333,0.25,0.2857,7.0,21.0,36.0,0.9674197749484528,1.0,0.0285714285714285,0.0555555555555555,asia,20.0,1.0,0.4166666667,0.5882352941,9.0,0.4444444444,0.5,0.4705882353
cancer,5,4,org,7816,0.0330811953172087,9,4.0,0.25,0.75,0.1667,0.75,0.75,0.75,1.0,5.0,4.0,0.25,0.75,0.1667,0.75,0.75,0.75,1.0,5.0,10.0,0.9907555974569624,0.9714285714285714,0.85,0.9066666666666668,cancer,,,,,,,,
cancer,5,4,org,3578,0.0423278519883751,19,3.0,0.3333,0.5,0.1667,0.6667,0.5,0.5714,2.0,6.0,3.0,0.3333,0.5,0.1667,0.6667,0.5,0.5714,2.0,6.0,11.0,0.9888242283079238,1.0,0.4166666666666667,0.5882352941176471,cancer,,,,,,,,
cancer,5,4,org,2656,0.0298996032215654,8,4.0,0.25,0.75,0.1667,0.75,0.75,0.75,1.0,5.0,4.0,0.25,0.75,0.1667,0.75,0.75,0.75,1.0,5.0,10.0,0.9913485461749112,0.9722222222222222,0.875,0.9210526315789472,cancer,,,,,,,,
cancer,5,4,org,2688,0.0301620461978018,8,4.0,0.0,1.0,0.0,1.0,1.0,1.0,0.0,0.0,4.0,0.0,1.0,0.0,1.0,1.0,1.0,0.0,0.0,5.0,0.9962825622838803,1.0,0.9230769230769232,0.96,cancer,,,,,,,,
cancer,5,4,org,2494,0.0337271429598331,8,4.0,0.25,0.75,0.1667,0.75,0.75,0.75,1.0,5.0,4.0,0.25,0.75,0.1667,0.75,0.75,0.75,1.0,5.0,10.0,0.985659458261566,0.9444444444444444,0.8717948717948718,0.9066666666666668,cancer,,,,,,,,
cancer,5,4,org,183,0.0324522517621517,13,2.0,0.5,0.25,0.1666666666666666,0.5,0.25,0.5,3.0,10.0,2.0,0.0,0.5,0.0,0.5,0.25,0.3333,3.0,5.0,15.0,0.9491262879420774,1.0,0.5333333333333333,0.6956521739130436,cancer,,,,,,,,
cancer,5,4,org,7977,0.0338767101056873,10,4.0,0.5,0.5,0.3333,0.5,0.5,0.5,2.0,10.0,4.0,0.25,0.75,0.1667,0.5,0.5,0.5,2.0,5.0,15.0,0.9885041081570164,0.9705882352941176,0.8461538461538461,0.9041095890410958,cancer,,,,,,,,
cancer,5,4,org,3199,0.0358361531980335,14,3.0,1.0,0.0,0.5,0.0,0.0,,4.0,16.0,3.0,0.6667,0.25,0.3333,0.0,0.0,,4.0,11.0,16.0,0.9865036478672842,1.0,0.6363636363636364,0.7777777777777778,cancer,,,,,,,,
cancer,5,4,org,316,0.0454686935991048,21,2.0,0.5,0.25,0.1667,0.5,0.25,0.3333,3.0,10.0,2.0,0.5,0.25,0.1667,0.5,0.25,0.3333,3.0,10.0,10.0,0.997252747252747,1.0,0.5384615384615384,0.7000000000000001,cancer,,,,,,,,
cancer,5,4,org,8266,0.0233272211626172,6,3.0,0.3333,0.5,0.1667,0.6667,0.5,0.5714,2.0,6.0,3.0,0.3333,0.5,0.1667,0.6667,0.5,0.5714,2.0,6.0,11.0,0.9820586622807016,0.9375,0.9375,0.9375,cancer,,,,,,,,
cancer,5,4,org,1532,0.0284612933173775,6,4.0,0.5,0.5,0.3333,0.5,0.5,0.5,2.0,10.0,4.0,0.5,0.5,0.3333,0.5,0.5,0.5,2.0,10.0,10.0,0.97976501464218,0.8947368421052632,0.8717948717948718,0.8831168831168831,cancer,,,,,,,,
cancer,5,4,org,1009,0.0262447106651961,8,3.0,0.3333,0.5,0.1667,0.6667,0.5,0.5714,2.0,6.0,3.0,0.3333,0.5,0.1667,0.6667,0.5,0.5714,2.0,6.0,11.0,0.967438126566416,0.9285714285714286,0.8125,0.8666666666666666,cancer,,,,,,,,
cancer,5,4,org,2250,0.0400939462706446,12,4.0,0.0,1.0,0.0,1.0,1.0,1.0,0.0,0.0,4.0,0.0,1.0,0.0,1.0,1.0,1.0,0.0,0.0,5.0,0.990094828350346,1.0,0.8,0.888888888888889,cancer,,,,,,,,
cancer,5,4,org,4447,0.0357544580474495,9,4.0,0.5,0.5,0.3333,0.5,0.5,0.5,2.0,10.0,4.0,0.5,0.5,0.3333,0.5,0.5,0.5,2.0,10.0,10.0,0.9833518354039694,0.9428571428571428,0.868421052631579,0.904109589041096,cancer,,,,,,,,
cancer,5,4,org,2415,0.033506856765598,12,3.0,0.4,0.45,0.1999999999999999,0.6,0.45,0.51426,2.2,7.0,3.0,0.06666,0.7,0.0333399999999999,0.6667,0.5,0.5714,2.0,2.0,11.0,0.981602034329307,1.0,0.7272727272727273,0.8421052631578948,cancer,,,,,,,,
cancer,5,4,org,3595,0.03440443566069,8,4.0,0.25,0.75,0.1667,0.75,0.75,0.75,1.0,5.0,4.0,0.25,0.75,0.1667,0.75,0.75,0.75,1.0,5.0,10.0,0.9861197423683332,0.9444444444444444,0.8717948717948718,0.9066666666666668,cancer,,,,,,,,
cancer,5,4,org,4187,0.0237979548983275,4,3.0,0.3333,0.5,0.1667,0.6667,0.5,0.5714,2.0,6.0,3.0,0.3333,0.5,0.1667,0.6667,0.5,0.5714,2.0,6.0,11.0,0.9777661064425772,0.8333333333333334,0.9375,0.8823529411764706,cancer,,,,,,,,
cancer,5,4,org,4135,0.0398771427571773,16,3.0,0.3333,0.5,0.1667,0.6667,0.5,0.5714,2.0,9.0,3.0,0.3333,0.5,0.1667,0.6667,0.5,0.5714,2.0,9.0,9.0,0.986394291587603,1.0,0.7,0.8235294117647058,cancer,,,,,,,,
cancer,5,4,org,5174,0.0391962407156825,16,3.0,0.5,0.375,0.25,0.5,0.375,0.42855,2.5,11.5,3.0,0.3333,0.5,0.1667,0.5,0.375,0.42855,2.5,9.0,11.5,0.9640196167973452,0.9523809523809524,0.6896551724137931,0.7999999999999999,cancer,,,,,,,,
cancer,5,4,org,5303,0.0359343257732689,9,4.0,0.25,0.75,0.1667,0.75,0.75,0.75,1.0,5.0,4.0,0.25,0.75,0.1667,0.75,0.75,0.75,1.0,5.0,10.0,0.990857782162744,0.9428571428571428,0.8461538461538461,0.8918918918918919,cancer,,,,,,,,
cancer,5,4,org,3942,0.0342812882736325,9,4.0,0.25,0.75,0.1667,0.75,0.75,0.75,1.0,5.0,4.0,0.25,0.75,0.1667,0.75,0.75,0.75,1.0,5.0,10.0,0.9855375245298126,0.9714285714285714,0.8947368421052632,0.9315068493150684,cancer,,,,,,,,
cancer,5,4,org,2778,0.0349315041676163,8,4.0,0.5,0.5,0.3333,0.5,0.5,0.5,2.0,10.0,4.0,0.5,0.5,0.3333,0.5,0.5,0.5,2.0,10.0,10.0,0.985138019651588,0.9166666666666666,0.8918918918918919,0.9041095890410958,cancer,,,,,,,,
cancer,5,4,org,2804,0.0209737080149352,4,3.0,0.4166749999999999,0.4375,0.2083249999999999,0.583325,0.4375,0.499975,2.25,7.25,3.0,0.0,0.75,0.0,0.6667,0.5,0.5714,2.0,1.0,11.0,0.977890114379085,0.8888888888888888,1.0,0.9411764705882352,cancer,,,,,,,,
cancer,5,4,org,2145,0.026238570921123,8,3.0,1.0,0.0,0.5,0.0,0.0,,4.0,16.0,3.0,0.6667,0.25,0.3333,0.0,0.0,,4.0,11.0,16.0,0.9623507297655904,0.9285714285714286,0.7647058823529411,0.8387096774193549,cancer,,,,,,,,
cancer,5,4,org,150,0.0483752079308033,15,5.0,1.0,0.0,0.8333,0.0,0.0,,5.0,19.0,5.0,0.6,0.5,0.5,0.0,0.0,,5.0,10.0,19.0,0.9836200834097312,0.945945945945946,0.8333333333333334,0.8860759493670887,cancer,,,,,,,,
cancer,5,4,org,8823,0.023979702964425,5,3.0,0.4166749999999999,0.4375,0.2083249999999999,0.583325,0.4375,0.499975,2.25,7.25,3.0,0.0,0.75,0.0,0.6667,0.5,0.5714,2.0,1.0,11.0,0.9656941597489198,0.8823529411764706,0.9375,0.9090909090909092,cancer,,,,,,,,
cancer,5,4,org,4669,0.0345514612272381,11,4.0,0.5,0.5,0.3333,0.5,0.5,0.5,2.0,10.0,4.0,0.5,0.5,0.3333,0.5,0.5,0.5,2.0,10.0,10.0,0.9891760732455492,0.9696969696969696,0.8421052631578947,0.9014084507042254,cancer,,,,,,,,
cancer,5,4,org,6131,0.020185574889183,2,3.0,0.4166749999999999,0.4375,0.2083249999999999,0.583325,0.4375,0.499975,2.25,7.25,3.0,0.0,0.75,0.0,0.6667,0.5,0.5714,2.0,1.0,11.0,0.9809640522875818,0.85,1.0,0.9189189189189187,cancer,,,,,,,,
cancer,5,4,org,2617,0.0414969031699001,17,3.0,1.0,0.0,0.5,0.0,0.0,,4.0,16.0,3.0,0.6667,0.25,0.3333,0.0,0.0,,4.0,11.0,16.0,0.9949535679374388,1.0,0.6451612903225806,0.7843137254901961,cancer,,,,,,,,
cancer,5,4,org,7166,0.0418709921650588,18,3.0,0.3333,0.5,0.1667,0.6667,0.5,0.5714,2.0,6.0,3.0,0.3333,0.5,0.1667,0.6667,0.5,0.5714,2.0,6.0,11.0,0.9867321197579986,1.0,0.6363636363636364,0.7777777777777778,cancer,,,,,,,,
cancer,5,4,org,1428,0.0212822468020021,5,3.0,0.4166749999999999,0.4375,0.2083249999999999,0.583325,0.4375,0.499975,2.25,7.25,3.0,0.0,0.75,0.0,0.6667,0.5,0.5714,2.0,1.0,11.0,0.9786119711042311,0.8823529411764706,0.9375,0.9090909090909092,cancer,,,,,,,,
cancer,5,4,org,8328,0.0326598929241299,9,4.0,0.5,0.5,0.3333,0.5,0.5,0.5,2.0,10.0,4.0,0.5,0.5,0.3333,0.5,0.5,0.5,2.0,10.0,10.0,0.9879382783228936,0.9428571428571428,0.8461538461538461,0.8918918918918919,cancer,,,,,,,,
cancer,5,4,org,8289,0.0351988612674176,11,4.0,0.5,0.5,0.3333,0.5,0.5,0.5,2.0,10.0,4.0,0.5,0.5,0.3333,0.5,0.5,0.5,2.0,10.0,10.0,0.9779410819514932,0.9393939393939394,0.8157894736842105,0.8732394366197183,cancer,,,,,,,,
cancer,5,4,org,5978,0.0252872910350561,7,3.0,0.4166749999999999,0.4375,0.2083249999999999,0.583325,0.4375,0.499975,2.25,7.25,3.0,0.0,0.75,0.0,0.6667,0.5,0.5714,2.0,1.0,11.0,0.9801470588235296,0.9333333333333332,0.875,0.9032258064516128,cancer,,,,,,,,
cancer,5,4,org,5511,0.0305995317175984,8,4.0,0.0,1.0,0.0,1.0,1.0,1.0,0.0,0.0,4.0,0.0,1.0,0.0,1.0,1.0,1.0,0.0,0.0,5.0,0.9973346828609986,1.0,0.9473684210526316,0.972972972972973,cancer,,,,,,,,
cancer,5,4,org,5864,0.0244080261327326,6,3.0,0.4166749999999999,0.4375,0.2083249999999999,0.583325,0.4375,0.499975,2.25,7.25,3.0,0.0,0.75,0.0,0.6667,0.5,0.5714,2.0,1.0,11.0,0.98359375,0.9375,0.9375,0.9375,cancer,,,,,,,,
cancer,5,4,org,606,0.024751697666943,6,3.0,0.3333,0.5,0.1667,0.6667,0.5,0.5714,2.0,6.0,3.0,0.3333,0.5,0.1667,0.6667,0.5,0.5714,2.0,6.0,11.0,0.9866713713349118,0.9375,0.8823529411764706,0.9090909090909092,cancer,,,,,,,,
cancer,5,4,org,1933,0.0223094010725617,5,3.0,1.0,0.0,0.5,0.0,0.0,,4.0,16.0,3.0,0.6667,0.25,0.3333,0.0,0.0,,4.0,11.0,16.0,0.9710839598997494,0.8235294117647058,0.875,0.8484848484848485,cancer,,,,,,,,
cancer,5,4,org,6071,0.0319014331325888,9,4.0,0.25,0.75,0.1667,0.75,0.75,0.75,1.0,5.0,4.0,0.25,0.75,0.1667,0.75,0.75,0.75,1.0,5.0,10.0,0.9920247172389156,0.9714285714285714,0.8717948717948718,0.9189189189189187,cancer,,,,,,,,
cancer,5,4,org,5504,0.0351259438320994,13,3.0,0.3333,0.5,0.1667,0.6667,0.5,0.5714,2.0,6.0,3.0,0.3333,0.5,0.1667,0.6667,0.5,0.5714,2.0,6.0,11.0,0.9772140526186708,1.0,0.6818181818181818,0.8108108108108109,cancer,,,,,,,,
cancer,5,4,org,5163,0.0363183198496699,14,3.0,0.4166749999999999,0.4375,0.2083249999999999,0.583325,0.4375,0.499975,2.25,7.25,3.0,0.0,0.75,0.0,0.6667,0.5,0.5714,2.0,1.0,11.0,0.9730545369955276,0.9565217391304348,0.7096774193548387,0.8148148148148149,cancer,,,,,,,,
cancer,5,4,org,2406,0.0341080618090927,11,4.0,0.0,1.0,0.0,1.0,1.0,1.0,0.0,0.0,4.0,0.0,1.0,0.0,1.0,1.0,1.0,0.0,0.0,5.0,0.9905833155833156,1.0,0.8461538461538461,0.9166666666666666,cancer,,,,,,,,
cancer,5,4,org,304,0.0259251147508621,7,3.0,1.0,0.0,0.5,0.0,0.0,,4.0,16.0,3.0,0.6667,0.25,0.3333,0.0,0.0,,4.0,11.0,16.0,0.9485823934837092,0.8666666666666667,0.8125,0.8387096774193549,cancer,,,,,,,,
cancer,5,4,org,3391,0.0332155199721455,11,3.0,0.53334,0.35,0.26666,0.4666599999999999,0.35,0.499975,2.6,9.0,3.0,0.13334,0.65,0.06666,0.53336,0.4,0.5714,2.4,3.0,12.0,0.9740519062258192,1.0,0.7727272727272727,0.8717948717948718,cancer,,,,,,,,
cancer,5,4,org,359,0.0245692790485918,7,3.0,0.6667,0.25,0.3333,0.3333,0.25,0.2857,3.0,11.0,3.0,0.6667,0.25,0.3333,0.3333,0.25,0.2857,3.0,11.0,11.0,0.9492129911174996,0.8,0.75,0.7741935483870969,cancer,,,,,,,,
cancer,5,4,org,9096,0.0306660728529095,7,4.0,0.0,1.0,0.0,1.0,1.0,1.0,0.0,0.0,4.0,0.0,1.0,0.0,1.0,1.0,1.0,0.0,0.0,5.0,0.996957326116539,1.0,0.9487179487179488,0.9736842105263158,cancer,,,,,,,,
cancer,5,4,org,3533,0.0474172737449407,21,2.0,0.5,0.25,0.1666666666666666,0.5,0.25,0.5,3.0,10.0,2.0,0.0,0.5,0.0,0.5,0.25,0.3333,3.0,5.0,15.0,0.970711951105497,1.0,0.5185185185185185,0.6829268292682926,cancer,,,,,,,,
cancer,5,4,org,4125,0.0378263550810515,15,3.0,0.4166749999999999,0.4375,0.2083249999999999,0.583325,0.4375,0.499975,2.25,7.25,3.0,0.0,0.75,0.0,0.6667,0.5,0.5714,2.0,1.0,11.0,0.9822248499021952,1.0,0.5909090909090909,0.7428571428571429,cancer,,,,,,,,
cancer,5,4,org,3094,0.0387691352516412,15,3.0,0.3333,0.5,0.1667,0.6667,0.5,0.5714,2.0,6.0,3.0,0.3333,0.5,0.1667,0.6667,0.5,0.5714,2.0,6.0,11.0,0.9919330917267692,1.0,0.7096774193548387,0.8301886792452831,cancer,,,,,,,,
cancer,5,4,org,6398,0.0343143041245639,14,3.0,1.0,0.0,0.5,0.0,0.0,,4.0,16.0,3.0,0.6667,0.25,0.3333,0.0,0.0,,4.0,11.0,16.0,0.9775326847065976,1.0,0.6363636363636364,0.7777777777777778,cancer,,,,,,,,
cancer,5,4,new,7816,0.0404857327230274,10,4.0,0.0,1.0,0.0,1.0,1.0,1.0,0.0,0.0,4.0,0.0,1.0,0.0,1.0,1.0,1.0,0.0,0.0,5.0,0.9907555974569624,1.0,0.85,0.9189189189189187,cancer,6.0,1.0,0.375,0.5454545455,7.0,0.5714285714,1.0,0.7272727273
cancer,5,4,new,3578,0.0412781569175422,19,3.0,0.0,0.75,0.0,1.0,0.75,0.8571,1.0,1.0,3.0,0.0,0.75,0.0,0.6667,0.5,0.5714,2.0,1.0,11.0,0.9888242283079238,1.0,0.4166666666666667,0.5882352941176471,cancer,6.0,1.0,0.375,0.5454545455,7.0,0.5714285714,1.0,0.7272727273
cancer,5,4,new,2656,0.0333462143316865,10,4.0,0.0,1.0,0.0,1.0,1.0,1.0,0.0,0.0,4.0,0.0,1.0,0.0,1.0,1.0,1.0,0.0,0.0,5.0,0.9913485461749112,1.0,0.85,0.9189189189189187,cancer,6.0,1.0,0.375,0.5454545455,7.0,0.5714285714,1.0,0.7272727273
cancer,5,4,new,2688,0.031744357664138,8,4.0,0.0,1.0,0.0,1.0,1.0,1.0,0.0,0.0,4.0,0.0,1.0,0.0,1.0,1.0,1.0,0.0,0.0,5.0,0.9962825622838803,1.0,0.9230769230769232,0.96,cancer,6.0,1.0,0.375,0.5454545455,7.0,0.5714285714,1.0,0.7272727273
cancer,5,4,new,2494,0.0444373800419271,14,4.0,0.0,1.0,0.0,1.0,1.0,1.0,0.0,0.0,4.0,0.0,1.0,0.0,1.0,1.0,1.0,0.0,0.0,5.0,0.985659458261566,1.0,0.7692307692307693,0.8695652173913044,cancer,6.0,1.0,0.375,0.5454545455,7.0,0.5714285714,1.0,0.7272727273
cancer,5,4,new,183,0.0316428653895854,13,2.0,0.0,0.5,0.0,1.0,0.5,0.6667,2.0,5.0,2.0,0.0,0.5,0.0,0.5,0.25,0.3333,3.0,5.0,15.0,0.9491262879420774,1.0,0.5333333333333333,0.6956521739130436,cancer,6.0,1.0,0.375,0.5454545455,7.0,0.5714285714,1.0,0.7272727273
cancer,5,4,new,7977,0.0372137790545821,11,4.0,0.0,1.0,0.0,1.0,1.0,1.0,0.0,0.0,4.0,0.0,1.0,0.0,1.0,1.0,1.0,0.0,0.0,5.0,0.9885041081570164,1.0,0.8461538461538461,0.9166666666666666,cancer,6.0,1.0,0.375,0.5454545455,7.0,0.5714285714,1.0,0.7272727273
cancer,5,4,new,3199,0.0317990630865097,14,3.0,0.0,0.75,0.0,1.0,0.75,0.8571,1.0,1.0,3.0,0.0,0.75,0.0,0.6667,0.5,0.5714,2.0,1.0,11.0,0.9865036478672842,1.0,0.6363636363636364,0.7777777777777778,cancer,6.0,1.0,0.375,0.5454545455,7.0,0.5714285714,1.0,0.7272727273
cancer,5,4,new,316,0.0465862262062728,21,2.0,0.0,0.5,0.0,1.0,0.5,0.6667,2.0,5.0,2.0,0.0,0.5,0.0,0.5,0.25,0.3333,3.0,5.0,15.0,0.997252747252747,1.0,0.5384615384615384,0.7000000000000001,cancer,6.0,1.0,0.375,0.5454545455,7.0,0.5714285714,1.0,0.7272727273
cancer,5,4,new,8266,0.0234428448602557,6,3.0,0.0,0.75,0.0,1.0,0.75,0.8571,1.0,1.0,3.0,0.0,0.75,0.0,0.6667,0.5,0.5714,2.0,1.0,11.0,0.9820586622807016,0.9375,0.9375,0.9375,cancer,6.0,1.0,0.375,0.5454545455,7.0,0.5714285714,1.0,0.7272727273
cancer,5,4,new,1532,0.0403540791012346,16,4.0,0.0,1.0,0.0,1.0,1.0,1.0,0.0,0.0,4.0,0.0,1.0,0.0,1.0,1.0,1.0,0.0,0.0,5.0,0.97976501464218,1.0,0.717948717948718,0.835820895522388,cancer,6.0,1.0,0.375,0.5454545455,7.0,0.5714285714,1.0,0.7272727273
cancer,5,4,new,1009,0.0324882641434669,10,3.0,0.0,0.75,0.0,1.0,0.75,0.8571,1.0,1.0,3.0,0.0,0.75,0.0,0.6667,0.5,0.5714,2.0,1.0,11.0,0.967438126566416,1.0,0.75,0.8571428571428571,cancer,6.0,1.0,0.375,0.5454545455,7.0,0.5714285714,1.0,0.7272727273
cancer,5,4,new,2250,0.0363130480982363,12,4.0,0.0,1.0,0.0,1.0,1.0,1.0,0.0,0.0,4.0,0.0,1.0,0.0,1.0,1.0,1.0,0.0,0.0,5.0,0.990094828350346,1.0,0.8,0.888888888888889,cancer,6.0,1.0,0.375,0.5454545455,7.0,0.5714285714,1.0,0.7272727273
cancer,5,4,new,4447,0.0417045676149427,16,4.0,0.0,1.0,0.0,1.0,1.0,1.0,0.0,0.0,4.0,0.0,1.0,0.0,1.0,1.0,1.0,0.0,0.0,5.0,0.9833518354039694,1.0,0.7368421052631579,0.8484848484848484,cancer,6.0,1.0,0.375,0.5454545455,7.0,0.5714285714,1.0,0.7272727273
cancer,5,4,new,2415,0.0351220211014151,12,3.0,0.0,0.75,0.0,1.0,0.75,0.8571,1.0,1.0,3.0,0.0,0.75,0.0,0.6667,0.5,0.5714,2.0,1.0,11.0,0.981602034329307,1.0,0.7272727272727273,0.8421052631578948,cancer,6.0,1.0,0.375,0.5454545455,7.0,0.5714285714,1.0,0.7272727273
cancer,5,4,new,3595,0.044672206044197,12,4.0,0.0,1.0,0.0,1.0,1.0,1.0,0.0,0.0,4.0,0.0,1.0,0.0,1.0,1.0,1.0,0.0,0.0,5.0,0.9861197423683332,1.0,0.8205128205128205,0.9014084507042254,cancer,6.0,1.0,0.375,0.5454545455,7.0,0.5714285714,1.0,0.7272727273
cancer,5,4,new,4187,0.0246268478222191,8,3.0,0.0,0.75,0.0,1.0,0.75,0.8571,1.0,1.0,3.0,0.0,0.75,0.0,0.6667,0.5,0.5714,2.0,1.0,11.0,0.9777661064425772,1.0,0.875,0.9333333333333332,cancer,6.0,1.0,0.375,0.5454545455,7.0,0.5714285714,1.0,0.7272727273
cancer,5,4,new,4135,0.0369805106893181,16,3.0,0.0,0.75,0.0,1.0,0.75,0.8571,1.0,4.0,3.0,0.0,0.75,0.0,1.0,0.75,0.8571,1.0,4.0,9.0,0.986394291587603,1.0,0.7,0.8235294117647058,cancer,6.0,1.0,0.375,0.5454545455,7.0,0.5714285714,1.0,0.7272727273
cancer,5,4,new,5174,0.0391599610447883,16,3.0,0.0,0.75,0.0,1.0,0.75,0.8571,1.0,4.0,3.0,0.0,0.75,0.0,1.0,0.75,0.8571,1.0,4.0,9.0,0.9640196167973452,0.9523809523809524,0.6896551724137931,0.7999999999999999,cancer,6.0,1.0,0.375,0.5454545455,7.0,0.5714285714,1.0,0.7272727273
cancer,5,4,new,5303,0.0337280128151178,11,4.0,0.0,1.0,0.0,1.0,1.0,1.0,0.0,0.0,4.0,0.0,1.0,0.0,1.0,1.0,1.0,0.0,0.0,5.0,0.990857782162744,1.0,0.8461538461538461,0.9166666666666666,cancer,6.0,1.0,0.375,0.5454545455,7.0,0.5714285714,1.0,0.7272727273
cancer,5,4,new,3942,0.0449893390759825,18,4.0,0.0,1.0,0.0,1.0,1.0,1.0,0.0,0.0,4.0,0.0,1.0,0.0,1.0,1.0,1.0,0.0,0.0,5.0,0.9855375245298126,1.0,0.6842105263157895,0.8125000000000001,cancer,6.0,1.0,0.375,0.5454545455,7.0,0.5714285714,1.0,0.7272727273
cancer,5,4,new,2778,0.0378759717568755,14,4.0,0.0,1.0,0.0,1.0,1.0,1.0,0.0,0.0,4.0,0.0,1.0,0.0,1.0,1.0,1.0,0.0,0.0,5.0,0.985138019651588,1.0,0.8108108108108109,0.8955223880597014,cancer,6.0,1.0,0.375,0.5454545455,7.0,0.5714285714,1.0,0.7272727273
cancer,5,4,new,2804,0.0209473352879285,4,3.0,0.0,0.75,0.0,1.0,0.75,0.8571,1.0,1.0,3.0,0.0,0.75,0.0,0.6667,0.5,0.5714,2.0,1.0,11.0,0.977890114379085,0.8888888888888888,1.0,0.9411764705882352,cancer,6.0,1.0,0.375,0.5454545455,7.0,0.5714285714,1.0,0.7272727273
cancer,5,4,new,2145,0.0278643839992582,9,3.0,0.0,0.75,0.0,1.0,0.75,0.8571,1.0,1.0,3.0,0.0,0.75,0.0,0.6667,0.5,0.5714,2.0,1.0,11.0,0.9623507297655904,1.0,0.7647058823529411,0.8666666666666666,cancer,6.0,1.0,0.375,0.5454545455,7.0,0.5714285714,1.0,0.7272727273
cancer,5,4,new,150,0.0461404141969978,16,5.0,0.2,1.0,0.1667,0.8,1.0,0.8889,1.0,0.0,5.0,0.2,1.0,0.1667,0.4,0.5,0.4444,3.0,0.0,14.0,0.9836200834097312,0.9722222222222222,0.8333333333333334,0.8974358974358975,cancer,6.0,1.0,0.375,0.5454545455,7.0,0.5714285714,1.0,0.7272727273
cancer,5,4,new,8823,0.0237933509051799,5,3.0,0.0,0.75,0.0,1.0,0.75,0.8571,1.0,1.0,3.0,0.0,0.75,0.0,0.6667,0.5,0.5714,2.0,1.0,11.0,0.9656941597489198,0.8823529411764706,0.9375,0.9090909090909092,cancer,6.0,1.0,0.375,0.5454545455,7.0,0.5714285714,1.0,0.7272727273
cancer,5,4,new,4669,0.0397669067606329,14,4.0,0.0,1.0,0.0,1.0,1.0,1.0,0.0,0.0,4.0,0.0,1.0,0.0,1.0,1.0,1.0,0.0,0.0,5.0,0.9891760732455492,1.0,0.7894736842105263,0.8823529411764706,cancer,6.0,1.0,0.375,0.5454545455,7.0,0.5714285714,1.0,0.7272727273
cancer,5,4,new,6131,0.0183905493468046,2,3.0,0.0,0.75,0.0,1.0,0.75,0.8571,1.0,1.0,3.0,0.0,0.75,0.0,0.6667,0.5,0.5714,2.0,1.0,11.0,0.9809640522875818,0.85,1.0,0.9189189189189187,cancer,6.0,1.0,0.375,0.5454545455,7.0,0.5714285714,1.0,0.7272727273
cancer,5,4,new,2617,0.0410605291835963,17,3.0,0.0,0.75,0.0,1.0,0.75,0.8571,1.0,1.0,3.0,0.0,0.75,0.0,0.6667,0.5,0.5714,2.0,1.0,11.0,0.9949535679374388,1.0,0.6451612903225806,0.7843137254901961,cancer,6.0,1.0,0.375,0.5454545455,7.0,0.5714285714,1.0,0.7272727273
cancer,5,4,new,7166,0.0395804638974368,18,3.0,0.0,0.75,0.0,1.0,0.75,0.8571,1.0,1.0,3.0,0.0,0.75,0.0,0.6667,0.5,0.5714,2.0,1.0,11.0,0.9867321197579986,1.0,0.6363636363636364,0.7777777777777778,cancer,6.0,1.0,0.375,0.5454545455,7.0,0.5714285714,1.0,0.7272727273
cancer,5,4,new,1428,0.0233872151002287,5,3.0,0.0,0.75,0.0,1.0,0.75,0.8571,1.0,1.0,3.0,0.0,0.75,0.0,0.6667,0.5,0.5714,2.0,1.0,11.0,0.9786119711042311,0.8823529411764706,0.9375,0.9090909090909092,cancer,6.0,1.0,0.375,0.5454545455,7.0,0.5714285714,1.0,0.7272727273
cancer,5,4,new,8328,0.0322762439027428,11,4.0,0.0,1.0,0.0,1.0,1.0,1.0,0.0,0.0,4.0,0.0,1.0,0.0,1.0,1.0,1.0,0.0,0.0,5.0,0.9879382783228936,1.0,0.8461538461538461,0.9166666666666666,cancer,6.0,1.0,0.375,0.5454545455,7.0,0.5714285714,1.0,0.7272727273
cancer,5,4,new,8289,0.0466924859210848,20,4.0,0.0,1.0,0.0,1.0,1.0,1.0,0.0,0.0,4.0,0.0,1.0,0.0,1.0,1.0,1.0,0.0,0.0,5.0,0.9779410819514932,1.0,0.631578947368421,0.7741935483870968,cancer,6.0,1.0,0.375,0.5454545455,7.0,0.5714285714,1.0,0.7272727273
cancer,5,4,new,5978,0.0277798469178378,7,3.0,0.0,0.75,0.0,1.0,0.75,0.8571,1.0,1.0,3.0,0.0,0.75,0.0,0.6667,0.5,0.5714,2.0,1.0,11.0,0.9801470588235296,0.9333333333333332,0.875,0.9032258064516128,cancer,6.0,1.0,0.375,0.5454545455,7.0,0.5714285714,1.0,0.7272727273
cancer,5,4,new,5511,0.0300252018496394,8,4.0,0.0,1.0,0.0,1.0,1.0,1.0,0.0,0.0,4.0,0.0,1.0,0.0,1.0,1.0,1.0,0.0,0.0,5.0,0.9973346828609986,1.0,0.9473684210526316,0.972972972972973,cancer,6.0,1.0,0.375,0.5454545455,7.0,0.5714285714,1.0,0.7272727273
cancer,5,4,new,5864,0.0228850422427058,6,3.0,0.0,0.75,0.0,1.0,0.75,0.8571,1.0,1.0,3.0,0.0,0.75,0.0,0.6667,0.5,0.5714,2.0,1.0,11.0,0.98359375,0.9375,0.9375,0.9375,cancer,6.0,1.0,0.375,0.5454545455,7.0,0.5714285714,1.0,0.7272727273
cancer,5,4,new,606,0.0266243857331573,8,3.0,0.0,0.75,0.0,1.0,0.75,0.8571,1.0,1.0,3.0,0.0,0.75,0.0,0.6667,0.5,0.5714,2.0,1.0,11.0,0.9866713713349118,1.0,0.8235294117647058,0.9032258064516128,cancer,6.0,1.0,0.375,0.5454545455,7.0,0.5714285714,1.0,0.7272727273
cancer,5,4,new,1933,0.0250467262230813,7,3.0,0.0,0.75,0.0,1.0,0.75,0.8571,1.0,1.0,3.0,0.0,0.75,0.0,0.6667,0.5,0.5714,2.0,1.0,11.0,0.9710839598997494,0.9333333333333332,0.875,0.9032258064516128,cancer,6.0,1.0,0.375,0.5454545455,7.0,0.5714285714,1.0,0.7272727273
cancer,5,4,new,6071,0.0322014880366623,10,4.0,0.0,1.0,0.0,1.0,1.0,1.0,0.0,0.0,4.0,0.0,1.0,0.0,1.0,1.0,1.0,0.0,0.0,5.0,0.9920247172389156,1.0,0.8717948717948718,0.9315068493150686,cancer,6.0,1.0,0.375,0.5454545455,7.0,0.5714285714,1.0,0.7272727273
cancer,5,4,new,5504,0.0359881189651787,13,3.0,0.0,0.75,0.0,1.0,0.75,0.8571,1.0,1.0,3.0,0.0,0.75,0.0,0.6667,0.5,0.5714,2.0,1.0,11.0,0.9772140526186708,1.0,0.6818181818181818,0.8108108108108109,cancer,6.0,1.0,0.375,0.5454545455,7.0,0.5714285714,1.0,0.7272727273
cancer,5,4,new,5163,0.0366964023560285,14,3.0,0.0,0.75,0.0,1.0,0.75,0.8571,1.0,1.0,3.0,0.0,0.75,0.0,0.6667,0.5,0.5714,2.0,1.0,11.0,0.9730545369955276,0.9565217391304348,0.7096774193548387,0.8148148148148149,cancer,6.0,1.0,0.375,0.5454545455,7.0,0.5714285714,1.0,0.7272727273
cancer,5,4,new,2406,0.0354854110628366,11,4.0,0.0,1.0,0.0,1.0,1.0,1.0,0.0,0.0,4.0,0.0,1.0,0.0,1.0,1.0,1.0,0.0,0.0,5.0,0.9905833155833156,1.0,0.8461538461538461,0.9166666666666666,cancer,6.0,1.0,0.375,0.5454545455,7.0,0.5714285714,1.0,0.7272727273
cancer,5,4,new,304,0.0290362481027841,10,3.0,0.0,0.75,0.0,1.0,0.75,0.8571,1.0,1.0,3.0,0.0,0.75,0.0,0.6667,0.5,0.5714,2.0,1.0,11.0,0.9485823934837092,1.0,0.75,0.8571428571428571,cancer,6.0,1.0,0.375,0.5454545455,7.0,0.5714285714,1.0,0.7272727273
cancer,5,4,new,3391,0.0296808802522718,11,3.0,0.0,0.75,0.0,1.0,0.75,0.8571,1.0,1.0,3.0,0.0,0.75,0.0,0.6667,0.5,0.5714,2.0,1.0,11.0,0.9740519062258192,1.0,0.7727272727272727,0.8717948717948718,cancer,6.0,1.0,0.375,0.5454545455,7.0,0.5714285714,1.0,0.7272727273
cancer,5,4,new,359,0.0284193591214716,9,3.0,0.0,0.75,0.0,1.0,0.75,0.8571,1.0,1.0,3.0,0.0,0.75,0.0,0.6667,0.5,0.5714,2.0,1.0,11.0,0.9492129911174996,0.9230769230769232,0.75,0.8275862068965517,cancer,6.0,1.0,0.375,0.5454545455,7.0,0.5714285714,1.0,0.7272727273
cancer,5,4,new,9096,0.0374776143580675,7,4.0,0.0,1.0,0.0,1.0,1.0,1.0,0.0,0.0,4.0,0.0,1.0,0.0,1.0,1.0,1.0,0.0,0.0,5.0,0.996957326116539,1.0,0.9487179487179488,0.9736842105263158,cancer,6.0,1.0,0.375,0.5454545455,7.0,0.5714285714,1.0,0.7272727273
cancer,5,4,new,3533,0.0437245923094451,21,2.0,0.0,0.5,0.0,1.0,0.5,0.6667,2.0,5.0,2.0,0.0,0.5,0.0,0.5,0.25,0.3333,3.0,5.0,15.0,0.970711951105497,1.0,0.5185185185185185,0.6829268292682926,cancer,6.0,1.0,0.375,0.5454545455,7.0,0.5714285714,1.0,0.7272727273
cancer,5,4,new,4125,0.0356577951461076,15,3.0,0.0,0.75,0.0,1.0,0.75,0.8571,1.0,1.0,3.0,0.0,0.75,0.0,0.6667,0.5,0.5714,2.0,1.0,11.0,0.9822248499021952,1.0,0.5909090909090909,0.7428571428571429,cancer,6.0,1.0,0.375,0.5454545455,7.0,0.5714285714,1.0,0.7272727273
cancer,5,4,new,3094,0.0357191590592265,15,3.0,0.0,0.75,0.0,1.0,0.75,0.8571,1.0,1.0,3.0,0.0,0.75,0.0,0.6667,0.5,0.5714,2.0,1.0,11.0,0.9919330917267692,1.0,0.7096774193548387,0.8301886792452831,cancer,6.0,1.0,0.375,0.5454545455,7.0,0.5714285714,1.0,0.7272727273
cancer,5,4,new,6398,0.0349592017009854,14,3.0,0.0,0.75,0.0,1.0,0.75,0.8571,1.0,1.0,3.0,0.0,0.75,0.0,0.6667,0.5,0.5714,2.0,1.0,11.0,0.9775326847065976,1.0,0.6363636363636364,0.7777777777777778,cancer,6.0,1.0,0.375,0.5454545455,7.0,0.5714285714,1.0,0.7272727273
child,20,25,org,7816,452.85415260959417,1926,25.0,0.06,0.94,0.0091,0.94,0.94,0.94,1.5,23.5,25.0,0.04,0.96,0.0061,0.8200000000000001,0.8200000000000001,0.8200000000000001,2.0,22.5,268.0,0.995071260983617,0.9997587454764776,0.7468012254460263,0.8549618320610687,child,,,,,,,,
child,20,25,org,3578,2722.5207220572047,4982,23.0,0.2174,0.72,0.0303,0.7826,0.72,0.75,8.0,111.0,23.0,0.2174,0.72,0.0303,0.6087,0.56,0.5833,12.0,111.0,316.0,0.9951482494182358,1.0,0.0128764731558271,0.0254255548373195,child,,,,,,,,
child,20,25,org,2656,22387.699695201125,4942,19.0,0.1053,0.68,0.0121,0.8947,0.68,0.7727,8.0,111.0,19.0,0.0,0.76,0.0,0.7895,0.6,0.6818,10.0,86.0,343.0,0.9960379984398826,,0.0,,child,,,,,,,,
child,20,25,org,2688,504.3742502569221,2004,25.0,0.14,0.86,0.0212,0.86,0.86,0.86,3.5,63.5,25.0,0.12,0.88,0.0182,0.76,0.76,0.76,6.0,63.0,189.0,0.99359629909302,0.9992834965369,0.7479442259563819,0.8555362437378593,child,,,,,,,,
child,20,25,org,2494,481.7811798444018,1964,25.0,0.1,0.9,0.01515,0.9,0.9,0.9,2.5,46.0,25.0,0.08,0.92,0.0121,0.76,0.76,0.76,5.0,44.0,271.0,0.9941505679201468,1.0,0.7282670186686782,0.842771412984179,child,,,,,,,,
child,20,25,org,183,6659.527326846961,4895,19.0,0.1316,0.66,0.01515,0.8684000000000001,0.66,0.75,8.5,137.0,19.0,0.1053,0.68,0.0121,0.5789,0.44,0.5,13.0,127.0,361.0,0.9954972891582454,1.0,0.0011241007194244,0.002245677071637,child,,,,,,,,
child,20,25,org,7977,23573.80423101317,4916,19.0,0.1053,0.68,0.0121,0.8947,0.68,0.7727,8.0,111.0,19.0,0.1053,0.68,0.0121,0.6316,0.48,0.5455,12.0,111.0,342.0,0.994566287830511,,0.0,,child,,,,,,,,
child,20,25,org,3199,497.58725785510615,1999,25.0,0.1,0.9,0.01515,0.9,0.9,0.9,2.5,41.5,25.0,0.08,0.92,0.0121,0.8,0.8,0.8,3.0,41.0,268.0,0.9928943937587084,1.0,0.7443581206067332,0.8534464475079534,child,,,,,,,,
child,20,25,org,316,542.910600821022,2053,25.0,0.056,0.944,0.0085,0.944,0.944,0.944,1.4,18.4,25.0,0.0,1.0,0.0,0.8400000000000001,0.8400000000000001,0.8400000000000001,0.0,0.0,288.0,0.992945906681384,1.0,0.7248444932308818,0.8404751803139584,child,,,,,,,,
child,20,25,org,8266,502.7127567096613,2002,25.0,0.088,0.912,0.01334,0.912,0.912,0.912,2.2,44.6,25.0,0.04,0.96,0.0061,0.8,0.8,0.8,2.0,27.0,171.0,0.9946131053357176,1.0,0.7229906542056075,0.8392275981774788,child,,,,,,,,
child,20,25,org,1532,518.7438421659172,2067,25.0,0.14,0.86,0.0212,0.86,0.86,0.86,3.5,73.0,25.0,0.08,0.92,0.0121,0.76,0.76,0.76,2.0,43.0,288.0,0.9934203521572156,1.0,0.7080264400377715,0.8290579389650597,child,,,,,,,,
child,20,25,org,1009,525.8243646877818,2182,25.0,0.104,0.8959999999999999,0.01576,0.8959999999999999,0.8959999999999999,0.8959999999999999,2.6,52.6,25.0,0.04,0.96,0.0061,0.8,0.8,0.8,2.0,27.0,171.0,0.9928818836587212,1.0,0.6863234729158663,0.8139879257318601,child,,,,,,,,
child,20,25,org,2250,22755.315545042977,5069,20.0,0.1,0.72,0.0121,0.9,0.72,0.8,7.0,112.0,20.0,0.1,0.72,0.0121,0.75,0.6,0.6667,10.0,112.0,324.0,0.99561496645173,,0.0,,child,,,,,,,,
child,20,25,org,4447,493.029579277616,1948,25.0,0.128,0.8720000000000001,0.01938,0.8720000000000001,0.8720000000000001,0.8720000000000001,3.2,53.8,25.0,0.088,0.912,0.0133199999999999,0.76,0.76,0.76,4.4,33.0,294.0,0.9937986557876798,0.9997556804300024,0.7449481157837248,0.8537450448570831,child,,,,,,,,
child,20,25,org,2415,2070.9854787043296,4682,20.0,0.15,0.68,0.0182,0.85,0.68,0.7556,8.0,130.0,20.0,0.1,0.72,0.0121,0.75,0.6,0.6667,12.0,112.0,343.0,0.996025543488408,1.0,0.0009347978499649,0.0018678496381041,child,,,,,,,,
child,20,25,org,3595,1993.815503170248,4977,20.0,0.2,0.64,0.0242,0.8,0.64,0.7111,9.0,119.0,20.0,0.1,0.72,0.0121,0.75,0.6,0.6667,10.0,116.0,237.0,0.9959674192627744,1.0,0.0057471264367816,0.0114285714285714,child,,,,,,,,
child,20,25,org,4187,43736.75330384495,5078,20.0,0.3,0.56,0.0364,0.7,0.56,0.6222,11.0,174.0,20.0,0.2,0.64,0.0242,0.65,0.52,0.5778,13.0,150.0,336.0,0.9960981501370516,,0.0,,child,,,,,,,,
child,20,25,org,4135,492.4702260750346,1864,25.0,0.1,0.9,0.01515,0.9,0.9,0.9,2.5,41.5,25.0,0.08,0.92,0.0121,0.8,0.8,0.8,3.0,41.0,268.0,0.9946788510329988,1.0,0.7558371040723982,0.8609421709102154,child,,,,,,,,
child,20,25,org,5174,1036.258829220198,4470,24.0,0.2916666666666667,0.68,0.0424333333333333,0.7083333333333334,0.68,0.6938999999999999,8.0,145.0,24.0,0.2083,0.7600000000000001,0.0303,0.6667,0.64,0.6531,7.0,105.0,269.0,0.9952617386657008,1.0,0.2286829268292683,0.3722407495632841,child,,,,,,,,
child,20,25,org,5303,550.6823346973397,2199,25.0,0.168,0.8320000000000001,0.02544,0.8320000000000001,0.8320000000000001,0.8320000000000001,4.2,89.2,25.0,0.04,0.96,0.0061,0.76,0.76,0.76,3.0,25.0,298.0,0.9944201866274024,1.0,0.6838839204234349,0.8122696726642098,child,,,,,,,,
child,20,25,org,3942,2520.325438546017,5384,20.0,0.15,0.68,0.0181666666666666,0.85,0.68,0.7555666666666667,8.0,136.0,20.0,0.1,0.7200000000000001,0.0121,0.6999999999999998,0.56,0.6222,10.0,116.0,324.0,0.9956382703493122,1.0,0.0060814919927022,0.0120894620189401,child,,,,,,,,
child,20,25,org,2778,11688.462712818293,4785,19.0,0.1316,0.66,0.01515,0.8684000000000001,0.66,0.75,8.5,121.0,19.0,0.1053,0.68,0.0121,0.6316,0.48,0.5455,12.0,111.0,342.0,0.9954799931322726,1.0,0.0006920415224913,0.0013831258644536,child,,,,,,,,
child,20,25,org,2804,449.05011269589886,1814,25.0,0.064,0.936,0.0097,0.936,0.936,0.936,1.6,28.8,25.0,0.0,1.0,0.0,0.8400000000000001,0.8400000000000001,0.8400000000000001,0.0,0.0,288.0,0.9947917996920748,1.0,0.7670475488389237,0.86816854401335,child,,,,,,,,
child,20,25,org,2145,552.3407156630419,2241,25.0,0.18,0.8200000000000001,0.02725,0.8200000000000001,0.8200000000000001,0.8200000000000001,4.5,95.0,25.0,0.12,0.88,0.0182,0.72,0.72,0.72,5.0,65.0,291.0,0.9917280494493488,1.0,0.7009018958218296,0.8241532301698951,child,,,,,,,,
child,20,25,org,150,23584.803790219128,5001,19.0,0.1579,0.64,0.0182,0.8421,0.64,0.7273,9.0,153.0,19.0,0.1579,0.64,0.0182,0.6316,0.48,0.5455,12.0,153.0,255.0,0.9954214775638938,,0.0,,child,,,,,,,,
child,20,25,org,8823,930.8258701600134,3980,24.0,0.3541499999999999,0.62,0.0515,0.64585,0.62,0.6326499999999999,9.5,154.0,24.0,0.25,0.72,0.0364,0.5833,0.56,0.5714,10.0,123.0,325.0,0.9949110697400022,1.0,0.3443458561449877,0.5122876000561719,child,,,,,,,,
child,20,25,org,4669,581.5090764951892,2370,25.0,0.08,0.92,0.012125,0.92,0.92,0.92,2.0,32.0,25.0,0.04,0.96,0.0061,0.8,0.8,0.8,2.0,20.0,268.0,0.993850884096404,1.0,0.6876424189307625,0.8149148317407562,child,,,,,,,,
child,20,25,org,6131,585.3582333279774,2484,24.0,0.1875,0.78,0.02725,0.8125,0.78,0.7959,5.5,94.0,24.0,0.1667,0.8,0.0242,0.6667,0.64,0.6531,9.0,84.0,329.0,0.993416734267279,1.0,0.6541620007465472,0.7909285794877581,child,,,,,,,,
child,20,25,org,2617,441.4235185920261,1831,25.0,0.08,0.92,0.012125,0.92,0.92,0.92,2.0,32.0,25.0,0.04,0.96,0.0061,0.8,0.8,0.8,2.0,20.0,268.0,0.99340987142903,1.0,0.7446314567614626,0.8536260811709914,child,,,,,,,,
child,20,25,org,7166,542.3163461992517,2180,25.0,0.168,0.8320000000000001,0.02544,0.8320000000000001,0.8320000000000001,0.8320000000000001,4.2,89.2,25.0,0.04,0.96,0.0061,0.76,0.76,0.76,3.0,25.0,298.0,0.9950638974187838,0.9995258416311048,0.7232801509692914,0.8392554991539762,child,,,,,,,,
child,20,25,org,1428,527.7386740250513,2142,25.0,0.08,0.9200000000000002,0.01212,0.9200000000000002,0.9200000000000002,0.9200000000000002,2.0,35.0,25.0,0.0,1.0,0.0,0.8400000000000001,0.8400000000000001,0.8400000000000001,0.0,0.0,288.0,0.994315599602182,1.0,0.7152839992832826,0.8340123263344823,child,,,,,,,,
child,20,25,org,8328,1370.7830600948073,4845,20.0,0.125,0.7,0.01515,0.875,0.7,0.7778,7.5,106.0,20.0,0.1,0.72,0.0121,0.7,0.56,0.6222,10.0,96.0,324.0,0.9971824506941238,1.0,0.0008882966910948,0.001775016640781,child,,,,,,,,
child,20,25,org,8289,79585.93849398801,5404,19.0,0.1053,0.68,0.0121,0.8947,0.68,0.7727,8.0,120.0,19.0,0.1053,0.68,0.0121,0.6316,0.48,0.5455,11.0,120.0,322.0,0.9952907420323902,,0.0,,child,,,,,,,,
child,20,25,org,5978,561.1442536008544,1829,25.0,0.112,0.8880000000000001,0.01698,0.8880000000000001,0.8880000000000001,0.8880000000000001,2.8,64.0,25.0,0.04,0.96,0.0061,0.76,0.76,0.76,3.0,25.0,298.0,0.9954993214786608,0.9992821249102656,0.759825327510917,0.8632558139534884,child,,,,,,,,
child,20,25,org,5511,525.972964502871,1954,25.0,0.14,0.86,0.0212,0.86,0.86,0.86,3.5,73.0,25.0,0.08,0.92,0.0121,0.76,0.76,0.76,2.0,43.0,288.0,0.9945336505440824,1.0,0.7374885426214483,0.8489132728423718,child,,,,,,,,
child,20,25,org,5864,13964.245800363831,4735,19.0,0.23685,0.5800000000000001,0.02725,0.76315,0.5800000000000001,0.6591,10.5,145.0,19.0,0.1579,0.64,0.0182,0.6316,0.48,0.5455,12.0,134.0,341.0,0.9958055809163228,1.0,0.0009313154831199,0.0018608978832286,child,,,,,,,,
child,20,25,org,606,437.187177434098,1679,25.0,0.08,0.92,0.012125,0.92,0.92,0.92,2.0,32.0,25.0,0.04,0.96,0.0061,0.8,0.8,0.8,2.0,20.0,268.0,0.9941601541768784,0.9997498123592694,0.7744186046511627,0.8727749262859015,child,,,,,,,,
child,20,25,org,1933,517.8743615648709,2086,25.0,0.12,0.88,0.0181666666666666,0.88,0.88,0.88,3.0,57.333333333333336,25.0,0.1066666666666666,0.8933333333333334,0.0161666666666666,0.7600000000000001,0.7600000000000001,0.7600000000000001,5.666666666666667,57.0,216.33333333333331,0.99273360498738,1.0,0.712476370510397,0.8321006733635059,child,,,,,,,,
child,20,25,org,6071,507.1216003661975,1887,25.0,0.08,0.92,0.012125,0.92,0.92,0.92,2.0,32.0,25.0,0.04,0.96,0.0061,0.8,0.8,0.8,2.0,20.0,268.0,0.9957632090855092,1.0,0.7635793871866295,0.8659427443237908,child,,,,,,,,
child,20,25,org,5504,472.0369753590785,1817,25.0,0.08,0.92,0.012125,0.92,0.92,0.92,2.0,32.0,25.0,0.04,0.96,0.0061,0.8,0.8,0.8,2.0,20.0,268.0,0.9937293577805232,1.0,0.7639277063536426,0.8661666842716806,child,,,,,,,,
child,20,25,org,5163,4212.889694748912,4773,18.0,0.1111,0.64,0.0121,0.8889,0.64,0.7442,9.0,133.0,18.0,0.1111,0.64,0.0121,0.7222,0.52,0.6047,13.0,133.0,341.0,0.9969752841353292,1.0,0.0009155413138017,0.0018294077292476,child,,,,,,,,
child,20,25,org,2406,1717.9248687615618,4767,21.0,0.1667,0.7,0.0212,0.8332999999999999,0.7,0.76085,7.5,113.0,21.0,0.1429,0.72,0.0182,0.7143,0.6,0.6522,9.0,103.0,305.0,0.9977060662209732,1.0,0.000896860986547,0.0017921146953405,child,,,,,,,,
child,20,25,org,304,473.99246298801154,1934,25.0,0.18,0.8200000000000001,0.02725,0.8200000000000001,0.8200000000000001,0.8200000000000001,4.5,95.0,25.0,0.12,0.88,0.0182,0.72,0.72,0.72,5.0,65.0,291.0,0.9934553163661224,0.9987392839132628,0.7434309309309309,0.8523778782009899,child,,,,,,,,
child,20,25,org,3391,603.9599462696351,2524,24.0,0.2083,0.76,0.0303,0.7917,0.76,0.7755,6.0,88.0,24.0,0.1667,0.8,0.0242,0.7083,0.68,0.6939,7.0,84.0,228.0,0.9951548902878684,1.0,0.6148443432042521,0.761490537204655,child,,,,,,,,
child,20,25,org,359,14314.490124269389,5126,20.0,0.1,0.72,0.0121,0.9,0.72,0.8,7.0,113.0,20.0,0.1,0.72,0.0121,0.7,0.56,0.6222,10.0,113.0,324.0,0.9958194855056804,,0.0,,child,,,,,,,,
child,20,25,org,9096,468.8632467458956,1936,25.0,0.12,0.88,0.018175,0.88,0.88,0.88,3.0,54.0,25.0,0.08,0.92,0.0121,0.76,0.76,0.76,5.0,42.0,191.0,0.9952044692026648,0.999753269183321,0.7365933466642428,0.8482311073895751,child,,,,,,,,
child,20,25,org,3533,468.2706004260108,1963,25.0,0.08,0.92,0.0121,0.92,0.92,0.92,2.0,24.0,25.0,0.04,0.96,0.0061,0.84,0.84,0.84,2.0,22.0,268.0,0.993189321651839,1.0,0.7343076634813566,0.8468020743301642,child,,,,,,,,
child,20,25,org,4125,1161.8486091061495,5096,23.0,0.32172,0.624,0.04486,0.67828,0.624,0.65,9.4,152.2,23.0,0.1739,0.76,0.0242,0.7391,0.68,0.7083,9.0,122.0,284.0,0.9959040613126008,1.0,0.0978846153846153,0.1783149413207216,child,,,,,,,,
child,20,25,org,3094,465.2845995733514,1971,25.0,0.06,0.94,0.0091,0.94,0.94,0.94,1.5,24.0,25.0,0.04,0.96,0.0061,0.8,0.8,0.8,2.0,22.0,268.0,0.994268006384674,1.0,0.743603701687534,0.8529503590384014,child,,,,,,,,
child,20,25,org,6398,730.055475752335,3315,24.0,0.1041499999999999,0.86,0.01515,0.89585,0.86,0.87755,3.5,61.0,24.0,0.0,0.96,0.0,0.8333,0.8,0.8163,2.0,17.0,306.0,0.9948793995346162,1.0,0.4602261836304389,0.630349173011289,child,,,,,,,,
child,20,25,new,7816,380.14825628884137,1926,25.0,0.08,0.92,0.0121,0.92,0.92,0.92,2.0,24.0,25.0,0.04,0.96,0.0061,0.84,0.84,0.84,2.0,22.0,268.0,0.995071260983617,0.9997587454764776,0.7468012254460263,0.8549618320610687,child,6.0,1.0,0.0169014085,0.033240997200000004,6.0,0.8333333333,0.2,0.3225806452
child,20,25,new,3578,1233.4461053884588,4982,23.0,0.2174,0.72,0.0303,0.7826,0.72,0.75,8.0,111.0,23.0,0.2174,0.72,0.0303,0.6087,0.56,0.5833,12.0,111.0,316.0,0.9951482494182358,1.0,0.0128764731558271,0.0254255548373195,child,6.0,1.0,0.0169014085,0.033240997200000004,6.0,0.8333333333,0.2,0.3225806452
child,20,25,new,2656,1779.0778670958243,4942,19.0,0.0526,0.72,0.0061,0.9474,0.72,0.8182,7.0,113.0,19.0,0.0,0.76,0.0,0.7895,0.6,0.6818,10.0,86.0,343.0,0.9960379984398826,,0.0,,child,6.0,1.0,0.0169014085,0.033240997200000004,6.0,0.8333333333,0.2,0.3225806452
child,20,25,new,2688,475.2855117470026,2004,25.0,0.128,0.8720000000000001,0.01938,0.8720000000000001,0.8720000000000001,0.8720000000000001,3.2,54.8,25.0,0.04,0.96,0.0061,0.8,0.8,0.8,3.0,22.0,291.0,0.99359629909302,0.9992834965369,0.7479442259563819,0.8555362437378593,child,6.0,1.0,0.0169014085,0.033240997200000004,6.0,0.8333333333,0.2,0.3225806452
child,20,25,new,2494,456.4979325630702,1964,25.0,0.1,0.9,0.01515,0.9,0.9,0.9,2.5,46.0,25.0,0.08,0.92,0.0121,0.76,0.76,0.76,5.0,44.0,271.0,0.9941505679201468,1.0,0.7282670186686782,0.842771412984179,child,6.0,1.0,0.0169014085,0.033240997200000004,6.0,0.8333333333,0.2,0.3225806452
child,20,25,new,183,1444.7479145159014,4895,18.0,0.0556,0.68,0.0061,0.9444,0.68,0.7907,8.0,129.0,18.0,0.0,0.72,0.0,0.7222,0.52,0.6047,12.0,102.0,361.0,0.9954972891582454,1.0,0.0011241007194244,0.002245677071637,child,6.0,1.0,0.0169014085,0.033240997200000004,6.0,0.8333333333,0.2,0.3225806452
child,20,25,new,7977,2264.2899448731914,4916,20.0,0.15,0.68,0.0182,0.85,0.68,0.7556,8.0,111.0,20.0,0.1,0.72,0.0121,0.6,0.48,0.5333,11.0,107.0,342.0,0.994566287830511,,0.0,,child,6.0,1.0,0.0169014085,0.033240997200000004,6.0,0.8333333333,0.2,0.3225806452
child,20,25,new,3199,448.5626327861101,1999,25.0,0.08,0.92,0.0121,0.92,0.92,0.92,2.0,24.0,25.0,0.04,0.96,0.0061,0.84,0.84,0.84,2.0,22.0,268.0,0.9928943937587084,1.0,0.7443581206067332,0.8534464475079534,child,6.0,1.0,0.0169014085,0.033240997200000004,6.0,0.8333333333,0.2,0.3225806452
child,20,25,new,316,465.9585766326636,2053,25.0,0.104,0.8960000000000001,0.01576,0.8960000000000001,0.8960000000000001,0.8960000000000001,2.6,45.0,25.0,0.0,1.0,0.0,0.8400000000000001,0.8400000000000001,0.8400000000000001,0.0,0.0,288.0,0.992945906681384,1.0,0.7248444932308818,0.8404751803139584,child,6.0,1.0,0.0169014085,0.033240997200000004,6.0,0.8333333333,0.2,0.3225806452
child,20,25,new,8266,475.9413518682122,2002,25.0,0.08,0.92,0.012125,0.92,0.92,0.92,2.0,39.0,25.0,0.04,0.96,0.0061,0.8,0.8,0.8,2.0,27.0,171.0,0.9946131053357176,1.0,0.7229906542056075,0.8392275981774788,child,6.0,1.0,0.0169014085,0.033240997200000004,6.0,0.8333333333,0.2,0.3225806452
child,20,25,new,1532,474.3146567400545,2067,25.0,0.08,0.92,0.01212,0.92,0.92,0.92,2.0,38.8,25.0,0.0,1.0,0.0,0.8400000000000001,0.8400000000000001,0.8400000000000001,0.0,0.0,288.0,0.9934203521572156,1.0,0.7080264400377715,0.8290579389650597,child,6.0,1.0,0.0169014085,0.033240997200000004,6.0,0.8333333333,0.2,0.3225806452
child,20,25,new,1009,489.8820096449927,2182,25.0,0.08,0.92,0.012125,0.92,0.92,0.92,2.0,39.0,25.0,0.04,0.96,0.0061,0.8,0.8,0.8,2.0,27.0,171.0,0.9928818836587212,1.0,0.6863234729158663,0.8139879257318601,child,6.0,1.0,0.0169014085,0.033240997200000004,6.0,0.8333333333,0.2,0.3225806452
child,20,25,new,2250,2064.314925184008,5069,20.0,0.1,0.72,0.0121,0.9,0.72,0.8,7.0,112.0,20.0,0.1,0.72,0.0121,0.75,0.6,0.6667,10.0,112.0,324.0,0.99561496645173,,0.0,,child,6.0,1.0,0.0169014085,0.033240997200000004,6.0,0.8333333333,0.2,0.3225806452
child,20,25,new,4447,450.59358475683257,1948,25.0,0.168,0.8320000000000001,0.02544,0.8320000000000001,0.8320000000000001,0.8320000000000001,4.2,73.8,25.0,0.08,0.9200000000000002,0.0121,0.76,0.76,0.76,4.0,29.0,298.0,0.9937986557876798,0.9997556804300024,0.7449481157837248,0.8537450448570831,child,6.0,1.0,0.0169014085,0.033240997200000004,6.0,0.8333333333,0.2,0.3225806452
child,20,25,new,2415,1068.3382807611488,4682,20.0,0.2,0.64,0.0242,0.8,0.64,0.7111,9.0,131.0,20.0,0.1,0.72,0.0121,0.75,0.6,0.6667,12.0,112.0,343.0,0.996025543488408,1.0,0.0009347978499649,0.0018678496381041,child,6.0,1.0,0.0169014085,0.033240997200000004,6.0,0.8333333333,0.2,0.3225806452
child,20,25,new,3595,1134.1775779351592,4977,20.0,0.1,0.72,0.0121,0.9,0.72,0.8,7.0,116.0,20.0,0.1,0.72,0.0121,0.75,0.6,0.6667,10.0,116.0,237.0,0.9959674192627744,1.0,0.0057471264367816,0.0114285714285714,child,6.0,1.0,0.0169014085,0.033240997200000004,6.0,0.8333333333,0.2,0.3225806452
child,20,25,new,4187,3675.762084973976,5078,20.0,0.2,0.64,0.0242,0.8,0.64,0.7111,9.0,134.0,20.0,0.2,0.64,0.0242,0.75,0.6,0.6667,10.0,134.0,338.0,0.9960981501370516,,0.0,,child,6.0,1.0,0.0169014085,0.033240997200000004,6.0,0.8333333333,0.2,0.3225806452
child,20,25,new,4135,454.3532138550654,1864,25.0,0.08,0.92,0.0121,0.92,0.92,0.92,2.0,24.0,25.0,0.04,0.96,0.0061,0.84,0.84,0.84,2.0,22.0,268.0,0.9946788510329988,1.0,0.7558371040723982,0.8609421709102154,child,6.0,1.0,0.0169014085,0.033240997200000004,6.0,0.8333333333,0.2,0.3225806452
child,20,25,new,5174,977.1348307030275,4470,24.0,0.2917,0.68,0.0424,0.7083,0.68,0.6939,8.0,129.0,24.0,0.2083,0.76,0.0303,0.6667,0.64,0.6531,7.0,105.0,269.0,0.9952617386657008,1.0,0.2286829268292683,0.3722407495632841,child,6.0,1.0,0.0169014085,0.033240997200000004,6.0,0.8333333333,0.2,0.3225806452
child,20,25,new,5303,508.9866368351504,2199,25.0,0.112,0.8879999999999999,0.0169599999999999,0.8879999999999999,0.8879999999999999,0.8879999999999999,2.8,61.8,25.0,0.04,0.96,0.0061,0.76,0.76,0.76,3.0,25.0,298.0,0.9944201866274024,1.0,0.6838839204234349,0.8122696726642098,child,6.0,1.0,0.0169014085,0.033240997200000004,6.0,0.8333333333,0.2,0.3225806452
child,20,25,new,3942,1349.2012211182157,5384,20.0,0.1,0.72,0.0121,0.9,0.72,0.8,7.0,116.0,20.0,0.1,0.72,0.0121,0.7,0.56,0.6222,10.0,116.0,324.0,0.9956382703493122,1.0,0.0060814919927022,0.0120894620189401,child,6.0,1.0,0.0169014085,0.033240997200000004,6.0,0.8333333333,0.2,0.3225806452
child,20,25,new,2778,2117.673198990058,4785,19.0,0.0526,0.72,0.0061,0.9474,0.72,0.8182,7.0,107.0,19.0,0.0,0.76,0.0,0.7368,0.56,0.6364,10.0,83.0,342.0,0.9954799931322726,1.0,0.0006920415224913,0.0013831258644536,child,6.0,1.0,0.0169014085,0.033240997200000004,6.0,0.8333333333,0.2,0.3225806452
child,20,25,new,2804,421.9491031123325,1814,25.0,0.064,0.936,0.0097,0.936,0.936,0.936,1.6,30.4,25.0,0.0,1.0,0.0,0.8400000000000001,0.8400000000000001,0.8400000000000001,0.0,0.0,288.0,0.9947917996920748,1.0,0.7670475488389237,0.86816854401335,child,6.0,1.0,0.0169014085,0.033240997200000004,6.0,0.8333333333,0.2,0.3225806452
child,20,25,new,2145,509.2542755291797,2241,25.0,0.1,0.9,0.01515,0.9,0.9,0.9,2.5,46.0,25.0,0.08,0.92,0.0121,0.76,0.76,0.76,5.0,44.0,271.0,0.9917280494493488,1.0,0.7009018958218296,0.8241532301698951,child,6.0,1.0,0.0169014085,0.033240997200000004,6.0,0.8333333333,0.2,0.3225806452
child,20,25,new,150,2251.8809455810115,5001,19.0,0.1579,0.64,0.0182,0.8421,0.64,0.7273,9.0,153.0,19.0,0.1579,0.64,0.0182,0.6316,0.48,0.5455,12.0,153.0,255.0,0.9954214775638938,,0.0,,child,6.0,1.0,0.0169014085,0.033240997200000004,6.0,0.8333333333,0.2,0.3225806452
child,20,25,new,8823,936.498903613072,4289,24.0,0.3333,0.64,0.0485,0.6667,0.64,0.6531,9.0,144.0,24.0,0.25,0.72,0.0364,0.625,0.6,0.6122,10.0,122.0,325.0,0.9949110697400022,1.0,0.2860109495941099,0.4448032883147387,child,6.0,1.0,0.0169014085,0.033240997200000004,6.0,0.8333333333,0.2,0.3225806452
child,20,25,new,4669,544.213222024031,2370,25.0,0.06,0.94,0.0091,0.94,0.94,0.94,1.5,22.0,25.0,0.04,0.96,0.0061,0.8,0.8,0.8,2.0,20.0,268.0,0.993850884096404,1.0,0.6876424189307625,0.8149148317407562,child,6.0,1.0,0.0169014085,0.033240997200000004,6.0,0.8333333333,0.2,0.3225806452
child,20,25,new,6131,540.9459945680574,2484,24.0,0.1667,0.8,0.0242,0.8333,0.8,0.8163,5.0,84.0,24.0,0.1667,0.8,0.0242,0.6667,0.64,0.6531,9.0,84.0,329.0,0.993416734267279,1.0,0.6541620007465472,0.7909285794877581,child,6.0,1.0,0.0169014085,0.033240997200000004,6.0,0.8333333333,0.2,0.3225806452
child,20,25,new,2617,424.15536658559,1831,25.0,0.06,0.94,0.0091,0.94,0.94,0.94,1.5,22.0,25.0,0.04,0.96,0.0061,0.8,0.8,0.8,2.0,20.0,268.0,0.99340987142903,1.0,0.7446314567614626,0.8536260811709914,child,6.0,1.0,0.0169014085,0.033240997200000004,6.0,0.8333333333,0.2,0.3225806452
child,20,25,new,7166,504.7326796851121,2180,25.0,0.112,0.8880000000000001,0.01698,0.8880000000000001,0.8880000000000001,0.8880000000000001,2.8,63.6,25.0,0.04,0.96,0.0061,0.76,0.76,0.76,3.0,25.0,298.0,0.9950638974187838,0.9995258416311048,0.7232801509692914,0.8392554991539762,child,6.0,1.0,0.0169014085,0.033240997200000004,6.0,0.8333333333,0.2,0.3225806452
child,20,25,new,1428,486.35592274414375,2142,25.0,0.088,0.912,0.01334,0.912,0.912,0.912,2.2,34.2,25.0,0.0,1.0,0.0,0.8400000000000001,0.8400000000000001,0.8400000000000001,0.0,0.0,288.0,0.994315599602182,1.0,0.7152839992832826,0.8340123263344823,child,6.0,1.0,0.0169014085,0.033240997200000004,6.0,0.8333333333,0.2,0.3225806452
child,20,25,new,8328,927.538792575244,4845,21.0,0.0952,0.76,0.0121,0.9048,0.76,0.8261,6.0,76.0,21.0,0.0,0.84,0.0,0.7619,0.64,0.6957,7.0,50.0,324.0,0.9971824506941238,1.0,0.0008882966910948,0.001775016640781,child,6.0,1.0,0.0169014085,0.033240997200000004,6.0,0.8333333333,0.2,0.3225806452
child,20,25,new,8289,2991.6045149038546,5404,22.0,0.0909,0.8,0.0121,0.9091,0.8,0.8511,5.0,80.0,22.0,0.0909,0.8,0.0121,0.6818,0.6,0.6383,7.0,80.0,305.0,0.9952907420323902,,0.0,,child,6.0,1.0,0.0169014085,0.033240997200000004,6.0,0.8333333333,0.2,0.3225806452
child,20,25,new,5978,467.3192722038366,1829,25.0,0.096,0.904,0.01456,0.904,0.904,0.904,2.4,54.2,25.0,0.04,0.96,0.0061,0.76,0.76,0.76,3.0,25.0,298.0,0.9954993214786608,0.9992821249102656,0.759825327510917,0.8632558139534884,child,6.0,1.0,0.0169014085,0.033240997200000004,6.0,0.8333333333,0.2,0.3225806452
child,20,25,new,5511,489.62948720064014,1954,25.0,0.064,0.936,0.0097,0.936,0.936,0.936,1.6,25.6,25.0,0.0,1.0,0.0,0.8400000000000001,0.8400000000000001,0.8400000000000001,0.0,0.0,288.0,0.9945336505440824,1.0,0.7374885426214483,0.8489132728423718,child,6.0,1.0,0.0169014085,0.033240997200000004,6.0,0.8333333333,0.2,0.3225806452
child,20,25,new,5864,1962.5580369839445,4735,19.0,0.1579,0.64,0.0182,0.8421,0.64,0.7273,9.0,134.0,19.0,0.0526,0.72,0.0061,0.7368,0.56,0.6364,10.0,106.0,341.0,0.9958055809163228,1.0,0.0009313154831199,0.0018608978832286,child,6.0,1.0,0.0169014085,0.033240997200000004,6.0,0.8333333333,0.2,0.3225806452
child,20,25,new,606,390.6859898469411,1679,25.0,0.06,0.94,0.0091,0.94,0.94,0.94,1.5,22.0,25.0,0.04,0.96,0.0061,0.8,0.8,0.8,2.0,20.0,268.0,0.9941601541768784,0.9997498123592694,0.7744186046511627,0.8727749262859015,child,6.0,1.0,0.0169014085,0.033240997200000004,6.0,0.8333333333,0.2,0.3225806452
child,20,25,new,1933,483.63157653901726,2086,25.0,0.112,0.8880000000000001,0.01696,0.8880000000000001,0.8880000000000001,0.8880000000000001,2.8,48.4,25.0,0.04,0.96,0.0061,0.8,0.8,0.8,3.0,22.0,291.0,0.99273360498738,1.0,0.712476370510397,0.8321006733635059,child,6.0,1.0,0.0169014085,0.033240997200000004,6.0,0.8333333333,0.2,0.3225806452
child,20,25,new,6071,473.9270094367676,1887,25.0,0.06,0.94,0.0091,0.94,0.94,0.94,1.5,22.0,25.0,0.04,0.96,0.0061,0.8,0.8,0.8,2.0,20.0,268.0,0.9957632090855092,1.0,0.7635793871866295,0.8659427443237908,child,6.0,1.0,0.0169014085,0.033240997200000004,6.0,0.8333333333,0.2,0.3225806452
child,20,25,new,5504,434.4156300039031,1817,25.0,0.06,0.94,0.0091,0.94,0.94,0.94,1.5,22.0,25.0,0.04,0.96,0.0061,0.8,0.8,0.8,2.0,20.0,268.0,0.9937293577805232,1.0,0.7639277063536426,0.8661666842716806,child,6.0,1.0,0.0169014085,0.033240997200000004,6.0,0.8333333333,0.2,0.3225806452
child,20,25,new,5163,1005.8917980310508,4773,18.0,0.1111,0.64,0.0121,0.8889,0.64,0.7442,9.0,133.0,18.0,0.1111,0.64,0.0121,0.7222,0.52,0.6047,13.0,133.0,341.0,0.9969752841353292,1.0,0.0009155413138017,0.0018294077292476,child,6.0,1.0,0.0169014085,0.033240997200000004,6.0,0.8333333333,0.2,0.3225806452
child,20,25,new,2406,956.0118647543712,4767,21.0,0.0952,0.76,0.0121,0.9048,0.76,0.8261,6.0,84.0,21.0,0.0952,0.76,0.0121,0.7143,0.6,0.6522,8.0,84.0,305.0,0.9977060662209732,1.0,0.000896860986547,0.0017921146953405,child,6.0,1.0,0.0169014085,0.033240997200000004,6.0,0.8333333333,0.2,0.3225806452
child,20,25,new,304,438.2109711631201,1934,25.0,0.12,0.8800000000000001,0.01818,0.8800000000000001,0.8800000000000001,0.8800000000000001,3.0,57.6,25.0,0.04,0.96,0.0061,0.8,0.8,0.8,3.0,22.0,291.0,0.9934553163661224,0.9987392839132628,0.7434309309309309,0.8523778782009899,child,6.0,1.0,0.0169014085,0.033240997200000004,6.0,0.8333333333,0.2,0.3225806452
child,20,25,new,3391,559.9457208858803,2524,24.0,0.1667,0.8,0.0242,0.8333,0.8,0.8163,5.0,84.0,24.0,0.1667,0.8,0.0242,0.7083,0.68,0.6939,7.0,84.0,228.0,0.9951548902878684,1.0,0.6148443432042521,0.761490537204655,child,6.0,1.0,0.0169014085,0.033240997200000004,6.0,0.8333333333,0.2,0.3225806452
child,20,25,new,359,1770.391009545885,5126,20.0,0.1,0.72,0.0121,0.9,0.72,0.8,7.0,113.0,20.0,0.1,0.72,0.0121,0.7,0.56,0.6222,10.0,113.0,324.0,0.9958194855056804,,0.0,,child,6.0,1.0,0.0169014085,0.033240997200000004,6.0,0.8333333333,0.2,0.3225806452
child,20,25,new,9096,438.4027520120144,1936,25.0,0.1,0.9,0.01515,0.9,0.9,0.9,2.5,44.0,25.0,0.08,0.92,0.0121,0.76,0.76,0.76,5.0,42.0,191.0,0.9952044692026648,0.999753269183321,0.7365933466642428,0.8482311073895751,child,6.0,1.0,0.0169014085,0.033240997200000004,6.0,0.8333333333,0.2,0.3225806452
child,20,25,new,3533,435.2427731049247,1963,25.0,0.08,0.92,0.0121,0.92,0.92,0.92,2.0,24.0,25.0,0.04,0.96,0.0061,0.84,0.84,0.84,2.0,22.0,268.0,0.993189321651839,1.0,0.7343076634813566,0.8468020743301642,child,6.0,1.0,0.0169014085,0.033240997200000004,6.0,0.8333333333,0.2,0.3225806452
child,20,25,new,4125,1093.2049607886,5096,23.0,0.32172,0.624,0.04486,0.67828,0.624,0.65,9.4,152.2,23.0,0.1739,0.76,0.0242,0.7391,0.68,0.7083,9.0,122.0,284.0,0.9959040613126008,1.0,0.0978846153846153,0.1783149413207216,child,6.0,1.0,0.0169014085,0.033240997200000004,6.0,0.8333333333,0.2,0.3225806452
child,20,25,new,3094,431.8943413067609,1971,25.0,0.06,0.94,0.0091,0.94,0.94,0.94,1.5,24.0,25.0,0.04,0.96,0.0061,0.8,0.8,0.8,2.0,22.0,268.0,0.994268006384674,1.0,0.743603701687534,0.8529503590384014,child,6.0,1.0,0.0169014085,0.033240997200000004,6.0,0.8333333333,0.2,0.3225806452
child,20,25,new,6398,684.9019155139104,3315,24.0,0.0833,0.88,0.0121,0.9167,0.88,0.898,3.0,61.0,24.0,0.0,0.96,0.0,0.8333,0.8,0.8163,2.0,17.0,306.0,0.9948793995346162,1.0,0.4602261836304389,0.630349173011289,child,6.0,1.0,0.0169014085,0.033240997200000004,6.0,0.8333333333,0.2,0.3225806452
earthquake,5,4,org,7816,0.0249332645907998,0,4.0,0.0,1.0,0.0,1.0,1.0,1.0,0.0,0.0,4.0,0.0,1.0,0.0,1.0,1.0,1.0,0.0,0.0,5.0,1.0,,0.0,,earthquake,,,,,,,,
earthquake,5,4,org,3578,0.0247062561102211,0,4.0,0.0,1.0,0.0,1.0,1.0,1.0,0.0,0.0,4.0,0.0,1.0,0.0,1.0,1.0,1.0,0.0,0.0,5.0,1.0,,0.0,,earthquake,,,,,,,,
earthquake,5,4,org,2656,0.0247228839434683,0,4.0,0.0,1.0,0.0,1.0,1.0,1.0,0.0,0.0,4.0,0.0,1.0,0.0,1.0,1.0,1.0,0.0,0.0,5.0,1.0,,0.0,,earthquake,,,,,,,,
earthquake,5,4,org,2688,0.0261339824646711,0,4.0,0.0,1.0,0.0,1.0,1.0,1.0,0.0,0.0,4.0,0.0,1.0,0.0,1.0,1.0,1.0,0.0,0.0,5.0,1.0,,0.0,,earthquake,,,,,,,,
earthquake,5,4,org,2494,0.0268008429557085,1,4.0,0.0,1.0,0.0,1.0,1.0,1.0,0.0,0.0,4.0,0.0,1.0,0.0,1.0,1.0,1.0,0.0,0.0,5.0,1.0,1.0,1.0,1.0,earthquake,,,,,,,,
earthquake,5,4,org,183,0.0253397938795387,0,4.0,0.0,1.0,0.0,1.0,1.0,1.0,0.0,0.0,4.0,0.0,1.0,0.0,1.0,1.0,1.0,0.0,0.0,5.0,1.0,,0.0,,earthquake,,,,,,,,
earthquake,5,4,org,7977,0.0267159841023385,0,4.0,0.0,1.0,0.0,1.0,1.0,1.0,0.0,0.0,4.0,0.0,1.0,0.0,1.0,1.0,1.0,0.0,0.0,5.0,1.0,,0.0,,earthquake,,,,,,,,
earthquake,5,4,org,3199,0.0351027669385075,2,4.0,0.0,1.0,0.0,1.0,1.0,1.0,0.0,0.0,4.0,0.0,1.0,0.0,1.0,1.0,1.0,0.0,0.0,5.0,1.0,1.0,1.0,1.0,earthquake,,,,,,,,
earthquake,5,4,org,316,0.0255568972788751,0,4.0,0.0,1.0,0.0,1.0,1.0,1.0,0.0,0.0,4.0,0.0,1.0,0.0,1.0,1.0,1.0,0.0,0.0,5.0,1.0,,0.0,,earthquake,,,,,,,,
earthquake,5,4,org,8266,0.0328112859278917,2,5.0,0.2,1.0,0.1667,0.8,1.0,0.8889,1.0,0.0,5.0,0.2,1.0,0.1667,0.8,1.0,0.8889,1.0,0.0,14.0,0.999097505881862,0.9824561403508772,0.9824561403508772,0.9824561403508772,earthquake,,,,,,,,
earthquake,5,4,org,1532,0.0389918750151991,7,4.0,0.0,1.0,0.0,1.0,1.0,1.0,0.0,0.0,4.0,0.0,1.0,0.0,1.0,1.0,1.0,0.0,0.0,5.0,0.9965682898771648,1.0,0.9074074074074074,0.9514563106796116,earthquake,,,,,,,,
earthquake,5,4,org,1009,0.1075385329313576,53,4.0,0.25,0.75,0.1667,0.75,0.75,0.75,2.0,4.0,4.0,0.25,0.75,0.1667,0.75,0.75,0.75,2.0,4.0,13.0,0.9982517245630248,1.0,0.074074074074074,0.1379310344827586,earthquake,,,,,,,,
earthquake,5,4,org,2250,0.0250790272839367,0,4.0,0.0,1.0,0.0,1.0,1.0,1.0,0.0,0.0,4.0,0.0,1.0,0.0,1.0,1.0,1.0,0.0,0.0,5.0,1.0,,0.0,,earthquake,,,,,,,,
earthquake,5,4,org,4447,0.0246708309277892,0,4.0,0.0,1.0,0.0,1.0,1.0,1.0,0.0,0.0,4.0,0.0,1.0,0.0,1.0,1.0,1.0,0.0,0.0,5.0,1.0,,0.0,,earthquake,,,,,,,,
earthquake,5,4,org,2415,0.0255716000683605,0,4.0,0.0,1.0,0.0,1.0,1.0,1.0,0.0,0.0,4.0,0.0,1.0,0.0,1.0,1.0,1.0,0.0,0.0,5.0,1.0,,0.0,,earthquake,,,,,,,,
earthquake,5,4,org,3595,0.0256106997840106,0,4.0,0.0,1.0,0.0,1.0,1.0,1.0,0.0,0.0,4.0,0.0,1.0,0.0,1.0,1.0,1.0,0.0,0.0,5.0,1.0,,0.0,,earthquake,,,,,,,,
earthquake,5,4,org,4187,0.0372149948962032,4,4.0,0.0,1.0,0.0,1.0,1.0,1.0,0.0,0.0,4.0,0.0,1.0,0.0,1.0,1.0,1.0,0.0,0.0,5.0,0.999389732649834,1.0,0.9649122807017544,0.9821428571428572,earthquake,,,,,,,,
earthquake,5,4,org,4135,0.0248660268262028,0,4.0,0.0,1.0,0.0,1.0,1.0,1.0,0.0,0.0,4.0,0.0,1.0,0.0,1.0,1.0,1.0,0.0,0.0,5.0,1.0,,0.0,,earthquake,,,,,,,,
earthquake,5,4,org,5174,0.0256170686334371,0,4.0,0.0,1.0,0.0,1.0,1.0,1.0,0.0,0.0,4.0,0.0,1.0,0.0,1.0,1.0,1.0,0.0,0.0,5.0,1.0,,0.0,,earthquake,,,,,,,,
earthquake,5,4,org,5303,0.0247868578881025,0,4.0,0.0,1.0,0.0,1.0,1.0,1.0,0.0,0.0,4.0,0.0,1.0,0.0,1.0,1.0,1.0,0.0,0.0,5.0,1.0,,0.0,,earthquake,,,,,,,,
earthquake,5,4,org,3942,0.0250626350753009,0,4.0,0.0,1.0,0.0,1.0,1.0,1.0,0.0,0.0,4.0,0.0,1.0,0.0,1.0,1.0,1.0,0.0,0.0,5.0,1.0,,0.0,,earthquake,,,,,,,,
earthquake,5,4,org,2778,0.0265691047534346,0,4.0,0.0,1.0,0.0,1.0,1.0,1.0,0.0,0.0,4.0,0.0,1.0,0.0,1.0,1.0,1.0,0.0,0.0,5.0,1.0,,0.0,,earthquake,,,,,,,,
earthquake,5,4,org,2804,0.0246360977180302,0,4.0,0.0,1.0,0.0,1.0,1.0,1.0,0.0,0.0,4.0,0.0,1.0,0.0,1.0,1.0,1.0,0.0,0.0,5.0,1.0,,0.0,,earthquake,,,,,,,,
earthquake,5,4,org,2145,0.0245103351771831,0,4.0,0.0,1.0,0.0,1.0,1.0,1.0,0.0,0.0,4.0,0.0,1.0,0.0,1.0,1.0,1.0,0.0,0.0,5.0,1.0,,0.0,,earthquake,,,,,,,,
earthquake,5,4,org,150,0.0249417158775031,0,4.0,0.0,1.0,0.0,1.0,1.0,1.0,0.0,0.0,4.0,0.0,1.0,0.0,1.0,1.0,1.0,0.0,0.0,5.0,1.0,,0.0,,earthquake,,,,,,,,
earthquake,5,4,org,8823,0.0247986759059131,0,4.0,0.0,1.0,0.0,1.0,1.0,1.0,0.0,0.0,4.0,0.0,1.0,0.0,1.0,1.0,1.0,0.0,0.0,5.0,1.0,,0.0,,earthquake,,,,,,,,
earthquake,5,4,org,4669,0.0262069506570696,0,4.0,0.0,1.0,0.0,1.0,1.0,1.0,0.0,0.0,4.0,0.0,1.0,0.0,1.0,1.0,1.0,0.0,0.0,5.0,1.0,,0.0,,earthquake,,,,,,,,
earthquake,5,4,org,6131,0.0245328322052955,0,4.0,0.0,1.0,0.0,1.0,1.0,1.0,0.0,0.0,4.0,0.0,1.0,0.0,1.0,1.0,1.0,0.0,0.0,5.0,1.0,,0.0,,earthquake,,,,,,,,
earthquake,5,4,org,2617,0.0249339481815695,0,4.0,0.0,1.0,0.0,1.0,1.0,1.0,0.0,0.0,4.0,0.0,1.0,0.0,1.0,1.0,1.0,0.0,0.0,5.0,1.0,,0.0,,earthquake,,,,,,,,
earthquake,5,4,org,7166,0.024913165718317,0,4.0,0.0,1.0,0.0,1.0,1.0,1.0,0.0,0.0,4.0,0.0,1.0,0.0,1.0,1.0,1.0,0.0,0.0,5.0,1.0,,0.0,,earthquake,,,,,,,,
earthquake,5,4,org,1428,0.0251629231497645,0,4.0,0.0,1.0,0.0,1.0,1.0,1.0,0.0,0.0,4.0,0.0,1.0,0.0,1.0,1.0,1.0,0.0,0.0,5.0,1.0,,0.0,,earthquake,,,,,,,,
earthquake,5,4,org,8328,0.0256996466778218,0,4.0,0.0,1.0,0.0,1.0,1.0,1.0,0.0,0.0,4.0,0.0,1.0,0.0,1.0,1.0,1.0,0.0,0.0,5.0,1.0,,0.0,,earthquake,,,,,,,,
earthquake,5,4,org,8289,0.0250341352075338,0,4.0,0.0,1.0,0.0,1.0,1.0,1.0,0.0,0.0,4.0,0.0,1.0,0.0,1.0,1.0,1.0,0.0,0.0,5.0,1.0,,0.0,,earthquake,,,,,,,,
earthquake,5,4,org,5978,0.0249779280275106,0,4.0,0.0,1.0,0.0,1.0,1.0,1.0,0.0,0.0,4.0,0.0,1.0,0.0,1.0,1.0,1.0,0.0,0.0,5.0,1.0,,0.0,,earthquake,,,,,,,,
earthquake,5,4,org,5511,0.0248618810437619,0,4.0,0.0,1.0,0.0,1.0,1.0,1.0,0.0,0.0,4.0,0.0,1.0,0.0,1.0,1.0,1.0,0.0,0.0,5.0,1.0,,0.0,,earthquake,,,,,,,,
earthquake,5,4,org,5864,0.0249789068475365,0,4.0,0.0,1.0,0.0,1.0,1.0,1.0,0.0,0.0,4.0,0.0,1.0,0.0,1.0,1.0,1.0,0.0,0.0,5.0,1.0,,0.0,,earthquake,,,,,,,,
earthquake,5,4,org,606,0.0379086202010512,5,5.0,0.2,1.0,0.1667,0.8,1.0,0.8889,1.0,0.0,5.0,0.2,1.0,0.1667,0.8,1.0,0.8889,1.0,0.0,14.0,0.9975105075031312,0.9814814814814816,0.913793103448276,0.9464285714285714,earthquake,,,,,,,,
earthquake,5,4,org,1933,0.0259787635877728,0,4.0,0.0,1.0,0.0,1.0,1.0,1.0,0.0,0.0,4.0,0.0,1.0,0.0,1.0,1.0,1.0,0.0,0.0,5.0,1.0,,0.0,,earthquake,,,,,,,,
earthquake,5,4,org,6071,0.0248692161403596,0,4.0,0.0,1.0,0.0,1.0,1.0,1.0,0.0,0.0,4.0,0.0,1.0,0.0,1.0,1.0,1.0,0.0,0.0,5.0,1.0,,0.0,,earthquake,,,,,,,,
earthquake,5,4,org,5504,0.0246832789853215,0,4.0,0.0,1.0,0.0,1.0,1.0,1.0,0.0,0.0,4.0,0.0,1.0,0.0,1.0,1.0,1.0,0.0,0.0,5.0,1.0,,0.0,,earthquake,,,,,,,,
earthquake,5,4,org,5163,0.0246231318451464,0,4.0,0.0,1.0,0.0,1.0,1.0,1.0,0.0,0.0,4.0,0.0,1.0,0.0,1.0,1.0,1.0,0.0,0.0,5.0,1.0,,0.0,,earthquake,,,,,,,,
earthquake,5,4,org,2406,0.0242294589988887,0,4.0,0.0,1.0,0.0,1.0,1.0,1.0,0.0,0.0,4.0,0.0,1.0,0.0,1.0,1.0,1.0,0.0,0.0,5.0,1.0,,0.0,,earthquake,,,,,,,,
earthquake,5,4,org,304,0.0245392262004315,0,4.0,0.0,1.0,0.0,1.0,1.0,1.0,0.0,0.0,4.0,0.0,1.0,0.0,1.0,1.0,1.0,0.0,0.0,5.0,1.0,,0.0,,earthquake,,,,,,,,
earthquake,5,4,org,3391,0.0246086698025465,0,4.0,0.0,1.0,0.0,1.0,1.0,1.0,0.0,0.0,4.0,0.0,1.0,0.0,1.0,1.0,1.0,0.0,0.0,5.0,1.0,,0.0,,earthquake,,,,,,,,
earthquake,5,4,org,359,0.0247685173526406,0,4.0,0.0,1.0,0.0,1.0,1.0,1.0,0.0,0.0,4.0,0.0,1.0,0.0,1.0,1.0,1.0,0.0,0.0,5.0,1.0,,0.0,,earthquake,,,,,,,,
earthquake,5,4,org,9096,0.0247131413780152,0,4.0,0.0,1.0,0.0,1.0,1.0,1.0,0.0,0.0,4.0,0.0,1.0,0.0,1.0,1.0,1.0,0.0,0.0,5.0,1.0,,0.0,,earthquake,,,,,,,,
earthquake,5,4,org,3533,0.0248697600327432,0,4.0,0.0,1.0,0.0,1.0,1.0,1.0,0.0,0.0,4.0,0.0,1.0,0.0,1.0,1.0,1.0,0.0,0.0,5.0,1.0,,0.0,,earthquake,,,,,,,,
earthquake,5,4,org,4125,0.0253126830793917,0,4.0,0.0,1.0,0.0,1.0,1.0,1.0,0.0,0.0,4.0,0.0,1.0,0.0,1.0,1.0,1.0,0.0,0.0,5.0,1.0,,0.0,,earthquake,,,,,,,,
earthquake,5,4,org,3094,0.024777001235634,0,4.0,0.0,1.0,0.0,1.0,1.0,1.0,0.0,0.0,4.0,0.0,1.0,0.0,1.0,1.0,1.0,0.0,0.0,5.0,1.0,,0.0,,earthquake,,,,,,,,
earthquake,5,4,org,6398,0.0293245208449661,0,4.0,0.0,1.0,0.0,1.0,1.0,1.0,0.0,0.0,4.0,0.0,1.0,0.0,1.0,1.0,1.0,0.0,0.0,5.0,1.0,,0.0,,earthquake,,,,,,,,
earthquake,5,4,new,7816,0.0310683138668537,0,4.0,0.0,1.0,0.0,1.0,1.0,1.0,0.0,0.0,4.0,0.0,1.0,0.0,1.0,1.0,1.0,0.0,0.0,5.0,1.0,,0.0,,earthquake,9.0,1.0,0.5625,0.72,0.0,0.0,0.0,0.0
earthquake,5,4,new,3578,0.023834295105189,0,4.0,0.0,1.0,0.0,1.0,1.0,1.0,0.0,0.0,4.0,0.0,1.0,0.0,1.0,1.0,1.0,0.0,0.0,5.0,1.0,,0.0,,earthquake,9.0,1.0,0.5625,0.72,0.0,0.0,0.0,0.0
earthquake,5,4,new,2656,0.0234815953299403,0,4.0,0.0,1.0,0.0,1.0,1.0,1.0,0.0,0.0,4.0,0.0,1.0,0.0,1.0,1.0,1.0,0.0,0.0,5.0,1.0,,0.0,,earthquake,9.0,1.0,0.5625,0.72,0.0,0.0,0.0,0.0
earthquake,5,4,new,2688,0.0243879137560725,0,4.0,0.0,1.0,0.0,1.0,1.0,1.0,0.0,0.0,4.0,0.0,1.0,0.0,1.0,1.0,1.0,0.0,0.0,5.0,1.0,,0.0,,earthquake,9.0,1.0,0.5625,0.72,0.0,0.0,0.0,0.0
earthquake,5,4,new,2494,0.026557239703834,1,4.0,0.0,1.0,0.0,1.0,1.0,1.0,0.0,0.0,4.0,0.0,1.0,0.0,1.0,1.0,1.0,0.0,0.0,5.0,1.0,1.0,1.0,1.0,earthquake,9.0,1.0,0.5625,0.72,0.0,0.0,0.0,0.0
earthquake,5,4,new,183,0.0238850242458283,0,4.0,0.0,1.0,0.0,1.0,1.0,1.0,0.0,0.0,4.0,0.0,1.0,0.0,1.0,1.0,1.0,0.0,0.0,5.0,1.0,,0.0,,earthquake,9.0,1.0,0.5625,0.72,0.0,0.0,0.0,0.0
earthquake,5,4,new,7977,0.0246194181963801,0,4.0,0.0,1.0,0.0,1.0,1.0,1.0,0.0,0.0,4.0,0.0,1.0,0.0,1.0,1.0,1.0,0.0,0.0,5.0,1.0,,0.0,,earthquake,9.0,1.0,0.5625,0.72,0.0,0.0,0.0,0.0
earthquake,5,4,new,3199,0.0308969607576727,2,4.0,0.0,1.0,0.0,1.0,1.0,1.0,0.0,0.0,4.0,0.0,1.0,0.0,1.0,1.0,1.0,0.0,0.0,5.0,1.0,1.0,1.0,1.0,earthquake,9.0,1.0,0.5625,0.72,0.0,0.0,0.0,0.0
earthquake,5,4,new,316,0.0249496372416615,0,4.0,0.0,1.0,0.0,1.0,1.0,1.0,0.0,0.0,4.0,0.0,1.0,0.0,1.0,1.0,1.0,0.0,0.0,5.0,1.0,,0.0,,earthquake,9.0,1.0,0.5625,0.72,0.0,0.0,0.0,0.0
earthquake,5,4,new,8266,0.030839123763144,2,5.0,0.2,1.0,0.1667,0.8,1.0,0.8889,1.0,0.0,5.0,0.2,1.0,0.1667,0.8,1.0,0.8889,1.0,0.0,14.0,0.999097505881862,0.9824561403508772,0.9824561403508772,0.9824561403508772,earthquake,9.0,1.0,0.5625,0.72,0.0,0.0,0.0,0.0
earthquake,5,4,new,1532,0.0364520959556102,7,4.0,0.0,1.0,0.0,1.0,1.0,1.0,0.0,0.0,4.0,0.0,1.0,0.0,1.0,1.0,1.0,0.0,0.0,5.0,0.9965682898771648,1.0,0.9074074074074074,0.9514563106796116,earthquake,9.0,1.0,0.5625,0.72,0.0,0.0,0.0,0.0
earthquake,5,4,new,1009,0.1054154727607965,53,4.0,0.25,0.75,0.1667,0.75,0.75,0.75,2.0,4.0,4.0,0.25,0.75,0.1667,0.75,0.75,0.75,2.0,4.0,13.0,0.9982517245630248,1.0,0.074074074074074,0.1379310344827586,earthquake,9.0,1.0,0.5625,0.72,0.0,0.0,0.0,0.0
earthquake,5,4,new,2250,0.0250105112791061,0,4.0,0.0,1.0,0.0,1.0,1.0,1.0,0.0,0.0,4.0,0.0,1.0,0.0,1.0,1.0,1.0,0.0,0.0,5.0,1.0,,0.0,,earthquake,9.0,1.0,0.5625,0.72,0.0,0.0,0.0,0.0
earthquake,5,4,new,4447,0.0237634349614381,0,4.0,0.0,1.0,0.0,1.0,1.0,1.0,0.0,0.0,4.0,0.0,1.0,0.0,1.0,1.0,1.0,0.0,0.0,5.0,1.0,,0.0,,earthquake,9.0,1.0,0.5625,0.72,0.0,0.0,0.0,0.0
earthquake,5,4,new,2415,0.024210755713284,0,4.0,0.0,1.0,0.0,1.0,1.0,1.0,0.0,0.0,4.0,0.0,1.0,0.0,1.0,1.0,1.0,0.0,0.0,5.0,1.0,,0.0,,earthquake,9.0,1.0,0.5625,0.72,0.0,0.0,0.0,0.0
earthquake,5,4,new,3595,0.0249276012182235,0,4.0,0.0,1.0,0.0,1.0,1.0,1.0,0.0,0.0,4.0,0.0,1.0,0.0,1.0,1.0,1.0,0.0,0.0,5.0,1.0,,0.0,,earthquake,9.0,1.0,0.5625,0.72,0.0,0.0,0.0,0.0
earthquake,5,4,new,4187,0.0348279937170445,4,4.0,0.0,1.0,0.0,1.0,1.0,1.0,0.0,0.0,4.0,0.0,1.0,0.0,1.0,1.0,1.0,0.0,0.0,5.0,0.999389732649834,1.0,0.9649122807017544,0.9821428571428572,earthquake,9.0,1.0,0.5625,0.72,0.0,0.0,0.0,0.0
earthquake,5,4,new,4135,0.0239513679407537,0,4.0,0.0,1.0,0.0,1.0,1.0,1.0,0.0,0.0,4.0,0.0,1.0,0.0,1.0,1.0,1.0,0.0,0.0,5.0,1.0,,0.0,,earthquake,9.0,1.0,0.5625,0.72,0.0,0.0,0.0,0.0
earthquake,5,4,new,5174,0.0239134225994348,0,4.0,0.0,1.0,0.0,1.0,1.0,1.0,0.0,0.0,4.0,0.0,1.0,0.0,1.0,1.0,1.0,0.0,0.0,5.0,1.0,,0.0,,earthquake,9.0,1.0,0.5625,0.72,0.0,0.0,0.0,0.0
earthquake,5,4,new,5303,0.0249066264368593,0,4.0,0.0,1.0,0.0,1.0,1.0,1.0,0.0,0.0,4.0,0.0,1.0,0.0,1.0,1.0,1.0,0.0,0.0,5.0,1.0,,0.0,,earthquake,9.0,1.0,0.5625,0.72,0.0,0.0,0.0,0.0
earthquake,5,4,new,3942,0.024055247195065,0,4.0,0.0,1.0,0.0,1.0,1.0,1.0,0.0,0.0,4.0,0.0,1.0,0.0,1.0,1.0,1.0,0.0,0.0,5.0,1.0,,0.0,,earthquake,9.0,1.0,0.5625,0.72,0.0,0.0,0.0,0.0
earthquake,5,4,new,2778,0.0239710742607712,0,4.0,0.0,1.0,0.0,1.0,1.0,1.0,0.0,0.0,4.0,0.0,1.0,0.0,1.0,1.0,1.0,0.0,0.0,5.0,1.0,,0.0,,earthquake,9.0,1.0,0.5625,0.72,0.0,0.0,0.0,0.0
earthquake,5,4,new,2804,0.0274639478884637,0,4.0,0.0,1.0,0.0,1.0,1.0,1.0,0.0,0.0,4.0,0.0,1.0,0.0,1.0,1.0,1.0,0.0,0.0,5.0,1.0,,0.0,,earthquake,9.0,1.0,0.5625,0.72,0.0,0.0,0.0,0.0
earthquake,5,4,new,2145,0.0237305029295384,0,4.0,0.0,1.0,0.0,1.0,1.0,1.0,0.0,0.0,4.0,0.0,1.0,0.0,1.0,1.0,1.0,0.0,0.0,5.0,1.0,,0.0,,earthquake,9.0,1.0,0.5625,0.72,0.0,0.0,0.0,0.0
earthquake,5,4,new,150,0.0239080432802438,0,4.0,0.0,1.0,0.0,1.0,1.0,1.0,0.0,0.0,4.0,0.0,1.0,0.0,1.0,1.0,1.0,0.0,0.0,5.0,1.0,,0.0,,earthquake,9.0,1.0,0.5625,0.72,0.0,0.0,0.0,0.0
earthquake,5,4,new,8823,0.0235160640440881,0,4.0,0.0,1.0,0.0,1.0,1.0,1.0,0.0,0.0,4.0,0.0,1.0,0.0,1.0,1.0,1.0,0.0,0.0,5.0,1.0,,0.0,,earthquake,9.0,1.0,0.5625,0.72,0.0,0.0,0.0,0.0
earthquake,5,4,new,4669,0.0240918840281665,0,4.0,0.0,1.0,0.0,1.0,1.0,1.0,0.0,0.0,4.0,0.0,1.0,0.0,1.0,1.0,1.0,0.0,0.0,5.0,1.0,,0.0,,earthquake,9.0,1.0,0.5625,0.72,0.0,0.0,0.0,0.0
earthquake,5,4,new,6131,0.0238581057637929,0,4.0,0.0,1.0,0.0,1.0,1.0,1.0,0.0,0.0,4.0,0.0,1.0,0.0,1.0,1.0,1.0,0.0,0.0,5.0,1.0,,0.0,,earthquake,9.0,1.0,0.5625,0.72,0.0,0.0,0.0,0.0
earthquake,5,4,new,2617,0.0240010828711092,0,4.0,0.0,1.0,0.0,1.0,1.0,1.0,0.0,0.0,4.0,0.0,1.0,0.0,1.0,1.0,1.0,0.0,0.0,5.0,1.0,,0.0,,earthquake,9.0,1.0,0.5625,0.72,0.0,0.0,0.0,0.0
earthquake,5,4,new,7166,0.0239064032211899,0,4.0,0.0,1.0,0.0,1.0,1.0,1.0,0.0,0.0,4.0,0.0,1.0,0.0,1.0,1.0,1.0,0.0,0.0,5.0,1.0,,0.0,,earthquake,9.0,1.0,0.5625,0.72,0.0,0.0,0.0,0.0
earthquake,5,4,new,1428,0.0236221626400947,0,4.0,0.0,1.0,0.0,1.0,1.0,1.0,0.0,0.0,4.0,0.0,1.0,0.0,1.0,1.0,1.0,0.0,0.0,5.0,1.0,,0.0,,earthquake,9.0,1.0,0.5625,0.72,0.0,0.0,0.0,0.0
earthquake,5,4,new,8328,0.023905745241791,0,4.0,0.0,1.0,0.0,1.0,1.0,1.0,0.0,0.0,4.0,0.0,1.0,0.0,1.0,1.0,1.0,0.0,0.0,5.0,1.0,,0.0,,earthquake,9.0,1.0,0.5625,0.72,0.0,0.0,0.0,0.0
earthquake,5,4,new,8289,0.0244496231898665,0,4.0,0.0,1.0,0.0,1.0,1.0,1.0,0.0,0.0,4.0,0.0,1.0,0.0,1.0,1.0,1.0,0.0,0.0,5.0,1.0,,0.0,,earthquake,9.0,1.0,0.5625,0.72,0.0,0.0,0.0,0.0
earthquake,5,4,new,5978,0.0238968110643327,0,4.0,0.0,1.0,0.0,1.0,1.0,1.0,0.0,0.0,4.0,0.0,1.0,0.0,1.0,1.0,1.0,0.0,0.0,5.0,1.0,,0.0,,earthquake,9.0,1.0,0.5625,0.72,0.0,0.0,0.0,0.0
earthquake,5,4,new,5511,0.0236888928338885,0,4.0,0.0,1.0,0.0,1.0,1.0,1.0,0.0,0.0,4.0,0.0,1.0,0.0,1.0,1.0,1.0,0.0,0.0,5.0,1.0,,0.0,,earthquake,9.0,1.0,0.5625,0.72,0.0,0.0,0.0,0.0
earthquake,5,4,new,5864,0.0241247341036796,0,4.0,0.0,1.0,0.0,1.0,1.0,1.0,0.0,0.0,4.0,0.0,1.0,0.0,1.0,1.0,1.0,0.0,0.0,5.0,1.0,,0.0,,earthquake,9.0,1.0,0.5625,0.72,0.0,0.0,0.0,0.0
earthquake,5,4,new,606,0.0351581941358745,5,5.0,0.2,1.0,0.1667,0.8,1.0,0.8889,1.0,0.0,5.0,0.2,1.0,0.1667,0.8,1.0,0.8889,1.0,0.0,14.0,0.9975105075031312,0.9814814814814816,0.913793103448276,0.9464285714285714,earthquake,9.0,1.0,0.5625,0.72,0.0,0.0,0.0,0.0
earthquake,5,4,new,1933,0.0240707350894808,0,4.0,0.0,1.0,0.0,1.0,1.0,1.0,0.0,0.0,4.0,0.0,1.0,0.0,1.0,1.0,1.0,0.0,0.0,5.0,1.0,,0.0,,earthquake,9.0,1.0,0.5625,0.72,0.0,0.0,0.0,0.0
earthquake,5,4,new,6071,0.023838069755584,0,4.0,0.0,1.0,0.0,1.0,1.0,1.0,0.0,0.0,4.0,0.0,1.0,0.0,1.0,1.0,1.0,0.0,0.0,5.0,1.0,,0.0,,earthquake,9.0,1.0,0.5625,0.72,0.0,0.0,0.0,0.0
earthquake,5,4,new,5504,0.0237108678556978,0,4.0,0.0,1.0,0.0,1.0,1.0,1.0,0.0,0.0,4.0,0.0,1.0,0.0,1.0,1.0,1.0,0.0,0.0,5.0,1.0,,0.0,,earthquake,9.0,1.0,0.5625,0.72,0.0,0.0,0.0,0.0
earthquake,5,4,new,5163,0.0239610569551587,0,4.0,0.0,1.0,0.0,1.0,1.0,1.0,0.0,0.0,4.0,0.0,1.0,0.0,1.0,1.0,1.0,0.0,0.0,5.0,1.0,,0.0,,earthquake,9.0,1.0,0.5625,0.72,0.0,0.0,0.0,0.0
earthquake,5,4,new,2406,0.0234682466834783,0,4.0,0.0,1.0,0.0,1.0,1.0,1.0,0.0,0.0,4.0,0.0,1.0,0.0,1.0,1.0,1.0,0.0,0.0,5.0,1.0,,0.0,,earthquake,9.0,1.0,0.5625,0.72,0.0,0.0,0.0,0.0
earthquake,5,4,new,304,0.0234951861202716,0,4.0,0.0,1.0,0.0,1.0,1.0,1.0,0.0,0.0,4.0,0.0,1.0,0.0,1.0,1.0,1.0,0.0,0.0,5.0,1.0,,0.0,,earthquake,9.0,1.0,0.5625,0.72,0.0,0.0,0.0,0.0
earthquake,5,4,new,3391,0.0235418519005179,0,4.0,0.0,1.0,0.0,1.0,1.0,1.0,0.0,0.0,4.0,0.0,1.0,0.0,1.0,1.0,1.0,0.0,0.0,5.0,1.0,,0.0,,earthquake,9.0,1.0,0.5625,0.72,0.0,0.0,0.0,0.0
earthquake,5,4,new,359,0.0235174470581114,0,4.0,0.0,1.0,0.0,1.0,1.0,1.0,0.0,0.0,4.0,0.0,1.0,0.0,1.0,1.0,1.0,0.0,0.0,5.0,1.0,,0.0,,earthquake,9.0,1.0,0.5625,0.72,0.0,0.0,0.0,0.0
earthquake,5,4,new,9096,0.0236888183280825,0,4.0,0.0,1.0,0.0,1.0,1.0,1.0,0.0,0.0,4.0,0.0,1.0,0.0,1.0,1.0,1.0,0.0,0.0,5.0,1.0,,0.0,,earthquake,9.0,1.0,0.5625,0.72,0.0,0.0,0.0,0.0
earthquake,5,4,new,3533,0.0235389689914882,0,4.0,0.0,1.0,0.0,1.0,1.0,1.0,0.0,0.0,4.0,0.0,1.0,0.0,1.0,1.0,1.0,0.0,0.0,5.0,1.0,,0.0,,earthquake,9.0,1.0,0.5625,0.72,0.0,0.0,0.0,0.0
earthquake,5,4,new,4125,0.0253078597597777,0,4.0,0.0,1.0,0.0,1.0,1.0,1.0,0.0,0.0,4.0,0.0,1.0,0.0,1.0,1.0,1.0,0.0,0.0,5.0,1.0,,0.0,,earthquake,9.0,1.0,0.5625,0.72,0.0,0.0,0.0,0.0
earthquake,5,4,new,3094,0.0239443518221378,0,4.0,0.0,1.0,0.0,1.0,1.0,1.0,0.0,0.0,4.0,0.0,1.0,0.0,1.0,1.0,1.0,0.0,0.0,5.0,1.0,,0.0,,earthquake,9.0,1.0,0.5625,0.72,0.0,0.0,0.0,0.0
earthquake,5,4,new,6398,0.0234316159039735,0,4.0,0.0,1.0,0.0,1.0,1.0,1.0,0.0,0.0,4.0,0.0,1.0,0.0,1.0,1.0,1.0,0.0,0.0,5.0,1.0,,0.0,,earthquake,9.0,1.0,0.5625,0.72,0.0,0.0,0.0,0.0
sachs,11,17,org,7816,5.344999435823411,70,17.0,0.2470599999999999,0.7529399999999999,0.11054,0.7529399999999999,0.7529399999999999,0.7529399999999999,4.2,19.2,17.0,0.0,1.0,0.0,0.1176,0.1176,0.1176,0.0,0.0,46.0,0.9998066283317136,1.0,0.9435318275154004,0.97094558901215,sachs,,,,,,,,
sachs,11,17,org,3578,6.061253567226231,87,16.0,0.2125,0.7411800000000001,0.08946,0.7875,0.7411800000000001,0.76366,4.4,26.4,16.0,0.0,0.9412,0.0,0.125,0.1176,0.1212,1.0,3.0,46.0,0.9997713945560296,1.0,0.9237995824634656,0.9603906673901248,sachs,,,,,,,,
sachs,11,17,org,2656,4.82485316414386,59,16.0,0.4625,0.50588,0.19472,0.5375,0.50588,0.52122,8.4,37.4,16.0,0.0,0.9412,0.0,0.125,0.1176,0.1212,1.0,1.0,40.0,0.9997136104960984,0.998875140607424,0.9477054429028816,0.972617743702081,sachs,,,,,,,,
sachs,11,17,org,2688,5.608901091851294,90,17.0,0.2,0.8,0.08946,0.8,0.8,0.8,3.4,18.4,17.0,0.0,1.0,0.0,0.1176,0.1176,0.1176,0.0,0.0,46.0,0.9995524066269424,1.0,0.9216494845360824,0.9592274678111588,sachs,,,,,,,,
sachs,11,17,org,2494,6.287512187846005,109,17.0,0.3764599999999999,0.62354,0.16842,0.62354,0.62354,0.62354,6.4,28.4,17.0,0.0,1.0,0.0,0.1176,0.1176,0.1176,0.0,0.0,46.0,0.9992947085951164,1.0,0.9095427435387674,0.952628839146278,sachs,,,,,,,,
sachs,11,17,org,183,5.922232132870704,83,17.0,0.15294,0.8470600000000001,0.0683999999999999,0.8470600000000001,0.8470600000000001,0.8470600000000001,2.6,11.0,17.0,0.0,1.0,0.0,0.1176,0.1176,0.1176,0.0,0.0,46.0,0.999856487628184,1.0,0.9282786885245902,0.9628055260361318,sachs,,,,,,,,
sachs,11,17,org,7977,4.11073207994923,34,17.0,0.22354,0.77646,0.1,0.77646,0.77646,0.77646,3.8,17.4,17.0,0.0,1.0,0.0,0.1176,0.1176,0.1176,0.0,0.0,46.0,0.9998686340712988,0.998931623931624,0.9780334728033472,0.9883720930232558,sachs,,,,,,,,
sachs,11,17,org,3199,4.046981788706034,34,16.0,0.425,0.54116,0.17894,0.575,0.54116,0.5576,7.8,42.4,16.0,0.0,0.9412,0.0,0.125,0.1176,0.1212,1.0,3.0,46.0,0.9998535788485436,1.0,0.9764957264957264,0.988108108108108,sachs,,,,,,,,
sachs,11,17,org,316,5.961842807941139,87,16.0,0.35,0.6117600000000001,0.14738,0.65,0.6117600000000001,0.63034,6.6,30.6,16.0,0.0,0.9412,0.0,0.125,0.1176,0.1212,1.0,3.0,46.0,0.9996492639161964,1.0,0.9222903885480572,0.9595744680851064,sachs,,,,,,,,
sachs,11,17,org,8266,5.821614854969084,88,16.0,0.4875,0.48236,0.20524,0.5125,0.48236,0.4969599999999999,8.8,43.4,16.0,0.0,0.9412,0.0,0.125,0.1176,0.1212,1.0,3.0,46.0,0.9996669197996196,1.0,0.9253279515640768,0.961215932914046,sachs,,,,,,,,
sachs,11,17,org,1532,6.22945087775588,100,16.0,0.2375,0.7176600000000001,0.0999999999999999,0.7625,0.7176600000000001,0.7394200000000001,4.8,25.4,16.0,0.0,0.9412,0.0,0.125,0.1176,0.1212,1.0,3.0,46.0,0.9994207601466778,1.0,0.9124748490945674,0.9542346133613888,sachs,,,,,,,,
sachs,11,17,org,1009,5.59375460492447,101,16.0,0.15,0.8,0.06314,0.85,0.8,0.82426,3.4,18.4,16.0,0.0,0.9412,0.0,0.125,0.1176,0.1212,1.0,1.0,40.0,0.9995732555595812,1.0,0.9105263157894736,0.9531680440771352,sachs,,,,,,,,
sachs,11,17,org,2250,6.392813360784203,98,17.0,0.2,0.8,0.08946,0.8,0.8,0.8,3.4,21.4,17.0,0.0,1.0,0.0,0.1176,0.1176,0.1176,0.0,0.0,46.0,0.9996301449763224,1.0,0.9195046439628484,0.9580645161290322,sachs,,,,,,,,
sachs,11,17,org,4447,6.6619413127191365,124,17.0,0.37646,0.62354,0.16842,0.62354,0.62354,0.62354,6.4,33.4,17.0,0.0,1.0,0.0,0.1176,0.1176,0.1176,0.0,0.0,46.0,0.9992527354900084,1.0,0.8931750741839762,0.9435736677115988,sachs,,,,,,,,
sachs,11,17,org,2415,7.00157931772992,108,16.0,0.275,0.6823600000000001,0.1157999999999999,0.725,0.6823600000000001,0.70306,5.4,30.4,16.0,0.125,0.8234999999999999,0.0526,0.125,0.1176,0.1212,3.0,20.0,62.0,0.9997561454238127,1.0,0.9035897435897436,0.949353448275862,sachs,,,,,,,,
sachs,11,17,org,3595,3.939074394758791,28,17.0,0.4,0.6,0.17894,0.6,0.6,0.6,6.8,34.4,17.0,0.0,1.0,0.0,0.1176,0.1176,0.1176,0.0,0.0,46.0,0.9998589831515974,0.9989594172736732,0.98159509202454,0.9902011346054668,sachs,,,,,,,,
sachs,11,17,org,4187,6.3916053753346205,91,16.0,0.475,0.49412,0.19998,0.525,0.49412,0.50908,8.6,43.0,16.0,0.0,0.9412,0.0,0.125,0.1176,0.1212,1.0,3.0,46.0,0.9997143264183058,1.0,0.91866527632951,0.957608695652174,sachs,,,,,,,,
sachs,11,17,org,4135,5.122766432818025,61,16.0,0.4625,0.50588,0.19472,0.5375,0.50588,0.52122,8.4,37.4,16.0,0.0,0.9412,0.0,0.125,0.1176,0.1212,1.0,3.0,46.0,0.9998918037473292,1.0,0.947906026557712,0.97325642370215,sachs,,,,,,,,
sachs,11,17,org,5174,6.269678682088852,91,16.0,0.4,0.5647,0.16842,0.6,0.5647,0.58184,7.4,36.4,16.0,0.0,0.9412,0.0,0.125,0.1176,0.1212,1.0,3.0,46.0,0.9997984791441634,0.9989082969432316,0.9168336673346692,0.9561128526645768,sachs,,,,,,,,
sachs,11,17,org,5303,4.710144445765764,52,16.0,0.225,0.72942,0.0947399999999999,0.775,0.72942,0.7515400000000001,4.6,25.0,16.0,0.0,0.9412,0.0,0.125,0.1176,0.1212,1.0,1.0,40.0,0.999878333920091,1.0,0.9583333333333334,0.9787234042553192,sachs,,,,,,,,
sachs,11,17,org,3942,5.554725666064769,89,16.0,0.4625,0.50588,0.19472,0.5375,0.50588,0.5212199999999999,8.4,37.4,16.0,0.0,0.9412,0.0,0.125,0.1176,0.1212,1.0,3.0,46.0,0.9996326843908188,1.0,0.923155737704918,0.960042621204049,sachs,,,,,,,,
sachs,11,17,org,2778,3.600027563981712,21,16.0,0.35,0.6117600000000001,0.14738,0.65,0.6117600000000001,0.63034,6.6,31.0,16.0,0.0,0.9412,0.0,0.125,0.1176,0.1212,1.0,1.0,40.0,0.9999359235684688,0.9989669421487604,0.9897645854657112,0.994344473007712,sachs,,,,,,,,
sachs,11,17,org,2804,6.611165424343199,123,17.0,0.10586,0.8941399999999999,0.04734,0.8941399999999999,0.8941399999999999,0.8941399999999999,1.8,4.4,17.0,0.0,1.0,0.0,0.1176,0.1176,0.1176,0.0,0.0,46.0,0.9994120489149044,1.0,0.8941532258064516,0.9441192123469933,sachs,,,,,,,,
sachs,11,17,org,2145,5.616082523949444,77,16.0,0.2375,0.7176600000000001,0.1,0.7625,0.7176600000000001,0.7394200000000001,4.8,27.4,16.0,0.0,0.9412,0.0,0.125,0.1176,0.1212,1.0,3.0,46.0,0.999729036733296,1.0,0.9303534303534304,0.9639203015616584,sachs,,,,,,,,
sachs,11,17,org,150,5.152743687853217,71,16.0,0.175,0.7764599999999999,0.0736599999999999,0.825,0.7764599999999999,0.80002,3.8,14.4,16.0,0.0,0.9412,0.0,0.125,0.1176,0.1212,1.0,3.0,46.0,0.9998668893527062,1.0,0.9419354838709676,0.9700996677740864,sachs,,,,,,,,
sachs,11,17,org,8823,7.217913360800594,67,16.0,0.2125,0.74118,0.0894599999999999,0.7875,0.74118,0.76366,4.4,26.4,16.0,0.0,0.9412,0.0,0.125,0.1176,0.1212,1.0,3.0,46.0,0.9993458458072112,0.9957627118644068,0.9428284854563692,0.9685729005667182,sachs,,,,,,,,
sachs,11,17,org,4669,4.860101155005395,64,16.0,0.4,0.5647,0.16842,0.6,0.5647,0.58184,7.4,36.4,16.0,0.0,0.9412,0.0,0.125,0.1176,0.1212,1.0,1.0,40.0,0.9996691100066332,0.998843930635838,0.9432314410480348,0.970241437394722,sachs,,,,,,,,
sachs,11,17,org,6131,4.644553471822292,64,17.0,0.4352999999999999,0.5647,0.19472,0.5647,0.5647,0.5647,7.4,39.4,17.0,0.0,1.0,0.0,0.1176,0.1176,0.1176,0.0,0.0,46.0,0.9997744890853576,1.0,0.9458631256384066,0.9721784776902888,sachs,,,,,,,,
sachs,11,17,org,2617,4.260921188630164,37,16.0,0.2125,0.7411800000000001,0.08946,0.7875,0.7411800000000001,0.76366,4.4,24.4,16.0,0.0,0.9412,0.0,0.125,0.1176,0.1212,1.0,1.0,40.0,0.9998725004408252,0.9989495798319328,0.9733879222108496,0.9860031104199066,sachs,,,,,,,,
sachs,11,17,org,7166,5.841570377815515,79,16.0,0.225,0.72942,0.0947399999999999,0.775,0.72942,0.7515400000000001,4.6,25.0,16.0,0.0,0.9412,0.0,0.125,0.1176,0.1212,1.0,1.0,40.0,0.9998781760294304,1.0,0.9304703476482618,0.9639830508474576,sachs,,,,,,,,
sachs,11,17,org,1428,5.278432482853532,74,16.0,0.1375,0.8117600000000001,0.05786,0.8625,0.8117600000000001,0.8363800000000001,3.2,14.2,16.0,0.0,0.9412,0.0,0.125,0.1176,0.1212,1.0,1.0,40.0,0.9997987418642482,1.0,0.9344432882414152,0.9661108122646584,sachs,,,,,,,,
sachs,11,17,org,8328,4.1728878621943295,31,16.0,0.3,0.65884,0.1263399999999999,0.7,0.65884,0.67882,5.8,28.4,16.0,0.0,0.9412,0.0,0.125,0.1176,0.1212,1.0,3.0,46.0,0.9998932148670894,1.0,0.9799196787148594,0.9898580121703854,sachs,,,,,,,,
sachs,11,17,org,8289,4.854391856119037,57,16.0,0.2125,0.7411800000000001,0.08946,0.7875,0.7411800000000001,0.76366,4.4,26.4,16.0,0.0,0.9412,0.0,0.125,0.1176,0.1212,1.0,3.0,46.0,0.999822409480258,1.0,0.9568788501026694,0.9779643231899264,sachs,,,,,,,,
sachs,11,17,org,5978,5.785092851147056,82,16.0,0.2875,0.6706,0.1210599999999999,0.7125,0.6706,0.69094,5.6,28.0,16.0,0.0,0.9412,0.0,0.375,0.3529,0.3636,5.0,18.0,46.0,0.9997720375918624,1.0,0.9293032786885246,0.9633563462559744,sachs,,,,,,,,
sachs,11,17,org,5511,4.935233083087951,60,16.0,0.15,0.8,0.06314,0.85,0.8,0.82426,3.4,13.4,16.0,0.0,0.9412,0.0,0.125,0.1176,0.1212,1.0,1.0,40.0,0.9998021100494414,1.0,0.9509906152241918,0.974879743452699,sachs,,,,,,,,
sachs,11,17,org,5864,4.394970247056335,43,16.0,0.15,0.8,0.06314,0.85,0.8,0.82426,3.4,11.4,16.0,0.0,0.9412,0.0,0.125,0.1176,0.1212,1.0,1.0,40.0,0.9999020914331024,1.0,0.9662921348314608,0.9828571428571428,sachs,,,,,,,,
sachs,11,17,org,606,4.2131048259325325,40,16.0,0.2375,0.7176600000000001,0.1,0.7625,0.7176600000000001,0.7394200000000001,4.8,27.4,16.0,0.0,0.9412,0.0,0.125,0.1176,0.1212,1.0,3.0,46.0,0.9999547465352604,1.0,0.96760710553814,0.9835369091874668,sachs,,,,,,,,
sachs,11,17,org,1933,6.82669337792322,60,17.0,0.22354,0.7764599999999999,0.1,0.7764599999999999,0.7764599999999999,0.7764599999999999,4.8,13.4,17.0,0.0588,0.9412,0.0263,0.1176,0.1176,0.1176,2.0,5.0,51.0,0.9996953278279048,0.9989837398373984,0.954368932038835,0.9761668321747764,sachs,,,,,,,,
sachs,11,17,org,6071,5.246665065176785,64,16.0,0.2625,0.69414,0.11054,0.7375,0.69414,0.7151799999999999,5.2,29.2,16.0,0.0,0.9412,0.0,0.375,0.3529,0.3636,5.0,18.0,46.0,0.9997399700015088,0.9989395546129376,0.9515151515151516,0.97465080186239,sachs,,,,,,,,
sachs,11,17,org,5504,4.958471687976271,63,16.0,0.2875,0.6706,0.1210599999999999,0.7125,0.6706,0.69094,5.6,28.0,16.0,0.0,0.9412,0.0,0.125,0.1176,0.1212,1.0,3.0,46.0,0.9998020619242792,1.0,0.9416058394160584,0.9699248120300752,sachs,,,,,,,,
sachs,11,17,org,5163,5.92123861098662,108,16.0,0.15,0.8,0.06314,0.85,0.8,0.82426,3.4,13.4,16.0,0.0,0.9412,0.0,0.125,0.1176,0.1212,1.0,3.0,46.0,0.9991769442722672,1.0,0.9083419155509784,0.951969778737183,sachs,,,,,,,,
sachs,11,17,org,2406,5.356702195014805,96,16.0,0.425,0.54116,0.17894,0.575,0.54116,0.5576,7.8,42.4,16.0,0.0,0.9412,0.0,0.125,0.1176,0.1212,1.0,3.0,46.0,0.9996780860566782,1.0,0.9154639175257732,0.9558665231431648,sachs,,,,,,,,
sachs,11,17,org,304,4.80786550603807,51,17.0,0.31764,0.68236,0.14212,0.68236,0.68236,0.68236,5.4,27.4,17.0,0.0,1.0,0.0,0.1176,0.1176,0.1176,0.0,0.0,46.0,0.9997894441342104,0.9989539748953976,0.9578736208625878,0.9779825908858168,sachs,,,,,,,,
sachs,11,17,org,3391,3.60492094187066,17,16.0,0.4,0.5647,0.16842,0.6,0.5647,0.58184,7.4,36.4,16.0,0.0,0.9412,0.0,0.375,0.3529,0.3636,5.0,18.0,46.0,0.9998639641443002,0.9949494949494948,0.9909456740442656,0.9929435483870968,sachs,,,,,,,,
sachs,11,17,org,359,6.188394512049854,93,16.0,0.5375,0.4352999999999999,0.2263,0.4625,0.4352999999999999,0.44846,9.6,44.0,16.0,0.0,0.9412,0.0,0.125,0.1176,0.1212,1.0,3.0,46.0,0.9996362985943746,0.9988623435722412,0.9164926931106472,0.9559063690800218,sachs,,,,,,,,
sachs,11,17,org,9096,5.227460436057299,80,17.0,0.18824,0.8117600000000001,0.0842,0.8117600000000001,0.8117600000000001,0.8117600000000001,3.2,18.2,17.0,0.0,1.0,0.0,0.1176,0.1176,0.1176,0.0,0.0,46.0,0.9996291377601816,1.0,0.9291666666666668,0.9632829373650108,sachs,,,,,,,,
sachs,11,17,org,3533,4.778621291276068,57,16.0,0.15,0.8,0.06314,0.85,0.8,0.82426,3.4,13.4,16.0,0.0,0.9412,0.0,0.125,0.1176,0.1212,1.0,3.0,46.0,0.99986270401417,1.0,0.9519918283963228,0.9754055468341184,sachs,,,,,,,,
sachs,11,17,org,4125,4.40914175612852,45,16.0,0.15,0.8,0.06314,0.85,0.8,0.82426,3.4,14.4,16.0,0.0,0.9412,0.0,0.125,0.1176,0.1212,1.0,1.0,40.0,0.9997912871285216,1.0,0.9641760491299898,0.9817613340281396,sachs,,,,,,,,
sachs,11,17,org,3094,4.5557602401822805,45,17.0,0.4352999999999999,0.5647,0.19472,0.5647,0.5647,0.5647,7.4,41.4,17.0,0.0,1.0,0.0,0.1176,0.1176,0.1176,0.0,0.0,46.0,0.999883890665902,0.998960498960499,0.9638916750250752,0.98111281265952,sachs,,,,,,,,
sachs,11,17,org,6398,5.270404867362231,73,16.0,0.175,0.7764599999999999,0.0736599999999999,0.825,0.7764599999999999,0.80002,3.8,12.4,16.0,0.0,0.9412,0.0,0.125,0.1176,0.1212,1.0,1.0,40.0,0.999839443454364,1.0,0.9385245901639344,0.9682875264270614,sachs,,,,,,,,
sachs,11,17,new,7816,4.772874565795064,70,16.0,0.2625,0.69414,0.11054,0.7375,0.69414,0.71518,5.2,27.4,16.0,0.0,0.9412,0.0,0.125,0.1176,0.1212,1.0,3.0,46.0,0.9998066283317136,1.0,0.9435318275154004,0.97094558901215,sachs,7.0,1.0,0.0752688172,0.14,5.0,0.4,0.11764705880000001,0.1818181818
sachs,11,17,new,3578,5.167065699119121,87,16.6,0.22868,0.7529399999999999,0.1,0.77132,0.7529399999999999,0.76186,4.2,20.2,16.6,0.0,0.97648,0.0,0.22056,0.21172,0.2159999999999999,2.0,7.2,46.0,0.9997713945560296,1.0,0.9237995824634656,0.9603906673901248,sachs,7.0,1.0,0.0752688172,0.14,5.0,0.4,0.11764705880000001,0.1818181818
sachs,11,17,new,2656,4.300022517796606,59,16.4,0.37794,0.6,0.16316,0.6220600000000001,0.6,0.6107199999999999,6.8,31.0,16.4,0.0,0.96472,0.0,0.12204,0.1176,0.11976,0.6,1.8,46.0,0.9997136104960984,0.998875140607424,0.9477054429028816,0.972617743702081,sachs,7.0,1.0,0.0752688172,0.14,5.0,0.4,0.11764705880000001,0.1818181818
sachs,11,17,new,2688,4.895532439928502,90,16.0,0.2,0.75294,0.0842,0.8,0.75294,0.77578,4.2,17.2,16.0,0.0,0.9412,0.0,0.125,0.1176,0.1212,1.0,3.0,46.0,0.9995524066269424,1.0,0.9216494845360824,0.9592274678111588,sachs,7.0,1.0,0.0752688172,0.14,5.0,0.4,0.11764705880000001,0.1818181818
sachs,11,17,new,2494,5.277258253656328,109,16.8,0.17868,0.8117599999999999,0.0789199999999999,0.82132,0.8117599999999999,0.8164,3.2,17.0,16.8,0.0,0.98824,0.0,0.16908,0.16466,0.1668,1.0,3.6,46.0,0.9992947085951164,1.0,0.9095427435387674,0.952628839146278,sachs,7.0,1.0,0.0752688172,0.14,5.0,0.4,0.11764705880000001,0.1818181818
sachs,11,17,new,183,5.076541045214981,83,16.0,0.275,0.68236,0.1157999999999999,0.725,0.68236,0.70306,5.4,27.6,16.0,0.0,0.9412,0.0,0.125,0.1176,0.1212,1.0,3.0,46.0,0.999856487628184,1.0,0.9282786885245902,0.9628055260361318,sachs,7.0,1.0,0.0752688172,0.14,5.0,0.4,0.11764705880000001,0.1818181818
sachs,11,17,new,7977,3.7102685729041696,34,17.0,0.21178,0.78822,0.09472,0.78822,0.78822,0.78822,3.6,21.4,17.0,0.0,1.0,0.0,0.1176,0.1176,0.1176,0.0,0.0,46.0,0.9998686340712988,0.998931623931624,0.9780334728033472,0.9883720930232558,sachs,7.0,1.0,0.0752688172,0.14,5.0,0.4,0.11764705880000001,0.1818181818
sachs,11,17,new,3199,3.473855088930577,34,16.2,0.32132,0.64706,0.13684,0.67868,0.64706,0.66242,6.0,28.0,16.2,0.0,0.95296,0.0,0.32352,0.30584,0.3143999999999999,4.0,14.4,46.0,0.9998535788485436,1.0,0.9764957264957264,0.988108108108108,sachs,7.0,1.0,0.0752688172,0.14,5.0,0.4,0.11764705880000001,0.1818181818
sachs,11,17,new,316,5.226103873923421,87,16.0,0.3375,0.62354,0.1421199999999999,0.6625,0.62354,0.64246,6.4,29.8,16.0,0.0,0.9412,0.0,0.125,0.1176,0.1212,1.0,3.0,46.0,0.9996492639161964,1.0,0.9222903885480572,0.9595744680851064,sachs,7.0,1.0,0.0752688172,0.14,5.0,0.4,0.11764705880000001,0.1818181818
sachs,11,17,new,8266,4.98722805082798,88,17.0,0.25882,0.7411800000000001,0.1157999999999999,0.7411800000000001,0.7411800000000001,0.7411800000000001,4.4,23.8,17.0,0.0,1.0,0.0,0.1176,0.1176,0.1176,0.0,0.0,46.0,0.9996669197996196,1.0,0.9253279515640768,0.961215932914046,sachs,7.0,1.0,0.0752688172,0.14,5.0,0.4,0.11764705880000001,0.1818181818
sachs,11,17,new,1532,5.307930066715926,100,16.0,0.1375,0.8117599999999999,0.05786,0.8625,0.8117599999999999,0.8363800000000001,3.2,9.8,16.0,0.0,0.9412,0.0,0.125,0.1176,0.1212,1.0,3.0,46.0,0.9994207601466778,1.0,0.9124748490945674,0.9542346133613888,sachs,7.0,1.0,0.0752688172,0.14,5.0,0.4,0.11764705880000001,0.1818181818
sachs,11,17,new,1009,4.800186529755592,101,17.0,0.2470599999999999,0.7529399999999999,0.11054,0.7529399999999999,0.7529399999999999,0.7529399999999999,4.2,22.2,17.0,0.0,1.0,0.0,0.1176,0.1176,0.1176,0.0,0.0,46.0,0.9995732555595812,1.0,0.9105263157894736,0.9531680440771352,sachs,7.0,1.0,0.0752688172,0.14,5.0,0.4,0.11764705880000001,0.1818181818
sachs,11,17,new,2250,5.436020466033369,98,16.0,0.3375,0.62354,0.14212,0.6625,0.62354,0.64246,6.4,30.6,16.0,0.0,0.9412,0.0,0.375,0.3529,0.3636,5.0,18.0,46.0,0.9996301449763224,1.0,0.9195046439628484,0.9580645161290322,sachs,7.0,1.0,0.0752688172,0.14,5.0,0.4,0.11764705880000001,0.1818181818
sachs,11,17,new,4447,5.657581931911409,124,16.4,0.20662,0.7647,0.0894799999999999,0.79338,0.7647,0.77862,4.0,21.4,16.4,0.0,0.96472,0.0,0.12204,0.1176,0.11976,0.6,1.8,46.0,0.9992527354900084,1.0,0.8931750741839762,0.9435736677115988,sachs,7.0,1.0,0.0752688172,0.14,5.0,0.4,0.11764705880000001,0.1818181818
sachs,11,17,new,2415,5.8049720278941095,108,16.0,0.325,0.6353,0.1368599999999999,0.675,0.6353,0.6545799999999999,6.2,33.4,16.0,0.125,0.8234999999999999,0.0526,0.125,0.1176,0.1212,3.0,22.0,62.0,0.9997561454238127,1.0,0.9035897435897436,0.949353448275862,sachs,7.0,1.0,0.0752688172,0.14,5.0,0.4,0.11764705880000001,0.1818181818
sachs,11,17,new,3595,3.500698311254382,28,16.4,0.3073599999999999,0.67058,0.1315799999999999,0.69264,0.67058,0.6813,5.6,26.8,16.4,0.0,0.96472,0.0,0.12204,0.1176,0.11976,0.6,1.8,46.0,0.9998589831515974,0.9989594172736732,0.98159509202454,0.9902011346054668,sachs,7.0,1.0,0.0752688172,0.14,5.0,0.4,0.11764705880000001,0.1818181818
sachs,11,17,new,4187,4.861826189793646,91,16.6,0.16838,0.8117599999999999,0.0736599999999999,0.83162,0.8117599999999999,0.8214,3.2,12.2,16.6,0.0,0.97648,0.0,0.12056,0.1176,0.1190399999999999,0.4,1.2,46.0,0.9997143264183058,1.0,0.91866527632951,0.957608695652174,sachs,7.0,1.0,0.0752688172,0.14,5.0,0.4,0.11764705880000001,0.1818181818
sachs,11,17,new,4135,4.402179390192032,61,17.0,0.2470599999999999,0.7529399999999999,0.11054,0.7529399999999999,0.7529399999999999,0.7529399999999999,4.2,22.2,17.0,0.0,1.0,0.0,0.1176,0.1176,0.1176,0.0,0.0,46.0,0.9998918037473292,1.0,0.947906026557712,0.97325642370215,sachs,7.0,1.0,0.0752688172,0.14,5.0,0.4,0.11764705880000001,0.1818181818
sachs,11,17,new,5174,5.386671009007841,91,16.4,0.37794,0.6,0.16316,0.6220600000000001,0.6,0.6107199999999999,6.8,31.0,16.4,0.0,0.96472,0.0,0.12204,0.1176,0.11976,0.6,1.8,46.0,0.9997984791441634,0.9989082969432316,0.9168336673346692,0.9561128526645768,sachs,7.0,1.0,0.0752688172,0.14,5.0,0.4,0.11764705880000001,0.1818181818
sachs,11,17,new,5303,3.882314826827496,52,17.0,0.14116,0.85884,0.06314,0.85884,0.85884,0.85884,2.4,8.2,17.0,0.0,1.0,0.0,0.1176,0.1176,0.1176,0.0,0.0,46.0,0.999878333920091,1.0,0.9583333333333334,0.9787234042553192,sachs,7.0,1.0,0.0752688172,0.14,5.0,0.4,0.11764705880000001,0.1818181818
sachs,11,17,new,3942,4.817377324681729,89,16.0,0.2125,0.7411800000000001,0.0894599999999999,0.7875,0.7411800000000001,0.76366,4.4,21.8,16.0,0.0,0.9412,0.0,0.125,0.1176,0.1212,1.0,3.0,46.0,0.9996326843908188,1.0,0.923155737704918,0.960042621204049,sachs,7.0,1.0,0.0752688172,0.14,5.0,0.4,0.11764705880000001,0.1818181818
sachs,11,17,new,2778,3.313864250667393,21,16.8,0.27206,0.7176400000000001,0.12104,0.72794,0.7176400000000001,0.72264,4.8,22.8,16.8,0.0,0.98824,0.0,0.1190799999999999,0.1176,0.11832,0.2,0.6,46.0,0.9999359235684688,0.9989669421487604,0.9897645854657112,0.994344473007712,sachs,7.0,1.0,0.0752688172,0.14,5.0,0.4,0.11764705880000001,0.1818181818
sachs,11,17,new,2804,5.518955639563501,123,16.0,0.3,0.6588399999999999,0.12634,0.7,0.6588399999999999,0.67882,5.8,28.0,16.0,0.0,0.9412,0.0,0.225,0.21172,0.21816,2.6,9.0,46.0,0.9994120489149044,1.0,0.8941532258064516,0.9441192123469933,sachs,7.0,1.0,0.0752688172,0.14,5.0,0.4,0.11764705880000001,0.1818181818
sachs,11,17,new,2145,4.767125144135207,77,16.0,0.2125,0.7411800000000001,0.08946,0.7875,0.7411800000000001,0.76366,4.4,24.6,16.0,0.0,0.9412,0.0,0.125,0.1176,0.1212,1.0,3.0,46.0,0.999729036733296,1.0,0.9303534303534304,0.9639203015616584,sachs,7.0,1.0,0.0752688172,0.14,5.0,0.4,0.11764705880000001,0.1818181818
sachs,11,17,new,150,4.288829604163766,71,16.0,0.2625,0.69414,0.11054,0.7375,0.69414,0.71518,5.2,27.4,16.0,0.0,0.9412,0.0,0.125,0.1176,0.1212,1.0,3.0,46.0,0.9998668893527062,1.0,0.9419354838709676,0.9700996677740864,sachs,7.0,1.0,0.0752688172,0.14,5.0,0.4,0.11764705880000001,0.1818181818
sachs,11,17,new,8823,5.964725319761783,67,17.0,0.3764599999999999,0.62354,0.16842,0.62354,0.62354,0.62354,6.4,29.8,17.0,0.0,1.0,0.0,0.1176,0.1176,0.1176,0.0,0.0,46.0,0.9993458458072112,0.9957627118644068,0.9428284854563692,0.9685729005667182,sachs,7.0,1.0,0.0752688172,0.14,5.0,0.4,0.11764705880000001,0.1818181818
sachs,11,17,new,4669,4.015589184127748,64,16.0,0.275,0.68236,0.1157999999999999,0.725,0.68236,0.70306,5.4,26.8,16.0,0.0,0.9412,0.0,0.375,0.3529,0.3636,5.0,18.0,46.0,0.9996691100066332,0.998843930635838,0.9432314410480348,0.970241437394722,sachs,7.0,1.0,0.0752688172,0.14,5.0,0.4,0.11764705880000001,0.1818181818
sachs,11,17,new,6131,4.079516356345266,64,17.0,0.14116,0.85884,0.06314,0.85884,0.85884,0.85884,2.4,12.4,17.0,0.0,1.0,0.0,0.1176,0.1176,0.1176,0.0,0.0,46.0,0.9997744890853576,1.0,0.9458631256384066,0.9721784776902888,sachs,7.0,1.0,0.0752688172,0.14,5.0,0.4,0.11764705880000001,0.1818181818
sachs,11,17,new,2617,3.746252684853971,37,16.4,0.37794,0.6,0.16316,0.6220600000000001,0.6,0.6107199999999999,6.8,31.0,16.4,0.0,0.96472,0.0,0.12204,0.1176,0.11976,0.6,1.8,46.0,0.9998725004408252,0.9989495798319328,0.9733879222108496,0.9860031104199066,sachs,7.0,1.0,0.0752688172,0.14,5.0,0.4,0.11764705880000001,0.1818181818
sachs,11,17,new,7166,4.981777231674641,79,17.0,0.24706,0.75294,0.11054,0.75294,0.75294,0.75294,4.2,24.4,17.0,0.0,1.0,0.0,0.1176,0.1176,0.1176,0.0,0.0,46.0,0.9998781760294304,1.0,0.9304703476482618,0.9639830508474576,sachs,7.0,1.0,0.0752688172,0.14,5.0,0.4,0.11764705880000001,0.1818181818
sachs,11,17,new,1428,4.559546134900302,74,16.8,0.2139799999999999,0.77646,0.09472,0.7860199999999999,0.77646,0.7811000000000001,3.8,23.0,16.8,0.0,0.98824,0.0,0.1190799999999999,0.1176,0.11832,0.2,0.6,46.0,0.9997987418642482,1.0,0.9344432882414152,0.9661108122646584,sachs,7.0,1.0,0.0752688172,0.14,5.0,0.4,0.11764705880000001,0.1818181818
sachs,11,17,new,8328,3.66259252699092,31,16.0,0.225,0.72942,0.0947399999999999,0.775,0.72942,0.7515400000000001,4.6,23.8,16.0,0.0,0.9412,0.0,0.125,0.1176,0.1212,1.0,3.0,46.0,0.9998932148670894,1.0,0.9799196787148594,0.9898580121703854,sachs,7.0,1.0,0.0752688172,0.14,5.0,0.4,0.11764705880000001,0.1818181818
sachs,11,17,new,8289,4.129169169347733,57,17.0,0.15294,0.8470599999999999,0.0683999999999999,0.8470599999999999,0.8470599999999999,0.8470599999999999,2.6,8.4,17.0,0.0,1.0,0.0,0.1176,0.1176,0.1176,0.0,0.0,46.0,0.999822409480258,1.0,0.9568788501026694,0.9779643231899264,sachs,7.0,1.0,0.0752688172,0.14,5.0,0.4,0.11764705880000001,0.1818181818
sachs,11,17,new,5978,4.978871502913535,82,17.0,0.18824,0.8117599999999999,0.0842,0.8117599999999999,0.8117599999999999,0.8117599999999999,3.2,16.0,17.0,0.0,1.0,0.0,0.1176,0.1176,0.1176,0.0,0.0,46.0,0.9997720375918624,1.0,0.9293032786885246,0.9633563462559744,sachs,7.0,1.0,0.0752688172,0.14,5.0,0.4,0.11764705880000001,0.1818181818
sachs,11,17,new,5511,4.118125194683671,60,16.0,0.2,0.75294,0.0842,0.8,0.75294,0.77578,4.2,17.2,16.0,0.0,0.9412,0.0,0.125,0.1176,0.1212,1.0,3.0,46.0,0.9998021100494414,1.0,0.9509906152241918,0.974879743452699,sachs,7.0,1.0,0.0752688172,0.14,5.0,0.4,0.11764705880000001,0.1818181818
sachs,11,17,new,5864,3.9483801182359457,43,16.0,0.275,0.68236,0.1157999999999999,0.725,0.68236,0.70306,5.4,27.6,16.0,0.0,0.9412,0.0,0.125,0.1176,0.1212,1.0,3.0,46.0,0.9999020914331024,1.0,0.9662921348314608,0.9828571428571428,sachs,7.0,1.0,0.0752688172,0.14,5.0,0.4,0.11764705880000001,0.1818181818
sachs,11,17,new,606,3.740996951702982,40,17.0,0.2588199999999999,0.74118,0.1157999999999999,0.74118,0.74118,0.74118,4.4,24.6,17.0,0.0,1.0,0.0,0.1176,0.1176,0.1176,0.0,0.0,46.0,0.9999547465352604,1.0,0.96760710553814,0.9835369091874668,sachs,7.0,1.0,0.0752688172,0.14,5.0,0.4,0.11764705880000001,0.1818181818
sachs,11,17,new,1933,5.903950370848179,60,17.0,0.1647,0.8352999999999999,0.0736599999999999,0.8352999999999999,0.8352999999999999,0.8352999999999999,2.8,12.0,17.0,0.0,1.0,0.0,0.1176,0.1176,0.1176,0.0,0.0,46.0,0.9996953278279048,0.9989837398373984,0.954368932038835,0.9761668321747764,sachs,7.0,1.0,0.0752688172,0.14,5.0,0.4,0.11764705880000001,0.1818181818
sachs,11,17,new,6071,4.59891204489395,64,16.4,0.25588,0.7176600000000001,0.11054,0.7441199999999999,0.7176600000000001,0.7304999999999999,4.8,27.0,16.4,0.0,0.96472,0.0,0.2720399999999999,0.2587799999999999,0.2652,3.0,10.8,46.0,0.9997399700015088,0.9989395546129376,0.9515151515151516,0.97465080186239,sachs,7.0,1.0,0.0752688172,0.14,5.0,0.4,0.11764705880000001,0.1818181818
sachs,11,17,new,5504,3.989454454276711,63,16.0,0.2875,0.67058,0.12104,0.7125,0.67058,0.6909400000000001,5.6,27.0,16.0,0.0,0.9412,0.0,0.125,0.1176,0.1212,1.0,3.0,46.0,0.9998020619242792,1.0,0.9416058394160584,0.9699248120300752,sachs,7.0,1.0,0.0752688172,0.14,5.0,0.4,0.11764705880000001,0.1818181818
sachs,11,17,new,5163,5.015096764080226,108,16.6,0.1808799999999999,0.8,0.0789399999999999,0.8191200000000001,0.8,0.80928,3.4,19.4,16.6,0.0,0.97648,0.0,0.12056,0.1176,0.11904,0.4,1.2,46.0,0.9991769442722672,1.0,0.9083419155509784,0.951969778737183,sachs,7.0,1.0,0.0752688172,0.14,5.0,0.4,0.11764705880000001,0.1818181818
sachs,11,17,new,2406,4.648468545638025,96,17.0,0.2,0.8,0.08946,0.8,0.8,0.8,3.4,21.6,17.0,0.0,1.0,0.0,0.1176,0.1176,0.1176,0.0,0.0,46.0,0.9996780860566782,1.0,0.9154639175257732,0.9558665231431648,sachs,7.0,1.0,0.0752688172,0.14,5.0,0.4,0.11764705880000001,0.1818181818
sachs,11,17,new,304,3.9950647009536624,51,17.0,0.1294,0.8705999999999999,0.05786,0.8705999999999999,0.8705999999999999,0.8705999999999999,2.2,8.0,17.0,0.0,1.0,0.0,0.1176,0.1176,0.1176,0.0,0.0,46.0,0.9997894441342104,0.9989539748953976,0.9578736208625878,0.9779825908858168,sachs,7.0,1.0,0.0752688172,0.14,5.0,0.4,0.11764705880000001,0.1818181818
sachs,11,17,new,3391,3.234925668220967,17,16.4,0.2323599999999999,0.7411800000000001,0.0999999999999999,0.76764,0.7411800000000001,0.75402,4.4,20.8,16.4,0.0,0.96472,0.0,0.2720399999999999,0.2587799999999999,0.2652,3.0,10.8,46.0,0.9998639641443002,0.9949494949494948,0.9909456740442656,0.9929435483870968,sachs,7.0,1.0,0.0752688172,0.14,5.0,0.4,0.11764705880000001,0.1818181818
sachs,11,17,new,359,5.058541303966194,93,16.4,0.2323599999999999,0.7411800000000001,0.1,0.76764,0.7411800000000001,0.75402,4.4,25.8,16.4,0.0,0.96472,0.0,0.12204,0.1176,0.11976,0.6,1.8,46.0,0.9996362985943746,0.9988623435722412,0.9164926931106472,0.9559063690800218,sachs,7.0,1.0,0.0752688172,0.14,5.0,0.4,0.11764705880000001,0.1818181818
sachs,11,17,new,9096,4.488366131670773,80,17.0,0.29412,0.70588,0.1315799999999999,0.70588,0.70588,0.70588,5.0,24.4,17.0,0.0,1.0,0.0,0.1176,0.1176,0.1176,0.0,0.0,46.0,0.9996291377601816,1.0,0.9291666666666668,0.9632829373650108,sachs,7.0,1.0,0.0752688172,0.14,5.0,0.4,0.11764705880000001,0.1818181818
sachs,11,17,new,3533,4.038951460272074,57,16.8,0.19044,0.8,0.0842,0.80956,0.8,0.80464,3.4,16.4,16.8,0.0,0.98824,0.0,0.1190799999999999,0.1176,0.11832,0.2,0.6,46.0,0.99986270401417,1.0,0.9519918283963228,0.9754055468341184,sachs,7.0,1.0,0.0752688172,0.14,5.0,0.4,0.11764705880000001,0.1818181818
sachs,11,17,new,4125,3.852279767859727,45,17.0,0.2470599999999999,0.7529399999999999,0.11054,0.7529399999999999,0.7529399999999999,0.7529399999999999,4.2,22.2,17.0,0.0,1.0,0.0,0.1176,0.1176,0.1176,0.0,0.0,46.0,0.9997912871285216,1.0,0.9641760491299898,0.9817613340281396,sachs,7.0,1.0,0.0752688172,0.14,5.0,0.4,0.11764705880000001,0.1818181818
sachs,11,17,new,3094,4.090770317707211,45,16.2,0.2227999999999999,0.7411800000000001,0.09472,0.7772,0.7411800000000001,0.7586600000000001,4.4,20.8,16.2,0.0,0.95296,0.0,0.27352,0.2587799999999999,0.26592,3.2,11.4,46.0,0.999883890665902,0.998960498960499,0.9638916750250752,0.98111281265952,sachs,7.0,1.0,0.0752688172,0.14,5.0,0.4,0.11764705880000001,0.1818181818
sachs,11,17,new,6398,4.5166048291139305,73,16.0,0.3125,0.64706,0.1315799999999999,0.6875,0.64706,0.6667,6.0,27.4,16.0,0.0,0.9412,0.0,0.375,0.3529,0.3636,5.0,18.0,46.0,0.999839443454364,1.0,0.9385245901639344,0.9682875264270614,sachs,7.0,1.0,0.0752688172,0.14,5.0,0.4,0.11764705880000001,0.1818181818
